id,symbol,name,image,market_cap,market_cap_rank,circulating_supply,total_supply,max_supply,ath,ath_date,atl,atl_date
bitcoin,btc,Bitcoin,https://coin-images.coingecko.com/coins/images/1/large/bitcoin.png?1696501400,1669716032796,1,20090909,20090909,21000000,126080,2025-10-06T10:57:42.000Z,67.81,2013-07-05T16:00:00.000Z
ethereum,eth,Ethereum,https://coin-images.coingecko.com/coins/images/279/large/ethereum.png?1696501628,325210820983,2,122092940.74905182,122092940.7490518,,4946.05,2025-08-24T11:21:03.000Z,0.432979,2015-10-19T16:00:00.000Z
tether,usdt,Tether,https://coin-images.coingecko.com/coins/images/325/large/Tether.png?1696501661,183811434320,3,183870584013.1206,189337530060.8262,,1.32,2018-07-23T16:00:00.000Z,0.572521,2015-03-01T16:00:00.000Z
binancecoin,bnb,BNB,https://coin-images.coingecko.com/coins/images/825/large/bnb-icon2_2x.png?1696501970,101107734815,4,133159522.71,133159519.27,200000000,1369.99,2025-10-13T00:41:24.000Z,0.0398177,2017-10-18T16:00:00.000Z
ripple,xrp,XRP,https://coin-images.coingecko.com/coins/images/44/large/xrp-symbol-white-128.png?1696501442,94539164932,5,63092975951,99985612577,100000000000,3.65,2025-07-17T19:40:53.000Z,0.00268621,2014-05-21T16:00:00.000Z
usd-coin,usdc,USDC,https://coin-images.coingecko.com/coins/images/6319/large/USDC.png?1769615602,74360142663,6,74370025077.78792,74384861552.06232,,1.043,2018-11-14T16:00:00.000Z,0.877647,2023-03-11T00:02:13.000Z
solana,sol,Solana,https://coin-images.coingecko.com/coins/images/4128/large/solana.png?1718769756,69650687362,7,587934793.4786396,634996479.8746465,,293.31,2025-01-19T03:15:27.000Z,0.500801,2020-05-11T11:35:23.000Z
tron,trx,TRON,https://coin-images.coingecko.com/coins/images/1094/large/photo_2026-04-13_09-59-16.png?1776048311,32039482070,8,94975576727.37929,94975638295.96658,,0.431288,2024-12-03T16:10:40.000Z,0.00180434,2017-11-11T16:00:00.000Z
figure-heloc,figr_heloc,Figure Heloc,https://coin-images.coingecko.com/coins/images/68480/large/figure.png?1755863954,23955728964,9,23265196545.668,23265196545.668,,1.062,2026-09-27T13:07:30.000Z,0.155357,2025-10-31T06:27:24.000Z
zcash,zec,Zcash,https://coin-images.coingecko.com/coins/images/486/large/Brandmark-Yellow_%281%29.png?1785810558,23617978913,10,16960081.4155448,16960142.3530448,21000000,3191.93,2016-10-28T16:00:00.000Z,16.08,2024-07-04T20:22:29.000Z
hyperliquid,hype,Hyperliquid,https://coin-images.coingecko.com/coins/images/50882/large/hyperliquid.jpg?1729431300,19011810309,11,222445714.07414138,955307079.4341414,1000000000,97.96,2026-09-23T05:16:50.000Z,3.81,2024-11-29T01:30:30.000Z
dogecoin,doge,Dogecoin,https://coin-images.coingecko.com/coins/images/5/large/dogecoin.png?1696501409,14568551831,12,156125946383.7052,171838283126.579,,0.731578,2021-05-07T21:08:23.000Z,0.0000869,2015-05-05T16:00:00.000Z
chainlink,link,Chainlink,https://coin-images.coingecko.com/coins/images/877/large/Chainlink_Logo_500.png?1760023405,10728855615,13,748099970.424884,1000000000,1000000000,52.7,2021-05-09T16:13:57.000Z,0.148183,2017-11-28T16:00:00.000Z
monero,xmr,Monero,https://coin-images.coingecko.com/coins/images/69/large/monero_logo.png?1696501460,10151702967,14,18811293.073402375,18811305.07339614,,797.73,2026-01-14T11:34:07.000Z,0.216177,2015-01-13T16:00:00.000Z
usds,usds,USDS,https://coin-images.coingecko.com/coins/images/39926/large/usds.webp?1726666683,9985442398,15,9986832027.046907,9985402156.229084,,1.057,2024-10-28T21:40:51.000Z,0.948265,2024-10-03T05:19:28.000Z
whitebit,wbt,WhiteBIT Coin,https://coin-images.coingecko.com/coins/images/27045/large/wbt_token.png?1696526096,9873116906,16,118852171,293421670,400000000,87.91,2026-09-21T20:29:10.000Z,3.06,2023-02-13T11:01:21.000Z
cardano,ada,Cardano,https://coin-images.coingecko.com/coins/images/975/large/cardano.png?1696502090,9134626086,17,37535193928.91081,45000000000,45000000000,3.09,2021-09-01T22:00:10.000Z,0.01925275,2020-03-12T18:22:55.000Z
rain,rain,Rain,https://coin-images.coingecko.com/coins/images/69134/large/Rain_logo_1_.png?1762952191,8832367405,18,709245888046.8319,1142408526965.963,1150000000000,0.01946402,2026-08-25T19:53:00.000Z,0.00222126,2025-09-14T00:56:57.000Z
leo-token,leo,LEO Token,https://coin-images.coingecko.com/coins/images/8418/large/leo-token.png?1696508607,8324277725,19,919857851.9,985239504,,10.61,2026-05-04T09:35:00.000Z,0.799859,2019-12-24T07:14:35.000Z
stellar,xlm,Stellar,https://coin-images.coingecko.com/coins/images/100/large/fmpFRHHQ_400x400.jpg?1735231350,7774614479,20,35021218701.704285,50001786839.69947,,0.875563,2018-01-02T16:00:00.000Z,0.00047612,2015-03-04T16:00:00.000Z
near,near,NEAR Protocol,https://coin-images.coingecko.com/coins/images/10365/large/near.jpg?1696510367,6433760037,21,1307687693,1307687679,,20.44,2022-01-16T14:09:45.000Z,0.526762,2020-11-04T08:09:15.000Z
bitcoin-cash,bch,Bitcoin Cash,https://coin-images.coingecko.com/coins/images/780/large/bitcoin-cash-circle.png?1696501932,6138145115,22,20096256.14665077,20096259.27165077,21000000,3785.82,2017-12-19T16:00:00.000Z,76.93,2018-12-15T16:00:00.000Z
uniswap,uni,Uniswap,https://coin-images.coingecko.com/coins/images/12504/large/uniswap-logo.png?1720676669,5451580052,23,620362422.6104751,887610418.9163101,1000000000,44.92,2021-05-02T21:25:04.000Z,1.03,2020-09-16T17:20:38.000Z
litecoin,ltc,Litecoin,https://coin-images.coingecko.com/coins/images/2/large/litecoin.png?1696501400,5199740460,24,77662842.0453162,77665567.05243234,84000000,410.26,2021-05-09T19:13:07.000Z,1.15,2015-01-13T16:00:00.000Z
canton-network,cc,Canton,https://coin-images.coingecko.com/coins/images/70468/large/Canton-Ticker_%281%29.png?1762826299,4971318016,25,39724817274.69045,39724817274.69045,,0.194152,2026-02-03T00:02:08.000Z,0.059024,2025-12-06T02:32:09.000Z
avalanche-2,avax,Avalanche,https://coin-images.coingecko.com/coins/images/12559/large/Avalanche_Circle_RedWhite_Trans.png?1696512369,4947281344,26,443096477.4804134,469765285.3191989,720000000,144.96,2021-11-21T06:18:56.000Z,2.8,2020-12-31T05:15:21.000Z
ethena-usde,usde,Ethena USDe,https://coin-images.coingecko.com/coins/images/33613/large/usde.png?1733810059,4903150924,27,4904524407.178404,4904524407.178404,,1.034,2025-12-09T09:10:12.000Z,0.929486,2024-10-03T23:57:15.000Z
sui,sui,Sui,https://coin-images.coingecko.com/coins/images/26375/large/sui-ocean-square.png?1727791290,4775443658,28,4096537146.5409594,10000000000,10000000000,5.35,2025-01-04T14:56:18.000Z,0.364846,2023-10-19T02:40:30.000Z
dai,dai,Dai,https://coin-images.coingecko.com/coins/images/9956/large/Badge_Dai.png?1696509996,4581203525,29,4580537237.319614,4584852748.738462,,1.22,2020-03-12T19:02:50.000Z,0.88196,2023-03-10T23:50:50.000Z
hedera-hashgraph,hbar,Hedera,https://coin-images.coingecko.com/coins/images/3688/large/hbar.png?1696504364,4578171297,30,43831706393.35206,50000000000,50000000000,0.569229,2021-09-15T02:40:28.000Z,0.00986111,2020-01-02T09:30:24.000Z
usd1-wlfi,usd1,USD1,https://coin-images.coingecko.com/coins/images/54977/large/USD1_1000x1000_transparent.png?1749297002,4415327082,31,4418501462.360119,4418501462.099514,,1.048,2026-07-09T10:14:50.000Z,0.988762,2026-07-09T09:13:20.000Z
quant-network,qnt,Quant,https://coin-images.coingecko.com/coins/images/3370/large/5ZOu7brX_400x400.jpg?1696504070,4274818313,32,14544176.164081175,14612493,14612493,427.42,2021-09-11T01:15:00.000Z,0.215773,2018-08-22T16:00:00.000Z
the-open-network,gram,Gram (prev. Toncoin),https://coin-images.coingecko.com/coins/images/17980/large/Gram_Circular_Badge.png?1781524778,4194957575,33,2816086555.514481,5257931954.715763,,8.25,2024-06-14T16:36:51.000Z,0.519364,2021-09-20T16:33:11.000Z
bittensor,tao,Bittensor,https://coin-images.coingecko.com/coins/images/28452/large/ARUsPeNQ_400x400.jpeg?1696527447,3429405381,34,11339645.9251,21000000,21000000,757.6,2024-03-07T10:45:36.000Z,30.83,2023-05-14T00:57:53.000Z
shiba-inu,shib,Shiba Inu,https://coin-images.coingecko.com/coins/images/11939/large/shiba.png?1696511800,3394052869,35,589238881717090.5,589496063978280.8,,0.00008616,2021-10-27T19:54:55.000Z,5.6366e-11,2020-11-28T03:26:25.000Z
tether-gold,xaut,Tether Gold,https://coin-images.coingecko.com/coins/images/10481/large/logo.png?1774627372,3381057460,36,808994.63,827417.63,,5504.62,2026-01-28T16:00:00.000Z,1447.84,2020-03-19T05:45:41.000Z
crypto-com-chain,cro,Cronos,https://coin-images.coingecko.com/coins/images/7310/large/cro_token_logo.png?1696507599,3317514814,37,49752295623.153564,98952345439.71887,100000000000,0.891544,2021-11-23T16:00:00.000Z,0.0121196,2019-02-07T16:00:00.000Z
global-dollar,usdg,Global Dollar,https://coin-images.coingecko.com/coins/images/51281/large/GDN_USDG_Token_200x200.png?1730484111,3170335583,38,3169996248.275739,3169996248.275739,,1.65,2025-01-29T16:11:05.000Z,0.907561,2024-11-11T15:55:50.000Z
bitway,btw,Bitway,https://coin-images.coingecko.com/coins/images/71205/large/BTW_Token_200x200.png?1786291907,3111247912,39,2708142280.000001,10000000000,10000000000,1.43,2026-09-28T07:45:50.000Z,0.00911805,2026-03-03T06:55:24.000Z
paypal-usd,pyusd,PayPal USD,https://coin-images.coingecko.com/coins/images/31212/large/PYUSD_Token_Logo_2x.png?1765987788,2758604722,40,2758890250.2600913,2758890100.260091,,1.021,2023-10-23T14:44:57.000Z,0.959426,2024-12-05T14:31:13.000Z
pump-fun,pump,Pump.fun,https://coin-images.coingecko.com/coins/images/67164/large/pump.jpg?1751949376,2646528843,41,465361790614.79504,830860715174.7852,1000000000000,0.00881908,2025-09-14T08:42:40.000Z,0.00115473,2026-06-25T17:04:20.000Z
okb,okb,OKB,https://coin-images.coingecko.com/coins/images/4463/large/WeChat_Image_20220118095654.png?1696505053,2535273699,42,21000000,21000000,21000000,228.74,2025-10-04T16:00:00.000Z,0.580608,2019-01-13T16:00:00.000Z
ripple-usd,rlusd,Ripple USD,https://coin-images.coingecko.com/coins/images/39651/large/RLUSD_200x200_%281%29.png?1727376633,2521400409,43,2521129894.0172057,2521141894.017198,,1.073,2024-12-26T02:45:52.000Z,0.962292,2024-12-17T20:40:40.000Z
aave,aave,Aave,https://coin-images.coingecko.com/coins/images/12645/large/aave-token-round.png?1720472354,2490897664,44,15433998.886288535,16000000,16000000,661.69,2021-05-18T13:19:59.000Z,26.02,2020-11-05T01:20:11.000Z
ethena,ena,Ethena,https://coin-images.coingecko.com/coins/images/36530/large/ethena.png?1711701436,2466881487,45,10095312500,15000000000,15000000000,1.52,2024-04-11T05:15:15.000Z,0.070228,2026-06-30T15:44:00.000Z
ondo-finance,ondo,Ondo,https://coin-images.coingecko.com/coins/images/26580/large/ONDO.png?1696525656,2444402129,46,4869330647,10000000000,10000000000,2.14,2024-12-15T16:36:00.000Z,0.082171,2024-01-18T04:14:30.000Z
hashnote-usyc,usyc,Circle USYC,https://coin-images.coingecko.com/coins/images/51054/large/Hashnote_SDYC_200x200.png?1730370965,2405770484,47,2112540966.379779,2112540966.379779,,1.14,2026-09-29T12:55:00.000Z,1.026,2024-12-05T14:31:20.000Z
memecore,m,MemeCore,https://coin-images.coingecko.com/coins/images/53247/large/square-bg-transparent.png?1752637478,2346535013,48,2280908033.1184297,5419897778.625655,10000000000,5.64,2026-07-02T04:14:00.000Z,0.04746135,2025-07-03T19:56:17.000Z
ondo-us-dollar-yield,usdy,Ondo US Dollar Yield,https://coin-images.coingecko.com/coins/images/31700/large/usdy_%281%29.png?1696530524,2275065308,49,1985130202.4377131,1985130202.437713,,1.26,2024-03-26T21:24:08.000Z,0.934184,2024-01-14T03:40:50.000Z
blackrock-usd-institutional-digital-liquidity-fund,buidl,BlackRock USD Institutional Digital Liquidity Fund,https://coin-images.coingecko.com/coins/images/36291/large/blackrock.png?1711013223,2261930284,50,2261930284.2276487,2261930284.227648,,1,2025-02-11T21:00:10.000Z,1,2026-07-23T07:25:00.000Z
mantle,mnt,Mantle,https://coin-images.coingecko.com/coins/images/30980/large/MNT_Token_Logo.png?1765516974,2258151610,51,3302294382.53684,6219316794.889999,6219316794.89,2.86,2025-10-08T17:04:46.000Z,0.307978,2023-10-17T18:50:46.000Z
polkadot,dot,Polkadot,https://coin-images.coingecko.com/coins/images/12171/large/polkadot.jpg?1766533446,2038354841,52,1705129585.9998991,1705135541.127476,2100000000,54.98,2021-11-04T06:10:09.000Z,0.727004,2026-08-18T02:57:10.000Z
aster-2,aster,Aster,https://coin-images.coingecko.com/coins/images/69040/large/_ASTER.png?1757326782,2027367149,53,2710487455.6497307,7795741639.234544,8000000000,2.41,2025-09-24T03:18:14.000Z,0.099713,2025-09-17T04:05:36.000Z
sky,sky,Sky,https://coin-images.coingecko.com/coins/images/39925/large/sky.jpg?1724827980,1921604663,54,23425612208.703407,23459804203.60596,23462665147.3,0.100535,2024-12-04T02:13:57.000Z,0.03582727,2025-02-02T21:01:48.000Z
worldcoin-wld,wld,Worldcoin,https://coin-images.coingecko.com/coins/images/31069/large/worldcoin.jpeg?1696529903,1913398962,55,3845629314.005783,10000000000,10000000000,11.74,2024-03-09T16:10:42.000Z,0.229961,2026-05-18T15:06:00.000Z
internet-computer,icp,Internet Computer,https://coin-images.coingecko.com/coins/images/14495/large/Internet_Computer_logo.png?1696514180,1899410730,56,556946794.913382,556946831.5708548,,700.65,2021-05-10T08:05:53.000Z,2,2026-08-01T20:31:10.000Z
pax-gold,paxg,PAX Gold,https://coin-images.coingecko.com/coins/images/9519/large/asset-paxg.png?1785284785,1822260399,57,435300.590539,435300.590539,,5619.09,2026-01-28T22:30:56.000Z,1399.64,2019-11-17T19:09:35.000Z
pepe,pepe,Pepe,https://coin-images.coingecko.com/coins/images/29850/large/pepe-token.jpeg?1696528776,1811223829,58,420690000000000,420690000000000,420690000000000,0.00002803,2024-12-09T08:30:35.000Z,5.5142e-8,2023-04-17T18:14:41.000Z
world-liberty-financial,wlfi,World Liberty Financial,https://coin-images.coingecko.com/coins/images/50767/large/wlfi.png?1756438915,1794353600,59,31778337976,100000000000,100000000000,0.331336,2025-09-01T04:20:09.000Z,0.04828182,2026-09-11T10:24:10.000Z
morpho,morpho,Morpho,https://coin-images.coingecko.com/coins/images/29837/large/Morpho-token-icon.png?1726771230,1771200764,60,699653808.715827,1000000000,1000000000,4.17,2025-01-17T04:46:19.000Z,0.713151,2024-11-24T17:55:43.000Z
htx-dao,htx,HTX DAO,https://coin-images.coingecko.com/coins/images/35491/large/Frame_1321318576.png?1708908626,1537144653,61,898232728634017.2,898232728634017.2,999990000000000,0.00000375,2024-12-03T16:16:20.000Z,8.00816e-7,2024-08-05T05:31:33.000Z
usdd,usdd,USDD,https://coin-images.coingecko.com/coins/images/25380/large/UUSD.jpg?1696524513,1527258828,62,1528052544,1528026691,,1.24,2026-07-09T09:35:10.000Z,0.928067,2022-06-19T08:15:11.000Z
united-stables,u,United Stables,https://coin-images.coingecko.com/coins/images/71157/large/united-stables-logo.jpg?1766061640,1496900280,63,1497830391.63,1497830391.63,,1.008,2026-02-05T13:06:07.000Z,0.968158,2025-12-20T16:47:20.000Z
spiko-amundi-overnight-swap-fund-eur,eursafo,Spiko Amundi Overnight Swap Fund (EUR),https://coin-images.coingecko.com/coins/images/102172591/large/Fund_eurSAF0.png?1774104814,1490081219,64,1294888117.53114,1294888117.53114,,1.18,2026-08-21T11:35:00.000Z,1.15,2026-09-29T18:00:00.000Z
ethereum-classic,etc,Ethereum Classic,https://coin-images.coingecko.com/coins/images/453/large/ethereum-classic-logo.png?1696501717,1434654231,65,158328372.60496536,158328773.5521653,210700000,167.09,2021-05-06T10:34:22.000Z,0.615038,2016-07-24T16:00:00.000Z
bitget-token,bgb,Bitget Token,https://coin-images.coingecko.com/coins/images/11610/large/Bitget_logo.png?1736925727,1389309982,66,699992029.648104,910920874.6481038,2000000000,8.45,2024-12-27T03:41:24.000Z,0.0142795,2020-06-24T20:17:05.000Z
falcon-finance,usdf,Falcon USD,https://coin-images.coingecko.com/coins/images/54558/large/ff_200_X_200.png?1740741076,1371857498,67,1377438577.5346346,1377438577.534634,,1.075,2025-05-08T13:25:42.000Z,0.943422,2025-07-08T02:16:34.000Z
arbitrum,arb,Arbitrum,https://coin-images.coingecko.com/coins/images/16547/large/arb.jpg?1721358242,1365667351,68,6785574605,10000000000,10000000000,2.39,2024-01-12T04:29:59.000Z,0.07048,2026-06-26T13:20:40.000Z
bfusd,bfusd,BFUSD,https://coin-images.coingecko.com/coins/images/68227/large/bfusd.png?1755132827,1318880603,69,1320000000,1320000000,,1.007,2025-10-10T13:40:40.000Z,0.996931,2026-07-29T19:14:40.000Z
venice-token,vvv,Venice Token,https://coin-images.coingecko.com/coins/images/54023/large/VVV_Token_Transparent.png?1741856877,1281885758,70,48266348.799743764,81074866.87450126,,34.53,2026-09-21T08:17:30.000Z,0.91975,2025-12-01T10:55:48.000Z
polygon-ecosystem-token,pol,POL (ex-MATIC),https://coin-images.coingecko.com/coins/images/32440/large/pol.png?1759114181,1230575158,71,10623408382.660114,10623408382.660112,,1.29,2024-03-13T10:55:06.000Z,0.067711,2026-07-01T01:13:30.000Z
kaspa,kas,Kaspa,https://coin-images.coingecko.com/coins/images/25751/large/kaspa-icon-exchanges.png?1696524837,1213047890,72,27729099296.285748,27729517278.82844,28704026601,0.207411,2024-07-31T16:40:47.000Z,0.00017105,2022-05-26T06:42:59.000Z
usdgo,usdgo,USDGO,https://coin-images.coingecko.com/coins/images/102172077/large/USDGO_Primary_Icon.png?1789694084,1186937783,73,1186633294.97,1186633294.97,,1.002,2026-03-11T00:04:22.000Z,0.998739,2026-09-25T02:00:20.000Z
gatechain-token,gt,Gate,https://coin-images.coingecko.com/coins/images/8183/large/200X200.png?1735246724,1164569219,74,106645697.0096398,118896959.91605502,142622844,25.38,2025-01-25T16:00:00.000Z,0.25754,2020-03-12T18:18:02.000Z
algorand,algo,Algorand,https://coin-images.coingecko.com/coins/images/4380/large/download.png?1696504978,1118999354,75,9058106367.9364,9058112052.602842,10000000000,3.56,2019-06-20T06:51:19.000Z,0.075732,2026-07-29T20:10:10.000Z
jupiter-exchange-solana,jup,Jupiter,https://coin-images.coingecko.com/coins/images/34188/large/jup.png?1704266489,1071883722,76,3319369204.37,6861486533.729331,10000000000,2,2024-01-31T07:02:47.000Z,0.135801,2026-02-12T10:35:44.000Z
just,jst,JUST,https://coin-images.coingecko.com/coins/images/11095/large/JUST.jpg?1696511035,1045390579,77,8188743036.341737,8188743036.341737,9900000000,0.193254,2021-04-04T20:34:23.000Z,0.00476275,2020-05-08T22:08:54.000Z
pi-network,pi,Pi Network,https://coin-images.coingecko.com/coins/images/54342/large/pi_network.jpg?1739347576,1028438974,78,11243022455.380999,17296957623.66307,100000000000,2.99,2025-02-26T08:41:03.000Z,0.070586,2026-07-14T02:37:30.000Z
kucoin-shares,kcs,KuCoin,https://coin-images.coingecko.com/coins/images/1047/large/sa9z79.png?1696502152,1013701305,79,137155021.73556715,142155021.2773955,,28.83,2021-12-01T07:09:35.000Z,0.342863,2019-02-06T16:00:00.000Z
render-token,render,Render,https://coin-images.coingecko.com/coins/images/11636/large/rndr.png?1696511529,999112313,80,518776241.28269154,533536414.5626915,644245094,13.53,2024-03-17T08:30:24.000Z,0.03665669,2020-06-16T05:22:25.000Z
blockchain-capital,bcap,Blockchain Capital,https://coin-images.coingecko.com/coins/images/56040/large/bcap_logo_200.png?1748088291,979825296,81,9112111,9112111,,107.53,2026-09-22T04:10:00.000Z,17.76,2025-06-02T12:50:02.000Z
lighter,lit,Lighter,https://coin-images.coingecko.com/coins/images/71121/large/lighter.png?1765888098,945852142,82,250000000,1000000000,1000000000,7.86,2025-12-30T01:05:21.000Z,0.779399,2026-03-31T09:55:00.000Z
cosmos,atom,Cosmos Hub,https://coin-images.coingecko.com/coins/images/1481/large/cosmos_hub.png?1696502525,909680193,83,533373580.28216,533379709.21989,,43.84,2021-09-19T16:00:00.000Z,1.16,2020-03-12T18:27:44.000Z
filecoin,fil,Filecoin,https://coin-images.coingecko.com/coins/images/12817/large/filecoin.png?1696512609,879745000,84,831666173,1957020957,,236.84,2021-04-01T05:29:41.000Z,0.612413,2026-08-18T03:52:30.000Z
pancakeswap-token,cake,PancakeSwap,https://coin-images.coingecko.com/coins/images/12632/large/pancakeswap-cake-logo_%281%29.png?1696512440,852392664,85,330676392.8418283,342286106.389633,400000000,43.96,2021-04-30T02:08:22.000Z,0.194441,2020-11-03T06:29:34.000Z
nexo,nexo,NEXO,https://coin-images.coingecko.com/coins/images/3695/large/CG-nexo-token-200x200_2x.png?1730414360,836790065,86,1000000000,1000000000,1000000000,4.07,2021-05-12T06:37:47.000Z,0.04515276,2018-09-12T16:00:00.000Z
aerodrome-finance,aero,Aerodrome Finance,https://coin-images.coingecko.com/coins/images/31745/large/token.png?1696530564,796071548,87,995539156.9409024,1988034890.229641,,2.32,2024-12-07T06:00:38.000Z,0.00001861,2023-10-16T17:23:50.000Z
superstate-short-duration-us-government-securities-fund-ustb,ustb,Invesco Short Duration US Government Securities Fund,https://coin-images.coingecko.com/coins/images/35012/large/Invesco_icon_lg.png?1780816895,774410295,88,68972760.806197,68939884.64254,,11.23,2026-09-29T13:50:00.000Z,10.29,2025-02-26T01:55:09.000Z
dash,dash,Dash,https://coin-images.coingecko.com/coins/images/19/large/dash-logo.png?1696501423,773372317,89,12848674.70024695,12848693.60372183,18920000,1493.59,2017-12-19T16:00:00.000Z,0.213899,2014-02-13T16:00:00.000Z
injective-protocol,inj,Injective,https://coin-images.coingecko.com/coins/images/12882/large/Other_200x200.png?1738782212,762281386,90,100000000,100000000,,52.62,2024-03-14T07:06:22.000Z,0.657401,2020-11-03T08:19:30.000Z
stable-2,stable,​​Stable,https://coin-images.coingecko.com/coins/images/69242/large/stable-logotype-framed-square-light.png?1762753913,759555059,91,26777918038,100000000000,100000000000,0.04323745,2026-05-14T23:31:00.000Z,0.0092214,2025-12-23T21:49:32.000Z
vechain,vet,VeChain,https://coin-images.coingecko.com/coins/images/1167/large/VET.png?1742383283,757323989,92,85985041177,85985041177,86712634466,0.280991,2021-04-18T17:08:21.000Z,0.00191713,2020-03-12T18:29:59.000Z
akedo,ake,Akedo,https://coin-images.coingecko.com/coins/images/68410/large/akedo.png?1755678461,736782729,93,22796250000,100000000000,100000000000,0.146656,2026-09-20T10:33:30.000Z,0.00017407,2026-07-10T12:36:10.000Z
ether-fi,ethfi,Ether.fi,https://coin-images.coingecko.com/coins/images/35958/large/etherfi.jpeg?1710254562,736278557,94,965350000,965350000,1000000000,8.53,2024-03-27T15:14:46.000Z,0.26653,2026-06-05T19:19:15.000Z
eutbl,eutbl,Spiko EU T-Bills Money Market Fund,https://coin-images.coingecko.com/coins/images/39657/large/EUTBL.png?1723517425,705757927,95,586618831.95231,586618831.95231,,1.26,2026-01-27T13:00:08.000Z,1.011,2024-08-15T01:45:23.000Z
gho,gho,GHO,https://coin-images.coingecko.com/coins/images/30663/large/gho-token-logo.png?1720517092,698446751,96,699000000,699000000,,1.03,2024-02-28T09:15:58.000Z,0.917065,2023-10-23T20:41:04.000Z
aptos,apt,Aptos,https://coin-images.coingecko.com/coins/images/26455/large/Aptos-Network-Profile-Picture_%281%29.png?1788259511,685569465,97,871003314.8720794,1209443435.821985,2100000000,19.92,2023-01-26T06:25:17.000Z,0.511162,2026-08-30T23:47:30.000Z
xdce-crowd-sale,xdc,XDC Network,https://coin-images.coingecko.com/coins/images/2912/large/xdc-icon.png?1696503661,671442199,98,19946688440,38065686425.1,,0.192754,2021-08-20T20:39:48.000Z,0.00039532,2019-07-21T16:00:00.000Z
flare-networks,flr,Flare,https://coin-images.coingecko.com/coins/images/28624/large/FLR-icon200x200.png?1696527609,653727508,99,87006494080.98895,106656491030.9358,,0.150073,2023-01-09T19:14:05.000Z,0.00586043,2026-08-19T10:09:30.000Z
layerzero,zro,LayerZero,https://coin-images.coingecko.com/coins/images/28206/large/ftxG9_TJ_400x400.jpeg?1696527208,648904429,100,353313325.89,1000000000,1000000000,7.47,2024-12-06T06:15:52.000Z,0.707123,2026-07-31T09:25:50.000Z
pyth-network,pyth,Pyth Network,https://coin-images.coingecko.com/coins/images/31924/large/pyth.png?1701245725,616139514,101,7874959289.166274,10000000000,10000000000,1.2,2024-03-15T23:01:15.000Z,0.02953453,2026-06-06T05:03:00.000Z
curve-dao-token,crv,Curve DAO,https://coin-images.coingecko.com/coins/images/12124/large/Curve.png?1696511967,613789630,102,1570319594,2422347522.97136,3030303031,15.37,2020-08-13T16:00:00.000Z,0.170749,2026-06-06T05:03:15.000Z
pudgy-penguins,pengu,Pudgy Penguins,https://coin-images.coingecko.com/coins/images/52622/large/PUDGY_PENGUINS_PENGU_PFP.png?1733809110,611721528,103,62860396090,76722801188.09749,88888888888,0.068447,2024-12-17T05:05:22.000Z,0.00371517,2025-04-08T17:31:57.000Z
janus-henderson-anemoy-aaa-clo-fund,jaaa,Janus Henderson Anemoy AAA CLO Fund,https://coin-images.coingecko.com/coins/images/70446/large/jaaa.png?1762078666,584157610,104,555817582.841279,555817582.841279,,1.051,2026-09-28T08:00:10.000Z,1.009,2025-12-06T06:10:05.000Z
blockstack,stx,Stacks,https://coin-images.coingecko.com/coins/images/2069/large/Stacks_Logo_png.png?1709979332,583782261,105,1870553434.923769,1870526034.923769,,3.86,2024-04-01T04:34:58.000Z,0.04559639,2020-03-12T18:29:26.000Z
beldex,bdx,Beldex,https://coin-images.coingecko.com/coins/images/5111/large/Beldex.png?1696505631,581735483,106,7870949487.028614,9939718245.38,,0.450785,2018-12-16T16:00:00.000Z,0.00027519,2019-11-01T03:05:12.000Z
official-trump,trump,Official Trump,https://coin-images.coingecko.com/coins/images/53746/large/trump.png?1737171561,574333079,107,281867936.287634,1000000000,1000000000,73.43,2025-01-19T03:50:34.000Z,1.37,2026-08-13T18:40:30.000Z
usual-usd,usd0,Usual USD,https://coin-images.coingecko.com/coins/images/38272/large/USD0LOGO.png?1716962811,546023700,108,546739991.1143935,546739991.1143935,,1.33,2024-07-12T00:28:59.000Z,0.962885,2025-04-10T00:30:51.000Z
kinesis-gold,kau,Kinesis Gold,https://coin-images.coingecko.com/coins/images/29788/large/kau-currency-ticker.png?1696528718,533428753,109,3986181.4592,2386227.8342,,206.98,2026-03-01T12:42:08.000Z,44.06,2023-04-21T13:02:50.000Z
midnight-3,night,Midnight,https://coin-images.coingecko.com/coins/images/71015/large/midnight.png?1765193080,523427448,110,16607399400.634954,24000000000,24000000000,0.118529,2025-12-09T01:29:38.000Z,0.0152398,2026-07-20T20:40:30.000Z
virtual-protocol,virtual,Virtuals Protocol,https://coin-images.coingecko.com/coins/images/34057/large/LOGOMARK.png?1708356054,513306524,111,658385841.8252224,1000000000,1000000000,5.07,2025-01-01T22:15:38.000Z,0.00748604,2024-01-23T12:55:21.000Z
ylds,ylds,YLDS,https://coin-images.coingecko.com/coins/images/66486/large/YLDS.png?1772560579,512594006,112,512665593.51,512665593.51,,1.001,2026-05-28T18:14:00.000Z,0.998383,2026-06-30T03:40:10.000Z
fetch-ai,fet,Artificial Superintelligence Alliance,https://coin-images.coingecko.com/coins/images/5681/large/ASI.png?1719827289,507268360,113,2311508384.055814,2714384546.672,2714384546.672,3.45,2024-03-28T09:21:18.000Z,0.00816959,2020-03-12T18:24:18.000Z
grass,grass,Grass,https://coin-images.coingecko.com/coins/images/40094/large/Grass.jpg?1725697048,503763088,115,699492325,1000000000,1000000000,3.89,2024-11-08T04:26:05.000Z,0.166785,2026-02-05T16:21:51.000Z
raydium,ray,Raydium,https://coin-images.coingecko.com/coins/images/13928/large/PSigc4ie_400x400.jpg?1696513668,503633988,114,269863602.195736,555000000,555000000,16.83,2021-09-12T12:20:23.000Z,0.134391,2022-12-29T14:15:53.000Z
bianrensheng,币安人生,币安人生 (BinanceLife),https://coin-images.coingecko.com/coins/images/69848/large/%E5%B8%81%E5%AE%89%E4%BA%BA%E7%94%9F.png?1759839225,499860855,116,1000000000,1000000000,1000000000,0.894202,2026-06-07T10:24:00.000Z,0.03826008,2026-03-29T00:34:00.000Z
sei-network,sei,Sei,https://coin-images.coingecko.com/coins/images/28205/large/Sei_Logo_-_Transparent.png?1696527207,498269994,117,6733333333,10000000000,,1.14,2024-03-15T18:30:23.000Z,0.03828368,2026-08-18T03:10:20.000Z
true-usd,tusd,TrueUSD,https://coin-images.coingecko.com/coins/images/3449/large/tusd.png?1696504140,494293884,118,494515083,494515083,,1.62,2018-08-26T12:41:09.000Z,0.88355,2020-03-12T02:47:51.000Z
usdtb,usdtb,USDtb,https://coin-images.coingecko.com/coins/images/52804/large/76357aa8-4ef7-446c-bad3-a3f944eeec7a.jpeg?1758277468,492602834,119,492694491.8461826,492694491.8461826,,1.057,2025-09-20T05:20:33.000Z,0.900502,2025-07-17T00:05:52.000Z
euro-coin,eurc,EURC,https://coin-images.coingecko.com/coins/images/26045/large/EURC.png?1769615705,465281695,120,410057372.3900532,410057372.3900532,,1.35,2023-03-14T01:50:50.000Z,0.052848,2022-12-08T19:16:34.000Z
a7a5,a7a5,A7A5,https://coin-images.coingecko.com/coins/images/66657/large/A7A5_200.png?1750163839,454764917,121,39236927912.49074,39236927912.49074,,0.229635,2025-08-14T15:03:39.000Z,0.00001048,2025-08-21T09:38:27.000Z
plasma,xpl,Plasma,https://coin-images.coingecko.com/coins/images/66489/large/Plasma-symbol-green-1.png?1755142558,435771941,122,4533333333.3333,10000000000,,1.68,2025-09-27T17:31:40.000Z,0.060147,2026-06-10T22:12:40.000Z
pearl-2,prl,Pearl,https://coin-images.coingecko.com/coins/images/102173580/large/pearl.png?1780324634,430768362,123,329957378.18821,2100000000,2100000000,1.76,2026-09-23T05:19:20.000Z,0.139936,2026-07-23T01:44:40.000Z
celestia,tia,Celestia,https://coin-images.coingecko.com/coins/images/31967/large/tia.jpg?1696530772,426405105,124,975053239.23044,1178319722.001267,,20.85,2024-02-10T06:30:02.000Z,0.279235,2026-06-06T05:03:00.000Z
hash-2,hash,Provenance Blockchain,https://coin-images.coingecko.com/coins/images/66154/large/Hastra_Icon.png?1748497203,413058998,125,58479377577,94978475357.64638,100000000000,0.060147,2025-09-14T08:52:41.000Z,0.00414666,2026-09-24T09:20:10.000Z
pendle,pendle,Pendle,https://coin-images.coingecko.com/coins/images/15069/large/Pendle_Logo_Normal-03.png?1696514728,402860938,126,173625379.27682287,281527448.4585314,,7.5,2024-04-11T00:25:36.000Z,0.03377729,2022-11-14T12:15:58.000Z
bitcoin-cash-sv,bsv,Bitcoin SV,https://coin-images.coingecko.com/coins/images/6799/large/BSV.png?1696507128,397915020,127,20090471.875,20090587.5,21000000,489.75,2021-04-16T09:09:04.000Z,10.49,2026-06-25T13:59:20.000Z
falcon-finance-ff,ff,Falcon Finance,https://coin-images.coingecko.com/coins/images/69121/large/ff.png?1757573403,394370204,128,3140000000,10000000000,10000000000,0.770814,2025-09-29T05:02:33.000Z,0.057089,2026-07-11T06:59:00.000Z
spx6900,spx,SPX6900,https://coin-images.coingecko.com/coins/images/31401/large/centeredcoin_%281%29.png?1737048493,390322281,129,930987188.077434,930987188.077434,1000000000,2.27,2025-07-28T03:24:33.000Z,0.00131808,2024-02-04T11:12:19.000Z
pieverse,pieverse,Pieverse,https://coin-images.coingecko.com/coins/images/68773/large/pieverse.png?1756546685,389571664,130,274750000,1000000000,1000000000,1.98,2026-09-21T12:58:20.000Z,0.119363,2025-11-14T13:01:21.000Z
lido-dao,ldo,Lido DAO,https://coin-images.coingecko.com/coins/images/13573/large/Lido_DAO.png?1696513326,388720473,131,829567764.2043006,1000000000,1000000000,7.3,2021-08-20T00:35:20.000Z,0.235028,2026-06-25T13:59:50.000Z
unibase,ub,Unibase,https://coin-images.coingecko.com/coins/images/69108/large/unibase.png?1757501820,376160876,132,2500000000,10000000000,10000000000,0.243557,2026-05-15T22:11:00.000Z,0.01029884,2025-09-12T00:06:18.000Z
derive,drv,Derive,https://coin-images.coingecko.com/coins/images/52889/large/Token_Logo.png?1734601695,374428249,133,999658972.171457,1500000000,1500000000,0.508875,2026-09-19T00:17:50.000Z,0.01243699,2025-04-07T05:31:06.000Z
pons,pons,Pons,https://coin-images.coingecko.com/coins/images/102174571/large/jhitvkisdq8fhxvimdkpcw7y3dx5.?1784093932,373640838,134,682246679.8584368,682307967.9848722,1000000000,0.971034,2026-09-05T17:13:10.000Z,0.00331678,2026-07-17T00:36:50.000Z
bittorrent,btt,BitTorrent,https://coin-images.coingecko.com/coins/images/22457/large/btt_logo.png?1696521780,367292413,135,987037885840674.8,990000000000000,990000000000000,0.00000343,2022-01-20T20:00:31.000Z,2.55018e-7,2026-08-15T13:30:30.000Z
tezos,xtz,Tezos,https://coin-images.coingecko.com/coins/images/976/large/Tezos-logo.png?1696502091,346334245,136,1097491402.395659,1117473522.88855,,9.12,2021-10-03T16:41:18.000Z,0.191836,2026-08-12T22:02:10.000Z
sofiusd,sofid,SoFiUSD,https://coin-images.coingecko.com/coins/images/71688/large/CRY25-3266080_StableCoinLogo.png?1768922282,335735632,137,335392196.74,335392196.74,,1.002,2026-08-07T03:23:20.000Z,0.991073,2026-08-04T13:24:30.000Z
bonk,bonk,Bonk,https://coin-images.coingecko.com/coins/images/28600/large/bonk.jpg?1696527587,331152232,138,87994377960879.66,87994377960879.66,87995282867000.55,0.00005825,2024-11-19T20:01:06.000Z,8.6142e-8,2022-12-29T14:48:46.000Z
sun-token,sun,Sun Token,https://coin-images.coingecko.com/coins/images/12424/large/RSFOmQ.png?1696512245,329408284,139,19222181989.37517,19900730000,19900730000,66.45,2020-09-10T19:18:35.000Z,0.00462303,2022-11-13T20:45:13.000Z
janus-henderson-anemoy-treasury-fund,jtrsy,Janus Henderson Anemoy Treasury Fund,https://coin-images.coingecko.com/coins/images/70445/large/JTRSY.png?1762078582,326061760,141,291807107.730094,291807107.730094,,1.12,2026-09-29T11:40:30.000Z,1.085,2025-11-12T20:05:05.000Z
doublezero,2z,DoubleZero,https://coin-images.coingecko.com/coins/images/68339/large/Coingecko_-_PFP.png?1755694420,325953977,140,5112583036,9998069911,10000000000,0.893679,2025-10-02T05:11:45.000Z,0.04478091,2026-09-16T17:53:50.000Z
kite-2,kite,Kite,https://coin-images.coingecko.com/coins/images/70426/large/KITE-ICON.png?1762328605,324692869,142,2391196012,10000000000,10000000000,0.319747,2026-03-06T02:30:09.000Z,0.061819,2025-11-04T00:21:02.000Z
first-digital-usd,fdusd,First Digital USD,https://coin-images.coingecko.com/coins/images/31079/large/FDUSD_icon_black.png?1731097953,324442807,143,325042596.91079104,325042596.910791,,1.15,2025-02-02T18:30:49.000Z,0.940377,2024-12-05T14:30:51.000Z
apxusd,apxusd,apxUSD,https://coin-images.coingecko.com/coins/images/102172243/large/apxUSD.png?1772448502,320077692,144,323309753.9462329,323309753.9462329,,1.012,2026-03-12T16:27:03.000Z,0.717601,2026-06-26T09:41:20.000Z
decred,dcr,Decred,https://coin-images.coingecko.com/coins/images/329/large/dcr.png?1762890696,319525310,145,17626187.26607776,17626319.87714804,21000000,247.35,2021-04-16T16:41:14.000Z,0.43154,2016-12-25T16:00:00.000Z
monad,mon,Monad,https://coin-images.coingecko.com/coins/images/38927/large/mon.png?1766029057,314942760,146,11825165000,100682925000,,0.04882901,2025-11-26T04:21:37.000Z,0.01636691,2026-02-05T16:35:18.000Z
ousg,ousg,Ondo Short-Term U.S. Government Bond Fund,https://coin-images.coingecko.com/coins/images/29023/large/OUSG.png?1696527993,312941563,147,2680882.214986926,2680882.214986926,,116.73,2026-09-29T21:05:20.000Z,95.09,2023-03-22T12:00:17.000Z
the-graph,grt,The Graph,https://coin-images.coingecko.com/coins/images/13397/large/Graph_Token.png?1696513159,312856015,148,10941320353.043917,11612995353.0437,,2.84,2021-02-11T23:28:45.000Z,0.01297915,2026-08-18T03:16:20.000Z
gnosis,gno,Gnosis,https://coin-images.coingecko.com/coins/images/662/large/logo_square_simple_300px.png?1696501854,312577373,149,2639589,3000000,3000000,644.2,2021-11-08T09:33:29.000Z,6.88,2020-03-12T18:24:11.000Z
ribbita-by-virtuals,tibbir,Ribbita by Virtuals,https://coin-images.coingecko.com/coins/images/54970/large/Untitled_design.png?1742941268,311849579,150,952544914.113283,951226351.0633218,1000000000,0.450302,2026-09-29T20:17:10.000Z,0.01032004,2025-04-06T23:41:29.000Z
starknet,strk,Starknet,https://coin-images.coingecko.com/coins/images/26433/large/starknet.png?1696525507,309596507,151,7350605580.091965,10000000000,10000000000,4.41,2024-02-20T04:05:13.000Z,0.02221422,2026-08-18T03:13:20.000Z
olympus,ohm,Olympus,https://coin-images.coingecko.com/coins/images/14483/large/token_OHM_%281%29.png?1696514169,298254573,152,14919329.871513851,19823113.09801029,,1415.26,2021-04-24T16:00:00.000Z,7.54,2022-11-26T08:36:26.000Z
optimism,op,Optimism,https://coin-images.coingecko.com/coins/images/25244/large/Token.png?1774456081,297665609,153,2299624975,4294967296,4294967296,4.84,2024-03-06T00:35:50.000Z,0.080689,2026-08-18T03:31:10.000Z
re-protocol-reusd,reusd,Re Protocol reUSD,https://coin-images.coingecko.com/coins/images/66291/large/Points_Program_Group_91.png?1749676055,296211564,154,268244943.42454588,267584988.9964889,,1.1,2026-09-29T16:12:30.000Z,0.873393,2025-07-17T00:04:08.000Z
ethereum-name-service,ens,Ethereum Name Service,https://coin-images.coingecko.com/coins/images/19785/large/ENS.jpg?1727872989,295646835,155,42267014.20143092,100000000,100000000,83.4,2021-11-10T18:20:01.000Z,3.77,2026-08-18T02:57:10.000Z
jito-governance-token,jto,Jito,https://coin-images.coingecko.com/coins/images/33228/large/jto.png?1701137022,291630121,156,527052290.8,1000000000,,6.01,2023-12-07T08:04:48.000Z,0.218137,2026-02-05T16:30:39.000Z
terra-luna,lunc,Terra Luna Classic,https://coin-images.coingecko.com/coins/images/8284/large/01_LunaClassic_color.png?1696508486,290931850,157,5508842779084.489,6447748057629.497,,119.18,2022-04-05T04:24:58.000Z,9.99967e-7,2022-05-12T18:34:40.000Z
conflux-token,cfx,Conflux,https://coin-images.coingecko.com/coins/images/13079/large/3vuYMbjN.png?1696512867,286498439,158,5243556444.14,5243567288.13,,1.7,2021-03-26T19:43:35.000Z,0.02199898,2022-12-30T00:16:30.000Z
backpack,bp,Backpack,https://coin-images.coingecko.com/coins/images/102171961/large/image_%285%29.png?1774269858,286007510,159,250000000,1000000000,1000000000,1.58,2026-09-27T10:36:40.000Z,0.117911,2026-05-25T19:03:00.000Z
arweave,ar,Arweave,https://coin-images.coingecko.com/coins/images/4343/large/oRt6SiEN_400x400.jpg?1696504946,277717609,160,65652466,65652466,66000000,89.24,2021-11-04T20:14:42.000Z,0.298788,2020-01-30T22:47:36.000Z
ape-and-pepe,apepe,Ape and Pepe,https://coin-images.coingecko.com/coins/images/39614/large/APEPE_200.png?1723142351,275800975,161,210000000000000,210000000000000,210000000000000,0.00000689,2024-11-21T18:30:11.000Z,6.54916e-7,2025-09-17T05:43:50.000Z
shuffle-2,shfl,Shuffle,https://coin-images.coingecko.com/coins/images/35148/large/shuffle_token_200x200.png?1707552712,273753130,162,485244426.3169299,920031317.540615,1000000000,0.787524,2024-03-18T06:56:52.000Z,0.141225,2024-12-17T06:35:43.000Z
syrup,syrup,Maple Finance,https://coin-images.coingecko.com/coins/images/51232/large/_syrup_token_logo.png?1747292046,268193580,163,1167271959.1810675,1244677492.511099,,0.653229,2025-06-25T06:15:45.000Z,0.085229,2025-04-06T23:46:35.000Z
zebec-network,zbcn,Zebec Network,https://coin-images.coingecko.com/coins/images/37052/large/zbcn.jpeg?1713168241,259936624,164,99998768905.3482,99998768905.3482,100000000000,0.00700261,2025-05-29T19:20:44.000Z,0.00069854,2024-08-05T05:31:51.000Z
jasmycoin,jasmy,JasmyCoin,https://coin-images.coingecko.com/coins/images/13876/large/JASMY200x200.jpg?1696513620,257646374,165,49444999677.59027,50000000000,50000000000,4.79,2021-02-15T19:53:32.000Z,0.00275026,2022-12-29T12:41:09.000Z
compound-governance-token,comp,Compound,https://coin-images.coingecko.com/coins/images/10775/large/COMP.png?1696510737,255403664,166,10000000,10000000,10000000,854.45,2021-05-11T16:00:00.000Z,14.86,2026-06-25T13:59:30.000Z
trust-wallet-token,twt,Trust Wallet,https://coin-images.coingecko.com/coins/images/11085/large/Trust.png?1696511026,254514242,167,416649900,1000000000,,2.72,2022-12-11T15:25:46.000Z,0.00277641,2020-06-09T01:15:06.000Z
thorchain,rune,THORChain,https://coin-images.coingecko.com/coins/images/6595/large/THORChain_RUNE_Token.png?1782452363,246354025,168,328594887,353909501,353909501,20.87,2021-05-18T16:30:09.000Z,0.00851264,2019-09-27T16:00:00.000Z
dogwifcoin,wif,dogwifhat,https://coin-images.coingecko.com/coins/images/33566/large/dogwifhat.jpg?1702499428,244087348,169,998926392,998926392,998926392,4.83,2024-03-31T01:34:58.000Z,0.00155464,2023-12-12T23:13:50.000Z
usdai,usdai,USDai,https://coin-images.coingecko.com/coins/images/55857/large/USDai_Token_Full_Glyph.png?1755229050,243827127,170,243772128.36765283,244406863.0937247,,1.19,2025-09-04T08:12:39.000Z,0.769779,2025-09-26T12:45:27.000Z
kamino,kmno,Kamino,https://coin-images.coingecko.com/coins/images/35801/large/Kamino_200x200.png?1767944671,241795341,171,5645205828.25,9999956784.89213,10000000000,0.247842,2024-12-15T08:45:25.000Z,0.01342703,2026-06-06T05:03:15.000Z
iota,iota,IOTA,https://coin-images.coingecko.com/coins/images/692/large/IOTA_Thumbnail_%281%29.png?1743772896,240502576,172,4670991414,4992622100,,5.25,2017-12-18T16:00:00.000Z,0.03112513,2026-07-31T14:11:00.000Z
eigenlayer,eigen,EigenCloud (prev. EigenLayer),https://coin-images.coingecko.com/coins/images/37441/large/eigencloud.jpg?1751003565,239095285,173,966667581.1457183,1847201162.015255,,5.65,2024-12-16T19:45:30.000Z,0.148314,2026-04-05T13:28:00.000Z
apenft,nft,AINFT,https://coin-images.coingecko.com/coins/images/15687/large/AINFT.png?1761099340,238053601,174,990105592982874.8,990105592982874.8,999990000000000,0.00000753,2021-09-04T16:10:47.000Z,2.30455e-7,2026-09-13T01:01:30.000Z
useless-3,useless,Useless Coin,https://coin-images.coingecko.com/coins/images/55684/large/coingeckoupdate.png?1755203747,234731294,175,999940362.02,999940362.02,1000000000,0.434591,2025-10-14T06:50:41.000Z,0.00519952,2025-06-05T03:05:59.000Z
bedrock-token,br,Bedrock,https://coin-images.coingecko.com/coins/images/54908/large/BR_200px.png?1742453499,233703477,176,296666666,1000000000,1000000000,1.35,2026-09-20T10:31:40.000Z,0.03920767,2025-04-18T12:21:08.000Z
stonk-3,stonk,STONK,https://coin-images.coingecko.com/coins/images/102175239/large/tscmgapqpfx5j4hu8gbs3aj85s7a.?1785895603,233063436,177,810455127.1349541,810235871.0912051,1000000000,0.401304,2026-09-21T19:45:30.000Z,0.00174774,2026-08-05T19:16:30.000Z
bnb48-club-token,koge,KOGE,https://coin-images.coingecko.com/coins/images/13827/large/bnb48.png?1696513570,227598394,178,3379997.6,3379997.6,3379997,141.45,2026-08-17T05:16:20.000Z,1.19,2021-02-01T07:55:03.000Z
theta-token,theta,Theta Network,https://coin-images.coingecko.com/coins/images/2538/large/theta-token-logo.png?1696503349,225150336,179,1000000000,1000000000,1000000000,15.72,2021-04-16T05:15:11.000Z,0.04039979,2020-03-12T18:24:16.000Z
agora-dollar,ausd,AUSD,https://coin-images.coingecko.com/coins/images/39284/large/AUSD_1024px.png?1764684132,223772884,180,223882492.444155,223582492.444155,,1.022,2024-10-05T13:15:26.000Z,0.950515,2024-12-05T14:30:43.000Z
kinesis-silver,kag,Kinesis Silver,https://coin-images.coingecko.com/coins/images/29789/large/kag-currency-ticker.png?1696528719,223269191,181,3664237.1286,3777096.9336,,130,2026-02-01T23:20:32.000Z,4.36,2024-02-11T06:01:27.000Z
crvusd,crvusd,crvUSD,https://coin-images.coingecko.com/coins/images/30118/large/crvusd.jpg?1746670973,223065936,182,223190065.22069657,223190968.5200541,,1.11,2024-06-12T19:27:06.000Z,0.949016,2023-08-07T22:24:06.000Z
frax,frax,Legacy Frax Dollar,https://coin-images.coingecko.com/coins/images/13422/large/LFRAX.png?1751911193,217582332,183,219310245.87260038,219310245.8726003,,1.66,2026-03-30T09:51:00.000Z,0.249813,2026-06-24T07:27:10.000Z
kaia,kaia,Kaia,https://coin-images.coingecko.com/coins/images/39901/large/KAIA.png?1724734368,216197298,184,6432000843.805405,6432189317.418831,,0.406698,2024-12-02T16:11:32.000Z,0.02166246,2026-08-19T01:04:10.000Z
usx,usx,USX,https://coin-images.coingecko.com/coins/images/68429/large/Solstice_Icons_for_DEX_512x512_USX.png?1755718377,214953218,185,215111453.964937,215111453.964937,,1.21,2026-07-14T11:48:30.000Z,0.828472,2025-12-25T20:30:55.000Z
safo,safo,Spiko Amundi Overnight Swap Fund,https://coin-images.coingecko.com/coins/images/102172590/large/Fund_usdSAFO.png?1774104804,208318692,186,203742831.98353,203742831.98353,,1.022,2026-09-29T19:00:20.000Z,1.015,2026-07-23T04:25:10.000Z
convex-finance,cvx,Convex Finance,https://coin-images.coingecko.com/coins/images/15585/large/convex.png?1696515221,203164585,187,93194518.49512771,99992735.64434998,100000000,60.09,2022-01-01T10:04:03.000Z,1.038,2026-07-01T01:13:40.000Z
tradable-na-rent-financing-platform-sstn,pc0000031,Tradable NA Rent Financing Platform SSTN,https://coin-images.coingecko.com/coins/images/66150/large/tradable.jpg?1748488921,202500000,189,202500000,202500000,400000000,189500000,2025-05-28T19:45:11.000Z,1,2026-07-23T07:25:00.000Z
axie-infinity,axs,Axie Infinity,https://coin-images.coingecko.com/coins/images/13029/large/axie_infinity_logo.png?1696512817,202372407,188,174806933.00134403,270000000,270000000,164.9,2021-11-06T11:29:29.000Z,0.123718,2020-11-06T00:05:43.000Z
akash-network,akt,Akash Network,https://coin-images.coingecko.com/coins/images/12785/large/akash-logo.png?1696512580,197601380,190,298333532.538285,298334922.039853,388539008,8.07,2021-04-06T10:59:48.000Z,0.164994,2022-11-21T12:30:53.000Z
societe-generale-forge-eurcv,eurcv,EUR CoinVertible,https://coin-images.coingecko.com/coins/images/33415/large/eurcv_%281%29.png?1701752017,190400053,191,167780470.33,167780470.33,,1.22,2026-01-26T21:25:46.000Z,0.988513,2025-02-04T14:15:33.000Z
chain-2,xcn,Onyxcoin,https://coin-images.coingecko.com/coins/images/24210/large/onyxlogo.jpg?1696523397,186092256,192,39531159034.01364,53402422627.324425,68892071756.9,0.184139,2022-05-27T03:45:24.000Z,0.0007055,2023-10-11T12:12:02.000Z
zama,zama,Zama,https://coin-images.coingecko.com/coins/images/70921/large/zama.png?1764591992,185494664,193,2540352453.2737575,11312400622.09314,,0.107368,2026-09-23T05:54:10.000Z,0.01673142,2026-02-12T09:20:22.000Z
mina-protocol,mina,Mina Protocol,https://coin-images.coingecko.com/coins/images/15628/large/JM4_vQ34_400x400.png?1696515261,184504824,194,1293631019.840039,1293631019.840039,,9.09,2021-05-31T17:42:37.000Z,0.0366688,2026-06-30T13:00:40.000Z
edgex,edge,edgeX,https://coin-images.coingecko.com/coins/images/102172616/large/edgex.png?1774332310,184402029,195,350000000,1000000000,1000000000,1.54,2026-05-22T00:24:00.000Z,0.23746,2026-07-05T09:44:00.000Z
usa,usat,USAT,https://coin-images.coingecko.com/coins/images/71792/large/usat_logo_200x200.png?1769440161,183132756,196,183317585.5,183317585.5,,1.002,2026-03-30T13:45:00.000Z,0.99608,2026-03-08T05:50:20.000Z
neo,neo,NEO,https://coin-images.coingecko.com/coins/images/480/large/NEO_512_512.png?1696501735,179293870,197,70530000,100000000,,198.38,2018-01-14T16:00:00.000Z,0.078349,2016-10-20T16:00:00.000Z
fartcoin,fartcoin,Fartcoin,https://coin-images.coingecko.com/coins/images/50891/large/fart.jpg?1729503972,177652979,198,999917535.34093,999917533.82274,1000000000,2.48,2025-01-19T12:41:07.000Z,0.02002855,2024-10-29T23:56:04.000Z
meteora,met,Meteora,https://coin-images.coingecko.com/coins/images/69110/large/meteora.png?1757517561,177433688,199,557183709.040051,997732415.16062,1000000000,0.686913,2025-10-23T05:01:20.000Z,0.094433,2026-06-06T05:03:00.000Z
origintrail,trac,OriginTrail,https://coin-images.coingecko.com/coins/images/1877/large/TRAC.jpg?1696502873,175466622,200,447274118,500000000,500000000,3.5,2021-11-03T10:09:57.000Z,0.00385262,2020-03-12T18:24:12.000Z
decentraland,mana,Decentraland,https://coin-images.coingecko.com/coins/images/878/large/decentraland-mana.png?1696502010,174799167,201,1958331640.0682716,2193179327.320146,,5.85,2021-11-25T02:04:18.000Z,0.00923681,2017-10-30T16:00:00.000Z
artificial-inu-3,ai,Artificial Inu,https://coin-images.coingecko.com/coins/images/102176647/large/5ou9sb7h478ezv28urbjpzf1fl3e.?1788401429,173475669,202,991235625.4227394,991235625.4227394,1000000000,0.38556,2026-09-17T20:40:30.000Z,0.00105288,2026-07-20T13:37:00.000Z
build-on,b,BUILDon,https://coin-images.coingecko.com/coins/images/55974/large/T7asvmCb_400x400.jpg?1747902862,172812876,203,1000000000,1000000000,1000000000,0.762588,2026-05-14T04:09:00.000Z,0.082973,2025-10-10T13:31:21.000Z
non-playable-coin,npc,Non-Playable Coin,https://coin-images.coingecko.com/coins/images/31193/large/NPC_200x200.png?1696530021,172325958,205,8050126520,8050126520,8050126520,0.066169,2024-11-18T00:46:10.000Z,0.00004561,2023-08-13T04:00:49.000Z
cash-cat,cashcat,Cash Cat,https://coin-images.coingecko.com/coins/images/102174280/large/cashcat-logo.jpg?1782922765,172077570,204,987874840.3263028,987874840.3263028,1000000000,0.314297,2026-09-03T21:42:00.000Z,0.00160429,2026-07-01T18:44:30.000Z
chiliz,chz,Chiliz,https://coin-images.coingecko.com/coins/images/8834/large/CHZ_Token_updated.png?1696508986,171079461,206,10544199836,10544199836,,0.878633,2021-03-13T00:04:21.000Z,0.00410887,2019-09-27T16:00:00.000Z
mx-token,mx,MX,https://coin-images.coingecko.com/coins/images/8545/large/mexc.jpg?1747142259,170413763,207,91837334,409024834,,5.85,2024-04-09T14:10:39.000Z,0.04218457,2019-11-24T21:59:45.000Z
apyusd,apyusd,apyUSD,https://coin-images.coingecko.com/coins/images/102172527/large/apyUSD.png?1773763322,170285258,209,121336878.5292869,121336878.5292869,,4799.87,2026-04-16T06:11:00.000Z,0.97356,2026-06-26T13:36:00.000Z
swissborg,borg,SwissBorg,https://coin-images.coingecko.com/coins/images/2117/large/YJUrRy7r_400x400.png?1696503083,170161510,208,981352443.442,981352443.442,1000000000,1.64,2021-05-04T09:14:50.000Z,0.00502687,2019-07-27T16:00:00.000Z
vision-3,vsn,Vision,https://coin-images.coingecko.com/coins/images/67399/large/Logo-Vision-Symbol-BG-Green.png?1752676915,165923276,210,3793113090.054845,4200000000,4200000000,0.223874,2025-08-11T03:13:12.000Z,0.02840819,2026-06-06T05:10:30.000Z
spiko-us-t-bills-money-market-fund,ustbl,Spiko US T-Bills Money Market Fund,https://coin-images.coingecko.com/coins/images/39666/large/USTB.png?1723541269,164641741,212,150025232.80623,150025232.80623,,1.097,2026-09-29T12:40:10.000Z,1.013,2024-08-19T23:05:13.000Z
collector-crypt,cards,Collector Crypt,https://coin-images.coingecko.com/coins/images/68728/large/cards-logo.jpeg?1756534539,164604315,211,899240093.3631899,1977215682.293477,2000000000,0.381443,2025-09-14T12:18:08.000Z,0.02121763,2025-09-01T18:58:55.000Z
btse-token,btse,BTSE Token,https://coin-images.coingecko.com/coins/images/10807/large/BTSE_logo_Square.jpeg?1696510765,163074402,213,162061501,200000000,200000000,9.21,2022-03-23T01:11:07.000Z,0.06191,2025-10-10T14:48:11.000Z
tradable-apac-diversified-finance-provider-sstn,pc0000033,Tradable APAC Diversified Finance Provider SSTN,https://coin-images.coingecko.com/coins/images/66798/large/tradable.jpg?1750576460,162500000,214,162500000,162500000,300000000,1,2025-07-03T02:25:05.000Z,1,2026-07-23T07:25:00.000Z
ecash,xec,eCash,https://coin-images.coingecko.com/coins/images/16646/large/Logo_final-22.png?1696516207,162201934,215,20090579672580,20090582797580,21000000000000,0.00038001,2021-09-04T09:09:31.000Z,0.00000479,2026-07-01T01:13:50.000Z
coco-2,coco,coco,https://coin-images.coingecko.com/coins/images/71124/large/%E6%9C%AA%E5%91%BD%E5%90%8D%E7%9A%84%E8%AE%BE%E8%AE%A1_%2821%29.png?1765893957,161065066,216,1000000000,1000000000,1000000000,0.35491,2026-05-06T18:25:00.000Z,0.00180419,2026-03-26T09:32:00.000Z
vaulta,a,Vaulta,https://coin-images.coingecko.com/coins/images/55616/large/Vaulta_CEX_Icon_Circle_-_cmc.png?1746859132,158961859,217,1670203407.8607,2100000000,2100000000,0.778734,2025-05-28T00:22:53.000Z,0.057641,2026-06-06T05:03:15.000Z
strategy-pp-variable-xstock,strcx,Strategy PP Variable xStock,https://coin-images.coingecko.com/coins/images/71033/large/Ticker_STRCx__Company_Name_Strategy_PP_Variable__size_200x200.png?1765380234,155377090,218,1464038.8647842286,2845584.269928178,,139.97,2026-06-02T22:11:00.000Z,73,2026-06-26T03:33:00.000Z
sentient,sent,Sentient,https://coin-images.coingecko.com/coins/images/70508/large/SENTIENT-Icon-BlushForce-L.png?1762267532,152262725,219,7237882055,34359738368,34359738368,0.04805315,2026-01-31T16:00:25.000Z,0.01130719,2026-07-29T07:25:50.000Z
floki,floki,FLOKI,https://coin-images.coingecko.com/coins/images/16746/large/PNG_image.png?1696516318,151566412,220,5541386945896.209,9643140934722.59,20000000000000,0.00034495,2024-06-04T23:25:59.000Z,8.428e-8,2021-07-05T17:11:20.000Z
safepal,sfp,SafePal,https://coin-images.coingecko.com/coins/images/13905/large/sfp.png?1696513647,151247574,221,500000000,500000000,500000000,4.19,2021-02-09T10:30:34.000Z,0.199787,2026-07-29T21:05:20.000Z
railgun,rail,Railgun,https://coin-images.coingecko.com/coins/images/16840/large/railgun.jpeg?1696516407,150174865,222,60000000,60000000,100000000,5.66,2025-11-07T10:42:15.000Z,0.228324,2022-11-09T14:15:17.000Z
gusd,gusd,GUSD,https://coin-images.coingecko.com/coins/images/68725/large/gusd-logo.jpeg?1757681286,149513326,223,149790000,320000000,,1.022,2026-03-02T07:10:22.000Z,0.979237,2026-03-02T09:40:29.000Z
immutable-x,imx,Immutable,https://coin-images.coingecko.com/coins/images/17233/large/immutableX-symbol-BLK-RGB.png?1696516787,149104113,224,904472049.1198142,2000000000,2000000000,9.52,2021-11-25T17:03:01.000Z,0.094763,2026-08-19T03:08:10.000Z
apecoin,ape,ApeCoin,https://coin-images.coingecko.com/coins/images/24383/large/APECOIN.png?1756551529,148755929,225,1000000000,1000000000,1000000000,26.7,2022-04-28T13:44:21.000Z,0.081548,2026-04-02T21:49:00.000Z
havven,snx,Synthetix,https://coin-images.coingecko.com/coins/images/3406/large/SNX.png?1696504103,147388211,226,580980590.4572881,581404223.5556631,,28.53,2021-02-13T17:12:38.000Z,0.0347864,2019-01-05T16:00:00.000Z
soon-2,soon,SOON,https://coin-images.coingecko.com/coins/images/55124/large/red_2.PNG?1743843131,146348259,228,339791742.36,11010175310.89857,,4.3,2025-11-14T12:10:58.000Z,0.100892,2026-04-10T01:07:00.000Z
sonic-3,s,Sonic,https://coin-images.coingecko.com/coins/images/38108/large/200x200_Sonic_Logo.png?1734679256,146095604,227,3885497663,3885497663,,1.029,2025-01-04T13:35:44.000Z,0.01906602,2026-06-25T13:59:50.000Z
gmt-token,gomining,GoMining Token,https://coin-images.coingecko.com/coins/images/15662/large/GoMining_Logo.webp?1769225542,145243947,229,402942408.6324701,402942408.6324701,436915240,0.564703,2024-12-16T11:47:13.000Z,0.069487,2022-11-09T16:18:31.000Z
marscoin-4,marscoin,MarsCoin,https://coin-images.coingecko.com/coins/images/102175246/large/1000299474.png?1785934648,144768908,230,1000000000,1000000000,1000000000,0.263444,2026-09-05T18:14:20.000Z,0.02333067,2026-08-21T08:33:50.000Z
dgrid-ai,dgai,DGrid AI,https://coin-images.coingecko.com/coins/images/102175792/large/dgrid.png?1787573447,143685273,231,149999999.99900007,1000000000,1000000000,1.14,2026-09-21T13:17:10.000Z,0.364155,2026-08-24T17:03:40.000Z
1inch,1inch,1INCH,https://coin-images.coingecko.com/coins/images/13469/large/0x111111111117dc0aa78b770fa6a738034120c302_0x2b2c127f11a6604d4319c936334506b86c339a3773b6f2731db0ed4a4fb7fb72.jpg?1787890016,142797176,232,1405573965.7275033,1499999999.997,1500000000,8.65,2021-10-27T00:24:54.000Z,0.064865,2026-07-01T01:13:30.000Z
humanity,h,Humanity,https://coin-images.coingecko.com/coins/images/66811/large/H_tokenLogo_original.png?1750581252,142186894,233,2050466197.4329996,10000000000,10000000000,0.853746,2026-06-02T07:27:00.000Z,0.01810273,2025-06-26T17:20:39.000Z
ultima,ultima,Ultima,https://coin-images.coingecko.com/coins/images/31844/large/ULTIMA-200x200.png?1763090865,141847347,234,84708,100000,100000,22851,2025-02-14T03:01:57.000Z,1650.8,2026-09-29T19:15:40.000Z
aioz-network,aioz,AIOZ Network,https://coin-images.coingecko.com/coins/images/14631/large/aioz-logo-200.png?1696514309,140883385,235,1281346267.9588578,1281355943.932386,,2.65,2021-04-03T03:55:34.000Z,0.01099588,2023-09-13T11:20:42.000Z
stp-network,awe,AWE Network,https://coin-images.coingecko.com/coins/images/8713/large/awe-network.jpg?1747816016,140858686,236,1942420282.5203903,1942420282.5203903,2000000000,0.270085,2021-10-06T00:03:37.000Z,0.00646736,2019-09-30T16:00:00.000Z
elrond-erd-2,egld,MultiversX,https://coin-images.coingecko.com/coins/images/12335/large/egld-token-logo.png?1696512162,138247071,237,30855975,30855975,,545.64,2021-11-23T02:33:26.000Z,2.42,2026-06-26T02:23:20.000Z
celium,sn51,lium,https://coin-images.coingecko.com/coins/images/66328/large/lium_Icon_FullColor_500x500.png?1766792920,137580616,238,4791744.820152578,4791744.820152578,21000000,37.11,2025-07-17T22:21:06.000Z,0.164238,2026-03-26T07:56:00.000Z
meta-2-2,meta,MetaDAO,https://coin-images.coingecko.com/coins/images/68320/large/META.png?1755335883,136777668,239,22684687.034488,22684687.034488,,10.84,2025-10-21T09:10:23.000Z,0.724356,2025-08-17T10:45:50.000Z
jpycoin,jpyc,JPY Coin,https://coin-images.coingecko.com/coins/images/70314/large/JPYC_400x400.jpg?1761556080,134849691,240,21285482436.95474,21285482436.95474,,0.02144596,2026-09-17T11:02:10.000Z,0.00530387,2026-06-26T05:29:30.000Z
basic-attention-token,bat,Basic Attention,https://coin-images.coingecko.com/coins/images/677/large/basic-attention-token.png?1696501867,134547547,241,1495724656.9526057,1500000000,1500000000,1.9,2021-11-27T16:23:51.000Z,0.055241,2026-08-14T15:07:10.000Z
cash-4,cash,CASH,https://coin-images.coingecko.com/coins/images/69679/large/cash.jpg?1759283906,132204605,242,132287344.806923,132287344.761921,,1.058,2025-11-15T12:50:58.000Z,0.975346,2025-12-15T11:40:12.000Z
zksync,zk,ZKsync,https://coin-images.coingecko.com/coins/images/38043/large/ZKTokenBlack.png?1718614502,131985500,243,10816539153,21000000000,21000000000,0.320983,2024-06-16T23:44:40.000Z,0.00712159,2026-08-14T10:02:40.000Z
seeker,skr,Seeker,https://coin-images.coingecko.com/coins/images/70974/large/seeker-logo.jpg?1764922774,129726155,244,7126787056.765327,10626787049.76532,,0.055818,2026-01-21T19:32:20.000Z,0.00542271,2026-01-20T18:11:35.000Z
the-sandbox,sand,The Sandbox,https://coin-images.coingecko.com/coins/images/12129/large/sandbox_logo.jpg?1696511971,128917463,245,2937639702.3733225,3000000000,3000000000,8.4,2021-11-24T22:04:40.000Z,0.02897764,2020-11-04T07:59:14.000Z
chutes,sn64,Chutes,https://coin-images.coingecko.com/coins/images/66308/large/chutes.jpg?1749181700,128557767,246,6055446.500605234,6055446.500605234,21000000,104.42,2025-06-10T03:46:43.000Z,0.344143,2026-03-26T15:23:00.000Z
jpysc,jpysc,JPYSC,https://coin-images.coingecko.com/coins/images/102174247/large/jpysc_200.png?1782808870,128007580,247,20070668515,20070668515,,0.00657225,2026-09-13T10:05:00.000Z,0.00610725,2026-07-30T08:00:20.000Z
zencash,zen,Horizen,https://coin-images.coingecko.com/coins/images/691/large/Horizen2.0-logo_icon-on-yellow_%281%29.png?1751696763,127266223,248,18406455.728282973,21000000,21000000,165.92,2021-05-07T22:00:30.000Z,3.26,2019-10-16T16:00:00.000Z
rollbit-coin,rlb,Rollbit Coin,https://coin-images.coingecko.com/coins/images/24552/large/unziL6wO_400x400.jpg?1696523729,125689184,249,1563933614.8839846,1563916168.68518,5000000000,0.264358,2023-11-11T09:10:05.000Z,0.00093506,2022-07-01T18:46:34.000Z
ozone-chain,ozo,Ozone Chain,https://coin-images.coingecko.com/coins/images/31385/large/ozonechain-momogram-200x200.png?1696530201,125557413,250,960933314,1000000000,1000000000,0.485077,2024-04-29T01:02:20.000Z,0.060046,2023-10-07T13:15:21.000Z
avant-usd,avusd,Avant USD,https://coin-images.coingecko.com/coins/images/53527/large/token-avusd.png?1736579003,125164840,251,125191734.10875848,125181380.7531067,,1.09,2026-07-28T02:28:40.000Z,0.924607,2026-06-19T19:10:00.000Z
instadapp,fluid,Fluid,https://coin-images.coingecko.com/coins/images/14688/large/Frame_1686566116_%281%29_%281%29.png?1784708239,125094046,252,83696996.82034639,100000000,100000000,24.4,2021-06-16T12:02:32.000Z,0.366538,2022-12-28T08:20:48.000Z
golem,glm,Golem,https://coin-images.coingecko.com/coins/images/542/large/Golem_Submark_Positive_RGB.png?1696501761,124772396,253,1000000000,1000000000,,1.32,2018-04-13T01:13:22.000Z,0.00913753,2016-12-11T16:00:00.000Z
grx-chain,grx,GRX Chain,https://coin-images.coingecko.com/coins/images/71011/large/Untitled_design_%283%29.png?1765178472,124161944,254,9512395,9998039,10000000,21.31,2026-07-26T00:23:50.000Z,0.868057,2026-02-14T09:00:45.000Z
circle-internet-group-bstock,crclb,Circle Internet Group (bStocks Tokenized Stock),https://coin-images.coingecko.com/coins/images/102173742/large/circle-internet-group-tokenized-bStocks-crclb.png?1781196448,123886930,255,1477492.7523409398,1478009.78858742,,105.64,2026-09-07T00:07:10.000Z,58.2,2026-08-03T14:09:10.000Z
superfarm,super,SuperVerse,https://coin-images.coingecko.com/coins/images/14040/large/SV-Logo-200x200.png?1706880312,123233826,256,640164549,1000000000,1000000000,4.74,2021-03-30T23:38:55.000Z,0.070397,2023-10-18T18:20:23.000Z
bc-token,bc,BCGame Coin,https://coin-images.coingecko.com/coins/images/53197/large/Graphic_Only-200black.png?1746867614,122906535,257,3210860915.6839733,9410865135.683973,10000000000,0.04108352,2026-08-27T15:11:10.000Z,0.00291432,2025-04-06T23:00:26.000Z
geodnet,geod,Geodnet,https://coin-images.coingecko.com/coins/images/31608/large/Circular_White.png?1696530424,122197892,258,462370402.618101,961158067.618101,1000000000,0.374342,2025-01-25T12:51:06.000Z,0.03417228,2023-09-13T00:00:24.000Z
aethir,ath,Aethir,https://coin-images.coingecko.com/coins/images/36179/large/logogram_circle_dark_green_vb_green_%281%29.png?1718232706,120652450,259,20128764593,42000000000,42000000000,0.118536,2024-06-12T02:00:49.000Z,0.00364136,2026-08-14T11:02:20.000Z
midas-fasanara-global-open,mglo,Midas Fasanara Global Open,https://coin-images.coingecko.com/coins/images/102174031/large/mglobal-Cm4yjVTI.png?1781967852,119015917,260,118333564.1512772,118333564.1512772,,1.006,2026-09-25T09:00:30.000Z,1,2026-07-23T07:25:00.000Z
debridge,dbr,deBridge,https://coin-images.coingecko.com/coins/images/38019/large/DBR_icon_Color.png?1724708885,118449159,261,5928741329,10000000000,10000000000,0.05521,2024-12-21T16:26:03.000Z,0.01235762,2026-04-19T22:24:00.000Z
dydx-chain,dydx,dYdX,https://coin-images.coingecko.com/coins/images/32594/large/dydx.png?1698673495,117862017,262,846094216.4335754,958342751,1000000000,4.52,2024-03-07T14:19:11.000Z,0.078815,2026-03-07T19:05:30.000Z
plume,plume,Plume,https://coin-images.coingecko.com/coins/images/53623/large/PLUME_%281%29.png?1786085730,117353409,263,6606142167,10000000000,10000000000,0.247537,2025-03-19T14:25:55.000Z,0.00854877,2026-02-28T02:16:31.000Z
theo-short-duration-us-treasury-fund,thbill,Theo Short Duration US Treasury Fund,https://coin-images.coingecko.com/coins/images/67650/large/thBILL.png?1753401034,117218562,264,115843689.787306,115843689.787306,,1.11,2025-10-10T14:40:31.000Z,0.906552,2025-10-10T13:35:37.000Z
tradable-singapore-fintech-ssl-2,pc0000023,Tradable Singapore Fintech SSL,https://coin-images.coingecko.com/coins/images/66954/large/tradable.jpg?1751254449,114500000,,114500000,114500000,114500000,1,2025-07-03T02:25:09.000Z,1,2025-07-03T02:25:09.000Z
alpha-bulgaria-warrants,alfw,Alpha Bulgaria Warrants,https://coin-images.coingecko.com/coins/images/102174400/large/0fc344_46599cf95f3b4eac9dcd8b50a1fcd064_mv2%281%29%281%29.png?1783581235,114330001,265,35714286,35714286,35714286,3.2,2026-08-19T20:35:00.000Z,3.2,2026-08-19T15:45:00.000Z
gala,gala,GALA,https://coin-images.coingecko.com/coins/images/12493/large/GALA_token_image_-_200PNG.png?1709725869,114020380,266,50350315640.82676,50350315632.82676,50000000000,0.824837,2021-11-25T17:03:48.000Z,0.00013475,2020-12-28T00:46:48.000Z
prometeus,prom,Prom,https://coin-images.coingecko.com/coins/images/8825/large/Ticker.png?1696508978,113129354,267,18250000,19250000,19250000,105.94,2021-04-29T17:09:49.000Z,0.088747,2019-11-08T05:37:42.000Z
nxm,nxm,Nexus Mutual,https://coin-images.coingecko.com/coins/images/11810/large/NXMmain.png?1696511684,112225743,268,1665865.7296971304,1665865.72969713,,185.97,2021-11-10T07:14:14.000Z,6.96,2020-07-22T11:54:06.000Z
astherus-usdf,usdf,Aster USDF,https://coin-images.coingecko.com/coins/images/54133/large/USDF_LOGO.png?1738393978,111369161,269,111506038.48114718,111506038.4811471,,1.046,2025-10-10T14:42:58.000Z,0.798494,2025-10-10T13:23:15.000Z
four,form,Four,https://coin-images.coingecko.com/coins/images/54912/large/four.jpg?1742461445,110361941,270,381867255.14,572301922.1,580000000,4.19,2025-09-08T04:17:03.000Z,0.178657,2026-07-17T14:01:50.000Z
nest-blackopal-liquidstone-ii-vault,nopal,Nest BlackOpal LiquidStone II Vault,https://coin-images.coingecko.com/coins/images/70787/large/BlackOpal_Vault.png?1763752532,109853281,271,99778088.680243,99782748.680243,,1.25,2026-06-16T02:07:00.000Z,0.958277,2026-06-15T19:19:20.000Z
cheems-token,cheems,Cheems Token,https://coin-images.coingecko.com/coins/images/30376/large/Hg4_Lhbg_400x400.jpg?1696529270,109119750,272,203672952069061.34,203672952069061.34,219776051832671,0.00000216,2025-03-25T05:56:11.000Z,5.725e-9,2023-09-04T10:45:23.000Z
peaq-2,peaq,peaq,https://coin-images.coingecko.com/coins/images/51415/large/peaq-token-brand-icon_%281%29.png?1731122664,107700379,273,2549378433.8081603,4448989819.090388,5667620228.64,0.750473,2024-12-10T00:55:30.000Z,0.01224257,2026-03-14T08:10:36.000Z
sosovalue,soso,SoSoValue,https://coin-images.coingecko.com/coins/images/53919/large/soso.jpg?1737717378,106367575,274,342001548,1000000000,1000000000,1.42,2025-01-25T04:11:14.000Z,0.25641,2026-09-17T12:08:10.000Z
tradable-na-third-party-online-merchant-sstn,pc0000015,Tradable NA Third Party Online Merchant SSTN,https://coin-images.coingecko.com/coins/images/66880/large/tradable.jpg?1750921859,105971760,275,105971759.52,105971759.52,350000000,1,2025-07-03T02:25:11.000Z,1,2026-07-23T07:25:00.000Z
onyc,onyc,OnRe Tokenized Reinsurance,https://coin-images.coingecko.com/coins/images/67072/large/3D_ONYC.png?1779524172,105930076,276,92255947.81591317,253773540.6445565,,1.17,2026-07-25T16:25:40.000Z,1.005,2025-07-24T06:15:46.000Z
niu-lai,牛来,牛来 (Niu Lai),https://coin-images.coingecko.com/coins/images/102175567/large/niulai.webp?1786873800,105372851,277,1000000000,1000000000,1000000000,0.162447,2026-09-13T02:08:50.000Z,0.01055411,2026-08-16T13:02:40.000Z
genius-3,genius,Genius,https://coin-images.coingecko.com/coins/images/71660/large/genius.png?1768804210,105243355,278,335377059,953973324.2688038,1000000000,0.95329,2026-04-18T11:06:00.000Z,0.272078,2026-08-28T16:25:20.000Z
reserve-rights-token,rsr,Reserve Rights,https://coin-images.coingecko.com/coins/images/8365/large/RSR_Blue_Circle_1000.png?1721777856,104818442,279,62553174091,100000000000,100000000000,0.117424,2021-04-16T09:45:02.000Z,0.0010462,2026-07-01T08:51:20.000Z
qtum,qtum,Qtum,https://coin-images.coingecko.com/coins/images/684/large/Qtum_Logo_blue_CG.png?1696501874,104442977,280,106117783.75,107822406,,100.22,2018-01-05T16:00:00.000Z,0.627909,2026-08-12T04:00:30.000Z
quack-ai,q,Quack AI,https://coin-images.coingecko.com/coins/images/68793/large/quack_ai.png?1756615808,104079019,281,4481222303,10000000000,10000000000,0.05635,2026-09-27T14:29:30.000Z,0.00527092,2026-03-28T01:22:00.000Z
securitize-tokenized-aaa-clo-fund,stac,Securitize Tokenized AAA CLO Fund,https://coin-images.coingecko.com/coins/images/71167/large/stac_logo.png?1766163743,103610313,282,100198.000776,100198.000776,,1050.06,2026-08-19T15:30:00.000Z,997.66,2026-02-05T16:15:06.000Z
beam-2,beam,Beam,https://coin-images.coingecko.com/coins/images/32417/large/cgicon.png?1747892021,102857007,283,51300184687,58470184687,58470184687,0.04416304,2024-03-10T02:40:22.000Z,0.00121358,2026-06-25T13:59:50.000Z
microstrategy-xstock,mstrx,MicroStrategy xStock,https://coin-images.coingecko.com/coins/images/55631/large/Ticker_MSTR__Company_Name_MicroStrategy__size_200x200_2x.png?1746862528,102832086,284,667802.2703714767,1525983.288743633,,462.34,2025-07-17T21:29:46.000Z,80.66,2026-06-29T00:39:20.000Z
melania-meme,melania,Melania Meme,https://coin-images.coingecko.com/coins/images/53775/large/melania-meme.png?1737329885,102652269,285,999995696.884236,999995702.361385,1000000000,13.05,2025-01-19T23:00:55.000Z,0.066246,2026-06-06T05:03:30.000Z
frax-usd,frxusd,Frax USD,https://coin-images.coingecko.com/coins/images/53963/large/frxUSD.png?1737792154,102453778,286,102455882.7958107,102455882.7958107,,1.088,2026-04-12T03:19:00.000Z,0.97622,2025-02-17T09:32:23.000Z
0x,zrx,0x Protocol,https://coin-images.coingecko.com/coins/images/863/large/0x.png?1696501996,101584302,287,848396562.906836,1000000000,1000000000,2.5,2018-01-12T16:00:00.000Z,0.073101,2026-08-18T04:04:50.000Z
3jane-usd3,usd3,3Jane USD3,https://coin-images.coingecko.com/coins/images/102176550/large/20.png?1788098498,100467613,288,84839617.053726,84838075.558676,,1.23,2026-09-17T18:18:50.000Z,1.15,2026-09-17T14:01:00.000Z
tradable-latam-middle-market-lender-sstl,pc0000085,Tradable LatAm Middle-Market Lender SSTL,https://coin-images.coingecko.com/coins/images/66877/large/tradable.jpg?1750921571,100124199,289,100124198.51,100124198.51,150000000,1,2025-07-03T02:25:10.000Z,1,2026-07-23T07:25:00.000Z
unity-usd,uusd,Unity USD,https://coin-images.coingecko.com/coins/images/102172413/large/UUSD.png?1773390929,99956645,290,100000000,100000000,,1.26,2026-07-09T09:46:00.000Z,0.840277,2026-07-24T09:07:20.000Z
circle-internet-group-ondo-tokenized-stock,crclon,Circle Internet Group (Ondo Tokenized Stock),https://coin-images.coingecko.com/coins/images/68595/large/crclon_160x160.png?1756129889,99879644,291,1193538.2156973325,1193538.215697332,,158.37,2025-10-10T05:49:47.000Z,47.99,2026-02-05T16:26:02.000Z
dog-go-to-the-moon-rune,dog,Dog (Bitcoin),https://coin-images.coingecko.com/coins/images/37352/large/DOGGOTOTHEMOON.png?1714096969,99547884,292,100000000000,100000000000,100000000000,0.0099237,2024-12-11T08:05:38.000Z,0.00055967,2026-06-24T17:23:00.000Z
stronghold-token,shx,Stronghold,https://coin-images.coingecko.com/coins/images/7427/large/Blue_Mark_-_White_BG.png?1696507700,98879737,293,18605147403.494213,99747870079,100000000000,0.055673,2021-05-16T20:52:12.000Z,1.30103e-7,2021-04-07T04:27:56.000Z
kusama,ksm,Kusama,https://coin-images.coingecko.com/coins/images/9568/large/m4zRhP5e_400x400.jpg?1696509648,98336592,294,18910492.303579304,18910498.11635809,,621.71,2021-05-17T21:04:41.000Z,0.876572,2020-01-14T11:20:20.000Z
bitget-wrapped-btc,bgbtc,Bitget Wrapped BTC,https://coin-images.coingecko.com/coins/images/102172988/large/20260423-114744.png?1777014158,98234271,295,1184,1184,,87138,2026-09-23T04:48:40.000Z,58296,2026-06-30T18:57:10.000Z
cow-protocol,cow,CoW Protocol,https://coin-images.coingecko.com/coins/images/24384/large/CoW-token_logo.png?1719524382,97044381,296,574488169.0034184,1000000000,1000000000,2.22,2022-03-28T08:24:17.000Z,0.03987045,2022-11-09T10:32:42.000Z
wemix-token,wemix,WEMIX,https://coin-images.coingecko.com/coins/images/12998/large/wemixcoin_color_200.png?1696512788,96839119,297,499560472.78307045,560357384.9927065,590000000,24.71,2021-11-21T09:33:44.000Z,0.128398,2021-06-22T04:52:49.000Z
ordinals,ordi,ORDI,https://coin-images.coingecko.com/coins/images/30162/large/ordi.png?1696529082,96151726,298,21000000,21000000,,95.52,2024-03-04T17:45:22.000Z,2.1,2026-03-29T22:48:00.000Z
orca,orca,Orca,https://coin-images.coingecko.com/coins/images/17547/large/Orca_Logo.png?1696517083,95991497,299,60798761.783254,74999530.120393,100000000,20.33,2021-10-02T12:14:11.000Z,0.351125,2022-06-19T11:34:08.000Z
apollo-diversified-credit-securitize-fund,acred,Apollo Diversified Credit Securitize Fund,https://coin-images.coingecko.com/coins/images/54809/large/ACRED.png?1741801356,95312597,300,85973.91955400001,85973.91955400001,,1123.79,2026-09-11T12:40:00.000Z,1004.33,2025-04-09T06:50:03.000Z
cap-4,cap,Cap,https://coin-images.coingecko.com/coins/images/102174107/large/cap.jpg?1782391237,95019206,301,1560000000,10000000000,10000000000,0.078256,2026-08-14T14:32:50.000Z,0.01549444,2026-07-12T06:06:30.000Z
usda-2,usda,USDa,https://coin-images.coingecko.com/coins/images/51599/large/SUSDA.png?1731604761,94542304,,97758337.66345324,97749090.05064124,,1.021,2025-01-13T07:25:59.000Z,0.359131,2026-08-10T09:30:10.000Z
o1-exchange,o,o1.exchange,https://coin-images.coingecko.com/coins/images/102173974/large/o1.png?1781654491,94245008,302,160000000,1000000000,1000000000,0.941511,2026-06-20T10:44:00.000Z,0.334755,2026-06-17T15:39:40.000Z
helio-protocol-hay,lisusd,Lista USD,https://coin-images.coingecko.com/coins/images/26947/large/Coingecko_profile_lisUSD_200x200_%281%29.png?1707363097,93944720,303,94168068.65770346,94168068.65770346,,2,2022-08-25T04:10:21.000Z,0.208609,2022-12-01T18:43:06.000Z
arkham,arkm,Arkham,https://coin-images.coingecko.com/coins/images/30929/large/Arkham_Logo_CG.png?1696529771,93386561,304,713140638,1000000000,1000000000,3.98,2024-03-09T16:04:54.000Z,0.085376,2026-08-18T22:56:00.000Z
mag7-ssi,mag7.ssi,MAG7.ssi,https://coin-images.coingecko.com/coins/images/52962/large/mag7.png?1734863745,93303996,305,167644882.16396663,167644882.1639666,,1.35,2024-12-27T04:21:57.000Z,0.376104,2026-06-25T14:05:50.000Z
pharos-network,pros,Pharos,https://coin-images.coingecko.com/coins/images/102172947/large/pharos_400x400.jpg?1776780623,93236578,306,135600000,1000000000,,1.13,2026-04-28T15:06:00.000Z,0.31773,2026-07-21T00:12:30.000Z
targon,sn4,Targon,https://coin-images.coingecko.com/coins/images/66342/large/sn4.png?1749239249,92730006,307,5784884.512618494,5784884.512618494,21000000,39.23,2025-06-10T04:01:00.000Z,0.107935,2026-04-15T12:28:00.000Z
gas,gas,Gas,https://coin-images.coingecko.com/coins/images/858/large/GAS_512_512.png?1696501992,92033033,308,65093580.54427269,65093580.54427269,,91.94,2018-01-14T16:00:00.000Z,0.621309,2020-03-12T18:24:16.000Z
helium,hnt,Helium,https://coin-images.coingecko.com/coins/images/4284/large/helium_logo_use.png?1748092589,91694685,309,192717570.32458916,192717553.3385196,223000000,54.88,2021-11-12T15:08:25.000Z,0.113248,2020-04-17T16:19:10.000Z
baby-claw,babyclaw,Baby Claw,https://coin-images.coingecko.com/coins/images/102172057/large/2.jpg?1771331936,91376294,,1000000000,1000000000,1000000000,0.00048369,2026-02-17T04:44:17.000Z,0.00003632,2026-03-02T21:55:35.000Z
tagger,tag,TAGGER,https://coin-images.coingecko.com/coins/images/53206/large/IMG_3196.png?1735664645,89217789,310,108864805114.16998,405380800000,405380800000,0.00218685,2026-05-04T06:41:00.000Z,0.00001934,2025-03-12T05:57:01.000Z
velo,velo,Velo,https://coin-images.coingecko.com/coins/images/12538/large/Logo_200x_200.png?1696512350,89136655,311,17563876115,23999636080.36005,,2.29,2021-03-08T02:16:26.000Z,0.00103046,2022-12-19T17:50:14.000Z
zano,zano,Zano,https://coin-images.coingecko.com/coins/images/8370/large/Icon-App-512x512.png?1761825305,89065910,312,15435749.23,15435825.75,,17.81,2025-01-07T06:41:15.000Z,0.146452,2019-12-16T11:21:13.000Z
f-x-protocol-fxusd,fxusd,f(x) Protocol fxUSD,https://coin-images.coingecko.com/coins/images/36202/large/fxUSD.jpg?1710833113,88658134,313,88671973.82256767,88671973.82256767,,1.038,2026-02-05T16:40:29.000Z,0.953062,2024-12-05T07:45:54.000Z
unitywallet-token,unt,UnityWallet Token,https://coin-images.coingecko.com/coins/images/71637/large/unity_wallet_logo.png?1768642266,87819392,314,657414614.7136759,999999983.170466,1000000000,0.153578,2026-09-05T16:12:30.000Z,0.04934818,2026-02-05T16:30:17.000Z
wormhole,w,Wormhole,https://coin-images.coingecko.com/coins/images/35087/large/W_Token_%283%29.png?1758122686,87595549,315,6531344024,10000000000,10000000000,1.66,2024-04-03T03:46:35.000Z,0.00782451,2026-07-31T14:10:50.000Z
yearn-finance,yfi,yearn.finance,https://coin-images.coingecko.com/coins/images/11849/large/yearn.jpg?1696511720,87349763,316,36075.94701468851,36666,36666,90787,2021-05-11T16:29:37.000Z,31.65,2020-07-18T04:26:27.000Z
chip-2,chip,USD.AI,https://coin-images.coingecko.com/coins/images/102171777/large/CHIP_Token_Logo_Large.png?1776777444,87310240,317,2000000000,10000000000,10000000000,0.140189,2026-04-23T01:38:00.000Z,0.02161887,2026-08-09T23:50:20.000Z
cap-usd,cusd,Cap USD,https://coin-images.coingecko.com/coins/images/68272/large/cUSD_ab_500%C3%97500.png?1755232868,87041427,318,87044936.1555619,87044482.40534633,,1.17,2025-10-10T13:42:31.000Z,0.515274,2026-06-10T23:59:30.000Z
walrus-2,wal,Walrus,https://coin-images.coingecko.com/coins/images/54914/large/Walrus_Token_Full_Color_200x200.png?1772722407,86556133,319,2563750000,5000000000,5000000000,0.759179,2025-05-14T00:10:39.000Z,0.02004864,2026-08-14T15:06:00.000Z
yzy,yzy,YZY,https://coin-images.coingecko.com/coins/images/68439/large/yzy.png?1755756963,86147164,320,298963597.79974604,999999391.275992,1000000000,2.95,2025-08-20T18:38:44.000Z,0.188434,2025-10-10T13:36:03.000Z
livepeer,lpt,Livepeer,https://coin-images.coingecko.com/coins/images/7137/large/badge-logo-circuit-green.png?1719357686,85677001,321,49688954.55,49688954.55,,99.03,2021-11-09T08:58:44.000Z,0.354051,2019-10-26T14:59:09.000Z
safe,safe,Safe,https://coin-images.coingecko.com/coins/images/27032/large/Artboard_1_copy_8circle-1.png?1696526084,85525996,322,783165161,1000000000,1000000000,3.56,2024-04-22T23:10:17.000Z,0.075294,2026-06-24T17:48:30.000Z
spacex-bstocks-tokenized-stock,spcxb,SpaceX (bStocks Tokenized Stock),https://coin-images.coingecko.com/coins/images/102173888/large/bstocks_spacex.png?1781280362,85264133,323,570848.45584931,570978.48402804,,229.67,2026-06-16T01:00:20.000Z,105.76,2026-08-03T13:30:40.000Z
berachain-bera,bera,Berachain,https://coin-images.coingecko.com/coins/images/25235/large/BERA.png?1738822008,85027004,324,335530214.6765712,561324040.1849102,,14.83,2025-02-06T06:16:01.000Z,0.137662,2026-08-14T15:20:40.000Z
redstone-oracles,red,RedStone,https://coin-images.coingecko.com/coins/images/53640/large/RedStone_Logo_New_White.png?1740640919,84976070,325,528854889,1000000000,1000000000,0.932461,2025-03-06T04:36:56.000Z,0.082386,2026-08-17T10:25:20.000Z
goldfish-gold,ggbr,Goldfish Gold,https://coin-images.coingecko.com/coins/images/102172212/large/goldfish_logo_200x200.png?1772212434,84768535,326,20279176.576788373,25000000,,5.39,2026-03-02T06:11:24.000Z,1.85,2026-09-01T07:44:20.000Z
saturn-dollar,usdat,Saturn Dollar,https://coin-images.coingecko.com/coins/images/102172645/large/usdat.png?1774503009,84690486,327,84717144.184908,84761791.20756,,1.042,2026-04-08T13:58:00.000Z,0.995476,2026-09-09T13:27:30.000Z
numeraire,nmr,Numeraire,https://coin-images.coingecko.com/coins/images/752/large/numeraire.png?1696501906,84134189,328,7173190.616809717,10599958.08500871,11000000,93.15,2021-05-16T02:29:06.000Z,2.06,2018-11-26T16:00:00.000Z
zetachain,zeta,ZetaChain,https://coin-images.coingecko.com/coins/images/26718/large/Twitter_icon.png?1696525788,83590824,329,1607083333,2100000000,2100000000,2.85,2024-02-15T12:45:12.000Z,0.02663576,2026-08-14T10:00:10.000Z
rif-token,rif,Rootstock Infrastructure Framework,https://coin-images.coingecko.com/coins/images/7460/large/8befc44a46c247e8a3f7fc8abba586b1_%283%29.png?1705501867,83059130,330,1000000000,1000000000,,0.455938,2021-04-12T13:44:18.000Z,0.0091475,2019-06-11T16:00:00.000Z
kinetiq,kntq,Kinetiq,https://coin-images.coingecko.com/coins/images/70252/large/kntq.png?1761279547,82992613,331,280476290.48,1000000000,1000000000,0.376888,2026-06-02T03:42:30.000Z,0.03578417,2025-12-17T19:22:13.000Z
gmx,gmx,GMX,https://coin-images.coingecko.com/coins/images/18323/large/arbit.png?1696517814,82587086,332,10459617.057522688,10460476.03747111,13250000,91.07,2023-04-18T02:00:25.000Z,4.81,2026-07-01T06:49:50.000Z
purr-2,purr,Purr,https://coin-images.coingecko.com/coins/images/37125/large/PURR_CG.png?1713368828,81545653,333,594822711.22832,594822573.82746,1000000000,0.690036,2024-12-16T14:15:23.000Z,0.04236339,2025-12-18T12:07:22.000Z
digibyte,dgb,DigiByte,https://coin-images.coingecko.com/coins/images/63/large/digibyte.png?1696501454,81420086,334,18494468036.01323,18494501884.34638,21000000000,0.178084,2021-04-30T16:19:01.000Z,0.00003099,2015-01-13T16:00:00.000Z
pleasing-gold,pgold,Pleasing Gold,https://coin-images.coingecko.com/coins/images/70395/large/%E9%BB%84%E9%87%91.png?1761795141,81360152,335,19505.05044,19505.05044,,5507.64,2026-01-29T00:57:20.000Z,23.41,2026-04-23T14:05:00.000Z
kaito,kaito,KAITO,https://coin-images.coingecko.com/coins/images/54411/large/Qm4DW488_400x400.jpg?1739552780,80879168,336,241388889,1000000000,1000000000,2.88,2025-02-27T00:58:05.000Z,0.275928,2026-02-05T16:30:16.000Z
wrappedm-by-m0,wm,WrappedM by M0,https://coin-images.coingecko.com/coins/images/55070/large/wm.jpg?1743589588,80582456,337,80614950.526004,80614950.526004,,15.4,2025-09-04T08:49:45.000Z,0.969044,2025-09-20T04:44:48.000Z
fx-usd-saving,fxsave,f(x) USD Saving,https://coin-images.coingecko.com/coins/images/67384/large/fxsave.jpg?1752628124,79837642,338,71346035.92260088,71346035.92260088,,4.68,2026-02-20T23:21:10.000Z,0.985404,2026-06-21T22:15:20.000Z
theta-fuel,tfuel,Theta Fuel,https://coin-images.coingecko.com/coins/images/8029/large/1_0YusgngOrriVg4ZYx4wOFQ.png?1696508251,79239253,339,7482767068,7482835850,,0.68159,2021-06-08T22:50:55.000Z,0.00090804,2020-03-12T18:30:37.000Z
bulla-3,bulla,BULLA,https://coin-images.coingecko.com/coins/images/66398/large/hasb.png?1749288195,79174777,340,1000000000,1000000000,1000000000,0.490702,2026-02-01T00:52:39.000Z,0.00403668,2026-06-06T05:10:00.000Z
holotoken,hot,Holo,https://coin-images.coingecko.com/coins/images/3348/large/hot-mark-med.png?1747766692,79123362,341,177619433541.14133,177619433541.1413,,0.03126682,2021-04-05T08:04:52.000Z,0.0002202,2020-03-12T18:23:01.000Z
spark-2,spk,Spark,https://coin-images.coingecko.com/coins/images/38637/large/Spark-Logomark-RGB.png?1744878896,78586953,342,3352310315.911709,10000000000,10000000000,0.184472,2025-07-23T14:01:29.000Z,0.01301419,2026-08-19T07:36:10.000Z
circle-xstock,crclx,Circle xStock,https://coin-images.coingecko.com/coins/images/66918/large/CRCLx.png?1751052233,78428799,343,935119.5206152954,3269243.282312566,,257.13,2025-07-18T06:16:12.000Z,48.02,2026-02-05T16:15:30.000Z
story-2,data,Data Network,https://coin-images.coingecko.com/coins/images/54035/large/CMC_%281%29.png?1782401376,78286638,344,359411687,1032939721,,14.78,2025-09-21T13:07:34.000Z,0.170065,2026-08-18T14:08:00.000Z
tori-trusd,trusd,Tori trUSD,https://coin-images.coingecko.com/coins/images/102174232/large/trUSD.png?1782647856,77784408,345,77886300.15730077,77886300.15730077,,1.001,2026-07-28T22:52:00.000Z,0.996931,2026-09-30T03:39:00.000Z
funfair,fun,FUNToken,https://coin-images.coingecko.com/coins/images/761/large/FUN.png?1696501914,77760002,346,10999873621,10999873621,,0.191066,2018-01-07T16:00:00.000Z,0.00031003,2026-04-23T11:30:00.000Z
banana-for-scale-2,bananas31,Banana For Scale,https://coin-images.coingecko.com/coins/images/52230/large/Banana_token_image.png?1732801941,77743216,347,10000000000,10000000000,10000000000,0.057741,2025-07-10T17:35:56.000Z,0.00072336,2025-02-02T21:11:44.000Z
adi-token,adi,ADI,https://coin-images.coingecko.com/coins/images/68846/large/ADI_Token-min.png?1765296433,77649375,348,9434511.21887064,999999999,999999999,8.89,2026-09-18T17:06:30.000Z,0.975425,2025-12-10T01:46:25.000Z
usda-3,usda,USDA,https://coin-images.coingecko.com/coins/images/68094/large/IMG_0632.jpeg?1754724345,77281888,349,86967248.38104062,86967248.38104062,,1.19,2025-12-20T17:11:39.000Z,0.590562,2025-10-09T07:07:59.000Z
na-post-settlement-legal-financing-receivables,pc0000101,Tradable NA Post-Settlement Legal Financing Receivables,https://coin-images.coingecko.com/coins/images/66791/large/tradable.jpg?1750576168,76722081,350,76722080.574195,76722080.574195,100000000,1,2025-07-03T02:05:03.000Z,1,2026-07-23T07:25:00.000Z
usdsui,usdsui,USDsui,https://coin-images.coingecko.com/coins/images/70675/large/usdsui.png?1772769756,76711275,351,76670543.2,76670543.2,,1.021,2026-04-20T14:19:00.000Z,0.966852,2026-08-22T05:11:30.000Z
strategy-stretch-preferred-ondo-tokenized,strcon,Strategy Stretch Preferred (Ondo Tokenized),https://coin-images.coingecko.com/coins/images/102173053/large/stretch.png?1777525062,76117984,352,724377.2636876641,722869.3423841414,,106.12,2026-09-29T11:40:40.000Z,73.31,2026-06-26T13:34:00.000Z
baby-doge-coin,babydoge,Baby Doge Coin,https://coin-images.coingecko.com/coins/images/16125/large/babydoge.jpg?1696515731,76075787,353,184126930820583000,420000000000000000,420000000000000000,6.498e-9,2024-12-09T23:26:04.000Z,9.4771e-11,2021-06-08T18:48:21.000Z
sushi,sushi,Sushi,https://coin-images.coingecko.com/coins/images/12271/large/512x512_Logo_no_chop.png?1696512101,75986338,354,286745816.09018946,291514753.9009228,,23.38,2021-03-13T15:44:36.000Z,0.139503,2026-06-25T13:59:50.000Z
re,re,RE,https://coin-images.coingecko.com/coins/images/102173708/large/RE-Token.png?1781031591,75794946,355,159600000,1000000000,1000000000,1.079,2026-06-20T19:22:00.000Z,0.356989,2026-07-20T14:22:20.000Z
cygnus-finance-global-usd,cgusd,Cygnus Finance Global USD,https://coin-images.coingecko.com/coins/images/35628/large/cgUSD.png?1709291316,75601870,356,76202642.726888,76202642.726888,,1.089,2025-06-06T08:02:30.000Z,0.724325,2025-09-29T08:58:56.000Z
tradable-north-america-pos-lender-sstn,pc0000019,Tradable North America PoS Lender SSTN,https://coin-images.coingecko.com/coins/images/66800/large/tradable.jpg?1750576495,75568634,357,75568634,75568634,150000000,1,2025-07-03T02:25:08.000Z,1,2026-07-23T07:25:00.000Z
tradable-na-neobank-sstl,pc0000023,Tradable NA Neobank SSTL,https://coin-images.coingecko.com/coins/images/66797/large/tradable.jpg?1750576441,75000000,358,75000000,75000000,150000000,1,2025-07-03T02:25:03.000Z,1,2026-07-23T07:25:00.000Z
felix-feusd,feusd,Felix feUSD,https://coin-images.coingecko.com/coins/images/55068/large/feusd.jpg?1743581333,74955766,359,75004069,8898612537.573397,,1.067,2025-04-02T07:35:18.000Z,0.705908,2025-10-10T13:28:16.000Z
midas-mtbill,mtbill,Midas mTBILL,https://coin-images.coingecko.com/coins/images/37839/large/mTBILL_token.png?1728417279,74615970,360,69512960.5674206,69512960.5674206,,1.18,2026-07-15T18:06:50.000Z,0.808522,2026-04-20T22:34:00.000Z
apes-2-2,apes,APES,https://coin-images.coingecko.com/coins/images/102172561/large/photo_2024-08-16_17.29.08.png?1773900252,74491988,,900000000,900000000,900000000,0.085011,2026-09-27T12:38:20.000Z,0.05887,2026-06-29T02:14:10.000Z
kava,kava,Kava,https://coin-images.coingecko.com/coins/images/9761/large/kava.png?1696509822,74424577,361,1082846915,1082846915,,9.12,2021-08-30T03:10:02.000Z,0.03967785,2026-06-06T05:04:15.000Z
dola-usd,dola,DOLA,https://coin-images.coingecko.com/coins/images/14287/large/dola.png?1696513984,74358743,362,74541973.29902172,108868118.240939,,1.87,2021-11-13T05:09:22.000Z,0.088407,2024-02-10T15:55:20.000Z
exod,exod,EXOD,https://coin-images.coingecko.com/coins/images/102171773/large/exodus.png?1769612116,74271060,363,10446000,10446000,10446000,13.09,2026-02-03T01:55:04.000Z,4.93,2026-08-14T11:00:00.000Z
zero-gravity,0g,0G,https://coin-images.coingecko.com/coins/images/69096/large/0G_1024x1024_Circular_Outlined.png?1758637574,73786552,364,213199722,1000000000,,7.05,2025-09-22T18:51:08.000Z,0.136552,2026-08-19T06:13:00.000Z
zignaly,zig,ZIG Finance,https://coin-images.coingecko.com/coins/images/14796/large/CoinMarketCap.png?1790219143,73354970,365,1408940795.2396517,1953940795.2396517,2000000000,0.224179,2021-04-15T07:39:42.000Z,0.00428716,2023-07-14T21:31:20.000Z
oasis-network,rose,Oasis,https://coin-images.coingecko.com/coins/images/13162/large/200x200_%28Rounded%29.png?1743579893,72708883,366,8041558681,10000000000,10000000000,0.597347,2022-01-14T19:31:11.000Z,0.00501758,2026-07-28T01:08:40.000Z
ai-rig-complex,arc,AI Rig Complex,https://coin-images.coingecko.com/coins/images/52701/large/u312bPNA_400x400.jpg?1734044765,72441088,367,999982604.091622,999982604.091622,1000000000,0.623197,2025-01-21T19:35:28.000Z,0.00987155,2025-10-10T13:33:06.000Z
project-galaxy,gal,GAL (migrated to Gravity - G),https://coin-images.coingecko.com/coins/images/24530/large/galaxy.jpg?1696523708,72235988,368,127749331.18734433,200000000,200000000,18.32,2022-05-05T17:14:11.000Z,0.074171,2026-01-28T08:38:09.000Z
allora,allo,Allora,https://coin-images.coingecko.com/coins/images/70609/large/allo-token.png?1763451165,71942353,369,250237145.5327911,788362055.6533093,1000000000,1.6,2025-11-11T03:10:57.000Z,0.04768726,2026-02-05T16:25:34.000Z
nexpace,nxpc,Nexpace,https://coin-images.coingecko.com/coins/images/55703/large/wk63iOZz_400x400.png?1747126039,71909241,370,309371091.5175758,994552574.1697733,1000000000,3.77,2025-05-15T01:15:14.000Z,0.17425,2026-08-14T03:48:50.000Z
cross-2,one,ONEchain,https://coin-images.coingecko.com/coins/images/67058/large/ONE_logo_200x200.png?1787648216,71491921,371,523400959.9948462,985222889.9974294,1000000000,0.438189,2025-07-17T18:41:59.000Z,0.04660973,2025-07-05T22:56:39.000Z
qubic-network,qubic,Qubic,https://coin-images.coingecko.com/coins/images/32949/large/qubic_logo_new.png?1755496837,71413108,372,143181989857234,177566139365105,200000000000000,0.00001256,2024-03-02T04:28:41.000Z,3.39781e-7,2026-09-20T08:44:10.000Z
vethor-token,vtho,VeThor,https://coin-images.coingecko.com/coins/images/5230/large/VTHO_Circle_Crop__Reference_.png?1751980206,71352084,373,103391323704,103392702928,,0.04671227,2018-08-28T18:40:46.000Z,0.00015238,2020-03-16T02:14:24.000Z
crown-brlv,brlv,Crown BRLV,https://coin-images.coingecko.com/coins/images/102172108/large/BRLV.png?1775604601,71342744,374,371540844.16282994,371540844.1628299,,0.204863,2026-05-09T05:05:00.000Z,0.170464,2026-09-24T09:30:10.000Z
marscat-token,mcat,Marscat Token,https://coin-images.coingecko.com/coins/images/102178414/large/marscat_high_res.jpg?1789525548,71220833,375,94059332.99999988,1000000000,1000000000,1.19,2026-09-19T13:28:30.000Z,0.217044,2026-09-16T16:18:00.000Z
linea,linea,Linea,https://coin-images.coingecko.com/coins/images/68507/large/linea-logo.jpeg?1756025484,71117478,376,24527101521.37352,71593816498,72009990000,0.04666898,2025-09-10T07:26:12.000Z,0.00206952,2026-08-19T06:14:40.000Z
lisk,lsk,Lisk,https://coin-images.coingecko.com/coins/images/385/large/LSK-logo.png?1788508326,70690467,377,236156355.2260297,300000000,300000000,34.92,2018-01-06T16:00:00.000Z,0.070266,2026-08-03T03:31:20.000Z
ishares-core-s-p-500-etf-ondo-tokenized-etf,ivvon,iShares Core S&P 500 ETF (Ondo Tokenized ETF),https://coin-images.coingecko.com/coins/images/68650/large/ivvon_160x160.png?1756156270,70574777,378,90476.16669860962,90476.16669860962,,867.99,2026-09-29T11:40:30.000Z,638.07,2026-03-30T19:31:00.000Z
temple,temple,TempleDAO,https://coin-images.coingecko.com/coins/images/20040/large/LPK15ZOW_400x400.jpg?1696519459,70498594,379,23722422.59070615,23769704.54225455,,4.11,2025-11-20T20:47:53.000Z,0.186329,2023-03-19T02:06:55.000Z
prize-protocol,prize,Prize Protocol,https://coin-images.coingecko.com/coins/images/102173006/large/PrizeProtocolLogoHighRes.png?1777125639,69974745,380,53320833333.333336,99999997668.8865,100000000000,0.00150186,2026-09-05T17:57:50.000Z,0.0005997,2026-06-06T04:46:45.000Z
unifai-network,uai,UnifAI Network,https://coin-images.coingecko.com/coins/images/70521/large/uai.png?1762323485,69886491,381,239000000,1000000000,1000000000,0.836535,2026-09-12T10:29:50.000Z,0.06003,2025-11-06T15:21:15.000Z
turbo,turbo,Turbo,https://coin-images.coingecko.com/coins/images/30117/large/TurboMark-QL_200.png?1708079597,69833804,382,69000000000,69000000000,69000000000,0.01431669,2024-12-11T13:52:05.000Z,0.00006518,2023-09-26T13:46:54.000Z
matrixdock-gold,xaum,Matrixdock Gold,https://coin-images.coingecko.com/coins/images/51962/large/xaum_200px_logo_1x.png?1733560735,69732611,383,16716.954104275,16716.954104275,,5574.96,2026-01-29T05:21:03.000Z,2563.55,2024-12-19T14:00:45.000Z
zilliqa,zil,Zilliqa,https://coin-images.coingecko.com/coins/images/2687/large/Zilliqa-logo.png?1696503475,68982937,384,19513551525,20597455812.49444,21000000000,0.255376,2021-05-06T09:33:45.000Z,0.0021856,2026-08-18T03:33:50.000Z
proton,xpr,XPR Network,https://coin-images.coingecko.com/coins/images/10941/large/XPR.jpg?1696510891,68410265,385,28652669445.0618,32389539911.0547,,0.100088,2020-04-27T00:45:16.000Z,0.00054716,2023-10-19T02:05:22.000Z
book-of-meme,bome,BOOK OF MEME,https://coin-images.coingecko.com/coins/images/36071/large/bome.png?1710407255,68101269,386,68999659569,68999659569,68999659569,0.02688878,2024-03-16T05:51:17.000Z,0.00005848,2024-03-14T02:17:29.000Z
tesla-xstock,tslax,Tesla xStock,https://coin-images.coingecko.com/coins/images/55638/large/Ticker_TSLA__Company_Name_Tesla_Inc.__size_200x200_2x.png?1746863299,67792681,387,191472.47934624096,548253.6287622228,,496.55,2025-12-22T06:58:38.000Z,292.26,2025-07-07T06:00:30.000Z
bending-spoons-xstock,bspx,Bending Spoons xStock,https://coin-images.coingecko.com/coins/images/102174230/large/BSPx.png?1782604454,67694067,388,2075073.6325135482,2075073.632513548,,109.91,2026-09-24T07:21:10.000Z,28.12,2026-07-02T19:56:30.000Z
espresso,esp,Espresso,https://coin-images.coingecko.com/coins/images/67626/large/espresso.jpg?1753324525,67599574,389,691089230.8009801,3601379682,,0.217368,2026-02-24T00:10:22.000Z,0.05223,2026-02-15T11:15:15.000Z
diem,diem,Diem,https://coin-images.coingecko.com/coins/images/68436/large/DIEM_SeaMid_-_200px.png?1755734213,67575683,390,36539.22951044777,36540.44658785149,,2565.77,2026-09-09T07:44:00.000Z,80.54,2025-11-21T09:22:57.000Z
bio-protocol,bio,Bio Protocol,https://coin-images.coingecko.com/coins/images/53022/large/bio.jpg?1735011002,66019948,391,2145029070.25,3320000000,3320000000,0.888995,2025-01-03T05:16:10.000Z,0.01580293,2026-03-29T22:49:00.000Z
mindwavedao,nila,MindWaveDAO,https://coin-images.coingecko.com/coins/images/55467/large/NILA.png?1746206480,65829459,392,842766176.5500002,1057021569,1057021569,0.39007,2025-09-06T17:25:22.000Z,0.0014606,2025-09-26T18:45:46.000Z
babylon,baby,Babylon,https://coin-images.coingecko.com/coins/images/55092/large/Baby-Symbol-Mint_%281%29.png?1744788866,65641097,393,4626512925.98,10997798935,,0.166134,2025-04-12T00:11:41.000Z,0.00950914,2026-08-16T06:12:30.000Z
ondo-u-s-dollar-token,usdon,Ondo U.S. Dollar Token,https://coin-images.coingecko.com/coins/images/68688/large/usdon_160x160.png?1756268513,65632010,394,65632010.03637353,65784053.01887019,,1.091,2026-07-13T04:45:20.000Z,0.935065,2026-05-23T21:54:00.000Z
midas-mf-one,mf-one,Midas mF-ONE,https://coin-images.coingecko.com/coins/images/66975/large/mfone-logo.png?1751307469,65618018,395,58262940.055520885,58262940.05552088,,1.14,2026-08-19T15:30:00.000Z,1.008,2025-07-21T03:10:08.000Z
nervos-network,ckb,Nervos Network,https://coin-images.coingecko.com/coins/images/9566/large/Nervos_White.png?1696509646,65355868,396,49613291772.87683,50463360329.40592,,0.04370633,2021-03-31T09:08:59.000Z,0.00079635,2026-08-14T12:42:10.000Z
tradable-eu-latam-pos-financing-sstl,pc0000049,Tradable Eu/LatAm PoS Financing SSTL,https://coin-images.coingecko.com/coins/images/66794/large/tradable.jpg?1750576332,65300000,397,65300000,65300000,100000000,1,2025-07-03T02:25:01.000Z,1,2026-07-23T07:25:00.000Z
ecomi,omi,ECOMI,https://coin-images.coingecko.com/coins/images/4428/large/ECOMI.png?1696505023,64847461,398,270951644947,310882499574.018,750000000000,0.01343572,2021-03-19T09:20:53.000Z,0.00000337,2019-11-04T02:52:42.000Z
anvil,anvl,Anvil,https://coin-images.coingecko.com/coins/images/50825/large/anvil.png?1744709012,64845191,399,88081193769.55038,100000000000,100000000000,0.00929021,2025-01-03T18:16:12.000Z,0.00002512,2025-10-11T05:10:55.000Z
pha,pha,PHALA,https://coin-images.coingecko.com/coins/images/12451/large/phala.png?1696512270,64828038,400,857199884.1475242,1000000000,1000000000,1.39,2021-05-14T20:20:32.000Z,0.01921543,2026-08-03T10:57:10.000Z
sp500-xstock,spyx,SP500 xStock,https://coin-images.coingecko.com/coins/images/66695/large/Ticker_SPX__Company_Name_SP500__size_200x200_2x.png?1750266819,64686488,401,84071.16658719508,269051.1504659287,,783.63,2026-08-13T14:35:30.000Z,614.77,2025-07-02T15:29:47.000Z
axelar,axl,Axelar,https://coin-images.coingecko.com/coins/images/27277/large/V-65_xQ1_400x400.jpeg?1696526329,64669259,402,1245623449.090218,1255864097.58614,,2.64,2024-03-01T01:20:05.000Z,0.03438952,2026-08-19T05:58:40.000Z
dexe,dexe,DeXe,https://coin-images.coingecko.com/coins/images/12713/large/DEXE_token_logo.png?1696512514,64252424,403,35261722.78165521,96504599.33609451,,48.91,2026-07-13T00:47:00.000Z,0.671563,2020-11-06T11:31:40.000Z
creditcoin-2,ctc,Creditcoin,https://coin-images.coingecko.com/coins/images/10569/large/Creditcoin_Symbol_dark56.png?1737796066,64154764,404,549564264,599999997,,8.67,2021-03-13T19:54:22.000Z,0.063737,2026-08-19T00:47:20.000Z
comedian,ban,Comedian,https://coin-images.coingecko.com/coins/images/51100/large/ban.jpg?1730085215,63945693,405,999961859.27,999961859.27,1000000000,0.37799,2024-11-18T01:35:57.000Z,0.00929085,2024-10-28T20:34:36.000Z
astar,astr,Astar,https://coin-images.coingecko.com/coins/images/22617/large/astr.png?1696521933,63932875,406,8776111600,8776890521,10000000000,0.421574,2022-01-17T05:34:36.000Z,0.00438437,2026-08-18T02:58:20.000Z
securitize-corp,secz,Securitize,https://coin-images.coingecko.com/coins/images/102174282/large/secz_logo.png?1782923675,63729269,407,4025854,25878399,,16.66,2026-09-28T20:04:50.000Z,5.39,2026-08-17T21:15:00.000Z
io,io,io.net,https://coin-images.coingecko.com/coins/images/37754/large/io_blackbg.png?1715446363,63421284,408,397416158.3784961,797767523.4855669,800000000,6.43,2024-06-12T13:14:55.000Z,0.092979,2026-02-05T16:30:32.000Z
metal-blockchain,metal,Metal Blockchain,https://coin-images.coingecko.com/coins/images/27222/large/MB-Logo.png?1710514210,63242245,409,507639839.0528356,666666666,666666666,1.65,2022-09-12T05:18:04.000Z,0.03510303,2024-08-04T22:56:59.000Z
aelf,elf,aelf,https://coin-images.coingecko.com/coins/images/1371/large/aelf-logo.png?1696502429,63071401,410,826636224.4045647,999999972.6828748,1000000000,2.6,2018-01-08T16:00:00.000Z,0.03545756,2020-03-12T18:22:35.000Z
royal-euro,reur,Royal Euro,https://coin-images.coingecko.com/coins/images/102172401/large/REUR_logo_200x200_px.png?1773503207,62008637,,15000000,5000000000,,4.13,2026-06-29T19:51:40.000Z,0.348874,2026-06-23T12:49:00.000Z
merlin-chain,merl,Merlin Chain,https://coin-images.coingecko.com/coins/images/37118/large/merlin.jpeg?1713352230,61645446,411,2100000000,2100000000,2100000000,1.45,2024-04-19T03:41:13.000Z,0.01571843,2026-06-26T02:15:10.000Z
lobster-2,龙虾,龙虾 (Lobster),https://coin-images.coingecko.com/coins/images/102172215/large/bvnt2zqtx33e6at5pm5marta4070.?1772252895,61521358,412,1000000000,1000000000,1000000000,0.309268,2026-09-21T09:31:40.000Z,0.00145753,2026-02-28T09:08:30.000Z
swop-2,swop,Swop,https://coin-images.coingecko.com/coins/images/66773/large/Group_1000007182_copy.png?1750487480,61475385,413,9999998190.509241,9999998190.509241,10000000000,0.01391529,2025-08-30T12:02:22.000Z,0.0060491,2026-04-12T15:56:00.000Z
goplus-security,gps,GoPlus Security,https://coin-images.coingecko.com/coins/images/53686/large/Separate_logo%EF%BC%88green%EF%BC%89.png?1737033911,61181714,414,5937088889.057273,10000000000,10000000000,0.2198,2025-01-30T23:39:51.000Z,0.00441135,2025-12-18T11:58:16.000Z
threshold-network-token,t,Threshold Network,https://coin-images.coingecko.com/coins/images/22228/large/nFPNiSbL_400x400.jpg?1696521570,60664191,415,11155000000,11155000000,,0.226934,2022-03-02T00:36:02.000Z,0.00315491,2026-06-25T13:59:50.000Z
meme-horse,mhorse,MEME HORSE,https://coin-images.coingecko.com/coins/images/102171984/large/1000322552.png?1770837497,60517240,416,999999999,999999999,,0.120745,2026-06-18T11:33:30.000Z,0.01028842,2026-02-11T20:39:52.000Z
newton-project,ab,AB,https://coin-images.coingecko.com/coins/images/4376/large/400%E6%96%B9.png?1740377493,60231078,417,98823661261.46,98823661261.46,100000000000,0.01727373,2025-03-22T00:04:44.000Z,0.0000038,2022-10-10T18:32:18.000Z
celo,celo,Celo,https://coin-images.coingecko.com/coins/images/11090/large/InjXBNx9_400x400.jpg?1696511031,59858877,418,606869634,1000000000,1000000000,9.82,2021-08-30T06:25:09.000Z,0.055659,2026-06-30T20:44:20.000Z
talus,us,Talus,https://coin-images.coingecko.com/coins/images/70693/large/us-icon.png?1763129786,59847935,419,2912441176.634493,10000000000,10000000000,0.060785,2026-08-07T11:40:40.000Z,0.00267903,2026-03-07T22:40:15.000Z
mubarak,mubarak,Mubarak,https://coin-images.coingecko.com/coins/images/54857/large/DKjv3dc6_400x400.jpg?1742107486,59414086,420,1000000000,1000000000,1000000000,0.211228,2025-03-17T21:06:59.000Z,0.00921873,2026-06-25T13:59:30.000Z
noxo,noxo,NOXO,https://coin-images.coingecko.com/coins/images/102176562/large/20260828-171534.png?1788170562,59252774,421,166666666,166666666,166666666,0.374981,2026-09-27T02:55:00.000Z,0.211823,2026-09-01T02:41:30.000Z
flying-tulip,ft,Flying Tulip,https://coin-images.coingecko.com/coins/images/68285/large/FlyingTulip_FT_200px.png?1759802398,58778190,422,486726389.8307611,846861242.8246975,846861242.8246975,0.120767,2026-09-30T06:15:00.000Z,0.067001,2026-04-22T09:37:00.000Z
affine,sn120,affine,https://coin-images.coingecko.com/coins/images/69755/large/affine-logo.jpeg?1759487699,58703563,423,4190007.1847013296,4190007.184701329,21000000,30.83,2025-10-14T11:46:12.000Z,0.138582,2026-04-03T09:59:00.000Z
anonymous-cat,zcat,Anonymous Cat,https://coin-images.coingecko.com/coins/images/102176753/large/zcat.webp?1788637007,58649321,424,967614427.4418001,967604506.243738,1000000000,0.175532,2026-09-07T00:53:50.000Z,0.02244425,2026-09-05T19:58:20.000Z
enjincoin,enj,Enjin Coin,https://coin-images.coingecko.com/coins/images/1102/large/Symbol_Only_-_Purple.png?1709725966,58537157,425,2004491490.0074909,2026640486.307865,,4.82,2021-11-25T01:53:41.000Z,0.01740499,2026-03-07T22:25:21.000Z
venus,xvs,Venus,https://coin-images.coingecko.com/coins/images/12677/large/XVS_Token.jpg?1727454303,58352872,426,16865375.766882706,29745107.91112632,30000000,146.82,2021-05-09T19:04:27.000Z,1.65,2020-10-05T21:02:54.000Z
deep,deep,DeepBook,https://coin-images.coingecko.com/coins/images/50648/large/DEEP_Logo_256x256_px_%282%29.png?1728612340,58258453,427,2500000000,10000000000,10000000000,0.341085,2025-01-18T12:22:37.000Z,0.01073218,2024-10-14T05:34:58.000Z
token-pocket,tpt,TokenPocket Token,https://coin-images.coingecko.com/coins/images/7603/large/_TPT_LOGO.png?1739478114,57965495,428,5900000000,3183201665.4257,,0.14558,2021-05-13T21:54:58.000Z,0.00012901,2020-03-27T13:45:30.000Z
centrifuge-2,cfg,Centrifuge,https://coin-images.coingecko.com/coins/images/55913/large/centrifuge.jpg?1747707741,57870651,429,380384016,680000000,,0.400363,2025-08-24T15:01:33.000Z,0.067185,2026-02-06T00:57:13.000Z
blur,blur,Blur,https://coin-images.coingecko.com/coins/images/28453/large/blur.png?1696527448,57836631,430,2899226766.695205,3000000000,3000000000,5.02,2023-02-14T09:33:55.000Z,0.01276741,2026-08-18T03:33:20.000Z
orbio-so,orbio,Orbio.so,https://coin-images.coingecko.com/coins/images/102176665/large/orbio.jpg?1788424660,57705355,431,950000000,950000000,950000000,0.104196,2026-09-27T21:49:40.000Z,0.00234134,2026-09-05T01:16:00.000Z
efficientfrontier,sn53,EfficientFrontier,https://coin-images.coingecko.com/coins/images/66348/large/sn53.png?1749240216,57557326,432,5587448.164058975,5587448.164058975,21000000,12.86,2026-09-23T05:47:10.000Z,0.00849059,2026-04-03T09:32:00.000Z
the-black-bull,ansem,The Black Bull,https://coin-images.coingecko.com/coins/images/102174035/large/IMG_9497.jpeg?1782005339,57491489,433,414924304.22295403,997361845.662508,1000000000,0.443616,2026-07-06T22:05:30.000Z,0.00014442,2026-06-25T10:22:50.000Z
ontology,ont,Ontology,https://coin-images.coingecko.com/coins/images/3447/large/ONT.png?1696504138,57376564,434,1000000000,1000000000,,10.92,2018-05-02T17:43:05.000Z,0.03480475,2026-08-14T10:02:50.000Z
polymesh,polyx,Polymesh,https://coin-images.coingecko.com/coins/images/23496/large/Polymesh-symbol.png?1696522706,57229931,435,1323767668.459844,1323767668.459844,,0.748771,2024-03-31T13:30:42.000Z,0.02756208,2026-08-18T03:36:20.000Z
space-id,id,SPACE ID,https://coin-images.coingecko.com/coins/images/29468/large/sid_token_logo_%28green2%29.png?1696528413,57215728,436,1547258439.849969,1994841761.516638,2000000000,1.84,2024-03-17T02:31:23.000Z,0.02303165,2026-06-06T05:03:30.000Z
tradable-na-legal-receivables-ssl,pc0000081,Tradable NA Legal Receivables SSL,https://coin-images.coingecko.com/coins/images/66799/large/tradable.jpg?1750576475,57132381,437,57132381.03,57132381.03,125000000,1,2025-07-15T12:45:11.000Z,0.999999,2025-07-03T02:25:11.000Z
chainopera-ai,coai,ChainOpera AI,https://coin-images.coingecko.com/coins/images/69447/large/coai.png?1758625501,57060909,438,188000098,1000000000,1000000000,43.81,2025-10-12T12:51:39.000Z,0.138148,2025-09-26T07:57:34.000Z
vaneck-treasury-fund,vbill,VanEck Treasury Fund,https://coin-images.coingecko.com/coins/images/56023/large/vbill_200.png?1748092620,57039803,439,57039803.379655,57039803.379655,,1,2025-05-28T17:55:13.000Z,1,2026-07-23T07:25:00.000Z
researchcoin,rsc,ResearchCoin,https://coin-images.coingecko.com/coins/images/28146/large/RH_BOTTLE_CLEAN_Aug_2024_1.png?1732742001,56995755,440,999800279.2438151,999800279.2438151,1000000000,1.51,2025-01-04T17:15:48.000Z,0.00308244,2022-12-27T00:35:37.000Z
amp-token,amp,Amp,https://coin-images.coingecko.com/coins/images/12409/large/amp-200x200.png?1696512231,56922456,441,89781193103.18022,99720258778.82127,100000000000,0.120813,2021-06-16T08:03:41.000Z,0.00035595,2026-08-19T07:23:10.000Z
tellor,trb,Tellor Tributes,https://coin-images.coingecko.com/coins/images/9644/large/TRB-New_Logo.png?1737722143,56866075,442,2818145.6261707023,2899347.205990849,,593.09,2023-12-31T14:15:07.000Z,0.01001379,2019-11-01T02:00:10.000Z
pentagon-chain,pc,Pentagon Chain,https://coin-images.coingecko.com/coins/images/66638/large/pentagon-chain-token-fcp.png?1750094674,56847306,443,983275.3215980448,1000000,,62.02,2026-09-29T13:11:30.000Z,11.68,2025-06-16T14:54:20.000Z
bas,bas,BNB Attestation Service,https://coin-images.coingecko.com/coins/images/67419/large/bas.jpg?1752736026,56582444,444,2500000000,10000000000,10000000000,0.166539,2025-10-17T02:05:13.000Z,0.00259671,2026-02-05T16:35:42.000Z
based-brett,brett,Brett,https://coin-images.coingecko.com/coins/images/35529/large/1000050750.png?1709031995,56261950,445,9909601470.899294,9909601470.899294,9999998988,0.234204,2024-12-01T08:31:18.000Z,0.00084753,2024-02-29T00:40:24.000Z
ark,ark,ARK,https://coin-images.coingecko.com/coins/images/613/large/ark.png?1696501811,56232227,446,199451282.00000003,199451766,,10.22,2018-01-09T16:00:00.000Z,0.0339403,2017-03-21T16:00:00.000Z
altlayer,alt,AltLayer,https://coin-images.coingecko.com/coins/images/34608/large/Logomark_200x200.png?1715107868,56221575,447,7367187496,10000000000,10000000000,0.676743,2024-03-28T15:20:10.000Z,0.00536566,2026-06-06T05:03:15.000Z
score,sn44,Score,https://coin-images.coingecko.com/coins/images/66325/large/score-logo.jpg?1749213803,56209673,448,5590537.507662333,5590537.507662333,21000000,18.01,2026-09-20T22:26:40.000Z,0.053336,2026-04-03T10:00:00.000Z
strategy-tokenized-bstocks,mstrb,Strategy (bStocks Tokenized Stock),https://coin-images.coingecko.com/coins/images/102176875/large/mstrb.png?1788940298,56195457,449,365333.003289,365333.003289,,172.68,2026-09-23T04:48:20.000Z,123.75,2026-09-16T19:26:40.000Z
fonq,fonq,FONQ,https://coin-images.coingecko.com/coins/images/102173670/large/IMG_6664.png?1780833027,55957569,450,700000000,700000000,700000000,0.08965,2026-07-30T23:35:30.000Z,0.04096578,2026-08-03T07:09:30.000Z
nockchain,nock,Nockchain,https://coin-images.coingecko.com/coins/images/68474/large/GrCcG9N9_400x400.jpg?1755845184,55639453,451,2337648640,4294967296,4294967296,0.21022,2025-10-17T07:40:33.000Z,0.00442438,2026-04-15T02:33:00.000Z
jelly-my-jelly,jellyjelly,Jelly-My-Jelly,https://coin-images.coingecko.com/coins/images/54087/large/jellyjelly-logo.webp?1738218050,55575598,452,999999099.34,999999099.34,1000000000,0.473157,2025-11-04T13:30:40.000Z,0.00372817,2025-03-10T14:26:21.000Z
pirate-chain,arrr,Pirate Chain,https://coin-images.coingecko.com/coins/images/6905/large/Pirate_Chain.png?1696507223,55332747,453,196213797.97055,200000000,,16.76,2021-04-23T10:13:27.000Z,0.00797788,2020-11-25T18:10:52.000Z
flow,flow,Flow,https://coin-images.coingecko.com/coins/images/13446/large/5f6294c0c7a8cda55cb1c936_Flow_Wordmark.png?1696513210,55311978,454,1691717260.6068075,1691717260.606807,,42.4,2021-04-05T05:49:10.000Z,0.02368276,2026-07-28T01:09:20.000Z
arcium,arx,Arcium,https://coin-images.coingecko.com/coins/images/54948/large/Arcium_Logomark_04_400x400_circle.png?1782278429,55267935,455,208831342,1000000000,1000000000,0.466923,2026-06-22T11:50:00.000Z,0.10177,2026-08-17T20:59:30.000Z
standx-dusd,dusd,StandX DUSD,https://coin-images.coingecko.com/coins/images/55984/large/output-onlinepngtools.png?1747932126,55129731,456,55185230.497546,55185569.652352,,1.039,2025-11-20T23:46:31.000Z,0.880149,2026-07-14T15:22:10.000Z
toshi,toshi,Toshi,https://coin-images.coingecko.com/coins/images/31126/large/Toshi_Logo_-_Circular.png?1721677476,55128924,457,420690000000,420690000000,420690000000,0.00226012,2025-01-26T07:05:39.000Z,1.8963e-8,2023-10-09T08:05:26.000Z
unitas,up,Unitas,https://coin-images.coingecko.com/coins/images/71531/large/Logo_Mark_200.png?1772722048,54605852,458,215999885.54150105,999999885.541501,1000000000,0.522624,2026-08-31T23:29:20.000Z,0.067618,2026-03-14T04:06:10.000Z
alchemist-ai,alch,Alchemist AI,https://coin-images.coingecko.com/coins/images/52302/large/small-logo.png?1733053544,53927688,459,999952963.566511,999952963.566511,1000000000,0.243323,2025-12-17T20:32:38.000Z,0.01435554,2025-02-24T16:15:23.000Z
peanut-the-squirrel,pnut,Peanut the Squirrel,https://coin-images.coingecko.com/coins/images/51301/large/Peanut_the_Squirrel.png?1734941241,53577873,460,999841226.332283,999841223.323342,1000000000,2.44,2024-11-13T17:20:47.000Z,0.03187374,2024-11-04T13:41:11.000Z
nusd-2,nusd,Neutrl USD,https://coin-images.coingecko.com/coins/images/70027/large/NUSD-200x200.png?1760452629,53296810,,53390061.78502091,40036269.65963672,,1.031,2026-01-31T10:47:49.000Z,0.975411,2025-11-20T08:41:47.000Z
ozapay,oza,Ozapay,https://coin-images.coingecko.com/coins/images/69784/large/OZAPAY_TOKEN.png?1759652625,53036680,461,909588286.52,996888286.52,996889071.62,0.06022,2026-09-29T13:27:20.000Z,0.01207693,2026-05-18T07:13:00.000Z
verge,xvg,Verge,https://coin-images.coingecko.com/coins/images/203/large/Verge_Coin_%28native%29_icon_200x200.jpg?1699220755,52780294,462,16521951234.841335,16555000000,,0.261874,2017-12-23T16:00:00.000Z,0.00000223,2015-02-05T16:00:00.000Z
popcat,popcat,Popcat,https://coin-images.coingecko.com/coins/images/33760/large/image.jpg?1702964227,52612365,463,979978669.96,979978669.96,979978694,2.05,2024-11-17T07:50:59.000Z,0.00379728,2024-01-05T07:34:24.000Z
ravedao,rave,RaveDAO,https://coin-images.coingecko.com/coins/images/70544/large/coin.jpeg?1762452940,52564537,464,270224999,1000000000,1000000000,28.1,2026-04-18T01:38:00.000Z,0.15864,2026-09-16T17:47:30.000Z
bim-2,bim,BIM,https://coin-images.coingecko.com/coins/images/54860/large/bim-fi.jpg?1742179842,52437738,465,30000000,30000000,30000000,3.07,2025-08-24T11:22:19.000Z,0.861976,2025-04-08T17:31:48.000Z
lido-earnusd,earnusd,Lido EarnUSD,https://coin-images.coingecko.com/coins/images/102172834/large/earnUSD.png?1776151948,52142520,466,50460641.950633906,50461200.24657853,,4.65,2026-05-09T04:22:00.000Z,0.981191,2026-04-20T07:50:00.000Z
brz,brz,Brazilian Digital,https://coin-images.coingecko.com/coins/images/8472/large/MicrosoftTeams-image_%286%29.png?1696508657,51879467,467,271802680.13643295,271801393.1464329,,9.99,2023-10-29T15:35:00.000Z,0.00196567,2026-03-06T23:20:14.000Z
siacoin,sc,Siacoin,https://coin-images.coingecko.com/coins/images/289/large/shard_transparent_200.png?1752867579,51828251,468,49751295000.0225,49751295000.0225,,0.092868,2018-01-05T16:00:00.000Z,0.00001262,2015-12-27T16:00:00.000Z
unipoly,unp,Unipoly,https://coin-images.coingecko.com/coins/images/32510/large/20231018_231410.png?1698398961,51709333,469,279229999.9999999,1000000000,1000000000,0.50299,2026-09-22T21:31:40.000Z,0.00980688,2024-06-17T18:12:06.000Z
memetoon,meme,MEMETOON,https://coin-images.coingecko.com/coins/images/31632/large/meme.8af7ca91.png?1696530448,51673755,,100000000000,100000000000,100000000000,0.02211441,2023-09-13T19:00:18.000Z,1.00191e-7,2025-06-15T23:23:39.000Z
aria-chain,ariax,ARIA NETWORK,https://coin-images.coingecko.com/coins/images/102176622/large/1000253256.png?1788349539,51620230,470,200000000,200000000,200000000,0.263332,2026-09-22T06:58:30.000Z,0.231306,2026-09-11T12:31:30.000Z
huma-finance,huma,Huma Finance,https://coin-images.coingecko.com/coins/images/29215/large/huma.png?1696528173,51564542,471,1733333333,10000000000,10000000000,0.115647,2025-05-26T04:20:35.000Z,0.01107715,2026-02-26T09:55:58.000Z
anemoy-tokenized-apollo-diversified-credit-fund,acrdx,Anemoy Tokenized Apollo Diversified Credit Fund,https://coin-images.coingecko.com/coins/images/70454/large/acdrx.png?1762081579,51038021,472,50014229.92,50014229.92,,1.026,2026-09-09T15:35:00.000Z,1.015,2026-03-13T10:00:07.000Z
atoshi,atos,Atoshi,https://coin-images.coingecko.com/coins/images/55359/large/ATOS.png?1745609448,50821152,473,903160063.1789856,99999999999.99998,100000000000,0.109228,2025-04-26T16:10:22.000Z,0.02244457,2026-08-29T01:45:20.000Z
cat-in-a-dogs-world,mew,cat in a dogs world,https://coin-images.coingecko.com/coins/images/36440/large/MEW.png?1711442286,50770291,474,88888888888.88,88888888888.88,88888888888.88,0.01288153,2024-11-17T08:03:04.000Z,0.0003118,2026-08-16T22:00:50.000Z
aurora-near,aurora,Aurora,https://coin-images.coingecko.com/coins/images/20582/large/aurora.jpeg?1696519989,50719677,475,739888005,999739990,1000000000,35.4,2022-01-16T14:13:43.000Z,0.01455042,2026-08-15T02:14:20.000Z
dusk-network,dusk,DUSK,https://coin-images.coingecko.com/coins/images/5217/large/image_widget_biddfvxd454b1.png?1696505726,50686844,476,606614620.6177068,606620418.7658548,1000000000,1.09,2021-12-29T13:34:22.000Z,0.01113274,2020-03-12T18:24:16.000Z
na-capital-as-a-service-sstn,pc0016245,NA Capital-as-a-Service SSTN,https://coin-images.coingecko.com/coins/images/66593/large/tradable.jpg?1749883324,50600000,477,50600000,50600000,100000000,1,2025-07-03T02:25:10.000Z,1,2026-07-23T07:25:00.000Z
fidelity-digital-dollar,fidd,Fidelity Digital Dollar,https://coin-images.coingecko.com/coins/images/102171776/large/FIDD-Green_%28792px%29.png?1769612802,50422741,478,50440396.650000006,50440396.65,,1.011,2026-02-04T07:14:08.000Z,0.908649,2026-09-10T03:02:50.000Z
holoworld,holo,Holoworld,https://coin-images.coingecko.com/coins/images/68845/large/holo.png?1756787241,50323095,479,786778768.999999,2048000000,2048000000,0.775714,2025-09-11T04:11:26.000Z,0.050023,2026-02-05T16:25:39.000Z
blackrock-daily-reinvestment-stablecoin-reserve-vehicle,brsrv,BlackRock Daily Reinvestment Stablecoin Reserve Vehicle,https://coin-images.coingecko.com/coins/images/102175222/large/brsrv_logo.png?1785776164,50278365,480,50278364.78,50278364.78,,1,2026-08-10T17:15:00.000Z,1,2026-08-10T17:30:00.000Z
alloy-tether,ausdt,Alloy Tether,https://coin-images.coingecko.com/coins/images/38747/large/ausdt.png?1718681185,50110423,,50119208.49,50119208.49,,1.08,2026-08-29T13:32:40.000Z,0.050042,2026-08-11T07:43:10.000Z
aztec,aztec,Aztec,https://coin-images.coingecko.com/coins/images/70681/large/aztec.png?1763091883,50051400,481,2945662779.99,10350000000,10350000000,0.03989623,2026-02-20T21:05:24.000Z,0.01131373,2026-08-18T03:33:40.000Z
usdkg,usdkg,USDKG,https://coin-images.coingecko.com/coins/images/71116/large/USDKG_400x400.jpg?1765871330,49961393,482,50000000,50000000,,1.021,2026-01-23T01:26:20.000Z,0.992226,2026-02-24T04:02:01.000Z
quantum-resistant-ledger,qrl,Quantum Resistant Ledger,https://coin-images.coingecko.com/coins/images/700/large/qrl-logo.png?1763796842,49941334,483,78392960,78392960,105000000,3.87,2018-01-08T16:00:00.000Z,0.04116971,2023-12-01T04:26:13.000Z
nexus-4,nex,Nexus,https://coin-images.coingecko.com/coins/images/102173233/large/nexus.jpg?1778490588,49939861,484,60000000000000,100000000000000,100000000000000,0.00000695,2026-05-21T08:49:00.000Z,8.03243e-7,2026-09-23T14:28:30.000Z
xyo-network,xyo,XYO Network,https://coin-images.coingecko.com/coins/images/4519/large/XYO_Network-logo.png?1696505103,49815202,485,13930752875.479671,13930752875.47967,,0.081391,2021-11-05T20:44:55.000Z,0.00009672,2020-03-12T18:24:24.000Z
lombard-protocol,bard,Lombard,https://coin-images.coingecko.com/coins/images/68404/large/bard.png?1755657543,49707176,486,363750000,1000000000,1000000000,1.7,2026-03-05T12:26:18.000Z,0.100524,2026-08-18T03:33:40.000Z
ronin,ron,Ronin,https://coin-images.coingecko.com/coins/images/20009/large/photo_2024-04-06_22-52-24.jpg?1712415367,49250885,487,772401679.4337813,1000000000,1000000000,4.45,2024-03-25T21:12:38.000Z,0.04546125,2026-07-29T20:30:50.000Z
acurast,acu,Acurast,https://coin-images.coingecko.com/coins/images/34367/large/Acurast-symbol-dark-bg.png?1728418440,49050203,488,397434465,1030716300,,0.315928,2026-01-23T18:02:00.000Z,0.065109,2026-06-06T04:42:15.000Z
spiko-amundi-overnight-swap-fund-gbp,gbpsafo,Spiko Amundi Overnight Swap Fund (GBP),https://coin-images.coingecko.com/coins/images/102172592/large/Fund_gbpSAFO.png?1774104818,48750086,489,35959062.23684,35959062.23684,,1.39,2026-08-21T09:15:10.000Z,1.35,2026-09-24T18:10:10.000Z
notcoin,not,Notcoin,https://coin-images.coingecko.com/coins/images/33453/large/rFmThDiD_400x400.jpg?1701876350,48589650,490,99429355866.90741,102452755868.5205,102456956842.91,0.02836145,2024-06-02T10:00:38.000Z,0.00032055,2026-07-29T21:05:40.000Z
gekko,gekko,GEKKO,https://coin-images.coingecko.com/coins/images/32439/large/gekko_%281%29.png?1698228341,48515541,491,60000000000000,200000000000000,200000000000000,0.0000137,2024-03-06T13:14:42.000Z,5.49016e-7,2026-06-09T09:47:50.000Z
troll-2,troll,TROLL,https://coin-images.coingecko.com/coins/images/55282/large/Untitled_design.png?1777015928,48447323,492,998746883.099856,998746883.099856,1000000000,0.282604,2025-08-22T13:48:29.000Z,0.00387003,2025-04-21T19:50:51.000Z
