id,symbol,name,slug,logo,total_supply,contract,decimals
0x2e45bed32903ea421edd9f53f4b895683bf84444_binance_smart,FB,FourBook,fourbook,0x2e45bed32903ea421edd9f53f4b895683bf84444_binance_smartX4S.png,100000000000,"{""binance_smart"":""0x2e45bed32903ea421edd9f53f4b895683bf84444""}",18
robinhood-markets-backpack-securities,HOOD,Robinhood Markets (Backpack Securities),robinhood-markets-backpack-securities,robinhood-markets-backpack-securities7CC.png,7179,"{""solana"":""HooDYv5RewLRiMLnEVq3VJqdqxhuE6c5eYvqejMC3e9A""}",18
0xf988f63bf26c3ed3fbf39922149e3e7b1e5c27cb_ronin,RONKE,RONKE,ronke,ronke36L.png,1000000000,"{""ronin"":""0xf988f63bf26c3ed3fbf39922149e3e7b1e5c27cb""}",18
2z1p8xCEjRzpBHjXWrx4tJnz7BFL6z7NnvbCxH7bpump_solana,SAN,San Chan,san-chan,2z1p8xCEjRzpBHjXWrx4tJnz7BFL6z7NnvbCxH7bpump_solanacH5.png,999995924,"{""solana"":""GQz5ThKHNcuAvMKA8rCPSdoFUoApk9Fi8qB9m3Gqpump""}",18
unibot,UNIBOT,Unibot,unibot,unibotDfL.png,1000000,"{""ethereum"":""0xf819d9cb1c2a819fd991781a822de3ca8607c3c9""}",18
0x55db4b1f497b1d7aa93354701883efc758367777_binance_smart,WIRED,Wired fees to socials,wired-fees-to-socials,wired-fees-to-socialsIoS.png,1000000000,"{""binance_smart"":""0x55db4b1f497b1d7aa93354701883efc758367777""}",18
for-sale,SN47,For Sale,for-sale,for-sale6Ce.png,1433365,"{""bittensor"":""47""}",18
netflix-robinhood-tokenized-stock,NFLX,Netflix • Robinhood Token,netflix-robinhood-tokenized-stock,netflix-robinhood-tokenized-stockCjz.png,12029,"{""robinhood"":""0xe0444ef8bf4ed74f74fd73686e2ddf4c1c5591e8""}",18
npro,NPRO,NPRO,npro,nproFTK.png,10000000,"{""near-protocol"":""npro.nearmobile.near""}",18
apriori-monad-lst,APRMON,aPriori Monad LST,apriori-monad-lst,apriori-monad-lst8FG.png,22597212,"{""monad"":""0x0c65a0bc65a5d819235b71f554d210d3f80e0852""}",18
kub-bridged-usdt-kub,USDT,KUB Bridged USDT (KUB),kub-bridged-usdt-kub,kub-bridged-usdt-kubmYm.png,806752,"{""bitkub-chain"":""0x21cdc3706b8c7b1836df0e533dd884069521350b""}",18
0x1a5f9d77ca46646cd4937fd8d093f460b66f4444_binance_smart,老子,老子 (Laozi),laozi,0x1a5f9d77ca46646cd4937fd8d093f460b66f4444_binance_smarta1Y.png,1000000000,"{""binance_smart"":""0x1a5f9d77ca46646cd4937fd8d093f460b66f4444""}",18
0xf86af2fbcf6a0479b21b1d3a4af3893f63207fe7_binance_smart,GOUT,GOUT,gout,goutkje.png,81103247171,"{""binance_smart"":""0xf86af2fbcf6a0479b21b1d3a4af3893f63207fe7""}",18
blocksquare,BST,Blocksquare,blocksquare,blocksquareYkV.png,69263162,"{""ethereum"":""0x509a38b7a1cc0dcd83aa9d06214663d9ec7c7f4a""}",18
GCa9TZMK9Q3VUSkhZgX76YAQBjqQd1dPxkBnZojFpump_solana,PLUMBER,Plumber,plumber,plumber9vC.png,955320030,"{""solana"":""GCa9TZMK9Q3VUSkhZgX76YAQBjqQd1dPxkBnZojFpump""}",18
safe-haven,SHA,Safe Haven,safe-haven,safe-havenD3n.png,8500000000,"{""ethereum"":""0x40fed5691e547885cabd7a2990de719dcc8497fc"",""vechain"":""0x5db3c8a942333f6468176a870db36eef120a34dc"",""polygon-pos"":""0x534f39c5f4df9cb13e16b24ca07c7c8c0e2eadb7"",""binance_smart"":""0x40fed5691e547885cabd7a2990de719dcc8497fc""}",18
rnt-token,RNT,RNT,rnt-token,rnt-token2sr.png,999362328,"{""solana"":""2fUFhZyd47Mapv9wcfXh5gnQwFXtqcYu9xAN4THBpump""}",18
beam-bridged-usdc-beam,USDC,Beam Bridged USDC (Beam),beam-bridged-usdc-beam,beam-bridged-usdc-beamlLx.png,804584,"{""beam"":""0x76bf5e7d2bcb06b1444c0a2742780051d8d0e304""}",18
0xb841f365d5221bed66d60e69094418d8c2aa5a44_ethereum,DSTRX,Districts,districts,districtsirK.png,125000000,"{""ethereum"":""0xb841f365d5221bed66d60e69094418d8c2aa5a44"",""binance_smart"":""0xb841f365d5221bed66d60e69094418d8c2aa5a44"",""base"":""0xeca139be1214322752b4e427b1800fd3e8037bf8""}",18
katana-inu,KATA,Katana Inu,katana-inu,katana-inuyuE.png,50000000000,"{""ethereum"":""0x2e85ae1c47602f7927bcabc2ff99c40aa222ae15"",""binance_smart"":""0x6d6ba21e4c4b29ca7bfa1c344ba1e35b8dae7205"",""base"":""0x02454a97a8372f3a760a033dbb39e67d73bd6d87""}",18
whale,WHALE,WHALE,whale,1616173513665.png,10000000,"{""ethereum"":""0x9355372396e3f6daf13359b7b607a3374cc638e0"",""polygon-pos"":""0xb9585ec9d4c97ad9ded7250bb9a199fe8eed0eca""}",18
palm-economy,PALM,Palm Economy,palm-economy,palm-economysoz.png,50000000000,"{""cardano"":""b7c5cd554f3e83c8aa0900a0c9053284a5348244d23d0406c28eaf4d50414c4d0a"",""binance_smart"":""0x502a641decfe32b1e3d030e05effb8ae5146e64b""}",18
0xfac77f01957ed1b3dd1cbea992199b8f85b6e886_base,FACY,ArAIstotle,araistotle,araistotleqFd.png,1000000000,"{""base"":""0xfac77f01957ed1b3dd1cbea992199b8f85b6e886""}",18
AujTJJ7aMS8LDo3bFzoyXDwT3jBALUbu4VZhzZdTZLmG_solana,BEER,Beercoin,beercoin-2,beercoin-2Md9.png,888888618086,"{""solana"":""AujTJJ7aMS8LDo3bFzoyXDwT3jBALUbu4VZhzZdTZLmG""}",18
kalshi-prestocks,KALSHI,Kalshi PreStocks,kalshi-prestocks,kalshi-prestocksQS5.png,904.8489,"{""solana"":""PreLWGkkeqG1s4HEfFZSy9moCrJ7btsHuUtfcCeoRua""}",18
0xfa31d04462746aaa24bc7e5626403e09e4b106ec_robinhood,AGI,Artificial Girlfriend Intelligence,artificial-girlfriend-intelligence-2,artificial-girlfriend-intelligence-2jP6.png,1000000000,"{""robinhood"":""0xfa31d04462746aaa24bc7e5626403e09e4b106ec""}",18
vnx-euro,VEUR,VNX EURO,vnx-euro,vnx-euroYC8.png,2764083,"{""ethereum"":""0x6ba75d640bebfe5da1197bb5a2aff3327789b5d3"",""polygon-pos"":""0xe4095d9372e68d108225c306a4491cacfb33b097"",""avalanche"":""0x7678e162f38ec9ef2bfd1d0aaf9fd93355e5fa0b"",""solana"":""C4Kkr9NZU3VbyedcgutU6LKmi6MKz81sx6gRmk5pX519"",""tezos"":""KT1FenS7BCUjn1otfFyfrfxguiGnL4UTF3aG"",""stellar"":""VEUR-GDXLSLCOPPHTWOQXLLKSVN4VN3G67WD2ENU7UMVAROEYVJLSPSEWXIZN"",""arbitrum-one"":""0x4883c8f0529f37e40ebea870f3c13cdfad5d01f8"",""xrp"":""VEUR-rLPtwF4FZi8bNVmbQ8JgoDUooozhwMNXr3"",""fraxtal"":""0x4c0bd74da8237c08840984fdb33a84b4586aaee6"",""internet-computer"":""wu6g4-6qaaa-aaaan-qmrza-cai"",""q-mainnet"":""0x513f99dee650f529d7c65bb5679f092b64003520"",""celo"":""0x9346f43c1588b6df1d52bdd6bf846064f92d9cba"",""base"":""0x4ed9df25d38795a47f52614126e47f564d37f347""}",18
C4j7kPx9PqDnfvxe2uycJQRTAeyGwmU4DyGf21Xgpump_solana,MD,Market Dominance,market-dominance,C4j7kPx9PqDnfvxe2uycJQRTAeyGwmU4DyGf21Xgpump_solanaJDH.png,549658468,"{""solana"":""C4j7kPx9PqDnfvxe2uycJQRTAeyGwmU4DyGf21Xgpump"",""ethereum"":""0x0a9e3dde12e4519c9d89df69bd738490c9466bf4""}",18
intellex,ITLX,Intellex,intellex,intellex2wt.png,1000000000,"{""near-protocol"":""itlx.intellex_xyz.near""}",18
architex,ARCX,Architex,architex,architexBX4.png,10000000,"{""ethereum"":""0x8e4d27d772099e18900caf5dcc36cb612dcee886"",""base"":""0x9f44218d487bff2f81bef45202601df4bd4d1055""}",18
catbal,CATBAL,Catbal,catbal,catbalCyw.png,999309,"{""hyperliquid"":""0x38348c17e1a18559bbda232d22007695"",""hyperevm"":""0x11735dbd0b97cfa7accf47d005673ba185f7fd49""}",18
rome,ROME,Rome,rome,romeY4D.png,146325,"{""moonriver"":""0x4a436073552044d5f2f49b176853ad3ad473d9d6""}",18
fRfKGCriduzDwSudCwpL7ySCEiboNuryhZDVJtr1a1C_solana,DUPE,Dupe,dupe,fRfKGCriduzDwSudCwpL7ySCEiboNuryhZDVJtr1a1C_solanarQf.png,999939973,"{""solana"":""fRfKGCriduzDwSudCwpL7ySCEiboNuryhZDVJtr1a1C""}",18
0x44443dd87ec4d1bea3425acc118adb023f07f91b_binance_smart,修仙,修仙 (XiuXian),xiuxian,0x44443dd87ec4d1bea3425acc118adb023f07f91b_binance_smartpzv.png,1000000000,"{""binance_smart"":""0x44443dd87ec4d1bea3425acc118adb023f07f91b""}",18
6NspJqVFceCiU5D1YgVq7waYoC394Vhqxwg7cSJdFtVE_solana,FROG,Frogonsol,frogonsol,frogonsoluoJ.png,69000000000,"{""solana"":""6NspJqVFceCiU5D1YgVq7waYoC394Vhqxwg7cSJdFtVE""}",18
ondo-high-growth-powered-by-blackrock,BLKGRWON,Ondo High Growth Powered by BlackRock,ondo-high-growth-powered-by-blackrock,ondo-high-growth-powered-by-blackrock5xi.png,150531,"{""ethereum"":""0xc90341cb9cb8d65af044fab23b659b7b4279399b"",""binance_smart"":""0xe4bd77247671746caa3119e9feaa146f8a4ee237""}",18
neurai,XNA,Neurai,neurai,neurailck.png,17552378232,,
0xc28eb2250d1ae32c7e74cfb6d6b86afc9beb6509_ethereum,OPN,OPEN Ticketing Ecosystem,open-ticketing-ecosystem,open-ticketing-ecosystem1Gx.png,22926928000,"{""ethereum"":""0xc28eb2250d1ae32c7e74cfb6d6b86afc9beb6509"",""solana"":""J1YnyKzmxBwFkPftvZexnHTm4Am7JnmWydhxtXdwEmMv"",""polygon-pos"":""0x7844f79fc841e4f92d974c417031c76f8578c2d5"",""base"":""0x9a6d24c02ec35ad970287ee8296d4d6552a31dbe""}",18
0x238e40b75ae78a1388a14e517d855893e92e58db_robinhood,SGT,Sight,sight,0x238e40b75ae78a1388a14e517d855893e92e58db_robinhood1hX.png,1000000000,"{""robinhood"":""0x238e40b75ae78a1388a14e517d855893e92e58db""}",18
parallel-usdp,USDP,Parallel USDp,parallel-usdp,parallel-usdpyEX.png,787517,"{""base"":""0x76a9a0062ec6712b99b4f63bd2b4270185759dd5"",""sonic"":""0x08417cdb7f52a5021bb4eb6e0deaf3f295c3f182"",""ethereum"":""0x9b3a8f7cec208e247d97dee13313690977e24459"",""hyperevm"":""0xbe65f0f410a72bec163dc65d46c83699e957d588"",""avalanche"":""0x9ee1963f05553ef838604dd39403be21cef26aa4"",""tac"":""0x4def531c3060686948f00ecc7504f2e0b71eda14""}",18
0xe9c21de62c5c5d0ceacce2762bf655afdceb7ab3_polygon-pos,AKRE,Arkreen Token,arkreen-token,arkreen-tokenwuv.png,10000000000,"{""polygon-pos"":""0xe9c21de62c5c5d0ceacce2762bf655afdceb7ab3""}",18
0x13a5c811093dd001c328b59a0cc9dec88951f042_binance_smart,PAI,Panther AI,panther-ai,panther-aiYCk.png,475000004,"{""binance_smart"":""0x13a5c811093dd001c328b59a0cc9dec88951f042""}",18
velora,VLR,Velora,velora,veloraigT.png,2000000000,"{""ethereum"":""0x4e107a0000db66f0e9fd2039288bf811dd1f9c74"",""binance_smart"":""0x4e107a0000db66f0e9fd2039288bf811dd1f9c74"",""base"":""0x4e107a0000db66f0e9fd2039288bf811dd1f9c74"",""optimistic-ethereum"":""0x4e107a0000db66f0e9fd2039288bf811dd1f9c74""}",18
shopify-ondo-tokenized-stock,SHOPON,Shopify (Ondo Tokenized Stock),shopify-ondo-tokenized-stock,shopify-ondo-tokenized-stockrzS.png,5183,"{""ethereum"":""0x908266c1192628371cff7ad2f5eba4de061a0ac5"",""binance_smart"":""0x43d0b380c33cd004a6a69abd61843881a2de4113"",""solana"":""ivdDracs2s7jCP698dJXKSEQdVrNj9hasJL1Uq1ondo""}",18
bloom-energy-robinhood-tokenized-stock,BE,Bloom Energy • Robinhood Token,bloom-energy-robinhood-tokenized-stock,bloom-energy-robinhood-tokenized-stockguu.png,2737,"{""robinhood"":""0x822cc93ffd030293e9842c30bbd678f530701867""}",18
midas-mre7btc-2,MRE7BTC,Midas mRe7BTC,midas-mre7btc-2,midas-mre7btc-2bX7.png,9.2905,"{""ethereum"":""0x9fb442d6b612a6dcd2acc67bb53771ef1d9f661a"",""starknet"":""0x04e4fb1a9ca7e84bae609b9dc0078ad7719e49187ae7e425bb47d131710eddac""}",18
hydro-protocol-2,HDRO,Hydro Protocol,hydro-protocol-2,hydro-protocol-2nvx.png,1000000000,"{""injective"":""factory/inj1etz0laas6h7vemg3qtd67jpr6lh8v7xz7gfzqw/hdro""}",18
9oxGicd5KXNcthYM6yD23X9zcznQVnHjrAEN38fFpump_solana,BIOLLM,BioLLM,biollm,biollmXRa.png,994521311,"{""solana"":""9oxGicd5KXNcthYM6yD23X9zcznQVnHjrAEN38fFpump""}",18
kaia-bridged-usdt-kaia,USDT,Wormhole Bridged USDT (Kaia),kaia-bridged-usdt-kaia,kaia-bridged-usdt-kaiaTV1.png,782318,"{""klay-token"":""0x5c13e303a62fc5dedf5b52d66873f2e59fedadc2""}",18
gold-token,GLDT,Gold Token,gold-token,gold-tokenmcK.png,594500,"{""internet-computer"":""6c7su-kiaaa-aaaar-qaira-cai"",""base"":""0x86856814e74456893cfc8946bedcbb472b5fa856"",""ethereum"":""0x86856814e74456893cfc8946bedcbb472b5fa856"",""arbitrum-one"":""0x86856814e74456893cfc8946bedcbb472b5fa856""}",18
8dBnKHwNYH3hz2fFTJczVwzBTpJFAMtc53k3uA4zpump_solana,FILLED,filled.cards,filled-cards,filled-cardskXF.png,969797614,"{""solana"":""8dBnKHwNYH3hz2fFTJczVwzBTpJFAMtc53k3uA4zpump""}",18
0x2f714d7b9a035d4ce24af8d9b6091c07e37f43fb_binance_smart,NODE,NodeOps,node-2,node-2n9e.png,652506777,"{""binance_smart"":""0x2f714d7b9a035d4ce24af8d9b6091c07e37f43fb"",""ethereum"":""0x2f714d7b9a035d4ce24af8d9b6091c07e37f43fb""}",18
futu-holdings-ondo-tokenized-stock,FUTUON,Futu Holdings (Ondo Tokenized Stock),futu-holdings-ondo-tokenized-stock,futu-holdings-ondo-tokenized-stockQhu.png,7482,"{""ethereum"":""0x5ce215d9c37a195df88e294a06b8396c296b4e15"",""binance_smart"":""0x5acf40056ed51c8bbcd1b125ef803581ac89a627"",""solana"":""Ao5rKFRQ54W3DKSAtqfhBRPNHewwWRLNLao2JL9ondo""}",18
portal-bridged-usdc-fogo,USDC.S,Portal Bridged USDC (Fogo),portal-bridged-usdc-fogo,portal-bridged-usdc-fogoDqt.png,780734,"{""fogo"":""uSd2czE61Evaf76RNbq4KPpXnkiL3irdzgLFUMe3NoG""}",18
warped-games,WARPED,Warped,warped-games,warped-gamesYMM.png,9238134118,"{""ethereum"":""0x6af53c6ec427525f7240e211941223288a0e7c66"",""sui"":""0x50c9c77f29de11a2abdbe60e0869a026dc47c94bfc4e7d461c80313b079d44d2::warped::WARPED""}",18
ami,AMI,Amnis Finance,ami,amiMVy.png,1000000000,"{""aptos"":""0xb36527754eb54d7ff55daf13bcb54b42b88ec484bd6f0e3b2e0d1db169de6451""}",18
newrails-euro,EURW,Newrails Euro,newrails-euro,newrails-euro9l5.png,692189,"{""monad"":""0x1111b3ded9f1fe1801ad4ebef8e2788183a24111""}",18
klaytn-dai,KDAI,Klaytn Dai,klaytn-dai,klaytn-dai2kb.png,7978133,"{""klay-token"":""0x5c74070fdea071359b86082bd9f9b3deaafbe32b""}",18
solvex-network,SOLVEX,Solvex Network,solvex-network,solvex-networkf9h.png,49999985,"{""binance_smart"":""0x8c47fcbcf4fc23f57b59527a96ee3b0944c3946c""}",18
thala,THL,Thala,thala,thala0Io.png,100000000,"{""aptos"":""0x7fd500c11216f0fe3095d0c4b8aa4d64a4e2e04f83758462f2b127255643615::thl_coin::THL""}",18
santahood,SANTACOIN,SANTAHOOD,santahood,santahood7of.png,1000000000,"{""robinhood"":""0x38bb87cf3e7344a82be7cd671c191f015b97eee6""}",18
0xe0eba1b76b73be7bfa7716b6ca96f724930e2263_robinhood,$ROBBIE,Robbie,robbie,robbieqPk.png,999999904,"{""robinhood"":""0xe0eba1b76b73be7bfa7716b6ca96f724930e2263""}",18
lumint,LUMINT,Lumint,lumint,lumintnh1.png,3000000000,"{""binance_smart"":""0xb99011c9feedc72d7e9c63591f4faa3d09b25c1e""}",18
swash,SWASH,Swash,swash,swasholu.png,1000000000,"{""ethereum"":""0xa130e3a33a4d84b04c3918c4e5762223ae252f80"",""polygon-pos"":""0xba3cb8329d442e6f9eb70fafe1e214251df3d275"",""xdai"":""0x84e2c67cbefae6b5148fca7d02b341b12ff4b5bb"",""binance_smart"":""0x41065e3428188ba6eb27fbdde8526ae3af8e3830""}",18
tptu,TPTU,TPTU,tptu,tptusRR.png,15000000,,
0x067def80d66fb69c276e53b641f37ff7525162f6_ethereum,OGPU,OPEN GPU,open-gpu,open-gpuBFI.png,21000000,"{""ethereum"":""0x067def80d66fb69c276e53b641f37ff7525162f6""}",18
optimistic-general-intelligence,OGI,Optimistic General Intelligence,optimistic-general-intelligence,optimistic-general-intelligenceavM.png,968336934,"{""solana"":""12SFro5AeU3z4b3exEpLczbwcm49EvwU312j1JvB5ogi""}",18
worldwide-usd,WUSD,Worldwide USD,worldwide-usd,worldwide-usdLI5.png,658793,"{""ethereum"":""0x7cd017ca5ddb86861fa983a34b5f495c6f898c41"",""polygon-pos"":""0x7cd017ca5ddb86861fa983a34b5f495c6f898c41"",""binance_smart"":""0x5c873454ba84ada3d8a5f7b535a3a21a2eb8d7cb"",""solana"":""EczfGov7Mia54FLP6Stz3kttWsUA2fv4vtDTKLuyAPDN"",""arbitrum-one"":""0x386601d1e55c48e759bbf57c56015aad0d7f1b56"",""base"":""0x890a40bfae3bf25a5e7c50a31505774ee7a5d33b"",""tomochain"":""0xba73e59f11597c1c13b0d9114688efb6a6d430f6""}",18
povel-durev,DUREV,Povel Durev,povel-durev,povel-durevUYB.png,95775735,"{""the-open-network"":""EQB02DJ0cdUD4iQDRbBv4aYG3htePHBRK1tGeRtCnatescK0""}",18
xandeum,XAND,Xandeum,xandeum,xandeumgFx.png,4014956628,"{""solana"":""XANDuUoVoUqniKkpcKhrxmvYJybpJvUxJLr21Gaj3Hx""}",18
texas-instruments-ondo-tokenized,TXNON,Texas Instruments (Ondo Tokenized),texas-instruments-ondo-tokenized,texas-instruments-ondo-tokenizedAEX.png,2598,"{""ethereum"":""0x58fc9d573ea773ef9a25c3de66f990b87ee5f50e"",""binance_smart"":""0xca3a5c955f1f01f20aacf9501b03e4aa235e478b"",""solana"":""81xLFvCzFaUM3KDxSHC75pXu3RPCeSeCbmGBY8aondo""}",18
0xea36af87df952fd4c9a05cd792d370909bbda8db_ethereum,KPOP,OFFICIAL K-POP,official-k-pop,official-k-popWoO.png,8000000000,"{""ethereum"":""0xea36af87df952fd4c9a05cd792d370909bbda8db""}",18
0x031b8d752d73d7fe9678acef26e818280d0646b4_ethereum,SOVRN,Sovrun,sovrun,sovrunMCi.png,896771567,"{""ethereum"":""0x031b8d752d73d7fe9678acef26e818280d0646b4"",""base"":""0xca4c2e10037ac1af9f501ecb11a710776c87d2d5"",""hyperliquid"":""0xc6aef97252f0081eb8246e24f24c5fe7""}",18
0x972966bcc17f7d818de4f27dc146ef539c231bdf_ethereum,DBIT,Dialectic BTC Vault,dialectic-btc-vault,dialectic-btc-vaultPle.png,9.0375,"{""ethereum"":""0x972966bcc17f7d818de4f27dc146ef539c231bdf""}",18
dtec-token,DTEC,Dtec token,dtec-token,dtec-tokenTD5.png,338415647,"{""polygon-pos"":""0xd87af7b418d64ff2cde48d890285ba64fc6e115f""}",18
dell-technologies-ondo-tokenized,DELLON,Dell Technologies (Ondo Tokenized),dell-technologies-ondo-tokenized,dell-technologies-ondo-tokenized3CR.png,1364,"{""ethereum"":""0xee9f43476c5b7292b114ba1b280a42a8746792d4"",""binance_smart"":""0xf26518958935654878de15be7bc79a26971583ba"",""solana"":""cFDP5SsUBeKrV1RkKHdaofHBSfRW8cBd7DiaPTSLAon""}",18
effect-ai,EFFECT,Effect AI,effect-ai,effect-aiIm8.png,519999761,"{""solana"":""EFFECT1A1R3Dz8Hg4q5SXKjkiPc6KDRUWQ7Czjvy4H7E""}",18
360noscope420blazeit,MLG,360noscope420blazeit,360noscope420blazeit,360noscope420blazeitzdO.png,997452352,"{""solana"":""7XJiwLDrjzxDYdZipnJXzpr1iDTmK55XixSFAa7JgNEL""}",18
0x5519a479da8ce3af7f373c16f14870bbeafda265_binance_smart,BNBUSD,Sigma bnb USD,sigma-bnb-usd,sigma-bnb-usdgO1.png,617846,"{""binance_smart"":""0x5519a479da8ce3af7f373c16f14870bbeafda265""}",18
premia,PREMIA,Premia,premia,premiat81.png,100000000,"{""ethereum"":""0x6399c842dd2be3de30bf99bc7d1bbf6fa3650e70"",""optimistic-ethereum"":""0x374ad0f47f4ca39c78e5cc54f1c9e426ff8f231a"",""fantom"":""0x3028b4395f98777123c7da327010c40f3c7cc4ef"",""arbitrum-one"":""0x51fc0f6660482ea73330e414efd7808811a57fa2""}",18
tradesman,TRADIE,TRADESMAN,tradesman,tradesmanOvU.png,1095219270,"{""solana"":""39foCGC9zixPSXVzRZdCbKE6nmx5WyjDq5FJ3J7x4REV""}",18
0x2d739dd563609c39a1ae1546a03e8b469361175f_binance_smart,KO,Kyuzo's Friends,kyuzo-s-friends,kyuzo-s-friends3z8.png,1000000000,"{""binance_smart"":""0x2d739dd563609c39a1ae1546a03e8b469361175f""}",18
micron-technology-robinhood-tokenized-stock,MU,Micron Technology • Robinhood Token,micron-technology-robinhood-tokenized-stock,micron-technology-robinhood-tokenized-stockJ5t.png,4304,"{""robinhood"":""0xff080c8ce2e5feadaca0da81314ae59d232d4afd""}",18
0xb0788f5f65a9f4c0d8a634c45c391234f46221ab_robinhood,AUR,Aurum,aurum-2,aurum-2IP3.png,1000000000,"{""robinhood"":""0xb0788f5f65a9f4c0d8a634c45c391234f46221ab""}",18
zero-tech,MEOW,MEOW,zero-tech,zero-techtNy.png,10101010101,"{""ethereum"":""0x0ec78ed49c2d27b315d462d43b5bab94d2c79bf8""}",18
kondux-v2,KNDX,KONDUX,kondux-v2,kondux-v2E8d.png,943410209,"{""ethereum"":""0x7ca5af5ba3472af6049f63c1abc324475d44efc1""}",18
83iBDw3ZpxqJ3pEzrbttr9fGA57tttehDAxoFyR1moon_solana,MEMDEX,MEMDEX100,memdex100,83iBDw3ZpxqJ3pEzrbttr9fGA57tttehDAxoFyR1moon_solanavAY.png,988805886,"{""solana"":""83iBDw3ZpxqJ3pEzrbttr9fGA57tttehDAxoFyR1moon""}",18
0xefc814a4c676a7314a13954e283de6cef597e6b2_ethereum,MIND,Mind of Pepe,mind-of-pepe,0xefc814a4c676a7314a13954e283de6cef597e6b2_ethereum8jB.png,45690040402,"{""ethereum"":""0xefc814a4c676a7314a13954e283de6cef597e6b2""}",18
a3W4qutoEJA4232T2gwZUfgYJTetr96pU4SJMwppump_solana,WHITEWHALE,The White Whale,the-white-whale,a3W4qutoEJA4232T2gwZUfgYJTetr96pU4SJMwppump_solana4LO.png,1000000000,"{""solana"":""a3W4qutoEJA4232T2gwZUfgYJTetr96pU4SJMwppump""}",18
streamr-xdata,XDATA,Streamr XDATA,streamr-xdata,streamr-xdatafI6.png,987154514,"{""ethereum"":""0x0cf0ee63788a0849fe5297f3407f701e122cc023""}",18
EmcxFTNVDqyLHp11NvwvLZ4D7LKGbG9i7B8RF7dwpump_solana,ZERO,c0mpute,c0mpute,c0mputehl2.png,974580759,"{""solana"":""EmcxFTNVDqyLHp11NvwvLZ4D7LKGbG9i7B8RF7dwpump""}",18
0xd29da236dd4aac627346e1bba06a619e8c22d7c5_ethereum,MAGA,MAGA Hat,maga-hat,maga-hatdhy.png,413336042466,"{""ethereum"":""0xd29da236dd4aac627346e1bba06a619e8c22d7c5""}",18
cashaa,CAS,Cashaa,cashaa,CashaaUI6Hv.png,1000000000,"{""binance_smart"":""0x780207b8c0fdc32cf60e957415bfa1f2d4d9718c""}",18
0x5d6ef090a1461b11c9427ac319260122d1c61e18_robinhood,ICOIN,iCoin,icoin-2,0x5d6ef090a1461b11c9427ac319260122d1c61e18_robinhoodnHv.png,997755456,"{""robinhood"":""0x5d6ef090a1461b11c9427ac319260122d1c61e18""}",18
neuron-icp,NICP,neuron ICP,neuron-icp,neuron-icp9Hn.png,178928,"{""internet-computer"":""buwm7-7yaaa-aaaar-qagva-cai""}",18
quantinuum-bstocks-tokenized-stock,QNTB,Quantinuum (bStocks Tokenized Stock),quantinuum-bstocks-tokenized-stock,quantinuum-bstocks-tokenized-stockDYc.png,16224,"{""binance_smart"":""0xd721c192d612db77621df57a9fab38418033c02e""}",18
universal-usdc,UUSDC,Universal USDC,universal-usdc,universal-usdceYX.png,361609,"{""base"":""0xb7890cee6cf4792cdcc13489d36d9d42726ab863""}",18
ondo-8-targeted-income-tr-portfolio,YLD8ON,Ondo 8 Targeted Income TR Portfolio,ondo-8-targeted-income-tr-portfolio,ondo-8-targeted-income-tr-portfolioJAh.png,150192,"{""ethereum"":""0xa045c4477fb0a0630a50e7915a7fb4d82ede362b"",""binance_smart"":""0x2f20d5dfbaffa3e6351e06b8b18059747cd7ee72""}",18
0x271602a97027ee1dd03b1e6e5db153eb659a80b1_cronos-zkevm,VETH,Veno ETH,veno-eth,veno-ethMrW.png,301.5742,"{""cronos-zkevm"":""0x271602a97027ee1dd03b1e6e5db153eb659a80b1""}",18
attention,ATTN,Attention,attention,attentionueO.png,1000000000,"{""sui"":""0x0ef38abcdaaafedd1e2d88929068a3f65b59bf7ee07d7e8f573c71df02d27522::attn::ATTN""}",18
typus,TYPUS,Typus,typus,typusxRG.png,1000000000,"{""sui"":""0xf82dc05634970553615eef6112a1ac4fb7bf10272bf6cbe0f80ef44a6c489385::typus::TYPUS""}",18
8jzRznet3cR3Y1KhciwUxKEqPku3BLcfiJLpVjMU3NF7_solana,PEPE,PepeCoin on Solana,pepecoin-on-solana,pepecoin-on-solanaKXK.png,99998653192,"{""solana"":""8jzRznet3cR3Y1KhciwUxKEqPku3BLcfiJLpVjMU3NF7""}",18
vulcan-forged,PYR,Vulcan Forged,vulcan-forged,1619776532705.png,50000000,"{""ethereum"":""0x430ef9263e76dae63c84292c3409d61c598e9682"",""polygon-pos"":""0x430ef9263e76dae63c84292c3409d61c598e9682""}",18
concilium,CONCILIUM,Concilium,concilium,conciliummGW.png,2673971,"{""binance_smart"":""0x40af8fd127dcd302d7ffa6f37cf5a002e54ac68c""}",18
verathos,SN96,Verathos,verathos,verathosTBt.png,21000000,"{""bittensor"":""96""}",18
0x351ab2c51e223b28d219fe28cc3956410cc11e18_robinhood,ANTHROPIG,Anthropig,anthropig,0x351ab2c51e223b28d219fe28cc3956410cc11e18_robinhoodEgt.png,1000000000,"{""robinhood"":""0x351ab2c51e223b28d219fe28cc3956410cc11e18""}",18
pareto-staked-usp,SUSP,Pareto Staked USP,pareto-staked-usp,pareto-staked-uspzzR.png,661307,"{""ethereum"":""0x271c616157e69a43b4977412a64183cf110edf16""}",18
solarcoin-2,SLR,Solarcoin,solarcoin-2,solarcoin-2nGD.png,17400602479,"{""base"":""0x7aa7cb583084defc43cc0c2e95213ce364a8df9c""}",18
cockcardano,COCK,CockCardano,cockcardano,cockcardano3uG.png,1000000000,"{""cardano"":""49e423161ef818adc475c783571cb479d5f15ad52a01a240eacc0d3b""}",18
mongoose,MONGOOSE,Mongoose,mongoose,mongooseBTv.png,0,"{""ethereum"":""0xa1817b6d8d890f3943b61648992730373b71f156""}",18
0x2ab8a4dd2191989ac2898006df350b236d2b7777_binance_smart,SUE,施工猫 (Construction Cat),shi-gong-mao,0x2ab8a4dd2191989ac2898006df350b236d2b7777_binance_smartN6P.png,1000000000,"{""binance_smart"":""0x2ab8a4dd2191989ac2898006df350b236d2b7777""}",18
upcx,UPC,UPCX,upcx,upcxKrR.png,780000000,"{""ethereum"":""0x487d62468282bd04ddf976631c23128a425555ee""}",18
divergence-protocol,DIVER,Divergence Protocol,divergence-protocol,divergence-protocolgi2.png,1000000000,"{""ethereum"":""0xfb782396c9b20e564a64896181c7ac8d8979d5f4""}",18
57_bittensor,SN57,Gaia,gaia-2,gaia-2sfT.png,1080704,"{""bittensor"":""57""}",18
6iLrk475gh1yUv1tQKSC5nUugAHgxeTUf2GTo1Xvsz5m_solana,BTCX,BitcoinX,bitcoinx-3,bitcoinx-3Ql7.png,999982061,"{""solana"":""6iLrk475gh1yUv1tQKSC5nUugAHgxeTUf2GTo1Xvsz5m""}",18
bscpad,BSCPAD,BSCPAD,bscpad,bscpad2c0.png,175600000,"{""binance_smart"":""0x5a3010d4d8d3b5fb49f8b6e57fb9e48063f16700""}",18
0x385b36ff682ab4c76e7c37a66b96aabc466471d5_robinhood,POOLS,pools.trade,pools-trade,0x385b36ff682ab4c76e7c37a66b96aabc466471d5_robinhoodJgH.png,1000000000,"{""robinhood"":""0x385b36ff682ab4c76e7c37a66b96aabc466471d5""}",18
beets,BEETS,Beets,beets,beetsPgw.png,259270611,"{""sonic"":""0x2d0e0814e62d80056181f5cd932274405966e4f0""}",18
von,VON,VON,von,vonphR.png,1000000000000,"{""binance_smart"":""0xa4c3497b57c8b6d510f3707a1e9694fd791f45fb""}",18
0xd10d6f1d4b905b67735a62079743723e6f3c19c3_binance_smart,BDOGITO,BullDogito,bulldogito,bulldogitohMd.png,1082809370,"{""binance_smart"":""0xd10d6f1d4b905b67735a62079743723e6f3c19c3""}",18
exa,EXA,Exactly Protocol,exa,exah7L.png,10000000,"{""optimistic-ethereum"":""0x1e925de1c68ef83bd98ee3e130ef14a50309c01b"",""base"":""0x1e925de1c68ef83bd98ee3e130ef14a50309c01b""}",18
0xa601877977340862ca67f816eb079958e5bd0ba3_base,BOTCOIN,BOTCOIN,botcoin-2,botcoin-2kaX.png,100000000000,"{""base"":""0x25c448101c36d7306ed8053b96b090bb56a87b07""}",18
warden-2,WARD,Warden,warden-2,warden-2r37.png,1000000000,"{""binance_smart"":""0x6dc200b21894af4660b549b678ea8df22bf7cfac"",""base"":""0xf09e4c8193f16019f0573f370f9a997b11f56638""}",18
2gYhGaFMBiPC2bBibG7yKZk94uJw2fcq6DtpYP7ZUory_solana,LUMENA,Lumena,lumena,lumenaQeC.png,490264,"{""solana"":""2gYhGaFMBiPC2bBibG7yKZk94uJw2fcq6DtpYP7ZUory""}",18
0x45e57907058c707a068100de358ba4535b18e2f3_binance_smart,MEFAI,META FINANCIAL AI,meta-financial-ai,0x45e57907058c707a068100de358ba4535b18e2f3_binance_smartj9e.png,564249706,"{""binance_smart"":""0x1390b330208417af0e8785f3b2a51b3d63722c99"",""solana"":""7gcoey4EXJcZ8u3iGYhgTBrh3JuhLWzV4Gs1zNaPtu3U""}",18
dog-wif-nuchucks,NINJA,Dog Wif Nunchucks,dog-wif-nuchucks,dog-wif-nuchucksqRN.png,1000000000,"{""injective"":""factory/inj1xtel2knkt8hmc9dnzpjz6kdmacgcfmlv5f308w/ninja"",""solana"":""G2FVt4LrYgZ9Grmy4Pb7FA7SKdLRZ38mAxTiLjex5Wsa"",""osmosis"":""ibc/183C0BB962D2F57C957E0B134CFA0AC9D6F755C02DE9DC2A59089BA23009DEC3""}",18
kira-network,KEX,KIRA Network,kira-network,kira-networkUWy.png,300000000,"{""ethereum"":""0x16980b3b4a3f9d89e33311b5aa8f80303e5ca4f8"",""binance_smart"":""0x8d11ec38a3eb5e956b052f67da8bdc9bef8abf3e""}",18
r2protocol,R2,R2 Protocol,r2protocol,r2protocolO0M.png,1000000000,"{""binance_smart"":""0x223a20e1b83aa3832e78d4b7b132df022e739222""}",18
goldman-sachs-bstocks-tokenized-stock,GSB,Goldman Sachs (bStocks Tokenized Stock),goldman-sachs-bstocks-tokenized-stock,goldman-sachs-bstocks-tokenized-stocktcp.png,814.613,"{""binance_smart"":""0x20cce6656e5f7f79f280e2d0f5db55b401bdbfce""}",18
paxgy,PAXGY,PAXGy,paxgy,paxgyDrw.png,177.2869,"{""ethereum"":""0x6c6494fd9962eb98b94ffa48f6679058f820700e"",""x-layer"":""0x6c6494fd9962eb98b94ffa48f6679058f820700e""}",18
hold-2,EARN,HOLD,hold-2,hold-2dkI.png,419935469,"{""ethereum"":""0x0b61c4f33bcdef83359ab97673cb5961c6435f4e"",""binance_smart"":""0x2ac895feba458b42884dcbcb47d57e44c3a303c8"",""solana"":""8CuPzHKuZQUyYbear8fi3u6iuTY652WVZT2cHZ2yeNbE"",""base"":""0x803b629c339941e2b77d2dc499dac9e1fd9eac66"",""avalanche"":""0x806cc7a21bd85e960857ac1e097802fabad6f594"",""monad"":""0x3db619ff72d877490699276061fb0fa0618fdf47"",""robinhood"":""0xbfc3a980b78b007ef0cde9625e52dbb66c51a1a7""}",18
gavun-wud,WUD,Gavun Wud,gavun-wud,gavun-wud03L.png,999948772050,"{""polkadot"":""1000085"",""base"":""0x25deff1892ce2cb5b47500e39a02b19a85be2e2b""}",18
chunking,SN40,Chunking,chunking,chunking1Po.png,1033139,"{""bittensor"":""40""}",18
hilo-2,HILO,HILO,hilo-2,hilo-2Du0.png,120372834,"{""ethereum"":""0x6c3fe25a4de7fa243c653cfe1f165bf11d99704e""}",18
nebius-rstock,RNBIS,Nebius Group Tokenized Stock (Reality),nebius-rstock,nebius-rstocknUU.png,3037,"{""arbitrum-one"":""0xb9ed8f34a0b5bf06ee9687a0208dcd708f38e633"",""morph-l2"":""0x565ac9fca4f65d3d2c8f01dbe48bc21b35ec5c7e""}",18
automata,ATA,Automata,automata,automata7vr.png,1000000000,"{""ethereum"":""0xa2120b9e674d3fc3875f415a7df52e382f141225"",""binance_smart"":""0xa2120b9e674d3fc3875f415a7df52e382f141225"",""polygon-pos"":""0x0df0f72ee0e5c9b7ca761ecec42754992b2da5bf""}",18
echelon-token,ELON,Echelon Token,echelon-token,echelon-tokenZUL.png,100000000,"{""aptos"":""0xfc087a394c203d62c43eecfeba79db01441d39dd9d234131b78415626a26750e""}",18
cisco-xstock,CSCOX,Cisco xStock,cisco-xstock,cisco-xstocknob.png,1074666,"{""arbitrum-one"":""0x053c784cd87b74f42e0c089f98643e79c1a3ff16"",""binance_smart"":""0x053c784cd87b74f42e0c089f98643e79c1a3ff16"",""solana"":""Xsr3pdLQyXvDJBFgpR5nexCEZwXvigb8wbPYp4YoNFf"",""ethereum"":""0x053c784cd87b74f42e0c089f98643e79c1a3ff16""}",18
sigmadotmoney,SIGMA,SigmaDotMoney,sigmadotmoney,sigmadotmoneyPQS.png,1000000000,"{""binance_smart"":""0x85375d3e9c4a39350f1140280a8b0de6890a40e7""}",18
0xca416d6d3c2b3a8a2c48419b53dd611420ffa776_base,KAZONOMICS,kazonomics,kazonomics,kazonomicssx8.png,1000000000,"{""base"":""0xca416d6d3c2b3a8a2c48419b53dd611420ffa776""}",18
multivac,MTV,MultiVAC,multivac,MultiVAC4lORC.png,10000000000,"{""ethereum"":""0x6226e00bcac68b0fe55583b90a1d727c14fab77f"",""binance_smart"":""0x8aa688ab789d1848d131c65d98ceaa8875d97ef1""}",18
0x50f88fe97f72cd3e75b9eb4f747f59bceba80d59_base,JESSE,jesse,jesse,0x50f88fe97f72cd3e75b9eb4f747f59bceba80d59_base4XR.png,1000000000,"{""base"":""0x50f88fe97f72cd3e75b9eb4f747f59bceba80d59""}",18
beta-finance,BETA,Beta Finance,beta-finance,beta-financenDw.png,1000000000,"{""ethereum"":""0xbe1a001fe942f96eea22ba08783140b9dcc09d28"",""binance_smart"":""0xbe1a001fe942f96eea22ba08783140b9dcc09d28"",""avalanche"":""0x511d35c52a3c244e7b8bd92c0c297755fbd89212""}",18
sl-benfica-fan-token,BENFICA,SL Benfica Fan Token,sl-benfica-fan-token,sl-benfica-fan-tokenVfp.png,20000000,"{""chiliz"":""0xf4c653b74929953b29b966aba99b681fb5ab69cf"",""solana"":""HD9i9C2Pw6hWXm354i3SWkYG8ZtfikUJn2bNPzwQZcEK"",""base"":""0x4ac77502bd0cb186fdbf49e57e963771bd1e2d94""}",18
0x6047828dc181963ba44974801ff68e538da5eaf9_sonic,USDT,Sonic Gateway Bridged USDT (Sonic),sonic-bridged-usdt-sonic,sonic-bridged-usdt-sonicArF.png,728429,"{""sonic"":""0x6047828dc181963ba44974801ff68e538da5eaf9""}",18
bridged-binance-peg-ethereum-opbnb,ETH,Bridged Binance-Peg Ethereum (opBNB),bridged-binance-peg-ethereum-opbnb,bridged-binance-peg-ethereum-opbnbNox.png,271.1407,"{""opbnb"":""0xe7798f023fc62146e8aa1b36da45fb70855a77ea""}",18
TMacq4TDUw5q8NFBwmbY4RLXvzvG5JTkvi_tron,PEPEONTRON,PePeonTron,pepeontron,pepeontron6oo.png,1000000000,"{""tron"":""TMacq4TDUw5q8NFBwmbY4RLXvzvG5JTkvi""}",18
prisma-governance-token,PRISMA,Prisma Governance Token,prisma-governance-token,prisma-governance-tokeniBy.png,300000000,"{""ethereum"":""0xda47862a83dac0c112ba89c6abc2159b95afd71c""}",18
0x214419f6fdd2b23bf6a32f33cf95186d188b784b_base,ST,Small Thing,small-thing,0x214419f6fdd2b23bf6a32f33cf95186d188b784b_baseUyI.png,1000000000,"{""base"":""0x214419f6fdd2b23bf6a32f33cf95186d188b784b""}",18
magic-internet-money-optimism,MIM,Magic Internet Money (Optimism),magic-internet-money-optimism,magic-internet-money-optimismEcE.png,17939023,"{""optimistic-ethereum"":""0xb153fb3d196a8eb25522705560ac152eeec57901""}",18
reddit-ondo-tokenized-stock,RDDTON,Reddit (Ondo Tokenized Stock),reddit-ondo-tokenized-stock,reddit-ondo-tokenized-stockPNq.png,4907,"{""ethereum"":""0xa9431d354cfad3c6b76e50f0e73b43d48be80cd0"",""binance_smart"":""0x4da12f47578ef89c76179b760c778e70b668f80b"",""solana"":""HXFrTf9v9NdjGUTnx4sojR3Cf92hoBsQFUxKTN7ondo""}",18
palantir-rstock,RPLTR,Palantir Technologies Tokenized Stock (Reality),palantir-rstock,palantir-rstocktM2.png,3828,"{""arbitrum-one"":""0xdb1a79026ba57e67c0e769e8be8318fdcacbc909"",""morph-l2"":""0xd927809f659430b4a9271bfc625a398f6f97c38a""}",18
take-two-interactive-software-backpack-securities,TTWO,Take-Two Interactive Software (Backpack Securities),take-two-interactive-software-backpack-securities,take-two-interactive-software-backpack-securities95d.png,3562,"{""solana"":""TTWofwAge91oFhZs7kpQdyrVRkmevgM88xijGvQFbKo""}",18
igra-bridged-kaspa,IKAS,Igra Bridged Kaspa,igra-bridged-kaspa,igra-bridged-kaspas1X.png,18139736,"{""igra"":""0x17ec7e1768c813e2a3a9b0f94a35605ca520c242""}",18
xfinite-entertainment-token,XET,Xfinite Entertainment,xfinite-entertainment-token,xfinite-entertainment-token63m.png,4000000000,"{""algorand"":""283820866""}",18
wrapped-m,WM,Wrapped M,wrapped-m,wrapped-ms2O.png,703930,"{""memecore"":""0x653e645e3d81a72e71328bc01a04002945e3ef7a""}",18
vesper-vdollar,VUSD,Vetro USD,vesper-vdollar,vesper-vdollarOcF.png,717921,"{""ethereum"":""0xca83dde9c22254f58e771be5e157773212acbac3"",""hemi"":""0xd3599ae62ee280709a22268a46d23164214e345b""}",18
zeal,ZEAL,ZEAL,zeal,zealbwK.png,240000000,"{""kasplex"":""ZEAL"",""igra"":""0x76f8a377e18f79170ac2f8b34e26e2ca7168a556""}",18
obortech,OBOT,Obortech,obortech,obortechS9Q.png,300000000,"{""ethereum"":""0xedadeb5faa413e6c8623461849dfd0b7c3790c32"",""binance_smart"":""0xb5be8d87fce6ce87a24b90abdb019458a8ec31f9"",""polygon-pos"":""0x221743dc9e954be4f86844649bf19b43d6f8366d"",""base"":""0xf83759099dc88f75fc83de854c41e0d9e83ada9b""}",18
0x69457a1c9ec492419344da01daf0df0e0369d5d0_ethereum,FJO,Fjord Foundry,fjord-foundry,fjord-foundry6NG.png,86373825,"{""ethereum"":""0x69457a1c9ec492419344da01daf0df0e0369d5d0""}",18
nodeai,GPU,NodeAI,nodeai,1729753519276.png,99456828,"{""ethereum"":""0x1258d60b224c0c5cd888d37bbf31aa5fcfb7e870"",""base"":""0x16a3832e690278d4979fd072fa4913bd1e8cbfd8""}",18
0x102d758f688a4c1c5a80b116bd945d4455460282_base,USDT0,Stargate Bridged USDT0,stargate-bridged-usdt0,stargate-bridged-usdt0sSr.png,715865,"{""base"":""0x102d758f688a4c1c5a80b116bd945d4455460282"",""lisk"":""0x43f2376d5d03553ae72f4a8093bbe9de4336eb08"",""soneium"":""0x102d758f688a4c1c5a80b116bd945d4455460282"",""mode"":""0x102d758f688a4c1c5a80b116bd945d4455460282"",""swellchain"":""0x102d758f688a4c1c5a80b116bd945d4455460282"",""world-chain"":""0x102d758f688a4c1c5a80b116bd945d4455460282""}",18
0x44440f83419de123d7d411187adb9962db017d03_binance_smart,BNBHOLDER,币安Holder,bian-holder,0x44440f83419de123d7d411187adb9962db017d03_binance_smart9nP.png,1000000000,"{""binance_smart"":""0x44440f83419de123d7d411187adb9962db017d03""}",18
0x2a0a59d6b975828e781ecac125dba40d7ee5ddc0_base,RIPE,Ripe DAO Governance Token,ripe-dao-governance-token,0x2a0a59d6b975828e781ecac125dba40d7ee5ddc0_baseIv9.png,1000000000,"{""base"":""0x2a0a59d6b975828e781ecac125dba40d7ee5ddc0"",""robinhood"":""0x4d3f37a965b21ab4122e92dd41d2693e742c883b""}",18
0x3f9108a3beca998c14c6dda822a7e8eaeb88e20d_robinhood,HEDGE,Hedgehood,hedgehood,0x3f9108a3beca998c14c6dda822a7e8eaeb88e20d_robinhoodMKg.png,943119884,"{""robinhood"":""0x3f9108a3beca998c14c6dda822a7e8eaeb88e20d""}",18
strategy-backpack-securities,MSTR,Strategy (Backpack Securities),strategy-backpack-securities,strategy-backpack-securitiesSwo.png,4401,"{""solana"":""MSTRdWXMeZxdE8osAQy3fA4rvTY5rgummDSMEx6U7Nz""}",18
shack-token,SHACK,Shack Token,shack-token,shack-tokenHZS.png,999991231,"{""solana"":""BHvPQ9dFAiZJUSYJFpEmdfMmgz48iLohyxyixBfZjups""}",18
coral-protocol,CORAL,Coral Protocol,coral-protocol,coral-protocolhg0.png,10000000000,"{""solana"":""CoRAitPvr9seu5F9Hk39vbjqA1o1XuoryHjSk1Z1q2mo""}",18
tcom-global,TCOM,TCOM Global,tcom-global,tcom-globalahc.png,1000000000,"{""binance_smart"":""0xc23db46993f643f1fa0494cd30f9f43505885d84""}",18
vcgamers,VCG,VCGamers,vcgamers,vcgamersmR8.png,89998911,"{""ethereum"":""0x1f36fb2d91d9951cf58ae4c1956c0b77e224f1e9"",""binance_smart"":""0x1f36fb2d91d9951cf58ae4c1956c0b77e224f1e9""}",18
swarm-markets,SMT,Swarm Markets,swarm-markets,swarm-marketsuPn.png,147605460,"{""ethereum"":""0xb17548c7b510427baac4e267bea62e800b247173"",""polygon-pos"":""0xe631dabef60c37a37d70d3b4f812871df663226f"",""base"":""0x2974dc646e375e83bd1c0342625b49f288987fa4"",""arbitrum-one"":""0x2680e82fb8beb5a153a67fe687ffa67abb6b9013""}",18
confidential-layer,CLONE,Confidential Layer,confidential-layer,confidential-layertj5.png,1000000000,"{""ethereum"":""0xc9faeba86e8567477783b8432945f131d84e3fda""}",18
robostrategy-ondo-tokenized,BOTON,RoboStrategy (Ondo Tokenized),robostrategy-ondo-tokenized,robostrategy-ondo-tokenizedG2c.png,24204,"{""ethereum"":""0x0e05ba0756c504b69aaa642f7379cd1af7c63969"",""binance_smart"":""0xc43ae29afe58bf90da6fe3edd570c2e735fb2850"",""solana"":""b8UDyp3Yx19rcdaBUNegoojyUdhPpiPQ46bFrtQQQon""}",18
global-coin-research,GCR,Global Coin Research,global-coin-research,global-coin-researchslX.png,10000000,"{""ethereum"":""0x6307b25a665efc992ec1c1bc403c38f3ddd7c661"",""polygon-pos"":""0xa69d14d6369e414a32a5c7e729b7afbafd285965""}",18
0x0cbf291ba052174879d90bf781df1a5f2bc5bb07_base,BOAR,boar,boar,0x0cbf291ba052174879d90bf781df1a5f2bc5bb07_base2Xi.png,100000000000,"{""base"":""0x0cbf291ba052174879d90bf781df1a5f2bc5bb07""}",18
0x6f89bca4ea5931edfcb09786267b251dee752b07_base,REGENT,Regent,regent-2,0x6f89bca4ea5931edfcb09786267b251dee752b07_baseNYR.png,100000000000,"{""base"":""0x6f89bca4ea5931edfcb09786267b251dee752b07""}",18
beb,BEB1M,BeB,beb,bebWT2.png,999720759,"{""solana"":""EGedTSu2zdFNT1k7phURksCpcwHNyxepLzSMYGApump""}",18
matrix-ai-network,MAN,Matrix AI Network,matrix-ai-network,matrix-ai-network7JT.png,861725090,"{""ethereum"":""0xe25bcec5d3801ce3a794079bf94adf1b8ccd802d""}",18
ichi-farm,ICHI,ICHI,ichi-farm,ichi-farmQwI.png,10000000,"{""ethereum"":""0x111111517e4929d3dcbdfa7cce55d30d4b6bc4d6"",""polygon-pos"":""0x111111517e4929d3dcbdfa7cce55d30d4b6bc4d6"",""arbitrum-one"":""0xadf5dd3e51bf28ab4f07e684ecf5d00691818790"",""binance_smart"":""0x0ef4a107b48163ab4b57fca36e1352151a587be4""}",18
etherisc,DIP,Etherisc DIP,etherisc,EtherisciM1sF.png,1000000000,"{""ethereum"":""0xc719d010b63e5bbf2c0551872cd5316ed26acd83"",""xdai"":""0x48b1b0d077b4919b65b4e4114806dd803901e1d9"",""base"":""0xac86f3556cbd2b4d800d17adc3a266b500fcb9f5""}",18
2MU93nLHhDsHzgEYBKbVbwLDd2pi71ubGp8SkEv9dZwQ_solana,SPACE,Space,space-4,space-41lV.png,999987690,"{""solana"":""2MU93nLHhDsHzgEYBKbVbwLDd2pi71ubGp8SkEv9dZwQ""}",18
apollo-global-management-ondo-tokenized-stock,APOON,Apollo Global Management (Ondo Tokenized Stock),apollo-global-management-ondo-tokenized-stock,apollo-global-management-ondo-tokenized-stockKEe.png,6139,"{""ethereum"":""0x4d21affd27183b07335935f81a5c26b6a5a15355"",""binance_smart"":""0x5630b5741a33371d9d935283849a16dc808f7f3a"",""solana"":""14VXAhoa1R74vi1ZuiQyGLJrnDMfoFBPJSCpGVz3ondo""}",18
exactly-weth,EXAWETH,Exactly Wrapped Ether,exactly-weth,exactly-wethdFW.png,262.4929,"{""optimistic-ethereum"":""0xc4d4500326981eacd020e20a81b1c479c161c7ef""}",18
enphase-energy-ondo-tokenized,ENPHON,Enphase Energy (Ondo Tokenized),enphase-energy-ondo-tokenized,enphase-energy-ondo-tokenized8LT.png,20972,"{""ethereum"":""0x4f3b49ac895a29c0908c57538932967cdc8e3c80"",""binance_smart"":""0x30938154e2697694f41592c2e48459287debe4bf"",""solana"":""Bp26APthMuM46gMFTo5KYpo7b92GN2xSCor7f9oondo""}",18
Pre8AREmFPtoJFT8mQSXQLh56cwJmM7CFDRuoGBZiUP_solana,POLYMARKET,Polymarket PreStocks,polymarket-prestocks,polymarket-prestocks6Ba.png,4817,"{""solana"":""Pre8AREmFPtoJFT8mQSXQLh56cwJmM7CFDRuoGBZiUP""}",18
mercadolibre-ondo-tokenized-stock,MELION,MercadoLibre (Ondo Tokenized Stock),mercadolibre-ondo-tokenized-stock,mercadolibre-ondo-tokenized-stockL89.png,413.5947,"{""ethereum"":""0x2816169a49953c548bfeb3948dcf05c4a0e4657d"",""binance_smart"":""0x60a8f8e05200ff73afde9e2cae819bf1605f0bdd"",""solana"":""EWwdgGshGngcMpDV34pWZRSu5bkAuiKuKTTHKQ8ondo""}",18
nike-dinari-tokenized-stock,NKE,Nike (Dinari Tokenized Stock),nike-dinari-tokenized-stock,nike-dinari-tokenized-stockHX1.png,20729,"{""ethereum"":""0x78dfa0c35acf0803243472f0fcd7ebc5b2e94781"",""base"":""0xefa88fbe28d4f59d1449f1f33e09c9f90ba68a3f"",""arbitrum-one"":""0x7315d1f8f735e0956de1ce8b78fe766cb1de33bc"",""avalanche"":""0x82013d59c643b91972245a2e2cbfe796cf52de1e""}",18
elastic-finance-token,EEFI,Elastic Finance Token,elastic-finance-token,elastic-finance-token9JP.png,63507,"{""ethereum"":""0x857ffc55b1aa61a7ff847c82072790cae73cd883""}",18
think-protocol,THINK,THINK Protocol,think-protocol,think-protocol4yV.png,1000000000,"{""ethereum"":""0xf9ff95468cb9a0cd57b8542bbc4c148e290ff465""}",18
susdabGDNbhrnCa6ncrYo81u4s9GM8ecK2UwMyZiq4X_solana,SUSD,Solayer USD,solayer-usd,solayer-usdHtW.png,629719,"{""solana"":""susdabGDNbhrnCa6ncrYo81u4s9GM8ecK2UwMyZiq4X""}",18
0x368580343a637b8b91d27c8a8be124f534329a30_robinhood,ROBIT,ROBIT,robit,0x368580343a637b8b91d27c8a8be124f534329a30_robinhood4tu.png,1000000000,"{""robinhood"":""0x368580343a637b8b91d27c8a8be124f534329a30""}",18
wrapped-ampleforth,WAMPL,Wrapped Ampleforth,wrapped-ampleforth,wrapped-ampleforthdON.png,1979408,"{""ethereum"":""0xedb171c18ce90b633db442f2a6f72874093b49ef"",""base"":""0x489fe42c267fe0366b16b0c39e7aeef977e841ef""}",18
tottenham-hotspur-fc-fan-token,SPURS,Tottenham Hotspur FC Fan Token,tottenham-hotspur-fc-fan-token,tottenham-hotspur-fc-fan-tokenF32.png,40000000,"{""chiliz"":""0xd699acd21011c20381e5138a430bb0d7b6e9bc7f"",""solana"":""GDNoEjfSAUAvManoEaT3vStGcvwKkcUcSTvUwfvwhqXf"",""base"":""0xbc338400bbcfb75c671c048b4fb9ea5fb2447b76""}",18
0x2e44ab95549b8a12afdb970bde5a6a78365e4444_binance_smart,ZSWAP,ZygoSwap,zygoswap,0x2e44ab95549b8a12afdb970bde5a6a78365e4444_binance_smartjPy.png,1000000000,"{""binance_smart"":""0x2e44ab95549b8a12afdb970bde5a6a78365e4444""}",18
PRTLSwfLzpVGSAQiUfXEenJkq1cwTsEcsn1hPL9zwwg_solana,PORTALS,Portals,portals,portalsJMa.png,1000000000,"{""solana"":""PRTLSwfLzpVGSAQiUfXEenJkq1cwTsEcsn1hPL9zwwg""}",18
TKLSidmLVt3cqGaaodG8tyRzoANfQwoh67AccjmubeZ_solana,TKALSHI,Kalshi (Tessera Pre-IPO),tessera-kalshi-tokenized-share,tessera-kalshi-tokenized-shareazv.png,1558,"{""solana"":""TKLSidmLVt3cqGaaodG8tyRzoANfQwoh67AccjmubeZ""}",18
BkYAUVMar1gLwuFLv2n5cmB6HhcNtvd86kU3gqAypump_solana,ELON4AFD,Elon4AfD,elon4afd,BkYAUVMar1gLwuFLv2n5cmB6HhcNtvd86kU3gqAypump_solanakmX.png,999871581,"{""solana"":""BkYAUVMar1gLwuFLv2n5cmB6HhcNtvd86kU3gqAypump""}",18
juno-network,JUNO,JUNO,juno-network,juno-networkb2T.png,105634214,"{""cosmos"":""ibc/46B44899322F3CD854D2D46DEEF881958467CDD4B3B10086DA49296BBED94BED"",""evmos"":""0x3452e23f9c4cc62c70b7adad699b264af3549c19"",""secret"":""secret1z6e4skg5g9w65u5sqznrmagu05xq8u6zjcdg4a"",""osmosis"":""ibc/46B44899322F3CD854D2D46DEEF881958467CDD4B3B10086DA49296BBED94BED""}",18
celer-bridged-dai-astar,DAI,Celer Bridged DAI (Astar),celer-bridged-dai-astar,celer-bridged-dai-astarCMd.png,694574,"{""astar"":""0x6de33698e9e9b787e09d3bd7771ef63557e148bb""}",18
8YiB8B43EwDeSx5Jp91VQjgBU4mfCgVvyNahadtzpump_solana,Y2K,Dotcom,dotcom,8YiB8B43EwDeSx5Jp91VQjgBU4mfCgVvyNahadtzpump_solanaYZL.png,999999739,"{""solana"":""7voKerVHPvbXde3bEpyNcdodVEufq17tW6eZLUUkpump"",""ethereum"":""0x06903ae134cca527742fe138a7cb97fe08322000""}",18
GHichsGq8aPnqJyz6Jp1ASTK4PNLpB5KrD6XrfDjpump_solana,$1,just buy $1 worth of this coin,just-buy-1-worth-of-this-coin,GHichsGq8aPnqJyz6Jp1ASTK4PNLpB5KrD6XrfDjpump_solana1k4.png,999938847,"{""solana"":""GHichsGq8aPnqJyz6Jp1ASTK4PNLpB5KrD6XrfDjpump""}",18
altered-state-token,ASTO,Altered State Machine,altered-state-token,altered-state-tokenC7l.png,1852288699,"{""ethereum"":""0x823556202e86763853b40e9cde725f412e294689""}",18
defigeek-community-japan,TXJP,DeFiGeek Community Japan,defigeek-community-japan,defigeek-community-japanv5z.png,210000,"{""ethereum"":""0x961dd84059505d59f82ce4fb87d3c09bec65301d""}",18
direxion-daily-semi-bull-3x-etf-ondo-tokenized,SOXLON,Direxion Daily Semi Bull 3X ETF (Ondo Tokenized),direxion-daily-semi-bull-3x-etf-ondo-tokenized,direxion-daily-semi-bull-3x-etf-ondo-tokenizedey1.png,4206,"{""ethereum"":""0xd318bbbe6b6e83f74e7acaeb5e94c08ddbdb44c0"",""binance_smart"":""0xb943c8a0d77b656daf5244da060d647fd9152289"",""solana"":""isRSJECP9yFPv9YejzGUdjzAGHbF2x5DpVeDqAiondo""}",18
decentralized-runes,DEC,DECENTRALIZED (Runes),decentralized-runes,decentralized-runes309.png,21000000000,"{""ordinals"":""840000:2""}",18
mode,MODE,Mode,mode,modenKg.png,10000000000,"{""mode"":""0xdfc7c877a950e49d2610114102175a06c2e3167a"",""base"":""0x084382d1cc4f4dfd1769b1cc1ac2a9b1f8365e90"",""optimistic-ethereum"":""0x084382d1cc4f4dfd1769b1cc1ac2a9b1f8365e90"",""ethereum"":""0x084382d1cc4f4dfd1769b1cc1ac2a9b1f8365e90""}",18
0x49bac47750f3dcdba49350b5d74fd399e90f97c6_robinhood,BULL,The Bull,the-bull,0x49bac47750f3dcdba49350b5d74fd399e90f97c6_robinhoodLK5.png,1000000000,"{""robinhood"":""0x49bac47750f3dcdba49350b5d74fd399e90f97c6""}",18
magiccraft,MCRT,MagicCraft,magiccraft,magiccraftgfp.png,7199999993,"{""ethereum"":""0xde16ce60804a881e9f8c4ebb3824646edecd478d"",""binance_smart"":""0x4b8285ab433d8f69cb48d5ad62b415ed1a221e4f"",""fantom"":""0xe705af5f63fcabdcdf5016aa838eaaac35d12890""}",18
netswap,NETT,Netswap,netswap,netswapVH1.png,96874471,"{""metis-andromeda"":""0x90fe084f877c65e1b577c7b2ea64b8d8dd1ab278""}",18
degree-crypto-token,DCT,Degree Crypto,degree-crypto-token,degree-crypto-token4LK.png,727004,"{""tron"":""TRwptGFfX3fuffAMbWDDLJZAZFmP6bGfqL""}",18
waneth,WANETH,wanETH,waneth,wanethX5q.png,247.8785,"{""wanchain"":""0xe3ae74d1518a76715ab4c7bedf1af73893cd435a""}",18
wrapped-sui-universal,USUI,Wrapped SUI (Universal),wrapped-sui-universal,wrapped-sui-universalZTU.png,590495,"{""base"":""0xb0505e5a99abd03d94a1169e638b78edfed26ea4"",""world-chain"":""0xb0505e5a99abd03d94a1169e638b78edfed26ea4"",""arbitrum-one"":""0xb0505e5a99abd03d94a1169e638b78edfed26ea4""}",18
resolv-usr,USR,Resolv USR,resolv-usr,resolv-usrqlY.png,8082402,"{""ethereum"":""0x66a1e37c9b0eaddca17d3662d6c05f4decf3e110"",""base"":""0x35e5db674d8e93a03d814fa0ada70731efe8a4b9"",""binance_smart"":""0x2492d0006411af6c8bbb1c8afc1b0197350a79e9"",""soneium"":""0xb1b385542b6e80f77b94393ba8342c3af699f15c"",""tac"":""0xb1b385542b6e80f77b94393ba8342c3af699f15c"",""arbitrum-one"":""0x2492d0006411af6c8bbb1c8afc1b0197350a79e9"",""hyperevm"":""0x0ad339d66bf4aed5ce31c64bc37b3244b6394a77"",""berachain"":""0x2492d0006411af6c8bbb1c8afc1b0197350a79e9""}",18
GdZ9rwHyKcriLdbSzhtEFLe5MLs7Vk6AY1aE5ei7nsmP_solana,AVO,Avo,avo,GdZ9rwHyKcriLdbSzhtEFLe5MLs7Vk6AY1aE5ei7nsmP_solanaAAu.png,999965284,"{""solana"":""GdZ9rwHyKcriLdbSzhtEFLe5MLs7Vk6AY1aE5ei7nsmP""}",18
stonk-cats,STONKCATS,Stonk Cats,stonk-cats,stonk-cats7hE.png,999800761,"{""solana"":""9h5AzEQzYu9CV5K6uLtFRMD1KcbxZSFNxZEgBTNfw5Na""}",18
0xe3086852a4b125803c815a158249ae468a3254ca_base,MFER,mfercoin,mfercoin,mfercoin1t9.png,999998066,"{""base"":""0xe3086852a4b125803c815a158249ae468a3254ca""}",18
seraph,SERAPH,Seraph,seraph,seraphJu0.png,1000000000,"{""binance_smart"":""0xd6b48ccf41a62eb3891e58d0f006b19b01d50cca"",""ethereum"":""0xd6b48ccf41a62eb3891e58d0f006b19b01d50cca""}",18
0xc9d825e83aada475bd4d38c8ca984ed746277777_binance_smart,STONKS,Stonks,stonks-9,stonks-9aGL.png,1000000000,"{""binance_smart"":""0xc9d825e83aada475bd4d38c8ca984ed746277777""}",18
cana-holdings-california-carbon-credits,CANA,CANA Holdings California Carbon Credits,cana-holdings-california-carbon-credits,cana-holdings-california-carbon-creditsNoj.png,30837,"{""ethereum"":""0x01995a697752266d8e748738aaa3f06464b8350b""}",18
ethernity-chain,ERN,Ethernity Chain,ethernity-chain,ethernity-chainccc.png,30000000,"{""ethereum"":""0xbbc2ae13b23d715c30720f079fcd9b4a74093505"",""polygon-pos"":""0x0e50bea95fe001a370a4f1c220c49aedcb982dec""}",18
fathom-dollar,FXD,Fathom Dollar,fathom-dollar,fathom-dollarzSh.png,779734,"{""xdc-network"":""0x49d3f7543335cf38fa10889ccff10207e22110b5""}",18
0x05b1266ddcee093ce060dbf697e230ea9b453633_base,REPLY,ReplyCorp,replycorp,0x05b1266ddcee093ce060dbf697e230ea9b453633_basernc.png,1000000000,"{""base"":""0x05b1266ddcee093ce060dbf697e230ea9b453633""}",18
playdapp,PDA,PlayDapp,playdapp,playdappw2S.png,700000000,"{""ethereum"":""0x0d3cbed3f69ee050668adf3d9ea57241cba33a2b"",""polygon-pos"":""0x8765f05adce126d70bcdf1b0a48db573316662eb""}",18
apple-reality-protocol,RAAPL,Apple Tokenized Stock (Reality),apple-reality-protocol,apple-reality-protocolb6F.png,2055,"{""arbitrum-one"":""0xaba5e0c80e9f58e391214689fb342049c0d31892""}",18
looping-collective,LOOP,Looping Collective,looping-collective,looping-collectiveFhZ.png,1000000000,"{""hyperevm"":""0x00fdbc53719604d924226215bc871d55e40a1009""}",18
roblox-robinhood-tokenized-stock,RBLX,Roblox • Robinhood Token,roblox-robinhood-tokenized-stock,roblox-robinhood-tokenized-stockFGh.png,15449,"{""robinhood"":""0xf0c4bf4c582cb3836e98394b1d4e7b7281101be8""}",18
0xb2000000000000000000007d16372840df4dabbe_base,PLTRC,Palantir (Coinbase Tokenized Stock),palantir-coinbase-tokenized-stock,palantir-coinbase-tokenized-stockOCW.png,3615,"{""base"":""0xb2000000000000000000007d16372840df4dabbe""}",18
amc-entertainment-holdings-bstocks-tokenized-stock,AMCB,AMC Entertainment Holdings (bStocks Tokenized Stock),amc-entertainment-holdings-bstocks-tokenized-stock,amc-entertainment-holdings-bstocks-tokenized-stockG10.png,245330,"{""binance_smart"":""0x96e7d606e229448ef817a7f35fd7394c3e15d00c""}",18
amazon-rstock,RAMZN,Amazon Tokenized Stock (Reality),amazon-rstock,amazon-rstockcfO.png,2714,"{""arbitrum-one"":""0xfba9e358f9ad443236155e5c67f2aade032db7a1"",""morph-l2"":""0x60598d0007d00bb8323e2c76967c1c13b2387490""}",18
epix,EPIX,Epix,epix,epixrs0.png,10122659550,,
HKv9jA7VREs68BA3PZMREiwuQKzfLUjr9azgrzbNpump_solana,LQC,Low Quality Cat,low-quality-cat,HKv9jA7VREs68BA3PZMREiwuQKzfLUjr9azgrzbNpump_solana9kT.png,497737416,"{""solana"":""HKv9jA7VREs68BA3PZMREiwuQKzfLUjr9azgrzbNpump""}",18
mimbogamegroup,MGG,MimboGameGroup,mimbogamegroup,mimbogamegroupRnf.png,96309101762,"{""binance_smart"":""0x8db780f5e1238bf3fc0e14c099b98bb63362d16e"",""solana"":""JBQXZYo1PAKQkePTZerBmMU5ujcMm177wyyQza8S8gNg""}",18
bubble-protocol,BPL,Bubble Protocol,bubble-protocol,bubble-protocol2E2.png,20000000,"{""shido"":""0x7fd02b081b9005b560c5ee51a3f6c3a4747f5fe1""}",18
dummy,DUMMY,DUMMY,dummy,dummyQ3a.png,6969696969696,"{""ethereum"":""0x445bd590a01fe6709d4f13a8f579c1e4846921db""}",18
EsP4kJfKUDLfX274WoBSiiEy74Sh4tZKUCDjfULHpump_solana,FRIC,FRIC,fric,EsP4kJfKUDLfX274WoBSiiEy74Sh4tZKUCDjfULHpump_solanaU7f.png,999913733,"{""solana"":""EsP4kJfKUDLfX274WoBSiiEy74Sh4tZKUCDjfULHpump""}",18
0xcbde0453d4e7d748077c1b0ac2216c011dd2f406_ethereum,TERMINUS,Terminus,terminus-2,0xcbde0453d4e7d748077c1b0ac2216c011dd2f406_ethereumazJ.png,100000000,"{""ethereum"":""0xcbde0453d4e7d748077c1b0ac2216c011dd2f406""}",18
8doS8nzmgVZEaACxALkbK5fZtw4UuoRp4Yt8NEaXfDMb_solana,WAFFLES,Waffles,waffles,wafflesYkS.png,997955188,"{""solana"":""8doS8nzmgVZEaACxALkbK5fZtw4UuoRp4Yt8NEaXfDMb""}",18
cronos-id,CROID,Cronos ID,cronos-id,cronos-idY5k.png,999144465,"{""cronos"":""0xcbf0adea24fd5f32c6e7f0474f0d1b94ace4e2e7""}",18
morpheus-network,MNW,Morpheus Network,morpheus-network,morpheus-networkLUC.png,47897218,"{""ethereum"":""0xd3e4ba569045546d09cf021ecc5dfe42b1d7f6e4"",""polygon-pos"":""0x3c59798620e5fec0ae6df1a19c6454094572ab92""}",18
paypal-bstocks-tokenized-stock,PYPLB,Paypal (bStocks Tokenized Stock),paypal-bstocks-tokenized-stock,paypal-bstocks-tokenized-stockgX0.png,12797,"{""binance_smart"":""0x2806a561fc1f9259b2d54a281796bde0d92762ae""}",18
toto-3,TOTO,Toto Finance,toto-3,toto-3GKu.png,1000000000,"{""ethereum"":""0xc214a0b73ce4c30594b4173219e885691254801b""}",18
moomoo-token,MOO,MooMoo Token,moomoo-token,moomoo-tokenuwD.png,811970631,"{""solana"":""JJ4QpqUYzs9LUPrF6uJKQbkA4ofSnvkwQ3RBcVLFSjd""}",18
grelf,GRELF,GRELF,grelf,grelfiim.png,6666666,"{""hedera-hashgraph"":""0.0.1159074"",""avalanche"":""0x945ca41d03ec19b6a6ebf2ef0f4d0a50b23e4f2c""}",18
oEVufzrtcAvuefkbg2iQku9A6UbFh9f4V5kEiPARQEN_solana,ARQ,Arqen,arqen,arqenkRj.png,99999978,"{""solana"":""oEVufzrtcAvuefkbg2iQku9A6UbFh9f4V5kEiPARQEN""}",18
wrapped-telos,WTLOS,Wrapped Telos,wrapped-telos,wrapped-telossbF.png,41213509,"{""ethereum"":""0x7825e833d495f3d1c28872415a4aee339d26ac88"",""telos"":""0xd102ce6a4db07d247fcc28f366a623df0938ca9e"",""binance_smart"":""0xb6c53431608e626ac81a9776ac3e999c5556717c""}",18
0x4e8aaecce10ad9394e96fe5f2bd4e587a7b04298_monad,WNUSDT0,Wrapped Neverland USDT0,wrapped-neverland-usdt0,wrapped-neverland-usdt0E1c.png,679501,"{""monad"":""0x4e8aaecce10ad9394e96fe5f2bd4e587a7b04298""}",18
molecules-of-korolchuk-ip-nft,VITA-FAST,Molecules of Korolchuk IP-NFT,molecules-of-korolchuk-ip-nft,molecules-of-korolchuk-ip-nftMKW.png,1000000,"{""ethereum"":""0x6034e0d6999741f07cb6fb1162cbaa46a1d33d36""}",18
kcal,KCAL,KCAL,kcal,kcalL1d.png,50000000,"{""step-network"":""0x68b2dfc494362aae300f2c401019205d8960226b""}",18
xoxno,XOXNO,XOXNO,xoxno,xoxnodph.png,100000000,"{""elrond"":""XOXNO-c1293a""}",18
HZNnmhAY6xfq2iKRyBTEvTVeoTYJzpkK8mfnfG8Ppump_solana,JMONEY,Joss Money,joss-money,joss-moneydcd.png,998565487,"{""solana"":""HZNnmhAY6xfq2iKRyBTEvTVeoTYJzpkK8mfnfG8Ppump""}",18
nike-rstock,RNKE,Nike Tokenized Stock (Reality),nike-rstock,nike-rstockx5L.png,19826,"{""arbitrum-one"":""0x56aed341a693a5f083585108dae0175b2cbbe1ec"",""morph-l2"":""0x40ff11d9bd7a7c1b1b2f1348494c1a2e34f220b4""}",18
redbelly-bridged-usdt-redbelly,USDT,Lucid Bridged USDT (Redbelly),redbelly-bridged-usdt-redbelly,redbelly-bridged-usdt-redbellyTJp.png,671611,"{""redbelly-network"":""0x8c4acd74ff4385f3b7911432fa6787aa14406f8b""}",18
liquid-staked-flow,STFLOW,Increment Staked FLOW,liquid-staked-flow,liquid-staked-flow0ep.png,14291653,,
axol,AXOL,AXOL,axol,axolvil.png,1000000000,"{""sui"":""0xf00eb7ab086967a33c04a853ad960e5c6b0955ef5a47d50b376d83856dc1215e::axol::AXOL""}",18
lisk-bridged-usdc,USDC.E,Lisk Bridged USDC (Lisk),lisk-bridged-usdc,lisk-bridged-usdcjh4.png,610662,"{""lisk"":""0xf242275d3a6527d877f2c927a82d9b057609cc71""}",18
atlas-usv,USV,Atlas USV,atlas-usv,atlas-usv0lb.png,104246,"{""ethereum"":""0x88536c9b2c4701b8db824e6a16829d5b5eb84440"",""polygon-pos"":""0xac63686230f64bdeaf086fe6764085453ab3023f"",""binance_smart"":""0xaf6162dc717cfc8818efc8d6f46a41cf7042fcba"",""avalanche"":""0xb0a8e082e5f8d2a04e74372c1be47737d85a0e73""}",18
smardex-usdn,USDN,SMARDEX USDN,smardex-usdn,smardex-usdnNEU.png,808317,"{""ethereum"":""0xde17a000ba631c5d7c2bd9fb692efea52d90dee2""}",18
TSPXcLV76s6V2zDiZQ18kBfcbnjaE2ZzNT3ga2Pd99v_solana,TSPACEX,SpaceX (Tessera Pre-IPO),tessera-spacex-tokenized-share,tessera-spacex-tokenized-share59r.png,1190,"{""solana"":""TSPXcLV76s6V2zDiZQ18kBfcbnjaE2ZzNT3ga2Pd99v""}",18
reddit-bstocks-tokenized-stock,RDDTB,Reddit (bStocks Tokenized Stock),reddit-bstocks-tokenized-stock,reddit-bstocks-tokenized-stock8cm.png,4555,"{""binance_smart"":""0x41622a9125a22767df8c1dc79fc17299bac4bd0b""}",18
nokia-rstock,RNOK,Nokia Tokenized Stock (Reality),nokia-rstock,nokia-rstock20W.png,63380,"{""arbitrum-one"":""0xd6b02ba503474bc02f09d6dfbcce73a0bf97462e"",""morph-l2"":""0x0a9bd3550a2cd6b2e83715a2a68e463475d41b81""}",18
tracer-2,TRCR,Tracer,tracer-2,tracer-2ThW.png,12500000000,"{""arbitrum-one"":""0xd0e4fc5b430b0cac0f59b7b8b66d40d0b3f64a6b""}",18
eaton-ondo-tokenized,ETNON,Eaton (Ondo Tokenized),eaton-ondo-tokenized,eaton-ondo-tokenizedVzT.png,1526,"{""ethereum"":""0x9b56f5ed5a94ae3266b7ff21953e6626f94008f1"",""binance_smart"":""0x4697b2a050f7b5a8e1ebc27c325f9d78d094f041"",""solana"":""BpYiU1dBXU1fdB64jbR93wHEw3Y47QeRLZvUyLQondo""}",18
0x84575b87395c970f1f48e87d87a8db36ed653716_binance_smart,CDL,Creditlink Token,creditlink-token,creditlink-tokeng81.png,1000000000,"{""binance_smart"":""0x84575b87395c970f1f48e87d87a8db36ed653716""}",18
GKpETcy8wYHPCB228rvNrqdDR23yyn7Yux6B2rdQRYKw_solana,ELONRWA,ElonRWA,elonrwa,GKpETcy8wYHPCB228rvNrqdDR23yyn7Yux6B2rdQRYKw_solanaVsp.png,69696969271,"{""solana"":""GKpETcy8wYHPCB228rvNrqdDR23yyn7Yux6B2rdQRYKw"",""base"":""0xaa6cccdce193698d33deb9ffd4be74eaa74c4898""}",18
wrapped-nvidia-xstock,WNVDAX,Wrapped NVIDIA xStock,wrapped-nvidia-xstock,wrapped-nvidia-xstockWX2.png,2840,"{""arbitrum-one"":""0x93e62845c1dd5822ebc807ab71a5fb750decd15a"",""x-layer"":""0xa8ddb5cd96b5222afe198316e9a57caa642850d5"",""ethereum"":""0x93e62845c1dd5822ebc807ab71a5fb750decd15a"",""mantle"":""0x93e62845c1dd5822ebc807ab71a5fb750decd15a""}",18
solama,SOLAMA,Solama,solama,solamapa6.png,675161033,"{""solana"":""AVLhahDcDQ4m4vHM4ug63oh7xc8Jtk49Dm5hoe9Sazqr""}",18
kiloex,KILO,KiloEx,kiloex,kiloexPsy.png,1000000000,"{""binance_smart"":""0x503fa24b7972677f00c4618e5fbe237780c1df53""}",18
0x3b4a0048a00787a644932cd648faa043410c163e_robinhood,SIRIUS,The Dogestar,the-dogestar,0x3b4a0048a00787a644932cd648faa043410c163e_robinhoodTF3.png,1000000000,"{""robinhood"":""0x3b4a0048a00787a644932cd648faa043410c163e""}",18
rivalz-network,RIZ,Rivalz Network,rivalz-network,rivalz-networkmV3.png,4989887900,"{""base"":""0x67543cf0304c19ca62ac95ba82fd4f4b40788dc1"",""arbitrum-one"":""0x083fb956333f9c1568f66fc0d0be451f31f8c46c"",""ethereum"":""0x058d411ab9911f90c74f471bdc9d2bb4cf9b309c"",""solana"":""93bVs9o8Nq88zxnLWwUAVfN5PXBhCcnV5sfs6AFLno8q""}",18
0x0762c1708f0d23f86b29d6b857121ff7df357506_robinhood,WEBSITE,this is not a website,this-is-not-a-website,0x0762c1708f0d23f86b29d6b857121ff7df357506_robinhoodKUx.png,934287736,"{""robinhood"":""0x0762c1708f0d23f86b29d6b857121ff7df357506""}",18
GY9mZfyPpxXxBXBxS2hB2XjhP3kfUsywTvgveozxpump_solana,ELON,Elon Coin,elon-coin-2,elon-coin-2guS.png,928072947,"{""solana"":""GY9mZfyPpxXxBXBxS2hB2XjhP3kfUsywTvgveozxpump""}",18
0xefd81eec32b9a8222d1842ec3d99c7532c31e348_linea,REX,Etherex,etherex,etherexaGY.png,411247620,"{""linea"":""0xefd81eec32b9a8222d1842ec3d99c7532c31e348""}",18
0xb47f4702deb124cb4eb6286be83c9d84277c6239_robinhood,KARMA,Karma by Virtuals,karma-by-virtuals,karma-by-virtualsrMZ.png,1000000000,"{""robinhood"":""0xb47f4702deb124cb4eb6286be83c9d84277c6239""}",18
EQCAj5oiRRrXokYsg_B-e0KG9xMwh5upr5I8HQzErm0_BLUM_the-open-network,BLUM,Blum,blum,blumWwD.png,969730404,"{""the-open-network"":""EQCAj5oiRRrXokYsg_B-e0KG9xMwh5upr5I8HQzErm0_BLUM"",""binance_smart"":""0xfdc8cd47848c0c67df66f7120f4e3371181cfa5e"",""tac"":""0x659cabe7d88541f045fabd81c87f0f4b1510196c""}",18
all-will-retire,AWR,All Will Retire,all-will-retire,all-will-retireU35.png,999583278,"{""solana"":""Ai4CL1SAxVRigxQFwBH8S2JkuL7EqrdiGwTC7JpCpump""}",18
uber-xstock,UBERX,Uber xStock,uber-xstock,uber-xstockqm4.png,1385406,"{""ethereum"":""0xdb9783ca04bbd64fe2c6d7b9503a979b3de30729"",""solana"":""XsAsZLF4MmsvS1sDxRMrUz7REjHfwbC9UAMXSRBqgEB""}",18
offshift,XFT,Offshift,offshift,1616255141659.png,10072791,"{""ethereum"":""0x76bc677d444f1e9d57daf5187ee2b7dc852745ae"",""binance_smart"":""0xe138c66982fd5c890c60b94fdba1747faf092c20""}",18
defituna,TUNA,DefiTuna,defituna,defitunaDbl.png,1000000000,"{""solana"":""TUNAfXDZEdQizTMTh3uEvNvYqJmqFHZbEJt8joP4cyx""}",18
sparta-2,SPARTA,SPARTA,sparta-2,sparta-21sg.png,134610273,"{""pulsechain"":""0x52347c33cf6ca8d2cfb864aec5aa0184c8fd4c9b""}",18
exxon-mobil-xstock,XOMX,Exxon Mobil xStock,exxon-mobil-xstock,exxon-mobil-xstockukx.png,726963,"{""arbitrum-one"":""0xeedb0273c5af792745180e9ff568cd01550ffa13"",""ethereum"":""0xeedb0273c5af792745180e9ff568cd01550ffa13"",""binance_smart"":""0xeedb0273c5af792745180e9ff568cd01550ffa13"",""solana"":""XsaHND8sHyfMfsWPj6kSdd5VwvCayZvjYgKmmcNL5qh"",""the-open-network"":""EQC4aTgTIycBGONrbP7vE75lRdVj-lyz8qYXc8jsMWZ2pEOv"",""mantle"":""0xeedb0273c5af792745180e9ff568cd01550ffa13""}",18
bitboard,BB,BitBoard,bitboard,bitboardKAk.png,8100000000,"{""polygon-pos"":""0x4f7cc8ef14f3dc76ee2fb60028749e1b61cea162""}",18
TPP9Pq2LQwtrwfyUDLSyFsKJwJjFouf45B_tron,SUNTRON,TRON MASCOT,tron-mascot,tron-mascotx93.png,1000000000,"{""tron"":""TPP9Pq2LQwtrwfyUDLSyFsKJwJjFouf45B""}",18
babysnek,BBSNEK,BabySNEK,babysnek,babysnekjNY.png,76715880000,"{""cardano"":""7507734918533b3b896241b4704f3d4ce805256b01da6fcede43043642616279534e454b""}",18
gizmo-imaginary-kitten-runes,GIZMO,GIZMO,gizmo-imaginary-kitten-runes,gizmo-imaginary-kitten-runesjeG.png,1000000000,"{""solana"":""2CsJHNyj74zK6Jaiq2UayPAXFEjmL5UKhpeLNaH45Fud""}",18
GMai1NvHreNe135cvxya1gHaUJZiT1NAvbJkF4hPHQJ9_solana,GM,GM.AI,gm-ai,gm-aiM7s.png,1000000000,"{""solana"":""GMai1NvHreNe135cvxya1gHaUJZiT1NAvbJkF4hPHQJ9""}",18
cryptozoon,ZOON,CryptoZoon,cryptozoon,cryptozoonKoQ.png,995870194,"{""binance_smart"":""0x9d173e6c594f479b4d47001f8e6a95a7adda42bc""}",18
alchemist,MIST,Alchemist,alchemist,alchemistABp.png,2678032,"{""ethereum"":""0x88acdd2a6425c3faae4bc9650fd7e27e0bebb7ab""}",18
elixir-finance,ELX,Elixir,elixir-finance,elixir-financetIY.png,1000000000,"{""ethereum"":""0x89a8c847f41c0dfa6c8b88638bacca8a0b777da7""}",18
aura-bal,AURABAL,Aura BAL,aura-bal,aura-balpXq.png,3684354,"{""ethereum"":""0x616e8bfa43f920657b3497dbf40d6b1a02d4608d""}",18
cerebras-systems-ondo-tokenized,CBRSON,Cerebras Systems (Ondo Tokenized),cerebras-systems-ondo-tokenized,cerebras-systems-ondo-tokenizedZcC.png,3756,"{""ethereum"":""0x61882bb63af8e6a39531175cdfde1fcd98346503"",""binance_smart"":""0x441a4d4fc23f17f4cf23e3d60f12d2bd6f176728"",""solana"":""c7KEKjzaTQYpTrHM2db8yq3bikPpcXrHgBV8Qcgondo""}",18
AUc7hszwXTyRXAkHjjrytyT7sB7r85sc3FxPW5tepump_solana,OTC,OTC Sol,otc-sol,otc-solXjF.png,988700472,"{""solana"":""AUc7hszwXTyRXAkHjjrytyT7sB7r85sc3FxPW5tepump""}",18
0xf24f8f6b08fe87cf062e833a732ad7f636064bc8_robinhood,PRM,Premium,premium,premiumczF.png,963182186,"{""robinhood"":""0xf24f8f6b08fe87cf062e833a732ad7f636064bc8""}",18
uxlink,UXLINK,UXLINK,uxlink,uxlinktGe.png,1000000000,"{""arbitrum-one"":""0x1a6b3a62391eccaaa992ade44cd4afe6bec8cff1"",""ethereum"":""0x3991b07b2951a4300da8c76e7d2c7edde861fef3""}",18
0xa84f95eb3dabdc1bbd613709ef5f2fd42ce5be8d_ethereum,EAI,EternalAI,eternalai,eternalaiT9z.png,1000000000,"{""ethereum"":""0xa84f95eb3dabdc1bbd613709ef5f2fd42ce5be8d""}",18
0xfca95aeb5bf44ae355806a5ad14659c940dc6bf7_base,SHIB,SHIBA ON BASE,shiba-on-base,0xfca95aeb5bf44ae355806a5ad14659c940dc6bf7_baseML9.png,674158044013893,"{""base"":""0xfca95aeb5bf44ae355806a5ad14659c940dc6bf7""}",18
astera-labs-bstocks-tokenized-stock,ALABB,Astera Labs (bStocks Tokenized Stock),astera-labs-bstocks-tokenized-stock,astera-labs-bstocks-tokenized-stockIj4.png,1871,"{""binance_smart"":""0x1282493ede6a22753d45cb2c0fdbd8d35e97555a""}",18
safemoon-2,SFM,SafeMoon,safemoon-2,safemoon-2BLF.png,614007140466,"{""binance_smart"":""0x42981d0bfbaf196529376ee702f2a9eb9092fcb5"",""solana"":""ELPrcU7qRV3DUz8AP6siTE7GkR3gkkBvGmgBRiLnC19Y""}",18
radiant-capital,RDNT,Radiant Capital,radiant-capital,radiant-capitalEEi.png,1500000000,"{""arbitrum-one"":""0x3082cc23568ea640225c2467653db90e9250aaa0"",""binance_smart"":""0xf7de7e8a6bd59ed41a4b5fe50278b3b7f31384df"",""ethereum"":""0x137ddb47ee24eaa998a535ab00378d6bfa84f893"",""base"":""0xd722e55c1d9d9fa0021a5215cbb904b92b3dc5d4""}",18
chihuahua-token,HUAHUA,Chihuahua Chain,chihuahua-token,chihuahua-tokeniQ2.png,121785776396,"{""osmosis"":""ibc/B9E0A1A524E98BB407D3CED8720EFEFD186002F90C1B1B7964811DD0CCC12228""}",18
aquari-2,AQUARI,Aquari,aquari-2,aquari-2Jzt.png,118000000,"{""base"":""0x7f0e9971d3320521fc88f863e173a4cddbb051ba""}",18
the-balkan-dwarf,$KEKEC,The Balkan Dwarf,the-balkan-dwarf,the-balkan-dwarf0an.png,39058000191,"{""ethereum"":""0x8c7ac134ed985367eadc6f727d79e8295e11435c"",""solana"":""DexxZWtZd8hdmeth9gKYXgTWa1VYdMVrWFBZ9RXXXhBn""}",18
infiniticoin,INCO,InfinitiCoin,infiniticoin,infiniticoino3R.png,1000000000,"{""binance_smart"":""0xb617fab6b94ed1fe6df3cad71e1dc997927a2a0e""}",18
gaimin,GMRX,GAIMIN,gaimin,gaiminWDZ.png,92817166724,"{""binance_smart"":""0x998305efdc264b9674178899fffbb44a47134a76"",""solana"":""76VxJbMFoCXBcn2rqPQX2UsUfpupq2gVwGSq5LyYMhr2""}",18
0x775f661b0bd1739349b9a2a3ef60be277c5d2d29_ethereum,WAETHLIDOWSTETH,Wrapped Aave Ethereum Lido wstETH,wrapped-aave-ethereum-lido-wsteth,wrapped-aave-ethereum-lido-wstethk52.png,194.2966,"{""ethereum"":""0x775f661b0bd1739349b9a2a3ef60be277c5d2d29""}",18
0x6942040b6d25d6207e98f8e26c6101755d67ac89_ethereum,MELLOW,Mellow Man,mellow-man,0x6942040b6d25d6207e98f8e26c6101755d67ac89_ethereumZke.png,69420000,"{""ethereum"":""0x6942040b6d25d6207e98f8e26c6101755d67ac89""}",18
dobermann-2,DOBERMANN,Dobermann,dobermann-2,dobermann-2fRC.png,997461658,"{""solana"":""J3mfHoQb27xHL1xUYsoPfU1vZHbzCeK7fZYvsWeYdoge""}",18
pdd-holdings-rstock,RPDD,PDD Holdings Tokenized Stock (Reality),pdd-holdings-rstock,pdd-holdings-rstock9oY.png,8625,"{""arbitrum-one"":""0x7db0fb8a82a05929df12a952ee2fd55714d0f650"",""morph-l2"":""0xbf58b8f0da282e5de81896d5214c7eacd2af21ea""}",18
hydra,HYDRA,Hydra,hydra,hydraonb.png,32462116,"{""hydra"":""6d9115a21863ce31b44cd231e4c4ccc87566222f"",""base"":""0x0c0db132c6c4f687b7f772e3514ae2a172cab2bb""}",18
fourcoin,FOUR,FourCoin,fourcoin,1692689567348.png,444000000000,"{""ethereum"":""0x244b797d622d4dee8b188b03546acaabd0cf91a0""}",18
shardeum-2,SHM,Shardeum,shardeum-2,shardeum-2GXG.png,60426821192,,
wrapped-kava,WKAVA,Wrapped Kava,wrapped-kava,wrapped-kavaluo.png,9472049,"{""kava"":""0xc86c7c0efbd6a49b35e8714c5f59d99de09a225b"",""energi"":""0x241ebdfdfbed02c6e727562777c902e54eee53c3"",""binance"":""KAVA-10C""}",18
doma-bridged-weth-doma,WETH,Doma Bridged WETH (Doma),doma-bridged-weth-doma,doma-bridged-weth-domamKH.png,241,"{""doma"":""0x4200000000000000000000000000000000000006""}",18
reservoir-srusd,SRUSD,Reservoir srUSD,reservoir-srusd,reservoir-srusd3Mx.png,555364,"{""ethereum"":""0x738d1115b90efa71ae468f1287fc864775e23a31"",""berachain"":""0x5475611dffb8ef4d697ae39df9395513b6e947d7""}",18
russell-2000-xstock,IWMX,Russell 2000 xStock,russell-2000-xstock,russell-2000-xstockyEe.png,350646,"{""ethereum"":""0xdadfb355c6110eda0908740d52c834d6c2bcddc7"",""solana"":""XsbELVbLGBkn7xfMfyYuUipKGt1iRUc2B7pYRvFTFu3""}",18
cipher-3,CIPHER,Cipher,cipher-3,cipher-3jTi.png,999998157,"{""solana"":""Ciphern9cCXtms66s8Mm6wCFC27b2JProRQLYmiLMH3N""}",18
paccoin,PAC,PAC Protocol,paccoin,paccoinio5.png,50000000000,,
zap,ZAP,Zap,zap,ZaprSLaS.png,520000000,"{""ethereum"":""0x6781a0f84c7e9e846dcb84a9a5bd49333067b104"",""binance_smart"":""0xc5326b32e8baef125acd68f8bc646fd646104f1c"",""solana"":""HxPoEHMt1vKeqjKCePcqTj6yYgn6Xqq1fKTY3Pjx4YrX""}",18
butthole-coin,BUTTHOLE,Butthole Coin,butthole-coin,butthole-coinU6f.png,999991959,"{""solana"":""CboMcTUYUcy9E6B3yGdFn6aEsGUnYV6yWeoeukw6pump""}",18
AWGCDT2gd8JadbYbYyZy1iKxfWokPNgrEQoU24zUpump_solana,CLUDE,CLUDE,clude,cludel7p.png,999953864,"{""solana"":""AWGCDT2gd8JadbYbYyZy1iKxfWokPNgrEQoU24zUpump""}",18
riser,RIS,Riser,riser,riserS81.png,1000000000,,
biconomy-exchange-token,BIT,Biconomy Exchange Token,biconomy-exchange-token,biconomy-exchange-tokenwDS.png,592342566665,"{""binance_smart"":""0xc864019047b864b6ab609a968ae2725dfaee808a""}",18
xNETbUB7cRb3AAu2pNG2pUwQcJ2BHcktfvSB8x1Pq6L_solana,XNET,XNET Mobile,xnet-mobile-2,xNETbUB7cRb3AAu2pNG2pUwQcJ2BHcktfvSB8x1Pq6L_solanaJdB.png,1296360819,"{""solana"":""xNETbUB7cRb3AAu2pNG2pUwQcJ2BHcktfvSB8x1Pq6L""}",18
0x93aa0ccd1e5628d3a841c4dbdf602d9eb04085d6_ethereum,PEPU,Pepe Unchained,pepe-unchained-2,0x93aa0ccd1e5628d3a841c4dbdf602d9eb04085d6_ethereumTYA.png,15123999900,"{""ethereum"":""0x93aa0ccd1e5628d3a841c4dbdf602d9eb04085d6""}",18
0x58cb30368ceb2d194740b144eab4c2da8a917dcb_ethereum,ZYN,ZynCoin,zyncoin-2,zyncoin-2AX5.png,903820452,"{""ethereum"":""0x58cb30368ceb2d194740b144eab4c2da8a917dcb"",""solana"":""PzuaVAUH2tfxGZcbBR6kMxeJsBngnsPLFotGJNCtcsd""}",18
spacebucks,SBX,Spacebucks,spacebucks,spacebuckszHq.png,1000000000,"{""chia"":""a628c1c2c6fcb74d53746157e438e108eab5c0bb3e5c80ff9b1910b3e4832913""}",18
bbs-network,RTB,Roundtable,bbs-network,bbs-networks77.png,1000000000,"{""ethereum"":""0x055999b83f9cade9e3988a0f34ef72817566800d"",""binance_smart"":""0xa477a79a118a84a0d371a53c8f46f8ce883ec1dd""}",18
tesla-dinari-tokenized-stock,TSLA,Tesla (Dinari Tokenized Stock),tesla-dinari-tokenized-stock,tesla-dinari-tokenized-stockDzE.png,1721,"{""ethereum"":""0xea142f62ed971651691c6e22c6b78ec488c61f9d"",""base"":""0x74ed07d83999bc5db0ffd850da0a6bd782abd39c"",""arbitrum-one"":""0x36d37b6cbca364cf1d843eff8c2f6824491bcf81"",""avalanche"":""0x4193c2b9b176763f48b1ef5266aed71f6348ba81"",""hyperevm"":""0x4193c2b9b176763f48b1ef5266aed71f6348ba81""}",18
kairo,KAIRO,Kairo,kairo,kairov6j.png,947703081,"{""arc"":""0x3ead4e80e9e5bc0e01682d7ee74c4881b040d3ea""}",18
8Jx8AAHj86wbQgUTjGuj6GTTL5Ps3cqxKRTvpaJApump_solana,PENGUIN,Nietzschean Penguin,nietzschean-penguin,nietzschean-penguinv6k.png,999898519,"{""solana"":""8Jx8AAHj86wbQgUTjGuj6GTTL5Ps3cqxKRTvpaJApump""}",18
shibakeanu,$SHIBK,ShibaKeanu,shibakeanu,shibakeanuitH.png,887274419464781,"{""binance_smart"":""0x314bc6c98a28bd0580651233c351f2994cc12645""}",18
bridged-wrapped-ether-manta-pacific,WETH,Bridged Wrapped Ether (Manta Pacific),bridged-wrapped-ether-manta-pacific,bridged-wrapped-ether-manta-pacificJyf.png,237.9768,"{""manta-pacific"":""0x0dc808adce2099a9f62aa87d9670745aba741746""}",18
nylim-us-high-yield-bond-fund,HYB,NYLIM US High Yield Bond Fund,nylim-us-high-yield-bond-fund,nylim-us-high-yield-bond-funddIO.png,649469,"{""ethereum"":""0x4827c7ecce4f07adfe44a97165f06a199e7d2505""}",18
0xe3fa12da7fa026b21817f16622e8ae48fa785166_robinhood,YARD,Yardkeeper,yardkeeper,yardkeeper0HZ.png,893533287,"{""robinhood"":""0xe3fa12da7fa026b21817f16622e8ae48fa785166""}",18
kommunitas-2,KOM,Kommunitas,kommunitas-2,kommunitas-2no1.png,1999990547,"{""binance_smart"":""0x3cd886be588685484528cbf6494729922e4e89c6""}",18
9yZ5Ru8pbmJZ6Q2DKLCGXkaLNwkm83cnJ4QCw4PFpump_solana,WOBBLES,Wobbles,wobbles,9yZ5Ru8pbmJZ6Q2DKLCGXkaLNwkm83cnJ4QCw4PFpump_solananwF.png,997290186,"{""solana"":""9yZ5Ru8pbmJZ6Q2DKLCGXkaLNwkm83cnJ4QCw4PFpump""}",18
5ToDNkiBAK6k697RRyngTburU7yZNFZFx7jzsD1Uc7pK_solana,NPCS,NPC On Solana,npc-on-solana,npc-on-solanarVv.png,997947734,"{""solana"":""5ToDNkiBAK6k697RRyngTburU7yZNFZFx7jzsD1Uc7pK""}",18
usdcx-movement,USDCX,USDCx (Movement),usdcx-movement,usdcx-movementuU7.png,636623,"{""movement"":""0xba11833544a2f99eec743f41a228ca6ffa7f13c3b6b04681d5a79a8b75ff225e""}",18
0g-wrapped-wbtc-0g,WBTC,0G Wrapped WBTC (0G),0g-wrapped-wbtc-0g,0g-wrapped-wbtc-0gbQI.png,7.4793,"{""0g"":""0x0555e30da8f98308edb960aa94c0db47230d2b9c""}",18
3z2tRjNuQjoq6UDcw4zyEPD1Eb5KXMPYb4GWFzVT1DPg_solana,SURGE,Surge,surge-4,surge-4bAk.png,1000000000,"{""solana"":""3z2tRjNuQjoq6UDcw4zyEPD1Eb5KXMPYb4GWFzVT1DPg"",""binance_smart"":""0x74ac77d7ca54c38eb5ea2e638a80a5182558d3a2"",""base"":""0xedb6970b7be5a522cff14c8b679a2d813ff97b4d""}",18
roobee,ROOBEE,Roobee,roobee,roobeeDmA.png,5400000000,"{""ethereum"":""0xa31b1767e09f842ecfd4bc471fe44f830e3891aa"",""polygon-pos"":""0xfafa220145dfa5c3ec85b6fa8a75aee2451cde5e"",""avalanche"":""0x4036f3d9c45a20f44f0b8b85dd6ca33005ff9654"",""optimistic-ethereum"":""0xb12c13e66ade1f72f71834f2fc5082db8c091358"",""arbitrum-one"":""0x3bd2dfd03bc7c3011ed7fb8c4d0949b382726cee"",""binance_smart"":""0xf77351d8f4ee853135961a936bb8d2e4ffa75f9d""}",18
0x7581ec9347669477711d146e0e43bddda474f415_robinhood,MAXI,Maxi,unilend-finance,unilend-finance8ah.png,990429361,"{""robinhood"":""0x7581ec9347669477711d146e0e43bddda474f415""}",18
illuminati,ILUM,Illuminati,illuminati,illuminatinp2.png,177600000000,"{""ethereum"":""0x98e1f56b334438e3f0bde22d92f5bfd746e0631f""}",18
0x57aedac0ccaafdec0ec62fc4fbfd8252735affff_binance_smart,JACKET,REAL WORLD APPAREL,real-world-apparel,0x57aedac0ccaafdec0ec62fc4fbfd8252735affff_binance_smartvSM.png,1000000000,"{""binance_smart"":""0x57aedac0ccaafdec0ec62fc4fbfd8252735affff""}",18
0x3199a64bc8aabdfd9a3937a346cc59c3d81d8a9a_binance_smart,MUBARAKAH,Mubarakah,mubarakah,mubarakah9xj.png,1000000000,"{""binance_smart"":""0x3199a64bc8aabdfd9a3937a346cc59c3d81d8a9a""}",18
0x4c9b47dbd5933aa4574b2c27f82419e4dbbd0222_arc,ASTOCK,ArcStocks,arcstocks,0x4c9b47dbd5933aa4574b2c27f82419e4dbbd0222_arcpe4.png,928962517,"{""arc"":""0x4c9b47dbd5933aa4574b2c27f82419e4dbbd0222""}",18
shiba-bsc,SHIBSC,SHIBA BSC,shiba-bsc,shiba-bscxNX.png,1000000000000000,"{""binance_smart"":""0xdf0816cc717216c8b0863af8d4f0fc20bc65d643""}",18
neptune-privacy,XNT,Neptune Privacy,neptune-privacy,neptune-privacyRqq.png,2339293,,
qorechain,QOR,QoreChain,qorechain,qorechainvHq.png,4493551518,,
0x9cbf2a763e797d8cde780d199f63901027ea3b8e_binance_smart,XPASS,X-PASS,x-pass,x-passsPd.png,1000000000,"{""binance_smart"":""0x9cbf2a763e797d8cde780d199f63901027ea3b8e""}",18
bongo-cat,BONGO,BONGO CAT,bongo-cat,bongo-catfMV.png,999703761,"{""solana"":""HPJALtLtydXym5Tbv6udQCKcXSihnz3B7aD3PNMNbonk""}",18
anon-inu,AINU,Anon Inu,anon-inu,anon-inuTdg.png,501001510030180,"{""binance_smart"":""0x64f36701138f0e85cc10c34ea535fdbadcb54147""}",18
baby-4,BABY4,Baby 4,baby-4,baby-4Pmh.png,1000000000,"{""binance_smart"":""0xe815f6941d19d1e20b0e1f92471c6143809f4444""}",18
wrapped-ip,WIP,Wrapped IP,wrapped-ip,wrapped-ipZGF.png,2988934,"{""story"":""0x1514000000000000000000000000000000000000""}",18
intuit-ondo-tokenized-stock,INTUON,Intuit (Ondo Tokenized Stock),intuit-ondo-tokenized-stock,intuit-ondo-tokenized-stockSqg.png,2215,"{""ethereum"":""0x6cc0afd51ce4cb6920b775f3d6376ab82b9a93bb"",""binance_smart"":""0x6e3e077a6c0e3c27fd6d00b97387d9b7bd451bab"",""solana"":""CozoH5HBTyyeYSQxHcWpGzd4Sq5XBaKzBzvTtN3ondo""}",18
0xb0ac2b5a73da0e67a8e5489ba922b3f8d582e058_ethereum,SHIRO,Shiro Neko,shiro-neko-2,0xb0ac2b5a73da0e67a8e5489ba922b3f8d582e058_ethereumRpW.png,767760747215196,"{""ethereum"":""0xb0ac2b5a73da0e67a8e5489ba922b3f8d582e058"",""shibarium"":""0x15dd0588dc6c75783b28905d416ae24fa234fb60""}",18
strive-dinari-tokenized-stock,ASST,Strive (Dinari Tokenized Stock),strive-dinari-tokenized-stock,strive-dinari-tokenized-stockZwM.png,20785,"{""ethereum"":""0x81f7c5d0d1a8a61a66d52af4bb3f8b67c5873451"",""base"":""0xcc7cef3de42be48110e1fb753e4a314cf6a574f2"",""arbitrum-one"":""0xade3da26fa78ef08960ba17285e963bcc3e286fb"",""avalanche"":""0x36e78da8653946108c83941cf5818013cca86eda""}",18
ast-spacemobile-rstock,RASTS,AST SpaceMobile Tokenized Stock (Reality),ast-spacemobile-rstock,ast-spacemobile-rstockdKK.png,10729,"{""arbitrum-one"":""0xe172d18ea50377eee45cd73ee2e122c5a5bb9be6"",""morph-l2"":""0x9d958bb9c06db96aa578b9838f38eeb75fcb4187""}",18
liquidy,LQDY,Liquidy,liquidy,liquidy6Xl.png,91583144,,
avax-has-no-chill,NOCHILL,AVAX HAS NO CHILL,avax-has-no-chill,avax-has-no-chillDW1.png,1550000000,"{""avalanche"":""0xacfb898cff266e53278cc0124fc2c7c94c8cb9a5""}",18
4UeLCRqARmfb6e6KQijtiktqqXUxbfk6jZng7DhuBAGS_solana,ASTEROID,Asteroid The Space Shiba Inu,asteroid-the-space-shiba-inu,asteroid-the-space-shiba-inu4s3.png,999831283,"{""solana"":""4UeLCRqARmfb6e6KQijtiktqqXUxbfk6jZng7DhuBAGS""}",18
playa3ull-games-2,3ULL,PLAYA3ULL GAMES,playa3ull-games-2,playa3ull-games-2wv4.png,15567758019,,
EhzVcKKmGjLk6pD5gLT6ZrTg62bMgPgTSCXXmANnSyQA_solana,SANTA,Santa,santa-3,EhzVcKKmGjLk6pD5gLT6ZrTg62bMgPgTSCXXmANnSyQA_solanaVYM.png,136582237,"{""solana"":""EhzVcKKmGjLk6pD5gLT6ZrTg62bMgPgTSCXXmANnSyQA""}",18
0x8410fea2dd13c1798977ff4d55a9e1835f54f216_binance_smart,PIGGY,Piggycell,piggycell,piggycelltNA.png,100000000,"{""binance_smart"":""0x46345336e7c5c89bd15d557203040f2c1ab4dd18"",""internet-computer"":""3ff6l-yaaaa-aaaac-a4ryq-cai""}",18
gnosis-xdai-bridged-usdt-gnosis,USDT,xDai Bridged USDT (Gnosis),gnosis-xdai-bridged-usdt-gnosis,gnosis-xdai-bridged-usdt-gnosisIz5.png,623545,"{""xdai"":""0x4ecaba5870353805a9f068101a40e0f32ed605c6""}",18
strata-senior-mhyper,SRMHYPER,Strata Senior mHYPER,strata-senior-mhyper,strata-senior-mhyperShq.png,602106,"{""ethereum"":""0x627ea69929212916ec57b1b26d2e1a19f6129b53""}",18
HMaJxXp3Ja81jSwigF6zGaMt79hNZuczrw6i7LjTbonk_solana,BAG,Bag on Bonk,bag-on-bonk,HMaJxXp3Ja81jSwigF6zGaMt79hNZuczrw6i7LjTbonk_solanaFnD.png,999742690,"{""solana"":""HMaJxXp3Ja81jSwigF6zGaMt79hNZuczrw6i7LjTbonk""}",18
bad-idea-ai,BAD,Bad Idea AI,bad-idea-ai,bad-idea-ai0fu.png,829474084319129,"{""ethereum"":""0x32b86b99441480a7e5bd3a26c124ec2373e3f015"",""shibarium"":""0xef99cd3e619c058658043f8775ed9077105d8581""}",18
tiny-humans-ai,TINY,Tiny Humans AI,tiny-humans-ai,tiny-humans-ailKn.png,977205450,"{""solana"":""2AF7CqwieUjUPALL7icuZtL3X7wENdjUjGBMmfV2pump"",""robinhood"":""0xb9ce619b168f325b4eb8c2e8e073501838c7a407""}",18
meme-ssi,MEME.SSI,MEME.ssi,meme-ssi,meme-ssiho3.png,2662906,"{""base"":""0xdd3acdbdc7b358df453a6cb6bca56c92aa5743aa""}",18
asml-holding-rstock,RASML,ASML Holding NV Tokenized Stock (Reality),asml-holding-rstock,asml-holding-rstockW1G.png,332.6982,"{""arbitrum-one"":""0x10d1107c665ae9c1d0c2de4d90222289dc8d317e"",""morph-l2"":""0xa9120cfa0be0da161a91efa71f474338aa9e8ff2""}",18
messy-virgo,MESSY,Messy Virgo,messy-virgo,messy-virgodwV.png,986871634,"{""base"":""0x09f87f948c88848363b124c9099cbb58e4cc7cb6""}",18
gopro-bstocks-tokenized-stock,GPROB,GoPro (bStocks Tokenized Stock),gopro-bstocks-tokenized-stock,gopro-bstocks-tokenized-stockUBW.png,468505,"{""binance_smart"":""0x1ecfda023c46ca216b5c620ef357a6d0c03951e6""}",18
asx-capital,ASX,ASX Capital,asx-capital,asx-capitals3f.png,10000000,"{""binance_smart"":""0xebd3619642d78f0c98c84f6fa9a678653fb5a99b"",""core"":""0xb28b43209d9de61306172af0320f4f55e50e2f29""}",18
kLqMvUm1p4pRbxU4r8kWCTVAuWMJLtcTJqGb4b5pump_solana,BRENT,Brent on SOL,brent-on-sol,brent-on-sol1ge.png,998870001,"{""solana"":""kLqMvUm1p4pRbxU4r8kWCTVAuWMJLtcTJqGb4b5pump""}",18
0x1217bfe6c773eec6cc4a38b5dc45b92292b6e189_base,OUSDT,OpenUSDT,openusdt,openusdtfV6.png,617249,"{""base"":""0x1217bfe6c773eec6cc4a38b5dc45b92292b6e189"",""mode"":""0x1217bfe6c773eec6cc4a38b5dc45b92292b6e189"",""fraxtal"":""0x1217bfe6c773eec6cc4a38b5dc45b92292b6e189"",""soneium"":""0x1217bfe6c773eec6cc4a38b5dc45b92292b6e189"",""unichain"":""0x1217bfe6c773eec6cc4a38b5dc45b92292b6e189"",""lisk"":""0x1217bfe6c773eec6cc4a38b5dc45b92292b6e189"",""optimistic-ethereum"":""0x1217bfe6c773eec6cc4a38b5dc45b92292b6e189"",""superseed"":""0x1217bfe6c773eec6cc4a38b5dc45b92292b6e189"",""ink"":""0x1217bfe6c773eec6cc4a38b5dc45b92292b6e189"",""bob-network"":""0x1217bfe6c773eec6cc4a38b5dc45b92292b6e189""}",18
hodl-2,HODL,HODL,hodl-2,hodl-2lYc.png,9955834145,"{""binance_smart"":""0x32b407ee915432be6d3f168bc1eff2a6f8b2034c""}",18
hyperhood,HH,HyperHood,hyperhood,hyperhoodN93.png,21000000,"{""robinhood"":""0x6835dbf2d7d5852f84bf0a80de00cab3864f44b1""}",18
ton-xstock,TONXX,TON xStock,ton-xstock,ton-xstockpS3.png,35476471,"{""ethereum"":""0xe95ab205e333443d7970336d5fd827ef9ed97608"",""solana"":""XscE4GUcsYhcyZu5ATiGUMmhxYa1D5fwbpJw4K6K4dp""}",18
xsl-labs,SYL,myDid,xsl-labs,xsl-labsLY6.png,9819130576,"{""binance_smart"":""0x7e52a123ed6db6ac872a875552935fbbd2544c86""}",18
2Bwbeh361ywi1PpypDHabDb8VphNKCQt9ht2CRzFsYAE_solana,HABITAT,Habitat,habitat-2,2Bwbeh361ywi1PpypDHabDb8VphNKCQt9ht2CRzFsYAE_solana5U5.png,99999817,"{""solana"":""2Bwbeh361ywi1PpypDHabDb8VphNKCQt9ht2CRzFsYAE""}",18
UPTx1d24aBWuRgwxVnFmX4gNraj3QGFzL3QqBgxtWQG_solana,UPT,UpRock,uprock,uprockOLR.png,973279585,"{""solana"":""UPTx1d24aBWuRgwxVnFmX4gNraj3QGFzL3QqBgxtWQG""}",18
ondo-diversified-growrth-powered-by-blackrock,BLKDIGON,Ondo Diversified Growth Powered by BlackRock,ondo-diversified-growrth-powered-by-blackrock,ondo-diversified-growrth-powered-by-blackrockv4t.png,120303,"{""ethereum"":""0x6e17534a1fc047907d8f422ca166944d6469e053"",""binance_smart"":""0xe658c62195f32bc53226e7e2642e3d76b4382fb8""}",18
mirrored-ether,METH,Mirrored Ether,mirrored-ether,mirrored-etherRJ2.png,228966,,
bob-token,BOB,BOB Token,bob-token,bob-tokenjEi.png,690000000000,"{""ethereum"":""0x7d8146cf21e8d7cbe46054e01588207b51198729""}",18
jarvis-2,JARVIS,Jarvis,jarvis-2,jarvis-2y3K.png,42000000,"{""arbitrum-one"":""0x2c7941a0fe9c52223b229747322af16160161c98"",""base"":""0x777b2839832982b35213063d850848369390ee16"",""binance_smart"":""0x644c545703f57a4b905f4c558f52342a206e2c55"",""ethereum"":""0xbd8fdda057de7e0162b7a386bec253844b5e07a5"",""optimistic-ethereum"":""0x1574564fcfd15bccb3fe04e9818f61131ea74066"",""polygon-pos"":""0xe292178333fc7424211795895865adac05baf3be""}",18
0xb142417eb86799115fe353675fca7eb8b59ee0df_binance_smart,MSAI,Miss AI,miss-ai,miss-aiolR.png,888888888,"{""binance_smart"":""0xb142417eb86799115fe353675fca7eb8b59ee0df""}",18
HhUVkZ1qz8vfMqZDemLyxBFxrHFKVSYAk7a6227Lpump_solana,LI,Whyyoutouzhele,whyyoutouzhele,HhUVkZ1qz8vfMqZDemLyxBFxrHFKVSYAk7a6227Lpump_solanaxcM.png,999914361,"{""solana"":""HhUVkZ1qz8vfMqZDemLyxBFxrHFKVSYAk7a6227Lpump""}",18
gopulse,GO,GoPulse,gopulse,gopulse7cQ.png,17233000,"{""pulsechain"":""0x000000000002625d361571e3771d402e10cf7ddb""}",18
anzen-staked-usdz,SUSDZ,Anzen Staked USDz,anzen-staked-usdz,anzen-staked-usdzgGc.png,508618,"{""ethereum"":""0x547213367cfb08ab418e7b54d7883b2c2aa27fd7"",""blast"":""0x73d23f3778a90be8846e172354a115543df2a7e4"",""base"":""0xe31ee12bdfdd0573d634124611e85338e2cbf0cf"",""manta-pacific"":""0x8f08a3b5bceadef10c0b26c8bb720ebb8fa91758"",""arbitrum-one"":""0x1b2c29e3897b8f9170c98440a483e90e715c879d""}",18
draftkings-backpack-securities,DKNG,DraftKings (Backpack Securities),draftkings-backpack-securities,draftkings-backpack-securitiesUCM.png,32889,"{""solana"":""DKNGQFNGQmoBdXSRGKJ8tTu7uPDasw5JDcfMmWniNfow""}",18
asentum,ASE,Asentum,asentum,asentumQ5N.png,1000000000,"{""ethereum"":""0x041ff0e49f6f774e7dc7bd10ee4a14c00b1d80b2""}",18
0x88b1cd4b430d95b406e382c3cdbae54697a0286e_base,WABASGHO,Wrapped Aave Base GHO,wrapped-aave-base-gho,wrapped-aave-base-ghoHMW.png,581826,"{""base"":""0x88b1cd4b430d95b406e382c3cdbae54697a0286e""}",18
hivello,HVLO,Hivello,hivello,hivellouUS.png,9980508071,"{""solana"":""Gdck9KXSSiMMhNyjUjo4sVT1GDzeZnZP2yse9jhax3GR""}",18
0x4a6eec8a30b49d289b9fc865fd374b4d61eab8fb_robinhood,LILUNI,Liluni,liluni,0x4a6eec8a30b49d289b9fc865fd374b4d61eab8fb_robinhoodCTO.png,1000000000,"{""robinhood"":""0x4a6eec8a30b49d289b9fc865fd374b4d61eab8fb""}",18
0xca326ae4fe47d07e7d20421170dadacd92ed694c_anubis,ETH,Anubis Bridged ETH (Anubis),anubis-bridged-eth-anubis,anubis-bridged-eth-anubisoOl.png,226.0065,"{""anubis"":""0xca326ae4fe47d07e7d20421170dadacd92ed694c""}",18
qone,QONE,qONE,qone,qonezlv.png,1006904800,"{""hyperevm"":""0x4f9e014f620d83b08342c8bdff3043fb2220b727""}",18
jelly-finance-baby,JFB,Jelly Finance Baby,jelly-finance-baby,jelly-finance-baby29S.png,199998795,"{""solana"":""AFrir4a4S6XKsB7kq7vjcDTYV3xV5wtzhug1QK4vWaJR""}",18
oklo-ondo-tokenized,OKLOON,Oklo (Ondo Tokenized),oklo-ondo-tokenized,oklo-ondo-tokenized6Q3.png,16881,"{""ethereum"":""0xf0372e226553af4f343b44111a789f87a9fa427a"",""binance_smart"":""0xaf6c03acf72355ce98d0741302b78870b376428c"",""solana"":""m6oDLvJT7rY7M1TxuLWP3pWmAPg2cCWDQR1NKiEondo""}",18
goat-bridged-binance-bitcoin-goat,BTCB,Goat Bridged Binance Bitcoin (Goat),goat-bridged-binance-bitcoin-goat,goat-bridged-binance-bitcoin-goatUPL.png,7.1489,"{""goat"":""0xfe41e7e5cb3460c483ab2a38eb605cda9e2d248e""}",18
get-protocol,GET,GET Protocol,get-protocol,get-tokenq4A.png,22926929,"{""ethereum"":""0x8a854288a5976036a725879164ca3e91d30c6a1b"",""polygon-pos"":""0xdb725f82818de83e99f1dac22a9b5b51d3d04dd4""}",18
polkaswap,PSWAP,Polkaswap,polkaswap,polkaswapO5O.png,10000000000,"{""ethereum"":""0x519c1001d550c0a1dae7d1fc220f7d14c2a521bb"",""sora"":""0x0200050000000000000000000000000000000000000000000000000000000000""}",18
7d5uLATMiAoRC1n9yNc7VCrhx44H6bjEzDx7Gxuhpump_solana,SSR,Strategic Super Reserve,strategic-solana-reserve,strategic-solana-reservebdj.png,1000000000,"{""solana"":""BpdHpqznEgYPXZNrJVRZvBhdWoafYLVVuLxTQo34pump"",""base"":""0x9958f2d5b6f8b08c6da3b3b013112f9ca6cec6dc"",""robinhood"":""0x7ac87d8fdb45200fdd51e4aca225244485c984c5""}",18
0x4d17c0609b77e456fb98ea99a62bcef09adae32d_oasys,USDC.E,Celer Bridged USDC (Oasys),oasys-bridged-usdc-oasys,oasys-bridged-usdc-oasysfK6.png,603145,"{""oasys"":""0x4d17c0609b77e456fb98ea99a62bcef09adae32d""}",18
Bhu2wBWxfWkRJ6pFn5NodnEvMCqj9DLfCU5qMvt7pump_solana,CHATOSHI,ChAtoshI,chatoshi,Bhu2wBWxfWkRJ6pFn5NodnEvMCqj9DLfCU5qMvt7pump_solanaa50.png,888885912,"{""solana"":""Bhu2wBWxfWkRJ6pFn5NodnEvMCqj9DLfCU5qMvt7pump""}",18
0xac03caba51e17c86c921e1f6cbfbdc91f8bb2e6b_berachain,IBGT,Infrared BGT,infrafred-bgt,infrafred-bgtGNm.png,2598910,"{""berachain"":""0xac03caba51e17c86c921e1f6cbfbdc91f8bb2e6b""}",18
ondo-5-targeted-income-tr-portfolio,YLD5ON,Ondo 5 Targeted Income TR Portfolio,ondo-5-targeted-income-tr-portfolio,ondo-5-targeted-income-tr-portfolionz0.png,120412,"{""ethereum"":""0x3d68e46ba86ebe702b2399245730dde2f7e4b077"",""binance_smart"":""0x0cfd1030e2431e0fa15d4cc3f3e43076fe93f8f9""}",18
0xa4bc2b90743294e5e6fd3321a9a131947f7785db_ethereum,JEST,Jester,jester,0xa4bc2b90743294e5e6fd3321a9a131947f7785db_ethereumqTX.png,995000,"{""ethereum"":""0xa4bc2b90743294e5e6fd3321a9a131947f7785db""}",18
0xf74548802f4c700315f019fde17178b392ee4444_binance_smart,MEMES,memes will continue,memes-will-continue,memes-will-continueoQ8.png,1000000000,"{""binance_smart"":""0xf74548802f4c700315f019fde17178b392ee4444""}",18
newmont-ondo-tokenized,NEMON,Newmont (Ondo Tokenized),newmont-ondo-tokenized,newmont-ondo-tokenizedEQL.png,5173,"{""ethereum"":""0x0c802acb21cb2aadb2eb5e5090868e1361b26b69"",""binance_smart"":""0x5e63232993789601ce362e0240a299c1dfcbfbec"",""solana"":""Dig28Tf1ufhCBAsjTmFkXCgcNgMqDMYj5A2rDQmondo""}",18
bridged-usdc-core,USDC,CoreDAO Bridged USDC (Core),bridged-usdc-core,bridged-usdc-core8Ka.png,600434,"{""core"":""0xa4151b2b3e269645181dccf2d426ce75fcbdeca9""}",18
defichain,DFI,DeFiChain,defichain,1649753625524.png,1200000003,"{""ethereum"":""0x8fc8f8269ebca376d046ce292dc7eac40c8d358a"",""binance_smart"":""0x361c60b7c2828fcab80988d00d1d542c83387b50""}",18
usa-rare-earth-robinhood-tokenized-stock,USAR,USA Rare Earth • Robinhood Token,usa-rare-earth-robinhood-tokenized-stock,usa-rare-earth-robinhood-tokenized-stocki6k.png,43693,"{""robinhood"":""0xd917b029c761d264c6a312bbbcda868658ef86a6""}",18
mcontent,MCONTENT,MContent,mcontent,mcontentnwL.png,6023505460604170,"{""ethereum"":""0xd3c51de3e6dd9b53d7f37699afb3ee3bf9b9b3f4"",""binance_smart"":""0x799e1cf88a236e42b4a87c544a22a94ae95a6910""}",18
osmosis-allusdt,USDT,Osmosis allUSDT,osmosis-allusdt,osmosis-allusdtK8E.png,597569,"{""osmosis"":""factory/osmo1em6xs47hd82806f5cxgyufguxrrc7l0aqx7nzzptjuqgswczk8csavdxek/alloyed/allUSDT""}",18
dyzilla,DYZILLA,DYZilla,dyzilla,dyzillad87.png,0,"{""binance_smart"":""0xdaca7c8e16ddfa5d5b266380228ca9e2288f3931""}",18
three-ws,THREE,three.ws,three-ws,three-ws4pR.png,999648479,"{""solana"":""FeMbDoX7R1Psc4GEcvJdsbNbZA3bfztcyDCatJVJpump""}",18
dtravel,TRVL,Dtravel,dtravel,dtravelRtR.png,1000000000,"{""ethereum"":""0xd47bdf574b4f76210ed503e0efe81b58aa061f3d"",""binance_smart"":""0x6a8fd46f88dbd7bdc2d536c604f811c63052ce0f"",""base"":""0x74aa9bb52b36a378a6e641b86d7acb76dc9b3940""}",18
0xc2427bf51d99b6ed0da0da103bc51235638ee868_base,BOT,Wasabot,wasabot,wasabotBcR.png,1000000000,"{""base"":""0xc2427bf51d99b6ed0da0da103bc51235638ee868""}",18
marsdao,MDAO,MarsDAO,marsdao,1673435070014.png,95908551,"{""binance_smart"":""0x60322971a672b81bcce5947706d22c19daecf6fb""}",18
0x9f86db9fc6f7c9408e8fda3ff8ce4e78ac7a6b07_base,CLAWD,clawd.atg.eth,clawd-atg-eth,clawd-atg-ethGsd.png,97149582964,"{""base"":""0x9f86db9fc6f7c9408e8fda3ff8ce4e78ac7a6b07""}",18
nodecoin,NC,Nodepay,nodecoin,nodecoiniPf.png,999922903,"{""solana"":""B89Hd5Juz7JP2dxCZXFJWk4tMTcbw7feDhuWGb3kq5qE""}",18
0x2d57c47bc5d2432feeedf2c9150162a9862d3ccf_base,DICKBUTT,Dickbutt,dickbutt,0x2d57c47bc5d2432feeedf2c9150162a9862d3ccf_baseng5.png,100000000000,"{""base"":""0x2d57c47bc5d2432feeedf2c9150162a9862d3ccf""}",18
elympics,ELP,Elympics,elympics,elympicsXk3.png,3500000000,"{""ethereum"":""0xbbcdc8eb044bf661eabfa07b93909a76ebdb1100""}",18
satoshi-nakamoto-rune,SATOSHI,SATOSHI•NAKAMOTO (Bitcoin),satoshi-nakamoto-rune,satoshi-nakamoto-runel9I.png,21000000,"{""ordinals"":""840000:22""}",18
0xbe98b75361935b18d688409424a869a4c3dc7401_robinhood,NUDES,SEND NUDES,send-nudes,send-nudesDfv.png,1000000000,"{""robinhood"":""0xbe98b75361935b18d688409424a869a4c3dc7401""}",18
ibc-bridged-usdt,KAVAUSDT,IBC Bridged USDT (Sei),ibc-bridged-usdt,ibc-bridged-usdtnSn.png,3062885,"{""sei-v2"":""0xb75d0b03c06a926e488e2659df1a861f860bd3d1""}",18
prosper,PROS,Prosper [OLD],prosper,prosperpVt.png,100000000,"{""ethereum"":""0x8642a849d0dcb7a15a974794668adcfbe4794b56"",""polygon-pos"":""0x6109cb051c5c64093830121ed76272ab04bbdd7c"",""binance_smart"":""0xed8c8aa8299c10f067496bb66f8cc7fb338a3405""}",18
ravenhood,RVH,Ravenhood,ravenhood,ravenhoodR93.png,76715085,"{""robinhood"":""0x96765066f6a040a21eb027167d2315b707c82633""}",18
0xebb66a88cedd12bfe3a289df6dfee377f2963f12_ethereum,OSCAR,OSCAR,oscar,0xebb66a88cedd12bfe3a289df6dfee377f2963f12_ethereumgBa.png,889939266,"{""ethereum"":""0xebb66a88cedd12bfe3a289df6dfee377f2963f12""}",18
AHdVQs56QpEEkRx6m8yiYYEiqM2sKjQxVd6mGH12pump_solana,FATCAT,FatCat,fatcat-2,AHdVQs56QpEEkRx6m8yiYYEiqM2sKjQxVd6mGH12pump_solana31F.png,997633576,"{""solana"":""63EM76z3TqZt92DhzhmmaAgcjSkX7Eg1X65jWiocpump""}",18
xona-agent,XONA,XONA AGENT,xona-agent,xona-agent0B5.png,999666101,"{""solana"":""Ckit5s1Cpc3RdMh1HrhfW2nAy4PnkkgjXgXMeykbpump""}",18
unistake,UNISTAKE,Unistake,unistake,unistakekuo.png,279999999,"{""ethereum"":""0x9ed8e7c9604790f7ec589f99b94361d8aab64e5e"",""harmony-shard-0"":""0x1ec56f91d61f2c2cb1af0a2b9bb8d7984f0a6626""}",18
inu-inu,INUINU,Inu Inu,inu-inu,inu-inuk0c.png,418027044842427,"{""ethereum"":""0xc6bdb96e29c38dc43f014eed44de4106a6a8eb5f""}",18
0xb7eaecc89d3e2f9fd597d61726ae824900db8360_robinhood,STRATTON,Stratton Market,stratton-market,stratton-marketaVA.png,1000000000,"{""robinhood"":""0xb7eaecc89d3e2f9fd597d61726ae824900db8360""}",18
0x7afe438411ee3959c7de6f7fb76bf9c769320ba3_base,BLOCKTRONICS,Blocktronics,blocktronics,blocktronicsMhH.png,100000000000,"{""base"":""0x7afe438411ee3959c7de6f7fb76bf9c769320ba3""}",18
qualcomm-rstock,RQCOM,Qualcomm Tokenized Stock (Reality),qualcomm-rstock,qualcomm-rstockj9M.png,3174,"{""arbitrum-one"":""0x9382ed4f9024ee0dd3d48fbd474b2735b8e2dbba"",""morph-l2"":""0xc809971d09c3f8ba9ba26dcc633a1309b56fc908""}",18
belt,BELT,Belt,belt,beltt3S.png,54914875,"{""binance_smart"":""0xe0e514c71282b6f4e823703a39374cf58dc3ea4f""}",18
yield-yak,YAK,Yield Yak,yield-yak,yield-yakHwj.png,10000,"{""avalanche"":""0x59414b3089ce2af0010e7523dea7e2b35d776ec7"",""arbitrum-one"":""0x7f4db37d7beb31f445307782bc3da0f18df13696"",""mantle"":""0x7f4db37d7beb31f445307782bc3da0f18df13696""}",18
Cjrrc595e9R47EZ3gkbUmL6ZZpLSxiXg16v2Y3Aapump_solana,FARTGIRL,FARTGIRL,fartgirl,Cjrrc595e9R47EZ3gkbUmL6ZZpLSxiXg16v2Y3Aapump_solana3xw.png,1000000000,"{""solana"":""Cjrrc595e9R47EZ3gkbUmL6ZZpLSxiXg16v2Y3Aapump""}",18
maxi-payfi-strategy-token,MPST,Maxi PayFi Strategy Token,maxi-payfi-strategy-token,maxi-payfi-strategy-tokenMNl.png,585947,"{""solana"":""HUPfpnsaJtJGpJxAPNX1vXah7BgYiQYt1c2JMgMumvPs""}",18
6e8LLHkqCTa4mzGuL1PoUxSfeHmDeceJ3DaJSSUNg937_solana,ARTHUR,Arthur,arthur,arthurfbu.png,999977834,"{""solana"":""6e8LLHkqCTa4mzGuL1PoUxSfeHmDeceJ3DaJSSUNg937""}",18
communis-2,COM,Communis,communis-2,communis-2hl9.png,0,"{""pulsechain"":""0x5a9780bfe63f3ec57f01b087cd65bd656c9034a8""}",18
5yC9BM8KUsJTPbWPLfA2N8qH1s9V8DQ3Vcw1G6Jdpump_solana,AGENC,AgenC,agenc,agenc482.png,999951977,"{""solana"":""5yC9BM8KUsJTPbWPLfA2N8qH1s9V8DQ3Vcw1G6Jdpump""}",18
t-rex-2x-long-mstr-daily-target-etf-rstock,RMSTU,T-Rex 2X Long MSTR Daily Target ETF Tokenized Stock (Reality),t-rex-2x-long-mstr-daily-target-etf-rstock,t-rex-2x-long-mstr-daily-target-etf-rstockXj4.png,13469,"{""arbitrum-one"":""0x8a2fa2c16f74911c299ef07dc0185143202e7624""}",18
AGi2s9zPRPHs3zEDPhPTroumTEXK5ufymYSfEFndCSSW_solana,LEVERCAT,Leveraged Cat,leveraged-cat,leveraged-cat1Ih.png,993702600,"{""solana"":""AGi2s9zPRPHs3zEDPhPTroumTEXK5ufymYSfEFndCSSW""}",18
dragonx-2,DRGX,DragonX,dragonx-2,dragonx-2huP.png,9290566,,
lords,LORDS,LORDS,lords,lordsx2u.png,300000000,"{""ethereum"":""0x686f2404e77ab0d9070a46cdfb0b7fecdd2318b0"",""starknet"":""0x0124aeb495b947201f5fac96fd1138e326ad86195b98df6dec9009158a533b49"",""base"":""0xd5b22dcfa9a919b28afe164fc7af10b832d4b022""}",18
radiant,RXD,Radiant,radiant,1698669564892.png,16376664353,,
0x72dc556fff14115c077a540921e5f35499a4dca7_robinhood,THRONE,throne,throne-3,throne-3kPz.png,1000000000,"{""robinhood"":""0x72dc556fff14115c077a540921e5f35499a4dca7""}",18
coreweave-robinhood-tokenized-stock,CRWV,CoreWeave • Robinhood Token,coreweave-robinhood-tokenized-stock,coreweave-robinhood-tokenized-stock6iF.png,6468,"{""robinhood"":""0x5f10a1c971b69e47e059e1dc91901b59b3fb49c3""}",18
nitro-cartel,TROVE,Arbitrove Governance Token,nitro-cartel,nitro-cartelWYf.png,1000000000,"{""arbitrum-one"":""0x982239d38af50b0168da33346d85fb12929c4c07""}",18
presearch,PRE,Presearch,presearch,PresearchyccpW.png,1000000000,"{""ethereum"":""0xec213f83defb583af3a000b1c0ada660b1902a0f"",""base"":""0x3816dd4bd44c8830c2fa020a5605bac72fa3de7a""}",18
applied-materials-ondo-tokenized-stocks,AMATON,Applied Materials (Ondo Tokenized Stock),applied-materials-ondo-tokenized-stocks,applied-materials-ondo-tokenized-stocks0sK.png,1074,"{""ethereum"":""0x6be935eadc71c49c414b1175985946ee40365c67"",""binance_smart"":""0x5ecc352c4640f1d26bd231dbbd171f40f7d0eec6"",""solana"":""7eRX747PSbVtGVx3qD5UFdkNM2BfTy86ikUiCMhondo""}",18
kuma-inu,KUMA,Kuma Inu,kuma-inu,kuma-inuBQO.png,491489966259843,"{""ethereum"":""0x48c276e8d03813224bb1e55f953adb6d02fd3e02""}",18
sidiora-markets,SID,Sidiora Markets,sidiora-markets,sidiora-marketsLCe.png,989876408,"{""solana"":""5w3wVdJaESaJKyLmStM6Hv9UyUkmZ1b9DLQquAqqpump""}",18
2nP9yKQNSGQy851iyawDvBkzkK2R2aqKArQCKc2gpump_solana,PSYOPANIME,PsyopAnime,psyopanime,2nP9yKQNSGQy851iyawDvBkzkK2R2aqKArQCKc2gpump_solanaMMI.png,999947305,"{""solana"":""2nP9yKQNSGQy851iyawDvBkzkK2R2aqKArQCKc2gpump""}",18
burning-circle,CIRCLE,Ultraround Money,burning-circle,burning-circlecny.png,814641,"{""base"":""0x5babfc2f240bc5de90eb7e19d789412db1dec402""}",18
5Jr9hGmJgxBRjjF8XGcGgQzXUdsbpZNNMpigEv8Wpump_solana,MUSHU,Mushu,mushu,mushue4l.png,153055529,"{""solana"":""5Jr9hGmJgxBRjjF8XGcGgQzXUdsbpZNNMpigEv8Wpump""}",18
tenbin-gold,TGLD,Tenbin Gold,tenbin-gold,tenbin-gold3ci.png,139.7625,"{""ethereum"":""0x6a547b25534234bb79ce6961a23db13de154b6f4""}",18
sentio,ST,Sentio Token,sentio,sentiolea.png,1000000000,"{""binance_smart"":""0x70be40667385500c5da7f108a022e21b606045dd"",""ethereum"":""0x70be40667385500c5da7f108a022e21b606045dd""}",18
cardstack,CARD,Cardstack,cardstack,Cardstackjy93p.png,6000000000,"{""ethereum"":""0x954b890704693af242613edef1b603825afcd708""}",18
meter-passport-bridged-usdc-meter,USDC.ETH,Meter Passport Bridged USDC (Meter),meter-passport-bridged-usdc-meter,meter-passport-bridged-usdc-meterpEV.png,517681,"{""meter"":""0xd86e243fc0007e6226b07c9a50c9d70d78299eb5""}",18
eshare,ESHARE,ESHARE,eshare,eshareFHW.png,59954,"{""base"":""0xb7c10146ba1b618956a38605ab6496523d450871""}",18
pointpay-2,PXP,PointPay,pointpay-2,pointpay-2H83.png,100000000,"{""ethereum"":""0x15fa5d3dbd11a831b72b92c1705bc9f801e233cb"",""avalanche"":""0x15fa5d3dbd11a831b72b92c1705bc9f801e233cb"",""binance_smart"":""0x15fa5d3dbd11a831b72b92c1705bc9f801e233cb""}",18
d-wave-quantum-ondo-tokenized-stock,QBTSON,D-Wave Quantum (Ondo Tokenized Stock),d-wave-quantum-ondo-tokenized-stock,d-wave-quantum-ondo-tokenized-stockKft.png,36552,"{""ethereum"":""0x3807562a482b824c08a564dfefcc471806d3e00a"",""binance_smart"":""0x8c7bf0ed6bc778bde1489de1592c1aad3e66371d"",""solana"":""hqJXutLF6f7DxStrWCrnZDfXzbNTZmvi3KheVi6ondo""}",18
moola-celo-dollars,MCUSD,Moola Celo Dollars,moola-celo-dollars,moola-celo-dollarscqs.png,572180,"{""celo"":""0x918146359264c492bd6934071c6bd31c854edbc3""}",18
ber,BER,BER,ber,berWMD.png,999999948,"{""solana"":""5kkkNahbYVYZUQthCZCU6ax4zkcN622jAMTnAvJApump""}",18
virtue-usd,VUSD,Virtue USD,virtue-usd,virtue-usdt1L.png,584037,"{""iota"":""0xd3b63e603a78786facf65ff22e79701f3e824881a12fa3268d62a75530fe904f::vusd::VUSD""}",18
moderna-inc-robinhood-token,MRNA,"Moderna, Inc. • Robinhood Token",moderna-inc-robinhood-token,moderna-inc-robinhood-tokenGA3.png,3036,"{""robinhood"":""0x43b07d15ce533bec5476d70c22a78a1b2b662155""}",18
0x6ea1ffcbd7f5d210db07d9e773862b0512fa219b_superseed,SUPR,Superseed,superseed,superseedLgS.png,10000000000,"{""superseed"":""0x6ea1ffcbd7f5d210db07d9e773862b0512fa219b"",""ethereum"":""0x17906b1cd88aa8efaefc5e82891b52a22219bd45"",""base"":""0x17906b1cd88aa8efaefc5e82891b52a22219bd45"",""optimistic-ethereum"":""0x17906b1cd88aa8efaefc5e82891b52a22219bd45"",""ink"":""0x17906b1cd88aa8efaefc5e82891b52a22219bd45""}",18
alphakek-ai,AIKEK,Alphakek,alphakek-ai,alphakek-aiIy4.png,237319317,"{""ethereum"":""0x8dce83eca4af45dbe618da1779f9aaca43201084"",""base"":""0x681a09a902d9c7445b3b1ab282c38d60c72f1f09"",""solana"":""CotWkXoBD3edLb6opEGHV9tb3pyKmeoWBLwdMJ8ZDimW""}",18
0x072ef16a59bdc14e25f33ff4509870660548c107_binance_smart,HATCH,Hatch,hatch-2,0x072ef16a59bdc14e25f33ff4509870660548c107_binance_smartEU7.png,1000000000,"{""binance_smart"":""0x072ef16a59bdc14e25f33ff4509870660548c107""}",18
C29ebrgYjYoJPMGPnPSGY1q3mMGk4iDSqnQeQQA7moon_solana,NOBODY,Nobody Sausage,nobody-sausage,nobody-sausage4lI.png,936005619,"{""solana"":""C29ebrgYjYoJPMGPnPSGY1q3mMGk4iDSqnQeQQA7moon""}",18
zj1jpp7QMveWHLs61vL9KMZf254KvW7j4AAmBF8ry2k_solana,BULLSHIT,Bullshit Coin,bullshit-coin,bullshit-coinI96.png,978099163,"{""solana"":""zj1jpp7QMveWHLs61vL9KMZf254KvW7j4AAmBF8ry2k""}",18
timeless,LIT,Timeless,timeless,timelessjC3.png,653869637,"{""ethereum"":""0xfd0205066521550d7d7ab19da8f72bb004b4c341""}",18
gala-music,MUSIC,Gala Music,gala-music,gala-musicXar.png,161274016,"{""ethereum"":""0xd8c0b13b551718b808fc97ead59499d5ef862775"",""galachain"":""0xd8c0b13b551718b808fc97ead59499d5ef862775""}",18
2PzS5SYYWjUFvzXNFaMmRkpjkxGX6R5v8DnKYtdcpump_solana,OPAL,Opal,opal-4,opal-4pnk.png,999925885,"{""solana"":""2PzS5SYYWjUFvzXNFaMmRkpjkxGX6R5v8DnKYtdcpump""}",18
jarvis-synthetic-euro,JEUR,Jarvis Synthetic Euro,jarvis-synthetic-euro,jarvis-synthetic-euro63I.png,517032,"{""ethereum"":""0x0f17bc9a994b87b5225cfb6a2cd4d667adb4f20b"",""polygon-pos"":""0x4e3decbb3645551b8a19f0ea1678079fcb33fb4c"",""binance_smart"":""0x23b8683ff98f9e4781552dfe6f12aa32814924e8"",""xdai"":""0x9fb1d52596c44603198fb0aee434fac3a679f702""}",18
deus-finance-2,DEUS,DEUS Finance,deus-finance-2,deus-finance-2zDD.png,302000,"{""ethereum"":""0xde5ed76e7c05ec5e4572cfc88d1acea165109e44"",""polygon-pos"":""0xde5ed76e7c05ec5e4572cfc88d1acea165109e44"",""fantom"":""0xde55b113a27cc0c5893caa6ee1c020b6b46650c0"",""binance_smart"":""0xde5ed76e7c05ec5e4572cfc88d1acea165109e44"",""base"":""0xde5ed76e7c05ec5e4572cfc88d1acea165109e44""}",18
AzeNfRi7DX5HndH7dUgCxMD5sQPV7FPFH1cwDkoqpump_solana,KNIGHT,Knight Core,knight-core,knight-coreajN.png,956643797,"{""solana"":""AzeNfRi7DX5HndH7dUgCxMD5sQPV7FPFH1cwDkoqpump""}",18
flowx-finance,FLX,FlowX Finance,flowx-finance,flowx-financeoNw.png,10000000,"{""sui"":""0x6dae8ca14311574fdfe555524ea48558e3d1360d1607d1c7f98af867e3b7976c::flx::FLX""}",18
althea,ALTHEA,ALTHEA,althea,altheawb6.png,21702911,"{""ethereum"":""0xf9e595bc0af20cfa1561dfe085e3de9fcf9fbfa2""}",18
bobacat,BOBA,Boba Cat,bobacat,bobacatog5.png,1000000000,"{""ethereum"":""0x6ecf5fe60e27cd03abdba3a19af8dc6845a0da58""}",18
the-root-network,ROOT,The Root Network,the-root-network,the-root-networkvId.png,12000000000,"{""ethereum"":""0xa3d4bee77b05d4a0c943877558ce21a763c4fa29""}",18
applied-optoelectronics-ondo-tokenized,AAOION,Applied Optoelectronics (Ondo Tokenized),applied-optoelectronics-ondo-tokenized,applied-optoelectronics-ondo-tokenizedHBO.png,4918,"{""ethereum"":""0x99888f2ccd08258ed5f66e94ba59d7e75016900f"",""binance_smart"":""0x149bda9e7251dc36f536d1fe7f92a5ea203f4f3d"",""solana"":""YuFZvc8JCN3a6BUAqwnbY4AnhuVEXD4V7QnBTmwondo""}",18
0x30a538effd91acefb1b12ce9bc0074ed18c9dfc9_arbitrum-one,T,Talos,talos-2,0x30a538effd91acefb1b12ce9bc0074ed18c9dfc9_arbitrum-onei4I.png,300000000,"{""arbitrum-one"":""0x30a538effd91acefb1b12ce9bc0074ed18c9dfc9""}",18
on,ONLIVE,ON,on,onXO4.png,3000000000,"{""polygon-pos"":""0x14f74e11f0d9d469a4c9d686cfb18a771b31d94f""}",18
cryodao,CRYO,CryoDAO,cryodao,cryodaocfu.png,4422687,"{""ethereum"":""0xf4308b0263723b121056938c2172868e408079d0""}",18
ptokens-btc,PBTC,pTokens BTC [OLD],ptokens-btc,ptokens-btcTnZ.png,7.8752,"{""ethereum"":""0x5228a22e72ccc52d415ecfd199f99d0665e7733b"",""binance_smart"":""0xed28a457a5a76596ac48d87c0f577020f6ea1c4c""}",18
icb-network,ICBX,ICB Network,icb-network,icb-networkSvg.png,100000000000,,
7b36cKRYFZsMp3vLByVwfVQxW2ndcYth5rhPnyypump_solana,PINO,PINO,pino,pinouZP.png,989761680,"{""solana"":""7b36cKRYFZsMp3vLByVwfVQxW2ndcYth5rhPnyypump""}",18
EQDo8QC6mVi7Gq6uGWDF4XVp3cZ4wKZ-bqKBkmhVMPm-1ojm_the-open-network,NIKO,NikolAI,nikolai,nikolai1xJ.png,999999977,"{""the-open-network"":""EQDo8QC6mVi7Gq6uGWDF4XVp3cZ4wKZ-bqKBkmhVMPm-1ojm""}",18
groks-dog,BOLT,Groks Dog,groks-dog,groks-dogTD1.png,999633019,"{""solana"":""7Y6Rix8X2botuMaJ2mno4UqSWdQZqU4RezY6qp7zpump""}",18
0x47a1eb0b825b73e6a14807beaecafef199d5477c_binance_smart,CAPTAINBNB,CaptainBNB,captainbnb,0x47a1eb0b825b73e6a14807beaecafef199d5477c_binance_smartaa1.png,1000000000,"{""binance_smart"":""0x47a1eb0b825b73e6a14807beaecafef199d5477c""}",18
0x85a574f2ff0795685f58d1d7b0d4b51f148ac489_robinhood,PRINTER,PRINTER,printer,0x85a574f2ff0795685f58d1d7b0d4b51f148ac489_robinhoodQvP.png,126641071,"{""robinhood"":""0x85a574f2ff0795685f58d1d7b0d4b51f148ac489""}",18
0x30d19fb77c3ee5cfa97f73d72c6a1e509fa06aef_base,CONDO,CONDO,condo,condoBaR.png,10000000000,"{""base"":""0x30d19fb77c3ee5cfa97f73d72c6a1e509fa06aef""}",18
international-business-machines-corporation-robinhood-token,IBM,International Business Machines Corporation • Robinhood Token,international-business-machines-corporation-robinhood-token,international-business-machines-corporation-robinhood-tokengRw.png,2539,"{""robinhood"":""0x980dcf6766fa79f5cf0c4aadb3ab477ff15a9619""}",18
SiLVFMgD3eD2rgK628NbTBq9MnuJF5FW2CRaVyTB35L_solana,SILV,Dominion Silver,dominion-silver,dominion-silverPfg.png,93504,"{""solana"":""SiLVFMgD3eD2rgK628NbTBq9MnuJF5FW2CRaVyTB35L""}",18
drunk-robots,METAL,Badmad Robots,drunk-robots,drunk-robotsmpE.png,2452705065,"{""binance_smart"":""0x200c234721b5e549c3693ccc93cf191f90dc2af9"",""polygon-pos"":""0x200c234721b5e549c3693ccc93cf191f90dc2af9""}",18
0xe9337dde3dd9e97f1f45a56412767ce5098e7777_binance_smart,币有,何必东奔西走 币安全部都有 (Why bother looking elsewhere? Binance has it all),why-bother-looking-elsewhere-binance-has-it-all,why-bother-looking-elsewhere-binance-has-it-allxEk.png,1000000000,"{""binance_smart"":""0xe9337dde3dd9e97f1f45a56412767ce5098e7777""}",18
allbridge,ABR0,Allbridge Zero,allbridge,allbridgexgc.png,97378068,"{""ethereum"":""0xd450db3188b7fbf52c670eee30372ba74b4c5857"",""solana"":""a11bdAAuV8iB2fu7X6AxAvDTo1QZ8FXB3kk5eecdasp"",""polygon-pos"":""0x04429fbb948bbd09327763214b45e505a5293346"",""avalanche"":""0xafc43610c7840b20b90caaf93759be5b54b291c9"",""celo"":""0x6e512bfc33be36f2666754e996ff103ad1680cc9"",""fantom"":""0x543acd673960041eee1305500893260f1887b679"",""huobi-token"":""0x2d7e64def6c3311a75c2f6eb45e835cd58e52cde"",""aurora"":""0x2bae00c8bc1868a5f7a216e881bae9e662630111"",""binance_smart"":""0x68784ffaa6ff05e3e04575df77960dc1d9f42b4a"",""near-protocol"":""abr.a11bd.near""}",18
0x9ebf91b8d6ff68aa05545301a3d0984eaee54a03_ethereum,APESTR,ApeStrategy,apestrategy,apestrategy5BA.png,722857936,"{""ethereum"":""0x9ebf91b8d6ff68aa05545301a3d0984eaee54a03""}",18
0xab814ce69e15f6b9660a3b184c0b0c97b9394a6b_ethereum,NEURON,Cerebrum DAO,cerebrum-dao,cerebrum-daocBM.png,86000000000,"{""ethereum"":""0xab814ce69e15f6b9660a3b184c0b0c97b9394a6b"",""base"":""0x3568c7a4f7545805e379c264303239781b4e9a79"",""solana"":""neuRodi6Saw2cwDpud7FyAcjzqPBJDtr3fDTXE2Fu4j""}",18
applovin-rstock,RAPP,AppLovin Tokenized Stock (Reality),applovin-rstock,applovin-rstockVav.png,2072,"{""arbitrum-one"":""0xdf249e5eca6c07aa29633d06456abb9b56a93093"",""morph-l2"":""0x9c2963d5951c8fc45362b6b93b8b91bb244de019""}",18
dappradar,RADAR,DappRadar,dappradar,dappradaraT9.png,10000000000,"{""ethereum"":""0x44709a920fccf795fbc57baa433cc3dd53c44dbe"",""binance_smart"":""0x489580eb70a50515296ef31e8179ff3e77e24965"",""polygon-pos"":""0xdcb72ae4d5dc6ae274461d57e65db8d50d0a33ad""}",18
0x5cb9073902f2035222b9749f8fb0c9bfe5527108_xdai,GBPE,Monerium GBP emoney,monerium-gbp-emoney,monerium-gbp-emoneyN8Z.png,419569,"{""xdai"":""0x8e34bfec4f6eb781f9743d9b4af99cd23f9b7053""}",18
ton-fish-memecoin,FISH,TON FISH MEMECOIN,ton-fish-memecoin,ton-fish-memecoinwFS.png,408623396192182,"{""the-open-network"":""EQATcUc69sGSCCMSadsVUKdGwM1BMKS-HKCWGPk60xZGgwsK""}",18
0x7ba36be14dd06ba492f08be6c1b2979c1d0b652c_robinhood,PERPSHOOD,PerpsHood,perpshood,0x7ba36be14dd06ba492f08be6c1b2979c1d0b652c_robinhoodOXP.png,990000000,"{""robinhood"":""0x7ba36be14dd06ba492f08be6c1b2979c1d0b652c""}",18
9gyfbPVwwZx4y1hotNSLcqXCQNpNqqz6ZRvo8yTLpump_solana,YZY,Swasticoin,swasticoin,9gyfbPVwwZx4y1hotNSLcqXCQNpNqqz6ZRvo8yTLpump_solana4e5.png,999968803,"{""solana"":""9gyfbPVwwZx4y1hotNSLcqXCQNpNqqz6ZRvo8yTLpump""}",18
0x657097cc15fdec9e383db8628b57ea4a763f2ba0_flare-network,SPRK,SparkDEX,sparkdex,sparkdexM9l.png,954990309,"{""flare-network"":""0x657097cc15fdec9e383db8628b57ea4a763f2ba0""}",18
tomochain,VIC,Viction,tomochain,1622462795012.png,210000000,"{""ethereum"":""0x8b353021189375591723e7384262f45709a3c3dc""}",18
dinger-token,DINGER,Dinger,dinger-token,dinger-tokenuoe.png,1000000000000,"{""ethereum"":""0x9e5bd9d9fad182ff0a93ba8085b664bcab00fa68"",""binance_smart"":""0x0d3843f92d622468ba67df5a6a4149b484a75af3""}",18
prophet-the-dog,PROPHET,Prophet The Dog,prophet-the-dog,prophet-the-dog1h1.png,1000000000,"{""robinhood"":""0x47569d49471bdbabfaf5531c0f74d9f2de82a11a""}",18
eureka-bridged-wbtc-terra,WBTC,Eureka Bridged WBTC (Terra),eureka-bridged-wbtc-terra,eureka-bridged-wbtc-terraR2G.png,6.5158,"{""terra-2"":""ibc/88386AC48152D48B34B082648DF836F975506F0B57DBBFC10A54213B1BF484CB""}",18
ge-vernova-ondo-tokenized,GEVON,GE Vernova (Ondo Tokenized),ge-vernova-ondo-tokenized,ge-vernova-ondo-tokenizedYWj.png,558.9222,"{""ethereum"":""0xa043fdc5a6e2e381e3532d5a97404b82fb7a0af8"",""binance_smart"":""0x2aea1d415d45ccf3eabe565d45dcaf4ea2035b9c"",""solana"":""CgZSv89BL58ybWfWobANKEU8nV9jYfFw23G2DZEondo""}",18
0x8bc265393fa781105d0308f46023014b7cc5441d_arbitrum-one,RHUB,Rhubarb,rhubarb,rhubarbsTk.png,965549730,"{""arbitrum-one"":""0x8bc265393fa781105d0308f46023014b7cc5441d""}",18
normie-4,NORMIE,Normie,normie-4,normie-4jGW.png,950855879,"{""solana"":""FrSFwE2BxWADEyUWFXDMAeomzuB4r83ZvzdG9sevpump""}",18
lto-network,EQTY,EQTY,lto-network,1660829322071.png,291044629,"{""ethereum"":""0xd01409314acb3b245cea9500ece3f6fd4d70ea30"",""binance_smart"":""0x857b222fc79e1cbbf8ca5f78cb133d1b7cf34bbd"",""base"":""0xc71f37d9bf4c5d1e7fe4bccb97e6f30b11b37d29""}",18
shyft-network-2,SHFT,Shyft Network,shyft-network-2,shyft-network-2R9A.png,2520000000,"{""ethereum"":""0xb17c88bda07d28b3838e0c1de6a30eafbcf52d85""}",18
powercity-pxdc,PXDC,PXDC,powercity-pxdc,powercity-pxdciZz.png,523994,"{""pulsechain"":""0xeb6b7932da20c6d7b3a899d5887d86dfb09a6408""}",18
dragon-coin-2,DGN,Dragon Coin,dragon-coin-2,dragon-coin-2RUV.png,1185499978,"{""dungeon-chain"":""udgn"",""base"":""0x5c7169eeb3f1a858a9d2c9a083b7ac02adf93dfd""}",18
pepecash-3,PECH,PEPECASH,pepecash-3,pepecash-3UmQ.png,100000000000000,"{""binance_smart"":""0xd63143f1ec2eaf65329fb2b67b6f50e457b49719""}",18
saros-finance,SAROS,Saros,saros-finance,saros-financezEI.png,10000000000,"{""solana"":""SarosY6Vscao718M4A778z4CGtvcwcGef5M9MEH1LGL"",""tomochain"":""0xb786d9c8120d311b948cf1e5aa48d8fbacf477e2""}",18
polygon-zkevm-bridged-dai-polygon-zkevm,DAI,Polygon zkEVM Bridged DAI (Polygon zkEVM),polygon-zkevm-bridged-dai-polygon-zkevm,polygon-zkevm-bridged-dai-polygon-zkevmDDe.png,532924,"{""polygon-zkevm"":""0xc5015b9d9161dca7e18e32f6f25c4ad850731fd4""}",18
0xa14b0b99c9117ea2f4fb2c9d772d95d9fd3acaab_binance_smart,BROCCOLI,Broccoli,broccoli-5,0xa14b0b99c9117ea2f4fb2c9d772d95d9fd3acaab_binance_smartfEV.png,1000000000,"{""binance_smart"":""0xa14b0b99c9117ea2f4fb2c9d772d95d9fd3acaab""}",18
edom,EDOM,EDOM,edom,edomEoj.png,10000000000,"{""polygon-pos"":""0x954aec663b893d81b4c8dbe1a0544491fd63fa77""}",18
0x4ad663403df2f0e7987bc9c74561687472e1611c_binance_smart,FROG,Frodo the Virtual Samurai,frodo-the-virtual-samurai,0x4ad663403df2f0e7987bc9c74561687472e1611c_binance_smartQoF.png,5000000000,"{""binance_smart"":""0x4ad663403df2f0e7987bc9c74561687472e1611c""}",18
wlf-token,WLF,WLF TOKEN,wlf-token,wlf-tokenO7H.png,20000000000,"{""ethereum"":""0xd1bb58e1f2ee11ff62aea1225a6f210467863031""}",18
8G5ayEsJF4Q7FEWEGeF4jtnUWZBEKCqhySTFQf9Ppump_solana,HEAVYPULP,HeavyPulp,heavypulp,heavypulpIlm.png,999737357,"{""solana"":""8G5ayEsJF4Q7FEWEGeF4jtnUWZBEKCqhySTFQf9Ppump""}",18
sk-hynix-rstock,RSKHY,SK Hynix Tokenized Stock (Reality),sk-hynix-rstock,sk-hynix-rstockmRT.png,2816,"{""arbitrum-one"":""0x8c61758c719780d62d17470ec94362433bdfd8d5""}",18
johnson-johnson-xstock,JNJX,Johnson & Johnson xStock,johnson-johnson-xstock,johnson-johnson-xstock7FH.png,384750,"{""arbitrum-one"":""0xdb0482cfad4789798623e64b15eeba01b16e917c"",""ethereum"":""0xdb0482cfad4789798623e64b15eeba01b16e917c"",""binance_smart"":""0xdb0482cfad4789798623e64b15eeba01b16e917c"",""solana"":""XsGVi5eo1Dh2zUpic4qACcjuWGjNv8GCt3dm5XcX6Dn"",""the-open-network"":""EQAk3GT-G1fD3P3VKOGfcxsSyPHawr8GHFoOOgOrNRp55SC-"",""mantle"":""0xdb0482cfad4789798623e64b15eeba01b16e917c""}",18
as-monaco-fan-token,ASM,AS Monaco Fan Token,as-monaco-fan-token,as-monaco-fan-tokenn94.png,10000000,"{""chiliz"":""0x57f3d2382025cf5d6c3b126dce0360d9cf3aff49"",""solana"":""A2XmL1189cLLdueuUBKggSJkCymz3Q6xpeqba5VzhvLN"",""base"":""0x921816f7259a4192590cfd20ef821e0d6e769d69""}",18
0x9ca1cc0c90d97b4f36c5e2232d4fbd705a73c65d_robinhood,TA,TA FUND,ta-fund,ta-fundmbz.png,1000000000,"{""robinhood"":""0x9ca1cc0c90d97b4f36c5e2232d4fbd705a73c65d""}",18
dtrinity-staked-dusd,SDUSD,dTRINITY Staked dUSD,dtrinity-staked-dusd,dtrinity-staked-dusdZZT.png,536158,"{""sonic"":""0x41a5477364bf60d8936b90310fecfda79593304e"",""fraxtal"":""0x58acc2600835211dcb5847c5fa422791fd492409"",""ethereum"":""0x7cb20517776636ed76b68edb3d99dcce356abf02""}",18
envida,EDAT,EnviDa,envida,envidagXp.png,44923058,"{""polygon-pos"":""0xdd9ba3b2571bea0854beb0508ce10fed0eca7e3e""}",18
0x862cdccb67c8a22fdb247d09a08b1dad09447777_robinhood,MOON,mooncat,mooncat-2,0x862cdccb67c8a22fdb247d09a08b1dad09447777_robinhood4Pz.png,1000000000,"{""robinhood"":""0x862cdccb67c8a22fdb247d09a08b1dad09447777""}",18
cjournal-2,CJL,CJournal,cjournal-2,cjournal-2CnT.png,1000000000,"{""binance_smart"":""0x8de4aa9716c1bd8d68ad73b1cb8639830f40ee05""}",18
0x26740be159dc0a11ce53e32f530f056d4b205c0c_binance_smart,GPST,GPSTARTER,gpstarter,gpstarterk6C.png,10000000,"{""binance_smart"":""0x26740be159dc0a11ce53e32f530f056d4b205c0c""}",18
helder,HLDR,Helder,helder,helderp4r.png,3477442,"{""binance_smart"":""0x617c0440334bb4a63b75847345f906c782b419ab""}",18
38PgzpJYu2HkiYvV8qePFakB8tuobPdGm2FFEn7Dpump_solana,GORK,New XAI Gork,new-xai-gork,new-xai-gork6ur.png,999747569,"{""solana"":""38PgzpJYu2HkiYvV8qePFakB8tuobPdGm2FFEn7Dpump""}",18
kindsoul,KNS,KindSoul,kindsoul,kindsoul3JG.png,994715323,"{""solana"":""CVfniqNEj2f4Yd8Z4TEtaTU49gWNTwUyCiDDUbsZpump""}",18
polygon-zkevm-bridged-wbtc-polygon-zkevm,WBTC,Polygon zkEVM Bridged WBTC (Polygon zkEVM),polygon-zkevm-bridged-wbtc-polygon-zkevm,polygon-zkevm-bridged-wbtc-polygon-zkevmPxh.png,9.2247,"{""polygon-zkevm"":""0xea034fb02eb1808c2cc3adbc15f447b93cbe08e1""}",18
0x5edb417509a869b1d8222dea05257b8c8ba00361_robinhood,DTF,DeFi Traded Fund,defi-traded-fund,0x5edb417509a869b1d8222dea05257b8c8ba00361_robinhoodKuQ.png,896382634,"{""robinhood"":""0x5edb417509a869b1d8222dea05257b8c8ba00361""}",18
globalboost-y,BSTY,GlobalBoost,globalboost-y,GlobalBoost-YMC5e6.png,24669968,,
0x6d3b8c76c5396642960243febf736c6be8b60562_base,SKOP,Skull of Pepe Token,skull-of-pepe-token,skull-of-pepe-tokenWbO.png,150000000,"{""base"":""0x6d3b8c76c5396642960243febf736c6be8b60562""}",18
0xf2ed00e0558a0de8b7336c9fac001a0127422377_robinhood,CODEMEN,Codemen,codemen,codemenPPJ.png,1000000000,"{""robinhood"":""0xf2ed00e0558a0de8b7336c9fac001a0127422377""}",18
0xc0df50143ea93aec63e38a6ed4e92b378079ea15_base,RAGE,Rage Protocol,rage-protocol,0xc0df50143ea93aec63e38a6ed4e92b378079ea15_baseqbN.png,72301,"{""base"":""0xc0df50143ea93aec63e38a6ed4e92b378079ea15""}",18
0x3e6a1b21bd267677fa49be6425aebe2fc0f89bde_ethereum,QBIO,Quantum Biology DAO,quantum-biology-dao,0x3e6a1b21bd267677fa49be6425aebe2fc0f89bde_ethereumvyA.png,430000000,"{""ethereum"":""0x3e6a1b21bd267677fa49be6425aebe2fc0f89bde"",""solana"":""qbioCGDnUBGX5qcK1Fc4zg19GaQEPmxHFMPMZQm4LZ8""}",18
salesforce-xstock,CRMX,Salesforce xStock,salesforce-xstock,salesforce-xstocka4Z.png,473088,"{""arbitrum-one"":""0x4a4073f2eaf299a1be22254dcd2c41727f6f54a2"",""binance_smart"":""0x4a4073f2eaf299a1be22254dcd2c41727f6f54a2"",""ethereum"":""0x4a4073f2eaf299a1be22254dcd2c41727f6f54a2"",""solana"":""XsczbcQ3zfcgAEt9qHQES8pxKAVG5rujPSHQEXi4kaN""}",18
corning-rstock,RGLW,Corning Tokenized Stock (Reality),corning-rstock,corning-rstockJDL.png,3266,"{""arbitrum-one"":""0x62b7f2452948cdb2404e5ec3be8a553531084235"",""morph-l2"":""0x415c8c2a923404b886ba196d6e12af56850a3353""}",18
shrapnel-2,SHRAP,Shrapnel,shrapnel-2,shrapnel-2VUo.png,3000000000,"{""avalanche"":""0xd402298a793948698b9a63311404fbbee944eafd"",""ethereum"":""0x31e4efe290973ebe91b3a875a7994f650942d28f"",""binance_smart"":""0x31e4efe290973ebe91b3a875a7994f650942d28f""}",18
resolv-wstusr,WSTUSR,Resolv wstUSR,resolv-wstusr,resolv-wstusrmSY.png,1824196,"{""ethereum"":""0x1202f5c7b4b9e47a1a484e8b270be34dbbc75055"",""base"":""0xb67675158b412d53fe6b68946483ba920b135ba1"",""soneium"":""0x2a52b289ba68bbd02676640aa9f605700c9e5699"",""hyperevm"":""0x46c1c168ca597b9e5423aa7081a0dce782caeaab"",""tac"":""0x2a52b289ba68bbd02676640aa9f605700c9e5699"",""arbitrum-one"":""0x66cfbd79257dc5217903a36293120282548e2254"",""berachain"":""0xcc601605dc5011616934b6fdac8a14d51b791a94"",""binance_smart"":""0x4254813524695def4163a169e901f3d7a1a55429"",""plasma"":""0x2a52b289ba68bbd02676640aa9f605700c9e5699""}",18
BQQzEvYT4knThhkSPBvSKBLg1LEczisWLhx5ydJipump_solana,BUCKAZOIDS,Buckazoids,buckazoids,BQQzEvYT4knThhkSPBvSKBLg1LEczisWLhx5ydJipump_solana2ca.png,1000000000,"{""solana"":""BQQzEvYT4knThhkSPBvSKBLg1LEczisWLhx5ydJipump""}",18
paper-plane,PLANE,Paper Plane,paper-plane,paper-planeEZr.png,97985672,"{""the-open-network"":""EQAX9J60va-0wIDMdqGLRMf7imJvG0Ytyi3Yxnq9y-nbNCq2""}",18
0x3fe4902b275caf603c46c81f3d921bb8515b5bc0_avalanche,JACK,JACK,jack-2,jack-2amu.png,99984995,"{""avalanche"":""0x3fe4902b275caf603c46c81f3d921bb8515b5bc0"",""sonic"":""0x9d549c39e5e1a0e7ef41d4b7d74c49f976102e36""}",18
hewlett-packard-bstocks-tokenized-stock,HPEB,Hewlett Packard (bStocks Tokenized Stock),hewlett-packard-bstocks-tokenized-stock,hewlett-packard-bstocks-tokenized-stockHX5.png,7675,"{""binance_smart"":""0xd56eb30d2ea7b5866dc0066d33bbaab36f7e8860""}",18
monko,MONKO,Monko,monko,monkoy2Z.png,1000000000000,"{""algorand"":""2494786278""}",18
metaverse-index,MVI,Metaverse Index,metaverse-index,metaverse-indexFnk.png,92441,"{""ethereum"":""0x72e364f2abdc788b7e918bc238b21f109cd634d7"",""polygon-pos"":""0xfe712251173a2cd5f5be2b46bb528328ea3565e1""}",18
skeb,SKEB,Skeb,skeb,skebFWv.png,9979886009,"{""ethereum"":""0x6d614686550b9e1c1df4b2cd8f91c9d4df66c810""}",18
jambo-2,JAMBO,JAMBO,jambo-2,jambo-22Sl.png,1000000000,"{""near-protocol"":""jambo-1679.meme-cooking.near"",""solana"":""2cMYUjUQJzrTcnxrD8JgL1BQL1AQKCtRkYLdmaTpCWYB""}",18
wrapped-tesla-xstock,WTSLAX,Wrapped Tesla xStock,wrapped-tesla-xstock,wrapped-tesla-xstock66p.png,1438,"{""arbitrum-one"":""0x43680abf18cf54898be84c6ef78237cfbd441883"",""mantle"":""0x43680abf18cf54898be84c6ef78237cfbd441883"",""x-layer"":""0xc3fdbe3a68ee5de461d30415a8165cf9aefe1171""}",18
good-game-us-dollar,GGUSD,Good Game US Dollar,good-game-us-dollar,good-game-us-dollarrAE.png,533732,"{""polygon-pos"":""0xffffff9936bd58a008855b0812b44d2c8dffe2aa"",""binance_smart"":""0xffffff9936bd58a008855b0812b44d2c8dffe2aa"",""solana"":""GGUSDyBUPFg5RrgWwqEqhXoha85iYGs6cL57SyK4G2Y7""}",18
0x2077d81d0c5258230d5a195233941547cb5f0989_ethereum,TROG,Trog,trog,trog90A.png,420690000000,"{""ethereum"":""0x2077d81d0c5258230d5a195233941547cb5f0989""}",18
nominex,NMX,Nominex,nominex,nominex940.png,224160637,"{""binance_smart"":""0xd32d01a43c869edcd1117c640fbdcfcfd97d9d65""}",18
lets-go-brandon,LETSGO,Lets Go Brandon,lets-go-brandon,lets-go-brandonUZh.png,330000000000000,"{""ethereum"":""0xa6586e19ef681b1ac0ed3d46413d199a555dbb95""}",18
0xfdcd8be9dd37cf982472d30eeee4ec50a0296953_ethereum,IBNAI,Investor Brand Network Ai,investor-brand-network-ai,investor-brand-network-ai6ao.png,1000000000,"{""ethereum"":""0xfdcd8be9dd37cf982472d30eeee4ec50a0296953""}",18
0x6eda83fc299c10d474068a7e69771c809bcbbba3_robinhood,AGENTOS,AgentOS,agentos,0x6eda83fc299c10d474068a7e69771c809bcbbba3_robinhooduaF.png,100000000000,"{""robinhood"":""0x6eda83fc299c10d474068a7e69771c809bcbbba3""}",18
0x8eaa17be69ae9616cede4671e6d837bb89491e18_robinhood,CPU,Cat Processing Unit,cat-processing-unit,cat-processing-unitmRb.png,1000000000,"{""robinhood"":""0x8eaa17be69ae9616cede4671e6d837bb89491e18""}",18
coinbase-wrapped-mega,CBMEGA,Coinbase Wrapped MEGA,coinbase-wrapped-mega,coinbase-wrapped-mega3eN.png,10821188,"{""base"":""0xcb111e6a2a3bde90856d299d61341ac302167d23""}",18
Bz7Nx1F3Mti1BVS7ZAVDLSKGEaejufxvX2DPdjpf8PqT_solana,CHIPPY,Fish N Chips,fish-n-chips,fish-n-chipsPYs.png,999999288,"{""solana"":""Bz7Nx1F3Mti1BVS7ZAVDLSKGEaejufxvX2DPdjpf8PqT""}",18
tarot,TAROT,Tarot V1,tarot,tarot9bI.png,100000000,"{""fantom"":""0xc5e2b037d30a390e62180970b3aa4e91868764cd"",""arbitrum-one"":""0x6688b00f0c23a4a546beaae51a7c90c439895d48"",""binance_smart"":""0xa8cd6e4bf45724d3ac27f9e31e47ba4e399a7b52"",""ethereum"":""0x837d904a3799c0769079be9ecbaddf1abd4ccd6e"",""optimistic-ethereum"":""0x375488f097176507e39b9653b88fdc52cde736bf""}",18
turbousd-unstablecoin,₸USD,TurboUSD Unstablecoin,turbousd-unstablecoin,turbousd-unstablecoin80V.png,98948953112,"{""base"":""0x3d5e487b21e0569048c4d1a60e98c36e1b09db07""}",18
kindra-by-virtuals,KINDRA,Kindra by virtuals,kindra-by-virtuals,kindra-by-virtualstou.png,1000000000,"{""robinhood"":""0xe44951407d2ed8e73dce4b7002908732bc0d0bc3""}",18
wolfspeed-ondo-tokenized,WOLFON,Wolfspeed (Ondo Tokenized),wolfspeed-ondo-tokenized,wolfspeed-ondo-tokenizedC4O.png,15007,"{""ethereum"":""0x995584539633f7d28757b6329a42439bd8aecede"",""binance_smart"":""0x55b56cc2cdcbc2c58668f72663be7599a46ed79f"",""solana"":""Zfb5PTVfGa8AV6VxrTQJuP8CjMXFPMVkVVNpcAWondo""}",18
franklin-focused-growth-etf-ondo-tokenized,FFOGON,Franklin Focused Growth ETF (Ondo Tokenized),franklin-focused-growth-etf-ondo-tokenized,franklin-focused-growth-etf-ondo-tokenized7wp.png,10085,"{""ethereum"":""0x70b4082f4e3f9067db9a2aa7520c77719e8626ee"",""binance_smart"":""0xea130432a9fee9ca1a7eda84028650d38bd0e232"",""solana"":""CYAwMGyuNSDu7NpuccNwcxMNS5Bu9akxU2Jooyiondo""}",18
LiGHtkg3uTa9836RaNkKLLriqTNRcMdRAhqjGWNv777_solana,LIGHT,Light,heaven,LiGHtkg3uTa9836RaNkKLLriqTNRcMdRAhqjGWNv777_solanaBip.png,919833007,"{""solana"":""LiGHtkg3uTa9836RaNkKLLriqTNRcMdRAhqjGWNv777""}",18
0x08d7ea3c148672c4b03999eb0d0467733da2db6a_base,NSTR,Nostra,nostra,nostraLfT.png,100000000,"{""base"":""0x08d7ea3c148672c4b03999eb0d0467733da2db6a"",""ethereum"":""0x610dbd98a28ebba525e9926b6aaf88f9159edbfd"",""starknet"":""0x00c530f2c0aa4c16a0806365b0898499fba372e5df7a7172dc6fe9ba777e8007"",""arbitrum-one"":""0x6d7187220f769bde541ff51dd37ee07416f861d2"",""solana"":""F2HE9krU9HkpnYvv9LKom3hB3Nvm8uZaThrmiE22Zdpy""}",18
ctoc,CTOC,CTOC,ctoc,ctocz6S.png,1250000000,"{""ethereum"":""0xe6423de1f06e3f0af27d3ca776e9446ecbdc354b""}",18
turboloop-token,TURBO,TurboLoop Token,turboloop-token,turboloop-tokendnb.png,987754,"{""binance_smart"":""0x64920e7f4f270f302e8b728f69b5a9fc24fda2d3""}",18
USoRyaQjch6E18nCdDvWoRgTo6osQs9MUd8JXEsspWR_solana,USOR,U.S Oil,u-s-oil,u-s-oilqly.png,999908385,"{""solana"":""USoRyaQjch6E18nCdDvWoRgTo6osQs9MUd8JXEsspWR""}",18
liberland-lld,LLD,Liberland LLD,liberland-lld,liberland-lldUFe.png,3672700,"{""ethereum"":""0x054c9d4c6f4ea4e14391addd1812106c97d05690"",""solana"":""GwKKPsJdY5oWMJ8RReWLcvb82KzW6FKy2bKoYW7kHr16"",""tron"":""TC8QDMS2nLdWMT7iJwvtG5YH6XiGEJT6om""}",18
dxchain-token,DX,DxChain,dxchain-token,dxchain5vH.png,100000000000,"{""ethereum"":""0x973e52691176d36453868d9d86572788d27041a9""}",18
xpowermine-com-apow-2,APOW,XPowermine.com APOW,xpowermine-com-apow-2,xpowermine-com-apow-2AdS.png,1010438,"{""avalanche"":""0x96178a1443039e806f8ffd56dce7a80f2161aaa2""}",18
darwinia-network-native-token,RING,RingDAO,darwinia-network-native-token,darwinia-network-native-tokentbV.png,2099839892,"{""ethereum"":""0x9469d013805bffb7d3debe5e7839237e535ec483"",""polygon-pos"":""0x9c1c23e60b72bc88a043bf64afdb16a02540ae8f"",""arbitrum-one"":""0x9e523234d36973f9e38642886197d023c88e307e"",""hydration"":""asset_registry%2F31""}",18
chimaera,WCHI,XAYA,chimaera,XAYAJutFA.png,77303932,"{""ethereum"":""0x6dc02164d75651758ac74435806093e421b64605"",""binance_smart"":""0x22648c12acd87912ea1710357b1302c6a4154ebc"",""polygon-pos"":""0xe79feaaa457ad7899357e8e2065a3267ac9ee601""}",18
0xf9ca3fe094212ffa705742d3626a8ab96aababf8_binance_smart,DAM,Reservoir,reservoir,reservoirxa5.png,1000000000,"{""binance_smart"":""0xf9ca3fe094212ffa705742d3626a8ab96aababf8"",""ethereum"":""0x0fedba9178b70e8b54e2af08ebffcf28a1e5a43b"",""berachain"":""0x71356761fd23e77e5d78c37c70fe78229ca75a72"",""solana"":""8CZuGZ2eneMy513c8759sHWh85NjMRk9UjUR9j8tHL61""}",18
rainbow-bridged-wbtc-aurora,WBTC,Rainbow Bridged WBTC (Aurora),rainbow-bridged-wbtc-aurora,rainbow-bridged-wbtc-aurorap9A.png,6.1503,"{""aurora"":""0xf4eb217ba2454613b15dbdea6e5f22276410e89e""}",18
0xd81cb23a4690f7fdf54e583f221d2c01882604f8_base,MDOGAI,MoonDog AI,moondog-ai,0xd81cb23a4690f7fdf54e583f221d2c01882604f8_basesc6.png,1000000000,"{""base"":""0xd81cb23a4690f7fdf54e583f221d2c01882604f8""}",18
nibiru,NIBI,Nibiru,nibiru,nibirugGG.png,1124486491,"{""osmosis"":""ibc/4017C65CEA338196ECCEC3FE3FE8258F23D1DE88F1D95750CC912C7A1C1016FF""}",18
phoenix-global,PHB,Phoenix,phoenix-global,phoenix-globalGoj.png,73494987,"{""binance_smart"":""0x0409633a72d846fc5bbe2f98d88564d35987904d""}",18
0x42069026eac8eee0fd9b5f7adfa4f6e6d69a2b39_ethereum,MSTR,MSTR2100,mstr2100,0x42069026eac8eee0fd9b5f7adfa4f6e6d69a2b39_ethereumhx5.png,20645815,"{""ethereum"":""0x42069026eac8eee0fd9b5f7adfa4f6e6d69a2b39""}",18
allianceblock-nexera,NXRA,Nexera,allianceblock-nexera,allianceblock-nexeraaYp.png,1346856394,"{""ethereum"":""0x644192291cc835a93d6330b24ea5f5fedd0eef9e"",""binance_smart"":""0x644192291cc835a93d6330b24ea5f5fedd0eef9e"",""avalanche"":""0x644192291cc835a93d6330b24ea5f5fedd0eef9e"",""polygon-pos"":""0x644192291cc835a93d6330b24ea5f5fedd0eef9e""}",18
0x240d6faf8c3b1a7394e371792a3bf9d28dd65515_ethereum,BRETT,Brett (ETH),brett-memecoin,brett-memecoinb7A.png,68622705,"{""ethereum"":""0x240d6faf8c3b1a7394e371792a3bf9d28dd65515""}",18
bober,BOBER,BOBER,bober,bober0EZ.png,6969696969,"{""elrond"":""BOBER-9eb764""}",18
merlinswap,MP,MerlinSwap,merlinswap,merlinswapNgB.png,21000000000,"{""merlin-chain"":""0xbd40c74cb5cf9f9252b3298230cb916d80430bba""}",18
cPZp4Sk44ecqkwVtED3YPPudQMEe5MbZsavDiwBntAU_solana,VETS,Veterans for the Cause,veterans-for-the-cause,cPZp4Sk44ecqkwVtED3YPPudQMEe5MbZsavDiwBntAU_solanapBX.png,100000000,"{""solana"":""cPZp4Sk44ecqkwVtED3YPPudQMEe5MbZsavDiwBntAU""}",18
merrymen-by-virtuals,MERRYMEN,Merrymen by Virtuals,merrymen-by-virtuals,merrymen-by-virtualsq6Z.png,1000000000,"{""robinhood"":""0xa15cd06dd305269a0f48bebeb30aa3588fba7b32""}",18
0xe31700c6bd46638d207991fb5cc5c0dad3d1e3da_base,ROO,Ratehopper AI,ratehopper-ai,ratehopper-ai0Pg.png,1000000000,"{""base"":""0xe31700c6bd46638d207991fb5cc5c0dad3d1e3da""}",18
shibwifhatcoin,SHIB,Shibwifhatcoin,shibwifhatcoin,shibwifhatcoin34b.png,993693426,"{""solana"":""F6qoefQq4iCBLoNZ34RjEqHjHkD8vtmoRSdw9Nd55J1k""}",18
print,PRINT,Print,print,printnmX.png,999996143,"{""solana"":""28a2oQVCPrJB7SLZo4DVMVdHchSXiG8sZy31DohPpump""}",18
0x380337d0180db7d0df76ac4faae2fcea908ee1fc_base,OTTO,Otto AI,otto-ai,otto-aiQvs.png,968081008,"{""base"":""0x380337d0180db7d0df76ac4faae2fcea908ee1fc""}",18
7mwikw88GRsAHbFpbpyuM3QMq1hXH87d4rYNuM8Earay_solana,DAKU,Daku V2,daku-v2,7mwikw88GRsAHbFpbpyuM3QMq1hXH87d4rYNuM8Earay_solanaEZO.png,199999688,"{""solana"":""7mwikw88GRsAHbFpbpyuM3QMq1hXH87d4rYNuM8Earay""}",18
threshold-usd,THUSD,Threshold USD,threshold-usd,threshold-usdfED.png,200539902,"{""ethereum"":""0xcfc5bd99915aaa815401c5a41a927ab7a38d29cf""}",18
befasterholdertoken,BFHT,BeFaster Holder Token,befasterholdertoken,1669288880709.png,297702612,"{""binance_smart"":""0x577ad06f635b402fc2724efd6a53a3a0aed3d155""}",18
hot-doge,HOTDOGE,HotDoge [OLD],hot-doge,hot-dogeDPC.png,0,"{""binance_smart"":""0x1991501f1398663f69dd7391c055bb0df6514f76""}",18
spotify-ondo-tokenized-stock,SPOTON,Spotify (Ondo Tokenized Stock),spotify-ondo-tokenized-stock,spotify-ondo-tokenized-stocktwI.png,1087,"{""ethereum"":""0x590f21186489ca1612f49a4b1ff5c66acd6796a9"",""binance_smart"":""0x50356167a4dbc38bea6779c045e24e25facedfdc"",""solana"":""jzCvs2Pk8tDcfsFRqnEMjurgaQW4iQfEkandUR8ondo""}",18
0x12d5ee7917ca430073c3a638ee1e6f0648a98a01_robinhood,FATCOIN,FATCOIN,fatcoin-2,0x12d5ee7917ca430073c3a638ee1e6f0648a98a01_robinhoodyqH.png,1000000000,"{""robinhood"":""0x12d5ee7917ca430073c3a638ee1e6f0648a98a01""}",18
sperax-usd,USDS,Sperax USD,sperax-usd,sperax-usdYfr.png,514221,"{""arbitrum-one"":""0xd74f5255d557944cf7dd0e45ff521520002d5748""}",18
top-hat-2,TOPHAT,TOP HAT,top-hat-2,top-hat-2aTW.png,963093348,"{""pulsechain"":""0xc2472877f596d5052883b93777325dd7f7d11c96""}",18
kleva,KLEVA,KLEVA,kleva,klevaTS7.png,68919558,"{""klay-token"":""0x5fff3a6c16c2208103f318f4713d4d90601a7313""}",18
unitedhealth-xstock,UNHX,UnitedHealth xStock,unitedhealth-xstock,unitedhealth-xstockaym.png,359592,"{""arbitrum-one"":""0x167a6375da1efc4a5be0f470e73ecefd66245048"",""binance_smart"":""0x167a6375da1efc4a5be0f470e73ecefd66245048"",""solana"":""XszvaiXGPwvk2nwb3o9C1CX4K6zH8sez11E6uyup6fe"",""ethereum"":""0x167a6375da1efc4a5be0f470e73ecefd66245048"",""the-open-network"":""EQCQu9PwIhgX6oEY0U1U4QdKA5nB7gML_K1pyBJWVb6p2ZMr"",""mantle"":""0x167a6375da1efc4a5be0f470e73ecefd66245048""}",18
sandclock,QUARTZ,Sandclock,sandclock,sandclockQ0Z.png,100000000,"{""ethereum"":""0xba8a621b4a54e61c442f5ec623687e2a942225ef"",""polygon-pos"":""0xa91fe5a535967f52d3abebdffb3b306d964ace13""}",18
sallar-2,ALL,Sallar,sallar-2,sallar-2Gay.png,2599916017,"{""solana"":""GKHgTd6tqvycgG3mqcZraSZDFR32hXhRgo6sZQtudMsC""}",18
0x1c1daef0300551adbfbe403e7d567b6c5aff566f_robinhood,HOTDOG,hotdog,hotdog-2,0x1c1daef0300551adbfbe403e7d567b6c5aff566f_robinhoodLh7.png,1000000000,"{""robinhood"":""0x1c1daef0300551adbfbe403e7d567b6c5aff566f""}",18
F2k82EcxLtzekq1bfoGVdgp6EXZ5dLT1jE7g3LvQpump_solana,PENGO,PETRO PENGUINS,petro-penguins,F2k82EcxLtzekq1bfoGVdgp6EXZ5dLT1jE7g3LvQpump_solanan35.png,999976836,"{""solana"":""F2k82EcxLtzekq1bfoGVdgp6EXZ5dLT1jE7g3LvQpump""}",18
opbnb-bridged-wbnb-opbnb,WBNB,opBNB Bridged WBNB (opBNB),opbnb-bridged-wbnb-opbnb,opbnb-bridged-wbnb-opbnbmJk.png,646.6545,"{""opbnb"":""0x4200000000000000000000000000000000000006""}",18
tia,TIA,Tiamonds [OLD],tia,tia6PA.png,1010000000,"{""ethereum"":""0x824e35f7a75324f99300afac75ecf7354e17ea26""}",18
juice-2,JUC,Juice,juice-2,juice-2z9t.png,3000000000,"{""avalanche"":""0xd5d053d5b769383e860d1520da7a908e00919f36""}",18
bigtechexchange,BTX,BigTechExchange,bigtechexchange,bigtechexchangeMmQ.png,1002152039331,"{""polygon-pos"":""0xfbbbf749c3df8c166335e933548103b9b51d416a""}",18
gelato,GEL,Gelato,gelato,gelatovpq.png,420690000,"{""ethereum"":""0x15b7c0c907e4c6b9adaaaabc300c08991d6cea05"",""fantom"":""0x15b7c0c907e4c6b9adaaaabc300c08991d6cea05"",""polygon-pos"":""0x15b7c0c907e4c6b9adaaaabc300c08991d6cea05""}",18
morph-l2-bridged-usdc-morph-l2,USDC,Morph L2 Bridged USDC (Morph L2),morph-l2-bridged-usdc-morph-l2,morph-l2-bridged-usdc-morph-l2D93.png,508115,"{""morph-l2"":""0xe34c91815d7fc18a9e2148bcd4241d0a5848b693""}",18
0x5173b8ea6923c2d40267890d45c46a3480954773_robinhood,WIF,World is Flat,world-is-flat,0x5173b8ea6923c2d40267890d45c46a3480954773_robinhoodydz.png,1000000000,"{""robinhood"":""0x5173b8ea6923c2d40267890d45c46a3480954773""}",18
wrapped-3ull,W3ULL,Wrapped 3ULL,wrapped-3ull,wrapped-3ullKer.png,4382626918,"{""avalanche"":""0xa77e70d0af1ac7ff86726740db1bd065c3566937""}",18
backed-niu-technologies,BNIU,Backed NIU Technologies,backed-niu-technologies,backed-niu-technologiesP2e.png,160096,"{""ethereum"":""0x2f11eeee0bf21e7661a22dbbbb9068f4ad191b86"",""xdai"":""0x2f11eeee0bf21e7661a22dbbbb9068f4ad191b86"",""polygon-pos"":""0x2f11eeee0bf21e7661a22dbbbb9068f4ad191b86"",""binance_smart"":""0x2f11eeee0bf21e7661a22dbbbb9068f4ad191b86"",""avalanche"":""0x2f11eeee0bf21e7661a22dbbbb9068f4ad191b86"",""arbitrum-one"":""0x2f11eeee0bf21e7661a22dbbbb9068f4ad191b86"",""base"":""0x2f11eeee0bf21e7661a22dbbbb9068f4ad191b86""}",18
21million,21M,21Million,21million,21millionOpY.png,16782206,"{""binance_smart"":""0x0d07873cacd5f40f47fb19b2c1115b7e1a9db4bf""}",18
stonkdex,DEX,DexFun,stonkdex,stonkdexFPM.png,962311689,"{""solana"":""FFT4bgyrvzyB5TKAziLkAzBj8mboduzJeDdZ27TU4FHm""}",18
hemule,HEMULE,Hemule,hemule,hemuleLpR.png,979998588,"{""ethereum"":""0xeaa63125dd63f10874f99cdbbb18410e7fc79dd3""}",18
0xd85c31854c2b0fb40aaa9e2fc4da23c21f829d46_base,PING,Ping,ping,ping8zj.png,1000000000,"{""base"":""0xd85c31854c2b0fb40aaa9e2fc4da23c21f829d46""}",18
0x7168563b0e70124f0c7c0cf2f13a8d1861baf4a5_robinhood,BACKED,Backed,backed,0x7168563b0e70124f0c7c0cf2f13a8d1861baf4a5_robinhoodUi5.png,980299587,"{""robinhood"":""0x7168563b0e70124f0c7c0cf2f13a8d1861baf4a5""}",18
deepnode,DN,DeepNode,deepnode,deepnodelMa.png,100000000,"{""ethereum"":""0x9b6a1d4fa5d90e5f2d34130053978d14cd301d58"",""base"":""0x9b6a1d4fa5d90e5f2d34130053978d14cd301d58"",""binance_smart"":""0x9b6a1d4fa5d90e5f2d34130053978d14cd301d58""}",18
pkt,PKT,PKT,pkt,pkt9oc.png,6000000000,"{""base"":""0x917f39bb33b2483dd19546b1e8d2f09ce481ee44""}",18
0x33abe795f9c1b6136608c36db211bd7590f5fdae_ethereum,WOLF,Landwolf,landwolf-eth,landwolf-ethSyT.png,325001476414,"{""ethereum"":""0x33abe795f9c1b6136608c36db211bd7590f5fdae""}",18
0xd0ee0cf300dfb598270cd7f4d0c6e0d8f6e13f29_hyperevm,AVLT,Altura Vault Tokens,altura-2,altura-2EAi.png,29636795,"{""hyperevm"":""0xd0ee0cf300dfb598270cd7f4d0c6e0d8f6e13f29"",""arbitrum-one"":""0x74db7a52773a52699dbc0c01b1254e5301e3e119"",""polygon-pos"":""0x74db7a52773a52699dbc0c01b1254e5301e3e119"",""optimistic-ethereum"":""0x74db7a52773a52699dbc0c01b1254e5301e3e119"",""ethereum"":""0x74db7a52773a52699dbc0c01b1254e5301e3e119"",""base"":""0x5be98f7084814ec1d53d2ba364c8bc8201ab05f7""}",18
apwine,APW,Spectra [OLD],apwine,1713505339030.png,50000000,"{""ethereum"":""0x4104b135dbc9609fc1a9490e61369036497660c8"",""polygon-pos"":""0x6c0ab120dbd11ba701aff6748568311668f63fe0""}",18
franklin-high-yield-corporate-etf-ondo-tokenized,FLHYON,Franklin High Yield Corporate ETF (Ondo Tokenized),franklin-high-yield-corporate-etf-ondo-tokenized,franklin-high-yield-corporate-etf-ondo-tokenized48o.png,20558,"{""ethereum"":""0x54c1ff361b402f66c13107421e6a431c3375ef24"",""binance_smart"":""0x240eb4859b4537d250cf784cc758c404da5fe4bd"",""solana"":""CZ3FxxSto7tsjkSkqMek1C5p3RCFFmkwKqW57nbondo""}",18
vapor-wallet,VPR,VaporFund,vapor-wallet,vapor-walletCeR.png,846566779,"{""binance_smart"":""0xb96d0f29a0ac9af4a32835e90ec6531389765089""}",18
real-smurf-cat,SMURFCAT,Real Smurf Cat,real-smurf-cat,real-smurf-catbvN.png,100000000000,"{""ethereum"":""0xff836a5821e69066c87e268bc51b849fab94240c"",""arbitrum-one"":""0x06e90a57d1ece8752d6ce92d1ad348ead5eae4f4"",""solana"":""5UofhCbmro2tGB7Ji49SfqFag8j7ymrRyCmBTCZXGQQa""}",18
kromatika,KROM,Kromatika,kromatika,kromatikaF2J.png,100000000,"{""ethereum"":""0x3af33bef05c2dcb3c7288b77fe1c8d2aeba4d789"",""arbitrum-one"":""0x55ff62567f09906a85183b866df84bf599a4bf70"",""optimistic-ethereum"":""0xf98dcd95217e15e05d8638da4c91125e59590b07"",""polygon-pos"":""0x14af1f2f02dccb1e43402339099a05a5e363b83c""}",18
baby-doge-cash,BABYDOGECASH,Baby Doge Cash,baby-doge-cash,baby-doge-cashhIR.png,1000000000000000,"{""binance_smart"":""0x4cda4daad72340b28925ccd6fa78db631267d3c4""}",18
0xd628dc2c4ec10feb07e5c8bf039f7c1c374d1b07_base,ZIGGY,Ziggy,ziggy,0xd628dc2c4ec10feb07e5c8bf039f7c1c374d1b07_baseOH5.png,1000000000,"{""base"":""0xd628dc2c4ec10feb07e5c8bf039f7c1c374d1b07""}",18
foxy,FOXY,Foxy,foxy,foxyWtj.png,10000000000,"{""linea"":""0x5fbdf89403270a1846f5ae7d113a989f850d1566""}",18
cosplay-token-2,COT,Cosplay Token,cosplay-token-2,cosplay-token-2jeR.png,1000000000,"{""ethereum"":""0x5cac718a3ae330d361e39244bf9e67ab17514ce8"",""polygon-pos"":""0x8d520c8e66091cfd6743fe37fbe3a09505616c4b""}",18
HeC2xWqGT9gPfdvaMuqxPo2bUQ1XgY5wRtnrwTEHpump_solana,BELIEVE,something to believe in,something-to-believe-in,something-to-believe-inOQ6.png,828518941,"{""solana"":""HeC2xWqGT9gPfdvaMuqxPo2bUQ1XgY5wRtnrwTEHpump""}",18
nusa-finance,NUSA,NUSA,nusa-finance,nusa-financeS1i.png,116894,"{""binance_smart"":""0xe11f1d5eee6be945bee3fa20dbf46febbc9f4a19""}",18
7d1vpt5eri79nETcL74Punhp3mGkeBgUkMdPWep6pump_solana,SHY,Shytoshi Kusama,shytoshi-kusama,7d1vpt5eri79nETcL74Punhp3mGkeBgUkMdPWep6pump_solanaQqD.png,499841779,"{""solana"":""7d1vpt5eri79nETcL74Punhp3mGkeBgUkMdPWep6pump""}",18
somesing,SSG,SOMESING,somesing,somesingS6s.png,5000000000,"{""klay-token"":""0x63dec0c0cf911d8967446ce422dd31f13e1e0556""}",18
sharplink-gaming-inc-ondo-tokenized-stock,SBETON,"SharpLink Gaming, Inc (Ondo Tokenized Stock)",sharplink-gaming-inc-ondo-tokenized-stock,sharplink-gaming-inc-ondo-tokenized-stock3aU.png,53336,"{""ethereum"":""0xfdb46864a7c476f0914c5e82cded3364a9f56f8a"",""binance_smart"":""0x99e01f02d66455bb106d91d469c9eaf6ab4904f6"",""solana"":""iLDu2jjp2i3Uqc2Vm7K7GLiUj3hR4Un49MtD7c4ondo""}",18
xrp-healthcare-ai,XRPHAI,XRP Healthcare AI,xrp-healthcare-ai,xrp-healthcare-aiti6.png,1000000000,"{""xrp"":""rLyZMnzXFu3CSo9KdnWhrEhHXav4cfdXYi""}",18
aston-villa-fan-token,AVL,Aston Villa Fan Token,aston-villa-fan-token,aston-villa-fan-token6JU.png,10000000,"{""chiliz"":""0x4f3a607bb2717683108865fc785badfa90094431"",""solana"":""4o89KZs6pMf1YU2iXQcguquroJySET8rpXUz9sBG2q46"",""base"":""0x6ffa94c13a938d39159cf8847ba0e2ff5071a25c""}",18
dell-robinhood-tokenized-stock,DELL,Dell • Robinhood Token,dell-robinhood-tokenized-stock,dell-robinhood-tokenized-stock67Y.png,896.7796,"{""robinhood"":""0x941ae714ec6d8130c7b75d67160ca08f1e7d11dd""}",18
lisk-bridged-usdt,USDT,Lisk Bridged USDT (Lisk),lisk-bridged-usdt,lisk-bridged-usdtJ3Y.png,498120,"{""lisk"":""0x05d032ac25d322df992303dca074ee7392c117b9""}",18
aave-v3-op,AOP,Aave v3 OP,aave-v3-op,aave-v3-opyAb.png,3681612,"{""optimistic-ethereum"":""0x513c7e3a9c69ca3e22550ef58ac1c0088e918fff""}",18
wrapped-bch,WBCH,Wrapped BCH,wrapped-bch,wrapped-bchcZR.png,1474,"{""smartbch"":""0x3743ec0673453e5009310c727ba4eaf7b3a1cc04"",""energi"":""0xd4a161eaa78e77eb2af35d8e5bbdcf6af07a6835""}",18
DAfKg6exaeMMUQeqwRq3UP5KYPJjFNyVuVzFfr4kpump_solana,PICKLE,PickleVault,picklevault,DAfKg6exaeMMUQeqwRq3UP5KYPJjFNyVuVzFfr4kpump_solanaHeV.png,409963017,"{""solana"":""DAfKg6exaeMMUQeqwRq3UP5KYPJjFNyVuVzFfr4kpump""}",18
txsync-bridged-wsteth-zksync,WSTETH,txSync Bridged wstETH (zkSync),txsync-bridged-wsteth-zksync,txsync-bridged-wsteth-zksync5ec.png,148.7506,"{""zksync"":""0x703b52f2b28febcb60e1372858af5b18849fe867""}",18
C2omVhcvt3DDY77S2KZzawFJQeETZofgZ4eNWWkXpump_solana,BULLISH,Bullish Degen,bullish-degen,bullish-degenuju.png,1000000000,"{""solana"":""C2omVhcvt3DDY77S2KZzawFJQeETZofgZ4eNWWkXpump""}",18
0xacb921bf2dac2f7e8e101aad9ca013d6af5c648a_binance_smart,RWAAN,Rawli Analytics,rawli-analytics,0xacb921bf2dac2f7e8e101aad9ca013d6af5c648a_binance_smartisH.png,8500000000,"{""binance_smart"":""0xacb921bf2dac2f7e8e101aad9ca013d6af5c648a""}",18
tenbin-mexican-peso,TMXN,Tenbin Mexican Peso,tenbin-mexican-peso,tenbin-mexican-peso2aw.png,9065589,"{""ethereum"":""0x8d015afcb6f437010653352eb1e58152c4e23734""}",18
3B5wuUrMEi5yATD7on46hKfej3pfmd7t1RKgrsN3pump_solana,BILLY,Billy,billy,billyQf5.png,982805857,"{""solana"":""3B5wuUrMEi5yATD7on46hKfej3pfmd7t1RKgrsN3pump""}",18
energy-select-sector-spdr-fund-xstock,XLEX,Energy Select Sector SPDR Fund xStock,energy-select-sector-spdr-fund-xstock,energy-select-sector-spdr-fund-xstock1Ba.png,1183666,"{""ethereum"":""0x6f75ac3b1b6fbe8bb5f948e25af03620f26ae838"",""solana"":""Xs54CrhmpVp6uxZXwgSTegrRH2kShh88XFPzgf4BExu"",""ink"":""0x6f75ac3b1b6fbe8bb5f948e25af03620f26ae838""}",18
play-ai,PLAI,Play AI,play-ai,play-aizzn.png,1000000000,"{""base"":""0x9215e6362f76fc781df00d51293cc7179c6c99a4""}",18
unlockprotocoltoken,UP,UnlockProtocolToken,unlockprotocoltoken,unlockprotocoltokenAel.png,1000000000,"{""base"":""0xac27fa800955849d6d17cc8952ba9dd6eaa66187""}",18
ballies,BALL,Ballies,ballies,balliesTV2.png,170000000,"{""cronos"":""0x6d96e46ec8938d94aee531daacba3d947eefd114""}",18
settled-ethxy-token,SEXY,Settled EthXY Token,settled-ethxy-token,settled-ethxy-token4o0.png,100000000,"{""ethereum"":""0xc52fafdc900cb92ae01e6e4f8979af7f436e2eb2"",""base"":""0xd1917629b3e6a72e6772aab5dbe58eb7fa3c2f33""}",18
jrny,JRNY,JRNY,jrny,jrny8cM.png,1000000000,"{""ethereum"":""0x22f7cb13d44e6da722d92d137a7635d05b206a96""}",18
0xf9a352b7c7b62a852e5c8a64a455246dd9596461_ethereum,BWLK,Boardwalk,boardwalk,boardwalkRN5.png,2989775,"{""ethereum"":""0xf9a352b7c7b62a852e5c8a64a455246dd9596461"",""base"":""0x13d674cb9a092d486dd81cca683f82202a9fafa5"",""arbitrum-one"":""0xd432c4f8ea36d53ef17e6500b611f95ef3fa68c4"",""robinhood"":""0x8b7daf8ca650ab30df4c686e1e3689e9248732c6""}",18
9qU3LmwKJKT2DJeGPihyTP2jc6pC7ij3hPFeyJVzuksN_solana,CURES,Curetopia,curetopia,9qU3LmwKJKT2DJeGPihyTP2jc6pC7ij3hPFeyJVzuksN_solanaJVf.png,99999949,"{""solana"":""9qU3LmwKJKT2DJeGPihyTP2jc6pC7ij3hPFeyJVzuksN""}",18
brasa-staked-fogo,STFOGO,Brasa Staked FOGO,brasa-staked-fogo,brasa-staked-fogox5a.png,60492498,"{""fogo"":""Brasa3xzkSC9XqMBEcN9v53x4oMkpb1nQwfaGMyJE88b""}",18
seamless-protocol,SEAM,Seamless Protocol,seamless-protocol,seamless-protocolbAo.png,100000000,"{""base"":""0x1c7a460413dd4e964f96d8dfc56e7223ce88cd85"",""ethereum"":""0x6b66ccd1340c479b07b390d326eadcbb84e726ba""}",18
hemi-bridged-weth-hemi,WETH,Hemi Bridged WETH (Hemi),hemi-bridged-weth-hemi,hemi-bridged-weth-hemi42a.png,184.3545,"{""hemi"":""0x4200000000000000000000000000000000000006""}",18
copper-rstock,CPERR,Copper rStock,copper-rstock,copper-rstockKxb.png,13640,"{""solana"":""C3VLBJB2FhEb47s1WEgroyn3BnSYXaezqtBuu5WNmUGw""}",18
bankless-bed-index,BED,Bankless BED Index,bankless-bed-index,bankless-bed-indexiZ0.png,4321,"{""ethereum"":""0x2af1df3ab0ab157e1e2ad8f88a7d04fbea0c7dc6"",""polygon-pos"":""0xeeda694439c6fb56cbaa011cc849650b7273285b""}",18
bepro-network,LX,LayerX,bepro-network,bepro-networkvBg.png,10000000000,"{""ethereum"":""0xcf3c8be2e2c42331da80ef210e9b1b307c03d36a""}",18
wen-lambo-2,WEN,Wen Lambo,wen-lambo-2,wen-lambo-2JBQ.png,1000000000,"{""robinhood"":""0xa80eb66b3e0cf66ccb46f8b8c9e7ff5803eeb820""}",18
xdoge,XDOGE,Xdoge,xdoge,xdogeKFz.png,200000000000,"{""binance_smart"":""0x4c0415a6e340eccebff58131799c6c4127cc39fa""}",18
cryptopeso,CRP,CryptoPeso,cryptopeso,cryptopeso4Cb.png,23000000,"{""binance_smart"":""0x86333e34c8804532ae34207c46e741cbc3ff3fe3""}",18
0xf3530788deb3d21e8fa2c3cbbf93317fb38a0d3c_berachain,LAIR,Lair,lair,lairjKv.png,1000000000,"{""berachain"":""0xf3530788deb3d21e8fa2c3cbbf93317fb38a0d3c"",""klay-token"":""0xd70c7d511560493c79df607076fb863f5c8a50b0""}",18
rainbow-token-2,RBW,Rainbow Token,rainbow-token-2,rainbow-token-2AYQ.png,1000000000,"{""polygon-pos"":""0x431cd3c9ac9fc73644bf68bf5691f4b83f9e104f""}",18
ice,ICE,Ice Open Network,ice,icecsC.png,21150537435,"{""binance_smart"":""0xc335df7c25b72eec661d5aa32a7c2b7b2a1d1874"",""ethereum"":""0x79f05c263055ba20ee0e814acd117c20caa10e0c""}",18
BxftAowY2dVa2h9KMqDTPk4oMxzU9k6uVbZuoorXpump_solana,HOLDOWEEN,Holdoween,holdoween,holdoweenZFf.png,972852896,"{""solana"":""BxftAowY2dVa2h9KMqDTPk4oMxzU9k6uVbZuoorXpump""}",18
ACtfUWtgvaXrQGNMiohTusi5jcx5RJf5zwu9aAxkpump_solana,UNC,unc,unc,unc0Lw.png,999821120,"{""solana"":""ACtfUWtgvaXrQGNMiohTusi5jcx5RJf5zwu9aAxkpump""}",18
Am8iBffqgaedfdK5XhtorbcRrKzwH9nyL3ySikQfpump_solana,KIMCHI,Aura Final Boss,aura-final-boss,aura-final-bossFJv.png,990217332,"{""solana"":""Am8iBffqgaedfdK5XhtorbcRrKzwH9nyL3ySikQfpump""}",18
FKNfAwb8TmjYkj11V4NiTz4TgrLWTWgm2NRwAD9epump_solana,TASSHUB,TASS HUB,tass-hub,FKNfAwb8TmjYkj11V4NiTz4TgrLWTWgm2NRwAD9epump_solanaCe6.png,999717913,"{""solana"":""FKNfAwb8TmjYkj11V4NiTz4TgrLWTWgm2NRwAD9epump""}",18
optim-finance,O,Optim Finance,optim-finance,optim-financesGw.png,25000000,"{""cardano"":""2852268cf6e2db42e20f2fd3125f541e5d6c5a3d70b4dda17c2daa82""}",18
okcash,OK,Okcash,okcash,OKCashrk8Xt.png,105000000,"{""ethereum"":""0xd3ac016b1b8c80eeadde4d186a9138c9324e4189"",""binance_smart"":""0x523821d20a283d955f6205b4c9252779cd0f964b"",""polygon-pos"":""0xd3ac016b1b8c80eeadde4d186a9138c9324e4189"",""avalanche"":""0xd3ac016b1b8c80eeadde4d186a9138c9324e4189"",""arbitrum-one"":""0xd3ac016b1b8c80eeadde4d186a9138c9324e4189"",""fantom"":""0xd3ac016b1b8c80eeadde4d186a9138c9324e4189"",""optimistic-ethereum"":""0xd3ac016b1b8c80eeadde4d186a9138c9324e4189"",""solana"":""HvPrYvgJiBtwUC7H4bi8L5bqnirFPWc2J9NdVy6UFiZm"",""base"":""0x979584b07e1e14c7718c9fdab2e35bbb5fec2c59""}",18
solanium,SLIM,Solanium,solanium,solaniumSqA.png,99990417,"{""solana"":""xxxxa1sKNGwFtw2kFn8XauW9xq8hBZ5kVtcSesTT9fW""}",18
GiG7Hr61RVm4CSUxJmgiCoySFQtdiwxtqf64MsRppump_solana,SCF,Smoking Chicken Fish,smoking-chicken-fish,smoking-chicken-fish1Cn.png,999751778,"{""solana"":""GiG7Hr61RVm4CSUxJmgiCoySFQtdiwxtqf64MsRppump""}",18
GWTP6M5bxhaJ1k2Kxvf8hhYaHE6jZMhh4cKzFuCpnc83_solana,USEFUL,USEFUL COIN,useful-coin-4,useful-coin-40at.png,987639582,"{""solana"":""GWTP6M5bxhaJ1k2Kxvf8hhYaHE6jZMhh4cKzFuCpnc83""}",18
0xc1bf55ee54e16229d9b369a5502bfe5fc9f20b6d_cronos-zkevm,WZKCRO,Wrapped zkCRO,wrapped-zkcro,wrapped-zkcroHjx.png,6716298,"{""cronos-zkevm"":""0xc1bf55ee54e16229d9b369a5502bfe5fc9f20b6d""}",18
guacamole,GUAC,Guacamole,guacamole,1716536176186.png,98266959250530,"{""solana"":""AZsHEMXd36Bj1EMNXhowJajpUXzrKcK57wW4ZGXVa7yR""}",18
figma-ord-shs-ondo-tokenized-stock,FIGON,Figma Ord Shs (Ondo Tokenized Stock),figma-ord-shs-ondo-tokenized-stock,figma-ord-shs-ondo-tokenized-stockLLs.png,22947,"{""ethereum"":""0x073e7a0669833d356fa88ca65cc6d454efaaa3c5"",""binance_smart"":""0x93fac02b22b6743423381d163aec418178019b7a"",""solana"":""aLDdFsr3VTUQaHFK6yNvQxztvxQ8nxW4AMuSGC7ondo""}",18
bloom-energy-rstock,RBE,Bloom Energy Tokenized Stock (Reality),bloom-energy-rstock,bloom-energy-rstockEYn.png,1698,"{""arbitrum-one"":""0x1a0279b9da7cabfff39bf978f3a6608c14a712c0"",""morph-l2"":""0x8cb2db52cfcb03d822e91d9cfb52c51ba6ab1519""}",18
0x07fb80f7a8460de3065d74b2663ba0d740fb3ca5_base,OXI,Oxbull,oxbull,0x07fb80f7a8460de3065d74b2663ba0d740fb3ca5_basejMu.png,12345678,"{""base"":""0x07fb80f7a8460de3065d74b2663ba0d740fb3ca5""}",18
hf34pZHnV4entu9bdp4pFEmeKpivEUeSUhASgWopump_solana,MUMU,MUMU THE BULL,mumu-the-bull-4,mumu-the-bull-4mVW.png,999981066,"{""solana"":""hf34pZHnV4entu9bdp4pFEmeKpivEUeSUhASgWopump""}",18
vertus,VERT,Vertus,vertus,vertusvie.png,1200000000,"{""the-open-network"":""EQDfglfrf0Os38cKPHaOKqQenJpls2s0cey8acQFjPC_VERT""}",18
0x7bc70ae0f2a67d2fdc0180a697a611f21c857777_binance_smart,BEN,BEN,ben-3,ben-3lC9.png,1000000000,"{""binance_smart"":""0x7bc70ae0f2a67d2fdc0180a697a611f21c857777""}",18
43YakhC3TcSuTgSXnxFgw8uKL8VkuLuFa4M6Bninpump_solana,LC,LC SHIB,lc-shib,lc-shibe9V.png,997347679,"{""solana"":""43YakhC3TcSuTgSXnxFgw8uKL8VkuLuFa4M6Bninpump""}",18
hacash-diamond,HACD,Hacash Diamond,hacash-diamond,hacash-diamondx9b.png,137604,,
salvor,ART,Salvor,salvor,salvorqy6.png,160000000,"{""avalanche"":""0xf99516bc189af00ff8effd5a1f2295b67d70a90e""}",18
end,END,END,end,endYmn.png,500000000,"{""ethereum"":""0x2bbd8602091bd1b90797d894163c0de76045f71c"",""immutable"":""0x43d7b1f2e92c620fc45cc81d3818e4620abaf240""}",18
0xb157c8560984eba102334c5eb4f0416952747a6e_cronos,BALLZ,Ballz of Steel,ballz-of-steel,ballz-of-steeltad.png,1000000000,"{""cronos"":""0xb157c8560984eba102334c5eb4f0416952747a6e""}",18
seagate-technology-rstock,RSTX,Seagate Tokenized Stock (Reality),seagate-technology-rstock,seagate-technology-rstockwdh.png,576.6136,"{""arbitrum-one"":""0xf1d1ba0fc7829648906657e75436e45662586ebc"",""morph-l2"":""0x2c0e3307fdf0798a422e39d548cbbabf7145316b""}",18
4bY7N2hPq4aHQJwbhawceNqS5ksyQAayiLEsjNMwpump_solana,COMAT,Community Alliance Token,community-alliance-token,community-alliance-tokenZRY.png,698990565,"{""solana"":""4bY7N2hPq4aHQJwbhawceNqS5ksyQAayiLEsjNMwpump""}",18
GMvCfcZg8YvkkQmwDaAzCtHDrrEtgE74nQpQ7xNabonk_solana,1-COIN-CAN-CHANGE-YOUR-LIFE,1 Coin Can Change Your Life,1-coin-can-change-your-life,GMvCfcZg8YvkkQmwDaAzCtHDrrEtgE74nQpQ7xNabonk_solana8Yh.png,998833061,"{""solana"":""GMvCfcZg8YvkkQmwDaAzCtHDrrEtgE74nQpQ7xNabonk""}",18
credefi,CREDI,Credefi,credefi,credefilTm.png,939978336,"{""ethereum"":""0xae6e307c3fe9e922e5674dbd7f830ed49c014c6b"",""binance_smart"":""0x2235e79086dd23135119366da45851c741874e5b""}",18
tanox,LTX,Tanox,tanox,tanox9H9.png,79997707729,"{""solana"":""LTXH7nCGXz5TBZ57H8oZu7YwmDSVfSqWViW4B28yg8X""}",18
0x3977fc913db86b01a257232c568317798b903b07_base,CODY,CODY,cody,0x3977fc913db86b01a257232c568317798b903b07_basevbK.png,100000000000,"{""base"":""0x3977fc913db86b01a257232c568317798b903b07""}",18
franklin-responsibly-sourced-gold-etf-ondo-tokenized,FGDLON,Franklin Responsibly Sourced Gold ETF (Ondo Tokenized),franklin-responsibly-sourced-gold-etf-ondo-tokenized,franklin-responsibly-sourced-gold-etf-ondo-tokenizedIkA.png,8658,"{""ethereum"":""0x1cb673005fc58447d881486919c14d8e7c741bb1"",""binance_smart"":""0xee0d57462f20434030b8262204c00c0ea0399c41"",""solana"":""CYqLHM92EhmF83iNgfN4A1j2ckjsHigRvXu7xHCondo""}",18
vanguard-total-stock-market-etf-ondo-tokenized,VTION,Vanguard Total Stock Market ETF (Ondo Tokenized),vanguard-total-stock-market-etf-ondo-tokenized,vanguard-total-stock-market-etf-ondo-tokenizedMIv.png,1266,"{""ethereum"":""0x57b392146848c6321bb2a3d4358df1bdeacdc62a"",""binance_smart"":""0x158734153f354cb326ee690c3d55f810dcb0fc90"",""solana"":""jCCU4GwukjNxAXJowG2S4KCrr5g6YyUB61WHYvGondo""}",18
banana,BANANA,Banana,banana,bananaIP9.png,4837747,"{""ethereum"":""0x94e496474f1725f1c1824cb5bdb92d7691a4f03a"",""polygon-pos"":""0xbc91347e80886453f3f8bbd6d7ac07c122d87735"",""ronin"":""0x1a89ecd466a23e98f07111b0510a2d6c1cd5e400""}",18
medifakt,FAKT,Medifakt,medifakt,medifaktkRd.png,4999999999,"{""ethereum"":""0x0262e9374e95b9667b78136c3897cb4e4ef7f0c2"",""polygon-pos"":""0xcb64cdeb45def1c513fd890e7e76a865bae46060""}",18
novo-nordisk-xstock,NVOX,Novo Nordisk xStock,novo-nordisk-xstock,novo-nordisk-xstockkC7.png,2095418,"{""arbitrum-one"":""0xf9523e369c5f55ad72dbaa75b0a9b92b3d8b147e"",""ethereum"":""0xf9523e369c5f55ad72dbaa75b0a9b92b3d8b147e"",""binance_smart"":""0xf9523e369c5f55ad72dbaa75b0a9b92b3d8b147e"",""solana"":""XsfAzPzYrYjd4Dpa9BU3cusBsvWfVB9gBcyGC87S57n""}",18
supercycle-real,SUPERCYCLE,supercycle(real),supercycle-real,supercycle-realM4Z.png,992377986,"{""solana"":""2G8LH53fcr3aCrEsmAo73eunbZRbyjKrGH5qmur6pump""}",18
3X8GcLiH2HttjyqePg7MazpMbwbgq5URUMTyDz5tkmdE_solana,LADYF,Milady Wif Hat,milady-wif-hat,milady-wif-hat0Ji.png,1000000000000,"{""solana"":""3X8GcLiH2HttjyqePg7MazpMbwbgq5URUMTyDz5tkmdE""}",18
aviator-2,AFX,Airfox,aviator-2,aviator-2r7Y.png,8243042235,"{""ethereum"":""0x9414e9af3a531e47f0f2b48d1a7faf8178cf0bd7""}",18
kite,KITE,Kite,kite,kite6PM.png,854765,"{""optimistic-ethereum"":""0xf467c7d5a4a9c4687ffc7986ac6ad5a4c81e1404""}",18
milli-coin,MILLI,MILLI,milli-coin,milli-coinxOv.png,299792458000,"{""sei-network"":""sei170949pwl4h36neazkwmdgtrh6nuenh66462n34839e23e8he3pqsnm5r2v"",""sei-v2"":""0xf91fbe296b0121da410f885bfa39fad078407234""}",18
ribbit-2,RBT,RIBBIT,ribbit-2,ribbit-250E.png,407088461390,"{""solana"":""65nTNuJGHme4PQvKQyJykKp1bJAkK4A8Q66sd2yBWugf""}",18
owlto-finance,OWL,Owlto Finance,owlto-finance,owlto-financeXPN.png,2000000000,"{""binance_smart"":""0x51e667e91b4b8cb8e6e0528757f248406bd34b57""}",18
0xca4e51f6ad4afd9d1068e5899de9dd7d73f3463d_arbitrum-one,AARK,Aark Digital,aark-digital,aark-digitalPNQ.png,696048575,"{""arbitrum-one"":""0xca4e51f6ad4afd9d1068e5899de9dd7d73f3463d""}",18
sone,SONE,SONE,sone,soneW7X.png,480237,"{""soneium"":""0xf24e57b1cb00d98c31f04f86328e22e8fca457fb""}",18
de-fi,DEFI,DeFi,de-fi,de-fiMEB.png,4195845625,"{""ethereum"":""0x6b0faca7ba905a86f221ceb5ca404f605e5b3131"",""binance_smart"":""0x6d106c0b8d2f47c5465bdbd58d1be253762cbbc1"",""solana"":""HXwh9i8D1LKkVK8WfMjFPyiyVZ4Auh9aLD5ut4LCRqqR""}",18
quiverx,QRX,QuiverX,quiverx,quiverxZ7D.png,100000000,"{""ethereum"":""0x6e0dade58d2d89ebbe7afc384e3e4f15b70b14d8""}",18
0x82a605d6d9114f4ad6d5ee461027477eeed31e34_ethereum,SNSY,Sensay,sensay,sensayjMy.png,9375440998,"{""ethereum"":""0x82a605d6d9114f4ad6d5ee461027477eeed31e34"",""arbitrum-one"":""0x3124678d62d2aa1f615b54525310fbfda6dcf7ae"",""base"":""0x3124678d62d2aa1f615b54525310fbfda6dcf7ae""}",18
union-2,U,Union,union-2,union-26CO.png,10000000000,"{""ethereum"":""0xba5ed44733953d79717f6269357c77718c8ba5ed"",""binance_smart"":""0xba5ed44733953d79717f6269357c77718c8ba5ed""}",18
nebius-group-n-v-backpack-securities,NBIS,Nebius Group N.V. (Backpack Securities),nebius-group-n-v-backpack-securities,nebius-group-n-v-backpack-securitiesZWN.png,1983,"{""solana"":""NBiSF3UaVUFtRzHwAfxyHsBCAZWGEKnMpewAE4oh7BG""}",18
keep3rv1,KP3R,Keep3rV1,keep3rv1,keep3rv1CNt.png,483528,"{""ethereum"":""0x1ceb5cb57c4d4e2b2433641b95dd330a33185a44"",""fantom"":""0x2a5062d22adcfaafbd5c541d4da82e4b450d4212"",""energi"":""0x09f24e5e54db6705df1a1a71d2bd5eac0d692bea""}",18
baby-vibing-cat-coin,BABYVIBE,Baby Vibing Cat Coin,baby-vibing-cat-coin,baby-vibing-cat-coinOMC.png,950880350,"{""solana"":""54g2GnhV2mcheYD7Rvdt6MWniLdUsXQKeVNz5KZhdoge""}",18
buddy-bear,BUDDY,BUDDY BEAR,buddy-bear,buddy-bearKJz.png,10000000,"{""the-open-network"":""EQDZvDW7Cf33YjMpeVr771PMrYgymGFyibTdcL4y-unuFtmA""}",18
airdrops-quest,DROP,Airdrops Quest,airdrops-quest,airdrops-questJhB.png,995435934,"{""solana"":""xgC6VcsoC43ejNvPjwVLgp8KpPVfau9aYqHGX3WDrop""}",18
0x506a6fc25f1c7d52ceb06ea44a3114c9380f8e2029b4356019822f248b49e411::memefi::MEMEFI_sui,MEMEFI,MemeFi,memefi-2,memefi-2Qoe.png,10000000000,"{""sui"":""0x506a6fc25f1c7d52ceb06ea44a3114c9380f8e2029b4356019822f248b49e411::memefi::MEMEFI""}",18
0x5f038759f6de38fd3a85c0440daff1240238bac8_robinhood,SEMI,Semivault.xyz,semivault-xyz,0x5f038759f6de38fd3a85c0440daff1240238bac8_robinhoodnoq.png,81267162,"{""robinhood"":""0x5f038759f6de38fd3a85c0440daff1240238bac8""}",18
ventuals-vhype,VHYPE,Ventuals vHYPE,ventuals-vhype,ventuals-vhypeLjO.png,5360,"{""hyperevm"":""0x8888888fdaac0e7cf8c6523c8955bf7954c216fa""}",18
wingriders,WRT,WingRiders,wingriders,wingridersBCV.png,100000000,"{""cardano"":""c0ee29a85b13209423b10447d3c2e6a50641a15c57770e27cb9d507357696e67526964657273""}",18
0x265b3982ea730748100947f52561a4eab54affff_binance_smart,AST,ast.fun,ast-fun,0x265b3982ea730748100947f52561a4eab54affff_binance_smart66h.png,1000000000,"{""binance_smart"":""0x265b3982ea730748100947f52561a4eab54affff""}",18
bridged-wrapped-lido-staked-ether-scroll,WSTETH,Bridged Wrapped Lido Staked Ether (Scroll),bridged-wrapped-lido-staked-ether-scroll,bridged-wrapped-lido-staked-ether-scrollm9b.png,142.096,"{""scroll"":""0xf610a9dfb7c89644979b4a0f27063e9e7d7cda32""}",18
0x333333c465a19c85f85c6cfbed7b16b0b26e3333_base,ORA,ORA Coin,ora-coin,0x333333c465a19c85f85c6cfbed7b16b0b26e3333_base8Ve.png,333333333,"{""base"":""0x333333c465a19c85f85c6cfbed7b16b0b26e3333"",""ethereum"":""0x33333333fede34409fb7f67c6585047e1f653333"",""hyperliquid"":""0xd7a5b9b760fd758d2e3f6f3ecd2ae5bb"",""solana"":""BPYhCMNao2XG4UR771LurHrwUg3rcp76jmg4XFfAacvg"",""binance_smart"":""0x333333c465a19c85f85c6cfbed7b16b0b26e3333"",""arbitrum-one"":""0x333333c465a19c85f85c6cfbed7b16b0b26e3333"",""unichain"":""0x2d1b035ca47e04a119dff0fac828f4a57a67e4de""}",18
0x440e339a46eaa3be8d723c2cbed2a30af74536d5_robinhood,SPRING,Ticker Spring,ticker-spring,0x440e339a46eaa3be8d723c2cbed2a30af74536d5_robinhoodmyR.png,430361201,"{""robinhood"":""0x440e339a46eaa3be8d723c2cbed2a30af74536d5""}",18
0x0aa1e96d2a46ec6beb2923de1e61addf5f5f1dce_xdai,REG,RealToken Ecosystem Governance,realtoken-ecosystem-governance,realtoken-ecosystem-governanceRh3.png,501727110,"{""xdai"":""0x0aa1e96d2a46ec6beb2923de1e61addf5f5f1dce"",""ethereum"":""0x0aa1e96d2a46ec6beb2923de1e61addf5f5f1dce"",""polygon-pos"":""0x0aa1e96d2a46ec6beb2923de1e61addf5f5f1dce""}",18
DpBzjtgGLF7QA9Ug3eUVGbnqa6j3jvYBn1XuQuktvfhm_solana,DOGE-1,DOGE-1 Satellite,doge-1-satellite,DpBzjtgGLF7QA9Ug3eUVGbnqa6j3jvYBn1XuQuktvfhm_solanaEJL.png,6941489158,"{""solana"":""DpBzjtgGLF7QA9Ug3eUVGbnqa6j3jvYBn1XuQuktvfhm""}",18
mexican-peso,WMXN,Mexican Peso,mexican-peso,mexican-peso3OE.png,8538789,"{""world-chain"":""0x337e7456b420bd3481e7fa61fa9850343d610d34"",""ethereum"":""0x337e7456b420bd3481e7fa61fa9850343d610d34"",""base"":""0x337e7456b420bd3481e7fa61fa9850343d610d34"",""polygon-pos"":""0x337e7456b420bd3481e7fa61fa9850343d610d34"",""binance_smart"":""0x337e7456b420bd3481e7fa61fa9850343d610d34"",""xdai"":""0x337e7456b420bd3481e7fa61fa9850343d610d34"",""celo"":""0x337e7456b420bd3481e7fa61fa9850343d610d34"",""hyperevm"":""0x337e7456b420bd3481e7fa61fa9850343d610d34"",""arc"":""0x337e7456b420bd3481e7fa61fa9850343d610d34"",""tempo"":""0x20c00000000000000000000032449be232fd987e""}",18
touch-grass,TOUCHGRASS,Touch Grass,touch-grass,touch-grassAqJ.png,979341599,"{""solana"":""5314GTpDziP2ZdaANnt5KJEABGXy5Nn5Kyc3SFPYpump""}",18
0x8a1e8cf52954c8d72907774d4b2b81f38dd1c5c4_immutable,QUEST,RavenQuest,ravenquest,ravenquestlNG.png,1000000000,"{""immutable"":""0x8a1e8cf52954c8d72907774d4b2b81f38dd1c5c4"",""ethereum"":""0x1fc122fe8b6fa6b8598799baf687539b5d3b2783""}",18
liquidium-token,LIQ,LIQUIDIUM•TOKEN (Runes),liquidium-token,liquidium-tokenHux.png,100000000,"{""ordinals"":""840010:907""}",18
yield-optimizer-btc,YOBTC,Yield Optimizer BTC,yield-optimizer-btc,yield-optimizer-btchoA.png,5.4647,"{""base"":""0xbcbc8cb4d1e8ed048a6276a5e94a3e952660bcbc""}",18
pulsebitcoin-pulsechain,PLSB,PulseBitcoin (PulseChain),pulsebitcoin-pulsechain,pulsebitcoin-pulsechainvEj.png,20048291,"{""pulsechain"":""0x5ee84583f67d5ecea5420dbb42b462896e7f8d06""}",18
7XiFJgX4nkER8gTH1LXUX1VEBJrLRSZfFXuzDy8ccWGT_solana,APECAT,Ape Cat,ape-cat,ape-catt2O.png,999957350,"{""solana"":""7XiFJgX4nkER8gTH1LXUX1VEBJrLRSZfFXuzDy8ccWGT""}",18
wrapped-kcs,WKCS,Wrapped KCS,wrapped-kcs,wrapped-kcsrq7.png,64119,"{""kucoin-community-chain"":""0x4446fc4eb47f2f6586f9faab68b3498f86c07521""}",18
EQDuGgqZU7_AEgiOwEe-abozIefuoairTWLOyd7c_f8GhzMf_the-open-network,MTONGA,Make TON Great Again,make-ton-great-again,make-ton-great-againLGs.png,99999999,"{""the-open-network"":""EQDuGgqZU7_AEgiOwEe-abozIefuoairTWLOyd7c_f8GhzMf""}",18
znv3FZt2HFAvzYf5LxzVyryh3mBXWuTRRng25gEZAjh_solana,IMG,Infinite Money Glitch,infinite-money-glitch,znv3FZt2HFAvzYf5LxzVyryh3mBXWuTRRng25gEZAjh_solanaE8A.png,977429566,"{""solana"":""znv3FZt2HFAvzYf5LxzVyryh3mBXWuTRRng25gEZAjh""}",18
akita-inu,AKITA,Akita Inu [OLD],akita-inu,akita-inuiMA.png,92179519403574,"{""ethereum"":""0x3301ee63fb29f863f2333bd4466acb46cd8323e6"",""avalanche"":""0xcaf5191fc480f43e4df80106c7695eca56e48b18""}",18
0x4874845b0d4acffd896dde1e42828a543717af7f_robinhood,URMOM,ur mom,ur-mom,0x4874845b0d4acffd896dde1e42828a543717af7f_robinhoodK3p.png,918367347,"{""robinhood"":""0x4874845b0d4acffd896dde1e42828a543717af7f""}",18
0x2597342ff387b63846eb456419590781c4bfcdaf_ethereum,TAXI,Robotaxi,robotaxi,0x2597342ff387b63846eb456419590781c4bfcdaf_ethereumioc.png,100000000,"{""ethereum"":""0x2597342ff387b63846eb456419590781c4bfcdaf""}",18
svy5ErijNYy9hEVzxknCdwWdZ3NeXJTdpb9Ndnso17f_solana,GBOY,GBOY,gboy,gboyzhE.png,852096578,"{""solana"":""svy5ErijNYy9hEVzxknCdwWdZ3NeXJTdpb9Ndnso17f""}",18
alpha-finance,ALPHA,Stella,alpha-finance,alpha-financem13.png,1000000000,"{""ethereum"":""0xa1faa113cbe53436df28ff0aee54275c13b40975"",""binance_smart"":""0xa1faa113cbe53436df28ff0aee54275c13b40975"",""avalanche"":""0x2147efff675e4a4ee1c2f918d181cdbd7a8e208f"",""energi"":""0x05b357201b31093a13a22d76de1b1eb23ad83017""}",18
tiwicat,TWC,TIWICAT,tiwicat,tiwicat0k0.png,890223392245398,"{""binance_smart"":""0xda1060158f7d593667cce0a15db346bb3ffb3596""}",18
senspark,SEN,Senspark (BNB),senspark,sensparkACw.png,9999541542,"{""binance_smart"":""0xb43ac9a81eda5a5b36839d5b6fc65606815361b0""}",18
neko,NEKO,NEKO,neko,nekok8E.png,10000000000,"{""near-protocol"":""ftv2.nekotoken.near""}",18
ihodl,IHODL,IHODL,ihodl,ihodltCp.png,1000000000,"{""base"":""0xe8b22a4844aae9f68553a2e210e0b96d7ded1703""}",18
bridged-tether-ton-bridge,JUSDT,TON Bridged USDT (TON),bridged-tether-ton-bridge,bridged-tether-ton-bridgellr.png,465911,"{""the-open-network"":""EQBynBO23ywHy_CgarY9NK9FTz0yDsG82PtcbSTQgGoXwiuA""}",18
eusd-new,EUSD,eUSD,eusd-new,eusd-newdMP.png,602720,"{""ethereum"":""0xdf3ac4f479375802a821f7b7b46cd7eb5e4262cc""}",18
0x57ee375439bb01892d1f1fbbf933ad0ed16d7777_binance_smart,吉祥马,吉祥马,jixiangma,0x57ee375439bb01892d1f1fbbf933ad0ed16d7777_binance_smartPTX.png,451500057,"{""binance_smart"":""0x57ee375439bb01892d1f1fbbf933ad0ed16d7777""}",18
applied-optoelectronics-rstock,RAAOI,Applied Optoelectronics Tokenized Stock (Reality),applied-optoelectronics-rstock,applied-optoelectronics-rstockzIz.png,4008,"{""arbitrum-one"":""0x09cef543943c8092a59c4191b434cf626c43a324"",""morph-l2"":""0x7d011b9c9ad8263862b1d7a5d875b000bde4be9a""}",18
xerberus,XER,Xerberus,xerberus,xerberusRMp.png,1000000000,"{""cardano"":""6d06570ddd778ec7c0cca09d381eca194e90c8cffa7582879735dbde"",""ethereum"":""0x2a5ee480b67ba1e5ada2f6e63b1d95af0b0178a4""}",18
fio-protocol,FIO,FIO Protocol,fio-protocol,fio-protocolGJm.png,1000000000,,
4D8qUHm334fxqeTauPvF8gQ7fYgrD4Mpmb1Wy6ftUSWR_solana,USWR,United States Water Reserve,united-states-water-reserve,united-states-water-reserveed9.png,999994842,"{""solana"":""4D8qUHm334fxqeTauPvF8gQ7fYgrD4Mpmb1Wy6ftUSWR""}",18
goldcoin,GLC,Goldcoin,goldcoin,GoldcoinFdvst.png,1146985886,"{""solana"":""Hn6Kdxs6cJrXDLvArAief8ueTgdZLkRacLPPUZo2pump"",""robinhood"":""0xaf0172ddea4ce60db3ebab05748a00b14fc8e433""}",18
movement-bridged-weth-movement,WETH.E,Movement Bridged WETH (Movement),movement-bridged-weth-movement,movement-bridged-weth-movementFLQ.png,170.86,"{""movement"":""0x908828f4fb0213d4034c3ded1630bbd904e8a3a6bf3c63270887f0b06653a376""}",18
wrapped-alphabet-xstock,WGOOGLX,Wrapped Alphabet xStock,wrapped-alphabet-xstock,wrapped-alphabet-xstock9Dw.png,1331,"{""arbitrum-one"":""0x1630f08370917e79df0b7572395a5e907508bbbc"",""mantle"":""0x1630f08370917e79df0b7572395a5e907508bbbc"",""x-layer"":""0xf8c5308f80e459bb53d9ebe689854d9cbb2caa6f""}",18
CYPHuMmCL1GxJWa2tsPhLKykC7GrHJTCHwbXD4g5uawK_solana,CYPH,Cypherpunk Technologies (Backpack Securities),cypherpunk-technologies-backpack-securities,cypherpunk-technologies-backpack-securitiesqha.png,151209,"{""solana"":""CYPHuMmCL1GxJWa2tsPhLKykC7GrHJTCHwbXD4g5uawK""}",18
vanguard-total-world-xstock,VTX,Vanguard Total World xStock,vanguard-total-world-xstock,vanguard-total-world-xstocknHi.png,703798,"{""ethereum"":""0x6d5edeebbc6a4099eb8bb289eb3b80d799f7b28c"",""solana"":""XsEdDDTcVGJU6nvdRdVnj53eKTrsCkvtrVfXGmUK68V""}",18
bnktothefuture,BFT,BnkToTheFuture,bnktothefuture,BnkToTheFutureANrQJ.png,1000000000,"{""ethereum"":""0x01ff50f8b7f74e4f00580d9596cd3d0d6d6e326f""}",18
DyidQqHQvWv9r76bWY7H11uB5qnDE7GyDT7Hq1QCpump_solana,CATS,Cats,cats-3,cats-3kHF.png,957350879,"{""solana"":""DyidQqHQvWv9r76bWY7H11uB5qnDE7GyDT7Hq1QCpump""}",18
0xdb97b2aefd6816485a757ae49280d598a5c9c848_robinhood,NILF,Not In Labor Force,not-in-labor-force,not-in-labor-forceG6E.png,1000000000,"{""robinhood"":""0xdb97b2aefd6816485a757ae49280d598a5c9c848""}",18
blockchain-certified-data-token,BCDT,EvidenZ,blockchain-certified-data-token,blockchain-certified-data-tokenCyS.png,35467069,"{""ethereum"":""0xacfa209fb73bf3dd5bbfb1101b9bc999c49062a5"",""binance"":""0x8683e604cdf911cd72652a04bf9d571697a86a60"",""binance_smart"":""0x8683e604cdf911cd72652a04bf9d571697a86a60""}",18
visa-xstock,VX,Visa xStock,visa-xstock,visa-xstockD7x.png,286950,"{""arbitrum-one"":""0x2363fd1235c1b6d3a5088ddf8df3a0b3a30c5293"",""ethereum"":""0x2363fd1235c1b6d3a5088ddf8df3a0b3a30c5293"",""binance_smart"":""0x2363fd1235c1b6d3a5088ddf8df3a0b3a30c5293"",""solana"":""XsqgsbXwWogGJsNcVZ3TyVouy2MbTkfCFhCGGGcQZ2p"",""the-open-network"":""EQC5UZZAuR4MM3arEdJ6WWXfFeyESatfrDy12_7g_g0sqFK4"",""mantle"":""0x2363fd1235c1b6d3a5088ddf8df3a0b3a30c5293""}",18
gamegpt,DUEL,GameGPT,gamegpt,gamegptmRN.png,10000000000,"{""ethereum"":""0x943af2ece93118b973c95c2f698ee9d15002e604"",""binance_smart"":""0xa1ed0bd9a4776830c5b7ba004f26427b71152ca5""}",18
wrapped-neverland-usdc,WNUSDC,Wrapped Neverland USDC,wrapped-neverland-usdc,wrapped-neverland-usdcIqU.png,462748,"{""monad"":""0x8d5c2df3eef09088fcccf3376d8ecd0dd505f642""}",18
jersey-mike-s-subs-xstock,JMKEX,Jersey Mike's Subs xStock,jersey-mike-s-subs-xstock,jersey-mike-s-subs-xstockMLU.png,27173,"{""ethereum"":""0x97fcf4dd5275ab0de96420cbe36e4c947d5d8edf"",""binance_smart"":""0x97fcf4dd5275ab0de96420cbe36e4c947d5d8edf"",""arbitrum-one"":""0x97fcf4dd5275ab0de96420cbe36e4c947d5d8edf"",""solana"":""XsBeB5z2oA2fvaVim3rRbqHV4Cxxz9nNCjqoUtFooXY"",""the-open-network"":""EQDTADTUzO_BdDcTdfKYiztl4ygtIOQbCEKr2Lqqa7JHx0l7""}",18
limocoin-swap,LMCSWAP,Limocoin Swap,limocoin-swap,limocoin-swap5sP.png,1642506984,"{""binance_smart"":""0x383094a91ef2767eed2b063ea40465670bf1c83f""}",18
bitcoinz,BTCZ,BitcoinZ,bitcoinz,BitcoinZfywnc.png,12604557974,"{""binance_smart"":""0xcbbb3e5099f769f6d4e2b8b92dc0e268f7e099d8""}",18
0x7fb4758cb0c617c0bab1baf80525fab958637777_binance_smart,BNBO,币恩宝,bnbo,bnbokUI.png,1000000000,"{""binance_smart"":""0x7fb4758cb0c617c0bab1baf80525fab958637777""}",18
0xcd1e32b86953d79a6ac58e813d2ea7a1790cab63_world-chain,ORO,ORO,oro-2,0xcd1e32b86953d79a6ac58e813d2ea7a1790cab63_world-chainqm4.png,87683109,"{""world-chain"":""0xcd1e32b86953d79a6ac58e813d2ea7a1790cab63""}",18
0x59973ae98d340ca0577ed92502402e82e987ba2e_krown-network,USDT,Krown Bridged USDT (Krown),krown-bridged-usdt-krown,krown-bridged-usdt-krownl8r.png,453847,"{""krown-network"":""0x59973ae98d340ca0577ed92502402e82e987ba2e""}",18
tbll-xstock,TBLLX,TBLL xStock,tbll-xstock,tbll-xstockqsR.png,5824260,"{""solana"":""XsqBC5tcVQLYt8wqGCHRnAUUecbRYXoJCReD6w7QEKp"",""ethereum"":""0x4cbf89ed7bb30b8a860fa86d3c96e9c72931299b"",""binance_smart"":""0x4cbf89ed7bb30b8a860fa86d3c96e9c72931299b""}",18
zar-supercoin,ZARSC,ZAR Supercoin,zar-supercoin,zar-supercoinApx.png,8177042,"{""solana"":""5ekaHEqpRUXH4RoZVRMErdJE74bibWAzihMtPcjKyceQ""}",18
0x698b1d54e936b9f772b8f58447194bbc82ec1933_ethereum,PEEZY,Peezy,peezy-eth,0x698b1d54e936b9f772b8f58447194bbc82ec1933_ethereumpuD.png,351550893534,"{""ethereum"":""0x698b1d54e936b9f772b8f58447194bbc82ec1933""}",18
ishares-20-year-treasury-rstock,RTLT,iShares 20+ Year Treasury Bond ETF Tokenized Stock (Reality),ishares-20-year-treasury-rstock,ishares-20-year-treasury-rstockfSi.png,5786,"{""arbitrum-one"":""0x97b2e5f5b668240df8634163bb7bfcc18eb76d57"",""morph-l2"":""0x13b0fa8b0c09c1e226a52e15f83478fab70d85ab""}",18
0xeb6d78148f001f3aa2f588997c5e102e489ad341_base,CHAMP,Super Champs,super-champs,super-champsOSz.png,1000000000,"{""base"":""0xeb6d78148f001f3aa2f588997c5e102e489ad341"",""ethereum"":""0x4af1bc87e43ddb22188bb3791ae00341586fe8fc"",""avalanche"":""0x6aa38edd7f32a28b7b2c2dc86fc5b0bf2ae61579""}",18
bullieve,BULLIEVE,BULLIEVE,bullieve,bullieveFpI.png,999584626,"{""solana"":""3qZ4Abv6WJRPdqSh2i7NgtafjpzcXoEb37Z2zwwwpump""}",18
solmev,SN116,SolMev,solmev,solmevSl3.png,819607,"{""bittensor"":""116""}",18
beamable-network-token,BMB,Beamable Network Token,beamable-network-token,beamable-network-tokenwOm.png,999997696,"{""solana"":""BMBtwz6LFDJVJd2aZvL5F64fdvWP3RPn4NP5q9Xe15UD""}",18
0xa3882d42ed12b57c10c85e8ec8febd0774600000_hyperevm,ALT,ALT,alt,altvgC.png,937500000,"{""hyperevm"":""0xa3882d42ed12b57c10c85e8ec8febd0774600000""}",18
BFgdzMkTPdKKJeTipv2njtDEwhKxkgFueJQfJGt1jups_solana,URANUS,Uranus,uranus-4,BFgdzMkTPdKKJeTipv2njtDEwhKxkgFueJQfJGt1jups_solanaM5G.png,99982661,"{""solana"":""BFgdzMkTPdKKJeTipv2njtDEwhKxkgFueJQfJGt1jups""}",18
constellation-energy-ondo-tokenized-stock,CEGON,Constellation Energy (Ondo Tokenized Stock),constellation-energy-ondo-tokenized-stock,constellation-energy-ondo-tokenized-stockArc.png,1737,"{""ethereum"":""0x060505527c83e8bfeb9b4ff08248b82e688800f1"",""binance_smart"":""0x65d84f0990b7394209d591380c2952c83d778aa3"",""solana"":""7NWHifsBnn9DimUeNnsHdEXkTZhXmJTiXxcCngBondo""}",18
0xe4b8723d202fdd0298b1d7496a86656b2986c532_robinhood,RIP,StockRip,stockrip,stockripItb.png,999953884,"{""robinhood"":""0xe4b8723d202fdd0298b1d7496a86656b2986c532""}",18
kuvi,KUVI,Kuvi,kuvi,kuviwYH.png,1000000000,"{""binance_smart"":""0xccd6b38fffeeab9c0ac2413bccf8b0aced748881""}",18
0x7b630f080807df83908b4ade46ba6396ee66b098_robinhood,BLINK,dont blink,dont-blink,0x7b630f080807df83908b4ade46ba6396ee66b098_robinhoodUdz.png,886958360,"{""robinhood"":""0x7b630f080807df83908b4ade46ba6396ee66b098""}",18
2pASaZVMQCusTpUc6MdfFBXSML9yKeJQZGLf8L8RyYwQ_solana,$COPPER,$COPPER,copper,copperjk1.png,0,"{""solana"":""2pASaZVMQCusTpUc6MdfFBXSML9yKeJQZGLf8L8RyYwQ""}",18
whales-market,WHALES,Whales Market,whales-market,whales-marketj3I.png,100000000,"{""solana"":""GTH3wG3NErjwcf7VGCoXEXkgXSHvYhx5gtATeeM5JAS1""}",18
HAPPYwgFcjEJDzRtfWE6tiHE9zGdzpNky2FvjPHsvvGZ_solana,HAPPY,Happy Cat,happycat-2,HAPPYwgFcjEJDzRtfWE6tiHE9zGdzpNky2FvjPHsvvGZ_solanaoea.png,3333333333,"{""solana"":""HAPPYwgFcjEJDzRtfWE6tiHE9zGdzpNky2FvjPHsvvGZ"",""binance_smart"":""0x2e72393a57287b1a09857db589b27bb0fd499922""}",18
meow,MEOW,MEOW,meow,meowNcz.png,89999543046,"{""solana"":""BUhS5coXEt9hcxN3JSpGYUWSKbNo96RsKu52LcMo12rf""}",18
procter-gamble-xstock,PGX,Procter & Gamble xStock,procter-gamble-xstock,procter-gamble-xstockEf2.png,663001,"{""arbitrum-one"":""0xa90424d5d3e770e8644103ab503ed775dd1318fd"",""binance_smart"":""0xa90424d5d3e770e8644103ab503ed775dd1318fd"",""solana"":""XsYdjDjNUygZ7yGKfQaB6TxLh2gC6RRjzLtLAGJrhzV"",""ethereum"":""0xa90424d5d3e770e8644103ab503ed775dd1318fd"",""the-open-network"":""EQBGDL8J1dhHeH5vUvTb1bdtQaKRmj3oWG6iMwityBOa0B31"",""mantle"":""0xa90424d5d3e770e8644103ab503ed775dd1318fd""}",18
66MH83n3jRqZMni87niTyKRoGbh9HxBkTm73sTRKpump_solana,OTCFI,OTCfi,otcfi,otcfiGtk.png,966919750,"{""solana"":""66MH83n3jRqZMni87niTyKRoGbh9HxBkTm73sTRKpump""}",18
aktionariat-wemakeit-ag-tokenized-shares,WMKT,Aktionariat wemakeit AG Tokenized Shares,aktionariat-wemakeit-ag-tokenized-shares,aktionariat-wemakeit-ag-tokenized-sharesWmX.png,432084,"{""ethereum"":""0xc95506540268b0447663efbfffd71b51fe92ea7f""}",18
0x91da780bc7f4b7cf19abe90411a2a296ec5ff787_base,HINT,Hive Intelligence,hive-intelligence,0x91da780bc7f4b7cf19abe90411a2a296ec5ff787_baseDH0.png,1000000000,"{""base"":""0x91da780bc7f4b7cf19abe90411a2a296ec5ff787""}",18
sovren,SOVR,Sovren,sovren,sovrenODA.png,1000000000,"{""osmosis"":""ibc/FB26E04E71EACCCCCD6D81F0F7666D5567C3A1686E2AC577FCC03F28F5B5874F""}",18
popdog,POPDOG,POPDOG,popdog,popdog1rL.png,993739584,"{""solana"":""EATGZHJViJsk7nEKkrdJicwNbfpkJfAtmrEmrjXR8NBj""}",18
fud-the-pug,FUD,Fud the Pug,fud-the-pug,fud-the-pugS5U.png,75490000000000,"{""sui"":""0x76cb819b01abed502bee8a702b4c2d547532c12f25001c9dea795a5e631c26f1::fud::FUD""}",18
lumentum-rstock,RLITE,Lumentum Tokenized Stock (Reality),lumentum-rstock,lumentum-rstock80C.png,411.9706,"{""arbitrum-one"":""0x9fa5a66796b4b7dd5cf1be8e5d44739cda384d58"",""morph-l2"":""0x8fbac4ee1f30ec4aa6aa770b363ac40af104293d""}",18
toad-killer,$TOAD,Toad Killer,toad-killer,toad-killerpFC.png,420690000000000,"{""ethereum"":""0x370a366f402e2e41cdbbe54ecec12aae0cce1955""}",18
pinkmoon,PINKM,PinkMoon,pinkmoon,pinkmoonf8B.png,1000000000000000,"{""binance_smart"":""0xb6090a50f66046e3c6afb9311846a6432e45060a""}",18
aixdrop,AIXDROP,AIXDROP,aixdrop,aixdropaT4.png,8667303118,"{""solana"":""DRoPH9pb1eXQ3VvhwWuP1k5P5R9hkxVmniZCouihxH6w""}",18
solv-protocol-solvbtc-jupiter,SOLVBTC.JUP,Solv Protocol SolvBTC Jupiter,solv-protocol-solvbtc-jupiter,solv-protocol-solvbtc-jupiterNHk.png,7.155,"{""binance_smart"":""0x38a001e57430f781404fff7a81de4bd67d1f6117"",""soneium"":""0xaffeb8576b927050f5a3b6fba43f360d2883a118"",""solana"":""SoLvzL3ZVjofmNB5LYFrf94QtNhMUSea4DawFhnAau8""}",18
DShht9B8wCRe5t3oqdPB77PnjJbKxbYaZyuWpZQjbonk_solana,CONK,CONK,conk,conkdDc.png,999894988,"{""solana"":""DShht9B8wCRe5t3oqdPB77PnjJbKxbYaZyuWpZQjbonk""}",18
0xdfc5964141c018485b4d017634660f85aa667714_ethereum,ODIN,Odin Liquidity Network,valhalla-index,0xdfc5964141c018485b4d017634660f85aa667714_ethereumOZ0.png,187407815,"{""ethereum"":""0xdfc5964141c018485b4d017634660f85aa667714""}",18
wo1zgt8rfrYpvdVi4nidoj1SYfcR4pQx69bmNv2JLhQ_solana,EGG,JustAnEgg,justanegg-2,justanegg-2Vri.png,399399399,"{""solana"":""wo1zgt8rfrYpvdVi4nidoj1SYfcR4pQx69bmNv2JLhQ""}",18
hydra-3,HYDRA,HYDRA,hydra-3,hydra-3rvn.png,7031232419859,"{""ethereum"":""0xcc7ed2ab6c3396ddbc4316d2d7c1b59ff9d2091f""}",18
0x8e729198d1c59b82bd6bba579310c40d740a11c2_ethereum,ALVA,Alvara Protocol,alvara-protocol,alvara-protocolO5P.png,198698050,"{""ethereum"":""0x8e729198d1c59b82bd6bba579310c40d740a11c2"",""avalanche"":""0xd18555a6c2fda350069735419900478eec4abd96""}",18
aehr-test-systems-ondo-tokenized,AEHRON,Aehr Test Systems (Ondo Tokenized),aehr-test-systems-ondo-tokenized,aehr-test-systems-ondo-tokenizedsQg.png,4161,"{""ethereum"":""0xeb48e68f01c0c76735dc6f1dcc0f151a973bd9d2"",""binance_smart"":""0xdce0957e22f7baf2aa1a50d854e03cee6f215004"",""solana"":""ZWUSgDGQTQPGJyipzgJKcPhxgZzSBi4q6dqQbgCondo""}",18
0x2103faa9d1762e27a716c61718b3acf3ec1f9bf1_robinhood,FOX,Robin Hood,robin-hood-2,0x2103faa9d1762e27a716c61718b3acf3ec1f9bf1_robinhoodrJS.png,1000000000,"{""robinhood"":""0x2103faa9d1762e27a716c61718b3acf3ec1f9bf1""}",18
EQC7js8NLX3v57ZuRmuusNtMSBdki4va_qyL7sAwdmosf_xK_the-open-network,AMORE,Amocucinare,amocucinare,EQC7js8NLX3v57ZuRmuusNtMSBdki4va_qyL7sAwdmosf_xK_the-open-network6QU.png,960106334,"{""the-open-network"":""EQC7js8NLX3v57ZuRmuusNtMSBdki4va_qyL7sAwdmosf_xK""}",18
abrdn-physical-palladium-shares-etf-ondo-tokenized-stocks,PALLON,abrdn Physical Palladium Shares ETF (Ondo Tokenized ETF),abrdn-physical-palladium-shares-etf-ondo-tokenized-stocks,abrdn-physical-palladium-shares-etf-ondo-tokenized-stocks9yu.png,4168,"{""ethereum"":""0x0ce36d199bd6851788e03392568849394cbde722"",""binance_smart"":""0x3fcd741646a9790635b938cdb69af5df356cbaab"",""solana"":""P7hTXnKk2d2DyqWnefp5BSroE1qjjKpKxg9SxQqondo"",""hyperevm"":""0x5ff6e08a0bdbc1ff11004ffb62b7ac7cdcf101bd""}",18
0xc40629464351c37c1e1f47b3640ea2e7aec31ea5_ethereum,HTS,Home3,home3,home3Tnp.png,96500000,"{""ethereum"":""0xc40629464351c37c1e1f47b3640ea2e7aec31ea5""}",18
raven-protocol,RAVEN,Raven Protocol,raven-protocol,raven-protocolNQQ.png,10000000000,"{""binance"":""RAVEN-F66"",""binance_smart"":""0xcd7c5025753a49f1881b31c48caa7c517bb46308""}",18
jarvis-reward-token,JRT,Jarvis Reward,jarvis-reward-token,jarvis-reward-tokenMWC.png,565000000,"{""ethereum"":""0x8a9c67fee641579deba04928c4bc45f66e26343a"",""polygon-pos"":""0x596ebe76e2db4470966ea395b0d063ac6197a8c5"",""binance_smart"":""0x414f9e74ba3a9d0acce65182809492f41ac671e0"",""arbitrum-one"":""0x6aa395f06986ea4efe0a4630c7865c1eb08d5e7e"",""optimistic-ethereum"":""0x15e770b95edd73fd96b02ece0266247d50895e76""}",18
2JVEVXoRsskapZ8T56MjMNJq6Dk3feEUYSRmzkkipump_solana,RONIN,RONIN,ronin-2,ronin-2knz.png,956457487,"{""solana"":""2JVEVXoRsskapZ8T56MjMNJq6Dk3feEUYSRmzkkipump""}",18
nutcoin-meme,NUT,NutCoin,nutcoin-meme,nutcoin-memeImj.png,21000000000000,"{""ethereum"":""0x473f4068073cd5b2ab0e4cc8e146f9edc6fb52cc"",""solana"":""3KkQ3AaMs2nZoKvYzGnh5bwRocAGFFFzDWUR4hLT7JpF"",""arbitrum-one"":""0x8697841b82c71fcbd9e58c15f6de68cd1c63fd02"",""base"":""0x6a9431b9ecce9dde3f7a32391d5b61c5ad11e4a0""}",18
2AEU9yWk3dEGnVwRaKv4div5TarC4dn7axFLyz6zG4Pf_solana,DIS,Distribute.ai,distribute-ai,2AEU9yWk3dEGnVwRaKv4div5TarC4dn7axFLyz6zG4Pf_solana88c.png,999951584,"{""solana"":""2AEU9yWk3dEGnVwRaKv4div5TarC4dn7axFLyz6zG4Pf""}",18
sora-validator-token,VAL,Sora Validator,sora-validator-token,sora-validator-tokenGov.png,100000000,"{""ethereum"":""0xe88f8313e61a97cec1871ee37fbbe2a8bf3ed1e4"",""sora"":""0x0200040000000000000000000000000000000000000000000000000000000000""}",18
0x0000000000000000000000000000000000317609_hedera-hashgraph,GC,GCoin,gcoin,gcoinUVV.png,100000000,"{""hedera-hashgraph"":""0x0000000000000000000000000000000000317609"",""base"":""0x2a6eb279117bfdcc069c3a272cd3911d88635162"",""binance_smart"":""0x1bb2191ff6f49ba1008398bc9fa882db62c878b9""}",18
riot-platforms-ondo-tokenized-stock,RIOTON,Riot Platforms (Ondo Tokenized Stock),riot-platforms-ondo-tokenized-stock,riot-platforms-ondo-tokenized-stockrlV.png,22284,"{""ethereum"":""0x21deafd91116fce9fe87c8f15bde03f99a309b72"",""binance_smart"":""0xc4a88a72b848255fd24da3c1ad6755d980535fb1"",""solana"":""i6f3DvZBuLpnGSqS8x6WPeStJ7jNe5KewD6afD5ondo""}",18
luna-inu,LINU,Luna Inu,luna-inu,luna-inuVuk.png,1000000000000000,"{""ethereum"":""0x78132543d8e20d2417d8a07d9ae199d458a0d581""}",18
shibinhood,WOOF,Shibinhood,shibinhood,shibinhoodwrf.png,1000000000000,"{""robinhood"":""0xe15db7c8547a0add11eb26a700246cca08aefce5""}",18
ionq-ondo-tokenized,IONQON,IonQ (Ondo Tokenized),ionq-ondo-tokenized,ionq-ondo-tokenizedGA2.png,10017,"{""ethereum"":""0x2f2e4b09b99fbf018f600e031aafd9da6347cc75"",""binance_smart"":""0x40d8e1fbaf69173c47fa493feb50a84eec6b57ee"",""solana"":""DDZQijTbaSd3Kas1r1bgCnHPayk8vTP8SfZWp5Tondo""}",18
ember-gold,EXAU,Ember Gold,ember-gold,ember-goldK5T.png,105.5516,"{""canton-network"":""ember-gold::1220ad9c097ae75192b4716854fa413aa8582c86a62b16714663cdab55e025cc79c4""}",18
roai-scalper,ROAI,ROAI Scalper,roai-scalper,roai-scalperFbE.png,100000000,"{""ethereum"":""0x11a2bf09f5b97689e6038f2b67ed9995d4042ac6""}",18
0x1337bedc9d22ecbe766df105c9623922a27963ec_xdai,X3CRV,Curve.fi wxDAI/USDC/USDT,curve-fi-wxdai-usdc-usdt,curve-fi-wxdai-usdc-usdtfCH.png,432745,"{""xdai"":""0x1337bedc9d22ecbe766df105c9623922a27963ec""}",18
b20,B20,B20,b20,b20itr.png,10000000,"{""ethereum"":""0xc4de189abf94c57f396bd4c52ab13b954febefd8""}",18
mommy-doge,MOMMYDOGE,Mommy Doge,mommy-doge,mommy-dogeFND.png,0,"{""binance_smart"":""0x989b8f0219eb7aa0bed22e24f053eb2b155f4394""}",18
hyperwave-hlp,HWHLP,Hyperwave HLP,hyperwave-hlp,hyperwave-hlpDWr.png,380549,"{""hyperevm"":""0x9fd7466f987fd4c45a5bbde22ed8aba5bc8d72d1""}",18
wanusdc,WANUSDC,Bridged USD Coin (Wanchain),wanusdc,wanusdcu7M.png,434749,"{""wanchain"":""0x52a9cea01c4cbdd669883e41758b8eb8e8e2b34b""}",18
pepe-2-0,PEPE2.0,Pepe 2.0,pepe-2-0,pepe-2-0kKO.png,469000000000000,"{""ethereum"":""0x0305f515fa978cf87226cf8a9776d25bcfb2cc0b""}",18
lunar-lad,LAD,Lunar Lad,lunar-lad,lunar-ladfp7.png,999992094,"{""solana"":""5Kc2PwwPkyvRXC8wHgkVfKwxrMGktRuDpwTgAy1bpump""}",18
forward-industries-bstocks-tokenized-stock,FWDIB,Forward Industries (bStocks Tokenized Stock),forward-industries-bstocks-tokenized-stock,forward-industries-bstocks-tokenized-stock3RM.png,53267,"{""binance_smart"":""0x83f1a739fae6517c4672c5e10c8ea918925eb584""}",18
strikebit-ai,STRIKE,StrikeBit AI,strikebit-ai,strikebit-aiYBa.png,2000000000,"{""binance_smart"":""0x2aa89a0113bcbbcdc5812c6df794e2d9650fc1af""}",18
0x4519cacc591aecc5f8476bebee43b11ffedd7777_binance_smart,THESIS,Thesis AI,thesis-ai,0x4519cacc591aecc5f8476bebee43b11ffedd7777_binance_smartWao.png,1000000000,"{""binance_smart"":""0x4519cacc591aecc5f8476bebee43b11ffedd7777""}",18
kibble,KIBBLE,Kibble,kibble,kibblekeA.png,335930062,"{""base"":""0x64cc19a52f4d631ef5be07947caba14ae00c52eb""}",18
wrapped-iota,WIOTA,Wrapped IOTA,wrapped-iota,wrapped-iota6Ov.png,7946004,"{""iota-evm"":""0x6e47f8d48a01b44df3fff35d258a10a3aedc114c""}",18
0x3bf668fe1ec79a84ca8481cead5dbb30d61cc685_polygon-pos,TELEBTC,teleBTC,telebtc-2,telebtc-2dmr.png,5.2919,"{""polygon-pos"":""0x3bf668fe1ec79a84ca8481cead5dbb30d61cc685"",""binance_smart"":""0xc58c1117da964aebe91fef88f6f5703e79bda574""}",18
2hXQn7nJbh2XFTxvtyKb5mKfnScuoiC1Sm8rnWydpump_solana,BREW,Homebrew Robotics,homebrew-robotics-club,2hXQn7nJbh2XFTxvtyKb5mKfnScuoiC1Sm8rnWydpump_solanahB7.png,1000000000,"{""solana"":""2xpoapWZuP4sRHnAxtXHibe57RhKDLVo7a3a3MEqpump"",""peaq"":""0x7f6c37d043d4c56371ab72f2f7c64d29e5793cdc""}",18
intel-backpack-securities,INTC,Intel (Backpack Securities),intel-backpack-securities,intel-backpack-securitiesAqN.png,3643,"{""solana"":""iNTCy1qTsUEZQe3DSocLz1ZXXai34Gdw8THQh5rxFaF""}",18
optimus-ai,OPTI,Optimus AI,optimus-ai,optimus-ai8tx.png,100000000,"{""ethereum"":""0x562e362876c8aee4744fc2c6aac8394c312d215d""}",18
CQSzJzwW5H1oyWrp6QhfUKYYwyovbSiVDKnAxNfb1tJC_solana,STAN,STAN,stanley-cup-coin,stanley-cup-coinHwp.png,1000000000,"{""solana"":""CQSzJzwW5H1oyWrp6QhfUKYYwyovbSiVDKnAxNfb1tJC""}",18
alf-token,ALF,ALF TOKEN,alf-token,alf-tokenju2.png,68087765025838,"{""ethereum"":""0x0885f91c72a8de62a5349d4c89ca31b4ef650929""}",18
2pouN3by7twkiZGy5aEKYUpf78ALDpKRTNu2WsQkpkqt_solana,BUTT,Buttensor,buttensor-2,buttensor-2fVO.png,998663365,"{""solana"":""2pouN3by7twkiZGy5aEKYUpf78ALDpKRTNu2WsQkpkqt""}",18
antfarm-token,ATF,Antfarm Token,antfarm-token,antfarm-tokenEmA.png,5447590,"{""ethereum"":""0x518b63da813d46556fea041a88b52e3caa8c16a8"",""polygon-zkevm"":""0x40df0c3bbaae5ea3a509d8f2aa9e086776c98e6c"",""avalanche"":""0x8af94528fbe3c4c148523e7aad48bcebcc0a71d7"",""arbitrum-one"":""0xfb9fbcb328317123f5275cda30b6589d5841216b""}",18
yay-stakestone-ether,YAYSTONE,Yay StakeStone Ether,yay-stakestone-ether,yay-stakestone-etherIpp.png,150.8218,"{""ethereum"":""0xe86142af1321eaac4270422081c1eda31eecff0c"",""soneium"":""0x54e86315c03217b76a7466c302245fd10ebef25a""}",18
EfPoo4wWgxKVToit7yX5VtXXBrhao4G8L7vrbKy6pump_solana,DEXTER,Dexter AI,dexter-ai,EfPoo4wWgxKVToit7yX5VtXXBrhao4G8L7vrbKy6pump_solanay8X.png,999885964,"{""solana"":""EfPoo4wWgxKVToit7yX5VtXXBrhao4G8L7vrbKy6pump""}",18
colombian-peso,WCOP,Colombian Peso,colombian-peso,colombian-pesoNbT.png,1380558754,"{""world-chain"":""0x8a1d45e102e886510e891d2ec656a708991e2d76"",""ethereum"":""0x8a1d45e102e886510e891d2ec656a708991e2d76"",""base"":""0x8a1d45e102e886510e891d2ec656a708991e2d76"",""polygon-pos"":""0x8a1d45e102e886510e891d2ec656a708991e2d76"",""binance_smart"":""0x8a1d45e102e886510e891d2ec656a708991e2d76"",""xdai"":""0x8a1d45e102e886510e891d2ec656a708991e2d76"",""celo"":""0x8a1d45e102e886510e891d2ec656a708991e2d76"",""hyperevm"":""0x8a1d45e102e886510e891d2ec656a708991e2d76""}",18
0xf1b266c11f68bc936f218ad20712c4feb3e61e18_robinhood,OPEN,OPEN,open,open2tS.png,1000000000,"{""robinhood"":""0xf1b266c11f68bc936f218ad20712c4feb3e61e18""}",18
vistra-ondo-tokenized,VSTON,Vistra (Ondo Tokenized),vistra-ondo-tokenized,vistra-ondo-tokenizedfuL.png,2957,"{""ethereum"":""0xf1573edddb75bf7ce165f142a17ed6b5e7f5aa13"",""binance_smart"":""0xf2c24c47805f4f72d3919c8674bfdd401505794b"",""solana"":""h6MW8GFpfzxFa1JNn6hZNnBF3t4fj9SHAXKy6LXondo""}",18
zaro-coin,ZARO,ZARO Coin,zaro-coin,zaro-coinu3x.png,1000000000,"{""ethereum"":""0xc311fd6da9686507f33991543d8158ef5fadd5e7"",""binance_smart"":""0xa9d72f6c1490647df20e8fad3c136ca6ac42c2fc"",""solana"":""AbzXS6NfGvCtg5B1rqZ1JSfoDHkwTAeEYJkWkHhCe38W"",""base"":""0x1d4cea73e212829d06b9a774d2e06be9dee5aab0""}",18
satoshai,SAI,SatoshAI,satoshai,satoshaiZlR.png,2100000000,"{""stacks"":""SP3M31QFF6S96215K4Y2Z9K5SGHJN384NV6YM6VM8.satoshai""}",18
diamond-nutted-chads,DNC,Diamond Nutted Chads,diamond-nutted-chads,diamond-nutted-chads0As.png,955010389,"{""solana"":""42HsffEQoHqWoeiffksYayC75fQDxaoUdMBzmeXdpump""}",18
0x2f6c17fa9f9bc3600346ab4e48c0701e1d5962ae_base,FARTCOIN,Based Fartcoin,based-fartcoin,0x2f6c17fa9f9bc3600346ab4e48c0701e1d5962ae_basem4J.png,100000000000,"{""base"":""0x2f6c17fa9f9bc3600346ab4e48c0701e1d5962ae""}",18
gamestop-ondo-tokenized-stock,GMEON,GameStop (Ondo Tokenized Stock),gamestop-ondo-tokenized-stock,gamestop-ondo-tokenized-stockVzn.png,16744,"{""ethereum"":""0x71d24baeb0a033ec5f90ff65c4210545af378d97"",""binance_smart"":""0xdabb9aff4cf02f26d2014e4ca9f94ac6fe6572a3"",""solana"":""aznKt8v32CwYMEcTcB4bGTv8DXWStCpHrcCtyy7ondo""}",18
rivian-automotive-robinhood-tokenized-stock,RIVN,Rivian Automotive • Robinhood Token,rivian-automotive-robinhood-tokenized-stock,rivian-automotive-robinhood-tokenized-stockNxY.png,29813,"{""robinhood"":""0xb1bf26c1d20ff267a4f93550d1e0d06ac40a114b""}",18
madHpjRn6bd8t78Rsy7NuSuNwWa2HU8ByPobZprHbHv_solana,MAD,MAD,mad-2,madHpjRn6bd8t78Rsy7NuSuNwWa2HU8ByPobZprHbHv_solanaSre.png,999833437555,"{""solana"":""madHpjRn6bd8t78Rsy7NuSuNwWa2HU8ByPobZprHbHv""}",18
alongside-crypto-market-index,AMKT,Alongside Crypto Market Index,alongside-crypto-market-index,alongside-crypto-market-indexfJs.png,2021,"{""ethereum"":""0xf17a3fe536f8f7847f1385ec1bc967b2ca9cae8d"",""polygon-pos"":""0xb87904db461005fc716a6bf9f2d451c33b10b80b"",""arbitrum-one"":""0x498c620c7c91c6eba2e3cd5485383f41613b7eb6"",""optimistic-ethereum"":""0xc27d9bc194a648fe3069955a5126699c4e49351c"",""base"":""0x13f4196cc779275888440b3000ae533bbbbc3166""}",18
coinbase-global-inc-st0x,WTCOIN,Coinbase Global Inc ST0x,coinbase-global-inc-st0x,coinbase-global-inc-st0xIQ7.png,2298,"{""base"":""0x5cda0e1ca4ce2af96315f7f8963c85399c172204""}",18
any-inu,AI,Any Inu,any-inu,any-inuMbr.png,420690000000,"{""ethereum"":""0x2598c30330d5771ae9f983979209486ae26de875"",""solana"":""ACeWC77UeW2DBZMe7YBsuXoxLvk4dHMnPzneApau1Au6"",""binance_smart"":""0x2598c30330d5771ae9f983979209486ae26de875"",""arbitrum-one"":""0x2598c30330d5771ae9f983979209486ae26de875"",""base"":""0x2598c30330d5771ae9f983979209486ae26de875"",""fantom"":""0x2598c30330d5771ae9f983979209486ae26de875"",""avalanche"":""0x2598c30330d5771ae9f983979209486ae26de875"",""optimistic-ethereum"":""0x2598c30330d5771ae9f983979209486ae26de875"",""blast"":""0x764933fbad8f5d04ccd088602096655c2ed9879f"",""polygon-pos"":""0x2598c30330d5771ae9f983979209486ae26de875""}",18
strata-senior-mm1-usd,SRMM1-USD,Strata Senior mM1-USD,strata-senior-mm1-usd,strata-senior-mm1-usdhJJ.png,414802,"{""ethereum"":""0xcced21d609cac4a272d0c01a8ff4de9cebc40d60""}",18
0xaa5751ff3fb61e613993b2eb4eab1fce017081fc_robinhood,HYDX,HyperDex,hyperdex,hyperdex81s.png,1000000000,"{""robinhood"":""0xaa5751ff3fb61e613993b2eb4eab1fce017081fc""}",18
mode-bridged-usdc-mode,USDC,Mode Bridged USDC (Mode),mode-bridged-usdc-mode,mode-bridged-usdc-modeAtN.png,422147,"{""mode"":""0xd988097fb8612cc24eec14542bc03424c656005f""}",18
skol,$SKOL,Skol,skol,skolZzt.png,10000000,"{""ethereum"":""0xb369daca21ee035312176eb8cf9d88ce97e0aa95"",""pulsechain"":""0x791367770e068208104fc1b5c1e15f3f5f4d143d"",""solana"":""3F4aTvvQBdtWj672kNYRenMtMG4jwQE63redg2cN4tCm"",""binance_smart"":""0xe406281569308b8dced15e95894052272900e332""}",18
0x6444c6c2d527d85ea97032da9a7504d6d1448ecf_base,R1,Ratio1,ratio1,0x6444c6c2d527d85ea97032da9a7504d6d1448ecf_base9nV.png,4595760,"{""base"":""0x6444c6c2d527d85ea97032da9a7504d6d1448ecf""}",18
celer-bridged-weth-astar,WETH,Celer Bridged WETH (Astar),celer-bridged-weth-astar,celer-bridged-weth-astarARW.png,157.0211,"{""astar"":""0x81ecac0d6be0550a00ff064a4f9dd2400585fe9c""}",18
almanak,ALMANAK,Almanak,almanak,almanakt4b.png,1000000000,"{""mantle"":""0xdefa1d21c5f1cbeac00eeb54b44c7d86467cc3a3"",""ethereum"":""0xdefa1d21c5f1cbeac00eeb54b44c7d86467cc3a3"",""base"":""0xdefa1d21c5f1cbeac00eeb54b44c7d86467cc3a3"",""binance_smart"":""0xdefa1d21c5f1cbeac00eeb54b44c7d86467cc3a3"",""arbitrum-one"":""0xdefa1d21c5f1cbeac00eeb54b44c7d86467cc3a3""}",18
0x0086cff0c1e5d17b19f5bcd4c8840a5b4251d959_base,ODAI,ODEI AI,odei,0x0086cff0c1e5d17b19f5bcd4c8840a5b4251d959_base2oY.png,99873672448,"{""base"":""0x0086cff0c1e5d17b19f5bcd4c8840a5b4251d959""}",18
0xe49a1c3033ecc6b804bc423021d3f71f1a3e0f9b_robinhood,WIF,RobinWifHat,robinwifhat,robinwifhatTRy.png,1000000000,"{""robinhood"":""0xe49a1c3033ecc6b804bc423021d3f71f1a3e0f9b""}",18
FViMp5phQH2bX81S7Yyn1yXjj3BRddFBNcMCbTH8FCze_solana,$TOAD,Toad (SOL),toad-sol,toad-solYzT.png,420683973288005,"{""solana"":""FViMp5phQH2bX81S7Yyn1yXjj3BRddFBNcMCbTH8FCze""}",18
crossfi-2,XFI,CrossFi,crossfi-2,crossfi-2nKq.png,378432000,,
5mbK36SZ7J19An8jFochhQS4of8g6BwUjbeCSxBSoWdp_solana,$MICHI,michi [OLD],michicoin,michicoinaap.png,555770695,"{""solana"":""5mbK36SZ7J19An8jFochhQS4of8g6BwUjbeCSxBSoWdp""}",18
flamengo-fan-token,MENGO,Flamengo Fan Token,flamengo-fan-token,flamengo-fan-tokenLhb.png,30000000,"{""chiliz"":""0xbff8fabb04f6494fe393eb7416a698869569a310"",""solana"":""Hf5terE5YuL2e8um8398r6vbsiNcfvwggwUAssgAxeF3"",""base"":""0x8269c9930791b0f3339519ab742eb08413beb335""}",18
wrapped-ehmnd,WEHMND,Wrapped eHMND (eHMND),wrapped-ehmnd,wrapped-ehmndESt.png,400000000,"{""humanode"":""0x0000000000000000000000000000000000000802"",""arbitrum-one"":""0x0c3ff025aacfa2670420f1d4cb593dd2a0a0383e""}",18
Ab1sTFNv2tV5DX1XpriwNehXgiJhdq2RQ5LtD5BXpump_solana,DOPAMEME,dopameme,dopameme-2,dopameme-2UHR.png,917399117,"{""solana"":""Ab1sTFNv2tV5DX1XpriwNehXgiJhdq2RQ5LtD5BXpump"",""robinhood"":""0x2e8e2dbf58b5f141f9a3d04dba0812b416574e83""}",18
nDZknLvfFRp5rgUHdzTrQsmSY5NKzoavqdLjSHVpump_solana,COLLECT,GoCollect,gocollect,gocollectRC0.png,989411794,"{""solana"":""nDZknLvfFRp5rgUHdzTrQsmSY5NKzoavqdLjSHVpump""}",18
0xf7894d31d569e6330592d346ecfefdf4257f3ec1_robinhood,SABLE,Sable Network,sable-network-2,sable-network-2FRc.png,935000000,"{""robinhood"":""0xf7894d31d569e6330592d346ecfefdf4257f3ec1""}",18
0x507b6f349a80114097a67b8b4677367acc15b220_robinhood,PAR,par,par,0x507b6f349a80114097a67b8b4677367acc15b220_robinhoodePs.png,946400692,"{""robinhood"":""0x507b6f349a80114097a67b8b4677367acc15b220""}",18
0xa241395adcdf456f6dc04d1bc02b18e6f4c4052c_robinhood,ROBINPEPE,Robin Pepe,robin-pepe,robin-pepebCh.png,1000000000,"{""robinhood"":""0xa241395adcdf456f6dc04d1bc02b18e6f4c4052c""}",18
humanode,HMND,Humanode,humanode,humanodeBOO.png,400000000,"{""humanode"":""HMND""}",18
gaia-3,GAIA,Gaia,gaia-3,gaia-375A.png,1000000000,"{""ethereum"":""0x2ee7097bfdd98fce2ac08a1896038a7cd9aaed81"",""binance_smart"":""0xd715cc968c288740028be20685263f43ed1e4837"",""base"":""0x6fbf03efa4363ca0afe0c9c3906f7d610890b683""}",18
lululemon-robinhood-tokenized-stock,LULU,Lululemon • Robinhood Token,lululemon-robinhood-tokenized-stock,lululemon-robinhood-tokenized-stockiwg.png,4443,"{""robinhood"":""0x4e62068525ab11fe768e29dfd00ef909b9803016""}",18
wicrypt,WNT,Wicrypt,wicrypt,wicryptrZ9.png,200000000,"{""polygon-pos"":""0x82a0e6c02b91ec9f6ff943c0a933c03dbaa19689"",""arbitrum-one"":""0xad4b9c1fbf4923061814dd9d5732eb703faa53d4""}",18
8H5yfL1GoDETLDaLYZzrgQuZs37eiKJjdfP21b6ypump_solana,SAAR,SAAR,saar,saarrBB.png,942104804,"{""solana"":""8H5yfL1GoDETLDaLYZzrgQuZs37eiKJjdfP21b6ypump""}",18
everton-fan-token,EFC,Everton Fan Token,everton-fan-token,everton-fan-tokenzb0.png,10000000,"{""chiliz"":""0xa84e55c2464563441cb4114372df8d5aca49fc83"",""solana"":""HomA6eCphSyYBEPEEGj8xtjehstxj1B6xE46A78HFPAb"",""base"":""0xbb8157c24e1aefa3d98120357286b9fc5f75ca53""}",18
dolan-duck,DOLAN,Dolan Duck,dolan-duck,dolan-duck5nt.png,98221856,"{""solana"":""4YK1njyeCkBuXG6phNtidJWKCbBhB659iwGkUJx98P5Z""}",18
three-kingdoms-2,3KDS,Three Kingdoms,three-kingdoms-2,three-kingdoms-2xwb.png,1000000000,"{""binance_smart"":""0x490153b338c2469e21c55e4ff88bdcfadac68141""}",18
mner-club,LTMNER,Mner Club,mner-club,mner-clubrK4.png,915910,"{""binance_smart"":""0xf3b3f0971f4c7a06740b653557566446919a4098""}",18
bananacat,BCAT,BananaCat,bananacat,bananacatqAC.png,944521723,"{""ethereum"":""0x0590cc9232ebf68d81f6707a119898219342ecb9""}",18
rizo34MUwbCBqpSTSfnEktdWB4CTByqqYh8zBxL3WAR_solana,RIZO,HahaYes,hahayes,rizo34MUwbCBqpSTSfnEktdWB4CTByqqYh8zBxL3WAR_solananAp.png,420690000000,"{""solana"":""rizo34MUwbCBqpSTSfnEktdWB4CTByqqYh8zBxL3WAR""}",18
0x4c89364f18ecc562165820989549022e64ec2ed2_ethereum,SAIKO,SAIKO INU,saiko-inu,0x4c89364f18ecc562165820989549022e64ec2ed2_ethereum9N7.png,1000000000000,"{""ethereum"":""0x4c89364f18ecc562165820989549022e64ec2ed2""}",18
usdfi,USDFI,USDFI,usdfi,usdfiaTf.png,1000000,"{""binance_smart"":""0xc9f5955f6da20e44a068f3d58fb2404f56f9a6f2"",""arbitrum-one"":""0x249c48e22e95514ca975de31f473f30c2f3c0916"",""ethereum"":""0xa7a0b3fe94121e366d774d60d075f6386f750884""}",18
haio,HAIO,HAiO,haio,haioHPO.png,999984847,"{""solana"":""haioZJAWTMaR4SFhZRwFBBejnGDPiwLTqrDiKpwH31h""}",18
0xf3525965a4ad3ca0ac13f4d2f237113691194444_binance_smart,熊猫头,熊猫头 (Panda Head),panda-head,0xf3525965a4ad3ca0ac13f4d2f237113691194444_binance_smartDom.png,1000000000,"{""binance_smart"":""0xf3525965a4ad3ca0ac13f4d2f237113691194444""}",18
wrapped-neverland-ausd,WNAUSD,Wrapped Neverland AUSD,wrapped-neverland-ausd,wrapped-neverland-ausdrfc.png,414949,"{""monad"":""0x82c370ba90e38ef6acd8b1b078d34fd86fc6bac9""}",18
izumi-finance,IZI,iZUMi Finance,izumi-finance,izumi-financeIpx.png,2000000000,"{""ethereum"":""0x9ad37205d608b8b219e6a2573f922094cec5c200"",""zksync"":""0x16a9494e257703797d747540f01683952547ee5b"",""scroll"":""0x60d01ec2d5e98ac51c8b4cf84dfcce98d527c747"",""mantle"":""0x60d01ec2d5e98ac51c8b4cf84dfcce98d527c747"",""linea"":""0x60d01ec2d5e98ac51c8b4cf84dfcce98d527c747"",""manta-pacific"":""0x91647632245cabf3d66121f86c387ae0ad295f9a"",""binance_smart"":""0x60d01ec2d5e98ac51c8b4cf84dfcce98d527c747"",""polygon-pos"":""0x60d01ec2d5e98ac51c8b4cf84dfcce98d527c747"",""arbitrum-one"":""0x60d01ec2d5e98ac51c8b4cf84dfcce98d527c747"",""base"":""0x60d01ec2d5e98ac51c8b4cf84dfcce98d527c747""}",18
global-x-copper-miners-xstock,COPXX,Global X Copper Miners xStock,global-x-copper-miners-xstock,global-x-copper-miners-xstockEst.png,1041068,"{""ethereum"":""0x89bab39d627a9e34f0dc782c53457e80ee8fb9d9"",""solana"":""XsybfiKkD4UmjkAGT2uR8X2sq9AWFtvGJM2KTffoALZ"",""the-open-network"":""EQAXN7CnB4F_7QZmTaRzUOIoJU8yr3RgeHQw_CZKkoS7kSsn""}",18
lucrar,LCR,Lucrar,lucrar,lucrarAOj.png,100000000,"{""binance_smart"":""0x1510211e6dc81f5724a1beca33c5ac70dcca6ce0""}",18
5bonacci,BBB,5bonacci,5bonacci,5bonacciGwZ.png,1000000000,"{""memecore"":""0x164b118360e538a840acbff9ed997dede4bdebd8""}",18
wrapped-tac,WTAC,Wrapped TAC,wrapped-tac,wrapped-tac8S1.png,239459905,"{""tac"":""0xb63b9f0eb4a6e6f191529d71d4d88cc8900df2c9""}",18
0x684618c70480a70637692a51a3a9398dfd7ab0f5_robinhood,GTR,gtr.trade,gtr-trade,0x684618c70480a70637692a51a3a9398dfd7ab0f5_robinhoodewg.png,1000000000,"{""robinhood"":""0x684618c70480a70637692a51a3a9398dfd7ab0f5""}",18
fat-cat,FATCAT,FAT CAT,fat-cat,fat-catz6B.png,850000000000,"{""binance_smart"":""0x55493e35e33fcf811571707ac5bf1dbcb658bafc""}",18
CNvitvFnSM5ed6K28RUNSaAjqqz5tX1rA5HgaBN9pump_solana,FRED,First Convicted RACCON,first-convicted-raccon,CNvitvFnSM5ed6K28RUNSaAjqqz5tX1rA5HgaBN9pump_solana7l9.png,999843303,"{""solana"":""CNvitvFnSM5ed6K28RUNSaAjqqz5tX1rA5HgaBN9pump""}",18
wagmi-game-2,WAGMIGAMES,WAGMI Games,wagmi-game-2,wagmi-game-20b4.png,2200000000000,"{""ethereum"":""0x3b604747ad1720c01ded0455728b62c0d2f100f0""}",18
galaconnect-bridged-usdt-galachain,GUSDT,GalaConnect Bridged USDT (GalaChain),galaconnect-bridged-usdt-galachain,galaconnect-bridged-usdt-galachainrYV.png,38305063,"{""galachain"":""ze7u8PKTsDRC8ju5SYHmYjoGaRS""}",18
levana-protocol,LVN,Levana,levana-protocol,levana-protocolSUm.png,1000000000,"{""injective"":""ibc/4971C5E4786D5995EC7EF894FCFA9CF2E127E95D5D53A982F6A062F3F410EDB8"",""sei-network"":""sei1l7vh7xhu0fgttmfryg8cevwur95h4rpucyute9mdcdlttxa0x9nq5rler6"",""osmosis"":""factory/osmo1mlng7pz4pnyxtpq0akfwall37czyk9lukaucsrn30ameplhhshtqdvfm5c/ulvn"",""archway"":""ibc/6A9571DE6A3F60D7703C3290E2944E806C15A47C1EA6D4AFCD3AE4DC8AF080B1"",""neutron"":""ibc/4971C5E4786D5995EC7EF894FCFA9CF2E127E95D5D53A982F6A062F3F410EDB8"",""terra-2"":""ibc/4971C5E4786D5995EC7EF894FCFA9CF2E127E95D5D53A982F6A062F3F410EDB8""}",18
0xe485e2f1bab389c08721b291f6b59780fec83fd7_ethereum,SHU,Shutter,shutter,shutterzLO.png,1000000000,"{""ethereum"":""0xe485e2f1bab389c08721b291f6b59780fec83fd7"",""base"":""0x6774dfc16e1d9b6ce5b0aec4ffed37a0daef0602"",""xdai"":""0x8ccd277cc638e7e17f8100ce583cbcef42007dca"",""optimistic-ethereum"":""0xaf1d71bf947709315655514467d5158e5d3046d5""}",18
lady-marian,MARIAN,Lady Marian,lady-marian,lady-marianYxS.png,1000000000,"{""robinhood"":""0x01637b14b7378b99de75a64d50656d98488d9a4d""}",18
sSL6JinMaeG11UunQkKfaB2W5JYGLCCiSztLMLepump_solana,SOLT,SolTrust,soltrust,soltrustvKP.png,999999807,"{""solana"":""sSL6JinMaeG11UunQkKfaB2W5JYGLCCiSztLMLepump""}",18
0xde04da55b74435d7b9f2c5c62d9f1b53929b09aa_binance_smart,AICELL,AICell,aicell,0xde04da55b74435d7b9f2c5c62d9f1b53929b09aa_binance_smart9gm.png,1000000000,"{""binance_smart"":""0xde04da55b74435d7b9f2c5c62d9f1b53929b09aa""}",18
overnight-fi-usd-base,USD+,Overnight.fi USD+ (Base),overnight-fi-usd-base,overnight-fi-usd-base92V.png,407697,"{""base"":""0xb79dd08ea68a908a97220c76d19a6aa9cbde4376""}",18
angryb,ANB,Angryb,angryb,angrybKTa.png,777700000000,"{""ethereum"":""0x2c9aceb63181cd08a093d052ec041e191f229692""}",18
applovin-ondo-tokenized-stock,APPON,AppLovin (Ondo Tokenized Stock),applovin-ondo-tokenized-stock,applovin-ondo-tokenized-stocksJT.png,1518,"{""ethereum"":""0xd5c5b2883735fa9b658dd52e2fcc8d7c0f1a42ce"",""binance_smart"":""0xedb3124e96c64c177eb709cbc64f9977db40ea74"",""solana"":""14Z8rQQe2Aza33YgEUmj3g3QGNz8DXLiFPuCnsD1ondo""}",18
babb,BAX,BABB,babb,babble1.png,80000000000,"{""ethereum"":""0xf920e4f3fbef5b3ad0a25017514b769bdc4ac135""}",18
goztepe-s-k-fan-token,GOZ,Göztepe S.K. Fan Token,goztepe-s-k-fan-token,goztepe-s-k-fan-tokenEnl.png,7000000,"{""chiliz"":""0x6ba1fb0dadaeb34ea24eb31d416805abe8921448"",""solana"":""HC3jUdgy3r66RPc9hbAq6ia88ARChVPcdxDkCmQJELtt"",""base"":""0xec133b2984f7e96cf578abe78f532463c859981f""}",18
bifi,BIFI,BiFi,bifi,bifiZOC.png,1000000000,"{""ethereum"":""0x2791bfd60d232150bff86b39b7146c0eaaa2ba81"",""fantom"":""0xad260f380c9a30b1d60e4548a75010ede630b665""}",18
bitscrunch-token,BCUT,bitsCrunch Token,bitscrunch-token,bitscrunch-tokenlTU.png,1000000000,"{""ethereum"":""0xbef26bd568e421d6708cca55ad6e35f8bfa0c406"",""polygon-pos"":""0x3fb83a9a2c4408909c058b0bfe5b4823f54fafe2""}",18
0xd5bf43f29bf7aa5bb42ae9e217b84b86eb7a4b94_robinhood,LOCK,HoodLock,hoodlock,hoodlockn5u.png,1000000000,"{""robinhood"":""0xd5bf43f29bf7aa5bb42ae9e217b84b86eb7a4b94""}",18
drop-social,DROPS,Drop Social,drop-social,drop-socialIPp.png,100000000,"{""binance_smart"":""0xff0e7232c902d96b57cc99e52c1056acdd64bd5c""}",18
CBdCxKo9QavR9hfShgpEBG3zekorAeD7W1jfq2o3pump_solana,LUCE,Luce,offcial-mascot-of-the-holy-year,CBdCxKo9QavR9hfShgpEBG3zekorAeD7W1jfq2o3pump_solanaLI4.png,999849106,"{""solana"":""CBdCxKo9QavR9hfShgpEBG3zekorAeD7W1jfq2o3pump""}",18
shikoku,SHIK,Shikoku,shikoku,shikoku2yt.png,945922483193353,"{""ethereum"":""0x24da31e7bb182cb2cabfef1d88db19c2ae1f5572""}",18
amber-xstock,AMBRX,Amber xStock,amber-xstock,amber-xstockggu.png,54479016,"{""solana"":""XsaQTCgebC2KPbf27KUhdv5JFvHhQ4GDAPURwrEhAzb"",""arbitrum-one"":""0x2f9a35ab5ddfbc49927bfdeab98a86c53dc6e763"",""binance_smart"":""0x2f9a35ab5ddfbc49927bfdeab98a86c53dc6e763"",""ethereum"":""0x2f9a35ab5ddfbc49927bfdeab98a86c53dc6e763""}",18
pandapump,PPUMP,PandaPump,pandapump,pandapumpNNC.png,4630143868,"{""base"":""0xf34c48caddceba57b55b5bd3a14aec4bfe699d14""}",18
nikepig,NIKEPIG,Nikepig,nikepig,nikepigEzb.png,899717800,"{""cardano"":""c881c20e49dbaca3ff6cef365969354150983230c39520b917f5cf7c4e696b65""}",18
0xc9bca88b04581699fab5aa276ccaff7df957cbbf_ethereum,VISTA,Ethervista,ethervista,0xc9bca88b04581699fab5aa276ccaff7df957cbbf_ethereumyuN.png,936184,"{""ethereum"":""0xc9bca88b04581699fab5aa276ccaff7df957cbbf""}",18
0xff5d99a5c16cf2ffb4e7da1d7c42a791e70e4444_binance_smart,1,Ucan fix life in1day,ucan-fix-life-in1day,ucan-fix-life-in1dayn72.png,1000000000,"{""binance_smart"":""0xff5d99a5c16cf2ffb4e7da1d7c42a791e70e4444""}",18
deputy-dawgs,DDAWGS,Deputy Dawgs,deputy-dawgs,deputy-dawgs8cg.png,313000000000,"{""ethereum"":""0x19f78a898f3e3c2f40c6e0cd2ee5545f549d5e99""}",18
minted,MTD,Minted,minted,mintedQDR.png,999999989,"{""ethereum"":""0x809e130e10e787139c54e1d12d3d1971b7a675bf"",""cronos"":""0x0224010ba2d567ffa014222ed960d1fa43b8c8e1""}",18
sevilla-fan-token,SEVILLA,Sevilla Fan Token,sevilla-fan-token,sevilla-fan-tokenpmH.png,10000000,"{""chiliz"":""0xa584cca6a5c46ead6ff8ef3beb8fac76364c36cb"",""solana"":""DQxhAK6riCdWuYSHUaHxvZbEs7hCGtPfeXxCzn8fp4jo"",""base"":""0x6720c4b50ad199400b920a741321c31576d84021""}",18
0x7c1156e515aa1a2e851674120074968c905aaf37_ethereum,LVLUSD,Level USD,level-usd,level-usduQF.png,403650,"{""ethereum"":""0x7c1156e515aa1a2e851674120074968c905aaf37""}",18
0xd6fde6a3fc6ab2d83b2be58383944ca1bade1e18_robinhood,CATGPT,CATGPT,catgpt-3,catgpt-3w6T.png,1000000000,"{""robinhood"":""0xd6fde6a3fc6ab2d83b2be58383944ca1bade1e18""}",18
binstarter,BSR,BinStarter,binstarter,binstarteraG3.png,100000000,"{""binance_smart"":""0x5ce12f6d9f2fcaf0b11494a1c39e09eeb16ca7e8""}",18
kittenswap,KITTEN,Kittenswap,kittenswap,kittenswapNND.png,2081938274,"{""hyperevm"":""0x618275f8efe54c2afa87bfb9f210a52f0ff89364""}",18
DEHoLKtoFGvLZeA29jsUHxS14MZhjokD52SABiMfBAGS_solana,ORY,Orynth,orynth,DEHoLKtoFGvLZeA29jsUHxS14MZhjokD52SABiMfBAGS_solanafM9.png,998897330,"{""solana"":""FBaQqJAuYkuKQpAcDuHtuupSPpqi33fbTxKXSjLDQory""}",18
ring-usd,USDR,Ring USD,ring-usd,ring-usdH9J.png,100400000,"{""ethereum"":""0x4ea40dcee961675683e0a2e1721bd49cb9bca913""}",18
revuto,REVU,Revuto,revuto,revutoXdu.png,280125000,"{""cardano"":""94cbb4fcbcaa2975779f273b263eb3b5f24a9951e446d6dc4c13586452455655""}",18
0x6d0f5047704ca09d73c946612dc98ef62561fd5c_robinhood,DUEL,PromptDuel,promptduel,promptduel5VB.png,871340899,"{""robinhood"":""0x6d0f5047704ca09d73c946612dc98ef62561fd5c""}",18
0x76887cb94cf29ec539b3219ba62104be04f26a5c_ethereum,NITRO,Nitro,nitro-2,0x76887cb94cf29ec539b3219ba62104be04f26a5c_ethereumWqM.png,420000000000,"{""ethereum"":""0x76887cb94cf29ec539b3219ba62104be04f26a5c""}",18
3WPep4ufaToK1aS5s8BL9inzeUrt4DYaQCiic6ZkkC1U_solana,GIKO,Giko Cat,giko-cat,giko-catM72.png,9998170,"{""solana"":""3WPep4ufaToK1aS5s8BL9inzeUrt4DYaQCiic6ZkkC1U""}",18
polkafoundry,PKF,Red Kite,polkafoundry,polkafoundryqwg.png,200000000,"{""ethereum"":""0x8b39b70e39aa811b69365398e0aace9bee238aeb""}",18
western-digital-ondo-tokenized,WDCON,Western Digital (Ondo Tokenized),western-digital-ondo-tokenized,western-digital-ondo-tokenizednHf.png,966.6766,"{""ethereum"":""0x44e89d34601b8d0155e16634d2553ef7f54dbab2"",""binance_smart"":""0xceb29848d04ad3cb46e1fe8e45b82ffac39d797d"",""solana"":""FLqH2jB2DZPJP5nnVFAakRKaNTcDZtq71Pnpp6Aondo""}",18
0xcef8db49e456f872e288e1c042f916e9ced7c781_base,MAG7,Reserve Magnificent 7 DTF,reserve-magnificent-7-dtf,reserve-magnificent-7-dtfFaw.png,3749,"{""base"":""0xcef8db49e456f872e288e1c042f916e9ced7c781""}",18
gLEXZ2kAfuYkpeeSzrEMbakiNeqAAZ3TsKiY9Can8pE_solana,SPARQ,TheContentForge,thecontentforge,thecontentforgeJDT.png,996798295,"{""solana"":""gLEXZ2kAfuYkpeeSzrEMbakiNeqAAZ3TsKiY9Can8pE""}",18
safemoon-inu,SMI,SafeMoon Inu,safemoon-inu,safemoon-inu3Ml.png,1000000000000,"{""ethereum"":""0xcd7492db29e2ab436e819b249452ee1bbdf52214""}",18
0xcacb0e9caccee63ec4d82952e561a291c68bcb68_robinhood,GG,Golden Goose,golden-goose-2,golden-goose-2ICz.png,1000000000,"{""robinhood"":""0xcacb0e9caccee63ec4d82952e561a291c68bcb68""}",18
baby-shark-tank,BASHTANK,Baby Shark Tank,baby-shark-tank,baby-shark-tankhSW.png,1000000000000000,"{""binance_smart"":""0x484312a0aaeae3ae36a74ff3e294246f35dddf4f""}",18
EQBYnUrIlwBrWqp_rl-VxeSBvTR2VmTfC4ManQ657n_BUILD_the-open-network,BUILD,BUILD,build-4,build-4ogs.png,100000000,"{""the-open-network"":""EQBYnUrIlwBrWqp_rl-VxeSBvTR2VmTfC4ManQ657n_BUILD""}",18
western-digital-rstock,RWDC,Western Digital Tokenized Stock (Reality),western-digital-rstock,western-digital-rstockXuu.png,970.3326,"{""arbitrum-one"":""0x2f3842aec3c1e3ee6b505b1d5a7f9b794989b6bd"",""morph-l2"":""0x09b8cd9a29503efcaf7c840f32d99242c57b0893""}",18
decapitaltoken,DCT,decapitaltoken,decapitaltoken,decapitaltoken8Pj.png,3242408,"{""binance_smart"":""0x56f46bd073e9978eb6984c0c3e5c661407c3a447""}",18
FU1q8vJpZNUrmqsciSjp8bAKKidGsLmouB8CBdf8TKQv_solana,TREMP,Doland Tremp,donald-tremp,donald-trempgIB.png,99950244,"{""solana"":""FU1q8vJpZNUrmqsciSjp8bAKKidGsLmouB8CBdf8TKQv""}",18
grape-2-2,GRP,Grape,grape-2-2,grape-2-2e18.png,10000000,"{""ethereum"":""0xec70ff4a5b09110e4d20ada4f2db4a86ec61fac6""}",18
C9dJfTGUzhuqPWxh9mcDr66JZN4uzXh2gh9EWnEdpump_solana,WAR,WAR,war-2,war-2M48.png,999984414,"{""solana"":""C9dJfTGUzhuqPWxh9mcDr66JZN4uzXh2gh9EWnEdpump""}",18
omnicat,OMNI,OmniCat,omnicat,omnicatCQp.png,45505187737,"{""ethereum"":""0x9e20461bc2c4c980f62f1b279d71734207a6a356"",""arbitrum-one"":""0x9e20461bc2c4c980f62f1b279d71734207a6a356"",""binance_smart"":""0x9e20461bc2c4c980f62f1b279d71734207a6a356"",""base"":""0xc48e605c7b722a57277e087a6170b9e227e5ac0a"",""canto"":""0x9e20461bc2c4c980f62f1b279d71734207a6a356"",""polygon-pos"":""0x9e20461bc2c4c980f62f1b279d71734207a6a356"",""solana"":""7mmXL6Et4SbpDs2iXoZQ3oPEeXeAiyETxh1QjDNi5qnV"",""blast"":""0x9e20461bc2c4c980f62f1b279d71734207a6a356""}",18
sigma-3,SIGMA,SIGMA,sigma-3,sigma-37fz.png,79486868363,"{""xrp"":""5349474D41000000000000000000000000000000.rfKYWZ84fm9eVEdoTcsQCo1WdqMPyaUF5z""}",18
multichain-bridged-weth-fantom,WETH,Multichain Bridged WETH (Fantom),multichain-bridged-weth-fantom,multichain-bridged-weth-fantomjMs.png,26787,"{""fantom"":""0x74b23882a30290451a17c44f4f05243b6b58c76d""}",18
CWX6t6pGJ1zsnuywnyd2ZMZJ7inB2sWuPdsteoT6pump_solana,ETF500,Elon Trump Fart,elon-trump-fart,CWX6t6pGJ1zsnuywnyd2ZMZJ7inB2sWuPdsteoT6pump_solanaRnp.png,999866009,"{""solana"":""CWX6t6pGJ1zsnuywnyd2ZMZJ7inB2sWuPdsteoT6pump""}",18
0x2cc7a972ebc1865b346085655f929abfa74cd4dc_ethereum,SHIFU,Shifu,shifu,0x2cc7a972ebc1865b346085655f929abfa74cd4dc_ethereumdto.png,100000000000,"{""ethereum"":""0x2cc7a972ebc1865b346085655f929abfa74cd4dc""}",18
9DHe3pycTuymFk4H4bbPoAJ4hQrr2kaLDF6J6aAKpump_solana,BUZZ,Hive AI,hive-ai,9DHe3pycTuymFk4H4bbPoAJ4hQrr2kaLDF6J6aAKpump_solanaLqt.png,999676338,"{""solana"":""9DHe3pycTuymFk4H4bbPoAJ4hQrr2kaLDF6J6aAKpump""}",18
HeLp6NuQkmYB4pYWo2zYs22mESHXPQYzXbB8n4V98jwC_solana,AI16Z,ai16z,ai16z,HeLp6NuQkmYB4pYWo2zYs22mESHXPQYzXbB8n4V98jwC_solanaY9n.png,1099880533,"{""solana"":""HeLp6NuQkmYB4pYWo2zYs22mESHXPQYzXbB8n4V98jwC""}",18
xcredi,XCREDI,xCREDI,xcredi,xcrediWmZ.png,26000000,"{""ethereum"":""0x3bbfb303842dd4a76da4c927be644e9cf3170afd""}",18
restaked-savax,RSAVAX,Restaked sAVAX,restaked-savax,restaked-savaxasM.png,28361,"{""avalanche"":""0xdf788ad40181894da035b827cdf55c523bf52f67""}",18
9WPTUkh8fKuCnepRWoPYLH3aK9gSjPHFDenBq2X1Czdp_solana,SELFIE,SelfieDogCoin,selfiedogcoin,selfiedogcoinBDb.png,999665736,"{""solana"":""9WPTUkh8fKuCnepRWoPYLH3aK9gSjPHFDenBq2X1Czdp""}",18
arth,ARTH,ARTH,arth,arthZE1.png,439909,"{""ethereum"":""0x8cc0f052fff7ead7f2edcccac895502e884a8a71"",""polygon-pos"":""0xe52509181feb30eb4979e29ec70d50fd5c44d590"",""binance_smart"":""0x85dab10c3ba20148ca60c2eb955e1f8ffe9eaa79"",""arbitrum-one"":""0x5441695f4445e40900b4c4b0fb3ed2b9e51601a6""}",18
lam-research-rstock,RLRCX,Lam Research Tokenized Stock (Reality),lam-research-rstock,lam-research-rstockRwd.png,1142,"{""arbitrum-one"":""0x87735529ab74fabffc02c9007a8df26f73f3b59d"",""morph-l2"":""0xbc22ff4aaf077407e99a6171625cb8fc2a66fe66""}",18
blend,BLND,Blend,blend,blendtWa.png,67140850,"{""stellar"":""BLND-GDJEHTBE6ZHUXSWFI642DCGLUOECLHPF3KSXHPXTSTJ7E3JF6MQ5EZYY""}",18
survivor-2,SURVIVOR,Survivor,survivor-2,survivor-2aZn.png,9999545,"{""starknet"":""0x042dd777885ad2c116be96d4d634abc90a26a790ffb5871e037dd5ae7d2ec86b""}",18
NKEda5nHhNGgjrE9nDdMvaEmkmJ96qqxzBVZEcKmjSg_solana,NKE,NIKE (Backpack Securities),nike-backpack-securities,nike-backpack-securitieswmE.png,10933,"{""solana"":""NKEda5nHhNGgjrE9nDdMvaEmkmJ96qqxzBVZEcKmjSg""}",18
0x4da3916d3ae6feece32ec8a2c4856d4abeb41bfd_robinhood,SCROOGE,SCROOGE,scrooge-2,0x4da3916d3ae6feece32ec8a2c4856d4abeb41bfd_robinhooddas.png,981097252,"{""robinhood"":""0x4da3916d3ae6feece32ec8a2c4856d4abeb41bfd""}",18
little-ugly-duck,LUD,Little Ugly Duck,little-ugly-duck,little-ugly-duckZa8.png,0,"{""binance_smart"":""0xde009cb3371825bafb80a01004c58f8166ee13d5""}",18
EhHyfjRwj2jhmSE7GW5uJfizaLcNDa5C4HWPiSqjpump_solana,LOA,Law Of Attraction,law-of-attraction-3,law-of-attraction-3p9K.png,999948096,"{""solana"":""EhHyfjRwj2jhmSE7GW5uJfizaLcNDa5C4HWPiSqjpump""}",18
acala,ACA,Acala,acala,acalaPPh.png,1600000000,,
0xe88419a3fc78364cfe3de88080ee4853fab754c6_base,ROBA,ROBA,roba,robaHNm.png,1000000000,"{""base"":""0xe88419a3fc78364cfe3de88080ee4853fab754c6""}",18
0x60edd303679c3923b628c8f02ce0be69e96deb1d_robinhood,BOURSE,BOURSE,bourse,0x60edd303679c3923b628c8f02ce0be69e96deb1d_robinhoodJYb.png,100000,"{""robinhood"":""0x60edd303679c3923b628c8f02ce0be69e96deb1d""}",18
0x9c27c4072738cf4b7b0b7071af0ad5666bddc096_binance_smart,NIANNIAN,NianNian,nianian,0x9c27c4072738cf4b7b0b7071af0ad5666bddc096_binance_smartu0t.png,910589954,"{""binance_smart"":""0x9c27c4072738cf4b7b0b7071af0ad5666bddc096""}",18
niao,NIAO,NIAO,niao,niaox0n.png,2100000000000000,"{""binance_smart"":""0xde6e12bdb2062dc48b409f0086219464a0c317a0""}",18
0x8dd524a86195a6ef95304e7f0dd9c405a2e78859_base,SAGE,Sage by Virtuals,sage,sagevOt.png,1000000000,"{""base"":""0x8dd524a86195a6ef95304e7f0dd9c405a2e78859""}",18
scamfari,SCM,ScamFari,scamfari,scamfari3Q1.png,100000000000,"{""ethereum"":""0x8353b92201f19b4812eee32efd325f7ede123718"",""linea"":""0x13a7f090d46c74acba98c51786a5c46ed9a474f0"",""aurora"":""0xe3ff873c1e104118ec83310e39aafde17d18005d""}",18
bread-3,BREAD,Bread,bread-3,bread-31YM.png,393710,"{""xdai"":""0xa555d5344f6fb6c65da19e403cb4c1ec4a1a5ee3""}",18
B6h248NJkAcBAkaCnji889a26tCiGXGN8cxhEJ4dX391_solana,WATER,WATER Coin,water-coin,water-coinXCg.png,73111061995,"{""solana"":""B6h248NJkAcBAkaCnji889a26tCiGXGN8cxhEJ4dX391""}",18
befe,BEFE,BEFE,befe,befelv2.png,100000000000,"{""binance_smart"":""0x57185189118c7e786cafd5c71f35b16012fa95ad""}",18
0xa3de1dda14e4b3ce2eee2f8c1e49315effc15be2_arc,ARCLIGHT,Arclight Finance,arclight-finance,arclight-financeCg2.png,1000000000,"{""arc"":""0xa3de1dda14e4b3ce2eee2f8c1e49315effc15be2""}",18
galaxy-digital-ondo-tokenized,GLXYON,Galaxy Digital (Ondo Tokenized),galaxy-digital-ondo-tokenized,galaxy-digital-ondo-tokenizedAmD.png,16961,"{""ethereum"":""0xe668e08a6f5792cef0e63e9d98524968fdb5882f"",""binance_smart"":""0xf98b89825233808cd37706a53d2b4ae3e359d442"",""solana"":""CkWmEM2J79k6AjAwyQVHXteFucAL1zQrKLxLqJHondo""}",18
2oQNkePakuPbHzrVVkQ875WHeewLHCd2cAwfwiLQbonk_solana,AOL,America's Official Launchpad,america-s-official-launchpad,2oQNkePakuPbHzrVVkQ875WHeewLHCd2cAwfwiLQbonk_solanamDc.png,999122999,"{""solana"":""2oQNkePakuPbHzrVVkQ875WHeewLHCd2cAwfwiLQbonk"",""glue"":""0x461da3759fdb8f0b7b0aca8a0a48a91daaaddf27""}",18
carrot-2,CRT,Carrot,carrot-2,carrot-2sUT.png,6525,"{""solana"":""CRTx1JouZhzSU6XytsE42UQraoGqiHgxabocVfARTy2s""}",18
atlas-navi,NAVI,Atlas Navi,atlas-navi,atlas-navi79d.png,300000000,"{""ethereum"":""0xfc1c93a2507975e98b9d0e9260ded61a00152bf1""}",18
sweep-token,SWEEP,Sweep Token,sweep-token,sweep-tokenRuE.png,0,"{""binance_smart"":""0x09c704c1eb9245af48f058878e72129557a10f04""}",18
meter,MTRG,Meter Governance,meter,meterZdt.png,0,"{""meter"":""0x228ebbee999c6a7ad74a6130e81b12f9fe237ba3"",""binance_smart"":""0xbd2949f67dcdc549c6ebe98696449fa79d988a9f"",""theta"":""0xbd2949f67dcdc549c6ebe98696449fa79d988a9f""}",18
1rus-dao,1RUSD,1RUS DAO,1rus-dao,1rus-dao7Xt.png,8000000000,"{""the-open-network"":""EQBT2Ee4Lx5w9uI7oMly5upXNs3ABWL_Fwk1uiM74gZCGaYt""}",18
0x00e961176d3aec6af8b2004d4c389ff6f34d6f3d_binance_smart,属羊联盟,属羊联盟,0x00e961176d3aec6af8b2004d4c389ff6f34d6f3d_binance_smart,.png,1000000000,"{""binance_smart"":""0x00e961176d3aec6af8b2004d4c389ff6f34d6f3d""}",18
B1Kx5fvHH2iEuSFXTEDUzhMVw2q5Vtud1qMWy52cpump_solana,MICRO,Microcat,B1Kx5fvHH2iEuSFXTEDUzhMVw2q5Vtud1qMWy52cpump_solana,mic.png,985916440,"{""solana"":""B1Kx5fvHH2iEuSFXTEDUzhMVw2q5Vtud1qMWy52cpump""}",18
0xa20adee840473b4da6881d64fb43b8086a0dde63_binance_smart,🌙BNB,🌙BNB Mega,0xa20adee840473b4da6881d64fb43b8086a0dde63_binance_smart,bnb.png,1000000000,"{""binance_smart"":""0xa20adee840473b4da6881d64fb43b8086a0dde63""}",18
8kztxfoxV29YccrhVFJgyidv8WecZxhLWBLiQhbM1YJ7_solana,TPAD,Telepad,8kztxfoxV29YccrhVFJgyidv8WecZxhLWBLiQhbM1YJ7_solana,tpa.png,1000000000,"{""solana"":""8kztxfoxV29YccrhVFJgyidv8WecZxhLWBLiQhbM1YJ7""}",18
0xd04b9cc20225708443ff4e4f93d8b18c3c9d6c41_binance_smart,SM,Stonks Moon,0xd04b9cc20225708443ff4e4f93d8b18c3c9d6c41_binance_smart,sm.png,1000000000,"{""binance_smart"":""0xd04b9cc20225708443ff4e4f93d8b18c3c9d6c41""}",18
7NghCD7MpFFFbA6s725mFgsUhC6tZxR3PixSeEdATR1k_solana,中国人能飞火箭,中国人能飞火箭,7NghCD7MpFFFbA6s725mFgsUhC6tZxR3PixSeEdATR1k_solana,.png,1000000000,"{""solana"":""7NghCD7MpFFFbA6s725mFgsUhC6tZxR3PixSeEdATR1k""}",18
0xb027bf3082f33b16d109144e828fa9189d2be2a6_binance_smart,TRU🐲,TrumpSuper🐲,0xb027bf3082f33b16d109144e828fa9189d2be2a6_binance_smart,tru.png,1000000000,"{""binance_smart"":""0xb027bf3082f33b16d109144e828fa9189d2be2a6""}",18
0x833153ecb2c183702907e1142317a707137af954_robinhood,hkrs,hookers,0x833153ecb2c183702907e1142317a707137af954_robinhood,0x833153ecb2c183702907e1142317a707137af954_robinhoodWOD.png,1000000000,"{""robinhood"":""0x833153ecb2c183702907e1142317a707137af954""}",18
8LiHzg5e9kLyWqK7J4hdgz4mB9NBttEMR7k7LoPJwhiZ_solana,QQ,QQ,8LiHzg5e9kLyWqK7J4hdgz4mB9NBttEMR7k7LoPJwhiZ_solana,qq.png,1000000000,"{""solana"":""8LiHzg5e9kLyWqK7J4hdgz4mB9NBttEMR7k7LoPJwhiZ""}",18
udPEzBjbGMzYZbuLtByqLYhc4TEs6EebG8R7fwdpump_solana,TEXTIT,TEXTIT,udPEzBjbGMzYZbuLtByqLYhc4TEs6EebG8R7fwdpump_solana,tex.png,990922599,"{""solana"":""udPEzBjbGMzYZbuLtByqLYhc4TEs6EebG8R7fwdpump""}",18
0x45f23d8f08fa7d2c8ad6f0d23e7c4aa6fc686925_robinhood,BUSTO,BUSTO,0x45f23d8f08fa7d2c8ad6f0d23e7c4aa6fc686925_robinhood,bus.png,1000000000,"{""robinhood"":""0x45f23d8f08fa7d2c8ad6f0d23e7c4aa6fc686925""}",18
0xa19cb4c1cc02252861c9caa9b823cce18e13789d_ethereum,fwENA,Few Wrapped ENA,0xa19cb4c1cc02252861c9caa9b823cce18e13789d_ethereum,fwe.png,1240207,"{""ethereum"":""0xa19cb4c1cc02252861c9caa9b823cce18e13789d""}",18
0x21283fece254bfb7c48c22bdc1a1db7ad0e162e7_ethereum,GLAMDOG,Glamdog Coin,0x21283fece254bfb7c48c22bdc1a1db7ad0e162e7_ethereum,gla.png,100000000,"{""ethereum"":""0x21283fece254bfb7c48c22bdc1a1db7ad0e162e7""}",18
0x8a9b7eeff83947cb98ae67e461cd7f038864a393_binance_smart,STA,StarBrett,0x8a9b7eeff83947cb98ae67e461cd7f038864a393_binance_smart,sta.png,1000000000,"{""binance_smart"":""0x8a9b7eeff83947cb98ae67e461cd7f038864a393""}",18
0xbb013e206aa2f36f6d0b434653fab0a45d667777_binance_smart,🙈,The Three Wise Monkeys,0xbb013e206aa2f36f6d0b434653fab0a45d667777_binance_smart,.png,1000000000,"{""binance_smart"":""0xbb013e206aa2f36f6d0b434653fab0a45d667777""}",18
0x4e90644586a9fc7778d6c80374fc0c80fb77f908_binance_smart,STAR,Star,0x4e90644586a9fc7778d6c80374fc0c80fb77f908_binance_smart,sta.png,1000000000,"{""binance_smart"":""0x4e90644586a9fc7778d6c80374fc0c80fb77f908""}",18
0x7a5009127fb7c594ee2aacfb9c16e972f7809e5a_robinhood,CERTIC,CERTICOS,0x7a5009127fb7c594ee2aacfb9c16e972f7809e5a_robinhood,cer.png,100000000000,"{""robinhood"":""0x7a5009127fb7c594ee2aacfb9c16e972f7809e5a""}",18
HiaxZsEB2nCcr5pneRJNivHHfYYomPjzMybMLHuFkvac_solana,PI,Pump Inu,HiaxZsEB2nCcr5pneRJNivHHfYYomPjzMybMLHuFkvac_solana,pi.png,1000000000,"{""solana"":""HiaxZsEB2nCcr5pneRJNivHHfYYomPjzMybMLHuFkvac""}",18
0x202d7f1e98b51d76cc402ab4e168e5e327df0599_binance_smart,PEP,Pepe,0x202d7f1e98b51d76cc402ab4e168e5e327df0599_binance_smart,pep.png,1000000000,"{""binance_smart"":""0x202d7f1e98b51d76cc402ab4e168e5e327df0599""}",18
5H24yKCPePzKk9EbUQX6w1u2c8QXiXEaoK14n1N3ESPi_solana,BNC,BNB Standard Corporation,5H24yKCPePzKk9EbUQX6w1u2c8QXiXEaoK14n1N3ESPi_solana,bnc.png,1000000000,"{""solana"":""5H24yKCPePzKk9EbUQX6w1u2c8QXiXEaoK14n1N3ESPi""}",18
Ks5NmZzs1EjikLKYNxcHQDZLbKMcmyNNJJEE57t9Pbq_solana,SNOWMOON,snowmoon,Ks5NmZzs1EjikLKYNxcHQDZLbKMcmyNNJJEE57t9Pbq_solana,sno.png,1000000000,"{""solana"":""Ks5NmZzs1EjikLKYNxcHQDZLbKMcmyNNJJEE57t9Pbq""}",18
0x97bd0a18c0ec446be224d8f7b25a53f81795ecdb_binance_smart,💯生肖,💯生肖,0x97bd0a18c0ec446be224d8f7b25a53f81795ecdb_binance_smart,.png,1000000000,"{""binance_smart"":""0x97bd0a18c0ec446be224d8f7b25a53f81795ecdb""}",18
9w2dXDKxQbHcAG8XdHaNKgLaBof4hhaiiUG7v2QBpump_solana,ConConAI,ConConAI,9w2dXDKxQbHcAG8XdHaNKgLaBof4hhaiiUG7v2QBpump_solana,con.png,1000000000,"{""solana"":""9w2dXDKxQbHcAG8XdHaNKgLaBof4hhaiiUG7v2QBpump""}",18
0x6db6dcf8ae8cafbcd5b93d794665a97eb9efa85d_robinhood,ALAMAYO,Alamayo Pier,0x6db6dcf8ae8cafbcd5b93d794665a97eb9efa85d_robinhood,0x6db6dcf8ae8cafbcd5b93d794665a97eb9efa85d_robinhoodhgg.png,1000000000,"{""robinhood"":""0x6db6dcf8ae8cafbcd5b93d794665a97eb9efa85d""}",18
0xb0df6379ba1692841965a0745ac1bd3046d79ba3_base,ATBASH,ATBASH,0xb0df6379ba1692841965a0745ac1bd3046d79ba3_base,atb.png,100000000000,"{""base"":""0xb0df6379ba1692841965a0745ac1bd3046d79ba3""}",18
0xa7e3119a35fa9a5dcf2cdf8bfae91195bcfb15df_binance_smart,CV🐰,ChineseCoin V2🐰,0xa7e3119a35fa9a5dcf2cdf8bfae91195bcfb15df_binance_smart,cv.png,1000000000,"{""binance_smart"":""0xa7e3119a35fa9a5dcf2cdf8bfae91195bcfb15df""}",18
HXxJdaQbrYRvwTAM8M8mUPyoRPvmyuUbPFBRkiAAMASS_solana,Ansemmas,Ansemmas,HXxJdaQbrYRvwTAM8M8mUPyoRPvmyuUbPFBRkiAAMASS_solana,ans.png,967248046,"{""solana"":""HXxJdaQbrYRvwTAM8M8mUPyoRPvmyuUbPFBRkiAAMASS""}",18
0x0d22e7541d02779c648be139797d32c46dfda870_robinhood,HERNE,Herne The Hunter,0x0d22e7541d02779c648be139797d32c46dfda870_robinhood,her.png,100000000,"{""robinhood"":""0x0d22e7541d02779c648be139797d32c46dfda870""}",18
0x146cb7571f22645e35bc74af060c0e6f2763fb02_binance_smart,⚡BRIN,⚡BringBear,0x146cb7571f22645e35bc74af060c0e6f2763fb02_binance_smart,bri.png,1000000000,"{""binance_smart"":""0x146cb7571f22645e35bc74af060c0e6f2763fb02""}",18
0x46dbb74030ec1112655627d707f94b677104b129_binance_smart,BS,BNB Satoshi,0x46dbb74030ec1112655627d707f94b677104b129_binance_smart,bs.png,1000000000,"{""binance_smart"":""0x46dbb74030ec1112655627d707f94b677104b129""}",18
0xbc80e37c868cf0fd2c72f09dac1bebbc78a968e4_robinhood,FI,Flywheel Inu,0xbc80e37c868cf0fd2c72f09dac1bebbc78a968e4_robinhood,fi.png,1000000000,"{""robinhood"":""0xbc80e37c868cf0fd2c72f09dac1bebbc78a968e4""}",18
6rMdTCwcc9SnrRxD1nEnH59cGmARfDXysHfn4D22xYfh_solana,CURVE,CURVE,6rMdTCwcc9SnrRxD1nEnH59cGmARfDXysHfn4D22xYfh_solana,cur.png,1000000000,"{""solana"":""6rMdTCwcc9SnrRxD1nEnH59cGmARfDXysHfn4D22xYfh""}",18
0x0e73172ca6390fb0e16a8a0a3f9bca1113b336ae_robinhood,FORESKIN,foreskin,0x0e73172ca6390fb0e16a8a0a3f9bca1113b336ae_robinhood,0x0e73172ca6390fb0e16a8a0a3f9bca1113b336ae_robinhoodPVr.png,1000000000,"{""robinhood"":""0x0e73172ca6390fb0e16a8a0a3f9bca1113b336ae""}",18
0xdce15944706cacc34326f4cfd10a9b8253126f3c_robinhood,zc,zipcoin,0xdce15944706cacc34326f4cfd10a9b8253126f3c_robinhood,zc.png,1000000000,"{""robinhood"":""0xdce15944706cacc34326f4cfd10a9b8253126f3c""}",18
12cb5enJvDk7Spov6RvPdz1kLGyAszXVN8yPko398Xxi_solana,AQUA,Aqua,12cb5enJvDk7Spov6RvPdz1kLGyAszXVN8yPko398Xxi_solana,aqu.png,100000000000,"{""solana"":""12cb5enJvDk7Spov6RvPdz1kLGyAszXVN8yPko398Xxi""}",18
eth_yvcurve-saave_0xb4d1be44bff40ad6e506edf43156577a3f8672ec,yvCurve-sAave,Curve sAave Pool yVault,eth_yvcurve-saave_0xb4d1be44bff40ad6e506edf43156577a3f8672ec,yvc.png,243928.11831823268,"{""ethereum"":""0xb4d1be44bff40ad6e506edf43156577a3f8672ec""}",18
0xeb58659fffda68a867625161c596be6dea1202ea_binance_smart,❤️MEGA,❤️MegaBSC,0xeb58659fffda68a867625161c596be6dea1202ea_binance_smart,meg.png,1000000000,"{""binance_smart"":""0xeb58659fffda68a867625161c596be6dea1202ea""}",18
0xceb79daee588e5062748aecc1d5981867c701ead_binance_smart,🍜本命年,🍜本命年,0xceb79daee588e5062748aecc1d5981867c701ead_binance_smart,.png,1000000000,"{""binance_smart"":""0xceb79daee588e5062748aecc1d5981867c701ead""}",18
2ktCbpQcyGLfCf6rvzFRW3yC9yB6EiJHqSCa4GxYWJA5_solana,zmr,zmr,2ktCbpQcyGLfCf6rvzFRW3yC9yB6EiJHqSCa4GxYWJA5_solana,zmr.png,1000000000,"{""solana"":""2ktCbpQcyGLfCf6rvzFRW3yC9yB6EiJHqSCa4GxYWJA5""}",18
0xaf9590b176dbab0eaf2e69fbac36a671a385b473_robinhood,INVOKER,Invoker DAO,0xaf9590b176dbab0eaf2e69fbac36a671a385b473_robinhood,inv.png,3000000000,"{""robinhood"":""0xaf9590b176dbab0eaf2e69fbac36a671a385b473""}",18
Hy1LfQLL4zLQihmiQKZm7DQzXm5K8aVSfKtdHFYXbKMm_solana,AMBA,Amoeba Farm,Hy1LfQLL4zLQihmiQKZm7DQzXm5K8aVSfKtdHFYXbKMm_solana,amb.png,1000000000,"{""solana"":""Hy1LfQLL4zLQihmiQKZm7DQzXm5K8aVSfKtdHFYXbKMm""}",18
skDGuSDyKYGbYTWnMCNcPeDd4vHUxAsMNVVxxUfpump_solana,ADA,ADA,skDGuSDyKYGbYTWnMCNcPeDd4vHUxAsMNVVxxUfpump_solana,ada.png,1000000000,"{""solana"":""skDGuSDyKYGbYTWnMCNcPeDd4vHUxAsMNVVxxUfpump""}",18
4WPn1oGVE7rza6PjFJwYpEXZn6qtjwxEKkCV9EtAxhUU_solana,BOT,Dot.com,4WPn1oGVE7rza6PjFJwYpEXZn6qtjwxEKkCV9EtAxhUU_solana,bot.png,999993848,"{""solana"":""4WPn1oGVE7rza6PjFJwYpEXZn6qtjwxEKkCV9EtAxhUU""}",18
0x761b286304a11bd34eb77bb222540e23998fbf8b_binance_smart,MR,Mars Real,0x761b286304a11bd34eb77bb222540e23998fbf8b_binance_smart,mr.png,1000000000,"{""binance_smart"":""0x761b286304a11bd34eb77bb222540e23998fbf8b""}",18
0xb462a5039a540883508ee37b5cf3999647557ba3_base,ATLAS,Field Atlas,0xb462a5039a540883508ee37b5cf3999647557ba3_base,atl.png,100000000000,"{""base"":""0xb462a5039a540883508ee37b5cf3999647557ba3""}",18
0x4e26057ed35384fc317139b8f56c9803b3e29d24_robinhood,CASHED,Cashed Money,0x4e26057ed35384fc317139b8f56c9803b3e29d24_robinhood,cas.png,100000000000,"{""robinhood"":""0x4e26057ed35384fc317139b8f56c9803b3e29d24""}",18
4nqtYbkDPDx4U9Q4GN6dhdQMJbjDmcjVHAuhvXPxU3DS_solana,GM,GREEN MORNING,4nqtYbkDPDx4U9Q4GN6dhdQMJbjDmcjVHAuhvXPxU3DS_solana,gm.png,1000000001,"{""solana"":""4nqtYbkDPDx4U9Q4GN6dhdQMJbjDmcjVHAuhvXPxU3DS""}",18
ByMFzH3smrpfx2XvQYKTWBFnBFppmbDvRcRMwa6pzKT_solana,CALI,CALI,ByMFzH3smrpfx2XvQYKTWBFnBFppmbDvRcRMwa6pzKT_solana,cal.png,100000000000,"{""solana"":""ByMFzH3smrpfx2XvQYKTWBFnBFppmbDvRcRMwa6pzKT""}",18
0x9405e83ac39548f3517679a1e1a7d693492ffe4f_robinhood,LLMA,LLAMA,0x9405e83ac39548f3517679a1e1a7d693492ffe4f_robinhood,llm.png,1000000000,"{""robinhood"":""0x9405e83ac39548f3517679a1e1a7d693492ffe4f""}",18
0xe99d4365a5da0f7a3919fc1fe37ece79bdb16eda_robinhood,DSSx,"DSS, Inc. Token",0xe99d4365a5da0f7a3919fc1fe37ece79bdb16eda_robinhood,dss.png,450000,"{""robinhood"":""0xe99d4365a5da0f7a3919fc1fe37ece79bdb16eda""}",18
0x113f5c181237ecea75574bf4d6f06f8dd3d81ce1_ethereum,ODYSSEY,Odyssey,0x113f5c181237ecea75574bf4d6f06f8dd3d81ce1_ethereum,ody.png,50000000,"{""ethereum"":""0x113f5c181237ecea75574bf4d6f06f8dd3d81ce1""}",18
0xd126277ec08534b7b439212ba8067170cc6c7777_binance_smart,MIZZLE,Mizzle,0xd126277ec08534b7b439212ba8067170cc6c7777_binance_smart,miz.png,1000000000,"{""binance_smart"":""0xd126277ec08534b7b439212ba8067170cc6c7777""}",18
21rKrtBzibPAZHAHQRzGiGDSh7XimCKB2a8VgsjZpump_solana,CHUD,ChudTheBuilder,21rKrtBzibPAZHAHQRzGiGDSh7XimCKB2a8VgsjZpump_solana,chu.png,1000000000,"{""solana"":""21rKrtBzibPAZHAHQRzGiGDSh7XimCKB2a8VgsjZpump""}",18
0x7184288cc33d81869ac0a52babe63eb956914caa_binance_smart,🔥BAN,🔥BankRocket,0x7184288cc33d81869ac0a52babe63eb956914caa_binance_smart,ban.png,1000000000,"{""binance_smart"":""0x7184288cc33d81869ac0a52babe63eb956914caa""}",18
0x36e3b12cb6b40d41531229364202df0539f60bb5_binance_smart,💯CV,💯ChadSilly V2,0x36e3b12cb6b40d41531229364202df0539f60bb5_binance_smart,cv.png,1000000000,"{""binance_smart"":""0x36e3b12cb6b40d41531229364202df0539f60bb5""}",18
2Frr9ca2FX1Xa8CiKFmXGo7fYvVuDVfjwyEJoBRKHqp6_solana,PEXRA,PexraFun,2Frr9ca2FX1Xa8CiKFmXGo7fYvVuDVfjwyEJoBRKHqp6_solana,pex.png,1000000000,"{""solana"":""2Frr9ca2FX1Xa8CiKFmXGo7fYvVuDVfjwyEJoBRKHqp6""}",18
0x2fe1a6ad178d6d67b441980241b5e15795704ac8_robinhood,RUG,RUG COIN,0x2fe1a6ad178d6d67b441980241b5e15795704ac8_robinhood,rug.png,1000000000,"{""robinhood"":""0x2fe1a6ad178d6d67b441980241b5e15795704ac8""}",18
0x062824dfb2245b675d9ea6c4d5e4ae3cb02b2d31_robinhood,HVLT,HoodVault,0x062824dfb2245b675d9ea6c4d5e4ae3cb02b2d31_robinhood,hvl.png,5000000000,"{""robinhood"":""0x062824dfb2245b675d9ea6c4d5e4ae3cb02b2d31""}",18
L1NDYkXzdVm5VYNC58SUuZJWKkGfg3RQGaAfxSQQar6_solana,LINDY,LINDY,L1NDYkXzdVm5VYNC58SUuZJWKkGfg3RQGaAfxSQQar6_solana,lin.png,1000000000,"{""solana"":""L1NDYkXzdVm5VYNC58SUuZJWKkGfg3RQGaAfxSQQar6""}",18
0x37e803aee4d4ec9288f6776fc2cc82cbd9687168_ethereum,$SM,Star Mind,0x37e803aee4d4ec9288f6776fc2cc82cbd9687168_ethereum,sm.png,1000000000000,"{""ethereum"":""0x37e803aee4d4ec9288f6776fc2cc82cbd9687168""}",18
E62aVH5rJZZuwKoDCxispmen9MtR9M55NmwwcoDJaAcN_solana,葵花宝典,葵花宝典,E62aVH5rJZZuwKoDCxispmen9MtR9M55NmwwcoDJaAcN_solana,.png,1000000000,"{""solana"":""E62aVH5rJZZuwKoDCxispmen9MtR9M55NmwwcoDJaAcN""}",18
AHraYBsaturotpCAWDLw7pUznpEkBi4zCyJUjRHg1gbn_solana,币安日子,币安日子,AHraYBsaturotpCAWDLw7pUznpEkBi4zCyJUjRHg1gbn_solana,.png,1000000000,"{""solana"":""AHraYBsaturotpCAWDLw7pUznpEkBi4zCyJUjRHg1gbn""}",18
HrZh7koZFedTSHng4bVmhULwejpmVdSKUYxaf2N5im1b_solana,CATOSHI,Catoshi Rush,HrZh7koZFedTSHng4bVmhULwejpmVdSKUYxaf2N5im1b_solana,cat.png,1000000000,"{""solana"":""HrZh7koZFedTSHng4bVmhULwejpmVdSKUYxaf2N5im1b""}",18
AjNxvx9NXFKKKgWfjKL6YYvnJxaBkesxYis89nDV4Via_solana,SI,Super Inu,AjNxvx9NXFKKKgWfjKL6YYvnJxaBkesxYis89nDV4Via_solana,si.png,1000000000,"{""solana"":""AjNxvx9NXFKKKgWfjKL6YYvnJxaBkesxYis89nDV4Via""}",18
Bh8CKUjJWFN6TNQ6o9J7c8hkx69EYkwSJiRvrs6hKfUW_solana,DIT,Dead Internet Theory,Bh8CKUjJWFN6TNQ6o9J7c8hkx69EYkwSJiRvrs6hKfUW_solana,dit.png,1000000000,"{""solana"":""Bh8CKUjJWFN6TNQ6o9J7c8hkx69EYkwSJiRvrs6hKfUW""}",18
0x7a6e3ff412bdedfbfdacf585bbeae8094d6ddae7_robinhood,ROBINCAT,ROBINCAT,0x7a6e3ff412bdedfbfdacf585bbeae8094d6ddae7_robinhood,rob.png,1000000000,"{""robinhood"":""0x7a6e3ff412bdedfbfdacf585bbeae8094d6ddae7""}",18
C7myQdpSMWtLXPeuzoRoi1YRrD1Ce1iNKwxoeSXzmCUU_solana,Snoopy,Snoopy,C7myQdpSMWtLXPeuzoRoi1YRrD1Ce1iNKwxoeSXzmCUU_solana,sno.png,1000000000,"{""solana"":""C7myQdpSMWtLXPeuzoRoi1YRrD1Ce1iNKwxoeSXzmCUU""}",18
0x0d833440d440b969d51a23d17c9ade5753b548ad_binance_smart,DRAG,Dragon Wojak,0x0d833440d440b969d51a23d17c9ade5753b548ad_binance_smart,dra.png,1000000000,"{""binance_smart"":""0x0d833440d440b969d51a23d17c9ade5753b548ad""}",18
0xfc5d8a84c007966ca6534f50f658e8ec61ec4c0e_robinhood,CRAB,Crab,0xfc5d8a84c007966ca6534f50f658e8ec61ec4c0e_robinhood,cra.png,1000000000,"{""robinhood"":""0xfc5d8a84c007966ca6534f50f658e8ec61ec4c0e""}",18
H8biQnEVHDM1foz22p8jAyRh4CDpytq22DurHCHvpump_solana,ASI,Artificial Super Inu,H8biQnEVHDM1foz22p8jAyRh4CDpytq22DurHCHvpump_solana,asi.png,986634897,"{""solana"":""H8biQnEVHDM1foz22p8jAyRh4CDpytq22DurHCHvpump""}",18
0xac62596841120397dd2727b40ff5810e71307777_binance_smart,TAIGAN,Taigan Coin,0xac62596841120397dd2727b40ff5810e71307777_binance_smart,tai.png,1000000000,"{""binance_smart"":""0xac62596841120397dd2727b40ff5810e71307777""}",18
0x0fe2650ebedb62ae2b209fc43e45862af73e5e58_robinhood,OCTCAT,October Kitty,0x0fe2650ebedb62ae2b209fc43e45862af73e5e58_robinhood,0x0fe2650ebedb62ae2b209fc43e45862af73e5e58_robinhoodkFv.png,100000000000,"{""robinhood"":""0x0fe2650ebedb62ae2b209fc43e45862af73e5e58""}",18
0x5dd3e7a5594f80f039120c57d8d15d7945264f7a_binance_smart,命运,命运,0x5dd3e7a5594f80f039120c57d8d15d7945264f7a_binance_smart,.png,1000000000,"{""binance_smart"":""0x5dd3e7a5594f80f039120c57d8d15d7945264f7a""}",18
7F3qoojCh8VYz55mWJkmttU5Lie4fu257nughZyKrdWW_solana,Jane,I Am Jane Doe,7F3qoojCh8VYz55mWJkmttU5Lie4fu257nughZyKrdWW_solana,jan.png,1000000000,"{""solana"":""7F3qoojCh8VYz55mWJkmttU5Lie4fu257nughZyKrdWW""}",18
Cpe6wbvLshLGmSNGDHUcq6n39i2qLF8kcvduYkQf8mSp_solana,幸运猫,托底升级+幸运奖池,Cpe6wbvLshLGmSNGDHUcq6n39i2qLF8kcvduYkQf8mSp_solana,.png,1000000001,"{""solana"":""Cpe6wbvLshLGmSNGDHUcq6n39i2qLF8kcvduYkQf8mSp""}",18
A9E2AopuG56LWYiXsvGLLTcLjUjQ539PY6k5Fhfepump_solana,KABUTO,Kabuto,A9E2AopuG56LWYiXsvGLLTcLjUjQ539PY6k5Fhfepump_solana,A9E2AopuG56LWYiXsvGLLTcLjUjQ539PY6k5Fhfepump_solanaIa3.png,1000000000,"{""solana"":""A9E2AopuG56LWYiXsvGLLTcLjUjQ539PY6k5Fhfepump""}",18
0x181737585e97af1f20c9bc4f319f3df173bee912_robinhood,ZC,zipcoin,0x181737585e97af1f20c9bc4f319f3df173bee912_robinhood,zc.png,1000000000,"{""robinhood"":""0x181737585e97af1f20c9bc4f319f3df173bee912""}",18
27XVtvjVVwBgZKDfBQfQ3L8TvWvBWCDYL7vBnFtjbdLc_solana,PURRP,purrpetual,27XVtvjVVwBgZKDfBQfQ3L8TvWvBWCDYL7vBnFtjbdLc_solana,pur.png,1000000000,"{""solana"":""27XVtvjVVwBgZKDfBQfQ3L8TvWvBWCDYL7vBnFtjbdLc""}",18
0x0f2f75fae3d4198fed8e5166d86692e30a2cd8bf_binance_smart,BRE,BrettGold,0x0f2f75fae3d4198fed8e5166d86692e30a2cd8bf_binance_smart,bre.png,1000000000,"{""binance_smart"":""0x0f2f75fae3d4198fed8e5166d86692e30a2cd8bf""}",18
0x09b1c18cd3323e98685831b1bb832fa56850badc_binance_smart,币安中秋,币安中秋,0x09b1c18cd3323e98685831b1bb832fa56850badc_binance_smart,.png,1000000000000,"{""binance_smart"":""0x09b1c18cd3323e98685831b1bb832fa56850badc""}",18
0xec7faa28619d3a54cbf1d08976fee504d7aa66e8_binance_smart,BABY,BabySwap 2.0,0xec7faa28619d3a54cbf1d08976fee504d7aa66e8_binance_smart,bab.png,1000000000,"{""binance_smart"":""0xec7faa28619d3a54cbf1d08976fee504d7aa66e8""}",18
0x3890b99cd7cc46611b612ee700b0320d8945eb77_binance_smart,SB,Satoshi Binance,0x3890b99cd7cc46611b612ee700b0320d8945eb77_binance_smart,sb.png,1000000000,"{""binance_smart"":""0x3890b99cd7cc46611b612ee700b0320d8945eb77""}",18
0x3975fdc597a5f5a4dbe48f0dc723813f59bae08a_robinhood,GASLESS,Gasless,0x3975fdc597a5f5a4dbe48f0dc723813f59bae08a_robinhood,gas.png,1000000000,"{""robinhood"":""0x3975fdc597a5f5a4dbe48f0dc723813f59bae08a""}",18
0x44120b1faf8c20ef69d1f779e0eeeedda32e28a0_binance_smart,FV,FARMChain V2,0x44120b1faf8c20ef69d1f779e0eeeedda32e28a0_binance_smart,fv.png,1000000000,"{""binance_smart"":""0x44120b1faf8c20ef69d1f779e0eeeedda32e28a0""}",18
6W8FHYE6jnw1dktabRRiZpQRQFPSFhTeLczdvBNPzVeo_solana,Goku,Goku super saiyan,6W8FHYE6jnw1dktabRRiZpQRQFPSFhTeLczdvBNPzVeo_solana,6W8FHYE6jnw1dktabRRiZpQRQFPSFhTeLczdvBNPzVeo_solanaN4V.png,948100929,"{""solana"":""6W8FHYE6jnw1dktabRRiZpQRQFPSFhTeLczdvBNPzVeo""}",18
J6FF37jjec9EVuNPCfUakm6sc36z6DRpCGRgEodricxy_solana,Orbutt,Orbutt,J6FF37jjec9EVuNPCfUakm6sc36z6DRpCGRgEodricxy_solana,orb.png,1000000000,"{""solana"":""J6FF37jjec9EVuNPCfUakm6sc36z6DRpCGRgEodricxy""}",18
6H6HFmCwiy6h98qPmBdFrfsjvxTQ15bxHvHyXhuPqFLh_solana,GROKTOWN,GrokTown,6H6HFmCwiy6h98qPmBdFrfsjvxTQ15bxHvHyXhuPqFLh_solana,gro.png,1000000000,"{""solana"":""6H6HFmCwiy6h98qPmBdFrfsjvxTQ15bxHvHyXhuPqFLh""}",18
5GDX5fJTQns4arM1J94wjxdA8KXFsV5qW46MLFpHpump_solana,OMNI,OMNI,5GDX5fJTQns4arM1J94wjxdA8KXFsV5qW46MLFpHpump_solana,omn.png,968742425,"{""solana"":""5GDX5fJTQns4arM1J94wjxdA8KXFsV5qW46MLFpHpump""}",18
0xa988f730b999ff7a8215fbecb4481af560694618_binance_smart,金融,金融,0xa988f730b999ff7a8215fbecb4481af560694618_binance_smart,.png,1000000000,"{""binance_smart"":""0xa988f730b999ff7a8215fbecb4481af560694618""}",18
6N8i7bFV2e8sfH9Lbzy8xVJLB3vnD81iktNsDTSKdYqP_solana,SI,Super Inu,6N8i7bFV2e8sfH9Lbzy8xVJLB3vnD81iktNsDTSKdYqP_solana,si.png,1000000000,"{""solana"":""6N8i7bFV2e8sfH9Lbzy8xVJLB3vnD81iktNsDTSKdYqP""}",18
0xdd3df4206fe3c15780300e6baf5e7e3bf753f4a7_binance_smart,属虎币,属虎币,0xdd3df4206fe3c15780300e6baf5e7e3bf753f4a7_binance_smart,.png,1000000000,"{""binance_smart"":""0xdd3df4206fe3c15780300e6baf5e7e3bf753f4a7""}",18
0x12c8fe173c5f73687bc214ee5b875598142fb7cd_binance_smart,BINA,Binance,0x12c8fe173c5f73687bc214ee5b875598142fb7cd_binance_smart,bin.png,1000000000,"{""binance_smart"":""0x12c8fe173c5f73687bc214ee5b875598142fb7cd""}",18
0x9a86bffc3239873dc563c7a0a5da5ad92b1774a1_binance_smart,CATP,CatPirate,0x9a86bffc3239873dc563c7a0a5da5ad92b1774a1_binance_smart,cat.png,1000000000,"{""binance_smart"":""0x9a86bffc3239873dc563c7a0a5da5ad92b1774a1""}",18
0x0fa015035e1cfad30f1e7235473a781d6c4f1c20_binance_smart,BNB,BNB Gang,0x0fa015035e1cfad30f1e7235473a781d6c4f1c20_binance_smart,bnb.png,1000000000,"{""binance_smart"":""0x0fa015035e1cfad30f1e7235473a781d6c4f1c20""}",18
UpBBfyC75u3kxDGWmmmW2yauk9YY3CqZhdt1KUDkids_solana,SHARTCOIN,Shartcoin,UpBBfyC75u3kxDGWmmmW2yauk9YY3CqZhdt1KUDkids_solana,sha.png,992875735,"{""solana"":""UpBBfyC75u3kxDGWmmmW2yauk9YY3CqZhdt1KUDkids""}",18
0x12d70d0aca819c8521c10b1f64610c18ca916787_binance_smart,🪙MG,🪙Money Gold,0x12d70d0aca819c8521c10b1f64610c18ca916787_binance_smart,mg.png,1000000000,"{""binance_smart"":""0x12d70d0aca819c8521c10b1f64610c18ca916787""}",18
0x57abf260f1598e123ce9194bde88e3f186c90286_binance_smart,VIK💎,VikingFi💎,0x57abf260f1598e123ce9194bde88e3f186c90286_binance_smart,vik.png,1000000000,"{""binance_smart"":""0x57abf260f1598e123ce9194bde88e3f186c90286""}",18
0xb878aa2b5aa65ae5f566581622955a109a0d3e08_robinhood,SI,Super Inu,0xb878aa2b5aa65ae5f566581622955a109a0d3e08_robinhood,si.png,1000000000,,
0x29c3b64abecdcc0ab28346d064e52edc5d369b7d_robinhood,SMALLCAP,Small Cap,0x29c3b64abecdcc0ab28346d064e52edc5d369b7d_robinhood,sma.png,1000000000,"{""robinhood"":""0x29c3b64abecdcc0ab28346d064e52edc5d369b7d""}",18
De18cEphoozsvUdw1D3rA2RazNf4S3jF35YnnVSSTb53_solana,DOTS,Dotsbook,De18cEphoozsvUdw1D3rA2RazNf4S3jF35YnnVSSTb53_solana,dot.png,1000000000,"{""solana"":""De18cEphoozsvUdw1D3rA2RazNf4S3jF35YnnVSSTb53""}",18
DryRmdyJs7EfsmtrbuVmipR4Wqkz4UDe3i8vobzKhnMC_solana,INU,Intelligent Neural Unit,DryRmdyJs7EfsmtrbuVmipR4Wqkz4UDe3i8vobzKhnMC_solana,inu.png,1000000000,"{""solana"":""DryRmdyJs7EfsmtrbuVmipR4Wqkz4UDe3i8vobzKhnMC""}",18
0xdf42e0e2087c8dfc7ef79113e928a31b7c5657ea_binance_smart,属猪金融,属猪金融,0xdf42e0e2087c8dfc7ef79113e928a31b7c5657ea_binance_smart,.png,1000000000,"{""binance_smart"":""0xdf42e0e2087c8dfc7ef79113e928a31b7c5657ea""}",18
0x5b86f5ec79488315b40df97e6d7c808e1b71bcc2_binance_smart,SMAR,Smart Mega,0x5b86f5ec79488315b40df97e6d7c808e1b71bcc2_binance_smart,sma.png,1000000000,"{""binance_smart"":""0x5b86f5ec79488315b40df97e6d7c808e1b71bcc2""}",18
0xb774c9d0447f8548a0985780722ecc2cab0536a3_binance_smart,😂属羊开运,😂属羊开运,0xb774c9d0447f8548a0985780722ecc2cab0536a3_binance_smart,.png,1000000000,"{""binance_smart"":""0xb774c9d0447f8548a0985780722ecc2cab0536a3""}",18
AefdtJ1SWUhkQfDB9VZh5yv3rMYdcLHAEsiZZvwakiSj_solana,RELOAD,RELOAD,AefdtJ1SWUhkQfDB9VZh5yv3rMYdcLHAEsiZZvwakiSj_solana,rel.png,1000000000,"{""solana"":""AefdtJ1SWUhkQfDB9VZh5yv3rMYdcLHAEsiZZvwakiSj""}",18
0xbce45018dbf15b472eb548c88cdd5bb364655f75_binance_smart,POP🔥,PopcatApe🔥,0xbce45018dbf15b472eb548c88cdd5bb364655f75_binance_smart,pop.png,1000000000,"{""binance_smart"":""0xbce45018dbf15b472eb548c88cdd5bb364655f75""}",18
0x1bc0afe1fff95f53be893048fef00f4c9a126b8a_binance_smart,属虎🦅,属虎🦅,0x1bc0afe1fff95f53be893048fef00f4c9a126b8a_binance_smart,.png,1000000000,"{""binance_smart"":""0x1bc0afe1fff95f53be893048fef00f4c9a126b8a""}",18
0xa2f034557886b12789a0dffed87274fe237c69a9_binance_smart,联盟链💰,联盟链💰,0xa2f034557886b12789a0dffed87274fe237c69a9_binance_smart,.png,1000000000,"{""binance_smart"":""0xa2f034557886b12789a0dffed87274fe237c69a9""}",18
9cFVs84iAqi9FhipjSwfi4bVtFJzp46zkgB1EJqWovKv_solana,Milly,Milly,9cFVs84iAqi9FhipjSwfi4bVtFJzp46zkgB1EJqWovKv_solana,mil.png,1000000001,"{""solana"":""9cFVs84iAqi9FhipjSwfi4bVtFJzp46zkgB1EJqWovKv""}",18
0x45593d952d9a83ba7f100ec4f874f5905d854eea_robinhood,YASHMODE,YASHMODE,0x45593d952d9a83ba7f100ec4f874f5905d854eea_robinhood,0x45593d952d9a83ba7f100ec4f874f5905d854eea_robinhoodGyq.png,1000000000,"{""robinhood"":""0x45593d952d9a83ba7f100ec4f874f5905d854eea""}",18
0x3a4ac0df1b206b67f70a18bc8d50cdf2408c3856_binance_smart,RIC,RichFi,0x3a4ac0df1b206b67f70a18bc8d50cdf2408c3856_binance_smart,ric.png,1000000000,"{""binance_smart"":""0x3a4ac0df1b206b67f70a18bc8d50cdf2408c3856""}",18
0x6b3131b25b5230213cd084b0dae07ac0f44b7777_binance_smart,BNCDAO,BNCDAO,0x6b3131b25b5230213cd084b0dae07ac0f44b7777_binance_smart,bnc.png,1000000000,"{""binance_smart"":""0x6b3131b25b5230213cd084b0dae07ac0f44b7777""}",18
0x48968d1405302217def48e083f28482ce5804483_robinhood,BLOBBY,Blobby,0x48968d1405302217def48e083f28482ce5804483_robinhood,blo.png,1000000000,"{""robinhood"":""0x48968d1405302217def48e083f28482ce5804483""}",18
0x7bf1ee6c2d0847afb6e653ba196055ad46092b93_binance_smart,SBP,Stock BSCCORE Pro,0x7bf1ee6c2d0847afb6e653ba196055ad46092b93_binance_smart,sbp.png,1000000000,"{""binance_smart"":""0x7bf1ee6c2d0847afb6e653ba196055ad46092b93""}",18
8jayQDfRc3GYxftBJ2VAwjqmRBdYPC9KnjY15rc9pump_solana,SAPIJIJU,The Frog,8jayQDfRc3GYxftBJ2VAwjqmRBdYPC9KnjY15rc9pump_solana,sap.png,1000000000,"{""solana"":""8jayQDfRc3GYxftBJ2VAwjqmRBdYPC9KnjY15rc9pump""}",18
gjaDS6RBeS2577qvTRP7BuavKkAKFEV82tkr8JCpump_solana,PAPI,Papi,gjaDS6RBeS2577qvTRP7BuavKkAKFEV82tkr8JCpump_solana,pap.png,970278489,"{""solana"":""gjaDS6RBeS2577qvTRP7BuavKkAKFEV82tkr8JCpump""}",18
9Jeg3CEWYorSj9ETjEk5MjC1Gxn9vYrMB9JKeHsvSXVj_solana,bPay,bPay,9Jeg3CEWYorSj9ETjEk5MjC1Gxn9vYrMB9JKeHsvSXVj_solana,bpa.png,1000000000,"{""solana"":""9Jeg3CEWYorSj9ETjEk5MjC1Gxn9vYrMB9JKeHsvSXVj""}",18
A2DL4Jw9qY39aEP3QDUvS1MD32aa4QTYxQxySgYyyfUA_solana,MM,MM,A2DL4Jw9qY39aEP3QDUvS1MD32aa4QTYxQxySgYyyfUA_solana,mm.png,1000000000,"{""solana"":""A2DL4Jw9qY39aEP3QDUvS1MD32aa4QTYxQxySgYyyfUA""}",18
0xddde4685daccab13caae501271dfc86aebb8b4e1_robinhood,FO,fo,0xddde4685daccab13caae501271dfc86aebb8b4e1_robinhood,fo.png,1000000000,"{""robinhood"":""0xddde4685daccab13caae501271dfc86aebb8b4e1""}",18
3ix9NMKkQm2n4T8Mowfyb6qpQHDpEbWTZE9pC5AdsLBN_solana,WORLD,"Save The Boy, Save The World",3ix9NMKkQm2n4T8Mowfyb6qpQHDpEbWTZE9pC5AdsLBN_solana,wor.png,1000000001,"{""solana"":""3ix9NMKkQm2n4T8Mowfyb6qpQHDpEbWTZE9pC5AdsLBN""}",18
0xee0ecc02f0853e0baf0b718ca049ace572117777_binance_smart,JD,JD coin,0xee0ecc02f0853e0baf0b718ca049ace572117777_binance_smart,jd.png,1000000000,"{""binance_smart"":""0xee0ecc02f0853e0baf0b718ca049ace572117777""}",18
4BMhAY855hSg9xEn5GfdBpjmcg8oPNWs3Qfb3PNXuDKD_solana,AXIOM,Official Axiom Coin,4BMhAY855hSg9xEn5GfdBpjmcg8oPNWs3Qfb3PNXuDKD_solana,axi.png,1000000000,"{""solana"":""4BMhAY855hSg9xEn5GfdBpjmcg8oPNWs3Qfb3PNXuDKD""}",18
oSCYmaoXVCgKTZjBw4koyBtoDzG7nAtf12WJUYRfg89_solana,Arthur,Arthur,oSCYmaoXVCgKTZjBw4koyBtoDzG7nAtf12WJUYRfg89_solana,art.png,999999995,"{""solana"":""oSCYmaoXVCgKTZjBw4koyBtoDzG7nAtf12WJUYRfg89""}",18
By7UyppeL6FPB9fQpiD41zBDjrqo2iknmWoaKNTLPna_solana,FROINK,Froink,By7UyppeL6FPB9fQpiD41zBDjrqo2iknmWoaKNTLPna_solana,fro.png,1000000000,"{""solana"":""By7UyppeL6FPB9fQpiD41zBDjrqo2iknmWoaKNTLPna""}",18
0xcc5c6c10ff4b14af51a7d9a7dfad1716cdd3a489_binance_smart,💯宝宝,💯宝宝,0xcc5c6c10ff4b14af51a7d9a7dfad1716cdd3a489_binance_smart,.png,1000000000,"{""binance_smart"":""0xcc5c6c10ff4b14af51a7d9a7dfad1716cdd3a489""}",18
0x882c8e35504d58979b1280fe76d6553f717029f8_base,MUSEWORLD,MUSWORLD,0x882c8e35504d58979b1280fe76d6553f717029f8_base,mus.png,1000000000,"{""base"":""0x882c8e35504d58979b1280fe76d6553f717029f8""}",18
0x86cdd90bc48f7b5a866feaaf5023b8802dc2ab07_base,Conway,ConwayResearch,0x86cdd90bc48f7b5a866feaaf5023b8802dc2ab07_base,con.png,100000000000,"{""base"":""0x86cdd90bc48f7b5a866feaaf5023b8802dc2ab07""}",18
BYB1bNypDAoFW6y3Xn2kyR5ugAoLLfbNeFJKwqybZUWz_solana,Quants,quants.bid,BYB1bNypDAoFW6y3Xn2kyR5ugAoLLfbNeFJKwqybZUWz_solana,qua.png,999952229,"{""solana"":""BYB1bNypDAoFW6y3Xn2kyR5ugAoLLfbNeFJKwqybZUWz""}",18
AzDty2prmZxnpHUs1WDcbv2PppeqfZiHdMXJKyQdqLs_solana,swordcat,cat wif sword,AzDty2prmZxnpHUs1WDcbv2PppeqfZiHdMXJKyQdqLs_solana,swo.png,1000000000,"{""solana"":""AzDty2prmZxnpHUs1WDcbv2PppeqfZiHdMXJKyQdqLs""}",18
0x7cf5f6343e0e705bcf1d52e844a266bd9ec58cb5_binance_smart,CAT,Cat,0x7cf5f6343e0e705bcf1d52e844a266bd9ec58cb5_binance_smart,cat.png,1000000000,"{""binance_smart"":""0x7cf5f6343e0e705bcf1d52e844a266bd9ec58cb5""}",18
4DcnuyMGNUczQircPNFdjSpBZqhadt8DRNc8R2Appump_solana,Mewania,Mewania Twemp,4DcnuyMGNUczQircPNFdjSpBZqhadt8DRNc8R2Appump_solana,mew.png,994469953,"{""solana"":""4DcnuyMGNUczQircPNFdjSpBZqhadt8DRNc8R2Appump""}",18
0x0e3fe143de98c73e72942c8f760a2e69d98bc1cb_ethereum,fwAPE,Few Wrapped ApeCoin,0x0e3fe143de98c73e72942c8f760a2e69d98bc1cb_ethereum,fwa.png,1652931,"{""ethereum"":""0x0e3fe143de98c73e72942c8f760a2e69d98bc1cb""}",18
5PLZhEzFYVbUfkJcUqajBjWhE4xh6zE7A6RZDwRh872H_solana,PUMPE,Pumpkin Pepe,5PLZhEzFYVbUfkJcUqajBjWhE4xh6zE7A6RZDwRh872H_solana,pum.png,1000000001,"{""solana"":""5PLZhEzFYVbUfkJcUqajBjWhE4xh6zE7A6RZDwRh872H""}",18
0xbda364c8d04cbee88a446ff5630626d68fecf038_binance_smart,神狗狗,神狗狗,0xbda364c8d04cbee88a446ff5630626d68fecf038_binance_smart,.png,1000000000,"{""binance_smart"":""0xbda364c8d04cbee88a446ff5630626d68fecf038""}",18
0xe9af694afc445082e764ff7fc5f47d8837fc63bd_binance_smart,WOJA,Wojak,0xe9af694afc445082e764ff7fc5f47d8837fc63bd_binance_smart,woj.png,1000000000,"{""binance_smart"":""0xe9af694afc445082e764ff7fc5f47d8837fc63bd""}",18
0x61094ebcfcd18b219e595d981c79302c19faf44f_binance_smart,运势幸运🦊,运势幸运🦊,0x61094ebcfcd18b219e595d981c79302c19faf44f_binance_smart,.png,1000000000,"{""binance_smart"":""0x61094ebcfcd18b219e595d981c79302c19faf44f""}",18
0xace6e20baac07f34108dc88e8f9fc0d2dd1f6d9a_binance_smart,龙皇帝💎,龙皇帝💎,0xace6e20baac07f34108dc88e8f9fc0d2dd1f6d9a_binance_smart,.png,1000000000,"{""binance_smart"":""0xace6e20baac07f34108dc88e8f9fc0d2dd1f6d9a""}",18
EUukUj7Q6ccAP3KXYGfDT6LKMwGBTToHYhvmtt6h5dUC_solana,BOT,Dot.com,EUukUj7Q6ccAP3KXYGfDT6LKMwGBTToHYhvmtt6h5dUC_solana,bot.png,1000000000,"{""solana"":""EUukUj7Q6ccAP3KXYGfDT6LKMwGBTToHYhvmtt6h5dUC""}",18
0x9a964810a1ff2b2232d464c90f0d755e68181db4_binance_smart,🐯DOGB,🐯DogBREW Classic,0x9a964810a1ff2b2232d464c90f0d755e68181db4_binance_smart,dog.png,1000000000,"{""binance_smart"":""0x9a964810a1ff2b2232d464c90f0d755e68181db4""}",18
Fpp4gY88dxaxMkiVF43fxotPY5P1iRW43WyLQdarjUQx_solana,CURECANCER,Cure Cancer,Fpp4gY88dxaxMkiVF43fxotPY5P1iRW43WyLQdarjUQx_solana,cur.png,1000000000,"{""solana"":""Fpp4gY88dxaxMkiVF43fxotPY5P1iRW43WyLQdarjUQx""}",18
0x7771e9ec07f67c265fec519a200cea88ee6e252f_binance_smart,心系美少女,心系美少女,0x7771e9ec07f67c265fec519a200cea88ee6e252f_binance_smart,.png,10000000,"{""binance_smart"":""0x7771e9ec07f67c265fec519a200cea88ee6e252f""}",18
HUM1Ugzjmfu8d18xB3JohD3ZJbhJFf2AxFLtWrqyHAdT_solana,AI,Anti Inu,HUM1Ugzjmfu8d18xB3JohD3ZJbhJFf2AxFLtWrqyHAdT_solana,ai.png,1000000000,"{""solana"":""HUM1Ugzjmfu8d18xB3JohD3ZJbhJFf2AxFLtWrqyHAdT""}",18
8taPrfoYuSQMnVcoEb3SnBHg3eZFQ7ZffCAK4ZSFLxkB_solana,SNOWMOON,snowmoon,8taPrfoYuSQMnVcoEb3SnBHg3eZFQ7ZffCAK4ZSFLxkB_solana,sno.png,1000000000,"{""solana"":""8taPrfoYuSQMnVcoEb3SnBHg3eZFQ7ZffCAK4ZSFLxkB""}",18
CgXXVX4E7HihNxVrSfCex4rhsj8zSkGki1wgZY3hpump_solana,AMERICA,america.gov,CgXXVX4E7HihNxVrSfCex4rhsj8zSkGki1wgZY3hpump_solana,ame.png,995072443,"{""solana"":""CgXXVX4E7HihNxVrSfCex4rhsj8zSkGki1wgZY3hpump""}",18
8jtH1VnCJWJLnWrmZ3WxNoFgFiACo54mbE9EQgZynhe7_solana,FOMOPAY,FOMOPAY,8jtH1VnCJWJLnWrmZ3WxNoFgFiACo54mbE9EQgZynhe7_solana,fom.png,1000000000,"{""solana"":""8jtH1VnCJWJLnWrmZ3WxNoFgFiACo54mbE9EQgZynhe7""}",18
JWC6fSUukbHRzHjuBUMfFAeWrrR4NuQvBUUoZb9US4D_solana,WORLD,"Save The Boy, Save The World",JWC6fSUukbHRzHjuBUMfFAeWrrR4NuQvBUUoZb9US4D_solana,wor.png,100000000000,"{""solana"":""JWC6fSUukbHRzHjuBUMfFAeWrrR4NuQvBUUoZb9US4D""}",18
0x13ff2fe4f9080c6019bebfdb7be1f6b9aa1b2778_binance_smart,CLU💸,Club💸,0x13ff2fe4f9080c6019bebfdb7be1f6b9aa1b2778_binance_smart,clu.png,1000000000,"{""binance_smart"":""0x13ff2fe4f9080c6019bebfdb7be1f6b9aa1b2778""}",18
2QHXWq5TK64JbMptwMBP1BsfhrxZRRv9JsLa17X7pump_solana,SAW,Clanker Torture Chamber,2QHXWq5TK64JbMptwMBP1BsfhrxZRRv9JsLa17X7pump_solana,saw.png,978451100,"{""solana"":""2QHXWq5TK64JbMptwMBP1BsfhrxZRRv9JsLa17X7pump""}",18
FRwCmWiHMfqjX5hWR6gSsC68eZS9f9yVSwkXRV2V8ex7_solana,Ansemmas,Ansemmas,FRwCmWiHMfqjX5hWR6gSsC68eZS9f9yVSwkXRV2V8ex7_solana,ans.png,1000000001,"{""solana"":""FRwCmWiHMfqjX5hWR6gSsC68eZS9f9yVSwkXRV2V8ex7""}",18
0x89900ccefa8aaec3cef7cff7f414cc3fe6f124a5_robinhood,OpenSI,OpenSI,0x89900ccefa8aaec3cef7cff7f414cc3fe6f124a5_robinhood,ope.png,1000000000,"{""robinhood"":""0x89900ccefa8aaec3cef7cff7f414cc3fe6f124a5""}",18
0x80ae70cfcb6725ea7f5ace439eb3e56518131299_robinhood,TANK,TANK,0x80ae70cfcb6725ea7f5ace439eb3e56518131299_robinhood,tan.png,1000000000,"{""robinhood"":""0x80ae70cfcb6725ea7f5ace439eb3e56518131299""}",18
EDETAdjB1N8AARfoWWTwxeUJiNFjGAEhBv1JBePnagoh_solana,POTUS,President Of The Unites States,EDETAdjB1N8AARfoWWTwxeUJiNFjGAEhBv1JBePnagoh_solana,pot.png,1000000000,"{""solana"":""EDETAdjB1N8AARfoWWTwxeUJiNFjGAEhBv1JBePnagoh""}",18
0x8c3505f0ad9a85cba2fde7abe486d9029da712fd_binance_smart,STO,Stock,0x8c3505f0ad9a85cba2fde7abe486d9029da712fd_binance_smart,sto.png,1000000000,"{""binance_smart"":""0x8c3505f0ad9a85cba2fde7abe486d9029da712fd""}",18
0xae58682bd34d96c21ee5db339a4cfd793c6e00f3_binance_smart,🍔机器人金,🍔机器人金融,0xae58682bd34d96c21ee5db339a4cfd793c6e00f3_binance_smart,.png,1000000000,"{""binance_smart"":""0xae58682bd34d96c21ee5db339a4cfd793c6e00f3""}",18
8Gwgc7SRyj9oGyW8ZhgA7dw9KGWkKWhZ2W25vmyhWTJm_solana,PRINTR,PrintR,8Gwgc7SRyj9oGyW8ZhgA7dw9KGWkKWhZ2W25vmyhWTJm_solana,pri.png,1000000000,"{""solana"":""8Gwgc7SRyj9oGyW8ZhgA7dw9KGWkKWhZ2W25vmyhWTJm""}",18
0x1f078b9e7b8f97bee7c8a18dc2182bd378497be2_robinhood,HOTDOG,HOTDOG MODE,0x1f078b9e7b8f97bee7c8a18dc2182bd378497be2_robinhood,hot.png,1000000000,"{""robinhood"":""0x1f078b9e7b8f97bee7c8a18dc2182bd378497be2""}",18
0x7eee4bf64a6f50cc9a53771c64ab9cf06b7ed9c4_binance_smart,兔子币,兔子币,0x7eee4bf64a6f50cc9a53771c64ab9cf06b7ed9c4_binance_smart,.png,1000000000,"{""binance_smart"":""0x7eee4bf64a6f50cc9a53771c64ab9cf06b7ed9c4""}",18
5yqSd2daXH5Vc9vqc26RQsBTRGS3817v2MQArLLojSJC_solana,Cassie,Cassie The Chimpanzee,5yqSd2daXH5Vc9vqc26RQsBTRGS3817v2MQArLLojSJC_solana,cas.png,1000000000,"{""solana"":""5yqSd2daXH5Vc9vqc26RQsBTRGS3817v2MQArLLojSJC""}",18
0x0aa0b791f870d8c6f7dd310639c61991bb3e5d41_robinhood,FROTH,Froth,0x0aa0b791f870d8c6f7dd310639c61991bb3e5d41_robinhood,0x0aa0b791f870d8c6f7dd310639c61991bb3e5d41_robinhoodGP6.png,190589782,"{""robinhood"":""0x0aa0b791f870d8c6f7dd310639c61991bb3e5d41""}",18
0x72b46da86bc475b3365818023d13a75515b1fc3c_binance_smart,BOT,BotSwap,0x72b46da86bc475b3365818023d13a75515b1fc3c_binance_smart,bot.png,1000000000,"{""binance_smart"":""0x72b46da86bc475b3365818023d13a75515b1fc3c""}",18
0x5806d39db4940d50cf0b9a29782394a0702c5586_binance_smart,🐷BREW,🐷BREWChad,0x5806d39db4940d50cf0b9a29782394a0702c5586_binance_smart,bre.png,1000000000,"{""binance_smart"":""0x5806d39db4940d50cf0b9a29782394a0702c5586""}",18
6sSUwszKeT4WJJwEFCFMsuvwo1oGKkJHXioj56aZ4iJC_solana,CHUDDY,Chuddy,6sSUwszKeT4WJJwEFCFMsuvwo1oGKkJHXioj56aZ4iJC_solana,chu.png,1000000000,"{""solana"":""6sSUwszKeT4WJJwEFCFMsuvwo1oGKkJHXioj56aZ4iJC""}",18
0x74166c66e5d8e6ad516968a19615cd065a539859_binance_smart,BUL🥳,BullDAO🥳,0x74166c66e5d8e6ad516968a19615cd065a539859_binance_smart,bul.png,1000000000,"{""binance_smart"":""0x74166c66e5d8e6ad516968a19615cd065a539859""}",18
0xe20359d3e4cb4540c3383452116c90f27cd92e34_robinhood,THOT,Thot Market,0xe20359d3e4cb4540c3383452116c90f27cd92e34_robinhood,tho.png,1000000000,"{""robinhood"":""0xe20359d3e4cb4540c3383452116c90f27cd92e34""}",18
0x4fd79cafaa20e2b4a80d7b4386eed307fa60bf79_binance_smart,联盟金融🌟,联盟金融🌟,0x4fd79cafaa20e2b4a80d7b4386eed307fa60bf79_binance_smart,.png,1000000000,"{""binance_smart"":""0x4fd79cafaa20e2b4a80d7b4386eed307fa60bf79""}",18
0xfdae23ce76018da62507bb5ef20e6ef5450e8312_robinhood,VAULT,PonsVault,0xfdae23ce76018da62507bb5ef20e6ef5450e8312_robinhood,vau.png,1000000000,"{""robinhood"":""0xfdae23ce76018da62507bb5ef20e6ef5450e8312""}",18
GTz5rfocFdbD3eWKMu4kzTjRVjkjzZwEaS95uD3Rpump_solana,AMD,All Meme Days,GTz5rfocFdbD3eWKMu4kzTjRVjkjzZwEaS95uD3Rpump_solana,amd.png,986894233,"{""solana"":""GTz5rfocFdbD3eWKMu4kzTjRVjkjzZwEaS95uD3Rpump""}",18
0xda68942edc7904da584ecd85ed67e6ff6d6de9b9_binance_smart,BBQ,BBQCoin,0xda68942edc7904da584ecd85ed67e6ff6d6de9b9_binance_smart,bbq.png,1000000000,"{""binance_smart"":""0xda68942edc7904da584ecd85ed67e6ff6d6de9b9""}",18
B4eX2WpYUdE5AbUzvLk9fjbkSGH1vyUgiHzFiAL9LyN4_solana,SGI,Super Gooner Intelligence,B4eX2WpYUdE5AbUzvLk9fjbkSGH1vyUgiHzFiAL9LyN4_solana,sgi.png,999999998,"{""solana"":""B4eX2WpYUdE5AbUzvLk9fjbkSGH1vyUgiHzFiAL9LyN4""}",18
0x9ff6a7d3b6e9fb5a43e88b77c4117e25656ab78c_binance_smart,🚀FEP,🚀Fair Elon Pro,0x9ff6a7d3b6e9fb5a43e88b77c4117e25656ab78c_binance_smart,fep.png,1000000000,"{""binance_smart"":""0x9ff6a7d3b6e9fb5a43e88b77c4117e25656ab78c""}",18
Fj886GvHFyxQhunb4pw7WLRPRASNh25LT8Zpv8qqr3Ab_solana,MUTANT,Howling Mutant,Fj886GvHFyxQhunb4pw7WLRPRASNh25LT8Zpv8qqr3Ab_solana,mut.png,999999102,"{""solana"":""Fj886GvHFyxQhunb4pw7WLRPRASNh25LT8Zpv8qqr3Ab""}",18
12CDyX7zrZxbneDwWxmgdygTS2tYjRMRbzP7eX6Lejbg_solana,moin,meme + coin =,12CDyX7zrZxbneDwWxmgdygTS2tYjRMRbzP7eX6Lejbg_solana,moi.png,100000000000,"{""solana"":""12CDyX7zrZxbneDwWxmgdygTS2tYjRMRbzP7eX6Lejbg""}",18
JKaNu32Ld4wpjT9iQiU9GMiPotf7eLcS2xsUaHkNkfs_solana,DUST,dust,JKaNu32Ld4wpjT9iQiU9GMiPotf7eLcS2xsUaHkNkfs_solana,dus.png,1000000000,"{""solana"":""JKaNu32Ld4wpjT9iQiU9GMiPotf7eLcS2xsUaHkNkfs""}",18
BWDhnXje43MqwUUjxDHeKHMxj1HjczF5GFkqoq4Bd64A_solana,XDP,Doppler Finance,BWDhnXje43MqwUUjxDHeKHMxj1HjczF5GFkqoq4Bd64A_solana,xdp.png,1000000000,"{""solana"":""BWDhnXje43MqwUUjxDHeKHMxj1HjczF5GFkqoq4Bd64A""}",18
4UHmZGe6X4DZ5dxYGiGXMhi3Sp34uPWtHB7qDMyvRbYB_solana,QUEEF,Queefcoin,4UHmZGe6X4DZ5dxYGiGXMhi3Sp34uPWtHB7qDMyvRbYB_solana,que.png,1000000000,"{""solana"":""4UHmZGe6X4DZ5dxYGiGXMhi3Sp34uPWtHB7qDMyvRbYB""}",18
HrtSGkcfqRMvQEKZWgrbEvctBQESaxA1B9x2qvd241b6_solana,本昌成佛,本昌成佛,HrtSGkcfqRMvQEKZWgrbEvctBQESaxA1B9x2qvd241b6_solana,.png,1000000000,"{""solana"":""HrtSGkcfqRMvQEKZWgrbEvctBQESaxA1B9x2qvd241b6""}",18
0xbb164ea6c5012b96aa3021ecdb4cbf211849d797_binance_smart,宝宝币,宝宝币,0xbb164ea6c5012b96aa3021ecdb4cbf211849d797_binance_smart,.png,1000000000,"{""binance_smart"":""0xbb164ea6c5012b96aa3021ecdb4cbf211849d797""}",18
0x32e154a3f468cca7d66ca4174d18e5397fb02bf5_robinhood,HANDO,Hando Labs,0x32e154a3f468cca7d66ca4174d18e5397fb02bf5_robinhood,han.png,1000000000,"{""robinhood"":""0x32e154a3f468cca7d66ca4174d18e5397fb02bf5""}",18
5HHW4nWAL89RFKvf7S77XqZLDrUnqqJLEwZaPi6wprCe_solana,SOCKET,Socket,5HHW4nWAL89RFKvf7S77XqZLDrUnqqJLEwZaPi6wprCe_solana,soc.png,1000000000,"{""solana"":""5HHW4nWAL89RFKvf7S77XqZLDrUnqqJLEwZaPi6wprCe""}",18
0xdac16e57e47b4b7e34f8723d35c8a9164c5446c4_binance_smart,BADS,BadSupercycle Plus,0xdac16e57e47b4b7e34f8723d35c8a9164c5446c4_binance_smart,bad.png,1000000000,"{""binance_smart"":""0xdac16e57e47b4b7e34f8723d35c8a9164c5446c4""}",18
0x7715ced95a84204d3ca323b35ae18cf4871f3039_robinhood,AI,Ancient Inu,0x7715ced95a84204d3ca323b35ae18cf4871f3039_robinhood,ai.png,1000000000,,
ExAbqxywDahwMreZMFrgUwarw6Cgxp6e6FuKdsTw9VXq_solana,www,world wide web,ExAbqxywDahwMreZMFrgUwarw6Cgxp6e6FuKdsTw9VXq_solana,www.png,999999952,"{""solana"":""ExAbqxywDahwMreZMFrgUwarw6Cgxp6e6FuKdsTw9VXq""}",18
0xa24ba727a8cdb61939120f5d4d2ed951963bc666_binance_smart,FLO,FlokiCat,0xa24ba727a8cdb61939120f5d4d2ed951963bc666_binance_smart,flo.png,1000000000,"{""binance_smart"":""0xa24ba727a8cdb61939120f5d4d2ed951963bc666""}",18
0xdd180399e3296d153f3c10c2fd3d5f37b10163fb_binance_smart,BRAI,BrainFi 2.0,0xdd180399e3296d153f3c10c2fd3d5f37b10163fb_binance_smart,bra.png,1000000000,"{""binance_smart"":""0xdd180399e3296d153f3c10c2fd3d5f37b10163fb""}",18
0x41726cca9a9bb2a0db0e96e5157960df3e36adde_binance_smart,⚡SILL,⚡Silly Study,0x41726cca9a9bb2a0db0e96e5157960df3e36adde_binance_smart,sil.png,1000000000,"{""binance_smart"":""0x41726cca9a9bb2a0db0e96e5157960df3e36adde""}",18
0xceeafaab9e986bd29209086b852aa6b5f67d289b_binance_smart,老板🦅,老板🦅,0xceeafaab9e986bd29209086b852aa6b5f67d289b_binance_smart,.png,1000000000,"{""binance_smart"":""0xceeafaab9e986bd29209086b852aa6b5f67d289b""}",18
0x3f0370f66e8910581068b8df24ede91f43b60536_binance_smart,属猪,属猪,0x3f0370f66e8910581068b8df24ede91f43b60536_binance_smart,.png,1000000000,"{""binance_smart"":""0x3f0370f66e8910581068b8df24ede91f43b60536""}",18
0x150581086aa7091b4b3e1181cf74caf2f9780cb9_binance_smart,BABY,Baby Chain,0x150581086aa7091b4b3e1181cf74caf2f9780cb9_binance_smart,bab.png,1000000000,"{""binance_smart"":""0x150581086aa7091b4b3e1181cf74caf2f9780cb9""}",18
1wAYDLegxQPCrKr2Ra3HnDQWYdp4iu2tkD9UB3X1bCi_solana,VAULT,PonsVault,1wAYDLegxQPCrKr2Ra3HnDQWYdp4iu2tkD9UB3X1bCi_solana,vau.png,1000000000,"{""solana"":""1wAYDLegxQPCrKr2Ra3HnDQWYdp4iu2tkD9UB3X1bCi""}",18
0x3d4c2cc128be2223b22254d45e40b13251d0d268_binance_smart,🐰SUPE,🐰SUPERMusk,0x3d4c2cc128be2223b22254d45e40b13251d0d268_binance_smart,sup.png,1000000000,"{""binance_smart"":""0x3d4c2cc128be2223b22254d45e40b13251d0d268""}",18
NRhAzwmKyJAUWL7eJLzngxR9TzMdjUXytBUT8sDSN7H_solana,UBI,UBI,NRhAzwmKyJAUWL7eJLzngxR9TzMdjUXytBUT8sDSN7H_solana,ubi.png,99999996514,"{""solana"":""NRhAzwmKyJAUWL7eJLzngxR9TzMdjUXytBUT8sDSN7H""}",18
0x3637cf8584a1d6518cf1fc51c775f49fc050db00_binance_smart,💸CYCL,💸CycleBitcoin,0x3637cf8584a1d6518cf1fc51c775f49fc050db00_binance_smart,cyc.png,1000000000,"{""binance_smart"":""0x3637cf8584a1d6518cf1fc51c775f49fc050db00""}",18
5BjfgmtfqvNpAWx1CnZynoWLWNMnrwHLhTFzQ81vkEc8_solana,ClapCat,Clapping Cat,5BjfgmtfqvNpAWx1CnZynoWLWNMnrwHLhTFzQ81vkEc8_solana,cla.png,1000000000,"{""solana"":""5BjfgmtfqvNpAWx1CnZynoWLWNMnrwHLhTFzQ81vkEc8""}",18
0x06dd9254f1d7ecd2d9ed40949c453788c0d55441_binance_smart,A,ArmyCloser 2.0,0x06dd9254f1d7ecd2d9ed40949c453788c0d55441_binance_smart,a.png,1000000000,"{""binance_smart"":""0x06dd9254f1d7ecd2d9ed40949c453788c0d55441""}",18
0x035b9397a203ba842bd14b8d82b7b05bace504f7_binance_smart,水瓶座币,水瓶座币,0x035b9397a203ba842bd14b8d82b7b05bace504f7_binance_smart,.png,1000000000,"{""binance_smart"":""0x035b9397a203ba842bd14b8d82b7b05bace504f7""}",18
DtLKsqSB8vYkriMZR5HnVkvxvjbLFKMfUwh6XnsBE116_solana,BS,Black Shiba,DtLKsqSB8vYkriMZR5HnVkvxvjbLFKMfUwh6XnsBE116_solana,bs.png,1000000000,"{""solana"":""DtLKsqSB8vYkriMZR5HnVkvxvjbLFKMfUwh6XnsBE116""}",18
0xbe5450add48d98515720377736bfa0be33ba721e_binance_smart,DOG,Dog Rocket,0xbe5450add48d98515720377736bfa0be33ba721e_binance_smart,dog.png,1000000000,"{""binance_smart"":""0xbe5450add48d98515720377736bfa0be33ba721e""}",18
0x151444abf31314e032c7218941b6ec96f53d7777_binance_smart,战备股票,战备人生唯一生态币,0x151444abf31314e032c7218941b6ec96f53d7777_binance_smart,.png,1000000000,"{""binance_smart"":""0x151444abf31314e032c7218941b6ec96f53d7777""}",18
0x3a9433417478a421addea5a0e18e8d775596ca54_binance_smart,SUPE,Super Closer,0x3a9433417478a421addea5a0e18e8d775596ca54_binance_smart,sup.png,1000000000,"{""binance_smart"":""0x3a9433417478a421addea5a0e18e8d775596ca54""}",18
0x693b013b21571150a91a3e0cb71e9b66abaa72b0_binance_smart,生肖金融,生肖金融,0x693b013b21571150a91a3e0cb71e9b66abaa72b0_binance_smart,.png,1000000000,"{""binance_smart"":""0x693b013b21571150a91a3e0cb71e9b66abaa72b0""}",18
BHN1m3FSEyUXuFiqgLAqJ6MTAsqhNmsxDwoEZsEtd5yb_solana,Kitty,Hello Kitty,BHN1m3FSEyUXuFiqgLAqJ6MTAsqhNmsxDwoEZsEtd5yb_solana,kit.png,1000000000,"{""solana"":""BHN1m3FSEyUXuFiqgLAqJ6MTAsqhNmsxDwoEZsEtd5yb""}",18
0x4d059c5639c26b78a055ffcf91288257e812c6eb_robinhood,CLAUDIA,CLAUDIA,0x4d059c5639c26b78a055ffcf91288257e812c6eb_robinhood,cla.png,1000000000,,
92ninR7mzzP6qQhf3hkPjgeym96rtfnc5pUGHWn7pNY_solana,VAULT,VaultStrategy,92ninR7mzzP6qQhf3hkPjgeym96rtfnc5pUGHWn7pNY_solana,vau.png,1000000000,"{""solana"":""92ninR7mzzP6qQhf3hkPjgeym96rtfnc5pUGHWn7pNY""}",18
0x5cec423fe2c02ad7989edfbad56f7ab971dff41e_robinhood,ZIP,ZIP,0x5cec423fe2c02ad7989edfbad56f7ab971dff41e_robinhood,zip.png,1000000000,"{""robinhood"":""0x5cec423fe2c02ad7989edfbad56f7ab971dff41e""}",18
2JPaBUjRHjcSF5nTDquuyCsxVGjV4ffKvXQCDJG9pump_solana,VSOF,VSOF,2JPaBUjRHjcSF5nTDquuyCsxVGjV4ffKvXQCDJG9pump_solana,vso.png,999743755,"{""solana"":""2JPaBUjRHjcSF5nTDquuyCsxVGjV4ffKvXQCDJG9pump""}",18
44MuxjmqHDY4Z2D28w22R3JhTzewi6K1nsFLbNh6CHYS_solana,BNCDAO,BNCDAO,44MuxjmqHDY4Z2D28w22R3JhTzewi6K1nsFLbNh6CHYS_solana,bnc.png,1000000001,"{""solana"":""44MuxjmqHDY4Z2D28w22R3JhTzewi6K1nsFLbNh6CHYS""}",18
0xd3e592e728ae3461bd97c7a6b359e1043dd83ba3_base,Harness,Harness,0xd3e592e728ae3461bd97c7a6b359e1043dd83ba3_base,har.png,100000000000,"{""base"":""0xd3e592e728ae3461bd97c7a6b359e1043dd83ba3""}",18
0xd0e926452246b4e885fb895170511766a160bc5f_binance_smart,月亮,月亮,0xd0e926452246b4e885fb895170511766a160bc5f_binance_smart,.png,1000000000,"{""binance_smart"":""0xd0e926452246b4e885fb895170511766a160bc5f""}",18
0xe10195999a422314155b1e158281dbd4f27adc46_robinhood,COOK,Cookware,0xe10195999a422314155b1e158281dbd4f27adc46_robinhood,coo.png,1000000000,"{""robinhood"":""0xe10195999a422314155b1e158281dbd4f27adc46""}",18
AVAX.USDC-0XB97EF9EF8734C71904D8002F8B6BC66DD9C48A6E_thorchain,USDC,AVAX.USDC-0XB97EF9EF8734C71904D8002F8B6BC66DD9C48A6E,AVAX.USDC-0XB97EF9EF8734C71904D8002F8B6BC66DD9C48A6E_thorchain,usd.png,248723,"{""thorchain"":""AVAX.USDC-0XB97EF9EF8734C71904D8002F8B6BC66DD9C48A6E""}",18
0xf7ca2add96de1850a7127e8077354af49965a45d_binance_smart,SHIB,ShibaChain,0xf7ca2add96de1850a7127e8077354af49965a45d_binance_smart,shi.png,1000000000,"{""binance_smart"":""0xf7ca2add96de1850a7127e8077354af49965a45d""}",18
0x67a74463cde013ea4acb8b1904978aa5132e12e0_binance_smart,MS,Musk Super,0x67a74463cde013ea4acb8b1904978aa5132e12e0_binance_smart,ms.png,1000000000,"{""binance_smart"":""0x67a74463cde013ea4acb8b1904978aa5132e12e0""}",18
0x77d6786d219e770ab4f2e58d890b298cfcdc1370_binance_smart,属猴链❤️,属猴链❤️,0x77d6786d219e770ab4f2e58d890b298cfcdc1370_binance_smart,.png,1000000000,"{""binance_smart"":""0x77d6786d219e770ab4f2e58d890b298cfcdc1370""}",18
0xb414d3fd0cc8c2ab0288d47fbabc9b68e57a10e1_binance_smart,SUPE,Supercycle BREW,0xb414d3fd0cc8c2ab0288d47fbabc9b68e57a10e1_binance_smart,sup.png,1000000000,"{""binance_smart"":""0xb414d3fd0cc8c2ab0288d47fbabc9b68e57a10e1""}",18
H8WTvo3ZXSYHJAcYqzCforbG8coR1FDAX2kHFfqHBAGS_solana,BAGSPAY,BagsPay,H8WTvo3ZXSYHJAcYqzCforbG8coR1FDAX2kHFfqHBAGS_solana,bag.png,1000000000,"{""solana"":""H8WTvo3ZXSYHJAcYqzCforbG8coR1FDAX2kHFfqHBAGS""}",18
0xccbf4088c02dfd71afa65f44a24ed2a63b3ed5e0_binance_smart,SHIB,Shiba Safe V2,0xccbf4088c02dfd71afa65f44a24ed2a63b3ed5e0_binance_smart,shi.png,1000000000,"{""binance_smart"":""0xccbf4088c02dfd71afa65f44a24ed2a63b3ed5e0""}",18
0x81cbb18f7ac7d577048e6a84419305b1788d0a23_binance_smart,🦊CC,🦊ChainGang Classic,0x81cbb18f7ac7d577048e6a84419305b1788d0a23_binance_smart,cc.png,1000000000,"{""binance_smart"":""0x81cbb18f7ac7d577048e6a84419305b1788d0a23""}",18
0x29083920b464ecd60483ec5d4b3ffae3cf737a71_binance_smart,SX,Super X,0x29083920b464ecd60483ec5d4b3ffae3cf737a71_binance_smart,sx.png,1000000000,"{""binance_smart"":""0x29083920b464ecd60483ec5d4b3ffae3cf737a71""}",18
5eMBAWkBKWB1zXDfq8Rj2L6Ujw7a3gDoWMgnoY7mbLWM_solana,Home,Home,5eMBAWkBKWB1zXDfq8Rj2L6Ujw7a3gDoWMgnoY7mbLWM_solana,hom.png,1000000000,"{""solana"":""5eMBAWkBKWB1zXDfq8Rj2L6Ujw7a3gDoWMgnoY7mbLWM""}",18
46SGM7BwfL68vaDXPjJGhAnreSnSoREMnmCsKbJMF9UM_solana,PEXRA,PexraFun,46SGM7BwfL68vaDXPjJGhAnreSnSoREMnmCsKbJMF9UM_solana,pex.png,1000000000,"{""solana"":""46SGM7BwfL68vaDXPjJGhAnreSnSoREMnmCsKbJMF9UM""}",18
7hGgx1VtNTj193fFXXuMEkp1MRV6JbWYgMBhHRYxaxu2_solana,FRIES,Fries,7hGgx1VtNTj193fFXXuMEkp1MRV6JbWYgMBhHRYxaxu2_solana,fri.png,999993060,"{""solana"":""7hGgx1VtNTj193fFXXuMEkp1MRV6JbWYgMBhHRYxaxu2""}",18
3656QgpYmAeazZFQBmxsxjzzRwUfUdZ8sZr6eZX1jgKU_solana,熊猫派,拥抱熊猫派,3656QgpYmAeazZFQBmxsxjzzRwUfUdZ8sZr6eZX1jgKU_solana,.png,1000000000,"{""solana"":""3656QgpYmAeazZFQBmxsxjzzRwUfUdZ8sZr6eZX1jgKU""}",18
6avWn3wAN8YeVaf8gdJnBt58ffWqW3Qf4p1tYoKedHf_solana,hippo/acc,hippoacc,6avWn3wAN8YeVaf8gdJnBt58ffWqW3Qf4p1tYoKedHf_solana,hip.png,1000000000,"{""solana"":""6avWn3wAN8YeVaf8gdJnBt58ffWqW3Qf4p1tYoKedHf""}",18
0x18a34c0c4cf02c1990407c561bc1751a35dda812_robinhood,STABLE,StableCash,0x18a34c0c4cf02c1990407c561bc1751a35dda812_robinhood,sta.png,1000000000,"{""robinhood"":""0x18a34c0c4cf02c1990407c561bc1751a35dda812""}",18
6vCHQ5ANYorBQbkNmbA3x9vgsFqrR1bjKfVp6HHtpump_solana,ORBIOTITS,Orbio.sotits,6vCHQ5ANYorBQbkNmbA3x9vgsFqrR1bjKfVp6HHtpump_solana,orb.png,972300808,"{""solana"":""6vCHQ5ANYorBQbkNmbA3x9vgsFqrR1bjKfVp6HHtpump""}",18
0x3e17c94ba8112380ef81a43fc33b08ca6284fb33_robinhood,U,µToken,0x3e17c94ba8112380ef81a43fc33b08ca6284fb33_robinhood,0x3e17c94ba8112380ef81a43fc33b08ca6284fb33_robinhood2qF.png,1000000000,"{""robinhood"":""0x3e17c94ba8112380ef81a43fc33b08ca6284fb33""}",18
0x28c959b032de0657ac230a569ecdbba326731dd2_base,EMBOW,Embow,0x28c959b032de0657ac230a569ecdbba326731dd2_base,0x28c959b032de0657ac230a569ecdbba326731dd2_base84R.png,1000000000,"{""base"":""0x28c959b032de0657ac230a569ecdbba326731dd2""}",18
0x5e146e1e7e2eac4ebe02b230efd1bb8627db0afc_binance_smart,🐵ARM,🐵ArmySUPER,0x5e146e1e7e2eac4ebe02b230efd1bb8627db0afc_binance_smart,arm.png,1000000000,"{""binance_smart"":""0x5e146e1e7e2eac4ebe02b230efd1bb8627db0afc""}",18
0x744362a1adb2abea89b3fd0b84066221fcc11641_binance_smart,🐶MUSK,🐶MuskShort,0x744362a1adb2abea89b3fd0b84066221fcc11641_binance_smart,mus.png,1000000000,"{""binance_smart"":""0x744362a1adb2abea89b3fd0b84066221fcc11641""}",18
0x7857dcdd06b4f459e06594d1ecf912cc56ecfdf8_binance_smart,老板凤凰🦊,老板凤凰🦊,0x7857dcdd06b4f459e06594d1ecf912cc56ecfdf8_binance_smart,.png,1000000000,"{""binance_smart"":""0x7857dcdd06b4f459e06594d1ecf912cc56ecfdf8""}",18
0x46fd5cfb4c12d87acd3a13e92baa53240c661d93_base,ETHx,Super ETH,0x46fd5cfb4c12d87acd3a13e92baa53240c661d93_base,eth.png,91.4737,"{""base"":""0x46fd5cfb4c12d87acd3a13e92baa53240c661d93""}",18
0x132e62d049044aeffda8a0efa8707bc24e0623cc_binance_smart,CLO,CloserMoon,0x132e62d049044aeffda8a0efa8707bc24e0623cc_binance_smart,clo.png,1000000000,"{""binance_smart"":""0x132e62d049044aeffda8a0efa8707bc24e0623cc""}",18
0x652674970296a30932be846b0603355f29d4897d_binance_smart,CYCL,CycleMusk,0x652674970296a30932be846b0603355f29d4897d_binance_smart,cyc.png,1000000000,"{""binance_smart"":""0x652674970296a30932be846b0603355f29d4897d""}",18
5yknGMN5rMvHz43AnSBhQPdTvL4PJbEZmfxKaKW8xHJq_solana,XDP,Doppler. Finance,5yknGMN5rMvHz43AnSBhQPdTvL4PJbEZmfxKaKW8xHJq_solana,xdp.png,999999862,"{""solana"":""5yknGMN5rMvHz43AnSBhQPdTvL4PJbEZmfxKaKW8xHJq""}",18
6G6FrWFY8eCVvhJK3UUfXn4SZhYkKvdYFbCZhSiEiah4_solana,币安人能飞,币安人能飞,6G6FrWFY8eCVvhJK3UUfXn4SZhYkKvdYFbCZhSiEiah4_solana,.png,1000000000,"{""solana"":""6G6FrWFY8eCVvhJK3UUfXn4SZhYkKvdYFbCZhSiEiah4""}",18
0x872daa9fe7528f5b1df8529ff8d88e9c6a0f9f70_robinhood,DOTARENA,DOTARENA,0x872daa9fe7528f5b1df8529ff8d88e9c6a0f9f70_robinhood,dot.png,100000000000,"{""robinhood"":""0x872daa9fe7528f5b1df8529ff8d88e9c6a0f9f70""}",18
0x4341cd8d7bd4db0b7eb4d05a09f58017b029077b_binance_smart,ADAM,ADAM,0x4341cd8d7bd4db0b7eb4d05a09f58017b029077b_binance_smart,ada.png,21000000,"{""binance_smart"":""0x4341cd8d7bd4db0b7eb4d05a09f58017b029077b""}",18
0x9c05cbec6c6f8ce87926fec6a491314030d4215c_robinhood,HOTDOG,Costco Hotdog,0x9c05cbec6c6f8ce87926fec6a491314030d4215c_robinhood,hot.png,1000000000,"{""robinhood"":""0x9c05cbec6c6f8ce87926fec6a491314030d4215c""}",18
0x654197e4f02a53e04059125847c19207d7535c18_binance_smart,财富币,财富币,0x654197e4f02a53e04059125847c19207d7535c18_binance_smart,.png,1000000000,"{""binance_smart"":""0x654197e4f02a53e04059125847c19207d7535c18""}",18
0x51c7a88230f9e11945c25d058a583e6703e61e18_robinhood,ICU,ICU 👁️,0x51c7a88230f9e11945c25d058a583e6703e61e18_robinhood,0x51c7a88230f9e11945c25d058a583e6703e61e18_robinhoodNOK.png,1000000000,"{""robinhood"":""0x51c7a88230f9e11945c25d058a583e6703e61e18""}",18
0xbeac4c5850c8967859fb72fa5fd1b3b083e3d935_robinhood,Pygoscelis,Pygoscelis kerguelensis,0xbeac4c5850c8967859fb72fa5fd1b3b083e3d935_robinhood,pyg.png,1000000000,"{""robinhood"":""0xbeac4c5850c8967859fb72fa5fd1b3b083e3d935""}",18
0xd69cce34521aa9f1b8425afacfc8f2ec2d9c88ae_robinhood,SMOKEY,Smokey Bear,0xd69cce34521aa9f1b8425afacfc8f2ec2d9c88ae_robinhood,smo.png,1000000000,"{""robinhood"":""0xd69cce34521aa9f1b8425afacfc8f2ec2d9c88ae""}",18
0x020ef48079182f7ae0504d19db1975239076d708_binance_smart,👑SHIT,👑Shit Elon,0x020ef48079182f7ae0504d19db1975239076d708_binance_smart,shi.png,1000000000,"{""binance_smart"":""0x020ef48079182f7ae0504d19db1975239076d708""}",18
0xd286370f6013f78df2b770319f0874723ae944d9_robinhood,DUCAT,DUCAT,0xd286370f6013f78df2b770319f0874723ae944d9_robinhood,duc.png,1000000000,"{""robinhood"":""0xd286370f6013f78df2b770319f0874723ae944d9""}",18
7BN68PVzqWV6EjK8J8Y6Q1h5C8FFD5ZRZVscXyJDpump_solana,20xx,20xx,7BN68PVzqWV6EjK8J8Y6Q1h5C8FFD5ZRZVscXyJDpump_solana,20x.png,1000000000,"{""solana"":""7BN68PVzqWV6EjK8J8Y6Q1h5C8FFD5ZRZVscXyJDpump""}",18
0x041edb0e9a5e2388f710ac4c3e66dbd968115f8f_robinhood,ZELP,Zelp,0x041edb0e9a5e2388f710ac4c3e66dbd968115f8f_robinhood,zel.png,1000000000,"{""robinhood"":""0x041edb0e9a5e2388f710ac4c3e66dbd968115f8f""}",18
0x5bae5cbf9b41299ef2c9da67162d358c03eccbc5_robinhood,FLOOOR,Flooor Fun,0x5bae5cbf9b41299ef2c9da67162d358c03eccbc5_robinhood,flo.png,1000000000,"{""robinhood"":""0x5bae5cbf9b41299ef2c9da67162d358c03eccbc5""}",18
2dPdzFfRYFoxci8ghe7VmoY6JboTJXMkciAk51aSZnrP_solana,乖乖,乖乖,2dPdzFfRYFoxci8ghe7VmoY6JboTJXMkciAk51aSZnrP_solana,.png,1000000000,"{""solana"":""2dPdzFfRYFoxci8ghe7VmoY6JboTJXMkciAk51aSZnrP""}",18
0x33a98a6c73256736e45a2a78c23c20031feb732d_binance_smart,KING,KingCycle,0x33a98a6c73256736e45a2a78c23c20031feb732d_binance_smart,kin.png,1000000000,"{""binance_smart"":""0x33a98a6c73256736e45a2a78c23c20031feb732d""}",18
FMqh9mqR6drPZqqW6wPqLHxX4rqNDWGhYLaMfoaJpump_solana,world,world.xyz,FMqh9mqR6drPZqqW6wPqLHxX4rqNDWGhYLaMfoaJpump_solana,wor.png,1000000000,"{""solana"":""FMqh9mqR6drPZqqW6wPqLHxX4rqNDWGhYLaMfoaJpump""}",18
0x2100a39f514d8fe3f26963a29b95b030a0a5d4b7_base,UPONLY,UPONLY,0x2100a39f514d8fe3f26963a29b95b030a0a5d4b7_base,0x2100a39f514d8fe3f26963a29b95b030a0a5d4b7_base9BH.png,100000000000,"{""base"":""0x2100a39f514d8fe3f26963a29b95b030a0a5d4b7""}",18
0xb8a8aab41d7720b6d86e043654bb038426463333_binance_smart,小火箭,小火箭,0xb8a8aab41d7720b6d86e043654bb038426463333_binance_smart,.png,21000000,"{""binance_smart"":""0xb8a8aab41d7720b6d86e043654bb038426463333""}",18
0xe24999117d1f292eec843b22f4c9868613ae9f08_binance_smart,WHAL,Whale Pro,0xe24999117d1f292eec843b22f4c9868613ae9f08_binance_smart,wha.png,1000000000,"{""binance_smart"":""0xe24999117d1f292eec843b22f4c9868613ae9f08""}",18
0x80add3ba30fc36c16d98a004698e9c08ba867777_binance_smart,BCB,BCB,0x80add3ba30fc36c16d98a004698e9c08ba867777_binance_smart,bcb.png,1000000000,"{""binance_smart"":""0x80add3ba30fc36c16d98a004698e9c08ba867777""}",18
G6autZruJLEzYKRh84qTsbVhrTvLEbjBYdHnBQH1zitp_solana,backpack,Bear 89 Backpack,G6autZruJLEzYKRh84qTsbVhrTvLEbjBYdHnBQH1zitp_solana,bac.png,1000000000,"{""solana"":""G6autZruJLEzYKRh84qTsbVhrTvLEbjBYdHnBQH1zitp""}",18
0x7b7cfb684e0c2ef78b9788b33b290de0f65bf803_binance_smart,SUPE,SUPERCash Pro,0x7b7cfb684e0c2ef78b9788b33b290de0f65bf803_binance_smart,sup.png,1000000000,"{""binance_smart"":""0x7b7cfb684e0c2ef78b9788b33b290de0f65bf803""}",18
B3jjDNkBw48utaFxRRSWxg4oUkN23YxodChdEf4bxhQS_solana,BITDOG,BITCOIN DOG,B3jjDNkBw48utaFxRRSWxg4oUkN23YxodChdEf4bxhQS_solana,bit.png,1000000000,"{""solana"":""B3jjDNkBw48utaFxRRSWxg4oUkN23YxodChdEf4bxhQS""}",18
0xdac539fafeda09f0832fcf0fb70eac057c9fc5ea_binance_smart,土豪链🐶,土豪链🐶,0xdac539fafeda09f0832fcf0fb70eac057c9fc5ea_binance_smart,.png,1000000000,"{""binance_smart"":""0xdac539fafeda09f0832fcf0fb70eac057c9fc5ea""}",18
0x468512e454ce456b729317b689d975f24aa5101d_base,boar,boar,0x468512e454ce456b729317b689d975f24aa5101d_base,boa.png,100000000000,"{""base"":""0x468512e454ce456b729317b689d975f24aa5101d""}",18
0xd9d674b04a72affe00e06385535eaac10b988fca_robinhood,DRILL,Project Mars,0xd9d674b04a72affe00e06385535eaac10b988fca_robinhood,dri.png,5252086,"{""robinhood"":""0xd9d674b04a72affe00e06385535eaac10b988fca""}",18
0x539df202914e1ee2e8e78e005410e75c6b76247a_binance_smart,🦊CATT,🦊CatToken,0x539df202914e1ee2e8e78e005410e75c6b76247a_binance_smart,cat.png,1000000000,"{""binance_smart"":""0x539df202914e1ee2e8e78e005410e75c6b76247a""}",18
2nJpGnrkX6pDPstr4JELcWnGsjiN57vajfR89iZkpump_solana,MUNKIEAI,MUNKIE AI,2nJpGnrkX6pDPstr4JELcWnGsjiN57vajfR89iZkpump_solana,mun.png,1000000000,"{""solana"":""2nJpGnrkX6pDPstr4JELcWnGsjiN57vajfR89iZkpump""}",18
7Qy2cXpdj4Fu2DUPVWdN3oogM3JSwLUV2LZaKVgVcPZh_solana,HYPERCAT,HYPERCAT,7Qy2cXpdj4Fu2DUPVWdN3oogM3JSwLUV2LZaKVgVcPZh_solana,hyp.png,1000000000,"{""solana"":""7Qy2cXpdj4Fu2DUPVWdN3oogM3JSwLUV2LZaKVgVcPZh""}",18
B5ANwoWkptDv1QszdPHXjCF2gTWdo27FGLffdfXzzoe6_solana,POKEMON,POKÉMON CARDS,B5ANwoWkptDv1QszdPHXjCF2gTWdo27FGLffdfXzzoe6_solana,pok.png,1000000000,"{""solana"":""B5ANwoWkptDv1QszdPHXjCF2gTWdo27FGLffdfXzzoe6""}",18
0xf014a3782e6979bd965376f6638d90914820ebff_robinhood,+,+,0xf014a3782e6979bd965376f6638d90914820ebff_robinhood,.png,1000000000,"{""robinhood"":""0xf014a3782e6979bd965376f6638d90914820ebff""}",18
0xa4c998d0df22251d470d068ab0f93f674aeb2da5_robinhood,stardih,stardih,0xa4c998d0df22251d470d068ab0f93f674aeb2da5_robinhood,sta.png,1000000000,"{""robinhood"":""0xa4c998d0df22251d470d068ab0f93f674aeb2da5""}",18
A8y9JAqjrSiDqufnL63qPMQUxe25TqnbJiDheRbXPfPt_solana,OFY,OffYield Neobank,A8y9JAqjrSiDqufnL63qPMQUxe25TqnbJiDheRbXPfPt_solana,ofy.png,1000000000,"{""solana"":""A8y9JAqjrSiDqufnL63qPMQUxe25TqnbJiDheRbXPfPt""}",18
0x05d73a652529f0b1a6dd2b89de26b449ec9f1e18_robinhood,A,Adell,0x05d73a652529f0b1a6dd2b89de26b449ec9f1e18_robinhood,0x05d73a652529f0b1a6dd2b89de26b449ec9f1e18_robinhood1uY.png,1000000000,"{""robinhood"":""0x05d73a652529f0b1a6dd2b89de26b449ec9f1e18""}",18
Eh1ihWq4vWLE218nRZrL8Dv5R8GMD9J4zYaJjhQ7CxN_solana,www,world wide web,Eh1ihWq4vWLE218nRZrL8Dv5R8GMD9J4zYaJjhQ7CxN_solana,www.png,100000000000,"{""solana"":""Eh1ihWq4vWLE218nRZrL8Dv5R8GMD9J4zYaJjhQ7CxN""}",18
0x3b529644369dfd7f7acd4dd60ea9ce756b425424_robinhood,AVOCADO,Avocado,0x3b529644369dfd7f7acd4dd60ea9ce756b425424_robinhood,avo.png,1000000000,"{""robinhood"":""0x3b529644369dfd7f7acd4dd60ea9ce756b425424""}",18
GBNCTFPnVCh852xrnjJLi2eVpPb3LW59ZGiSkvjDEqN_solana,SNOWMOON,snowmoon,GBNCTFPnVCh852xrnjJLi2eVpPb3LW59ZGiSkvjDEqN_solana,sno.png,1000000000,"{""solana"":""GBNCTFPnVCh852xrnjJLi2eVpPb3LW59ZGiSkvjDEqN""}",18
L7aGGyMZZrqMvVtKTVLdgytL6LEz81Ukk35436mR4WL_solana,boar,boar,L7aGGyMZZrqMvVtKTVLdgytL6LEz81Ukk35436mR4WL_solana,boa.png,1000000000,"{""solana"":""L7aGGyMZZrqMvVtKTVLdgytL6LEz81Ukk35436mR4WL""}",18
6MzJXW5yk98X7ihAXXdvLrVxBkawaJhW8sFEhiu9ca3v_solana,INU,"Invisible, Nameless, Untraceable",6MzJXW5yk98X7ihAXXdvLrVxBkawaJhW8sFEhiu9ca3v_solana,inu.png,1000000000,"{""solana"":""6MzJXW5yk98X7ihAXXdvLrVxBkawaJhW8sFEhiu9ca3v""}",18
0x7cb24fda276a83f1a3c8f8dda90db827fac501e4_binance_smart,META,Meta,0x7cb24fda276a83f1a3c8f8dda90db827fac501e4_binance_smart,met.png,1000000000,"{""binance_smart"":""0x7cb24fda276a83f1a3c8f8dda90db827fac501e4""}",18
6GGY8GViCR5v4xR4Lxb4nfiAJsEoJua5Gj6YecxbJ4BQ_solana,CLAWHUNTER,Claw the Bounty Hunter,6GGY8GViCR5v4xR4Lxb4nfiAJsEoJua5Gj6YecxbJ4BQ_solana,cla.png,1000000000,"{""solana"":""6GGY8GViCR5v4xR4Lxb4nfiAJsEoJua5Gj6YecxbJ4BQ""}",18
0x9cc546a4091f184898c4155c1b9f6290075ef8fb_robinhood,STAX,Stax Finance,0x9cc546a4091f184898c4155c1b9f6290075ef8fb_robinhood,sta.png,1000000000,"{""robinhood"":""0x9cc546a4091f184898c4155c1b9f6290075ef8fb""}",18
B4znErXbWuFYitpwGm4Ek6MMrq2R1prFprfnYox53H7_solana,PAID,Paid,B4znErXbWuFYitpwGm4Ek6MMrq2R1prFprfnYox53H7_solana,pai.png,100000000000,"{""solana"":""B4znErXbWuFYitpwGm4Ek6MMrq2R1prFprfnYox53H7""}",18
0xfeaed3f922b829b6421565e937708b6d170bd3d0_robinhood,SOD,Sodium,0xfeaed3f922b829b6421565e937708b6d170bd3d0_robinhood,sod.png,1000000000,"{""robinhood"":""0xfeaed3f922b829b6421565e937708b6d170bd3d0""}",18
0x4befe5d1a90c676754f2434fe19506085e28b41f_robinhood,WAVE,WAVE,0x4befe5d1a90c676754f2434fe19506085e28b41f_robinhood,wav.png,1000000000,"{""robinhood"":""0x4befe5d1a90c676754f2434fe19506085e28b41f""}",18
0xc0ad26f4d3fb082a5419c98e966255499749393f_base,ETN,Electroneum (ENT),0xc0ad26f4d3fb082a5419c98e966255499749393f_base,etn.png,100000000000,"{""base"":""0xc0ad26f4d3fb082a5419c98e966255499749393f""}",18
0xba60a394627379ff6ae9688ef30b11da5a641e18_robinhood,LOCKHEEDINU,LOCKHEED INU,0xba60a394627379ff6ae9688ef30b11da5a641e18_robinhood,loc.png,1000000000,"{""robinhood"":""0xba60a394627379ff6ae9688ef30b11da5a641e18""}",18
BaBmQ2jRs4Nqb9xRE4eKTr1LJGpCRFomP8JWy8P31Mb_solana,CAKE,cake.xmr,BaBmQ2jRs4Nqb9xRE4eKTr1LJGpCRFomP8JWy8P31Mb_solana,cak.png,100000000000,"{""solana"":""BaBmQ2jRs4Nqb9xRE4eKTr1LJGpCRFomP8JWy8P31Mb""}",18
FPF8ttQAoyCQferLteZyVAMJ2Ckmfc9xLq8y1UJtb3xK_solana,www,world wide web,FPF8ttQAoyCQferLteZyVAMJ2Ckmfc9xLq8y1UJtb3xK_solana,www.png,999999991,"{""solana"":""FPF8ttQAoyCQferLteZyVAMJ2Ckmfc9xLq8y1UJtb3xK""}",18
0x57903391ec981c01c2cfe8edb88247023fc9e89e_robinhood,SI,Super Inu,0x57903391ec981c01c2cfe8edb88247023fc9e89e_robinhood,si.png,10000000000,"{""robinhood"":""0x57903391ec981c01c2cfe8edb88247023fc9e89e""}",18
9d5MS8YpMzsoE8Mbrp7a6WY9jjYA2NtMoMXgMLnbG3r7_solana,Kitty,Hello Kitty,9d5MS8YpMzsoE8Mbrp7a6WY9jjYA2NtMoMXgMLnbG3r7_solana,kit.png,1000000000,"{""solana"":""9d5MS8YpMzsoE8Mbrp7a6WY9jjYA2NtMoMXgMLnbG3r7""}",18
0x097d3978fdfbccae28fd3f56de069955c738dd5b_robinhood,ARTIFICIAL,ARTIFICIAL,0x097d3978fdfbccae28fd3f56de069955c738dd5b_robinhood,art.png,1000000000,"{""robinhood"":""0x097d3978fdfbccae28fd3f56de069955c738dd5b""}",18
0xbd9fceaf34ce6fccf225cc17a17bf868924b2480_robinhood,MINTFOLIO,Mintfolio,0xbd9fceaf34ce6fccf225cc17a17bf868924b2480_robinhood,min.png,1000000000,"{""robinhood"":""0xbd9fceaf34ce6fccf225cc17a17bf868924b2480""}",18
0xadf01e3a5fec18c82820bc067d9c6c097f51597b_base,MUSICFREE,MUSICFREE github.com/maotoumao/MUSICFREE,0xadf01e3a5fec18c82820bc067d9c6c097f51597b_base,mus.png,1000000000,"{""base"":""0xadf01e3a5fec18c82820bc067d9c6c097f51597b""}",18
2LdFGycRt3H5FbLsYNuMEoW7aimEth2MUiFedTid4V9q_solana,CASH,binance square CASH,2LdFGycRt3H5FbLsYNuMEoW7aimEth2MUiFedTid4V9q_solana,cas.png,1000000000,"{""solana"":""2LdFGycRt3H5FbLsYNuMEoW7aimEth2MUiFedTid4V9q""}",18
0xe7e553cd128f0011777323a0b44a7b96ea1cb540_hyperevm,wSPYx,Wrapped SP500 xStock,0xe7e553cd128f0011777323a0b44a7b96ea1cb540_hyperevm,wsp.png,302.465,"{""hyperevm"":""0xe7e553cd128f0011777323a0b44a7b96ea1cb540""}",18
0x46d93bba39b980eda299636c719c67158679e58b_binance_smart,CHAD🏆,Chad Baby🏆,0x46d93bba39b980eda299636c719c67158679e58b_binance_smart,cha.png,1000000000,"{""binance_smart"":""0x46d93bba39b980eda299636c719c67158679e58b""}",18
0x4c2f59ea682a90c16584a69db234967e1385f4cd_robinhood,CGNA,Cognia Network,0x4c2f59ea682a90c16584a69db234967e1385f4cd_robinhood,0x4c2f59ea682a90c16584a69db234967e1385f4cd_robinhoodgFV.png,1000000000,"{""robinhood"":""0x4c2f59ea682a90c16584a69db234967e1385f4cd""}",18
8g39wDpvHRMrwPJKg3XrYg3yM7Un2XE7A4Faomu7PHgN_solana,CashTagXT,CashTagXT,8g39wDpvHRMrwPJKg3XrYg3yM7Un2XE7A4Faomu7PHgN_solana,cas.png,1000000000,"{""solana"":""8g39wDpvHRMrwPJKg3XrYg3yM7Un2XE7A4Faomu7PHgN""}",18
0x4865e21fc2d3e78f512cbb9ad3ff2dc5dd143548_binance_smart,CAT,CatBank,0x4865e21fc2d3e78f512cbb9ad3ff2dc5dd143548_binance_smart,cat.png,1000000000,"{""binance_smart"":""0x4865e21fc2d3e78f512cbb9ad3ff2dc5dd143548""}",18
0x3c8e0a91d67387f8ac2084427db890930003bb04_binance_smart,PUM,Pump,0x3c8e0a91d67387f8ac2084427db890930003bb04_binance_smart,pum.png,1000000000,"{""binance_smart"":""0x3c8e0a91d67387f8ac2084427db890930003bb04""}",18
0x5c80088f31b461bf285ff2c430f1496ace3fef7b_binance_smart,天蝎座金,天蝎座金融,0x5c80088f31b461bf285ff2c430f1496ace3fef7b_binance_smart,.png,1000000000,"{""binance_smart"":""0x5c80088f31b461bf285ff2c430f1496ace3fef7b""}",18
0x15b7726f3d6453f6dc41d35b53591628e3fca1e4_binance_smart,狮子座,狮子座,0x15b7726f3d6453f6dc41d35b53591628e3fca1e4_binance_smart,.png,1000000000,"{""binance_smart"":""0x15b7726f3d6453f6dc41d35b53591628e3fca1e4""}",18
0xb9d3610605a891cb36eb712a7f4ee5744669f9ba_binance_smart,🐵WHAL,🐵WhaleToken,0xb9d3610605a891cb36eb712a7f4ee5744669f9ba_binance_smart,wha.png,1000000000,"{""binance_smart"":""0xb9d3610605a891cb36eb712a7f4ee5744669f9ba""}",18
0x4f11d7603d1b0d0f021db552d8a6d88d7fa38ecf_robinhood,aUSD,Arrow USD,0x4f11d7603d1b0d0f021db552d8a6d88d7fa38ecf_robinhood,0x4f11d7603d1b0d0f021db552d8a6d88d7fa38ecf_robinhoodKzp.png,230802,"{""robinhood"":""0x4f11d7603d1b0d0f021db552d8a6d88d7fa38ecf""}",18
Hp6RGBLiiuTmVgRY7Tap3YVWVp5ZWKd3KW4NQFrXYwaR_solana,货币自由,Freedom of Money,Hp6RGBLiiuTmVgRY7Tap3YVWVp5ZWKd3KW4NQFrXYwaR_solana,.png,1000000000,"{""solana"":""Hp6RGBLiiuTmVgRY7Tap3YVWVp5ZWKd3KW4NQFrXYwaR""}",18
0xcefd0984b46bfa9bb6e4caf090f269e13aeab49f_binance_smart,🌙黄金链,🌙黄金链,0xcefd0984b46bfa9bb6e4caf090f269e13aeab49f_binance_smart,.png,1000000000,"{""binance_smart"":""0xcefd0984b46bfa9bb6e4caf090f269e13aeab49f""}",18
0xc128cff327292ffa3a5a964fd7c7075ab3322a24_binance_smart,RITUAL,Ritual,0xc128cff327292ffa3a5a964fd7c7075ab3322a24_binance_smart,rit.png,1000000000000,"{""binance_smart"":""0xc128cff327292ffa3a5a964fd7c7075ab3322a24""}",18
0x08bcf2f36fe2fcc9d2de33ff5c4f4a3ce484b67f_binance_smart,转运币,转运币,0x08bcf2f36fe2fcc9d2de33ff5c4f4a3ce484b67f_binance_smart,.png,1000000000,"{""binance_smart"":""0x08bcf2f36fe2fcc9d2de33ff5c4f4a3ce484b67f""}",18
EXAPBwU69EgXdi6UYyDyYQiiQs7NM27Y6bxEQBDFvc29_solana,国庆快乐,国庆节快乐,EXAPBwU69EgXdi6UYyDyYQiiQs7NM27Y6bxEQBDFvc29_solana,.png,1000000000,"{""solana"":""EXAPBwU69EgXdi6UYyDyYQiiQs7NM27Y6bxEQBDFvc29""}",18
0x11d8f641f11f9792880687e59cb5df371a227777_binance_smart,势不可挡,AI智能下跌回购对冲协议303956208,0x11d8f641f11f9792880687e59cb5df371a227777_binance_smart,.png,1000000000,"{""binance_smart"":""0x11d8f641f11f9792880687e59cb5df371a227777""}",18
FvhorDts9M8uJekzs3pBcYUPUjWtCTrGLhdv3ADHyeRY_solana,LinkedInu,LinkedInu,FvhorDts9M8uJekzs3pBcYUPUjWtCTrGLhdv3ADHyeRY_solana,lin.png,1000000000,"{""solana"":""FvhorDts9M8uJekzs3pBcYUPUjWtCTrGLhdv3ADHyeRY""}",18
9BHKEALBh5cFdKuSzvhXxFroKokMzkALYEiZSRQGyiJ6_solana,AI,Artificial Influencer,9BHKEALBh5cFdKuSzvhXxFroKokMzkALYEiZSRQGyiJ6_solana,ai.png,1000000000,"{""solana"":""9BHKEALBh5cFdKuSzvhXxFroKokMzkALYEiZSRQGyiJ6""}",18
0xbbc91cd1c47faf549a7e3f00c71cb33a640c449e_ethereum,ARGOSTR,ArgonautStrategy,0xbbc91cd1c47faf549a7e3f00c71cb33a640c449e_ethereum,arg.png,1000000000,"{""ethereum"":""0xbbc91cd1c47faf549a7e3f00c71cb33a640c449e""}",18
0xd77def3d693ea651f2e86ebc1c012fd3cef97553_binance_smart,💎牛市,💎牛市,0xd77def3d693ea651f2e86ebc1c012fd3cef97553_binance_smart,.png,1000000000,"{""binance_smart"":""0xd77def3d693ea651f2e86ebc1c012fd3cef97553""}",18
Kme8Cx8SgHNX3WUBeX43aAmtcm8weBzhNgDj2yVzmem_solana,CLONES,CLONES,Kme8Cx8SgHNX3WUBeX43aAmtcm8weBzhNgDj2yVzmem_solana,clo.png,100000000000,"{""solana"":""Kme8Cx8SgHNX3WUBeX43aAmtcm8weBzhNgDj2yVzmem""}",18
F7TGXvFggzuhokaFh8Sux5xnmaoquiyWQYdhgv8tzSUQ_solana,CZ,Cindy Zheng,F7TGXvFggzuhokaFh8Sux5xnmaoquiyWQYdhgv8tzSUQ_solana,cz.png,1000000000,"{""solana"":""F7TGXvFggzuhokaFh8Sux5xnmaoquiyWQYdhgv8tzSUQ""}",18
0xf0ec262208698ccfe687a3986151bcbc595aa637_robinhood,bukangi,부캉이 busan shark,0xf0ec262208698ccfe687a3986151bcbc595aa637_robinhood,buk.png,1000000000,"{""robinhood"":""0xf0ec262208698ccfe687a3986151bcbc595aa637""}",18
GmcE2CCpb6QLzzNRW4qg9iMhdk8rtexNP3EC5rFHJQma_solana,WAGMI,We Are Gonna Make It,GmcE2CCpb6QLzzNRW4qg9iMhdk8rtexNP3EC5rFHJQma_solana,wag.png,1000000000,"{""solana"":""GmcE2CCpb6QLzzNRW4qg9iMhdk8rtexNP3EC5rFHJQma""}",18
6DrUKKWwfKH5E5nf9CDEYBxkQ2uCVwXcEu8uoMAXgzEA_solana,100x,100x,6DrUKKWwfKH5E5nf9CDEYBxkQ2uCVwXcEu8uoMAXgzEA_solana,100.png,1000000000,"{""solana"":""6DrUKKWwfKH5E5nf9CDEYBxkQ2uCVwXcEu8uoMAXgzEA""}",18
0x83520baa108c4154b5a05896088302293b9cc931_robinhood,GHOOK,gethook.fun,0x83520baa108c4154b5a05896088302293b9cc931_robinhood,gho.png,1000000000,"{""robinhood"":""0x83520baa108c4154b5a05896088302293b9cc931""}",18
DiKuZeCxW2TjES4nhPthhkqm5MdcSNYT8XeinWUuWW4_solana,www,world wide web,DiKuZeCxW2TjES4nhPthhkqm5MdcSNYT8XeinWUuWW4_solana,www.png,100000000000,"{""solana"":""DiKuZeCxW2TjES4nhPthhkqm5MdcSNYT8XeinWUuWW4""}",18
J71u7Ms2A28ojf62EZ8DuxpfxRdtZekFVDTxC1Xdm2kY_solana,CLAUDE AI,CLAUDE AI,J71u7Ms2A28ojf62EZ8DuxpfxRdtZekFVDTxC1Xdm2kY_solana,cla.png,1000000000,"{""solana"":""J71u7Ms2A28ojf62EZ8DuxpfxRdtZekFVDTxC1Xdm2kY""}",18
3Wy23DkdZ5fBipQDw8pW7tdQMEFUgd81S8k5QuBgKdPs_solana,bag,digital bag by highschool girls,3Wy23DkdZ5fBipQDw8pW7tdQMEFUgd81S8k5QuBgKdPs_solana,bag.png,1000000000,"{""solana"":""3Wy23DkdZ5fBipQDw8pW7tdQMEFUgd81S8k5QuBgKdPs""}",18
Qnk3LWDyUKzRS3QvrN95LfKa8Yd5gPCgMwJweCgm1RF_solana,제로,Zero,Qnk3LWDyUKzRS3QvrN95LfKa8Yd5gPCgMwJweCgm1RF_solana,.png,999999962,"{""solana"":""Qnk3LWDyUKzRS3QvrN95LfKa8Yd5gPCgMwJweCgm1RF""}",18
0x2f2ec902cd3c9e7401ca6aea7533018d210acf6c_binance_smart,MEGA,MegaBitcoin,0x2f2ec902cd3c9e7401ca6aea7533018d210acf6c_binance_smart,meg.png,1000000000,"{""binance_smart"":""0x2f2ec902cd3c9e7401ca6aea7533018d210acf6c""}",18
0x9570cd033482516aa616eb2b5d543d8e3782b89e_binance_smart,WEBC,Web3Chain,0x9570cd033482516aa616eb2b5d543d8e3782b89e_binance_smart,web.png,1000000000,"{""binance_smart"":""0x9570cd033482516aa616eb2b5d543d8e3782b89e""}",18
3WL7zvE1PtXFGS7La6eLrD6EsQDuiW5bCD8gUdP5KG9v_solana,PvZ,Plants vs. Zombies,3WL7zvE1PtXFGS7La6eLrD6EsQDuiW5bCD8gUdP5KG9v_solana,pvz.png,1000000001,"{""solana"":""3WL7zvE1PtXFGS7La6eLrD6EsQDuiW5bCD8gUdP5KG9v""}",18
DpQLuBNgHS5PH1GvuQ4sVKPwAhjjj9A6M8dJMA9hMEpa_solana,中国人能飞,中国人能飞火箭,DpQLuBNgHS5PH1GvuQ4sVKPwAhjjj9A6M8dJMA9hMEpa_solana,.png,1000000000,"{""solana"":""DpQLuBNgHS5PH1GvuQ4sVKPwAhjjj9A6M8dJMA9hMEpa""}",18
VSoFhXns5HYy97KcZH99stUGD6B5UT9QJvAHKd3Xvr4_solana,VSOF,Vanguard Strategic Oil Fund,VSoFhXns5HYy97KcZH99stUGD6B5UT9QJvAHKd3Xvr4_solana,vso.png,1000000000,"{""solana"":""VSoFhXns5HYy97KcZH99stUGD6B5UT9QJvAHKd3Xvr4""}",18
0x261d0a2633b2b9ac01b2f4b1571a5416d001a1a5_robinhood,PROOF,PROOF,0x261d0a2633b2b9ac01b2f4b1571a5416d001a1a5_robinhood,pro.png,100000000000,"{""robinhood"":""0x261d0a2633b2b9ac01b2f4b1571a5416d001a1a5""}",18
SLMy89moB9o2cfFCUY7k6kP5sSfS9vroN5hJsFjP1xv_solana,CAKE,cake.xmr,SLMy89moB9o2cfFCUY7k6kP5sSfS9vroN5hJsFjP1xv_solana,cak.png,1000000000,"{""solana"":""SLMy89moB9o2cfFCUY7k6kP5sSfS9vroN5hJsFjP1xv""}",18
GPzpoXpD74E2C4CJNayuoyBqPQJEsPtdse3nhntrpump_solana,LOOKSMAX,looksmax.org,GPzpoXpD74E2C4CJNayuoyBqPQJEsPtdse3nhntrpump_solana,loo.png,1000000000,"{""solana"":""GPzpoXpD74E2C4CJNayuoyBqPQJEsPtdse3nhntrpump""}",18
2Yw5E5w9UuYBoZiakxjuPXB9oXLbohqnWaAGQeazC3yq_solana,TRUMP SI,TRUMP SI,2Yw5E5w9UuYBoZiakxjuPXB9oXLbohqnWaAGQeazC3yq_solana,tru.png,999954740,"{""solana"":""2Yw5E5w9UuYBoZiakxjuPXB9oXLbohqnWaAGQeazC3yq""}",18
D8nfrGDFA1hPUHThshsL7mUse5Z4WZFYyxNe4CByEZR_solana,VRAX,Commander Vrax,D8nfrGDFA1hPUHThshsL7mUse5Z4WZFYyxNe4CByEZR_solana,vra.png,100000000000,"{""solana"":""D8nfrGDFA1hPUHThshsL7mUse5Z4WZFYyxNe4CByEZR""}",18
0xf3c3a0caa97f0a4d9dde5acb30c1066662a5f7eb_binance_smart,BABY,BabySwap,0xf3c3a0caa97f0a4d9dde5acb30c1066662a5f7eb_binance_smart,bab.png,1000000000,"{""binance_smart"":""0xf3c3a0caa97f0a4d9dde5acb30c1066662a5f7eb""}",18
6ZnCkq5t8XG4q42b5JiVvU6hV5cZFaNdSBoFq5E7Vf9q_solana,BLUAI,Bluwhale AI,6ZnCkq5t8XG4q42b5JiVvU6hV5cZFaNdSBoFq5E7Vf9q_solana,blu.png,26212368,"{""solana"":""6ZnCkq5t8XG4q42b5JiVvU6hV5cZFaNdSBoFq5E7Vf9q""}",18
53EsmDnAKLfiTuDv7QLG4rjhwtF1b8bXTcid8yYaw6Vy_solana,鹅次元,鹅次元,53EsmDnAKLfiTuDv7QLG4rjhwtF1b8bXTcid8yYaw6Vy_solana,.png,1000000000,"{""solana"":""53EsmDnAKLfiTuDv7QLG4rjhwtF1b8bXTcid8yYaw6Vy""}",18
7pTYxNiALh4btMF5y6viiNbAmbPmSSHKJcJyrTvMaNHK_solana,CURVE,CURVE,7pTYxNiALh4btMF5y6viiNbAmbPmSSHKJcJyrTvMaNHK_solana,cur.png,1000000000,"{""solana"":""7pTYxNiALh4btMF5y6viiNbAmbPmSSHKJcJyrTvMaNHK""}",18
0x4c6c67ed5b58c3524507233b11e9a5b77e87c5af_robinhood,ERRAND,errand,0x4c6c67ed5b58c3524507233b11e9a5b77e87c5af_robinhood,err.png,1000000000,"{""robinhood"":""0x4c6c67ed5b58c3524507233b11e9a5b77e87c5af""}",18
0x8baca6cd3a2715278ecb9c84eb06351212e4479d_robinhood,Nailoong,Nailong Airdrops,0x8baca6cd3a2715278ecb9c84eb06351212e4479d_robinhood,nai.png,1000000000,"{""robinhood"":""0x8baca6cd3a2715278ecb9c84eb06351212e4479d""}",18
shore-4lzt.launch.shoremarkets.near_near-protocol,SHORE,Shore,shore-4lzt.launch.shoremarkets.near_near-protocol,sho.png,1000000000,"{""near-protocol"":""shore-4lzt.launch.shoremarkets.near""}",18
0x9e535ca8b8e7eb75efde3924328b4b3d500aa6c8_binance_smart,GPT,GPTChain,0x9e535ca8b8e7eb75efde3924328b4b3d500aa6c8_binance_smart,gpt.png,1000000000,"{""binance_smart"":""0x9e535ca8b8e7eb75efde3924328b4b3d500aa6c8""}",18
0xcf33775b6bbb9cf85bdda267e202b998d51600dc_robinhood,HOPPR,hoppr,0xcf33775b6bbb9cf85bdda267e202b998d51600dc_robinhood,hop.png,1000000000,"{""robinhood"":""0xcf33775b6bbb9cf85bdda267e202b998d51600dc""}",18
0x7a7024bda971e1e1db3679f2096abd773f397777_binance_smart,币安风口,币安风口,0x7a7024bda971e1e1db3679f2096abd773f397777_binance_smart,.png,1000000000,"{""binance_smart"":""0x7a7024bda971e1e1db3679f2096abd773f397777""}",18
0x13982bb7c0703c6afdbe65fc696786489b383a33_robinhood,CMC,CoinMarketCat,0x13982bb7c0703c6afdbe65fc696786489b383a33_robinhood,cmc.png,1000000000,"{""robinhood"":""0x13982bb7c0703c6afdbe65fc696786489b383a33""}",18
3EVsmj8xAARnEVFTABtGxJFg8YdS1TorJMPRjSx7LTDF_solana,SRI,Super Retarded Inu,3EVsmj8xAARnEVFTABtGxJFg8YdS1TorJMPRjSx7LTDF_solana,sri.png,1000000000,"{""solana"":""3EVsmj8xAARnEVFTABtGxJFg8YdS1TorJMPRjSx7LTDF""}",18
0xc02aaa39b223fe8d0a0e5c4f27ead9083c756cc2_pulsechain,WETH,Wrapped Ether,0xc02aaa39b223fe8d0a0e5c4f27ead9083c756cc2_pulsechain,0xc02aaa39b223fe8d0a0e5c4f27ead9083c756cc2_pulsechain8xd.png,25957572514,"{""pulsechain"":""0xc02aaa39b223fe8d0a0e5c4f27ead9083c756cc2""}",18
0x7833b13aee2d62a487d5b731c62d183ec8a467fb_binance_smart,APES,ApeSamurai,0x7833b13aee2d62a487d5b731c62d183ec8a467fb_binance_smart,ape.png,1000000000,"{""binance_smart"":""0x7833b13aee2d62a487d5b731c62d183ec8a467fb""}",18
DFgiNSevZfjQt5EDMtbC4onjMLs1H1UShrwPNYXG9m3_solana,RO,RO/BOT,DFgiNSevZfjQt5EDMtbC4onjMLs1H1UShrwPNYXG9m3_solana,ro.png,99999996812,"{""solana"":""DFgiNSevZfjQt5EDMtbC4onjMLs1H1UShrwPNYXG9m3""}",18
0x059c62a09201e24758c4e3bdad1f0af154e3209a_binance_smart,CC💸,Club Corporation💸,0x059c62a09201e24758c4e3bdad1f0af154e3209a_binance_smart,cc.png,1000000000,"{""binance_smart"":""0x059c62a09201e24758c4e3bdad1f0af154e3209a""}",18
A6ZG4cYre3XLuGMAUpHkx9RPrCrgux9BDkQMBs7MJAGA_solana,Haaland,The Meme King,A6ZG4cYre3XLuGMAUpHkx9RPrCrgux9BDkQMBs7MJAGA_solana,haa.png,1000000002,"{""solana"":""A6ZG4cYre3XLuGMAUpHkx9RPrCrgux9BDkQMBs7MJAGA""}",18
4HhiPfpYEcmsGfZiwBRSDhD193QEVqEWVGJRjaCLV8jk_solana,π3.1415926,π3.1415926,4HhiPfpYEcmsGfZiwBRSDhD193QEVqEWVGJRjaCLV8jk_solana,314.png,1000000000,"{""solana"":""4HhiPfpYEcmsGfZiwBRSDhD193QEVqEWVGJRjaCLV8jk""}",18
0xeb5265b7b78693c276b0d3bdc71468d961da7777_binance_smart,GM,GREEN MORNING INU,0xeb5265b7b78693c276b0d3bdc71468d961da7777_binance_smart,gm.png,1000000000,"{""binance_smart"":""0xeb5265b7b78693c276b0d3bdc71468d961da7777""}",18
9KBc444CKTVm9HG9sB9i1h8QXdv5DTgXas7Stgx2hboR_solana,SI,Super Inu,9KBc444CKTVm9HG9sB9i1h8QXdv5DTgXas7Stgx2hboR_solana,si.png,1000000000,"{""solana"":""9KBc444CKTVm9HG9sB9i1h8QXdv5DTgXas7Stgx2hboR""}",18
0xa605875d620753f4fb06024b788b2b6552a81e18_robinhood,FTR,flying tesla roadster,0xa605875d620753f4fb06024b788b2b6552a81e18_robinhood,ftr.png,1000000000,"{""robinhood"":""0xa605875d620753f4fb06024b788b2b6552a81e18""}",18
2sQ7wuUtRWNir3CEu9HWfLDSut4AszDrcZXLobzJpump_solana,OCCAM,Occam,2sQ7wuUtRWNir3CEu9HWfLDSut4AszDrcZXLobzJpump_solana,occ.png,1000000000,"{""solana"":""2sQ7wuUtRWNir3CEu9HWfLDSut4AszDrcZXLobzJpump""}",18
7MQg7uBZaiJaNXPztkh45ZgSDepFQtTeduFQDF9MoKtj_solana,QQ,QQ,7MQg7uBZaiJaNXPztkh45ZgSDepFQtTeduFQDF9MoKtj_solana,qq.png,999999874,"{""solana"":""7MQg7uBZaiJaNXPztkh45ZgSDepFQtTeduFQDF9MoKtj""}",18
0x183ffbed812202a4dea1ef8a86b52f3b09f6ffff_binance_smart,四,Super Inu,0x183ffbed812202a4dea1ef8a86b52f3b09f6ffff_binance_smart,0x183ffbed812202a4dea1ef8a86b52f3b09f6ffff_binance_smartWl0.png,1000000000,"{""binance_smart"":""0x183ffbed812202a4dea1ef8a86b52f3b09f6ffff""}",18
0x85a8e6ddbe715007565c8b3cd23be57c542d7b6b_binance_smart,💯BNB,💯BNB,0x85a8e6ddbe715007565c8b3cd23be57c542d7b6b_binance_smart,bnb.png,1000000000,"{""binance_smart"":""0x85a8e6ddbe715007565c8b3cd23be57c542d7b6b""}",18
FWcLzgWf6Z8BexqAefgHfSwmCgb2eyXdH9XPV9oJxcSj_solana,NEAR,NEAR Protocol,FWcLzgWf6Z8BexqAefgHfSwmCgb2eyXdH9XPV9oJxcSj_solana,nea.png,1000000000,"{""solana"":""FWcLzgWf6Z8BexqAefgHfSwmCgb2eyXdH9XPV9oJxcSj""}",18
EFtMJryTCBdDcc7MS1wnsW41wD6edXcvLkUvH3v1pump_solana,SIP,SuperIntelligence Pets,EFtMJryTCBdDcc7MS1wnsW41wD6edXcvLkUvH3v1pump_solana,sip.png,995231589,"{""solana"":""EFtMJryTCBdDcc7MS1wnsW41wD6edXcvLkUvH3v1pump""}",18
0x17c6c79b3ad532b1bf18ff12eea2d65aa1a304d2_base,Denim,Denim,0x17c6c79b3ad532b1bf18ff12eea2d65aa1a304d2_base,den.png,1000000000,"{""base"":""0x17c6c79b3ad532b1bf18ff12eea2d65aa1a304d2""}",18
4Ppr1pVMfJbtJusZdDJmAFG9zuppu8tXz3SaK8a1axmR_solana,JUMP,Jumper,4Ppr1pVMfJbtJusZdDJmAFG9zuppu8tXz3SaK8a1axmR_solana,jum.png,100000000000,"{""solana"":""4Ppr1pVMfJbtJusZdDJmAFG9zuppu8tXz3SaK8a1axmR""}",18
0x42ec143100407e326e5f15fa39a106d42d447196_binance_smart,🌟BRE,🌟BrettChain,0x42ec143100407e326e5f15fa39a106d42d447196_binance_smart,bre.png,1000000000,"{""binance_smart"":""0x42ec143100407e326e5f15fa39a106d42d447196""}",18
0x21e28ba25db3728764ee17ffdf9934b192dc5013_binance_smart,太阳天蝎,太阳天蝎座,0x21e28ba25db3728764ee17ffdf9934b192dc5013_binance_smart,.png,1000000000,"{""binance_smart"":""0x21e28ba25db3728764ee17ffdf9934b192dc5013""}",18
0x692fd8e7b4ea2e4f5283449e580b15f25d085d24_binance_smart,SILL💯,SillyReal💯,0x692fd8e7b4ea2e4f5283449e580b15f25d085d24_binance_smart,sil.png,1000000000,"{""binance_smart"":""0x692fd8e7b4ea2e4f5283449e580b15f25d085d24""}",18
5UwDB5oy5muNkLW7W8i9cnmedxysygs4J2xybMAjpump_solana,d/acc,Diamond Accelerationism,5UwDB5oy5muNkLW7W8i9cnmedxysygs4J2xybMAjpump_solana,dac.png,966647382,"{""solana"":""5UwDB5oy5muNkLW7W8i9cnmedxysygs4J2xybMAjpump""}",18
45YqhALj5NLKXKrCPZxrHVkxVFAbMpygCj7Se3n1yvj2_solana,BNCDAO,BNCDAO,45YqhALj5NLKXKrCPZxrHVkxVFAbMpygCj7Se3n1yvj2_solana,bnc.png,100000000000,"{""solana"":""45YqhALj5NLKXKrCPZxrHVkxVFAbMpygCj7Se3n1yvj2""}",18
0xc966798540ff0edb5cd116f28c7c399e442e611d_robinhood,NSTOCKS,notSTOCKS,0xc966798540ff0edb5cd116f28c7c399e442e611d_robinhood,nst.png,1000000000,"{""robinhood"":""0xc966798540ff0edb5cd116f28c7c399e442e611d""}",18
0xd61b8baa9c2552c41c75e17f0d3f17f6423f44b5_binance_smart,STOC,StockFair,0xd61b8baa9c2552c41c75e17f0d3f17f6423f44b5_binance_smart,sto.png,1000000000,"{""binance_smart"":""0xd61b8baa9c2552c41c75e17f0d3f17f6423f44b5""}",18
0x875aabde67c43487fe3e4fec9e91c5501b6af458_binance_smart,🚀GANG,🚀Gang Star,0x875aabde67c43487fe3e4fec9e91c5501b6af458_binance_smart,gan.png,1000000000,"{""binance_smart"":""0x875aabde67c43487fe3e4fec9e91c5501b6af458""}",18
0x360a4b70230ce96bc5105bee83112ce6270b06a9_robinhood,LIQCAT,Liquid Cat,0x360a4b70230ce96bc5105bee83112ce6270b06a9_robinhood,0x360a4b70230ce96bc5105bee83112ce6270b06a9_robinhood2SC.png,100000000000,"{""robinhood"":""0x360a4b70230ce96bc5105bee83112ce6270b06a9""}",18
95X9YhuRKtcjLLVoAgBbnGyTU2wm4BYEy1BXbg8hKJ7m_solana,BAGSPAY,BagsPay,95X9YhuRKtcjLLVoAgBbnGyTU2wm4BYEy1BXbg8hKJ7m_solana,bag.png,1000000001,"{""solana"":""95X9YhuRKtcjLLVoAgBbnGyTU2wm4BYEy1BXbg8hKJ7m""}",18
8Tse1JRisdT9uCVf1PLV81NneZh2roooDszTcYhC4gWs_solana,TCAT,Town Cat,8Tse1JRisdT9uCVf1PLV81NneZh2roooDszTcYhC4gWs_solana,tca.png,1000000000,"{""solana"":""8Tse1JRisdT9uCVf1PLV81NneZh2roooDszTcYhC4gWs""}",18
F7VAtjop1qwU1gHNihM78ky1BvDuym5eLvSAnTE38jo5_solana,中国人能飞,中国人能飞火箭,F7VAtjop1qwU1gHNihM78ky1BvDuym5eLvSAnTE38jo5_solana,.png,1000000000,"{""solana"":""F7VAtjop1qwU1gHNihM78ky1BvDuym5eLvSAnTE38jo5""}",18
6JhLjcJQfvMMZ7AJwtxCUzsajyLg36qDmvUppuz74mVj_solana,b,bankme,6JhLjcJQfvMMZ7AJwtxCUzsajyLg36qDmvUppuz74mVj_solana,b.png,1000000000,"{""solana"":""6JhLjcJQfvMMZ7AJwtxCUzsajyLg36qDmvUppuz74mVj""}",18
0x08987d02b0e456d4d4a1785b62a4fba68d5d1000_binance_smart,1000X,1000X,0x08987d02b0e456d4d4a1785b62a4fba68d5d1000_binance_smart,0x08987d02b0e456d4d4a1785b62a4fba68d5d1000_binance_smartajQ.png,1000000000,"{""binance_smart"":""0x08987d02b0e456d4d4a1785b62a4fba68d5d1000""}",18
pVhz9wZiepvcQsPNFS5L8wSf2RiPH5TojPPL4qspump_solana,WAIF,World AI Fund,pVhz9wZiepvcQsPNFS5L8wSf2RiPH5TojPPL4qspump_solana,wai.png,999969194,"{""solana"":""pVhz9wZiepvcQsPNFS5L8wSf2RiPH5TojPPL4qspump""}",18
CdhZy8wrRxNxoV8HtoByXKN7mvS46avtuZ1b39tKfx7_solana,X7,x7,CdhZy8wrRxNxoV8HtoByXKN7mvS46avtuZ1b39tKfx7_solana,x7.png,1000000000,"{""solana"":""CdhZy8wrRxNxoV8HtoByXKN7mvS46avtuZ1b39tKfx7""}",18
0xd20c8477636f9bea36d2f90009710b667b1649b1_binance_smart,STO,StockKing,0xd20c8477636f9bea36d2f90009710b667b1649b1_binance_smart,sto.png,1000000000,"{""binance_smart"":""0xd20c8477636f9bea36d2f90009710b667b1649b1""}",18
0xc97abe390da577c32372ac0613b4d3733010190c_robinhood,VQRA,VELQORA,0xc97abe390da577c32372ac0613b4d3733010190c_robinhood,vqr.png,100000000000,"{""robinhood"":""0xc97abe390da577c32372ac0613b4d3733010190c""}",18
8d3bQS9vNy3BfqK9dX95JRoaTbWoiuL2hzmSFLDopump_solana,AILE,AILE,8d3bQS9vNy3BfqK9dX95JRoaTbWoiuL2hzmSFLDopump_solana,ail.png,1000000000,"{""solana"":""8d3bQS9vNy3BfqK9dX95JRoaTbWoiuL2hzmSFLDopump""}",18
BjUvuiFtY3gcMezBWXC7rPom75D3FGipAT9T8SkQCzZ_solana,ZC,zipcoin,BjUvuiFtY3gcMezBWXC7rPom75D3FGipAT9T8SkQCzZ_solana,zc.png,100000000000,"{""solana"":""BjUvuiFtY3gcMezBWXC7rPom75D3FGipAT9T8SkQCzZ""}",18
0xfd798b6bfb158424d842ca646765aaacd47a6e87_binance_smart,CS,Coin Star,0xfd798b6bfb158424d842ca646765aaacd47a6e87_binance_smart,cs.png,1000000000,"{""binance_smart"":""0xfd798b6bfb158424d842ca646765aaacd47a6e87""}",18
qDfLRLtPX5wLLXRV9CLRfHuH7kPEpw6q24Cwnzgpump_solana,USDF,United States Dividend Fund,qDfLRLtPX5wLLXRV9CLRfHuH7kPEpw6q24Cwnzgpump_solana,usd.png,999987938,"{""solana"":""qDfLRLtPX5wLLXRV9CLRfHuH7kPEpw6q24Cwnzgpump""}",18
CcJsfMHVZAyBZSWfMjifHUXKTyLkGrWQyrshGU5UVvWd_solana,Jane,I Am Jane Doe,CcJsfMHVZAyBZSWfMjifHUXKTyLkGrWQyrshGU5UVvWd_solana,jan.png,999999937,"{""solana"":""CcJsfMHVZAyBZSWfMjifHUXKTyLkGrWQyrshGU5UVvWd""}",18
0x90b01eaeb1f609c69e37b882bfdb4bbf02dfddc6_binance_smart,PIRA,Pirate,0x90b01eaeb1f609c69e37b882bfdb4bbf02dfddc6_binance_smart,pir.png,1000000000,"{""binance_smart"":""0x90b01eaeb1f609c69e37b882bfdb4bbf02dfddc6""}",18
2DYK9NpYds3U2uFEHbacwpPDxxUVq6ryHpYtCmPqgeiv_solana,BREAST,breastcoin,2DYK9NpYds3U2uFEHbacwpPDxxUVq6ryHpYtCmPqgeiv_solana,bre.png,1000000000,"{""solana"":""2DYK9NpYds3U2uFEHbacwpPDxxUVq6ryHpYtCmPqgeiv""}",18
0x9e1fe2a80e4c8bf822d9ddf3957d52e85197341b_binance_smart,CLO,Closer,0x9e1fe2a80e4c8bf822d9ddf3957d52e85197341b_binance_smart,clo.png,1000000000,"{""binance_smart"":""0x9e1fe2a80e4c8bf822d9ddf3957d52e85197341b""}",18
8bXGYticXosSfTUmHsM5f97x1x3ZJLAGVnQHXCJq32WQ_solana,CASH,binance square CASH,8bXGYticXosSfTUmHsM5f97x1x3ZJLAGVnQHXCJq32WQ_solana,cas.png,1000000000,"{""solana"":""8bXGYticXosSfTUmHsM5f97x1x3ZJLAGVnQHXCJq32WQ""}",18
5m59L9WYJKyabtbqbxkpaQnkuG8xm6kEU1MGdHbE3F6H_solana,FIM,Fast Internet Money,5m59L9WYJKyabtbqbxkpaQnkuG8xm6kEU1MGdHbE3F6H_solana,fim.png,1000000001,"{""solana"":""5m59L9WYJKyabtbqbxkpaQnkuG8xm6kEU1MGdHbE3F6H""}",18
Ab6CVmhqD3x1bvMZBnjJBJqeTLMm7tAapcZwSU6apump_solana,MPAID,Monster Paid,Ab6CVmhqD3x1bvMZBnjJBJqeTLMm7tAapcZwSU6apump_solana,mpa.png,977489177,"{""solana"":""Ab6CVmhqD3x1bvMZBnjJBJqeTLMm7tAapcZwSU6apump""}",18
7rHMj4LNS793Y92RQPjfCF9QczS1GaGhYQtzoVeGL9DH_solana,国庆,大熊猫国庆,7rHMj4LNS793Y92RQPjfCF9QczS1GaGhYQtzoVeGL9DH_solana,.png,1000000000,"{""solana"":""7rHMj4LNS793Y92RQPjfCF9QczS1GaGhYQtzoVeGL9DH""}",18
2aAmYsCVUa2JmHYxfBtT2AmALszb3hA9JA2inzqbhkAT_solana,SHORK,Shork,2aAmYsCVUa2JmHYxfBtT2AmALszb3hA9JA2inzqbhkAT_solana,sho.png,1000000000,"{""solana"":""2aAmYsCVUa2JmHYxfBtT2AmALszb3hA9JA2inzqbhkAT""}",18
7McpUUeTWMMQXfLQzG4pH9c2bdRKnbDPExT7qNuaBYX_solana,Joe,Joe,7McpUUeTWMMQXfLQzG4pH9c2bdRKnbDPExT7qNuaBYX_solana,joe.png,100000000000,"{""solana"":""7McpUUeTWMMQXfLQzG4pH9c2bdRKnbDPExT7qNuaBYX""}",18
4RbsHw9H3EayjgfWXq2KaLvbREFua8wkER3gdLViLK3T_solana,BAG,BAG,4RbsHw9H3EayjgfWXq2KaLvbREFua8wkER3gdLViLK3T_solana,bag.png,1000000000,"{""solana"":""4RbsHw9H3EayjgfWXq2KaLvbREFua8wkER3gdLViLK3T""}",18
DkPQvrx7CDYrL4HfHijz6GqZLYm7Pd4rm1kTiumLFwhS_solana,STONKCAT,Stonk Cat,DkPQvrx7CDYrL4HfHijz6GqZLYm7Pd4rm1kTiumLFwhS_solana,sto.png,970000000,"{""solana"":""DkPQvrx7CDYrL4HfHijz6GqZLYm7Pd4rm1kTiumLFwhS""}",18
0x9e742f64f72d346a3511659ef06a044978f37463_robinhood,SI,Super Inu,0x9e742f64f72d346a3511659ef06a044978f37463_robinhood,si.png,1000000000,"{""robinhood"":""0x9e742f64f72d346a3511659ef06a044978f37463""}",18
yFcTuQJCMsd1Asya15GZ7h4KGdxsujRLcUiTWWXpump_solana,SDOG,Sitting Dog,yFcTuQJCMsd1Asya15GZ7h4KGdxsujRLcUiTWWXpump_solana,sdo.png,1000000000,"{""solana"":""yFcTuQJCMsd1Asya15GZ7h4KGdxsujRLcUiTWWXpump""}",18
0xb19082fd794635f7b7a6b3358f9762bb6e8f5150_robinhood,Murphy,Uncle Murphy,0xb19082fd794635f7b7a6b3358f9762bb6e8f5150_robinhood,mur.png,1000000000,"{""robinhood"":""0xb19082fd794635f7b7a6b3358f9762bb6e8f5150""}",18
0xde6c3a26f0106a1bbb69363c749db71a140495cd_robinhood,SXSI,SpaceXSI,0xde6c3a26f0106a1bbb69363c749db71a140495cd_robinhood,sxs.png,1000000000,"{""robinhood"":""0xde6c3a26f0106a1bbb69363c749db71a140495cd""}",18
0x270b1eca29891603e780a8a83ed9205061796d21_binance_smart,CLO,CloserViking,0x270b1eca29891603e780a8a83ed9205061796d21_binance_smart,clo.png,1000000000,"{""binance_smart"":""0x270b1eca29891603e780a8a83ed9205061796d21""}",18
0x4fb582d3bc8a97a6b42a5f7bbe867e3cddd37777_binance_smart,幸运猫,托底升级+幸运奖池,0x4fb582d3bc8a97a6b42a5f7bbe867e3cddd37777_binance_smart,.png,1000000000,"{""binance_smart"":""0x4fb582d3bc8a97a6b42a5f7bbe867e3cddd37777""}",18
0xc752ae7dc2ab52b0ac2dd68a3255193b32ddf203_robinhood,BUN,Bundle Cat,0xc752ae7dc2ab52b0ac2dd68a3255193b32ddf203_robinhood,bun.png,1000000000,"{""robinhood"":""0xc752ae7dc2ab52b0ac2dd68a3255193b32ddf203""}",18
0x0988db5dbca1551d5a5f07319408a35559bd4cc1_binance_smart,CGC,CYCLE Galaxy Classic,0x0988db5dbca1551d5a5f07319408a35559bd4cc1_binance_smart,cgc.png,1000000000,"{""binance_smart"":""0x0988db5dbca1551d5a5f07319408a35559bd4cc1""}",18
0xf05bcf94c8c020e43de8927b491c6be8b96777e3_robinhood,QSTRAT,QUOTRON STRATEGY,0xf05bcf94c8c020e43de8927b491c6be8b96777e3_robinhood,qst.png,1000000000,"{""robinhood"":""0xf05bcf94c8c020e43de8927b491c6be8b96777e3""}",18
2wM84nVNXGecpWCCP7qvUFacJKRAhuFxMHqtK1Ndpump_solana,WOTF,World Oil Trust Fund,2wM84nVNXGecpWCCP7qvUFacJKRAhuFxMHqtK1Ndpump_solana,wot.png,999719355,"{""solana"":""2wM84nVNXGecpWCCP7qvUFacJKRAhuFxMHqtK1Ndpump""}",18
74wf8kZrSXrcXDytmDK4eXaePoKm92fBWtauuJdQpump_solana,SuperCali,SuperCali,74wf8kZrSXrcXDytmDK4eXaePoKm92fBWtauuJdQpump_solana,sup.png,986928957,"{""solana"":""74wf8kZrSXrcXDytmDK4eXaePoKm92fBWtauuJdQpump""}",18
Bo1vfjFPgSVSUnABw1s92rwnX5oj8t78ihv2jek7G6U_solana,BI,Binance Inu,Bo1vfjFPgSVSUnABw1s92rwnX5oj8t78ihv2jek7G6U_solana,bi.png,100000000000,"{""solana"":""Bo1vfjFPgSVSUnABw1s92rwnX5oj8t78ihv2jek7G6U""}",18
0x99bcf92d77fd2d79724d4a221458a256938f5b1e_binance_smart,😂老板链,😂老板链,0x99bcf92d77fd2d79724d4a221458a256938f5b1e_binance_smart,.png,1000000000,"{""binance_smart"":""0x99bcf92d77fd2d79724d4a221458a256938f5b1e""}",18
0x647745efc9b4fa3575e92a06ff3f756a2b9f835b_binance_smart,Teron,Teron,0x647745efc9b4fa3575e92a06ff3f756a2b9f835b_binance_smart,ter.png,1000000000,"{""binance_smart"":""0x647745efc9b4fa3575e92a06ff3f756a2b9f835b""}",18
TSpNeLBT2co6SpjZB6Ceeyh2ECxu84SLCc_tron,TBULL,TRON BULL,TSpNeLBT2co6SpjZB6Ceeyh2ECxu84SLCc_tron,tbu.png,1000000000,"{""tron"":""TSpNeLBT2co6SpjZB6Ceeyh2ECxu84SLCc""}",18
Atz5Z2ztjyvxnC6DwsdWMte7DE2cTaqZtbNFeYrPwNT3_solana,VRAX,Commander Vrax,Atz5Z2ztjyvxnC6DwsdWMte7DE2cTaqZtbNFeYrPwNT3_solana,vra.png,1000000000,"{""solana"":""Atz5Z2ztjyvxnC6DwsdWMte7DE2cTaqZtbNFeYrPwNT3""}",18
2LUytWtYTV3QofEBVCHCihhcfwDVqW6RAMEmEXGuQyMW_solana,Subzero,Subzero,2LUytWtYTV3QofEBVCHCihhcfwDVqW6RAMEmEXGuQyMW_solana,sub.png,1000000000,"{""solana"":""2LUytWtYTV3QofEBVCHCihhcfwDVqW6RAMEmEXGuQyMW""}",18
0x875e2cd7e0f1f4fdafc9c88e8e26f6dd08b174d0_robinhood,IGUANA,Super Iguana,0x875e2cd7e0f1f4fdafc9c88e8e26f6dd08b174d0_robinhood,igu.png,1000000000,"{""robinhood"":""0x875e2cd7e0f1f4fdafc9c88e8e26f6dd08b174d0""}",18
0xae12303bd73442d3c8dba9a58b164070d78a1e18_robinhood,LUCIA,LUCIA,0xae12303bd73442d3c8dba9a58b164070d78a1e18_robinhood,luc.png,1000000000,"{""robinhood"":""0xae12303bd73442d3c8dba9a58b164070d78a1e18""}",18
0x8611d829223cc93b162f4438d5d2a1585f14041d_robinhood,ODYSSEY,odyssey,0x8611d829223cc93b162f4438d5d2a1585f14041d_robinhood,ody.png,1000000000,"{""robinhood"":""0x8611d829223cc93b162f4438d5d2a1585f14041d""}",18
0x402aaa2def7826bfabd4520c5871534bf03e9255_robinhood,K/acc,Knowledge accelerationism,0x402aaa2def7826bfabd4520c5871534bf03e9255_robinhood,kac.png,1000000000,"{""robinhood"":""0x402aaa2def7826bfabd4520c5871534bf03e9255""}",18
ABg5Toah4qu5iGhrJGuEdNwCJ9qkLYrg1K5VA2DVDmpy_solana,耍起,耍中找钱 找钱来耍 找耍结合 以耍为主,ABg5Toah4qu5iGhrJGuEdNwCJ9qkLYrg1K5VA2DVDmpy_solana,.png,1000000000,"{""solana"":""ABg5Toah4qu5iGhrJGuEdNwCJ9qkLYrg1K5VA2DVDmpy""}",18
0x4b4ca3a662246ea69fb65830454f81761146e6be_base,PEAK,PEAK,0x4b4ca3a662246ea69fb65830454f81761146e6be_base,pea.png,1000000000,"{""base"":""0x4b4ca3a662246ea69fb65830454f81761146e6be""}",18
0xc88a8368358667b7e0eea765bc2133b9062e9664_binance_smart,🐰TRU,🐰Trump,0xc88a8368358667b7e0eea765bc2133b9062e9664_binance_smart,tru.png,1000000000,"{""binance_smart"":""0xc88a8368358667b7e0eea765bc2133b9062e9664""}",18
NpoJbDGnRcJwGCEgqLdK3CuA4N2Jj6rNPS6Cikgbsdh_solana,四,Super Inu,NpoJbDGnRcJwGCEgqLdK3CuA4N2Jj6rNPS6Cikgbsdh_solana,.png,99999996808,"{""solana"":""NpoJbDGnRcJwGCEgqLdK3CuA4N2Jj6rNPS6Cikgbsdh""}",18
0xb017d5847f53814789d429ba7b34eb1ed380c03e_robinhood,swordcat,cat wif sword,0xb017d5847f53814789d429ba7b34eb1ed380c03e_robinhood,swo.png,1000000000,"{""robinhood"":""0xb017d5847f53814789d429ba7b34eb1ed380c03e""}",18
0xf59625d0b1f77dced3a84d0736f6925c1b15331d_robinhood,BUNC,Bun Uncs,0xf59625d0b1f77dced3a84d0736f6925c1b15331d_robinhood,bun.png,1000000000,"{""robinhood"":""0xf59625d0b1f77dced3a84d0736f6925c1b15331d""}",18
EkQHcouz9N2nV6cKiZgPw1kLA3Zgsk1fCTFVnXjC1JFH_solana,Robinhood,Robinhood Wallet,EkQHcouz9N2nV6cKiZgPw1kLA3Zgsk1fCTFVnXjC1JFH_solana,rob.png,1000000000,"{""solana"":""EkQHcouz9N2nV6cKiZgPw1kLA3Zgsk1fCTFVnXjC1JFH""}",18
72gtHkUgfGDyji3ekwUEbVJqmggpiF6VSg4KsCuiHKFC_solana,XSI,XSI,72gtHkUgfGDyji3ekwUEbVJqmggpiF6VSg4KsCuiHKFC_solana,xsi.png,1000000001,"{""solana"":""72gtHkUgfGDyji3ekwUEbVJqmggpiF6VSg4KsCuiHKFC""}",18
0xa8ddb5cd96b5222afe198316e9a57caa642850d5_hyperevm,wNVDAx,0xa8ddb5cd96b5222afe198316e9a57caa642850d5,0xa8ddb5cd96b5222afe198316e9a57caa642850d5_hyperevm,wnv.png,891.8652,"{""hyperevm"":""0xa8ddb5cd96b5222afe198316e9a57caa642850d5""}",18
CPcf58MNikQw2G23kTVWQevRDeFDpdxMH7KkR7Lhpump_solana,DOBBY,DOBBY,CPcf58MNikQw2G23kTVWQevRDeFDpdxMH7KkR7Lhpump_solana,dob.png,995875323,"{""solana"":""CPcf58MNikQw2G23kTVWQevRDeFDpdxMH7KkR7Lhpump""}",18
8xqJQtucm1f3sCutxY4sRGJbYQrHxhoNpTMix1PGj9YR_solana,ser,cult of ser,8xqJQtucm1f3sCutxY4sRGJbYQrHxhoNpTMix1PGj9YR_solana,ser.png,1000000001,"{""solana"":""8xqJQtucm1f3sCutxY4sRGJbYQrHxhoNpTMix1PGj9YR""}",18
9Qa71JpzkwD94Ghs7DYsJNuXF1SJdSSHJQDgmbCcpump_solana,fomonpc,Fomo NPC,9Qa71JpzkwD94Ghs7DYsJNuXF1SJdSSHJQDgmbCcpump_solana,fom.png,964915929,"{""solana"":""9Qa71JpzkwD94Ghs7DYsJNuXF1SJdSSHJQDgmbCcpump""}",18
0xa4f07598a9abcf8b9188dafb05f6236fc3a96c7c_binance_smart,火币金融,火币金融,0xa4f07598a9abcf8b9188dafb05f6236fc3a96c7c_binance_smart,.png,1000000000,"{""binance_smart"":""0xa4f07598a9abcf8b9188dafb05f6236fc3a96c7c""}",18
FgZaCHgdHqzXEnVdnZyKCN7MXsdqR9Rw18zgudFVj4ci_solana,80085,80085,FgZaCHgdHqzXEnVdnZyKCN7MXsdqR9Rw18zgudFVj4ci_solana,800.png,1000000000,"{""solana"":""FgZaCHgdHqzXEnVdnZyKCN7MXsdqR9Rw18zgudFVj4ci""}",18
71q1eXgLDYNxAoLEuFJqfRwd3fnBvF9VTZtsQvXfbWd4_solana,VAMP,VampCoin,71q1eXgLDYNxAoLEuFJqfRwd3fnBvF9VTZtsQvXfbWd4_solana,vam.png,1000000000,"{""solana"":""71q1eXgLDYNxAoLEuFJqfRwd3fnBvF9VTZtsQvXfbWd4""}",18
A2LA3KfJVJnbSjsSbJsEqUHn7rq3v9yVSkTjGYLiCR6i_solana,OpenAI,OpenAI,A2LA3KfJVJnbSjsSbJsEqUHn7rq3v9yVSkTjGYLiCR6i_solana,ope.png,1000000000,"{""solana"":""A2LA3KfJVJnbSjsSbJsEqUHn7rq3v9yVSkTjGYLiCR6i""}",18
0xba5ed0000e1ca9136a695f0a848012a16008b032_base,WCHAN,WalletChan,0xba5ed0000e1ca9136a695f0a848012a16008b032_base,wch.png,100000000000,"{""base"":""0xba5ed0000e1ca9136a695f0a848012a16008b032""}",18
2zZiziedp6V5LLD3w25QSxFrse5vyyhH461UDScGQSYS_solana,jizz,smurf jizz,2zZiziedp6V5LLD3w25QSxFrse5vyyhH461UDScGQSYS_solana,jiz.png,1000000001,"{""solana"":""2zZiziedp6V5LLD3w25QSxFrse5vyyhH461UDScGQSYS""}",18
N2n8ZiwzSiYdujYiWBSPwvAisLzyzQX4U4qNyddfuED_solana,SI,Super Intelligence,N2n8ZiwzSiYdujYiWBSPwvAisLzyzQX4U4qNyddfuED_solana,si.png,99999990492,"{""solana"":""N2n8ZiwzSiYdujYiWBSPwvAisLzyzQX4U4qNyddfuED""}",18
0xa74d45ec5d25c36f9664a9df69f60a32ed207777_binance_smart,大结果,大结果文学,0xa74d45ec5d25c36f9664a9df69f60a32ed207777_binance_smart,.png,1000000000,"{""binance_smart"":""0xa74d45ec5d25c36f9664a9df69f60a32ed207777""}",18
0x4c1ae29c159838fc1b224636e28e086eb69101f7_x-layer,wQQQx,0x4c1ae29c159838fc1b224636e28e086eb69101f7,0x4c1ae29c159838fc1b224636e28e086eb69101f7_x-layer,wqq.png,274.979,"{""x-layer"":""0x4c1ae29c159838fc1b224636e28e086eb69101f7""}",18
0xa9ddbd54f2cbf7de7ce5caefed8fd64b0007f836_robinhood,ARENA,Arena,0xa9ddbd54f2cbf7de7ce5caefed8fd64b0007f836_robinhood,are.png,1000000000,"{""robinhood"":""0xa9ddbd54f2cbf7de7ce5caefed8fd64b0007f836""}",18
0xf2db872cf8a354a6c22f1983d2b7357d5899cc94_robinhood,RUSIT,RusIt,0xf2db872cf8a354a6c22f1983d2b7357d5899cc94_robinhood,rus.png,1000000000,"{""robinhood"":""0xf2db872cf8a354a6c22f1983d2b7357d5899cc94""}",18
0xeb18aa851f7ab367be3f158b8d0b5cdd33893779_robinhood,ROBINOS,ROBINOS,0xeb18aa851f7ab367be3f158b8d0b5cdd33893779_robinhood,rob.png,1000000000,"{""robinhood"":""0xeb18aa851f7ab367be3f158b8d0b5cdd33893779""}",18
Dq3ThvivFfxRZYJbTWRNQWct3eHzTDpmwMQm7KnsSGz3_solana,XDP,Doppler Finance,Dq3ThvivFfxRZYJbTWRNQWct3eHzTDpmwMQm7KnsSGz3_solana,xdp.png,1000000000,"{""solana"":""Dq3ThvivFfxRZYJbTWRNQWct3eHzTDpmwMQm7KnsSGz3""}",18
5sua9FQCzaUc5ufR18HtypHkLV8CbVXBR1dqfvC8z1HX_solana,玩币归赵,玩币归赵,5sua9FQCzaUc5ufR18HtypHkLV8CbVXBR1dqfvC8z1HX_solana,.png,1000000000,"{""solana"":""5sua9FQCzaUc5ufR18HtypHkLV8CbVXBR1dqfvC8z1HX""}",18
GveYRBFf11Tb19uoNHMsqUtNmVXTC3sjm5otFLDShoqL_solana,www,world wide web,GveYRBFf11Tb19uoNHMsqUtNmVXTC3sjm5otFLDShoqL_solana,www.png,1000000000,"{""solana"":""GveYRBFf11Tb19uoNHMsqUtNmVXTC3sjm5otFLDShoqL""}",18
0x6dd99124c087098f0fc43825e09a755e4f57bbe7_binance_smart,福气属蛇,福气属蛇,0x6dd99124c087098f0fc43825e09a755e4f57bbe7_binance_smart,.png,1000000000,"{""binance_smart"":""0x6dd99124c087098f0fc43825e09a755e4f57bbe7""}",18
FGu79CYxr1tpdAuntvM9UyXZY8VECfDJRmcrY3nGpump_solana,s/acc,Smoking Accelerationism,FGu79CYxr1tpdAuntvM9UyXZY8VECfDJRmcrY3nGpump_solana,sac.png,976639796,"{""solana"":""FGu79CYxr1tpdAuntvM9UyXZY8VECfDJRmcrY3nGpump""}",18
0x4b50469c8121e24684ace618aa883cac73bd4225_robinhood,TWINK,Twinkcoin,0x4b50469c8121e24684ace618aa883cac73bd4225_robinhood,twi.png,1000000000,"{""robinhood"":""0x4b50469c8121e24684ace618aa883cac73bd4225""}",18
0x7efa92fb3657d1fe086c5b178c3e6f1e7cdc2e19_robinhood,Hound,Dividend Hound,0x7efa92fb3657d1fe086c5b178c3e6f1e7cdc2e19_robinhood,hou.png,1000000000,"{""robinhood"":""0x7efa92fb3657d1fe086c5b178c3e6f1e7cdc2e19""}",18
0x2c7a596448f329e3ad35181be4be19d941a682b9_robinhood,AGNTS,AGNTS,0x2c7a596448f329e3ad35181be4be19d941a682b9_robinhood,0x2c7a596448f329e3ad35181be4be19d941a682b9_robinhoodHjZ.png,1000000000,"{""robinhood"":""0x2c7a596448f329e3ad35181be4be19d941a682b9""}",18
0x44984ac337fd8bb5f00dcddd5bb54b5f2efc4054_binance_smart,DOG🌟,DogeChain🌟,0x44984ac337fd8bb5f00dcddd5bb54b5f2efc4054_binance_smart,dog.png,1000000000,"{""binance_smart"":""0x44984ac337fd8bb5f00dcddd5bb54b5f2efc4054""}",18
ftVen8BLzoZcXaLzunhg9Gxt8MhoTWezxAS3u59mLKt_solana,VRAX,Commander Vrax,ftVen8BLzoZcXaLzunhg9Gxt8MhoTWezxAS3u59mLKt_solana,vra.png,1000000000,"{""solana"":""ftVen8BLzoZcXaLzunhg9Gxt8MhoTWezxAS3u59mLKt""}",18
0xc736e719028281d26da0309f290295b16d3b7777_binance_smart,PinkTime,PinkTime,0xc736e719028281d26da0309f290295b16d3b7777_binance_smart,pin.png,1000000000,"{""binance_smart"":""0xc736e719028281d26da0309f290295b16d3b7777""}",18
0x460abe1789ec519e95050b5aefc82b37ef28135a_arc,ARCAT,Arc Cat,0x460abe1789ec519e95050b5aefc82b37ef28135a_arc,0x460abe1789ec519e95050b5aefc82b37ef28135a_arcKfp.png,1000000000,"{""arc"":""0x460abe1789ec519e95050b5aefc82b37ef28135a""}",18
0xc100ff37ea05a35896467d799d1a387c613edeca_binance_smart,QSX,Queen Santa X,0xc100ff37ea05a35896467d799d1a387c613edeca_binance_smart,qsx.png,1000000000,"{""binance_smart"":""0xc100ff37ea05a35896467d799d1a387c613edeca""}",18
14qyPSHXMYBvhF95yZmyQFBbwsFcvLwaCvCDUZD77pRj_solana,BANDIT,The PumpFun Heist,14qyPSHXMYBvhF95yZmyQFBbwsFcvLwaCvCDUZD77pRj_solana,ban.png,100000000000,"{""solana"":""14qyPSHXMYBvhF95yZmyQFBbwsFcvLwaCvCDUZD77pRj""}",18
8eBsGPpc9FZ5TMir4T6Ra5ey8w9TYeMMk4k1BieBH7xj_solana,POND,POND,8eBsGPpc9FZ5TMir4T6Ra5ey8w9TYeMMk4k1BieBH7xj_solana,pon.png,1000000003,"{""solana"":""8eBsGPpc9FZ5TMir4T6Ra5ey8w9TYeMMk4k1BieBH7xj""}",18
CNY9VPaV2QTZrU9EZpHmgypacGM7ZUv3pkjrdyQG6tTD_solana,F-GT500,FORDGT500,CNY9VPaV2QTZrU9EZpHmgypacGM7ZUv3pkjrdyQG6tTD_solana,fgt.png,1000000000,"{""solana"":""CNY9VPaV2QTZrU9EZpHmgypacGM7ZUv3pkjrdyQG6tTD""}",18
Fnr4vVCF2XBNb3TJnq76qgwr4Eqe9DJc7KX3LktqGRAr_solana,RAMP,Ramp Capital LLC,Fnr4vVCF2XBNb3TJnq76qgwr4Eqe9DJc7KX3LktqGRAr_solana,ram.png,1000000002,"{""solana"":""Fnr4vVCF2XBNb3TJnq76qgwr4Eqe9DJc7KX3LktqGRAr""}",18
5vafDeLKD1GbswW83VD9MWLHvC75SrMZhEnRxJ3f3F6_solana,中国人能飞,中国人能飞火箭,5vafDeLKD1GbswW83VD9MWLHvC75SrMZhEnRxJ3f3F6_solana,.png,1000000000,"{""solana"":""5vafDeLKD1GbswW83VD9MWLHvC75SrMZhEnRxJ3f3F6""}",18
Cop5iGhygVp5aoWtEVHy1kTYiQHaszD8YXsiCZGQ3sg_solana,CSI,Chinese Super Inu,Cop5iGhygVp5aoWtEVHy1kTYiQHaszD8YXsiCZGQ3sg_solana,csi.png,100000000000,"{""solana"":""Cop5iGhygVp5aoWtEVHy1kTYiQHaszD8YXsiCZGQ3sg""}",18
71z2Lfn1bWzvLf8eAmLA8uPoq6WMX8ubTgqvLVjPZKwS_solana,Anon,Anon,71z2Lfn1bWzvLf8eAmLA8uPoq6WMX8ubTgqvLVjPZKwS_solana,ano.png,1000000000,"{""solana"":""71z2Lfn1bWzvLf8eAmLA8uPoq6WMX8ubTgqvLVjPZKwS""}",18
8RpYUG6aVdjby2bNwzTN1WvPyJT4bjW6QYT6UizbRq24_solana,IRL,IRL,8RpYUG6aVdjby2bNwzTN1WvPyJT4bjW6QYT6UizbRq24_solana,irl.png,1000000000,"{""solana"":""8RpYUG6aVdjby2bNwzTN1WvPyJT4bjW6QYT6UizbRq24""}",18
43GH9ktJt58erbuGyqRzCwYsMirKYeiobtTP4cGepump_solana,SK,SUPER KITTY,43GH9ktJt58erbuGyqRzCwYsMirKYeiobtTP4cGepump_solana,sk.png,978851628,"{""solana"":""43GH9ktJt58erbuGyqRzCwYsMirKYeiobtTP4cGepump""}",18
0x72e936815982a577386e8fcde94f5c9335836c88_robinhood,SIRIUS,SIRIUS,0x72e936815982a577386e8fcde94f5c9335836c88_robinhood,sir.png,1000000000,"{""robinhood"":""0x72e936815982a577386e8fcde94f5c9335836c88""}",18
0xf72265021d5acfea7dfbdef87b9bce2f67d87777_binance_smart,八仙,首创回购分发交易所和cz校长金库,0xf72265021d5acfea7dfbdef87b9bce2f67d87777_binance_smart,.png,1000000000,"{""binance_smart"":""0xf72265021d5acfea7dfbdef87b9bce2f67d87777""}",18
9zQxDUwK6ZANZxS8Ra2AvwmoUGGFn4wtYY13FXmgs7f_solana,Saw,The Torture Chamber,9zQxDUwK6ZANZxS8Ra2AvwmoUGGFn4wtYY13FXmgs7f_solana,saw.png,1000000000,"{""solana"":""9zQxDUwK6ZANZxS8Ra2AvwmoUGGFn4wtYY13FXmgs7f""}",18
0x68bacfca4631fbf2275e5da6ad5256d800844f1b_robinhood,BOT,Dot.com,0x68bacfca4631fbf2275e5da6ad5256d800844f1b_robinhood,bot.png,1000000000,"{""robinhood"":""0x68bacfca4631fbf2275e5da6ad5256d800844f1b""}",18
9QMvGWZuCfSwVQ9fmaf8JZqY4o5AGKPKoWq7T3JwAXiD_solana,BAYPAY,BayPay Neobank,9QMvGWZuCfSwVQ9fmaf8JZqY4o5AGKPKoWq7T3JwAXiD_solana,bay.png,1000000000,"{""solana"":""9QMvGWZuCfSwVQ9fmaf8JZqY4o5AGKPKoWq7T3JwAXiD""}",18
Xf3nPbRGub2NrnQ8WiSBgswP66DMGmttJYmuHYgpump_solana,POUNCELOT,Sir Pouncelot,Xf3nPbRGub2NrnQ8WiSBgswP66DMGmttJYmuHYgpump_solana,pou.png,989217295,"{""solana"":""Xf3nPbRGub2NrnQ8WiSBgswP66DMGmttJYmuHYgpump""}",18
H2hC5Xj3bfsUQGWphzeTyK1wyGsUcQ2AsVZbXCg3qrkX_solana,NEARLIOS,Nearlios,H2hC5Xj3bfsUQGWphzeTyK1wyGsUcQ2AsVZbXCg3qrkX_solana,nea.png,999999877,"{""solana"":""H2hC5Xj3bfsUQGWphzeTyK1wyGsUcQ2AsVZbXCg3qrkX""}",18
0x78ec12dddb4347583e8dd038658740701e622a98_binance_smart,MINI,MiniChain,0x78ec12dddb4347583e8dd038658740701e622a98_binance_smart,min.png,1000000000,"{""binance_smart"":""0x78ec12dddb4347583e8dd038658740701e622a98""}",18
0x255cf35cc469ffa9b5c74a721e899380834e90cf_ethereum,VERIDIA,Veridia,0x255cf35cc469ffa9b5c74a721e899380834e90cf_ethereum,0x255cf35cc469ffa9b5c74a721e899380834e90cf_ethereumcxQ.png,1000000000,"{""ethereum"":""0x255cf35cc469ffa9b5c74a721e899380834e90cf""}",18
FffDvAchLPWohvthMg1GG7uwrNqY2t5of7YYSj4HNE2_solana,ELON,MemeLord42069Doge,FffDvAchLPWohvthMg1GG7uwrNqY2t5of7YYSj4HNE2_solana,elo.png,999999984,"{""solana"":""FffDvAchLPWohvthMg1GG7uwrNqY2t5of7YYSj4HNE2""}",18
0x90f865266d587950da142300830fb20ad977bada_binance_smart,处女座招,处女座招财,0x90f865266d587950da142300830fb20ad977bada_binance_smart,.png,1000000000,"{""binance_smart"":""0x90f865266d587950da142300830fb20ad977bada""}",18
0x4e7576687ac3b4382e6c672745e829cf8a590fcb_robinhood,PRIVATE,Private Inu,0x4e7576687ac3b4382e6c672745e829cf8a590fcb_robinhood,pri.png,1000000000,"{""robinhood"":""0x4e7576687ac3b4382e6c672745e829cf8a590fcb""}",18
HvqDcaM9QorTCwQuc5yoPd1Zht627dmnLNCJCuf9k4Q_solana,VRAX,Commander Vrax,HvqDcaM9QorTCwQuc5yoPd1Zht627dmnLNCJCuf9k4Q_solana,vra.png,100000000000,"{""solana"":""HvqDcaM9QorTCwQuc5yoPd1Zht627dmnLNCJCuf9k4Q""}",18
F8cuAB5U5KARwqfQjnx6LcLuMuxNipDZeKgVC1Nn8gtK_solana,笑笑牛,The Laughing Cow,F8cuAB5U5KARwqfQjnx6LcLuMuxNipDZeKgVC1Nn8gtK_solana,.png,1000000001,"{""solana"":""F8cuAB5U5KARwqfQjnx6LcLuMuxNipDZeKgVC1Nn8gtK""}",18
0xadf56ab3673f26ad68654d2c5aa50da0395a420b_base,JIEBA,JIEBA github.com/fxsjy/JIEBA,0xadf56ab3673f26ad68654d2c5aa50da0395a420b_base,jie.png,1000000000,"{""base"":""0xadf56ab3673f26ad68654d2c5aa50da0395a420b""}",18
0x76554727272dabb70d1118cd7dd78e2cb2051b6c_binance_smart,币安小鹏,币安小鹏,0x76554727272dabb70d1118cd7dd78e2cb2051b6c_binance_smart,.png,1000000000000,"{""binance_smart"":""0x76554727272dabb70d1118cd7dd78e2cb2051b6c""}",18
fCUBpdeRn76xfRaa4UPHDauGeRG3EvMB3MjuRgdpump_solana,DARKPOOL,DARKPOOL,fCUBpdeRn76xfRaa4UPHDauGeRG3EvMB3MjuRgdpump_solana,dar.png,1000000000,"{""solana"":""fCUBpdeRn76xfRaa4UPHDauGeRG3EvMB3MjuRgdpump""}",18
EASix8FKXzV6pYUEHB39eLnjZL5WHhbQBSwTmWKRpump_solana,k/acc,Kardashev Accelerationism,EASix8FKXzV6pYUEHB39eLnjZL5WHhbQBSwTmWKRpump_solana,kac.png,984099126,"{""solana"":""EASix8FKXzV6pYUEHB39eLnjZL5WHhbQBSwTmWKRpump""}",18
0xff3e87789b668e177a4e9a3d1b75e74b5155533f_arbitrum-one,GU,GU Factory,0xff3e87789b668e177a4e9a3d1b75e74b5155533f_arbitrum-one,gu.png,100000000,"{""arbitrum-one"":""0xff3e87789b668e177a4e9a3d1b75e74b5155533f""}",18
0xaf13b6ba5542044f9225fe5b39ff8ef2cffb7482_robinhood,SAPLING,Sapling,0xaf13b6ba5542044f9225fe5b39ff8ef2cffb7482_robinhood,sap.png,1000000000,"{""robinhood"":""0xaf13b6ba5542044f9225fe5b39ff8ef2cffb7482""}",18
B7ria6Ngugg7UmDEk6SXkWiY4Lj6zU5iqueXjaTwNpaL_solana,F-150,Ford F-150 Raptor,B7ria6Ngugg7UmDEk6SXkWiY4Lj6zU5iqueXjaTwNpaL_solana,f15.png,1000000000,"{""solana"":""B7ria6Ngugg7UmDEk6SXkWiY4Lj6zU5iqueXjaTwNpaL""}",18
GjNs4JeyFV8PZDVzjwhQLPYvQBHJCe6MYUvLdFVGF7L_solana,GM,GREEN MORNING,GjNs4JeyFV8PZDVzjwhQLPYvQBHJCe6MYUvLdFVGF7L_solana,gm.png,100000000000,"{""solana"":""GjNs4JeyFV8PZDVzjwhQLPYvQBHJCe6MYUvLdFVGF7L""}",18
0x3d40cef9f3186eec44404e3e3429fa0d71486ba3_robinhood,Underdog,Underdog,0x3d40cef9f3186eec44404e3e3429fa0d71486ba3_robinhood,0x3d40cef9f3186eec44404e3e3429fa0d71486ba3_robinhoodhYc.png,100000000000,"{""robinhood"":""0x3d40cef9f3186eec44404e3e3429fa0d71486ba3""}",18
HAcEqEVru6dRbe1grLFTPBxjxGgjn1tVpR7bLgYXdust_solana,DUST,dust,HAcEqEVru6dRbe1grLFTPBxjxGgjn1tVpR7bLgYXdust_solana,dus.png,1000000000,"{""solana"":""HAcEqEVru6dRbe1grLFTPBxjxGgjn1tVpR7bLgYXdust""}",18
M4iCrspEnUTo9ZjbhXpjEnMUFeKaprGvfrFukXLpnfN_solana,LEVERAGE,Leverage Pad,M4iCrspEnUTo9ZjbhXpjEnMUFeKaprGvfrFukXLpnfN_solana,lev.png,1000000000,"{""solana"":""M4iCrspEnUTo9ZjbhXpjEnMUFeKaprGvfrFukXLpnfN""}",18
3s1T61WQXcL6xeQfNj27o7RkNqbJ88ooXDLL4P91Mczp_solana,PARASITE,Parasite,3s1T61WQXcL6xeQfNj27o7RkNqbJ88ooXDLL4P91Mczp_solana,par.png,1000000001,"{""solana"":""3s1T61WQXcL6xeQfNj27o7RkNqbJ88ooXDLL4P91Mczp""}",18
0x78339d09b066c55ad9a487b1c36c8383a382b51a_binance_smart,属狗链,属狗链,0x78339d09b066c55ad9a487b1c36c8383a382b51a_binance_smart,.png,1000000000,"{""binance_smart"":""0x78339d09b066c55ad9a487b1c36c8383a382b51a""}",18
577gzutpj3bmiYc4WXuqWcTJdFiLgDVUEZYSnw4k2sdq_solana,大头混子,新大头儿子和小头爸爸之天眼系列 失控的第七天,577gzutpj3bmiYc4WXuqWcTJdFiLgDVUEZYSnw4k2sdq_solana,.png,999988615,"{""solana"":""577gzutpj3bmiYc4WXuqWcTJdFiLgDVUEZYSnw4k2sdq""}",18
0x36e93e3f85472f206faf96a2c2313355f9be1e18_robinhood,ANT,ANThropic,0x36e93e3f85472f206faf96a2c2313355f9be1e18_robinhood,0x36e93e3f85472f206faf96a2c2313355f9be1e18_robinhoodIOn.png,1000000000,"{""robinhood"":""0x36e93e3f85472f206faf96a2c2313355f9be1e18""}",18
0xc9fa4ca9fb6a74f29031dfa9045559983e5cb116_ethereum,CONDO,CONDO,0xc9fa4ca9fb6a74f29031dfa9045559983e5cb116_ethereum,con.png,1000000000,"{""ethereum"":""0xc9fa4ca9fb6a74f29031dfa9045559983e5cb116""}",18
CJWBTs1g4fxT3WNJHWvaAeAXZCAomkMXkDQYEqAyVi9_solana,SAPLING,Sapling,CJWBTs1g4fxT3WNJHWvaAeAXZCAomkMXkDQYEqAyVi9_solana,sap.png,99999996135,"{""solana"":""CJWBTs1g4fxT3WNJHWvaAeAXZCAomkMXkDQYEqAyVi9""}",18
0xe6864e4630d4d7a0cad2e61f6bc2c0dcad777712_robinhood,LINK,Link,0xe6864e4630d4d7a0cad2e61f6bc2c0dcad777712_robinhood,lin.png,1000000000,"{""robinhood"":""0xe6864e4630d4d7a0cad2e61f6bc2c0dcad777712""}",18
DigSqhTcg4Nh9821g1kexq8XZ8ZURRkk9PajvS7oTPZP_solana,DIC,dog in canoe,DigSqhTcg4Nh9821g1kexq8XZ8ZURRkk9PajvS7oTPZP_solana,dic.png,1000000001,"{""solana"":""DigSqhTcg4Nh9821g1kexq8XZ8ZURRkk9PajvS7oTPZP""}",18
0x61fcfb63902e5976908e1d7137530ffbf5df2f45_robinhood,VELN,Velnureth,0x61fcfb63902e5976908e1d7137530ffbf5df2f45_robinhood,vel.png,100000000000,"{""robinhood"":""0x61fcfb63902e5976908e1d7137530ffbf5df2f45""}",18
0x4c1ae29c159838fc1b224636e28e086eb69101f7_hyperevm,wQQQx,0x4c1ae29c159838fc1b224636e28e086eb69101f7,0x4c1ae29c159838fc1b224636e28e086eb69101f7_hyperevm,wqq.png,260.4317,"{""hyperevm"":""0x4c1ae29c159838fc1b224636e28e086eb69101f7""}",18
FW6wwSixT7Powv9ykdxvQkPVp77fZvFQDwvyfjeMtyD_solana,GM,GREEN MORNING,FW6wwSixT7Powv9ykdxvQkPVp77fZvFQDwvyfjeMtyD_solana,gm.png,100000000000,"{""solana"":""FW6wwSixT7Powv9ykdxvQkPVp77fZvFQDwvyfjeMtyD""}",18
EdeU8e3ucjzeYyf9vBqXV7nTGR2LVdd2R3RxaFLzfn7W_solana,刘欢2026,刘欢2026,EdeU8e3ucjzeYyf9vBqXV7nTGR2LVdd2R3RxaFLzfn7W_solana,202.png,1000000000,"{""solana"":""EdeU8e3ucjzeYyf9vBqXV7nTGR2LVdd2R3RxaFLzfn7W""}",18
0xde3f4d7672813b8195880a070b4fa16910573dba_robinhood,rock,just a rock,0xde3f4d7672813b8195880a070b4fa16910573dba_robinhood,roc.png,1000000000,"{""robinhood"":""0xde3f4d7672813b8195880a070b4fa16910573dba""}",18
gL9Q3xjXM1BdopmHn1R7Kb3Eim5NAQ1eWGNaTj3pump_solana,TIPTOE,Tip Toe'n in my Jordans,gL9Q3xjXM1BdopmHn1R7Kb3Eim5NAQ1eWGNaTj3pump_solana,tip.png,1000000000,"{""solana"":""gL9Q3xjXM1BdopmHn1R7Kb3Eim5NAQ1eWGNaTj3pump""}",18
13TqTDdxeB6f9PWRSdA6pZk5udx5kxYUBj3HtrGspB3Y_solana,金六根,小黄,13TqTDdxeB6f9PWRSdA6pZk5udx5kxYUBj3HtrGspB3Y_solana,.png,1000000000,"{""solana"":""13TqTDdxeB6f9PWRSdA6pZk5udx5kxYUBj3HtrGspB3Y""}",18
MvgEe9gydpcuY9ud8qQcQoUSirHnvDYEGSeUxQ8yFop_solana,PARASITE,Parasite,MvgEe9gydpcuY9ud8qQcQoUSirHnvDYEGSeUxQ8yFop_solana,par.png,100000000000,"{""solana"":""MvgEe9gydpcuY9ud8qQcQoUSirHnvDYEGSeUxQ8yFop""}",18
0xa8ef49a0c5a3b10383720410446287bd9903ba56_binance_smart,SAMU🏆,SamuraiGang V2🏆,0xa8ef49a0c5a3b10383720410446287bd9903ba56_binance_smart,sam.png,1000000000,"{""binance_smart"":""0xa8ef49a0c5a3b10383720410446287bd9903ba56""}",18
4TetqPfYjTxVCK2732K2boPMJK9HuF71a32E9r4atij3_solana,WIRED,Wired fees to socials,4TetqPfYjTxVCK2732K2boPMJK9HuF71a32E9r4atij3_solana,wir.png,1000000001,"{""solana"":""4TetqPfYjTxVCK2732K2boPMJK9HuF71a32E9r4atij3""}",18
0xc94b09e50be60be08fc818d18b98c184a48d7777_binance_smart,模因人生,模因人生,0xc94b09e50be60be08fc818d18b98c184a48d7777_binance_smart,.png,1000000000,"{""binance_smart"":""0xc94b09e50be60be08fc818d18b98c184a48d7777""}",18
0xf87f55a0108e6f4989722cd0ef6ed0aa95ab43b6_robinhood,COOK,The Cook,0xf87f55a0108e6f4989722cd0ef6ed0aa95ab43b6_robinhood,coo.png,1000000000,"{""robinhood"":""0xf87f55a0108e6f4989722cd0ef6ed0aa95ab43b6""}",18
0x3a5a202626885004a31d36632d9e225bde45e879_binance_smart,属鼠马斯,属鼠马斯克,0x3a5a202626885004a31d36632d9e225bde45e879_binance_smart,.png,1000000000,"{""binance_smart"":""0x3a5a202626885004a31d36632d9e225bde45e879""}",18
0x3d3f07a973e910d1edc5c1ebd939f6b14bd23b1b_robinhood,BEAR,Polar Bear,0x3d3f07a973e910d1edc5c1ebd939f6b14bd23b1b_robinhood,bea.png,1000000000,"{""robinhood"":""0x3d3f07a973e910d1edc5c1ebd939f6b14bd23b1b""}",18
0xffb39d38ff0ca3df09271034607a9306ec4e86f9_binance_smart,属马币,属马币,0xffb39d38ff0ca3df09271034607a9306ec4e86f9_binance_smart,.png,1000000000,"{""binance_smart"":""0xffb39d38ff0ca3df09271034607a9306ec4e86f9""}",18
BpTNXhoZZnFvSox7Z433To5yG1cqqEg1ZGwBM5WpfDg_solana,Nailoong,奶龙,BpTNXhoZZnFvSox7Z433To5yG1cqqEg1ZGwBM5WpfDg_solana,nai.png,999999963,"{""solana"":""BpTNXhoZZnFvSox7Z433To5yG1cqqEg1ZGwBM5WpfDg""}",18
Mta2uros5CZACQDYEw4wERJCEdTi1prFoW6MbiLmvnH_solana,ZC,zipcoin,Mta2uros5CZACQDYEw4wERJCEdTi1prFoW6MbiLmvnH_solana,zc.png,1000000000,"{""solana"":""Mta2uros5CZACQDYEw4wERJCEdTi1prFoW6MbiLmvnH""}",18
0xb73f67372957b85fb216b1fe46a8d1901fb23fc0_robinhood,KAPS,Kappis,0xb73f67372957b85fb216b1fe46a8d1901fb23fc0_robinhood,kap.png,1000000000,"{""robinhood"":""0xb73f67372957b85fb216b1fe46a8d1901fb23fc0""}",18
0x91bcc6085425025c4defba1faf185e750dccbae2_binance_smart,$UAI,UselessAI,0x91bcc6085425025c4defba1faf185e750dccbae2_binance_smart,uai.png,1000000000,"{""binance_smart"":""0x91bcc6085425025c4defba1faf185e750dccbae2""}",18
DgxRkEBCZ64CmbC6jPnxs9LiH5BUUTbfqWm4gffcMYY_solana,🙈,The Three Wise Monkeys,DgxRkEBCZ64CmbC6jPnxs9LiH5BUUTbfqWm4gffcMYY_solana,.png,100000000000,"{""solana"":""DgxRkEBCZ64CmbC6jPnxs9LiH5BUUTbfqWm4gffcMYY""}",18
5SJ52NMyGXQuehCUW74b3qiTgKhWZKNj9HhbrHZmJnRc_solana,GRAYMATTER,Graymatter,5SJ52NMyGXQuehCUW74b3qiTgKhWZKNj9HhbrHZmJnRc_solana,gra.png,1000000000,"{""solana"":""5SJ52NMyGXQuehCUW74b3qiTgKhWZKNj9HhbrHZmJnRc""}",18
HdkCkQHhVSTvi6WW5vaiabK7hzTVGsqdDCyyTeQphQLX_solana,XOMUSDT,Exxon Mobil Corp,HdkCkQHhVSTvi6WW5vaiabK7hzTVGsqdDCyyTeQphQLX_solana,xom.png,999999954,"{""solana"":""HdkCkQHhVSTvi6WW5vaiabK7hzTVGsqdDCyyTeQphQLX""}",18
0x3c573bdd88008c94f025e5023212f28e5f39744c_base,TE,TEMU,0x3c573bdd88008c94f025e5023212f28e5f39744c_base,0x3c573bdd88008c94f025e5023212f28e5f39744c_basecns.png,1000000000,"{""base"":""0x3c573bdd88008c94f025e5023212f28e5f39744c""}",18
0xd3613135c5eea0363e43a1bd17d85a6c1b15f7a5_robinhood,FIRSTGOV,FirstGov,0xd3613135c5eea0363e43a1bd17d85a6c1b15f7a5_robinhood,fir.png,1000000000,"{""robinhood"":""0xd3613135c5eea0363e43a1bd17d85a6c1b15f7a5""}",18
KRUpDHcfn6VkLFPyNAWDyAYn4UAKWzzuGjTc4aw4Vpe_solana,BANDIT,The PumpFun Heist,KRUpDHcfn6VkLFPyNAWDyAYn4UAKWzzuGjTc4aw4Vpe_solana,ban.png,1000000000,"{""solana"":""KRUpDHcfn6VkLFPyNAWDyAYn4UAKWzzuGjTc4aw4Vpe""}",18
0x8ea16829807f850d5ff5d4a4f42126efbfedd97d_robinhood,TRENCHES,TRENCHES'97,0x8ea16829807f850d5ff5d4a4f42126efbfedd97d_robinhood,tre.png,1000000000,"{""robinhood"":""0x8ea16829807f850d5ff5d4a4f42126efbfedd97d""}",18
0x6ec2686fdcfb09e7125d39a80772800dd7b55645_binance_smart,CAT,Cat,0x6ec2686fdcfb09e7125d39a80772800dd7b55645_binance_smart,cat.png,1000000000,"{""binance_smart"":""0x6ec2686fdcfb09e7125d39a80772800dd7b55645""}",18
0x314ccb37b3ce982f06c7bbd6d7a9cc5244b2e7f1_robinhood,LARGECAP,LARGE CAP,0x314ccb37b3ce982f06c7bbd6d7a9cc5244b2e7f1_robinhood,lar.png,1000000000,"{""robinhood"":""0x314ccb37b3ce982f06c7bbd6d7a9cc5244b2e7f1""}",18
0xc9d170a27bbafe3c48463311ac558ae3e9718ddb_cronos,BRO,CRO BIG BROTHER,0xc9d170a27bbafe3c48463311ac558ae3e9718ddb_cronos,bro.png,1000000000,"{""cronos"":""0xc9d170a27bbafe3c48463311ac558ae3e9718ddb""}",18
9WU3PVh2CxizczfmbeYaXUfFdBFnG37HxfVAaKyUQdY6_solana,ROB,robs.wtf,9WU3PVh2CxizczfmbeYaXUfFdBFnG37HxfVAaKyUQdY6_solana,rob.png,1000000000,"{""solana"":""9WU3PVh2CxizczfmbeYaXUfFdBFnG37HxfVAaKyUQdY6""}",18
0x32e0ea5c077f8a6527ae2f3278f2b89565dbab25_binance_smart,KS,King Super,0x32e0ea5c077f8a6527ae2f3278f2b89565dbab25_binance_smart,ks.png,1000000000,"{""binance_smart"":""0x32e0ea5c077f8a6527ae2f3278f2b89565dbab25""}",18
FXtZhqcLyeyezkQhZ5tT8YVr4ioGJYxQ87AaqVXi1Mm5_solana,www,world wide web,FXtZhqcLyeyezkQhZ5tT8YVr4ioGJYxQ87AaqVXi1Mm5_solana,www.png,999999957,"{""solana"":""FXtZhqcLyeyezkQhZ5tT8YVr4ioGJYxQ87AaqVXi1Mm5""}",18
813bhqs7MBX9K6zv8ZF1CP6smYmewzwUqMQyLCdZEKc_solana,bukangi,부캉이 busan shark,813bhqs7MBX9K6zv8ZF1CP6smYmewzwUqMQyLCdZEKc_solana,buk.png,100000000000,"{""solana"":""813bhqs7MBX9K6zv8ZF1CP6smYmewzwUqMQyLCdZEKc""}",18
72UJxpcEoBvatw9yzMogaKzLfy9DVe1R4XX6otmCMxQC_solana,WILLOW,THE REAL NAME OF THE PROJECT!!!,72UJxpcEoBvatw9yzMogaKzLfy9DVe1R4XX6otmCMxQC_solana,wil.png,1000000001,"{""solana"":""72UJxpcEoBvatw9yzMogaKzLfy9DVe1R4XX6otmCMxQC""}",18
AVbMFqUX85XgktQCz7g19ZQJU92JUjFDovMGfPi6nu9V_solana,SI,Slovenian Inu,AVbMFqUX85XgktQCz7g19ZQJU92JUjFDovMGfPi6nu9V_solana,si.png,1000000000,"{""solana"":""AVbMFqUX85XgktQCz7g19ZQJU92JUjFDovMGfPi6nu9V""}",18
GniebLFF4Nt9Gy3FF3zGKiCE4MtCwCR5jmnXpan4pump_solana,FOMOWTRLMN,FOMOWATERMELON,GniebLFF4Nt9Gy3FF3zGKiCE4MtCwCR5jmnXpan4pump_solana,fom.png,1000000000,"{""solana"":""GniebLFF4Nt9Gy3FF3zGKiCE4MtCwCR5jmnXpan4pump""}",18
DzBKQUYwqnp6tiV1zTvFi6usLjvKaSJNcNHwPemsebmZ_solana,PI,Pump Inu,DzBKQUYwqnp6tiV1zTvFi6usLjvKaSJNcNHwPemsebmZ_solana,pi.png,1000000000,"{""solana"":""DzBKQUYwqnp6tiV1zTvFi6usLjvKaSJNcNHwPemsebmZ""}",18
0xcec96c69e5263899819676d0690366b1025a7777_binance_smart,Moon,Moon cakes,0xcec96c69e5263899819676d0690366b1025a7777_binance_smart,moo.png,1000000000,"{""binance_smart"":""0xcec96c69e5263899819676d0690366b1025a7777""}",18
5XbGy28WU9nRN9ux5hhciUCmGBAdhDiqFi3DyBDeEbk5_solana,BYTE,BYTE,5XbGy28WU9nRN9ux5hhciUCmGBAdhDiqFi3DyBDeEbk5_solana,byt.png,1000000000,"{""solana"":""5XbGy28WU9nRN9ux5hhciUCmGBAdhDiqFi3DyBDeEbk5""}",18
7TZZGY2yBVvJ14EBCy4DQvv3Dv39z7uhTkeuHu6LjwZ_solana,CAKE,cake.xmr,7TZZGY2yBVvJ14EBCy4DQvv3Dv39z7uhTkeuHu6LjwZ_solana,cak.png,100000000000,"{""solana"":""7TZZGY2yBVvJ14EBCy4DQvv3Dv39z7uhTkeuHu6LjwZ""}",18
0x8a773c2c56f841d527725bc45734ee25cc15d62f_robinhood,FROGES,froges,0x8a773c2c56f841d527725bc45734ee25cc15d62f_robinhood,fro.png,1000000000,"{""robinhood"":""0x8a773c2c56f841d527725bc45734ee25cc15d62f""}",18
0x9e8929aa820860838bf917303fb706ef2713a732_robinhood,Zebra,Zebracoin,0x9e8929aa820860838bf917303fb706ef2713a732_robinhood,zeb.png,1000000000,"{""robinhood"":""0x9e8929aa820860838bf917303fb706ef2713a732""}",18
0xc214ade4cb8212f5c2fb05778bd7057efdcabbab_robinhood,BLOBCOIN,blobcoin,0xc214ade4cb8212f5c2fb05778bd7057efdcabbab_robinhood,blo.png,1000000000,"{""robinhood"":""0xc214ade4cb8212f5c2fb05778bd7057efdcabbab""}",18
Ek8GUR6qEPe33PY2Z3kojEAcbE9MU9ySw1oawHJBuwg_solana,SPLIT,Split,Ek8GUR6qEPe33PY2Z3kojEAcbE9MU9ySw1oawHJBuwg_solana,spl.png,1000000000,"{""solana"":""Ek8GUR6qEPe33PY2Z3kojEAcbE9MU9ySw1oawHJBuwg""}",18
0xfacc779dcbcfe53a73db1c0275f7046dc4596f59_robinhood,SI,Super Intelligence,0xfacc779dcbcfe53a73db1c0275f7046dc4596f59_robinhood,si.png,1000000000,"{""robinhood"":""0xfacc779dcbcfe53a73db1c0275f7046dc4596f59""}",18
875whrgM8s19yfkMRuGZQkPq6F4L3hwYohXxDXsXcvCH_solana,无我,无我,875whrgM8s19yfkMRuGZQkPq6F4L3hwYohXxDXsXcvCH_solana,.png,1000000001,"{""solana"":""875whrgM8s19yfkMRuGZQkPq6F4L3hwYohXxDXsXcvCH""}",18
0x6055ea55eef87f3704e593af2cc5637292f1beff_robinhood,VRAX,Commander VRAX,0x6055ea55eef87f3704e593af2cc5637292f1beff_robinhood,vra.png,1000000000,"{""robinhood"":""0x6055ea55eef87f3704e593af2cc5637292f1beff""}",18
LcHkWib9GxqfhkuJgDXwrohJBLYX2gADowm26pDMugX_solana,CLAUDIA,CLAUDIA,LcHkWib9GxqfhkuJgDXwrohJBLYX2gADowm26pDMugX_solana,cla.png,1000000000,,
0x32303676d2758d73b75fb22023e657859eb28031_robinhood,CPAY,ClankPay,0x32303676d2758d73b75fb22023e657859eb28031_robinhood,cpa.png,1000000000,"{""robinhood"":""0x32303676d2758d73b75fb22023e657859eb28031""}",18
0x2a8e0a1f0acb2cf46442662871b38ff165c001e4_robinhood,SICAT,Super Intelligent Cat,0x2a8e0a1f0acb2cf46442662871b38ff165c001e4_robinhood,sic.png,10000000000,"{""robinhood"":""0x2a8e0a1f0acb2cf46442662871b38ff165c001e4""}",18
CeVZXHqLRPSDv9Nsn5TCU2AXv7Dyw8uRLkF6C5GgUzaT_solana,CATGPT,CatGPT,CeVZXHqLRPSDv9Nsn5TCU2AXv7Dyw8uRLkF6C5GgUzaT_solana,cat.png,1000000001,"{""solana"":""CeVZXHqLRPSDv9Nsn5TCU2AXv7Dyw8uRLkF6C5GgUzaT""}",18
DozQ117A7LgRpDPe3uo7Z8F5eJQJ3H5VKei7wknmgXx_solana,HOOKED,Hooked,DozQ117A7LgRpDPe3uo7Z8F5eJQJ3H5VKei7wknmgXx_solana,hoo.png,100000000000,"{""solana"":""DozQ117A7LgRpDPe3uo7Z8F5eJQJ3H5VKei7wknmgXx""}",18
8STjSfZSYrgp6crejrpsuJwLH7Cgko5CZPDv2rMJA9Yd_solana,SIC,Super Intelligence Cat,8STjSfZSYrgp6crejrpsuJwLH7Cgko5CZPDv2rMJA9Yd_solana,sic.png,1000000000,"{""solana"":""8STjSfZSYrgp6crejrpsuJwLH7Cgko5CZPDv2rMJA9Yd""}",18
88xoo8RBWStnaPx2N1R6vEpFYZfvpgp4QymGBTXUL4M_solana,제로,Zero,88xoo8RBWStnaPx2N1R6vEpFYZfvpgp4QymGBTXUL4M_solana,.png,100000000000,"{""solana"":""88xoo8RBWStnaPx2N1R6vEpFYZfvpgp4QymGBTXUL4M""}",18
0x685dfd386968b58d895f934485820c479c79a8bb_robinhood,wtFGI,Wrapped FGI Industries Ltd. ST0x,0x685dfd386968b58d895f934485820c479c79a8bb_robinhood,wtf.png,24291,"{""robinhood"":""0x685dfd386968b58d895f934485820c479c79a8bb""}",18
0x59cbe15eb2c034fcf6800a998225ce06b68a0229_robinhood,VISTA,Robinvista,0x59cbe15eb2c034fcf6800a998225ce06b68a0229_robinhood,vis.png,1000000000,,
0x8f6d4943a1994505d27b05d044debca2487c482d_robinhood,HOODS,HOODS,0x8f6d4943a1994505d27b05d044debca2487c482d_robinhood,hoo.png,1000000000,"{""robinhood"":""0x8f6d4943a1994505d27b05d044debca2487c482d""}",18
0x9d6e40fe22bdf1b40aec887d67807d0f4aef9821_robinhood,ZOOM,VOBOT,0x9d6e40fe22bdf1b40aec887d67807d0f4aef9821_robinhood,zoo.png,1000000000,"{""robinhood"":""0x9d6e40fe22bdf1b40aec887d67807d0f4aef9821""}",18
0x13fff1377144f4554e45e28bdcb3b510177df566_robinhood,GLIMMER,GlimmerGuard,0x13fff1377144f4554e45e28bdcb3b510177df566_robinhood,gli.png,1000000000,"{""robinhood"":""0x13fff1377144f4554e45e28bdcb3b510177df566""}",18
0x9ddd01dba11cbdc9fdbdd97a1e5243f6a9ca1dbb_ethereum,SNOWMOON,Snowmoon,0x9ddd01dba11cbdc9fdbdd97a1e5243f6a9ca1dbb_ethereum,sno.png,1000000000,"{""ethereum"":""0x9ddd01dba11cbdc9fdbdd97a1e5243f6a9ca1dbb""}",18
0x8cd12c4c0c6b3bceada816f89a9c6b2c63827777_binance_smart,币安时代,币安时代,0x8cd12c4c0c6b3bceada816f89a9c6b2c63827777_binance_smart,.png,1000000000,"{""binance_smart"":""0x8cd12c4c0c6b3bceada816f89a9c6b2c63827777""}",18
6aQ3Ze7BcXJCkZppBqkUQcZBufeSTXNLzLp3bkX2QoQr_solana,CT,Concrete,6aQ3Ze7BcXJCkZppBqkUQcZBufeSTXNLzLp3bkX2QoQr_solana,ct.png,1000000000,"{""solana"":""6aQ3Ze7BcXJCkZppBqkUQcZBufeSTXNLzLp3bkX2QoQr""}",18
0xe5d445f074f3c8c987e8f86f5f03de2ceb1ba4cc_arc,MALA,Malachite,0xe5d445f074f3c8c987e8f86f5f03de2ceb1ba4cc_arc,mal.png,1000000000,"{""arc"":""0xe5d445f074f3c8c987e8f86f5f03de2ceb1ba4cc""}",18
13NqtDeACaPtme18RM7vs2e4sV77NDji8FUqnnuJYfQT_solana,NEPTUNE,neptune,13NqtDeACaPtme18RM7vs2e4sV77NDji8FUqnnuJYfQT_solana,nep.png,100000000000,"{""solana"":""13NqtDeACaPtme18RM7vs2e4sV77NDji8FUqnnuJYfQT""}",18
gXHS7gwYxLRz7eptuoGB2r46m6QKYqFtRyR5KDh2yDD_solana,DEBT,DEBT COIN,gXHS7gwYxLRz7eptuoGB2r46m6QKYqFtRyR5KDh2yDD_solana,deb.png,1000000001,"{""solana"":""gXHS7gwYxLRz7eptuoGB2r46m6QKYqFtRyR5KDh2yDD""}",18
0xa5127fae2d0986a4cb6619b9c4ec53461726454b_robinhood,SPORE,SPORE,0xa5127fae2d0986a4cb6619b9c4ec53461726454b_robinhood,spo.png,1000000000,"{""robinhood"":""0xa5127fae2d0986a4cb6619b9c4ec53461726454b""}",18
9b138LXLsuKrwnkswdjSiN3wg9hAFrq8zqe8n9ezee8m_solana,swordcat,cat wif sword,9b138LXLsuKrwnkswdjSiN3wg9hAFrq8zqe8n9ezee8m_solana,swo.png,1000000001,"{""solana"":""9b138LXLsuKrwnkswdjSiN3wg9hAFrq8zqe8n9ezee8m""}",18
46YzZrL66v9Ddo4zxFxwTXCe3i34gGjWNyiHSdE6swap_solana,SWAP,swap.fun,46YzZrL66v9Ddo4zxFxwTXCe3i34gGjWNyiHSdE6swap_solana,swa.png,999999992,"{""solana"":""46YzZrL66v9Ddo4zxFxwTXCe3i34gGjWNyiHSdE6swap""}",18
TJY3o6nyEJqbhF2u1bPaDND5tCuQzYnUyDt45m5dCN7_solana,moin,meme + coin =,TJY3o6nyEJqbhF2u1bPaDND5tCuQzYnUyDt45m5dCN7_solana,moi.png,1000000001,"{""solana"":""TJY3o6nyEJqbhF2u1bPaDND5tCuQzYnUyDt45m5dCN7""}",18
Bu18hhfhJARhfT684LbuqkLnwoe7yA5TNAgScqmNBVL_solana,FROINK,Froink,Bu18hhfhJARhfT684LbuqkLnwoe7yA5TNAgScqmNBVL_solana,fro.png,100000000000,"{""solana"":""Bu18hhfhJARhfT684LbuqkLnwoe7yA5TNAgScqmNBVL""}",18
0x990fb9d2986458788e3cb71ab4b3ad49213e1e18_robinhood,FROGE,FROGE,0x990fb9d2986458788e3cb71ab4b3ad49213e1e18_robinhood,fro.png,1000000000,"{""robinhood"":""0x990fb9d2986458788e3cb71ab4b3ad49213e1e18""}",18
BizeLNXEQjrTjmtQbNA6Qi22h5HKQe9Gjwys3ZkT1Nc9_solana,ELON,Eloncoin,BizeLNXEQjrTjmtQbNA6Qi22h5HKQe9Gjwys3ZkT1Nc9_solana,elo.png,1000000000,"{""solana"":""BizeLNXEQjrTjmtQbNA6Qi22h5HKQe9Gjwys3ZkT1Nc9""}",18
48hSH3J7fDWxZiUhxj4cb6ekUTTen9d5nyev5qcguAdu_solana,AGI,American Golden Intelligence,48hSH3J7fDWxZiUhxj4cb6ekUTTen9d5nyev5qcguAdu_solana,agi.png,1000000000,"{""solana"":""48hSH3J7fDWxZiUhxj4cb6ekUTTen9d5nyev5qcguAdu""}",18
0x8cb7bc8b4e0a4552425c2055a89b8546824979a3_robinhood,HOOKEDCAT,Hooked Cat,0x8cb7bc8b4e0a4552425c2055a89b8546824979a3_robinhood,hoo.png,1000000000,"{""robinhood"":""0x8cb7bc8b4e0a4552425c2055a89b8546824979a3""}",18
6hTLdzZaaCjmqtn7RtaEMQsCbXT5Pg8q76tRViEGpump_solana,ABU,Abu Shalab,6hTLdzZaaCjmqtn7RtaEMQsCbXT5Pg8q76tRViEGpump_solana,abu.png,1000000000,"{""solana"":""6hTLdzZaaCjmqtn7RtaEMQsCbXT5Pg8q76tRViEGpump""}",18
843Axu62fmt5mEqbQLpGJEBpGcH2Lcagbgt3KCUkCRLP_solana,HOURS,hours,843Axu62fmt5mEqbQLpGJEBpGcH2Lcagbgt3KCUkCRLP_solana,hou.png,1000000000,"{""solana"":""843Axu62fmt5mEqbQLpGJEBpGcH2Lcagbgt3KCUkCRLP""}",18
3BHRBatjdwJqWjj9HZQxknrH154M7pcgGrcY3wtk44FS_solana,招财猫,招财猫,3BHRBatjdwJqWjj9HZQxknrH154M7pcgGrcY3wtk44FS_solana,.png,999999956,"{""solana"":""3BHRBatjdwJqWjj9HZQxknrH154M7pcgGrcY3wtk44FS""}",18
0xb672e5d34bd5bc6110c896fa1b850e33d7478551_robinhood,VOX,Voxstart,0xb672e5d34bd5bc6110c896fa1b850e33d7478551_robinhood,vox.png,100000000000,"{""robinhood"":""0xb672e5d34bd5bc6110c896fa1b850e33d7478551""}",18
AFFm3evSrXenXXQ4rZrfN1JuBG93hXrJY85oAaSDnYHo_solana,Mamesuke,豆助 Mamesuke,AFFm3evSrXenXXQ4rZrfN1JuBG93hXrJY85oAaSDnYHo_solana,mam.png,1000000001,"{""solana"":""AFFm3evSrXenXXQ4rZrfN1JuBG93hXrJY85oAaSDnYHo""}",18
1G4zZWw22apdx9VxqthrTLpvRMXjtCmRUUymuvfNysP_solana,$PEXRA,$PEXRA,1G4zZWw22apdx9VxqthrTLpvRMXjtCmRUUymuvfNysP_solana,pex.png,100000000000,"{""solana"":""1G4zZWw22apdx9VxqthrTLpvRMXjtCmRUUymuvfNysP""}",18
6qfkAEjeBZMXcV2HTp8kaCTLwa4djz5KcUoEigEjpump_solana,NTDA,NTDA,6qfkAEjeBZMXcV2HTp8kaCTLwa4djz5KcUoEigEjpump_solana,ntd.png,999720166,"{""solana"":""6qfkAEjeBZMXcV2HTp8kaCTLwa4djz5KcUoEigEjpump""}",18
0x2713d1c01dfd7368697a815131f8bdc4b90a0ed5_robinhood,PAID,Paid on Robinscan,0x2713d1c01dfd7368697a815131f8bdc4b90a0ed5_robinhood,pai.png,1000000000,"{""robinhood"":""0x2713d1c01dfd7368697a815131f8bdc4b90a0ed5""}",18
5wBJDYBXtVWncxpETGnWizBT5e6nT3kJEGP51ULz7Yii_solana,Quine,Quine,5wBJDYBXtVWncxpETGnWizBT5e6nT3kJEGP51ULz7Yii_solana,qui.png,1000000000,"{""solana"":""5wBJDYBXtVWncxpETGnWizBT5e6nT3kJEGP51ULz7Yii""}",18
GMnkW6miH5DhKANMsEwpomaob7nMwMkzNX1PQD2PXpEm_solana,GM,GREEN MORNING,GMnkW6miH5DhKANMsEwpomaob7nMwMkzNX1PQD2PXpEm_solana,gm.png,100000000000,"{""solana"":""GMnkW6miH5DhKANMsEwpomaob7nMwMkzNX1PQD2PXpEm""}",18
8Ybh3ZcNrWWjd3nzW1N8cG5oVgtEz9MwqKJwc6N1Uwt_solana,WOJAK,Wojak,8Ybh3ZcNrWWjd3nzW1N8cG5oVgtEz9MwqKJwc6N1Uwt_solana,woj.png,100000000000,"{""solana"":""8Ybh3ZcNrWWjd3nzW1N8cG5oVgtEz9MwqKJwc6N1Uwt""}",18
Ag1BTKa5cFouDLcLMYGmemmeBWysW9uuVeSY95STGF8R_solana,ANON,Anon,Ag1BTKa5cFouDLcLMYGmemmeBWysW9uuVeSY95STGF8R_solana,ano.png,1000000001,"{""solana"":""Ag1BTKa5cFouDLcLMYGmemmeBWysW9uuVeSY95STGF8R""}",18
6CkEs32ys6XMwq9niXgN7wDQBP2fehR4f6EhRv8RCemC_solana,SOCKET,Socket,6CkEs32ys6XMwq9niXgN7wDQBP2fehR4f6EhRv8RCemC_solana,soc.png,999999955,"{""solana"":""6CkEs32ys6XMwq9niXgN7wDQBP2fehR4f6EhRv8RCemC""}",18
8Vj1h4wVNZBajtFSiqLu1FCQnTTnWCPxqwMxV4kxEWor_solana,熊猫派,拥抱熊猫派,8Vj1h4wVNZBajtFSiqLu1FCQnTTnWCPxqwMxV4kxEWor_solana,.png,1000000002,"{""solana"":""8Vj1h4wVNZBajtFSiqLu1FCQnTTnWCPxqwMxV4kxEWor""}",18
2HNw7tKqDXXrcbyH19b5je6M638NBqRmRYbYfpaE53Zb_solana,dihstorm,dihstorm,2HNw7tKqDXXrcbyH19b5je6M638NBqRmRYbYfpaE53Zb_solana,dih.png,1000000000,"{""solana"":""2HNw7tKqDXXrcbyH19b5je6M638NBqRmRYbYfpaE53Zb""}",18
7cBijCxNBHv9SLFpvV8HfuDoq45YQv2Am5JGUDq3MZBn_solana,51X,51吃瓜网官方首发Meme,7cBijCxNBHv9SLFpvV8HfuDoq45YQv2Am5JGUDq3MZBn_solana,51x.png,1000000001,"{""solana"":""7cBijCxNBHv9SLFpvV8HfuDoq45YQv2Am5JGUDq3MZBn""}",18
0xd6b619a75667cfcc827a3b9b75d807d98b5456d2_robinhood,GHST,Ghosts,0xd6b619a75667cfcc827a3b9b75d807d98b5456d2_robinhood,ghs.png,3000000000,"{""robinhood"":""0xd6b619a75667cfcc827a3b9b75d807d98b5456d2""}",18
0x0c6952863d790ca1249393ae4caac935a4c028b3_binance_smart,本命年币,本命年币,0x0c6952863d790ca1249393ae4caac935a4c028b3_binance_smart,.png,1000000000,"{""binance_smart"":""0x0c6952863d790ca1249393ae4caac935a4c028b3""}",18
QrM2xPoVVRq4BfydoxpqptQ4NNBWhFw6JvKyea5SemS_solana,Encycloped,Encyclopedia Cosmologica,QrM2xPoVVRq4BfydoxpqptQ4NNBWhFw6JvKyea5SemS_solana,enc.png,1000000000,"{""solana"":""QrM2xPoVVRq4BfydoxpqptQ4NNBWhFw6JvKyea5SemS""}",18
0x9314bf98e620f1801942120170a34f4cb5fa012e_binance_smart,登月属马,登月属马,0x9314bf98e620f1801942120170a34f4cb5fa012e_binance_smart,.png,1000000000,"{""binance_smart"":""0x9314bf98e620f1801942120170a34f4cb5fa012e""}",18
3tnZtc72WvVkyBfjttLTZeZxSGfRRTDDsm7ARt3mDZcW_solana,NPC,NPCs,3tnZtc72WvVkyBfjttLTZeZxSGfRRTDDsm7ARt3mDZcW_solana,npc.png,1000000000,"{""solana"":""3tnZtc72WvVkyBfjttLTZeZxSGfRRTDDsm7ARt3mDZcW""}",18
0xb2000000000000000000009f5206d54b428eb75b_base,Aeon,Aeon,0xb2000000000000000000009f5206d54b428eb75b_base,aeo.png,1000000000,"{""base"":""0xb2000000000000000000009f5206d54b428eb75b""}",18
8cXwztF6ERZChVUB5DP8sfqjSECNqi5d6M17iDuTFaro_solana,TAOLAUNCH,TAOLaunch,8cXwztF6ERZChVUB5DP8sfqjSECNqi5d6M17iDuTFaro_solana,tao.png,1000000000,"{""solana"":""8cXwztF6ERZChVUB5DP8sfqjSECNqi5d6M17iDuTFaro""}",18
0x10f52295e129817e8e4b28da0dab067321ec2222_base,EVAL,Evaluation,0x10f52295e129817e8e4b28da0dab067321ec2222_base,0x10f52295e129817e8e4b28da0dab067321ec2222_baseKU7.png,1000000000,"{""base"":""0x10f52295e129817e8e4b28da0dab067321ec2222""}",18
HqkLiBbVHBwPzHCwPhmGzpNAvZBeK7b8L9CZxspXGbbq_solana,SNOWMOON,snowmoon,HqkLiBbVHBwPzHCwPhmGzpNAvZBeK7b8L9CZxspXGbbq_solana,sno.png,1000000000,"{""solana"":""HqkLiBbVHBwPzHCwPhmGzpNAvZBeK7b8L9CZxspXGbbq""}",18
5G1h461U7r9arvQ3P9XHS6fmr8L952Db1BY49EzYVhg_solana,cNFTs,Claimed NFTs,5G1h461U7r9arvQ3P9XHS6fmr8L952Db1BY49EzYVhg_solana,cnf.png,100000000000,"{""solana"":""5G1h461U7r9arvQ3P9XHS6fmr8L952Db1BY49EzYVhg""}",18
0xb2000000000000000000007bf6d5cbb0e24cb301_base,BRIAN,Coinbase Man,0xb2000000000000000000007bf6d5cbb0e24cb301_base,bri.png,1000000000,"{""base"":""0xb2000000000000000000007bf6d5cbb0e24cb301""}",18
0x4242adbf78f58c3977dfc4eca6baf9eeb9e9315f_robinhood,ULTRAFASTINU,Ultrafast Inu,0x4242adbf78f58c3977dfc4eca6baf9eeb9e9315f_robinhood,ult.png,1000000000,"{""robinhood"":""0x4242adbf78f58c3977dfc4eca6baf9eeb9e9315f""}",18
0xbb6ee7aa6d56266ccef3b1c0706bccce2f9a0cdd_robinhood,WADDLES,Waddles,0xbb6ee7aa6d56266ccef3b1c0706bccce2f9a0cdd_robinhood,wad.png,1000000000,"{""robinhood"":""0xbb6ee7aa6d56266ccef3b1c0706bccce2f9a0cdd""}",18
4ewtv8cLUULfNj9wsRytsXkgERG5mx1MZ3LZGMTfVVmm_solana,RO,RO/BOT,4ewtv8cLUULfNj9wsRytsXkgERG5mx1MZ3LZGMTfVVmm_solana,ro.png,1000000000,"{""solana"":""4ewtv8cLUULfNj9wsRytsXkgERG5mx1MZ3LZGMTfVVmm""}",18
0x8a8e9c965c564bed85038b44c6fd5aebe6ea62c7_robinhood,HOTDOG,HOTDOG MODE,0x8a8e9c965c564bed85038b44c6fd5aebe6ea62c7_robinhood,hot.png,1000000000,"{""robinhood"":""0x8a8e9c965c564bed85038b44c6fd5aebe6ea62c7""}",18
0x1553f3a88c94e5ba58ddab0da3ae0b1d7f0195b5_binance_smart,🦊SAF,🦊SafeDoge,0x1553f3a88c94e5ba58ddab0da3ae0b1d7f0195b5_binance_smart,saf.png,1000000000,"{""binance_smart"":""0x1553f3a88c94e5ba58ddab0da3ae0b1d7f0195b5""}",18
Fe42hPRumcFkRft9wyHTWQbkXqdnma8VHFxnEvomefJ3_solana,AIRPAD,AirPad,Fe42hPRumcFkRft9wyHTWQbkXqdnma8VHFxnEvomefJ3_solana,air.png,1000000001,"{""solana"":""Fe42hPRumcFkRft9wyHTWQbkXqdnma8VHFxnEvomefJ3""}",18
HppB5rMgVsUqua42N2TEDcjwy7gLuAm6dq5qMSLZpump_solana,PUMPGU,PUMPGU,HppB5rMgVsUqua42N2TEDcjwy7gLuAm6dq5qMSLZpump_solana,pum.png,999827582,"{""solana"":""HppB5rMgVsUqua42N2TEDcjwy7gLuAm6dq5qMSLZpump""}",18
0x03add3575c11038a7fa7a48649bd28a0ac089d75_robinhood,TCC,Trump Corruption Coin,0x03add3575c11038a7fa7a48649bd28a0ac089d75_robinhood,tcc.png,1000000000,"{""robinhood"":""0x03add3575c11038a7fa7a48649bd28a0ac089d75""}",18
0x21622dd83a3f0ba9485c2e7d0a7c2de3502d3ce8_robinhood,VRAX,Commander Vrax,0x21622dd83a3f0ba9485c2e7d0a7c2de3502d3ce8_robinhood,0x21622dd83a3f0ba9485c2e7d0a7c2de3502d3ce8_robinhoodHNX.png,1000000000,"{""robinhood"":""0x21622dd83a3f0ba9485c2e7d0a7c2de3502d3ce8""}",18
JDiQvVkiBRnBAiFwL1nSULrt4UP22PZdPomRAuymmqbk_solana,Fern,The Moon Bear,JDiQvVkiBRnBAiFwL1nSULrt4UP22PZdPomRAuymmqbk_solana,fer.png,1000000000,"{""solana"":""JDiQvVkiBRnBAiFwL1nSULrt4UP22PZdPomRAuymmqbk""}",18
51qM4WTAwmQK7CYxKVqGXSJguTBJLzNEK9pbaTBbUcqm_solana,STILL,Still City,51qM4WTAwmQK7CYxKVqGXSJguTBJLzNEK9pbaTBbUcqm_solana,sti.png,1000000000,"{""solana"":""51qM4WTAwmQK7CYxKVqGXSJguTBJLzNEK9pbaTBbUcqm""}",18
BiwhVqMBnYt8dM8L9qy1nY5bQ2pVNMZ1a2haHkMj8Pp9_solana,JACK,JACK,BiwhVqMBnYt8dM8L9qy1nY5bQ2pVNMZ1a2haHkMj8Pp9_solana,jac.png,1000000001,"{""solana"":""BiwhVqMBnYt8dM8L9qy1nY5bQ2pVNMZ1a2haHkMj8Pp9""}",18
3sDJFymsvZQ2vct7t8VD2A6Yq3j4ve9AUkPZebM1kwsF_solana,YAP,YAP,3sDJFymsvZQ2vct7t8VD2A6Yq3j4ve9AUkPZebM1kwsF_solana,yap.png,999999947,"{""solana"":""3sDJFymsvZQ2vct7t8VD2A6Yq3j4ve9AUkPZebM1kwsF""}",18
FeEcbjZ8qVukx21pU5ihjXznr6WtY5MTtzjoMZD5QhrH_solana,N-ERROR,Network error,FeEcbjZ8qVukx21pU5ihjXznr6WtY5MTtzjoMZD5QhrH_solana,ner.png,1000000000,"{""solana"":""FeEcbjZ8qVukx21pU5ihjXznr6WtY5MTtzjoMZD5QhrH""}",18
Ff6pN2C6TtSAJqvkMgDzzLduR7UishdPXuW8z9pgHeqQ_solana,Pygoscelis,Pygoscelis kerguelensis,Ff6pN2C6TtSAJqvkMgDzzLduR7UishdPXuW8z9pgHeqQ_solana,pyg.png,999999952,"{""solana"":""Ff6pN2C6TtSAJqvkMgDzzLduR7UishdPXuW8z9pgHeqQ""}",18
fcnivbt5rzhTXzRj5F61X3zTeH3jnizLg2dqeH1fkLU_solana,RELAY,FomoRelay,fcnivbt5rzhTXzRj5F61X3zTeH3jnizLg2dqeH1fkLU_solana,rel.png,1000000000,"{""solana"":""fcnivbt5rzhTXzRj5F61X3zTeH3jnizLg2dqeH1fkLU""}",18
5YRf7skzeVeCUA5szjXcrtyKYYLg5jACDZ5XzMVJvFzp_solana,币安链能飞,币安链能飞 Soon,5YRf7skzeVeCUA5szjXcrtyKYYLg5jACDZ5XzMVJvFzp_solana,.png,1000000000,"{""solana"":""5YRf7skzeVeCUA5szjXcrtyKYYLg5jACDZ5XzMVJvFzp""}",18
0x56d487b457813b6ad8bd885ab437526e038d3b7c_ethereum,SENDCAT,Send Cat,0x56d487b457813b6ad8bd885ab437526e038d3b7c_ethereum,sen.png,1000000000,"{""ethereum"":""0x56d487b457813b6ad8bd885ab437526e038d3b7c""}",18
0xadfc5029fd35c00cc5bb1a6ee436125afbc1b60f_base,SHADPS4,SHADPS4 github.com/shadps4-emu/SHADPS4,0xadfc5029fd35c00cc5bb1a6ee436125afbc1b60f_base,sha.png,1000000000,"{""base"":""0xadfc5029fd35c00cc5bb1a6ee436125afbc1b60f""}",18
FeN6Zj3FyP6kpJ8KvyUY2NwAp8FNJJwYNvwWW5n7CUSb_solana,Carvana,cvnaUSDT,FeN6Zj3FyP6kpJ8KvyUY2NwAp8FNJJwYNvwWW5n7CUSb_solana,car.png,1000000001,"{""solana"":""FeN6Zj3FyP6kpJ8KvyUY2NwAp8FNJJwYNvwWW5n7CUSb""}",18
5wW9mhbwq1HTFh341iimpmrqBB4mfxdXiYhdYBL7hUnp_solana,KARDASHEV,Kardashev Research,5wW9mhbwq1HTFh341iimpmrqBB4mfxdXiYhdYBL7hUnp_solana,kar.png,1000000000,"{""solana"":""5wW9mhbwq1HTFh341iimpmrqBB4mfxdXiYhdYBL7hUnp""}",18
0xe65eff41d9235abd677058a3c63b60cf129196fe_robinhood,HOTELLOBBY,Hotel Lobby,0xe65eff41d9235abd677058a3c63b60cf129196fe_robinhood,hot.png,1000000000,"{""robinhood"":""0xe65eff41d9235abd677058a3c63b60cf129196fe""}",18
0x589f84b19933c1a8edac82a37ed329b327f97777_binance_smart,领头羊,Bellwether,0x589f84b19933c1a8edac82a37ed329b327f97777_binance_smart,.png,1000000000,,
6UJfcchtD9nB8F6rEDVeDieh4BPApRAa4KhiZmQbseXa_solana,中国人能飞,中国人能飞火箭,6UJfcchtD9nB8F6rEDVeDieh4BPApRAa4KhiZmQbseXa_solana,.png,1000000000,"{""solana"":""6UJfcchtD9nB8F6rEDVeDieh4BPApRAa4KhiZmQbseXa""}",18
pd9txzevVNo8Lb9WgCs69d2yxYsBUh41JxMJfzKUukv_solana,CAREBOND,Care Bond,pd9txzevVNo8Lb9WgCs69d2yxYsBUh41JxMJfzKUukv_solana,car.png,1000000000,"{""solana"":""pd9txzevVNo8Lb9WgCs69d2yxYsBUh41JxMJfzKUukv""}",18
0x5d2512992c300a86f6a38664963855a9eda48888_robinhood,HOOD Summit '26,Roundhill,0x5d2512992c300a86f6a38664963855a9eda48888_robinhood,hoo.png,100000000000,"{""robinhood"":""0x5d2512992c300a86f6a38664963855a9eda48888""}",18
0x66ab90f322e00c434028f4a8544ccd77dc638d37_robinhood,KARDASHEV,Kardashev Research,0x66ab90f322e00c434028f4a8544ccd77dc638d37_robinhood,kar.png,1000000000,"{""robinhood"":""0x66ab90f322e00c434028f4a8544ccd77dc638d37""}",18
0x09adc469f97717683eb987caaed07fe70ae7be51_robinhood,FASTCOIN,FASTCOIN,0x09adc469f97717683eb987caaed07fe70ae7be51_robinhood,fas.png,1000000000,"{""robinhood"":""0x09adc469f97717683eb987caaed07fe70ae7be51""}",18
0xadf7cd88a4bc4ff14338c17defaa6f4776cc8cbd_base,ZJU-ICICLES,ZJU-ICICLES github.com/qsctech/ZJU-ICICLES,0xadf7cd88a4bc4ff14338c17defaa6f4776cc8cbd_base,zju.png,1000000000,"{""base"":""0xadf7cd88a4bc4ff14338c17defaa6f4776cc8cbd""}",18
EnQbyi2fgEwjzopWfm4f7v15pW7weZkcrfFQNiBEMXBi_solana,QNT,Quant,EnQbyi2fgEwjzopWfm4f7v15pW7weZkcrfFQNiBEMXBi_solana,qnt.png,1000000000,"{""solana"":""EnQbyi2fgEwjzopWfm4f7v15pW7weZkcrfFQNiBEMXBi""}",18
GtV6g1ey2NERrcbvL5bdzrxRJQDfxpMaLU9oLtRipump_solana,CROW,CROW,GtV6g1ey2NERrcbvL5bdzrxRJQDfxpMaLU9oLtRipump_solana,cro.png,979635637,"{""solana"":""GtV6g1ey2NERrcbvL5bdzrxRJQDfxpMaLU9oLtRipump""}",18
HduCpjw79zQRoFi5Az3aUN3zcEMR3gftVCzqpPnBF8p_solana,BI,Binance Inu,HduCpjw79zQRoFi5Az3aUN3zcEMR3gftVCzqpPnBF8p_solana,bi.png,99999994897,"{""solana"":""HduCpjw79zQRoFi5Az3aUN3zcEMR3gftVCzqpPnBF8p""}",18
0x5ee3ae09680d43bdcb23fe37cd3ef51c6101ce9f_robinhood,🚀,🚀,0x5ee3ae09680d43bdcb23fe37cd3ef51c6101ce9f_robinhood,.png,1000000000,"{""robinhood"":""0x5ee3ae09680d43bdcb23fe37cd3ef51c6101ce9f""}",18
0x2562936101531aeaf4b4042f30104ac74f0d790e_robinhood,NH,Night Hamster,0x2562936101531aeaf4b4042f30104ac74f0d790e_robinhood,nh.png,1000000000,"{""robinhood"":""0x2562936101531aeaf4b4042f30104ac74f0d790e""}",18
0x047d4f93045292bdc2cc7ced1ecf71dd12377777_binance_smart,人生好物,人生好物,0x047d4f93045292bdc2cc7ced1ecf71dd12377777_binance_smart,0x047d4f93045292bdc2cc7ced1ecf71dd12377777_binance_smartJD3.png,1000000000,"{""binance_smart"":""0x047d4f93045292bdc2cc7ced1ecf71dd12377777""}",18
DN4fjLobe7a2o9neaWFkzepedebdPwytnPoJZ7y8shMG_solana,DUST,dust,DN4fjLobe7a2o9neaWFkzepedebdPwytnPoJZ7y8shMG_solana,dus.png,1000000001,"{""solana"":""DN4fjLobe7a2o9neaWFkzepedebdPwytnPoJZ7y8shMG""}",18
0x97ecc27f79eaa69f80ab49bc97ba3750a7087ccc_binance_smart,BTT,Bretton,0x97ecc27f79eaa69f80ab49bc97ba3750a7087ccc_binance_smart,btt.png,42660665,"{""binance_smart"":""0x97ecc27f79eaa69f80ab49bc97ba3750a7087ccc""}",18
BsGh8tM3dKfWqgzNFqyG55Agy4vs3KyDAYeWpuaCHTre_solana,ARTHUR,Arthur,BsGh8tM3dKfWqgzNFqyG55Agy4vs3KyDAYeWpuaCHTre_solana,art.png,1000000001,"{""solana"":""BsGh8tM3dKfWqgzNFqyG55Agy4vs3KyDAYeWpuaCHTre""}",18
PhMnSL8xfV2jZVJmUbqWvJyqaSeKHbTsgNm8GXWPUkG_solana,CSI,Chinese Super Inu,PhMnSL8xfV2jZVJmUbqWvJyqaSeKHbTsgNm8GXWPUkG_solana,csi.png,100000000000,"{""solana"":""PhMnSL8xfV2jZVJmUbqWvJyqaSeKHbTsgNm8GXWPUkG""}",18
0xef170dce65b6d9c573d7e7767558909e8f1d48d4_robinhood,DelveTown,DelveTown,0xef170dce65b6d9c573d7e7767558909e8f1d48d4_robinhood,del.png,1000000000,"{""robinhood"":""0xef170dce65b6d9c573d7e7767558909e8f1d48d4""}",18
0x5577a294ae5a21446a11b0e4100ca83803995720_base,ba3PUMP,Pump (Bankr Bridged),0x5577a294ae5a21446a11b0e4100ca83803995720_base,ba3.png,28293681,"{""base"":""0x5577a294ae5a21446a11b0e4100ca83803995720""}",18
0xfd1a35778d9798f13c6fb97d29c07a5ce3f7fb5e_robinhood,OFY,OffYield Neobank,0xfd1a35778d9798f13c6fb97d29c07a5ce3f7fb5e_robinhood,ofy.png,1000000000,"{""robinhood"":""0xfd1a35778d9798f13c6fb97d29c07a5ce3f7fb5e""}",18
0x03b234157e21d0ff69bad4182083ea836d9a68e2_robinhood,ZAPOTTA,ZAPOTTA,0x03b234157e21d0ff69bad4182083ea836d9a68e2_robinhood,zap.png,100000000000,"{""robinhood"":""0x03b234157e21d0ff69bad4182083ea836d9a68e2""}",18
9bRELdwEVGWdPyydmLwMze3Fb7BpNg6cPA6X8G4JEd2X_solana,企鹅,只是一只企鹅,9bRELdwEVGWdPyydmLwMze3Fb7BpNg6cPA6X8G4JEd2X_solana,.png,1000000000,"{""solana"":""9bRELdwEVGWdPyydmLwMze3Fb7BpNg6cPA6X8G4JEd2X""}",18
DJmoFAvif8X88Qet1o5NqgkXwnMvV9JxmrjYioUWo4H_solana,PARASITE,Parasite,DJmoFAvif8X88Qet1o5NqgkXwnMvV9JxmrjYioUWo4H_solana,par.png,1000000000,"{""solana"":""DJmoFAvif8X88Qet1o5NqgkXwnMvV9JxmrjYioUWo4H""}",18
E8n2ex91rnhpVX6RqCT2BjkrKLyfAi4q1ZueN26LvJyr_solana,RINSE,Rinse,E8n2ex91rnhpVX6RqCT2BjkrKLyfAi4q1ZueN26LvJyr_solana,rin.png,1000000000,"{""solana"":""E8n2ex91rnhpVX6RqCT2BjkrKLyfAi4q1ZueN26LvJyr""}",18
A6R4vgoBZznVx931QNhoYnAw9J32pf23mDnLEtacxFUC_solana,GACHA,Gacha Machine,A6R4vgoBZznVx931QNhoYnAw9J32pf23mDnLEtacxFUC_solana,gac.png,1000000000,"{""solana"":""A6R4vgoBZznVx931QNhoYnAw9J32pf23mDnLEtacxFUC""}",18
Gkwv9zzNtXBmcwVihD1ZD4bx9XiXRDhGRUpgyethpump_solana,AURA,Aura Wars,Gkwv9zzNtXBmcwVihD1ZD4bx9XiXRDhGRUpgyethpump_solana,aur.png,943049825,"{""solana"":""Gkwv9zzNtXBmcwVihD1ZD4bx9XiXRDhGRUpgyethpump""}",18
0xb569c295ace4f0779d73670823b77a6e463e0cd0_robinhood,SIF,Super Intelligence factory,0xb569c295ace4f0779d73670823b77a6e463e0cd0_robinhood,sif.png,1000000000,"{""robinhood"":""0xb569c295ace4f0779d73670823b77a6e463e0cd0""}",18
CctuvmqscoqdkZPfaJDxVt7Q6juaGuS3WCUdC7egNbdW_solana,제로,Zero,CctuvmqscoqdkZPfaJDxVt7Q6juaGuS3WCUdC7egNbdW_solana,.png,1000000001,"{""solana"":""CctuvmqscoqdkZPfaJDxVt7Q6juaGuS3WCUdC7egNbdW""}",18
29REVVLFoM2ERuSTt2p86zsn9q7CxTNuzHPw29dnpump_solana,ARMY,PUMPFUN ARMY,29REVVLFoM2ERuSTt2p86zsn9q7CxTNuzHPw29dnpump_solana,arm.png,1000000000,"{""solana"":""29REVVLFoM2ERuSTt2p86zsn9q7CxTNuzHPw29dnpump""}",18
CnfjanVV9M3QtBaz1PYdz5RKqeAqiU1CYqiWbMa2BfMc_solana,REV,Revenue,CnfjanVV9M3QtBaz1PYdz5RKqeAqiU1CYqiWbMa2BfMc_solana,rev.png,1000000000,"{""solana"":""CnfjanVV9M3QtBaz1PYdz5RKqeAqiU1CYqiWbMa2BfMc""}",18
CuSiUoamX2QfQUoD7TvYqr93tN7TPHQBc5b7gTz2jGfK_solana,BEAST,BEAST,CuSiUoamX2QfQUoD7TvYqr93tN7TPHQBc5b7gTz2jGfK_solana,bea.png,1000000000,"{""solana"":""CuSiUoamX2QfQUoD7TvYqr93tN7TPHQBc5b7gTz2jGfK""}",18
3sxsJ1poZ7KvJoUxYvG2m3SAcUY7rBXwpa2pmvdPZ4Xy_solana,swordcat,cat wif sword,3sxsJ1poZ7KvJoUxYvG2m3SAcUY7rBXwpa2pmvdPZ4Xy_solana,swo.png,999999608,"{""solana"":""3sxsJ1poZ7KvJoUxYvG2m3SAcUY7rBXwpa2pmvdPZ4Xy""}",18
0x7b0ab73b98aff33d2772abb9db3b4bd57fbcc7d1_robinhood,CYPHERAID,CYPHERAID,0x7b0ab73b98aff33d2772abb9db3b4bd57fbcc7d1_robinhood,cyp.png,1000000000,"{""robinhood"":""0x7b0ab73b98aff33d2772abb9db3b4bd57fbcc7d1""}",18
CXM6rNB6wtsUBswpj1ypYwR93jdwrzcvunENMqd8pump_solana,NEARCAT,NEARCAT,CXM6rNB6wtsUBswpj1ypYwR93jdwrzcvunENMqd8pump_solana,nea.png,986591061,"{""solana"":""CXM6rNB6wtsUBswpj1ypYwR93jdwrzcvunENMqd8pump""}",18
0x1d43bd994096cd1ece8de6030d70f6ff5397a33d_robinhood,VRAX,Commander Vrax,0x1d43bd994096cd1ece8de6030d70f6ff5397a33d_robinhood,vra.png,1000000000,"{""robinhood"":""0x1d43bd994096cd1ece8de6030d70f6ff5397a33d""}",18
0xe3392542cdc6773a1c0a3ee50ea78c06b5aba4b0_robinhood,CLONES,CLONES,0xe3392542cdc6773a1c0a3ee50ea78c06b5aba4b0_robinhood,clo.png,1000000000,"{""robinhood"":""0xe3392542cdc6773a1c0a3ee50ea78c06b5aba4b0""}",18
SB31g5u5A8Hjgiy3o8sPkEMcKKeLk6cTCyHfnpi56ZL_solana,TRENCHDOTS,trenchdots.fun,SB31g5u5A8Hjgiy3o8sPkEMcKKeLk6cTCyHfnpi56ZL_solana,tre.png,100000000000,"{""solana"":""SB31g5u5A8Hjgiy3o8sPkEMcKKeLk6cTCyHfnpi56ZL""}",18
B9DL6ryfU56pMvfBDt7Q2bLrBBoukgtiSGWsMt79vF6F_solana,AndyDuckha,Andy Duckham,B9DL6ryfU56pMvfBDt7Q2bLrBBoukgtiSGWsMt79vF6F_solana,and.png,1000000001,"{""solana"":""B9DL6ryfU56pMvfBDt7Q2bLrBBoukgtiSGWsMt79vF6F""}",18
Ed4imCCsxYV6TXa2FpMrsFXEhfUMY9vJMbZ1NNJpJQiS_solana,GOOMS,gooms.fun,Ed4imCCsxYV6TXa2FpMrsFXEhfUMY9vJMbZ1NNJpJQiS_solana,goo.png,1000000000,"{""solana"":""Ed4imCCsxYV6TXa2FpMrsFXEhfUMY9vJMbZ1NNJpJQiS""}",18
0x1a0500918b9dc5b6de88be9227b8d2e4c7c7e5be_binance_smart,🐼钻石币,🐼钻石币,0x1a0500918b9dc5b6de88be9227b8d2e4c7c7e5be_binance_smart,.png,1000000000,"{""binance_smart"":""0x1a0500918b9dc5b6de88be9227b8d2e4c7c7e5be""}",18
4q4RnJHUyooMC3AnXFoJacCaWSwJWeS5ZbF3e1p1AmNs_solana,bot,@bot make a billion dollar compa,4q4RnJHUyooMC3AnXFoJacCaWSwJWeS5ZbF3e1p1AmNs_solana,bot.png,1000000001,"{""solana"":""4q4RnJHUyooMC3AnXFoJacCaWSwJWeS5ZbF3e1p1AmNs""}",18
76fFhcA142kf9gdg11ahYTmEiZnPXokxJkcF1axupump_solana,KOG,Kognai,76fFhcA142kf9gdg11ahYTmEiZnPXokxJkcF1axupump_solana,kog.png,1000000000,"{""solana"":""76fFhcA142kf9gdg11ahYTmEiZnPXokxJkcF1axupump""}",18
3B84bg2kvqzPLhczcXoALdxUBeUs6GU823rd5hP8pump_solana,PAIDEBT,Paid Debt,3B84bg2kvqzPLhczcXoALdxUBeUs6GU823rd5hP8pump_solana,pai.png,986665049,"{""solana"":""3B84bg2kvqzPLhczcXoALdxUBeUs6GU823rd5hP8pump""}",18
0x7ea4a9e7882e13ec0c446a0625e338d4244e259a_binance_smart,AI,Artificial Inu,0x7ea4a9e7882e13ec0c446a0625e338d4244e259a_binance_smart,ai.png,1000000000,"{""binance_smart"":""0x7ea4a9e7882e13ec0c446a0625e338d4244e259a""}",18
NVpUDQR6isry1T4uRss5BrZxXBjkisGDcub19ryECsw_solana,HOOKED,Hooked,NVpUDQR6isry1T4uRss5BrZxXBjkisGDcub19ryECsw_solana,hoo.png,1000000000,"{""solana"":""NVpUDQR6isry1T4uRss5BrZxXBjkisGDcub19ryECsw""}",18
0x4971e7246f77941b25243e1ccc005fb59e584c12_robinhood,winsznlabs,winsznlabs,0x4971e7246f77941b25243e1ccc005fb59e584c12_robinhood,win.png,1000000000,"{""robinhood"":""0x4971e7246f77941b25243e1ccc005fb59e584c12""}",18
BXvnp4oQjhvSqbLccQBxmMaEnrf9HBQRKjqm6hhQAEQ_solana,SPLIT,Split,BXvnp4oQjhvSqbLccQBxmMaEnrf9HBQRKjqm6hhQAEQ_solana,spl.png,1000000000,"{""solana"":""BXvnp4oQjhvSqbLccQBxmMaEnrf9HBQRKjqm6hhQAEQ""}",18
0x40eb57842b260d2bca26dc553b6c2213393fc309_robinhood,DEADBEEF,Deadbeef coin,0x40eb57842b260d2bca26dc553b6c2213393fc309_robinhood,0x40eb57842b260d2bca26dc553b6c2213393fc309_robinhoodORk.png,1000000000,"{""robinhood"":""0x40eb57842b260d2bca26dc553b6c2213393fc309""}",18
0x7a14ae64da80345353b3c6f18a082f28274e2ecd_binance_smart,🐷兄弟,🐷兄弟,0x7a14ae64da80345353b3c6f18a082f28274e2ecd_binance_smart,.png,1000000000,"{""binance_smart"":""0x7a14ae64da80345353b3c6f18a082f28274e2ecd""}",18
0xfd94257600e96578a355d4b2834930844bd24b28_robinhood,COINAGE,coinage,0xfd94257600e96578a355d4b2834930844bd24b28_robinhood,coi.png,1000000000,"{""robinhood"":""0xfd94257600e96578a355d4b2834930844bd24b28""}",18
0x1f8831066c9b39077bafd0b92045e6afc6eb1de9_robinhood,PUNKS,CRYPTOPUNKS,0x1f8831066c9b39077bafd0b92045e6afc6eb1de9_robinhood,0x1f8831066c9b39077bafd0b92045e6afc6eb1de9_robinhood7MC.png,1000000000,"{""robinhood"":""0x1f8831066c9b39077bafd0b92045e6afc6eb1de9""}",18
0x26dba4bf2c7a03de5964089a902e30aa7eb838b3_ethereum,Silverchat,Silverchat,0x26dba4bf2c7a03de5964089a902e30aa7eb838b3_ethereum,sil.png,1000000000,"{""ethereum"":""0x26dba4bf2c7a03de5964089a902e30aa7eb838b3""}",18
7SG8ap8SqDB1dVmJ9RZhXd3VBkbgwPitxt9Jhj4Spump_solana,FORGE,FORGE,7SG8ap8SqDB1dVmJ9RZhXd3VBkbgwPitxt9Jhj4Spump_solana,for.png,986163141,"{""solana"":""7SG8ap8SqDB1dVmJ9RZhXd3VBkbgwPitxt9Jhj4Spump""}",18
0xde352cb981d2ab40bc4eeb09917950aa38d5ffff_binance_smart,PLANT,PLANKTON TOKEN,0xde352cb981d2ab40bc4eeb09917950aa38d5ffff_binance_smart,pla.png,1000000000,"{""binance_smart"":""0xde352cb981d2ab40bc4eeb09917950aa38d5ffff""}",18
0x1ec5655ac6ef209b755b2e2dc4453d18f87bee55_robinhood,VRAXCOMMANDERCO,VRAX COMMANDER,0x1ec5655ac6ef209b755b2e2dc4453d18f87bee55_robinhood,vra.png,1000000000,"{""robinhood"":""0x1ec5655ac6ef209b755b2e2dc4453d18f87bee55""}",18
0xa141f7052831abadfc84909a1a516e473d153de4_binance_smart,NSP,Ninja Space Pro,0xa141f7052831abadfc84909a1a516e473d153de4_binance_smart,nsp.png,1000000000,"{""binance_smart"":""0xa141f7052831abadfc84909a1a516e473d153de4""}",18
8Z4dayPJpM2noUpHfGVivVRmVXGcyx47HHstjNvVnuq9_solana,BARSTOOL,Barstool Sports Fund,8Z4dayPJpM2noUpHfGVivVRmVXGcyx47HHstjNvVnuq9_solana,bar.png,999999952,"{""solana"":""8Z4dayPJpM2noUpHfGVivVRmVXGcyx47HHstjNvVnuq9""}",18
5EBv4KjsL9w85B3cHFFTygq26McmT8WcwudRXmPTvFHj_solana,BOT,Dot.com,5EBv4KjsL9w85B3cHFFTygq26McmT8WcwudRXmPTvFHj_solana,bot.png,1000000000,"{""solana"":""5EBv4KjsL9w85B3cHFFTygq26McmT8WcwudRXmPTvFHj""}",18
AVXPQqxd32ABAP5F7shHKNeWBpos9miktdH3uKqgXYJZ_solana,suit,suit,AVXPQqxd32ABAP5F7shHKNeWBpos9miktdH3uKqgXYJZ_solana,sui.png,1000000000,"{""solana"":""AVXPQqxd32ABAP5F7shHKNeWBpos9miktdH3uKqgXYJZ""}",18
0x069d5340bf9cf5832f6324edfb9a8bf52fe12fa0_robinhood,CRED,Assets Got Credit,0x069d5340bf9cf5832f6324edfb9a8bf52fe12fa0_robinhood,0x069d5340bf9cf5832f6324edfb9a8bf52fe12fa0_robinhoodB46.png,100000000000,"{""robinhood"":""0x069d5340bf9cf5832f6324edfb9a8bf52fe12fa0""}",18
0xe1342e07ff138efb616815e4c934fa9d5abb7ae5_binance_smart,🦅BG,🦅Bear Galaxy,0xe1342e07ff138efb616815e4c934fa9d5abb7ae5_binance_smart,bg.png,1000000000,"{""binance_smart"":""0xe1342e07ff138efb616815e4c934fa9d5abb7ae5""}",18
HJxrmqDZT8k2d9knLmo35qRJQ2cH23vvLLDvUp1Ajb8_solana,JACK,JACK,HJxrmqDZT8k2d9knLmo35qRJQ2cH23vvLLDvUp1Ajb8_solana,jac.png,1000000000,"{""solana"":""HJxrmqDZT8k2d9knLmo35qRJQ2cH23vvLLDvUp1Ajb8""}",18
2HzbHQJSeiYrwqeEuk7w2cYasc9VLS6WrBrL2yHMebnY_solana,SAPLING,Sapling,2HzbHQJSeiYrwqeEuk7w2cYasc9VLS6WrBrL2yHMebnY_solana,sap.png,999999949,"{""solana"":""2HzbHQJSeiYrwqeEuk7w2cYasc9VLS6WrBrL2yHMebnY""}",18
0x73e4cff29e4e625c088eb99004dc4133955e2a42_binance_smart,CYCL👑,CYCLE👑,0x73e4cff29e4e625c088eb99004dc4133955e2a42_binance_smart,cyc.png,1000000000,"{""binance_smart"":""0x73e4cff29e4e625c088eb99004dc4133955e2a42""}",18
BpoqtUGbSycNDBQoaRRqXbiWn1CGSppC6JQbfD77Gk6G_solana,STOCK,Stockenized,BpoqtUGbSycNDBQoaRRqXbiWn1CGSppC6JQbfD77Gk6G_solana,sto.png,1000000001,"{""solana"":""BpoqtUGbSycNDBQoaRRqXbiWn1CGSppC6JQbfD77Gk6G""}",18
2Q3RhyE3u9qWf4ZNMebsWBkUJjCuQiYT62b15zu2LtCD_solana,CLAWD,clawd,2Q3RhyE3u9qWf4ZNMebsWBkUJjCuQiYT62b15zu2LtCD_solana,cla.png,1000000000,"{""solana"":""2Q3RhyE3u9qWf4ZNMebsWBkUJjCuQiYT62b15zu2LtCD""}",18
EeSHyt1ahSvm91CSa8ASqvenmxxQn2WU5VeNhdmepump_solana,GYM,Gym Showdown,EeSHyt1ahSvm91CSa8ASqvenmxxQn2WU5VeNhdmepump_solana,gym.png,1000000000,"{""solana"":""EeSHyt1ahSvm91CSa8ASqvenmxxQn2WU5VeNhdmepump""}",18
0xc399f3cd0c94d3bccef8970a2f493b98c7d2ccb8_robinhood,COW,The Not Laughing Cow,0xc399f3cd0c94d3bccef8970a2f493b98c7d2ccb8_robinhood,cow.png,1000000000,"{""robinhood"":""0xc399f3cd0c94d3bccef8970a2f493b98c7d2ccb8""}",18
0xc1c2bdac54f25e3a5ccadcd7872c6057ece05f2b_robinhood,MOONLET,Moonlet,0xc1c2bdac54f25e3a5ccadcd7872c6057ece05f2b_robinhood,moo.png,100000000000,"{""robinhood"":""0xc1c2bdac54f25e3a5ccadcd7872c6057ece05f2b""}",18
L1cpwSbH1eNQs9nvTpRgaKzoMKZuvkJA64fzqLuUNxL_solana,www,world wide web,L1cpwSbH1eNQs9nvTpRgaKzoMKZuvkJA64fzqLuUNxL_solana,www.png,100000000000,"{""solana"":""L1cpwSbH1eNQs9nvTpRgaKzoMKZuvkJA64fzqLuUNxL""}",18
GUn8uYYjrBuFxp2GRqk1v2Q5P5NdCsY7RKnStrP4Daj2_solana,ARTHUR,Arthur,GUn8uYYjrBuFxp2GRqk1v2Q5P5NdCsY7RKnStrP4Daj2_solana,art.png,1000000000,"{""solana"":""GUn8uYYjrBuFxp2GRqk1v2Q5P5NdCsY7RKnStrP4Daj2""}",18
0xa8ba54dcb6b6dd77052f384c1110b90fa98fdeb4_robinhood,GNUGS,G$NUGS,0xa8ba54dcb6b6dd77052f384c1110b90fa98fdeb4_robinhood,gnu.png,1000000000,"{""robinhood"":""0xa8ba54dcb6b6dd77052f384c1110b90fa98fdeb4""}",18
27Bb5J4D18D1NQQJztkUYWrWLZhqpv7h19bt6GWJkfgM_solana,HOOKR,Hookr.fun,27Bb5J4D18D1NQQJztkUYWrWLZhqpv7h19bt6GWJkfgM_solana,hoo.png,1000000001,"{""solana"":""27Bb5J4D18D1NQQJztkUYWrWLZhqpv7h19bt6GWJkfgM""}",18
eth_yvcurve-hbtc_0x625b7df2fa8abe21b0a976736cda4775523aed1e,yvCurve-HBTC,Curve HBTC Pool yVault,eth_yvcurve-hbtc_0x625b7df2fa8abe21b0a976736cda4775523aed1e,yvc.png,3.5076015368922047,"{""ethereum"":""0x625b7df2fa8abe21b0a976736cda4775523aed1e""}",18
3S6bJ6hUNs4KJMARQmasjuBpZwCaC1tgwexQhgCWqRZi_solana,FROINK,Froink,3S6bJ6hUNs4KJMARQmasjuBpZwCaC1tgwexQhgCWqRZi_solana,fro.png,999999820,"{""solana"":""3S6bJ6hUNs4KJMARQmasjuBpZwCaC1tgwexQhgCWqRZi""}",18
0xfd8b9ba4845fb38c779317ec134b298c064937a2_ethereum,9INCH,9INCH,0xfd8b9ba4845fb38c779317ec134b298c064937a2_ethereum,9in.png,995326288004,"{""ethereum"":""0xfd8b9ba4845fb38c779317ec134b298c064937a2""}",18
0x0a020a1b61b4315df6e1338be93b7d986147729e_robinhood,CNX,Crynux,0x0a020a1b61b4315df6e1338be93b7d986147729e_robinhood,cnx.png,74000200,"{""robinhood"":""0x0a020a1b61b4315df6e1338be93b7d986147729e""}",18
0x8c6986274ba0f735f760d5e04e21e23eb07b78e0_base,QNT,Quant Network (QNT),0x8c6986274ba0f735f760d5e04e21e23eb07b78e0_base,qnt.png,100000000000,"{""base"":""0x8c6986274ba0f735f760d5e04e21e23eb07b78e0""}",18
0xb29de8455acd47bb10755a133c54d0e595c6ffff_binance_smart,PP,Prison Professors,0xb29de8455acd47bb10755a133c54d0e595c6ffff_binance_smart,pp.png,1000000000,"{""binance_smart"":""0xb29de8455acd47bb10755a133c54d0e595c6ffff""}",18
0x29d9f943d13a7708acf677893ab8ed58da7aab4a_robinhood,FORK,Fork,0x29d9f943d13a7708acf677893ab8ed58da7aab4a_robinhood,for.png,1000000000,"{""robinhood"":""0x29d9f943d13a7708acf677893ab8ed58da7aab4a""}",18
0x3d9338ddc32abc2aa299edb6310ab39b67dee5d8_robinhood,SI,Super Inu,0x3d9338ddc32abc2aa299edb6310ab39b67dee5d8_robinhood,si.png,100000000000,"{""robinhood"":""0x3d9338ddc32abc2aa299edb6310ab39b67dee5d8""}",18
0xa91c784d883d073d6c1582dd308d87fd0ed36129_robinhood,MICRO,Microcat,0xa91c784d883d073d6c1582dd308d87fd0ed36129_robinhood,mic.png,100000000000,"{""robinhood"":""0xa91c784d883d073d6c1582dd308d87fd0ed36129""}",18
0xe8690246f05359770e131eeb85333442dfe02037_binance_smart,PHO,PhoenixBonk,0xe8690246f05359770e131eeb85333442dfe02037_binance_smart,pho.png,1000000000,"{""binance_smart"":""0xe8690246f05359770e131eeb85333442dfe02037""}",18
0xf3c35a84ef311c847ce4da33c3c31c57770b3760_binance_smart,POFD,POFD,0xf3c35a84ef311c847ce4da33c3c31c57770b3760_binance_smart,pof.png,1000000000,"{""binance_smart"":""0xf3c35a84ef311c847ce4da33c3c31c57770b3760""}",18
AtBjw3YUmk9YJeC7LKKefUkvS2H2A28HQKX1kZS6nM2V_solana,太空牛,太空牛,AtBjw3YUmk9YJeC7LKKefUkvS2H2A28HQKX1kZS6nM2V_solana,.png,1000000000,"{""solana"":""AtBjw3YUmk9YJeC7LKKefUkvS2H2A28HQKX1kZS6nM2V""}",18
4jEhfP9rRHucVkDNJpJBCCAYpqyCAmieqvf9WGouztHV_solana,RESI,Reside,4jEhfP9rRHucVkDNJpJBCCAYpqyCAmieqvf9WGouztHV_solana,res.png,1000000001,"{""solana"":""4jEhfP9rRHucVkDNJpJBCCAYpqyCAmieqvf9WGouztHV""}",18
0xd36b68e9f384bd2b94baf49c5e084b3b88fa1e18_robinhood,SI,Super Inu,0xd36b68e9f384bd2b94baf49c5e084b3b88fa1e18_robinhood,si.png,1000000000,"{""robinhood"":""0xd36b68e9f384bd2b94baf49c5e084b3b88fa1e18""}",18
DwJXKQTCrh8WB8nuNfWXCz5DhGAm7H1WNwKsEY7dFKG_solana,WIRED,Wired fees to socials,DwJXKQTCrh8WB8nuNfWXCz5DhGAm7H1WNwKsEY7dFKG_solana,wir.png,999999957,"{""solana"":""DwJXKQTCrh8WB8nuNfWXCz5DhGAm7H1WNwKsEY7dFKG""}",18
0x9f6b4c65e31a0f0bc663944950a74ed77c017777_binance_smart,币安证券,币安证券,0x9f6b4c65e31a0f0bc663944950a74ed77c017777_binance_smart,.png,1000000000,"{""binance_smart"":""0x9f6b4c65e31a0f0bc663944950a74ed77c017777""}",18
Afx115cNQsPpS1ojdsXeyFir4M4ze9iqLMmyKUKhebt6_solana,catfish,catfish,Afx115cNQsPpS1ojdsXeyFir4M4ze9iqLMmyKUKhebt6_solana,cat.png,1000000000,"{""solana"":""Afx115cNQsPpS1ojdsXeyFir4M4ze9iqLMmyKUKhebt6""}",18
0x72111be7305d65787701d38bd8e27091b6ab44be_binance_smart,机器人,机器人,0x72111be7305d65787701d38bd8e27091b6ab44be_binance_smart,.png,1000000000,"{""binance_smart"":""0x72111be7305d65787701d38bd8e27091b6ab44be""}",18
EvZ1uFeLTZAJ2C4Dfv5Sz5Ew3XNxDhvnDigBnCu4QiG5_solana,ARTHUR,Arthur,EvZ1uFeLTZAJ2C4Dfv5Sz5Ew3XNxDhvnDigBnCu4QiG5_solana,art.png,1000000000,"{""solana"":""EvZ1uFeLTZAJ2C4Dfv5Sz5Ew3XNxDhvnDigBnCu4QiG5""}",18
around.newgoat6636.near_near-protocol,AROUND,Around,around.newgoat6636.near_near-protocol,aro.png,1000000000,"{""near-protocol"":""around.newgoat6636.near""}",18
7wBt7aNt1DBzE3WPbPQruhvo4x7Y95PBHnBMVaBLpump_solana,smolpp,peepee,7wBt7aNt1DBzE3WPbPQruhvo4x7Y95PBHnBMVaBLpump_solana,smo.png,967484658,"{""solana"":""7wBt7aNt1DBzE3WPbPQruhvo4x7Y95PBHnBMVaBLpump""}",18
JoL5ANKLU7Y7ywzCdKuXnXC6PK6rtioVgaaT29Tkrzg_solana,ZACHXBT,ZachXBT,JoL5ANKLU7Y7ywzCdKuXnXC6PK6rtioVgaaT29Tkrzg_solana,zac.png,99999996506,"{""solana"":""JoL5ANKLU7Y7ywzCdKuXnXC6PK6rtioVgaaT29Tkrzg""}",18
T47pnrSN3fqt4c5ktrJAkvXrDBHZsjEuyC7LjHNWbba_solana,cNFTs,Claimed NFTs,T47pnrSN3fqt4c5ktrJAkvXrDBHZsjEuyC7LjHNWbba_solana,cnf.png,1000000001,"{""solana"":""T47pnrSN3fqt4c5ktrJAkvXrDBHZsjEuyC7LjHNWbba""}",18
EgcEuscRzuEcPParoYZNzLZ6cihwRg7Eb6bSUPywYbdu_solana,Nailoong,奶龙,EgcEuscRzuEcPParoYZNzLZ6cihwRg7Eb6bSUPywYbdu_solana,nai.png,1000000000,"{""solana"":""EgcEuscRzuEcPParoYZNzLZ6cihwRg7Eb6bSUPywYbdu""}",18
CRZa7EFBFQxn35Pnub5ofHPknHHUVm9WiQjqXXyQvHFR_solana,KEN,Justice For Ken Urker,CRZa7EFBFQxn35Pnub5ofHPknHHUVm9WiQjqXXyQvHFR_solana,ken.png,1000000000,"{""solana"":""CRZa7EFBFQxn35Pnub5ofHPknHHUVm9WiQjqXXyQvHFR""}",18
E2AHa7Rwy8r7tGjaPD4Y4V6vJqUfN8gtwCAy8AzQkDBK_solana,BOB,bob,E2AHa7Rwy8r7tGjaPD4Y4V6vJqUfN8gtwCAy8AzQkDBK_solana,bob.png,1000000001,"{""solana"":""E2AHa7Rwy8r7tGjaPD4Y4V6vJqUfN8gtwCAy8AzQkDBK""}",18
8B4XDMppa7JehGWBvb5tQd5xSRhL15G9h6KXkuQa1xuo_solana,POND,Pair Pond,8B4XDMppa7JehGWBvb5tQd5xSRhL15G9h6KXkuQa1xuo_solana,pon.png,1000000001,"{""solana"":""8B4XDMppa7JehGWBvb5tQd5xSRhL15G9h6KXkuQa1xuo""}",18
EC5AfFJiGgGHUpq5JPD6nZzU2vH6ZZTBdA1r9RGBPGhv_solana,PAYDAY,PAYDAY,EC5AfFJiGgGHUpq5JPD6nZzU2vH6ZZTBdA1r9RGBPGhv_solana,pay.png,1000000000,"{""solana"":""EC5AfFJiGgGHUpq5JPD6nZzU2vH6ZZTBdA1r9RGBPGhv""}",18
kFWgzdFBd6DERYGSWUrT3ZUUjoREcv14rHJCBSbpump_solana,AROS,AROS,kFWgzdFBd6DERYGSWUrT3ZUUjoREcv14rHJCBSbpump_solana,aro.png,999998771,"{""solana"":""kFWgzdFBd6DERYGSWUrT3ZUUjoREcv14rHJCBSbpump""}",18
FLvt44YtZBEzu75e2axidrWERmC1sekAT8jrQYNvXEqj_solana,China-U.S.,U.S.-China strategic relations,FLvt44YtZBEzu75e2axidrWERmC1sekAT8jrQYNvXEqj_solana,chi.png,1000000000,"{""solana"":""FLvt44YtZBEzu75e2axidrWERmC1sekAT8jrQYNvXEqj""}",18
5Mv6c7taXXkKn4byivDALNJJZ5NGu3aB9WJVXgSVFt3p_solana,STONKR,Stonkinator,5Mv6c7taXXkKn4byivDALNJJZ5NGu3aB9WJVXgSVFt3p_solana,sto.png,1000000000,"{""solana"":""5Mv6c7taXXkKn4byivDALNJJZ5NGu3aB9WJVXgSVFt3p""}",18
13iZbQ7GHyUysNZA5uZX4vWuJSgwWWp4UmtRzCrbzekr_solana,bPay,bPay,13iZbQ7GHyUysNZA5uZX4vWuJSgwWWp4UmtRzCrbzekr_solana,bpa.png,1000000000,"{""solana"":""13iZbQ7GHyUysNZA5uZX4vWuJSgwWWp4UmtRzCrbzekr""}",18
0x57bf5c4a47daea61da725a383372663d5c081e29_binance_smart,🔥KING,🔥KingToken,0x57bf5c4a47daea61da725a383372663d5c081e29_binance_smart,kin.png,1000000000,"{""binance_smart"":""0x57bf5c4a47daea61da725a383372663d5c081e29""}",18
0x5c9648d832eb943817dcc28f5882903ab705b796_robinhood,TTT,Tathata,0x5c9648d832eb943817dcc28f5882903ab705b796_robinhood,ttt.png,1000000000,"{""robinhood"":""0x5c9648d832eb943817dcc28f5882903ab705b796""}",18
0x9b40671d11fd1e85976618fb468c1c03caa7c2b4_robinhood,OYSTER,Oyster,0x9b40671d11fd1e85976618fb468c1c03caa7c2b4_robinhood,oys.png,1000000000,"{""robinhood"":""0x9b40671d11fd1e85976618fb468c1c03caa7c2b4""}",18
2q68mqEbjwmnMjs1o3KZDNZVyMv6RZKkHcm64iinpump_solana,RETARD,Retard Coin,2q68mqEbjwmnMjs1o3KZDNZVyMv6RZKkHcm64iinpump_solana,ret.png,1000000000,"{""solana"":""2q68mqEbjwmnMjs1o3KZDNZVyMv6RZKkHcm64iinpump""}",18
0xb0fea401f1ee62f0e7cc3bdf94b20c25ab5117e2_robinhood,MOTION,Motion,0xb0fea401f1ee62f0e7cc3bdf94b20c25ab5117e2_robinhood,mot.png,1000000000,"{""robinhood"":""0xb0fea401f1ee62f0e7cc3bdf94b20c25ab5117e2""}",18
0x9f9bbbfb1afeaedc58a0dc4a88a7ef4b3e3c0972_binance_smart,LEVERAGE,合約大仙,0x9f9bbbfb1afeaedc58a0dc4a88a7ef4b3e3c0972_binance_smart,lev.png,1000000000000,"{""binance_smart"":""0x9f9bbbfb1afeaedc58a0dc4a88a7ef4b3e3c0972""}",18
0xb200000000000000000000bf0548ab2ebd00ba5e_base,RWAGMI,RWAGMI,0xb200000000000000000000bf0548ab2ebd00ba5e_base,rwa.png,1000000000,"{""base"":""0xb200000000000000000000bf0548ab2ebd00ba5e""}",18
0xebc49e790ac3bd73a0e5a8c25b620d547333538c_binance_smart,SMAR🌟,SmartCoin🌟,0xebc49e790ac3bd73a0e5a8c25b620d547333538c_binance_smart,sma.png,1000000000,"{""binance_smart"":""0xebc49e790ac3bd73a0e5a8c25b620d547333538c""}",18
GV6TN6dLvbdbyKdwsCYCXWbdANnrmCdfJBjSF2AmZbEY_solana,加密人生,Founder City,GV6TN6dLvbdbyKdwsCYCXWbdANnrmCdfJBjSF2AmZbEY_solana,.png,1000000000,"{""solana"":""GV6TN6dLvbdbyKdwsCYCXWbdANnrmCdfJBjSF2AmZbEY""}",18
0x76b889a9db4d11c96638b4a35bb664af5ea6320a_robinhood,AUCOIN,Actually Useless,0x76b889a9db4d11c96638b4a35bb664af5ea6320a_robinhood,auc.png,1000000000,"{""robinhood"":""0x76b889a9db4d11c96638b4a35bb664af5ea6320a""}",18
5wCRc9D4XkqAmBfi8AAwArkvYX1KMu7CtuFcKaxeWx9Y_solana,FCAT,Floatrcat,5wCRc9D4XkqAmBfi8AAwArkvYX1KMu7CtuFcKaxeWx9Y_solana,fca.png,1000000000,"{""solana"":""5wCRc9D4XkqAmBfi8AAwArkvYX1KMu7CtuFcKaxeWx9Y""}",18
0x6b12ec435f15f823ee3c550e9013123e4187429b_robinhood,🚀,Rocket,0x6b12ec435f15f823ee3c550e9013123e4187429b_robinhood,0x6b12ec435f15f823ee3c550e9013123e4187429b_robinhoodbwY.png,1000000000,"{""robinhood"":""0x6b12ec435f15f823ee3c550e9013123e4187429b""}",18
0x54babe7eab0516889aae26563a537c0a756f6ec3_robinhood,RECORD,OnRecord,0x54babe7eab0516889aae26563a537c0a756f6ec3_robinhood,rec.png,1000000000,"{""robinhood"":""0x54babe7eab0516889aae26563a537c0a756f6ec3""}",18
0xadf85c3755be3447026fd446e0187da2ba1cb11b_base,N8N,N8N github.com/n8n-io/N8N,0xadf85c3755be3447026fd446e0187da2ba1cb11b_base,n8n.png,1000000000,"{""base"":""0xadf85c3755be3447026fd446e0187da2ba1cb11b""}",18
0xab4fba02a2905a03ada8bd3d493fb289dcf84024_avalanche,WAVAX,Wrapped AVAX v10,0xab4fba02a2905a03ada8bd3d493fb289dcf84024_avalanche,wav.png,14172,"{""avalanche"":""0xab4fba02a2905a03ada8bd3d493fb289dcf84024""}",18
0xc3db200f0a56cfe4911b29e3580a964c582da0c4_robinhood,DOTS,Dotsbook,0xc3db200f0a56cfe4911b29e3580a964c582da0c4_robinhood,dot.png,1000000000,"{""robinhood"":""0xc3db200f0a56cfe4911b29e3580a964c582da0c4""}",18
0x3a69f583d0b42ffbe2ae174f7e808505ff21aea8_robinhood,ROS,Ros,0x3a69f583d0b42ffbe2ae174f7e808505ff21aea8_robinhood,ros.png,1000000000,"{""robinhood"":""0x3a69f583d0b42ffbe2ae174f7e808505ff21aea8""}",18
0xc446a0305c5bfff181810278d8eb3eac7a94d8d5_robinhood,SMRT,Smaaart,0xc446a0305c5bfff181810278d8eb3eac7a94d8d5_robinhood,smr.png,1000000000,"{""robinhood"":""0xc446a0305c5bfff181810278d8eb3eac7a94d8d5""}",18
0x57c616e1db6ad0e409c2a40677335bfce413f18a_robinhood,AGENTPORT,agentport.work,0x57c616e1db6ad0e409c2a40677335bfce413f18a_robinhood,age.png,1000000000,"{""robinhood"":""0x57c616e1db6ad0e409c2a40677335bfce413f18a""}",18
GSfvvcfB5AdC6sLgnwuFkCYc93xTxRjVYizx2ZqD1R4h_solana,USELESS,USELESS COIN,GSfvvcfB5AdC6sLgnwuFkCYc93xTxRjVYizx2ZqD1R4h_solana,use.png,1000000000,"{""solana"":""GSfvvcfB5AdC6sLgnwuFkCYc93xTxRjVYizx2ZqD1R4h""}",18
FJ5XhdoAhZpGVRbdNNDSg4agAF6kjsceT6id1iiXXMt4_solana,PI,Pump Inu,FJ5XhdoAhZpGVRbdNNDSg4agAF6kjsceT6id1iiXXMt4_solana,pi.png,1000000000,"{""solana"":""FJ5XhdoAhZpGVRbdNNDSg4agAF6kjsceT6id1iiXXMt4""}",18
0xef43c12cdd028f0b71ccad01e7b081e7b097be6a_robinhood,AIBO,Artifical Inu,0xef43c12cdd028f0b71ccad01e7b081e7b097be6a_robinhood,aib.png,1000000000,"{""robinhood"":""0xef43c12cdd028f0b71ccad01e7b081e7b097be6a""}",18
0x149a90645720271d7d558cfbf0f8f93764643433_robinhood,PURRPS,purrps,0x149a90645720271d7d558cfbf0f8f93764643433_robinhood,pur.png,1000000000,"{""robinhood"":""0x149a90645720271d7d558cfbf0f8f93764643433""}",18
E6ifp2mJy8cYQehUGUtFvrXriRKxRuonLmrvTFypump_solana,SPCX,SpaceX,E6ifp2mJy8cYQehUGUtFvrXriRKxRuonLmrvTFypump_solana,spc.png,1000000000,"{""solana"":""E6ifp2mJy8cYQehUGUtFvrXriRKxRuonLmrvTFypump""}",18
0xbb399b4a6557d44d58c626bce5346ad2f8fe9844_ethereum,SNOWMOON,snowmoon,0xbb399b4a6557d44d58c626bce5346ad2f8fe9844_ethereum,sno.png,1000000000,"{""ethereum"":""0xbb399b4a6557d44d58c626bce5346ad2f8fe9844""}",18
0xecf07a59e89e81efeb9dc1b00d7a929ed8fc9bc4_robinhood,PARASITE,Parasite,0xecf07a59e89e81efeb9dc1b00d7a929ed8fc9bc4_robinhood,par.png,10000000000,"{""robinhood"":""0xecf07a59e89e81efeb9dc1b00d7a929ed8fc9bc4""}",18
GVeQ82oyUZzHhULUWtE73wwGdiiypyDVpMspxBFVpump_solana,SI,Solana Inu,GVeQ82oyUZzHhULUWtE73wwGdiiypyDVpMspxBFVpump_solana,si.png,982780756,"{""solana"":""GVeQ82oyUZzHhULUWtE73wwGdiiypyDVpMspxBFVpump""}",18
0x577b7a9debd3c7d2373ce50b3e6ebe633e121245_robinhood,BUNC,Bun Uncs,0x577b7a9debd3c7d2373ce50b3e6ebe633e121245_robinhood,bun.png,1000000000,"{""robinhood"":""0x577b7a9debd3c7d2373ce50b3e6ebe633e121245""}",18
0xb2cb9b30297e002f6992838da59ee649b5a32530_robinhood,CATE,Catecoin,0xb2cb9b30297e002f6992838da59ee649b5a32530_robinhood,cat.png,1000000000,"{""robinhood"":""0xb2cb9b30297e002f6992838da59ee649b5a32530""}",18
8ed8xX8TVRDdeyyUwq7Kyo8VwxMWZ6c5J6ertxaBpump_solana,PARASITE,Parasite,8ed8xX8TVRDdeyyUwq7Kyo8VwxMWZ6c5J6ertxaBpump_solana,par.png,999689913,"{""solana"":""8ed8xX8TVRDdeyyUwq7Kyo8VwxMWZ6c5J6ertxaBpump""}",18
0x481f36113b35d615f68a0cdd2a5dfd359b7f24fd_binance_smart,GOLD🍜,GoldChain🍜,0x481f36113b35d615f68a0cdd2a5dfd359b7f24fd_binance_smart,gol.png,1000000000,"{""binance_smart"":""0x481f36113b35d615f68a0cdd2a5dfd359b7f24fd""}",18
0xd7e1e2603e45a96c23af7cfd20eeb20b40a591a5_binance_smart,ALL💥,all Rocket V3💥,0xd7e1e2603e45a96c23af7cfd20eeb20b40a591a5_binance_smart,all.png,1000000000,"{""binance_smart"":""0xd7e1e2603e45a96c23af7cfd20eeb20b40a591a5""}",18
0x89b66125986b14fa74a17b64b114c21617aae892_robinhood,ALFRED,Alfred,0x89b66125986b14fa74a17b64b114c21617aae892_robinhood,alf.png,1000000000,"{""robinhood"":""0x89b66125986b14fa74a17b64b114c21617aae892""}",18
Gigvy6tTeFGKjULbgKfgQsjx5LMFtnfqLNivWeehaC7_solana,BNC,BNB Standard Corporation,Gigvy6tTeFGKjULbgKfgQsjx5LMFtnfqLNivWeehaC7_solana,bnc.png,99999996506,"{""solana"":""Gigvy6tTeFGKjULbgKfgQsjx5LMFtnfqLNivWeehaC7""}",18
0x86416dc0e07062495b0909c77101fcaddba5d1c0_ethereum,TCC,Trump Corruption Coin,0x86416dc0e07062495b0909c77101fcaddba5d1c0_ethereum,tcc.png,1000000000,"{""ethereum"":""0x86416dc0e07062495b0909c77101fcaddba5d1c0""}",18
0x6a50f139f3ed4c9c7bda0d067c5ed09de1eebbea_robinhood,CLAWNCH,CLAWNCH,0x6a50f139f3ed4c9c7bda0d067c5ed09de1eebbea_robinhood,0x6a50f139f3ed4c9c7bda0d067c5ed09de1eebbea_robinhoodNgn.png,1000000000,"{""robinhood"":""0x6a50f139f3ed4c9c7bda0d067c5ed09de1eebbea""}",18
DGe9LP6nSEvKwANh1N9UucxLthH4bQDrVaYugXP1cy3q_solana,PAYDAY,PAYDAY,DGe9LP6nSEvKwANh1N9UucxLthH4bQDrVaYugXP1cy3q_solana,pay.png,1000000000,"{""solana"":""DGe9LP6nSEvKwANh1N9UucxLthH4bQDrVaYugXP1cy3q""}",18
0xc4ded6bf0da3efa1055bd6095c614f5983d8a666_binance_smart,99号桌,99号桌,0xc4ded6bf0da3efa1055bd6095c614f5983d8a666_binance_smart,99.png,1000000000,"{""binance_smart"":""0xc4ded6bf0da3efa1055bd6095c614f5983d8a666""}",18
36qunrgDtnuLZQ5Bj1zeGzKbJZsqMuGpcy73FqNFYN1Y_solana,FILLED,filled.cards,36qunrgDtnuLZQ5Bj1zeGzKbJZsqMuGpcy73FqNFYN1Y_solana,fil.png,1000000001,"{""solana"":""36qunrgDtnuLZQ5Bj1zeGzKbJZsqMuGpcy73FqNFYN1Y""}",18
9bwGUEeeZyQpCDrgJPq7ay6qCWCKm9aurSCUnQStVhd_solana,POND,Pair Pond,9bwGUEeeZyQpCDrgJPq7ay6qCWCKm9aurSCUnQStVhd_solana,pon.png,100000000000,"{""solana"":""9bwGUEeeZyQpCDrgJPq7ay6qCWCKm9aurSCUnQStVhd""}",18
G4G5ccWsow7cH5TZtoK27AYhWU73TGC31iSWMLivGvWp_solana,吃了不烧心,吃了不烧心,G4G5ccWsow7cH5TZtoK27AYhWU73TGC31iSWMLivGvWp_solana,.png,1000000001,"{""solana"":""G4G5ccWsow7cH5TZtoK27AYhWU73TGC31iSWMLivGvWp""}",18
DtF9moZY82s8SM23kPW5VjJh1MEvLsoEFUSAP5BEXcGU_solana,MICRO,Microcat,DtF9moZY82s8SM23kPW5VjJh1MEvLsoEFUSAP5BEXcGU_solana,mic.png,1000000001,"{""solana"":""DtF9moZY82s8SM23kPW5VjJh1MEvLsoEFUSAP5BEXcGU""}",18
H9qKeikv2EuifXaMCWSFQSUvNHUu2dre9R3Gmz62mvjw_solana,Ajax,Ajax,H9qKeikv2EuifXaMCWSFQSUvNHUu2dre9R3Gmz62mvjw_solana,aja.png,988359900,"{""solana"":""H9qKeikv2EuifXaMCWSFQSUvNHUu2dre9R3Gmz62mvjw""}",18
2AQ3i2SU1LJbEc2pMQQRtwNRhZ4SJ8q3t1g6WTc9Z8HA_solana,Nasdaq,Nasdaq,2AQ3i2SU1LJbEc2pMQQRtwNRhZ4SJ8q3t1g6WTc9Z8HA_solana,nas.png,1000000000,"{""solana"":""2AQ3i2SU1LJbEc2pMQQRtwNRhZ4SJ8q3t1g6WTc9Z8HA""}",18
CyKGCbj999zkkwmieZizNAze9onEKcKCo2P3mHNiHGQ3_solana,WOW,World of Warcraft,CyKGCbj999zkkwmieZizNAze9onEKcKCo2P3mHNiHGQ3_solana,wow.png,1000000001,"{""solana"":""CyKGCbj999zkkwmieZizNAze9onEKcKCo2P3mHNiHGQ3""}",18
0x48ca7d5fd573bf883e1c457b5ec2254f543a4046_robinhood,DOTCOM,Dot.com,0x48ca7d5fd573bf883e1c457b5ec2254f543a4046_robinhood,dot.png,1000000000,"{""robinhood"":""0x48ca7d5fd573bf883e1c457b5ec2254f543a4046""}",18
BkuopU9ufiJoEHScHDF8MS14J3McWSPjHk5GkghhKbhj_solana,SC,SUPER CAT,BkuopU9ufiJoEHScHDF8MS14J3McWSPjHk5GkghhKbhj_solana,sc.png,1000000000,"{""solana"":""BkuopU9ufiJoEHScHDF8MS14J3McWSPjHk5GkghhKbhj""}",18
0x72857f6878bd006061c853677cdee62746e904c0_robinhood,DOTS,dots,0x72857f6878bd006061c853677cdee62746e904c0_robinhood,dot.png,1000000000,"{""robinhood"":""0x72857f6878bd006061c853677cdee62746e904c0""}",18
9dzAnRTYxnE6qz1qNrnXA6snSPJRzNWEacoMkMqjmMsx_solana,GTL,GTL,9dzAnRTYxnE6qz1qNrnXA6snSPJRzNWEacoMkMqjmMsx_solana,gtl.png,1000000000,"{""solana"":""9dzAnRTYxnE6qz1qNrnXA6snSPJRzNWEacoMkMqjmMsx""}",18
HnDUXiisZvrrxMULJbMwX1ck1jdxpNK43jGohPeRCCc2_solana,ALIVE,ALIVE,HnDUXiisZvrrxMULJbMwX1ck1jdxpNK43jGohPeRCCc2_solana,ali.png,1000000000,"{""solana"":""HnDUXiisZvrrxMULJbMwX1ck1jdxpNK43jGohPeRCCc2""}",18
KR9JFhC4gqAUUnNQqoKLGYgCqPQkNvLm1uVdAZ8VdrN_solana,SAPIJIJU,The Frog,KR9JFhC4gqAUUnNQqoKLGYgCqPQkNvLm1uVdAZ8VdrN_solana,sap.png,100000000000,"{""solana"":""KR9JFhC4gqAUUnNQqoKLGYgCqPQkNvLm1uVdAZ8VdrN""}",18
0xe120529e8936ca7898e83f51fd52438cdc76ea25_binance_smart,白羊座,白羊座,0xe120529e8936ca7898e83f51fd52438cdc76ea25_binance_smart,.png,1000000000,"{""binance_smart"":""0xe120529e8936ca7898e83f51fd52438cdc76ea25""}",18
68Ejkix97zXXprVCmd1yxmJZXr3k66QQTs11n1UBxNk3_solana,SGI,Super Gooner Intelligence,68Ejkix97zXXprVCmd1yxmJZXr3k66QQTs11n1UBxNk3_solana,sgi.png,1000000000,"{""solana"":""68Ejkix97zXXprVCmd1yxmJZXr3k66QQTs11n1UBxNk3""}",18
6ci8jzxiyXG9LUT2LgnbZwWwxReH4HDBWg2GjdSsZN57_solana,熊猫派,拥抱熊猫派,6ci8jzxiyXG9LUT2LgnbZwWwxReH4HDBWg2GjdSsZN57_solana,.png,1000000000,"{""solana"":""6ci8jzxiyXG9LUT2LgnbZwWwxReH4HDBWg2GjdSsZN57""}",18
7thY5PzYdH311NXYE6mecBjUs7wcosk1bWw2qfH4pump_solana,Sapijiju,Sapijiju,7thY5PzYdH311NXYE6mecBjUs7wcosk1bWw2qfH4pump_solana,sap.png,999856597,"{""solana"":""7thY5PzYdH311NXYE6mecBjUs7wcosk1bWw2qfH4pump""}",18
G4dtN6vvy39d3XcEU1rBytBWr98CQ7gUs77wadVL6k31_solana,PUTIN,Put In,G4dtN6vvy39d3XcEU1rBytBWr98CQ7gUs77wadVL6k31_solana,put.png,999999956,"{""solana"":""G4dtN6vvy39d3XcEU1rBytBWr98CQ7gUs77wadVL6k31""}",18
0x6b1ca8209a695b27835964c00ac398f5d4f87a22_robinhood,CEST,Cestus Network,0x6b1ca8209a695b27835964c00ac398f5d4f87a22_robinhood,ces.png,1000000000,"{""robinhood"":""0x6b1ca8209a695b27835964c00ac398f5d4f87a22""}",18
2cr9X9PE7yUjAHK8DsX71g7pWffBR4bwMRoEP4UuqJCv_solana,MEOW,World Wide Meow,2cr9X9PE7yUjAHK8DsX71g7pWffBR4bwMRoEP4UuqJCv_solana,meo.png,1000000000,"{""solana"":""2cr9X9PE7yUjAHK8DsX71g7pWffBR4bwMRoEP4UuqJCv""}",18
0xc1a0c3929f5e12b5cfd6ae36f197a45bedf79417_robinhood,SESTRI,Sestri,0xc1a0c3929f5e12b5cfd6ae36f197a45bedf79417_robinhood,ses.png,100000000,"{""robinhood"":""0xc1a0c3929f5e12b5cfd6ae36f197a45bedf79417""}",18
2hwD3HEVmn3yZtiiJtiwCtDtpp3BrrCXnaSh2pxrU7SR_solana,Vampify,Vampify Pad,2hwD3HEVmn3yZtiiJtiwCtDtpp3BrrCXnaSh2pxrU7SR_solana,vam.png,1000000002,"{""solana"":""2hwD3HEVmn3yZtiiJtiwCtDtpp3BrrCXnaSh2pxrU7SR""}",18
0x1474f5a859c0d9feca943f6b8c818837a666254e_binance_smart,巨蟹座金,巨蟹座金融,0x1474f5a859c0d9feca943f6b8c818837a666254e_binance_smart,.png,1000000000,"{""binance_smart"":""0x1474f5a859c0d9feca943f6b8c818837a666254e""}",18
EwuqU7yHLs3eaXrahr1xf4X5yuSa4pCSX82WkpQDqSb_solana,제로,Zero,EwuqU7yHLs3eaXrahr1xf4X5yuSa4pCSX82WkpQDqSb_solana,.png,1000000000,"{""solana"":""EwuqU7yHLs3eaXrahr1xf4X5yuSa4pCSX82WkpQDqSb""}",18
0xdec8eadbe856d73b32f9117c2cddc757233656aa_robinhood,MACHINE,Token Machine,0xdec8eadbe856d73b32f9117c2cddc757233656aa_robinhood,mac.png,1000000000,"{""robinhood"":""0xdec8eadbe856d73b32f9117c2cddc757233656aa""}",18
0x11fddcac2c8b3df9a06730ca888add8ba07ea27d_robinhood,THC,Tin Hat Cat,0x11fddcac2c8b3df9a06730ca888add8ba07ea27d_robinhood,0x11fddcac2c8b3df9a06730ca888add8ba07ea27d_robinhoodj6J.png,1000000000,"{""robinhood"":""0x11fddcac2c8b3df9a06730ca888add8ba07ea27d""}",18
0x8990798434b474b846147419f182855da29570e3_robinhood,DOTSCI,DotSci,0x8990798434b474b846147419f182855da29570e3_robinhood,dot.png,1000000000,"{""robinhood"":""0x8990798434b474b846147419f182855da29570e3""}",18
0x72c5daed056710e4e964194c5b798260329fc81a_robinhood,FROCAT,Froink Cat,0x72c5daed056710e4e964194c5b798260329fc81a_robinhood,fro.png,1000000000,"{""robinhood"":""0x72c5daed056710e4e964194c5b798260329fc81a""}",18
FtHCpYdjVx8WR6vc4zqe6iXqHydZcKhNnmSNF2NXKfy1_solana,LUCIA,LUCIA THE BADDIE,FtHCpYdjVx8WR6vc4zqe6iXqHydZcKhNnmSNF2NXKfy1_solana,luc.png,989995850,"{""solana"":""FtHCpYdjVx8WR6vc4zqe6iXqHydZcKhNnmSNF2NXKfy1""}",18
0x5f57aa1bb52d7ca10a3588ff4736e3650a2e1e18_robinhood,MP,MicroPenis,0x5f57aa1bb52d7ca10a3588ff4736e3650a2e1e18_robinhood,mp.png,1000000000,"{""robinhood"":""0x5f57aa1bb52d7ca10a3588ff4736e3650a2e1e18""}",18
0xc380ddddcd0f115534aab8318b15401130e3fe98_robinhood,SCORE,TetraScore,0xc380ddddcd0f115534aab8318b15401130e3fe98_robinhood,sco.png,100000000000,"{""robinhood"":""0xc380ddddcd0f115534aab8318b15401130e3fe98""}",18
7tFbGa9wt4Q4yxNAdaDcTKahv4WPrJtXh6ty7gjWyKx3_solana,JubJub,Zcash Official Mascot,7tFbGa9wt4Q4yxNAdaDcTKahv4WPrJtXh6ty7gjWyKx3_solana,jub.png,1000000000,"{""solana"":""7tFbGa9wt4Q4yxNAdaDcTKahv4WPrJtXh6ty7gjWyKx3""}",18
0xe9bbddb0f71a659eee15bd383ed6c6028882567e_robinhood,INSTA,insta.fan,0xe9bbddb0f71a659eee15bd383ed6c6028882567e_robinhood,ins.png,1000000000,"{""robinhood"":""0xe9bbddb0f71a659eee15bd383ed6c6028882567e""}",18
DAemPFNc3RtibBDKkUA4eL2Ns11q9VRdbpptmqm8DGqN_solana,CAKE,cake.xmr,DAemPFNc3RtibBDKkUA4eL2Ns11q9VRdbpptmqm8DGqN_solana,cak.png,1000000000,"{""solana"":""DAemPFNc3RtibBDKkUA4eL2Ns11q9VRdbpptmqm8DGqN""}",18
9EEQucB16qAcn1dF2HqEyHvmdTQksxe6eTXRe7AgEW3B_solana,ChatGPT,OpenAI,9EEQucB16qAcn1dF2HqEyHvmdTQksxe6eTXRe7AgEW3B_solana,cha.png,1000000000,"{""solana"":""9EEQucB16qAcn1dF2HqEyHvmdTQksxe6eTXRe7AgEW3B""}",18
0x0f52cc695fb503b36ab22d1a9cf11851b703afbc_robinhood,SI,Super Intelligence,0x0f52cc695fb503b36ab22d1a9cf11851b703afbc_robinhood,si.png,1000000000,"{""robinhood"":""0x0f52cc695fb503b36ab22d1a9cf11851b703afbc""}",18
5oYikwfp6WBso6faBoYRvLuzSQc5cpDcg3xFm7XbVTdD_solana,HaWG,HaWG,5oYikwfp6WBso6faBoYRvLuzSQc5cpDcg3xFm7XbVTdD_solana,haw.png,1000000000,"{""solana"":""5oYikwfp6WBso6faBoYRvLuzSQc5cpDcg3xFm7XbVTdD""}",18
7LNVtkrmPWgsFyadVNYtk1pJDodfo6cmKDZRHRMvCfnu_solana,BANDIT,The PumpFun Heist,7LNVtkrmPWgsFyadVNYtk1pJDodfo6cmKDZRHRMvCfnu_solana,ban.png,1000000001,"{""solana"":""7LNVtkrmPWgsFyadVNYtk1pJDodfo6cmKDZRHRMvCfnu""}",18
Eu5PwZzgFcKEaGJMsGBimaUa1kg3oqbL2J7xCP8HXweo_solana,bukangi,부캉이 busan shark,Eu5PwZzgFcKEaGJMsGBimaUa1kg3oqbL2J7xCP8HXweo_solana,buk.png,1000000001,"{""solana"":""Eu5PwZzgFcKEaGJMsGBimaUa1kg3oqbL2J7xCP8HXweo""}",18
EjzJFgrmnRRJyy7oNRDdy8ByeiNPSU9MD9AGM1GPxTbh_solana,PAID,Binance Square Paid,EjzJFgrmnRRJyy7oNRDdy8ByeiNPSU9MD9AGM1GPxTbh_solana,pai.png,1000000001,"{""solana"":""EjzJFgrmnRRJyy7oNRDdy8ByeiNPSU9MD9AGM1GPxTbh""}",18
6REnZgtxhwdSAHczAp4J5PRsGQYQt7T3x4kEDyfs9U7y_solana,HOLD,HoldFast,6REnZgtxhwdSAHczAp4J5PRsGQYQt7T3x4kEDyfs9U7y_solana,hol.png,944137245,"{""solana"":""6REnZgtxhwdSAHczAp4J5PRsGQYQt7T3x4kEDyfs9U7y""}",18
9mRtWV8rAVvETtJU78dZiMLEweJwzNYF8ZE6cTWvafE9_solana,BNCDAO,BNCDAO,9mRtWV8rAVvETtJU78dZiMLEweJwzNYF8ZE6cTWvafE9_solana,bnc.png,1000000001,"{""solana"":""9mRtWV8rAVvETtJU78dZiMLEweJwzNYF8ZE6cTWvafE9""}",18
0xba4df12d2d823663c8d6a343545ee75baba5cfea_robinhood,ELONG,Elong,0xba4df12d2d823663c8d6a343545ee75baba5cfea_robinhood,elo.png,1000000000,"{""robinhood"":""0xba4df12d2d823663c8d6a343545ee75baba5cfea""}",18
77kV9fH12bJ7FphfdvcJPMUUyMcYN1Gud7kZPjhVAdP_solana,UBI,UBI,77kV9fH12bJ7FphfdvcJPMUUyMcYN1Gud7kZPjhVAdP_solana,ubi.png,100000000000,"{""solana"":""77kV9fH12bJ7FphfdvcJPMUUyMcYN1Gud7kZPjhVAdP""}",18
7Jv7D7qpT8GpKUywkbQv9WgF5yDWr6Yf7SZXZj1Gpump_solana,www,we will win,7Jv7D7qpT8GpKUywkbQv9WgF5yDWr6Yf7SZXZj1Gpump_solana,www.png,986502895,"{""solana"":""7Jv7D7qpT8GpKUywkbQv9WgF5yDWr6Yf7SZXZj1Gpump""}",18
0x7c646a41572b441527169c576ef0c0a40c667777_robinhood,MON,Stockmon,0x7c646a41572b441527169c576ef0c0a40c667777_robinhood,0x7c646a41572b441527169c576ef0c0a40c667777_robinhoodqLN.png,1000000000,"{""robinhood"":""0x7c646a41572b441527169c576ef0c0a40c667777""}",18
BU3u2mv6k3DvS8NgFxSCrYzo69BoGdVEiXbeVKm6AwxX_solana,VALOR,VALOR,BU3u2mv6k3DvS8NgFxSCrYzo69BoGdVEiXbeVKm6AwxX_solana,val.png,1000000000,"{""solana"":""BU3u2mv6k3DvS8NgFxSCrYzo69BoGdVEiXbeVKm6AwxX""}",18
0xf2004b30f8b0e20da07565833da243d8c528df1a_robinhood,LOUD,Loudscene,0xf2004b30f8b0e20da07565833da243d8c528df1a_robinhood,lou.png,1000000000,"{""robinhood"":""0xf2004b30f8b0e20da07565833da243d8c528df1a""}",18
JmBCbny5cdvYcF8ULtw2w7k3D8VjThMWqzmoYG3513m_solana,Ajax,Ajax,JmBCbny5cdvYcF8ULtw2w7k3D8VjThMWqzmoYG3513m_solana,aja.png,99999996052,"{""solana"":""JmBCbny5cdvYcF8ULtw2w7k3D8VjThMWqzmoYG3513m""}",18
0xa5b1b6510e738a4c0013012f652a579ad9019050_robinhood,SWAVE,Second Wave,0xa5b1b6510e738a4c0013012f652a579ad9019050_robinhood,swa.png,1000000000,"{""robinhood"":""0xa5b1b6510e738a4c0013012f652a579ad9019050""}",18
runupS9JpTdB169taDKykxa2y8fqxghqeJYCqr9cAk3_solana,RUNUP,RUNUP,runupS9JpTdB169taDKykxa2y8fqxghqeJYCqr9cAk3_solana,run.png,1000000000,"{""solana"":""runupS9JpTdB169taDKykxa2y8fqxghqeJYCqr9cAk3""}",18
0xff72d9c97fd2b786b41ba3b010fce981ce417777_binance_smart,WEIPAY,WeiPay,0xff72d9c97fd2b786b41ba3b010fce981ce417777_binance_smart,wei.png,1000000000,"{""binance_smart"":""0xff72d9c97fd2b786b41ba3b010fce981ce417777""}",18
0x6e82a0d6623307288c37421f0f1351e280f776af_binance_smart,星座币,星座币,0x6e82a0d6623307288c37421f0f1351e280f776af_binance_smart,.png,1000000000,"{""binance_smart"":""0x6e82a0d6623307288c37421f0f1351e280f776af""}",18
0x65e6c1668cf741c004817933b984a7685e057a84_base,IMDSTR,IMDStrategy,0x65e6c1668cf741c004817933b984a7685e057a84_base,imd.png,1000000000000,"{""base"":""0x65e6c1668cf741c004817933b984a7685e057a84""}",18
0x5272a1a64a241a83ade847725cc411547656e028_robinhood,TAOLAUNCH,TAOLaunch,0x5272a1a64a241a83ade847725cc411547656e028_robinhood,tao.png,1000000000,"{""robinhood"":""0x5272a1a64a241a83ade847725cc411547656e028""}",18
0x40b2d207a5842816a884c93e120e87416b125363_robinhood,MILLY,Milly,0x40b2d207a5842816a884c93e120e87416b125363_robinhood,0x40b2d207a5842816a884c93e120e87416b125363_robinhoodvQW.png,1000000000,"{""robinhood"":""0x40b2d207a5842816a884c93e120e87416b125363""}",18
0xadab7c37d92f12123a62f1243325c89170a1bae6_robinhood,OTIS,Otis Sherwood,0xadab7c37d92f12123a62f1243325c89170a1bae6_robinhood,oti.png,1000000000,"{""robinhood"":""0xadab7c37d92f12123a62f1243325c89170a1bae6""}",18
HTVKJXwLCu9PiFKnWGk4FJeAndKcWx7hBp2op9mryBHZ_solana,NEWSOM,Unofficial Gavin Newsom,HTVKJXwLCu9PiFKnWGk4FJeAndKcWx7hBp2op9mryBHZ_solana,new.png,1000000003,"{""solana"":""HTVKJXwLCu9PiFKnWGk4FJeAndKcWx7hBp2op9mryBHZ""}",18
DyLdSneUau27DfKt1e9PNEDMYV5ZbTsJw1jUGhTPfFbT_solana,PHI,PHI,DyLdSneUau27DfKt1e9PNEDMYV5ZbTsJw1jUGhTPfFbT_solana,phi.png,1000000000,"{""solana"":""DyLdSneUau27DfKt1e9PNEDMYV5ZbTsJw1jUGhTPfFbT""}",18
0xe4a6500f2e6980de0b7bfa0f3d9618b612ee7528_robinhood,US,unites states,0xe4a6500f2e6980de0b7bfa0f3d9618b612ee7528_robinhood,us.png,1000000000,"{""robinhood"":""0xe4a6500f2e6980de0b7bfa0f3d9618b612ee7528""}",18
EnUVLEzXKXmuz2Qskbme4E7UHy6vyXm6YxTzao4dNom_solana,zmr,zmr,EnUVLEzXKXmuz2Qskbme4E7UHy6vyXm6YxTzao4dNom_solana,zmr.png,1000000000,"{""solana"":""EnUVLEzXKXmuz2Qskbme4E7UHy6vyXm6YxTzao4dNom""}",18
Bd9thw3PAeyHeBGSi4R1ARBuptpG5rM4fhB8BRWJkq1e_solana,glungus,glungus,Bd9thw3PAeyHeBGSi4R1ARBuptpG5rM4fhB8BRWJkq1e_solana,glu.png,1000000000,"{""solana"":""Bd9thw3PAeyHeBGSi4R1ARBuptpG5rM4fhB8BRWJkq1e""}",18
CbVTvRQY7aRpXfUKVMW2BZ53mtaUtWgo3KqjU6oYpump_solana,SAID,Super Paid,CbVTvRQY7aRpXfUKVMW2BZ53mtaUtWgo3KqjU6oYpump_solana,sai.png,987625256,"{""solana"":""CbVTvRQY7aRpXfUKVMW2BZ53mtaUtWgo3KqjU6oYpump""}",18
0x4d017f2b78650abd670cb55d7facf020b2dfdbc0_robinhood,COLL,Collara,0x4d017f2b78650abd670cb55d7facf020b2dfdbc0_robinhood,col.png,1000000000,"{""robinhood"":""0x4d017f2b78650abd670cb55d7facf020b2dfdbc0""}",18
0xcc67513c662c9457e951f144c82862e6ee2a308c_robinhood,FROGES,froges,0xcc67513c662c9457e951f144c82862e6ee2a308c_robinhood,fro.png,1000000000,"{""robinhood"":""0xcc67513c662c9457e951f144c82862e6ee2a308c""}",18
0x04cc671f5678902a0d8c7c8ddae64d0d6928bfee_robinhood,PWPLT,PawPilot,0x04cc671f5678902a0d8c7c8ddae64d0d6928bfee_robinhood,0x04cc671f5678902a0d8c7c8ddae64d0d6928bfee_robinhoodtCo.png,100000000000,"{""robinhood"":""0x04cc671f5678902a0d8c7c8ddae64d0d6928bfee""}",18
D5abCwGNXCLYemDuCeUtkuTJNRx7YF1UAvtWEsfmrb9K_solana,bukangi,부캉이 busan shark,D5abCwGNXCLYemDuCeUtkuTJNRx7YF1UAvtWEsfmrb9K_solana,buk.png,1000000001,"{""solana"":""D5abCwGNXCLYemDuCeUtkuTJNRx7YF1UAvtWEsfmrb9K""}",18
jWaEiRhg7tUhSNLPnkFX9UNzCmLQb6RDEMpTRt8EFrj_solana,claude,CLAUDE AI,jWaEiRhg7tUhSNLPnkFX9UNzCmLQb6RDEMpTRt8EFrj_solana,cla.png,1000000000,"{""solana"":""jWaEiRhg7tUhSNLPnkFX9UNzCmLQb6RDEMpTRt8EFrj""}",18
0x69c2bd29adba6611659fe8ac9dd4ce123155f395_robinhood,PWARMS,Pons Swarm,0x69c2bd29adba6611659fe8ac9dd4ce123155f395_robinhood,pwa.png,1000000000,"{""robinhood"":""0x69c2bd29adba6611659fe8ac9dd4ce123155f395""}",18
4caTFgQ6e3Yc4e4CidqBKQ3wxmXXLC8nKMZv78TQB9HG_solana,Trump AI,Trump AI,4caTFgQ6e3Yc4e4CidqBKQ3wxmXXLC8nKMZv78TQB9HG_solana,tru.png,1000000000,"{""solana"":""4caTFgQ6e3Yc4e4CidqBKQ3wxmXXLC8nKMZv78TQB9HG""}",18
0xd617513a8d35efab7d8d28179e2b1098dec94605_robinhood,JEANHOOD,Jean In The Hood,0xd617513a8d35efab7d8d28179e2b1098dec94605_robinhood,jea.png,1000000000,"{""robinhood"":""0xd617513a8d35efab7d8d28179e2b1098dec94605""}",18
A2r4WEaSpe4eDHriikS3xW5bgqdXbpA6bZFbJgjFpump_solana,e/acc,Elon Accelerationism,A2r4WEaSpe4eDHriikS3xW5bgqdXbpA6bZFbJgjFpump_solana,eac.png,973363114,"{""solana"":""A2r4WEaSpe4eDHriikS3xW5bgqdXbpA6bZFbJgjFpump""}",18
K5YG9MVj3yZZHNxZMdRrFY4425eD1UuEoUGeftXDYmn_solana,Bili,The Legacy Of Jane,K5YG9MVj3yZZHNxZMdRrFY4425eD1UuEoUGeftXDYmn_solana,bil.png,99999993056,"{""solana"":""K5YG9MVj3yZZHNxZMdRrFY4425eD1UuEoUGeftXDYmn""}",18
7psWtoWTrJdBx5xd58up8RVJu26xgrXshxnCxn2RmqLy_solana,CPAY,ClankPay,7psWtoWTrJdBx5xd58up8RVJu26xgrXshxnCxn2RmqLy_solana,cpa.png,1000000000,"{""solana"":""7psWtoWTrJdBx5xd58up8RVJu26xgrXshxnCxn2RmqLy""}",18
0xf9e47ff5fb95daa4619d148b877891ec8486707c_binance_smart,SHIB,Shiba Fair,0xf9e47ff5fb95daa4619d148b877891ec8486707c_binance_smart,shi.png,1000000000,"{""binance_smart"":""0xf9e47ff5fb95daa4619d148b877891ec8486707c""}",18
KfThTc9S7w7AQ7SvCxRE6fchw17aFYJYgfCtkAWiGbr_solana,SI,Super Inu,KfThTc9S7w7AQ7SvCxRE6fchw17aFYJYgfCtkAWiGbr_solana,si.png,100000000000,"{""solana"":""KfThTc9S7w7AQ7SvCxRE6fchw17aFYJYgfCtkAWiGbr""}",18
0x7ebbae18eb0c10b28f0dea1234103d18d8085b0b_ethereum,ZC,zipcoin,0x7ebbae18eb0c10b28f0dea1234103d18d8085b0b_ethereum,zc.png,346290056,"{""ethereum"":""0x7ebbae18eb0c10b28f0dea1234103d18d8085b0b""}",18
74P16nUdGtPa5M2BKZvn8mGuJ9cT9GSLGcWSmuhJAdvo_solana,Loomer,Dog Saved By Grok,74P16nUdGtPa5M2BKZvn8mGuJ9cT9GSLGcWSmuhJAdvo_solana,loo.png,1000000001,"{""solana"":""74P16nUdGtPa5M2BKZvn8mGuJ9cT9GSLGcWSmuhJAdvo""}",18
0xb892e6c19b472336009e28f96b5768ce20f6fbad_robinhood,JUSTYPE,justype.fun,0xb892e6c19b472336009e28f96b5768ce20f6fbad_robinhood,jus.png,1000000000,"{""robinhood"":""0xb892e6c19b472336009e28f96b5768ce20f6fbad""}",18
0xfc730451c468482fbf5d1cfd14bfe3ee3d910208_binance_smart,转运,转运,0xfc730451c468482fbf5d1cfd14bfe3ee3d910208_binance_smart,.png,1000000000,"{""binance_smart"":""0xfc730451c468482fbf5d1cfd14bfe3ee3d910208""}",18
B3zWHUVD4cdS5JJ1M1yYQxCN7L2SHDo2UUSbkaUHwuru_solana,Quants,quants.bid,B3zWHUVD4cdS5JJ1M1yYQxCN7L2SHDo2UUSbkaUHwuru_solana,qua.png,1000000000,"{""solana"":""B3zWHUVD4cdS5JJ1M1yYQxCN7L2SHDo2UUSbkaUHwuru""}",18
8Y6pHi3cMhxhtHuzgGAsWgAJMyw3zaQLeFFf3qvRpump_solana,PRINTR,PrintR,8Y6pHi3cMhxhtHuzgGAsWgAJMyw3zaQLeFFf3qvRpump_solana,pri.png,1000000000,"{""solana"":""8Y6pHi3cMhxhtHuzgGAsWgAJMyw3zaQLeFFf3qvRpump""}",18
0x0c75a478df6b8bf6f65d5629b605dcfdaf294202_robinhood,FOMOIN,FOMO Clocked In,0x0c75a478df6b8bf6f65d5629b605dcfdaf294202_robinhood,0x0c75a478df6b8bf6f65d5629b605dcfdaf294202_robinhoodzcp.png,100000000000,"{""robinhood"":""0x0c75a478df6b8bf6f65d5629b605dcfdaf294202""}",18
0xd523a627030509021cc39b6d7c8543417d3e50d8_robinhood,CHIT,chit,0xd523a627030509021cc39b6d7c8543417d3e50d8_robinhood,chi.png,1000000000,"{""robinhood"":""0xd523a627030509021cc39b6d7c8543417d3e50d8""}",18
0x3fa69d819186b7928d52218ef60b2cb068736b6f_robinhood,Joe,Joe,0x3fa69d819186b7928d52218ef60b2cb068736b6f_robinhood,joe.png,1000000000,"{""robinhood"":""0x3fa69d819186b7928d52218ef60b2cb068736b6f""}",18
0x033e3d708bf59c732b9404b7d7499aee12cd66d5_robinhood,TORO,Toro Prisma: By Etoro,0x033e3d708bf59c732b9404b7d7499aee12cd66d5_robinhood,tor.png,1000000000,"{""robinhood"":""0x033e3d708bf59c732b9404b7d7499aee12cd66d5""}",18
72EmSXQUW1kkSKEm4TqZb5pE6VzivDUTyHrbYnpBKCr2_solana,TAOLAUNCH,TAOLaunch,72EmSXQUW1kkSKEm4TqZb5pE6VzivDUTyHrbYnpBKCr2_solana,tao.png,1000000000,"{""solana"":""72EmSXQUW1kkSKEm4TqZb5pE6VzivDUTyHrbYnpBKCr2""}",18
6ceuyU2WYZTgccyzGYdBWobHY12QMpYRGNiTkKczGtEV_solana,SEED,Seed,6ceuyU2WYZTgccyzGYdBWobHY12QMpYRGNiTkKczGtEV_solana,see.png,1000000000,"{""solana"":""6ceuyU2WYZTgccyzGYdBWobHY12QMpYRGNiTkKczGtEV""}",18
D2MaCGHFyRNpZuqUNKxBbQiph7DDQJH4kQuq9Kv1b5R_solana,NEPTUNE,NEPTUNE,D2MaCGHFyRNpZuqUNKxBbQiph7DDQJH4kQuq9Kv1b5R_solana,nep.png,100000000000,"{""solana"":""D2MaCGHFyRNpZuqUNKxBbQiph7DDQJH4kQuq9Kv1b5R""}",18
SfCmoaoLAqEV1irTaPfSURe8DXVnn1xB1fwxcL2qNLX_solana,HEISENBERG,Heisenberg,SfCmoaoLAqEV1irTaPfSURe8DXVnn1xB1fwxcL2qNLX_solana,hei.png,1000000000,"{""solana"":""SfCmoaoLAqEV1irTaPfSURe8DXVnn1xB1fwxcL2qNLX""}",18
0x739a9285aa5b0551031f031160326ce0971d21b2_binance_smart,CT,Concrete,0x739a9285aa5b0551031f031160326ce0971d21b2_binance_smart,ct.png,1000000000000,"{""binance_smart"":""0x739a9285aa5b0551031f031160326ce0971d21b2""}",18
4KxtNWc5XTL3cuyc8PJMchqB6RYggvEFeMub727GBAGS_solana,SALVOR,Salvor,4KxtNWc5XTL3cuyc8PJMchqB6RYggvEFeMub727GBAGS_solana,sal.png,1000000000,"{""solana"":""4KxtNWc5XTL3cuyc8PJMchqB6RYggvEFeMub727GBAGS""}",18
0x6121afd9113b18922efc43d203b008e87184b146_robinhood,GLORY,Muses &amp; Monsters,0x6121afd9113b18922efc43d203b008e87184b146_robinhood,glo.png,1000000000,"{""robinhood"":""0x6121afd9113b18922efc43d203b008e87184b146""}",18
0xceb9a7c4ec7bf0ee14bac1f16c97571bc22db979_robinhood,CLASH,Clash of Perps by Virtuals,0xceb9a7c4ec7bf0ee14bac1f16c97571bc22db979_robinhood,cla.png,1000000000,"{""robinhood"":""0xceb9a7c4ec7bf0ee14bac1f16c97571bc22db979""}",18
FYtP5AiiB4eUjVA88EeZS73PDpi7RPLusdqtXizYpump_solana,GOY,GOY,FYtP5AiiB4eUjVA88EeZS73PDpi7RPLusdqtXizYpump_solana,goy.png,1000000000,"{""solana"":""FYtP5AiiB4eUjVA88EeZS73PDpi7RPLusdqtXizYpump""}",18
2KpaepHLRs3hxW48JBckAAceYj1SKepwWTjo9fT9dPF2_solana,四,Super Inu,2KpaepHLRs3hxW48JBckAAceYj1SKepwWTjo9fT9dPF2_solana,.png,999999894,"{""solana"":""2KpaepHLRs3hxW48JBckAAceYj1SKepwWTjo9fT9dPF2""}",18
xQ9npAUWQFHrK2SUSoDgzHzsRjMgBvsJ1j6AK3Ypump_solana,JEANPHIL,Jean Phil,xQ9npAUWQFHrK2SUSoDgzHzsRjMgBvsJ1j6AK3Ypump_solana,jea.png,999988998,"{""solana"":""xQ9npAUWQFHrK2SUSoDgzHzsRjMgBvsJ1j6AK3Ypump""}",18
4rkGWJNSUPBcMicXMRAzohEyeJLFG8gUjwiWaz7Pddr3_solana,CRACKER,Christmas Cracker,4rkGWJNSUPBcMicXMRAzohEyeJLFG8gUjwiWaz7Pddr3_solana,cra.png,1000000000,"{""solana"":""4rkGWJNSUPBcMicXMRAzohEyeJLFG8gUjwiWaz7Pddr3""}",18
0xbb09abb73f766f00625852894eb5c9cf08a94ba3_robinhood,MACRO,MacroStrategy,0xbb09abb73f766f00625852894eb5c9cf08a94ba3_robinhood,mac.png,100000000000,"{""robinhood"":""0xbb09abb73f766f00625852894eb5c9cf08a94ba3""}",18
HmBovjqUgVc939MpWc8m6vFppR8bSquKPaJhvKpXbQMv_solana,PRINTR,PrintR,HmBovjqUgVc939MpWc8m6vFppR8bSquKPaJhvKpXbQMv_solana,pri.png,1000000001,"{""solana"":""HmBovjqUgVc939MpWc8m6vFppR8bSquKPaJhvKpXbQMv""}",18
0x6b0f6713bda0efdfd694720c928db5d8aa486666_binance_smart,NP,No Problem,0x6b0f6713bda0efdfd694720c928db5d8aa486666_binance_smart,np.png,1000000000,"{""binance_smart"":""0x6b0f6713bda0efdfd694720c928db5d8aa486666""}",18
0x198d6cd4c4b6962ecb2cfa07e200a3cd3093bb2a_robinhood,pewpew,pewpew,0x198d6cd4c4b6962ecb2cfa07e200a3cd3093bb2a_robinhood,pew.png,1000000000,"{""robinhood"":""0x198d6cd4c4b6962ecb2cfa07e200a3cd3093bb2a""}",18
3ayNivBMS2SDXWGdoNjHpAMDjLc1eSXfVCEaiUdMiRGi_solana,Nailoong,奶龙,3ayNivBMS2SDXWGdoNjHpAMDjLc1eSXfVCEaiUdMiRGi_solana,nai.png,1000000001,"{""solana"":""3ayNivBMS2SDXWGdoNjHpAMDjLc1eSXfVCEaiUdMiRGi""}",18
zVMjfjC2o5ciqZ235K5VFhAvCjJjiP22myvYDs6pump_solana,e/acc,Effective Accelerationism,zVMjfjC2o5ciqZ235K5VFhAvCjJjiP22myvYDs6pump_solana,eac.png,999989361,"{""solana"":""zVMjfjC2o5ciqZ235K5VFhAvCjJjiP22myvYDs6pump""}",18
0x6ea6e03a2b281e98cf71b940f553666d66b6d344_robinhood,SCRAMBLE,Scramble,0x6ea6e03a2b281e98cf71b940f553666d66b6d344_robinhood,scr.png,1000000000,"{""robinhood"":""0x6ea6e03a2b281e98cf71b940f553666d66b6d344""}",18
0xa4f2da1145933957080a1439b5d81e9c370b705d_robinhood,BINGE,BingePad,0xa4f2da1145933957080a1439b5d81e9c370b705d_robinhood,bin.png,1000000000,"{""robinhood"":""0xa4f2da1145933957080a1439b5d81e9c370b705d""}",18
GY62z6WwsBFEai6ZfQQ5Y3bExFvg3fqNePqLj3S5B14h_solana,CAKE,cake.xmr,GY62z6WwsBFEai6ZfQQ5Y3bExFvg3fqNePqLj3S5B14h_solana,cak.png,1000000001,"{""solana"":""GY62z6WwsBFEai6ZfQQ5Y3bExFvg3fqNePqLj3S5B14h""}",18
ENvqYNu5tejTEErLg1rqSAF9KLGg1yFL7kzCh3ZZJK34_solana,CURECANCER,Cure Cancer,ENvqYNu5tejTEErLg1rqSAF9KLGg1yFL7kzCh3ZZJK34_solana,cur.png,1000000002,"{""solana"":""ENvqYNu5tejTEErLg1rqSAF9KLGg1yFL7kzCh3ZZJK34""}",18
0xae9b237509d55a4c89182123e6609f5fd82723d8_robinhood,FUTURE,Future Pad,0xae9b237509d55a4c89182123e6609f5fd82723d8_robinhood,fut.png,1000000000,"{""robinhood"":""0xae9b237509d55a4c89182123e6609f5fd82723d8""}",18
FphXu1rvzbRhTzyQvzJ5qHk3XsmT3mB2fEjb97cJfrNq_solana,POND,Pair Pond,FphXu1rvzbRhTzyQvzJ5qHk3XsmT3mB2fEjb97cJfrNq_solana,pon.png,1000000000,"{""solana"":""FphXu1rvzbRhTzyQvzJ5qHk3XsmT3mB2fEjb97cJfrNq""}",18
BcpRdQiNzwGRJLbtrUwKrLCWAVwm8Bm1KKbGYtUohoyG_solana,PKMN50,PKMN 50,BcpRdQiNzwGRJLbtrUwKrLCWAVwm8Bm1KKbGYtUohoyG_solana,pkm.png,1000000000,"{""solana"":""BcpRdQiNzwGRJLbtrUwKrLCWAVwm8Bm1KKbGYtUohoyG""}",18
2afTQB513tNGWoT6pRvmXPkuVMbECUzEdVz9NCZxaUmk_solana,SI,Super Inu,2afTQB513tNGWoT6pRvmXPkuVMbECUzEdVz9NCZxaUmk_solana,si.png,99999903641,"{""solana"":""2afTQB513tNGWoT6pRvmXPkuVMbECUzEdVz9NCZxaUmk""}",18
0x8e68d48cb5671dbfe3ca9fbbf240ff09fe571e90_robinhood,ASI,American Super Intelligence,0x8e68d48cb5671dbfe3ca9fbbf240ff09fe571e90_robinhood,asi.png,1000000000,"{""robinhood"":""0x8e68d48cb5671dbfe3ca9fbbf240ff09fe571e90""}",18
12ftNqnaGQYLmtMoj94udpii7vA2diaYvbxcXwX1Tgjn_solana,茶汤,只是一碗茶汤,12ftNqnaGQYLmtMoj94udpii7vA2diaYvbxcXwX1Tgjn_solana,.png,100000000000,"{""solana"":""12ftNqnaGQYLmtMoj94udpii7vA2diaYvbxcXwX1Tgjn""}",18
f5hnecW3TfdGV3d4HN6rb8ARuUZAjRN8dnbqU7r6wsk_solana,PRLS,Pearls,f5hnecW3TfdGV3d4HN6rb8ARuUZAjRN8dnbqU7r6wsk_solana,prl.png,1000000000,"{""solana"":""f5hnecW3TfdGV3d4HN6rb8ARuUZAjRN8dnbqU7r6wsk""}",18
0x2b4571aa92d0beeb8da123e13019662314226d52_binance_smart,IMDSTRTGY,Identity MD Strategy,0x2b4571aa92d0beeb8da123e13019662314226d52_binance_smart,imd.png,1000000000000,"{""binance_smart"":""0x2b4571aa92d0beeb8da123e13019662314226d52""}",18
3SC66u8nGMTL1hk8fYGRvwY7ZAcHCK6gN5TgEWtNpdbF_solana,POTUS,President Of The Unites States,3SC66u8nGMTL1hk8fYGRvwY7ZAcHCK6gN5TgEWtNpdbF_solana,pot.png,1000000000,"{""solana"":""3SC66u8nGMTL1hk8fYGRvwY7ZAcHCK6gN5TgEWtNpdbF""}",18
NGugGKL45B7myPDtYmxYrpz8EY957nssfDga7CkVeck_solana,GAKU,GAKU THE BULL,NGugGKL45B7myPDtYmxYrpz8EY957nssfDga7CkVeck_solana,gak.png,100000000000,"{""solana"":""NGugGKL45B7myPDtYmxYrpz8EY957nssfDga7CkVeck""}",18
64BTePZZAWS1X6LkEeA4LR2oLugpNEkQFssCE7kwpaSP_solana,www,world wide web,64BTePZZAWS1X6LkEeA4LR2oLugpNEkQFssCE7kwpaSP_solana,www.png,999925395,"{""solana"":""64BTePZZAWS1X6LkEeA4LR2oLugpNEkQFssCE7kwpaSP""}",18
99kpwxutua3X51JP3ga147JXRhCfCwp89ZwxvLRUWnxi_solana,TikTok,TikTok US,99kpwxutua3X51JP3ga147JXRhCfCwp89ZwxvLRUWnxi_solana,tik.png,1000000000,"{""solana"":""99kpwxutua3X51JP3ga147JXRhCfCwp89ZwxvLRUWnxi""}",18
0xe1fb1bc7a6d1b067defe7f9ce01ab4b5c931803f_hyperevm,fBOMB,Fantom Bomb,0xe1fb1bc7a6d1b067defe7f9ce01ab4b5c931803f_hyperevm,fbo.png,5880981,"{""hyperevm"":""0xe1fb1bc7a6d1b067defe7f9ce01ab4b5c931803f""}",18
Csn7v4WAUaVGFVMJYy2yGvJtq9c6c1FqKkfMYmzb6Sf3_solana,玩币归赵,玩币归赵,Csn7v4WAUaVGFVMJYy2yGvJtq9c6c1FqKkfMYmzb6Sf3_solana,.png,1000000000,"{""solana"":""Csn7v4WAUaVGFVMJYy2yGvJtq9c6c1FqKkfMYmzb6Sf3""}",18
0xd533a3782160c4875abaf12d898733b82ae318c9_robinhood,LEVERAGE,Leverage Pad,0xd533a3782160c4875abaf12d898733b82ae318c9_robinhood,lev.png,1000000000,"{""robinhood"":""0xd533a3782160c4875abaf12d898733b82ae318c9""}",18
FWFCSy8YJxJ4KHkBC628Zfph7cuv3BmhCoMP6A93PQf_solana,Sid,Sid,FWFCSy8YJxJ4KHkBC628Zfph7cuv3BmhCoMP6A93PQf_solana,sid.png,100000000000,"{""solana"":""FWFCSy8YJxJ4KHkBC628Zfph7cuv3BmhCoMP6A93PQf""}",18
RAupPfRZGbuh1U6Jw7NLmktGNpaHcqYbMAPWMbcEDjV_solana,ARMY,PUMPFUN ARMY,RAupPfRZGbuh1U6Jw7NLmktGNpaHcqYbMAPWMbcEDjV_solana,arm.png,100000000000,"{""solana"":""RAupPfRZGbuh1U6Jw7NLmktGNpaHcqYbMAPWMbcEDjV""}",18
0x1b17b0386b12971523072b78f52fa36604549524_robinhood,ANTH,Anthropig,0x1b17b0386b12971523072b78f52fa36604549524_robinhood,ant.png,1000000000,"{""robinhood"":""0x1b17b0386b12971523072b78f52fa36604549524""}",18
0x0743e819d1d1b7d218191547f66745853ff63a2c_binance_smart,TER,Teron,0x0743e819d1d1b7d218191547f66745853ff63a2c_binance_smart,0x0743e819d1d1b7d218191547f66745853ff63a2c_binance_smartII9.png,1000000000,"{""binance_smart"":""0x0743e819d1d1b7d218191547f66745853ff63a2c""}",18
34tHwapPscnxikH4UtwvXwHExAJ8YgHNJnyv74zidhuX_solana,Tuition,Tuition,34tHwapPscnxikH4UtwvXwHExAJ8YgHNJnyv74zidhuX_solana,tui.png,1000000003,"{""solana"":""34tHwapPscnxikH4UtwvXwHExAJ8YgHNJnyv74zidhuX""}",18
DMXRa4TdhRggp9wJKELyYpWihqMuSfAnHsPNfpahV5ys_solana,www,world wide web,DMXRa4TdhRggp9wJKELyYpWihqMuSfAnHsPNfpahV5ys_solana,www.png,1000000001,"{""solana"":""DMXRa4TdhRggp9wJKELyYpWihqMuSfAnHsPNfpahV5ys""}",18
0xdc6ff859a5e2095db3d017935808e1ab7fc77408_robinhood,MEME,A MEME COIN,0xdc6ff859a5e2095db3d017935808e1ab7fc77408_robinhood,mem.png,1000000000,"{""robinhood"":""0xdc6ff859a5e2095db3d017935808e1ab7fc77408""}",18
0x62e35e84f7712d4e27c577e3eb70f3d67739b426_robinhood,LMAO,Artificial LMAO,0x62e35e84f7712d4e27c577e3eb70f3d67739b426_robinhood,lma.png,1000000000,"{""robinhood"":""0x62e35e84f7712d4e27c577e3eb70f3d67739b426""}",18
9E55fPLgD9ZxAPjUxBA11Ymn53Y8jzDcZipHBQwXkBqz_solana,RESI,Reside,9E55fPLgD9ZxAPjUxBA11Ymn53Y8jzDcZipHBQwXkBqz_solana,res.png,1000000001,"{""solana"":""9E55fPLgD9ZxAPjUxBA11Ymn53Y8jzDcZipHBQwXkBqz""}",18
0x80ca9edce4583b8043351a1046f18244b24ef869_base,AVA,AVA,0x80ca9edce4583b8043351a1046f18244b24ef869_base,0x80ca9edce4583b8043351a1046f18244b24ef869_basesdW.png,15121605,"{""base"":""0x80ca9edce4583b8043351a1046f18244b24ef869""}",18
B1Rk4i3gKvGXq7F2aT4krWytVM1RU1qR6VL6Zg5JDbk_solana,四,Super Inu,B1Rk4i3gKvGXq7F2aT4krWytVM1RU1qR6VL6Zg5JDbk_solana,.png,100000000000,"{""solana"":""B1Rk4i3gKvGXq7F2aT4krWytVM1RU1qR6VL6Zg5JDbk""}",18
hx9P9ZxhhjbHRA1XYcszJrJbTHpAey6yWQ37ekkpump_solana,ELON,ELON,hx9P9ZxhhjbHRA1XYcszJrJbTHpAey6yWQ37ekkpump_solana,elo.png,996814663,"{""solana"":""hx9P9ZxhhjbHRA1XYcszJrJbTHpAey6yWQ37ekkpump""}",18
0xe523ba98252ebd13d83fe17c11c4af344e8cec40_robinhood,NUTFLEXXX,NUTFLEX,0xe523ba98252ebd13d83fe17c11c4af344e8cec40_robinhood,nut.png,1000000000,"{""robinhood"":""0xe523ba98252ebd13d83fe17c11c4af344e8cec40""}",18
ES6c38SCXjpK7At69m1SfwbPa2R7Wqex8JYCPEkyKTr7_solana,HEISENBERG,Heisenberg,ES6c38SCXjpK7At69m1SfwbPa2R7Wqex8JYCPEkyKTr7_solana,hei.png,1000000001,"{""solana"":""ES6c38SCXjpK7At69m1SfwbPa2R7Wqex8JYCPEkyKTr7""}",18
0xbd439455fe259260d3671282b8eb630a2ee6ad17_robinhood,VAULT,PonsVault,0xbd439455fe259260d3671282b8eb630a2ee6ad17_robinhood,vau.png,1000000000,"{""robinhood"":""0xbd439455fe259260d3671282b8eb630a2ee6ad17""}",18
9KF83J7ayFBymEep6rywT35Sx21xVRuaYuoEC8gVq6n2_solana,ANSEM,ANSEM,9KF83J7ayFBymEep6rywT35Sx21xVRuaYuoEC8gVq6n2_solana,ans.png,1000000001,,
0x4c322158a54fa90a973fba7fe7a03817eea6bae6_robinhood,OTIS,Otis Sherwood,0x4c322158a54fa90a973fba7fe7a03817eea6bae6_robinhood,oti.png,100000000000,"{""robinhood"":""0x4c322158a54fa90a973fba7fe7a03817eea6bae6""}",18
7CTRbkV1tVuq1f59pRxT1Pb2W5AHG4gM9FMH4rGzKiXv_solana,si.gov,si.gov,7CTRbkV1tVuq1f59pRxT1Pb2W5AHG4gM9FMH4rGzKiXv_solana,sig.png,1000000000,"{""solana"":""7CTRbkV1tVuq1f59pRxT1Pb2W5AHG4gM9FMH4rGzKiXv""}",18
RNUpQiuZnkc7nAh5nft6bzAGetJpr1mVmKAduLSQmfY_solana,SI,Super Inu,RNUpQiuZnkc7nAh5nft6bzAGetJpr1mVmKAduLSQmfY_solana,si.png,100000000000,"{""solana"":""RNUpQiuZnkc7nAh5nft6bzAGetJpr1mVmKAduLSQmfY""}",18
HDtFqmTcD3TgqzsRe8YSx6Vdufn7grJ3QqP9x73bjEb6_solana,bPay,bPay,HDtFqmTcD3TgqzsRe8YSx6Vdufn7grJ3QqP9x73bjEb6_solana,bpa.png,1000000000,"{""solana"":""HDtFqmTcD3TgqzsRe8YSx6Vdufn7grJ3QqP9x73bjEb6""}",18
FvpUArTCLzXVMRMAbfk6wqurJwfDHWSiaJotR9fRFEq4_solana,K/acc,Knowledge accelerationism,FvpUArTCLzXVMRMAbfk6wqurJwfDHWSiaJotR9fRFEq4_solana,kac.png,1000000001,"{""solana"":""FvpUArTCLzXVMRMAbfk6wqurJwfDHWSiaJotR9fRFEq4""}",18
D9obL6o72NBuuaETKvhvUZmK1NwhkugUwAkBj9giRq1_solana,WIRED,Wired fees to socials,D9obL6o72NBuuaETKvhvUZmK1NwhkugUwAkBj9giRq1_solana,wir.png,1000000000,"{""solana"":""D9obL6o72NBuuaETKvhvUZmK1NwhkugUwAkBj9giRq1""}",18
BZFGafo3HhvvDhbYfCkvaeAgYNDgZWFyq62y71entWG_solana,SI,Super Intelligence,BZFGafo3HhvvDhbYfCkvaeAgYNDgZWFyq62y71entWG_solana,si.png,100000000000,"{""solana"":""BZFGafo3HhvvDhbYfCkvaeAgYNDgZWFyq62y71entWG""}",18
0xcf1968747bc573294e468fd0cdab0dc61b971e18_robinhood,VACCINU,VACCINU,0xcf1968747bc573294e468fd0cdab0dc61b971e18_robinhood,vac.png,1000000000,"{""robinhood"":""0xcf1968747bc573294e468fd0cdab0dc61b971e18""}",18
0x50f57ed095a5799663181d31d9793f7048ee7bfa_robinhood,MAXWELL,Maxwell the Cat,0x50f57ed095a5799663181d31d9793f7048ee7bfa_robinhood,max.png,1000000000,"{""robinhood"":""0x50f57ed095a5799663181d31d9793f7048ee7bfa""}",18
NwxB7sBtePzjGUJkeZg3p2Q4m8ND1RK9j4NthNK7cqJ_solana,金鱼,金鱼也有机会成为鲸鱼,NwxB7sBtePzjGUJkeZg3p2Q4m8ND1RK9j4NthNK7cqJ_solana,.png,100000000000,"{""solana"":""NwxB7sBtePzjGUJkeZg3p2Q4m8ND1RK9j4NthNK7cqJ""}",18
6yqMUa8d9XtAqfBBX32LyEXB3yUx8cCKTNed4sVpFBmp_solana,Van Cleef,Van Cleef &amp; Arpels,6yqMUa8d9XtAqfBBX32LyEXB3yUx8cCKTNed4sVpFBmp_solana,van.png,1000000000,"{""solana"":""6yqMUa8d9XtAqfBBX32LyEXB3yUx8cCKTNed4sVpFBmp""}",18
0x6f08b15ae81cc5449bcc6caace850a017ba97453_robinhood,DOMINO,domino,0x6f08b15ae81cc5449bcc6caace850a017ba97453_robinhood,dom.png,1000000000,"{""robinhood"":""0x6f08b15ae81cc5449bcc6caace850a017ba97453""}",18
0x6505506540dc99f7366316b10e9cf1a584cbd42a_arc,NVDA,NVIDIA • Arc Token,0x6505506540dc99f7366316b10e9cf1a584cbd42a_arc,nvd.png,595.3953,"{""arc"":""0x6505506540dc99f7366316b10e9cf1a584cbd42a""}",18
H7wgVPHJ73ZcoicgvhaTxxqZTEmXPUfmZF1mYh2YW4jG_solana,KP,KodaPacks,H7wgVPHJ73ZcoicgvhaTxxqZTEmXPUfmZF1mYh2YW4jG_solana,kp.png,1000000002,"{""solana"":""H7wgVPHJ73ZcoicgvhaTxxqZTEmXPUfmZF1mYh2YW4jG""}",18
SGnQkVRENYK4N1Upd8BNQyA8urJe2FMuDJbmhaJXR9a_solana,SI,SuperIntelligence,SGnQkVRENYK4N1Upd8BNQyA8urJe2FMuDJbmhaJXR9a_solana,si.png,100000000000,"{""solana"":""SGnQkVRENYK4N1Upd8BNQyA8urJe2FMuDJbmhaJXR9a""}",18
0xf9a9da0cd0c155df2451acf02e922a5e5e4222e5_robinhood,CASHED,Cashed Money,0xf9a9da0cd0c155df2451acf02e922a5e5e4222e5_robinhood,cas.png,1000000000,"{""robinhood"":""0xf9a9da0cd0c155df2451acf02e922a5e5e4222e5""}",18
E2ujjsdFjh5yiM8jbVc1HeXEeuaQ7q4prNM6RGVppump_solana,USA,United Solana of America,E2ujjsdFjh5yiM8jbVc1HeXEeuaQ7q4prNM6RGVppump_solana,usa.png,984565949,"{""solana"":""E2ujjsdFjh5yiM8jbVc1HeXEeuaQ7q4prNM6RGVppump""}",18
0x579793573fd46380a45b7963a1af2ef492fbda1a_binance_smart,GNOT,Gno.land,0x579793573fd46380a45b7963a1af2ef492fbda1a_binance_smart,gno.png,1000000000000,"{""binance_smart"":""0x579793573fd46380a45b7963a1af2ef492fbda1a""}",18
HhuxVwp53mUVFScLeqathCuPG52G9JDF2Uu7njHsrEh8_solana,BNCDAO,BNC DAO,HhuxVwp53mUVFScLeqathCuPG52G9JDF2Uu7njHsrEh8_solana,bnc.png,1000000001,"{""solana"":""HhuxVwp53mUVFScLeqathCuPG52G9JDF2Uu7njHsrEh8""}",18
7MG45iocdWnAFtb2AXfhTFafdDCGUhBc1xxdPZiGvs1_solana,POTUS,President Of The Unites States,7MG45iocdWnAFtb2AXfhTFafdDCGUhBc1xxdPZiGvs1_solana,pot.png,99999993058,"{""solana"":""7MG45iocdWnAFtb2AXfhTFafdDCGUhBc1xxdPZiGvs1""}",18
eth_yvcurve-tricrypto_0x3d980e50508cfd41a13837a60149927a11c03731,yvCurve-triCrypto,Curve triCrypto Pool yVault,eth_yvcurve-tricrypto_0x3d980e50508cfd41a13837a60149927a11c03731,yvc.png,93.44762130074987,"{""ethereum"":""0x3d980e50508cfd41a13837a60149927a11c03731""}",18
0xede00776439f9c49c592e43eee34777a51847777_binance_smart,utility,utility token,0xede00776439f9c49c592e43eee34777a51847777_binance_smart,uti.png,1000000000,"{""binance_smart"":""0xede00776439f9c49c592e43eee34777a51847777""}",18
12Ln7WXY77UU3Pyp8QxuxuEcw6FLCjcKWktHWsnxHvT4_solana,SNOWMOON,snowmoon,12Ln7WXY77UU3Pyp8QxuxuEcw6FLCjcKWktHWsnxHvT4_solana,sno.png,1000000000,"{""solana"":""12Ln7WXY77UU3Pyp8QxuxuEcw6FLCjcKWktHWsnxHvT4""}",18
0xe1fa763637268ff1df43c6826701d92cf1eaa1f1_robinhood,BLACKCAT,BLACKCAT,0xe1fa763637268ff1df43c6826701d92cf1eaa1f1_robinhood,bla.png,1000000000,"{""robinhood"":""0xe1fa763637268ff1df43c6826701d92cf1eaa1f1""}",18
93TT3UDKnTUPuBamNuYhWermCpX7wzt6Bt2xx1m51ANk_solana,SPCXUSD1,SPCXUSD1,93TT3UDKnTUPuBamNuYhWermCpX7wzt6Bt2xx1m51ANk_solana,spc.png,1000000001,"{""solana"":""93TT3UDKnTUPuBamNuYhWermCpX7wzt6Bt2xx1m51ANk""}",18
0xb72354135c7ef82b939ff14e79fdbe1e50b47777_binance_smart,SI,Super Inu,0xb72354135c7ef82b939ff14e79fdbe1e50b47777_binance_smart,si.png,1000000000,"{""binance_smart"":""0xb72354135c7ef82b939ff14e79fdbe1e50b47777""}",18
0x3d2aa79e21aff9fa97b82be22da83d3eecb09640_robinhood,OZZY,Ozzy,0x3d2aa79e21aff9fa97b82be22da83d3eecb09640_robinhood,0x3d2aa79e21aff9fa97b82be22da83d3eecb09640_robinhoodfoa.png,1000000000,"{""robinhood"":""0x3d2aa79e21aff9fa97b82be22da83d3eecb09640""}",18
0x089a0d171d2794e45881a37666258a8614bf906a_robinhood,Cat,The Depressed Cat,0x089a0d171d2794e45881a37666258a8614bf906a_robinhood,cat.png,1000000000,"{""robinhood"":""0x089a0d171d2794e45881a37666258a8614bf906a""}",18
7ghKoBZBAjGSgbxix5K5kFhQzu9mxVmbdPxRT8j27eEo_solana,ETAC,ETAC,7ghKoBZBAjGSgbxix5K5kFhQzu9mxVmbdPxRT8j27eEo_solana,eta.png,1000000000,"{""solana"":""7ghKoBZBAjGSgbxix5K5kFhQzu9mxVmbdPxRT8j27eEo""}",18
GnM4ADLmZoNmCrMzb8Urq8YLaAXb4DmNhQAWroP42FS_solana,VRAX,Commander Vrax,GnM4ADLmZoNmCrMzb8Urq8YLaAXb4DmNhQAWroP42FS_solana,vra.png,100000000000,"{""solana"":""GnM4ADLmZoNmCrMzb8Urq8YLaAXb4DmNhQAWroP42FS""}",18
47zz4BgZPbrXCyZCDszZqybjBa5WqXAYXX57262Nc5Qf_solana,CT,Concrete,47zz4BgZPbrXCyZCDszZqybjBa5WqXAYXX57262Nc5Qf_solana,ct.png,1000000000,"{""solana"":""47zz4BgZPbrXCyZCDszZqybjBa5WqXAYXX57262Nc5Qf""}",18
FU36e3gRF3oJUgef7Xn18JPUQRuN548S8PhL65rECaYV_solana,SARKA,Sarka,FU36e3gRF3oJUgef7Xn18JPUQRuN548S8PhL65rECaYV_solana,sar.png,1000000000,"{""solana"":""FU36e3gRF3oJUgef7Xn18JPUQRuN548S8PhL65rECaYV""}",18
AL5SZabMN1ALazuVJwnXb1s3Td3mUsSN2hnPbCCSHyg_solana,大结果,大结果文学,AL5SZabMN1ALazuVJwnXb1s3Td3mUsSN2hnPbCCSHyg_solana,.png,1000000000,"{""solana"":""AL5SZabMN1ALazuVJwnXb1s3Td3mUsSN2hnPbCCSHyg""}",18
0x1ae9075209f8b664c2387514a63068395d4d7e55_robinhood,HOOK,HookHook,0x1ae9075209f8b664c2387514a63068395d4d7e55_robinhood,0x1ae9075209f8b664c2387514a63068395d4d7e55_robinhoodofZ.png,1000000000,"{""robinhood"":""0x1ae9075209f8b664c2387514a63068395d4d7e55""}",18
0x9a95957b506185a0f678928a6be63b7d55bf198e_robinhood,BETA,Beta,0x9a95957b506185a0f678928a6be63b7d55bf198e_robinhood,bet.png,1000000000,"{""robinhood"":""0x9a95957b506185a0f678928a6be63b7d55bf198e""}",18
GiMcbhXRvPZC2QrwjVYEPuLm4Bxm4NxwrvuqamP3pump_solana,BABYASTEROID,Baby Asteroid,GiMcbhXRvPZC2QrwjVYEPuLm4Bxm4NxwrvuqamP3pump_solana,bab.png,988170614,"{""solana"":""GiMcbhXRvPZC2QrwjVYEPuLm4Bxm4NxwrvuqamP3pump""}",18
MtM4v4wqaap5aMoVNmHPzPvBYJn3tQygaGQDb3bUjTN_solana,www,world wide web,MtM4v4wqaap5aMoVNmHPzPvBYJn3tQygaGQDb3bUjTN_solana,www.png,100000000000,"{""solana"":""MtM4v4wqaap5aMoVNmHPzPvBYJn3tQygaGQDb3bUjTN""}",18
0xc4dc736cc27147bc870100fa1daef72701ad7777_binance_smart,SI,Super Inu,0xc4dc736cc27147bc870100fa1daef72701ad7777_binance_smart,si.png,1000000000,"{""binance_smart"":""0xc4dc736cc27147bc870100fa1daef72701ad7777""}",18
8Q25iwczzA1SkVoVvCukTWB82dNpGTRBwrcyasnPBqeh_solana,Tokyo-Hot,Tokyo-Hot 東京熱,8Q25iwczzA1SkVoVvCukTWB82dNpGTRBwrcyasnPBqeh_solana,tok.png,1000000000,"{""solana"":""8Q25iwczzA1SkVoVvCukTWB82dNpGTRBwrcyasnPBqeh""}",18
0xe6200d65d66256f4a65d1b4177597f1f4b20e809_robinhood,HYDX,HyperDex,0xe6200d65d66256f4a65d1b4177597f1f4b20e809_robinhood,hyd.png,1000000000,"{""robinhood"":""0xe6200d65d66256f4a65d1b4177597f1f4b20e809""}",18
ETH.DAI-0X6B175474E89094C44DA98B954EEDEAC495271D0F_thorchain,DAI,ETH.DAI-0X6B175474E89094C44DA98B954EEDEAC495271D0F,ETH.DAI-0X6B175474E89094C44DA98B954EEDEAC495271D0F_thorchain,dai.png,133045,"{""thorchain"":""ETH.DAI-0X6B175474E89094C44DA98B954EEDEAC495271D0F""}",18
GAIA.ATOM_thorchain,ATOM,Cosmos,GAIA.ATOM_thorchain,ato.png,76561,"{""thorchain"":""GAIA.ATOM""}",18
0xee7ccb0d37a12862e7f92f6c92a93d9c2d304266_x-layer,wAMDx,Wrapped AMD xStock,0xee7ccb0d37a12862e7f92f6c92a93d9c2d304266_x-layer,wam.png,211.4641,"{""x-layer"":""0xee7ccb0d37a12862e7f92f6c92a93d9c2d304266""}",18
8zWd2HwypCkmmqEFgdQbvP8n8CB4DY1Z6Zh9WsenRQz_solana,四,Super Inu,8zWd2HwypCkmmqEFgdQbvP8n8CB4DY1Z6Zh9WsenRQz_solana,.png,100000000000,"{""solana"":""8zWd2HwypCkmmqEFgdQbvP8n8CB4DY1Z6Zh9WsenRQz""}",18
eth_yvcurve-musd_0x8cc94ccd0f3841a468184aca3cc478d2148e1757,yvCurve-mUSD,Curve mUSD Pool yVault,eth_yvcurve-musd_0x8cc94ccd0f3841a468184aca3cc478d2148e1757,yvc.png,116855.17520810822,"{""ethereum"":""0x8cc94ccd0f3841a468184aca3cc478d2148e1757""}",18
54kAQPWMm7UZHDYJCMSAD4mbzP7v9ZJVY98NUWpUMMs_solana,CSI,Chinese Super Inu,54kAQPWMm7UZHDYJCMSAD4mbzP7v9ZJVY98NUWpUMMs_solana,csi.png,100000000000,"{""solana"":""54kAQPWMm7UZHDYJCMSAD4mbzP7v9ZJVY98NUWpUMMs""}",18
EsnPV5QDmazP84nbMuJchr6VWhcDgKkGaPHmCzpDRyGA_solana,こゆき,Koyuki,EsnPV5QDmazP84nbMuJchr6VWhcDgKkGaPHmCzpDRyGA_solana,.png,1000000001,"{""solana"":""EsnPV5QDmazP84nbMuJchr6VWhcDgKkGaPHmCzpDRyGA""}",18
0x6ae1081af60ce6a25a1fb395fe37e83b12517777_binance_smart,蝴蝶之王,QQ:924091580,0x6ae1081af60ce6a25a1fb395fe37e83b12517777_binance_smart,.png,1000000000,"{""binance_smart"":""0x6ae1081af60ce6a25a1fb395fe37e83b12517777""}",18
EiRdTDhBBGMdpa3JpXDLmK64UrJvk7so93TNXMixnac_solana,CSI,Chinese Super Inu,EiRdTDhBBGMdpa3JpXDLmK64UrJvk7so93TNXMixnac_solana,csi.png,100000000000,"{""solana"":""EiRdTDhBBGMdpa3JpXDLmK64UrJvk7so93TNXMixnac""}",18
0x68b2913d7f1cfdea365765e22a3d773b74f45f15_robinhood,FILLED,filled.cards,0x68b2913d7f1cfdea365765e22a3d773b74f45f15_robinhood,fil.png,1000000000,"{""robinhood"":""0x68b2913d7f1cfdea365765e22a3d773b74f45f15""}",18
0xf2e33912058d267a4b5efd9a27a4e90521d6389a_robinhood,PAIDBOT,PaidBot,0xf2e33912058d267a4b5efd9a27a4e90521d6389a_robinhood,pai.png,1000000000,"{""robinhood"":""0xf2e33912058d267a4b5efd9a27a4e90521d6389a""}",18
ERxPBCJjKwDQhHSNriiTMWpdwJWQUJ8EQSCi32ppock_solana,LEVERAGE,Leverage Pad,ERxPBCJjKwDQhHSNriiTMWpdwJWQUJ8EQSCi32ppock_solana,lev.png,100000000000,"{""solana"":""ERxPBCJjKwDQhHSNriiTMWpdwJWQUJ8EQSCi32ppock""}",18
HgkJyiFRaCd6b9kmmrYGJLKnufVf6ZbKQawyqTUSpump_solana,Youtube,Justice for Youtube,HgkJyiFRaCd6b9kmmrYGJLKnufVf6ZbKQawyqTUSpump_solana,you.png,994934725,"{""solana"":""HgkJyiFRaCd6b9kmmrYGJLKnufVf6ZbKQawyqTUSpump""}",18
RwZP5715sgFQA8u6CUWDYgQq7Dk2SZiHGKJyXp1cJYD_solana,BNC,BNB Standard Corporation,RwZP5715sgFQA8u6CUWDYgQq7Dk2SZiHGKJyXp1cJYD_solana,bnc.png,100000000000,"{""solana"":""RwZP5715sgFQA8u6CUWDYgQq7Dk2SZiHGKJyXp1cJYD""}",18
EMi7oxjgUCshDL9tS3UZbVqT2R8Wy8ipS2D5csep5yg_solana,Claude,Claude Ai,EMi7oxjgUCshDL9tS3UZbVqT2R8Wy8ipS2D5csep5yg_solana,cla.png,1000000001,"{""solana"":""EMi7oxjgUCshDL9tS3UZbVqT2R8Wy8ipS2D5csep5yg""}",18
2BT2Su86HVHxhygt6VxrWo9mdfnu3PJvsALLHzEMCtqh_solana,拼多多,拼多多拼的多省的多,2BT2Su86HVHxhygt6VxrWo9mdfnu3PJvsALLHzEMCtqh_solana,.png,1000000000,"{""solana"":""2BT2Su86HVHxhygt6VxrWo9mdfnu3PJvsALLHzEMCtqh""}",18
0x9c5d5fe9422692f4a1e83f2bcf50ab0eb3387777_binance_smart,AI,Anonymous Inu,0x9c5d5fe9422692f4a1e83f2bcf50ab0eb3387777_binance_smart,ai.png,1000000000,"{""binance_smart"":""0x9c5d5fe9422692f4a1e83f2bcf50ab0eb3387777""}",18
0x9f976eff5db880193a34b70a4969411e79181481_robinhood,ARROWFARM,ARROWFARM,0x9f976eff5db880193a34b70a4969411e79181481_robinhood,arr.png,1000000000,"{""robinhood"":""0x9f976eff5db880193a34b70a4969411e79181481""}",18
MNGo3EVJhYdpQmUFFC5hJi6NYfGzQ7H4MFXpW27wy8B_solana,四,Super Inu,MNGo3EVJhYdpQmUFFC5hJi6NYfGzQ7H4MFXpW27wy8B_solana,.png,100000000000,"{""solana"":""MNGo3EVJhYdpQmUFFC5hJi6NYfGzQ7H4MFXpW27wy8B""}",18
EGmvWMS9tpWFEKetMHZSmZex49TdgrPnitUXL8vf7rUu_solana,shiba/acc,Shiba Accelerationism,EGmvWMS9tpWFEKetMHZSmZex49TdgrPnitUXL8vf7rUu_solana,shi.png,1000000000,"{""solana"":""EGmvWMS9tpWFEKetMHZSmZex49TdgrPnitUXL8vf7rUu""}",18
FoZpAfdDYE3s7kubta5Na7oBM6MPvtKJsVswqZ19Wdn8_solana,SI,Super Inu,FoZpAfdDYE3s7kubta5Na7oBM6MPvtKJsVswqZ19Wdn8_solana,si.png,1000000001,"{""solana"":""FoZpAfdDYE3s7kubta5Na7oBM6MPvtKJsVswqZ19Wdn8""}",18
LT8i2VRQJL75DrDNtKu3gzPzuU5mGfZCrrFAqK5NB3k_solana,Saw,The Torture Chamber,LT8i2VRQJL75DrDNtKu3gzPzuU5mGfZCrrFAqK5NB3k_solana,saw.png,100000000000,"{""solana"":""LT8i2VRQJL75DrDNtKu3gzPzuU5mGfZCrrFAqK5NB3k""}",18
4Z9brNKC7YpLw8Cf1nbQ6d62i9X2HJJccm4NcZjncZHi_solana,China-U.S.,U.S.-China strategic relations,4Z9brNKC7YpLw8Cf1nbQ6d62i9X2HJJccm4NcZjncZHi_solana,chi.png,1000000000,"{""solana"":""4Z9brNKC7YpLw8Cf1nbQ6d62i9X2HJJccm4NcZjncZHi""}",18
14smr8FD6V5ZW7UgNmeLBYyYoinHvEkRkbGStzeehKNg_solana,Q币,Q币,14smr8FD6V5ZW7UgNmeLBYyYoinHvEkRkbGStzeehKNg_solana,q.png,100000000000,"{""solana"":""14smr8FD6V5ZW7UgNmeLBYyYoinHvEkRkbGStzeehKNg""}",18
0xa9f56fb9b3e02df8d36c67f12d4d03919250fee1_base,MEAT,Meat,0xa9f56fb9b3e02df8d36c67f12d4d03919250fee1_base,mea.png,1000000000,"{""base"":""0xa9f56fb9b3e02df8d36c67f12d4d03919250fee1""}",18
9i4gi3s2cuMwPUsjhmDdwhMMe569GxTgqa5yJAE59s7e_solana,Scam,Honey trap / Honeypot scam,9i4gi3s2cuMwPUsjhmDdwhMMe569GxTgqa5yJAE59s7e_solana,sca.png,999931556,"{""solana"":""9i4gi3s2cuMwPUsjhmDdwhMMe569GxTgqa5yJAE59s7e""}",18
0x04db4384013664baa627c1a3fa4ff0c50f37cfd3_x-layer,wDELLx,Wrapped Dell Technologies Inc. xStock,0x04db4384013664baa627c1a3fa4ff0c50f37cfd3_x-layer,wde.png,231.5138,"{""x-layer"":""0x04db4384013664baa627c1a3fa4ff0c50f37cfd3""}",18
CPddwpT8uVsz5sHDeyR8A1PJVhdJa23VLc3useQDuRg9_solana,CNUT,Crack Squirrel,CPddwpT8uVsz5sHDeyR8A1PJVhdJa23VLc3useQDuRg9_solana,cnu.png,1000000001,"{""solana"":""CPddwpT8uVsz5sHDeyR8A1PJVhdJa23VLc3useQDuRg9""}",18
0x6aad9407bd441aac76158ea8c9fa6263b2918fe7_robinhood,TROLL,Troll in Hood,0x6aad9407bd441aac76158ea8c9fa6263b2918fe7_robinhood,tro.png,1000000000,"{""robinhood"":""0x6aad9407bd441aac76158ea8c9fa6263b2918fe7""}",18
4h6E7SgU59BESJD5mzTTpGfbA2LNYWsHQ6UpSrHzX9Xu_solana,Black Dog,Black Dog Day,4h6E7SgU59BESJD5mzTTpGfbA2LNYWsHQ6UpSrHzX9Xu_solana,bla.png,1000000001,"{""solana"":""4h6E7SgU59BESJD5mzTTpGfbA2LNYWsHQ6UpSrHzX9Xu""}",18
0x50ddcdbb8bff0e3d7d40e26db7428610fca5dfae_robinhood,OVIA,Oviapay,0x50ddcdbb8bff0e3d7d40e26db7428610fca5dfae_robinhood,ovi.png,1000000000,"{""robinhood"":""0x50ddcdbb8bff0e3d7d40e26db7428610fca5dfae""}",18
0x5c3b9a9b021e86b54202abcb4580f1f5c271875b_robinhood,pGME5x,Arcus GME (5x Long),0x5c3b9a9b021e86b54202abcb4580f1f5c271875b_robinhood,pgm.png,1139,"{""robinhood"":""0x5c3b9a9b021e86b54202abcb4580f1f5c271875b""}",18
0xdcdfa13173807b29156118a1818f319dc48ba039_ethereum,FLOKI,Floki Shiba Inu,0xdcdfa13173807b29156118a1818f319dc48ba039_ethereum,flo.png,1000000000,"{""ethereum"":""0xdcdfa13173807b29156118a1818f319dc48ba039""}",18
AqvqpgnTcVpeAr4tdC9u1HkDx7dge4FUkEYhaKCeU4f_solana,OpenSI,OpenSI,AqvqpgnTcVpeAr4tdC9u1HkDx7dge4FUkEYhaKCeU4f_solana,ope.png,100000000000,"{""solana"":""AqvqpgnTcVpeAr4tdC9u1HkDx7dge4FUkEYhaKCeU4f""}",18
4nCmpwne7hCoWTSpAd54uENmCgHJrHTyn4DMPCEMpump_solana,SDICE,SoltoshiDice,4nCmpwne7hCoWTSpAd54uENmCgHJrHTyn4DMPCEMpump_solana,sdi.png,1000000000,"{""solana"":""4nCmpwne7hCoWTSpAd54uENmCgHJrHTyn4DMPCEMpump""}",18
K384KyUub3UE39XHoPiEy8Ff1haxPNf8k9xBhEwzcXH_solana,Loomer,Dog Saved By Grok,K384KyUub3UE39XHoPiEy8Ff1haxPNf8k9xBhEwzcXH_solana,loo.png,100000000000,"{""solana"":""K384KyUub3UE39XHoPiEy8Ff1haxPNf8k9xBhEwzcXH""}",18
0xd86e4ea04fa33bc9d192f1e0709c569cdfd877ae_robinhood,HYPOCRITE,Hypocrite,0xd86e4ea04fa33bc9d192f1e0709c569cdfd877ae_robinhood,hyp.png,1000000000,"{""robinhood"":""0xd86e4ea04fa33bc9d192f1e0709c569cdfd877ae""}",18
0xdf8dcfdd62ebf82f480f1f9a60d0eb31b0dc0285_robinhood,ASI,American Super Inutelligence,0xdf8dcfdd62ebf82f480f1f9a60d0eb31b0dc0285_robinhood,asi.png,1000000000,"{""robinhood"":""0xdf8dcfdd62ebf82f480f1f9a60d0eb31b0dc0285""}",18
0xfa787a3dae8ef32c5ec667dabd21416f3b2ee849_robinhood,CYFRIN,Cyfrin Audits,0xfa787a3dae8ef32c5ec667dabd21416f3b2ee849_robinhood,cyf.png,1000000000,"{""robinhood"":""0xfa787a3dae8ef32c5ec667dabd21416f3b2ee849""}",18
HFWdetA6fkZDwW4kYqSEGyQR2KAXGB4Qij6gmNdSoZvq_solana,PI,Pump Inu,HFWdetA6fkZDwW4kYqSEGyQR2KAXGB4Qij6gmNdSoZvq_solana,pi.png,1000000000,"{""solana"":""HFWdetA6fkZDwW4kYqSEGyQR2KAXGB4Qij6gmNdSoZvq""}",18
133ZoZ2jHzJ3gTfYAkvLdNKadpzcGQqb6d4PQZyyiodi_solana,BARSTOOL,Barstool Sports Fund,133ZoZ2jHzJ3gTfYAkvLdNKadpzcGQqb6d4PQZyyiodi_solana,bar.png,1000000000,"{""solana"":""133ZoZ2jHzJ3gTfYAkvLdNKadpzcGQqb6d4PQZyyiodi""}",18
nearfi-e29a8e.nearpadfamily.near_near-protocol,NEARFI,NearFi,nearfi-e29a8e.nearpadfamily.near_near-protocol,nea.png,1000000000,"{""near-protocol"":""nearfi-e29a8e.nearpadfamily.near""}",18
MmbyBvNXioajonixJggk73uwRHT9RakSw8Voq6cMNPP_solana,MeMe人格,MeMe人格,MmbyBvNXioajonixJggk73uwRHT9RakSw8Voq6cMNPP_solana,mem.png,100000000000,"{""solana"":""MmbyBvNXioajonixJggk73uwRHT9RakSw8Voq6cMNPP""}",18
0x322891b72fdb929206760c3a7c7f4779e5e758db_robinhood,SGT,Sight,0x322891b72fdb929206760c3a7c7f4779e5e758db_robinhood,sgt.png,100000000000,"{""robinhood"":""0x322891b72fdb929206760c3a7c7f4779e5e758db""}",18
F3BRXHdffBhfXNULuySjg6QsjphdZtf4G4D7A1iGH4kc_solana,币安人能飞,币安人能飞,F3BRXHdffBhfXNULuySjg6QsjphdZtf4G4D7A1iGH4kc_solana,.png,1000000000,"{""solana"":""F3BRXHdffBhfXNULuySjg6QsjphdZtf4G4D7A1iGH4kc""}",18
BFviZWDLHNtXYhGTTj1iQT9Yzpum3PskjycPei3RjTwc_solana,玩币归赵,玩币归赵,BFviZWDLHNtXYhGTTj1iQT9Yzpum3PskjycPei3RjTwc_solana,.png,1000000000,"{""solana"":""BFviZWDLHNtXYhGTTj1iQT9Yzpum3PskjycPei3RjTwc""}",18
7fdcYPrUVrHZKK3BHXVprpqbYwMt4auTSsniYHUkwt8C_solana,BNPaid,BNPaid,7fdcYPrUVrHZKK3BHXVprpqbYwMt4auTSsniYHUkwt8C_solana,bnp.png,1000000001,"{""solana"":""7fdcYPrUVrHZKK3BHXVprpqbYwMt4auTSsniYHUkwt8C""}",18
0x7bcd6936d5920dd1c8a8a3e4473780b3df891e61_robinhood,ZCAT,Anonymous Cat,0x7bcd6936d5920dd1c8a8a3e4473780b3df891e61_robinhood,zca.png,1000000000,"{""robinhood"":""0x7bcd6936d5920dd1c8a8a3e4473780b3df891e61""}",18
2AKrTTVNsxhHV2FLNBWUBv6W6Vq35VJMuiAhjsKjpump_solana,ANON,Anon,2AKrTTVNsxhHV2FLNBWUBv6W6Vq35VJMuiAhjsKjpump_solana,ano.png,993596009,"{""solana"":""2AKrTTVNsxhHV2FLNBWUBv6W6Vq35VJMuiAhjsKjpump""}",18
0xbf197dc0a48ccd8fbb1982201c7b6201d3527503_robinhood,bukangi,busan shark on Robinhood,0xbf197dc0a48ccd8fbb1982201c7b6201d3527503_robinhood,buk.png,1000000000,"{""robinhood"":""0xbf197dc0a48ccd8fbb1982201c7b6201d3527503""}",18
0x35b0a764e5cc5fe248b4e4d45438f1c2f68468b9_binance_smart,PPOLY,Paimon Polymarket SPV Token,0x35b0a764e5cc5fe248b4e4d45438f1c2f68468b9_binance_smart,ppo.png,1000000000000,"{""binance_smart"":""0x35b0a764e5cc5fe248b4e4d45438f1c2f68468b9""}",18
JnNHubnBrch4aBqt67oJ1i8GvgwLVSJBdbTNmezdDHw_solana,CLAUDIA,CLAUDIA,JnNHubnBrch4aBqt67oJ1i8GvgwLVSJBdbTNmezdDHw_solana,cla.png,100000000000,,
0xcee2bde41b204e280d5447312d29afb0070d8f5c_robinhood,UNHOSTED,Unhosted,0xcee2bde41b204e280d5447312d29afb0070d8f5c_robinhood,unh.png,1000000000,"{""robinhood"":""0xcee2bde41b204e280d5447312d29afb0070d8f5c""}",18
0x12dcc8deebe545561ede44606ca6c98f6c1a7777_binance_smart,牛启,牛市由此开启,0x12dcc8deebe545561ede44606ca6c98f6c1a7777_binance_smart,.png,1000000000,"{""binance_smart"":""0x12dcc8deebe545561ede44606ca6c98f6c1a7777""}",18
0xee9336869c3ba6affd07bc0686869c0f1a8b1bba_binance_smart,EVT,Eventra Market,0xee9336869c3ba6affd07bc0686869c0f1a8b1bba_binance_smart,evt.png,1000000000000,"{""binance_smart"":""0xee9336869c3ba6affd07bc0686869c0f1a8b1bba""}",18
GafDQFN2fVxQ6DHcc75dHd3W6Wxe8y56qEeXnYCJ1GT_solana,SHINU,Shielded Inu,GafDQFN2fVxQ6DHcc75dHd3W6Wxe8y56qEeXnYCJ1GT_solana,shi.png,100000000000,"{""solana"":""GafDQFN2fVxQ6DHcc75dHd3W6Wxe8y56qEeXnYCJ1GT""}",18
0x3f4c2fffb6bb7638e3b8594256583d1ded7cf2a9_robinhood,DUCAT,Ducat,0x3f4c2fffb6bb7638e3b8594256583d1ded7cf2a9_robinhood,duc.png,1000000000,"{""robinhood"":""0x3f4c2fffb6bb7638e3b8594256583d1ded7cf2a9""}",18
0xf95a2d1339da2b38d4fb2bada8d168f9db688c87_robinhood,PLabs,PLabs,0xf95a2d1339da2b38d4fb2bada8d168f9db688c87_robinhood,pla.png,1000000000,"{""robinhood"":""0xf95a2d1339da2b38d4fb2bada8d168f9db688c87""}",18
0xb3648fb35d45b91de93f02049dfcad8cbfb8d8ea_robinhood,BPOOL,BlackPool,0xb3648fb35d45b91de93f02049dfcad8cbfb8d8ea_robinhood,bpo.png,1000000000,"{""robinhood"":""0xb3648fb35d45b91de93f02049dfcad8cbfb8d8ea""}",18
Bhf75g19eWrR38NYS191ZqSzG2QVZLRKpmRQ9uxpFKY_solana,PARASITE,Parasite,Bhf75g19eWrR38NYS191ZqSzG2QVZLRKpmRQ9uxpFKY_solana,par.png,100000000000,"{""solana"":""Bhf75g19eWrR38NYS191ZqSzG2QVZLRKpmRQ9uxpFKY""}",18
M2DdvTCkgxbcfuJWQgDSaH4VLMnMFdPMKjo87KHAimQ_solana,BOTBOOK,Botbook,M2DdvTCkgxbcfuJWQgDSaH4VLMnMFdPMKjo87KHAimQ_solana,bot.png,100000000000,"{""solana"":""M2DdvTCkgxbcfuJWQgDSaH4VLMnMFdPMKjo87KHAimQ""}",18
0x97ad26f43a5d3183b4bb56cbcae7b4eb8e5644a9_binance_smart,LITHO,Lithosphere,0x97ad26f43a5d3183b4bb56cbcae7b4eb8e5644a9_binance_smart,lit.png,1000000000000,"{""binance_smart"":""0x97ad26f43a5d3183b4bb56cbcae7b4eb8e5644a9""}",18
J1yxV53EmVRmt9RUj6PPufMfdAYUbtgwXCuNYTBTsYzJ_solana,JACK,JACK,J1yxV53EmVRmt9RUj6PPufMfdAYUbtgwXCuNYTBTsYzJ_solana,jac.png,1000000000,"{""solana"":""J1yxV53EmVRmt9RUj6PPufMfdAYUbtgwXCuNYTBTsYzJ""}",18
