id,symbol,name,slug,web,logo,contract
1,BTC,Bitcoin,bitcoin,bitcoin.org,1.png,{}
2,LTC,Litecoin,litecoin,litecoin.org,2.png,"{""htx-token"":""0xecb56cf772b5c9a6907fb7d32387da2fcbfb63b4"",""bnb"":""0x4338665cbb7b2485a8855a139b75d5e34ab0db94"",""hoo-smart-chain"":""0x13e93721dc992b3e14333dbdb48c0e7ec55431c3""}"
3,NMC,Namecoin,namecoin,namecoin.org,3.png,{}
4,TRC,Terracoin,terracoin,terracoin.io,4.png,{}
5,PPC,Peercoin,peercoin,peercoin.net,5.png,"{""ethereum"":""0x044d078F1c86508e13328842Cc75AC021B272958"",""polygon-ecosystem-token"":""0x91E7E32C710661C44ae44D10Aa86135d91C3Ed65""}"
6,NVC,Novacoin,novacoin,site1.nova-coin.net,6.png,"{""bnb"":""0xbf84720097de111a80f46f9d077643967042841a""}"
8,FTC,Feathercoin,feathercoin,feathercoin.com,8.png,{}
10,FRC,Freicoin,freicoin,freico.in,10.png,{}
13,IXC,Ixcoin,ixcoin,ixcoin.net,13.png,{}
18,DGC,Digitalcoin,digitalcoin,digitalcoin.co,18.png,{}
22,LKY,Luckycoin,luckycoin,luckycoinfoundation.org,22.png,{}
25,GLC,Goldcoin,goldcoin,goldcoinproject.org,25.png,"{""robinhood-placeholder"":""0xaf0172DDEa4ce60dB3EBab05748A00B14fC8e433"",""solana"":""Hn6Kdxs6cJrXDLvArAief8ueTgdZLkRacLPPUZo2pump""}"
26,JKC,Junkcoin,junkcoin,junk-coin.com,26.png,{}
35,PXC,Phoenixcoin,phoenixcoin,phoenixcoin.org,35.png,{}
42,XPM,Primecoin,primecoin,primecoin.io,42.png,{}
45,CSC,CasinoCoin,casinocoin,casinocoin.im,45.png,"{""solana"":""CSCojiafv6WLUtT2AGTHgcfnYiGoTZpGgBRwhvfuWQFY"",""xrp"":""CSC.rCSCManTZ8ME9EoLrSHHYKW8PPwWMgkwr""}"
52,XRP,XRP,xrp,xrpl.org,52.png,"{""bnb"":""0x1d2f0da169ceb9fc7b3144628db156f3f6c60dbe"",""solana"":""6UpQcMAb5xMzxc7ZfPaVMgx3KqsvKZdT5U718BzD5We2"",""kaia"":""0x9eaefb09fe4aabfbe6b1ca316a3c36afc83a393f"",""xrp"":""xrp""}"
56,ZET,Zetacoin,zetacoin,zetac.org,56.png,{}
61,TAG,TagCoin,tagcoin,tagcoin.org,61.png,{}
67,UNO,Unobtanium,unobtanium,unobtanium.uno,67.png,{}
72,DEM,Deutsche eMark,deutsche-emark,deutsche-emark.org,72.png,{}
74,DOGE,Dogecoin,dogecoin,dogecoin.com,74.png,"{""bnb"":""0xba2ae424d960c26247dd6c32edc70b295c744c43"",""osmosis"":""factory/osmo10pk4crey8fpdyqd62rsau0y02e3rk055w5u005ah6ly7k849k5tsf72x40/alloyed/allDOGE"",""dogecoin"":""0xeeeeeeeeeeeeeeeeeeeeeeeeeeeeeeeeeeeeeeee"",""solana"":""DoGEV7LASBkQbibMc5k5vKnTZoMg423GpJ5QtJEGfm7R""}"
77,DMD,Diamond,diamond,bit.diamonds,77.png,{}
78,HBN,HoboNickels,hobonickels,hobonickels.info,78.png,{}
93,42,42-coin,42-coin,42-coin.org,93.png,"{""bnb"":""0x73cf73c2503154de4dc12067546aa9357dadaff2"",""solana"":""42c846hyuCL5vMfqWifNvddUqHSqAFeJX7rDQBEBpKmM""}"
99,VTC,Vertcoin,vertcoin,vertcoin.org,99.png,{}
109,DGB,DigiByte,digibyte,digibyte.org,109.png,{}
118,RDD,ReddCoin,redd,reddcoin.com,118.png,{}
122,POT,PotCoin,potcoin,potcoin.com,122.png,"{""solana"":""PotzPaFGzK3cbu1u3g5HtoZbyTUkyhka8T2aBy8LMEq""}"
128,MAX,Maxcoin,maxcoin,maxcoinproject.org,128.png,{}
131,DASH,Dash,dash,dash.org,131.png,"{""near-protocol"":""dash.omft.near""}"
132,XCP,Counterparty,counterparty,counterparty.io,132.png,"{""counterparty"":""0xeeeeeeeeeeeeeeeeeeeeeeeeeeeeeeeeeeeeeeee""}"
148,AUR,Auroracoin,auroracoin,en.auroracoin.is,148.png,{}
154,MARS,Marscoin,marscoin,marscoin.org,154.png,{}
162,MIM,Magic Internet Money,magic-internet-money,abracadabra.money,162.png,"{""ethereum"":""0x99d8a9c45b2eca8864373a26d1459e3dff1e17f3"",""bnb"":""0xfe19f0b51438fd612f6fd59c1dbb3ea319f433ba"",""fantom"":""0x82f0b8b456c1a451378467398982d4834b6829c1"",""avalanche"":""0x130966628846BFd36ff31a822705796e8cb8C18D"",""arbitrum"":""0xfea7a6a0b346362bf88a9e4a88416b77a57d6c2a"",""solana"":""HRQke5DKdDo3jV7wnomyiM8AA3EzkVnxMDdo2FQ5XUe1"",""terra-luna"":""terra15a9dr3a2a2lj5fclrw35xxg9yuxg0d908wpf2y"",""moonriver"":""0x0cae51e1032e8461f4806e26332c030e34de3adb""}"
164,MAZA,MAZA,mazacoin,mazacoin.org,164.png,{}
170,BLK,BlackCoin,blackcoin,blackcoin.org,170.png,"{""bnb"":""0xd2cDfD5d26dfA1D11116B9ED7DBd7C6B88C6e1D3""}"
213,MONA,MonaCoin,monacoin,monacoin.org,213.png,{}
234,EFL,e-Gulden,e-gulden,e-gulden.org,234.png,{}
258,GRS,Groestlcoin,groestlcoin,groestlcoin.org,258.png,{}
260,XPD,PetroDollar,petrodollar,,260.png,{}
263,PLNC,PLNcoin,plncoin,plncoin.org,263.png,{}
268,XWC,WhiteCoin,whitecoin,whitecoin.info,268.png,{}
276,BITS,Bitstar,bitstar,bitstarcoin.com,276.png,{}
278,QBC,Quebecoin,quebecoin,quebecoin.ca,278.png,{}
290,BLU,BlueCoin,bluecoin,bluecoin.org,290.png,{}
293,XBC,Bitcoin Plus,bitcoin-plus,bitcoinplus.org,293.png,{}
316,DRM,Dreamcoin,dreamcoin,dreamcoin.fi,316.png,{}
328,XMR,Monero,monero,getmonero.org,328.png,{}
360,MOTO,Motocoin,motocoin,motocoin.org,360.png,{}
362,CLOAK,CloakCoin,cloakcoin,cloakcoin.com,362.png,{}
367,C2,Coin2.1,coin2-1,coin2.us,367.png,{}
372,BCN,Bytecoin,bytecoin-bcn,bytecoin.org,372.png,{}
377,NAV,Navio,nav-coin,nav.io,377.png,"{""bnb"":""0xBFEf6cCFC830D3BaCA4F6766a0d4AaA242Ca9F3D""}"
389,START,Startcoin,startcoin,startcoin.org,389.png,{}
405,XDN,DigitalNote,digitalnote,digitalnote.org,405.png,"{""bnb"":""0xbea2576f400b070c7cdf11d1cbb49de0c84e3bcf""}"
460,CLAM,Clams,clams,clamcoin.org,460.png,{}
463,BTS,BitShares,bitshares,bitshares.github.io,463.png,{}
470,VIA,Viacoin,viacoin,viacoin.org,470.png,{}
502,CARBON,Carboncoin,carboncoin,carboncoin.cc,502.png,{}
506,CANN,CannabisCoin,cannabiscoin,cannabiscoin.net,506.png,{}
512,XLM,Stellar,stellar,stellar.org,512.png,{}
541,SYS,Syscoin,syscoin,syscoin.org,541.png,{}
558,EMC,Emercoin,emercoin,emercoin.com,558.png,{}
572,RBBT,RabbitCoin,rabbitcoin,rabbitcoin.co,572.png,{}
597,OPAL,Opal,opal,opal-coin.com,597.png,{}
601,ACOIN,Acoin,acoin,acoin.info,601.png,{}
638,TROLL,Trollcoin,trollcoin,trollcoin.com,638.png,"{""bnb"":""0xd62c265eb7dE3b2E5462442ea0f11DbDA9c9bF4f""}"
644,BSTY,GlobalBoost,globalboost-y,globalboo.st,644.png,{}
656,PXI,Prime-XI,prime-xi,primexi.com,656.png,{}
693,XVG,Verge,verge,vergecurrency.com,693.png,{}
702,SPR,SpreadCoin,spreadcoin,spreadcoin.info,702.png,{}
703,RBT,Rimbit,rimbit,rimbit.com,703.png,{}
707,BLOCK,Blocknet,blocknet,blocknet.org,707.png,{}
720,CRW,Crown,crown,crownplatform.com,720.png,"{""bnb"":""0x4B04Fd7060Ee7e30d5A2b369EE542F9AD8adA571""}"
733,XQN,Quotient,quotient,,733.png,{}
764,XPY,PayCoin,paycoin2,paycoin.com,764.png,{}
788,COVAL,Circuits of Value,circuits-of-value,emblem.finance,788.png,"{""ethereum"":""0x3d658390460295fb963f54dc0899cfb1c30776df"",""polygon-ecosystem-token"":""0x4597c8a59ab28b36840b82b3a674994a279593d0"",""bnb"":""0xd15cee1deafbad6c0b3fd7489677cc102b141464""}"
815,KOBO,Kobocoin,kobocoin,kobocoin.com,815.png,{}
819,BITB,Bean Cash,bean-cash,beancash.org,819.png,{}
825,USDT,Tether USDt,tether,tether.to,825.png,"{""ethereum"":""0xdac17f958d2ee523a2206206994597c13d831ec7"",""bnb"":""0x55d398326f99059ff775485246999027b3197955"",""solana"":""Es9vMFrzaCERmJfrF4H2FYD4KCoNkY11McCe8BenwNYB"",""algorand"":""312769"",""htx-token"":""0xa71edc38d189767582c38a3145b5873052c3e47a"",""gnosis-gno"":""0x4ECaBa5870353805a9F068101A40E0f32ed605C6"",""terra-luna"":""terra1ce06wkrdm4vl6t0hvc0g86rsy27pu8yadg3dva"",""viction"":""0x69B946132B4a6C74cd29Ba3ff614cEEA1eF9fF2B"",""fantom"":""0x049d68029688eabf473097a2fc38ef61633a3c7a"",""kaia"":""0xd077a400968890eacc75cdc901f0356c943e4fdb"",""avalanche"":""0x9702230A8Ea53601f5cD2dc00fDBc13d4dF4A8c7"",""okt"":""0x382bb369d343125bfb2117af9c149795c6c65c50"",""bitcoin-cash"":""0xBc2F884680c95A02cea099dA2F524b366d9028Ba"",""conflux-network"":""0xfe97e85d13abd9c1c33384e796f10b73905637ce"",""optimism-ethereum"":""0x94b008aa00579c1307b0ef2c499ad98a8ce58e58"",""kucoin-token"":""0x0039f574ee5cc39bdd162e9a88e3eb1f111baf48"",""tron"":""TR7NHqjeKQxGTCi8q8ZY4pL8otSzgjLj6t"",""harmony"":""0x3c2b8be99c50593081eaa2a724f0b8285f5aba8f"",""zilliqa"":""zil1sxx29cshups269ahh5qjffyr58mxjv9ft78jqy"",""moonbeam"":""0xefaeee334f0fd1712f9a8cc375f427d9cdd40d73"",""arbitrum"":""0xFd086bC7CD5C481DCC9C85ebE478A1C0b69FCbb9"",""kardiachain"":""0x551a5dcac57c66aa010940c2dcff5da9c53aa53b"",""moonriver"":""0xe936caa7f6d9f5c9e907111fcaf7c351c184cda7"",""tezos"":""KT1XnTn74bUtxHfDtBmm2bGZAQfhPbvKWR8o"",""iotex"":""0x6fbcdc1169b5130c59e72e51ed68a84841c98cd1"",""near-protocol"":""usdt.tether-token.near"",""rsk-smart-bitcoin"":""0xEf213441a85DF4d7acBdAe0Cf78004E1e486BB96"",""telos"":""0x975Ed13fa16857E83e7C493C7741D556eaaD4A3f"",""velas"":""0x01445c31581c354b7338ac35693ab2001b50b9ae"",""cronos"":""0x66e428c3f67a68878562e79A0234c1F83c208770"",""boba-network"":""0x5DE1677344D3Cb0D7D465c10b72A8f60699C062d"",""fusion"":""0x9636d3294e45823ec924c8d89dd1f1dffcf044e6"",""hoo-smart-chain"":""0xD16bAbe52980554520F6Da505dF4d1b124c815a7"",""oasis-network"":""0xdc19a122e268128b5ee20366299fc7b5b199c8e3"",""secret"":""secret18wpjn83dayu4meu6wnn29khfkwdxs7kyrz9c8f"",""aurora-near"":""0x4988a896b1227218e4a686fde5eabdcabd91571f"",""metisdao"":""0xbb06dca3ae6887fabf931640f67cab3e3a16f4dc"",""meter-governance"":""0x5fa41671c48e3c951afc30816947126ccc8c162e"",""fuse-network"":""0xfadbbf8ce7d5b7041be672561bba99f79c532e10"",""syscoin"":""0x922D641a426DcFFaeF11680e5358F34d97d112E1"",""bitrise-token"":""0xE3F5a90F9cb311505cd691a46596599aA1A0AD7D"",""astar"":""0x3795C36e7D12A8c252A20C5a7B455f7c57b60283"",""everscale"":""0:a519f99bb5d6d51ef958ed24d337ad75a1c770885dcd42d51d6663f9fcdacfb2"",""cube-network"":""0x79F1520268A20c879EF44d169A4E3812D223C6de"",""thundercore"":""0x4f3C8E20942461e2c3Bdd8311AC57B0c222f2b82"",""dogecoin"":""0xe3f5a90f9cb311505cd691a46596599aa1a0ad7d"",""canto"":""0xd567b3d7b8fe3c79a1ad8da978812cfc4fa05e75"",""ethereum-pow"":""0x2ad7868ca212135c6119fd7ad1ce51cfc5702892"",""aptos"":""0x357b0b74bc833e95a115ad22604854d6b0fca151cecd94111770e5d6ffc9dc2b"",""sui"":""0x375f70cf2ae4c00bf37117d0c85a2c71545e6ee05c4a5c7d282cd66a4504b068::usdt::USDT"",""core-dao"":""0x900101d06A7426441Ae63e9AB3B9b0F63Be145F1"",""polygon"":""0x1e4a5963abfd975d8c9021ce480b42188849d41d"",""eos"":""0xfa9343c3897324496a05fc75abed6bac29f8a40f"",""pulsechain"":""0x0cb6f5a34ad42ec934882a05265a7d5f59b51a2f"",""mantle"":""0x201eba5cc46d216ce6dc03f6a759e8e766e956ae"",""neon"":""0x5f0155d08ef4aae2b500aefb64a3419da8bb611a"",""starknet-token"":""0x68f5c6a61780768455de69077e07e89787839bf8166decfbf92b645209c0fb8"",""scroll"":""0xf55BEC9cafDbE8730f096Aa55dad6D22d44099Df"",""manta-network"":""0xf417f5a458ec102b90352f697d6e2ac3a3d2851f"",""osmosis"":""ibc/4ABBEF4C8926DDDB320AE5188CFD63267ABBCEFC0583E4AE05D6E5AA2401DDAB"",""injective"":""peggy0xdac17f958d2ee523a2206206994597c13d831ec7"",""xdc-network"":""0xd4b5f10d61916bd6e0860144a91ac658de8a1437"",""gram"":""EQCxE6mUtQJKFnGfaROTKOt1lZbDiiX1kCixRv7Nw2Id_sDs"",""celo"":""0x48065fbBE25f71C9282ddf5e1cD6D6A887483D5e"",""okb"":""0x1e4a5963abfd975d8c9021ce480b42188849d41d"",""sei"":""0xb75d0b03c06a926e488e2659df1a861f860bd3d1"",""zksync"":""0x493257fD37EDB34451f62EDf8D2a0C418852bA4C"",""onus"":""0xff276c6bca1F66Fd54a8915e830735D6ab0C7B09"",""duckchain"":""0xbe138ad5d41fdc392ae0b61b09421987c1966cc3"",""base"":""0xfde4c96c8593536e31f229ea8f37b2ada2699bb2"",""waves"":""B45iYkZVC9cudR2yxrsJnrM75StiTrwphbfQ7xkyisip"",""peaq"":""0xf4d9235269a96aadafc9adae454a0618ebe37949"",""sophon"":""0x6386da73545ae4e2b2e0393688fa8b65bb9a7169"",""venom"":""8a4ed4483500caf2d4bb4b56c84df41009cc3d0ed6a9de05d853e26a30faeced"",""kava"":""0x919C1c267BC06a7039e03fcc2eF738525769109c"",""liquid-network"":""ce091c998b83c78bb71a632313ba3760f1763d9cfcffae02258ffa9865a37bd2"",""wdot"":""1984"",""linea"":""0xa219439258ca9da29e9cc4ce5596924745e12b93"",""flare"":""0x0b38e83b86d491735feaa0a791f65c2b99535396"",""krown-network"":""0x59973ae98d340ca0577ed92502402e82e987ba2e""}"
831,WBB,Wild Beast Block,wild-beast-block,wbbos.com,831.png,{}
857,SONG,SongCoin,songcoin,songcoin.org,857.png,{}
873,XEM,NEM,nem,nem.io,873.png,{}
898,CF,Californium,californium,californium.info,898.png,{}
918,BUB,Bubble,bubble,,918.png,{}
921,UNIT,Universal Currency,universal-currency,u-currency.com,921.png,{}
934,PKB,ParkByte,parkbyte,parkbyte.com,934.png,{}
938,ARB,ARbit,arbit,,938.png,{}
945,BTA,Bata,bata,bata.io,945.png,{}
948,ADC,AudioCoin,audiocoin,audiocoin.eu,948.png,{}
951,SNRG,Synergy,synergy,synergycoin.com,951.png,{}
978,XRA,Ratecoin,ratecoin,stakeminers.com,978.png,{}
986,CREVA,CrevaCoin,crevacoin,crevacoin.com,986.png,{}
993,BSC,BowsCoin,bowscoin,bowscoin.info,993.png,{}
1019,MANNA,Manna,manna,manna.pw,1019.png,"{""ethereum"":""0xf3b92739d5c8C88281D44c91BEb2F4E8E5E5cB7E""}"
1020,AXIOM,Axiom,axiom,axiomcrypto.org,1020.png,{}
1027,ETH,Ethereum,ethereum,ethereum.org,1027.png,"{""bnb"":""0x2170ed0880ac9a755fd29b2688956bd959f933f8"",""htx-token"":""0x64ff637fb478863b7468bc97d30a5bf3a428a1fd"",""avalanche"":""0xf20d962a6c8f70c731bd838a3a388d7d48fa6e15"",""viction"":""0x2eaa73bd0db20c64f53febea7b5f5e5bccc7fb8b"",""sora"":""0x0200070000000000000000000000000000000000000000000000000000000000"",""rsk-smart-bitcoin"":""0x1D931Bf8656d795E50eF6D639562C5bD8Ac2B78f"",""velas"":""0x85219708c49aa701871ad330a94ea0f41dff24ca"",""kaia"":""0x34d21b1e550d73cee41151c77f3c73359527a396"",""near-protocol"":""aurora"",""tezos"":""KT19at7rQUvyjxnZ2fBv7D9zc8rkyG7gAoU8"",""ethereum-pow"":""0x34a9c05b638020a07bb153bf624c8763bf8b4a86"",""starknet-token"":""0x49d36570d4e46f48e99674bd3fcc84644ddd6b96f7c741b1562b82f9e004dc7"",""osmosis"":""ibc/EA1D43981D5C9A1C4AAEA9C23BB1D4FA126BA9BC7020A25E0AE4AA841EA25DC5"",""zksync"":""0x000000000000000000000000000000000000800A"",""arbitrum"":""0xeeeeeeeeeeeeeeeeeeeeeeeeeeeeeeeeeeeeeeee"",""ethereum"":""0xeeeeeeeeeeeeeeeeeeeeeeeeeeeeeeeeeeeeeeee"",""base"":""0xeeeeeeeeeeeeeeeeeeeeeeeeeeeeeeeeeeeeeeee"",""linea"":""0xeeeeeeeeeeeeeeeeeeeeeeeeeeeeeeeeeeeeeeee"",""optimism-ethereum"":""0xeeeeeeeeeeeeeeeeeeeeeeeeeeeeeeeeeeeeeeee"",""blast"":""0xeeeeeeeeeeeeeeeeeeeeeeeeeeeeeeeeeeeeeeee"",""sophon"":""0x72af9f169b619d85a47dfa8fefbcd39de55c567d"",""fuel-network"":""0xf8f8b6283d7fa5b672b530cbb84fcccb4ff8dc40f8176ef4544ddb1f1952ad07"",""scroll"":""0xeeeeeeeeeeeeeeeeeeeeeeeeeeeeeeeeeeeeeeee"",""uniswap"":""0xeeeeeeeeeeeeeeeeeeeeeeeeeeeeeeeeeeeeeeee"",""worldcoin-org"":""0xeeeeeeeeeeeeeeeeeeeeeeeeeeeeeeeeeeeeeeee"",""zklink"":""0xeeeeeeeeeeeeeeeeeeeeeeeeeeeeeeeeeeeeeeee"",""krown-network"":""0x6f9ec4f83ef69b923fa1dc00189e591728df0ac0"",""anubis"":""0xCA326ae4fE47d07e7D20421170DADAcD92eD694C"",""onyxcoin"":""0x9253587505c3B7E7b9DEE118AE1AcB53eEC0E4b6"",""robinhood-placeholder"":""0xeeeeeeeeeeeeeeeeeeeeeeeeeeeeeeeeeeeeeeee""}"
1032,TX,TransferCoin,transfercoin,txproject.io,1032.png,{}
1033,GCC,GuccioneCoin,guccionecoin,guccionecoin.wordpress.com,1033.png,{}
1035,AMS,AmsterdamCoin,amsterdamcoin,amsterdamcoin.com,1035.png,{}
1037,AGRS,Agoras: Tau Net,agoras-tokens,tau.net,1037.png,"{""ethereum"":""0x738865301a9b7dd80dc3666dd48cf034ec42bdda""}"
1038,EUC,Eurocoin,eurocoin,eurocoin-euc.com,1038.png,{}
1042,SC,Siacoin,siacoin,sia.tech,1042.png,{}
1052,VEC2,VectorAI,vector,vector-blockchain.com,1052.png,{}
1066,PAK,Pakcoin,pakcoin,pakcoin.io,1066.png,{}
1082,SIB,SIBCoin,sibcoin,sibcoin.com,1082.png,{}
1085,SWING,Swing,swing,,1085.png,{}
1090,SANDG,Save and Gain,save-and-gain,coinaid.co.uk,1090.png,{}
1104,REP,Augur,augur,augur.net,1104.png,"{""ethereum"":""0x1985365e9f78359a9B6AD760e32412f4a445E862""}"
1120,DFT,DraftCoin,draftcoin,btcdraft.com,1120.png,{}
1135,CLUB,ClubCoin,clubcoin,clubcoin.co,1135.png,{}
1136,ADZ,Adzcoin,adzcoin,adzcoin.org,1136.png,{}
1146,AV,AvatarCoin,avatarcoin,,1146.png,{}
1154,VAL,Validity,validity,validitytech.com,1154.png,{}
1155,LTCR,Litecred,litecred,,1155.png,{}
1159,SLS,SaluS,salus,saluscoin.info,1159.png,{}
1164,FRN,Francs,francs,francs.paris,1164.png,{}
1165,EVIL,Evil Coin,evil-coin,evilcoin.xyz,1165.png,{}
1168,DCR,Decred,decred,decred.org,1168.png,{}
1169,PIVX,PIVX,pivx,pivx.org,1169.png,{}
1175,RBIES,Rubies,rubies,rbies.org,1175.png,{}
1185,FREED,FreedomCoin,freedomcoin-freed,freedomcoin.global,1185.png,{}
1191,MEME,Memetic / PepeCoin,memetic,memetic.ai,1191.png,{}
1194,IMS,Independent Money System,independent-money-system,independentmoneysystem.com,1194.png,{}
1200,NEVA,NevaCoin,nevacoin,nevacoin.net,1200.png,"{""bnb"":""0xe7498f332C35a346b486F3f6a68F05934E92A228""}"
1209,PEX,PosEx,posex,,1209.png,{}
1210,CAB,Cabbage,cabbage,cabbage.tech,1210.png,{}
1212,MOJO,MojoCoin,mojocoin,mojocoin.org,1212.png,{}
1214,LSK,Lisk,lisk,lisk.com,1214.png,"{""ethereum"":""0x6033F7f88332B8db6ad452B7C6D5bB643990aE3f"",""base"":""0xac485391EB2d7D88253a7F1eF18C37f4242D1A24""}"
1216,EDRC,EDRCoin,edrcoin,edrcoin.cash,1216.png,{}
1218,POST,PostCoin,postcoin,postcoin.top,1218.png,{}
1223,BERN,BERNcash,berncash,berncoin.org,1223.png,{}
1230,STEEM,Steem,steem,steem.com,1230.png,{}
1244,XHI,HiCoin,hicoin,xhicoin.io,1244.png,{}
1248,XBTC21,Bitcoin 21,bitcoin-21,,1248.png,{}
1252,2GIVE,2GIVE,2give,2give.info,1252.png,{}
1254,XPTX,PlatinumBAR,platinumbar,platinumbar.io,1254.png,{}
1257,LANA,LanaCoin,lanacoin,lanacoin.com,1257.png,{}
1259,PONZI,PonziCoin,ponzicoin,,1259.png,{}
1274,WAVES,Waves,waves,waves.tech,1274.png,"{""ethereum"":""0x7296eaA225804451a91616b29D040cAB05435f0d"",""bnb"":""0xcbc86b26e0BD751683ecF2581B21f7cE4a224042"",""solana"":""4XEjo9GZkKom3E26NQiidJLawwM9kbt76gUMDdGe1meQ"",""waves"":""WAVES""}"
1281,ION,ION,ion,ionomy.com,1281.png,"{""ethereum"":""0xee59B43149CEAD680aedF8778163ce8CB8c8A6fB"",""polygon-ecosystem-token"":""0x68b741416153bBf5CB4FaEe0aA447f918fE5C322"",""osmosis"":""uion""}"
1282,HVCO,High Voltage,high-voltage,highvoltagecoin.tech,1282.png,{}
1285,GB,GoldBlocks,goldblocks,goldblocks.eu,1285.png,{}
1291,CMT,Comet,comet,cometcoin.com,1291.png,{}
1297,CHESS,ChessCoin,chesscoin,chess-coin.github.io,1297.png,{}
1306,CJ,Cryptojacks,cryptojacks,cryptojacks.com,1306.png,{}
1312,SBD,Steem Dollars,steem-dollars,steem.io,1312.png,{}
1320,ARDR,Ardor,ardor,jelurida.com,1320.png,{}
1321,ETC,Ethereum Classic,ethereum-classic,ethereumclassic.org,1321.png,"{""bnb"":""0x3d6545b08693dae087e957cb1180ee38b9e3c25e"",""ethereum-classic"":""0x1953cab0E5bFa6D4a9BaD6E05fD46C1CC6527a5a""}"
1343,STRAX,Stratis [Old],stratis,stratisplatform.com,1343.png,{}
1351,ACES,Aces,aces,,1351.png,{}
1353,TAJ,TajCoin,tajcoin,tajcoin.tech,1353.png,{}
1368,VLT,Veltor,veltor,,1368.png,{}
1376,NEO,Neo,neo,neo.org,1376.png,{}
1382,NLC,NoLimitCoin,nolimitcoin,nolimitcoin.org,1382.png,"{""bnb"":""0x6519cb1f694ccbcc72417570b364f2d051eefb9d"",""polygon-ecosystem-token"":""0xc157ee77518769b8009642F68A8d6A500ff59d53"",""ethereum"":""0xa74Ee74152DcA467DbaA3915445164496f361744""}"
1389,ZYD,Zayedcoin,zayedcoin,zayedcoin.net,1389.png,{}
1392,PLU,Pluton,pluton,plutus.it,1392.png,"{""ethereum"":""0xd8912c10681d8b21fd3742244f44658dba12264e""}"
1395,DLC,Dollarcoin,dollarcoin,,1395.png,{}
1396,MST,MustangCoin,mustangcoin,mustangcoin.xyz,1396.png,{}
1414,FIRO,Firo,firo,firo.org,1414.png,"{""bnb"":""0xd5d0322b6bab6a762c79f8c81a0b674778e13aed""}"
1437,ZEC,Zcash,zcash,z.cash,1437.png,"{""bnb"":""0x1ba42e5193dfa8b03d15dd1b86a3113bbbef8eeb"",""near-protocol"":""zec.omft.near""}"
1439,ASAFE,AllSafe,allsafe,allsafecoin.org,1439.png,{}
1447,ZCL,ZClassic,zclassic,zclassic.org,1447.png,{}
1455,GLM,Golem,golem-network-tokens,golem.network,1455.png,"{""ethereum"":""0x7DD9c5Cba05E151C895FDe1CF355C9A1D5DA6429"",""polygon-ecosystem-token"":""0x0B220b82F3eA3B7F6d9A1D8ab58930C064A2b5Bf""}"
1468,KURT,Kurrent,kurrent,kurrentproject.com,1468.png,{}
1474,ENT,Eternity,eternity,ent.eternity-group.org,1474.png,{}
1492,GBYTE,Obyte,obyte,obyte.org,1492.png,"{""ethereum"":""0x31F69dE127C8A0fF10819C0955490a4Ae46fcc2a"",""bnb"":""0xeb34De0C4B2955CE0ff1526CDf735c9E6d249D09"",""polygon-ecosystem-token"":""0xAB5F7a0e20b0d056Aed4Aa4528C78da45BE7308b"",""kava"":""0x0b93109d05ef330acd2c75148891cc61d20c3ef1""}"
1495,POSW,PoSW Coin,posw-coin,posw.io,1495.png,{}
1500,WINGS,Wings,wings,wings.ai,1500.png,"{""ethereum"":""0x667088b212ce3d06a1b553a7221E1fD19000d9aF""}"
1503,JUP,Jupiter,jupiter,jup.io,1503.png,"{""ethereum"":""0x4B1E80cAC91e2216EEb63e29B957eB91Ae9C2Be8"",""bnb"":""0x0231f91e02debd20345ae8ab7d71a41f8e140ce7""}"
1505,ALIAS,ALIAS,alias,alias.cash,1505.png,{}
1511,VIDZ,PureVidz,purevidz,purevidz.net,1511.png,{}
1514,ICOB,ICOBID,icobid,icobidplatform.net,1514.png,{}
1515,IBANK,iBank,ibank,,1515.png,{}
1518,MKR,Maker,maker,makerdao.com,1518.png,"{""ethereum"":""0x9f8f72aa9304c8b593d555f12ef6589cc3a579a2"",""bnb"":""0x5f0da599bb2cccfcf6fdfd7d81743b6020864350"",""avalanche"":""0x88128fd4b259552A9A1D457f435a6527AAb72d42""}"
1521,KMD,Komodo,komodo,komodoplatform.com,1521.png,"{""bnb"":""0x2003f7ba57Ea956B05B85C60B4B2Ceea9b111256""}"
1522,FRST,FirstCoin,firstcoin,firstcoinproject.com,1522.png,{}
1528,ICON,Iconic,iconic,iconicproject.com,1528.png,{}
1546,CNT,Centurion,centurion,centurionlab.info,1546.png,"{""ethereum"":""0x23c90dbf4fC282e352B75CC13d095Cc2496D3271"",""aptos"":""0xc051aad4e29ffb57bde2a55dd795ac2ad7cd8142fd59602219558f41e7847275::CNT::Cnt""}"
1552,MLN,Enzyme,enzyme,enzyme.finance,1552.png,"{""ethereum"":""0xec67005c4e498ec7f55e092bd1d35cbc47c91892"",""polygon-ecosystem-token"":""0xa9f37d84c856fda3812ad0519dad44fa0a3fe207""}"
1556,TIME,Chrono.tech,chrono-tech,chrono.tech,1556.png,"{""ethereum"":""0x485d17A6f1B8780392d53D64751824253011A260"",""bnb"":""0x3b198e26E473b8faB2085b37978e36c9DE5D7f68"",""polygon-ecosystem-token"":""0xb970Bc1BD4fCD639c37aa8eFD6713eaDc577252f""}"
1558,ARGUS,Argus (www.argusnetwork.co),argus,argusnetwork.co,1558.png,{}
1562,SWT,Swarm City,swarm-city,swarm.city,1562.png,"{""ethereum"":""0xb9e7f8568e08d5659f5d29c4997173d84cdf2607""}"
1567,XNO,Nano,nano,nano.org,1567.png,{}
1582,NETKO,Netko,netko,netko.tech,1582.png,{}
1586,ARK,Ark,ark,ark.io,1586.png,{}
1619,SKY,Skycoin,skycoin,skycoin.com,1619.png,{}
1623,BLAZR,BlazerCoin,blazercoin,blazercoin.cf,1623.png,{}
1629,ZENI,Zennies,zennies,zeni.zone,1629.png,{}
1630,CXT,Coinonat,coinonat,coinonat.org,1630.png,{}
1632,CONX,Concoin,concoin,concoin.com,1632.png,{}
1637,RLC,iExec RLC,rlc,iex.ec,1637.png,"{""ethereum"":""0x607f4c5bb672230e8672085532f7e901544a7375"",""arbitrum"":""0xe649e6a1F2afc63ca268C2363691ceCAF75CF47C""}"
1638,TRST,WeTrust,trust,wetrust.io,1638.png,"{""ethereum"":""0xcb94be6f13a1182e4a4b6140cb7bf2025d28e41b""}"
1651,SCS,SpeedCash,speedcash,getspeedcash.org,1651.png,"{""ethereum"":""0x81995ff7AEe5c780192b47e0B42a7a86692d1415"",""waves"":""5R4ZGfZv2oiY8DmswFohnpg214NLU5ijzTK84J6fpVHE""}"
1654,BTX,BitCore,bitcore,bitcore.cc,1654.png,"{""bnb"":""0x000000089fb24237dA101020Ff8e2AfD14624687""}"
1657,VOLT,Bitvolt,bitvolt,bitvolt.co,1657.png,"{""bnb"":""0x9825a3DB53E8C21265cabbb73749d71E4Bd7b68B""}"
1658,LUN,Lunyr,lunyr,lunyr.com,1658.png,"{""ethereum"":""0xfa05A73FfE78ef8f1a739473e462c54bae6567D9""}"
1659,GNO,Gnosis,gnosis-gno,gnosis.io,1659.png,"{""ethereum"":""0x6810e776880c02933d47db1b9fc05908e5386b96"",""gnosis-gno"":""0x9c58bacc331c9aa871afd802db6379a98e80cedb"",""arbitrum"":""0xa0b862f60edef4452f25b4160f177db44deb6cf1""}"
1660,TKN,Monolith,monolith,monolith.xyz,1660.png,"{""ethereum"":""0xaaaf91d9b90df800df4f55c205fd6989c977e73a""}"
1669,HMQ,Humaniq,humaniq,humaniq.com,1669.png,"{""ethereum"":""0xcbcc0f036ed4788f63fc0fee32873d6a7487b908""}"
1680,ANT,Aragon,aragon,aragon.org,1680.png,"{""ethereum"":""0xa117000000f279d81a1d3cc75430faa017fa5a2e""}"
1681,PZM,PRIZM,prizm,pzm.space,1681.png,{}
1684,QTUM,Qtum,qtum,qtum.org,1684.png,{}
1693,MAY,Theresa May Coin,theresa-may-coin,theresamaycoin.com,1693.png,{}
1697,BAT,Basic Attention Token,basic-attention-token,basicattentiontoken.org,1697.png,"{""ethereum"":""0x0d8775f648430679a709e98d2b0cb6250d2887ef"",""bnb"":""0x101d82428437127bf1608f699cd651e6abf9766e"",""solana"":""EPeUFDgHRxs9xxEPVaL6kfGQvCon7jmAWKVUHuux1Tpz"",""gnosis-gno"":""0xC6cC63f4AA25BBD4453eB5F3a0DfE546feF9b2f3"",""avalanche"":""0x98443B96EA4b0858FDF3219Cd13e98C7A4690588"",""near-protocol"":""0d8775f648430679a709e98d2b0cb6250d2887ef.factory.bridge.near""}"
1698,ZEN,Horizen,horizen,horizen.io,1698.png,"{""base"":""0xf43eb8de897fbc7f2502483b2bef7bb9ea179229""}"
1700,AE,Æternity,aeternity,aeternity.com,1700.png,{}
1710,VERI,Veritaseum,veritaseum,veritas.veritaseum.com,1710.png,"{""ethereum"":""0x8f3470A7388c05eE4e7AF3d01D8C722b0FF52374""}"
1712,QRL,Quantum Resistant Ledger,quantum-resistant-ledger,theqrl.org,1712.png,{}
1720,IOTA,IOTA,iota,iota.org,1720.png,"{""iota"":""0xeeeeeeeeeeeeeeeeeeeeeeeeeeeeeeeeeeeeeeee""}"
1721,MYST,Mysterium,mysterium,mysterium.network,1721.png,"{""ethereum"":""0x4Cf89ca06ad997bC732Dc876ed2A7F26a9E7f361"",""bnb"":""0x2ff0b946a6782190c4fe5d4971cfe79f0b6e4df2"",""polygon-ecosystem-token"":""0x1379E8886A944d2D9d440b3d88DF536Aea08d9F3""}"
1722,MORE,More Coin,more-coin,morebrand.co,1722.png,"{""ethereum"":""0x305DE070488C8469dFAC957226c9c900c4BFbA22""}"
1727,BNT,Bancor,bancor,carbondefi.xyz,1727.png,"{""ethereum"":""0x1f573d6fb3f13d689ff844b4ce37794d79a7ff1c"",""solana"":""EDVVEYW4fPJ6vKw5LZXRGUSPzxoHrv6eWvTqhCr8oShs"",""gnosis-gno"":""0x9a495a281D959192343B0e007284bf130bd05F86""}"
1732,NMR,Numeraire,numeraire,numer.ai,1732.png,"{""ethereum"":""0x1776e1F26f98b1A5dF9cD347953a26dd3Cb46671""}"
1736,UNIFY,Unify,unify,unify.cyou,1736.png,{}
1747,ONX,Onix,onix,onixcoin.com,1747.png,{}
1757,FUN,FUNToken,funtoken,funtoken.io,1757.png,"{""ethereum"":""0x419d0d8bdd9af5e606ae2232ed285aff190e711b""}"
1759,SNT,Status,status,status.im,1759.png,"{""ethereum"":""0x744d70fdbe2ba4cf95131626614a1763df805b9e""}"
1762,ERG,Ergo,ergo,ergoplatform.org,1762.png,{}
1765,EOS,EOS,eos,eosnetwork.com,1765.png,"{""bnb"":""0x56b6fb708fc5732dec1afc8d8556423a2edccbd6"",""htx-token"":""0xae3a94a6dc7fce46b40d63bbf355a3ab2aa2a588"",""eos"":""0xeeeeeeeeeeeeeeeeeeeeeeeeeeeeeeeeeeeeeeee""}"
1768,ADX,heyAura,adx-net,heyaura.com,1768.png,"{""ethereum"":""0xade00c28244d5ce17d72e40330b1c318cd12b7c3"",""bnb"":""0x6bff4fb161347ad7de4a625ae5aa3a1ca7077819"",""robinhood-placeholder"":""0xf82119ebd01eb6ab67105c9536a713d61a25cf9f""}"
1772,STORJ,Storj,storj,storj.io,1772.png,"{""ethereum"":""0xb64ef51c888972c908cfacf59b47c1afbc0ab8ac""}"
1774,SOCC,SocialCoin,socialcoin-socc,socc.network,1774.png,{}
1779,WGR,Wagerr,wagerr,wagerr.com,1779.png,"{""bnb"":""WGR-D3D"",""ethereum"":""0xc237868a9c5729bdf3173dddacaa336a0a5bb6e0""}"
1784,PLBT,Polybius,polybius,polybius.io,1784.png,"{""ethereum"":""0x0affa06e7fbe5bc9a764c979aa66e8256a631f02""}"
1785,GAS,Gas,gas,neo.org,1785.png,"{""neo"":""0xdE41591ED1f8ED1484aC2CD8ca0876428de60EfF""}"
1786,SNC,SunContract,suncontract,suncontract.org,1786.png,"{""ethereum"":""0xF4134146AF2d511Dd5EA8cDB1C4AC88C57D60404""}"
1788,MTL,Metal DAO,metal,metall2.com,1788.png,"{""metal"":""0xBCFc435d8F276585f6431Fc1b9EE9A850B5C00A9""}"
1789,PPT,Populous,populous,populous.world,1789.png,"{""ethereum"":""0xd4fa1460f537bb9085d22c7bccb5dd450ef28e3a""}"
1807,SAN,Santiment Network Token,santiment,santiment.net,1807.png,"{""ethereum"":""0x7c5a0ce9267ed19b22f8cae653f198e3e8daf098""}"
1808,OMG,OMG Network,omg,omg.network,1808.png,"{""ethereum"":""0xd26114cd6ee289accf82350c8d8487fedb8a0c07""}"
1814,MRX,Metrix Coin,metrix-coin,metrixcoin.com,1814.png,"{""ethereum"":""0xd38b1159c8aee064af2d869afa1c2c1632da8b97"",""bnb"":""0x767b28a30e3a15dcece7bff7a020adfde9d19cf8""}"
1816,CVC,Civic,civic,civic.com,1816.png,"{""ethereum"":""0x41e5560054824ea6b0732e656e3ad64e20e94e45""}"
1817,VGX,VGX Token,vgx-token,vgxfoundation.com,1817.png,"{""ethereum"":""0x3C4B6E6e1eA3D4863700D7F76b36B7f3D3f13E3d""}"
1826,PART,Particl,particl,particl.io,1826.png,{}
1828,SMART,SmartCash,smartcash,smartcash.cc,1828.png,{}
1831,BCH,Bitcoin Cash,bitcoin-cash,bch.info,1831.png,"{""bnb"":""0x8fF795a6F4D97E7887C79beA79aba5cc76444aDf"",""htx-token"":""0xef3cebd77e0c52cb6f60875d9306397b5caca375""}"
1834,PLR,Pillar,pillar,pillar.fi,1834.png,"{""ethereum"":""0xe3818504c1b32bf1557b16c238b2e01fd3149c17""}"
1839,BNB,BNB,bnb,bnbchain.org,1839.png,"{""ethereum"":""0xb8c77482e45f1f44de1745f52c74426c631bdd52"",""bnb"":""0xeeeeeeeeeeeeeeeeeeeeeeeeeeeeeeeeeeeeeeee""}"
1846,GSR,GeyserCoin,geysercoin,geysercoin.com,1846.png,{}
1856,DNT,district0x,district0x,district0x.io,1856.png,"{""ethereum"":""0x0abdace70d3790235af448c88547603b945604ea""}"
1878,SHDW,Shadow Token,shadow-token,shadowera.com,1878.png,{}
1881,ONION,DeepOnion,deeponion,deeponion.org,1881.png,{}
1883,ADS,Adshares,adshares,adshares.net,1883.png,"{""ethereum"":""0xcfcecfe2bd2fed07a9145222e8a7ad9cf1ccd22a"",""bnb"":""0xcfcecfe2bd2fed07a9145222e8a7ad9cf1ccd22a"",""polygon-ecosystem-token"":""0x598e49f01befeb1753737934a5b11fea9119c796"",""base"":""0xb20a4bd059f5914a2f8b9c18881c637f79efb7df""}"
1886,DENT,Dent,dent,dentwireless.com,1886.png,"{""ethereum"":""0x3597bfd533a99c9aa083587b074434e61eb0a258""}"
1888,IFT,InvestFeed,investfeed,investfeed.com,1888.png,"{""ethereum"":""0x7654915a1b82d6d2d0afc37c52af556ea8983c7e""}"
1894,TCC,The ChampCoin,the-champcoin,tccworld.org,1894.png,"{""bnb"":""0x1831257D6FEF2b83354a75b19B8aAf8f6514D3DA""}"
1896,ZRX,0x Protocol,0x,0xprotocol.org,1896.png,"{""ethereum"":""0xe41d2489571d322189246dafa5ebde1f4699f498""}"
1902,MYB,MyBit,mybit,mybit.io,1902.png,"{""ethereum"":""0x5d60d8d7ef6d37e16ebabc324de3be57f135e0bc""}"
1908,NAS,Nebulas,nebulas-token,nebulas.io,1908.png,{}
1918,ACT,Achain,achain,achain.com,1918.png,{}
1934,LRC,Loopring,loopring,loopring.org,1934.png,"{""ethereum"":""0xbbbbca6a901c926f240b89eacb641d8aec7aeafd"",""solana"":""HCTVFTzHL21a1dPzKxAUeWwqbE8QMUyvgChFDL4XYoi1""}"
1948,AVT,Aventus,aventus,aventus.io,1948.png,"{""ethereum"":""0x0d88ed6e74bbfd96b831231638b66c05571e824f""}"
1949,DLT,Agrello,agrello-delta,agrello.id,1949.png,"{""ethereum"":""0x07e3c70653548B04f0A75970C1F81B4CBbFB606f""}"
1958,TRX,TRON,tron,trondao.org,1958.png,"{""ethereum"":""0x50327c6c5a14dcade707abad2e27eb517df87ab5"",""bnb"":""0xCE7de646e7208a4Ef112cb6ed5038FA6cC6b12e3"",""tron"":""0""}"
1962,BUZZ,BUZZCoin,buzzcoin,buzzcoin.info,1962.png,{}
1966,MANA,Decentraland,decentraland,decentraland.org,1966.png,"{""ethereum"":""0x0f5d2fb29fb7d3cfee444a200298f468908cc942"",""gnosis-gno"":""0x7838796B6802B18D7Ef58fc8B757705D6c9d12b3"",""solana"":""7dgHoN8wBZCc5wbnQ2C47TDnBMAxG4Q5L3KjP67z8kNi"",""fusion"":""0x61be5df5459573a7c25673e74281cef4cef81e7d""}"
1967,IND,Indorse Token,indorse-token,indorse.io,1967.png,"{""ethereum"":""0xf8e386eda857484f5a12e4b5daa9984e06e73705""}"
1970,ATB,ATBCoin,atbcoin,atbcoin.com,1970.png,{}
1974,PRO,Propy,propy,propy.com,1974.png,"{""ethereum"":""0x226bb599a12c826476e3a771454697ea52e9e220"",""base"":""0x18dD5B087bCA9920562aFf7A0199b96B9230438b""}"
1975,LINK,Chainlink,chainlink,chain.link,1975.png,"{""ethereum"":""0x514910771af9ca656af840dff83e8264ecf986ca"",""bnb"":""0xf8a0bf9cf54bb92f17374d9e9a321e6a111a51bd"",""solana"":""LinkhB3afbBKb2EQQu7s7umdZceV3wcvAUJhQAfQ23L"",""gnosis-gno"":""0xE2e73A1c69ecF83F464EFCE6A5be353a37cA09b2"",""polygon-ecosystem-token"":""0x53e0bca35ec356bd5dddfebbd1fc0fd03fabad39"",""avalanche"":""0x5947bb275c521040051d82396192181b413227a3"",""celo"":""0xd07294e6E917e07dfDcee882dd1e2565085C2ae0"",""optimism-ethereum"":""0x350a791bfc2c21f9ed5d10980dad2e2638ffa7f6"",""arbitrum"":""0xf97f4df75117a78c1A5a0DBb814Af92458539FB4"",""cronos"":""0x8c80A01F461f297Df7F9DA3A4f740D7297C8Ac85"",""astar"":""0x31efb841d5e0b4082f7e1267dab8de1b853f2a9d"",""wemix"":""0x80f1FcdC96B55e459BF52b998aBBE2c364935d69"",""xdc-network"":""0xE27dd9BF01B55ce6803c0d81386A04212c718b95"",""core-dao"":""0x3902228D6A3d2Dc44731fD9d45FeE6a61c722D0b"",""linea"":""0xa18152629128738a5c081eb226335FEd4B9C95e9"",""base"":""0x88Fb150BDc53A65fe94Dea0c9BA0a6dAf8C6e196"",""blast"":""0x93202eC683288a9EA75BB829c6baCFb2BfeA9013"",""merlin-chain"":""0x71052BAe71C25C78E37fD12E5ff1101A71d9018F"",""okb"":""0x8aF9711B44695a5A081F25AB9903DDB73aCf8FA9"",""mode"":""0x183E3691EfF3524B2315D3703D94F922CbE51F54"",""metal"":""0x587d19DDF735D6B536aAdB1a2A92938eB23B8d5C"",""worldcoin-org"":""0x915b648e994d5f31059B38223b9fbe98ae185473"",""apecoin-ape"":""0xf575731b78981B86d34321d875A3D25a48479be6"",""berachain"":""0x71052BAe71C25C78E37fD12E5ff1101A71d9018F"",""frax-share"":""0xd6A6ba37fAaC229B9665E86739ca501401f5a940"",""magic-token"":""0xC74eAEf00bE07C6C8A28feAa54e50942efEDF02A"",""uniswap"":""0xEF66491eab4bbB582c57b14778afd8dFb70D8A1A"",""hyperliquid"":""0x1AC2EE68b8d038C982C1E1f73F596927dd70De59"",""monad"":""0x76f257B1DDA5cC71bee4eF637Fbdde4C801310A9"",""tezos"":""0x8ce7618E8f8E514d13889283F58FF03B794e6CC3"",""use-corn"":""0x7311DED199CC28D80E58e81e8589aa160199FCD2"",""hashkey-platform-token"":""0x71052BAe71C25C78E37fD12E5ff1101A71d9018F"",""plasma-xpl"":""0x76a443768A5e3B8d1AED0105FC250877841Deb40"",""ink-token"":""0x71052BAe71C25C78E37fD12E5ff1101A71d9018F"",""plume"":""0xb549B375dA0c76f8b3877B9aDfDD28378f087A64"",""katana-network"":""0xc2C447b04e0ED3476DdbDae8E9E39bE7159d27b6"",""bob-build-on-bitcoin"":""0x5aB885CDa7216b163fb6F813DEC1E1532516c833"",""bitlayer"":""0x56B275c0Ec034a229a1deD8DB17089544bc276D9"",""bitget-token-new"":""0x76a443768A5e3B8d1AED0105FC250877841Deb40"",""robinhood-placeholder"":""0x492641f648a4986844848e0befe66d14817bce34"",""arc-token"":""0x76a443768a5e3b8d1aed0105fc250877841deb40"",""pharos"":""0x51e2A24742Db77604B881d6781Ee16B5b8fcBE29"",""hemi"":""0x63dbE12A6381D64adE47bc3D92aBF4393DFF4BC8"",""newton"":""0x76a443768A5e3B8d1AED0105FC250877841Deb40"",""lisk"":""0x71052BAe71C25C78E37fD12E5ff1101A71d9018F"",""zircuit"":""0x5D6d033B4FbD2190D99D930719fAbAcB64d2439a""}"
1984,SUB,Substratum,substratum,substratum.net,1984.png,"{""ethereum"":""0x8D75959f1E61EC2571aa72798237101F084DE63a""}"
1991,RVT,Rivetz,rivetz,rivetz.com,1991.png,"{""ethereum"":""0x3d1ba9be9f66b8ee101911bc36d3fb562eac2244""}"
1993,KIN,Kin,kin,,1993.png,"{""solana"":""kinXdEcpDQeHPEuQnqmUgtYykqKGVFq6CeVX5iAHJq6""}"
1996,SALT,SALT,salt,saltlending.com,1996.png,"{""ethereum"":""0x4156D3342D5c385a87D264F90653733592000581""}"
2001,COLX,ColossusXT,colossusxt,colossusxt.io,2001.png,"{""bnb"":""0xF8aCF86194443DCde55fc5B9e448e183c290D8Cb"",""ethereum"":""0x95bf7e307bc1ab0ba38ae10fc27084bc36fcd605""}"
2010,ADA,Cardano,cardano,cardano.org,2010.png,"{""bnb"":""0x3ee2200efb3400fabb9aacf31297cbdd1d435d47""}"
2011,XTZ,Tezos,tezos,tezos.com,2011.png,"{""tezos"":""Tez""}"
2022,INXT,Internxt,internxt,internxt.com,2022.png,"{""ethereum"":""0x4a8f5f96d5436e43112c2fbc6a9f70da9e4e16d4""}"
2041,BTCZ,BitcoinZ,bitcoinz,getbtcz.com,2041.png,"{""bnb"":""0xcBBB3e5099F769F6d4E2b8b92DC0e268f7E099D8""}"
2047,ZSC,Zeusshield,zeusshield,zsc.io,2047.png,"{""ethereum"":""0x7A41e0517a5ecA4FdbC7FbebA4D4c47B9fF6DC63""}"
2058,AST,AirSwap,airswap,airswap.io,2058.png,"{""ethereum"":""0x27054b13b1b798b345b591a4d22e6562d47ea75a"",""gnosis-gno"":""0x743a991365ba94BFC90Ad0002CAD433c7a33cb4a""}"
2062,AION,Aion,aion,theoan.com,2062.png,{}
2070,DRT,DomRaider,domraider,token.domraider.com,2070.png,"{""ethereum"":""0x9af4f26941677c706cfecf6d3379ff01bb85d5ab""}"
2071,REQ,Request,request,request.network,2071.png,"{""ethereum"":""0x8f8221afbb33998d8584a2b05749ba73c37a938a"",""polygon-ecosystem-token"":""0xb25e20de2f2ebb4cffd4d16a55c7b395e8a94762""}"
2076,BLUE,Blue Protocol,ethereum-blue,blueprotocol.com,2076.png,"{""ethereum"":""0x539efe69bcdd21a83efd9122571a64cc25e0282b""}"
2081,AMB,Ascendia (ex AirDAO),airdao,ascendia.network,2081.png,"{""ethereum"":""0xf4fb9bf10e489ea3edb03e094939341399587b0c"",""solana"":""AMB4mArTRxZG7jCLqhxWziDeZGxzT59WPrQWvgpZPe8d""}"
2083,BTG,Bitcoin Gold,bitcoin-gold,btgofficial.org,2083.png,{}
2087,KCS,KuCoin Token,kucoin-token,kucoin.com,2087.png,"{""ethereum"":""0xf34960d9d60be18cc1d5afc1a6f012a723a28811"",""kucoin-token"":""0xeeeeeeeeeeeeeeeeeeeeeeeeeeeeeeeeeeeeeeee""}"
2092,NULS,NULS,nuls,nuls.io,2092.png,"{""ethereum"":""0xa2791bdf2d5055cda4d46ec17f9f429568275047"",""bnb"":""0x8cd6e29d3686d24d3c2018cee54621ea0f89313b""}"
2096,RCN,RCN Finance,ripio-credit-network,rcn.finance,2096.png,"{""ethereum"":""0xf970b8e36e23f7fc3fd752eea86f8be8d83375a6""}"
2099,ICX,ICON,icon,icon.community,2099.png,{}
2104,IETH,iEthereum,iethereum,iethereum.trade,2104.png,"{""ethereum"":""0x859a9c0b44cb7066d956a958b0b82e54c9e44b4b""}"
2130,ENJ,Enjin Coin,enjin-coin,enjin.io,2130.png,{}
2132,POWR,Powerledger,power-ledger,powerledger.io,2132.png,"{""ethereum"":""0x595832f8fc6bf59c85c527fec3740a1b7a361269""}"
2136,ATL,ATLANT,atlant,atlant.io,2136.png,"{""ethereum"":""0x78b7fada55a64dd895d8c8c35779dd8b67fa8a05""}"
2137,ETN,Electroneum,electroneum,electroneum.com,2137.png,{}
2143,DATA,Streamr,streamr,streamr.network,2143.png,"{""ethereum"":""0x8f693ca8d21b157107184d29d398a8d082b38b76"",""bnb"":""0x0864c156b3C5F69824564dEC60c629aE6401bf2a"",""polygon-ecosystem-token"":""0x3a9A81d576d83FF21f26f325066054540720fC34""}"
2158,PHR,Phore,phore,phore.io,2158.png,{}
2161,RDN,Raiden Network Token,raiden-network-token,raiden.network,2161.png,"{""ethereum"":""0x255aa6df07540cb5d3d297f0d0d4d84cb52bc8e6""}"
2178,UFR,Upfiring,upfiring,upfiring.com,2178.png,"{""ethereum"":""0xea097a2b1db00627b2fa17460ad260c016016977""}"
2184,PRIX,Privatix,privatix,privatix.io,2184.png,"{""ethereum"":""0x3adfc4999f77d04c8341bac5f3a76f58dff5b37a""}"
2222,BCD,Bitcoin Diamond,bitcoin-diamond,bitcoindiamond.org,2222.png,{}
2223,VEE,BLOCKv,blockv,blockv.io,2223.png,"{""ethereum"":""0x340d2bde5eb28c1eed91b2f790723e3b160613b7"",""polygon-ecosystem-token"":""0xf1c1a3c2481a3a8a3f173a9ab5ade275292a6fa3"",""base"":""0xeFc2689D3E79252fBA37E889a1b5aD92cEDC6e4F""}"
2231,FLIXX,Flixxo,flixxo,flixxo.com,2231.png,"{""ethereum"":""0xf04a8ac553fcedb5ba99a64799155826c136b0be""}"
2243,DRGN,Dragonchain,dragonchain,dragonchain.com,2243.png,"{""ethereum"":""0x419c4db4b9e25d6db2ad9691ccb832c8d9fda05e""}"
2245,PRE,Presearch,presearch,presearch.com,2245.png,"{""ethereum"":""0xEC213F83defB583af3A000B1c0ada660b1902A0F"",""base"":""0x3816dd4bd44c8830c2fa020a5605bac72fa3de7a""}"
2273,UQC,Uquid Coin,uquid-coin,uquidcoin.com,2273.png,"{""ethereum"":""0x8806926ab68eb5a7b909dcaf6fdbe5d93271d6e2""}"
2280,FIL,Filecoin,filecoin,filecoin.io,2280.png,"{""bnb"":""0x0d8ce2a99bb6e3b7db580ed848240e4a0f9ae153"",""htx-token"":""0xae3a768f9ab104c69a7cd6041fe16ffa235d1810"",""hoo-smart-chain"":""0x0bf85d3b0c9ebcc282fde0591882d12e57e700b3""}"
2282,SBTC,Super Bitcoin,super-bitcoin,superbtc.org,2282.png,{}
2288,WRC,Worldcore,worldcore,worldcore.eu,2288.png,"{""ethereum"":""0x72adadb447784dd7ab1f472467750fc485e4cb2d""}"
2289,GFT,Gifto,gifto,gifto.io,2289.png,"{""bnb"":""0x72fF5742319eF07061836F5C924aC6D72c919080""}"
2293,UBTC,United Bitcoin,united-bitcoin,ub.com,2293.png,{}
2297,STMX,StormX,stormx,stormx.io,2297.png,"{""ethereum"":""0xa62cc35625b0c8dc1faea39d33625bb4c15bd71c""}"
2299,ELF,aelf,aelf,aelf.com,2299.png,"{""ethereum"":""0xbf2179859fc6D5BEE9Bf9158632Dc51678a4100e"",""bnb"":""0xa3f020a5c92e15be13caf0ee5c95cf79585eecc9""}"
2300,WAXP,WAX,wax,wax.io,2300.png,"{""ethereum"":""0x2a79324c19ef2b89ea98b23bc669b7e7c9f8a517""}"
2303,MED,MediBloc,medibloc,medibloc.com,2303.png,"{""cosmos"":""IBC/3BCCC93AD5DF58D11A6F8A05FA8BC801CBA0BA61A981F57E91B8B598BF8061CB""}"
2313,SRN,SIRIN LABS Token,sirin-labs-token,sirinlabs.com,2313.png,"{""ethereum"":""0x68d57c9a1c35f63e2c83ee8e49a64e9d70528d25""}"
2316,DBC,DeepBrain Chain,deepbrain-chain,deepbrainchain.org,2316.png,{}
2318,NEU,Neumark,neumark,neufund.org,2318.png,"{""ethereum"":""0xa823e6722006afe99e91c30ff5295052fe6b8e32""}"
2320,UTK,Utrust,utrust,xmoney.com,2320.png,"{""ethereum"":""0xdc9Ac3C20D1ed0B540dF9b1feDC10039Df13F99c"",""multiversx-egld"":""UTK-2f80e9""}"
2324,ONE,BigONE Token,bigone-token,big.one,2324.png,"{""ethereum"":""0x946551dd05c5abd7cc808927480225ce36d8c475"",""htx-token"":""0x04baf95fd4c52fd09a56d840baee0ab8d7357bf0"",""bnb"":""0x04baf95fd4c52fd09a56d840baee0ab8d7357bf0""}"
2329,HPY,Hyper Pay,hyper-pay,hyperpay.tech,2329.png,{}
2341,SWFTC,SwftCoin,swftcoin,swft.pro,2341.png,"{""ethereum"":""0x0bb217E40F8a5Cb79Adf04E1aAb60E5abd0dfC1e"",""bnb"":""0xe64e30276c2f826febd3784958d6da7b55dfbad3""}"
2348,MDT,Measurable Data Token,measurable-data-token,mdt.io,2348.png,"{""ethereum"":""0x814e0908b12a99fecf5bc101bb5d0b8b5cdf7d26"",""bnb"":""0x668db7aa38eac6b40c9d13dbe61361dc4c4611d1"",""solana"":""8Wqbst4qAN2FqBCCh5gdXq2WJ7vTNWEY4oNLrpUg7Tya"",""optimism-ethereum"":""0x5f8d72676e37197b5011afc64d8641af2fe41fdb"",""tron"":""TVoKC3ZhU7rcisPRFgunNwHVmSqfmiTB9m"",""base"":""0x327e0869845d77fa6de70ed05613ac5724ef694f""}"
2349,XIN,Mixin,mixin,mixin.one,2349.png,"{""ethereum"":""0xa974c709cfb4566686553a20790685a47aceaa33"",""solana"":""4s4H5v4TXpmS4Ss66nxcCLgxrU5nunuwtkQceinZfGuw""}"
2359,POLIS,Polis,polis,polispay.org,2359.png,"{""bnb"":""0xb5bEa8a26D587CF665f2d78f077CcA3C7f6341BD""}"
2363,ZAP,Zap,zap,zap.org,2363.png,"{""ethereum"":""0x6781a0f84c7e9e846dcb84a9a5bd49333067b104"",""bnb"":""0xc5326b32e8baef125acd68f8bc646fd646104f1c"",""solana"":""HxPoEHMt1vKeqjKCePcqTj6yYgn6Xqq1fKTY3Pjx4YrX""}"
2367,AIX,Aigang,aigang,aigang.network,2367.png,"{""ethereum"":""0x1063ce524265d5a3a624f4914acd573dd89ce988""}"
2370,GOD,Bitcoin God,bitcoin-god,bitcoingod.org,2370.png,{}
2387,BCA,Bitcoin Atom,bitcoin-atom,bitcoinatom.io,2387.png,{}
2394,TEL,Telcoin,telcoin,telco.in,2394.png,"{""ethereum"":""0x7e13b43065380acdec1c2d138c579cbbbafa0731"",""polygon-ecosystem-token"":""0x7e13b43065380acdec1c2d138c579cbbbafa0731"",""base"":""0x7e13b43065380acdec1c2d138c579cbbbafa0731""}"
2396,WETH,WETH,weth,weth.io,2396.png,"{""ethereum"":""0xc02aaa39b223fe8d0a0e5c4f27ead9083c756cc2"",""fantom"":""0x74b23882a30290451A17c44f4F05243b6b58C76d"",""gnosis-gno"":""0x6a023ccd1ff6f2045c3309768ead9e68f978f6e1"",""polygon-ecosystem-token"":""0x7ceb23fd6bc0add59e62ac25578270cff1b9f619"",""arbitrum"":""0x82af49447d8a07e3bd95bd0d56f35241523fbab1"",""avalanche"":""0x49D5c2BdFfac6CE2BFdB6640F4F80f226bc10bAB"",""zilliqa"":""zil19j33tapjje2xzng7svslnsjjjgge930jx0w09v"",""cronos"":""0xe44Fd7fCb2b1581822D0c862B68222998a0c299a"",""harmony"":""0x6983d1e6def3690c4d616b13597a09e6193ea013"",""boba-network"":""0xdeaddeaddeaddeaddeaddeaddeaddeaddead0000"",""solana"":""7vfCXTUXx5WJV5JADk17DUJ4ksgau7utNKj4b963voxs"",""bnb"":""0x4DB5a66E937A9F4473fA95b1cAF1d1E1D62E29EA"",""terra-luna"":""terra14tl83xcwqjy0ken9peu4pjjuu755lrry2uy25r"",""ronin"":""0xc99a6a985ed2cac1ef41640596c5a5f9f4e19ef5"",""celo"":""0x122013fd7dF1C6F636a5bb8f03108E876548b455"",""moonbeam"":""0xfa9343c3897324496a05fc75abed6bac29f8a40f"",""aurora-near"":""0xc9bdeed33cd01541e1eed10f90519d2c06fe3feb"",""telos"":""0xA0fB8cd450c8Fd3a11901876cD5f17eB47C6bc50"",""metisdao"":""0x420000000000000000000000000000000000000a"",""hoo-smart-chain"":""0xA1588dC914e236bB5AE4208Ce3081246f7A00193"",""oasis-network"":""0x3223f17957Ba502cbe71401D55A0DB26E5F7c68F"",""fuse-network"":""0xa722c13135930332eb3d749b2f0906559d2c5b99"",""kucoin-token"":""0xf55aF137A98607F7ED2eFEfA4cd2DfE70E4253b1"",""elastos"":""0x802c3e839E4fDb10aF583E3E759239ec7703501e"",""iotex"":""0x0258866edaf84d6081df17660357ab20a07d0c80"",""kardiachain"":""0x1540020a94aa8bc189aa97639da213a4ca49d9a7"",""meter-governance"":""0x79a61d3a28f8c8537a3df63092927cfa1150fb3c"",""near-protocol"":""c02aaa39b223fe8d0a0e5c4f27ead9083c756cc2.factory.bridge.near"",""optimism-ethereum"":""0x4200000000000000000000000000000000000006"",""everscale"":""0:59b6b64ac6798aacf385ae9910008a525a84fc6dcf9f942ae81f8e8485fe160d"",""conflux-network"":""0xa47f43de2f9623acb395ca4905746496d2014d57"",""waves"":""AEvGpbS2BkKMtvpQAe2fdKVKg3yampiMvrNVLPXy25ML"",""moonriver"":""0x576fDe3f61B7c97e381c94e7A03DBc2e08Af1111"",""canto"":""0x5FD55A1B9FC24967C4dB09C513C3BA0DFa7FF687"",""ethereum-pow"":""0xc02aaa39b223fe8d0a0e5c4f27ead9083c756cc2"",""aptos"":""0xf22bede237a07e121b56d91a491eb7bcdfd1f5907926a9e58338f964a01b17fa::asset::WETH"",""zksync"":""0x5aea5775959fbc2557cc8789bc1bf90a239d9a91"",""polygon"":""0x4f9a0e7fd2bf6067db6994cf12e4495df938e6e9"",""wemix"":""0x765277EebeCA2e31912C9946eAe1021199B39C61"",""base"":""0x4200000000000000000000000000000000000006"",""linea"":""0xe5d7c2a44ffddf6b295a15c148167daaaf5cf34f"",""scroll"":""0x5300000000000000000000000000000000000004"",""mantle"":""0xdeaddeaddeaddeaddeaddeaddeaddeaddead1111"",""blast"":""0x4300000000000000000000000000000000000004"",""mode"":""0x4200000000000000000000000000000000000006"",""okb"":""0x5a77f1443d16ee5761d310e38b62f77f726bc71c"",""taiko"":""0xa51894664a773981c6c112c43ce576f315d5b1b6"",""sei"":""0x160345fc359604fc6e70e3c5facbde5f7a9342d8"",""worldcoin-org"":""0x4200000000000000000000000000000000000006"",""sonic"":""0x50c42deacd8fc9773493ed674b675be577f2634b"",""uniswap"":""0x4200000000000000000000000000000000000006"",""osmosis"":""factory/osmo1k6c8jln7ejuqwtqmay3yvzrg3kueaczl96pk067ldg8u835w0yhsw27twm/alloyed/allETH"",""tezos"":""0xfc24f770f94edbca6d6f885e12d4317320bcb401"",""fuel-network"":""0xa38a5a8beeb08d95744bc7f58528073f4052b254def59eba20c99c202b5acaa3"",""manta-network"":""0x0dc808adce2099a9f62aa87d9670745aba741746"",""monad"":""0xEE8c0E9f1BFFb4Eb878d8f15f368A02a35481242"",""megaeth"":""0x4200000000000000000000000000000000000006"",""robinhood-placeholder"":""0x7943e237c7F95DA44E0301572D358911207852Fa""}"
2405,IOST,IOST,iostoken,iost.io,2405.png,"{""iostoken"":""token.iost"",""bnb"":""0xAf48B7e315a52518CfBF7d96C455D9dFAD94cB48""}"
2410,SPC,SpaceChain,spacechain,spacechain.sg,2410.png,"{""ethereum"":""0x86ed939b500e121c0c5f493f399084db596dad20""}"
2415,ARCT,ArbitrageCT,arbitragect,arbitragect.com,2415.png,"{""ethereum"":""0x1245ef80f4d9e02ed9425375e8f649b9221b31d8""}"
2416,THETA,Theta Network,theta-network,thetatoken.org,2416.png,{}
2424,AGIX,SingularityNET,singularitynet,singularitynet.io,2424.png,"{""ethereum"":""0x5B7533812759B45C2B44C19e320ba2cD2681b542"",""cardano"":""f43a62fdc3965df486de8a0d32fe800963589c41b38946602a0dc53541474958""}"
2430,HOT,Hydro Protocol,hydro-protocol,hydroprotocol.io,2430.png,"{""ethereum"":""0x9af839687f6c94542ac5ece2e317daae355493a1""}"
2444,C20,CRYPTO20,c20,invictuscapital.com,2444.png,"{""ethereum"":""0x26e75307fc0c021472feb8f727839531f112f317""}"
2447,CRPT,Crypterium,crpt,crypterium.com,2447.png,"{""ethereum"":""0x08389495D7456E1951ddF7c3a1314A4bfb646d8B""}"
2452,TBX,Tokenbox,tokenbox,tokenbox.io,2452.png,"{""ethereum"":""0x3a92bd396aef82af98ebc0aa9030d25a23b11c6b""}"
2462,AID,AidCoin,aidcoin,aidcoin.co,2462.png,"{""ethereum"":""0x37e8789bb9996cac9156cd5f5fd32599e6b91289""}"
2467,TRAC,OriginTrail,origintrail,origintrail.io,2467.png,"{""ethereum"":""0xaa7a9ca87d3694b5755f213b5d04094b8d0f0a6f"",""gnosis-gno"":""0xeddd81e0792e764501aae206eb432399a0268db5"",""base"":""0xA81a52B4dda010896cDd386C7fBdc5CDc835ba23""}"
2468,LET,LinkEye,linkeye,linkeye.com,2468.png,"{""ethereum"":""0xfa3118b34522580c35ae27f6cf52da1dbb756288""}"
2469,ZIL,Zilliqa,zilliqa,zilliqa.com,2469.png,"{""ethereum"":""0x05f4a42e251f2d52b8ed15e9fedaacfcef1fad27"",""bnb"":""0xb86abcb37c3a4b64f74f59301aff131a1becc787"",""zilliqa"":""0x05f4a42e251f2d52b8ed15e9fedaacfcef1fad27""}"
2474,MAN,Matrix AI Network,matrix-ai-network,matrix.io,2474.png,{}
2475,GRLC,Garlicoin,garlicoin,garlicoin.io,2475.png,"{""ethereum"":""0x58f7345b5295e43aa454911571f13be186655be9"",""bnb"":""0x7283DfA2d8D7e277b148cc263B5d8Ae02f1076D3""}"
2490,CXO,CargoX,cargox,cargox-holding.com,2490.png,"{""ethereum"":""0xb6ee9668771a79be7967ee29a63d4184f8097143"",""polygon-ecosystem-token"":""0xf2ae0038696774d65e67892c9d301c5f2cbbda58""}"
2492,ELA,Elastos,elastos,elastos.net,2492.png,"{""ethereum"":""0xe6fd75ff38adca4b97fbcd938c86b98772431867"",""htx-token"":""0xa1ecfc2bec06e4b43ddd423b94fef84d0dbc8f5c"",""elastos"":""0xeeeeeeeeeeeeeeeeeeeeeeeeeeeeeeeeeeeeeeee""}"
2496,POLY,Polymath,polymath-network,polymath.network,2496.png,"{""ethereum"":""0x9992ec3cf6a55b00978cddf2b27bc6882d88d1ec""}"
2499,BORG,SwissBorg,swissborg,swissborg.com,2499.png,"{""ethereum"":""0x64d0f55cd8c7133a9d7102b13987235f486f2224"",""solana"":""3dQTr7ror2QPKQ3GbBCokJUmjErGg8kTJzdnYjNfvi3Z""}"
2502,HT,Huobi Token,htx-token,huobi.com,2502.png,"{""ethereum"":""0x6f259637dcd74c767781e37bc6133cd6a68aa161"",""near-protocol"":""6f259637dcd74c767781e37bc6133cd6a68aa161.factory.bridge.near""}"
2503,DMT,DMarket,dmarket,dmarket.com,2503.png,"{""ethereum"":""0x2ccbff3a042c68716ed2a2cb0c544a9f1d1935e1""}"
2505,BLZ,Bluzelle,bluzelle,bluzelle.com,2505.png,"{""ethereum"":""0x5732046a883704404f284ce41ffadd5b007fd668"",""bnb"":""0x935a544bf5816e3a7c13db2efe3009ffda0acda2""}"
2512,UCASH,UNIVERSAL CASH,ucash,u.cash,2512.png,"{""ethereum"":""0x92e52a1a235d9a103d970901066ce910aacefd37"",""polygon-ecosystem-token"":""0xa94880d3a4b39746e90cdb57f8de3732c984de14"",""base"":""0x26cf750abaf38af7109effdbdf79ba50d2ee09a1""}"
2513,MNTP,GoldMint,goldmint,goldmint.io,2513.png,"{""ethereum"":""0x83cee9e086a77e492ee0bb93c2b0437ad6fdeccc""}"
2529,CAS,Cashaa,cashaa,cashaa.com,2529.png,"{""bnb"":""0x780207b8c0fdc32cf60e957415bfa1f2d4d9718c""}"
2535,EDGE,Edge Network,edgenetwork,edge.network,2535.png,"{""ethereum"":""0x4ec1b60b96193a64acae44778e51f7bff2007831""}"
2536,NTK,Neurotoken,neurotoken,neuromation.io,2536.png,"{""ethereum"":""0x69beab403438253f13b6e92db91f7fb849258263""}"
2539,REN,Ren,ren,renprotocol.org,2539.png,"{""ethereum"":""0x408e41876cccdc0f92210600ef50372656052a38"",""gnosis-gno"":""0x0da1a02cdf84c44021671d183d616925164e08aa"",""fantom"":""0x408e41876cccdc0f92210600ef50372656052a38"",""sora"":""0x00e8a7823b8207e4cab2e46cd10b54d1be6b82c284037b6ee76afd52c0dceba6"",""near-protocol"":""408e41876cccdc0f92210600ef50372656052a38.factory.bridge.near""}"
2540,LCC,Litecoin Cash,litecoin-cash,litecoinca.sh,2540.png,{}
2545,ABT,ArcBlock,arcblock,arcblock.io,2545.png,"{""ethereum"":""0xb98d4c97425d9908e66e53a6fdf673acca0be986""}"
2546,REM,Remme,remme,remme.io,2546.png,"{""ethereum"":""0x83984d6142934bb535793a82adb0a46ef0f66b6d""}"
2548,POA,POA Network,poa,poa.network,2548.png,"{""ethereum"":""0x6758b7d441a9739b98552b373703d8d3d14f9e62""}"
2553,RFR,Refereum,refereum,refereum.com,2553.png,"{""ethereum"":""0xd0929d411954c47438dc1d871dd6081f5c5e149c""}"
2563,TUSD,TrueUSD,trueusd,tusd.io,2563.png,"{""ethereum"":""0x0000000000085d4780B73119b644AE5ecd22b376"",""bnb"":""0x40af3827F39D0EAcBF4A168f8D4ee67c121D11c9"",""avalanche"":""0x1c20e891bab6b1727d14da358fae2984ed9b59eb"",""tron"":""TUpMhErZL2fhh4sVNULAbNKLokS4GjC1F4"",""arbitrum"":""0x4D15a3A2286D883AF0AA1B3f21367843FAc63E07""}"
2565,STAC,StarterCoin,startercoin,coinstarter.com,2565.png,"{""ethereum"":""0x9a005c9a89bd72a4bd27721e7a09a3c11d2b03c4""}"
2566,ONT,Ontology,ontology,ont.io,2566.png,"{""ethereum"":""0xcb46C550539ac3DB72dc7aF7c89B11c306C727c2"",""bnb"":""0xfd7b3a77848f1c2d67e05e54d78d174a0c850335"",""polygon-ecosystem-token"":""0xD4814770065F634003A8d8D70B4743E0C3f334ad"",""ontology"":""0100000000000000000000000000000000000000""}"
2570,VIC,Viction,viction,viction.xyz,2570.png,"{""ethereum"":""0x05d3606d5c81eb9b7b18530995ec9b29da05faba"",""bnb"":""TOMOB-4BC""}"
2572,BAX,BABB,babb,getbabb.com,2572.png,"{""ethereum"":""0xf920e4f3fbef5b3ad0a25017514b769bdc4ac135""}"
2576,TEN,Tokenomy,tokenomy,tokenomy.com,2576.png,"{""ethereum"":""0xdd16ec0f66e54d453e6756713e533355989040e4"",""base"":""0x4FB9B20DaFE45d91ae287f2E07B2e79709308178""}"
2577,RVN,Ravencoin,ravencoin,ravencoin.org,2577.png,{}
2586,SNX,Synthetix,synthetix,synthetix.io,2586.png,"{""ethereum"":""0xc011a73ee8576fb46f5e1c5751ca3b9fe0af2a6f"",""bnb"":""0x9ac983826058b8a9c7aa1c9171441191232e8404"",""solana"":""8cTNUtcV2ueC3royJ642uRnvTxorJAWLZc58gxAo7y56"",""htx-token"":""0x777850281719d5a96c29812ab72f822e0e09f3da"",""fantom"":""0x56ee926bD8c72B2d5fa1aF4d9E4Cbb515a1E3Adc"",""polygon-ecosystem-token"":""0x50b728d8d964fd00c2d0aad81718b71311fef68a"",""avalanche"":""0xBeC243C995409E6520D7C41E404da5dEba4b209B"",""optimism-ethereum"":""0x8700daec35af8ff88c16bdf0418774cb3d7599b4"",""near-protocol"":""c011a73ee8576fb46f5e1c5751ca3b9fe0af2a6f.factory.bridge.near""}"
2588,LOOM,Loom Network,loom-network,loomx.io,2588.png,"{""ethereum"":""0x42476F744292107e34519F9c357927074Ea3F75D"",""bnb"":""0xe6ce27025f13f5213bbc560dc275e292965a392f""}"
2603,NPXS,Pundi X (Old),pundi-x,pundix.com,2603.png,"{""ethereum"":""0xa15c7ebe1f07caf6bff097d8a589fb8ac49ae5b3""}"
2606,WAN,Wanchain,wanchain,wanchain.org,2606.png,"{""wanchain"":""0xeeeeeeeeeeeeeeeeeeeeeeeeeeeeeeeeeeeeeeee""}"
2608,MITH,Mithril,mithril,mith.io,2608.png,"{""bnb"":""MITH-C76"",""ethereum"":""0x3893b9422cd5d70a81edeffe3d5a1c6a978310bb""}"
2614,XBP,BlitzPick,blitzpredict,blitzpick.com,2614.png,"{""ethereum"":""0x28dee01d53fed0edf5f6e310bf8ef9311513ae40""}"
2630,NCT,PolySwarm,polyswarm,polyswarm.io,2630.png,"{""ethereum"":""0x9e46a38f5daabe8683e10793b06749eef7d733d1""}"
2634,XDC,XDC Network,xdc-network,xinfin.org,2634.png,"{""xdc-network"":""0xeeeeeeeeeeeeeeeeeeeeeeeeeeeeeeeeeeeeeeee""}"
2642,CVT,CyberVein,cybervein,cybervein.org,2642.png,"{""ethereum"":""0xbe428c3867f05dea2a89fc76a102b544eac7f772""}"
2643,P2P,Sentinel,sentinel,sentinel.co,2643.png,"{""osmosis"":""ibc/9712DBB13B9631EDFA9BF61B55F1B2D290B2ADB67E3A4EB3A875F3B6081B3B84"",""ethereum"":""0xc81978862b6cE566400579a5F8975732D42BD410"",""polygon-ecosystem-token"":""0x973B5bd321aD6044ebc4e40e1C9AF163d17170Ca""}"
2644,EOSDAC,eosDAC,eosdac,eosdac.io,2644.png,"{""ethereum"":""0x7e9e431a0b8c4d532c745b1043c7fa29a48d4fba""}"
2653,AUC,Auctus,auctus,auctus.org,2653.png,"{""ethereum"":""0xc12d099be31567add4e4e4d0d45691c3f58f5663""}"
2654,BUBO,Budbo Token,budbo,budbo.io,2654.png,"{""ethereum"":""0xccbf21ba6ef00802ab06637896b799f7101f54a2""}"
2658,MFG,Smart MFG,smart-mfg,smartmfg.io,2658.png,"{""ethereum"":""0x6710c63432a2de02954fc0f851db07146a6c0312""}"
2666,EFX,Effect AI (old),effect-ai,effect.ai,2666.png,"{""vaulta"":""effecttokens"",""bnb"":""0xC51Ef828319b131B595b7ec4B28210eCf4d05aD0""}"
2667,FTX,FintruX Network,fintrux-network,fintrux.com,2667.png,"{""ethereum"":""0xd559f20296FF4895da39b5bd9ADd54b442596a61""}"
2682,HOT,Holo,holo,holochain.org,2682.png,"{""ethereum"":""0x6c6ee5e31d828de241282b9606c8e98ea48526e2"",""gnosis-gno"":""0x346b2968508d32f0192cd7a60ef3d9c39a3cf549""}"
2689,RBLX,Rublix,rublix,rublix.io,2689.png,"{""ethereum"":""0xFc2C4D8f95002C14eD0a7aA65102Cac9e5953b5E""}"
2694,NEXO,Nexo,nexo,nexo.com,2694.png,"{""ethereum"":""0xb62132e35a6c13ee1ee0f84dc5d40bad8d815206"",""bnb"":""NEXO-A84"",""polygon-ecosystem-token"":""0x41b3966b4ff7b427969ddf5da3627d6aeae9a48e""}"
2700,CEL,Celsius,celsius,celsius.network,2700.png,"{""ethereum"":""0xaaaebe6fe48e54f431b0c390cfaf0b017d09d42d"",""gnosis-gno"":""0x0aCD91f92Fe07606ab51EA97d8521E29D110fD09"",""solana"":""nRtfwU9G82CSHhHGJNxFhtn7FLvWP2rqvQvje1WtL69""}"
2704,TNS,Transcodium,transcodium,transcodium.com,2704.png,"{""ethereum"":""0xb0280743b44bf7db4b6be482b2ba7b75e5da096c""}"
2705,AMN,Amon,amon,amon.tech,2705.png,"{""ethereum"":""0x737f98ac8ca59f2c68ad658e3c3d8c8963e40a4c""}"
2717,BOUTS,BoutsPro,boutspro,bouts.pro,2717.png,"{""ethereum"":""0x139d9397274bb9e2c29a9aa8aa0b5874d30d62e3""}"
2724,ZIPT,Zippie,zippie,zippie.org,2724.png,"{""ethereum"":""0xedd7c94fd7b4971b916d15067bc454b9e1bad980""}"
2752,DTRC,Datarius Credit,datarius-credit,datarius.io,2752.png,"{""ethereum"":""0xc20464e0c373486d2b3335576e83a218b1618a5e""}"
2758,UBT,Unibright,unibright,unibright.io,2758.png,"{""ethereum"":""0x8400d94a5cb0fa0d041a3788e395285d61c9ee5e"",""polygon-ecosystem-token"":""0x7FBc10850caE055B27039aF31bD258430e714c62""}"
2763,MNW,Morpheus.Network,morpheus-network,morpheus.network,2763.png,"{""ethereum"":""0xd3E4Ba569045546D09CF021ECC5dFe42b1d7f6E4"",""polygon-ecosystem-token"":""0x3c59798620e5fEC0Ae6dF1A19c6454094572Ab92""}"
2765,XYO,XYO,xyo,xyo.network,2765.png,"{""ethereum"":""0x55296f69f40ea6d20e478533c15a6b08b654e758"",""solana"":""FCZKwHd9Qn1EQj8fFuNLB8dupAWCoJJNePbMqyHhS77b""}"
2776,AVA,AVA (Travala),ava,avafoundation.org,2776.png,"{""ethereum"":""0xa6C0c097741D55ECd9a3A7DeF3A8253fD022ceB9"",""bnb"":""0xd9483EA7214FCfd89B4Fb8f513B544920E315A52"",""solana"":""G8LfyGVsjsLzetJ5RWZVAhMo4H9cb58ET1Z6gEZJQdPM""}"
2777,IOTX,IoTeX,iotex,iotex.io,2777.png,"{""ethereum"":""0x6fb3e0a217407efff7ca062d46c26e5d60a14d69"",""bnb"":""0x9678e42cebeb63f23197d726b29b1cb20d0064e5"",""polygon-ecosystem-token"":""0xf6372cdb9c1d3674e83842e3800f2a62ac9f3c66"",""base"":""0xbcbaf311cec8a4eac0430193a528d9ff27ae38c1"",""iotex"":""0xeeeeeeeeeeeeeeeeeeeeeeeeeeeeeeeeeeeeeeee""}"
2780,NKN,NKN,nkn,nkn.org,2780.png,{}
2827,SOUL,Phantasma,phantasma,phantasma.info,2827.png,"{""ethereum"":""0x75858677e27C930FB622759FeafFeE2b754Af07F"",""bnb"":""0x298Eff8af1ecEbbB2c034eaA3b9a5d0Cc56c59CD""}"
2828,SPD,SPINDLE,spindle,spindle.zone,2828.png,"{""ethereum"":""0x1dEa979ae76f26071870F824088dA78979eb91C8""}"
2837,0XBTC,0xBitcoin,0xbtc,0xbitcoin.org,2837.png,"{""ethereum"":""0xb6ed7644c69416d67b522e20bc294a9a9b405b31"",""polygon-ecosystem-token"":""0x71b821aa52a49f32eed535fca6eb5aa130085978""}"
2840,QKC,QuarkChain,quarkchain,quarkchain.io,2840.png,"{""ethereum"":""0xea26c4ac16d4a5a106820bc8aee85fd0b7b2b664""}"
2847,ABYSS,Abyss,abyss,abyss.finance,2847.png,"{""ethereum"":""0x0e8d6b471e332f140e7d9dbb99e5e3822f728da6""}"
2856,CEEK,CEEK VR,ceek-vr,ceek.io,2856.png,"{""ethereum"":""0xb056c38f6b7dc4064367403e26424cd2c60655e1"",""bnb"":""0xe0f94ac5462997d2bc57287ac3a3ae4c31345d66""}"
2866,BOUNTY,Chainbounty,sentinel-protocol,chainbounty.io,2866.png,"{""arbitrum"":""0x6a9896837021EA3eD83F623F655C119c54abE02c""}"
2868,DAG,Constellation,constellation,constellationnetwork.io,2868.png,"{""base"":""0x74299A718b2c44483a27325d7725F0B2646DE3B1""}"
2873,MET,Metronome,metronome,metronome.io,2873.png,"{""ethereum"":""0x2Ebd53d035150f328bd754D6DC66B99B0eDB89aa"",""optimism-ethereum"":""0x9a2e53158e12BC09270Af10C16A466cb2b5D7836"",""base"":""0x93dc5Cb35627A759848c7A7F0079EA7b49E435a5""}"
2878,DFT,DigiFinexToken,digifinextoken,digifinex.com,2878.png,"{""ethereum"":""0xa2a54f1ec1f09316ef12c1770d32ed8f21b1fb6a""}"
2882,ZCN,Zus,0chain,zus.network,2882.png,"{""ethereum"":""0xb9ef770b6a5e12e45983c5d80545258aa38f3b78""}"
2883,ZINC,ZINC,zinc,zinc.work,2883.png,"{""ethereum"":""0x4aac461c86abfa71e9d00d9a2cde8d74e4e1aeea""}"
2892,WWB,Wowbit,wowbit,wowoonet.com,2892.png,"{""optimism-ethereum"":""0x03cc5feF38896537c10Fcb30A53A1B12be101da6"",""robinhood-placeholder"":""0x10B5Ca68a5509B93E6c8f62Ed76a7086164F1F11""}"
2896,MFT,Mainframe,mainframe,hifi.finance,2896.png,"{""ethereum"":""0xdf2c7238198ad8b389666574f2d8bc411a4b7428""}"
2907,KBC,Karatgold Coin,karatgold-coin,karatgold.io,2907.png,"{""ethereum"":""0xf3586684107ce0859c44aa2b2e0fb8cd8731a15a""}"
2909,LIKE,LikeCoin,likecoin,like.co,2909.png,"{""base"":""0x1EE5DD1794C28F559f94d2cc642BaE62dC3be5cf""}"
2915,MOC,Moss Coin,moss-coin,moss.land,2915.png,"{""ethereum"":""0x8bbfe65e31b348cd823c62e02ad8c19a84dd0dab""}"
2916,NIM,Nimiq,nimiq,nimiq.com,2916.png,{}
2921,OLT,OneLedger,oneledger,oneledger.io,2921.png,{}
2927,SUSD,sUSD,susd,synthetix.io,2927.png,"{""ethereum"":""0x57Ab1ec28D129707052df4dF418D58a2D46d5f51"",""fantom"":""0x0E1694483eBB3b74d3054E383840C6cf011e518e"",""optimism-ethereum"":""0x8c6f28f2f1a3c87f0f938b96d27520d9751ec8d9""}"
2930,IQ,IQ,iq,iqindustries.com,2930.png,"{""ethereum"":""0x579cea1889991f68acc35ff5c3dd0621ff29b0c9"",""vaulta"":""everipediaiq"",""polygon-ecosystem-token"":""0xB9638272aD6998708de56BBC0A290a1dE534a578"",""arbitrum"":""0xce4DB2ce8cCa463f8Aa1e2174C244Ba4a8d672cB""}"
2933,BMX,BitMart Token,bitmart-token,bitmart.com,2933.png,"{""ethereum"":""0x986EE2B944c42D017F52Af21c4c69B84DBeA35d8""}"
2934,KAN,KAN,bitkan,bitkan.com,2934.png,"{""ethereum"":""0x1410434b0346f5be678d0fb554e5c7ab620f8f4a""}"
2941,CET,CoinEx Token,coinex-token,coinex.org,2941.png,"{""ethereum"":""0x081f67afa0ccf8c7b17540767bbe95df2ba8d97f""}"
2943,RPL,Rocket Pool,rocket-pool,rocketpool.net,2943.png,"{""ethereum"":""0xd33526068d116ce69f19a9ee46f0bd304f21a51f""}"
2949,KRL,Kryll,kryll,kryll.io,2949.png,"{""ethereum"":""0x464eBE77c293E473B48cFe96dDCf88fcF7bFDAC0"",""optimism-ethereum"":""0x2ed6222cb75e353b8789bec7bb443b7ec9022021"",""arbitrum"":""0xf75eE6D319741057a82a88Eeff1DbAFAB7307b69"",""base"":""0xdae49c25fad3a62a8e8bfb6da12c46be611f9f7a""}"
2982,MVL,MVL,mvl,mvlchain.io,2982.png,"{""ethereum"":""0xa849eaae994fb86afa73382e9bd88c2b6b18dc71"",""bnb"":""0x5f588efaf8eb57e3837486e834fc5a4e07768d98"",""gram"":""EQD2yazA2wf5AY2joEzGUDGk0cQWxEa2NdiP4Zgf9-eF04tp""}"
2989,EURS,STASIS EURO,stasis-euro,stasis.net,2989.png,"{""ethereum"":""0xdb25f211ab05b1c97d595516f45794528a807ad8"",""xdc-network"":""0x1ebb2c8a71a9ec59bf558886a8adf8f4a565814f""}"
2994,BIFI,Bitcoin File,bitcoin-file,bitcoinfile.org,2994.png,{}
2997,DRC,Doric Network,dipnet,doric.network,2997.png,{}
2998,VEX,Vexanium,vexanium,vexanium.com,2998.png,{}
3012,VTHO,VeThor Token,vethor-token,vechain.org,3012.png,"{""vechain"":""0x0000000000000000000000000000456E65726779""}"
3013,PRIV,PRiVCY,privcy,privcy.eu,3013.png,{}
3022,ZMN,ZMINE,zmine,zmine.com,3022.png,"{""bnb"":""0xfcb8a4b1a0b645e08064e05b98e9cc6f48d2aa57""}"
3029,FLUX,Flux,zel,runonflux.com,3029.png,"{""ethereum"":""0x720cd16b011b987da3518fbf38c3071d4f0d1495"",""bnb"":""0xaff9084f2374585879e8b434c399e29e80cce635"",""solana"":""FLUX1wa2GmbtSB6ZGi2pTNbVCw3zEeKnaPCkPtFXxqXe"",""algorand"":""1029804829"",""polygon-ecosystem-token"":""0xA2bb7A68c46b53f6BbF6cC91C865Ae247A82E99B"",""avalanche"":""0xc4B06F17ECcB2215a5DBf042C672101Fc20daF55"",""tron"":""TWr6yzukRwZ53HDe3bzcC8RCTbiKa4Zzb6"",""kadena"":""runonflux.flux"",""base"":""0xb008BDCF9CdFf9da684a190941dC3dCa8C2Cdd44""}"
3035,BST,Blocksquare Token,blocksquare-token,blocksquare.io,3035.png,"{""ethereum"":""0x509a38b7a1cc0dcd83aa9d06214663d9ec7c7f4a"",""near-protocol"":""509a38b7a1cc0dcd83aa9d06214663d9ec7c7f4a.factory.bridge.near""}"
3052,GOC,GoCrypto Token,gocrypto-token,gocrypto.com,3052.png,"{""bnb"":""0x4b85a666dec7c959e88b97814e46113601b07e57"",""polygon-ecosystem-token"":""0x4b85a666dec7c959e88b97814e46113601b07e57"",""bitcoin-cash"":""3f83fa9f168f01d68933ef5fdb77143b2376ba7bf3a78175258861982d90d500""}"
3077,VET,VeChain,vechain,vechain.org,3077.png,{}
3079,X8X,X8X Token,x8x-token,x8currency.io,3079.png,"{""ethereum"":""0x910dfc18d6ea3d6a7124a6f8b5458f281060fa4c""}"
3094,SCR,Scorum Coins,scorum-coins,scorum.network,3094.png,"{""osmosis"":""ibc/178248C262DE2E141EE6287EE7AB0854F05F25B0A3F40C4B912FA1C7E51F466E""}"
3106,PKG,PKG Token,pkg-token,pkgtoken.io,3106.png,"{""ethereum"":""0x02f2d4a04e6e01ace88bd2cd632875543b2ef577""}"
3126,XPX,Sirius Chain,proximax,siriuschain.io,3126.png,"{""bnb"":""0x6F3AAf802F57D045efDD2AC9c06d8879305542aF""}"
3140,UBEX,Ubex,ubex,ubex.com,3140.png,"{""ethereum"":""0x6704b673c70de9bf74c8fba4b4bd748f0e2190e1""}"
3142,BAAS,BaaSid,baasid,baasid.io,3142.png,"{""ethereum"":""0x5d929AA919E489505CcAAd8A199619c6DCA0c2de""}"
3144,THR,ThoreCoin,thorecoin,thorecoin.com,3144.png,"{""solana"":""66dzGbVZg9cBNb3sTWd9iAtDZKjgAyztNwAhTitfgoLj""}"
3155,QNT,Quant,quant,quant.network,3155.png,"{""ethereum"":""0x4a220e6096b25eadb88358cb44068a3248254675"",""solana"":""qntUzPUsJ51abNP7VYNxkmsQ4RnvEZAhavUxsCxpxH4""}"
3164,PMA,PumaPay,pumapay,pumapay.io,3164.png,"{""ethereum"":""0x846c66cf71c43f80403b51fe3906b3599d63336f""}"
3179,ABX,Arbidex,arbidex,arbidex.uk.com,3179.png,"{""ethereum"":""0x9a794dc1939f1d78fa48613b89b8f9d0a20da00e""}"
3181,HAND,ShowHand,showhand,showhand.io,3181.png,"{""ethereum"":""0x48c1b2f3efa85fbafb2ab951bf4ba860a08cdbb7""}"
3194,RATING,DPRating,dprating,token.dprating.com,3194.png,"{""ethereum"":""0xe8663a64a96169ff4d95b4299e7ae9a76b905b31""}"
3217,ONG,Ontology Gas,ontology-gas,ont.io,3217.png,"{""bnb"":""0x308bfaeAaC8BDab6e9Fc5Ead8EdCb5f95b0599d9"",""ontology"":""0200000000000000000000000000000000000000""}"
3218,NRG,Energi,energi,energi.world,3218.png,"{""ethereum"":""0x1416946162b1c2c871a73b07e932d2fb6c932069"",""energi"":""0xeeeeeeeeeeeeeeeeeeeeeeeeeeeeeeeeeeeeeeee""}"
3247,FLOT,Fire Lotto,fire-lotto,firelotto.io,3247.png,"{""ethereum"":""0x049399a6b048d52971f7d122ae21a1532722285f""}"
3260,AMO,AMO Coin,amo-coin,amo.foundation,3260.png,"{""kaia"":""0x6e6c55ac20c41669261969089fad7f7fcd9ba690""}"
3304,MOLK,MobilinkToken,mobilinktoken,mobilink.io,3304.png,"{""ethereum"":""0x97cb5cc1b2e10cc56dc16ab9179f06dfedbe41a2""}"
3306,GUSD,Gemini Dollar,gemini-dollar,gemini.com,3306.png,"{""ethereum"":""0x056Fd409E1d7A124BD7017459dFEa2F387b6d5Cd"",""near-protocol"":""056fd409e1d7a124bd7017459dfea2f387b6d5cd.factory.bridge.near""}"
3327,SIX,SIX Token,six,six.network,3327.png,"{""ethereum"":""0x61c6ebf443ad613c9648762585b3cfd3ba1f3fa8"",""bnb"":""0x070a9867Ea49CE7AFc4505817204860e823489fE"",""kaia"":""0xef82b1c6a550e730d8283e1edd4977cd01faf435"",""stellar"":""SIX-GDMS6EECOH6MBMCP3FYRYEVRBIV3TQGLOFQIPVAITBRJUMTI6V7A2X6Z""}"
3330,USDP,Pax Dollar,paxos-standard,paxos.com,3330.png,"{""ethereum"":""0x8e870d67f660d95d5be530380d0ec0bd388289e1"",""solana"":""HVbpJAQGNpkgBaYBZQBR1t7yFdvaYVp2vCQQfKKEN4tM""}"
3344,ECOREAL,Ecoreal Estate,ecoreal-estate,ecoreal.estate,3344.png,"{""ethereum"":""0x7ECbb21346C501Fd07eb165E406120fA32381C16""}"
3388,FREEDOM,FREEdom Coin,free-coin,freedom-coin.com,3388.png,"{""ethereum"":""0x2f141ce366a2462f02cea3d12cf93e4dca49e4fd"",""tron"":""1003134"",""bnb"":""0x12e34cdf6a031a10fe241864c32fb03a4fdad739"",""solana"":""FrEeWJreTHUyPgdJ3DWrdRg6X8qogF5zG5qdxMCgXtTy"",""gram"":""EQBoTq8caCdXZOrj_Dpxylwv19TAsC2MwpDTkAjAb8oDuYQG""}"
3408,USDC,USDC,usd-coin,circle.com,3408.png,"{""zksync"":""0x1d17CBcF0D6D143135aE902365D2E5e2A16538D4"",""sonic"":""0x29219dd400f2bf60e5a23d13be72b486d4038894"",""sei"":""0xe15fC38F6D8c56aF07bbCBe3BAf5708A2Bf42392"",""scroll"":""0x06eFdBFf2a14a7c8E15944D1F4A48F9F95F663A4"",""base"":""0x833589fCD6eDb6E08f4c7C32D4f71b54bdA02913"",""linea"":""0x176211869ca2b568f2a7d4ee941e073a821ee1ff"",""neon"":""0xea6b04272f9f62f997f666f07d3a974134f7ffb9"",""mantle"":""0x09bc4e0d864854c6afb6eb9a9cdf58ac190d0df9"",""starknet-token"":""0x33068f6539f8e6e6b131e6b2b814e6c34a5224bc66947c47dab9dfee93b35fb"",""pulsechain"":""0x15d38573d2feeb82e7ad5187ab8c1d52810b1f07"",""polygon"":""0xa8ce8aee21bc2a48a5ef670afcc9274c7bbbc035"",""uniswap"":""0x078d782b760474a361dda0af3839290b0ef57ad6"",""core-dao"":""0xa4151B2B3e269645181dCcF2D426cE75fcbDeca9"",""injective"":""erc20:0xa00C59fF5a080D2b954d0c75e46E22a0c371235a"",""sui"":""0xdba34672e30cb065b1f93e3ab55318768fd6fef66c15942c9f7cb846e2f900e7::usdc::USDC"",""energi"":""0xffd7510ca0a3279c7a5f50018a26c21d5bc1dbcf"",""nervos-network"":""0x186181e225dc1ad85a4a94164232bd261e351c33"",""sportx"":""0xe2aa35c2039bd0ff196a6ef99523cc0d3972ae3e"",""wemix"":""0xe3f5a90f9cb311505cd691a46596599aa1a0ad7d"",""aptos"":""0xbae207659db88bea0cbead6da0ed00aac12edcdda169e591cd41c94180b46f3b"",""ethereum-pow"":""0x25de68ef588cb0c2c8f3537861e828ae699cd0db"",""canto"":""0x80b5a32E4F032B2a058b4F29EC95EEfEEB87aDcd"",""xdc-network"":""0xfA2958CB79b0491CC627c1557F441eF849Ca8eb1"",""bitget-token-new"":""0xCfb1186F4e93D60E60a8bDd997427D1F33bc372B"",""zklink"":""0x1a1a3b2ff016332e866787b311fcb63928464509"",""monad"":""0x754704bc059f8c67012fed69bc8a327a5aafb603"",""fuel-network"":""0x286c479da40dc953bddc3bb4c453b608bba2e0ac483b077bd475174115395e6b"",""stellar"":""USDC-GA5ZSEJYB37JRC5AVCIA5MOP4RHTM335X2KGX3IHOJAPP5RE34K4KZVN"",""wdot"":""1337"",""plume"":""0x222365EF19F7947e5484218551B56bb3965Aa7aF"",""noblecoin"":""uusdc"",""ink-token"":""0x2D270e6886d130D724215A266106e6832161EAEd"",""codexchain"":""0xd996633a415985DBd7D6D12f4A4343E31f5037cf"",""manta-network"":""0xb73603c5d87fa094b7314c74ace2e64d165016fb"",""dogecoin"":""0x765277eebeca2e31912c9946eae1021199b39c61"",""hyperliquid"":""0xb88339CB7199b77E23DB6E890353E22632Ba630f"",""venom"":""cda5e8d5953e1a09ffeb9f62316f2994019f10abe83c8f1b0aadfbc997bd79e6"",""sophon"":""0x9aa0f72392b5784ad86c6f3e899bcc053d00db4f"",""xrp"":""5553444300000000000000000000000000000000.rGm7WCVp9gb4jZHWTEtGUr4dd74z2XuWhE"",""waves"":""EbTKFzaVrrc4ZTdybxt6xVN4iNVmMUzxMrxKzBiaihU8"",""worldcoin-org"":""0x79a02482a880bce3f13e09da970dc34db4cd24d1"",""vector-smart-gas"":""0x5fd55a1b9fc24967c4db09c513c3ba0dfa7ff687"",""tezos"":""0x796ea11fa2dd751ed01b53c372ffdb4aaa8f00f9"",""tomb"":""0x4200000000000000000000000000000000000100"",""multiversx-egld"":""USDC-c76f1f"",""iotex"":""0x3b2bf2b523f54c4e454f08aa286d03115aff326c"",""moonriver"":""0xe3f5a90f9cb311505cd691a46596599aa1a0ad7d"",""kardiachain"":""0x765277eebeca2e31912c9946eae1021199b39c61"",""arbitrum"":""0xaf88d065e77c8cC2239327C5EDb3A432268e5831"",""moonbeam"":""0x818ec0a7fe18ff94269904fced6ae3dae6d6dc0b"",""harmony"":""0x985458e523db3d53125813ed68c274899e9dfab4"",""tron"":""TEkxiTehnzSmSe2XqrBj4w32RUN966rdz8"",""kucoin-token"":""0x980a5afef3d17ad98635f6c5aebcbaeded3c3430"",""optimism-ethereum"":""0x0b2C639c533813f4Aa9D7837CAf62653d097Ff85"",""conflux-network"":""0x6963efed0ab40f6c3d7bda44a05dcf1437c44372"",""bitcoin-cash"":""0xBcbd9990dcEC6a64741ea27BeC0cA8ff6B91Bc26"",""near-protocol"":""17208628f84f5d6ad33f0da3bbbeb27ffcb398eac501a31bd6ad2011e36133a1"",""celo"":""0xcebA9300f2b948710d2653dD7B07f33A8B32118C"",""okt"":""0xc946daf81b08146b1c7a8da2a851ddf2b3eaaf85"",""avalanche"":""0xB97EF9Ef8734C71904D8002F8b6Bc66Dd9c48a6E"",""polygon-ecosystem-token"":""0x3c499c542cEF5E3811e1192ce70d8cC03d5c3359"",""terra-luna"":""terra1pvel56a2hs93yd429pzv9zp5aptcjg5ulhkz7w"",""wanchain"":""0x52a9cea01c4cbdd669883e41758b8eb8e8e2b34b"",""gnosis-gno"":""0xDDAfbb505ad214D7b80b1f830fcCc89B60fb7A83"",""algorand"":""31566704"",""solana"":""EPjFWdd5AufqSSqeM2qN1xzybapC8G4wEGGkZwyTDt1v"",""bnb"":""0x8ac76a51cc950d9822d68b83fe1ad97b32cd580d"",""viction"":""0xcca4e6302510d555b654b3eab9c0fcb223bcfdf0"",""aurora-near"":""0xb12bfca5a55806aaf64e99521918a4bf0fc40802"",""thundercore"":""0x22e89898A04eaf43379BeB70bf4E38b1faf8A31e"",""everscale"":""0:c37b3fafca5bf7d3704b081fde7df54f298736ee059bf6d32fac25f5e6085bf6"",""astar"":""0x6a2d262D56735DbA19Dd70682B39F6bE9a931D98"",""bitrise-token"":""0x765277EebeCA2e31912C9946eAe1021199B39C61"",""evmos"":""0xe46910336479F254723710D57e7b683F3315b22B"",""defi-kingdoms"":""0x3ad9dfe640e1a9cc1d9b0948620820d975c3803a"",""syscoin"":""0x2bF9b864cdc97b08B6D79ad4663e71B8aB65c45c"",""elastos"":""0xA06be0F5950781cE28D965E5EFc6996e88a8C141"",""fuse-network"":""0x620fd5fa44be6af63715ef4e65ddfa0387ad13f5"",""meter-governance"":""0xd86e243fc0007e6226b07c9a50c9d70d78299eb5"",""metisdao"":""0xea32a96608495e54156ae48931a7c20f0dcc1a21"",""ethereum"":""0xa0b86991c6218b36c1d19d4a2e9eb0ce3606eb48"",""secret"":""secret1h6z05y90gwm4sqxzhz4pkyp36cna9xtp7q0urv"",""oasis-network"":""0x81ECac0D6Be0550A00FF064a4f9dd2400585FE9c"",""hedera"":""0.0.456858"",""osmosis"":""ibc/498A0751C798A0D9A389AA3691123DADA57DAA4FE165D5C75894505B876BA6E4"",""kava"":""0xfa9343c3897324496a05fc75abed6bac29f8a40f"",""boba-network"":""0x66a2A913e447d6b4BF33EFbec43aAeF87890FBbc"",""cronos"":""0x3D7F2C478aAfdB65542BCB44bCeeC05849999d2D"",""ronin"":""0x0b7007c13325c48911f73a2dad5fa5dcbf808adc"",""velas"":""0xe2c120f188ebd5389f71cf4d9c16d05b62a58993"",""telos"":""0x8D97Cea50351Fb4329d591682b148D43a0C3611b"",""arc-token"":""0xffffFFFfFFffffffffffffffFfFFFfffFFFfFFfE"",""okb"":""0xb6ceceab302e2e4948951ee7843fc24e92933061"",""plasma-xpl"":""0x2d661C89D812261039AF9764eceaAee884f5F67F""}"
3415,BCZERO,Buggyra Coin Zero,buggyra-coin-zero,buggyracoinzero.com,3415.png,"{""ethereum"":""0xd45247c07379d94904e0a87b4481f0a1ddfa0c64""}"
3418,META,Metadium,metadium,metadium.com,3418.png,"{""ethereum"":""0xde2f7766c8bf14ca67193128535e5c7454f8387c""}"
3422,SHPING,SHPING,shping,shping.com,3422.png,"{""ethereum"":""0x7c84e62859d0715eb77d1b1c4154ecd6abb21bec""}"
3432,RPD,Rapids,rapids,rapidsnetwork.io,3432.png,{}
3437,ABBC,ABBC Coin,abbc-coin,abbccoin.com,3437.png,"{""ethereum"":""0xe83ce6bfb580583bd6a62b4be7b34fc25f02910d"",""bnb"":""0xe83cE6bfb580583bd6A62B4Be7b34fC25F02910D"",""fantom"":""0xe83ce6bfb580583bd6a62b4be7b34fc25f02910d"",""polygon-ecosystem-token"":""0xe83ce6bfb580583bd6a62b4be7b34fc25f02910d"",""avalanche"":""0xe83ce6bfb580583bd6a62b4be7b34fc25f02910d""}"
3441,DIVI,Divi,divi,diviproject.org,3441.png,"{""ethereum"":""0x246908BfF0b1ba6ECaDCF57fb94F6AE2FcD43a77""}"
3449,MMO,MMOCoin,mmocoin,mmocoin.pro,3449.png,"{""bnb"":""0x0aa086e7a108d387de63294fe2a88b05820a9855""}"
3479,MODX,MODEL-X-coin,model-x-coin,model-x.net,3479.png,"{""ethereum"":""0x3c6Da7763cAA0e4b684BbC733f04a8EC08Af3762""}"
3581,PNK,Kleros,kleros,kleros.io,3581.png,"{""ethereum"":""0x93ed3fbe21207ec2e8f2d3c3de6e058cb73bc04d""}"
3596,XNV,Nerva,nerva,nerva.one,3596.png,{}
3602,BSV,Bitcoin SV,bitcoin-sv,bsvblockchain.org,3602.png,{}
3607,VEST,VestChain,vestchain,vestchain.io,3607.png,"{""ethereum"":""0x37f04d2c3ae075fad5483bb918491f656b12bdb6""}"
3610,MICRO,Micromines,micromines,microminestoken.com,3610.png,"{""ethereum"":""0xbe6c8f2810ef39420d2dc2901b8414c8c45fee6d"",""bnb"":""0xd05B1cFf02b5955c8D1CECeD2fE12eD12804974D"",""avalanche"":""0x39944eCf1613e712785aD050BA052BCf5cC08BcE"",""aptos"":""0x3b6b4346280841a98236054920a5cf09afd5b2bbdfddc0b7de2673dca41072b::MICRO::Micro""}"
3621,BTNTV2,BitNautic Token,bitnautic-token,bitnautic.com,3621.png,"{""bnb"":""0xCbd787129d6e36225D93E46fA08556cC7F3a2458""}"
3626,RBTC,Bitcoin on Rootstock,rsk-smart-bitcoin,rootstock.io,3626.png,"{""ethereum"":""0x1e44f98cC78d505A61F63b26D13b116CF51dbB87"",""solana"":""8yev7nLen2PFN2uYGhzsUbu243wMa9z4ZrCwuXs6DEQw"",""arbitrum"":""0x441Fcb23dFe8289cf572126FEDCf450974ADc891"",""rsk"":""0x0000000000000000000000000000000001000006"",""base"":""0x441Fcb23dFe8289cf572126FEDCf450974ADc891""}"
3635,CRO,Cronos,cronos,cronos.org,3635.png,"{""ethereum"":""0xa0b73e1ff0b80914ab6fe0444e65848c4c34450b"",""solana"":""DvjMYMVeXgKxaixGKpzQThLoG98nc7HSU7eanzsdCboA"",""osmosis"":""ibc/E6931F78057F7CC5DA0FD6CEF82FF39373A6E0452BF1FD76910B93292CF356C1"",""cronos"":""0xeeeeeeeeeeeeeeeeeeeeeeeeeeeeeeeeeeeeeeee""}"
3637,AERGO,Aergo,aergo,aergo.io,3637.png,"{""ethereum"":""0x91af0fbb28aba7e31403cb457106ce79397fd4e6"",""bnb"":""AERGO-46B""}"
3640,LPT,Livepeer,livepeer,livepeer.org,3640.png,"{""ethereum"":""0x58b6a8a3302369daec383334672404ee733ab239"",""harmony"":""0xbd3e698b51d340cc53b0cc549b598c13e0172b7c""}"
3661,SHX,Stronghold SHx,stronghold-token,stronghold.co,3661.png,"{""ethereum"":""0x516d31321928700C6B4fB0DB0c8c6BC5d6799787"",""stellar"":""SHX-GDSTRSHXHGJ7ZIVRBXEYE5Q74XUVCUSEKEBR7UCHEUUEK72N7I7KJ6JH""}"
3662,HEDG,HedgeTrade,hedgetrade,hedgetrade.com,3662.png,"{""ethereum"":""0xF1290473E210b2108A85237fbCd7b6eb42Cc654F""}"
3663,XFC,Footballcoin (XFC),footballcoin,footballcoin.io,3663.png,{}
3667,AWC,Atomic Wallet Coin,atomic-wallet-coin,atomicwallet.io,3667.png,"{""ethereum"":""0xad22f63404f7305e4713ccbd4f296f34770513f4"",""bnb"":""0x798aF7725376765e7F3cA86d5e0Cf1BEaEf19F34""}"
3672,DOGEC,DogeCash,dogecash,dogecash.net,3672.png,{}
3681,CENT,Center Coin,centercoin,centercoin.co.kr,3681.png,"{""solana"":""HykkT4SBHK3gXEo6DsGQp347ACJXENN8jrXrJXidnbYA""}"
3687,BTB,BitBall,bitball,bitball-btb.com,3687.png,"{""ethereum"":""0xd417c6000a0e56e35bcf00e4d7e4e077311df0a9""}"
3698,OBSR,Observer,observer,obsr.org,3698.png,"{""kaia"":""0x3cb6be2fc6677a63cb52b07aed523f93f5a06cb4""}"
3701,RIF,Rootstock Infrastructure Framework,rsk-infrastructure-framework,rif.technology,3701.png,"{""ethereum"":""0x01b603be3D545F096015741e6503440282BF45fb"",""solana"":""AAeENcfHbTExuTvs4q7r9Bjax98Dg6BGX3aMph4bTLdK"",""arbitrum"":""0xe5e851b01DD3Eda24FDe709a407dB44555B6d1E0"",""rsk-smart-bitcoin"":""0x2acc95758f8b5f583470ba265eb685a8f45fc9d5"",""base"":""0xe5e851b01DD3Eda24FDe709a407dB44555B6d1E0""}"
3702,BEAM,Beam,beam,beam.mw,3702.png,{}
3703,ADM,ADAMANT Messenger,adamant-messenger,adamant.im,3703.png,{}
3704,VSYS,v.systems,v-systems,v.systems,3704.png,{}
3709,GRIN,Grin,grin,grin.mw,3709.png,{}
3714,EQTY,EQTY,lto-network,eqty.me,3714.png,"{""base"":""0xc71f37d9bf4c5d1e7fe4bccb97e6f30b11b37d29""}"
3715,CAJ,Cajutel,cajutel,cajutel.io,3715.png,"{""ethereum"":""0x3c6a7ab47b5f058be0e7c7fe1a4b7925b8aca40e""}"
3717,WBTC,Wrapped Bitcoin,wrapped-bitcoin,wbtc.network,3717.png,"{""ethereum"":""0x2260fac5e5542a773aa44fbcfedf7c193bc2c599"",""viction"":""0x503b2ddc059b81788fd1239561596614b27faade"",""solana"":""5XZw2LKTyrfvfiskJ78AMpackRjPcyCif1WhUsPDuVqQ"",""terra-luna"":""terra1aa7upykmmqqc63l924l5qfap8mrmx5rfdm0v55"",""waves"":""CPhNn4f754kvEvt7UFbC5NScGT7BNWuZivuEwPF2BpPY"",""fantom"":""0x321162Cd933E2Be498Cd2267a90534A804051b11"",""polygon-ecosystem-token"":""0x1bfd67037b42cf73acf2047067bd4f2c47d9bfd6"",""avalanche"":""0x408d4cd0adb7cebd1f1a1c33a0ba2098e1295bab"",""conflux-network"":""0x1f545487c62e5acfea45dcadd9c627361d1616d8"",""optimism-ethereum"":""0x68f180fcce6836688e9084f035309e29bf0a2095"",""kucoin-token"":""0xfA93C12Cd345c658bc4644D1D4E1B9615952258C"",""tron"":""TYhWwKpw43ENFWBTGpzLHn3882f2au7SMi"",""harmony"":""0x3095c7557bcb296ccc6e363de01b760ba031f2d9"",""zilliqa"":""zil1wha8mzaxhm22dpm5cav2tepuldnr8kwkvmqtjq"",""moonbeam"":""0x922d641a426dcffaef11680e5358f34d97d112e1"",""arbitrum"":""0x2f2a2543B76A4166549F7aaB2e75Bef0aefC5B0f"",""moonriver"":""0x78f811a431d248c1edcf6d95ec8551879b2897c3"",""iotex"":""0xC7b93720F73b037394cE00f954f849Ed484a3dEA"",""near-protocol"":""2260fac5e5542a773aa44fbcfedf7c193bc2c599.factory.bridge.near"",""telos"":""0x7627b27594bc71e6Ab0fCE755aE8931EB1E12DAC"",""velas"":""0x313dbD8e65C6499dE939e5317cA97Ccc6eD4c621"",""cronos"":""0x062E66477Faf219F25D27dCED647BF57C3107d52"",""osmosis"":""factory/osmo1z0qrq605sjgcqpylfl4aa6s90x738j7m58wyatt0tdzflg2ha26q67k743/wbtc"",""aurora-near"":""0xf4eb217ba2454613b15dbdea6e5f22276410e89e"",""metisdao"":""0xa5B55ab1dAF0F8e1EFc0eB1931a957fd89B918f4"",""stacks"":""SP3K8BC0PPEVCV7NZ6QSRWPQ2JE9E5B6N3PA0KBR9.token-wbtc"",""everscale"":""0:2ba32b75870d572e255809b7b423f30f36dd5dea075bd5f026863fceb81f2bcf"",""ethereum-pow"":""0x4bbd68d8b1f25ae7b460e3347c637fe9e7338e0c"",""gram"":""EQDcBkGHmC4pTf34x3Gm05XvepO5w60DNxZ-XT4I6-UGG5L5"",""sui"":""0xaafb102dd0902f5055cadecd687fb5b71ca82ef0e0285d90afde828ec58ca96b::btc::BTC"",""zksync"":""0xBBeB516fb02a01611cBBE0453Fe3c580D7281011"",""starknet-token"":""0x03fe2b97c1fd336e750087d68b9b867997fd64a2661ff3ca5a7c771641e8e7ac"",""merlin-chain"":""0xf6d226f9dc15d9bb51182815b320d3fbe324e1ba"",""uniswap"":""0x0555E30da8f98308EdB960aa94C0Db47230d2B9c"",""monad"":""0x0555E30da8f98308EdB960aa94C0Db47230d2B9c"",""tezos"":""0xbfc94cd2b1e55999cfc7347a9313e88702b83d0f""}"
3718,BTTOLD,BitTorrent,bittorrent,bittorrent.com,3718.png,"{""tron"":""1002000"",""bnb"":""0x8595f9da7b868b1822194faed312235e43007b49""}"
3722,TEMCO,TEMCO,temco,temco.io,3722.png,"{""kaia"":""0x3b3b30a76d169f72a0a38ae01b0d6e0fbee3cc2e""}"
3724,SOLVE,SOLVE,solve,tuumio.com,3724.png,"{""ethereum"":""0x446c9033e7516d820cc9a2ce2d0b7328b579406f""}"
3741,ECTE,EurocoinToken,eurocoin-token,eurocoinpay.io,3741.png,"{""ethereum"":""0xe9fa21e671bcfb04e6868784b89c19d5aa2424ea""}"
3748,HXRO,HXRO,hxro,hxro.com,3748.png,"{""ethereum"":""0x4bd70556ae3f8a6ec6c4080a0c327b24325438f3"",""solana"":""HxhWkVpk5NS4Ltg5nij2G671CKXFRKPK8vy271Ub4uEK""}"
3759,JNB,Jinbi Token,jinbi-token,jinbitoken.io,3759.png,"{""ethereum"":""0x21d5a14e625d767ce6b7a167491c2d18e0785fda""}"
3763,OWC,Oduwacoin,oduwa,oduwacoin.io,3763.png,{}
3768,PIB,PIBBLE,pibble,pibble.io,3768.png,"{""ethereum"":""0x1864ce27e9f7517047933caae530674e8c70b8a7"",""kaia"":""0xafde910130c335fa5bd5fe991053e3e0a49dce7b""}"
3769,HBX,HashBX,hashsbx,hashbx.io,3769.png,"{""bnb"":""0x7b674129D7cE4b17D7D69c4c68A00aa429230e88""}"
3773,FET,Artificial Superintelligence Alliance,artificial-superintelligence-alliance,superintelligence.io,3773.png,"{""ethereum"":""0xaea46A60368A7bD060eec7DF8CBa43b7EF41Ad85"",""bnb"":""0x031b41e504677879370e9dbcf937283a8691fa7f"",""cosmos"":""fetch1qxxlalvsdjd07p07y3rc5fu6ll8k4tmetpha8n"",""osmosis"":""ibc/5D1F516200EE8C6B2354102143B78A2DEDA25EDE771AC0F8DC3C1837C8FD4447""}"
3779,COT,CoTrader,cotrader,cotrader.com,3779.png,"{""ethereum"":""0x5c872500c00565505f3624ab435c222e558e9ff8"",""bnb"":""0x304fc73e86601a61a6c6db5b0eafea587622acdc""}"
3783,ANKR,Ankr,ankr,ankr.com,3783.png,"{""ethereum"":""0x8290333cef9e6d528dd5618fb97a76f268f3edd4"",""bnb"":""0xf307910a4c7bbc79691fd374889b36d8531b08e3"",""solana"":""Gq2norJ1kBemBp3mPfkgAUMhMMmnFmY4zEyi26tRcxFB"",""fantom"":""0xDF474B7109b73b7D57926d43598D5934131136b2"",""polygon-ecosystem-token"":""0x101a023270368c0d50bffb62780f4afd4ea79c35"",""avalanche"":""0xDF474B7109b73b7D57926d43598D5934131136b2"",""optimism-ethereum"":""0xAeAeeD23478c3a4b798e4ed40D8B7F41366Ae861"",""arbitrum"":""0xAeAeeD23478c3a4b798e4ed40D8B7F41366Ae861"",""polygon"":""0xdf474b7109b73b7d57926d43598d5934131136b2"",""blast"":""0x3580ac35BED2981d6bDD671a5982c2467d301241""}"
3794,ATOM,Cosmos,cosmos,cosmos.network,3794.png,"{""bnb"":""0x0eb3a705fc54725037cc9e008bdede697f62f335"",""osmosis"":""ibc/27394FB092D2ECCD56123C74F36E4C1F926001CEADA9CA97EA622B25F41E5EB2"",""ethereum"":""0x8D983cb9388EaC77af0474fA441C4815500Cb7BB"",""polygon-ecosystem-token"":""0xac51C4c48Dc3116487eD4BC16542e27B5694Da1b"",""cronos"":""0xb888d8dd1733d72681b30c00ee76bde93ae7aa93"",""canto"":""0xecEEEfCEE421D8062EF8d6b4D814efe4dc898265"",""injective"":""ibc/c4cff46fd6de35ca4cf4ce031e643c8fdc9ba4b99ae598e9b0ed98fe3a2319f9""}"
3801,BORA,BORA,bora,borachain.io,3801.png,"{""kaia"":""0x02cbe46fb8a1f579254a9b485788f2d86cad51aa""}"
3809,DOS,DOS Network,dos-network,dos.network,3809.png,"{""ethereum"":""0x0A913beaD80F321E7Ac35285Ee10d9d922659cB7""}"
3814,CELR,Celer Network,celer-network,celer.network,3814.png,"{""ethereum"":""0x4f9254c83eb525f9fcf346490bbb3ed28a81c667"",""bnb"":""0x1f9f6a696c6fd109cd3956f45dc709d2b3902163"",""moonbeam"":""0x3795C36e7D12A8c252A20C5a7B455f7c57b60283"",""oasis-network"":""0xf6a939e773fa4a63fd53f86bbbb279caad955035"",""metisdao"":""0x516e6D96896Aea92cE5e78B0348FD997F13802ad""}"
3816,VRA,Verasity,verasity,verasity.io,3816.png,"{""ethereum"":""0xf411903cbc70a74d22900a5de66a2dda66507255"",""bnb"":""0x1d58e204ca59328007469a614522903d69dc0a4c""}"
3822,TFUEL,Theta Fuel,theta-fuel,thetatoken.org,3822.png,{}
3826,TOP,TOP AI Network,top,topnetwork.org,3826.png,"{""ethereum"":""0xdcD85914b8aE28c1E62f1C488E1D968D5aaFfE2b""}"
3829,NEX,Nash,nash,nash.io,3829.png,"{""neo"":""3a4acd3647086e7c44398aac0349802e6a171129"",""ethereum"":""0xe2dc070524a6e305ddb64d8513dc444b6a1ec845"",""polygon-ecosystem-token"":""0xA486c6BC102f409180cCB8a94ba045D39f8fc7cB""}"
3835,ORBS,Orbs,orbs,orbs.com,3835.png,"{""ethereum"":""0xff56cc6b1e6ded347aa0b7676c85ab0b3d08b0fa"",""polygon-ecosystem-token"":""0x614389eaae0a6821dc49062d56bda3d9d45fa2ff"",""solana"":""7JnHPPJBBKSTJ7iEmsiGSBcPJgbcKw28uCRXtQgimncp"",""harmony"":""0xAaD96d04f00b718b9Ed43E39DB8E73DE61cEf8b7"",""bnb"":""0x43a8cab15D06d3a5fE5854D714C37E7E9246F170"",""arbitrum"":""0xf3C091ed43de9c270593445163a41A876A0bb3dd"",""avalanche"":""0x3Ab1C9aDb065F3FcA0059652Cd7A52B05C98f9a9"",""fantom"":""0x43a8cab15D06d3a5fE5854D714C37E7E9246F170""}"
3853,MTV,MultiVAC,multivac,mtv.ac,3853.png,"{""ethereum"":""0x6226e00bcac68b0fe55583b90a1d727c14fab77f"",""bnb"":""0x8aa688ab789d1848d131c65d98ceaa8875d97ef1""}"
3854,FUND,Unification,unification,unification.com,3854.png,"{""ethereum"":""0xe9B076B476D8865cDF79D1Cf7DF420EE397a7f75""}"
3855,LOCUS,Locus Chain,locus-chain,locuschain.com,3855.png,"{""ethereum"":""0xc64500dd7b0f1794807e67802f8abbf5f8ffb054""}"
3871,AB,AB,newton,ab.org,3871.png,"{""bnb"":""0x95034f653d5d161890836ad2b6b8cc49d14e029a""}"
3873,BOTX,botXcoin,botxcoin,botxcoin.com,3873.png,"{""ethereum"":""0xEF19F4E48830093Ce5bC8b3Ff7f903A0AE3E9Fa1""}"
3874,IRIS,IRISnet,irisnet,irisnet.org,3874.png,"{""osmosis"":""ibc/7C4D60AA95E5A7558B0A364860979CA34B7FF8AAF255B87AF9E879374470CEC0"",""ethereum"":""0x76C4A2B59523eaE19594c630aAb43288dBB1463f"",""polygon-ecosystem-token"":""0x3dc6052a693E4a2fc28Eb2Ea12fe0CfD3BD221D1""}"
3882,ARQ,Arqma,arqma,arqma.com,3882.png,{}
3893,NOW,ChangeNOW Token,now-token,changenow.io,3893.png,"{""ethereum"":""0xe9a95d175a5f4c9369f3b74222402eb1b837693b"",""bnb"":""NOW-E68""}"
3897,OKB,OKB,okb,okx.com,3897.png,"{""okb"":""0xeeeeeeeeeeeeeeeeeeeeeeeeeeeeeeeeeeeeeeee""}"
3898,AXE,Axe,axe,axerunners.com,3898.png,{}
3908,DIO,Decimated,decimated,decimated.net,3908.png,"{""solana"":""BiDB55p4G3n1fGhwKFpxsokBMqgctL4qnZpDH1bVQxMD""}"
3911,OCEAN,Ocean Protocol,ocean-protocol,oceanprotocol.com,3911.png,"{""ethereum"":""0x967da4048cd07ab37855c090aaf366e4ce1b9f48"",""sora"":""0x002ca40397c794e25dba18cf807910eeb69eb8e81b3f07bb54f7c5d1d8ab76b9""}"
3928,IDEX,IDEX,idex,idex.io,3928.png,"{""ethereum"":""0xb705268213d593b8fd88d3fdeff93aff5cbdcfae""}"
3930,TT,ThunderCore,thundercore,thundercore.com,3930.png,"{""ethereum"":""0x1E053D89E08c24aA2CE5C5B4206744Dc2D7BD8F5"",""bnb"":""0x990e7154bb999faa9b2fa5ed29e822703311ea85"",""thundercore"":""0xeeeeeeeeeeeeeeeeeeeeeeeeeeeeeeeeeeeeeeee""}"
3931,ELET,Elementeum,elementeum,etherlegends.com,3931.png,"{""ethereum"":""0x6c37bf4f042712c978a73e3fd56d1f5738dd7c43"",""polygon-ecosystem-token"":""0x07738Eb4ce8932CA961c815Cb12C9d4ab5Bd0Da4""}"
3933,SWIFT,SwiftCash,swiftcash,swiftcash.cc,3933.png,"{""bnb"":""0x99945f484EBc48F5307cC00cF8dCF8d6D3d4B017""}"
3935,SRK,SparkPoint,sparkpoint,sparkpoint.io,3935.png,"{""ethereum"":""0x0488401c3f535193fa8df029d9ffe615a06e74e6"",""bnb"":""0xc3440c10c4f36f354eb591b19fafb4906d449b75""}"
3945,ONE,Harmony,harmony,harmony.one,3945.png,"{""harmony"":""0xeeeeeeeeeeeeeeeeeeeeeeeeeeeeeeeeeeeeeeee""}"
3948,TERA,TERA,tera,terafoundation.org,3948.png,{}
3951,ARRR,Pirate Chain,pirate-chain,piratechain.com,3951.png,{}
3957,LEO,UNUS SED LEO,unus-sed-leo,bitfinex.com,3957.png,"{""ethereum"":""0x2af5d2ad76741191d15dfe7bf6ac92d4bd912ca3""}"
3964,RSR,Reserve Rights,reserve-rights,reserve.org,3964.png,"{""ethereum"":""0x320623b8e4ff03373931769a31fc52a4e78b5d70"",""base"":""0xab36452dbac151be02b16ca17d8919826072f64a""}"
3974,BTC2,Bitcoin 2,bitcoin2,bitc2.org,3974.png,{}
3978,CHR,Chromia,chromia,chromia.com,3978.png,"{""ethereum"":""0x8a2279d4a90b6fe1c4b30fa660cc9f926797baa2"",""bnb"":""0xf9CeC8d50f6c8ad3Fb6dcCEC577e05aA32B224FE""}"
3986,SCC,StakeCubeCoin,stakecubecoin,stakecube.net,3986.png,{}
3987,BDX,Beldex,beldex,beldex.io,3987.png,"{""bnb"":""0x9d10a1ec41Fe7878429BB457e31F9b050D38c633"",""ethereum"":""0x6ad12E761b438beA3EA09F6C6266556Bb24C2181"",""solana"":""CP4w2B3og2TaFUpye1kr8pdeJwwahtESKppZnffN9n9d"",""base"":""0x6ad12E761b438beA3EA09F6C6266556Bb24C2181""}"
3992,COTI,COTI,coti,coti.io,3992.png,"{""ethereum"":""0xDDB3422497E61e13543BeA06989C0789117555c5"",""bnb"":""0xadbaf88b39d37dc68775ed1541f1bf83a5a45feb""}"
4003,ZNN,Zenon,zenon,zenon.network,4003.png,"{""ethereum"":""0xb2e96a63479c2edd2fd62b382c89d5ca79f572d3""}"
4006,AWE,AWE,awe-network,awenetwork.ai,4006.png,"{""base"":""0x1B4617734C43F6159F3a70b7E06d883647512778""}"
4023,BTCB,Bitcoin BEP2,bitcoin-bep2,bitcoin.org,4023.png,"{""bnb"":""BTCB-1DE""}"
4024,RAVEN,Raven Protocol,raven-protocol,ravenprotocol.com,4024.png,"{""bnb"":""RAVEN-F66""}"
4026,DAPP,LiquidApps,liquid-apps,liquidapps.io,4026.png,"{""ethereum"":""0x939B462ee3311f8926c047D2B576C389092b1649""}"
4028,MOTA,MotaCoin,motacoin,motacoin.net,4028.png,"{""solana"":""Motafkn56HH6fwtYGJk4Lz7pRSpVB1ESScTCyj4eEL1""}"
4030,ALGO,Algorand,algorand,algorand.foundation,4030.png,"{""algorand"":""0""}"
4036,COS,Contentos,contentos,contentos.io,4036.png,"{""bnb"":""COS-2E4""}"
4038,MBL,MovieBloc,moviebloc,moviebloc.com,4038.png,"{""ontology"":""e5a49d7fd57e7178e189d3965d1ee64368a1036d""}"
4039,ARPA,ARPA,arpa-chain,arpanetwork.io,4039.png,"{""ethereum"":""0xba50933c268f567bdc86e1ac131be072c6b0b71a"",""bnb"":""0x6f769e65c14ebd1f68817f5f1dcdb61cfa2d6f7e"",""polygon-ecosystem-token"":""0xee800b277a96b0f490a1a732e1d6395fad960a26""}"
4041,MX,MX Token,mx-token,mexc.com,4041.png,"{""ethereum"":""0x11eef04c884e24d9b7b4760e7476d06ddf797f36""}"
4047,NBOT,Naka Bodhi Token,naka-bodhi-token,nakachain.org,4047.png,"{""ethereum"":""0x09Ccd2DA5dCDd0510268d4979e792381337138b8""}"
4056,AMPL,Ampleforth,ampleforth,ampleforth.org,4056.png,"{""ethereum"":""0xd46ba6d942050d489dbd938a2c909a5d5039a161"",""bnb"":""0xDB021b1B247fe2F1fa57e0A87C748Cc1E321F07F"",""avalanche"":""0x027dbcA046ca156De9622cD1e2D907d375e53aa7"",""meter-governance"":""0x1cf09d1b5da9d9d24365d87b932a7c4bd018a419""}"
4060,TRV,TrustVerse,trustverse,trustverse.io,4060.png,"{""ethereum"":""0x72955ecff76e48f2c8abcce11d54e5734d6f3657""}"
4064,USDK,USDK,usdk,oklink.com,4064.png,"{""ethereum"":""0x1c48f86ae57291f7686349f12601910bd8d470bb"",""okt"":""0xdcac52e001f5bd413aa6ea83956438f29098166b"",""solana"":""43m2ewFV5nDepieFjT9EmAQnc1HRtAF247RBpLGFem5F""}"
4066,CHZ,Chiliz,chiliz,chiliz.com,4066.png,"{""ethereum"":""0x3506424f91fd33084466f402d5d97f05f8e3b4af"",""solana"":""6eftxVbSAunVEoxUWdGhPdxg5UdsJ8Wkwy5w5YFuxouw"",""base"":""0x70c8392DE9b39a1E48d12A70Af6FF4Be25D6D0A2"",""chiliz"":""0xeeeeeeeeeeeeeeeeeeeeeeeeeeeeeeeeeeeeeeee""}"
4077,MPRA,Maya Preferred PRA,maya-preferred,mayapreferred.io,4077.png,"{""ethereum"":""0xEc1227BfB3e76d7a2A9bca24d9E98f68dE8bf808""}"
4090,WXT,Wirex Token,wirex-token,wirexapp.com,4090.png,"{""stellar"":""WXT-GASBLVHS5FOABSDNW5SPPH3QRJYXY5JHA2AOA2QHH2FJLZBRXSG4SWXT"",""ethereum"":""0xa02120696c7B8fE16C09C749E4598819b2B0E915"",""avalanche"":""0xfcDe4A87b8b6FA58326BB462882f1778158B02F1""}"
4092,DUSK,Dusk,dusk,dusk.network,4092.png,"{""ethereum"":""0x940a2db1b7008b6c776d4faaca729d6d4a4aa551"",""bnb"":""0xb2bd0749dbe21f623d9baba856d3b0f0e1bfec9c""}"
4100,QBX,QBX,qiibee,qiibeefoundation.org,4100.png,"{""ethereum"":""0x72FDc31f4a9a1EDF6B6132D3C1754F1CdcF5D9B1""}"
4102,TMN,TranslateMe Network Token,translateme-network-token,translateme.network,4102.png,"{""neo"":""d613223fa138a1555ff711581982462acde209c5""}"
4105,XCM,Coinmetro Token,coinmetro-token,coinmetro.com,4105.png,"{""ethereum"":""0x36ac219f90f5a6a3c77f2a7b660e3cc701f68e25""}"
4116,TKP,TOKPIE,tokpie,tokpie.io,4116.png,"{""ethereum"":""0xd31695a1d35e489252ce57b129fd4b1b05e6acac"",""bnb"":""0x7849ed1447250d0b896f89b58f3075b127ca29b3""}"
4118,FOR,ForTube,the-force-protocol,for.tube,4118.png,"{""ethereum"":""0x1fcdce58959f536621d76f5b7ffb955baa5a672f"",""bnb"":""0x658A109C5900BC6d2357c87549B651670E5b0539""}"
4119,VD,VinDax Coin,vindax-coin,vindax.com,4119.png,{}
4120,PROM,Prom,prom,prom.io,4120.png,"{""ethereum"":""0xfc82bb4ba86045af6f327323a46e80412b91b27d"",""bnb"":""0xaf53d56ff99f1322515e54fdde93ff8b3b7dafd5""}"
4134,KAON,Kaon,akropolis,kaon.global,4134.png,"{""ethereum"":""0x8ab7404063ec4dbcfd4598215992dc3f8ec853d7""}"
4139,BRZ,Brazilian Digital Token,brz,transfero.com,4139.png,"{""ethereum"":""0x01d33FD36ec67c6Ada32cf36b31e88EE190B1839"",""bnb"":""0x0295afd3D7E86068050d64509e515f2Db71b4914"",""solana"":""BRZbFNQDcWLfcdHmAkqEVnLHCAWKTRf6eHyEaWdZp3JN"",""polygon-ecosystem-token"":""0x4eD141110F6EeeAbA9A1df36d8c26f684d2475Dc"",""avalanche"":""0x05539F021b66Fd01d1FB1ff8E167CdD09bf7c2D0"",""celo"":""0xE9185Ee218cae427aF7B9764A011bb89FeA761B4"",""optimism-ethereum"":""0xE9185Ee218cae427aF7B9764A011bb89FeA761B4"",""moonbeam"":""0x3225edCe8aD30Ae282e62fa32e7418E4b9cf197b"",""arbitrum"":""0xa8940698fda5a07abaef4a5ccdf2f1bb525b47a2"",""base"":""0xE9185Ee218cae427aF7B9764A011bb89FeA761B4"",""chiliz"":""0xE9185Ee218cae427aF7B9764A011bb89FeA761B4""}"
4157,RUNE,THORChain,thorchain,thorchain.org,4157.png,"{""thorchain"":""THOR.RUNE""}"
4160,YEC,Ycash (y.cash),ycash,y.cash,4160.png,{}
4166,RIO,Realio Network,realio-network,realio.network,4166.png,"{""ethereum"":""0x94a8b4EE5CD64C79D0Ee816f467EA73009f51aA0"",""bnb"":""0x94a8b4EE5CD64C79D0Ee816f467EA73009f51aA0"",""osmosis"":""ibc/1CDF9C7D073DD59ED06F15DB08CC0901F2A24759BE70463570E8896F9A444ADF"",""solana"":""HELn8rSM1rp8vAjNH4NYXzX6FvCbwWMGqLfaMgiBnZFV"",""base"":""0x5e64c9049455b3bB6E9fbDC33565fa313BAe9B53""}"
4167,BTR,Bitrue Coin,bitrue-coin,bitrue.com,4167.png,"{""ethereum"":""0xd433138d12beB9929FF6fd583DC83663eea6Aaa5""}"
4172,LUNC,Terra Classic,terra-luna,terra-classic.io,4172.png,"{""ethereum"":""0xbd31ea8212119f94a611fa969881cba3ea06fa3d"",""bnb"":""0x156ab3346823B651294766e23e6Cf87254d68962"",""solana"":""F6v4wfAdJB8D8p77bMXZgYt8TDKsYxLYxH5AFhUkYx9W"",""terra-luna"":""uluna"",""polygon-ecosystem-token"":""0x9cd6746665D9557e1B9a775819625711d0693439"",""avalanche"":""0x70928E5B188def72817b7775F0BF6325968e563B"",""osmosis"":""ibc/0EF15DF2F02480ADE0BB6E85D9EBB5DAEA2836D3860E9F97F9AADE4F57A31AA0"",""secret"":""secret1ra7avvjh9fhr7dtr3djutugwj59ptctsrakyyw""}"
4189,UOS,Ultra,ultra,ultra.io,4189.png,"{""ethereum"":""0xd13c7342e1ef687c5ad21b27c2b65d772cab5c8c""}"
4195,FTT,FTX Token,ftx-token,,4195.png,"{""bnb"":""FTT-F11"",""ethereum"":""0x50d1c9771902476076ecfc8b2a83ad6b9355a4c9"",""solana"":""AGFEad2et2ZJif9jaGpdMixQqvW5i81aBdvKe7PHNfz3""}"
4197,SHR,ShareToken,sharetoken,sharering.network,4197.png,"{""ethereum"":""0x192675d1E131b9E339F16603E21b01A845D8C21e"",""bnb"":""SHR-DB6""}"
4206,WIN,WINkLink,wink,winklink.org,4206.png,"{""bnb"":""0xaef0d72a118ce24fee3cd1d43d383897d05b4e99"",""tron"":""TLa2f6VPqDgRE67v1736s7bJ8Ray5wYjU7""}"
4228,FRM,Ferrum Network,ferrum-network,ferrum.network,4228.png,"{""ethereum"":""0xe5caef4af8780e59df925470b050fb23c43ca68c"",""bnb"":""0xa719b8ab7ea7af0ddb4358719a34631bb79d15dc"",""polygon-ecosystem-token"":""0xd99baFe5031cC8B345cb2e8c80135991F12D7130"",""avalanche"":""0xE5CAeF4Af8780E59Df925470b050Fb23C43CA68C"",""arbitrum"":""0x9f6AbbF0Ba6B5bfa27f4deb6597CC6Ec20573FDA""}"
4229,YO,Yobit Token,yobit-token,yobit.net,4229.png,"{""ethereum"":""0xebf4ca5319f406602eeff68da16261f1216011b5""}"
4256,KLAY,Klaytn,klaytn,klaytn.foundation,4256.png,{}
4257,BTRS,Bitball Treasure,bitball-treasure,bitball-btb.com,4257.png,"{""ethereum"":""0x8a2FE0bBD6dfEA4bC19123bABD5630Fd8D7F070f""}"
4258,XTM,MinoTari (Tari L1),tari,tari.com,4258.png,{}
4263,BCNA,BitCanna,bitcanna,bitcanna.io,4263.png,"{""osmosis"":""ibc/D805F1DA50D31B96E4282C1D4181EDDFB1A44A598BFF5666F4B43E4B8BEA95A5"",""ethereum"":""0xeB5Bea778339e5F0C8D9419cf9891445af823A29"",""polygon-ecosystem-token"":""0xbcAe3a93bFa5258fEDB78758d45E03e3C2bda3E8""}"
4269,GT,GateToken,gatetoken,gatechain.io,4269.png,"{""ethereum"":""0xe66747a101bff2dba3697199dcce5b743b454759"",""solana"":""ABAq2R9gSpDDGguQxBk4u13s4ZYW6zbwKVBx15mCMG8""}"
4279,SXP,Solar,sxp,solar.org,4279.png,{}
4283,BF,BitForex Token,bitforex-token,bitforex.com,4283.png,"{""ethereum"":""0x5b71bee9d961b1b848f8485eec8d8787f80217f5""}"
4286,ZNZ,ZENZO,zenzo,zenzo.io,4286.png,{}
4293,PERL,PERL.eco,perlin,perl.eco,4293.png,"{""ethereum"":""0xeca82185adce47f39c684352b0439f030f860318"",""bnb"":""0x0f9e4d49f25de22c2202af916b681fbb3790497b"",""polygon-ecosystem-token"":""0xB121FCD122DAAa153bB8a102754127b2682645CB""}"
4298,RPZX,Rapidz,rapidz,rapidz.io,4298.png,"{""ethereum"":""0x68350d30d9f58c81aaaa41929f1bfc52fff4ea49""}"
4381,YCE,MYCE,myce,myce.world,4381.png,{}
4388,EXCC,ExchangeCoin,exchange-coin,excc.co,4388.png,{}
4411,TUP,TenUp,tenup,tenup.io,4411.png,"{""ethereum"":""0x7714f320Adca62B149df2579361AfEC729c5FE6A"",""base"":""0xcB8929D287c5e96B56c860f5c6dB1A0516082a6B""}"
4424,XDAG,XDAG,xdag,xdag.io,4424.png,{}
4441,VAIX,Vectorspace AI,vectorspace-ai,vectorspace.ai,4441.png,"{""ethereum"":""0xB7b37b81d4497AB317fc9d4A370CF243043d6bBe""}"
4460,PIRATE,PirateCash,piratecash,p.cash,4460.png,"{""bnb"":""0xaFCC12e4040615E7Afe9fb4330eB3D9120acAC05""}"
4467,EGG,Nestree,nestree,nestree.io,4467.png,"{""ethereum"":""0x65ccd72c0813ce6f2703593b633202a0f3ca6a0c""}"
4508,VOLTZ,Voltz,voltz,voltz.io,4508.png,"{""ethereum"":""0x60715e436c37444e29772c0d26a98ae1e8e1a989"",""bnb"":""0x15A94876de1D1C59198A0760B2ecBbEF1d0410fe""}"
4558,FLOW,Flow,flow,flow.com,4558.png,"{""ethereum"":""0x5c147e74D63B1D31AA3Fd78Eb229B65161983B2b"",""flow"":""A.1654653399040a61.FlowToken.Vault""}"
4566,XDB,XDB CHAIN,xdbchain,xdbchain.com,4566.png,{}
4568,JFIN,JFIN Coin,jfin,jfincoin.io,4568.png,"{""ethereum"":""0x940bdcb99a0ee5fb008a606778ae87ed9789f257""}"
4642,HBAR,Hedera,hedera,hedera.com,4642.png,"{""hedera"":""0xeeeeeeeeeeeeeeeeeeeeeeeeeeeeeeeeeeeeeeee""}"
4660,TLOS,Telos,telos,telos.net,4660.png,"{""ethereum"":""0x193f4A4a6ea24102F49b931DEeeb931f6E32405d"",""bnb"":""0x193f4A4a6ea24102F49b931DEeeb931f6E32405d"",""polygon-ecosystem-token"":""0x193f4A4a6ea24102F49b931DEeeb931f6E32405d"",""avalanche"":""0xed667dC80a45b77305Cc395DB56D997597Dc6DdD"",""arbitrum"":""0x193f4A4a6ea24102F49b931DEeeb931f6E32405d"",""telos"":""0xeeeeeeeeeeeeeeeeeeeeeeeeeeeeeeeeeeeeeeee"",""base"":""0x7252c865c05378ffc15120f428dd65804dd0ce63""}"
4679,BAND,Band,band-protocol,bandprotocol.com,4679.png,"{""ethereum"":""0xba11d00c5f74255f56a5e366f4f77f5a186d7f55"",""bnb"":""0xad6caeb32cd2c308980a548bd0bc5aa4306c6c18"",""gnosis-gno"":""0xe154A435408211AC89757B76C4FbE4Dc9ED2Ef27"",""fantom"":""0x46E7628E8b4350b2716ab470eE0bA1fa9e76c6C5""}"
4687,BUSD,BUSD,binance-usd,binance.com,4687.png,"{""bnb"":""BUSD-BD1"",""ethereum"":""0x4Fabb145d64652a948d72533023f6E7A623C7C53"",""avalanche"":""0x9C9e5fD8bbc25984B178FdCE6117Defa39d2db39"",""velas"":""0xc111c29a988ae0c0087d97b33c6e6766808a3bd3"",""harmony"":""0xe176ebe47d621b984a73036b9da5d834411ef734"",""solana"":""33fsBLA8djQm82RpHmE3SuVrPGtZBWNYExsEUeKX1HXX"",""polygon-ecosystem-token"":""0x9C9e5fD8bbc25984B178FdCE6117Defa39d2db39"",""bitrise-token"":""0x818ec0A7Fe18Ff94269904fCED6AE3DaE6d6dC0b"",""fuse-network"":""0x6a5F6A8121592BeCd6747a38d67451B310F7f156"",""tron"":""TMz2SWatiAtZVVcH2ebpsbVtYwUPT9EdjH"",""zksync"":""0x2039bb4116B4EFc145Ec4f0e2eA75012D6C0f181"",""linea"":""0x7d43AABC515C356145049227CeE54B608342c0ad""}"
4691,ZANO,Zano,zano,zano.org,4691.png,{}
4702,IDRT,Rupiah Token,rupiah-token,rupiahtoken.com,4702.png,"{""ethereum"":""0x998FFE1E43fAcffb941dc337dD0468d52bA5b48A"",""bnb"":""0x66207E39bb77e6B99aaB56795C7c340C08520d83"",""polygon-ecosystem-token"":""0x554cd6bdD03214b10AafA3e0D4D42De0C5D2937b"",""harmony"":""0xcefbea899cfccdc653b171d063481b622086be3f""}"
4703,BXC,BonusCloud,bonuscloud,bonuscloud.io,4703.png,"{""ethereum"":""0xdeCF7Be29F8832E9C2Ddf0388c9778B8Ba76af43""}"
4704,BAN,Banano,banano,banano.cc,4704.png,"{""ethereum"":""0xe20b9e246db5a0d21bf9209e4858bc9a3ff7a034"",""bnb"":""0xe20b9e246db5a0d21bf9209e4858bc9a3ff7a034"",""fantom"":""0xe20b9e246db5a0d21bf9209e4858bc9a3ff7a034"",""polygon-ecosystem-token"":""0xe20b9e246db5a0d21bf9209e4858bc9a3ff7a034"",""arbitrum"":""0xe20b9e246db5a0d21bf9209e4858bc9a3ff7a034""}"
4705,PAXG,PAX Gold,pax-gold,paxg.com,4705.png,"{""ethereum"":""0x45804880de22913dafe09f4980848ece6ecbaf78""}"
4710,CERE,Cere Network,cere-network,cere.network,4710.png,"{""ethereum"":""0x2da719db753dfa10a62e140f436e1d67f2ddb0d6"",""base"":""0x9886447ff4c350f4600e4bf95db756bdc629b1ca""}"
4747,VLX,Velas,velas,velas.com,4747.png,"{""ethereum"":""0x8c543aed163909142695f2d2acd0d55791a9edb9"",""bnb"":""0xe9c803f48dffe50180bd5b01dc04da939e3445fc""}"
4757,XRT,Robonomics.network,robonomics-network,robonomics.network,4757.png,"{""ethereum"":""0x7de91b204c1c737bcee6f000aaa6569cf7061cb7"",""sora"":""0x0083d5cbb4b90163b6a003e8f771eb7c0e2b706892cd0cbadb03f55cb9e06919""}"
4758,DF,dForce,dforce,dforce.network,4758.png,"{""ethereum"":""0x431ad2ff6a9c365805ebad47ee021148d6f7dbe0"",""bnb"":""0x4A9A2b2b04549C3927dd2c9668A5eF3fCA473623"",""polygon-ecosystem-token"":""0x08C15FA26E519A78a666D19CE5C646D55047e0a3"",""arbitrum"":""0xaE6aab43C4f3E0cea4Ab83752C278f8dEbabA689""}"
4761,NU,NuCypher,nucypher,nucypher.com,4761.png,"{""ethereum"":""0x4fe83213d56308330ec302a8bd641f1d0113a4cc""}"
4777,AZ,Azbit,azbit,azbit.com,4777.png,"{""bnb"":""0xaaaafdc2e08371b956be515b3f3ff735ab9c9d74""}"
4804,ROOBEE,ROOBEE,roobee,roobee.io,4804.png,"{""ethereum"":""0xa31b1767e09f842ecfd4bc471fe44f830e3891aa"",""bnb"":""0xF77351D8f4eE853135961A936BB8d2e4fFa75f9D"",""polygon-ecosystem-token"":""0xFaFA220145DfA5C3Ec85B6FA8a75aEE2451CDe5E"",""avalanche"":""0x4036f3d9c45a20f44f0b8B85dD6CA33005fF9654"",""optimism-ethereum"":""0xb12c13e66AdE1F72f71834f2FC5082Db8C091358"",""arbitrum"":""0x3BD2dFd03BC7c3011ed7fb8c4d0949B382726cee""}"
4807,CTK,Shentu,shentu,shentu.technology,4807.png,"{""bnb"":""0xa8c2b8eec3d368c0253ad3dae65a5f2bbb89c929""}"
4808,BCNT,Bincentive,bincentive,bincentive.com,4808.png,"{""ethereum"":""0x9669890e48f330acd88b78d63e1a6b3482652cd9""}"
4813,XBT,XBIT,4xbit,xbitcc.com,4813.png,{}
4846,KAVA,Kava,kava,kava.io,4846.png,"{""ethereum"":""0x0C356B7fD36a5357E5A017EF11887ba100C9AB76"",""bnb"":""0x9BAFC8d4b487cEBff201721702507a3E2C67ad79"",""polygon-ecosystem-token"":""0x87D32F2C0A3D6D091772890C81E321026454a125"",""osmosis"":""ibc/57AA1A70A4BC9769C525EBF6386F7A21536E04A79D62E1981EFCEF9428EBB205"",""kava"":""0xeeeeeeeeeeeeeeeeeeeeeeeeeeeeeeeeeeeeeeee""}"
4847,STX,Stacks,stacks,stacks.co,4847.png,{}
4850,LINKA,LINKA,linka,linka.io,4850.png,"{""ethereum"":""0x578b49c45961f98d8df92854b53f1641af0a5036""}"
4909,MERGE,Merge,project-merge,projectmerge.org,4909.png,"{""bnb"":""0x2d5c9167fdd5c068c8fcb8992e6af639b42fbf70""}"
4915,UCX,UCX,utilies-cryptocurrency-exchange,gbckorea.co.kr,4915.png,"{""ethereum"":""0x3D3af44cf092a49280e316f09c8f20ecf97BC933""}"
4927,GRG,RigoBlock,rigoblock,rigoblock.com,4927.png,"{""ethereum"":""0x4fbb350052bca5417566f188eb2ebce5b19bc964"",""bnb"":""0x3d473C3eF4Cd4C909b020f48477a2EE2617A8e3C"",""polygon-ecosystem-token"":""0xbc0bea8e634ec838a2a45f8a43e7e16cd2a8ba99"",""optimism-ethereum"":""0xecf46257ed31c329f204eb43e254c609dee143b3"",""arbitrum"":""0x7f4638a58c0615037decc86f1dae60e55fe92874"",""base"":""0x09188484e1ab980daef53a9755241d759c5b7d60""}"
4943,DAI,Dai,multi-collateral-dai,makerdao.com,4943.png,"{""ethereum"":""0x6b175474e89094c44da98b954eedeac495271d0f"",""bnb"":""0x1af3f329e8be154074d8769d1ffa4ee058b1dbc3"",""gnosis-gno"":""0x44fA8E6f47987339850636F88629646662444217"",""fantom"":""0x8D11eC38a3EB5E956B052f67Da8Bdc9bef8Abf3E"",""polygon-ecosystem-token"":""0x8f3Cf7ad23Cd3CaDbD9735AFf958023239c6A063"",""avalanche"":""0xd586E7F844cEa2F87f50152665BCbc2C279D8d70"",""optimism-ethereum"":""0xda10009cbd5d07dd0cecc66161fc93d7c9000da1"",""sora"":""0x0200060000000000000000000000000000000000000000000000000000000000"",""arbitrum"":""0xDA10009cBd5D07dd0CeCc66161FC93D7c9000da1"",""harmony"":""0xef977d2f931c1978db5f6747666fa1eacb0d0339"",""moonriver"":""0x80a16016cc4a2e6a2caca8a4a498b1699ff0f844"",""boba-network"":""0xf74195Bb8a5cf652411867c5C2C5b8C2a402be35"",""solana"":""EjmyN6qEC1Tf1JxiG1ae7UTJhUxSwk1TCWNWqxWV4J6o"",""terra-luna"":""terra1zmclyfepfmqvfqflu8r3lv6f75trmg05z7xq95"",""moonbeam"":""0x765277eebeca2e31912c9946eae1021199b39c61"",""aurora-near"":""0xe3520349f477a5f6eb06107066048508498a291b"",""kaia"":""0x5c74070fdea071359b86082bd9f9b3deaafbe32b"",""metisdao"":""0x4651b38e7ec14bb3db731369bfe5b08f2466bd0a"",""cronos"":""0xf2001b145b43032aaf5ee2884e456ccd805f677d"",""near-protocol"":""6b175474e89094c44da98b954eedeac495271d0f.factory.bridge.near"",""everscale"":""0:eb2ccad2020d9af9cec137d3146dde067039965c13a27d97293c931dae22b2b9"",""bitrise-token"":""0xfA9343C3897324496A05fC75abeD6bAC29f8A40f"",""energi"":""0x0ee5893f434017d8881750101ea2f7c49c0eb503"",""osmosis"":""ibc/0CD3A0285E1341859B5E86B6AB7682F023D03E97607CCC1DC95706411D866DF7"",""gram"":""EQDo_ZJyQ_YqBzBwbVpMmhbhIddKtRP99HugZJ14aFscxi7B"",""pulsechain"":""0xefd766ccb38eaf1dfd701853bfce31359239f305"",""starknet-token"":""0xda114221cb83fa859dbdb4c44beeaa0bb37c7537ad5ae66fe5e0efd20e6eb3"",""base"":""0x50c5725949a6f0c72e6c4a641f24049a917db0cb"",""anubis"":""0x83fd06f0846d9d90b3016bf670efe2e0b11cde14""}"
4944,TRB,Tellor,tellor,tellor.io,4944.png,"{""ethereum"":""0x88dF592F8eb5D7Bd38bFeF7dEb0fBc02cf3778a0"",""gnosis-gno"":""0xaad66432d27737ecf6ed183160adc5ef36ab99f2"",""polygon-ecosystem-token"":""0xE3322702BEdaaEd36CdDAb233360B939775ae5f1"",""optimism-ethereum"":""0xaf8cA653Fa2772d58f4368B0a71980e9E3cEB888"",""arbitrum"":""0xd58D345Fd9c82262E087d2D0607624B410D88242""}"
4948,CKB,Nervos Network,nervos-network,nervos.org,4948.png,"{""nervos-network"":""0xeeeeeeeeeeeeeeeeeeeeeeeeeeeeeeeeeeeeeeee""}"
4950,LCX,LCX,lcx,lcx.com,4950.png,"{""ethereum"":""0x8CD41041505885EF0aD3858181D66f17BE8aae7E""}"
4953,FCT,FirmaChain,firmachain,firmachain.org,4953.png,"{""ethereum"":""0xe1bad922f84b198a08292fb600319300ae32471b""}"
4956,MAPO,MAP Protocol,map-protocol,mapprotocol.io,4956.png,"{""ethereum"":""0x7046933234A82AF77F14625e8d0fA9Bcc5044a7E"",""bnb"":""0x7046933234A82AF77F14625e8d0fA9Bcc5044a7E"",""map-protocol"":""0xeeeeeeeeeeeeeeeeeeeeeeeeeeeeeeeeeeeeeeee""}"
4985,ARDX,ArdCoin,ardcoin,ardcoin.com,4985.png,"{""ethereum"":""0x4039075fe3607F064129458299a616c8723efd97"",""bnb"":""0x4039075fe3607F064129458299a616c8723efd97"",""polygon-ecosystem-token"":""0x4039075fe3607F064129458299a616c8723efd97""}"
5005,ARX,ARCS,arcs,arcs-chain.com,5005.png,"{""ethereum"":""0x7d8DafF6d70CEAd12c6f077048552Cf89130A2B1""}"
5007,TROY,TROY,troy,troytrade.com,5007.png,"{""bnb"":""TROY-9B8"",""ethereum"":""0x4574562e9310a94f9ca962bd23168d8a06875b1a""}"
5015,HEX,HEX,hex,hex.com,5015.png,"{""ethereum"":""0x2b591e99afe9f32eaa6214f7b7629768c40eeb39"",""polygon-ecosystem-token"":""0x23D29D30e35C5e8D321e1dc9A8a61BFD846D4C5C""}"
5024,ALTS,Crypto-Altcoins.com,all-best-ico,crypto-altcoins.com,5024.png,"{""solana"":""A2C5f6oYH2ipGb1mQTRDrUvKtNYtS6jnyaeXDXaZYpj7""}"
5025,JADE,Jade Currency,jade-currency,jadecurrency.com,5025.png,"{""bnb"":""0x330F4fe5ef44B4d0742fE8BED8ca5E29359870DF""}"
5026,OXT,Orchid,orchid,orchid.com,5026.png,"{""ethereum"":""0x4575f41308EC1483f3d399aa9a2826d74Da13Deb""}"
5031,MWC,MimbleWimbleCoin,mimblewimblecoin,mwc.mw,5031.png,{}
5034,KSM,Kusama,kusama,kusama.network,5034.png,{}
5049,VRSC,Verus,veruscoin,verus.io,5049.png,{}
5052,ANK,Apple Network,apple-network,applenetwork.io,5052.png,"{""ethereum"":""0x3c45b24359fb0e107a4eaa56bd0f2ce66c99a0e5""}"
5062,LX,LayerX,bepro-network,layerx.xyz,5062.png,"{""ethereum"":""0xcf3c8be2e2c42331da80ef210e9b1b307c03d36a"",""polygon-ecosystem-token"":""0x07cc1cc3628cc1615120df781ef9fc8ec2feae09"",""moonbeam"":""0x4EdF8E0778967012D46968ceadb75436d0426f88"",""moonriver"":""0xCb4a593ce512D78162C58384f0b2Fd6e802c2c47""}"
5066,MON,MoneyByte,moneybyte,moneybyte.org,5066.png,{}
5067,MAX,MAX Exchange Token,max-exchange-token,max.maicoin.com,5067.png,"{""ethereum"":""0xe7976c4Efc60d9f4C200Cc1bCEF1A1e3B02c73e7""}"
5068,XTN,Neutrino Index,neutrino-usd,neutrino.at,5068.png,"{""ethereum"":""0x674C6Ad92Fd080e4004b2312b45f796a192D27a0"",""bnb"":""0x03ab98f5dc94996f8c33e15cd4468794d12d41f9"",""waves"":""DG2xFkPdDwKUoBkzGAhQtLpSGzfXLiCYPEzeKH2Ad24p""}"
5070,XTP,Tap,tap,withtap.com,5070.png,"{""ethereum"":""0x6368e1E18c4C419DDFC608A0BEd1ccb87b9250fc""}"
5113,SURE,inSure DeFi,insure,insuretoken.net,5113.png,"{""ethereum"":""0xcb86c6a22cb56b6cf40cafedb06ba0df188a416e"",""bnb"":""0x9b17baadf0f21f03e35249e0e59723f34994f806"",""polygon-ecosystem-token"":""0xF88332547c680F755481Bf489D890426248BB275"",""avalanche"":""0x5fc17416925789e0852fbfcd81c490ca4abc51f9""}"
5114,CNB,Coinsbit Token,coinsbit-token,coinsbit.io,5114.png,"{""ethereum"":""0xC538143202f3b11382D8606aae90a96b042a19DB""}"
5117,OGN,Origin Protocol,origin-protocol,originprotocol.com,5117.png,"{""ethereum"":""0x8207c1ffc5b6804f6024322ccf34f29c3541ae26"",""base"":""0x7002458B1DF59EccB57387bC79fFc7C29E22e6f7""}"
5119,DGLD,Digital Gold,dgld,dgld.ch,5119.png,"{""ethereum"":""0xa9299c296d7830a99414d1e5546f5171fa01e9c8"",""solana"":""dg1dmo6NZNagkwB6EAfUeaco6CFXFLRhb1KCrsqXTVz"",""base"":""0xe908475f8Beb7A138B0dc6eb5A05cb27068ffB9A""}"
5125,MCM,Mochimo,mochimo,mochimo.org,5125.png,{}
5161,WRX,WazirX,wazirx,wazirx.com,5161.png,"{""bnb"":""WRX-ED1"",""polygon-ecosystem-token"":""0x72d6066F486bd0052eefB9114B66ae40e0A6031a""}"
5176,XAUT,Tether Gold,tether-gold,gold.tether.to,5176.png,"{""ethereum"":""0x68749665FF8D2d112Fa859AA293F07A622782F38"",""bnb"":""0x21cAef8A43163Eea865baeE23b9C2E327696A3bf""}"
5184,BTCP,Bitcoin Pro,bitcoin-pro,bitcoinpro.money,5184.png,"{""ethereum"":""0x723cbfc05e2cfcc71d3d89e770d32801a5eef5ab"",""bnb"":""0x5de820707adc87b4581f8e7914a65341e68216db"",""polygon-ecosystem-token"":""0x939dbA50a98A0a4dA1BE61FF0C32Fd51c8c81627""}"
5187,JRT,Jarvis Network,jarvis-network,jarvis.network,5187.png,"{""ethereum"":""0x8a9c67fee641579deba04928c4bc45f66e26343a""}"
5198,CTC,Creditcoin,creditcoin,creditcoin.org,5198.png,"{""ethereum"":""0xa3ee21c306a700e682abcdfe9baa6a08f3820419""}"
5200,GLEEC,Gleec Coin,gleec,gleec.com,5200.png,{}
5205,XMALL,cryptomall,cryptomall,crypto-mall.org,5205.png,"{""ethereum"":""0xd39aee2f2b6660ad6e86db6b3cb21cce6b0cd01f""}"
5219,USDB,USD Bancor,usd-bancor,usdb.peg.network,5219.png,"{""ethereum"":""0x309627af60f0926daa6041b8279484312f2bf060""}"
5221,HNS,Handshake,handshake,handshake.org,5221.png,{}
5224,JUV,Juventus Fan Token,juventus-fan-token,socios.com,5224.png,"{""solana"":""HE6bLNs16qgQo2jVSMXDSCnxQahjdVrww7qQPrHrZtEw"",""base"":""0x68504B889978f8f2A7ff0e29CdD8830856e4dCbA"",""chiliz"":""0xeaf368dadc22524def47e8a1c26bfc17ac16e6f5""}"
5225,BAR,FC Barcelona Fan Token,fc-barcelona-fan-token,socios.com,5225.png,"{""solana"":""82DNsTK61ZrgCHP6pfP32Eubcsp9h38d64E6X9ETEBBe"",""base"":""0x110A0fC65a0f78840f4b4A04A42e8c285E424553"",""chiliz"":""0x1589248b4b61ed472cc21ca1f2114d93ab6910d5""}"
5226,PSG,Paris Saint-Germain Fan Token,paris-saint-germain-fan-token,socios.com,5226.png,"{""solana"":""5eyib4qghYGHNh7VvxSFGYLFJSanjq9hug9fR52kksnm"",""base"":""0xDD15623d107c639aF0C5127AFFA26d3f20327EC8"",""chiliz"":""0xfe1d4a935df7a4a52f835f6104c97af9d72217f2""}"
5227,ATM,Atletico De Madrid Fan Token,atletico-de-madrid-fan-token,socios.com,5227.png,"{""solana"":""6VdpC1hcx7byFtJ5M6Xhspa6Uup5rZHruzXvuJhXAyXm"",""base"":""0xb46357d8ed050d35d3a24154c39d7236dae86187"",""chiliz"":""0x7da0eb973d982ffca095e80437f5e37459a95c67""}"
5228,GAL,Galatasaray Fan Token,galatasaray-fan-token,socios.com,5228.png,"{""solana"":""EDzhmkPa5gToYGowjH66xycCRgPmfWNzfqpXdCzsYb8M"",""base"":""0xdf29de222a4fcf9e5b01028edce0d92f9a72cc6a"",""chiliz"":""0x770da1e5dDB22f3Ccc2482493BD9B10A7A8A38Ae""}"
5229,ASR,AS Roma Fan Token,as-roma-fan-token,socios.com,5229.png,"{""solana"":""3cVuTnMj8FeqK82PDgK4JzKnLP7LM6GauqTyqnxtcSk1"",""base"":""0x53838837f258f8ef337c8b4ceb60a89190ecba8b"",""chiliz"":""0x0ac7bf9783ca1dcd86a39b5a2607160d29256eb0""}"
5263,CDAI,Compound Dai,compound-dai,compound.finance,5263.png,"{""ethereum"":""0x5d3a536e4d6dbd6114cc1ead35777bab948e3643""}"
5266,MLK,MiL.k,milk-alliance,milkalliance.io,5266.png,"{""arbitrum"":""0x374c5FB7979d5fDBAAd2d95409e235e5CBdfD43C""}"
5268,EWT,Energy Web Token,energy-web-token,energyweb.org,5268.png,"{""ethereum"":""0xB66a5D30D04f076E78ffB0d045C55846Fdcde928""}"
5275,PCI,Paycoin,payprotocol,payprotocol.io,5275.png,"{""ethereum"":""0x3C2A309d9005433c1BC2C92EF1bE06489e5bf258""}"
5279,SOLO,Sologenic,sologenic,sologenic.org,5279.png,"{""bnb"":""0xc2c28b58db223da89b567a0a98197fc17c115148"",""xrp"":""534F4C4F00000000000000000000000000000000.rsoLo2S1kiGeCcn6hCUXVrCpGMWLrRrLZz""}"
5305,BTSE,BTSE Token,btse,btse.com,5305.png,"{""ethereum"":""0x666d875c600aa06ac1cf15641361dec3b00432ef""}"
5309,OG,OG Fan Token,og-fan-token,socios.com,5309.png,"{""solana"":""BtjXf3LA7Z3jxAcQkKUqKYpLFS5B7GuB7pfjzeas1tdB"",""base"":""0xccd6ee493ce30ba25291f563f8b6892af4ba202a"",""chiliz"":""0xb3f2e39acc68f98229b2587361a8ce30acdf0442""}"
5326,ORC,Orbit Chain,orbit-chain,orbitchain.io,5326.png,"{""ethereum"":""0x662b67d00a13faf93254714dd601f5ed49ef2f51""}"
5328,WOM,WOM Protocol,wom-protocol,womprotocol.io,5328.png,"{""ethereum"":""0xBd356a39BFf2cAda8E9248532DD879147221Cf76""}"
5332,CNX,Cofinex,cofinex-coin,cofinex.io,5332.png,"{""bnb"":""0xdea0b8ad5806d8bE6EA38Ba4E5fc36118808EB04""}"
5338,CUBE,Somnium Space Cubes,somnium-space-cubes,somniumspace.com,5338.png,"{""ethereum"":""0xdf801468a808a32656d2ed2d2d80b72a129739f4""}"
5350,XPR,XPR Network,proton,xprnetwork.org,5350.png,"{""ethereum"":""0xd7efb00d12c2c13131fd319336fdf952525da2af"",""bnb"":""0x5de3939b2f811a61d830e6f52d13b066881412ab""}"
5354,PEAK,PEAKDEFI,peakdefi,peakdefi.com,5354.png,"{""ethereum"":""0x630d98424efe0ea27fb1b3ab7741907dffeaad78"",""bnb"":""0x630d98424efe0ea27fb1b3ab7741907dffeaad78""}"
5358,IBS,IBStoken,ibstoken,ibstoken.org,5358.png,"{""polygon-ecosystem-token"":""0xB9dF5FDa1c435cD4017a1F1F9111996520b64439""}"
5370,HIVE,Hive,hive-blockchain,hive.io,5370.png,{}
5375,HBD,Hive Dollar,hive-dollar,hive.io,5375.png,{}
5380,HUNT,Hunt Town,hunt,hunt.town,5380.png,"{""ethereum"":""0x9aab071b4129b083b01cb5a0cb513ce7eca26fa5"",""base"":""0x37f0c2915cecc7e977183b8543fc0864d03e064c""}"
5382,EL,ELYSIA,elysia,elysia.land,5382.png,"{""ethereum"":""0x2781246fe707bb15cee3e5ea354e2154a2877b16"",""bnb"":""0x5357e9c3488c7680e710b46b744e706e484b4ad7"",""gram"":""EQDtSJyon_pvLOyVFhMkXZi3_VUvl-jCzlA_ye_ZTsVde9fa""}"
5392,SCOP,Scopuly,scopuly-coin,scopuly.com,5392.png,"{""stellar"":""SCOP-GC6OYQJIZF3HFXCYPFCBXYXNGIBQ4TNSFUBUXQJOZWIP6F3YZK4QH3VQ""}"
5401,CLT,CoinLoan,coinloan,coinloan.io,5401.png,"{""ethereum"":""0x2001f2a0cf801ecfda622f6c28fb6e10d803d969""}"
5407,KDG,KingdomStarter,kingdomstarter,kingdomstarter.io,5407.png,"{""bnb"":""0x87a2d9a9a6b2d61b2a57798f1b4b2ddd19458fb6""}"
5410,PRQ,PARSIQ,parsiq,reactive.network,5410.png,"{""ethereum"":""0x362bc847A3a9637d3af6624EeC853618a43ed7D2"",""bnb"":""0xd21d29b38374528675c34936bf7d5dd693d2a577""}"
5423,DSLA,DSLA Protocol,dsla-protocol,dsla.network,5423.png,"{""ethereum"":""0x3affcca64c2a6f4e3b6bd9c64cd2c969efd1ecbe"",""bnb"":""0x1861c9058577c3b48e73d91d6f25c18b17fbffe0"",""fantom"":""0x25a528af62e56512a19ce8c3cab427807c28cc19"",""polygon-ecosystem-token"":""0xa0e390e9cea0d0e8cd40048ced9fa9ea10d71639"",""avalanche"":""0xD7c295E399CA928A3a14b01D760E794f1AdF8990"",""harmony"":""0x34704c70e9ec9fb9a921da6daad7d3e19f43c734"",""arbitrum"":""0x7CE746B45eaBD0C4321538DeC1B849c79A9A8476""}"
5426,SOL,Solana,solana,solana.com,5426.png,"{""solana"":""So11111111111111111111111111111111111111111""}"
5429,DEP,DEAPcoin,deapcoin,dea.sg,5429.png,"{""ethereum"":""0x1a3496c18d558bd9c6c8f609e1b129f67ab08163"",""bnb"":""0xcaf5191fc480f43e4df80106c7695eca56e48b18"",""solana"":""BgwQjVNMWvt2d8CN51CsbniwRWyZ9H9HfHkEsvikeVuZ"",""fantom"":""0x8dFDC61c7c7551D0DEec950A2822eB59cddb8f59"",""polygon-ecosystem-token"":""0xd0ee109352c6116db0f17f4aa8519cdbfc7e7887"",""avalanche"":""0xD4d026322C88C2d49942A75DfF920FCfbC5614C1""}"
5434,PBTC,pTokens BTC,ptokens-btc,p.network,5434.png,"{""ethereum"":""0x62199B909FB8B8cf870f97BEf2cE6783493c4908"",""vaulta"":""btc.ptokens"",""bnb"":""0xeD28A457A5A76596ac48d87C0f577020F6Ea1c4C"",""algorand"":""744665252"",""gnosis-gno"":""0x3effbc016fc50beacd4fa1c7be20cddca38e7f66"",""polygon-ecosystem-token"":""0xd7ecf95cf7ef5256990beaf4ac895cd9e64cb947"",""arbitrum"":""0x115d8bf0a53e751f8a472f88d587944ec1c8ca6d"",""telos"":""btc.ptokens""}"
5435,EPIC,Epic Private Internet Cash,epic-cash,epiccash.com,5435.png,{}
5437,BIZZ,BIZZCOIN,bizzcoin,bizzcoin.com,5437.png,"{""tron"":""TLZ1eA1KM7qgRk4VWQ9GyPHGDh4KdGrF7w""}"
5444,CTSI,Cartesi,cartesi,cartesi.io,5444.png,"{""ethereum"":""0x491604c0fdf08347dd1fa4ee062a822a5dd06b5d"",""bnb"":""0x8da443f84fea710266c8eb6bc34b71702d033ef2"",""polygon-ecosystem-token"":""0x2727Ab1c2D22170ABc9b595177B2D5C6E1Ab7B7B"",""avalanche"":""0x6b289cceaa8639e3831095d75a3e43520fabf552"",""optimism-ethereum"":""0xEc6adef5E1006bb305bB1975333e8fc4071295bf"",""arbitrum"":""0x319f865b287fCC10b30d8cE6144e8b6D1b476999"",""base"":""0x259fac10c5cbfefe3e710e1d9467f70a76138d45""}"
5445,LBK,LBK,lbk,lbank.info,5445.png,"{""ethereum"":""0x9cb1aeafcc8a9406632c5b084246ea72f62d37b6""}"
5450,WBX,Wibx,wibx,wibx.io,5450.png,"{""ethereum"":""0xbb97e381f1d1e94ffa2a5844f6875e6146981009""}"
5453,KAI,KaiChain,kardiachain,kai.now,5453.png,"{""bnb"":""0x39ae8eefb05138f418bb27659c21632dc1ddab10"",""arbitrum"":""0xa891b374942cde9061e044c1d19c5b5de06a68e1"",""kardiachain"":""0xeeeeeeeeeeeeeeeeeeeeeeeeeeeeeeeeeeeeeeee""}"
5473,CRDT,CRDT,crdt,crdt.io,5473.png,"{""ethereum"":""0xDaab5E695bb0E8Ce8384ee56BA38fA8290618e52""}"
5488,JST,JUST,just,just.network,5488.png,"{""tron"":""TCFLL5dx5ZJdKnWuesXxi1VPwjLVmWZZy9""}"
5522,SENSO,SENSO,senso,sensoriumxr.com,5522.png,"{""ethereum"":""0xc19b6a4ac7c7cc24459f08984bbd09664af17bd1"",""polygon-ecosystem-token"":""0x5Bf9496F0CD1f71C3353C3766F510772D7553b4f""}"
5540,MPS,Mt Pelerin Shares,mt-pelerin,mtpelerin.com,5540.png,"{""ethereum"":""0x96c645d3d3706f793ef52c19bbace441900ed47d"",""gnosis-gno"":""0xfa57AA7beED63D03Aaf85fFd1753f5f6242588fb""}"
5541,CHI,Xaya,xaya,xaya.io,5541.png,"{""ethereum"":""0x6DC02164d75651758aC74435806093E421b64605"",""bnb"":""0x22648c12acd87912ea1710357b1302c6a4154ebc"",""gnosis-gno"":""0x7211ab649A4139561a152B787de52D257cbAAee9"",""polygon-ecosystem-token"":""0xE79feAAA457ad7899357E8E2065a3267aC9eE601"",""arbitrum"":""0xA64eCCe74F8CdB7a940766B71f1b108BAC69851a""}"
5552,HTR,Hathor,hathor,hathor.network,5552.png,{}
5566,KEEP,Keep Network,keep-network,keep.network,5566.png,"{""ethereum"":""0x85eee30c52b0b379b046fb0f85f4f3dc3009afec"",""solana"":""64L6o4G2H7Ln1vN7AHZsUMW4pbFciHyuwn4wUdSbcFxh""}"
5567,CELO,Celo,celo,celo.org,5567.png,"{""celo"":""0x471ece3750da237f93b8e339c536989b8978a438"",""near-protocol"":""celo.token.a11bd.near""}"
5583,HAI,Hacken Token,hackenai,hacken.ai,5583.png,"{""ethereum"":""0x6403AF1267CacC0714C1Bd916B12F80e179c0558"",""bnb"":""0x582a560B9f8EAa5B6c889D7674532bcd61F066EC"",""vechain"":""0xacc280010b2ee0efc770bce34774376656d8ce14"",""base"":""0x7002987e5F63716273E77b51E12A578143C222aa""}"
5589,DXD,DXdao,dxdao,dxdao.eth.limo,5589.png,"{""ethereum"":""0xa1d65e8fb6e87b60feccbc582f7f97804b725521""}"
5600,ATT,Attila,attila,attnetwork.org,5600.png,"{""ethereum"":""0x89Fb927240750c1B15d4743cd58440fc5f14A11C""}"
5601,STAKE,STAKE,xdai,xdaichain.com,5601.png,"{""ethereum"":""0x0Ae055097C6d159879521C384F1D2123D1f195e6"",""gnosis-gno"":""0xb7D311E2Eb55F2f68a9440da38e7989210b9A05e""}"
5604,SCRT,Secret,secret,scrt.network,5604.png,"{""osmosis"":""ibc/0954E1C28EB7AF5B72D24F3BC2B47BBB2FDF91BDDFD57B74B99E133AED40972A"",""secret"":""secret1k0jntykt7e4g3y88ltc60czgjuqdy4c9e8fzek""}"
5612,SSG,SOMESING,somesing,somesing.io,5612.png,"{""kaia"":""0x63dec0c0cf911d8967446ce422dd31f13e1e0556""}"
5614,ZLW,Zelwin,zelwin,zelwin.com,5614.png,"{""ethereum"":""0x5319e86F0e41a06E49eb37046b8c11D78bcAd68C"",""bnb"":""0x5dd1e31e1a0e2e077ac98d2a4b781f418ca50387""}"
5616,MATH,MATH,math,mathwallet.org,5616.png,"{""ethereum"":""0x08d967bb0134f2d07f7cfb6e246680c53927dd30"",""bnb"":""0xf218184af829cf2b0019f8e6f0b2423498a36983"",""solana"":""CaGa7pddFXS65Gznqwp42kBhkJQdceoFVT7AQYo8Jr8Q"",""base"":""0x9e81f6495ba29a6b4d48bddd042c0598fa8abc9f""}"
5617,UMA,UMA,uma,umaproject.org,5617.png,"{""ethereum"":""0x04Fa0d235C4abf4BcF4787aF4CF447DE572eF828"",""avalanche"":""0x3Bd2B1c7ED8D396dbb98DED3aEbb41350a5b2339""}"
5626,KDAG,King DAG,king-dag,kdag.io,5626.png,"{""ethereum"":""0x95e40e065afb3059dcabe4aaf404c1f92756603a""}"
5631,ORN,Orion,orion-xyz,orion.xyz,5631.png,"{""ethereum"":""0x0258F474786DdFd37ABCE6df6BBb1Dd5dfC4434a"",""bnb"":""0xe4ca1f75eca6214393fce1c1b316c237664eaa8e""}"
5632,AR,Arweave,arweave,arweave.org,5632.png,{}
5634,FUSE,Fuse,fuse-network,fuse.io,5634.png,"{""ethereum"":""0x970b9bb2c0444f5e81e9d0efb84c8ccdcdcaf84d"",""bnb"":""0x5857c96dae9cf8511b08cb07f85753c472d36ea3"",""gnosis-gno"":""0xD589F00Fa2Eb83367f732AB3CDA92eE0940389cF"",""polygon-ecosystem-token"":""0x6b021b3f68491974be6d4009fee61a4e3c708fd6"",""optimism-ethereum"":""0xe453d6649643F1F460C371dC3D1da98F7922fe51"",""arbitrum"":""0x6b021b3f68491974bE6D4009fEe61a4e3C708fD6"",""base"":""0x01facc69ec7360640aa5898e852326752801674a"",""fuse-network"":""0xeeeeeeeeeeeeeeeeeeeeeeeeeeeeeeeeeeeeeeee""}"
5640,PXP,PointPay,pointpay,pointpay.io,5640.png,"{""avalanche"":""0x15FA5d3DBD11a831b72B92C1705BC9F801E233CB""}"
5647,KDA,Kadena,kadena,kda-chain.org,5647.png,"{""kadena"":""coin""}"
5662,SYLO,Sylo,sylo,sylo.io,5662.png,"{""ethereum"":""0xf293d23bf2cdc05411ca0eddd588eb1977e8dcd4""}"
5665,HNT,Helium,helium,helium.com,5665.png,"{""solana"":""hntyVP6YFm1Hg25TN9WGLqM12b8TQmcknKrdu1oxWux""}"
5667,BGL,Bitgesell,bitgesell,bitgesell.ca,5667.png,"{""bnb"":""0x2bA64EFB7A4Ec8983E22A49c81fa216AC33f383A""}"
5690,RENDER,Render,render,rendernetwork.com,5690.png,"{""ethereum"":""0x6de037ef9ad2725eb40118bb1702ebb27e4aeb24"",""solana"":""rndrizKT3MK1iimdxRdWabcF7Zg7AR5T4nud4EkHBof""}"
5691,SKL,SKALE,skale-network,skale.space,5691.png,"{""ethereum"":""0x00c83aecc790e8a4453e5dd3b0b4b3680501a7a7""}"
5692,COMP,Compound,compound,compound.xyz,5692.png,"{""ethereum"":""0xc00e94cb662c3520282e6f5717214004a7f26888"",""gnosis-gno"":""0xDf6FF92bfDC1e8bE45177DC1f4845d391D3ad8fD"",""bnb"":""0x52ce071bd9b1c4b00a0b92d298c512478cad67e8"",""sora"":""0x00dbd45af9f2ea406746f9025110297469e9d29efc60df8d88efb9b0179d6c2c"",""avalanche"":""0xc3048E19E76CB9a3Aa9d77D8C03c29Fc906e2437"",""solana"":""AwEauVaTMQRB71WeDnwf1DWSBxaMKjEPuxyLr1uixFom"",""near-protocol"":""c00e94cb662c3520282e6f5717214004a7f26888.factory.bridge.near""}"
5728,BAL,Balancer,balancer,balancer.fi,5728.png,"{""ethereum"":""0xba100000625a3754423978a60c9317c58a424e3D"",""htx-token"":""0x045de15ca76e76426e8fc7cba8392a3138078d0f"",""gnosis-gno"":""0x7eF541E2a22058048904fE5744f9c7E4C57AF717"",""polygon-ecosystem-token"":""0x9a71012b13ca4d3d0cdc72a177df3ef03b0e76a3"",""optimism-ethereum"":""0xFE8B128bA8C78aabC59d4c64cEE7fF28e9379921"",""arbitrum"":""0x040d1edc9569d4bab2d15287dc5a4f10f56a56b8"",""near-protocol"":""ba100000625a3754423978a60c9317c58a424e3d.factory.bridge.near"",""base"":""0x7c6b91D9Be155A6Db01f749217d76fF02A7227F2""}"
5747,MUSD,mStable USD,mstable-usd,mstable.org,5747.png,"{""ethereum"":""0xe2f2a5c287993345a840db3b0845fbc70f5935a5""}"
5748,MTA,mStable Governance Token: Meta (MTA),meta,mstable.org,5748.png,"{""ethereum"":""0xa3BeD4E1c75D00fa6f4E5E6922DB7261B5E9AcD2""}"
5777,RENBTC,renBTC,renbtc,renproject.io,5777.png,"{""ethereum"":""0xeb4c2781e4eba804ce9a9803c67d0893436bb27d"",""gnosis-gno"":""0x4A88248BAa5b39bB4A9CAa697Fb7f8ae0C3f0ddB"",""bnb"":""0xfce146bf3146100cfe5db4129cf6c82b0ef4ad8c"",""fantom"":""0xDBf31dF14B66535aF65AaC99C32e9eA844e14501"",""polygon-ecosystem-token"":""0xDBf31dF14B66535aF65AaC99C32e9eA844e14501""}"
5781,CBP,CashBackPro,cashbackpro,cbp.finance,5781.png,"{""bnb"":""0x15d1dafBcC97F606bd02120d170fdAc33B1a4a86""}"
5794,PNT,pNetwork,pnetwork,p.network,5794.png,"{""ethereum"":""0x89ab32156e46f46d02ade3fecbe5fc4243b9aaed"",""bnb"":""0xdaacb0ab6fb34d24e8a67bfa14bf4d95d4c7af92""}"
5798,RING,RingDAO,darwinia-network,ringdao.com,5798.png,"{""ethereum"":""0x9469d013805bffb7d3debe5e7839237e535ec483""}"
5800,TRCL,Treecle,treecle,treecle.io,5800.png,"{""bnb"":""0x774a53c2be994299bd07cb4d74fc7c0271916713""}"
5804,DFI,DeFiChain,defichain,defichain.com,5804.png,"{""ethereum"":""0x8fc8f8269ebca376d046ce292dc7eac40c8d358a""}"
5805,AVAX,Avalanche,avalanche,avax.network,5805.png,"{""avalanche"":""FvwEAhmxKfeiG8SnEvq42hc6whRyY3EFYAvebMqDNDGCgxN5Z"",""bnb"":""0x1ce0c2827e2ef14d5c4f29a091d735a204794041"",""moonbeam"":""0x4792c1ecb969b036eb51330c63bd27899a13d84e"",""kaia"":""0xcd8fe44a29db9159db36f96570d7a4d91986f528"",""zksync"":""0x6a5279e99ca7786fb13f827fc1fb4f61684933d6""}"
5821,ALEPH,Aleph Cloud,aleph-im,aleph.cloud,5821.png,"{""ethereum"":""0x27702a26126e0b3702af63ee09ac4d1a084ef628"",""bnb"":""0x82d2f8e02afb160dd5a480a617692e62de9038c4"",""solana"":""3UCMiSnkcnkPE1pgQ5ggPCBv6dXgVUy16TmMUe1WpG9x"",""avalanche"":""0xc0Fbc4967259786C743361a5885ef49380473dCF"",""base"":""0xc0Fbc4967259786C743361a5885ef49380473dCF""}"
5824,SLP,Smooth Love Potion,smooth-love-potion,axieinfinity.com,5824.png,"{""ethereum"":""0xCC8Fa225D80b9c7D42F96e9570156c65D6cAAa25"",""bnb"":""0x070a08BeEF8d36734dD67A491202fF35a6A16d97"",""solana"":""4hpngEp1v3CXpeKB81Gw4sv7YvwUVRKvY3SGag9ND8Q4"",""ronin"":""0xa8754b9fa15fc18bb59458815510e40a12cd2014""}"
5829,SWAP,TrustSwap,trustswap,trustswap.com,5829.png,"{""ethereum"":""0xcc4304a31d09258b0029ea7fe63d032f52e44efe"",""bnb"":""0x94eafeeef7ffa66203fdc9349c54d601472a79dc"",""polygon-ecosystem-token"":""0x3809dcdd5dde24b37abe64a5a339784c3323c44f"",""avalanche"":""0xc7B5D72C836e718cDA8888eaf03707fAef675079""}"
5836,IDNA,Idena,idena,idena.io,5836.png,"{""bnb"":""0x0de08c1abe5fb86dd7fd2ac90400ace305138d5b""}"
5858,QANX,QANplatform,qanplatform,qanplatform.com,5858.png,"{""ethereum"":""0xAAA9214F675316182Eaa21C85f0Ca99160CC3AAA"",""bnb"":""0xAAA9214F675316182Eaa21C85f0Ca99160CC3AAA""}"
5864,YFI,Yearn,yearn-finance,yearn.fi,5864.png,"{""ethereum"":""0x0bc529c00c6401aef6d220be8c6ea1667f6ad93e"",""bnb"":""0x88f1a5ae2a3bf98aeaf342d26b30a79438c9142e"",""htx-token"":""0xb4f019beac758abbee2f906033aaa2f0f6dacb35"",""fantom"":""0x29b0Da86e484E1C0029B56e817912d778aC0EC69"",""gnosis-gno"":""0xbf65bfcb5da067446CeE6A706ba3Fe2fB1a9fdFd"",""avalanche"":""0x9eAaC1B23d935365bD7b542Fe22cEEe2922f52dc"",""solana"":""BXZX2JRJFjvKazM1ibeDFxgAngKExb74MRXzXKvgikxX"",""arbitrum"":""0x82e3A8F066a6989666b031d916c43672085b1582"",""near-protocol"":""0bc529c00c6401aef6d220be8c6ea1667f6ad93e.factory.bridge.near""}"
5865,FIO,FIO Protocol,fio-protocol,fio.net,5865.png,{}
5866,DEXT,DEXTools,dextools,dextools.io,5866.png,"{""ethereum"":""0xfb7b4564402e5500db5bb6d63ae671302777c75a"",""bnb"":""0xe91a8d2c584ca93c7405f15c22cdfe53c29896e3""}"
5877,RARI,Rarible,rarible,rari.foundation,5877.png,"{""ethereum"":""0xfca59cd816ab1ead66534d82bc21e7515ce441cf"",""base"":""0xc61f9663e05fccd84d4d6c56a373093437ecb899""}"
5882,FIS,StaFi,stafi,stafi.io,5882.png,"{""ethereum"":""0xef3a930e1ffffacd2fc13434ac81bd278b0ecc8d""}"
5893,FRONT,Frontier,frontier,frontier.xyz,5893.png,"{""ethereum"":""0xf8C3527CC04340b208C854E985240c02F7B7793f"",""bnb"":""0x928e55dab735aa8260af3cedada18b5f70c72f1b"",""solana"":""9S4t2NEAiJVMvPdRYKVrfJpBafPBLtvbvyS3DecojQHw""}"
5899,CSPR,Casper,casper,casper.network,5899.png,{}
5906,NVT,NerveNetwork,nervenetwork,nerve.network,5906.png,"{""ethereum"":""0x7b6f71c8b123b38aa8099e0098bec7fbc35b8a13"",""bnb"":""0xf0e406c49c63abf358030a299c0e00118c4c6ba5"",""htx-token"":""0xf0e406c49c63abf358030a299c0e00118c4c6ba5"",""polygon-ecosystem-token"":""0x0fdb676775cc91042501c0c14ae5b2b5166b24d9"",""okt"":""0xd1351ec15e8511658c2ba1e1e81e1e60aa39c9cd""}"
5908,DKA,dKargo,dkargo,dkargo.io,5908.png,"{""ethereum"":""0x5dc60C4D5e75D22588FA17fFEB90A63E535efCE0""}"
5919,MTRG,Meter Governance,meter-governance,meter.io,5919.png,"{""ethereum"":""0xBd2949F67DcdC549c6Ebe98696449Fa79D988A9F"",""bnb"":""0xbd2949f67dcdc549c6ebe98696449fa79d988a9f"",""meter-governance"":""0x228ebbee999c6a7ad74a6130e81b12f9fe237ba3""}"
5925,PKOIN,Pkoin,pocketnet,pkoin.bastyon.com,5925.png,{}
5926,ZOOM,CoinZoom,coinzoom,coinzoom.com,5926.png,"{""ethereum"":""0x69cf3091C91EB72DB05E45C76e58225177dEA742""}"
5931,KTON,Darwinia Commitment Token,darwinia-commitment-token,darwinia.network,5931.png,"{""ethereum"":""0x9f284e1337a815fe77d2ff4ae46544645b20c5ff""}"
5939,WNXM,Wrapped NXM,wrapped-nxm,nexusmutual.io,5939.png,"{""ethereum"":""0x0d438f3b5175bebc262bf23753c1e53d03432bde""}"
5947,TPT,TokenPocket,tokenpocket,tokenpocket.pro,5947.png,"{""bnb"":""0xeca41281c24451168a37211f0bc2b8645af45092""}"
5956,MCB,MUX Protocol,mcdex,mux.network,5956.png,"{""ethereum"":""0x4e352cf164e64adcbad318c3a1e222e9eba4ce42"",""bnb"":""0x5fe80d2cd054645b9419657d3d10d26391780a7b"",""arbitrum"":""0x4e352cf164e64adcbad318c3a1e222e9eba4ce42""}"
5957,YFII,DFI.Money,yearn-finance-ii,dfi.money,5957.png,"{""ethereum"":""0xa1d0E215a23d7030842FC67cE582a6aFa3CCaB83"",""bnb"":""0x7f70642d88cf1c4a3a7abb072b53b929b653eda5""}"
5964,TWT,Trust Wallet Token,trust-wallet-token,trustwallet.com,5964.png,"{""bnb"":""0x4b0f1812e5df2a09796481ff14017e6005508003"",""solana"":""HZNpqL7RT9gxf9eWoWsWzC5DfjzQ41XTQgEA7p3VzaaD""}"
5994,SHIB,Shiba Inu,shiba-inu,shibatoken.com,5994.png,"{""ethereum"":""0x95ad61b0a150d79219dcf64e1e6cc01f0b64c4ce"",""base"":""0x95ad61b0a150d79219dcf64e1e6cc01f0b64c4ce"",""bnb"":""0x2859e4544c4bb03966803b044a93563bd2d0dd4d"",""solana"":""shib5gSoVKPjwkXrxRk7SbQFzb2R9rQB3TgQWYX4RwW""}"
5999,XT,XT.COM,xtcom-token,xt.com,5999.png,"{""ethereum"":""0x4be10da47a07716af28ad199fbe020501bddd7af""}"
6069,ASM,Assemble AI,assemble-protocol,about.ns3.ai,6069.png,"{""ethereum"":""0x2565ae0385659badcada1031db704442e1b69982"",""base"":""0x3b53604113B5677291BFc0bc255379E7a796559b""}"
6138,DIA,DIA,dia,diadata.org,6138.png,"{""ethereum"":""0x84ca8bc7997272c7cfb4d0cd3d55cd942b3c9419"",""bnb"":""0x99956d38059cf7beda96ec91aa7bb2477e0901dd""}"
6180,SUKU,Suku,suku,suku.world,6180.png,"{""ethereum"":""0x0763fdCCF1aE541A5961815C0872A8c5Bc6DE4d7"",""bnb"":""0x2c961Ff9b386b597abc58A56F3Ec63E313cADA76"",""polygon-ecosystem-token"":""0x60Ea918FC64360269Da4efBDA11d8fC6514617C6""}"
6187,SRM,Serum,serum,portal.projectserum.com,6187.png,"{""ethereum"":""0x476c5e26a75bd202a9683ffd34359c0cc15be0ff"",""solana"":""SRMuApVNdxXokk5GT7XD5cUUgXMBCoAz2LHeuAoKWRt"",""bnb"":""0xd63CDf02853D759831550fAe7dF8FFfE0B317b39"",""terra-luna"":""terra1dkam9wd5yvaswv4yq3n2aqd4wm5j8n82qc0c7c""}"
6193,CREAM,Cream Finance,cream-finance,cream.finance,6193.png,"{""ethereum"":""0x2ba592f78db6436527729929aaf6c908497cb200"",""bnb"":""0xd4cb328a82bdf5f03eb737f37fa6b370aef3e888"",""gnosis-gno"":""0x1939D3431CF0E44B1d63b86e2cE489E5a341B1Bf"",""fantom"":""0x657A1861c15A3deD9AF0B6799a195a249ebdCbc6"",""solana"":""HihxL2iM6L6P1oqoSeiixdJ3PhPYNxvSKH9A2dDqLVDH"",""near-protocol"":""2ba592f78db6436527729929aaf6c908497cb200.factory.bridge.near""}"
6194,GEEQ,Geeq,geeq,geeq.io,6194.png,"{""ethereum"":""0x6b9f031d718dded0d681c20cb754f97b3bb81b78""}"
6210,SAND,The Sandbox,the-sandbox,sandbox.game,6210.png,"{""ethereum"":""0x3845badAde8e6dFF049820680d1F14bD3903a5d0"",""polygon-ecosystem-token"":""0xbbba073c31bf03b8acf7c28ef0738decf3695683"",""base"":""0xac531Eb26Ca1d21b85126De8FB87E80E09002DcF""}"
6218,ARCONA,Arcona,arcona,arcona.space,6218.png,"{""ethereum"":""0x0f71b8de197a1c84d31de0f1fa7926c365f052b3"",""bnb"":""0x8fc4532be3003fb5a3a2f9afc7e95b3bfbd5faab""}"
6224,BTY,Bityuan,bityuan,bityuan.com,6224.png,{}
6245,SG,SocialGood,socialgood,socialgood.inc,6245.png,"{""ethereum"":""0xddf7fd345d54ff4b40079579d4c4670415dbfd0a"",""polygon-ecosystem-token"":""0x79375C41d88F839f551457145066096C5C8944Bc""}"
6264,DEC,Dark Energy Crystals,dark-energy-crystals,splinterlands.io,6264.png,"{""tron"":""1002361"",""ethereum"":""0x9393fdc77090f31c7db989390d43f454b1a6e7f3"",""bnb"":""0xe9d7023f2132d55cbd4ee1f78273cb7a3e74f10a""}"
6447,FSCC,Fisco Coin,fisco,fiscocoin.jp,6447.png,"{""ethereum"":""0x0789dbAE94fb18e5789B8e4489BCB7A1ADB58622""}"
6470,HIBS,Hiblocks,hiblocks,hiblocks.io,6470.png,"{""kaia"":""0xE06b40df899b9717b4E6B50711E1dc72d08184cF""}"
6490,ITAM,ITAM Games,itam-games,itam.games,6490.png,"{""bnb"":""0x04C747b40Be4D535fC83D09939fb0f626F32800B""}"
6498,MTC,Metacoin,metacoin,metacoin.network,6498.png,{}
6500,TFT,ThreeFold,threefold,threefold.io,6500.png,"{""bnb"":""0x8f0FB159380176D324542b3a7933F0C2Fd0c2bbf""}"
6511,STRONG,Strong,strong,strongblock.io,6511.png,"{""ethereum"":""0x990f341946a3fdb507ae7e52d17851b87168017c""}"
6520,HOPR,HOPR,hopr,hoprnet.org,6520.png,"{""ethereum"":""0xf5581dfefd8fb0e4aec526be659cfab1f8c781da"",""gnosis-gno"":""0xD057604A14982FE8D88c5fC25Aac3267eA142a08""}"
6535,NEAR,NEAR Protocol,near-protocol,near.org,6535.png,"{""ethereum"":""0x85f17cf997934a597031b2e18a9ab6ebd4b9f6a4""}"
6536,OM,MANTRA (old),mantra,mantrachain.io,6536.png,"{""bnb"":""0xf78d2e7936f5fe18308a3b2951a93b6c4a41f5e2"",""osmosis"":""ibc/164807F6226F91990F358C6467EEE8B162E437BDCD3DADEC3F0CE20693720795"",""mantra-new"":""uom""}"
6537,RFUEL,RioDeFi,rio-defi,riochain.io,6537.png,"{""ethereum"":""0xaf9f549774ecedbd0966c52f250acc548d3f36e5"",""bnb"":""0x69a1913d334b524ea1632461C78797c837CA9fa6""}"
6538,CRV,Curve DAO Token,curve-dao-token,curve.finance,6538.png,"{""ethereum"":""0xD533a949740bb3306d119CC777fa900bA034cd52"",""gnosis-gno"":""0x712b3d230f3c1c19db860d80619288b1f0bdd0bd"",""polygon-ecosystem-token"":""0x172370d5Cd63279eFa6d502DAB29171933a610AF"",""optimism-ethereum"":""0x0994206dfE8De6Ec6920FF4D779B0d950605Fb53"",""arbitrum"":""0x11cDb42B0EB46D95f990BeDD4695A6e3fA034978"",""base"":""0x8Ee73c484A26e0A5df2Ee2a4960B789967dd0415""}"
6554,GHX,GamerCoin,gamercoin,gamercoin.com,6554.png,"{""ethereum"":""0x728f30fa2f100742c7949d1961804fa8e0b1387d"",""bnb"":""0xbd7B8e4de08D9b01938F7FF2058F110ee1E0E8d4"",""solana"":""Cy52Ts2GwSzdkhCihB5i1Vu6sApzgqktNNFyHbsdgwm7""}"
6588,DIP,Etherisc DIP Token,etherisc,etherisc.com,6588.png,"{""ethereum"":""0xc719d010b63e5bbf2c0551872cd5316ed26acd83"",""base"":""0xac86f3556cbd2b4d800d17adc3a266b500fcb9f5""}"
6591,SBET,Sportbet.one Token,sbet,sportbet.one,6591.png,"{""vaulta"":""sportbetsbet""}"
6598,ANG,Aureus Nummus Gold,aureus-nummus-gold,an.gold,6598.png,"{""ethereum"":""0x130914E1B240a7F4c5D460B7d3a2Fd3846b576fa""}"
6622,HAKKA,Hakka.Finance,hakka-finance,hakka.finance,6622.png,"{""ethereum"":""0x0e29e5abbb5fd88e28b2d355774e73bd47de3bcd"",""bnb"":""0x1d1eb8e8293222e1a29d2c0e4ce6c0acfd89aaac"",""polygon-ecosystem-token"":""0x978338A9d2d0aa2fF388d3dc98b9bF25bfF5efB4""}"
6627,MTR,Meter Stable,meter-stable,meter.io,6627.png,"{""meter-governance"":""0x687a6294d0d6d63e751a059bf1ca68e4ae7b13e2""}"
6636,DOT,Polkadot,polkadot-new,polkadot.com,6636.png,"{""bnb"":""0x7083609fce4d1d8dc0c979aab8c869ea2c873402"",""htx-token"":""0xa2c49cee16a5e5bdefde931107dc1fae9f7773e3"",""osmosis"":""ibc/3FF92D26B407FD61AE95D975712A7C319CDE28DE4D80BDC9978D935932B991D7"",""ethereum"":""0x8d010bf9c26881788b4e6bf5fd1bdc358c8f90b8"",""base"":""0x8d010bf9c26881788b4e6bf5fd1bdc358c8f90b8"",""arbitrum"":""0x8d010bf9c26881788b4e6bf5fd1bdc358c8f90b8"",""optimism-ethereum"":""0x8d010bf9c26881788b4e6bf5fd1bdc358c8f90b8"",""gnosis-gno"":""0x8d010bf9c26881788b4e6bf5fd1bdc358c8f90b8""}"
6638,LAYER,UniLayer,unilayer,unilayer.com,6638.png,"{""ethereum"":""0x0fF6ffcFDa92c53F615a4A75D982f399C989366b""}"
6641,AHT,AhaToken,ahatoken,a-ha.io,6641.png,{}
6649,CAT,Cat Token,cat-token,thecattoken.com,6649.png,"{""ethereum"":""0x56015bbe3c01fe05bc30a8a9a9fd9a88917e7db3""}"
6653,USDF,FolgoryUSD,folgoryusd,folgory.com,6653.png,"{""bnb"":""0x3ab170fb62680b27783fe8090ffea2c15c53e280""}"
6669,CVP,PowerPool,powerpool,powerpool.finance,6669.png,"{""ethereum"":""0x38e4adb44ef08f22f5b5b76a8f0c2d0dcbe7dca1"",""gnosis-gno"":""0x7da0bfe9d26c5b64c7580c04bb1425364273e4b0""}"
6679,WHALE,WHALE,whale,whale.me,6679.png,"{""ethereum"":""0x9355372396e3F6daF13359B7b607a3374cc638e0""}"
6693,OCP,OC Protocol,oc-protocol,ocprotocol.com,6693.png,{}
6705,LIEN,Lien,lien,lien.finance,6705.png,"{""ethereum"":""0xab37e1358b639fd877f015027bb62d3ddaa7557e""}"
6715,SPA,Sperax,sperax,sperax.io,6715.png,"{""ethereum"":""0xB4A3B0Faf0Ab53df58001804DdA5Bfc6a3D59008"",""bnb"":""0x1A9Fd6eC3144Da3Dd6Ea13Ec1C25C58423a379b1"",""arbitrum"":""0x5575552988A3A80504bBaeB1311674fCFd40aD4B""}"
6719,GRT,The Graph,the-graph,thegraph.com,6719.png,"{""ethereum"":""0xc944e90c64b2c07662a292be6244bdf05cda44a7"",""sora"":""0x00d1fb79bbd1005a678fbf2de9256b3afe260e8eead49bb07bd3a566f9fe8355"",""avalanche"":""0x8a0cAc13c7da965a312f08ea4229c37869e85cB9"",""solana"":""HGsLG4PnZ28L8A4R5nPqKgZd86zUUdmfnkTRnuFJ5dAX"",""arbitrum"":""0x9623063377AD1B27544C965cCd7342f7EA7e88C7"",""near-protocol"":""c944e90c64b2c07662a292be6244bdf05cda44a7.factory.bridge.near""}"
6724,KLV,Klever Coin,klever,klever.org,6724.png,{}
6731,TOKAMAK,Tokamak Network,tokamak-network,tokamak.network,6731.png,"{""ethereum"":""0x2be5e8c109e2197D077D13A82dAead6a9b3433C5""}"
6744,CHAIN,Chain Games,chain-games,chaingames.io,6744.png,"{""ethereum"":""0xC4C2614E694cF534D407Ee49F8E44D125E4681c4"",""polygon-ecosystem-token"":""0xd55fCe7CDaB84d84f2EF3F99816D765a2a94a509"",""bnb"":""0x35de111558f691f77f791fb0c08b2d6b931a9d47""}"
6747,CRU,Crust Network,crustnetwork,crust.network,6747.png,"{""ethereum"":""0x32a7C02e79c4ea1008dD6564b35F131428673c41"",""crustnetwork"":""0xeeeeeeeeeeeeeeeeeeeeeeeeeeeeeeeeeeeeeeee""}"
6748,CFG,Centrifuge,centrifuge,centrifuge.io,6748.png,"{""ethereum"":""0xcccccccccc33d538dbc2ee4feab0a7a1ff4e8a94""}"
6756,ACA,Acala Token,acala,acala.network,6756.png,{}
6758,SUSHI,SushiSwap,sushiswap,sushi.com,6758.png,"{""ethereum"":""0x6b3595068778dd592e39a122f4f5a5cf09c90fe2"",""bnb"":""0x947950BcC74888a40Ffa2593C5798F11Fc9124C4"",""fantom"":""0xae75A438b2E0cB8Bb01Ec1E1e376De11D44477CC"",""polygon-ecosystem-token"":""0x0b3f868e0be5597d5db7feb59e1cadbb0fdda50a"",""avalanche"":""0x39cf1bd5f15fb22ec3d9ff86b0727afc203427cc"",""celo"":""0xd15ec721c2a896512ad29c671997dd68f9593226"",""optimism-ethereum"":""0x3eaEb77b03dBc0F6321AE1b72b2E9aDb0F60112B"",""harmony"":""0xbec775cb42abfa4288de81f387a9b1a3c4bc552a"",""arbitrum"":""0xd4d42f0b6def4ce0383636770ef773390d85c61a"",""base"":""0x7D49a065D17d6d4a55dc13649901fdBB98B2AFBA"",""katana-network"":""0x17bff452dae47e07cea877ff0e1aba17eb62b0ab"",""robinhood-placeholder"":""0x0bb40d7fbae7f0c69bc5910c601987dce697d85f""}"
6759,DUST,Nifty Wizards Dust,nifty-wizards-dust,,6759.png,{}
6773,FXC,FUTUREXCRYPTO,futurexcrypto,futurexcrypto.org,6773.png,"{""ethereum"":""0x1e6063b7b3a1c1952ed2c4087fd528998db69ec7""}"
6783,AXS,Axie Infinity,axie-infinity,axieinfinity.com,6783.png,"{""ethereum"":""0xbb0e17ef65f82ab018d8edd776e8dd940327b28b"",""bnb"":""0x715d400f88c167884bbcc41c5fea407ed4d2f8a0"",""solana"":""HysWcbHiYY9888pHbaqhwLYZQeZrcQMXKQWRqS7zcPK5"",""harmony"":""0x14a7b318fed66ffdcc80c1517c172c13852865de"",""ronin"":""0x97a9107c1793bc407d6f527b77e7fff4d812bece""}"
6789,BCUG,Blockchain Cuties Universe Governance,blockchain-cuties-universe,blockchaincuties.com,6789.png,"{""ethereum"":""0x14da7b27b2e0fedefe0a664118b0c9bc68e2e9af""}"
6833,LIT,Litentry,litentry,litentry.com,6833.png,"{""ethereum"":""0xb59490ab09a0f526cc7305822ac65f2ab12f9723""}"
6836,GLMR,Moonbeam,moonbeam,moonbeam.network,6836.png,"{""base"":""0xb3846fd356c2149ee8d30b0449088dc74e265459""}"
6837,NODL,Nodle,nodleiot,nodle.com,6837.png,"{""zksync"":""0xbd4372e44c5ee654dd838304006e1f0f69983154""}"
6841,PHA,Phala Network,phala-network,phala.network,6841.png,"{""ethereum"":""0x6c5bA91642F10282b576d91922Ae6448C9d52f4E""}"
6843,RAD,Radworks,radworks,radworks.org,6843.png,"{""ethereum"":""0x31c8eacbffdd875c74b94b077895bd78cf1e64a3""}"
6859,FARM,Harvest Finance,harvest-finance,harvest.finance,6859.png,"{""ethereum"":""0xa0246c9032bC3A600820415aE600c6388619A14D"",""bnb"":""0x4B5C23cac08a567ecf0c1fFcA8372A45a5D33743"",""polygon-ecosystem-token"":""0x176f5AB638cf4Ff3B6239Ba609C3fadAA46ef5B0""}"
6865,CRP,Crypton,utopia,u.is,6865.png,{}
6889,LIVE,TRONbetLive,tronbetlive,wink.org,6889.png,"{""tron"":""TVgAYofpQku5G4zenXnvxhbZxpzzrk8WVK""}"
6890,TON,TON Token,tontoken,toncommunity.org,6890.png,"{""ethereum"":""0x6a6c2ada3ce053561c2fbc3ee211f23d9b8c520a""}"
6891,SHROOM,Niftyx Protocol,niftyx-protocol,niftyx.org,6891.png,"{""ethereum"":""0xed0439eacf4c4965ae4613d77a5c2efe10e5f183""}"
6892,EGLD,MultiversX,multiversx-egld,multiversx.com,6892.png,{}
6898,JFI,JackPool.finance,jackpool-finance,jackpool.finance,6898.png,"{""tron"":""TN7zQd2oCCguSQykZ437tZzLEaGJ7EGyha""}"
6911,BNSD,BNSD Finance,bnsd-finance,bns.finance,6911.png,"{""ethereum"":""0x668DbF100635f593A3847c0bDaF21f0a09380188"",""gnosis-gno"":""0xbDB90BDAdae84Af0b07abf4cEFcC7989F909f9bD""}"
6928,BEL,Bella Protocol,bella-protocol,bella.fi,6928.png,"{""ethereum"":""0xa91ac63d040deb1b7a5e4d4134ad23eb0ba07e14"",""bnb"":""0x8443f091997f06a61670b735ed92734f5628692f"",""polygon-ecosystem-token"":""0x28c388fb1f4fa9f9eb445f0579666849ee5eeb42""}"
6929,HEGIC,Hegic,hegic,hegic.co,6929.png,"{""ethereum"":""0x584bC13c7D411c00c01A62e8019472dE68768430"",""fantom"":""0x44B26E839eB3572c5E959F994804A5De66600349"",""arbitrum"":""0x431402e8b9dE9aa016C743880e04E517074D8cEC""}"
6930,KEX,KIRA,kira-network,kira.network,6930.png,"{""ethereum"":""0x16980b3b4a3f9d89e33311b5aa8f80303e5ca4f8"",""bnb"":""0x8d11ec38a3eb5e956b052f67da8bdc9bef8abf3e""}"
6933,NCDT,Nuco.cloud,nuco-cloud,nuco.cloud,6933.png,"{""ethereum"":""0xe0c8b298db4cffe05d1bea0bb1ba414522b33c1b""}"
6938,YF-DAI,YFDAI.FINANCE,yfdai-finance,yfdai.finance,6938.png,"{""ethereum"":""0xf4CD3d3Fda8d7Fd6C5a500203e38640A70Bf9577""}"
6942,JGN,Juggernaut,juggernaut,jgndefi.com,6942.png,"{""ethereum"":""0x73374ea518de7addd4c2b624c0e8b113955ee041"",""bnb"":""0xc13b7a43223bb9bf4b69bd68ab20ca1b79d81c75""}"
6945,AMP,Amp,amp,amp.xyz,6945.png,"{""ethereum"":""0xff20817765cb7f73d4bde2e66e067e58d11095c2""}"
6949,HGET,Hedget,hedget,hedget.com,6949.png,"{""ethereum"":""0x7968bc6a03017ea2de509aaa816f163db0f35148"",""solana"":""2ueY1bLcPHfuFzEJq7yN1V2Wrpu8nkun9xG2TVCE1mhD""}"
6950,PERP,Perpetual Protocol,perpetual-protocol,,6950.png,"{""ethereum"":""0xbc396689893d065f41bc2c6ecbee5e0085233447"",""solana"":""9BsnSWDPfbusseZfnXyZ3un14CyPMZYvsKjWY3Y8Gbqn""}"
6951,REEF,Reef,reef,reef.io,6951.png,"{""reef"":""0x0000000000000000000000000000000001000000""}"
6952,FRAX,Legacy Frax Dollar,frax,frax.com,6952.png,"{""ethereum"":""0x853d955acef822db058eb8505911ed77f175b99e"",""bnb"":""0x90C97F71E18723b0Cf0dfa30ee176Ab653E89F40"",""solana"":""FR87nWEUxVgerFGhZM8Y4AggKGLnaXswr1Pd8wZ4kZcp"",""fantom"":""0xdc301622e621166BD8E82f2cA0A26c13Ad0BE355"",""polygon-ecosystem-token"":""0x45c32fA6DF82ead1e2EF74d17b76547EDdFaFF89"",""avalanche"":""0xD24C2Ad096400B6FBcd2ad8B24E7acBc21A1da64"",""optimism-ethereum"":""0x2E3D870790dC77A83DD1d18184Acc7439A53f475"",""arbitrum"":""0x17FC002b466eEc40DaE837Fc4bE5c67993ddBd6F"",""moonriver"":""0x1a93b23281cc1cde4c4741353f3064709a16197d"",""near-protocol"":""853d955acef822db058eb8505911ed77f175b99e.factory.bridge.near"",""polygon"":""0xff8544fed5379d9ffa8d47a74ce6b91e632ac44d""}"
6953,FRAX,Frax (prev. FXS),frax-share,frax.com,6953.png,"{""ethereum"":""0x3432b6a60d23ca0dfca7761b7ab56459d9c964d0"",""bnb"":""0xe48A3d7d0Bc88d552f730B62c006bC925eadB9eE"",""solana"":""6LX8BhMQ4Sy2otmAWj7Y5sKd9YTVVUgfMsBzT6B9W7ct"",""fantom"":""0x82f8cb20c14f134fe6ebf7ac3b903b2117aafa62"",""avalanche"":""0xD67de0e0a0Fd7b15dC8348Bb9BE742F3c5850454"",""arbitrum"":""0x9d2f299715d94d8a7e6f5eaa8e654e8c74a988a7""}"
6958,ACH,Alchemy Pay,alchemy-pay,alchemypay.org,6958.png,"{""ethereum"":""0xed04915c23f00a313a544955524eb7dbd823143d"",""bnb"":""0xBc7d6B50616989655AfD682fb42743507003056D""}"
6992,SPARTA,Spartan Protocol,spartan-protocol,spartanprotocol.org,6992.png,"{""bnb"":""0x3910db0600ea925f63c36ddb1351ab6e2c6eb102""}"
6993,REVV,REVV,revv,motorverse.com,6993.png,"{""ethereum"":""0x557b933a7c2c45672b610f8954a3deb39a51a8ca"",""bnb"":""0x833f307ac507d47309fd8cdd1f835bef8d702a93"",""polygon-ecosystem-token"":""0x70c006878a5a50ed185ac4c87d837633923de296""}"
7024,TXL,Autobahn Network,tixl-new,autobahn.network,7024.png,"{""ethereum"":""0x8eEF5a82E6Aa222a60F009ac18c24EE12dBf4b41"",""bnb"":""0x1FFD0b47127fdd4097E54521C9E2c7f0D66AafC5"",""polygon-ecosystem-token"":""0x8eef5a82e6aa222a60f009ac18c24ee12dbf4b41""}"
7033,ESD,Empty Set Dollar,empty-set-dollar,emptyset.finance,7033.png,"{""ethereum"":""0x36f3fd68e7325a35eb768f1aedaae9ea0689d723""}"
7034,GOF,Golff,golff,golff.finance,7034.png,"{""ethereum"":""0x488E0369f9BC5C40C002eA7c1fe4fd01A198801c"",""bnb"":""0x2bcF9c1861FaE2d5a7D2b3242b71e2a8d461F61e"",""htx-token"":""0x2aafe3c9118db36a20dd4a942b6ff3e78981dce1""}"
7046,GHST,Aavegotchi,aavegotchi,aavegotchi.com,7046.png,"{""ethereum"":""0x3F382DbD960E3a9bbCeaE22651E88158d2791550"",""polygon-ecosystem-token"":""0x385eeac5cb85a38a9a07a70c73e0a3271cfb54a7"",""base"":""0xcD2F22236DD9Dfe2356D7C543161D4d260FD9BcB""}"
7055,DPI,DeFi Pulse Index,defi-pulse-index,indexcoop.com,7055.png,"{""ethereum"":""0x1494ca1f11d487c2bbe4543e90080aeba4ba3c2b""}"
7064,BAKE,BakeryToken,bakerytoken,bakeryswap.org,7064.png,"{""bnb"":""0xE02dF9e3e622DeBdD69fb838bB799E3F168902c5""}"
7077,UP,UniFi Protocol,unifi-protocol,unifiprotocol.com,7077.png,{}
7080,GALA,Gala,gala,gala.com,7080.png,"{""ethereum"":""0xd1d2Eb1B1e90B638588728b4130137D262C87cae"",""solana"":""eEUiUs4JWYZrp72djAGF1A8PhpR6rHphGeGN7GbVLp6""}"
7083,UNI,Uniswap,uniswap,uniswap.org,7083.png,"{""ethereum"":""0x1f9840a85d5af5bf1d1762f925bdaddc4201f984"",""bnb"":""0xbf5140a22578168fd562dccf235e5d43a02ce9b1"",""htx-token"":""0x22c54ce8321a4015740ee1109d9cbc25815c46e6"",""gnosis-gno"":""0x4537e328bf7e4efa29d05caea260d7fe26af9d74"",""polygon-ecosystem-token"":""0xb33eaad8d922b1083446dc23f610c2567fb5180f"",""sora"":""0x009be848df92a400da2f217256c88d1a9b1a0304f9b3e90991a67418e1d3b08c"",""avalanche"":""0x8eBAf22B6F053dFFeaf46f4Dd9eFA95D89ba8580"",""solana"":""8FU95xFJhUUkyyCLU13HSzDLs7oC4QZdXQHL6SCeab36"",""terra-luna"":""terra1wyxkuy5jq545fn7xfn3enpvs5zg9f9dghf6gxf"",""hoo-smart-chain"":""0x1fc14e78612edc54e36506c4a11a1a3be4fe48af"",""arbitrum"":""0xFa7F8980b0f1E64A2062791cc3b0871572f1F7f0"",""near-protocol"":""1f9840a85d5af5bf1d1762f925bdaddc4201f984.factory.bridge.near"",""uniswap"":""0x8f187aA05619a017077f5308904739877ce9eA21""}"
7087,DEGO,Dego Finance,dego-finance,dego.finance,7087.png,"{""ethereum"":""0x3da932456d082cba208feb0b096d49b202bf89c8"",""bnb"":""0x3da932456d082cba208feb0b096d49b202bf89c8"",""solana"":""BU4eP1vCR99amXKsMXhctX8YpqUa7wbULQ26XaQbazkS""}"
7094,DHT,Chamber,dhedge-dao,chamberfi.com,7094.png,"{""ethereum"":""0xca1207647ff814039530d7d35df0e1dd2e91fa84"",""polygon-ecosystem-token"":""0x8c92e38eca8210f4fcbf17f0951b198dd7668292"",""optimism-ethereum"":""0xAF9fE3B5cCDAe78188B1F8b9a49Da7ae9510F151""}"
7096,BRG,Bridge AI,bridge-oracle,bridge.link,7096.png,"{""bnb"":""0xAc45475ABE6F9516e233a824aA013933B61bbB5C""}"
7102,LINA,Linear Finance,linear,linear.finance,7102.png,"{""ethereum"":""0x3e9bc21c9b189c09df3ef1b824798658d5011937"",""bnb"":""0x762539b45a1dcce3d36d080f74d1aed37844b878""}"
7105,ASK,Permission Coin,permission-coin,permission.ai,7105.png,"{""polygon-ecosystem-token"":""0xaA3717090CDDc9B227e49d0D84A28aC0a996e6Ff"",""base"":""0xBB146326778227A8498b105a18f84E0987A684b4""}"
7116,ACPT,Crypto Accept,crypto-accept,crypto-accept.com,7116.png,"{""ethereum"":""0xcAd2d4C4469fF09aB24d02A63BCeDfCD44bE0645""}"
7127,VELO,Velo,velo,velo.org,7127.png,"{""bnb"":""0xf486ad071f3bee968384d2e39e2d8af0fcf6fd46"",""stellar"":""VELO-GDM4RQUQQUVSKQA7S6EM7XBZP3FCGH4Q7CL6TABQ7B2BEJ5ERARM2M5M""}"
7129,USTC,TerraClassicUSD,terrausd,terra-classic.io,7129.png,"{""ethereum"":""0xa47c8bf37f92aBed4A126BDA807A7b7498661acD"",""bnb"":""0x23396cf899ca06c4472205fc903bdb4de249d6fc"",""solana"":""9vMJfxuKxXBoEa7rM12mYLMwTacLMLDJqHozw96WQL8i"",""terra-luna"":""uusd"",""fantom"":""0x846e4d51d7e2043c1a87e0ab7490b93fb940357b"",""polygon-ecosystem-token"":""0x692597b009d13C4049a947CAB2239b7d6517875F"",""avalanche"":""0xb599c3590F42f8F995ECfa0f85D2980B76862fc1"",""harmony"":""0x224e64ec1bdce3870a6a6c777edd450454068fec"",""moonbeam"":""0x085416975fe14c2a731a97ec38b9bf8135231f62"",""osmosis"":""IBC/BE1BB42D4BE3C30D50B68D7C41DB4DFCE9678E8EF8C539F6E6A9345048894FCC"",""oasis-network"":""0xa1E73c01E0cF7930F5e91CB291031739FE5Ad6C2"",""secret"":""secret129h4vu66y3gry6wzwa24rw0vtqjyn8tujuwtn9"",""aurora-near"":""0x5ce9f0b6afb36135b5ddbf11705ceb65e634a9dc""}"
7150,FLM,Flamingo,flamingo,flamingo.finance,7150.png,"{""neo"":""4d9eab13620fe3569ba3b0e56e2877739e4145e3""}"
7158,BURGER,BurgerCities,burger-cities,app.burgercities.org,7158.png,"{""bnb"":""0xAe9269f27437f0fcBC232d39Ec814844a51d6b8f""}"
7182,BHC,Billion Happiness,billionhappiness,billionhappiness.finance,7182.png,"{""bnb"":""0x6fd7c98458a943f469e1cf4ea85b173f5cd342f4"",""fantom"":""0x7BEB05cf5681f402E762F8569c2Fc138a2172978"",""polygon-ecosystem-token"":""0x92DF60c51C710a1b1C20E42D85e221f3A1bFc7f2"",""avalanche"":""0xa8752333f6a6fe47323a4eDAC3D09Bb1048A0E23"",""ethereum-pow"":""0x0c9f28FBdFd79f7C00B805d8c63D053c146d282c""}"
7184,KOGE,48 Club Token,bnb48-club-token,48.club,7184.png,"{""bnb"":""0xe6df05ce8c8301223373cf5b969afcb1498c5528""}"
7186,CAKE,PancakeSwap,pancakeswap,pancakeswap.finance,7186.png,"{""ethereum"":""0x152649eA73beAb28c5b49B26eb48f7EAD6d4c898"",""bnb"":""0x0e09fabb73bd3ade0a17ecc321fd13a19e81ce82"",""solana"":""4qQeZ5LwSz6HuupUu8jCtgXyW1mYQcNbFAW1sWZp89HL"",""arbitrum"":""0x1b896893dfc86bb67Cf57767298b9073D2c1bA2c"",""aptos"":""0x159df6b7689437016108a019fd5bef736bac692b6d4a1f10c941f6fbb9a74ca6::oft::CakeOFT"",""zksync"":""0x3A287a06c66f9E95a56327185cA2BDF5f031cEcD"",""polygon"":""0x0D1E753a25eBda689453309112904807625bEFBe"",""linea"":""0x0D1E753a25eBda689453309112904807625bEFBe"",""base"":""0x3055913c90Fcc1A6CE9a358911721eEb942013A1""}"
7189,OUSD,Origin Dollar,origin-dollar,ousd.com,7189.png,"{""ethereum"":""0x2A8e1E676Ec238d8A992307B495b45B3fEAa5e86""}"
7192,WBNB,Wrapped BNB,wbnb,binance.org,7192.png,"{""solana"":""9gP2kCy3wA1ctvYWQk75guqXuHfrEomqydHLtcTCqiLa"",""ethereum"":""0x418D75f65a02b3D53B2418FB8E1fe493759c7605"",""terra-luna"":""terra1cetg5wruw2wsdjp7j46rj44xdel00z006e9yg8"",""polygon-ecosystem-token"":""0xecdcb5b88f8e3c15f95c720c51c71c9e2080525d"",""avalanche"":""0x442F7f22b1EE2c842bEAFf52880d4573E9201158"",""moonbeam"":""0xc9baa8cfdde8e328787e29b4b078abf2dadc2055"",""telos"":""0x26Ed0F16e777C94A6FE798F9E20298034930Bae8"",""aurora-near"":""0x2bf9b864cdc97b08b6d79ad4663e71b8ab65c45c"",""hoo-smart-chain"":""0xa787254704339474A827bd1ee4772c455e3aE7F2"",""elastos"":""0x51B85F3889c7EA8f6d5EdEBFBadaDA0fDcE236c9"",""iotex"":""0x97e6c48867fdc391a8dfe9d169ecd005d1d90283"",""kardiachain"":""0xd7d045bfba6ea93b480f409db3dd1729337c1d13"",""cronos"":""0xfa9343c3897324496a05fc75abed6bac29f8a40f"",""rsk-smart-bitcoin"":""0x6D9659bdF5b1A1dA217f7BbAf7dBAF8190E2e71B"",""conflux-network"":""0x94bd7a37d2ce24cc597e158facaa8d601083ffec"",""zksync"":""0x7400793aad94c8ca801aa036357d10f5fd0ce08f"",""wemix"":""0xC1Be9a4D5D45BeeACAE296a7BD5fADBfc14602C4"",""linea"":""0xf5C6825015280CdfD0b56903F9F8B5A2233476F5"",""bnb"":""0x4200000000000000000000000000000000000006"",""osmosis"":""ibc/F4A070A6D78496D53127EA85C094A9EC87DFC1F36071B8CCDDBD020F933D213D"",""anubis"":""0x699D13487Ed6b78953da2750887B58Ef738f9636""}"
7200,BID,Bidao,bidao,bidaochain.com,7200.png,"{""ethereum"":""0x25e1474170c4c0aA64fa98123bdc8dB49D7802fa"",""gnosis-gno"":""0x2977893f4c04bfbd6efc68d0e46598d27810d3db""}"
7208,POLS,Polkastarter,polkastarter,polkastarter.com,7208.png,"{""ethereum"":""0x83e6f1e41cdd28eaceb20cb649155049fac3d5aa"",""bnb"":""0x7e624fa0e1c4abfd309cc15719b7e2580887f570""}"
7219,RBC,Rubic,rubic,rubic.exchange,7219.png,"{""ethereum"":""0x3330bfb7332ca23cd071631837dc289b09c33333"",""arbitrum"":""0x10aAeD289a7b1B0155bF4b86c862f297E84465e0""}"
7224,DODO,DODO,dodo,dodoex.io,7224.png,"{""ethereum"":""0x43dfc4159d86f3a37a5a4b3d4580b888ad7d4ddd"",""bnb"":""0x67ee3Cb086F8a16f34beE3ca72FAD36F7Db929e2"",""arbitrum"":""0x69Eb4FA4a2fbd498C257C57Ea8b7655a2559A581"",""near-protocol"":""43dfc4159d86f3a37a5a4b3d4580b888ad7d4ddd.factory.bridge.near""}"
7226,INJ,Injective,injective,injective.com,7226.png,"{""ethereum"":""0xe28b3b32b6c345a34ff64674606124dd5aceca30"",""bnb"":""0xa2b726b1145a4773f68593cf171187d8ebe4d495"",""solana"":""1NJMqVM4PadjuzYmeB7zV7q7DV8oB3ExaQCd9x6KsLz"",""osmosis"":""ibc/64BA6E31FE887D66C6F8F31C7B1A80C7CA179239677B4088BB55F5EA07DBE273"",""injective"":""inj""}"
7228,DDX,DerivaDAO,derivadao,derivadex.com,7228.png,"{""ethereum"":""0x3a880652f47bfaa771908c07dd8673a787daed3a""}"
7230,OPIUM,Opium,opium,opium.network,7230.png,"{""ethereum"":""0x888888888889c00c67689029d7856aac1065ec11""}"
7232,ALPHA,Stella,alpha-finance-lab,stellaxyz.io,7232.png,"{""ethereum"":""0xa1faa113cbe53436df28ff0aee54275c13b40975"",""bnb"":""0xa1faa113cbe53436df28ff0aee54275c13b40975"",""avalanche"":""0x2147EFFF675e4A4eE1C2f918d181cDBd7a8E208f"",""arbitrum"":""0xC9CBf102c73fb77Ec14f8B4C8bd88e050a6b2646""}"
7236,CUSD,Celo Dollar,celo-dollar,celo.org,7236.png,"{""celo"":""0x765de816845861e75a25fca122bb6898b8b1282a"",""near-protocol"":""cusd.token.a11bd.near""}"
7242,CORE,cVault.finance,cvault-finance,cvault.finance,7242.png,"{""ethereum"":""0x62359ed7505efc61ff1d56fef82158ccaffa23d7""}"
7256,MTLX,Mettalex,mettalex,mettalex.ai,7256.png,"{""ethereum"":""0x2e1e15c44ffe4df6a0cb7371cd00d5028e571d14""}"
7257,APE,APEcoin.dev,apecoin,apecoin.dev,7257.png,"{""bnb"":""0xa9ea4b786ee5b7a733c035564bfd9341a4c9fc1e""}"
7262,XDNA,extraDNA,extradna,xhumanity.org,7262.png,"{""ethereum"":""0x8e57c27761EBBd381b0f9d09Bb92CeB51a358AbB"",""bnb"":""0x80dbA9C32b7aB5445e482387A5522e24C0Ba4C24""}"
7270,SFD,SAFE DEAL,safe-deal,safedeal.trade,7270.png,{}
7278,AAVE,Aave,aave,aave.com,7278.png,"{""ethereum"":""0x7Fc66500c84A76Ad7e9c93437bFc5Ac33E2DDaE9"",""htx-token"":""0x202b4936fe1a82a4965220860ae46d7d3939bb25"",""gnosis-gno"":""0xDF613aF6B44a31299E48131e9347F034347E2F00"",""fantom"":""0x6a07A792ab2965C72a5B8088d3a069A7aC3a993B"",""avalanche"":""0x8ce2dee54bb9921a2ae0a63dbb2df8ed88b91dd9"",""polygon-ecosystem-token"":""0xd6df932a45c0f255f85145f286ea0b292b21c90b"",""bnb"":""0xfb6115445bff7b52feb98650c87f44907e58f802"",""sora"":""0x0091bd8d8295b25cab5a7b8b0e44498e678cfc15d872ede3215f7d4c7635ba36"",""solana"":""AavE1kKKnesPw4MuRJmJ9jZs9QzEE8CPxQ3ViczUDfc1"",""near-protocol"":""7fc66500c84a76ad7e9c93437bfc5ac33e2ddae9.factory.bridge.near"",""arbitrum"":""0xba5ddd1f9d7f570dc94a51479a000e3bce967196""}"
7281,XPRT,Persistence One,persistence,persistence.one,7281.png,"{""ethereum"":""0xD454b59f16D42667Be2fA55292d16647E27f40C4"",""optimism-ethereum"":""0xc7Edf7B7b3667a06992508e7B156eff794a9e1c8"",""osmosis"":""ibc/A0CC0CF735BFB30E730C70019D4218A1244FF383503FF7579C9201AB93CA9293"",""base"":""0xc7Edf7B7b3667a06992508e7B156eff794a9e1c8"",""blast"":""0xc7Edf7B7b3667a06992508e7B156eff794a9e1c8""}"
7288,XVS,Venus,venus,venus.io,7288.png,"{""ethereum"":""0xd3CC9d8f3689B83c91b7B59cAB4946B063EB894A"",""bnb"":""0xcf6bb5389c92bdda8a3747ddb454cb7a64626c63"",""arbitrum"":""0xc1eb7689147c81ac840d4ff0d298489fc7986d52"",""zksync"":""0xD78ABD81a3D57712a3af080dc4185b698Fe9ac5A"",""optimism-ethereum"":""0x4a971e87ad1F61f7f3081645f52a99277AE917cF"",""base"":""0xebB7873213c8d1d9913D8eA39Aa12d74cB107995"",""uniswap"":""0x81908BBaad3f6fC74093540Ab2E9B749BB62aA0d""}"
7296,TRU,Truebit,truebit,truebit.io,7296.png,"{""ethereum"":""0xf65B5C5104c4faFD4b709d9D60a185eAE063276c""}"
7311,BIFI,Beefy,beefy-finance,beefy.com,7311.png,"{""ethereum"":""0xB1F1ee126e9c96231Cc3d3fAD7C08b4cf873b1f1""}"
7326,DEXE,DeXe,dexe,dexe.network,7326.png,"{""ethereum"":""0xde4EE8057785A7e8e800Db58F9784845A5C2Cbd6"",""bnb"":""0x6E88056E8376Ae7709496Ba64d37fa2f8015ce3e""}"
7334,CFX,Conflux,conflux-network,confluxnetwork.org,7334.png,"{""conflux-network"":""0xeeeeeeeeeeeeeeeeeeeeeeeeeeeeeeeeeeeeeeee""}"
7336,INDEX,Index Cooperative,index-cooperative,indexcoop.com,7336.png,"{""ethereum"":""0x0954906da0Bf32d5479e25f46056d22f08464cab""}"
7349,CNTR,Centaur,centaur,cntr.finance,7349.png,"{""ethereum"":""0x03042482d64577a7bdb282260e2ea4c8a89c064b"",""polygon-ecosystem-token"":""0xdae89da41a96956e9e70320ac9c0dd077070d3a5""}"
7420,DRC,Digital Reserve Currency,digital-reserve-currency,drcglobal.org,7420.png,"{""ethereum"":""0xa150db9b1fa65b44799d4dd949d922c0a33ee606"",""polygon-ecosystem-token"":""0xfed16c746cb5bfed009730f9e3e6a673006105c7"",""arbitrum"":""0x2b089381f53525451fe5115f23e9d2cc92d7ff1d""}"
7422,PLOT,PlotX,plotx,plotx.io,7422.png,"{""ethereum"":""0x72f020f8f3e8fd9382705723cd26380f8d0c66bb"",""polygon-ecosystem-token"":""0xe82808eaA78339b06a691fd92E1Be79671cAd8D3""}"
7424,HEZ,Hermez Network,hermez-network,hermez.io,7424.png,"{""ethereum"":""0xeef9f339514298c6a857efcfc1a762af84438dee""}"
7429,LQTY,Liquity,liquity,liquity.org,7429.png,"{""ethereum"":""0x6DEA81C8171D0bA574754EF6F8b412F2Ed88c54D""}"
7431,AKT,Akash Network,akash-network,akash.network,7431.png,"{""osmosis"":""ibc/1480B8FD20AD5FCAE81EA87584D269547DD4D436843C1D20F15E00EB64743EF4""}"
7438,ZEE,ZeroSwap,zeroswap,zeroswap.io,7438.png,"{""ethereum"":""0x2eDf094dB69d6Dcd487f1B3dB9febE2eeC0dd4c5"",""bnb"":""0x44754455564474a89358b2c2265883df993b12f0"",""polygon-ecosystem-token"":""0xfd4959c06FbCc02250952DAEbf8e0Fb38cF9FD8C"",""avalanche"":""0x44754455564474a89358b2c2265883df993b12f0""}"
7440,BOND,BarnBridge,barnbridge,barnbridge.com,7440.png,"{""ethereum"":""0x0391D2021f89DC339F60Fff84546EA23E337750f""}"
7455,AUDIO,Audius,audius,audius.co,7455.png,"{""ethereum"":""0x18aaa7115705e8be94bffebde57af9bfc265b998"",""gnosis-gno"":""0x8A95ea379E1Fa4C749dd0A7A21377162028C479e"",""solana"":""9LzCMqDgTKYz9Drzqnpgee3SGa89up3a247ypMj2xrqM""}"
7461,PDA,PlayDapp,playdapp,playdapp.com,7461.png,"{""ethereum"":""0x0D3CbED3f69EE050668ADF3D9Ea57241cBa33A2B""}"
7463,RAMP,RAMP,ramp,rampdefi.com,7463.png,"{""ethereum"":""0x33D0568941C0C64ff7e0FB4fbA0B11BD37deEd9f"",""bnb"":""0x8519ea49c997f50ceffa444d240fb655e89248aa""}"
7497,POND,Marlin,marlin,marlin.org,7497.png,"{""ethereum"":""0x57b946008913b82e4df85f501cbaed910e58d26c"",""arbitrum"":""0xda0a57b710768ae17941a9fa33f8b720c8bd9ddd""}"
7501,WOO,WOO,wootrade,woo.org,7501.png,"{""ethereum"":""0x4691937a7508860f876c9c0a2a617e7d9e945d4b"",""bnb"":""0x4691937a7508860f876c9c0a2a617e7d9e945d4b"",""polygon-ecosystem-token"":""0x1B815d120B3eF02039Ee11dC2d33DE7aA4a8C603"",""avalanche"":""0xabc9547b534519ff73921b1fba6e672b5f58d083"",""arbitrum"":""0xcafcd85d8ca7ad1e1c6f82f651fa15e33aefd07b"",""near-protocol"":""4691937a7508860f876c9c0a2a617e7d9e945d4b.factory.bridge.near""}"
7505,EVER,Everscale,everscale,everscale.network,7505.png,"{""ethereum"":""0x1ffefd8036409cb6d652bd610de465933b226917"",""bnb"":""0x1ffefd8036409cb6d652bd610de465933b226917"",""everscale"":""EVER""}"
7510,QRX,QuiverX,quiverx,quiverx.xyz,7510.png,"{""ethereum"":""0x6e0dade58d2d89ebbe7afc384e3e4f15b70b14d8""}"
7533,ORAI,Oraichain,oraichain-token,orai.io,7533.png,"{""ethereum"":""0x4c11249814f11b9346808179cf06e71ac328c1b5"",""bnb"":""0xA325Ad6D9c92B55A3Fc5aD7e412B1518F96441C0""}"
7535,KP3R,Keep3rV1,keep3rv1,keep3r.network,7535.png,"{""ethereum"":""0x1ceb5cb57c4d4e2b2433641b95dd330a33185a44"",""fantom"":""0x2A5062D22adCFaAfbd5C541d4dA82E4B450d4212"",""solana"":""3a2VW9t5N6p4baMW3M6yLH1UJ9imMt7VsyUk6ouXPVLq""}"
7548,WEMIX,WEMIX,wemix,wemix.com,7548.png,"{""polygon-ecosystem-token"":""0x9cf01f6a0413416679d8be06f782866ae9e3eae6"",""kaia"":""0x67cb285790bb9f5dce728f80a3104a2297df2bb2"",""avalanche"":""0xbce7e996f2bbcb8ed454de60e134450f979ea607"",""gram"":""EQCf7Nb341dxOE3N0jimngRxGEV8T3zo-eU2EZVs_nchNhhZ"",""wemix"":""0xeeeeeeeeeeeeeeeeeeeeeeeeeeeeeeeeeeeeeeee""}"
7552,HYVE,Hyve,hyve,hyve.works,7552.png,"{""ethereum"":""0xd794DD1CAda4cf79C9EebaAb8327a1B0507ef7d4"",""bnb"":""0xF6565A97Dc832d93DC83B75EE9aa5c7e8ecB0F9d"",""polygon-ecosystem-token"":""0x61aee582896064ecd5d85d66a32ddeb5574a699d"",""fantom"":""0x90b89e881961E1053AeaDdbA13217d56F747349a""}"
7553,ERSDL,Residual Token,unfederalreserve,residualtoken.com,7553.png,"{""ethereum"":""0x5218E472cFCFE0b64A064F055B43b4cdC9EfD3A6""}"
7558,DOC,Dollar on Chain,dollar-on-chain,moneyonchain.com,7558.png,"{""rsk-smart-bitcoin"":""0xe700691da7b9851f2f35f8b8182c69c53ccad9db""}"
7588,GSWAP,Gameswap,gameswap,gameswap.org,7588.png,"{""ethereum"":""0xaac41ec512808d64625576eddd580e7ea40ef8b2""}"
7590,DVI,Dvision Network,dvision-network,dvision.network,7590.png,"{""ethereum"":""0x10633216e7e8281e33c86f02bf8e565a635d9770"",""bnb"":""0x758fb037a375f17c7e195cc634d77da4f554255b""}"
7596,SMARTCREDIT,SmartCredit Token,smartcredit-token,smartcredit.io,7596.png,"{""ethereum"":""0x72e9d9038ce484ee986fea183f8d8df93f9ada13""}"
7616,LTX,Lattice Token,lattice-token,lattice.exchange,7616.png,"{""ethereum"":""0xa393473d64d2F9F026B60b6Df7859A689715d092""}"
7617,SFI,saffron.finance,saffron-finance,saffron.finance,7617.png,"{""ethereum"":""0xb753428af26e81097e7fd17f40c88aaa3e04902c"",""polygon-ecosystem-token"":""0x35b937583f04a24963eb685f728a542240f28dd8"",""arbitrum"":""0xFF0490bF1a58a4151D4D6EC6cb3d2959a561874c"",""robinhood-placeholder"":""0xE77d354898A44808ff3999947002785CD727BEd5""}"
7618,ALPA,Alpaca City,alpaca-city,alpaca.city,7618.png,"{""ethereum"":""0x7cA4408137eb639570F8E647d9bD7B7E8717514A""}"
7619,BCA,Bitcoiva,bitcoiva,bitcoiva.com,7619.png,"{""bnb"":""0xddae5f343b7768eadaad88a7f520fff54f198211""}"
7622,UBX,UBIX.Network,ubix-network,ubix.network,7622.png,"{""ethereum"":""0xf5b5efc906513b4344ebabcf47a04901f99f09f3"",""bnb"":""0xcdE131F756176967b695c6090885d387f1337456""}"
7637,TRA,Trabzonspor Fan Token,trabzonspor-fan-token,trabzonspor.org.tr,7637.png,"{""solana"":""AMnbxhGifp3gm2YsNwmfcF2ZCLsZN6iP3LdzBPZgGpzW"",""base"":""0x1c4be68787a4f186f2a3702c45ff6b13802646e4"",""chiliz"":""0xEff432433Dd57AdFA37004af00DB148F9407e7bD""}"
7653,ROSE,Oasis,oasis-network,oasis.net,7653.png,"{""bnb"":""0xF00600eBC7633462BC4F9C61eA2cE99F5AAEBd4a"",""oasis-network"":""0xeeeeeeeeeeeeeeeeeeeeeeeeeeeeeeeeeeeeeeee""}"
7654,RFOX,RFOX,redfox-labs,rfox.com,7654.png,"{""ethereum"":""0xa1d6df714f91debf4e0802a542e13067f31b8262"",""bnb"":""0x0a3a21356793b49154fd3bbe91cbc2a16c0457f5""}"
7672,UNFI,Unifi Protocol DAO,unifi-protocol-dao,unifiprotocol.com,7672.png,"{""bnb"":""0x728C5baC3C3e370E372Fc4671f9ef6916b814d8B"",""ethereum"":""0x441761326490cacf7af299725b6292597ee822c2""}"
7678,ROOK,Rook,keeperdao,app.rook.fi,7678.png,"{""ethereum"":""0xfa5047c9c78b8877af97bdcb85db743fd7313d4a""}"
7692,EXRD,e-Radix,radix,radixdlt.com,7692.png,"{""ethereum"":""0x6468e79A80C0eaB0F9A2B574c8d5bC374Af59414""}"
7698,CORX,CorionX,corionx,corion.io,7698.png,"{""ethereum"":""0x26a604DFFE3ddaB3BEE816097F81d3C4a2A4CF97"",""bnb"":""0x141383CDB8158982fB3469C3e49cC82F8026d968""}"
7703,MVC,MileVerse,mileverse,mileverse.com,7703.png,"{""ethereum"":""0x581911b360B6eB3a14eF295a83a91DC2bCE2D6f7""}"
7719,XKR,Kryptokrona,kryptokrona,kryptokrona.se,7719.png,{}
7725,TRU,TrueFi,truefi-token,truefi.io,7725.png,"{""ethereum"":""0x4c19596f5aaff459fa38b0f7ed92f11ae6543784""}"
7726,ICHI,ICHI,ichi,ichi.org,7726.png,"{""ethereum"":""0x111111517e4929d3dcbdfa7cce55d30d4b6bc4d6"",""polygon-ecosystem-token"":""0x111111517e4929d3dcbdfa7cce55d30d4b6bc4d6"",""arbitrum"":""0xadf5DD3E51bF28aB4F07e684eCF5d00691818790""}"
7737,API3,API3,api3,api3.org,7737.png,"{""ethereum"":""0x0b38210ea11411557c13457D4dA7dC6ea731B88a""}"
7739,KIT,DexKit,dexkit,dexkit.com,7739.png,"{""ethereum"":""0x7866e48c74cbfb8183cd1a929cd9b95a7a5cb4f4"",""bnb"":""0x314593fa9a2fa16432913dBcCC96104541d32D11"",""polygon-ecosystem-token"":""0x4d0def42cf57d6f27cd4983042a55dce1c9f853c"",""arbitrum"":""0x9134283aFaF6E1B45689EC0b0c82fF2B232BCb30"",""base"":""0x946f8b0ef009f3f5b1b35e6511a82a58b09d8d4e""}"
7742,MPH,88mph,88mph,88mph.app,7742.png,"{""ethereum"":""0x8888801af4d980682e47f1a9036e589479e835c5""}"
7750,EDEN,Eden,eden-network,edennetwork.io,7750.png,"{""ethereum"":""0x1559fa1b8f28238fd5d76d9f434ad86fd20d1559""}"
7760,SC,Swiss Capital,komet,swisscapital.pro,7760.png,"{""bnb"":""0x70fc37b7f5dab4fd0db7e721b4a2cd5b22b4ee5e""}"
7784,BLINK,BLink,blink,blink.wink.org,7784.png,"{""bnb"":""0x63870a18b6e42b01ef1ad8a2302ef50b7132054f""}"
7791,BUNNY,Pancake Bunny,pancakebunny,pancakebunny.finance,7791.png,"{""bnb"":""0xc9849e6fdb743d08faee3e34dd2d1bc69ea11a51""}"
7795,BIRD,Bird.Money,bird-money,bird.money,7795.png,"{""ethereum"":""0x70401dfd142a16dc7031c56e862fc88cb9537ce0"",""bnb"":""0x8780fEA4C6b242677D4A397fE1110AC09Ce99ad2"",""solana"":""FTPnEQ3NfRRZ9tvmpDW6JFrvweBE5sanxnXSpJL1dvbB""}"
7805,MUSE,Muse,muse,nft20.io,7805.png,"{""ethereum"":""0xb6ca7399b4f9ca56fc27cbff44f4d2e4eef1fc81""}"
7813,BAC,Basis Cash,basis-cash,basis.cash,7813.png,"{""ethereum"":""0x3449FC1Cd036255BA1EB19d65fF4BA2b8903A69a""}"
7817,BFC,Bifrost,bifrost,bifrostnetwork.com,7817.png,"{""ethereum"":""0x0c7D5ae016f806603CB1782bEa29AC69471CAb9c""}"
7824,VAI,Vai,vai,venus.io,7824.png,"{""bnb"":""0x4bd17003473389a42daf6a0a729f6fdb328bbbd7""}"
7838,BASE,Base Protocol,base-protocol,baseprotocol.org,7838.png,"{""ethereum"":""0x07150e919b4de5fd6a63de1f9384828396f25fdc"",""gnosis-gno"":""0x699D001ef13B15335193bC5FAd6CFC6747eeE8BE""}"
7841,IDLE,Idle,idle,idle.finance,7841.png,"{""ethereum"":""0x875773784Af8135eA0ef43b5a374AaD105c5D39e""}"
7844,ACS,ACryptoS,acryptos,acryptos.com,7844.png,"{""kava"":""0x8888888888f004100c0353d657be6300587a6ccd"",""bnb"":""0x8888888888f004100c0353d657be6300587a6ccd"",""arbitrum"":""0x8888888888f004100c0353d657be6300587a6ccd"",""avalanche"":""0x8888888888f004100c0353d657be6300587a6ccd"",""base"":""0x8888888888f004100c0353d657be6300587a6ccd""}"
7857,MIR,Mirror Protocol,mirror-protocol,mirror.finance,7857.png,"{""ethereum"":""0x09a3EcAFa817268f77BE1283176B946C4ff2E608"",""terra-luna"":""terra15gwkyepfc6xgca5t5zefzwy42uts8l2m4g40k6"",""bnb"":""0x5B6DcF557E2aBE2323c48445E8CC948910d8c2c9""}"
7859,BADGER,Badger DAO,badger-dao,app.badger.finance,7859.png,"{""ethereum"":""0x3472a5a71965499acd81997a54bba8d852c6e53d"",""gnosis-gno"":""0xdfc20AE04ED70bd9c7D720F449eEDAe19F659D65"",""arbitrum"":""0xbfa641051ba0a0ad1b0acf549a89536a0d76472e""}"
7866,MONA,Monavale,monavale,digitalax.xyz,7866.png,"{""ethereum"":""0x275f5Ad03be0Fa221B4C6649B8AeE09a42D9412A""}"
7876,VAL,SORA Validator Token,sora-validator-token,sora.org,7876.png,"{""ethereum"":""0xe88f8313e61a97cec1871ee37fbbe2a8bf3ed1e4"",""sora"":""0x0200040000000000000000000000000000000000000000000000000000000000""}"
7878,MOB,MobileCoin,mobilecoin,mobilecoin.foundation,7878.png,{}
7882,WOZX,Efforce,efforce,efforce.io,7882.png,"{""ethereum"":""0x34950ff2b487d9e5282c5ab342d08a2f712eb79f""}"
7931,BONDLY,Forj (Bondly),bondly,forj.network,7931.png,"{""ethereum"":""0x91dfbee3965baaee32784c2d546b7a0c62f268c9"",""polygon-ecosystem-token"":""0x64ca1571d1476b7a21c5aaf9f1a750a193a103c0"",""bnb"":""0x5d0158a5c3ddf47d4ea4517d8db0d76aa2e87563""}"
7950,FLR,Flare,flare,flare.network,7950.png,{}
7952,VSXP,Venus SXP,vsxp,app.venus.io,7952.png,"{""bnb"":""0x2ff3d0f6990a40261c66e1ff2017acbc282eb6d0""}"
7957,VUSDT,Venus USDT,venus-usdt,app.venus.io,7957.png,"{""bnb"":""0xfD5840Cd36d94D7229439859C0112a4185BC0255""}"
7958,VUSDC,Venus USDC,venus-usdc,app.venus.io,7958.png,"{""bnb"":""0xeca88125a5adbe82614ffc12d0db554e2e2867c8""}"
7959,VBUSD,Venus BUSD,venus-busd,app.venus.io,7959.png,"{""bnb"":""0x95c78222B3D6e262426483D42CfA53685A67Ab9D""}"
7960,VXVS,Venus XVS,venus-xvs,app.venus.io,7960.png,"{""bnb"":""0x151B1e2635A717bcDc836ECd6FbB62B674FE3E1D""}"
7961,VBNB,Venus BNB,venus-bnb,app.venus.io,7961.png,"{""bnb"":""0xA07c5b74C9B40447a954e1466938b865b6BBea36""}"
7962,VBTC,Venus BTC,venus-btc,app.venus.io,7962.png,"{""bnb"":""0x882C173bC7Ff3b7786CA16dfeD3DFFfb9Ee7847B""}"
7963,VETH,Venus ETH,venus-eth,app.venus.io,7963.png,"{""bnb"":""0xf508fCD89b8bd15579dc79A6827cB4686A3592c8""}"
7964,VLTC,Venus LTC,venus-ltc,app.venus.io,7964.png,"{""bnb"":""0x57A5297F2cB2c0AaC9D554660acd6D385Ab50c6B""}"
7965,VXRP,Venus XRP,venus-xrp,app.venus.io,7965.png,"{""bnb"":""0xb248a295732e0225acd3337607cc01068e3b9c10""}"
7972,HNY,Honey,honey-token,1hive.org,7972.png,"{""gnosis-gno"":""0x71850b7E9Ee3f13Ab46d67167341E4bDc905Eef9""}"
7974,VBCH,Venus BCH,venus-bch,app.venus.io,7974.png,"{""bnb"":""0x5F0388EBc2B94FA8E123F404b79cCF5f40b29176""}"
7975,VLINK,Venus LINK,venus-link,app.venus.io,7975.png,"{""bnb"":""0x650b940a1033b8a1b1873f78730fcfc73ec11f1f""}"
7976,VDOT,Venus DOT,venus-dot,app.venus.io,7976.png,"{""bnb"":""0x1610bc33319e9398de5f57B33a5b184c806aD217""}"
7978,FIDA,Bonfida,bonfida-sns,bonfida.org,7978.png,"{""solana"":""EchesyfXePKdLtoiZSL8pBe8Myagyy8ZRqsACNCFGnvp""}"
7986,HUB,Hub - Human Trust Protocol,hub-human-trust-protocol,hubtoken.org,7986.png,"{""ethereum"":""0xba358b6f5b4c0215650444b8c30d870b55050d2d""}"
7988,SZCB,Zugacoin,zugacoin,zugacoin.io,7988.png,"{""ethereum"":""0xf5832512CFDa8083E5b2dd0aA7C1B9265c03BA1F"",""bnb"":""0x702371e0897F5E2f566B1cE8256856D0549c5857""}"
8000,LDO,Lido DAO,lido-dao,lido.fi,8000.png,"{""ethereum"":""0x5a98fcbea516cf06857215779fd812ca3bef1b32"",""bnb"":""0x986854779804799C1d68867F5E03e601E781e41b"",""solana"":""HZRCwxP2Vq9PCpPXooayhJ2bxTpo5xfpQrwB1svh332p"",""terra-luna"":""terra1jxypgnfa07j6w92wazzyskhreq2ey2a5crgt6z"",""arbitrum"":""0x13Ad51ed4F1B7e9Dc168d8a00cB3f4dDD85EfA60""}"
8020,DFIAT,DeFiato,defiato,defiato.com,8020.png,"{""ethereum"":""0x1045f5ccb01daea4f8eab055f5fcbb7c0e7c89f0"",""bnb"":""0xf64ed9ad397a1ae657f31131d4b189220a7f1cc7"",""terra-luna"":""terra1vpws4hmpmpsqwnz3gljn8zj42rv7rkpc5atgt4"",""avalanche"":""0xafe3d2a31231230875dee1fa1eef14a412443d22""}"
8029,OXY,Oxygen,oxygen,oxygen.org,8029.png,"{""ethereum"":""0x965697b4ef02f0de01384d0d4f9f782b1670c163"",""solana"":""z3dn17yLaGMKffVogeFHQ9zWVcXgqgf3PQnDsNs2g6M""}"
8034,BIOT,BioPassport Token,biopassport-token,biopassport.io,8034.png,"{""ethereum"":""0xc07A150ECAdF2cc352f5586396e344A6b17625EB""}"
8037,VANRY,Vanar Chain,vanar,vanarchain.com,8037.png,"{""base"":""0x07848a7b542a9cd856122c6c4ab9ec87c44f8b63""}"
8044,ADP,Adappter Token,adappter-token,adappter.io,8044.png,"{""ethereum"":""0xc314b0e758d5ff74f63e307a86ebfe183c95767b""}"
8049,TORN,Tornado Cash,torn,ipfs.io,8049.png,"{""ethereum"":""0x77777feddddffc19ff86db637967013e6c6a116c"",""bnb"":""0x1ba8d3c4c219b124d351f603060663bd1bcd9bbf""}"
8056,UNN,UNION Protocol Governance Token,union-protocol-governance-token,unn.finance,8056.png,"{""ethereum"":""0x226f7b842e0f0120b7e194d05432b3fd14773a9d""}"
8063,DUCK,Duck DAO (DLP Duck Token),duck-dao,duckstarter.io,8063.png,"{""ethereum"":""0xc0ba369c8db6eb3924965e5c4fd0b4c1b91e305f"",""bnb"":""0x5d186e28934c6b0ff5fc2fece15d1f34f78cbd87""}"
8075,RLY,Rally,rally,rly.network,8075.png,"{""ethereum"":""0xf1f955016EcbCd7321c7266BccFB96c68ea5E49b"",""flow"":""A.231cc0dbbcffc4b7.RLY"",""core-dao"":""0xc8d0C7393ed59A55A50b2Aebf74AF97Ea951c533""}"
8080,DYP,Dypius [Old],defi-yield-protocol,dypius.com,8080.png,"{""ethereum"":""0x961C8c0B1aaD0c0b10a51FeF6a867E3091BCef17"",""bnb"":""0x961C8c0B1aaD0c0b10a51FeF6a867E3091BCef17"",""avalanche"":""0x961c8c0b1aad0c0b10a51fef6a867e3091bcef17""}"
8083,LON,Tokenlon Network Token,tokenlon-network-token,tokenlon.im,8083.png,"{""ethereum"":""0x0000000000095413afc295d19edeb1ad7b71c952""}"
8085,STETH,Lido Staked ETH,steth,lido.fi,8085.png,"{""ethereum"":""0xae7ab96520de3a18e5e111b5eaab095312d7fe84"",""solana"":""H2mf9QNdU2Niq6QR7367Ua2trBsvscLyX5bz7R3Pw5sE"",""terra-luna"":""terra1w7ywr6waxtjuvn5svk5wqydqpjj0q9ps7qct4d""}"
8100,ANKRETH,Ankr Staked ETH,ankreth,ankr.com,8100.png,"{""ethereum"":""0xe95a203b1a91a908f9b9ce46459d101078c2c3cb"",""bnb"":""0xe05a08226c49b636acf99c40da8dc6af83ce5bb3"",""fantom"":""0x12d8ce035c5de3ce39b1fdd4c1d5a745eaba3b8c"",""polygon-ecosystem-token"":""0xc4e82ba0fe6763cbe5e9cbca0ba7cbd6f91c6018"",""avalanche"":""0x12d8ce035c5de3ce39b1fdd4c1d5a745eaba3b8c"",""optimism-ethereum"":""0xe05a08226c49b636acf99c40da8dc6af83ce5bb3"",""arbitrum"":""0xe05a08226c49b636acf99c40da8dc6af83ce5bb3"",""polygon"":""0x12d8ce035c5de3ce39b1fdd4c1d5a745eaba3b8c"",""blast"":""0x049e6A52e2C9b7814c8178908F3630726c134c92"",""mode"":""0x12D8CE035c5DE3Ce39B1fDD4C1d5a745EAbA3b8C""}"
8104,1INCH,1inch,1inch,1inch.com,8104.png,"{""ethereum"":""0x111111111117dc0aa78b770fa6a738034120c302"",""bnb"":""0x111111111117dc0aa78b770fa6a738034120c302"",""avalanche"":""0xd501281565bf7789224523144Fe5D98e8B28f267"",""optimism-ethereum"":""0xad42d013ac31486b73b6b059e748172994736426"",""arbitrum"":""0x6314c31a7a1652ce482cffe247e9cb7c3f4bb9af"",""zksync"":""0x3f0b8b206a7fbdb3ecfc08c9407ca83f5ab1ce59"",""linea"":""0x10f04e61bd6019d6c9b0bf4907e805a64b92ee3e"",""base"":""0xc5fecc3a29fb57b5024eec8a2239d4621e111cbe"",""uniswap"":""0xbe41cde1c5e75a7b6c2c70466629878aa9acd06e"",""robinhood-placeholder"":""0x1755c2910c126ee1b0cf1e08a307dc9e787285a0""}"
8107,CBK,Cobak Token,cobak-token,cobak.co.kr,8107.png,"{""ethereum"":""0xD85a6Ae55a7f33B0ee113C234d2EE308EdeAF7fD""}"
8119,SFP,SafePal,safepal,safepal.com,8119.png,"{""bnb"":""0xd41fdb03ba84762dd66a0af1a6c8540ff1ba5dfb"",""ethereum"":""0x12e2b8033420270db2f3b328e32370cb5b2ca134""}"
8129,FIRE,Fire Protocol,fire-protocol,fireprotocol.io,8129.png,"{""ethereum"":""0xF921ae2DAC5fa128DC0F6168Bf153ea0943d2D43""}"
8132,BIFI,BiFi,bifi,bifi.finance,8132.png,"{""ethereum"":""0x2791bfd60d232150bff86b39b7146c0eaaa2ba81""}"
8133,SKEY,Skey Network,smartkey,skey.network,8133.png,"{""ethereum"":""0x06a01a4d579479dd5d884ebf61a31727a3d8d442""}"
8136,WAXE,WAXE,waxe,wax.io,8136.png,"{""ethereum"":""0x7a2bc711e19ba6aff6ce8246c546e8c4b4944dfd""}"
8144,OVR,OVR,ovr,overthereality.ai,8144.png,"{""ethereum"":""0x21bfbda47a0b4b5b1248c767ee49f7caa9b23697"",""bnb"":""0x7E35D0e9180bF3A1fc47b0d110bE7a21A10B41Fe"",""polygon-ecosystem-token"":""0x1631244689ec1fecbdd22fb5916e920dfc9b8d30"",""base"":""0x27E3Bc3a66E24CaD043aC3d93A12A8070E3897ba"",""peaq"":""0x08E6D50169863FD9BEb88687ce1573CF9D6D1484""}"
8162,AME,AME Chain,amepay,amechain.io,8162.png,{}
8166,MAPS,MAPS,maps,maps.me,8166.png,"{""ethereum"":""0x2b915b505c017abb1547aa5ab355fbe69865cc6d"",""solana"":""MAPS41MDahZ9QdKXhVa4dWB9RuyfV4XqhyAZ8XcYepb""}"
8167,WISE,Wise Token,wise,app.wisetoken.com,8167.png,"{""ethereum"":""0x66a0f676479cee1d7373f3dc2e2952778bff5bd6""}"
8200,FOX,Shapeshift FOX Token,fox-token,shapeshift.com,8200.png,"{""ethereum"":""0xc770eefad204b5180df6a14ee197d99d808ee52d"",""gnosis-gno"":""0x21a42669643f45Bc0e086b8Fc2ed70c23D67509d"",""polygon-ecosystem-token"":""0x65A05DB8322701724c197AF82C9CaE41195B0aA8"",""optimism-ethereum"":""0xF1a0DA3367BC7aa04F8D94BA57B862ff37CeD174"",""arbitrum"":""0xf929de51d91c77e42f5090069e0ad7a09e513c73""}"
8206,QUICK,QuickSwap [Old],quickswap,quickswap.exchange,8206.png,"{""ethereum"":""0x6c28aef8977c9b773996d0e8376d2ee379446f2f"",""solana"":""5njTmK53Ss5jkiHHZvzabVzZj6ztu6WYWpAPYgbVnbjs"",""polygon-ecosystem-token"":""0x831753DD7087CaC61aB5644b308642cc1c33Dc13""}"
8213,VFIL,Venus Filecoin,venus-filecoin,app.venus.io,8213.png,"{""bnb"":""0xf91d58b5ae142dacc749f58a49fcbac340cb0343""}"
8214,VDAI,Venus DAI,venus-dai,app.venus.io,8214.png,"{""bnb"":""0x334b3ecb4dca3593bccc3c7ebd1a1c1d1780fbf1""}"
8216,XEP,Electra Protocol,electra-protocol,electraprotocol.com,8216.png,"{""bnb"":""0xb897D0a0f68800f8Be7D69ffDD1c24b69f57Bf3e"",""solana"":""2HmJ717Smn26MRn4PzmbGf29Z5d2nU6Jqre7HyELNsX3""}"
8230,AIN,AI Network,ai-network,ainetwork.ai,8230.png,"{""ethereum"":""0x3A810ff7211b40c4fA76205a14efe161615d0385""}"
8249,3CRV,LP 3pool Curve,lp-3pool-curve,curve.fi,8249.png,"{""ethereum"":""0x6c3f90f043a72fa612cbac8115ee7e52bde6e490"",""avalanche"":""0x1337bedc9d22ecbe766df105c9623922a27963ec""}"
8255,PROS,Prosper,prosper,prosper-fi.com,8255.png,"{""ethereum"":""0x915424Ac489433130d92B04096F3b96c82e92a9D"",""bnb"":""0x915424Ac489433130d92B04096F3b96c82e92a9D"",""base"":""0x915424Ac489433130d92B04096F3b96c82e92a9D""}"
8260,NDX,Indexed Finance,indexed-finance,indexed.finance,8260.png,"{""ethereum"":""0x86772b1409b61c639eaac9ba0acfbb6e238e5f83""}"
8265,HELMET,Helmet.insure,helmet-insure,helmet.insure,8265.png,"{""bnb"":""0x948d2a81086A075b3130BAc19e4c6DEe1D2E3fE8""}"
8266,MDX,Mandala Exchange Token,mandala-exchange-token,mandala.exchange,8266.png,"{""ethereum"":""0x947AEb02304391f8fbE5B25D7D98D649b57b1788""}"
8271,POOLX,Poolz Finance,poolz-finance,poolz.finance,8271.png,"{""bnb"":""0xbaea9aba1454df334943951d51116ae342eab255""}"
8276,ARIA20,Arianee,arianee-protocol,arianee.com,8276.png,"{""ethereum"":""0xedf6568618a00c6f0908bf7758a16f76b6e04af9"",""polygon-ecosystem-token"":""0x46f48fbdedaa6f5500993bede9539ef85f4bee8e""}"
8279,NGM,e-Money,e-money-coin,e-money.com,8279.png,"{""ethereum"":""0xed0d5747a9ab03a75fbfec3228cd55848245b75d"",""osmosis"":""ibc/1DC495FCEFDA068A3820F903EDBD78B942FBD204D7E93D3BA2B432E9669D1A59"",""polygon-ecosystem-token"":""0xc54FF1b09Ab25B01275cD1093c2Ba311A18c00Eb""}"
8282,KOIN,Koinos,koinos,koinos.io,8282.png,"{""ethereum"":""0xa50ad3a559A10f384a5bB2e27516f63E0B937b1A"",""solana"":""8AUxdPqYU4FBy5rZDhMJxTniPs7gtEfdHjP3UKM71m6G"",""base"":""0x9b61660Cb1a6920E9c912570cD210020B956F34E""}"
8290,SUPER,SuperVerse,superverse,superverse.co,8290.png,"{""ethereum"":""0xe53ec727dbdeb9e2d5456c3be40cff031ab40a55"",""polygon-ecosystem-token"":""0xa1428174f516f527fafdd146b883bb4428682737"",""avalanche"":""0x09fa58228bb791ea355c90da1e4783452b9bd8c3"",""base"":""0x391359ab0CCef572DcaC78F74E47D7C06Db0b982""}"
8299,SDT,Stake DAO,stake-dao,stakedao.org,8299.png,"{""ethereum"":""0x73968b9a57c6e53d41345fd57a6e6ae27d6cdb2f""}"
8335,MDX,Mdex,mdex,mdex.co,8335.png,"{""htx-token"":""0x25d2e80cb6b86881fd7e07dd263fb79f4abe033c"",""bnb"":""0x9c65ab58d8d978db963e63f2bfb7121627e3a739""}"
8339,XFUND,xFund,xfund,unification.com,8339.png,"{""ethereum"":""0x892a6f9df0147e5f079b0993f486f9aca3c87881"",""sora"":""0x007e908e399cc73f3dad9f02f9c5c83a7adcd07e78dd91676ff3c002e245d8e9""}"
8353,BETH,Beacon ETH,beacon-eth,ethereum.org,8353.png,"{""bnb"":""0x250632378e573c6be1ac2f97fcdf00515d0aa91b""}"
8357,BITCI,Bitcicoin,bitcicoin,bitcichain.com,8357.png,{}
8364,BMI,Bridge Mutual,bridge-mutual,bridgemutual.io,8364.png,"{""ethereum"":""0x725c263e32c72ddc3a19bea12c5a0479a81ee688""}"
8365,CWS,Seascape Crowns,crowns,seascape.network,8365.png,"{""bnb"":""0x99AA29Ac023057951781Dc5d1784E9A4C362Ce23""}"
8370,VBETH,Venus BETH,venus-beth,venus.io,8370.png,"{""bnb"":""0x972207a639cc1b374b893cc33fa251b55ceb7c07""}"
8376,MASQ,MASQ,masq,masqbrowser.com,8376.png,"{""ethereum"":""0x06f3c323f0238c72bf35011071f2b5b7f43a054c"",""polygon-ecosystem-token"":""0xee9a352f6aac4af1a5b9f467f6a93e0ffbe9dd35"",""base"":""0x45D9C101a3870Ca5024582fd788F4E1e8F7971c3""}"
8378,AKITA,Akita Inu [Old],akita-inu,akita.network,8378.png,"{""ethereum"":""0x3301ee63fb29f863f2333bd4466acb46cd8323e6""}"
8384,CLV,CLV,clover,clv.org,8384.png,"{""ethereum"":""0x80C62FE4487E1351b47Ba49809EBD60ED085bf52"",""bnb"":""0x09E889BB4D5b474f561db0491C38702F367A4e4d""}"
8385,UMB,Umbrella Network,umbrella-network,umb.network,8385.png,"{""ethereum"":""0x6fc13eace26590b80cccab1ba5d51890577d83b2"",""bnb"":""0x846f52020749715f02aef25b5d1d65e48945649d"",""multiversx-egld"":""UMB-e2b3d8""}"
8386,GUM,Gourmet Galaxy,gourmet-galaxy,gourmetgalaxy.io,8386.png,"{""ethereum"":""0x4f5fa8f2d12e5eb780f6082dd656c565c48e0f24"",""bnb"":""0xc53708664b99DF348dd27C3Ac0759d2DA9c40462""}"
8387,AUTO,Auto,auto,autofarm.network,8387.png,"{""bnb"":""0xa184088a740c695e156f91f5cc086a06bb78b827""}"
8389,BAMBOO,BambooDeFi,bamboo-defi,bamboodefi.com,8389.png,"{""ethereum"":""0xf56842Af3B56Fd72d17cB103f92d027bBa912e89"",""bnb"":""0x198abb2d13faa2e52e577d59209b5c23c20cd6b3""}"
8394,ANI,Anime Token,anime-token,animetoken.org,8394.png,"{""solana"":""AnimeXV38KBcwkdf8sQ3XES9pW6BiyCQPLUHvCrpTXgi""}"
8398,YFO,YFIONE,yfione,yfione.org,8398.png,"{""bnb"":""0xB653e9Da791DD33e24CD687260C7C281928411Ba""}"
8408,GOVI,Govi,govi,cvi.finance,8408.png,"{""ethereum"":""0xeeaa40b28a2d1b0b08f6f97bb1dd4b75316c6107"",""polygon-ecosystem-token"":""0x43df9c0a1156c96cea98737b511ac89d0e2a1f46""}"
8411,MFI,Marginswap,marginswap,marginswap.finance,8411.png,"{""ethereum"":""0xaa4e3edb11afa93c41db59842b29de64b72e355b"",""avalanche"":""0x9Fda7cEeC4c18008096C2fE2B85F05dc300F94d0""}"
8419,APYS,APYSwap,apyswap,apyswap.com,8419.png,"{""ethereum"":""0xf7413489c474ca4399eee604716c72879eea3615"",""bnb"":""0x37dfACfaeDA801437Ff648A1559d73f4C40aAcb7"",""solana"":""5JnZ667P3VcjDinkJFysWh2K2KtViy63FZ3oL5YghEhW"",""htx-token"":""0x90e8896b12a92D51CD213b681C2CaD83A9a6bD49"",""polygon-ecosystem-token"":""0x14743E1c6f812154F7ecc980D890F0F5234103e7""}"
8420,DAO,DAO Maker,dao-maker,daomaker.com,8420.png,"{""ethereum"":""0x0f51bb10119727a7e5ea3538074fb341f56b09ad"",""bnb"":""0x4d2d32d8652058Bf98c772953E1Df5c5c85D9F45"",""solana"":""85aM5XJhdDeUw4MbGKM56zmWnsRyh76zUVut97uPjiCg""}"
8422,PNG,Pangolin,pangolin,pangolin.exchange,8422.png,"{""avalanche"":""0x60781c2586d68229fde47564546784ab3faca982""}"
8425,JASMY,JasmyCoin,jasmy,jasmy.co.jp,8425.png,"{""ethereum"":""0x7420B4b9a0110cdC71fB720908340C03F9Bc03EC""}"
8438,HOGE,Hoge Finance,hoge-finance,hoge.gg,8438.png,"{""ethereum"":""0xfad45e47083e4607302aa43c65fb3106f1cd7607"",""base"":""0xDf690C65d067035364a58369C26820D3696D7799"",""solana"":""74gUPK636nrieDT9kLSgF1peWg5BB7itNkjF2BkMDwZj""}"
8442,ETHIX,EthicHub,ethichub,ethichub.com,8442.png,"{""ethereum"":""0xfd09911130e6930bf87f2b0554c44f400bd80d3e"",""gnosis-gno"":""0xec3f3e6d7907acDa3A7431abD230196CDA3FbB19"",""celo"":""0x9995cc8F20Db5896943Afc8eE0ba463259c931ed""}"
8444,GFARM2,Gains Farm,gains-farm-v2,gains.farm,8444.png,"{""ethereum"":""0x831091dA075665168E01898c6DAC004A867f1e1B"",""polygon-ecosystem-token"":""0x7075cab6bcca06613e2d071bd918d1a0241379e2""}"
8447,WILC,Wrapped ILCOIN,wrapped-ilcoin,wilc.finance,8447.png,"{""ethereum"":""0xc98a910ede52e7d5308525845f19e17470dbccf7""}"
8449,EGG,Goose Finance,goose-finance,goosedefi.com,8449.png,"{""bnb"":""0xF952Fc3ca7325Cc27D15885d37117676d25BfdA6""}"
8458,NUX,Peanut,peanut,peanut.trade,8458.png,"{""ethereum"":""0x89bd2e7e388fab44ae88bef4e1ad12b4f1e0911c"",""bnb"":""0x6d8734002fbffe1c86495e32c95f732fc77f6f2a""}"
8476,PREMIA,Premia,premia,premia.finance,8476.png,"{""ethereum"":""0x6399C842dD2bE3dE30BF99Bc7D1bBF6Fa3650E70"",""arbitrum"":""0x51fc0f6660482ea73330e414efd7808811a57fa2""}"
8479,VAI,VAIOT,vaiot,vaiot.ai,8479.png,"{""ethereum"":""0xD13cfD3133239a3c73a9E535A5c4DadEE36b395c"",""polygon-ecosystem-token"":""0xD13cfD3133239a3c73a9E535A5c4DadEE36b395c""}"
8487,TBCC,TBCC,tbcc-labs,tbcc.finance,8487.png,"{""bnb"":""0xf29480344d8e21efeab7fde39f8d8299056a7fea""}"
8489,XSGD,XSGD,xsgd,straitsx.com,8489.png,"{""ethereum"":""0x70e8de73ce538da2beed35d14187f6959a8eca96"",""polygon-ecosystem-token"":""0xDC3326e71D45186F113a2F448984CA0e8D201995"",""zilliqa"":""zil1zu72vac254htqpg3mtywdcfm84l3dfd9qzww8t"",""avalanche"":""0xb2F85b7AB3c2b6f62DF06dE6aE7D09c010a5096E"",""arbitrum"":""0xE333e7754a2DC1E020a162Ecab019254b9DaB653"",""solana"":""71S9cppWipeUEQDFngYwxjoxB6Sz1MUqX72byLsVYJqy"",""base"":""0x0A4C9cb2778aB3302996A34BeFCF9a8Bc288C33b"",""xrp"":""5853474400000000000000000000000000000000.rK67JczCpaYXVtfw3qJVmqwpSfa1bYTptw""}"
8495,ID,Everest,everest,everestfoundation.net,8495.png,"{""ethereum"":""0xebd9d99a3982d547c5bb4db7e3b1f9f14b67eb83""}"
8497,BANANA,ApeSwap,apeswap-finance,ape.bond,8497.png,"{""ethereum"":""0x92DF60c51C710a1b1C20E42D85e221f3A1bFc7f2"",""bnb"":""0x603c7f932ED1fc6575303D8Fb018fDCBb0f39a95"",""polygon-ecosystem-token"":""0x5d47baba0d66083c52009271faf3f50dcc01023c"",""arbitrum"":""0xd978f8489e1245568704407a479a71fcce2afe8f""}"
8501,LPNT,Luxurious Pro Network Token,luxurious-pro-network-token,lpntoken.io,8501.png,"{""ethereum"":""0x6a4c76874e686a7d080d173987a35a9c48905583"",""bnb"":""0x6a4c76874e686a7d080d173987a35a9c48905583""}"
8508,POOL,PoolTogether,pooltogether,pooltogether.com,8508.png,"{""ethereum"":""0x0cec1a9154ff802e7934fc916ed7ca50bde6844e""}"
8509,XMON,XMON,xmon,0xmons.xyz,8509.png,"{""ethereum"":""0x3aaDA3e213aBf8529606924d8D1c55CbDc70Bf74""}"
8519,RWA,Xend Finance,xend-finance,xend.finance,8519.png,"{""ethereum"":""0x4563554284aA7148D6E6D0351519E954Ba3B6E02"",""bnb"":""0x36fe11b6d5c9421f68d235694fe192b35e803903"",""polygon-ecosystem-token"":""0x36fe11b6d5c9421f68d235694fe192b35e803903"",""arbitrum"":""0x3096e7bfd0878cc65be71f8899bc4cfb57187ba3""}"
8525,RAI,Rai Reflex Index,rai,reflexer.finance,8525.png,"{""ethereum"":""0x03ab458634910aad20ef5f1c8ee96f1d6ac54919""}"
8526,RAY,Raydium,raydium,raydium.io,8526.png,"{""solana"":""4k3Dyjzvzp8eMZWUXbBCjEvwSkkk59S5iCNLY3QrkX6R"",""bnb"":""0x13b6A55662f6591f8B8408Af1C73B017E32eEdB8""}"
8531,QTF,Quantfury Token,quantfury-token,quantfury.com,8531.png,"{""ethereum"":""0x0fcbc31c503b4a9ed90e87f8ff46c318a4a14260""}"
8534,CHEX,Chintai,chex-token,chintai.io,8534.png,"{""ethereum"":""0x9Ce84F6A69986a83d92C324df10bC8E64771030f"",""vaulta"":""chexchexchex"",""bnb"":""0x9Ce84F6A69986a83d92C324df10bC8E64771030f"",""solana"":""6dKCoWjpj5MFU5gWDEFdpUUeBasBLK3wLEwhUzQPAa1e""}"
8536,MASK,Mask Network,mask-network,mask.io,8536.png,"{""ethereum"":""0x69af81e73a73b40adf4f3d4223cd9b1ece623074"",""bnb"":""0x2ed9a5c8c13b93955103b9a7c167b67ef4d568a3"",""polygon-ecosystem-token"":""0x2b9e7ccdf0f4e5b24757c1e1a80e311e34cb10c7""}"
8537,CAN,Channels,channels,bsc.channels.finance,8537.png,"{""bnb"":""0xdE9a73272BC2F28189CE3c243e36FaFDA2485212"",""htx-token"":""0xd5F9bdc2e6c8EE0484a6293ce7FA97d96a5e1012"",""arbitrum"":""0xB5039F8bCa27893d48222d54626069bA3E9f23D2""}"
8538,ACM,AC Milan Fan Token,ac-milan-fan-token,socios.com,8538.png,"{""solana"":""H5qGPniSX2uCNtAnxr7RpdfFAZcGkr6dknjgpa1AKHe1"",""base"":""0x886edf4ce5d879667bb62271bb9d59227b689cdc"",""chiliz"":""0x062f6004fd0bf204d272ff115e5b84f7a01489d1""}"
8554,PRCY,PRivaCY Coin,prcy-coin,prcycoin.com,8554.png,"{""ethereum"":""0xdfc3829b127761a3218bfcee7fc92e1232c9d116"",""tron"":""TYV5eu6UgSPtxVLkPD9YfxmUEcXhum35yS"",""bnb"":""0xdfc3829b127761a3218bfcee7fc92e1232c9d116"",""polygon-ecosystem-token"":""0xdfc3829b127761a3218bfcee7fc92e1232c9d116""}"
8561,KEYFI,KeyFi,keyfi,keyfi.com,8561.png,"{""ethereum"":""0xb8647e90c0645152fccf4d9abb6b59eb4aa99052"",""bnb"":""0x4b6000f9163de2e3f0a01ec37e06e1469dbbce9d"",""polygon-ecosystem-token"":""0xd1a5f2a049343fc4d5f8d478f734eba51b22375e""}"
8567,HAPI,HAPI Protocol,hapi-one,hapi.one,8567.png,"{""ethereum"":""0xd9c2d319cd7e6177336b0a9c93c21cb48d84fb54"",""bnb"":""0xd9c2d319cd7e6177336b0a9c93c21cb48d84fb54"",""solana"":""6VNKqgz9hk7zRShTFdg5AnkfKwZUcojzwAkzxSH3bnUm"",""polygon-ecosystem-token"":""0xbe276e3d5060b0e770fe0260bb6be94ac19b4b19"",""near-protocol"":""d9c2d319cd7e6177336b0a9c93c21cb48d84fb54.factory.bridge.near""}"
8573,VISTA,Vista Finance,koloop-basic,vistafinance.io,8573.png,"{""bnb"":""0x493361d6164093936c86dcb35ad03b4c0d032076""}"
8579,POLK,Polkamarkets,polkamarkets,polkamarkets.com,8579.png,"{""ethereum"":""0xd478161c952357f05f0292b56012cd8457f1cfbf""}"
8602,AUCTION,Bounce Token,bounce-token,bounce.finance,8602.png,"{""ethereum"":""0xa9b1eb5908cfc3cdf91f9b8b3a74108598009096"",""bnb"":""0x1188d953afc697c031851169eef640f23ac8529c""}"
8603,TUNE,Bitune,antimatter,bitune.ai,8603.png,"{""ethereum"":""0x1fac00ccee478eced6a120a50ed2ab28ee7fe32b""}"
8605,WOW,WOWswap,wowswap,wowswap.io,8605.png,"{""bnb"":""0x4da996c5fe84755c80e108cf96fe705174c5e36a"",""polygon-ecosystem-token"":""0x855d4248672a1fce482165e8dbe1207b94b1968a"",""avalanche"":""0xA384Bc7Cdc0A93e686da9E7B8C0807cD040F4E0b"",""metisdao"":""0x5ce34d9abe4bf239cbc08b89287c87f4cd6d80b7""}"
8610,DMC,DMEX (Decentralized Mining Exchange),decentralized-mining-exchange,dmex.finance,8610.png,"{""bnb"":""0xa5342D72D04c133180f376753f90a4B2eEe29bB3"",""htx-token"":""0x854bb58fdda85f20b5ab20b20d888f0554c02560""}"
8613,ALCX,Alchemix,alchemix,alchemix.fi,8613.png,"{""ethereum"":""0xdbdb4d16eda451d0503b854cf79d55697f90c8df""}"
8614,ALUSD,Alchemix USD,alchemix-usd,alchemix.fi,8614.png,"{""ethereum"":""0xBC6DA0FE9aD5f3b0d58160288917AA56653660E9""}"
8615,EPIC,Epic Chain,epic-chain,epicchain.io,8615.png,"{""ethereum"":""0x94314a14df63779c99c0764a30e0cd22fa78fc0e""}"
8620,TOWER,TOWER,tower-token,towerecosystem.com,8620.png,"{""ethereum"":""0x1c9922314ed1415c95b9fd453c3818fd41867d0b"",""bnb"":""0xe7c9c6bc87b86f9e5b57072f907ee6460b593924"",""solana"":""5Ro9KjSUGYisjREz8K5uD1fMdXnu1Jfq3Ktqm4EQMc1R"",""polygon-ecosystem-token"":""0x2bc07124d8dac638e290f401046ad584546bc47b"",""gram"":""EQC47YfVLWo-U_z7s6iEOkYAAEKF_C0-gBiB8KJL6s5m4JOP"",""base"":""0xf7C1CEfCf7E1dd8161e00099facD3E1Db9e528ee""}"
8621,WATCH,yieldwatch,yieldwatch,yieldwatch.net,8621.png,"{""bnb"":""0x7a9f28eb62c791422aa23ceae1da9c847cbec9b0""}"
8622,VBNT,Bancor Governance Token,bancor-governance-token,bancor.network,8622.png,"{""ethereum"":""0x48fb253446873234f2febbf9bdeaa72d9d387f94""}"
8637,SLICE,Tranche Finance,tranche-finance,tranche.finance,8637.png,"{""ethereum"":""0x0aee8703d34dd9ae107386d3eff22ae75dd616d1""}"
8642,FEI,Fei USD,fei-usd,fei.money,8642.png,"{""ethereum"":""0x956F47F50A910163D8BF957Cf5846D573E7f87CA"",""htx-token"":""0x485cdbff08a4f91a16689e73893a11ae8b76af6d""}"
8646,MINA,Mina,mina,minaprotocol.com,8646.png,{}
8648,CGG,ChainGuardians,chain-guardians,chainguardians.io,8648.png,"{""ethereum"":""0x1fe24f25b1cf609b9c4e7e12d802e3640dfa5e43"",""bnb"":""0x1613957159e9b0ac6c80e824f7eea748a32a0ae2"",""polygon-ecosystem-token"":""0x2ab4f9ac80f33071211729e45cfc346c1f8446d5""}"
8657,WANUSDT,wanUSDT,wanusdt,wanchain.org,8657.png,"{""wanchain"":""0x11e77e27af5539872efed10abaa0b408cfd9fbbd""}"
8660,BSCPAD,BSCPAD,bscpad,bscpad.com,8660.png,"{""bnb"":""0x5a3010d4d8d3b5fb49f8b6e57fb9e48063f16700""}"
8665,PAR,Parallel,parallel,mimo.capital,8665.png,"{""ethereum"":""0x68037790A0229e9Ce6EaA8A99ea92964106C4703""}"
8669,SOV,Sovryn,sovryn,sovryn.app,8669.png,"{""ethereum"":""0xbdab72602e9ad40fc6a6852caf43258113b8f7a5"",""rsk-smart-bitcoin"":""0xefc78fc7d48b64958315949279ba181c2114abbd""}"
8670,VOW,Vow,vow,vow.foundation,8670.png,"{""ethereum"":""0x1BBf25e71EC48B84d773809B4bA55B6F4bE946Fb"",""bnb"":""0xF585B5b4f22816BAf7629AEA55B701662630397b""}"
8677,XYM,Symbol,symbol,docs.symbol.dev,8677.png,{}
8690,CADC,CAD Coin,cad-coin,paytrie.com,8690.png,"{""ethereum"":""0xcadc0acd4b445166f12d2c07eac6e2544fbe2eef"",""solana"":""9ewjJpmD1ES83RDRFnHs7V2hUdH76WAVjdvu6UV6WNo7"",""polygon-ecosystem-token"":""0x9de41aff9f55219d5bf4359f167d1d0c772a396d"",""arbitrum"":""0x2b28E826b55e399F4d4699b85f68666AC51e6f70"",""base"":""0x043eb4b75d0805c43d7c834902e335621983cf03""}"
8691,DEXTF,Memento,dextf-protocol,mementoblockchain.com,8691.png,"{""ethereum"":""0x5F64Ab1544D28732F0A24F4713c2C8ec0dA089f0"",""avalanche"":""0x03E8D118A1864c7Dc53bf91e007ab7D91f5A06fA"",""zksync"":""0x9929bCAC4417A21d7e6FC86F6Dae1Cc7f27A2e41"",""base"":""0xb69bbb15095c0949489fbb43951d2b750fa7fa89""}"
8704,PCNT,Playcent,playcent,playcent.com,8704.png,"{""ethereum"":""0x657B83A0336561C8f64389a6f5aDE675C04b0C3b"",""bnb"":""0xe9b9c1c38dab5eab3b7e2ad295425e89bd8db066""}"
8705,BNC,Bifrost,bifrost-bnc,bifrost.io,8705.png,"{""polkadot-new"":""13YMK2eeopZtUNpeHnJ1Ws2HqMQG6Ts9PGCZYGyFbSYoZfcm""}"
8707,ALPACA,Alpaca Finance,alpaca-finance,alpacafinance.org,8707.png,"{""bnb"":""0x8f0528ce5ef7b51152a59745befdd91d97091d2f"",""fantom"":""0xad996a45fd2373ed0b10efa4a8ecb9de445a4302""}"
8708,BDP,Big Data Protocol,big-data-protocol,bigdataprotocol.com,8708.png,"{""ethereum"":""0xf3dcbc6D72a4E1892f7917b7C43b74131Df8480e""}"
8711,PANDO,Pando,pando,pandosoftware.co,8711.png,"{""ethereum"":""0x252b9F56359901a0BDE52d0675b1f1130d86F471""}"
8715,TARA,Taraxa,taraxa,taraxa.io,8715.png,"{""ethereum"":""0x2F42b7d686ca3EffC69778B6ED8493A7787b4d6E""}"
8717,ODDZ,Oddz,oddz,oddz.fi,8717.png,"{""ethereum"":""0xCd2828fc4D8E8a0eDe91bB38CF64B1a81De65Bf6"",""bnb"":""0xcd40f2670cf58720b694968698a5514e924f742d"",""polygon-ecosystem-token"":""0x4e830F67Ec499E69930867f9017AEb5B3f629c73"",""avalanche"":""0xB0a6e056B587D0a85640b39b1cB44086F7a26A1E""}"
8719,ILV,Illuvium,illuvium,illuvium.io,8719.png,"{""ethereum"":""0x767fe9edc9e0df98e07454847909b5e959d7ca0e""}"
8720,INV,Inverse Finance,inverse-finance,inverse.finance,8720.png,"{""ethereum"":""0x41d5d79431a913c4ae7d69a668ecdfe5ff9dfb68""}"
8724,BLUE,Bluefin,bluefin,bluefin.io,8724.png,"{""sui"":""0xe1b45a0e641b9955a20aa0ad1c1f4ad86aad8afb07296d4085e349a50e90bdca::blue::BLUE""}"
8730,BELT,Belt Finance,belt,beta.belt.fi,8730.png,"{""bnb"":""0xE0e514c71282b6f4e823703a39374Cf58dc3eA4f""}"
8755,NRV,Nerve Finance,nerve-finance,nerve.fi,8755.png,"{""bnb"":""0x42F6f551ae042cBe50C739158b4f0CAC0Edb9096""}"
8766,ALICE,MyNeighborAlice,myneighboralice,myneighboralice.com,8766.png,"{""ethereum"":""0xAC51066d7bEC65Dc4589368da368b212745d63E8"",""bnb"":""0xac51066d7bec65dc4589368da368b212745d63e8"",""solana"":""9ARQsBfAn65q522cEqSJuse3cLhA31jgWDBGQHeiq7Mg""}"
8771,GYEN,GYEN,gyen,stablecoin.z.com,8771.png,"{""ethereum"":""0xC08512927D12348F6620a698105e1BAac6EcD911"",""stellar"":""GYEN-GDF6VOEGRWLOZ64PQQGKD2IYWA22RLT37GJKS2EJXZHT2VLAGWLC5TOB"",""arbitrum"":""0x589d35656641d6aB57A545F08cf473eCD9B6D5F7"",""solana"":""Crn4x1Y2HUKko7ox2EZMT6N2t2ZyH7eKtwkBGVnhEq1g""}"
8772,ZUSD,ZUSD,zusd,stablecoin.z.com,8772.png,"{""ethereum"":""0xc56c2b7e71B54d38Aab6d52E94a04Cbfa8F604fA"",""solana"":""FrBfWJ4qE5sCzKm3k3JaAtqZcXUh4LvJygDeketsrsH4"",""stellar"":""ZUSD-GDF6VOEGRWLOZ64PQQGKD2IYWA22RLT37GJKS2EJXZHT2VLAGWLC5TOB"",""arbitrum"":""0x6e4cc0Ab2B4d2eDAfa6723cFA1582229F1Dd1Be1""}"
8823,POODL,Poodl Token,poodle,poodltoken.com,8823.png,"{""bnb"":""0x4a68c250486a116dc8d6a0c5b0677de07cc09c5d""}"
8826,MCO2,Moss Carbon Credit,moss-carbon-credit,moss.earth,8826.png,"{""ethereum"":""0xfc98e825a2264d890f9a1e68ed50e1526abccacd"",""polygon-ecosystem-token"":""0xaa7dbd1598251f856c12f63557a4c4397c253cea"",""celo"":""0x32A9FE697a32135BFd313a6Ac28792DaE4D9979d""}"
8827,BOSON,Boson Protocol,boson-protocol,bosonprotocol.io,8827.png,"{""ethereum"":""0xC477D038d5420C6A9e0b031712f61c5120090de9"",""polygon-ecosystem-token"":""0x9B3B0703D392321AD24338Ff1f846650437A43C9"",""base"":""0x2192607C3CBA9Ec3D490206d10d831E68E5F3c97""}"
8829,PIG,Pig Finance,pig-finance,pigtoken.finance,8829.png,"{""bnb"":""0x8850d2c68c632e3b258e612abaa8fada7e6958e5""}"
8831,AUR,Aurix,aurix,aurix.exchange,8831.png,"{""ethereum"":""0x6E98E5401ADCB0D76F4DEBfc3d794B3031F48790""}"
8833,DG,DeGate,degate,degate.com,8833.png,"{""ethereum"":""0x53c8395465a84955c95159814461466053dedede""}"
8858,CUB,Cub Finance,cub-finance,cubdefi.com,8858.png,"{""bnb"":""0x50d809c74e0b8e49e7b4c65bb3109abe3ff4c1c1""}"
8862,RAGE,Rage Fan,rage-fan,rage.fan,8862.png,"{""ethereum"":""0x94804dc4948184ffd7355f62ccbb221c9765886f"",""bnb"":""0xD38c1B7b95D359978996e01B8a85286F65B3C011"",""polygon-ecosystem-token"":""0x40ccd55b789fdee8d434915dc2aa6bd938506a92""}"
8865,VBSWAP,vBSWAP,vbswap,bsc.valuedefi.io,8865.png,"{""bnb"":""0x4f0ed527e8A95ecAA132Af214dFd41F30b361600""}"
8867,DHV,DeHive,dehive,dehive.finance,8867.png,"{""ethereum"":""0x62Dc4817588d53a056cBbD18231d91ffCcd34b2A"",""bnb"":""0x58759dd469ae5631c42cf8a473992335575b58d7"",""gnosis-gno"":""0xFbdd194376de19a88118e84E279b977f165d01b8"",""polygon-ecosystem-token"":""0x5fcb9de282af6122ce3518cde28b7089c9f97b26""}"
8886,USDP,USDP Stablecoin,usdp,unit.xyz,8886.png,"{""ethereum"":""0x1456688345527bE1f37E9e627DA0837D6f08C925""}"
8891,BTCST,Bitcoin Standard Hashrate Token,btc-standard-hashrate-token,btcst.finance,8891.png,"{""bnb"":""0x78650b139471520656b9e7aa7a5e9276814a38e9"",""tron"":""TFVge5Nb6or8cpdtdwPuXSGqLHpj3PM9Rp""}"
8894,DPR,Deeper Network,deeper-network,deeper.network,8894.png,"{""ethereum"":""0xf3ae5d769e153ef72b4e3591ac004e89f48107a1"",""bnb"":""0xa0a2ee912caf7921eaabc866c6ef6fec8f7e90a4""}"
8899,XSUSHI,xSUSHI,xsushi,sushiswap.fi,8899.png,"{""ethereum"":""0x8798249c2E607446EfB7Ad49eC89dD1865Ff4272""}"
8904,RENZEC,renZEC,renzec,renproject.io,8904.png,"{""ethereum"":""0x1c5db575e2ff833e46a2e9864c22f4b22e0b37c2"",""fantom"":""0x31a0d1a199631d244761eeba67e8501296d2e383"",""polygon-ecosystem-token"":""0x31a0D1A199631D244761EEba67e8501296d2E383""}"
8905,BTSG,BitSong,bitsong,bitsong.io,8905.png,"{""osmosis"":""ibc/4E5444C35610CC76FC94E7F7886B93121175C28262DDFDDE6F84E82BF2425452"",""base"":""0x0357d61ede1cbcb38981b11117cfca1854ca28ad""}"
8911,STRK,Strike,strike,strike.org,8911.png,"{""ethereum"":""0x74232704659ef37c08995e386a2e26cc27a8d7b1""}"
8916,ICP,Internet Computer,internet-computer,internetcomputer.org,8916.png,"{""ethereum"":""0x00f3C42833C3170159af4E92dbb451Fb3F708917"",""internet-computer"":""ryjl3-tyaaa-aaaaa-aaaba-cai"",""arbitrum"":""0x00f3C42833C3170159af4E92dbb451Fb3F708917"",""base"":""0x00f3C42833C3170159af4E92dbb451Fb3F708917""}"
8917,SHFT,Shyft Network,shyft-network,shyft.network,8917.png,"{""ethereum"":""0xb17C88bDA07D28B3838E0c1dE6a30eAfBCF52D85""}"
8925,WMATIC,Wrapped Matic,wmatic,matic.network,8925.png,"{""polygon-ecosystem-token"":""0x0d500b1d8e8ef31e21c99d1db9a6444d3adf1270"",""solana"":""Gz7VkD4MacbEB6yC5XD3HcumEiYx2EtDYYrfikGsvopG"",""bnb"":""0xc836d8dC361E44DbE64c4862D55BA041F88Ddd39"",""terra-luna"":""terra1dtqlfecglk47yplfrtwjzyagkgcqqngd5lgjp8"",""avalanche"":""0xf2f13f0B7008ab2FA4A2418F4ccC3684E49D20Eb"",""telos"":""0x332730a4f6e03d9c55829435f10360e13cfa41ff"",""aurora-near"":""0x6ab6d61428fde76768d7b45d8bfeec19c6ef91a8"",""iotex"":""0x8e66c0d6b70c0b23d39f4b21a1eac52bba8ed89a"",""zksync"":""0x28a487240e4d45cff4a2980d334cc933b7483842"",""linea"":""0x265b25e22bcd7f10a5bd6e6410f10537cc7567e8"",""osmosis"":""ibc/AB589511ED0DD5FA56171A39978AFBF1371DB986EC1C3526CE138A16377E39BB""}"
8926,ATD,A2DAO,a2dao,a2dao.com,8926.png,"{""bnb"":""0x1ce440d1a64eea6aa1db2a5aa51c9b326930957c""}"
8936,TRIAS,Trias Token (New),trias-token,trias.one,8936.png,"{""ethereum"":""0x3A856d4effa670C54585a5D523e96513e148e95d"",""bnb"":""0x184cff0e719826b966025F93e05d8C8b0a79b3F9""}"
8938,EPS,Ellipsis,ellipsis,ellipsis.finance,8938.png,"{""bnb"":""0xa7f552078dcc247c2684336020c03648500c6d9f""}"
8962,ETNA,ETNA Network,etna-network,etna.network,8962.png,"{""bnb"":""0x51f35073ff7cf54c9e86b7042e59a8cc9709fc46"",""polygon-ecosystem-token"":""0x015c425f6dfabc31e1464cc4339954339f096061"",""ethereum"":""0xb551688bdbd910cacB17D07f5bB1687288947391"",""arbitrum"":""0xb551688bdbd910cacB17D07f5bB1687288947391""}"
8964,XBLZD,Blizzard.money,blizzard-money,blizzard.money,8964.png,"{""bnb"":""0x9a946c3Cb16c08334b69aE249690C236Ebd5583E""}"
8966,SAFEMARS,Safemars,safemars,safemarscrypto.com,8966.png,"{""bnb"":""0x3ad9594151886ce8538c1ff615efa2385a8c3a88""}"
8972,SFUND,Seedify.fund,seedify-fund,seedify.fund,8972.png,"{""bnb"":""0xffDA10b7fd9Cf172e0502A6Bc0e5E355516c5232""}"
8977,CWIF,catwifhat,catwifhatsolana,catwifhatsolana.com,8977.png,"{""solana"":""7atgF8KQo4wJrD5ATGX7t1V2zVvykPJbFfNeVf1icFv1""}"
8978,POOCOIN,PooCoin,poocoin,poocoin.app,8978.png,"{""bnb"":""0xb27adaffb9fea1801459a1a81b17218288c097cc""}"
8981,WAD,WardenSwap,wardenswap,wardenswap.com,8981.png,"{""ethereum"":""0x0b6f3c17e1626a7cbfa4302ce4e3c45522d23a83"",""bnb"":""0x0feadcc3824e7f3c12f40e324a60c23ca51627fc"",""arbitrum"":""0x6374D87C5A48c41b309a1Ab7b12EEB4fE30D8d8a""}"
8985,EFI,Efinity Token,efinity,efinity.io,8985.png,"{""ethereum"":""0x656C00e1BcD96f256F224AD9112FF426Ef053733""}"
8992,CELL,Cellframe,cellframe,cellframe.net,8992.png,"{""ethereum"":""0x26c8afbbfe1ebaca03c2bb082e69d0476bffe099"",""bnb"":""0xd98438889Ae7364c7E2A3540547Fad042FB24642""}"
8997,COOK,Cook Finance,cook-protocol,cook.finance,8997.png,"{""ethereum"":""0xff75ced57419bcaebe5f05254983b013b0646ef5"",""avalanche"":""0x637afeff75ca669fF92e4570B14D6399A658902f""}"
9002,BUSY,Busy DAO,busy,busydao.io,9002.png,"{""ethereum"":""0x5CB3ce6D081fB00d5f6677d196f2d70010EA3f4a""}"
9008,AMI,AMMYI Coin,ammyi-coin,amicoin.io,9008.png,"{""ethereum"":""0x72c14bC8e28f18e91a2E9551802d3fB2CB80E712"",""bnb"":""0x1eF72a1DF5e4d165F84fc43B20D56cAA7DaD46e1""}"
9020,TKO,Toko Token,tokocrypto,tokocrypto.com,9020.png,"{""bnb"":""0x9f589e3eabe42ebc94a44727b3f3531c0c877809""}"
9021,WXDAI,Wrapped XDAI,wxdai,xdaichain.com,9021.png,"{""gnosis-gno"":""0xe91d153e0b41518a2ce8dd3d7944fa863463a97d""}"
9025,TRIBE,Tribe,tribe,fei.money,9025.png,"{""ethereum"":""0xc7283b66Eb1EB5FB86327f08e1B5816b0720212B"",""solana"":""DPgNKZJAG2w1S6vfYHDBT62R4qrWWH5f45CnxtbQduZE""}"
9029,GLQ,Graphlinq Chain,graphlinq-protocol,graphlinq.io,9029.png,"{""ethereum"":""0x9f9c8ec3534c3ce16f928381372bfbfbfb9f4d24"",""polygon-ecosystem-token"":""0x0cfc9a713a5c17bc8a5ff0379467f6558bacd0e0""}"
9040,PUNDIX,Pundi X (New),pundix-new,pundix.com,9040.png,"{""ethereum"":""0x0fd10b9899882a6f2fcb5c371e17e70fdee00c38""}"
9045,JPYC,JPY Coin v1,jpycoin,jpyc.jp,9045.png,"{""ethereum"":""0x2370f9d504c7a6e775bf6e14b3f12846b594cd53"",""gnosis-gno"":""0x417602f4fbdd471A431Ae29fB5fe0A681964C11b"",""polygon-ecosystem-token"":""0x6AE7Dfc73E0dDE2aa99ac063DcF7e8A63265108c"",""shiden-network"":""0x735aBE48e8782948a37C7765ECb76b98CdE97B0F""}"
9052,INFRA,Bware,bware-labs,bwarelabs.com,9052.png,"{""ethereum"":""0x013062189dc3dcc99e9Cee714c513033b8d99e3c"",""avalanche"":""0xa4fb4f0ff2431262d236778495145ecbc975c38b""}"
9062,LPL,LinkPool,linkpool,linkpool.io,9062.png,"{""ethereum"":""0x99295f1141d58a99e939f7be6bbe734916a875b8""}"
9067,OHM,Olympus v2,olympus,olympusdao.finance,9067.png,"{""ethereum"":""0x64aa3364f17a4d01c6f1751fd97c2bd3d7e7f1d5"",""solana"":""Afe9gSG8NcWicJtC58tUPGWG6pUcdK29d59BJuSAsePJ"",""arbitrum"":""0xf0cb2dc0db5e6c66B9a70Ac27B06b878da017028""}"
9069,GOAT,Goatcoin,goatcoin,goatcoin.xyz,9069.png,"{""bnb"":""0x7c67dccb04b67d4666fd97b2a00bb6d9b8d82e3f""}"
9085,BOMB,fBomb,fbomb,fbomb.finance,9085.png,"{""fantom"":""0x74ccbe53F77b08632ce0CB91D3A545bF6B8E0979"",""ethereum"":""0x74ccbe53f77b08632ce0cb91d3a545bf6b8e0979"",""bnb"":""0x74ccbe53f77b08632ce0cb91d3a545bf6b8e0979"",""polygon-ecosystem-token"":""0x74ccbe53f77b08632ce0cb91d3a545bf6b8e0979"",""optimism-ethereum"":""0x74ccbe53f77b08632ce0cb91d3a545bf6b8e0979"",""avalanche"":""0x5C09A9cE08C4B332Ef1CC5f7caDB1158C32767Ce"",""base"":""0x74ccbe53F77b08632ce0CB91D3A545bF6B8E0979"",""mantle"":""0x74ccbe53F77b08632ce0CB91D3A545bF6B8E0979"",""canto"":""0x74ccbe53f77b08632ce0cb91d3a545bf6b8e0979""}"
9086,HUB,Minter HUB,minter-hub,minter.network,9086.png,"{""ethereum"":""0x8e9A29e7Ed21DB7c5B2E1cd75e676dA0236dfB45"",""bnb"":""0x8aC0A467f878f3561D309cF9B0994b0530b0a9d2""}"
9089,10SET,Tenset,tenset,tenset.io,9089.png,"{""bnb"":""0x1AE369A6AB222aFF166325B7b87Eb9aF06C86E57""}"
9091,CPC,CPCoin,cpcoin,cpcoin.io,9091.png,{}
9103,GMEE,GAMEE,gamee,gamee.com,9103.png,"{""ethereum"":""0xd9016a907dc0ecfa3ca425ab20b6b785b42f2373"",""bnb"":""0x84e9a6f9d240fdd33801f7135908bfa16866939a"",""gram"":""EQCqnhZndBGbwjPpV8K_8WOK58ZkQPXlS_bshau9DKWnAF-p""}"
9104,AIOZ,AIOZ Network,aioz-network,aioz.network,9104.png,"{""ethereum"":""0x626E8036dEB333b408Be468F951bdB42433cBF18"",""bnb"":""0x33d08D8C7a168333a85285a68C0042b39fC3741D""}"
9110,KTN,Kattana,kattana,kattana.io,9110.png,"{""ethereum"":""0x491e136ff7ff03e6ab097e54734697bb5802fc1c"",""bnb"":""0xdae6c2a48bfaa66b43815c5548b10800919c993e""}"
9111,PUSH,Push Protocol,push,push.org,9111.png,"{""ethereum"":""0xf418588522d5dd018b425E472991E52EBBeEEEEE"",""bnb"":""0xb3971BCef2D791bc4027BbfedFb47319A4AAaaAa"",""polygon-ecosystem-token"":""0x58001cC1A9E17A20935079aB40B1B8f4Fc19EFd1"",""arbitrum"":""0xb3971BCef2D791bc4027BbfedFb47319A4AAaaAa""}"
9119,TLM,Alien Worlds,alien-worlds,alienworlds.io,9119.png,"{""ethereum"":""0x888888848B652B3E3a0f34c96E00EEC0F3a23F72"",""bnb"":""0x2222227e22102fe3322098e4cbfe18cfebd57c95""}"
9131,MIST,Alchemist,alchemist,alchemist.farm,9131.png,"{""ethereum"":""0x88acdd2a6425c3faae4bc9650fd7e27e0bebb7ab""}"
9134,BYN,NBX,beyond-finance,nbx.exchange,9134.png,"{""ethereum"":""0x4bb3205bf648b7f59ef90dee0f1b62f6116bc7ca"",""polygon-ecosystem-token"":""0x11602a402281974a70c2b4824d58ebede967e2be""}"
9172,PFL,Professional Fighters League Fan Token,professional-fighters-league-fan-token,chiliz.com,9172.png,"{""solana"":""xcUwiJe4cfb6VKKyoMkhyqaCeEW8YexXSSxPuswytRm"",""base"":""0xb18f8cede9445487ec478c0b77f82c7314c9b0ab"",""chiliz"":""0x3444F5436A3C02F3a3dB8f2436b02BC1EEa950d6""}"
9175,MBOX,MOBOX,mobox,mobox.io,9175.png,"{""bnb"":""0x3203c9e46ca618c8c1ce5dc67e7e9d75f5da2377"",""arbitrum"":""0xdA661fa59320B808c5a6d23579fCfEdf1FD3cf36""}"
9176,RVF,RocketX exchange,rocket-vault-rocketx,rocketx.exchange,9176.png,"{""ethereum"":""0x2fb652314C3d850E9049057bBE9813F1eEe882d3""}"
9177,PIT,Pitbull Token,pitbull,bscpitbull.com,9177.png,"{""bnb"":""0xA57ac35CE91Ee92CaEfAA8dc04140C8e232c2E50""}"
9180,SYL,myDID,xsl-labs,mydid.com,9180.png,"{""bnb"":""0x7e52a123ed6db6ac872a875552935fbbd2544c86""}"
9184,QTCC,Quick Transfer coin,torj-world,qtcccoin.com,9184.png,"{""bnb"":""0xbd817c2e531b1b31f211f50f59fbc87ebc50ef48""}"
9187,MYID,MY IDENTITY COIN,my-identity-coin,okglobalcoinsg.com,9187.png,"{""ethereum"":""0x5273063725a43a323300c502478c22fbb4e92c2d""}"
9191,OCC,Occam.Fi,occamfi,occam.fi,9191.png,"{""ethereum"":""0x2f109021afe75b949429fe30523ee7c0d5b27207"",""bnb"":""0x2a4dffa1fa0f86ce7f0982f88aecc199fb3476bc""}"
9194,SAITO,Saito,saito,saito.io,9194.png,"{""ethereum"":""0xFa14Fa6958401314851A17d6C5360cA29f74B57B"",""bnb"":""0x3c6dad0475d3a1696b359dc04c99fd401be134da""}"
9198,HORD,Hord,hord,hord.fi,9198.png,"{""ethereum"":""0x43a96962254855f16b925556f9e97be436a43448"",""bnb"":""0x39d4549908e7Adcee9b439429294eEb4c65c2C9e"",""arbitrum"":""0xb1bc21f748ae2be95674876710bc6d78235480e0""}"
9200,REVO,Revomon,revomon,revomon.io,9200.png,"{""bnb"":""0xaab09b5cd1694d12c8c980306f5e2f5d65b00e1c""}"
9205,K21,K21,k21,kanon.art,9205.png,"{""ethereum"":""0xb9d99c33ea2d86ec5ec6b8a4dd816ebba64404af""}"
9207,MVI,Metaverse Index,metaverse-index,tokensets.com,9207.png,"{""ethereum"":""0x72e364f2abdc788b7e918bc238b21f109cd634d7""}"
9212,CUMMIES,CumRocket,cumrocket,cumrocket.io,9212.png,"{""bnb"":""0x27Ae27110350B98d564b9A3eeD31bAeBc82d878d"",""solana"":""4WD28rCz2TraGBZPb5R7b64PFxDDK8UndxfxozizwZ3W""}"
9214,MOONSTAR,MoonStar,moonstar,moonstartoken.com,9214.png,"{""bnb"":""0xce5814efff15d53efd8025b9f2006d4d7d640b9b""}"
9218,MIST,Mist,mist,mist.game,9218.png,"{""bnb"":""0x68E374F856bF25468D365E539b700b648Bf94B67""}"
9220,STRX,StrikeX,strikecoin,tradestrike.io,9220.png,"{""ethereum"":""0x4ed257678Fc4E76df9642a416b223729fdEDBEFd"",""bnb"":""0xd6fdde76b8c1c45b33790cc8751d5b88984c44ec"",""solana"":""9HCRyuqrFDt1kUrwuUF7xjb2eqCgFmC5433MjqJ3STRX""}"
9241,SATOZ,Satozhi,satozhi,satozhi.com,9241.png,"{""bnb"":""0xf4341fA52669cea0c1836095529A7E9B04b8b88D""}"
9245,SATA,Signata,signata,signata.net,9245.png,"{""ethereum"":""0x3ebb4A4e91Ad83BE51F8d596533818b246F4bEe1"",""bnb"":""0x6b1C8765C7EFf0b60706b0ae489EB9bb9667465A"",""fantom"":""0x3ebb4A4e91Ad83BE51F8d596533818b246F4bEe1"",""avalanche"":""0xbec0A9aEa58b6a0c0f05a03078f7E7Dcecc13A95"",""metisdao"":""0x3ebb4A4e91Ad83BE51F8d596533818b246F4bEe1""}"
9258,XCH,Chia,chia-network,chia.net,9258.png,{}
9259,FOC,TheForce Trade,theforce-trade,theforce.trade,9259.png,"{""bnb"":""0x3051CFb958dcD408FBa70256073Adba943Fdf552""}"
9260,ZIG,ZIG Finance,zigcoin,zig.finance,9260.png,"{""ethereum"":""0xb2617246d0c6c0087f18703d576831899ca94f01"",""bnb"":""0x8C907e0a72C3d55627E853f4ec6a96b0C8771145"",""solana"":""26f12PmBk77wQV1TzLe8XKkNBvMFggbuypxdtMLzNLzz"",""polygon-ecosystem-token"":""0x7bebd226154e865954a87650faefa8f485d36081"",""injective"":""peggy0xb2617246d0c6c0087f18703d576831899ca94f01""}"
9261,KEL,KelVPN,kelvpn,kelvpn.com,9261.png,"{""ethereum"":""0xDA6A3876AD460194Cd7bA28062D838C98Ee2fD1d"",""bnb"":""0x76E8e912097F0E6b81cab73147161bb616dF1D7d""}"
9263,ZCX,Unizen,unizen,unizen.io,9263.png,"{""ethereum"":""0xc52c326331e9ce41f04484d3b5e5648158028804"",""bnb"":""0x0Fdc787480BCaBD51Cc61c698a4220934920b831"",""polygon-ecosystem-token"":""0xdd75542611d57c4b6e68168b14c3591c539022ed""}"
9269,FINE,Refinable,refinable,refinable.com,9269.png,"{""bnb"":""0x4e6415a5727ea08aae4580057187923aec331227""}"
9270,BTCBAM,Bitcoin Bam,bitcoin-bam,btcbam.com,9270.png,"{""bnb"":""0xcf0990170A60DA34fFCffa14eAD4a3De27D0F4CE""}"
9279,LAUNCH,SuperLauncher,superlauncher,superlauncher.io,9279.png,"{""zksync"":""0xF6D9a093A1C69a152d87e269A7d909E9D76B1815""}"
9281,IMO,IMO,imo,imo-invest.com,9281.png,"{""base"":""0x5A7a2bf9fFae199f088B25837DcD7E115CF8E1bb""}"
9284,SMRAT,Secured MoonRat Token,secured-moonrat-token,moonrat.finance,9284.png,"{""bnb"":""0x68590a47578e5060a29fd99654f4556dbfa05d10""}"
9285,MOVR,Moonriver,moonriver,moonbeam.network,9285.png,{}
9286,LEASH,Doge Killer,doge-killer,shibatoken.com,9286.png,"{""ethereum"":""0x27c70cd1946795b66be9d954418546998b546634""}"
9288,QI,BENQI,benqi,benqi.fi,9288.png,"{""avalanche"":""0x8729438EB15e2C8B576fCc6AeCdA6A148776C0F5""}"
9291,CAPS,Ternoa,ternoa,ternoa.com,9291.png,"{""ethereum"":""0x03be5c903c727ee2c8c4e9bc0acc860cca4715e2"",""bnb"":""0xffba7529ac181c2ee1844548e6d7061c9a597df4""}"
9299,NFTART,NFT Art Finance,nft-art-finance,nft-art.finance,9299.png,"{""bnb"":""0xf7844cb890f4c339c497aeab599abdc3c874b67a"",""avalanche"":""0x74A488BcCb16d90Fd628E75132e49ff067384aA9""}"
9308,PYR,Vulcan Forged (PYR),vulcan-forged-pyr,vulcanforged.com,9308.png,"{""ethereum"":""0x430ef9263e76dae63c84292c3409d61c598e9682"",""polygon-ecosystem-token"":""0x430EF9263E76DAE63c84292C3409D61c598E9682""}"
9345,BSCS,BSCS,bscs,bscs.finance,9345.png,"{""bnb"":""0xbcb24afb019be7e93ea9c43b7e22bb55d5b7f45d""}"
9348,CRWNY,Crowny,crowny,crowny.io,9348.png,"{""solana"":""CRWNYkqdgvhGGae9CKfNka58j6QQkaD5bLhKXvUYqnc1""}"
9386,KISHU,Kishu Inu,kishu-inu,kishu.finance,9386.png,"{""ethereum"":""0xA2b4C0Af19cC16a6CfAcCe81F192B024d625817D""}"
9413,REAU,Vira-lata Finance,vira-lata-finance,viralata.finance,9413.png,"{""bnb"":""0x4c79b8c9cb0bd62b047880603a9decf36de28344""}"
9421,FORTH,Ampleforth Governance Token,ampleforth-governance-token,ampleforth.org,9421.png,"{""ethereum"":""0x77fba179c79de5b7653f68b5039af940ada60ce0"",""near-protocol"":""77fba179c79de5b7653f68b5039af940ada60ce0.factory.bridge.near""}"
9423,PHTR,Phuture,phuture,phuture.finance,9423.png,"{""ethereum"":""0xe1fc4455f62a6e89476f1072530c20cf1a0622da""}"
9427,VDOGE,Venus Dogecoin,venus-dogecoin,venus.io,9427.png,"{""bnb"":""0xec3422ef92b2fb59e84c8b02ba73f1fe84ed8d71""}"
9436,ELON,Dogelon Mars,dogelon,dogelonmars.com,9436.png,"{""ethereum"":""0x761d38e5ddf6ccf6cf7c55759d5210750b5d60f3"",""polygon-ecosystem-token"":""0xe0339c80ffde91f3e20494df88d4206d86024cdf"",""bnb"":""0x7bd6FaBD64813c48545C9c0e312A0099d9be2540"",""cronos"":""0x02DCcaf514C98451320a9365C5b46C61d3246ff3"",""solana"":""7ZCm8WBN9aLa3o47SoYctU6iLdj7wkGG5SV2hE5CgtD5"",""base"":""0x4a9f3ed92892c0168dc194ec3867f8316288b32a""}"
9438,NMX,Nominex,nominex-token,nominex.io,9438.png,"{""bnb"":""0xD32D01A43C869EDCD1117C640FBDCFCFD97D9D65""}"
9443,STEP,Step Finance,step-finance,step.finance,9443.png,"{""solana"":""StepAscQoEioFxxWGnh2sLBDFp9d8rvKz2Yp39iDpyT""}"
9444,KNC,Kyber Network Crystal v2,kyber-network-crystal-v2,kyberswap.com,9444.png,"{""ethereum"":""0xdeFA4e8a7bcBA345F687a2f1456F5Edd9CE97202"",""bnb"":""0xfe56d5892bdffc7bf58f2e84be1b2c32d21c308b"",""polygon-ecosystem-token"":""0x1c954e8fe737f99f68fa1ccda3e51ebdb291948c"",""optimism-ethereum"":""0xa00E3A3511aAC35cA78530c85007AFCd31753819"",""arbitrum"":""0xe4dddfe67e7164b0fe14e218d80dc4c08edc01cb""}"
9452,BDT,Bandot Protocol,bandot-protocol,bandot.io,9452.png,{}
9453,AGVE,Agave,agave,agave.finance,9453.png,"{""gnosis-gno"":""0x3a97704a1b25F08aa230ae53B352e2e72ef52843""}"
9456,ASS,Australian Safe Shepherd,australian-safe-shepherd,assfinance.net,9456.png,"{""bnb"":""0x7c63f96feafacd84e75a594c00fac3693386fbf0""}"
9461,XWG,X World Games,x-world-games,xwg.games,9461.png,"{""ethereum"":""0x0a77ef9bf662d62fbf9ba4cf861eaa83f9cc4fec"",""bnb"":""0x6b23c89196deb721e6fd9726e6c76e4810a464bc"",""arbitrum"":""0xeb4d25db65dcef52380c99ba7e1344c820ecb1fc""}"
9462,WAVAX,Wrapped AVAX,wavax,avalabs.org,9462.png,"{""avalanche"":""0xb31f66aa3c1e785363f0875a1b74e27b85fd66c7"",""aurora-near"":""0x80a16016cc4a2e6a2caca8a4a498b1699ff0f844"",""defi-kingdoms"":""0xb57b60debdb0b8172bb6316a9164bd3c695f133a"",""cronos"":""0x765277eebeca2e31912c9946eae1021199b39c61"",""terra-luna"":""terra1hj8de24c3yqvcsv9r8chr03fzwsak3hgd8gv3m"",""linea"":""0x5471ea8f739dd37e9b81be9c5c77754d8aa953e4"",""osmosis"":""ibc/6F62F01D913E3FFE472A38C78235B8F021B511BC6596ADFF02615C8F83D3B373""}"
9467,CEUR,Celo Euro,celo-euro,celo.org,9467.png,"{""celo"":""0xd8763cba276a3738e6de85b4b3bf5fded6d6ca73""}"
9468,SPORE,Spore,spore,sporeproject.com,9468.png,"{""bnb"":""0x33a3d962955a3862c8093d1273344719f03ca17c"",""avalanche"":""0x6e7f5C0b9f4432716bDd0a77a3601291b9D9e985""}"
9481,PENDLE,Pendle,pendle,pendle.finance,9481.png,"{""ethereum"":""0x808507121b80c02388fad14726482e061b8da827"",""bnb"":""0xb3Ed0A426155B79B898849803E3B36552f7ED507"",""arbitrum"":""0x0c880f6761f1af8d9aa9c466984b80dab9a8c9e8""}"
9486,BTCT,Bitcoin TRC20,bitcoin-trc20,bitcoin.org,9486.png,"{""tron"":""TN3W4H6rK2ce4vX9YnFQHwKENnHjoxb3m9""}"
9487,SHEESHA,Sheesha Finance [ERC20],sheesha-finance-erc20,esheesha.sheeshafinance.io,9487.png,"{""ethereum"":""0x232FB065D9d24c34708eeDbF03724f2e95ABE768""}"
9492,ELAND,Etherland,etherland,etherland.world,9492.png,"{""ethereum"":""0x33e07f5055173cf8febede8b21b12d1e2b523205"",""bnb"":""0x708cb02ad77e1b245b1640cee51b3cc844bcaef4"",""polygon-ecosystem-token"":""0xb0f61C597BBcc29f3f38396B01f9C0f0C2e8BFf0""}"
9493,FLX,Reflexer Ungovernance Token,reflexer-ungovernance-token,reflexer.finance,9493.png,"{""ethereum"":""0x6243d8cea23066d098a15582d81a598b4e8391f4""}"
9507,GOZ,Göztepe S.K. Fan Token,goztepe-sk-fantoken,socios.com,9507.png,"{""solana"":""HC3jUdgy3r66RPc9hbAq6ia88ARChVPcdxDkCmQJELtt"",""base"":""0xec133b2984f7e96cf578abe78f532463c859981f"",""chiliz"":""0x6ba1FB0dAdAEB34ea24EB31d416805abE8921448""}"
9511,DFYN,Dfyn Network,dfyn-network,dfyn.network,9511.png,"{""ethereum"":""0x9695e0114e12c0d3a3636fab5a18e6b737529023"",""polygon-ecosystem-token"":""0xC168E40227E4ebD8C1caE80F7a55a4F0e6D66C97""}"
9518,MEPAD,MemePad,memepad,memepad.co,9518.png,"{""bnb"":""0x9d70a3ee3079a6fa2bb16591414678b7ad91f0b5"",""arbitrum"":""0x05814372E9820C0EBDCBa26d0a7c20655F4ff23F""}"
9522,BONFIRE,Bonfire,bonfire,bonfiretoken.co,9522.png,"{""bnb"":""0x5e90253fbae4dab78aa351f4e6fed08a64ab5590""}"
9523,PKT,Packet,pkt,pkt.cash,9523.png,"{""base"":""0x917F39Bb33B2483Dd19546b1E8D2f09ce481ee44""}"
9524,MEDIA,Media Network,media-network,media.network,9524.png,"{""solana"":""ETAtLmCmsoiEEKfNrHKJ2kYy3MoABhU6NQvpSfij5tDs""}"
9531,BCAT,BilliCat,polymoon,billicatcoin.com,9531.png,"{""bnb"":""0x47a9B109Cfb8f89D16e8B34036150eE112572435""}"
9533,GNT,GreenTrust,greentrust,greentrusttoken.com,9533.png,"{""bnb"":""0xf750a26eb0acf95556e8529e72ed530f3b60f348""}"
9543,BICO,Biconomy,biconomy,biconomy.io,9543.png,"{""ethereum"":""0xF17e65822b568B3903685a7c9F496CF7656Cc6C2"",""bnb"":""0x06250a4962558F0F3E69FC07F4c67BB9c9eAc739"",""polygon-ecosystem-token"":""0x91c89A94567980f0e9723b487b0beD586eE96aa7"",""avalanche"":""0xB2a51E38893F153A5e40AF94958fe782a170a552"",""optimism-ethereum"":""0xd6909e9e702024eb93312b989ee46794c0fb1c9d"",""arbitrum"":""0xa68Ec98D7ca870cF1Dd0b00EBbb7c4bF60A8e74d"",""base"":""0xf5Dbaa3DFC5e81405c7306039fB037a3DCD57Ce2""}"
9545,NFTB,PixelRealm,nftb,pixelrealm.io,9545.png,"{""bnb"":""0xde3dbbe30cfa9f437b293294d1fd64b26045c71a""}"
9562,CLS,Coldstack,coldstack,coldstack.io,9562.png,"{""ethereum"":""0x675bbc7514013e2073db7a919f6e4cbef576de37"",""bnb"":""0x668048e70284107a6afab1711f28d88df3e72948"",""solana"":""JCRiQKaujJjAjfVH8CNo4htGFMuTTnZtwvasVwneT7MA""}"
9566,LUSD,Liquity USD,liquity-usd,liquity.org,9566.png,"{""ethereum"":""0x5f98805A4E8be255a32880FDeC7F6728C6568bA0""}"
9586,PRI,PRIVATEUM GLOBAL,privateum-initiative,privateum.com,9586.png,"{""bnb"":""0xB10be3f4C7e1f870d86eD6Cfd412fED6615FeB6F""}"
9588,O3,O3 Swap,o3-swap,o3swap.com,9588.png,"{""ethereum"":""0xee9801669c6138e84bd50deb500827b776777d28"",""bnb"":""0xee9801669c6138e84bd50deb500827b776777d28"",""gnosis-gno"":""0xEe9801669C6138E84bD50dEB500827b776777d28"",""fantom"":""0xEe9801669C6138E84bD50dEB500827b776777d28"",""polygon-ecosystem-token"":""0xee9801669c6138e84bd50deb500827b776777d28"",""avalanche"":""0xEe9801669C6138E84bD50dEB500827b776777d28"",""celo"":""0xEe9801669C6138E84bD50dEB500827b776777d28"",""optimism-ethereum"":""0xEe9801669C6138E84bD50dEB500827b776777d28"",""arbitrum"":""0xee9801669c6138e84bd50deb500827b776777d28"",""cube-network"":""0xEe9801669C6138E84bD50dEB500827b776777d28""}"
9590,OBOT,Obortech,obortech,obortech.io,9590.png,"{""base"":""0xf83759099dc88f75fc83de854c41e0d9e83ada9b""}"
9628,RPTR,Raptor Finance,raptor-token,raptorswap.com,9628.png,"{""bnb"":""0x44c99ca267c2b2646ceec72e898273085ab87ca5"",""solana"":""HrnLUSkLkKN2KHBMQ8soLgXnhjifaRFDYzaQvTPg6zem"",""fantom"":""0x50956f965F321c1DE62d2E103620881597d76809"",""polygon-ecosystem-token"":""0x94f405fb408ad743418d10f4926cb9cdb53b2ef7"",""aptos"":""0xa99ff1f7e6ef80511b1c54c389e191917869a21c4845e5c3f4d22ee4a2523d6a::coin::T"",""sui"":""0xb467ac1b3eb2f3f85b81c2008bf9ba5628d6b3a1c438755a83276406fad15975::coin::COIN""}"
9635,SYA,SaveYourAssets,save-your-assets,,9635.png,"{""bnb"":""0x83a86adf1a7c56e77d36d585b808052e0a2aad0e""}"
9637,ALU,Altura,altura,altura.com,9637.png,"{""bnb"":""0x8263CD1601FE73C066bf49cc09841f35348e3be0""}"
9638,SDAO,SingularityDAO,singularitydao,singularitydao.ai,9638.png,"{""ethereum"":""0x993864e43caa7f7f12953ad6feb1d1ca635b875f"",""bnb"":""0x90Ed8F1dc86388f14b64ba8fb4bbd23099f18240""}"
9639,PUSSY,Pussy Financial,pussy-financial,pussy.financial,9639.png,"{""ethereum"":""0x9196e18bc349b1f64bc08784eae259525329a1ad"",""bnb"":""0xd9e8d20bde081600fac0d94b88eafaddce55aa43"",""solana"":""HptE1m1U5DanCEhhttTmPpG32KepPoaC4AfdkBiC6UZG""}"
9640,METIS,Metis,metisdao,metis.io,9640.png,"{""ethereum"":""0x9E32b13ce7f2E80A01932B42553652E053D6ed8e"",""metisdao"":""0xDeadDeAddeAddEAddeadDEaDDEAdDeaDDeAD0000""}"
9643,DON,Don-key,don-key,don-key.finance,9643.png,"{""ethereum"":""0x217ddead61a42369a266f1fb754eb5d3ebadc88a"",""bnb"":""0x86B3F23B6e90F5bbfac59b5b2661134Ef8Ffd255""}"
9653,NABOX,Nabox,nabox,nabox.io,9653.png,"{""ethereum"":""0x03d1e72765545729a035e909edd9371a405f77fb"",""bnb"":""0x755f34709e369d37c6fa52808ae84a32007d1155"",""nuls"":""NULSd6Hgv3Y49CHapt5qL4pCiEX8x3ZHrh6ie""}"
9654,SKILL,CryptoBlades,cryptoblades,cryptoblades.io,9654.png,"{""bnb"":""0x154a9f9cbd3449ad22fdae23044319d6ef2a1fab""}"
9656,CATE,CateCoin,catecoin,catecoin.club,9656.png,"{""bnb"":""0xe4fae3faa8300810c835970b9187c268f55d998f""}"
9666,TRR,Terran Coin,terran-coin,terrancoin.com,9666.png,"{""bnb"":""0xbB95cc1c662D89822bda29D2e147B124406e6e42"",""ethereum"":""0x490e3f4af13e1616ec97a8c6600c1061a8d0253e""}"
9673,LOWB,Loser Coin,loser-coin,losercoin.org,9673.png,"{""ethereum"":""0x69e5C11a7C30f0bf84A9faECBd5161AA7a94decA"",""bnb"":""0x843d4a358471547f51534e3e51fae91cb4dc3f28"",""polygon-ecosystem-token"":""0x1c0a798b5a5273a9e54028eb1524fd337b24145f"",""okt"":""0x08963Db742Ab159F27518D1D12188f69AA7387FB""}"
9674,WILD,Wilder World,wilder-world,wilderworld.com,9674.png,"{""ethereum"":""0x2a3bff78b79a009976eea096a51a948a3dc00e34"",""bnb"":""0x6685906b75c61c57772c335402f594f855c1b0e3"",""solana"":""FVvd3s9dZYzsgitkJyWbmycSc8MkYZjyF7oqAEvmSxTZ"",""avalanche"":""0x153374c6d6786b6ca2c4bc96f9c3a471428f2bc7""}"
9686,MCHC,My Crypto Heroes,my-crypto-heroes,mycryptoheroes.net,9686.png,"{""ethereum"":""0xd69f306549e9d96f183b1aeca30b8f4353c2ecc3"",""polygon-ecosystem-token"":""0xee7666aacaefaa6efeef62ea40176d3eb21953b9""}"
9691,VRT,Venus Reward Token,venus-reward-token,venus.io,9691.png,"{""bnb"":""0x5F84ce30DC3cF7909101C69086c50De191895883""}"
9693,DOGGY,DOGGY,doggy,cryptodoggies.io,9693.png,"{""bnb"":""0x74926b3d118a63f6958922d3dc05eb9c6e6e00c6""}"
9710,KABOSU,Kabosu,kabosu,kabosutoken.io,9710.png,"{""bnb"":""0x4A824eE819955A7D769e03fe36f9E0C3Bd3Aa60b""}"
9720,LAT,PlatON,platon,platon.network,9720.png,{}
9721,SAMO,Samoyedcoin,samoyedcoin,samoyedcoin.com,9721.png,"{""solana"":""7xKXtg2CW87d97TXJSDpbD5jBkheTqA83TZRuJosgAsU""}"
9740,PINK,Dot Finance,dot-finance,dot.finance,9740.png,"{""bnb"":""0x9133049Fb1FdDC110c92BF5b7Df635abB70C89DC"",""moonriver"":""0x30A54FbFF50f86C3a289fa70e677051a86677be4""}"
9741,SLIM,Solanium,solanium,solanium.io,9741.png,"{""solana"":""xxxxa1sKNGwFtw2kFn8XauW9xq8hBZ5kVtcSesTT9fW""}"
9749,WSB,WallStreetBets DApp,wallstreetbets-dapp,wsbdapp.com,9749.png,"{""bnb"":""0x22168882276e5d5e1da694343b41dd7726eeb288"",""ethereum"":""0xe1590A6FA0CFf9C960181cb77d8a873601772f64""}"
9760,STOS,Stratos,stratos,thestratos.org,9760.png,"{""ethereum"":""0x08c32b0726C5684024ea6e141C50aDe9690bBdcc"",""osmosis"":""ibc/ABD49F44559CB3E557CC458459CB6A67CEBD66E23C7674A0B2B445230BDA1F6C""}"
9763,COP,Copiosa Coin,copiosa-coin,copiosa.io,9763.png,"{""bnb"":""0x8789337a176e6e7223ff115f1cd85c993d42c25c""}"
9764,MLT,MILC Platform,milc-platform,milc.global,9764.png,"{""ethereum"":""0x9506d37f70eB4C3d79C398d326C871aBBf10521d"",""bnb"":""0xB72a20C7B8BD666f80AC053B0f4de20a787080F5""}"
9780,SNOB,Snowball,snowball-finance,snowball.network,9780.png,"{""avalanche"":""0xC38f41A296A4493Ff429F1238e030924A1542e50""}"
9789,ETH2X-FLI,ETH 2x Flexible Leverage Index,eth-2x-flexible-leverage-index,tokensets.com,9789.png,"{""ethereum"":""0xaa6e8127831c9de45ae56bb1b0d4d4da6e5665bd""}"
9797,XAVA,Avalaunch,avalaunch,avalaunch.app,9797.png,"{""avalanche"":""0xd1c3f94de7e5b45fa4edbba472491a9f4b166fc4""}"
9808,RBT,RIBBIT,polycaps,ribbitsol.xyz,9808.png,"{""solana"":""65nTNuJGHme4PQvKQyJykKp1bJAkK4A8Q66sd2yBWugf""}"
9816,NFT,AINFT,apenft,ainft.com,9816.png,"{""ethereum"":""0x198d14f2ad9ce69e76ea330b374de4957c3f850a"",""bnb"":""0x20ee7b720f4e4c4ffcb00c4065cdae55271aecca"",""tron"":""TFczxzPhnThNSqr5by8tvxsdCFRRz6cPNq""}"
9828,NAFT,Nafter,nafter,nafter.io,9828.png,"{""bnb"":""0xd7730681b1dc8f6f969166b29d8a5ea8568616a3""}"
9840,NSFW,Pleasure Coin,pleasure-coin,pleasurecoin.com,9840.png,"{""ethereum"":""0x8f006d1e1d9dc6c98996f50a4c810f17a47fbf19"",""bnb"":""0xaA076B62EFC6f357882E07665157A271aB46A063"",""solana"":""HkYcG175ovkzugx93UTLqeCrYSCwaCLCeQ4DUTCaBRiu"",""fantom"":""0xf32554C06D030035cd6Ca1902B3874fDB7230c14"",""polygon-ecosystem-token"":""0x8f006d1e1d9dc6c98996f50a4c810f17a47fbf19"",""avalanche"":""0x88A0F8318Bf0CE19e999f1802bf5B12DC8d7cdFe"",""celo"":""0x8E0C1cDCEEb773139B471fd1137502A28588178a"",""optimism-ethereum"":""0xa219B43C6e5935085Bcaf7Fd590C83ABe62dCd77"",""arbitrum"":""0x98A5F77d1feC5D68c9a6DEcB715F11beaBa84F38"",""base"":""0x137A61B3311E967b0D1e79d5546167C9DC9E6B5B""}"
9865,ISP,Ispolink,ispolink,ispolink.com,9865.png,"{""ethereum"":""0xc8807f0f5ba3fa45ffbdc66928d71c5289249014"",""bnb"":""0xD2e7B964770FCf51DF088a5F0Bb2D33a3c60CcCf"",""polygon-ecosystem-token"":""0x1e289178612f5b6d32f692e312dcf783c74b2162""}"
9867,HOTCROSS,Hot Cross,hot-cross,hotcross.com,9867.png,"{""ethereum"":""0x4297394c20800e8a38a619a243e9bbe7681ff24e"",""bnb"":""0x4fa7163e153419e0e1064e418dd7a99314ed27b6"",""polygon-ecosystem-token"":""0x3b737a181f7d2532cF49864f8050b3465a310593"",""harmony"":""one1u0tuw46yh9m09kkxs7znwjtwwhm754h3lp0jzn""}"
9868,XCAD,XCAD Network,xcad-network,xcadnetwork.com,9868.png,"{""ethereum"":""0x7659ce147d0e714454073a5dd7003544234b6aa0"",""bnb"":""0xa026ad2ceda16ca5fc28fd3c72f99e2c332c8a26"",""polygon-ecosystem-token"":""0xa55870278d6389ec5b524553d03c04f5677c061e"",""zilliqa"":""zil1z5l74hwy3pc3pr3gdh3nqju4jlyp0dzkhq2f5y"",""metisdao"":""0x66673f0a3b5d99524bA76A558B93A9ca1386f4Cd"",""base"":""0x750cF88d9E0c2BCedEEC31d5FaAd6eD6E3F1abC6"",""solana"":""AHcxvCP5se2DiqfcXwBz8i7WygwWJdd8f9S9t6nd4YsQ""}"
9870,XWIN,XWIN Capital,xwin-finance,xwin.capital,9870.png,"{""bnb"":""0xd88ca08d8eec1e9e09562213ae83a7853ebb5d28""}"
9891,BNX,BinaryX [Old],binaryx,binaryx.pro,9891.png,"{""bnb"":""0x8C851d1a123Ff703BD1f9dabe631b69902Df5f97""}"
9892,YOOSHI,YooShi,yooshi,yooshi.io,9892.png,"{""bnb"":""0x02ff5065692783374947393723dba9599e59f591""}"
9900,HODL,HODL,hodl,hodltoken.net,9900.png,"{""bnb"":""0x32B407ee915432Be6D3F168bc1EfF2a6F8b2034C""}"
9903,CVX,Convex Finance,convex-finance,convexfinance.com,9903.png,"{""ethereum"":""0x4e3fbd56cd56c3e72c1403e103b45db9da5b9d2b"",""solana"":""BLvmrccP4g1B6SpiVvmQrLUDya1nZ4B2D1nm9jzKF7sz""}"
9905,RUNE,Rune,rune,rune.game,9905.png,"{""bnb"":""0xa9776b590bfc2f956711b3419910a5ec1f63153e""}"
9928,SPACE,Space Token,space-token,spacetoken.tech,9928.png,"{""ethereum"":""0x1D1498166DDCEeE616a6d99868e1E0677300056f"",""bnb"":""0x9e1170c12fddd3b00fec42ddf4c942565d9be577"",""gnosis-gno"":""0x1D1498166DDCEeE616a6d99868e1E0677300056f"",""polygon-ecosystem-token"":""0x1D1498166DDCEeE616a6d99868e1E0677300056f"",""avalanche"":""0x841aef70237a88027ccb2d15c1bbaf88a669674a"",""optimism-ethereum"":""0x1D1498166DDCEeE616a6d99868e1E0677300056f"",""arbitrum"":""0x1D1498166DDCEeE616a6d99868e1E0677300056f"",""base"":""0x588aC26F61d5aEDCB3A2E903e65da5F5F95CaB24"",""sonic"":""0x841aef70237a88027ccb2d15c1bbaf88a669674a""}"
9936,ELEPHANT,Elephant Money,elephant-money,elephant.money,9936.png,"{""bnb"":""0xE283D0e3B8c102BAdF5E8166B73E02D96d92F688""}"
9938,OOE,OpenOcean,openocean,openocean.finance,9938.png,"{""bnb"":""0x8ea5219a16c2dbf1d6335a6aa0c6bd45c50347c5"",""arbitrum"":""0xDCbf4CB83d27C408B30dD7F39bfcabD7176B1Ba3""}"
9954,NETVR,Netvrk,netvrk,netvrk.co,9954.png,"{""ethereum"":""0x52498F8d9791736f1D6398fE95ba3BD868114d10"",""polygon-ecosystem-token"":""0x3558887f15b5b0074dC4167761DE14A6DFcb676e""}"
9962,STARSHIP,STARSHIP,starship,deploystarship.com,9962.png,"{""bnb"":""0x52419258E3fa44DEAc7E670eaDD4c892B480A805""}"
9967,BLAST,SafeBlast,safeblast,safeblastcrypto.com,9967.png,"{""ethereum"":""0x614D7f40701132E25fe6fc17801Fbd34212d2Eda"",""bnb"":""0xddc0dbd7dc799ae53a98a60b54999cb6ebb3abf0"",""fantom"":""0x7d226bff737c5855254c307523afb3c464c5680b"",""polygon-ecosystem-token"":""0xd145261dd80bc5388ea8f437d503897060410f1c"",""avalanche"":""0x3bd9856BF578910b55261d45d9148d61C177B092"",""optimism-ethereum"":""0xd1a891E6eCcB7471Ebd6Bc352F57150d4365dB21"",""arbitrum"":""0xe0eb31082bbf8252f7425c6dd72a8c6b3bfbe99f"",""cronos"":""0x9D3E3624b3de482331F4f091Fd8b76D3F344bd8C""}"
9989,SLRS,Solrise Finance,solrise-finance,solrise.finance,9989.png,{}
9996,BEZOGE,Bezoge Earth,bezoge-earth,bezoge.com,9996.png,"{""ethereum"":""0xdc349913d53b446485e98b76800b6254f43df695""}"
10021,DINU,Dogey-Inu,dogey-inu,dogeyinu.com,10021.png,"{""ethereum"":""0xbb1ee07d6c7baeb702949904080eb61f5d5e7732""}"
10029,USDM,USD mars,usd-mars,marsecosystem.com,10029.png,"{""bnb"":""0xbb0fa2fbe9b37444f5d1dbd22e0e5bdd2afbbe85""}"
10030,XMS,Mars Ecosystem Token,mars-ecosystem-governance-token,app.marsecosystem.com,10030.png,"{""bnb"":""0x7859b01bbf675d67da8cd128a50d155cd881b576""}"
10031,TENFI,TEN,ten,ten.finance,10031.png,"{""bnb"":""0xd15c444f1199ae72795eba15e8c1db44e47abf62""}"
10040,WSG,Wall Street Games (old),wall-street-games,wsg.gg,10040.png,"{""bnb"":""0xa58950f05fea2277d2608748412bf9f802ea4901"",""metisdao"":""0x4F497F9D85A6fE135fFca99f0f253919fE827211""}"
10042,KAR,Karura,karura,karura.network,10042.png,{}
10046,MOOV,Dotmoovs,dotmoovs,dotmoovs.com,10046.png,"{""ethereum"":""0x4116f14b6d462b32a1c10f98049e4b1765e34fa9"",""solana"":""3KDgfZkd3jZ8S2ZwynouuXAjUXGTgKcp1SM5kZ29z76Y""}"
10047,EPIK,EPIK Prime,epik-prime,epikprime.com,10047.png,"{""ethereum"":""0x4da0c48376c277cdbd7fc6fdc6936dee3e4adf75"",""bnb"":""0x368ce786Ea190f32439074e8d22e12ecb718B44c""}"
10049,CITY,Manchester City Fan Token,manchester-city-fan-token,socios.com,10049.png,"{""solana"":""8WbNQtY7QmXMVKJFTSqFudierVZZtbuoyeepZEqJ1B2w"",""base"":""0x02300475d1EdD5b2E88EFdeBD3fFb549110D8Aa6"",""chiliz"":""0x7bd6242d775faef1d50b2aa18c2fbf329bddf295""}"
10052,GTC,Gitcoin,gitcoin,gitcoin.co,10052.png,"{""ethereum"":""0xde30da39c46104798bb5aa3fe8b9e0e1f348163f"",""near-protocol"":""de30da39c46104798bb5aa3fe8b9e0e1f348163f.factory.bridge.near""}"
10079,QDX,Quidax Token,quidax,qdx.quidax.io,10079.png,"{""ethereum"":""0x1780933e83B09371cf716f3630FE5a422a66A39e"",""bnb"":""0x08bc237aa00f275b758542c9f5c125b568bc390a""}"
10081,SAFEMOONCASH,SafeMoonCash,safemooncash,safemooncash.org,10081.png,"{""bnb"":""0xF017E2773e4ee0590C81D79ccbcF1B2De1D22877""}"
10084,NUUM,MNet,bitcountry,mnet.io,10084.png,"{""solana"":""nuumnQ637GtKPis16AeU3PhNru74S7tK9GdjYVATbxL"",""base"":""0x41485FA1FF3C677d1f09Fc8b9576560E4A4C223c""}"
10088,POLYDOGE,PolyDoge,polydoge,polydoge.com,10088.png,"{""polygon-ecosystem-token"":""0x8A953CfE442c5E8855cc6c61b1293FA648BAE472""}"
10095,ELK,Elk Finance,elk-finance,elk.finance,10095.png,"{""ethereum"":""0xeEeEEb57642040bE42185f49C52F7E9B38f8eeeE"",""bnb"":""0xeEeEEb57642040bE42185f49C52F7E9B38f8eeeE"",""gnosis-gno"":""0xeEeEEb57642040bE42185f49C52F7E9B38f8eeeE"",""fantom"":""0xeEeEEb57642040bE42185f49C52F7E9B38f8eeeE"",""polygon-ecosystem-token"":""0xeEeEEb57642040bE42185f49C52F7E9B38f8eeeE"",""avalanche"":""0xeEeEEb57642040bE42185f49C52F7E9B38f8eeeE"",""optimism-ethereum"":""0xeEeEEb57642040bE42185f49C52F7E9B38f8eeeE"",""arbitrum"":""0xeEeEEb57642040bE42185f49C52F7E9B38f8eeeE"",""base"":""0xeEeEEb57642040bE42185f49C52F7E9B38f8eeeE""}"
10102,BSL,BankSocial,banksocial,banksocial.io,10102.png,"{""hedera"":""0.0.4431990""}"
10103,LSS,Lossless,lossless,lossless.io,10103.png,"{""ethereum"":""0x3b9be07d622accaed78f479bc0edabfd6397e320""}"
10132,DUET,Duet Protocol,duet-protocol,duet.finance,10132.png,"{""ethereum"":""0xE8521b61f64Fc45A0bC3db36D2A524fe61a69b52"",""bnb"":""0x95ee03e1e2c5c4877f9a298f1c0d6c98698fab7b"",""polygon-ecosystem-token"":""0xE8521b61f64Fc45A0bC3db36D2A524fe61a69b52""}"
10134,FISH,Polycat Finance,polycat-finance,polycat.finance,10134.png,"{""polygon-ecosystem-token"":""0x3a3Df212b7AA91Aa0402B9035b098891d276572B""}"
10145,DEFX,DeFinity,definity,definity.network,10145.png,"{""ethereum"":""0x5F474906637bdCDA05f29C74653F6962bb0f8eDa"",""bnb"":""0xbe4cb2c354480042a39350a0c6c26bf54786539f""}"
10160,PERRY,Swaperry,swaperry,swaperry.com,10160.png,"{""bnb"":""0x9452D45d33490234B8C96f42342F1Be28c0FE097""}"
10165,PORNROCKET,PornRocket,pornrocket,nsfw.app,10165.png,"{""bnb"":""0xcf9f991b14620f5ad144eec11f9bc7bf08987622""}"
10176,SAT,Saturna,saturna,saturna.co,10176.png,"{""bnb"":""0x1e446cbea52badeb614fbe4ab7610f737995fb44""}"
10178,RABBIT,Rabbit Finance,rabbit-finance,rabbitfinance.io,10178.png,"{""bnb"":""0x95a1199EBA84ac5f19546519e287d43D2F0E1b41""}"
10180,GOMINING,GoМining,gomining-token,gomining.com,10180.png,"{""ethereum"":""0x7Ddc52c4De30e94Be3A6A0A2b259b2850f421989"",""bnb"":""0x7Ddc52c4De30e94Be3A6A0A2b259b2850f421989"",""solana"":""3KzAE8dPyJRgZ36Eh81v7WPwi6dm7bDhdMb8EAus2RAf"",""gram"":""EQD0laik0FgHV8aNfRhebi8GDG2rpDyKGXem0MBfya_Ew1-8""}"
10186,SMILEK,Smilek to the Bank,bscbet-online,smilektothebank.online,10186.png,"{""bnb"":""0x4f9d3AdbfAF4579518b1Ca7E06468A363897B997"",""arbitrum"":""0x4f9d3AdbfAF4579518b1Ca7E06468A363897B997""}"
10188,ATA,Automata Network,automata-network,ata.network,10188.png,"{""ethereum"":""0xa2120b9e674d3fc3875f415a7df52e382f141225"",""bnb"":""0xa2120b9e674d3fc3875f415a7df52e382f141225"",""polygon-ecosystem-token"":""0x0df0f72ee0e5c9b7ca761ecec42754992b2da5bf""}"
10196,KEANU,Keanu Inu,keanu-inu,keanuinu.finance,10196.png,"{""ethereum"":""0x106552c11272420aad5d7e94f8acab9095a6c952""}"
10201,BBT,BitBook,bitbook,bitbook.net,10201.png,"{""bnb"":""0xd48474e7444727bf500a32d5abe01943f3a59a64""}"
10222,VDR,Vodra,vodra,vodra.io,10222.png,"{""solana"":""5a6LTLwdMJBY2JDLjw8B1w4JwFRdZszGF9W56ZzrriS1""}"
10237,QI,QiDao,qidao,mai.finance,10237.png,"{""polygon-ecosystem-token"":""0x580a84c73811e1839f75d86d75d88cca0c241ff4""}"
10238,MIMATIC,MAI,mai,mai.finance,10238.png,"{""polygon-ecosystem-token"":""0xa3Fa99A148fA48D14Ed51d610c367C61876997F1"",""solana"":""9mWRABuz2x6koTPCWiCPM49WUbcrNqGTHBV9T9k7y1o7"",""avalanche"":""0x3b55e45fd6bd7d4724f5c47e0d1bcaedd059263e"",""fantom"":""0xfb98b335551a418cd0737375a2ea0ded62ea213b"",""moonriver"":""0x7f5a79576620c046a293f54ffcdbd8f2468174f1"",""cronos"":""0x1c965D8E53fb1a448789e2B0FA5abc3EB2c36993"",""metisdao"":""0xdFA46478F9e5EA86d57387849598dbFB2e964b02"",""harmony"":""0x3F56e0c36d275367b8C502090EDF38289b3dEa0d"",""arbitrum"":""0x3F56e0c36d275367b8C502090EDF38289b3dEa0d"",""boba-network"":""0x3F56e0c36d275367b8C502090EDF38289b3dEa0d"",""bnb"":""0x3F56e0c36d275367b8C502090EDF38289b3dEa0d"",""aurora-near"":""0xdFA46478F9e5EA86d57387849598dbFB2e964b02"",""celo"":""0xB9C8F0d3254007eE4b98970b94544e473Cd610EC"",""iotex"":""0x3F56e0c36d275367b8C502090EDF38289b3dEa0d"",""kaia"":""0x3F56e0c36d275367b8C502090EDF38289b3dEa0d"",""optimism-ethereum"":""0xdFA46478F9e5EA86d57387849598dbFB2e964b02"",""moonbeam"":""0xdFA46478F9e5EA86d57387849598dbFB2e964b02"",""syscoin"":""0x2611fa1cae2a3e20ed47fb1b293437c14f41b00f"",""kava"":""0xb84Df10966a5D7e1ab46D9276F55d57bD336AFC7"",""ethereum"":""0x8d6cebd76f18e1558d4db88138e2defb3909fad6""}"
10240,WFTM,Wrapped Fantom,wrapped-fantom,fantom.foundation,10240.png,"{""fantom"":""0x21be370d5312f44cb42ce377bc9b8a0cef1a4c83"",""moonbeam"":""0xc19281f22a075e0f10351cd5d6ea9f0ac63d4327"",""cronos"":""0xb44a9b6905af7c801311e8f4e76932ee959c663c"",""celo"":""0x218c3c3d49d0e7b37aff0d8bb079de36ae61a4c0"",""bnb"":""FTM-A64"",""ethereum"":""0x4e15361fd6b4bb609fa63c81a2be19d873717870""}"
10241,KBC,Kibho Coin,charix,kibhocoin.net,10241.png,"{""bnb"":""0xb1efa16818da8432add0cb0a82cc7fab98c78893""}"
10251,CORGIB,The Corgi of PolkaBridge,the-corgi-of-polkabridge,corgib.polkabridge.org,10251.png,"{""bnb"":""0x1cfd6813a59d7b90c41dd5990ed99c3bf2eb8f55""}"
10260,XRUNE,Thorstarter,thorstarter,thorstarter.org,10260.png,"{""ethereum"":""0x69fa0fee221ad11012bab0fdb45d444d3d2ce71c"",""terra-luna"":""terra1td743l5k5cmfy7tqq202g7vkmdvq35q48u2jfm"",""fantom"":""0xe1e6b01ae86ad82b1f1b4eb413b219ac32e17bf6""}"
10269,CHEEMS,Cheems,cheems,cheems.co,10269.png,"{""solana"":""3FoUAsGDbvTD6YZ4wVKJgTB76onJUKz7GPEBNiR5b8wc""}"
10272,ALD,AladdinDAO,aladdindao,aladdin.club,10272.png,"{""ethereum"":""0xb26C4B3Ca601136Daf98593feAeff9E0CA702a8D""}"
10275,CATGIRL,catgirl,catgirl,catgirl.io,10275.png,"{""bnb"":""0x79ebc9a2ce02277a4b5b3a768b1c0a4ed75bd936""}"
10277,TRONPAD,TRONPAD,tronpad,tronpad.network,10277.png,"{""bnb"":""0x1Bf7AedeC439D6BFE38f8f9b20CF3dc99e3571C4""}"
10291,CVXCRV,Convex CRV,convex-crv,convexfinance.com,10291.png,"{""ethereum"":""0x62b9c7356a2dc64a1969e19c23e4f579f9810aa7""}"
10293,BZZ,Swarm,ethereum-swarm,ethswarm.org,10293.png,"{""ethereum"":""0x19062190b1925b5b6689d7073fdfc8c2976ef8cb"",""gnosis-gno"":""0xdbf3ea6f5bee45c02255b2c26a16f300502f68da""}"
10294,DFL,DeFi Land,defi-land,defiland.app,10294.png,"{""solana"":""DFL1zNkaGPWm1BqAVqRjCZvHmwTFrEaJtbzJWgseoNJh""}"
10312,ELG,EscoinToken,escointoken,escoin.ee,10312.png,"{""ethereum"":""0xA2085073878152aC3090eA13D1e41bD69e60Dc99"",""bnb"":""0x755341c49f4427e43d99d8254a8dD87056f1Ee00"",""polygon-ecosystem-token"":""0x8226AC9EdB26ff16DA19151042a8BA3BB2cC237F"",""arbitrum"":""0x89D59a38eb2A91dF58A709bB249BF1D13Ad11037""}"
10324,GFI,Gravity Finance,gravity-finance,gravityfinance.io,10324.png,"{""polygon-ecosystem-token"":""0x874e178A2f3f3F9d34db862453Cd756E7eAb0381""}"
10332,STNK,Stonks,stonks,stonkscoin.org,10332.png,"{""solana"":""43VWkd99HjqkhFTZbWBpMpRhjG469nWa7x7uEsgSH7We""}"
10334,BABY,BabySwap,babyswap,home.babyswap.finance,10334.png,"{""bnb"":""0x53E562b9B7E5E94b81f10e96Ee70Ad06df3D2657""}"
10336,HAM,Hamster,hamster,swaphamster.io,10336.png,"{""bnb"":""0x679d5b2d94f454c950d683d159b87aa8eae37c9e""}"
10347,HMT,Human,human,humanprotocol.org,10347.png,"{""ethereum"":""0xd1ba9BAC957322D6e8c07a160a3A8dA11A0d2867"",""polygon-ecosystem-token"":""0xc748b2a084f8efc47e086ccddd9b7e67aeb571bf"",""bnb"":""0x711Fd6ab6d65A98904522d4e3586F492B989c527"",""hyperliquid"":""0x2749BC3291BA74C01fF9F81de4dCB109eBfee7c7""}"
10357,FAT,Datachain Foundation (DC),datachain-foundation,datachain.one,10357.png,{}
10364,APW,Spectra,apwine-finance,spectra.finance,10364.png,"{""ethereum"":""0x4104b135dbc9609fc1a9490e61369036497660c8"",""optimism-ethereum"":""0x92a2a0d39da80e1fa21afdebdd87c4f975adf9f0"",""arbitrum"":""0x3a67ca29ddf5ecf1844e811c43f27bd79f9ec310"",""base"":""0x5dbe772a051fa853433cdae923c3b3ae955df7bd""}"
10367,APRIL,April,april,apriloracle.com,10367.png,"{""bnb"":""0xbfeA674ce7d16E26E39e3c088810367a708eF94C"",""polygon-ecosystem-token"":""0x18719D2e1e57A1A64708e4550fF3DEF9d1074621"",""avalanche"":""0x18719D2e1e57A1A64708e4550fF3DEF9d1074621"",""celo"":""0x18719D2e1e57A1A64708e4550fF3DEF9d1074621"",""optimism-ethereum"":""0x18719D2e1e57A1A64708e4550fF3DEF9d1074621"",""arbitrum"":""0x18719D2e1e57A1A64708e4550fF3DEF9d1074621"",""kava"":""0x18719D2e1e57A1A64708e4550fF3DEF9d1074621""}"
10368,CTX,Cryptex Finance,cryptex-finance,cryptex.finance,10368.png,"{""ethereum"":""0x321c2fe4446c7c963dc41dd58879af648838f98d"",""arbitrum"":""0x84f5c2cfba754e76dd5ae4fb369cfc920425e12b"",""base"":""0xbb22ff867f8ca3d5f2251b4084f6ec86d4666e14""}"
10372,DXI,DACXI,dacxi,dacxichain.com,10372.png,"{""ethereum"":""0x5e29CF3E3fEd4df50aCab95f8268e9ee26Ea36f2""}"
10373,TULIP,Tulip Protocol,solfarm,tulip.garden,10373.png,"{""solana"":""TuLipcqtGVXP9XR62wM8WWCm6a9vhLs7T1uoWBk6FDs""}"
10388,SXC,SupremeX,supremex,matic.sxc.fi,10388.png,"{""polygon-ecosystem-token"":""0x46d3EC8CE3eC767414F16FE12176De23E3E5B46A""}"
10393,LEOPARD,LEOPARD,leopard,leopardbsc.org,10393.png,"{""bnb"":""0x4efab39b14167da54aebed2094a61aa1fd384056""}"
10394,KUMA,Kuma Inu,kuma-inu,kumatokens.com,10394.png,"{""ethereum"":""0x48c276e8d03813224bb1e55f953adb6d02fd3e02""}"
10403,KOM,Kommunitas,kommunitas,kommunitas.net,10403.png,"{""bnb"":""0x3cd886be588685484528cbf6494729922e4e89c6""}"
10407,BABYDOGE,Baby Doge Coin,baby-doge-coin,babydoge.com,10407.png,"{""ethereum"":""0xac57de9c1a09fec648e93eb98875b212db0d460b"",""bnb"":""0xc748673057861a797275cd8a068abb95a902e8de"",""solana"":""7dUKUopcNWW6CcU4eRxCHh1uiMh32zDrmGf6ufqhxann"",""gram"":""EQCWDj49HFInSwSk49eAo476E1YBywLoFuSZ6OO3x7jmP2jn"",""base"":""0x58ecef26335af7b04a998105a6603b0dc475af33""}"
10409,OPUL,Opulous,opulous,opulous.org,10409.png,"{""ethereum"":""0x80d55c03180349fff4a229102f62328220a96444"",""bnb"":""0x686318000d982bc8dcc1cdcf8ffd22322f0960ed"",""algorand"":""287867876"",""arbitrum"":""0x0c5fa0E07949F941A6c2C29a008252db1527d6EE""}"
10412,HOD,HoDooi.com,hodooi,hodooi.com,10412.png,"{""bnb"":""0x19A4866a85c652EB4a2ED44c42e4CB2863a62D51""}"
10414,GINUX,Green Shiba Inu [New],green-shiba-inu-new,greenshiba.org,10414.png,"{""bnb"":""0xc9Ad37E9Baf41377540Df5a77831Db98c1915128""}"
10428,ALM,Alium Finance,alium-finance,alium.finance,10428.png,"{""bnb"":""0x7c38870e93a1f959cb6c533eb10bbc3e438aac11""}"
10430,ARG,Argentine Football Association Fan Token,argentine-football-association-fan-token,socios.com,10430.png,"{""solana"":""BX8VbHBf8DUHeGJjJsSW2HCviGyQSF5SVCEnN7vXUkwM"",""base"":""0xb2798c409e58db6be0998cd9bf8ab8081bc949a4"",""chiliz"":""0x4394886B1eec08Fe88681462914702dC99D97Eb7""}"
10439,SWISE,StakeWise,stakewise,stakewise.io,10439.png,"{""ethereum"":""0x48c3399719b582dd63eb5aadf12a40b4c3f52fa2""}"
10442,DESO,Decentralized Social,deso,deso.com,10442.png,{}
10452,SOLAPE,SolAPE Token,solapefinance,solape.io,10452.png,"{""solana"":""GHvFFSZ9BctWsEc5nujR1MTmmJWY7tgQz2AXE6WVFtGN""}"
10462,SHILL,SHILL Token,project-seed,projectseed.com,10462.png,"{""bnb"":""0xfb9C339b4BacE4Fe63ccc1dd9a3c3C531441D5fE"",""solana"":""6cVgJUqo4nmvQpbgrDZwyfd6RwWw5bfnCamS3M9N1fd""}"
10465,TRADE,Polytrade,polytrade,polytrade.app,10465.png,"{""ethereum"":""0x6e5970DBd6fc7eb1f29C6D2eDF2bC4c36124C0C1"",""bnb"":""0xb75ba7ef520a5bd0a5d01108060be269642c4601"",""polygon-ecosystem-token"":""0x692AC1e363ae34b6B489148152b12e2785a3d8d6"",""arbitrum"":""0xE22c452bd2AdE15DfC8ad98286bc6bDF0c9219b7"",""base"":""0x72e1868f8eb8f9fb86455c10e72aa4b24774a5a3""}"
10467,TITAN,IRON Titanium Token,iron-titanium-token,titandao.finance,10467.png,"{""polygon-ecosystem-token"":""0xaaa5b9e6c589642f98a1cda99b9d024b8407285a""}"
10469,LIME,iMe Lab,ime-lab,imem.app,10469.png,"{""bnb"":""0x7bc75e291e656e8658d66be1cc8154a3769a35dd""}"
10482,BULL,BULL FINANCE,bull-finance,bullcoin.finance,10482.png,"{""bnb"":""0xf483af09917ba63f1e274056978036d266eb56e6""}"
10502,SMARS,SafeMars,smars,smars.com,10502.png,"{""bnb"":""0xC0366a104b429f0806BfA98d0008DAA9555b2BEd""}"
10506,HIT,HitBTC Token,hitbtc-token,hitbtc.com,10506.png,"{""ethereum"":""0x74b1af114274335598da72f5c6ed7b954a016eed""}"
10508,FLUID,Fluid,instadapp,fluid.io,10508.png,"{""ethereum"":""0x6f40d4A6237C257fff2dB00FA0510DeEECd303eb"",""base"":""0x61e030a56d33e8260fdd81f03b162a79fe3449cd"",""arbitrum"":""0x61e030a56d33e8260fdd81f03b162a79fe3449cd""}"
10514,HUNNY,HUNNY FINANCE,pancake-hunny,hunny.finance,10514.png,"{""bnb"":""0x565b72163f17849832a692a3c5928cc502f46d69""}"
10522,PACOCA,Pacoca,pacoca,pacoca.io,10522.png,"{""bnb"":""0x55671114d774ee99d653d6c12460c780a67f1d18""}"
10527,LITH,Lithium,lithium,lith.finance,10527.png,"{""ethereum"":""0x188e817b02e635d482ae4d81e25dda98a97c4a42""}"
10529,SUN,Sun [New],sun-token,sun.io,10529.png,"{""tron"":""TSSMHYeV2uE9qYH95DqyoCuNCzEL1NvU3S""}"
10530,CWT,CrossWallet,crosswallet,crosswallet.app,10530.png,"{""bnb"":""0x5A726a26eDB0Df8Fd55f03cc30aF8A7cEa81e78D""}"
10555,CNR,Canary,canary,app.canary.exchange,10555.png,"{""avalanche"":""0x8D88e48465F30Acfb8daC0b3E35c9D6D7d36abaf""}"
10562,SQT,SubQuery Network,subquery-network,subquery.network,10562.png,"{""ethereum"":""0x09395a2A58DB45db0da254c7EAa5AC469D8bDc85"",""base"":""0x858c50C3AF1913b0E849aFDB74617388a1a5340d""}"
10563,DCB,Decubate,decubate,decubate.com,10563.png,"{""bnb"":""0xeac9873291ddaca754ea5642114151f3035c67a2"",""base"":""0x06D998a2C64CAf9feB2cAf3Ca8872740EF013122""}"
10585,TFI,TrustFi Network,trustfi-network,trustfi.org,10585.png,"{""bnb"":""0x7565ab68d3f9dadff127f864103c8c706cf28235""}"
10586,TABOO,TABOO TOKEN,taboo-token,taboo.io,10586.png,"{""bnb"":""0x9abdba20edfba06b782126b4d8d72a5853918fd0""}"
10593,FLURRY,Flurry Finance,flurry,flurry.finance,10593.png,"{""ethereum"":""0x60F63B76E2Fc1649E57a3489162732A90ACf59FE"",""bnb"":""0x47c9BcEf4fE2dBcdf3Abf508f147f1bBE8d4fEf2"",""polygon-ecosystem-token"":""0x9cD733ffe21806b9a8943ee1C3889faE7eE8E1c7""}"
10603,IMX,Immutable,immutable-x,immutable.com,10603.png,"{""ethereum"":""0xf57e7e7c23978c3caec3c3548e3d615c346e79ff""}"
10622,XCV,XCarnival,xcarnival,xcarnival.fi,10622.png,"{""ethereum"":""0x493CbBd4A5da462E3dbc3E5c8e2A1E37D1D03CAc"",""bnb"":""0x4be63a9b26EE89b9a3a13fd0aA1D0b2427C135f8""}"
10630,GOG,Guild of Guardians,guild-of-guardians,guildofguardians.com,10630.png,"{""ethereum"":""0x9AB7bb7FdC60f4357ECFef43986818A2A3569c62""}"
10631,GODS,Gods Unchained,gods-unchained,godsunchained.com,10631.png,"{""ethereum"":""0xccc8cb5229b0ac8069c51fd58367fd1e622afd97"",""immutable-x"":""0xE0e0981D19eF2E0a57Cc48CA60D9454eD2D53fEB""}"
10634,BTCDOM,Binance BTCDOM Index,binance-btcdom-index,binance.com,10634.png,{}
10641,QUACK,RichQUACK.com,richquack-com,richquack.com,10641.png,"{""bnb"":""0xD74b782E05AA25c50e7330Af541d46E18f36661C""}"
10644,SAFEBULL,SafeBull,safebull,safe-bull.com,10644.png,"{""bnb"":""0xfa344c08c93066a4d6266063c6ebc63925a18467""}"
10647,BNBTC,BNbitcoin,bnbitcoin,bnbitcoin.org,10647.png,"{""bnb"":""0xe7cb24f449973d5b3520e5b93d88b405903c75fb""}"
10648,EIFI,Eifi FInance,eifi-finance,eifi.com,10648.png,"{""bnb"":""0xbbf33a3c83cf86d0965a66e108669d272dfe4214""}"
10665,KOGECOIN,KogeCoin.io,kogecoin,kogecoin.io,10665.png,"{""polygon-ecosystem-token"":""0x13748d548d95d78a3c83fe3f32604b4796cffa23""}"
10675,HARE,Hare Token,hare-token,haretoken.finance,10675.png,"{""bnb"":""0x4AFc8c2Be6a0783ea16E16066fde140d15979296""}"
10680,KOJI,Koji,koji,koji.earth,10680.png,"{""bnb"":""0x7eb567F5c781EE8e47C7100DC5046955503fc26A""}"
10685,OLIVE,Olive Cash,olive-cash,olive.cash,10685.png,"{""bnb"":""0x617724974218A18769020A70162165A539c07E8a"",""avalanche"":""0x617724974218A18769020A70162165A539c07E8a""}"
10688,YGG,Yield Guild Games,yield-guild-games,yieldguild.io,10688.png,"{""ethereum"":""0x25f8087ead173b73d6e8b84329989a8eea16cf73"",""bnb"":""0x13Ab6739368a4e4abf24695bf52959224367391f"",""solana"":""EzZp7LRN1xwu3QsB2RJRrWwEGjJGsuWzuMCeQDB3NSPK"",""polygon-ecosystem-token"":""0x82617aA52dddf5Ed9Bb7B370ED777b3182A30fd1"",""harmony"":""0x63cf309500d8be0b9fdb8f1fb66c821236c0438c"",""ronin"":""0x1c306872bc82525d72bf3562e8f0aa3f8f26e857"",""base"":""0xaAC78d1219c08AecC8e37e03858FE885f5EF1799""}"
10695,MOONED,MoonEdge,moonedge,moonedge.finance,10695.png,"{""polygon-ecosystem-token"":""0x7e4c577ca35913af564ee2a24d882a4946ec492b"",""base"":""0x599899dBaA0b4d3110b53d1A4d05fCdCb1C81945""}"
10704,BMON,Binamon,binamon,binamon.org,10704.png,"{""bnb"":""0x08ba0619b1e7a582e0bce5bbe9843322c954c340""}"
10714,BABI,Babylons,babylons,babylons.io,10714.png,"{""bnb"":""0xec15a508a187e8ddfe572a5423faa82bbdd65120""}"
10720,BPX,Black Phoenix,black-phoenix,blackphoenixbpx.com,10720.png,"{""bnb"":""0x4e22ab2bbcb3e7f74249c87f62bb35ef92c3d964"",""tron"":""TXBcx59eDVndV5upFQnTR2xdvqFd5reXET""}"
10729,UFO,UFO Gaming,ufo-gaming,ufogaming.io,10729.png,"{""ethereum"":""0x249e38ea4102d0cf8264d3701f1a0e39c4f2dc3b"",""solana"":""GWdkYFnXnSJAsCBvmsqFLiPPe2tpvXynZcJdxf11Fu3U""}"
10742,NT,NEXTYPE,nextype,nextype.finance,10742.png,"{""htx-token"":""0x8b70512b5248e7c1f0f6996e2fde2e952708c4c9"",""bnb"":""0xfbcf80ed90856af0d6d9655f746331763efdb22c""}"
10744,ZERC,zkRace,derace,zkrace.com,10744.png,"{""ethereum"":""0xf8428A5a99cb452Ea50B6Ea70b052DaA3dF4934F"",""bnb"":""0x9c47E503b2f497e9Ad9F1c0dfA6Bd9Fd5456AA4e"",""polygon-ecosystem-token"":""0xE1b3eb06806601828976e491914e3De18B5d6b28"",""base"":""0xa3a2cdd230f9b3ff6e01a01534a3ed3cbf049815""}"
10746,BSW,Biswap,biswap,biswap.org,10746.png,"{""bnb"":""0x965f527d9159dce6288a2219db51fc6eef120dd1""}"
10763,AM,Aston Martin Cognizant Fan Token,aston-martin-cognizant-fan-token,chiliz.com,10763.png,"{""solana"":""5FnbDoHAX9Dsu27pTcZpmj6VU3YUmjqqWLz6tXYZwy2P"",""base"":""0x011890cddbd63ae7edc0165a6eb2acb4a31694ba"",""chiliz"":""0xf0D5De46729f4E2F28c27a98E15Ef18dF951Ec44""}"
10776,SIGNA,Signum,signum,signum.network,10776.png,{}
10777,DINO,DinoSwap,dinoswap,dinoswap.exchange,10777.png,"{""polygon-ecosystem-token"":""0xAa9654BECca45B5BDFA5ac646c939C62b527D394""}"
10778,HERO,Metahero,metahero,metahero.io,10778.png,"{""bnb"":""0xD40bEDb44C081D2935eebA6eF5a3c8A31A1bBE13""}"
10789,EURT,Tether EURt,tether-eurt,tether.to,10789.png,"{""ethereum"":""0xc581b735a1688071a1746c968e0798d642ede491""}"
10791,XEC,eCash,ecash,e.cash,10791.png,{}
10793,SAUBER,Alfa Romeo Racing ORLEN Fan Token,alfa-romeo-racing-orlen-fan-token,socios.com,10793.png,"{""solana"":""FX2XCcCv1qLuSagGgK8oRR7vzb9iyQgaM45DSG7gJQsF"",""base"":""0x890351b0f3c49117375ca0e44b2beac055d092a0"",""chiliz"":""0xE64c9D1471cFb5e7b03c998AC8137b441c60AF6D""}"
10800,HVI,Hungarian Vizsla Inu,hungarian-vizsla-inu,vizslainu.com,10800.png,"{""bnb"":""0xde619a9e0eeeaa9f8cd39522ed788234837f3b26""}"
10804,FLOKI,FLOKI,floki-inu,floki.com,10804.png,"{""ethereum"":""0xcf0c122c6b73ff809c693db761e7baebe62b6a2e"",""bnb"":""0xfb5b838b6cfeedc2873ab27866079ac55363d37e""}"
10818,PEFI,Penguin Finance,penguin-finance,penguinfinance.io,10818.png,"{""avalanche"":""0xe896CDeaAC9615145c0cA09C8Cd5C25bced6384c""}"
10821,STARL,Starlink,star-link,starlproject.com,10821.png,"{""ethereum"":""0x8e6cd950ad6ba651f6dd608dc70e5886b1aa6b24""}"
10824,HTZ,Hertz Network,hertz-network,hertz-network.com,10824.png,"{""bnb"":""0xb5BBA78B4dF2D47DD46078514a3e296AB3c344Fe""}"
10831,MIMO,Mimo Governance Token,parallel-protocol,mimo.capital,10831.png,"{""ethereum"":""0x6c0aeceeDc55c9d55d8B99216a670D85330941c3"",""polygon-ecosystem-token"":""0x7790dd69aa10eD3f1271E41CD7222D2a7d2D5948"",""arbitrum"":""0xfD28f108e95f4D41daAE9dbfFf707D677985998E"",""sonic"":""0xfD28f108e95f4D41daAE9dbfFf707D677985998E"",""optimism-ethereum"":""0xfD28f108e95f4D41daAE9dbfFf707D677985998E""}"
10841,WSPP,Wolf Safe Poor People,wolf-safe-poor-people,wolfsafepoorpeople.com,10841.png,"{""bnb"":""0x46d502fac9aea7c5bc7b13c8ec9d02378c33d36f""}"
10854,RAIL,Railgun,railgun,railgun.org,10854.png,"{""ethereum"":""0xe76c6c83af64e4c60245d8c7de953df673a7a33d""}"
10866,MM,Million,million,milliontoken.org,10866.png,"{""ethereum"":""0x6b4c7a5e3f0b99fcd83e9c089bddd6c7fce5c611"",""bnb"":""0xBF05279F9Bf1CE69bBFEd670813b7e431142Afa4"",""polygon-ecosystem-token"":""0x5647Fe4281F8F6F01E84BCE775AD4b828A7b8927""}"
10875,CHAINCADE,ChainCade,chaincade,chaincade.com,10875.png,"{""bnb"":""0x2ffee7b4df74f7c6508a4af4d6d91058da5420d0""}"
10877,AINU,Ainu Token,ainu-token,ainutoken.net,10877.png,"{""bnb"":""0x2db0d5cb907014c67dc201886624716fb5c71123""}"
10888,NEWB,NewB.Farm,newb-farm,newb.farm,10888.png,"{""bnb"":""0x545f90dc35ca1e6129f1fed354b3e2df12034261""}"
10889,$DRF,DRIFE,drife,drife.io,10889.png,"{""sui"":""0x294de7579d55c110a00a7c4946e09a1b5cbeca2592fbb83fd7bfacba3cfeaf0e::drf::DRF""}"
10891,LIKE,LIKE,only1,w.ink,10891.png,"{""solana"":""3bRTivrVsitbmCTGtqwp7hxXPsybkjn4XLNtPsHqa3zR""}"
10893,BRKL,Brokoli Network,brokoli-network,brokoli.network,10893.png,"{""ethereum"":""0x4674a4F24C5f63D53F22490Fb3A08eAAAD739ff8"",""bnb"":""0x66cafcf6c32315623c7ffd3f2ff690aa36ebed38""}"
10894,SRX,StorX Network,storx-network,storx.tech,10894.png,"{""xdc-network"":""0x5d5f074837f5d4618b3916ba74de1bf9662a3fed""}"
10897,ALT,Alitas,alitas,alitas.tech,10897.png,"{""bnb"":""0x5ca09af27b8a4f1d636380909087536bc7e2d94d""}"
10899,DADDYDOGE,Daddy Doge,daddy-doge,daddydoge.finance,10899.png,"{""bnb"":""0x7ccE94C0B2C8aE7661f02544E62178377Fe8cF92""}"
10903,C98,Coin98,coin98,coin98.com,10903.png,"{""ethereum"":""0xae12c5930881c53715b369cec7606b70d8eb229f"",""bnb"":""0xaec945e04baf28b135fa7c640f624f8d90f1c3a6"",""solana"":""C98A4nkJXhpVZNAZdHUA95RpTF3T4whtQubL3YobiUX9"",""polygon-ecosystem-token"":""0x77f56cf9365955486b12c4816992388ee8606f0e"",""viction"":""0x0Fd0288AAAE91eaF935e2eC14b23486f86516c8C""}"
10905,AIRT,AirNFTs,airnfts,airnfts.com,10905.png,"{""bnb"":""0x016cf83732f1468150d87dcc5bdf67730b3934d3""}"
10929,ZPAY,ZoidPay,zoidpay,zoidpay.com,10929.png,"{""multiversx-egld"":""ZPAY-247875""}"
10933,IDIA,Impossible Finance Launchpad,impossible-decentralized-incubator-access,impossible.finance,10933.png,"{""ethereum"":""0x0b15ddf19d47e6a86a56148fb4afffc6929bcb89"",""bnb"":""0x0b15ddf19d47e6a86a56148fb4afffc6929bcb89"",""avalanche"":""0xfCAF13227dcBFa2dc2b1928acFcA03b85e2D25dd"",""moonriver"":""0x2d28AA28fA1E5e6bF121CF688309Bf3faAAe3C70""}"
10949,BXX,Baanx,baanx,baanx.com,10949.png,"{""ethereum"":""0x6b1a8f210ec6b7b6643cea3583fb0c079f367898""}"
10954,MCONTENT,MContent,mcontent,about.myco.io,10954.png,"{""ethereum"":""0xD3c51de3E6DD9b53D7f37699AFB3EE3Bf9B9b3F4"",""bnb"":""0x799e1cf88a236e42b4a87c544a22a94ae95a6910""}"
10973,UFI,PureFi Protocol,purefi-protocol,purefi.io,10973.png,"{""ethereum"":""0xcDa4e840411C00a614aD9205CAEC807c7458a0E3"",""bnb"":""0xe2a59D5E33c6540E18aAA46BF98917aC3158Db0D"",""polygon-ecosystem-token"":""0x3c205C8B3e02421Da82064646788c82f7bd753B9""}"
10974,CHESS,Tranchess,tranchess,tranchess.com,10974.png,"{""bnb"":""0x20de22029ab63cf9A7Cf5fEB2b737Ca1eE4c82A6""}"
10977,MINT,Mint Club V1,mint-club,mint.club,10977.png,"{""bnb"":""0x1f3Af095CDa17d63cad238358837321e95FC5915""}"
10984,WITCH,Witch Token,witch-token,witchwitch.io,10984.png,"{""ethereum"":""0xdc524e3c6910257744c1f93cf15e9f472b5bd236"",""bnb"":""0xF71a7D20c6FC34A3Bf362780aee0FC9Ee3eCE5fE""}"
11013,LIQ,LIQ Protocol,liq-protocol,liqsolana.com,11013.png,"{""solana"":""4wjPQJ6PrkC4dHhYghwJzGBVP78DkBzA2U3kHoFNBuhj""}"
11017,SPADE,PolygonFarm Finance,polygonfarm-finance,polygonfarm.finance,11017.png,"{""polygon-ecosystem-token"":""0xf5EA626334037a2cf0155D49eA6462fDdC6Eff19""}"
11020,ZOO,ZOO Crypto World,zoo-crypto-world,zoogame.app,11020.png,"{""bnb"":""0x1D229B958D5DDFca92146585a8711aECbE56F095""}"
11021,CO,Corite,corite,corite.com,11021.png,"{""ethereum"":""0x936B6659Ad0C1b244Ba8Efe639092acae30dc8d6"",""bnb"":""0x936B6659Ad0C1b244Ba8Efe639092acae30dc8d6""}"
11023,WKCS,Wrapped KuCoin Token,wrapped-kucoin-token,kcc.io,11023.png,"{""kucoin-token"":""0x4446fc4eb47f2f6586f9faab68b3498f86c07521""}"
11024,KRW,KingDeFi,kingdefi,kingdefi.io,11024.png,"{""ethereum"":""0x499568c250Ab2a42292261d6121525d70691894b"",""bnb"":""0x1446f3cedf4d86a9399e49f7937766e6de2a3aab"",""solana"":""Gw7M5dqZJ6B6a8dYkDry6z9t9FuUA2xPUokjV2cortoq"",""htx-token"":""0xA83E2A7bBFaeB064C7cfEE416cDf5cf89507dd1A"",""polygon-ecosystem-token"":""0x6c3B2f402CD7d22AE2C319B9d2f16f57927a4A17""}"
11035,SPS,Splintershards,splintershards,splinterlands.com,11035.png,"{""bnb"":""0x1633b7157e7638c4d6593436111bf125ee74703f"",""ethereum"":""0x00813e3421e1367353bfe7615c7f7f133c89df74""}"
11038,BFG,BFG Token,betfury,betfury.com,11038.png,"{""bnb"":""0xbb46693ebbea1ac2070e59b4d043b47e2e095f86""}"
11078,IAG,IAGON,iagon,iagon.com,11078.png,"{""cardano"":""5d16cc1a177b5d9ba9cfa9793b07e60f1fb70fea1f8aef064415d114494147""}"
11079,BRISE,Bitgert,bitrise-token,bitgert.com,11079.png,"{""ethereum"":""0xF2B2f7b47715256Ce4eA43363a867fdce9353e3A"",""bnb"":""0x8fff93e810a2edaafc326edee51071da9d398e83"",""solana"":""ErSZNwsamWjR9Hj2o18GLwVyTkooyGbdptjMjuv72X8A"",""bitrise-token"":""0xeeeeeeeeeeeeeeeeeeeeeeeeeeeeeeeeeeeeeeee""}"
11082,ARENA,Arena Token,arena-token,arenaswap.com,11082.png,"{""bnb"":""0x2a17dc11a1828725cdb318e0036acf12727d27a2""}"
11085,BTBS,BitBase Token,bitbase-token,bitbase.es,11085.png,"{""ethereum"":""0x32E6C34Cd57087aBBD59B5A4AECC4cB495924356"",""bnb"":""0x6fefd97f328342a8a840546a55fdcfee7542f9a8""}"
11092,BGB,Bitget Token,bitget-token-new,bitget.com,11092.png,"{""ethereum"":""0x54D2252757e1672EEaD234D27B1270728fF90581""}"
11093,DRIP,Drip Network,drip-network,drip.community,11093.png,"{""bnb"":""0x20f663cea80face82acdfa3aae6862d246ce0333""}"
11107,BIRB,Birb,birb,birb.com,11107.png,"{""base"":""0xcA5c7a459bECAAC1f2b5eE28bB8A29875B1a37A6""}"
11109,ELCASH,Electric Cash,electric-cash,electriccash.global,11109.png,{}
11110,SPO,Spores Network,spores-network,spores.app,11110.png,"{""bnb"":""0x8357c604c5533fa0053beaaa1494da552cea38f7"",""ethereum"":""0xcbE771323587EA16dACB6016e269D7F08A7ACC4E""}"
11129,ZOON,CryptoZoon,cryptozoon,cryptozoon.io,11129.png,"{""bnb"":""0x9d173e6c594f479b4d47001f8e6a95a7adda42bc""}"
11130,PVU,Plant Vs Undead,plantvsundead,plantvsundead.com,11130.png,"{""bnb"":""0x31471e0791fcdbe82fbf4c44943255e923f1b794""}"
11145,PLS,Pulsechain,pulsechain,pulsechain.com,11145.png,"{""pulsechain"":""0xeeeeeeeeeeeeeeeeeeeeeeeeeeeeeeeeeeeeeeee""}"
11156,ETHDYDX,dYdX (ethDYDX),dydx-ethdydx,dydx.trade,11156.png,"{""ethereum"":""0x92d6c1e31e14520e676a687f0a93788b716beff5"",""solana"":""4Hx6Bj56eGyw8EJrrheM6LBQAvVYRikYCWsALeTrwyRU""}"
11165,ORCA,Orca,orca,orca.so,11165.png,"{""solana"":""orcaEKTdK7LKz57vaAYr9QeNsVEPfiu6QeMU1kektZE""}"
11171,MNGO,Mango,mango-markets,mango.markets,11171.png,"{""solana"":""MangoCzJ36AjZyKwVj3VnYU4GTonjfVEnJmvvWaxLac""}"
11178,WLUNC,Wrapped LUNA Classic,wrapped-luna-token,terra.money,11178.png,"{""ethereum"":""0xd2877702675e6ceb975b4a1dff9fb7baf4c91ea9"",""aurora-near"":""0xc4bdd27c33ec7daa6fcfd8532ddb524bf4038096"",""moonbeam"":""0x31dab3430f3081dff3ccd80f17ad98583437b213"",""cronos"":""0x9278c8693e7328bef49804bacbfb63253565dffd""}"
11181,SBR,Saber,saber,saberdao.io,11181.png,"{""solana"":""Saber2gLauYim4Mvftnrasomsv6NvAuncvMEZwcLpD1"",""terra-luna"":""terra17h82zsq6q8x5tsgm5ugcx4gytw3axguvzt4pkc""}"
11190,KCAKE,KittyCake,kittycake,kittycaketoken.com,11190.png,"{""bnb"":""0xc22e8114818a918260662375450e19ac73d32852""}"
11191,LYD,Lydia Finance,lydia-finance,lydia.finance,11191.png,"{""avalanche"":""0x4C9B4E1AC6F24CdE3660D5E4Ef1eBF77C710C084""}"
11198,GOAL,TOPGOAL,topgoal,topgoal.io,11198.png,"{""chiliz"":""0x5D95349b0e9FFB9c6f7B0EC75EAC2Bf8Fbac8C5C"",""bnb"":""0xc4736f2611a62d545dc2d0d8f0766283617e6fcb""}"
11202,TOKE,Tokemak,tokemak,tokemak.xyz,11202.png,"{""ethereum"":""0x2e9d63788249371f1DFC918a52f8d799F4a38C94""}"
11206,BLOK,Bloktopia,bloktopia,bloktopia.com,11206.png,"{""polygon-ecosystem-token"":""0x229b1b6c23ff8953d663c4cbb519717e323a0a84"",""bnb"":""0xA0d96fD642156FC7E964949642257b3572f10cD6"",""arbitrum"":""0x9DCE8e754913d928eB39Bc4fC3CF047e364f7f2C""}"
11211,DXCT,DNAxCAT Token,dnaxcat-token,dnaxcat.io,11211.png,"{""bnb"":""0x5b1baec64af6dc54e6e04349315919129a6d3c23""}"
11212,ATLAS,Star Atlas,star-atlas,staratlas.com,11212.png,"{""ethereum"":""0xb9F747162AB1E95d07361f9048BcDF6eDdA9eEA7"",""bnb"":""0x83850D97018f665EB746FBb8f18351e977d1b0D6"",""solana"":""ATLASXmbPQxBUYbxPsV97usA3fPQYEqzQBUHgiFCUsXx"",""terra-luna"":""terra1rg8f993m9834afwazersesgx7jjxv4p87q9wvc""}"
11213,POLIS,Star Atlas DAO,star-atlas-polis,staratlas.com,11213.png,"{""solana"":""poLisWXnNRwC6oBu1vHiuKQzFjGL4XDSu4g9qjz9qVk""}"
11218,BORING,BoringDAO,boringdao-new,boringdao.com,11218.png,"{""ethereum"":""0xbc19712feb3a26080ebf6f2f7849b417fdd792ca"",""bnb"":""0xffeecbf8d7267757c2dc3d13d730e97e15bfdf7f""}"
11220,PORT,Port Finance,port-finance,mainnet.port.finance,11220.png,"{""solana"":""PoRTjZMPXb9T7dyU7tpLEZRQj7e6ssfAE62j2oQuc6y""}"
11221,BIT,BitDAO,bitdao,bitdao.io,11221.png,"{""ethereum"":""0x1A4b46696b2bB4794Eb3D4c26f1c55F9170fa4C5""}"
11222,WNCG,Nine Chronicles,wrapped-ncg,nine-chronicles.com,11222.png,"{""ethereum"":""0xf203Ca1769ca8e9e8FE1DA9D147DB68B6c919817"",""bnb"":""0x52242cbAb41e290E9E17CCC50Cc437bB60020a9d""}"
11223,MMUI,MetaMUI,metamui,sovereignwallet.network,11223.png,"{""avalanche"":""0xFc8A21dBCAB432FB5E469d80F976E022C2f56Ea0""}"
11232,HIGH,Highstreet,highstreet,highstreet.market,11232.png,"{""ethereum"":""0x71Ab77b7dbB4fa7e017BC15090b2163221420282"",""bnb"":""0x5f4Bde007Dc06b867f86EBFE4802e34A1fFEEd63""}"
11234,POSI,Position Exchange,position-exchange,position.exchange,11234.png,"{""bnb"":""0x5CA42204cDaa70d5c773946e69dE942b85CA6706""}"
11240,HI,HI,hi-dollar,hi.com,11240.png,"{""ethereum"":""0xC4f6E93AEDdc11dc22268488465bAbcAF09399aC"",""bnb"":""0x77087ab5df23cfb52449a188e80e9096201c2097""}"
11242,POTS,Moonpot,moonpot,play.moonpot.com,11242.png,"{""bnb"":""0x3fcca8648651e5b974dd6d3e50f61567779772a8"",""fantom"":""0xF7554D17d1c3F09899dCc8B404beCAE6dFA584Fa""}"
11245,LAND,Landshare,landshare,landshare.io,11245.png,"{""bnb"":""0xA73164DB271931CF952cBaEfF9E8F5817b42fA5C"",""polygon-ecosystem-token"":""0xC03E6ad83dE7C58c9166fF08D66B960d78e64105"",""arbitrum"":""0x27Bc2757fAb0b8aB406016D1f71d8123452095d3""}"
11251,DXLC,Dexlab Classic,dexlab,dexlab.space,11251.png,"{""solana"":""GsNzxJfFn6zQdJGeYsupJWzUAm57Ba7335mfhWvFiE9Z""}"
11271,COL,Colana,dogecola,colana.finance,11271.png,"{""solana"":""B4cYZYVYeHgLc3W1pCduCYkoS75G6roPaPdPoBCFweNJ""}"
11275,BSR,BinStarter,binstarter,binstarter.ai,11275.png,"{""bnb"":""0x5cE12F6d9F2FcAf0b11494a1C39E09eeB16Ca7e8""}"
11289,SPELL,Spell Token,spell-token,abracadabra.money,11289.png,"{""ethereum"":""0x090185f2135308bad17527004364ebcc2d37e5f6"",""fantom"":""0x468003b688943977e6130f4f68f23aad939a1040"",""avalanche"":""0xCE1bFFBD5374Dac86a2893119683F4911a2F7814"",""arbitrum"":""0x3e6648c5a70a150a88bce65f4ad4d506fe15d2af"",""solana"":""BCsFXYm81iqXyYmrLKgAp3AePcgLHnirb8FjTs6sjM7U""}"
11294,RARE,SuperRare,superrare,rare.xyz,11294.png,"{""ethereum"":""0xba5BDe662c17e2aDFF1075610382B9B691296350"",""base"":""0x691077c8e8de54ea84efd454630439f99bd8c92f""}"
11307,BETA,Beta Finance,beta-finance,betafinance.org,11307.png,"{""ethereum"":""0xbe1a001fe942f96eea22ba08783140b9dcc09d28"",""bnb"":""0xbe1a001fe942f96eea22ba08783140b9dcc09d28""}"
11308,FB,Fenerbahçe Token,fenerbahce-token,fbtokenofficial.com,11308.png,"{""ethereum"":""0xfb19075d77a0f111796fb259819830f4780f1429""}"
11323,CYCE,Crypto Carbon Energy,crypto-carbon-energy,cycecoin.com,11323.png,"{""ethereum"":""0x9681ee0d91e737c3b60aceba7fbdae61b5462f42""}"
11340,DARA,Immutable,immutable,dara.global,11340.png,"{""bnb"":""0x0255af6c9f86f6b0543357bacefa262a2664f80f""}"
11344,MATE,Mate,mate,usemate.com,11344.png,"{""bnb"":""0x2198b69b36b86f250549d26d69c5957912a34ec2""}"
11346,RACA,RACA,radio-caca,raca3.com,11346.png,"{""ethereum"":""0x12BB890508c125661E03b09EC06E404bc9289040"",""bnb"":""0x12BB890508c125661E03b09EC06E404bc9289040"",""okt"":""0x12BB890508c125661E03b09EC06E404bc9289040""}"
11349,ADAPAD,ADAPad,adapad,adapad.io,11349.png,"{""ethereum"":""0xdb0170e2d0c1cc1b2e7a90313d9b9afa4f250289"",""bnb"":""0xdb0170e2d0c1cc1b2e7a90313d9b9afa4f250289""}"
11367,AURY,Aurory,aurory,aurory.io,11367.png,"{""solana"":""AURYydfxJib1ZkTir1Jn1J9ECYUtjb6rKQVmtYaixWPP""}"
11368,NFD,Feisty Doge NFT,feisty-doge-nft,fractional.art,11368.png,"{""ethereum"":""0xDFDb7f72c1F195C5951a234e8DB9806EB0635346""}"
11371,VICS,RoboFi,robofi,robofi.io,11371.png,"{""bnb"":""0x9bcab88763c33a95e73bc6dcf80fcf27a77090b2""}"
11374,D,DAR Open Network,mines-of-dalarnia,dalarnia.com,11374.png,"{""ethereum"":""0x33b481CbBF3c24f2B3184Ee7Cb02dAAD1C4F49A8"",""bnb"":""0x8fB238058E71f828F505582E65b1D14f8cf52067""}"
11395,BR,BOHR,bohr,bohrweb.org,11395.png,"{""bnb"":""0x7be9E596896b64c88E39b7e88F8dceDDa79845C0""}"
11396,JOE,JOE,joe,lfj.gg,11396.png,"{""avalanche"":""0x6e84a6216eA6dACC71eE8E6b0a5B7322EEbC0fDd"",""arbitrum"":""0x371c7ec6D8039ff7933a2AA28EB827Ffe1F52f07"",""mantle"":""0x371c7ec6D8039ff7933a2AA28EB827Ffe1F52f07""}"
11397,KSHIB,Kaiken Shiba,kaiken-shiba,kaikenshiba.com,11397.png,"{""bnb"":""0x11C0c93035d1302083eB09841042cFa582839A8C""}"
11409,TAROT,Tarot,tarot,tarot.to,11409.png,"{""ethereum"":""0xa10bf0aBa0C7953F279c4Cb8192d3B5dE5eA56E8"",""bnb"":""0x982E609643794a31A07F5C5b142DD3a9cF0690be"",""fantom"":""0xb7C2ddB1EBAc1056231ef22c1b0A13988537a274"",""polygon-ecosystem-token"":""0xb092e1BF50f518b3Ebf7eD26A40015183aE36AC2"",""avalanche"":""0x5ECfeC22AA950CB5A3b4fd7249DC30B2BD160f18"",""optimism-ethereum"":""0x1F514A61bcde34F94Bc39731235690ab9da737F7"",""arbitrum"":""0x13278cD824D33A7aDB9f0a9A84ACA7C0D2DEEBf7"",""kava"":""0x2E4c7bf66d0484E44FeA0eC273b85A00Af92B2e3"",""zksync"":""0x7F2FD959013eEC5144269ac6edD0015Cb10968Fc"",""base"":""0xF544251D25f3d243A36B07e7E7962a678f952691""}"
11415,YAK,Yield Yak,yield-yak,yieldyak.com,11415.png,"{""avalanche"":""0x59414b3089ce2AF0010e7523Dea7E2b35d776ec7"",""arbitrum"":""0x7f4dB37D7bEb31F445307782Bc3Da0F18dF13696""}"
11417,GAJ,Gaj Finance,gaj-finance,gaj.finance,11417.png,"{""polygon-ecosystem-token"":""0xf4b0903774532aee5ee567c02aab681a81539e92"",""avalanche"":""0x595c8481c48894771ce8fade54ac6bf59093f9e8"",""ethereum"":""0x9fda7ceec4c18008096c2fe2b85f05dc300f94d0""}"
11419,GRAM,Gram (prev. Toncoin),gram,ton.org,11419.png,"{""ethereum"":""0x582d872a1b094fc48f5de31d3b73f2d9be47def1"",""bnb"":""0x76a797a59ba2c17726896976b7b3747bfd1d220f"",""gram"":""EQAAAAAAAAAAAAAAAAAAAAAAAAAAAAAAAAAAAAAAAAAAAM9c""}"
11420,JAM,Tune.FM,tune-fm,tune.fm,11420.png,"{""hedera"":""0.0.127877""}"
11421,TAUR,Marnotaur,marnotaur,marnotaur.com,11421.png,"{""ethereum"":""0xF71288618F919FF0A779c757489A8B2e45925dDd"",""avalanche"":""0x136aC25c56b24e5E117D71ff74c62D8539d2Ee29""}"
11422,WANA,Wanaka Farm,wanaka-farm,wanakafarm.com,11422.png,"{""bnb"":""0x339C72829AB7DD45C3C52f965E7ABe358dd8761E""}"
11423,VEMP,VEMP,vempire-ddao,vemp.xyz,11423.png,"{""arbitrum"":""0xaf7e3f16d747e77e927dc94287f86eb95a64d83d""}"
11427,CYT,Coinary Token,coinary-token,dragonary.com,11427.png,"{""bnb"":""0xd9025e25bb6cf39f8c926a704039d2dd51088063""}"
11446,SCCP,S.C. Corinthians Fan Token,sc-corinthians-fan-token,socios.com,11446.png,"{""solana"":""EFgHaH3va27dKwyUJxDKT76Gx8FVQh3MgUnvKH2fyS8Q"",""base"":""0xea47b98cf324af980845fb05aa19ef0ae3ba97d1"",""chiliz"":""0x25fb4ff916faFb88d78918c54C1d14B57586046b""}"
11461,MSOL,Marinade Staked SOL,marinade,marinade.finance,11461.png,"{""ethereum"":""0x756bFb452cFE36A5Bc82e4F5f4261A89a18c242b"",""solana"":""mSoLzYCxHdYgdzU16g5QSh3i5K3z3KZK7ytfqcJm7So""}"
11463,HUSKY,Husky Avax,husky-avax,husky.space,11463.png,"{""avalanche"":""0x65378b697853568dA9ff8EaB60C13E1Ee9f4a654""}"
11465,CATO,CATO,cato,official.catodex.com,11465.png,"{""solana"":""5p2zjqCd1WJzAVgcEnjhb9zWDU7b9XVhFhx4usiyN7jB""}"
11469,SOLPAD,Solpad Finance,solpad-finance,solpad.finance,11469.png,"{""solana"":""GfJ3Vq2eSTYf1hJP6kKLE9RT6u7jF9gNszJhZwo5VPZp""}"
11470,BOP,Boring Protocol,boring-protocol,boringprotocol.io,11470.png,"{""solana"":""BLwTnYKqf7u4qjgZrrsKeNs2EzWkMLqVCu6j8iHyrNA3""}"
11486,WIFEDOGE,WifeDoge,wifedoge,wifedoge.com,11486.png,"{""bnb"":""0x07b36f2549291d320132712a1e64d3826b1fb4d7""}"
11499,AMT,AMATERAS,amateras,amateras.io,11499.png,"{""bnb"":""0x4ce5f6Bf8e996Ae54709C75865709ACA5127Dd54""}"
11500,BIT,Biconomy Exchange Token,biconomy-token,biconomy.com,11500.png,"{""solana"":""HjXw86avdGtCRR5JXUPKdxCVUpSo77fvfNdmXWQQHZW8""}"
11512,KLO,Kalao,kalao,kalao.io,11512.png,"{""avalanche"":""0xb27c8941a7Df8958A1778c0259f76D1F8B711C35""}"
11516,EKTA,Ekta,ekta,ekta.io,11516.png,"{""ethereum"":""0x2f75113b13D136F861d212Fa9b572F2C79Ac81C4"",""bnb"":""0x45808ce43eb2d7685ff0242631f0feb6f3d8701a""}"
11528,VCF,Valencia CF Fan Token,valencia-cf-fan-token,socios.com,11528.png,"{""solana"":""9gui2Z9dzatiJAapRd5R9CkfD5BUFot5dJppijZRQ2gA"",""base"":""0x45020Ec5119A3FB54eBDFeFCC6674319C615d0AA"",""chiliz"":""0x83d7d1df01c698b4379077af4bceb2d4af113bff""}"
11529,GALO,Clube Atlético Mineiro Fan Token,clube-atletico-mineiro-fan-token,socios.com,11529.png,"{""solana"":""HJDTyM8uTpdVfW4KSjXJnFXKDVg7czRxDm3d7PJD9PTd"",""base"":""0xfdf9877a9b63b05f44b47920a29aeeb515b735d5"",""chiliz"":""0x558Cc7Ac99793B10c1C142a1C7e5AdF6657DeA9c""}"
11531,POR,Portugal National Team Fan Token,portugal-national-team-fan-token,fpf.pt,11531.png,"{""solana"":""AiYi7HyVVXnDSuj8BoPirDsuuWgddeKkD5MQN35VpwNz"",""base"":""0x00a030340b89eea5dafeebc1da4fe76db374996e"",""chiliz"":""0x013F2407c6eF765F1199f8818B805121F269F5b8""}"
11532,AFC,Arsenal Fan Token,arsenal-fan-token,arsenal.com,11532.png,"{""solana"":""Dst93spXQEXxFzwYbFrQRnFYBYpw7AzB2QyALEeP4NGQ"",""base"":""0x580edA966a8129C3c01D149871B47feFcC599D28"",""chiliz"":""0x76088F3eD5dC655De9295D93868ec1EeC654A615""}"
11541,ARV,Ariva,ariva,ariva.digital,11541.png,"{""ethereum"":""0x79C7EF95aD32DcD5ECadB231568Bb03dF7824815"",""bnb"":""0x6679eb24f59dfe111864aec72b443d1da666b360""}"
11556,ZOO,CryptoZoo  (new),zoo,cryptozoo.co,11556.png,"{""bnb"":""0x7fFC1243232da3Ac001994208E2002816b57c669""}"
11557,DOG,Own The Doge,the-doge-nft,ownthedoge.com,11557.png,"{""ethereum"":""0xbaac2b4491727d78d2b78815144570b9f2fe8899"",""bnb"":""0xaa88c603d142c371ea0eac8756123c5805edee03"",""solana"":""B9u8h65uM1oifqmP82VyUDb68iG2fKfZiyubmNMtu3h7"",""polygon-ecosystem-token"":""0xeEe3371B89FC43Ea970E908536Fcddd975135D8a"",""optimism-ethereum"":""0x8F69Ee043d52161Fd29137AeDf63f5e70cd504D5"",""arbitrum"":""0x4425742F1EC8D98779690b5A3A6276Db85Ddc01A"",""base"":""0xafb89a09d82fbde58f18ac6437b3fc81724e4df6""}"
11563,AIRI,aiRight,airight,airight.io,11563.png,"{""bnb"":""0x7e2a35c746f2f7c240b664f1da4dd100141ae71f""}"
11566,ASH,ASH,ash,burn.art,11566.png,"{""ethereum"":""0x64d91f12ece7362f91a6f8e7940cd55f05060b92""}"
11568,AGLD,Adventure Gold,adventure-gold,adventurelayer.xyz,11568.png,"{""ethereum"":""0x32353a6c91143bfd6c7d363b546e62a9a2489a20"",""solana"":""7dnMwS2yE6NE1PX81B9Xpm7zUhFXmQABqUiHHzWXiEBn""}"
11569,OVATO,Ovato,ovato,ovato.com,11569.png,"{""polygon-ecosystem-token"":""https://polygonscan.com/token/0xe1b0e0f0427af6f943cdeb6304eed259d152fc78""}"
11584,BTRST,Braintrust,braintrust,braintrust.com,11584.png,"{""ethereum"":""0x799ebfabe77a6e34311eeee9825190b9ece32824"",""base"":""0xA7d68d155d17cB30e311367c2Ef1E82aB6022b67""}"
11599,ALI,Alita Finance,alita-finance,app.alita.finance,11599.png,"{""bnb"":""0x557233E794d1a5FbCc6D26dca49147379ea5073c""}"
11607,SWT,Smart Wallet Token,smart-wallet-token,swttoken.com,11607.png,"{""bnb"":""0xb1a5e3068837fcff1f7f2abf592a5de7a20b2a40""}"
11620,IXS,IXS,ix-swap,ixs.finance,11620.png,"{""ethereum"":""0x73d7c860998ca3c01ce8c808f5577d94d545d1b4"",""polygon-ecosystem-token"":""0x1ba17c639bdaecd8dc4aac37df062d17ee43a1b8"",""base"":""0xFE550BfFb51EB645EA3b324D772A19AC449E92c5""}"
11621,PUNK,Punk Vault (NFTX),punk-vault-nftx,nftx.org,11621.png,"{""ethereum"":""0x269616D549D7e8Eaa82DFb17028d0B212D11232A""}"
11646,REGEN,Regen Network,regen-network,regen.network,11646.png,"{""ethereum"":""0xeee10b3736d5978924f392ed67497cfae795128b"",""osmosis"":""ibc/1DCC8A6CB5689018431323953344A9F6CC4D0BFB261E88C9F7777372C10CD076"",""polygon-ecosystem-token"":""0xEc482De9569a5EA3Dd9779039b79e53F15791fDE""}"
11649,WNT,Wicrypt,wicrypt,wicrypt.com,11649.png,"{""polygon-ecosystem-token"":""0x82a0e6c02b91ec9f6ff943c0a933c03dbaa19689""}"
11664,YAY,YAY Network,yay-games,yay.network,11664.png,"{""bnb"":""0x524df384bffb18c0c8f3f43d012011f8f9795579"",""avalanche"":""0x01C2086faCFD7aA38f69A6Bd8C91BEF3BB5adFCa""}"
11670,FIWA,DeFi Warrior (FIWA),defi-warrior,defiwarrior.io,11670.png,"{""bnb"":""0x633237C6FA30FAe46Cc5bB22014DA30e50a718cC""}"
11672,POCO,Pocoland,pocoland,pocoland.com,11672.png,"{""bnb"":""0x394bBA8F309f3462b31238B3fd04b83F71A98848""}"
11690,BSTS,Magic Beasties,magic-beasties,beasties.online,11690.png,"{""bnb"":""0xc77dd3ade7b717583e0924466e4e474a5673332c""}"
11696,WONE,Wrapped Harmony,wrapped-one,harmony.one,11696.png,"{""harmony"":""0xcf664087a5bb0237a0bad6742852ec6c8d69a27a"",""ethereum"":""0xD5cd84D6f044AbE314Ee7E414d37cae8773ef9D3"",""bnb"":""0x03fF0ff224f904be3118461335064bB48Df47938""}"
11700,LIFE,Life Crypto,life-crypto,lifecrypto.life,11700.png,"{""ethereum"":""0x6c936D4AE98E6d2172dB18c16C4b601C99918EE6"",""bnb"":""0x82190d28E710ea9C029D009FaD951c6F1d803BB3""}"
11701,COPYCAT,Copycat Finance,copycat-finance,copycat.finance,11701.png,"{""bnb"":""0xd635b32688f36ee4a7fe117b4c91dd811277acb6""}"
11706,ACT,Acet,acet,acet.finance,11706.png,"{""bnb"":""0x9f3bcbe48e8b754f331dfc694a894e8e686ac31d""}"
11713,BALA,Shambala,shambala,shambala.me,11713.png,"{""bnb"":""0x34ba3af693d6c776d73c7fa67e2b2e79be8ef4ed""}"
11714,BFT,Brazil National Football Team Fan Token,brazil-national-football-team-fan-token,bitci.com,11714.png,"{""bitcicoin"":""0x4270A3D1a61FC6b86Ea9E19730E529ACEe592c3B""}"
11736,ETERNAL,CryptoMines,cryptomines,cryptomines.app,11736.png,"{""bnb"":""0xD44FD09d74cd13838F137B590497595d6b3FEeA4""}"
11750,BUY,Buying.com,buying-com,buying.com,11750.png,"{""ethereum"":""0x396ec402b42066864c406d1ac3bc86b575003ed8"",""bnb"":""0x40225c6277b29bf9056b4acb7ee1512cbff11671"",""algorand"":""137020565""}"
11765,BIGSB,BigShortBets,bigshortbets,bigshortbets.com,11765.png,"{""ethereum"":""0x131157c6760f78f7ddf877c0019eba175ba4b6f6""}"
11770,EVERETH,EverETH Reflect,evereth,evereth.net,11770.png,"{""bnb"":""0x16dcc0ec78e91e868dca64be86aec62bf7c61037""}"
11783,GAFI,GameFi.org,gamefi,gamefi.org,11783.png,"{""bnb"":""0x89Af13A10b32F1b2f8d1588f93027F69B6F4E27e""}"
11794,FOREX,handleFOREX,handle-fi,handle.fi,11794.png,"{""ethereum"":""0xdb298285fe4c5410b05390ca80e8fbe9de1f259b"",""arbitrum"":""0xDb298285FE4C5410B05390cA80e8Fbe9DE1F259B""}"
11796,INTER,Inter Milan Fan Token,inter-milan-fan-token,socios.com,11796.png,"{""solana"":""HagS3VmAuhx5QJnHcuMAJF4wwVDE58CiX5SFZCYFrVe"",""base"":""0x932ad1cd4a30a34ffca266a85ff7b3e883f6d5e2"",""chiliz"":""0x1b3385A26214057bB7e27c173ee2D14201752e73""}"
11801,DLYCOP,Daily COP,daily-cop,dlytoken.org,11801.png,"{""polygon-ecosystem-token"":""0x1659fFb2d40DfB1671Ac226A0D9Dcc95A774521A""}"
11808,WNEAR,Wrapped Near,wrapped-near,near.org,11808.png,"{""aurora-near"":""0xc42c30ac6cc15fac9bd938618bcaa1a1fae8501d"",""near-protocol"":""wrap.near""}"
11809,REF,Ref Finance,ref-finance,ref.finance,11809.png,"{""near-protocol"":""token.v2.ref-finance.near""}"
11813,AFR,Afreum,afreum,afreum.com,11813.png,"{""stellar"":""AFR-GBX6YI45VU7WNAAKA3RBFDR3I3UKNFHTJPQ5F6KOOKSGYIAM4TRQN54W""}"
11818,WAG,Waggle Network,waggle-network,waggle.network,11818.png,"{""solana"":""5tN42n9vMi6ubp67Uy4NnmM5DMZYN8aS8GeB3bEDHr6E""}"
11821,SMT,Swarm Markets,swarm-markets,swarm.com,11821.png,"{""ethereum"":""0xb17548c7b510427baac4e267bea62e800b247173"",""polygon-ecosystem-token"":""0xE631DABeF60c37a37d70d3B4f812871df663226f"",""arbitrum"":""0x2680e82fb8beb5a153a67fe687ffa67abb6b9013"",""base"":""0x2974dC646e375e83bd1c0342625b49f288987fA4""}"
11823,POKT,Pocket Network,pocket-network,pocket.network,11823.png,"{""ethereum"":""0x764A726d9ceD0433A8D7643335919dEb03a9a935"",""solana"":""6CAsXfiCXZfP8APCG6Vma2DFMindopxiqYQN4LSQfhoC"",""base"":""0x764A726d9ceD0433A8D7643335919dEb03a9a935""}"
11835,MONS,Monsters Clan,monsters-clan,monstersclan.com,11835.png,"{""bnb"":""0xe4c797d43631f4d660ec67b5cb0b78ef5c902532""}"
11840,OP,Optimism,optimism-ethereum,optimism.io,11840.png,"{""optimism-ethereum"":""0x4200000000000000000000000000000000000042""}"
11841,ARB,Arbitrum,arbitrum,arbitrum.io,11841.png,"{""ethereum"":""0xB50721BCf8d664c30412Cfbc6cf7a15145234ad1"",""arbitrum"":""0x912CE59144191C1204E64559FE8253a0e49E6548""}"
11857,GMX,GMX,gmx,gmx.io,11857.png,"{""solana"":""9wX6Qz1Y5YQe71dfnFYFfZYXZhKqjYKQwdqfrRkmYUSX"",""avalanche"":""0x62edc0692BD897D2295872a9FFCac5425011c661"",""arbitrum"":""0xfc5a1a6eb076a2c7ad06ed22c90d7e710e35ad0a""}"
11865,BONE,Bone ShibaSwap,bone-shibaswap,shibaswap.com,11865.png,"{""ethereum"":""0x9813037ee2218799597d83D4a5B6F3b6778218d9"",""bone-shibaswap"":""0xeeeeeeeeeeeeeeeeeeeeeeeeeeeeeeeeeeeeeeee""}"
11871,GZONE,GameZone,gamezone,gamezone.io,11871.png,"{""ethereum"":""0xb6adb74efb5801160ff749b1985fd3bd5000e938"",""bnb"":""0xb6adb74efb5801160ff749b1985fd3bd5000e938""}"
11877,GAL,GAL (migrated to Gravity - G),galxe,galxe.com,11877.png,"{""ethereum"":""0x5fAa989Af96Af85384b8a938c2EdE4A7378D9875"",""bnb"":""0xe4Cc45Bb5DBDA06dB6183E8bf016569f40497Aa5""}"
11878,ADOGE,Arbidoge,arbidoge,arbidoge.net,11878.png,"{""arbitrum"":""0x155f0dd04424939368972f4e1838687d6a831151""}"
11885,HCT,HurricaneSwap Token,hurricaneswap-token,hurricaneswap.com,11885.png,"{""avalanche"":""0x45C13620B55C35A5f539d26E88247011Eb10fDbd""}"
11910,SOKU,SokuSwap,sokuswap,sokuswap.finance,11910.png,"{""ethereum"":""0x4c3a8eceb656ec63eae80a4ebd565e4887db6160"",""bnb"":""0x0e4b5ea0259eb3d66e6fcb7cc8785817f8490a53""}"
11916,MIVA,Minerva Wallet,minerva-wallet,minerva.digital,11916.png,"{""gnosis-gno"":""0x63e62989D9EB2d37dfDB1F93A22f063635b07d51"",""polygon-ecosystem-token"":""0xC0b2983A17573660053BEEED6FDb1053107cf387""}"
11918,X,GIBX Swap,gibx-swap,gibxswap.io,11918.png,"{""bnb"":""0xae28714390e95b8df1ef847c58aeac23ed457702""}"
11923,EBA,Elpis Battle,elpis-battle,elpis.game,11923.png,"{""bnb"":""0x3944aC66b9b9B40a6474022D6962b6cAA001b5E3""}"
11925,MONI,Monsta Infinite,monsta-infinite,monstainfinite.com,11925.png,"{""bnb"":""0x9573c88aE3e37508f87649f87c4dd5373C9F31e0""}"
11926,THG,Thetan World,thetan-arena,thetanworld.com,11926.png,"{""bnb"":""0x9fd87aefe02441b123c3c32466cd9db4c578618f""}"
11935,PRT,Parrot Protocol,parrot-protocol,parrot.fi,11935.png,"{""solana"":""PRT88RkA4Kg5z7pKnezeNH4mafTvtQdfFgpQTGRjz44""}"
11945,MAT,My Master War,my-master-war,mymasterwar.com,11945.png,"{""bnb"":""0xf3147987a00d35eecc10c731269003ca093740ca""}"
11948,XRD,Radix,radix-protocol,radixdlt.com,11948.png,{}
11961,VEE,Vee Finance,vee-finance,vee.finance,11961.png,"{""avalanche"":""0x3709E8615E02C15B096f8a9B460ccb8cA8194e86""}"
11973,THALES,Thales,thales,thalesmarket.io,11973.png,"{""ethereum"":""0x8947da500eb47f82df21143d0c01a29862a8c3c5"",""polygon-ecosystem-token"":""0x692c44990e4f408ba0917f5c78a83160c1557237"",""optimism-ethereum"":""0x217d47011b23bb961eb6d93ca9945b7501a5bb11"",""arbitrum"":""0xe85b662fe97e8562f4099d8a1d5a92d4b453bf30"",""base"":""0xf34e0cff046e154CAfCae502C7541b9E5FD8C249""}"
11976,AZERO,Aleph Zero,aleph-zero,alephzero.org,11976.png,{}
11986,SUNDAE,SundaeSwap,sundaeswap,sundaeswap.finance,11986.png,"{""cardano"":""9a9693a9a37912a5097918f97918d15240c92ab729a0b7c4aa144d7753554e444145""}"
12040,DOGECOIN,Buff Doge Coin,buff-doge-coin,buffdogecoin.io,12040.png,"{""bnb"":""0x23125108bc4c63E4677b2E253Fa498cCb4B3298b""}"
12041,DMTR,Dimitra,dimitra,dimitra.io,12041.png,"{""ethereum"":""0x51cb253744189f11241becb29bedd3f1b5384fdb""}"
12042,SYP,Sypool,sypool,sypool.io,12042.png,"{""solana"":""FnKE9n6aGjQoNWRBZXy4RW6LZVao7qwBonUbiD7edUmZ""}"
12058,LIGHT,Light DeFi,light-defi,lightdefi.org,12058.png,"{""bnb"":""0x842668E2B9A73240aBF6532DEdC89c9c3e050C98""}"
12060,XTT-B20,XTblock,xtblock,xtblock.io,12060.png,"{""bnb"":""0x70b6c6a555507ee4ac91c15e5c80b7dc8ff3b489""}"
12064,CRTS,Cratos,cratos,cratostoken.com,12064.png,"{""ethereum"":""0x678e840c640f619e17848045d23072844224dd37"",""bnb"":""0x678e840c640f619e17848045d23072844224dd37""}"
12071,XLD,XcelPay,xcel-swap,xcelpay.io,12071.png,"{""bnb"":""0xC79d1fD14F514cD713b5cA43D288a782Ae53eAb2""}"
12082,GOLD,CyberDragon Gold,cyberdragon-gold,game.binaryx.pro,12082.png,"{""bnb"":""0xb3a6381070b1a15169dea646166ec0699fdaea79""}"
12087,ZKP,Panther Protocol,panther-protocol,pantherprotocol.io,12087.png,"{""ethereum"":""0x909E34d3f6124C324ac83DccA84b74398a6fa173"",""polygon-ecosystem-token"":""0x9A06Db14D639796B25A6ceC6A1bf614fd98815EC"",""base"":""0x0a776C1c22b8b8e7EAB346744dAA33722b80FdA4""}"
12089,CWEB,Coinweb,coinweb,coinweb.io,12089.png,"{""ethereum"":""0x505b5eda5e25a67e1c24a2bf1a527ed9eb88bf04""}"
12100,CRYSTL,Crystl Finance,polycrystal-finance,link.crystl.finance,12100.png,"{""polygon-ecosystem-token"":""0x76bF0C28e604CC3fE9967c83b3C3F31c213cfE64""}"
12115,ORION,Orion Money,orion-money,orion.money,12115.png,"{""ethereum"":""0x727f064a78dc734d33eec18d5370aef32ffd46e4"",""bnb"":""0x3dcb18569425930954feb191122e574b87f66abd"",""terra-luna"":""terra1mddcdx0ujx89f38gu7zspk2r2ffdl5enyz2u03"",""polygon-ecosystem-token"":""0x5E0294Af1732498C77F8dB015a2d52a76298542B""}"
12121,EVDC,EVDC Network,electric-vehicle-direct-currency,evdc.network,12121.png,"{""bnb"":""0x93749e69560EFe1ad6661903e47DF538492C50a4""}"
12131,FRTS,Fruits,fruits-eco,fruitsblockchain.com,12131.png,{}
12140,RMRK,RMRK,rmrk,rmrk.app,12140.png,"{""ethereum"":""0x524d524B4c9366be706D3A90dcf70076ca037aE3"",""polygon-ecosystem-token"":""0x524d524B4c9366be706D3A90dcf70076ca037aE3"",""moonbeam"":""0x524d524B4c9366be706D3A90dcf70076ca037aE3"",""bnb"":""0x524d524B4c9366be706D3A90dcf70076ca037aE3"",""base"":""0x524d524B4c9366be706D3A90dcf70076ca037aE3"",""astar"":""0x524d524B4c9366be706D3A90dcf70076ca037aE3""}"
12147,SYN,Synapse,synapse-2,synapseprotocol.com,12147.png,"{""ethereum"":""0x0f2D719407FdBeFF09D87557AbB7232601FD9F29"",""bnb"":""0xa4080f1778e69467e905b8d6f72f6e441f9e9484"",""fantom"":""0xe55e19fb4f2d85af758950957714292dac1e25b2"",""polygon-ecosystem-token"":""0xf8f9efc0db77d8881500bb06ff5d6abc3070e695"",""avalanche"":""0x1f1e7c893855525b303f99bdf5c3c05be09ca251"",""optimism-ethereum"":""0x5A5fFf6F753d7C11A56A52FE47a177a87e431655"",""harmony"":""0xf2ec007a5af19603df418806ce502b80dd115fbb"",""arbitrum"":""0x080f6aed32fc474dd5717105dba5ea57268f46eb"",""moonriver"":""0xd80d8688b02B3FD3afb81cDb124F188BB5aD0445"",""boba-network"":""0xb554A55358fF0382Fb21F0a478C3546d1106Be8c"",""aurora-near"":""0xd80d8688b02B3FD3afb81cDb124F188BB5aD0445""}"
12148,SWASH,Swash,swash,swashapp.io,12148.png,"{""ethereum"":""0xa130e3a33a4d84b04c3918c4e5762223ae252f80"",""bnb"":""0x41065E3428188bA6Eb27FBDDE8526aE3Af8E3830"",""gnosis-gno"":""0x84E2C67CBEfae6B5148fcA7d02B341B12ff4b5Bb"",""polygon-ecosystem-token"":""0xbA3CB8329D442E6F9Eb70fafe1E214251df3D275""}"
12153,KURO,Kurobi,kurobi,kurobi.io,12153.png,"{""solana"":""2Kc38rfQ49DFaKHQaWbijkE7fcymUMLY5guUiUsDmFfn""}"
12156,ASIA,Asia Coin,asia-coin,asiax.live,12156.png,"{""ethereum"":""0xf519381791c03dd7666c142d4e49fd94d3536011"",""bnb"":""0xebaffc2d2ea7c66fb848c48124b753f93a0a90ec"",""waves"":""2eBfY8ay4HUCqQTiFyZPVkKEixQXyoNz8k9UJTfDmDsS"",""polygon-ecosystem-token"":""0x50bCBC40306230713239Ae1BdDD5eefEEaa273Dc""}"
12165,SOLV,Solv Protocol,solv-protocol,solv.finance,12165.png,"{""bnb"":""0xabe8e5cabe24cb36df9540088fd7ce1175b9bc52"",""ethereum"":""0x169E36F327cAA83d004f5c2668AC25A1424C940d""}"
12172,MOWA,Moniwar,moniwar,moniwar.io,12172.png,"{""bnb"":""0x411Ec510c85C9e56271bF4E10364Ffa909E685D9""}"
12173,REVU,Revuto,revuto,crypto.revuto.com,12173.png,"{""cardano"":""94cbb4fcbcaa2975779f273b263eb3b5f24a9951e446d6dc4c135864.REVU""}"
12179,ALPHA,PolyAlpha Finance,polyalpha-finance,polyalpha.finance,12179.png,"{""polygon-ecosystem-token"":""0x0B048D6e01a6b9002C291060bF2179938fd8264c""}"
12186,SGB,Songbird,songbird,flare.xyz,12186.png,{}
12194,BABYFLOKI,Baby Floki (BSC),baby-floki,babyfloki.info,12194.png,"{""bnb"":""0x71e80e96af604afc23ca2aed4c1c7466db6dd0c4""}"
12198,BOSS,Boss Token,boss-token,bosstoken.com,12198.png,"{""bnb"":""0x49324d59327fB799813B902dB55b2a118d601547""}"
12199,FUFU,FUFU,fufu,uwufufu.com,12199.png,"{""bnb"":""0x509a51394cc4d6bb474fefb2994b8975a55a6e79""}"
12200,DSFR,Digital Swiss Franc,digital-swis-franc,dsfr.net,12200.png,"{""polygon-ecosystem-token"":""0xc45abe05e9db3739791d1dc1b1638be8ad68b10b""}"
12203,FINA,Defina Finance,defina-finance,defina.finance,12203.png,"{""bnb"":""0x426c72701833fddbdfc06c944737c6031645c708""}"
12212,ABR,Allbridge,allbridge,allbridge.io,12212.png,"{""ethereum"":""0xd450db3188b7fbf52c670eee30372ba74b4c5857"",""bnb"":""0x68784ffaa6Ff05E3e04575DF77960DC1D9F42b4a"",""solana"":""a11bdAAuV8iB2fu7X6AxAvDTo1QZ8FXB3kk5eecdasp"",""htx-token"":""0x2D7E64def6c3311A75c2F6eB45E835CD58e52CDE"",""terra-luna"":""terra1a7ye2splpfzyenu0yrdu8t83uzgusx2malkc7u"",""fantom"":""0x543Acd673960041eEe1305500893260F1887B679"",""polygon-ecosystem-token"":""0x04429fbb948bbd09327763214b45e505a5293346"",""avalanche"":""0xaFc43610C7840b20b90CAaF93759bE5b54B291c9"",""celo"":""0x6e512BFC33be36F2666754E996ff103AD1680Cc9"",""near-protocol"":""abr.a11bd.near"",""aurora-near"":""0x2BAe00C8BC1868a5F7a216E881Bae9e662630111""}"
12214,VERSE,Shibaverse,shibaverse,shibaverse.io,12214.png,"{""ethereum"":""0x7ae0d42f23c33338de15bfa89c7405c068d9dc0a"",""polygon-ecosystem-token"":""0xa1388e73c51b37383b1ab9dce8317ef5a0349cc5""}"
12220,OSMO,Osmosis,osmosis,osmosis.zone,12220.png,"{""osmosis"":""uosmo""}"
12229,DOGEGF,DogeGF,dogegf,dogegf.com,12229.png,"{""ethereum"":""0xfb130d93e49dca13264344966a611dc79a456bc5"",""base"":""0x881Ed0FCeF78120A135eC6cC66cEf2779FE95BBA""}"
12240,MARS4,MARS4,mars4,mars4.me,12240.png,"{""ethereum"":""0x16CDA4028e9E872a38AcB903176719299beAed87"",""bnb"":""0x9cd9c5a44cb8fab39b2ee3556f5c439e65e4fddd""}"
12242,GRAPE,Grape Network,grape-network,grapes.network,12242.png,"{""solana"":""8upjSpvjcdpuzhfR1zriwg5NXkwDruejqNE9WNbPRtyA""}"
12252,BCOIN,Bomb Crypto (BNB),bombcrypto,bombcrypto.io,12252.png,"{""bnb"":""0x00e1656e45f18ec6747F5a8496Fd39B50b38396D""}"
12253,WOOF,WOOF,woof,woof.ventures,12253.png,"{""solana"":""9nEqaUcb16sQ3Tn1psbkWqyhPdLmfHWjKGymREjsAgTE""}"
12256,CHEQ,cheqd,cheqd,cheqd.io,12256.png,"{""ethereum"":""0x70edf1c215d0ce69e7f16fd4e6276ba0d99d4de7"",""osmosis"":""ibc/7A08C6F11EF0F59EB841B9F788A87EC9F2361C7D9703157EC13D940DC53031FA""}"
12278,PYM,Playermon,playermon,playermon.com,12278.png,"{""polygon-ecosystem-token"":""0x0bd49815ea8e2682220bcb41524c0dd10ba71d41"",""solana"":""7yF97k6jrBkb7BXJYXzmwQLQyxVirLtCSSGb75qLqAN8""}"
12294,ERTHA,Ertha,ertha,ertha.io,12294.png,"{""bnb"":""0x62823659d09F9F9D2222058878f89437425eB261""}"
12297,STSOL,Lido Staked SOL,lido-for-solana,lido.fi,12297.png,"{""solana"":""7dHbWXmci3dT8UFYWYZweBLXgycu7Y3iL6trKn1Y7ARj""}"
12306,RTM,Raptoreum,raptoreum,raptoreum.com,12306.png,{}
12312,NSDX,NASDEX,nasdex,nasdex.xyz,12312.png,"{""polygon-ecosystem-token"":""0xe8d17b127ba8b9899a160d9a07b69bca8e08bfc6"",""bnb"":""0x417871f0682db63924b931fc16ba3ff40343cdcb""}"
12319,JEWEL,DeFi Kingdoms,defi-kingdoms,defikingdoms.com,12319.png,"{""kaia"":""0x30c103f8f5a3a732dfe2dce1cc9446f545527b43"",""avalanche"":""0x997ddaa07d716995de90577c123db411584e5e46"",""harmony"":""0x72cb10c6bfa5624dd07ef608027e366bd690048f"",""metisdao"":""0x17C09cfC96C865CF546d73365Cedb6dC66986963""}"
12326,DTBX,Dotblox,chainfi,dotblox.io,12326.png,{}
12338,SHICO,ShibaCorgi,shibacorgi,shibacorgi.dog,12338.png,"{""bnb"":""0x092bbec1342afffd16cfb41b56343d5a299cdf0d""}"
12359,WOJ,Wojak Finance,wojak-finance,woj.finance,12359.png,"{""bnb"":""0x55f96c7005d7c684a65ee653b07b5fe1507c56ab""}"
12364,YCT,Youclout,youclout,youclout.com,12364.png,"{""bnb"":""0x23e3981052d5280c658e5e18d814fa9582bfbc9e""}"
12365,LOVELY,Lovely Finance [Old],lovely-inu-old,lovely.finance,12365.png,"{""ethereum"":""0x9E24415d1e549EBc626a13a482Bb117a2B43e9CF"",""bnb"":""0x9e24415d1e549ebc626a13a482bb117a2b43e9cf""}"
12387,RBN,Ribbon Finance,ribbon-finance,ribbon.finance,12387.png,"{""ethereum"":""0x6123b0049f904d730db3c36a31167d9d4121fa6b""}"
12388,DUCX,DucatusX,wrapped-ducatusx,ducatus.com,12388.png,{}
12395,MTO,Merchant Token,merchant-token,merchanttoken.org,12395.png,"{""ethereum"":""0xe66b3aa360bb78468c00bebe163630269db3324f""}"
12398,SNFT,Spain National,spain-national-fan-token,bitci.com,12398.png,"{""bitcicoin"":""0x3e6F1be54FEb9CC37dBfC31A894a8810357C3F9C""}"
12400,DEL,Decimal,decimal,decimalchain.com,12400.png,"{""ethereum"":""0xec6432B90e7fD4d9f872cc5C781f05B617DB861E"",""bnb"":""0x9cec03362d759ceca736e5918e8ba7636e2bd64e""}"
12409,WSTETH,Lido wstETH,lido-finance-wsteth,lido.fi,12409.png,"{""ethereum"":""0x7f39c581f595b53c5cb19bd0b3f8da6c935e2ca0"",""arbitrum"":""0x5979D7b546E38E414F7E9822514be443A4800529"",""polygon-ecosystem-token"":""0x03b54a6e9a984069379fae1a4fc4dbae93b3bccd"",""optimism-ethereum"":""0x1f32b1c2345538c0c6f582fcb022739c4a194ebb"",""gnosis-gno"":""0x6c76971f98945ae98dd7d4dfca8711ebea946ea6"",""base"":""0xc1CBa3fCea344f92D9239c08C0568f6F2F0ee452"",""monad"":""0x10Aeaf63194db8d453d4D85a06E5eFE1dd0b5417""}"
12410,WHACKD,WHACKD,whackd,getwhackd.org,12410.png,"{""ethereum"":""0xcf8335727b776d190f9d15a54e6b9b9348439eee""}"
12414,MRHB,MRHB DeFi Network,marhabadefi,mrhb.network,12414.png,"{""bnb"":""0xd10332818d6a9b4b84bf5d87dbf9d80012fdf913""}"
12416,PLSPAD,PulsePad,pulsepad,pulsepad.io,12416.png,"{""ethereum"":""0x8a74bc8c372bc7f0e9ca3f6ac0df51be15aec47a"",""bnb"":""0x8a74BC8c372bC7f0E9cA3f6Ac0df51BE15aEC47A"",""kucoin-token"":""0x8a74BC8c372bC7f0E9cA3f6Ac0df51BE15aEC47A"",""tron"":""TRrgCFW4VuZ7BYjKs7WByJwPosT5QCeWTE"",""velas"":""0x8a74bc8c372bc7f0e9ca3f6ac0df51be15aec47a""}"
12418,WJXN,Jax.Network,jax-network,jax.network,12418.png,"{""ethereum"":""0xca1262e77fb25c0a4112cfc9bad3ff54f617f2e6"",""bnb"":""0xca1262e77fb25c0a4112cfc9bad3ff54f617f2e6""}"
12431,SSS,StarSharks (SSS),starsharks-sss,starsharks.com,12431.png,"{""bnb"":""0xC3028FbC1742a16A5D69dE1B334cbce28f5d7EB3""}"
12432,SEA,StarSharks SEA,starsharks-sea,starsharks.com,12432.png,"{""bnb"":""0x26193C7fa4354AE49eC53eA2cEBC513dc39A10aa""}"
12436,TIME,Timeleap Finance,timeleap,timeleap.finance,12436.png,"{""polygon-ecosystem-token"":""0x5c59d7cb794471a9633391c4927ade06b8787a90""}"
12457,ZEDXION,Zedxion,zedxion,zedxion.com,12457.png,"{""ethereum"":""0xbafdabadcf19d0cfbbe0ab9c69cf050d86ff888c"",""bnb"":""0xff44967f2E4EBE0b8c5b6812f25e1b9BceC70b34"",""tron"":""TUP3g7kbaESRFRhULeA19USSrcVBEpWLVY"",""zedxion-coin"":""0x60DC0bBdd20E5c9cE0129b55299A242AefFb9Ac7""}"
12468,EQ,Equilibrium Games,eq,equilibrium-games.com,12468.png,"{""xrp"":""457175696C69627269756D000000000000000000.rpakCr61Q92abPXJnVboKENmpKssWyHpwu""}"
12485,ARW,Arowana,arowana-token,arowana.finance,12485.png,"{""arbitrum"":""0x747952a59292a9b3862f3c59664b95e8b461ef45""}"
12489,GUARD,Guardian,guardian,guardfdn.com,12489.png,"{""bnb"":""0xf606bd19b1e61574ed625d9ea96c841d4e247a32"",""polygon-ecosystem-token"":""0xB0B2Ef34D412d73b0Ff90A709D1779A20655165A"",""arbitrum"":""0xbCF339DF10d78f2b44AA760EAd0F715A7A7d7269""}"
12500,AVAI,Orca AVAI,orca-avai,avai.finance,12500.png,"{""avalanche"":""0x346A59146b9b4a77100D369a3d18E8007A9F46a6""}"
12513,DINO,Dino,dino,solanadino.com,12513.png,"{""solana"":""6Y7LbYB3tfGBG6CSkyssoxdtHb77AEMTRVXe8JUJRwZ7""}"
12525,EBSO,eBlockStock,eblockstock,blockben.com,12525.png,"{""ethereum"":""0x866f8a50a64e68ca66e97e032c5da99538b3f942""}"
12532,TC,TTcoin Network,ttcoin,ttcoin.info,12532.png,"{""bnb"":""0x659049786cB66E4486b8C0E0cCC90a5929a21162"",""tron"":""TCMwzYUUCxLkTNpXjkYSBgXgqXwt7KJ82y""}"
12537,BETA,PolyBeta Finance,polybeta-finance,polybeta.finance,12537.png,"{""polygon-ecosystem-token"":""0xaC3090B7042FCA2cDBF233022e4a9823a032600c""}"
12546,LIQ,Liquidus (old),liquidus,liquidus.finance,12546.png,"{""ethereum"":""0x5f69b7ab8f7cab199a310fd5a27b43fef44ddcc0"",""bnb"":""0xc7981767f644c7f8e483dabdc413e8a371b83079"",""polygon-ecosystem-token"":""0x4036f3d9c45a20f44f0b8b85dd6ca33005ff9654"",""cronos"":""0xABd380327Fe66724FFDa91A87c772FB8D00bE488""}"
12562,MONONOKE-INU,Mononoke Inu,mononoke-inu,mononoke-inu.com,12562.png,"{""ethereum"":""0x4da08a1bff50be96bded5c7019227164b49c2bfc""}"
12573,CPOOL,Clearpool,clearpool,clearpool.finance,12573.png,"{""ethereum"":""0x66761fa41377003622aee3c7675fc7b5c1c2fac5"",""solana"":""AeXrLftu8chuY4ctc6oDeG4dUx6Yr4aqeakUMFNvACdg""}"
12581,CZF,CZodiac Farming Token,czfarm,czodiac.com,12581.png,"{""bnb"":""0x7c1608C004F20c3520f70b924E2BfeF092dA0043""}"
12582,POKERFI,PokerFi,pokerfi,pokerfi.com.br,12582.png,"{""bnb"":""0x6bd30f2d5849a3c24042a5f012af753486ac8054""}"
12597,LIZA,Liza Coin,doge-superbowl,lizacoin.live,12597.png,"{""bnb"":""0x84a238aa527181f2354a40e9a1c4c3eb4a01bb8a"",""tron"":""TTcLFmMmgMPL95ezVVeafDQu3KEZZ8aADa""}"
12599,ASPO,ASPO World,aspo-world,aspo.world,12599.png,"{""bnb"":""0x1a9b49e9f075c37fe5f86c916bac9deb33556d7e""}"
12602,ONEFUSE,Stable Fuse,stable-fuse,ichi.org,12602.png,"{""ethereum"":""0xbbce03b2e7f53cadca93251ca4c928af01db6404""}"
12607,SLB,Solberg,solberg,solbergtoken.com,12607.png,"{""solana"":""2uRFEWRBQLEKpLmF8mohFZGDcFQmrkQEEZmHQvMUBvY7""}"
12609,SWAY,Sway Protocol,sway-social-protocol,swayprotocol.org,12609.png,"{""polygon-ecosystem-token"":""0x262b8aa7542004f023b0eb02bc6b96350a02b728""}"
12623,SD,Stader,stader,staderlabs.com,12623.png,"{""ethereum"":""0x30D20208d987713f46DFD34EF128Bb16C404D10f"",""bnb"":""0x3bc5ac0dfdc871b365d159f728dd1b9a0b5481e8"",""fantom"":""0x412a13c109ac30f0db80ad3bd1defd5d0a6c0ac6"",""polygon-ecosystem-token"":""0x1d734A02eF1e1f5886e66b0673b71Af5B53ffA94"",""near-protocol"":""30d20208d987713f46dfd34ef128bb16c404d10f.factory.bridge.near"",""aurora-near"":""0x078e103d5f9629ac48b8563fa2bfcd2f6d5fde84""}"
12649,ALA,Alanyaspor Fan Token,alanyaspor-fan-token,socios.com,12649.png,"{""solana"":""7hoDr3WJbQD25b2foZqEretHUD4fY1MWkKNp1dytnY2v"",""base"":""0x302694b3e0e21c443d55cb4bcaffe2e6ae58ee85"",""chiliz"":""0x3B60F483fe311FC063b50A67BF327F96B76696E6""}"
12650,GAIA,GAIA Everworld,gaia-everworld,gaiaworld.com,12650.png,"{""bnb"":""0x347e430b7cd1235e216be58ffa13394e5009e6e2"",""polygon-ecosystem-token"":""0x723b17718289a91af252d616de2c77944962d122""}"
12652,HANU,Hanu Yokia,goji-crypto,gojicrypto.com,12652.png,"{""ethereum"":""0x72e5390edb7727e3d4e3436451dadaff675dbcc0"",""bnb"":""0xdae4f1dca49408288b55250022f67195eff2445a"",""polygon-ecosystem-token"":""0x709a4b6217584188ddb93c82f5d716d969acce1c"",""arbitrum"":""0x7767AcA54253863102887ceb11bb23E95329dDec"",""base"":""0x80ed79ef851782Af54d7e06E6A62026233349010""}"
12653,ROCO,ROCO FINANCE,roco-finance,roco.finance,12653.png,"{""avalanche"":""0xb2a85C5ECea99187A977aC34303b80AcbDdFa208""}"
12687,LAZIO,S.S. Lazio Fan Token,lazio-fan-token,sslazio.it,12687.png,"{""bnb"":""0x77d547256a2cd95f32f67ae0313e450ac200648d""}"
12692,PKN,Poken,poken,pokmi.com,12692.png,"{""ethereum"":""0xdf09a216fac5adc3e640db418c0b956076509503"",""bnb"":""0x4b5decb9327b4d511a58137a1ade61434aacdd43""}"
12698,NINJA,Ninja Protocol,ninja-protocol,ninjaprotocol.io,12698.png,"{""solana"":""FgX1WD9WzMU3yLwXaFSarPfkgzjLb2DZCqmkx9ExpuvJ""}"
12722,CWAR,Cryowar,cryowar,cryowar.com,12722.png,"{""solana"":""HfYFjMKNZygfMC8LsQ8LtpPsPxEJoXJx4M6tqi75Hajo""}"
12728,PULSE,Pulse Predictions Market,pulse-token,pulsemarkets.org,12728.png,"{""ethereum"":""0x52a047ee205701895ee06a375492490ec9c597ce"",""near-protocol"":""52a047ee205701895ee06a375492490ec9c597ce.factory.bridge.near""}"
12743,ORE,Open Rights Exchange,ore-network,ore.network,12743.png,"{""ethereum"":""0x4f640F2529ee0cF119A2881485845FA8e61A782A"",""bnb"":""0x4EF285c8cbe52267c022c39da98b97ca4b7e2fF9"",""polygon-ecosystem-token"":""0xd52f6ca48882be8fbaa98ce390db18e1dbe1062d""}"
12749,NAKA,Nakamoto Games,nakamoto-games,nakamoto.games,12749.png,"{""polygon-ecosystem-token"":""0x311434160d7537be358930def317afb606c0d737""}"
12760,INF,Sanctum Infinity,sanctum-infinity,app.sanctum.so,12760.png,"{""solana"":""5oVNBeEEQvYi1cX3ir8Dx5n1P7pdxydbGF2X4TxVusJm""}"
12767,FODL,FODL Finance,fodl-finance,fodl.finance,12767.png,"{""ethereum"":""0x4c2e59d098df7b6cbae0848d66de2f8a4889b9c3"",""bnb"":""0x43f5b29D63ceDC5a7c1724dbB1D698FDe05Ada21"",""polygon-ecosystem-token"":""0x5314ba045a459f63906aa7c76d9f337dcb7d6995""}"
12781,XTAG,xHashtag AI,xhashtag,xhashtag.io,12781.png,"{""solana"":""5gs8nf4wojB5EXgDUWNLwXpknzgV2YWDhveAeBZpVLbp"",""avalanche"":""0x06ba3e871ae3c14026d3e8a819fb3b5f31fef1d3"",""bitcoin"":""57f1e2ba8ed8405670bc928e7a35f0810c472be2fdd6fc91748fb3d14b12d21bi0""}"
12785,CLY,Colony,colony,colonylab.io,12785.png,"{""avalanche"":""0xec3492a2508ddf4fdc0cd76f31f340b30d1793e6""}"
12787,MIN,Minswap,minswap,minswap.org,12787.png,"{""cardano"":""29d222ce763455e3d7a09a665ce554f00ac89d2e99a1a83d267170c64d494e""}"
12799,IOEN,Internet of Energy Network,internet-of-energy-network,ioen.tech,12799.png,"{""ethereum"":""0x1e4E46b7BF03ECE908c88FF7cC4975560010893A"",""bnb"":""0x033DcfeF3366772FbCDEa4f33F1D96dB8f93676B"",""polygon-ecosystem-token"":""0xd0e9c8f5Fae381459cf07Ec506C1d2896E8b5df6""}"
12810,DVK,Devikins,devikins,devikins.com,12810.png,"{""klever"":""DVK-34ZH""}"
12813,SIN,Sinverse,sincity-token,sinverse.com,12813.png,"{""bnb"":""0x6397de0f9aedc0f7a8fa8b438dde883b9c201010""}"
12814,DESU,Dexsport,dexsport,dexsport.io,12814.png,"{""bnb"":""0x32f1518baace69e85b9e5ff844ebd617c52573ac""}"
12833,MECH,Mech Master,mech-master,mechmaster.io,12833.png,"{""bnb"":""0xc7b7844494c516b840a7a4575ff3e60ff0f056a9""}"
12843,GFN,Graphene,graphene,getgraphene.io,12843.png,"{""bnb"":""0xf209ce1960fb7e750ff30ba7794ea11c6acdc1f3""}"
12851,BODAV2,BODA Token,boda-token,bodatoken.org,12851.png,"{""bnb"":""0xdc847755343c3a2b94d6afc0aae57651e1b14064""}"
12859,DOBO,DogeBonk,dogebonk,dogebonk.com,12859.png,"{""bnb"":""0xae2df9f730c54400934c06a17462c41c08a06ed8""}"
12873,KLIMA,KlimaDAO,klimadao,klimadao.finance,12873.png,"{""polygon-ecosystem-token"":""0x4e78011ce80ee02d2c3e649fb657e45898257815"",""base"":""0xdcefd8c8fcc492630b943abcab3429f12ea9fea2""}"
12885,ASTR,Astar,astar,astar.network,12885.png,"{""ethereum"":""0xF27441230EADEaC85B764610325Cc9a0D7859689"",""astar"":""0xeeeeeeeeeeeeeeeeeeeeeeeeeeeeeeeeeeeeeeee""}"
12894,SQD,Subsquid,subsquid,sqd.ai,12894.png,"{""arbitrum"":""0x1337420dED5ADb9980CFc35f8f2B054ea86f8aB1"",""base"":""0xd4554bea546efa83c1e6b389ecac40ea999b3e78"",""bnb"":""0xe50e3d1a46070444f44df911359033f2937fcc13""}"
12919,UBI,Universal Basic Income,universal-basic-income,ubi.eth.limo,12919.png,"{""ethereum"":""0xdd1ad9a21ce722c151a836373babe42c868ce9a4""}"
12924,XDOGE,XDoge Network,xdoge-network,xdoge.space,12924.png,"{""bnb"":""0x4c0415A6e340eCCebff58131799C6c4127cc39FA""}"
12942,THOR,THORSwap,thorswap,thorswap.finance,12942.png,"{""ethereum"":""0xa5f2211B9b8170F694421f2046281775E8468044""}"
12965,GGG,Good Games Guild,good-games-guild,goodgamesguild.com,12965.png,"{""bnb"":""0xd8047afecb86e44eff3add991b9f063ed4ca716b""}"
12967,GM,GoldMiner,goldminer,goldminer.games,12967.png,"{""bnb"":""0xe2604C9561D490624AA35e156e65e590eB749519""}"
12969,GARI,Gari Network,gari,gari.network,12969.png,"{""solana"":""CKaKtYvz6dKPyMvYq9Rh3UBrnNqYZAyd7iF4hJtjUvks"",""aptos"":""0x4def3d3dee27308886f0a3611dd161ce34f977a9a5de4e80b237225923492a2a::coin::T""}"
12972,DEUS,DEUS Finance,deus-finance-2,deus.finance,12972.png,"{""ethereum"":""0xde5ed76e7c05ec5e4572cfc88d1acea165109e44"",""bnb"":""0xde5ed76e7c05ec5e4572cfc88d1acea165109e44"",""fantom"":""0xde55b113a27cc0c5893caa6ee1c020b6b46650c0"",""polygon-ecosystem-token"":""0xde5ed76e7c05ec5e4572cfc88d1acea165109e44"",""base"":""0xde5ed76e7c05ec5e4572cfc88d1acea165109e44""}"
12979,SNTR,Sentre Protocol,sentre-protocol,sentre.io,12979.png,"{""solana"":""SENBBKVCM7homnf5RX9zqpf1GFe935hnbU4uVzY1Y6M""}"
12991,MTG,MagnetGold,magnet-gold,mtggold.com,12991.png,"{""bnb"":""0x68d10dfe87a838d63bbef6c9a0d0b44beb799dc1""}"
12999,SSV,ssv.network,ssv-network,ssv.network,12999.png,"{""ethereum"":""0x9D65fF81a3c488d585bBfb0Bfe3c7707c7917f54""}"
13021,MOO,Moola Market,moola-market,moola.market,13021.png,"{""celo"":""0x17700282592D6917F6A73D0bF8AcCf4D578c131e""}"
13037,MAGICK,Cosmic Universe Magick,magic,cosmicuniverse.io,13037.png,"{""avalanche"":""0x9A8E0217cD870783c3f2317985C57Bf570969153""}"
13038,STARS,StarLaunch,starlaunch,starlaunch.com,13038.png,"{""solana"":""HCgybxq5Upy8Mccihrp7EsmwwFqYZtrHrsmsKwtGXLgW""}"
13039,ZKL,zkLink,zklink,zk.link,13039.png,"{""ethereum"":""0xfc385a1df85660a7e041423db512f779070fcede"",""zklink"":""0xc967dabf591b1f4b86cfc74996ead065867af19e""}"
13051,ARC,ARC,arc,arc.ai,13051.png,"{""base"":""0x61ca70b867a48265e553a7fbb81bfe44fada7ae6"",""ethereum"":""0x672fdBA7055bddFa8fD6bD45B1455cE5eB97f499""}"
13068,COGI,COGI,9d-nft,cogi.network,13068.png,"{""bnb"":""0x6cb755c4b82e11e727c05f697c790fdbc4253957""}"
13105,WARS,MetaWars,metawars,metawars.gg,13105.png,"{""bnb"":""0x50e756a22ff5cEE3559D18B9D9576bc38F09Fa7c""}"
13118,YOSHI,Yoshi.exchange,yoshi-exchange,yoshi.exchange,13118.png,"{""ethereum"":""0x4374F26F0148a6331905eDf4cD33B89d8Eed78d1"",""bnb"":""0x4374F26F0148a6331905eDf4cD33B89d8Eed78d1"",""fantom"":""0x3dc57B391262e3aAe37a08D91241f9bA9d58b570""}"
13140,NYAN,Nyan Heroes,nyan-heroes,nyanheroes.com,13140.png,"{""solana"":""NYANpAp9Cr7YarBNrby7Xx4xU6No6JKTBuohNA3yscP""}"
13197,KNOX,KnoxDAO,knoxedge,knoxer.xyz,13197.png,"{""ethereum"":""0xe93a27d4ed64f44a2b356d78c06115e5c9d97da0"",""celo"":""0x833fD14F0FD4eaA47433A07428a46d1Ac60fA591""}"
13198,NTX,NuNet,nunet,nunet.io,13198.png,"{""ethereum"":""0xf0d33beda4d734c72684b5f9abbebf715d0a7935"",""bnb"":""0x5C4Bcc4DbaEAbc7659f6435bCE4E659314ebad87"",""cardano"":""edfd7a1d77bcb8b884c474bdc92a16002d1fb720e454fa6e993444794e5458""}"
13229,BRUSH,Paintswap (BRUSH),paintswap,paintswap.io,13229.png,"{""fantom"":""0x85dec8c4B2680793661bCA91a8F129607571863d"",""sonic"":""0xE51EE9868C1f0d6cd968A8B8C8376Dc2991BFE44""}"
13244,BEETS,Beets,beets,beets.fi,13244.png,"{""sonic"":""0x2d0e0814e62d80056181f5cd932274405966e4f0""}"
13255,REAL,Defactor,defactor,defactor.com,13255.png,"{""base"":""0x0b0E6E32E4d69cB418630163574959108EdCB80E""}"
13265,FID,Fidira,fidira,fidira.io,13265.png,"{""polygon-ecosystem-token"":""0x9A4Eb698e5DE3D3Df0a68F681789072DE1E50222""}"
13268,FLIP,Chainflip,chainflip,chainflip.io,13268.png,"{""ethereum"":""0x826180541412D574cf1336d22c0C0a287822678A""}"
13272,CREDI,Credefi,credefi,credefi.finance,13272.png,"{""ethereum"":""0xaE6e307c3Fe9E922E5674DBD7F830Ed49c014c6B"",""bnb"":""0x2235e79086dd23135119366da45851c741874e5b""}"
13276,SQUID,Squid Game (squidgametoken.vip),squid-game,squidgameholders.club,13276.png,"{""bnb"":""0xFAfb7581a65A1f554616Bf780fC8a8aCd2Ab8c9b"",""solana"":""SQUiDbpt993WzEa1WLUEgYJRtKxsQAKjoELH9xhMs3v"",""tron"":""TSjUeAj5y2p1QBX7353CKDAqHdb6gcpJhR"",""base"":""0xFAfb7581a65A1f554616Bf780fC8a8aCd2Ab8c9b""}"
13286,CORGI,CorgiCoin,corgicoin-net,corgicoin.net,13286.png,"{""bnb"":""0x450dcf93160a30be156a4600802c91bf64dffd2e""}"
13319,MENGO,Flamengo Fan Token,flamengo-fan-token,socios.com,13319.png,"{""solana"":""Hf5terE5YuL2e8um8398r6vbsiNcfvwggwUAssgAxeF3"",""base"":""0x8269c9930791b0f3339519ab742eb08413beb335"",""chiliz"":""0xBfF8FaBb04f6494fe393EB7416A698869569A310""}"
13352,DINGER,Dinger Token,dinger-token,schrodingertoken.com,13352.png,"{""ethereum"":""0x9e5bd9d9fad182ff0a93ba8085b664bcab00fa68"",""bnb"":""0x0d3843f92d622468ba67df5a6a4149b484a75af3""}"
13383,CBX,CropBytes,cropbytes,cropbytes.com,13383.png,"{""ethereum"":""0x37fc4b48ce93469dbea9918468993c735049642a""}"
13403,HWL,Howl City,howl-city,howlcity.io,13403.png,"{""bnb"":""0x549cc5df432cdbaebc8b9158a6bdfe1cbd0ba16d""}"
13425,CHAMP,NFT Champions,nft-champions,nftchampions.cc,13425.png,"{""polygon-ecosystem-token"":""0x8f9E8e833A69Aa467E42c46cCA640da84DD4585f""}"
13429,DOFI,Doge Floki Coin,doge-floki-coin,dogefloki.site,13429.png,"{""bnb"":""0xf9d6ddf44016953dbf7ab135a0f64d7a41870ede""}"
13471,OCP,Omni Consumer Protocols,omni-consumer-protocols,ocp.finance,13471.png,"{""bnb"":""0x3c70260eee0a2bfc4b375feb810325801f289fbd""}"
13485,SPY,Smarty Pay,smarty-pay,spy-token.io,13485.png,"{""bnb"":""0x17fd3caa66502c6f1cbd5600d8448f3af8f2aba1""}"
13502,WLD,Worldcoin,worldcoin-org,worldcoin.org,13502.png,"{""ethereum"":""0x163f8c2467924be0ae7b5347228cabf260318753"",""optimism-ethereum"":""0xdc6ff44d5d932cbd77b52e5612ba0529dc6226f1"",""worldcoin-org"":""0x2cFc85d8E48F8EAB294be644d9E25C3030863003""}"
13521,NUM,Numbers Protocol,numbers-protocol,numbersprotocol.io,13521.png,"{""ethereum"":""0x3496b523e5c00a4b4150d6721320cddb234c3079"",""bnb"":""0xeceb87cf00dcbf2d4e2880223743ff087a995ad9""}"
13524,SLND,Solend,solend,save.finance,13524.png,"{""solana"":""SLNDpmoWTVADgEdndyvWzroNL7zSi1dF9PC3xHGtPwp""}"
13542,SDT,Stabledoc,stabledoc,stabledoc.com,13542.png,"{""bnb"":""0x543C7eBb52D56985f63F246A5b3558AFF79037d7""}"
13567,SMRTR,SmarterCoin (SMRTr),smartcoin-farm-smrtr,smartcoin.farm,13567.png,"{""avalanche"":""0x6d923f688c7ff287dc3a5943caeefc994f97b290""}"
13571,AART,All.Art Protocol,all-art-protocol,all.art,13571.png,"{""solana"":""F3nefJBcejYbtdREjui1T9DPh5dBgpkKq7u2GAAMXs5B""}"
13606,GBD,Great Bounty Dealer,great-bounty-dealer,greatbountydealer.com,13606.png,"{""bnb"":""0xdF7434d15656809F56Dd17371b2339bAaCd9b494""}"
13631,MANTA,Manta Network,manta-network,manta.network,13631.png,"{""manta-network"":""0x95CeF13441Be50d20cA4558CC0a27B601aC544E5""}"
13632,GENE,Genopets,genopets,genopets.me,13632.png,"{""bnb"":""0x9df465460938f9EBDF51C38CC87D72184471F8F0"",""solana"":""GENEtH5amGSi8kHAtQoezp1XEXwZJ8vcuePYnXdKrMYz""}"
13636,GMCOIN,GMCoin,gmcoin,gminformatics.com,13636.png,"{""tron"":""1002357""}"
13643,CHLI,ChilliSwap,chilliswap,chilliswap.org,13643.png,"{""ethereum"":""0x12b54baA8FFcFd6679CcF1AE618ca3006cFcc2aC""}"
13663,GNS,Gains Network,gains-network,gains.trade,13663.png,"{""polygon-ecosystem-token"":""0xE5417Af564e4bFDA1c483642db72007871397896"",""arbitrum"":""0x18c11FD286C5EC11c3b683Caa813B77f5163A122"",""base"":""0xFB1Aaba03c31EA98A3eEC7591808AcB1947ee7Ac"",""megaeth"":""0x551dfe38994ec53c9e7e18084d73893225eea3bf""}"
13678,PICA,Picasso,picasso,picasso.xyz,13678.png,"{""osmosis"":""ibc/56D7C03B8F6A07AD322EEE1BEF3AE996E09D1C1E34C27CF37E0D4A0AC5972516""}"
13702,STEMX,STEMX,stemx,coin.stemx.pro,13702.png,"{""bnb"":""0x26734add0650719ea29087fe5cc0aab81b4f237d""}"
13727,SHIRYO,Shiryo,shiryo-inu,shiryoinu.com,13727.png,"{""ethereum"":""0x1E2F15302B90EddE696593607b6bD444B64e8F02""}"
13735,SDOGE,SolDoge,soldoge,soldoge.io,13735.png,"{""solana"":""8ymi88q5DtmdNTn2sPRNFkvMkszMHuLJ1e3RVdWjPa3s""}"
13751,LICO,Liquid Collectibles,liquid-collectibles,liquidcollectibles.io,13751.png,"{""bnb"":""0x4F3266a56589357B4f8082918b14B923693e57f0""}"
13768,ERW,ZeLoop Eco Reward,zeloop-eco-reward,zeloop.net,13768.png,"{""bnb"":""0x77e5cce02139814e7eff377244cac8b802cddab8""}"
13769,WMTX,World Mobile Token,world-mobile-token,worldmobile.io,13769.png,"{""base"":""0x3e31966d4f81C72D2a55310A6365A56A4393E98D"",""bnb"":""0xDBB5Cf12408a3Ac17d668037Ce289f9eA75439D7"",""solana"":""WMTXyYKUMTG3VuZA5beXuHVRLpyTwwaoP7h2i8YpuRH"",""cardano"":""e5a42a1a1d3d1da71b0449663c32798725888d2eb0843c4dabeca05a576f726c644d6f62696c65546f6b656e58"",""arbitrum"":""0xDBB5Cf12408a3Ac17d668037Ce289f9eA75439D7""}"
13783,AFRO,Afrostar,afrostar,afrostar.io,13783.png,"{""bnb"":""0x2f4e9c97aaffd67d98a640062d90e355b4a1c539""}"
13803,MNDE,Marinade,mnde,marinade.finance,13803.png,"{""solana"":""MNDEFzGvMt87ueuHvVU9VcTqsAP5b3fTGPsHuuPA5ey""}"
13808,CPOO,Cockapoo,cockapoo,cockapoo.org,13808.png,"{""bnb"":""0x71809c4ff017ceade03038a8b597ecabb6519918""}"
13827,SPE,SavePlanetEarth,saveplanetearth,saveplanetearth.io,13827.png,"{""ethereum"":""0x4b91dfa774acde7ed70e93a6438363feaaa40f54""}"
13850,SANTA,Santa Coin,santa-coin-2,santacoin.io,13850.png,"{""bnb"":""0x4F1A6FC6A7B65Dc7ebC4EB692Dc3641bE997c2F2""}"
13855,ENS,Ethereum Name Service,ethereum-name-service,ens.domains,13855.png,"{""ethereum"":""0xC18360217D8F7Ab5e7c516566761Ea12Ce7F9D72"",""solana"":""CLQsDGoGibdNPnVCFp8BAsN2unvyvb41Jd5USYwAnzAg""}"
13856,LAVA,Vulcan Forged (LAVA),vulcan-forged-lava,vulcanforged.com,13856.png,{}
13877,EEUR,e-Money EUR,e-money,e-money.com,13877.png,"{""osmosis"":""IBC/5973C068568365FFF40DEDCF1A1CB7582B6116B731CD31A12231AE25E20B871F"",""ethereum"":""0x714bfD06Da6EB24fAc379f0d9DEBFa85261bF439"",""polygon-ecosystem-token"":""0x2D27E0E31f86bd8889300E5D8148BA7b231Cf1c1""}"
13887,P2PS,P2P Solutions foundation,p2p-solutions-foundation,p2psf.org,13887.png,"{""ethereum"":""0x4527a3b4a8a150403090a99b87effc96f2195047""}"
13901,B2M,Bit2Me,bit2me,bit2me.com,13901.png,"{""ethereum"":""0xd7c302fc3ac829c7e896a32c4bd126f3e8bd0a1f"",""bnb"":""0x6e2a5ea25b161befa6a8444c71ae3a89c39933c6"",""polygon-ecosystem-token"":""0xe613a914bbb433855378183c3ab13003285da40a""}"
13914,OBT,OBT,oobit,obttoken.com,13914.png,"{""ethereum"":""0x07f9702ce093db82dfdc92c2c6e578d6ea8d5e22""}"
13943,GINZA,GINZA NETWORK,ginza-network,ginza.tech,13943.png,"{""bnb"":""0x32d7da6a7cf25ed1b86e1b0ee9a62b0252d46b16""}"
13966,SNAKES,Snakes Game,snakes-on-a-nft-game,snakes-solana.com,13966.png,"{""solana"":""FuvFLtx68uGjhr4GWET8JTskC7s3R7MM4Feg8toyzFvf""}"
13967,GFI,Goldfinch,goldfinch-protocol,goldfinch.finance,13967.png,"{""ethereum"":""0xdab396ccf3d84cf2d07c4454e10c8a6f5b008d2b""}"
13969,PHB,Phoenix,phoenix-global-new,phoenix.global,13969.png,"{""bnb"":""0x0409633A72D846fc5BBe2f98D88564D35987904D""}"
13978,METAV,MetaVPad,metavpad,metavpad.com,13978.png,"{""ethereum"":""0x62858686119135cc00C4A3102b436a0eB314D402"",""bnb"":""0x62858686119135cc00C4A3102b436a0eB314D402"",""velas"":""0x62858686119135cc00C4A3102b436a0eB314D402""}"
13987,DYOR,DYOR Token,dyor-token,dyorpro.com,13987.png,"{""bnb"":""0x10051147418c42218986cedd0adc266441f8a14f""}"
14020,SAM,Samsunspor Fan Token,samsunspor-fan-token,socios.com,14020.png,"{""solana"":""HzC7pNJ1TGZeEvXMu9mb5r3ynsvKt9VKVq3gX4bsVac5"",""base"":""0x7f2f0f3dc03b621645d29b3be369acca9c8cddbf"",""chiliz"":""0xf78e9ce916a7d6b3d4facba95b9e9b8bba5df609""}"
14027,SB,Snowbank,snowbank,snowbank.finance,14027.png,"{""avalanche"":""0x7d1232b90d3f809a54eeaeebc639c62df8a8942f""}"
14052,PORTO,FC Porto Fan Token,fc-porto,fcporto.pt,14052.png,"{""bnb"":""0x49f2145d6366099e13B10FbF80646C0F377eE7f6""}"
14101,RON,Ronin,ronin,roninchain.com,14101.png,"{""ronin"":""0xeeeeeeeeeeeeeeeeeeeeeeeeeeeeeeeeeeeeeeee""}"
14112,AQUA,Aquarius,aquarius,aqua.network,14112.png,"{""stellar"":""AQUA-GBNZILSTVQZ4R7IKQDGHYGY2QXL5QOFJYQMXPKWRRM5PAV7Y4M67AQUA""}"
14114,SA,Superalgos,superalgos,superalgos.org,14114.png,"{""bnb"":""0xfb981ed9a92377ca4d75d924b9ca06df163924fd""}"
14133,WAM,WAM,wam-app,wam.app,14133.png,"{""bnb"":""0xebbaeff6217d22e7744394061d874015709b8141"",""solana"":""7hdeo5QciUF8S2vfsx6uRJkdNVADBU3DDcXW4zjDcMin"",""multiversx-egld"":""WAM-510e42"",""cronos"":""0x5B3972297354eA7B7711dB16cd433C87Aaa766F7"",""bitcoin"":""WAMRUNESONBTC""}"
14145,RIDE,holoride,holoride,holoride.com,14145.png,"{""ethereum"":""0xf97e2a78f1f3d1fd438ff7cc3bb7de01e5945b83"",""multiversx-egld"":""RIDE-7d18e9""}"
14188,PLI,Plugin Decentralized Oracle,plugin,goplugin.co,14188.png,"{""xdc-network"":""0xff7412ea7c8445c46a8254dfb557ac1e48094391""}"
14205,WKD,Wakanda Inu,wakanda-inu,wakandainu.com,14205.png,"{""ethereum"":""0x5444c30210d8a0a156178cfb8048b4137c0d40d1"",""bnb"":""0x5344C20FD242545F31723689662AC12b9556fC3d""}"
14253,BABY,Baby Samo Coin,baby-samo-coin,babysamocoin.com,14253.png,"{""solana"":""Uuc6hiKT9Y6ASoqs2phonGGw2LAtecfJu9yEohppzWH""}"
14275,GFT,Game Fantasy Token,game-fantasy-token,starcrazy.com,14275.png,"{""iotex"":""0x17df9fbfc1cdab0f90eddc318c4f6fcada730cf2""}"
14276,ZM,ZoomSwap,zoomswap,zoomswap.io,14276.png,"{""iotex"":""0xf87aed04889a1dd0159d9c22b0d57b345ab16ddd""}"
14280,EUL,Euler,euler-finance,euler.finance,14280.png,"{""ethereum"":""0xd9fcd98c322942075a5c3860693e9f4f03aae07b"",""bnb"":""0x2117e8b79e8e176a670c9fcf945d4348556bffad"",""base"":""0xa153ad732f831a79b5575fa02e793ec4e99181b0"",""arbitrum"":""0x462cd9e0247b2e63831c3189ae738e5e9a5a4b64""}"
14299,JUNO,JUNO,juno,junonetwork.io,14299.png,"{""osmosis"":""IBC/46B44899322F3CD854D2D46DEEF881958467CDD4B3B10086DA49296BBED94BED"",""ethereum"":""0x413e8196E7D6d2C02A6BCcc46366F881017ea479"",""polygon-ecosystem-token"":""0xc6bdB9dD7F33FF11EfDD3A84b2C1c99b8CC93052"",""evmos"":""0x3452e23f9c4cc62c70b7adad699b264af3549c19""}"
14304,GMM,Gamium,gamium,gamiumexchange.com,14304.png,"{""ethereum"":""0x4B19C70Da4c6fA4bAa0660825e889d2F7eaBc279"",""bnb"":""0x5B6bf0c7f989dE824677cFBD507D9635965e9cD3""}"
14336,TRVL,TRVL (Dtravel),trvl,dtravel.com,14336.png,"{""ethereum"":""0xd47bdf574b4f76210ed503e0efe81b58aa061f3d"",""bnb"":""0x6a8Fd46F88dBD7bdC2D536C604f811C63052ce0F"",""base"":""0x74aa9bB52B36a378a6E641B86d7acb76Dc9b3940""}"
14339,CPH,Cypherium,cypherium,cypherium.io,14339.png,{}
14341,SHIBA,BitShiba,bitshiba-token,bitshiba.io,14341.png,"{""bnb"":""0xB84cBbF09b3Ed388a45cD875ebba41a20365e6e7""}"
14342,DKEY,DKEY BANK,dkey-bank,dkey.io,14342.png,"{""bnb"":""0xf3ed4770e6efe9168c3f2f50a6d9d0f97a550df1""}"
14345,BOTTO,Botto,botto,botto.com,14345.png,"{""ethereum"":""0x9dfad1b7102d46b1b197b90095b5c4e9f5845bba"",""base"":""0x24914CB6BD01E6a0CF2a9c0478e33c25926e6a0c""}"
14349,TUT,Tutellus,tutellus,tutellus.io,14349.png,"{""polygon-ecosystem-token"":""0x12a34a6759c871c4c1e8a0a42cfc97e4d7aaf68d""}"
14363,GCAKE,Pancake Games,pancake-games,pancakegames.finance,14363.png,"{""ethereum"":""0x5f944b0c4315cb7c3a846b025ab4045da44abf6c"",""bnb"":""0x61d5822dd7b3ed495108733e6550d4529480c8f6""}"
14371,IHC,Inflation Hedging Coin,inflation-hedging-coin,ihcoin.io,14371.png,"{""bnb"":""0x86a53fcd199212FEa44FA7e16EB1f28812be911D""}"
14382,KITTY,Kitty Solana,kitty-solana,kittysolana.com,14382.png,"{""solana"":""6JdcMdhqgCtcP4U9tieRqmKLhPLxRMLC67QfmdXAJBvZ""}"
14397,DCAU,Dragon Crypto Aurum,dragon-crypto-aurum,dragoncrypto.io,14397.png,"{""avalanche"":""0x100Cc3a819Dd3e8573fD2E46D1E66ee866068f30""}"
14422,HTD,HeroesTD,heroes-td,heroestd.io,14422.png,"{""bnb"":""0x5E2689412Fae5c29BD575fbe1d5C1CD1e0622A8f""}"
14446,LQR,Laqira Protocol,laqira-protocol,laqirapay.com,14446.png,"{""bnb"":""0xc4a1e7106d08b7ff947254b6d75cf2b877d55daf""}"
14449,JAIHO,JaiHo,jaiho-crypto,jaiho.technology,14449.png,{}
14452,THC,Transhuman Coin,transhuman-coin,transhumancoin.finance,14452.png,"{""bnb"":""0x56083560594E314b5cDd1680eC6a493bb851BBd8""}"
14461,SPHYNX,Sphynx Labs,sphynx-bsc,sphynxlabs.co,14461.png,"{""ethereum"":""0x1901f826dfcbfd9d3138936932366b3493a50893"",""bnb"":""0xa776f5b86cC520861F55a261515264E3bd86E72e"",""cronos"":""0xa776f5b86cC520861F55a261515264E3bd86E72e"",""bitrise-token"":""0x3f3d3A2A698AF53676CeF6ACA6Bfe6a0cE913C0C""}"
14489,CDT,CheckDot,checkdot,checkdot.io,14489.png,"{""ethereum"":""0xCdB37A4fBC2Da5b78aA4E41a432792f9533e85Cc"",""bnb"":""0x0cBD6fAdcF8096cC9A43d90B45F65826102e3eCE"",""solana"":""Ak3ovnWQnAxPSFoSNCoNYJLnJtQDCKRBH4HwhWkb6hFm"",""polygon-ecosystem-token"":""0x26c80854C36FF62BBa7414a358C8C23BBb8dEC39"",""avalanche"":""0x0cbd6fadcf8096cc9a43d90b45f65826102e3ece"",""arbitrum"":""0x0cBD6fAdcF8096cC9A43d90B45F65826102e3eCE"",""aptos"":""0xb366c7c4521277846a7fee4f3bcc92c435089537d30390d8854ca31addfbae4f::CdtCoin::CDT"",""sui"":""0x711d2704034eeb509104481a99a556f17b6b444c7fed7cfb223fd5567af843ad::cdt::CDT"",""base"":""0x0cBD6fAdcF8096cC9A43d90B45F65826102e3eCE""}"
14490,BTH,Bit Hotel,bit-hotel,bithotel.io,14490.png,"{""bnb"":""0x57bc18f6177cdaffb34ace048745bc913a1b1b54""}"
14515,MMPRO,MMPRO Token,mmpro-token,tokensale.marketmaking.pro,14515.png,"{""bnb"":""0x6067490d05f3cf2fdffc0e353b1f5fd6e5ccdf70""}"
14519,VVS,VVS Finance,vvs-finance,vvs.finance,14519.png,"{""ethereum"":""0x839e71613f9aA06E5701CF6de63E303616B0DDE3"",""cronos"":""0x2D03bECE6747ADC00E1a131BBA1469C15fD11e03""}"
14532,WCRO,Wrapped CRO,wrapped-cro,crypto.com,14532.png,"{""cronos"":""0x5C7F8A570d578ED84E63fdFA7b1eE72dEae1AE23""}"
14534,PSP,ParaSwap,paraswap,paraswap.xyz,14534.png,"{""ethereum"":""0xcafe001067cdef266afb7eb5a286dcfd277f3de5"",""bnb"":""0xcafe001067cdef266afb7eb5a286dcfd277f3de5"",""fantom"":""0xcafe001067cdef266afb7eb5a286dcfd277f3de5"",""polygon-ecosystem-token"":""0x42d61d766b85431666b39b89c43011f24451bff6"",""optimism-ethereum"":""0xd3594E879B358F430E20F82bea61e83562d49D48""}"
14540,VPAD,VLaunch,vlaunch,vlaunch.com,14540.png,"{""bnb"":""0xF574Ba6bde97cC09784e616ebAeD432b4e896B49""}"
14553,PANDA,Panda Coin,panda-coin,pandacrypto.org,14553.png,"{""solana"":""Aw8qLRHGhMcKq7rxs5XBNCd9oe3BvoAhpNMVz7AdGmty""}"
14556,BOBA,Boba Network,boba-network,boba.network,14556.png,"{""ethereum"":""0x42bbfa2e77757c645eeaad1655e0911a7553efbc"",""boba-network"":""0xa18bF3994C0Cc6E3b63ac420308E5383f53120D7""}"
14588,PEAQ,peaq,peaq,peaq.xyz,14588.png,"{""ethereum"":""0x1eef208926667594e5136e89d0e9dd6907959197"",""bnb"":""0x8b9Ee39195eA99d6ddD68030F44131116bc218F6"",""solana"":""PEAQjk7SRS6rXHVFFmpRr7zrC4g5ZuEebpwTxvaLr3b"",""base"":""0x9B56B112BbD6343a8961a093315A9A60b8cB1F36"",""peaq"":""0x0000000000000000000000000000000000000809""}"
14595,QORT,Qortal,qortal,qortal.org,14595.png,{}
14599,PWT,PANDAINU,pandainu,pandainu.io,14599.png,"{""bnb"":""0xf3eDD4f14a018df4b6f02Bf1b2cF17A8120519A2""}"
14611,RICE,Rice Wallet,rice-wallet,ricewallets.io,14611.png,"{""ethereum"":""0xa64c3a85ddc4cd351eeb7aecebc6a44a64a76392"",""bnb"":""0xcf909ef9a61dc5b05d46b5490a9f00d51c40bb28"",""polygon-ecosystem-token"":""0x60138EFCeB1F7D8e10C8Cb89bb61BbDbEeBB4Ffc"",""kardiachain"":""0xff40318cdA551BF168c7cC8B9DC004FaA07345AC""}"
14613,XSP,XSwap Protocol,xswap-protocol,xspswap.finance,14613.png,"{""xdc-network"":""0x36726235dadbdb4658d33e62a249dca7c4b2bc68""}"
14625,CRONA,CronaSwap,cronaswap,app.cronaswap.org,14625.png,"{""cronos"":""0xadbd1231fb360047525BEdF962581F3eee7b49fe""}"
14651,WCS,WeeCoins,weecoins,weecoins.com,14651.png,{}
14713,CMDX,Comdex,comdex,comdex.one,14713.png,"{""osmosis"":""IBC/EA3E1640F9B1532AB129A571203A0B9F789A7F14BB66E350DCBFA18E1A1931F0""}"
14721,REAL,RealLink,reallink,reallink.vip,14721.png,"{""bnb"":""0x65e7a112dB1142EAE919201b1232f7aA488Ed83c"",""tron"":""TGBfBt6Y2Dm3RHdNpZAdqywBsvfdysf834""}"
14745,KROM,Kromatika,kromatika,kromatika.finance,14745.png,"{""ethereum"":""0x3af33bef05c2dcb3c7288b77fe1c8d2aeba4d789"",""polygon-ecosystem-token"":""0x14Af1F2f02DCcB1e43402339099A05a5E363b83c"",""arbitrum"":""0x55ff62567f09906a85183b866df84bf599a4bf70""}"
14773,CCA,CCA Coin,cca-coin,cca-coin.com,14773.png,{}
14783,MAGIC,Treasure,magic-token,treasure.lol,14783.png,"{""ethereum"":""0xb0c7a3ba49c7a6eaba6cd4a96c55a1391070ac9a"",""arbitrum"":""0x539bdE0d7Dbd336b79148AA742883198BBF60342"",""base"":""0xf1572d1da5c3cce14ee5a1c9327d17e9ff0e3f43""}"
14803,AURORA,Aurora,aurora-near,aurora.dev,14803.png,"{""ethereum"":""0xaaaaaa20d9e0e2461697782ef11675f668207961"",""near-protocol"":""aaaaaa20d9e0e2461697782ef11675f668207961.factory.bridge.near"",""aurora-near"":""0xeeeeeeeeeeeeeeeeeeeeeeeeeeeeeeeeeeeeeeee""}"
14806,PEOPLE,ConstitutionDAO,constitutiondao,constitutiondao.com,14806.png,"{""ethereum"":""0x7a58c0be72be218b41c608b7fe7c5bb630736c71"",""solana"":""CobcsUrt3p91FwvULYKorQejgsm5HoQdv5T8RUZ6PnLA""}"
14820,IRT,Infinity Rocket Token,infinity-rocket-token,irocket.pro,14820.png,"{""bnb"":""0xcbe5bca571628894a38836b0bae833ff012f71d8""}"
14822,VR,Victoria VR,victoria-vr,victoriavr.com,14822.png,"{""ethereum"":""0x7d5121505149065b562c789a0145ed750e6e8cdd""}"
14843,SPIN,Spintop,spintop,spintop.network,14843.png,"{""bnb"":""0x6AA217312960A21aDbde1478DC8cBCf828110A67""}"
14849,CENX,Centcex,centcex,centcex.com,14849.png,"{""bnb"":""0x739e81bcd49854d7bdf526302989f14a2e7994b2""}"
14878,ALPH,Alephium,alephium,alephium.org,14878.png,"{""ethereum"":""0x590F820444fA3638e022776752c5eEF34E2F89A6"",""bnb"":""0x8683BA2F8b0f69b2105f26f488bADe1d3AB4dec8""}"
14896,TAG,Tag Protocol,tag-protocol,tagcoin.io,14896.png,"{""bnb"":""0x717fb7B6d0c3d7f1421Cc60260412558283A6ae5""}"
14899,MEX,xExchange,xexchange,xexchange.com,14899.png,"{""multiversx-egld"":""MEX-455c57""}"
14905,FLUF,Fluffy Coin,fluffy-coin,fluffycoin.org,14905.png,"{""bnb"":""0xa3abe68db1b8467b44715eb94542b20dc134f005""}"
14914,UBIT,UBIT,ubit,ubitcoin.in,14914.png,{}
14926,JSOL,JPool Staked SOL (JSOL),jpool,jpool.one,14926.png,"{""solana"":""7Q2afV64in6N6SeZsAAB81TJzwDoD6zpqmHkzi9Dcavn""}"
14928,ROY,Crypto Royale,crypto-royale,cryptoroyale.one,14928.png,"{""harmony"":""0xfe1b516a7297eb03229a8b5afad80703911e81cb"",""polygon-ecosystem-token"":""0x68EE0D0aad9e1984aF85CA224117E4D20eaF68BE"",""avalanche"":""0x68ee0d0aad9e1984af85ca224117e4d20eaf68be""}"
14950,ORO,Operon Origins,operon-origins,operonorigins.com,14950.png,"{""bnb"":""0xfc4f5a4d1452b8dc6c3cb745db15b29c00812b19""}"
14977,ML,Mintlayer,mintlayer,mintlayer.org,14977.png,"{""ethereum"":""0x059956483753947536204e89bfad909e1a434cc6""}"
15006,XMT,MetalSwap,metalswap,metalswap.finance,15006.png,"{""ethereum"":""0x3E5D9D8a63CC8a88748f229999CF59487e90721e"",""bnb"":""0x582c12b30f85162fa393e5dbe2573f9f601f9d91"",""polygon-ecosystem-token"":""0xadBe0eac80F955363f4Ff47B0f70189093908c04"",""optimism-ethereum"":""0x3E5D9D8a63CC8a88748f229999CF59487e90721e"",""linea"":""0x3E5D9D8a63CC8a88748f229999CF59487e90721e""}"
15024,EURA,Angle Protocol,angle-protocol,angle.money,15024.png,"{""ethereum"":""0x1a7e4e63778b4f12a199c062f3efdd288afcbce8"",""solana"":""CbNYA9n3927uXUukee2Hf4tm3xxkffJPPZvGazc2EAH1"",""polygon-ecosystem-token"":""0xe0b52e49357fd4daf2c15e02058dce6bc0057db4""}"
15035,KEYS,KEYS,keys-token,keys.xyz,15035.png,"{""ethereum"":""0xe0a189C975e4928222978A74517442239a0b86ff""}"
15050,MILK,Milk,milk,cashcowprotocol.com,15050.png,"{""bnb"":""0xe5bd6c5b1c2df8f499847a545838c09e45f4a262""}"
15060,RETH,Rocket Pool ETH,rocket-pool-eth,rocketpool.net,15060.png,"{""ethereum"":""0xae78736cd615f374d3085123a210448e74fc6393"",""optimism-ethereum"":""0x9bcef72be871e61ed4fbbc7630889bee758eb81d""}"
15084,SIS,Symbiosis,symbiosis-finance,symbiosis.finance,15084.png,"{""ethereum"":""0xd38BB40815d2B0c2d2c866e0c72c5728ffC76dd9"",""bnb"":""0xf98b660adf2ed7d9d9d9daacc2fb0cace4f21835"",""arbitrum"":""0x9e758b8a98a42d612b3d38b66a22074dc03d7370"",""zksync"":""0xdd9f72afed3631a6c85b5369d84875e6c42f1827"",""linea"":""0x6EF95B6f3b0F39508e3E04054Be96D5eE39eDE0d"",""scroll"":""0x1467b62A6AE5CdcB10A6a8173cfe187DD2C5a136"",""robinhood-placeholder"":""https://robinhoodchain.blockscout.com/token/0x32807d54eE1570cBA97e256c59426dD80dcD9fcF""}"
15131,EFC,Everton Fan Token,everton-fan-token,socios.com,15131.png,"{""solana"":""HomA6eCphSyYBEPEEGj8xtjehstxj1B6xE46A78HFPAb"",""base"":""0xbb8157c24e1aefa3d98120357286b9fc5f75ca53"",""chiliz"":""0xa84E55C2464563441cb4114372DF8D5aca49Fc83""}"
15134,AVL,Aston Villa Fan Token,aston-villa-fan-token,socios.com,15134.png,"{""solana"":""4o89KZs6pMf1YU2iXQcguquroJySET8rpXUz9sBG2q46"",""base"":""0x6ffa94c13a938d39159cf8847ba0e2ff5071a25c"",""chiliz"":""0x4f3a607bb2717683108865fc785badfa90094431""}"
15137,NAP,Napoli Fan Token,napoli-fan-token,socios.com,15137.png,"{""solana"":""BjXGwMnWWUkS9JrXEkkamszu4oX8oqo3kNqFr3ifNk1F"",""base"":""0x91870860d41d51263255d93afcd6cb6a2c2d9cab"",""chiliz"":""0x90593E9602b38A0D5b63d9f34AC3560798cEE7d4""}"
15140,EGAME,EVERY GAME,every-game,everygame.io,15140.png,"{""ethereum"":""0x62d3c05b9c3d916fbc111819bbd3cee52906c1ae""}"
15142,KATA,Katana Inu,katana-inu,katanainu.com,15142.png,"{""ethereum"":""0x2e85ae1C47602f7927bCabc2Ff99C40aA222aE15"",""bnb"":""0x6D6bA21E4C4b29CA7Bfa1c344Ba1E35B8DaE7205"",""base"":""0x02454a97A8372f3A760A033DBb39E67D73BD6d87""}"
15169,GENOME,GenomesDao,genomesdao,genomes.io,15169.png,"{""base"":""0x1db0c569ebb4a8b57ac01833b9792f526305e062""}"
15178,GSTS,Gunstar Metaverse,gunstar-metaverse,gunstar.io,15178.png,"{""bnb"":""0x7eDC0eC89F987ECd85617b891c44fE462a325869""}"
15185,KUJI,Kujira,kujira,kujira.network,15185.png,"{""ethereum"":""0x96543ef8d2C75C26387c1a319ae69c0BEE6f3fe7"",""osmosis"":""ibc/BB6BCDB515050BAE97516111873CCD7BCF1FD0CCB723CC12F3C4F704D6C646CE"",""arbitrum"":""0x3A18dcC9745eDcD1Ef33ecB93b0b6eBA5671e7Ca""}"
15188,RADAR,DappRadar,dappradar,dappradar.com,15188.png,"{""ethereum"":""0x44709a920fccf795fbc57baa433cc3dd53c44dbe"",""bnb"":""0x489580eB70a50515296eF31E8179fF3e77E24965"",""polygon-ecosystem-token"":""0xdCb72AE4d5dc6Ae274461d57E65dB8D50d0a33AD""}"
15193,PEX,Pexcoin,pexcoin,pexcoin.io,15193.png,"{""bnb"":""0x2963dcc52549573bbfbe355674724528532c0867""}"
15231,BB,Baby Bali,baby-bali,babybalibsc.com,15231.png,"{""bnb"":""0x16f9cc3c6f8d8006cfc0ee693cef9d76b0d44c36""}"
15241,CANDYLAD,Candylad,candylad,candylad.net,15241.png,"{""bnb"":""0x136bfcdec5db31b565052451ad806014ab9f2b38""}"
15248,SANTOS,Santos FC Fan Token,santos-fc-fan-token,santosfc.com.br,15248.png,"{""bnb"":""0xA64455a4553C9034236734FadDAddbb64aCE4Cc7""}"
15257,RISE,EverRise,everrise,everrise.com,15257.png,"{""ethereum"":""0xC17c30e98541188614dF99239cABD40280810cA3"",""bnb"":""0xC17c30e98541188614dF99239cABD40280810cA3"",""fantom"":""0xC17c30e98541188614dF99239cABD40280810cA3"",""polygon-ecosystem-token"":""0xC17c30e98541188614dF99239cABD40280810cA3"",""avalanche"":""0xC17c30e98541188614dF99239cABD40280810cA3""}"
15270,VINU,Vita Inu,vita-inu,vitainu.org,15270.png,"{""bnb"":""0xfEbe8C1eD424DbF688551D4E2267e7A53698F0aa""}"
15271,RLB,Rollbit Coin,rollbit-coin,rollbit.com,15271.png,"{""ethereum"":""0x046eee2cc3188071c02bfc1745a6b17c656e3f3d""}"
15284,SWIN,SwinCoin,swincoin,swincoin.io,15284.png,"{""bnb"":""0xe061618F0d3Df5Cb05fBF91455018f2D64074C85""}"
15286,DCT,Degree Crypto Token,degree-crypto-token,degreecrypto.com,15286.png,"{""tron"":""TRwptGFfX3fuffAMbWDDLJZAZFmP6bGfqL""}"
15288,TEM,TemplarDAO,templardao,templar.finance,15288.png,"{""bnb"":""0x19e6BfC1A6e4B042Fb20531244D47E252445df01"",""harmony"":""0xd754ae7bb55feb0c4ba6bc037b4a140f14ebe018"",""moonriver"":""0xd86e3f7b2ff4e803f90c799d702955003bca9875""}"
15312,MOOO,Hashtagger.com,hashtagger-com,hashtagger.com,15312.png,"{""bnb"":""0xa0b9bb05da11e3b19ffd64554400f59d4a378515""}"
15354,OPENX,OpenSwap Optimism Token,open-swap,app.openxswap.exchange,15354.png,"{""optimism-ethereum"":""0xc3864f98f2a61a7caeb95b039d031b4e2f55e0e9""}"
15447,LYRA,Lyra,lyra-finance,lyra.finance,15447.png,"{""ethereum"":""0x01ba67aac7f75f647d94220cc98fb30fcc5105bf"",""optimism-ethereum"":""0x50c5725949A6F0c72E6C4a641F24049A917DB0Cb""}"
15463,SIDUS,SIDUS,sidus,sidusheroes.com,15463.png,"{""ethereum"":""0x549020a9Cb845220D66d3E9c6D9F9eF61C981102"",""bnb"":""0xe62b7c22484f8b031930275d31f42b9a517fe038"",""linea"":""0xd96536b77ae5500fe850add2253bcf640e7824c1"",""base"":""0x34Be5b8C30eE4fDe069DC878989686aBE9884470""}"
15480,UMAMI,Umami Finance,umami-finance,umami.finance,15480.png,"{""arbitrum"":""0x1622bf67e6e5747b81866fe0b85178a93c7f86e3""}"
15493,MVC,Multiverse Capital,multiverse-capital,mvc.finance,15493.png,"{""bnb"":""0x80d04E44955AA9c3F24041B2A824A20A88E735a8""}"
15501,DFH,DeFiHorse,defihorse,defihorse.com,15501.png,"{""bnb"":""0x5fdAb5BDbad5277B383B3482D085f4bFef68828C""}"
15516,PINU,Pi INU,pi-inu,pi-inu.com,15516.png,"{""bnb"":""0xf03e02acbc5eb22de027ea4f59235966f5810d4f""}"
15518,KNG,Kanga Exchange Token,kanga-exchange-token,kanga.exchange,15518.png,"{""ethereum"":""0x471d113059324321749e097705197a2b44a070fc"",""polygon-ecosystem-token"":""0x17d342b29f054030a455b4191f977c3b0aa62fd9""}"
15530,EGX,Enegra (EGX),enegra-egx,enegragroup.com,15530.png,"{""polygon-ecosystem-token"":""0xA8C557c7ac1626EacAa0e80fAc7b6997346306E8""}"
15535,FLX,Flux,flux-dao,fluxprotocol.org,15535.png,"{""aurora-near"":""0xea62791aa682d455614eaa2a12ba3d9a2fd197af"",""near-protocol"":""3ea8ea4237344c9931214796d9417af1a1180770.factory.bridge.near"",""ethereum"":""0x3ea8ea4237344c9931214796d9417af1a1180770""}"
15563,RISE,Infinity Rising,cornucopias,infinityrising.com,15563.png,"{""cardano"":""31bdb2d8ed6e2623e121b6db134a1491f4252b9ea87d928eb5290026"",""base"":""0xf25620f89d0e23a8ba7b11ab3235b66268794196""}"
15565,CHEESE,CheeseSwap,cheese-swap,cheeseswap.network,15565.png,"{""bnb"":""0xb4bf64b17e270b50d00658e3c0e2fbdefabdd87b""}"
15574,UMY,KaraStar UMY,karastar-umy,karastar.com,15574.png,"{""bnb"":""0x0522ecfe37ab2bdb5d60a99e08d1e8379bd35c00""}"
15584,HEART,Humans.ai,humans-ai,humans.ai,15584.png,"{""ethereum"":""0x8FAc8031e079F409135766C7d5De29cf22EF897C"",""osmosis"":""ibc/35CECC330D11DD00FACB555D07687631E0BC7D226260CC5F015F6D7980819533""}"
15610,USTC,Terra Classic USD (Wormhole),terrausd-wormhole,wormholenetwork.com,15610.png,"{""ethereum"":""0xa693b19d2931d498c5b318df961919bb4aee87a5""}"
15617,KRRX,Kyrrex,kyrrex,kyrrex.com,15617.png,"{""tron"":""THS2ZuQowumzFPD1z3wchB1PijWMggUgmA""}"
15669,PRL,The Parallel,the-parallel,theparallel.io,15669.png,"{""bnb"":""0xd07e82440A395f3F3551b42dA9210CD1Ef4f8B24""}"
15678,VOXEL,Voxies,voxies,voxies.io,15678.png,"{""polygon-ecosystem-token"":""0xd0258a3fd00f38aa8090dfee343f10a9d4d30d3f""}"
15683,METAMUSK,Musk Metaverse,musk-metaverse,muskmetaverse.org,15683.png,"{""bnb"":""0x734c5F3f8F6ad9697b26eCC6388678aaFd3dB3B2""}"
15688,DOMI,Domi Online,domi-online,domionline.io,15688.png,"{""ethereum"":""0x45C2F8c9B4c0bDC76200448cc26C48ab6ffef83F"",""bnb"":""0xBBCA42c60b5290F2c48871A596492F93fF0Ddc82"",""avalanche"":""0xFc6Da929c031162841370af240dEc19099861d3B"",""onbeam"":""0x2d83c0dc2ef52e3dcf24541fb3eb4c0e71e58212""}"
15691,WX,WX Token,waves-exchange-token,wx.network,15691.png,"{""ethereum"":""0x934ac3fFDC82A3ABcc71C1831BdF5c766f6EE8a9"",""bnb"":""0x8445B8c4982C4BFF1BF1e4783c33E5aFe1A153D7"",""solana"":""GwUayReXTeCxyiCwqfLMSfEbeu5z4QAXfLDBjagN3hf1"",""waves"":""Atqv59EYzjFGuitKVnMRk6H8FukjoV3ktPorbEys25on""}"
15721,MCRT,MagicCraft,magiccraft,magiccraft.io,15721.png,"{""bnb"":""0x4b8285aB433D8f69CB48d5Ad62b415ed1a221e4f"",""solana"":""FADm4QuSUF1K526LvTjvbJjKzeeipP6bj5bSzp3r6ipq""}"
15733,BENT,Bent Finance,bent-finance,app.bentfinance.com,15733.png,"{""ethereum"":""0x01597e397605bf280674bf292623460b4204c375""}"
15736,LUCA,LUCA,luca,atm.network,15736.png,"{""bnb"":""0x51e6ac1533032e72e92094867fd5921e3ea1bfa0""}"
15744,PRISM,Prism,prism,prism.ag,15744.png,"{""solana"":""PRSMNsEPqhGVCH1TtWiJqPjJyh2cKrLostPZTNy1o5x""}"
15752,BLOCK,Blockasset,blockasset,blockasset.co,15752.png,"{""solana"":""NFTUkR4u7wKxy9QLaX2TGvd9oZSWoMo4jqSJqdMb7Nk"",""chiliz"":""0x33e5b3e24501774598367bc0832b52787ac39ca5""}"
15758,LMCSWAP,LimoCoin Swap,limocoin-swap,liyeplimal.net,15758.png,"{""bnb"":""0x383094a91ef2767eed2b063ea40465670bf1c83f""}"
15798,MPWR,Empower,empower,mpwr.clubrare.xyz,15798.png,"{""ethereum"":""0x6731827Cb6879a2091ce3ab3423f7bf20539b579"",""polygon-ecosystem-token"":""0x47C52F93A359dB9F4509005CF982DFc440790561"",""kaia"":""0xad27ace6f0f6cef2c192a3c8f0f3fa2611154eb3""}"
15830,GMR,GAMER,gamer,gmr.center,15830.png,"{""bnb"":""0x168e3b1746aa249a9b3603b70605924fe255ee1a"",""base"":""0xa617c0c739845B2941BD8eDD05c9F993EcC97C18""}"
15840,STT,Stamen Tellus Token,stt,monstainfinite.com,15840.png,"{""bnb"":""0x9Ee75952E3408ed7005225855aA1835D6d0023CA""}"
15841,KNIGHT,KnightSwap,knightswap,knightswap.financial,15841.png,"{""bnb"":""0xD23811058Eb6e7967D9a00dc3886E75610c4AbBa""}"
15842,ROCK,Bedrock,bedrock,bedrockswap.finance,15842.png,"{""bnb"":""0xC3387E4285e9F80A7cFDf02B4ac6cdF2476A528A""}"
15858,GCOIN,Galaxy Fight Club,galaxy-fight-club,galaxyfightclub.com,15858.png,"{""polygon-ecosystem-token"":""0x071AC29d569a47EbfFB9e57517F855Cb577DCc4C""}"
15870,LOA,League of Ancients,league-of-ancients,leagueofancients.com,15870.png,"{""bnb"":""0x94b69263FCA20119Ae817b6f783Fc0F13B02ad50""}"
15876,BOMB,Bomb Money,bomb-money,bomb.money,15876.png,"{""bnb"":""0x522348779dcb2911539e76a1042aa922f9c47ee3""}"
15893,RBC,Ruby Coin,ruby-currency,rubycoin.io,15893.png,{}
15899,LSC,Last Survivor,last-survivor,lastsurvivor.io,15899.png,"{""bnb"":""0x74e2572a1c579b4df80d57e9698098b255f23c9e""}"
15940,LUNAM,AdLunam,adlunam,adlunam.cc,15940.png,{}
15973,MEOW,MEOW,meowchain,meow.inc,15973.png,"{""ethereum"":""0x0eC78ED49C2D27b315D462d43B5BAB94d2C79bf8""}"
16007,RVC,Revenue Coin,revenue-coin,revenuecoin.io,16007.png,"{""bnb"":""0xbcbdecf8e76a5c32dba69de16985882ace1678c6""}"
16010,SILO,Silo Finance,silo-finance,silo.finance,16010.png,"{""ethereum"":""0xf0b2dd79324a66d2108c961d680f7616e1486bb0"",""arbitrum"":""0x09f569af991c730cae05a392bae6490558ef2214"",""sonic"":""0xb098AFC30FCE67f1926e735Db6fDadFE433E61db""}"
16016,POR,Portuma,portuma,portoken.com,16016.png,"{""bnb"":""0x9000Cac49C3841926Baac5b2E13c87D43e51B6a4""}"
16033,MTS,Metastrike,metastrike,metastrike.io,16033.png,"{""bnb"":""0x496cC0b4ee12Aa2AC4c42E93067484e7Ff50294b""}"
16057,GQ,Galactic Quadrant,outer-ring-mmo-gq,blinkgalaxy.com,16057.png,"{""bnb"":""0xF700D4c708C2be1463E355F337603183D20E0808""}"
16086,BTT,BitTorrent [New],bittorrent-new,bt.io,16086.png,"{""tron"":""TAFjULxiVgT4qWk6UZwjqwZXTSaGaqnVp4"",""ethereum"":""0xc669928185dbce49d2230cc9b0979be6dc797957"",""bnb"":""0x352Cb5E19b12FC216548a2677bD0fce83BaE434B""}"
16093,KUB,KUB Coin,bitkub-coin,kubchain.com,16093.png,"{""ethereum"":""0x0649Cef6D11ed6F88535462E147304d3FE5ae14D""}"
16100,CRF,Crafting Finance,crafting-finance,crafting.finance,16100.png,"{""ethereum"":""0x508df5aa4746be37b5b6a69684dfd8bdc322219d""}"
16105,CHMB,Chumbi,chumbi-valley,chumbivalley.com,16105.png,"{""bnb"":""0x5492Ef6aEebA1A3896357359eF039a8B11621b45""}"
16116,SOL,Wrapped Solana,wrapped-solana,solana.com,16116.png,"{""solana"":""So11111111111111111111111111111111111111112"",""bnb"":""0x570a5d26f7765ecb712c0924e4de545b89fd43df"",""ethereum"":""0xD31a59c85aE9D8edEFeC411D448f90841571b89c"",""terra-luna"":""terra190tqwgqx7s8qrknz6kckct7v607cu068gfujpk"",""polygon-ecosystem-token"":""0xd93f7e271cb87c23aaa73edc008a79646d1f9912"",""avalanche"":""0xFE6B19286885a4F7F55AdAD09C3Cd1f906D2478F"",""near-protocol"":""sol.token.a11bd.near"",""neon"":""0x5f38248f339bf4e84a2caf4e4c0552862dc9f82a"",""osmosis"":""ibc/1E43D59E565D41FB4E54CA639B838FFD5BCFC20003D330A56CB1396231AA1CBA"",""monad"":""0xea17E5a9efEBf1477dB45082d67010E2245217f1""}"
16121,WHALE,White Whale,white-whale,whitewhale.money,16121.png,"{""osmosis"":""ibc/EDD6F0D66BCD49C1084FB2C35353B4ACD7B9191117CE63671B61320548F7C89D""}"
16137,BTC2X-FLI,BTC 2x Flexible Leverage Index,index-coop,indexcoop.com,16137.png,"{""ethereum"":""0x0b498ff89709d3838a063f1dfa463091f9801c2b""}"
16148,FREE,FreeRossDAO,freerossdao,freerossdao.com,16148.png,"{""ethereum"":""0x4cd0c43b0d53bc318cc5342b77eb6f124e47f526""}"
16162,SFM,SafeMoon V2,safemoon-v2,safemoon.meme,16162.png,"{""solana"":""ELPrcU7qRV3DUz8AP6siTE7GkR3gkkBvGmgBRiLnC19Y""}"
16177,XUSD,xUSD Token,xusd-token,xsurge.net,16177.png,"{""bnb"":""0x324E8E649A6A3dF817F97CdDBED2b746b62553dD""}"
16185,DINGO,Dingocoin,dingocoin,dingocoin.com,16185.png,"{""bnb"":""0x9b208b117b2c4f76c1534b6f006b033220a681a4"",""solana"":""6VYF5jXq6rfq4QRgGMG6co7b1Ev1Lj7KSbHBxfQ9e1L3""}"
16193,PI,Pi [IOU],pi-iou,,16193.png,{}
16197,LUS,Luna Rush,luna-rush,lunarush.io,16197.png,"{""bnb"":""0xde301d6a2569aefcfe271b9d98f318baee1d30a4""}"
16201,DBD,Day By Day,day-by-day,daybyday.io,16201.png,"{""ethereum"":""0xa5f1dbb0e55bc31f32c6d032bee330288490e722"",""algorand"":""1131427236"",""polygon-ecosystem-token"":""0x72b9f88e822cf08b031c2206612b025a82fb303c""}"
16209,OHM,Olympus v1,olympus-v1,olympusdao.finance,16209.png,"{""ethereum"":""0x383518188c0c6d7730d91b2c03a03c837814a899""}"
16219,FBX,FireBot,firebottoken,firebot.gg,16219.png,"{""polygon-ecosystem-token"":""0xd125443f38a69d776177c2b9c041f462936f8218""}"
16230,EFT,ETH Fan Token Ecosystem,eth-fan-token,ethfan.club,16230.png,"{""bnb"":""0xB72962568345253f71A18318D67E13A282b187E6""}"
16252,ORT,Okratech Token,okratech-token,ortcoin.org,16252.png,"{""bnb"":""0x9e711221b34a2d4b8f552bd5f4a6c4e7934920f7""}"
16275,MMETA,Duckie Land,duckie-land,duckie.land,16275.png,"{""bnb"":""0x7a9c8d33963aecca9a821802adfaf5bd9392351f""}"
16279,CNG,Changer,changer,cng.vc,16279.png,"{""ethereum"":""0x5C1d9aA868a30795F92fAe903eDc9eFF269044bf""}"
16298,HBOT,Hummingbot Governance Token,hummingbot,hummingbot.org,16298.png,"{""ethereum"":""0xe5097d9baeafb89f9bcb78c9290d545db5f9e9cb""}"
16305,IZI,Izumi Finance,izumi-finance,izumi.finance,16305.png,"{""ethereum"":""0x9ad37205d608b8b219e6a2573f922094cec5c200"",""bnb"":""0x60d01ec2d5e98ac51c8b4cf84dfcce98d527c747"",""zksync"":""0x16a9494e257703797d747540f01683952547ee5b""}"
16314,CNF,CryptoNeur Network foundation,cryptoneur-network-foundation,cryptoneur.network,16314.png,"{""tron"":""TKRYQndqTdnU4Bg17gY39rooyK6CzM3ush""}"
16330,EGG,Chikn Egg,chikn-egg,chikn.farm,16330.png,"{""avalanche"":""0x7761e2338b35bceb6bda6ce477ef012bde7ae611""}"
16334,APX,APX,apollox,apollox.finance,16334.png,"{""bnb"":""0x78f5d389f5cdccfc41594abab4b0ed02f31398b3""}"
16352,GST,Green Satoshi Token (SOL),green-satoshi-token,stepn.com,16352.png,"{""solana"":""AFbX8oGjGpmVFywbVouvhQSRmiW2aR1mohfahi4Y2AdB""}"
16357,TRYC,TRYC,tryc,stoken.paribu.com,16357.png,"{""ethereum"":""0x0000000005c6b7c1fd10915a05f034f90d524d6e""}"
16360,GEAR,Gearbox Protocol,gearbox-protocol,gearbox.fi,16360.png,"{""ethereum"":""0xba3335588d9403515223f109edc4eb7269a9ab5d""}"
16363,BTCMT,Minto,minto,minto.finance,16363.png,"{""bnb"":""0x410a56541bd912f9b60943fcb344f1e3d6f09567"",""htx-token"":""0x410a56541bD912F9B60943fcB344f1E3D6F09567""}"
16385,CREAL,Celo Brazilian Real,celo-brazilian-real,celo.org,16385.png,"{""celo"":""0xe8537a3d056DA446677B9E9d6c5dB704EaAb4787""}"
16388,GOHM,Governance OHM,governance-ohm,olympusdao.finance,16388.png,"{""ethereum"":""0x0ab87046fBb341D058F17CBC4c1133F25a20a52f"",""solana"":""FUGsN8H74WjRBBMfQWcf9Kk32gebA9VnNaGxqwcVvUW7"",""terra-luna"":""terra1fpfn2kkr8mv390wx4dtpfk3vkjx9ch3thvykl3"",""arbitrum"":""0x8d9ba570d6cb60c7e3e0f31343efe75ab8e65fb1""}"
16389,UX,UX Chain,ux,ux.xyz,16389.png,"{""osmosis"":""ibc/67795E528DF67C5606FC20F824EA39A6EF55BA133F4DC79C90A8C47A0901E17C""}"
16394,SUPE,SUPE,supe,supe.com,16394.png,"{""bnb"":""0xb972c4027818223bb7b9399b3ca3ca58186e1590""}"
16399,COREUM,Coreum,coreum,coreum.com,16399.png,"{""xrp"":""434F524500000000000000000000000000000000.rcoreNywaoz2ZCQ8Lg2EbSLnGuRBmun6D"",""osmosis"":""ibc/F3166F4D31D6BA1EC6C9F5536F5DDDD4CC93DBA430F7419E7CDC41C497944A65""}"
16430,TONIC,Tectonic,tectonic,tectonic.finance,16430.png,"{""cronos"":""0xDD73dEa10ABC2Bff99c60882EC5b2B81Bb1Dc5B2""}"
16432,DOME,HumainWeb3,everdome,humainassets.ai,16432.png,"{""bnb"":""0x475bfaa1848591ae0e6ab69600f48d828f61a80e""}"
16463,SOS,OpenDAO,opendao,theopendao.com,16463.png,"{""ethereum"":""0x3b484b82567a09e2588a13d54d032153f0c0aee0"",""solana"":""6Q5fvsJ6kgAFmisgDqqyaFd9FURYzHf8MCUbpAUaGZnE""}"
16481,KASTA,Kasta,kasta,ka.app,16481.png,"{""polygon-ecosystem-token"":""0x235737dbb56e8517391473f7c964db31fa6ef280""}"
16500,SHIBDOGE,ShibaDoge,shibadoge,realshibadoge.com,16500.png,"{""ethereum"":""0x6adb2e268de2aa1abf6578e4a8119b960e02928f""}"
16516,DOM,Ancient Kingdom,ancient-kingdom,acdom.io,16516.png,"{""bnb"":""0x8c282ea9eacd1b95d44a3a18dcdd1d0472868998""}"
16517,VPND,VaporNodes,vapornodes,vapornodes.finance,16517.png,"{""avalanche"":""0x83a283641C6B4DF383BCDDf807193284C84c5342""}"
16519,MMF,MM Finance (Cronos),mm-finance,mm.finance,16519.png,"{""cronos"":""0x97749c9B61F878a880DfE312d2594AE07AEd7656""}"
16526,NMBTC,NanoMeter Bitcoin,nanometer-bitcoin,nmbtc.finance,16526.png,"{""bnb"":""0x5ddb331c3ba48a1d68cbf50dd3bc7aac407dc115""}"
16543,AVG,Avocado DAO Token,avocado-dao-token,avocadodao.io,16543.png,"{""ethereum"":""0xa41f142b6eb2b164f8164cae0716892ce02f311f"",""bnb"":""0xa41f142b6eb2b164f8164cae0716892ce02f311f""}"
16547,TRI,Trisolaris,trisolaris,trisolaris.io,16547.png,"{""aurora-near"":""0xfa94348467f64d5a457f75f8bc40495d33c65abb""}"
16607,ISA,Islander,islander,theislander.io,16607.png,"{""avalanche"":""0x3EeFb18003D033661f84e48360eBeCD181A84709""}"
16612,NOS,Nosana,nosana,nosana.io,16612.png,"{""solana"":""nosXBVoaCTtYdLvKY6Csb4AC8JCdQKKAaWYtx2ZMoo7""}"
16615,NETT,Netswap,netswap,netswap.io,16615.png,"{""metisdao"":""0x90fe084f877c65e1b577c7b2ea64b8d8dd1ab278""}"
16643,HBB,Hubble Protocol,hubble-protocol,hubbleprotocol.io,16643.png,"{""solana"":""HBB111SCo9jkCejsZfz8Ec8nH7T6THF8KEKSnvwT6XK6""}"
16671,MVS,Multiverse,multiverse-token,mvscoin.org,16671.png,"{""bnb"":""0x98Afac3b663113D29dc2Cd8C2d1d14793692F110""}"
16675,CTP,Ctomorrow Platform,ctomorrow-platform,ctomorrow.io,16675.png,"{""bnb"":""0xb850CAC12Ab85d4400db61ac78DC5Fc2418b6868""}"
16679,AOG,AgeOfGods,ageofgods,ageofgods.net,16679.png,"{""bnb"":""0x40c8225329bd3e28a043b029e0d07a5344d2c27c""}"
16690,ABEY,Abey,abeychain,abey.com,16690.png,{}
16697,BLD,Agoric,agoric,agoric.com,16697.png,"{""cosmos"":""agoric1"",""osmosis"":""ibc/2DA9C149E9AD2BD27FEFA635458FB37093C256C1A940392634A16BEA45262604""}"
16711,GTAI,GT Protocol,gt-protocol,gt-protocol.io,16711.png,"{""bnb"":""0x003d87d02A2A01E9E8a20f507C83E15DD83A33d1""}"
16727,X,X,x,x.xyz,16727.png,"{""ethereum"":""0x7f3141c4d6b047fb930991b450f1ed996a51cb26""}"
16755,HOSKY,HOSKY Token,hosky-token,hosky.io,16755.png,"{""cardano"":""a0028f350aaabe0545fdcb56b039bfb08e4bb4d8c4d7c3c7d481c235484f534b59""}"
16794,AMETA,Alpha City Meta,alpha,alphacitymeta.com,16794.png,"{""base"":""0x90eC58EF4cc9F37B96DE1e203b65bD4e6E79580E""}"
16800,JEFE,JEFE TOKEN,jefe-token,jefetoken.com,16800.png,"{""ethereum"":""0x9fd22a17b4a96da3f83797d122172c450381fb88"",""solana"":""MXKCMQiyUWgN7cEvQL4pQ8A2oLEvjkH1Tnm3BVQJEFE"",""optimism-ethereum"":""0x9fd22a17b4a96da3f83797d122172c450381fb88"",""sonic"":""0x70e7f1d907E30efb18FE1DD8A1d75c09A98177d3""}"
16807,NST,Ninja Squad Token,ninja-squad-token,ninjatraders.io,16807.png,"{""ethereum"":""0x70bef3bb2f001da2fddb207dae696cd9faff3f5d"",""arbitrum"":""0x88a269df8fe7f53e590c561954c52fccc8ec0cfb"",""solana"":""G7iK3prSzAA4vzcJWvsLUEsdCqzR7PnMzJV61vSdFSNW""}"
16817,WEGLD,Wrapped EGLD,wrapped-multiversx-egld,multiversx.com,16817.png,"{""multiversx-egld"":""WEGLD-bd4d79"",""bnb"":""0xbf7c81fff98bbe61b40ed186e4afd6ddd01337fe""}"
16819,RRT,Recovery Right Token,recovery-right-token,bitfinex.com,16819.png,{}
16821,MEAN,Mean DAO,meanfi,meanfi.com,16821.png,"{""ethereum"":""0x9b25889c493ae6df34ceef1ecb10d77c1ba73318"",""bnb"":""0x6c9297be2e3ce9c10c480a25b7157a43fd992942"",""solana"":""MEANeD3XDdUmNMsRGjASkSWdC8prLYsoRJ61pPeHctD"",""polygon-ecosystem-token"":""0x4867B60aD7C6aDc98653f661f1AEA31740986bA5""}"
16824,STARX,STARX TOKEN,starx-token,starworksglobal.com,16824.png,"{""bnb"":""0xe580D4DB885f697DE3e45cBfcbF746232b0a345e""}"
16842,STARS,Stargaze,stargaze,stargaze.zone,16842.png,"{""osmosis"":""IBC/987C17B11ABC2B20019178ACE62929FE9840202CE79498E29FE8E5CB02B7C0A4"",""bnb"":""0xc3cac4ae38ccf6985ef9039acc1abbc874ddcbb0""}"
16868,SHDW,Shadow Token,genesysgo-shadow,shdwdrive.com,16868.png,"{""solana"":""SHDWyBxihqiCj6YekG2GUr7wqKLeLAMK1gHZck9pL6y""}"
16875,TAUM,Orbitau Taureum,orbitau,orbitau.io,16875.png,"{""bnb"":""0x02e22eb7f6e73ef313dd71248cd164b1bdc5aadd""}"
16876,ALI,Artificial Liquid Intelligence,alethea-artificial-liquid-intelligence-token,aiprotocol.info,16876.png,"{""ethereum"":""0x6b0b3a982b4634ac68dd83a4dbf02311ce324181"",""solana"":""9wvorGtBJ8gyLorFTmwXWcymPoGVUBn6MRzHwFpCdCeC"",""polygon-ecosystem-token"":""0xbfc70507384047aa74c29cdc8c5cb88d0f7213ac"",""cronos"":""0x45c135c1cdce8d25a3b729a28659561385c52671"",""base"":""0x97c806e7665d3afd84a8fe1837921403d59f3dcc""}"
16882,SQR,Magic Square,magic-square,magicsquare.io,16882.png,"{""bnb"":""0x2B72867c32CF673F7b02d208B26889fEd353B1f8""}"
16893,CMFI,Compendium,compendium-finance,compendium.finance,16893.png,"{""solana"":""5Wsd311hY8NXQhkt9cWHwTnqafk7BGEbLu8Py3DSnPAr""}"
16914,METO,Metafluence,metafluence,metafluence.com,16914.png,"{""bnb"":""0xa78775bba7a542F291e5ef7f13C6204E704A90Ba""}"
16946,MCT,Metacraft,metacraft,metacraft.game,16946.png,"{""bnb"":""0xdf677713a2c661ecd0b2bd4d7485170aa8c1eceb""}"
16948,MSTR,Monsterra (MSTR),monsterra,monsterra.io,16948.png,"{""bnb"":""0x2290C6bD9560E6498dFDf10F9eCB17997CA131f2"",""avalanche"":""0xE397784960F814BA35C9Ee0BC4c9DFFdf86925f9"",""okt"":""0xE397784960F814BA35C9Ee0BC4c9DFFdf86925f9"",""cosmos"":""aura10jpl6rz59h6chrpx3edahntqthdmaemrc8eewvxge7e2hhxtltjqc2ucrm""}"
16962,XELS,XELS,xels,gxgateway.com,16962.png,"{""ethereum"":""0x397Deb686C72384FAd502A81f4d7fDb89e1f1280""}"
16975,TTM,Tradetomato,tradetomato,tradetomato.com,16975.png,"{""bnb"":""0xE356cb3eFc9CB4320b945393A10Fd71c77dc24A0""}"
16982,MCEUR,Moola Celo EUR,moola-celo-eur,moola.market,16982.png,"{""celo"":""0xE273Ad7ee11dCfAA87383aD5977EE1504aC07568""}"
16983,MCUSD,Moola Celo USD,moola-celo-usd,moola.market,16983.png,"{""celo"":""0x918146359264C492BD6934071c6Bd31C854EDBc3""}"
16996,PIP,Pip,pip,getpip.com,16996.png,"{""solana"":""HHjoYwUp5aU6pnrvN4s2pwEErwXNZKhxKGYjRJMoBjLw"",""ethereum"":""0x76ff2AB6b34142421F44A68cC8Dd08f45F9Ee2F2""}"
17000,CREO,Creo Engine,creo-engine,creoengine.com,17000.png,"{""bnb"":""0x9521728bF66a867BC65A93Ece4a543D817871Eb7"",""ethereum"":""0xe636f94a71eC52Cc61eF21787aE351AD832347B7"",""solana"":""Fg4TqUxx6E9L7Pya6fMUGzTD4s2jwSMzjrWeeBHvu7ZC""}"
17010,STEP,Step®,step,walkwithstep.io,17010.png,"{""bnb"":""0x465707181ACba42Ed01268A33f0507e320a154bD""}"
17017,VCG,VCGamers,vcgamers,vcgamers.com,17017.png,"{""ethereum"":""0x1F36FB2D91d9951Cf58aE4c1956C0b77e224F1E9"",""bnb"":""0x1F36FB2D91d9951Cf58aE4c1956C0b77e224F1E9""}"
17050,MULTI,Multichain,multichain,multichain.org,17050.png,"{""ethereum"":""0x65ef703f5594d2573eb71aaf55bc0cb548492df4"",""bnb"":""0x9Fb9a33956351cf4fa040f65A13b835A3C8764E3"",""fantom"":""0x9Fb9a33956351cf4fa040f65A13b835A3C8764E3"",""polygon-ecosystem-token"":""0x9Fb9a33956351cf4fa040f65A13b835A3C8764E3"",""arbitrum"":""0x9Fb9a33956351cf4fa040f65A13b835A3C8764E3"",""moonriver"":""0x9fb9a33956351cf4fa040f65a13b835a3c8764e3""}"
17072,MPC,Partisia Blockchain,partisia-blockchain,partisiafoundation.com,17072.png,{}
17073,FYN,Affyn,affyn,affyn.com,17073.png,"{""polygon-ecosystem-token"":""0x3B56a704C01D650147ADE2b8cEE594066b3F9421""}"
17076,WMEMO,Wonderful Memories,wrapped-memory,wonderland.money,17076.png,"{""avalanche"":""0x0da67235dd5787d67955420c84ca1cecd4e5bb3b"",""fantom"":""0xddc0385169797937066bbd8ef409b5b3c0dfeb52"",""arbitrum"":""0xecf2adaff1de8a512f6e8bfe67a2c836edb25da3"",""ethereum"":""0x3b79a28264fC52c7b4CEA90558AA0B162f7Faf57""}"
17081,LOOKS,LooksRare,looksrare,looksrare.org,17081.png,"{""ethereum"":""0xf4d2888d29d722226fafa5d9b24f9164c092421e""}"
17088,FEED,chikn feed,chikn-feed,chikn.farm,17088.png,"{""avalanche"":""0xab592d197acc575d16c3346f4eb70c703f308d1e""}"
17121,RAT,RatCoin,ratcoin-network,ratcoin.net,17121.png,"{""solana"":""ATbDjGuY7whAFtFQACzeCnyTzJdoqNQp55Aywap2pump""}"
17131,IXT,Planet IX(formerly IX token),ix-token,planetix.com,17131.png,"{""polygon-ecosystem-token"":""0xe06bd4f5aac8d0aa337d13ec88db6defc6eaeefe""}"
17145,LOKA,League of Kingdoms Arena,league-of-kingdoms,leagueofkingdoms.com,17145.png,"{""ethereum"":""0x61e90a50137e1f645c9ef4a0d3a4f01477738406""}"
17160,VYFI,VyFinance,vyfinance,vyfi.io,17160.png,"{""cardano"":""804f5544c1962a40546827cab750a88404dc7108c0f588b72964754f56594649""}"
17172,REV,Revolution,revolution,themanor.farm,17172.png,"{""bnb"":""0x276b440fdb4c54631c882cac9e4317929e751ff8""}"
17183,LUM,Lum Network,lum-network,lum.network,17183.png,"{""osmosis"":""ibc/8A34AF0C1943FD0DFCDE9ADBF0B2C9959C45E87E6088EA2FC6ADACD59261B8A2""}"
17207,GIV,Giveth,giveth,giveth.io,17207.png,"{""ethereum"":""0x900db999074d9277c5da2a43f252d74366230da0"",""solana"":""3Xi3EhKjnKAk2KTChzybUSWcLW6eAgTHyotHH1U6sJE1"",""gnosis-gno"":""0x4f4f9b8d5b4d0dc10506e5551b0513b61fd59e75"",""optimism-ethereum"":""0x528cdc92eab044e1e39fe43b9514bfdab4412b98"",""polygon"":""0xddAFB91475bBf6210a151FA911AC8fdA7dE46Ec2""}"
17208,HUAHUA,Chihuahua,chihuahua-wtf,chihuahua.wtf,17208.png,"{""osmosis"":""ibc/B9E0A1A524E98BB407D3CED8720EFEFD186002F90C1B1B7964811DD0CCC12228"",""bnb"":""0x9fD470124903957f299a1C90fEdA9043A4619cc6""}"
17215,FLAG,Flag Network,flag-network,flagnetwork.finance,17215.png,"{""bnb"":""0xa5496935a247fa81b1462e553ad139d2fd0af795""}"
17231,SNS,Synesis One,synesis-one,synesis.one,17231.png,"{""solana"":""SNSNkV9zfG5ZKWQs6x4hxvBRV6s8SqMfSGCtECDvdMd""}"
17235,BNBTIGER,BNBTiger,bnbtiger,bnbtiger.top,17235.png,"{""bnb"":""0xac68931b666e086e9de380cfdb0fb5704a35dc2d""}"
17242,UBXS,UBXS Token,ubxs,bixos.io,17242.png,"{""ethereum"":""0xfE6e6b60e441a383983eCe2139e3Ca3B3239E49E"",""bnb"":""0x4f1960E29b2cA581a38c5c474e123f420F8092db"",""fantom"":""0x4f1960E29b2cA581a38c5c474e123f420F8092db"",""polygon-ecosystem-token"":""0x4f1960E29b2cA581a38c5c474e123f420F8092db"",""avalanche"":""0x4f1960E29b2cA581a38c5c474e123f420F8092db"",""optimism-ethereum"":""0x4f1960E29b2cA581a38c5c474e123f420F8092db"",""arbitrum"":""0x4f1960E29b2cA581a38c5c474e123f420F8092db""}"
17284,DGLN,Dogelana (dogelana.com),dogelana-com,dogelana.com,17284.png,"{""solana"":""E6UU5M1z4CvSAAF99d9wRoXsasWMEXsvHrz3JQRXtm2X""}"
17285,USDS,Sperax USD,sperax-usd,sperax.io,17285.png,"{""arbitrum"":""0xd74f5255d557944cf7dd0e45ff521520002d5748""}"
17301,DIGAU,Dignity Gold,dignity-gold,dignitygold.com,17301.png,"{""ethereum"":""0x394D14D78850E516Fa5Eb88F843ef43196e136b0""}"
17306,LSR,LaserEyes,lasereyes,lsr.finance,17306.png,"{""bnb"":""0x1cb9ca00538265a22e56b758026948608ba5d86f""}"
17313,QTC,Qitcoin,qitchain-network,qitchain.net,17313.png,{}
17316,SPELLFIRE,Spellfire,spellfire-re-master-the-magic,spellfire.com,17316.png,"{""ethereum"":""0x3a0b022f32b3191d44e5847da12dc0b63fb07c91"",""bnb"":""0xd6f28f15a5cafc8d29556393c08177124b88de0d""}"
17318,CATS,CATCOIN,catcoin-token,catcoin.io,17318.png,"{""ethereum"":""0xd4b92b1700615afae333b9d16d28eb55e8e689b8"",""bnb"":""0x2f0c6e147974BfbF7Da557b88643D74C324053A2""}"
17334,JMPT,JMPT Rewards,jumptoken,jumptask.io,17334.png,"{""ethereum"":""0x420a24c9c65bd44c48bfB1cC8D6cD1ea8B1Ac840"",""bnb"":""0x88d7e9b65dc24cf54f5edef929225fc3e1580c25"",""polygon-ecosystem-token"":""0x03cf5d93ca7c70ce0a21a09f4d70779d2c66b25a"",""celo"":""0x1d18d0386f51ab03e7e84e71bda1681eba865f1f""}"
17349,QWT,QoWatt,qowatt,qowatt.network,17349.png,"{""multiversx-egld"":""QWT-46ac01""}"
17429,PUFF,Puff,puff,stonedapecrew.com,17429.png,"{""solana"":""G9tt98aYSznRk7jWsfuz9FnTdokxS6Brohdo9hSmjTRB""}"
17450,FANC,fanC,fanc,fanc.io,17450.png,"{""ethereum"":""0xbB126042235E6bD38B17744cb31a8bF4A206c045""}"
17464,STRM,StreamCoin,stream-coin,stream-coin.com,17464.png,"{""ethereum"":""0x94a7f270cd12545a277e656266aef5e27df3eb28"",""bnb"":""0xc598275452fa319d75ee5f176fd3b8384925b425"",""fantom"":""0x94a7f270cd12545a277e656266aef5e27df3eb28"",""polygon-ecosystem-token"":""0xe7879bafa6a41f919f145a97207e54839d34c9ba"",""avalanche"":""0x94a7f270cd12545a277e656266aef5e27df3eb28""}"
17468,DBC,Dhabi Coin,dhabi-coin,dhabicoin.ae,17468.png,"{""bnb"":""0x220e6a613f00c79025d5611b73639e045b186ff8""}"
17469,SINGLE,Single Finance,single-finance,singlefinance.io,17469.png,"{""cronos"":""0x0804702a4e749d39a35fde73d1df0b1f1d6b8347""}"
17479,MART,Artmeta,artmeta,artmeta.org,17479.png,"{""polygon-ecosystem-token"":""0xDcfF29b7bd211Aaef6E4a3989e4d3F732cF5b4b6""}"
17504,LIB,Librium Tech,librium-tech,librium.tech,17504.png,"{""bnb"":""0x5f2172b64a33f423bc7f0c48c23f7d3008f7e4fe""}"
17505,DLB,DiemLibre,diemlibre,diemlibre.org,17505.png,"{""ethereum"":""0x87c22615435998d69aca34889d03155b694a94fc"",""bnb"":""0x87c22615435998d69aca34889d03155b694a94fc""}"
17520,ORBR,Orbler,orbler,orbler.io,17520.png,"{""ethereum"":""0xdA30f261a962d5AAe94C9ecd170544600d193766""}"
17535,UXD,UXD Stablecoin,uxd-stablecoin,uxd.fi,17535.png,"{""solana"":""7kbnvuGBxxj8AG9qp8Scn56muWGaRaFqxg1FsRp3PaFT""}"
17543,MNFT,MongolNFT Coin,mongolnft-coin,mnftcoin.com,17543.png,"{""ethereum"":""0x3235B13708F178Af6F110dE7177ED5De10c1093d""}"
