id,symbol,name,slug,web,logo,contract
17545,CPR,Cipher,cipher-v2,cipher.com.co,17545.png,"{""polygon-ecosystem-token"":""0xaa404804ba583c025fa64c9a276a6127ceb355c6""}"
17551,DAOSOL,MonkeDAO,monkedao,daopool.monkedao.io,17551.png,"{""solana"":""GEJpt3Wjmr628FqXxTgxMce1pLntcPV4uFi8ksxMyPQh""}"
17569,MOONEY,MoonDAO,mooney,moondao.com,17569.png,"{""ethereum"":""0x20d4DB1946859E2Adb0e5ACC2eac58047aD41395"",""polygon-ecosystem-token"":""0x74ac7664abb1c8fa152d41bb60e311a663a41c7e"",""arbitrum"":""0x1Fa56414549BdccBB09916f61f0A5827f779a85c"",""base"":""0x6585a54A98fADA893904EB8A9E9CDFb927bddf39""}"
17573,RPC,Ripio Coin,ripio-coin,ripio.com,17573.png,"{""ethereum"":""0xed025a9fe4b30bcd68460bca42583090c2266468""}"
17591,NYM,NYM,nym,nym.com,17591.png,"{""ethereum"":""0x525A8F6F3Ba4752868cde25164382BfbaE3990e1"",""bnb"":""0x31d0E332ccEf98b583E40e0cEFBb7502c9a6b3f8"",""osmosis"":""ibc/37CB3078432510EE57B9AFA8DBE028B33AE3280A144826FEAC5F2334CF2C5539""}"
17601,ONI,ONINO,oni-token,onino.foundation,17601.png,"{""ethereum"":""0x822757d09a8d5db5874be7f367eafae2af32d64b"",""bnb"":""0xea89199344a492853502a7a699cc4230854451b8""}"
17607,FURY,Engines of Fury,engines-of-fury,eof.gg,17607.png,"{""bnb"":""0x0203D275D2A65030889aF45ed91D472be3948B92""}"
17610,WAMPL,Wrapped Ampleforth,wrapped-ampleforth,ampleforth.org,17610.png,"{""ethereum"":""0xedb171c18ce90b633db442f2a6f72874093b49ef""}"
17690,DIFX,Digital Financial Exchange,digital-financial-exchange,difx.com,17690.png,"{""ethereum"":""0x9792409ae27726d337af30d701ab525372495607"",""bnb"":""0x697bd938e7E572E787ecd7bC74a31f1814C21264""}"
17704,MV,GensoKishi Metaverse,gensokishis-metaverse,genso.game,17704.png,"{""ethereum"":""0xAE788F80F2756A86aa2F410C651F2aF83639B95b"",""polygon-ecosystem-token"":""0xA3c322Ad15218fBFAEd26bA7f616249f7705D945""}"
17706,AERO,Aerovek Aviation,aerovek-aviation,aerovek.com,17706.png,"{""multiversx-egld"":""AERO-458bbf""}"
17722,WALLET,Ambire Wallet,ambire-wallet,ambire.com,17722.png,"{""ethereum"":""0x88800092ff476844f74dc2fc427974bbee2794ae"",""base"":""0x0BbbEad62f7647AE8323d2cb243A0DB74B7C2b80""}"
17724,TRACE,Trace Network Labs,trace-network-labs,trace.network,17724.png,"{""ethereum"":""0x9F7fC686CfD64aA5Ae15b351d03071e91533094b"",""bnb"":""0xcAa70c638b797C99987075C5A75F2C05698F23d3"",""polygon-ecosystem-token"":""0x4287f07cbe6954f9f0decd91d0705c926d8d03a4""}"
17742,CULT,Cult DAO,cult-dao,cultdao.io,17742.png,"{""ethereum"":""0xf0f9d895aca5c8678f706fb8216fa22957685a13""}"
17743,JONES,Jones DAO,jones-dao,jonesdao.io,17743.png,"{""arbitrum"":""0x10393c20975cf177a3513071bc110f7962cd67da""}"
17751,T,Threshold,threshold,threshold.network,17751.png,"{""ethereum"":""0xCdF7028ceAB81fA0C6971208e83fa7872994beE5""}"
17769,FLX,Felix,felix-token,felixtoken.com,17769.png,"{""bnb"":""0x34e4a7454cae15990850166a8771cb8408b62a26""}"
17772,SOCA,Socaverse,socaverse,socaverse.io,17772.png,"{""bnb"":""0x6598463d6cbe4b51e9977437bf1200df4c45286c""}"
17774,INTL,Intelly,intelly,intelly.tech,17774.png,"{""bnb"":""0xe2eFe9D38e21293347018914EE1D23913EcB811c""}"
17790,STOMB,Snowtomb,snowtomb,snowtomb.com,17790.png,"{""avalanche"":""0x9e6832d13b29d0b1c1c3465242681039b31c7a05""}"
17794,PDT,ParagonsDAO,paragonsdao,,17794.png,"{""ethereum"":""0x375abb85c329753b1ba849a601438ae77eec9893"",""base"":""0xeff2a458e464b07088bdb441c21a42ab4b61e07e""}"
17799,AXL,Axelar,axelar,axelar.network,17799.png,"{""ethereum"":""0x467719aD09025FcC6cF6F8311755809d45a5E5f3"",""bnb"":""0x8b1f4432F943c465A973FeDC6d7aa50Fc96f1f65"",""polygon-ecosystem-token"":""0x6e4E624106Cb12E168E6533F8ec7c82263358940"",""avalanche"":""0x44c784266cf024a60e8acf2427b9857ace194c5d"",""arbitrum"":""0x23ee2343B892b1BB63503a4FAbc840E0e2C6810f"",""osmosis"":""ibc/903A61A498756EA560B85A85132D3AEE21B5DEDD41213725D22ABF276EA6945E"",""base"":""0x23ee2343B892b1BB63503a4FAbc840E0e2C6810f"",""optimism-ethereum"":""0x23ee2343B892b1BB63503a4FAbc840E0e2C6810f"",""mantle"":""0x23ee2343B892b1BB63503a4FAbc840E0e2C6810f"",""linea"":""0x23ee2343B892b1BB63503a4FAbc840E0e2C6810f"",""fantom"":""0x8b1f4432F943c465A973FeDC6d7aa50Fc96f1f65"",""scroll"":""0x23ee2343B892b1BB63503a4FAbc840E0e2C6810f""}"
17806,TDROP,ThetaDrop,thetadrop,thetadrop.com,17806.png,"{""theta-network"":""0x1336739b05c7ab8a526d40dcc0d04a826b5f8b03""}"
17822,REIGN,Reign of Terror,reign-of-terror,reignofterror.io,17822.png,"{""bnb"":""0xaA88FD757Fa81EbbBcE0EB1F324172d0E446093E""}"
17839,LENDA,Lenda,lenda,lenda.finance,17839.png,"{""bnb"":""0x2D7A47908d817dd359f9aBA7FEaA89c92a289c7E""}"
17861,DOGEKING,DogeKing,dogeking,dogekingcn.com,17861.png,"{""bnb"":""0x641ec142e67ab213539815f67e4276975c2f8d50""}"
17888,ABCD,Crypto Inu,crypto-inu,cabcd.org,17888.png,"{""bnb"":""0xa0cc3a881aef241d6cb3b7db3168bd26094560be""}"
17895,MARTIA,Colonize Mars,colonize-mars,thriveonmars.com,17895.png,"{""wax"":""martia"",""bnb"":""0xa4C08c4cE3a05F78f5E931673C6A45caCD4DF94C""}"
17914,NEXM,Nexum,nexum,nexum.ai,17914.png,"{""ethereum"":""0xe831F96A7a1DcE1aa2EB760b1e296c6A74CaA9d5"",""bnb"":""0xfa37E513E6cd506c4694b992825a8B614C035581"",""polygon-ecosystem-token"":""0xC88640B734fEA3b35c132Fe757AeB5ca6C8cDC66""}"
17917,RSS3,RSS3,rss3,rss3.io,17917.png,"{""ethereum"":""0xc98d64da73a6616c42117b582e832812e7b8d57f""}"
17955,ZEUM,Colizeum,colizeum,colizeum.com,17955.png,"{""ethereum"":""0x436dA116249044E8B4464F0Cf21Dd93311d88190"",""bnb"":""0x482e6bd0a178f985818c5dfb9ac77918e8412fba""}"
17960,OGY,ORIGYN,origyn-foundation,origyn.com,17960.png,"{""internet-computer"":""lkwrt-vyaaa-aaaaq-aadhq-cai""}"
17969,HON,Heroes of NFT,heroes-of-nft,heroesofnft.com,17969.png,"{""avalanche"":""0xEd2b42D3C9c6E97e11755BB37df29B6375ede3EB""}"
17972,RBT,Rubix,rubix,rubix.net,17972.png,{}
18005,KT,KingdomX,kingdomx,kingdomx.co,18005.png,"{""bnb"":""0x52da44b5e584f730005dac8d2d2acbdee44d4ba3""}"
18022,BSK-BAA025,Beskar,beskar,beskardao.org,18022.png,"{""multiversx-egld"":""BSK-baa025""}"
18031,CCD,Concordium,concordium,concordium.com,18031.png,{}
18035,DOGE-1,Doge-1 Mission to the moon,doge-1-mission-to-the-moon,doge-1mission.io,18035.png,"{""bnb"":""0x08ccac619e9c6e95d48dfd23793d722a994b95b8""}"
18037,MAV,Maverick Protocol,maverick-protocol,mav.xyz,18037.png,"{""ethereum"":""0x7448c7456a97769F6cD04F1E83A4a23cCdC46aBD"",""bnb"":""0xd691d9a68c887bdf34da8c36f63487333acfd103"",""arbitrum"":""0x7448c7456a97769F6cD04F1E83A4a23cCdC46aBD"",""zksync"":""0x787c09494Ec8Bcb24DcAf8659E7d5D69979eE508"",""base"":""0x64b88c73A5DfA78D1713fE1b4c69a22d7E0faAa7""}"
18064,PLATA,Plata Network,plata-network,multiversx.com,18064.png,"{""multiversx-egld"":""PLATA-9ba6c3""}"
18069,GMT,GMT,green-metaverse-token,stepn.com,18069.png,"{""ethereum"":""0xe3c408bd53c31c085a1746af401a4042954ff740"",""bnb"":""0x3019BF2a2eF8040C242C9a4c5c4BD4C81678b2A1"",""solana"":""7i5KKsX2weiTkry7jA4ZwSuXGhs5eJBEjY8vVxR4pfRx"",""polygon-ecosystem-token"":""0x714DB550b574b3E927af3D93E26127D15721D4C2""}"
18079,IRON,Iron Fish,iron-fish,ironfish.network,18079.png,"{""base"":""0x166e70941262ae7cbf9df5c8897a6242c546457d"",""ethereum"":""0x1b2b24bb39c20cb2cd9704b3e68f3d6a57ab3747"",""arbitrum"":""0xda4ee8a7c25bafe80e03013da7c28a063bee8d65"",""optimism-ethereum"":""0xd554d950e99e7f3b6dc3c8748cfb66ade4818206""}"
18101,NBT,NanoByte Token,nanobyte-token,nanobyte.finance,18101.png,"{""ethereum"":""0x446F2A8A39Cc730ef378Be759A3c57f1a3fE824c"",""bnb"":""0x1D3437E570e93581Bd94b2fd8Fbf202d4a65654A""}"
18109,RUBY,Ruby Play Network,ruby-play-network,rubyplaynetwork.com,18109.png,"{""bnb"":""0xf7722aA0714096f1FB5ef83e6041CEBB4d58a08e""}"
18112,ALPINE,Alpine F1 Team Fan Token,alpine-f1-team-fan-token,binance.com,18112.png,"{""bnb"":""0x287880Ea252b52b63Cc5f40a2d3E5A44aa665a76""}"
18115,SHL,Shelling,shelling,shellingcoin.com,18115.png,"{""bnb"":""0xbb689057fe1c4bfc573a54c0679ae1a7a1982f26""}"
18126,PBX,Probinex,probinex,probinex.com,18126.png,"{""bnb"":""0xa177bdd433aea3702beb46652adcfc64248d4ab3""}"
18154,METAN,Metan Evolutions,metan-evolutions,metanevolutions.com,18154.png,"{""bnb"":""0x879D239BCC0356Cf9df8c90442488bCe99554c66""}"
18172,BULT,Bullit,bullit,bullit.app,18172.png,"{""theta-network"":""0xb97c24d014cabdb8744f198a16918497effc36e5""}"
18184,BBS,BBS Network,bbs-network,bbsnetwork.io,18184.png,"{""ethereum"":""0xFe459828c90c0BA4bC8b42F5C5D44F316700B430"",""bnb"":""0xa477a79a118a84a0d371a53c8f46f8ce883ec1dd""}"
18208,KUNCI,Kunci Coin,kunci-coin,kuncicoin.com,18208.png,"{""bnb"":""0x6cf271270662be1c4fc1b7bb7d7d7fc60cc19125""}"
18218,AVDO,AvocadoCoin,avocadocoin,avocadocoin.com,18218.png,"{""solana"":""BP34pngxUAUGEYyWVQvwWhL7dx211otnegS5WeTQHLFd""}"
18236,TITI,Titi Financial,titi-financial,titicaca.finance,18236.png,"{""bnb"":""0xE618eF7C64AFedE59A81CEf16d0161c914eBab17""}"
18239,SSU,Sunny Side up,sunny-side-up,sunnysideup.finance,18239.png,"{""solana"":""AGkFkKgXUEP7ZXazza5a25bSKbz5dDpgafPhqywuQnpf""}"
18248,SOMM,Sommelier,sommelier,sommelier.finance,18248.png,"{""ethereum"":""0xa670d7237398238DE01267472C6f13e5B8010FD1"",""osmosis"":""ibc/9BBA9A1C257E971E38C1422780CE6F0B0686F0A3085E2D61118D904BFE0F5F5E""}"
18275,MSC,MetaSwap,metaswap,metaswap.cx,18275.png,"{""bnb"":""0xeacAd6c99965cDE0f31513dd72DE79FA24610767""}"
18280,B3X,Bnext Token,bnext-token,bnext.es,18280.png,{}
18323,MILO,Milo Inu,milo-inu,miloinu.io,18323.png,"{""bnb"":""0xd9de2b1973e57dc9dba90c35d6cd940ae4a3cbe1""}"
18345,QORPO,QORPO WORLD,qorpo,qorpo.world,18345.png,"{""ethereum"":""0x22514fFb0d7232a56F0c24090E7B68f179FAA940"",""bnb"":""0x22514fFb0d7232a56F0c24090E7B68f179FAA940""}"
18353,RITE,ritestream,ritestream,ritestream.io,18353.png,"{""bnb"":""0x0808Bf94d57C905F1236212654268EF82E1e594E"",""base"":""0x0808Bf94d57C905F1236212654268EF82E1e594E""}"
18386,FTRB,Faith Tribe,faith-tribe,faithtribe.io,18386.png,"{""ethereum"":""0x2596825a84888E8f24b747DF29e11b5dd03C81D7"",""polygon-ecosystem-token"":""0xC3f56d567E7663e8932E65d85ae4be7Eb5575cA7""}"
18411,TOTO,Toto Finance,tia,totofinance.com,18411.png,"{""ethereum"":""0xC214A0B73Ce4c30594B4173219e885691254801b""}"
18415,RBD,Rubidium,rubidium,wegochain.io,18415.png,{}
18515,SAFUU,Safuu,safuu,safuu.com,18515.png,"{""bnb"":""0xE5bA47fD94CB645ba4119222e34fB33F59C7CD90""}"
18520,OATH,Oath,oath,oath.eco,18520.png,"{""ethereum"":""0x6F9C26Fa731C7Ea4139Fa669962Cf8F1CE6C8b0B"",""bnb"":""0xd3c6CEEdD1Cc7bd4304F72B011d53441D631E662"",""fantom"":""0x21ada0d2ac28c3a5fa3cd2ee30882da8812279b6"",""polygon-ecosystem-token"":""0xC2C52FF5134596f5FF1b1204d3304228f2432836"",""avalanche"":""0x2c69095d81305F1e3c6ed372336D407231624CEa"",""optimism-ethereum"":""0x39FdE572a18448F8139b7788099F0a0740f51205"",""arbitrum"":""0xa1150db5105987CEC5Fd092273d1e3cbb22b378b""}"
18523,SAVAX,BENQI Liquid Staked AVAX,benqi-liquid-staked-avax,staking.benqi.fi,18523.png,"{""avalanche"":""0x2b2c81e08f1af8835a78bb2a90ae924ace0ea4be""}"
18531,WZRD,Wizardia,wizardia,wizardia.io,18531.png,"{""bnb"":""0xFa40d8FC324bcdD6Bbae0e086De886c571C225d4""}"
18579,WTRX,Wrapped TRON,wrapped-tron,tron.network,18579.png,"{""tron"":""TNUC9Qb1rRpS5CbWLmNMxXBjyFoydXjWFR""}"
18586,PACE,3space Art,3space-art,3space.art,18586.png,"{""ethereum"":""0x8Bc2bCb1b1896291942C36F3Cca3C1afA0Aaa7fd""}"
18597,TRAVEL,Travel Care,travel-care-v2,travelcare.io,18597.png,"{""bnb"":""0x826e5Ec70DbC5607fF9218011FBb97F9a8D97953""}"
18624,AZIT,Azit,azit,azit.partners,18624.png,"{""kaia"":""0x6cef6dd9a3c4ad226b8b66effeea2c125df194f1""}"
18627,CNC,Cornatto,cornatto,cornatto.com,18627.png,"{""tron"":""TL5BvThAMg9QBCvbgXu7HwHh8HqGdAq4DD""}"
18662,GALEON,Galeon,galeon,galeon.care,18662.png,"{""ethereum"":""0x478d742e1c7Ed2A8883Da95E6A5d6b41f2b8545d"",""bnb"":""0x1d0Ac23F03870f768ca005c84cBb6FB82aa884fD""}"
18679,XCN,Onyxcoin,onyxcoin,onyx.org,18679.png,"{""ethereum"":""0xA2cd3D43c775978A96BdBf12d733D5A1ED94fb18"",""bnb"":""0x7324c7C0d95CEBC73eEa7E85CbAac0dBdf88a05b"",""base"":""0x9c632e6aaa3ea73f91554f8a3cb2ed2f29605e0c"",""onyxcoin"":""0x1a0Da75ADf091a69E7285e596bB27218D77E17a9""}"
18688,STMATIC,Lido Staked Matic,lido-staked-matic,polygon.lido.fi,18688.png,"{""ethereum"":""0x9ee91F9f426fA633d227f7a9b000E28b9dfd8599"",""polygon-ecosystem-token"":""0x3A58a54C066FdC0f2D55FC9C89F0415C92eBf3C4""}"
18706,FWC,Football World Community,qatar-2022-token,fwctoken.io,18706.png,"{""bnb"":""0x6d3a160b86edcd46d8f9bba25c2f88cccade19fc"",""fantom"":""0xad5f5edaa218b45866285252cb5662cd19cab99b"",""polygon-ecosystem-token"":""0xad5f5edaa218b45866285252cb5662cd19cab99b"",""avalanche"":""0xad5f5edaa218b45866285252cb5662cd19cab99b"",""harmony"":""0xad5f5edaa218b45866285252cb5662cd19cab99b"",""arbitrum"":""0xad5f5edaa218b45866285252cb5662cd19cab99b"",""cronos"":""0xad5f5edaa218b45866285252cb5662cd19cab99b"",""ethereum"":""0xad5f5edaa218b45866285252cb5662cd19cab99b""}"
18732,ALOT,Dexalot,dexalot,dexalot.com,18732.png,"{""avalanche"":""0x093783055f9047c2bff99c4e414501f8a147bc69"",""base"":""0x9d5A383581882750Ce27F84c72f017B378eDb736"",""arbitrum"":""0x9d5A383581882750Ce27F84c72f017B378eDb736"",""bnb"":""0x9d5a383581882750ce27f84c72f017b378edb736""}"
18734,A8,Ancient8,ancient8,ancient8.gg,18734.png,"{""ethereum"":""0x3E5A19c91266aD8cE2477B91585d1856B84062dF""}"
18736,BFIC,Blockchain Foundation for Innovation & Collaboration,best-fintech-investment-coin,bficoin.io,18736.png,{}
18754,STNEAR,Staked NEAR,staked-near,metapool.app,18754.png,"{""aurora-near"":""0x07f9f7f963c5cd2bbffd30ccfb964be114332e30"",""near-protocol"":""meta-pool.near""}"
18761,LOOP,Loop Network,loopnetwork,getloop.network,18761.png,"{""bnb"":""0xcE186ad6430E2Fe494a22C9eDbD4c68794a28B35""}"
18770,GLINK,Gemlink,gemlink,gemlink.org,18770.png,{}
18774,LQ,Liqwid Finance,liqwid-finance,liqwid.finance,18774.png,"{""cardano"":""da8c30857834c6ae7203935b89278c532b3995245295456f993e1d244c51""}"
18775,WLKN,Walken,walken,walken.io,18775.png,"{""solana"":""EcQCUYv57C4V6RoPxkVUiDwtX1SP8y8FP5AEToYL8Az"",""bnb"":""0x657ef7af0fffc7ac913a0492150060935b668f2c""}"
18787,FULA,Functionland,functionland,fulanetwork.github.io,18787.png,"{""ethereum"":""0x92217cCaEDBdbc54C76c15feA18823db1558fDc9"",""iotex"":""0x9e12735d77c72c5C3670636D428f2F3815d8A4cB"",""base"":""0x9e12735d77c72c5C3670636D428f2F3815d8A4cB""}"
18795,KOMPETE,KOMPETE,kompete,kompete.game,18795.png,"{""ethereum"":""0x1E0b2992079B620AA13A7c2E7c88D2e1E18E46E9""}"
18802,DUST,Dust Protocol,dust-protocol,dustprotocol.com,18802.png,"{""ethereum"":""0xB5b1b659dA79A2507C27AaD509f15B4874EDc0Cc"",""solana"":""DUSTawucrTsGU8hcqRdHDCbuYhCPADMLM2VcCb8VnFnQ"",""polygon-ecosystem-token"":""0x4987A49C253c38B3259092E9AAC10ec0C7EF7542""}"
18818,LSWAP,LoopSwap,loopswap,loopswap.app,18818.png,"{""bnb"":""0x3f8a14f5a3ee2f4a3ed61ccf5eea3c9535c090c8""}"
18852,USDC.E,USD Coin Bridged,usd-coin-bridged-usdc-e,circle.com,18852.png,"{""avalanche"":""0xa7d7079b0fead91f3e65f86e8915cb59c1a4c664"",""moonriver"":""0x748134b5f553f2bcbd78c6826de99a70274bdeb3"",""arbitrum"":""0xFF970A61A04b1cA14834A43f5dE4533eBDDB5CC8"",""polygon-ecosystem-token"":""0x2791bca1f2de4661ed88a30c99a7a9449aa84174"",""optimism-ethereum"":""0x7f5c764cbc14f9669b88837ca1490cca17c31607"",""saakuru-protocol"":""0x739222d8a9179fe05129c77a8fa354049c088caa"",""zksync"":""0x3355df6d4c9c3035724fd0e3914de96a5a83aaf4"",""use-corn"":""0xdf0b24095e15044538866576754f3c964e902ee6"",""somnia"":""0x28bec7e30e6faee657a03e19bf1128aad7632a00"",""kite"":""0x7aB6f3ed87C42eF0aDb67Ed95090f8bF5240149e"",""wemix"":""0x44bB111010DfFfb3695F9a1B66aa879976199e7b"",""anubis"":""0x7dd9c7cbc32df500fa3c06fd60cd62c4e97b2eef"",""onyxcoin"":""0xC8410270bb53f6c99A2EFe6eD3686a8630Efe22B""}"
18876,APE,ApeCoin,apecoin-ape,apecoin.com,18876.png,"{""ethereum"":""0x4d224452801aced8b2f0aebe155379bb5d594381"",""bnb"":""0x8f86a15EC17cb3369d8b3E666dAdBC11daA82b79"",""apecoin-ape"":""0xeeeeeeeeeeeeeeeeeeeeeeeeeeeeeeeeeeeeeeee"",""robinhood-placeholder"":""0x8f86a15ec17cb3369d8b3e666dadbc11daa82b79""}"
18895,MBX,MARBLEX,marblex,marblex.io,18895.png,"{""kaia"":""0xd068c52d81f4409b9502da926ace3301cc41f623"",""bnb"":""0xF95a5532D67C944dfa7EDDD2f8c358Fe0dc7FAc2"",""aptos"":""0x665d06fcd9c94430099f82973f2a5e5f13142e42fa172e72ce14f51a64bd8ad9::coin_mbx::MBX""}"
18897,THT,Thought,thought,thought.live,18897.png,{}
18900,CRBRUS,Cerberus,cerberus,cerberus.zone,18900.png,"{""osmosis"":""ibc/41999DF04D9441DAC0DF5D8291DF4333FBCBA810FFD63FDCE34FDF41EF37B6F7""}"
18913,MDAO,MarsDAO,marsdao,daomars.com,18913.png,"{""bnb"":""0x60322971a672b81bcce5947706d22c19daecf6fb""}"
18919,QOM,Shiba Predator,shiba-predator,qompredator.finance,18919.png,"{""ethereum"":""0xa71d0588EAf47f12B13cF8eC750430d21DF04974""}"
18923,KRO,Krogan,krogan,krogancoin.com,18923.png,"{""multiversx-egld"":""KRO-df97ec""}"
18934,STG,Stargate Finance,stargate-finance,stargate.finance,18934.png,"{""ethereum"":""0xaf5191b0de278c7286d6c7cc6ab6bb8a73ba2cd6"",""bnb"":""0xb0d502e938ed5f4df2e681fe6e419ff29631d62b"",""avalanche"":""0x2F6F07CDcf3588944Bf4C42aC74ff24bF56e7590"",""polygon-ecosystem-token"":""0x2f6f07cdcf3588944bf4c42ac74ff24bf56e7590"",""fantom"":""0x2f6f07cdcf3588944bf4c42ac74ff24bf56e7590"",""arbitrum"":""0x6694340fc020c5e6b96567843da2df01b2ce1eb6""}"
18938,MEME,Memeverse,memeverse,memetowers.com,18938.png,"{""bnb"":""0xE932902b2f8B7d4959A311b16B2672501C42b3F7""}"
18966,MAY,Mayflower AI,mayflower-ai,mayflower.fyi,18966.png,"{""solana"":""FJz7ptUR1FwxSHbb8Sfd5Cn6Zt4TqucJZKLqU4n66gdq"",""kaia"":""0xe06597d02a2c3aa7a9708de2cfa587b128bd3815""}"
18978,ITHEUM,Itheum,itheum,itheum.io,18978.png,"{""solana"":""iTHSaXjdqFtcnLK4EFEs7mqYQbJb6B7GostqWbBQwaV"",""multiversx-egld"":""ITHEUM-df6f26""}"
18979,TARO,Taroverse,taroverse,taroverse.com,18979.png,"{""bnb"":""0x424aa711301c82252ecCaccF01301aD7Ad7b5D40""}"
18995,XX,xx network,xx-network,xx.network,18995.png,"{""ethereum"":""0x171120219d3223e008558654ec3254a0f206edb2""}"
19004,IRENA,Irena Coin Apps,irena-green-energy,irenamining.com,19004.png,"{""bnb"":""0x9eeB6c5ff183E6001c65a12D70026b900AE76781""}"
19006,RADIO,RadioShack,radioshack,radioshack.org,19006.png,"{""ethereum"":""0x7a5d3A9Dcd33cb8D527f7b5F96EB4Fef43d55636"",""bnb"":""0x30807D3b851A31d62415B8bb7Af7dCa59390434a"",""fantom"":""0xf899e3909B4492859d44260E1de41A9E663e70F5"",""polygon-ecosystem-token"":""0x613a489785C95afEB3b404CC41565cCff107B6E0"",""avalanche"":""0x02Bfd11499847003De5f0F5AA081C43854d48815"",""celo"":""0xf899e3909B4492859d44260E1de41A9E663e70F5"",""optimism-ethereum"":""0xf899e3909B4492859d44260E1de41A9E663e70F5"",""arbitrum"":""0xf899e3909b4492859d44260e1de41a9e663e70f5"",""cronos"":""0xf899e3909B4492859d44260E1de41A9E663e70F5"",""aurora-near"":""0x6865bc167016EC79C89b03fce536f0c4BAE0EEda"",""dogecoin"":""0x4e2a57A8ffE65F794e9A32637Bc67b502fFc84C6""}"
19018,CHO,Choise.ai,choise,choise.ai,19018.png,"{""ethereum"":""0xBBa39Fd2935d5769116ce38d46a71bde9cf03099"",""solana"":""59McpTVgyGsSu5eQutvcKLFu7wrFe3ZkE2qdAi3HnvBn"",""bnb"":""0x6cf8e39252bee00d168bd25bdf5834347d78e346""}"
19026,SHIBKILLER,ShibKiller,shibkiller,shibkiller.io,19026.png,"{""bnb"":""0x9f5e3c8e95336cea51481f8cb02027b3c5a523a9""}"
19034,SPACEPI,SpacePi,spacepi,space-pi.com,19034.png,"{""bnb"":""0x69b14e8D3CEBfDD8196Bfe530954A0C226E5008E""}"
19046,QWLA,Qawalla,qawalla,qwla.io,19046.png,"{""ethereum"":""0x1D96Fd43EE07Aa79f8Fd003cbdF404fb5ce41AD2"",""polygon-ecosystem-token"":""0x4fafad147c8cd0e52f83830484d164e960bdc6c3"",""base"":""0x55365c9E68E70122020184F4441B498E8bf06AC6""}"
19055,ACN,AITECH Cloud Network,solidus-ai-tech,aitech.io,19055.png,"{""ethereum"":""0x3e76dd57E649A263a532cC9bcC58b32A065fB2a4""}"
19063,MEV,MEVerse,meverse,meverse.sg,19063.png,"{""meverse"":""0xef3432f1d54ec559613f44879fef8a7866da3e07""}"
19075,OMI,ECOMI,ecomi-new,ecomi.notion.site,19075.png,"{""ethereum"":""0xeD35af169aF46a02eE13b9d79Eb57d6D68C1749e"",""base"":""0x3792DBDD07e87413247DF995e692806aa13D3299""}"
19081,WIOTX,Wrapped IoTeX,wrapped-iotex,iotex.io,19081.png,"{""iotex"":""0xa00744882684c3e4747faefd68d283ea44099d03""}"
19091,H2O,H2O DAO,h2o-dao,h2o.homes,19091.png,"{""bnb"":""0xaf3287cae99c982586c07401c0d911bf7de6cd82""}"
19107,RATS,Ratscoin,ratscoin,ratscoin.io,19107.png,"{""bnb"":""0x57b798d2252557f13a9148a075a72816f2707356""}"
19111,BOOT,Bostrom,bostrom,cyb.ai,19111.png,"{""osmosis"":""ibc/FE2CD1E6828EC0FAB8AF39BAC45BC25B965BA67CCBC50C13A14BD610B0D1E2C4""}"
19116,SEBA,Seba,seba,sebatoken.com,19116.png,"{""bnb"":""0xd15d3baf3f40988810c5f9da54394ffb5246ded6""}"
19117,CRYN,CRYN,cryn,cryncoin.io,19117.png,"{""ethereum"":""0xc31cebf8f9e825d1d1244d73d0a65e44bd5210db""}"
19118,LMR,Lumerin,lumerin,lumerin.io,19118.png,"{""ethereum"":""0x4b1d0b9f081468d780ca1d5d79132b64301085d1"",""arbitrum"":""0x0FC0c323Cf76E188654D63D62e668caBeC7a525b""}"
19131,ATR,Artrade,artrade,artrade.app,19131.png,"{""solana"":""ATRLuHph8dxnPny4WSNW7fxkhbeivBrtWbY6BfB4xpLj""}"
19148,ECOIN,Ecoin Finance,e-coin-finance-new,ecoinfinance.org,19148.png,"{""bnb"":""0x7d38315b92d0e7a85b35b2b7fe969b25935619d7""}"
19154,GYMNET,Gym Network,gym-network,gymnetwork.io,19154.png,"{""bnb"":""0x0012365F0a1E5F30a5046c680DCB21D07b15FcF7""}"
19164,ASTO,Altered State Token,altered-state-token,alteredstatemachine.xyz,19164.png,"{""ethereum"":""0x823556202e86763853b40e9cDE725f412e294689""}"
19184,WFUSE,Wrapped Fuse,wrapped-fuse-network,fuse.io,19184.png,"{""fuse-network"":""0x0BE9e53fd7EDaC9F859882AfdDa116645287C629""}"
19191,DOLA,DOLA,inverse-finance-dola-stablecoin,inverse.finance,19191.png,"{""ethereum"":""0x865377367054516e17014CcdED1e7d814EDC9ce4"",""bnb"":""0x2f29bc0ffaf9bff337b31cbe6cb5fb3bf12e5840"",""fantom"":""0x3129662808bec728a27ab6a6b9afd3cbaca8a43c"",""polygon-ecosystem-token"":""0xbc2b48bc930ddc4e5cfb2e87a45c379aab3aac5c"",""optimism-ethereum"":""0x8aE125E8653821E851F12A49F7765db9a9ce7384"",""arbitrum"":""0x6a7661795c374c0bfc635934efaddff3a7ee23b6"",""base"":""0x4621b7a9c75199271f773ebd9a499dbd165c3191""}"
19214,VITA,VitaDAO,vitadao,vitadao.com,19214.png,"{""ethereum"":""0x81f8f0bb1cB2A06649E51913A151F0E7Ef6FA321""}"
19216,BRWL,Blockchain Brawlers,blockchain-brawlers,bcbrawlers.com,19216.png,"{""ethereum"":""0x4086e77c5e993fdb90a406285d00111a974f877a"",""wax"":""bcbrawlers""}"
19225,HERA,Hera Finance,hera-finance,hera.finance,19225.png,"{""ethereum"":""0xA2c2C937333165d4c5f2dC5f31a43E1239FeCfeB"",""metisdao"":""0x6F05709bc91Bad933346F9E159f0D3FdBc2c9DCE""}"
19236,GULF,Gulf Coin,gulf-coin,gulfofficial.com,19236.png,"{""bnb"":""0x7597Bdccf10e41bCCC374A6a0104cF430C420884""}"
19259,LOLCAT,lolcat,catpay,lolcat.club,19259.png,"{""solana"":""Dt6vESocrRixuFz2taZunygpKcNQwxAjUMgYUxvNpump""}"
19268,PLY,Aurigami,aurigami,aurigami.finance,19268.png,"{""ethereum"":""0x1ab43204a195a0fd37edec621482afd3792ef90b"",""aurora-near"":""0x09c9d464b58d96837f8d8b6f4d9fe4ad408d3a4f"",""near-protocol"":""1ab43204a195a0fd37edec621482afd3792ef90b.factory.bridge.near""}"
19269,COW,CoW Protocol,cow-protocol,cow.fi,19269.png,"{""ethereum"":""0xDEf1CA1fb7FBcDC777520aa7f396b4E015F497aB"",""gnosis-gno"":""0x177127622c4A00F3d409B75571e12cB3c8973d3c"",""arbitrum"":""0xcb8b5cd20bdcaea9a010ac1f8d835824f5c87a04"",""base"":""0xc694a91e6b071bf030a18bd3053a7fe09b6dae69""}"
19294,XRPAYNET,XRPayNet,xrpaynet,xrpaynet.com,19294.png,"{""xrp"":""58525061794E6574000000000000000000000000.r9rRLst96Ue4YTDQkWWkX1ePB6p6Ye4FkA""}"
19331,SUPER,PeerMe,superciety,peerme.io,19331.png,"{""multiversx-egld"":""SUPER-507aa6""}"
19366,CZUSD,CZUSD,czodiac-stabletoken,czodiac.com,19366.png,"{""bnb"":""0xe68b79e51bf826534ff37aa9cee71a3842ee9c70""}"
19369,WADA,Wrapped Cardano,wrapped-cardano,cardano.org,19369.png,"{""cronos"":""0x0e517979c2c1c1522ddb0c73905e0d39b3f990c0"",""velas"":""0x3611fbfb06ffbcef9afb210f6ace86742e6c14a4""}"
19393,CROGE,Crogecoin,crogecoin,crogecoin.com,19393.png,"{""bnb"":""0xfae8e64cdde73550e7d7f0469557a33a417b2868"",""cronos"":""0xC4a174cCb5fb54a6721e11e0Ca961e42715023F9""}"
19400,PANDA,Panda DAO,pandadao,pandadao.info,19400.png,"{""ethereum"":""0x3cbb7f5d7499af626026e96a2f05df806f2200dc""}"
19413,FGD,Freedom God Dao,freedom-god-dao,fgd.ai,19413.png,"{""bnb"":""0x0566B9a8fFb8908682796751EEd00722da967Be0""}"
19424,FPIS,Frax Price Index Share,frax-price-index-share,app.frax.finance,19424.png,"{""ethereum"":""0xc2544a32872a91f4a553b404c6950e89de901fdb"",""bnb"":""0xD1738eB733A636d1b8665f48bC8a24dA889c2562"",""optimism-ethereum"":""0x8368Dca5CE2a4Db530c0F6e535d90B6826428Dee"",""arbitrum"":""0x3405E88af759992937b84E58F2Fe691EF0EeA320"",""frax-share"":""0xfc00000000000000000000000000000000000004""}"
19425,FPI,Frax Price Index,frax-price-index,app.frax.finance,19425.png,"{""ethereum"":""0x5ca135cb8527d76e932f34b5145575f9d8cbe08e"",""bnb"":""0x2Dd1B4D4548aCCeA497050619965f91f78b3b532"",""optimism-ethereum"":""0xC5d43A94e26fCa47A9b21CF547ae4AA0268670E1"",""arbitrum"":""0x1B01514A2B3CdEf16fD3c680a818A0Ab97Da8a09"",""frax-share"":""0xFc00000000000000000000000000000000000003""}"
19427,WOOP,WOOP,woop,bohemia.gallery,19427.png,"{""solana"":""A3HyGZqe451CBesNqieNPfJ4A9Mu332ui8ni6dobVSLB""}"
19470,CKC,ChikinCoin,chikincoin,chikin.run,19470.png,"{""solana"":""8s9FCz99Wcr3dHpiauFRi6bLXzshXfcGTfgQE7UEopVx""}"
19476,TIFI,TiFi Token,tifi-token,tifi.net,19476.png,"{""bnb"":""0x17E65E6b9B166Fb8e7c59432F0db126711246BC0""}"
19511,PDX,PDX Coin,pdx-coin,pdxcoin.io,19511.png,"{""ethereum"":""0x5F49EC0a40f09F59c5135B03B835e0f63c7D8420""}"
19518,TOTEM,DragonMaster,dragonmaster,dragonmaster.co,19518.png,"{""polygon-ecosystem-token"":""0x1aDCef5c780d8895AC77E6Ee9239B4b3eCb76DA2""}"
19519,BRN,BRN Metaverse,brn-metaverse,brnmetaverse.net,19519.png,"{""bnb"":""0x926ecC7687fCFB296E97a2b4501F41A6f5F8C214""}"
19526,PINETWORKDEFI,Pi Network DeFi,pi-network-defi,pinetworkdefi.fun,19526.png,"{""bnb"":""0x746760ecf1d8088c1014ef3d43dc45d5af8febf3""}"
19534,FIST,Fistbump,fistbump-vip,fstswap.finance,19534.png,"{""bnb"":""0xc9882def23bc42d53895b8361d0b1edc7570bc6a""}"
19537,JEX,JEXchange,jexchange,app.jexchange.io,19537.png,"{""multiversx-egld"":""JEX-9040ca""}"
19538,NXUSD,NXUSD,nxusd,nereus.finance,19538.png,"{""avalanche"":""0xF14f4CE569cB3679E99d5059909E23B07bd2F387""}"
19544,PPI,Swappi,swappi-dex,app.swappi.io,19544.png,"{""conflux-network"":""0x22f41abf77905f50df398f21213290597e7414dd""}"
19550,USDH,USDH,usdh,hubbleprotocol.io,19550.png,"{""solana"":""USDH1SM1ojwWUga67PGrgFWUHibbjqMvuMaDkRJTgkX""}"
19577,YUSD,YUSD Stablecoin,yusd-stablecoin,yeti.finance,19577.png,"{""avalanche"":""0x111111111111ed1D73f860F57b2798b683f2d325""}"
19582,ZENC,Zenc Coin,zenc-coin,zenccoin.com,19582.png,"{""bnb"":""0x55533be59de022d585a57e29539452d708d4a410""}"
19590,DFG,Defigram,defigram,defigram.net,19590.png,"{""bnb"":""0xb661f4576d5e0b622fee6ab041fd5451fe02ba4c""}"
19599,AMAZINGTEAM,AmazingTeamDAO,amazingteamdao,adogenft.com,19599.png,"{""ethereum"":""0x38e2f9058651EA1B9a09495Ea7Fd23FD2dD12a3F"",""bnb"":""0x44Ece1031e5b5e2D9169546cC10EA5C95BA96237"",""polygon-ecosystem-token"":""0xB345d6899e29805b99a47C9439e2e8a5eE0Eb755"",""avalanche"":""0x38e2f9058651EA1B9a09495Ea7Fd23FD2dD12a3F""}"
19606,EMP,Empowa,empowa,empowa.io,19606.png,"{""cardano"":""6c8642400e8437f737eb86df0fc8a8437c760f48592b1ba8f5767e81456d706f7761""}"
19618,CAW,CAW(A Hunters Dream),caw,caw.is,19618.png,"{""ethereum"":""0xf3b9569F82B18aEf890De263B84189bd33EBe452""}"
19621,COT,Cosplay Token,cosplay-token,cot.curecos.com,19621.png,"{""ethereum"":""0x5cac718a3ae330d361e39244bf9e67ab17514ce8""}"
19623,WOM,Wombat Exchange,wombat-exchange,wombat.exchange,19623.png,"{""ethereum"":""0xc0B314a8c08637685Fc3daFC477b92028c540CFB"",""bnb"":""0xad6742a35fb341a9cc6ad674738dd8da98b94fb1"",""polygon-ecosystem-token"":""0x77749d37A87BFf80060c00152B213F61341A6de5"",""avalanche"":""0xa15E4544D141aa98C4581a1EA10Eb9048c3b3382"",""optimism-ethereum"":""0xD2612B256F6f76feA8C6fbca0BF3166D0d13a668"",""arbitrum"":""0x7b5eb3940021ec0e8e463d5dbb4b7b09a89ddf96"",""base"":""0xD9541B08B375D58ae104EC247d7443D2D7235D64""}"
19638,RUN,RUN TOGETHER,run-together,runtogether.net,19638.png,"{""bnb"":""0xc643E83587818202E0fFf5eD96D10Abbc8Bb48e7""}"
19642,MAV,Massive Protocol,massive-protocol,massiveprotocol.io,19642.png,"{""ethereum"":""0xbe1dbe6741fb988fb571ab1e28cffb36e3c62629""}"
19650,VOLT,Volt Inu,volt-inu-v2,voltinu.in,19650.png,"{""ethereum"":""0x7f792db54b0e580cdc755178443f0430cf799aca"",""bnb"":""0x7f792db54b0e580cdc755178443f0430cf799aca"",""polygon-ecosystem-token"":""0x7f792db54b0e580cdc755178443f0430cf799aca""}"
19670,KZEN,Kaizen Finance,kaizen-finance,kaizen.finance,19670.png,"{""ethereum"":""0x4550003152F12014558e5CE025707E4DD841100F"",""bnb"":""0x4550003152F12014558e5CE025707E4DD841100F"",""solana"":""kZEn3aDxEzcFADPe2VQ6WcJRbS1hVGjUcgCw4HiuYSU"",""polygon-ecosystem-token"":""0x4550003152F12014558e5CE025707E4DD841100F""}"
19675,BTE,Betero,betero,betero.io,19675.png,"{""bnb"":""0x7c33d9c9685408645486497c708ab491402e0886""}"
19677,HAWK,HawkFi,hawksight,hawkfi.ag,19677.png,"{""solana"":""BKipkearSqAUdNKa1WDstvcMjoPsSKBuNyvKDQDDu9WE""}"
19686,MNTL,AssetMantle,assetmantle,assetmantle.one,19686.png,"{""ethereum"":""0x2c4f1df9c7de0c59778936c9b145ff56813f3295"",""polygon-ecosystem-token"":""0x38a536a31ba4d8c1bcca016abbf786ecd25877e8"",""osmosis"":""ibc/CBA34207E969623D95D057D9B11B0C8B32B89A71F170577D982FDDE623813FFC""}"
19687,DMT,DragonMaster,dragonmaster-dmt,dragonmaster.co,19687.png,"{""polygon-ecosystem-token"":""0x04F177FCacF6fB4d2F95d41d7D3fee8E565cA1d0""}"
19689,HDN,Hydranet,hydranet,hydranet.ai,19689.png,"{""arbitrum"":""0xb0f66bdb39acbb043308eb9dbe78f5bb47ea5430""}"
19709,GHUB,GemHUB,gemhub,gemhub.io,19709.png,"{""kaia"":""0x4836cc1f355bb2a61c210eaa0cd3f729160cd95e""}"
19722,SOVRN,SOVRUN,breederdao,sovrun.org,19722.png,"{""ethereum"":""0x031B8d752d73d7Fe9678ACEf26e818280D0646b4""}"
19736,SHI,Shina Inu,shina-inu,shinatoken.com,19736.png,"{""ethereum"":""0x243cacb4d5ff6814ad668c3e225246efa886ad5a""}"
19743,MSQ,MSQUARE GLOBAL,msquare-global,globalmsq.com,19743.png,"{""bnb"":""0x43Ac932FC7A84918Fb52e1a5baBaC63901b897B6"",""polygon-ecosystem-token"":""0x6A8Ec2d9BfBDD20A7F5A4E89D640F7E7cebA4499""}"
19757,LINEAR,LiNEAR Protocol,linear-protocol,linearprotocol.org,19757.png,"{""near-protocol"":""linear-protocol.near"",""aurora-near"":""0x918dbe087040a41b786f0da83190c293dae24749""}"
19765,BIRB,Moonbirds,moonbirds,moonbirds.com,19765.png,"{""solana"":""G7vQWurMkMMm2dU3iZpXYFTHT9Biio4F4gZCrwFpKNwG""}"
19778,FITFI,Step App,step-app,step.app,19778.png,"{""avalanche"":""0x714f020c54cc9d104b6f4f6998c63ce2a31d1888"",""step-app"":""0xb58a9d5920af6ac1a9522b0b10f55df16686d1b6""}"
19786,TAVA,ALTAVA,altava,altava.com,19786.png,"{""ethereum"":""0xdebe620609674F21B1089042527F420372eA98A5""}"
19787,XRUN,XRUN,xrun,xrun.run,19787.png,"{""polygon-ecosystem-token"":""0xdA7cdEa482B4e5F3d5B41Aa286811d111f066B6B""}"
19819,REI,REI Network,rei-network,rei.network,19819.png,{}
19823,FAKT,Medifakt,medifakt,medifakt.com,19823.png,"{""ethereum"":""0x0262E9374E95B9667B78136C3897Cb4e4Ef7f0c2"",""polygon-ecosystem-token"":""0xCb64CdeB45deF1C513fd890E7E76a865baE46060""}"
19842,LFNTY,Lifinity,lifinity,lifinity.io,19842.png,"{""solana"":""LFNTYraetVioAPnGJht4yNg2aUZFXR776cMeN9VMjXp""}"
19843,APEX,ApeX Protocol,apex-token,apex.exchange,19843.png,"{""ethereum"":""0x52A8845DF664D76C69d2EEa607CD793565aF42B8"",""arbitrum"":""0x61a1ff55c5216b636a294a07d77c6f4df10d3b56""}"
19847,KUKU,panKUKU,pankuku,pankuku.net,19847.png,"{""bnb"":""0x84Fd7CC4Cd689fC021eE3D00759B6D255269D538""}"
19865,RIA,aRIA Currency,aria-currency,nextgen.ariacurrency.com,19865.png,"{""solana"":""Ca7abRdfWER9tzZb9UzuMyRjb9RNVJ4DB3tBgiYiYxR5""}"
19866,NEKO,NEKO,neko,nekotoken.xyz,19866.png,"{""near-protocol"":""ftv2.nekotoken.near""}"
19867,STIMA,STIMA,stima,stima.io,19867.png,"{""ethereum"":""0xD2e5decc08A80be6538F89f9AB8ff296e2f724Df""}"
19870,WINTER,Winter,winter,seasonaltokens.org,19870.png,"{""ethereum"":""0xccba0b2bc4babe4cbfb6bd2f1edc2a9e86b7845f"",""polygon-ecosystem-token"":""0x51540D15957bDC0fdb87d32616c8d658D59f77C6""}"
19891,USDD,USDD,usdd,usdd.io,19891.png,"{""tron"":""TXDk8mbtRbXeYuMNS83CfKPaYYT8XWv9Hz"",""ethereum"":""0x4f8e5de400de08b164e7421b3ee387f461becd1a"",""bnb"":""0x45e51bc23d592eb2dba86da3985299f7895d66ba""}"
19899,EVMOS,Evmos,evmos,evmos.org,19899.png,"{""osmosis"":""ibc/6AE98883D4D5D5FF9E50D7130F1305DA2FFA0C652D1DD9C123657C6B4EB2DF8A"",""evmos"":""0xeeeeeeeeeeeeeeeeeeeeeeeeeeeeeeeeeeeeeeee""}"
19903,UNDEAD,Undead Blocks,undead-blocks,undeadblocks.com,19903.png,"{""ethereum"":""0x310C8F00b9dE3c31Ab95ea68feb6C877538f7947""}"
19907,BIOFI,Biometric Financial,biometric-financial,biometricfinancial.org,19907.png,"{""bnb"":""0x11A31b833d43853f8869C9EEc17F60e3B4d2a753""}"
19915,SNACK,Crypto Snack,crypto-snack,cryptosnack.com,19915.png,"{""bnb"":""0x94a1a356d4e67a3803bdfaa85c8cba5bc57fd988""}"
19923,MATICX,Stader MaticX,stader-maticx,staderlabs.com,19923.png,"{""ethereum"":""0xf03a7eb46d01d9ecaa104558c732cf82f6b6b645"",""polygon-ecosystem-token"":""0xfa68fb4628dff1028cfec22b4162fccd0d45efb6""}"
19924,EPX,Ellipsis,ellipsis-epx,ellipsis.finance,19924.png,"{""bnb"":""0xaf41054c1487b0e5e2b9250c0332ecbce6ce9d71""}"
19935,SPRING,Spring,spring,seasonaltokens.org,19935.png,"{""ethereum"":""0xf04aF3f4E4929F7CD25A751E6149A3318373d4FE"",""polygon-ecosystem-token"":""0x70d59baA5ab360b2723dD561415bdBcD4435E1C4""}"
19936,SUMMER,Summer,summer,seasonaltokens.org,19936.png,"{""ethereum"":""0x4d4f3715050571a447fffa2cd4cf091c7014ca5c"",""polygon-ecosystem-token"":""0xdd28ec6b06983d01D37DbD9Ab581d8d884d95264""}"
19960,HASH,Provenance Blockchain,provenance-blockchain,provenance.io,19960.png,"{""osmosis"":""ibc/CE5BFF1D9BADA03BB5CCA5F56939392A761B53A10FBD03B37506669C3218D3B2""}"
19966,QUICK,Quickswap [New],quickswap-new,quickswap.exchange,19966.png,"{""ethereum"":""0xd2ba23de8a19316a638dc1e7a9adda1d74233368"",""polygon-ecosystem-token"":""0xb5c064f955d8e7f38fe0460c556a72987494ee17"",""base"":""0x7094c27f342dbadfbbed005b219431595e33b305"",""manta-network"":""0xE22E3D44Ea9Fb0A87Ea3F7a8f41D869C677f0020""}"
19973,MVX,Metavault Trade,metavault-trade,metavault.trade,19973.png,"{""polygon-ecosystem-token"":""0x2760e46d9bb43dafcbecaad1f64b93207f9f0ed7"",""kava"":""0x0018D96C579121a94307249d47F053E2D687b5e7"",""zksync"":""0xC8Ac6191CDc9c7bF846AD6b52aaAA7a0757eE305"",""linea"":""0x0018D96C579121a94307249d47F053E2D687b5e7"",""scroll"":""0x0018D96C579121a94307249d47F053E2D687b5e7""}"
19976,$FORGE,Blocksmith Labs Forge,blocksmith-labs-forge,blocksmithlabs.com,19976.png,"{""solana"":""FoRGERiW7odcCBGU1bztZi16osPBHjxharvDathL5eds""}"
20009,DCK,DexCheck AI,dexcheck,dexcheck.ai,20009.png,"{""bnb"":""0x16faf9daa401aa42506af503aa3d80b871c467a3""}"
20013,RET,Renewable Energy Token,ret,ret.life,20013.png,"{""bnb"":""0x10b9dd394467f2cfbc769e07e88dc7e2c41b0965""}"
20014,KRD,Krypton DAO,krypton-dao,krypton.homes,20014.png,"{""bnb"":""0xb020805e0Bc7F0e353D1343d67A239F417D57Bbf""}"
20017,MMXN,Moneta Digital,moneta-digital,monetadigital.com,20017.png,"{""tron"":""TY7copxkSQZBym6eTGMEdrqPHaNNsmjxKe"",""ethereum"":""0x95c2e7cbc7ae370e28160bd04297c53f96d092b4""}"
20048,WNDR,Wonderman Nation,wonderman-nation,wondermannation.com,20048.png,"{""bnb"":""0xDfd7b0dD7Bf1012DfDf3307a964c36b972300Ac8""}"
20077,SFL,Sunflower Land,sunflower-land,sunflower-land.com,20077.png,"{""polygon-ecosystem-token"":""0xd1f9c58e33933a993a3891f8acfe05a68e1afc05""}"
20097,EFFORT,Effort Economy,effort-economy,efforteconomy.io,20097.png,"{""multiversx-egld"":""EFFORT-a13513""}"
20117,MINIMA,Minima,minima-global,minima.global,20117.png,{}
20136,PESA,Pesabase,pesabase,pesatoken.io,20136.png,"{""bnb"":""0x18587B19627a2f9D18A0482fed118714D1934292""}"
20138,PIGE,Pige,pige-inu,pigeinu.io,20138.png,"{""ethereum"":""0x995c0e3b9af4da89fc76c5c0784e97c7a36eec06"",""bnb"":""0x995c0e3b9af4da89fc76c5c0784e97c7a36eec06""}"
20143,HTO,Heavenland,heavenland,heavenland.io,20143.png,"{""solana"":""htoHLBJV1err8xP5oxyQdV2PLQhtVjxLXpKB7FsgJQD""}"
20156,BULL,Bullshit Inu,bullshit-inu,bullshitinu.com,20156.png,"{""bnb"":""0x99cd7207d1cbe59033a01892c06889adae47b0e5""}"
20170,LC,LuckyChip,luckychip,luckychip.io,20170.png,"{""bnb"":""0x6012c3a742f92103d238f1c8306cf8fbcdeca8b3""}"
20191,HOOP,Chibi Dinos,chibi-dinos,chibidinos.io,20191.png,"{""bnb"":""0xF19cfb40B3774dF6Eed83169Ad5aB0Aaf6865F25""}"
20236,GST,Green Satoshi Token (BSC),green-satoshi-token-bsc,stepn.com,20236.png,"{""bnb"":""0x4a2c860cEC6471b9F5F5a336eB4F38bb21683c98""}"
20245,CGO,Comtech Gold,comtech-gold,comtechgold.com,20245.png,"{""xdc-network"":""0x8f9920283470F52128bF11B0c14E798bE704fD15""}"
20273,X,X Doge,x-doge,xdoge.app,20273.png,"{""bnb"":""0xA2086F4a3955A520A1743D68CDbcf064Ee1746Cd""}"
20279,DHN,Dohrnii,dohrnii,dohrnii.io,20279.png,"{""ethereum"":""0x3A54E9B53f32FD3441a87E1A95C853E595c8326f""}"
20289,GRD,Gradium,grade,gradium.org,20289.png,"{""ethereum"":""0x2445EE0B87B5C7f4D069A14b21a4838b70aa83ED"",""bnb"":""0xaA52167Bd14B1b22c74a80390469f796F1F82632""}"
20303,ORT,XREATORS,xreators,xreators.com,20303.png,"{""ethereum"":""0x5c59a5B139B0538CB106D775a022caD98Dd14b5a""}"
20305,KCT,Konnect,konnect,konnect.finance,20305.png,"{""ethereum"":""0x63230728bc219d991D2995ce92E96C16Fcf8beB6""}"
20314,LUNA,Terra,terra-luna-v2,terra.money,20314.png,"{""osmosis"":""ibc/785AFEC6B3741100D15E7AF01374E3C4C36F24888E96479B1C33F5C71F364EF9""}"
20315,LM,LeisureMeta,leisuremeta,leisuremeta.io,20315.png,"{""ethereum"":""0xc064F4F215B6A1E4e7F39bD8530C4dE0fC43ee9D"",""polygon-ecosystem-token"":""0xb2d3Edf61B27ab28288D8c760fa686Be084ff526""}"
20317,XUSD,xUSD,usd,overnight.fi,20317.png,"{""arbitrum"":""0xe80772eaf6e2e18b651f160bc9158b2a5cafca65""}"
20322,MXNT,Tether MXNt,tether-mxnt,tether.to,20322.png,"{""ethereum"":""0xed03Ed872159e199065401b6d0D487d78d9464AA""}"
20326,AURA,Aura Network,aura-network,aura.network,20326.png,{}
20362,POLYX,Polymesh,polymesh,polymesh.network,20362.png,{}
20381,GRAV,Graviton,grav,gravitybridge.net,20381.png,"{""osmosis"":""ibc/E97634A40119F1898989C2A23224ED83FDD0A57EA46B3A094E287288D1672B44""}"
20396,KAS,Kaspa,kaspa,kaspa.org,20396.png,{}
20401,CPS,Cryptostone,cryptostone,crypto-stone.io,20401.png,"{""bnb"":""0x569f4957176Ffa0dff76c507604f6a66d4B9C578""}"
20427,QTO,QToken,lobstex-new,qoneqt.com,20427.png,"{""ethereum"":""0xea01906843ea8d910658a2c485ffce7c104ab2b6""}"
20435,VELO,Velodrome Finance,velodrome-finance,velodrome.finance,20435.png,"{""optimism-ethereum"":""0x9560e827af36c94d2ac33a39bce1fe78631088db""}"
20456,WE,WeBuy,webuy,webuynft.xyz,20456.png,"{""kaia"":""0xfaea8f7839f343a52c11a2d5395406eb2a87c55b""}"
20475,USDZ,Zedxion,usdz,zedxion.io,20475.png,"{""ethereum"":""0x0a661F6AD63a1500D714ED1EeEdb64ec493a54A8"",""bnb"":""0x734D66f635523D7ddb7d2373C128333DA313041b""}"
20490,ROG,ROGin AI,rogin-ai,rogin.ai,20490.png,"{""ethereum"":""0x5d43b66da68706d39f6c97f7f1415615672b446b""}"
20494,AFP,Animal Farm Pigs,animal-farm-pigs,animalfarm.app,20494.png,"{""bnb"":""0x9a3321E1aCD3B9F6debEE5e042dD2411A1742002""}"
20497,WAGMIGAMES,WAGMI Games,wagmi-game-2,wagmigames.com,20497.png,"{""ethereum"":""0x3b604747ad1720c01ded0455728b62c0d2f100f0""}"
20508,SHINJI,Shinjiru Inu V2,shinjiru-inu,shinjiruinu.com,20508.png,"{""bnb"":""0x87E0Ce18ce0cE0a86B22537B48c15e03a519b112""}"
20513,STC,SaitaChain Coin,saitama-inu-new,saitachain.com,20513.png,"{""bnb"":""0x19Ae49B9F38dD836317363839A5f6bfBFA7e319A""}"
20536,STR,Sourceless,sourceless,sourceless.io,20536.png,"{""bnb"":""0x30DCf96a8a0c742AA1F534FAC79e99D320c97901""}"
20550,LINU,Luna Inu,luna-inu-,linutoken.com,20550.png,"{""ethereum"":""0x78132543d8e20d2417d8a07d9ae199d458a0d581""}"
20561,M87,MESSIER,messier,messier.app,20561.png,"{""ethereum"":""0x80122c6a83c8202ea365233363d3f4837d13e888""}"
20603,MLNK,Malinka,malinka,paycashswap.com,20603.png,{}
20604,BRRR,Burrow,burrow,burrow.finance,20604.png,"{""near-protocol"":""token.burrow.near""}"
20605,TAI,TARS AI,tars-protocol,tars.pro,20605.png,"{""solana"":""Hax9LTgsQkze1YFychnBLtFH8gYbQKtKfWKKg2SP6gdD""}"
20611,LIF3,LIF3,lif3,lif3.com,20611.png,"{""ethereum"":""0x7138Eb0d563f3F6722500936A11DcAe99D738A2c"",""bnb"":""0x336f374198c872Ba760e85af9c6331C3c5A535d3"",""polygon-ecosystem-token"":""0x110B25D2B21eE73eB401F3aE7833f7072912A0Bf"",""tomb"":""0x346B98Fa0680c511747f8FF213061BfFA1e2FCeb""}"
20622,FORT,Forta,forta,forta.org,20622.png,"{""ethereum"":""0x41545f8b9472d758bb669ed8eaeeecd7a9c4ec29"",""polygon-ecosystem-token"":""0x9ff62d1fc52a907b6dcba8077c2ddca6e6a9d3e1"",""base"":""0x7588310a7aBF34DC608ac98a1c4432F85e194Df5"",""arbitrum"":""0x3A1429d50E0cBBc45c997aF600541Fe1cc3D2923""}"
20631,ICHI,Legacy ICHI,legacy-ichi,ichi.org,20631.png,"{""ethereum"":""0x903bef1736cddf2a537176cf3c64579c3867a881""}"
20641,EURC,EURC,euro-coin,circle.com,20641.png,"{""ethereum"":""0x1abaea1f7c830bd89acc67ec4af516284b1bc33c"",""avalanche"":""0xC891EB4cbdEFf6e073e859e987815Ed1505c2ACD"",""solana"":""HzwqbKZw8HxMN6bF2yFZNrht3c2iXXzpKcFu7uBEDKtr"",""stellar"":""EURC-GDHU6WRG4IEQXM5NZ4BMPKOXHW76MZM4Y2IEMFDVXBSDP6SJY4ITNPP2"",""base"":""0x60a3e35cc302bfa44cb288bc5a4f316fdb1adb42"",""sonic"":""0xe715cba7b5ccb33790cebff1436809d36cb17e57"",""cronos"":""0xA6dE01a2d62C6B5f3525d768f34d276652C554c8"",""plasma-xpl"":""0x3ee196e78d4d4248b849b8e1c7f44c5457fafd2c"",""arc-token"":""0xbEf5f6d51CB62b58e6A8f77868681825C6fe21c1""}"
20642,CSR,CSR,csr,csrnow.com,20642.png,"{""ethereum"":""0x75ecb52e403c617679fbd3e77a50f9d10a842387""}"
20646,OZONE,Ozone Metaverse,ozone-metaverse,ozonemetaverse.io,20646.png,"{""bnb"":""0xbf8bab33600d5bca18e4464e34c2a8d532031f5c""}"
20648,JPYC,JPYC Prepaid,jpy-coin,jpyc.jp,20648.png,"{""ethereum"":""0x431D5dfF03120AFA4bDf332c61A6e1766eF37BDB"",""gnosis-gno"":""0x431D5dfF03120AFA4bDf332c61A6e1766eF37BDB"",""polygon-ecosystem-token"":""0x431D5dfF03120AFA4bDf332c61A6e1766eF37BDB"",""avalanche"":""0x431D5dfF03120AFA4bDf332c61A6e1766eF37BDB"",""shiden-network"":""0x431D5dfF03120AFA4bDf332c61A6e1766eF37BDB"",""astar"":""0x431D5dfF03120AFA4bDf332c61A6e1766eF37BDB""}"
20650,USDC(WORMHOLE),USD Coin (Wormhole),usd-coin-wormhole-from-ethereum,wormholenetwork.com,20650.png,"{""solana"":""A9mUU4qviSctJVPJdBJWkb28deg915LYJKrzQ19ji3FM"",""aptos"":""0x5e156f1207d0ebfa19a9eeff00d62a282278fb8719f4fab3a586a0a2c0fffbea::coin::T"",""celo"":""0x37f750b7cc259a2f741af45294f6a16572cf5cad"",""sui"":""0x5d4b302506645c37ff133b98c4b50a5ae14841659738d6d733d59d0d217a93bf::coin::COIN""}"
20672,COL,Clash of Lilliput,clash-of-lilliput,lilliput.games,20672.png,"{""bnb"":""0x9ce116224459296abc7858627abd5879514bc629""}"
20686,BLUESPARROW,BlueSparrow Token,bluesparrow-token-new,bluesparrowtoken.com,20686.png,"{""ethereum"":""0x24ccedebf841544c9e6a62af4e8c2fa6e5a46fde""}"
20696,M,MetaVerse-M,metaverse-m,meta-dex.live,20696.png,"{""bnb"":""0x558ad2b02cE979Ca54F88206ED8597c8c740774E""}"
20700,WKC,Wiki Cat,wiki-cat,wikicatcoin.com,20700.png,"{""bnb"":""0x6Ec90334d89dBdc89E08A133271be3d104128Edb""}"
20716,FER,Ferro,ferro,ferroprotocol.com,20716.png,"{""ethereum"":""0x2f32b39023dA7d6A6486A85d12B346EB9C2A0D19"",""cronos"":""0x39bc1e38c842c60775ce37566d03b41a7a66c782""}"
20719,OLE,OpenLeverage,openleverage,openleverage.finance,20719.png,"{""ethereum"":""0x1B6e9c73beE68102d9dd4A2627f97bFf4183ab0A"",""bnb"":""0xB7E2713CF55cf4b469B5a8421Ae6Fc0ED18F1467"",""arbitrum"":""0x7Be5Dd337CC6cE3e474F64E2A92A566445290864""}"
20721,BTC.B,Lombard Bridged BTC,bitcoin-avalanche-bridged,lombard.finance,20721.png,"{""ethereum"":""0xB0F70C0bD6FD87dbEb7C10dC692a2a6106817072"",""avalanche"":""0x152b9d0FdC40C096757F570A51E494bd4b943E50"",""monad"":""0xB0F70C0bD6FD87dbEb7C10dC692a2a6106817072"",""megaeth"":""0xB0F70C0bD6FD87dbEb7C10dC692a2a6106817072"",""katana-network"":""0xB0F70C0bD6FD87dbEb7C10dC692a2a6106817072"",""usdt0"":""0xB0F70C0bD6FD87dbEb7C10dC692a2a6106817072""}"
20724,LKSM,Liquid KSM,liquid-ksm,apps.karura.network,20724.png,{}
20734,WELL,Moonwell,moonwell-artemis,moonwell.fi,20734.png,"{""moonbeam"":""0x511ab53f793683763e5a8829738301368a2411e3"",""base"":""0xa88594d404727625a9437c3f886c7643872296ae""}"
20757,HNB,HNB Protocol,hnb-protocol,hnbprotocol.io,20757.png,"{""ethereum"":""0x6E0615a03eD9527a6013FcD5B556E36EF4DaB1FF""}"
20763,LOOK,LooksCoin,lookscoin,lookscoin.com,20763.png,"{""bnb"":""0x73cba57ad8bc775a5345d9a0de2e90c74621d802""}"
20764,USDF,USD Freedom,usd-freedom,freedom.world,20764.png,"{""ethereum"":""0x963035453633f6f7433032c958F82Eb3043D8cD2""}"
20782,KFI,Klever Finance,klever-finance,klever.org,20782.png,{}
20789,TSUKA,Dejitaru Tsuka,dejitaru-tsuka,tsuka.io,20789.png,"{""ethereum"":""0xc5fb36dd2fb59d3b98deff88425a3f425ee469ed""}"
20792,RAMA,Ramestta,ramestta,ramestta.com,20792.png,{}
20801,FOXY,Famous Fox Federation,famous-fox-federation,famousfoxes.com,20801.png,"{""solana"":""FoXyMu5xwXre7zEoSvzViRk3nGawHUp9kUh97y2NDhcq""}"
20826,NLC,Nelore Coin,nelore-coin,nelorecoin.com,20826.png,"{""bnb"":""0x5f320c3b8f82acfe8f2bb1c85d63aa66a7ff524f""}"
20828,OSK,OSK,osk-token,,20828.png,"{""bnb"":""0x04fA9Eb295266d9d4650EDCB879da204887Dc3Da""}"
20848,WSI,WeSendit,wesendit,wesendit.io,20848.png,"{""bnb"":""0x837A130aED114300Bab4f9f1F4f500682f7efd48""}"
20854,ZED,ZED Token,zed-run-token,zedchampions.com,20854.png,"{""ethereum"":""0x5eC03C1f7fA7FF05EC476d19e34A22eDDb48ACdc"",""polygon-ecosystem-token"":""0x5eC03C1f7fA7FF05EC476d19e34A22eDDb48ACdc"",""base"":""0xA7921e4C3Dc8E38069061a07C08fC0D2a35B9E6f""}"
20894,WRT,WingRiders Governance Token,wingriders,wingriders.com,20894.png,"{""cardano"":""c0ee29a85b13209423b10447d3c2e6a50641a15c57770e27cb9d507357696e67526964657273""}"
20896,AZY,Amazy,amazy,amazy.io,20896.png,"{""bnb"":""0x7b665B2F633d9363b89A98b094B1F9E732Bd8F86"",""everscale"":""0:b257ccdf3d13f586003d639b8dd7739e2e093985ac056346e1e72478984d7368""}"
20920,EURE,Monerium EURe,monerium,monerium.com,20920.png,"{""ethereum"":""0x39b8B6385416f4cA36a20319F70D28621895279D"",""algorand"":""83209012"",""gnosis-gno"":""0x420CA0f9B9b604cE0fd9C18EF134C705e5Fa3430"",""polygon-ecosystem-token"":""0xE0aEa583266584DafBB3f9C3211d5588c73fEa8d"",""arbitrum"":""0x0c06cCF38114ddfc35e07427B9424adcca9F44F8"",""linea"":""0x3ff47c5Bf409C86533FE1f4907524d304062428D"",""base"":""0xc4759Ed641DA77CbDc9fA2f37E9260a29BF7cC52"",""scroll"":""0xd7BB130A48595fCDf9480E36C1aE97ff2938aC21""}"
20921,BOMB,Bombcrypto (MATIC),bombcrypto-coin,bombcrypto.io,20921.png,"{""polygon-ecosystem-token"":""0xb2c63830d4478cb331142fac075a39671a5541dc""}"
20927,NFTL,NFTL,nftl,nftlotteryticket.com,20927.png,"{""bnb"":""0x81663d5149cADBbc48CF1a7F21b05719Ee1420A9""}"
20947,SUI,Sui,sui,sui.io,20947.png,"{""sui"":""0x2::sui::SUI"",""solana"":""suifhC9gU1VbJAPYPTBkHJyyyStKGLLYPVDTmPoqbvA""}"
20955,ROCKETFI,RocketFi,rocketfi,rocketfi.money,20955.png,"{""bnb"":""0x6e61579c22F9a6dA63a33e819f29B6697d2a126E""}"
20964,LBT,Law Blocks (AI),law-blocks,lawblocks.io,20964.png,"{""xdc-network"":""0x05940b2df33d6371201e7ae099ced4c363855dfe""}"
20969,GEOD,GEODNET,geodnet,geodnet.com,20969.png,"{""polygon-ecosystem-token"":""0xAC0F66379A6d7801D7726d5a943356A172549Adb"",""solana"":""7JA5eZdCzztSfQbJvS8aVVxMFfd81Rs9VvwnocV1mKHu"",""iotex"":""0x8e33229206f726993e4a7bf7da2347f3743bf8b4""}"
20989,INUINU,Inu Inu,inu-inu,inuinu.net,20989.png,"{""ethereum"":""0xc6bdb96e29c38dc43f014eed44de4106a6a8eb5f""}"
20997,WOMBAT,Wombat Web 3 Gaming Platform,wombat-web-3-gaming-platform,wombat.app,20997.png,"{""ethereum"":""0x0C9c7712C83B3C70e7c5E11100D33D9401BdF9dd"",""vaulta"":""wmbt.ptokens"",""wax"":""wombattokens"",""polygon-ecosystem-token"":""0x0C9c7712C83B3C70e7c5E11100D33D9401BdF9dd""}"
21007,BMAX,BMAX,bmax,bitrue.com,21007.png,"{""ethereum"":""0x116c4b65e14449947bc6fa1bbe844cb16a162d53""}"
21045,NEOX,Neoxa,neoxa,neoxa.net,21045.png,{}
21046,GARY,Gary,gary,gary.club,21046.png,"{""solana"":""8c71AvjQeKKeWRe8jtTGG1bJ2WiYXQdbjqFbUfhHgSVk""}"
21060,GXA,GALAXIA,galaxia,galaxiacoin.io,21060.png,"{""kaia"":""0xa80e96cceb1419f9bd9f1c67f7978f51b534a11b""}"
21071,KSN,KISSAN,kissan,kissantoken.com,21071.png,"{""bnb"":""0x32410FFfDb08ee162a83002e871E5Ad214B751fB""}"
21080,OSK-DAO,OSK DAO,pegonetwork,w3swap.finance,21080.png,"{""bnb"":""0xC5db5aFee4C55DfAD5F2b8226C6ac882E6956a0A""}"
21089,CTG,CRYPTORG,cryptorg,cryptorg.net,21089.png,"{""bnb"":""0x69bFa36D50d92e8985d27E6AA6e685C0325ce7B4""}"
21090,ZILLIONXO,ZILLION AAKAR XO,zillion-aakar-xo,zillionxo.io,21090.png,"{""bnb"":""0x9A2478C4036548864d96a97Fbf93f6a3341fedac""}"
21106,RDNT,Radiant Capital,radiant-capital,radiant.capital,21106.png,"{""arbitrum"":""0x3082CC23568eA640225c2467653dB90e9250AaA0"",""ethereum"":""0x137dDB47Ee24EaA998a535Ab00378d6BFa84F893"",""bnb"":""0xf7de7e8a6bd59ed41a4b5fe50278b3b7f31384df"",""base"":""0xd722e55c1d9d9fa0021a5215cbb904b92b3dc5d4""}"
21113,BUILD,BUILD (radioshack.org),build,app.radioshack.org,21113.png,"{""ethereum"":""0x57b59f981730c6257dF57cF6F0D98283749A9Eeb"",""bnb"":""0x83b27De2Fca046FA63a11C7Ce7743DE33Ec58822"",""fantom"":""0xa6097a4DbEF3EB44c50bad6286a5ED2bc4418AA2"",""polygon-ecosystem-token"":""0xe94845Ac6782A2E71C407ABe4D5201445C26a62B"",""avalanche"":""0x5f018e73C185aB23647c82bD039e762813877f0e"",""optimism-ethereum"":""0xe4dE4B87345815C71aa843ea4841bCdc682637bb"",""cronos"":""0x6467df17771AB26D1825bF0891b3c421D92EBC1d"",""dogecoin"":""0x2f1b1662A895C6Ba01a99DcAf56778E7d77e5609""}"
21129,ARB,ARB Protocol,arb-protocol,,21129.png,"{""solana"":""9tzZzEHsKnwFL1A3DyFJwj36KnZj3gZ7g4srWp9YTEoh""}"
21134,SQGROW,SquidGrow,squid-grow,squidgrow.com,21134.png,"{""ethereum"":""0xb72E76cCf005313868DB7b48070901a44629da98""}"
21156,STAT,STAT,stat,statproject.io,21156.png,"{""ethereum"":""0x4fc15c91a9c4a9efb404174464687e8e128730c2""}"
21158,EARNM,EARNM,earnft-network,earnm.com,21158.png,"{""ethereum"":""0x3e62fED35c97145e6B445704B8CE74B2544776A9"",""polygon-ecosystem-token"":""0xaeb3DD897Ade187B9F9e4c491Bc7A81F69F7093E"",""arbitrum"":""0x3e62fED35c97145e6B445704B8CE74B2544776A9"",""base"":""0x3e62fED35c97145e6B445704B8CE74B2544776A9""}"
21159,ONDO,Ondo,ondo-finance,ondo.foundation,21159.png,"{""ethereum"":""0xfaba6f8e4a5e8ab82f62fe7c39859fa577269be3""}"
21163,TTC,Tao Te Ching,tao-te-ching,ttcswap.finance,21163.png,"{""bnb"":""0x152ad7Dc399269FA65D19BD7A790Ea8aa5b23DaD""}"
21178,MRS,Metars Genesis,metars-genesis,metars.io,21178.png,"{""bnb"":""0x238d02ee3f80fbf5e381f049616025c186889b68""}"
21198,GHNY,Grizzly Honey,grizzlyfi,grizzly.fi,21198.png,"{""bnb"":""0xa045e37a0d1dd3a45fefb8803d22457abc0a728a""}"
21204,STC,Styleo Coin,styleo-coin,styleo.network,21204.png,"{""bnb"":""0xd9361d306A9e9A43f5883a064038220EF0D46fB0""}"
21217,MMIT,MangoMan Intelligent,mangoman-intelligent,mmint.io,21217.png,"{""bnb"":""0x9767c8E438Aa18f550208e6d1fDf5f43541cC2c8""}"
21259,ZETA,ZetaChain,zetachain,zetachain.com,21259.png,"{""ethereum"":""0xf091867ec603a6628ed83d274e835539d82e9cc8"",""bnb"":""0x0000028a2eB8346cd5c0267856aB7594B7a55308"",""zetachain"":""0xeeeeeeeeeeeeeeeeeeeeeeeeeeeeeeeeeeeeeeee""}"
21266,LAND,Landboard,landboard,landboard.io,21266.png,"{""multiversx-egld"":""LAND-40f26f""}"
21286,CRT,Cantina Royale,cantina-royale,cantinaroyale.io,21286.png,"{""multiversx-egld"":""CRT-52decf""}"
21288,SAFE,SAFE(AnWang),safe-anwang,anwang.com,21288.png,"{""bnb"":""0x4d7fa587ec8e50bd0e9cd837cb4da796f47218a1""}"
21290,OKINAMI,Kanagawa Nami,kanagawa-nami,kanagawanami.com,21290.png,"{""ethereum"":""0x1c4853ec0d55e420002c5efabc7ed8e0ba7a4121""}"
21296,ETHW,EthereumPoW,ethereum-pow,ethereumpow.org,21296.png,{}
21330,LISUSD,lisUSD,lisusd,lista.org,21330.png,"{""bnb"":""0x0782b6d8c4551B9760e74c0545a9bCD90bdc41E5""}"
21345,4EVER,4EVERLAND,4everland,4everland.org,21345.png,"{""ethereum"":""0xe355de6a6043b0580ff5a26b46051a4809b12793"",""bnb"":""0x63eC886286f30AD392749b9e8f24f67F5b8Ac394""}"
21348,$YAKU,Yaku,yaku,yaku.gg,21348.png,"{""ethereum"":""0x1155DB64b59265F57533bC0f9AE012FfFd34eB7F"",""solana"":""AqEHVh8J2nXH9saV2ciZyYwPpqWFRfD2ffcq5Z8xxqm5"",""arbitrum"":""0xB00eaEDB98F1e30ad545703d8Ff14b24D109514f""}"
21351,SWEAT,SWEAT,sweat-economy,swe.at,21351.png,"{""ethereum"":""0xb4b9dc1c77bdbb135ea907fd5a08094d98883a35"",""bnb"":""0x510Ad22d8C956dCC20f68932861f54A591001283"",""solana"":""NSG17kiSApMumWjLbZ4BLx8biPaAxTk9tDCdy1Fb9ia"",""polygon-ecosystem-token"":""0x0cc931c30f4fc7fa36d290a4cd8d94acd738826e"",""celo"":""0x718Aa4F7f026fD16086C842a68CE9ef55203B54F"",""arbitrum"":""0xca7dec8550f43a5e46e3dfb95801f64280e75b27"",""near-protocol"":""token.sweat"",""aptos"":""0x9aa4c03344444b53f4d9b1bca229ed2ac47504e3ea6cd0683ebdc0c5ecefd693"",""sui"":""0xf0b202ef3e107ff4fc0142bbb9a607bf73b8f6460c5026d5c21c6f2e0a9a1083"",""base"":""0x227d920e20ebac8a40e7d6431b7d724bb64d7245""}"
21353,WBT,WhiteBIT Coin,whitebit-token,whitebit.com,21353.png,"{""ethereum"":""0x925206b8a707096Ed26ae47C84747fE0bb734F59"",""tron"":""TFptbWaARrWTX5Yvy3gNG5Lm8BmhPx82Bt""}"
21357,ADDY,Adamant,adamant-finance,adamant.finance,21357.png,"{""polygon-ecosystem-token"":""0xc3FdbadC7c795EF1D6Ba111e06fF8F16A20Ea539""}"
21370,MMF,MM Finance (Polygon),mm-finance-polygon,polymm.finance,21370.png,"{""polygon-ecosystem-token"":""0x22a31bD4cB694433B6de19e0aCC2899E553e9481""}"
21373,3AIR,3air,3air,3air.io,21373.png,"{""bnb"":""0x596834746B5b78F31A089EE7853fa595682824B7""}"
21394,UVT,UvToken,uvtoken,uvtoken.com,21394.png,"{""bnb"":""0x196eb1d21c05cc265ea0a1479e924e7983467838""}"
21400,LTRBT,Little Rabbit v2 (old),little-rabbit-v2,newlittlerabbit.xyz,21400.png,"{""bnb"":""0x6C46422A0f7dbbAD9BEC3BbBC1189bfAf9794B05""}"
21414,DC,Dogechain,dogechain,dogechain.dog,21414.png,"{""ethereum"":""0x7B4328c127B85369D9f82ca0503B000D09CF9180"",""dogecoin"":""0x7B4328c127B85369D9f82ca0503B000D09CF9180""}"
21415,WWDOGE,Wrapped WDOGE,wrapped-wdoge,dogechain.dog,21415.png,"{""dogecoin"":""0xb7ddc6414bf4f5515b52d8bdd69973ae205ff101""}"
21416,LBLOCK,Lucky Block v2,lucky-block-v2,luckyblock.com,21416.png,"{""ethereum"":""0x2b867efD2dE4Ad2B583Ca0CB3dF9C4040Ef4D329""}"
21418,MTD,Minted,minted,minted.network,21418.png,"{""ethereum"":""0x809E130E10e787139c54e1d12d3D1971b7A675Bf"",""cronos"":""0x0224010ba2d567ffa014222ed960d1fa43b8c8e1""}"
21420,AXLUSDC,Axelar Wrapped USDC,axlusdc,axelar.network,21420.png,"{""bnb"":""0x4268B8F0B87b6Eae5d897996E6b845ddbD99Adf3"",""avalanche"":""0xfaB550568C688d5D8A52C7d794cb93Edc26eC0eC"",""polygon-ecosystem-token"":""0x750e4C4984a9e0f12978eA6742Bc1c5D248f40ed"",""fantom"":""0x1B6382DBDEa11d97f24495C9A90b7c88469134a4"",""moonbeam"":""0xca01a1d0993565291051daff390892518acfad3a"",""evmos"":""0x15c3eb3b621d1bff62cba1c9536b7c1ae9149b57"",""osmosis"":""ibc/D189335C6E4A68B513C10AB227BF1C1D38C746766278BA3EEB4FB14124F1D858"",""arbitrum"":""0xeb466342c4d449bc9f53a865d5cb90586f405215"",""base"":""0xeb466342c4d449bc9f53a865d5cb90586f405215"",""optimism-ethereum"":""0xeb466342c4d449bc9f53a865d5cb90586f405215"",""linea"":""0xeb466342c4d449bc9f53a865d5cb90586f405215"",""scroll"":""0xeb466342c4d449bc9f53a865d5cb90586f405215"",""mantle"":""0xeb466342c4d449bc9f53a865d5cb90586f405215"",""blast"":""0xeb466342c4d449bc9f53a865d5cb90586f405215"",""celo"":""0xeb466342c4d449bc9f53a865d5cb90586f405215"",""islamic-coin"":""0x80b5a32e4f032b2a058b4f29ec95eefeeb87adcd""}"
21428,WALV,Wrapped Alvey Chain,alvey-chain,alveychain.com,21428.png,"{""ethereum"":""0x256D1fCE1b1221e8398f65F9B36033CE50B2D497"",""bnb"":""0x9c5695E768932a7fA4c2CdBB17C7A1240afe2220"",""solana"":""7mUGedR4KTULcggZuY5Ggrh36AXWKgsVL993aAAbwALV""}"
21471,SSLX,StarSlax,starslax,sl8.online,21471.png,"{""stellar"":""SSLX-GBHFGY3ZNEJWLNO4LBUKLYOCEK4V7ENEBJGPRHHX7JU47GWHBREH37UR"",""bnb"":""0xced4ad3e56fdbdd31cca3f76f4ffb1eadd920dcf""}"
21473,DIONE,Dione Protocol,dione-protocol,dioneprotocol.com,21473.png,"{""ethereum"":""0x65278f702019078E9Ab196C0Da0A6eE55E7248B7""}"
21513,EGO,EGO,ego-paysenger,egoco.in,21513.png,"{""bnb"":""0x44a21B3577924DCD2e9C81A3347D204C36a55466""}"
21524,ULX,ULTRON,ultron,ultron.foundation,21524.png,"{""bnb"":""0xd983AB71a284d6371908420d8Ac6407ca943F810"",""polygon-ecosystem-token"":""0xfA5d5DD2517EE9C1419534a16B132adDe2e3d948"",""fantom"":""0x8867F422Cd9Cf0C66ba71D22bC8edc641e91949d"",""avalanche"":""0xc685e8eddc9f078666794cbfcd8d8351bac404ef"",""ethereum"":""0x5Aa158404fEd6b4730C13F49d3a7F820e14A636F""}"
21533,LISTA,Lista DAO,lista-dao,lista.org,21533.png,"{""bnb"":""0xFceB31A79F71AC9CBDCF853519c1b12D379EdC46"",""ethereum"":""0x11632069f202b06d5ff56aeb4aabd0662dd1933b""}"
21534,BNBX,Stader BNBx,stader-bnbx,binance.staderlabs.com,21534.png,"{""bnb"":""0x1bdd3cf7f79cfb8edbb955f20ad99211551ba275""}"
21535,CBETH,Coinbase Wrapped Staked ETH,coinbase-wrapped-staked-eth,coinbase.com,21535.png,"{""ethereum"":""0xbe9895146f7af43049ca1c1ae358b0541ea49704"",""base"":""0x2ae3f1ec7f1f5012cfeab0185bfc7aa3cf0dec22""}"
21572,USDTZ,USDtez,usdtez,usdtz.com,21572.png,"{""tezos"":""KT1LN4LPSqTMS7Sd2CJw4bbDGRkMv2t68Fy9""}"
21576,BTCPAY,Bitcoin Pay,bitcoin-pay,bitcoinpay.exchange,21576.png,"{""bnb"":""0x9f5C37e0fd9bF729b1F0a6F39CE57bE5e9Bfd435""}"
21585,SAFE,Safe,safe1,safe.global,21585.png,"{""ethereum"":""0x5afe3855358e112b5647b952709e6165e1c1eeee""}"
21639,DJED,Djed,djed,djed.xyz,21639.png,"{""cardano"":""8db269c3ec630e06ae29f74bc39edd1f87c819f1056206e879a1cd61446a65644d6963726f555344""}"
21686,STATOM,Stride Staked ATOM,stride-staked-atom,stride.zone,21686.png,"{""osmosis"":""ibc/C140AFD542AE77BD7DCC83F13FDD8C5E5BB8C4929785E6EC2F4C636F98F17901""}"
21701,SKEB,Skeb Coin,skeb-coin,skebcoin.com,21701.png,"{""ethereum"":""0x6D614686550B9E1c1DF4b2cD8f91C9D4df66C810""}"
21704,CARR,Carnomaly,carnomaly-new,carnomaly.io,21704.png,"{""polygon-ecosystem-token"":""0x9b765735C82BB00085e9DBF194F20E3Fa754258E""}"
21706,GRND,SuperWalk,superwalk,superwalk.io,21706.png,"{""kaia"":""0x84F8C3C8d6eE30a559D73Ec570d574f671E82647"",""arbitrum"":""0x3b58a4C865B568a2F6a957C264F6b50CbA35D8CE""}"
21707,RED,RedStone,redstone,redstone.finance,21707.png,"{""ethereum"":""0xc43c6bfeda065fe2c4c11765bf838789bd0bb5de"",""solana"":""RED7iNewvwjeu9rdcugDqkPUm4fhGT7Dt9sYosFr6e7"",""base"":""0x4eB92702bA4cfbF80561BAd64D89C706Ac824960""}"
21722,CHRP,Chirpley,chirpley,chirpley.ai,21722.png,"{""ethereum"":""0x70Bc0DC6414EB8974BC70685F798838a87d8CCe4"",""bnb"":""0xeD00Fc7D48B57B81FE65D1cE71c0985e4CF442CB""}"
21736,KNDX,Kondux,kondux,kondux.io,21736.png,"{""ethereum"":""0x7ca5af5ba3472af6049f63c1abc324475d44efc1""}"
21763,USDT.E,Tether Avalanche Bridged,tether-avalanche-bridged,tether.to,21763.png,"{""avalanche"":""0xc7198437980c041c805a1edcba50c1ce5db95118""}"
21769,METAL,Metal Blockchain,metal-blockchain,metalblockchain.org,21769.png,"{""ethereum"":""0x294559fa758c88d639fd085751e463fee7806eab""}"
21775,YYAVAX,Yield Yak AVAX,yield-yak-avax,yieldyak.com,21775.png,"{""avalanche"":""0xf7d9281e8e363584973f946201b82ba72c965d27""}"
21781,STRD,Stride,stride,stride.zone,21781.png,"{""osmosis"":""ibc/A8CA5EE328FA10C9519DF6057DA1F69682D28F7D0F5CCC7ECB72E3DCA2D157A4""}"
21794,APT,Aptos,aptos,aptosfoundation.org,21794.png,"{""aptos"":""0x1::aptos_coin::AptosCoin""}"
21822,BKN,Brickken,brickken,brickken.com,21822.png,"{""ethereum"":""0xFc209EeBA3D744aA741cc5C2A73Ebf9C977B5F82"",""bnb"":""0xFc209EeBA3D744aA741cc5C2A73Ebf9C977B5F82"",""base"":""0xFc209EeBA3D744aA741cc5C2A73Ebf9C977B5F82""}"
21829,TBC,Ten Best Coins,ten-best-coins,tenbestcoins.com,21829.png,"{""ethereum"":""0x03042ae6fcfd53e3a0baa1fab5ce70e0cb74e6fb""}"
21831,O,Childhoods End,childhoods-end,,21831.png,"{""ethereum"":""0xb53ecf1345cabee6ea1a65100ebb153cebcac40f""}"
21842,ETHF,EthereumFair,ethereumfair,etherfair.org,21842.png,{}
21846,ID,SPACE ID,space-id,space.id,21846.png,"{""ethereum"":""0x2dfF88A56767223A5529eA5960Da7A3F5f766406"",""bnb"":""0x2dfF88A56767223A5529eA5960Da7A3F5f766406""}"
21849,DLC,Diverge Loop,diamond-launch,divergeloop.com,21849.png,"{""bnb"":""0xdE83180dD1166D4f8E5c2b7De14A2163b1Bb4a87""}"
21856,ZARP,ZARP Stablecoin,zarp-stablecoin,zarp.cash,21856.png,"{""ethereum"":""0xb755506531786C8aC63B756BaB1ac387bACB0C04"",""solana"":""8v8aBHR7EXFZDwaqaRjAStEcmCj6VZi5iGq1YDtyTok6"",""base"":""0xb755506531786C8aC63B756BaB1ac387bACB0C04"",""polygon-ecosystem-token"":""0xb755506531786C8aC63B756BaB1ac387bACB0C04""}"
21870,MPLX,Metaplex,metaplex,metaplex.com,21870.png,"{""bnb"":""0x75a5863A19aF60ec0098d62ED8C34cc594fB470f"",""solana"":""METAewgxyPbgwsseH8T16a39CQ5VyVxZi9zXiDPY18m""}"
21871,CUSD,Coin98 Dollar,coin98-dollar,coin98.com,21871.png,"{""ethereum"":""0xC285B7E09A4584D027E5BC36571785B515898246"",""bnb"":""0xfa4ba88cf97e282c505bea095297786c16070129"",""solana"":""CUSDvqAQLbt7fRofcmV2EXfPA2t36kzj7FjzdmqDiNQL""}"
21882,BOB,BOB,bob,zkbob.com,21882.png,"{""ethereum"":""0xB0B195aEFA3650A6908f15CdaC7D92F8a5791B0B"",""bnb"":""0xB0B195aEFA3650A6908f15CdaC7D92F8a5791B0B"",""polygon-ecosystem-token"":""0xb0b195aefa3650a6908f15cdac7d92f8a5791b0b"",""optimism-ethereum"":""0xB0B195aEFA3650A6908f15CdaC7D92F8a5791B0B""}"
21885,RUG,RUG RADIO,rug-radio,rug.fm,21885.png,"{""ethereum"":""0xd2d8d78087d0e43bc4804b6f946674b2ee406b80""}"
21905,NSK,NSKSwap,nskswap,noahsar.com,21905.png,"{""bnb"":""0x47fB260e384C807C7f365F754239408cD1ff34f2""}"
21912,STATE,New World Order,new-world-order,nwo.capital,21912.png,"{""ethereum"":""0x00c2999c8b2adf4abc835cc63209533973718eb1"",""solana"":""2Ar2n5DJSiQuMhY4XeSzg7C5AGMezZPoLUt98VmmjsAR""}"
21914,SAUCE,SaucerSwap,saucerswap,saucerswap.finance,21914.png,"{""hedera"":""0.0.731861"",""base"":""0xA4FF56eF7Ef4a2CaD03cFa130208C9BC1b45d293""}"
21916,ISK,ISKRA Token,iskra,iskra.world,21916.png,"{""ethereum"":""0x17d2628D30F8e9E966c9Ba831c9B9b01ea8Ea75C"",""kaia"":""0xd85EFF20288ca72eA9eEcFFb428F89EE5066CA5C"",""base"":""0xd85EFF20288ca72eA9eEcFFb428F89EE5066CA5C""}"
21917,PIX,Pixie,pixie,pixie.xyz,21917.png,{}
21926,LEOX,LEOX,galileo-protocol,galileoprotocol.io,21926.png,"{""ethereum"":""0xa444EC96Ee01bB219A44B285De47bf33C3447ad5""}"
21929,KWENTA,Kwenta,kwenta,kwenta.io,21929.png,"{""optimism-ethereum"":""0x920Cf626a271321C151D027030D5d08aF699456b""}"
21947,EGGT,Egg N Partners,egg-n-partners,eggverse.io,21947.png,"{""ethereum"":""0x096Cc1544FE972039353F3401Bce92F8e3978693"",""polygon-ecosystem-token"":""0x74c96c05d87C86cd640dE3EEB7B073811006b991""}"
21951,OKI,HDOKI,hdoki,hdoki.io,21951.png,"{""solana"":""GJQpf6Zjvokd3YK5EprXqZUah9jxkn8aG4pTeWL7Gkju""}"
21952,BFT,The Big Five Token,the-big-five-token,nzvedazbigfive.io,21952.png,"{""bnb"":""0x4b87F578d6FaBf381f43bd2197fBB2A877da6ef8""}"
21964,TET,Tectum,tectum,tectum.io,21964.png,"{""ethereum"":""0x68A47Fe1CF42eBa4a030a10CD4D6a1031Ca3CA0a""}"
21988,QIE,QIE Blockchain,qi-blockchain,qie.digital,21988.png,{}
21991,HATCHY,Hatchyverse,hatchypocket,hatchyverse.com,21991.png,"{""bnb"":""0x8af48050534ee9bde12ec6e45ea3db4908c04777"",""avalanche"":""0x502580fc390606b47fc3b741d6d49909383c28a9""}"
21997,WAIT,Hourglass,hourglass,hourglassx.com,21997.png,"{""ethereum"":""0x2559813bbb508c4c79e9ccce4703bcb1f149edd7""}"
22001,SONNE,Sonne Finance,sonne-finance,sonne.finance,22001.png,"{""optimism-ethereum"":""0x1db2466d9f5e10d7090e7152b68d62703a2245f0""}"
22008,VBG,Vibing,vibing,vibingprotocol.io,22008.png,"{""bnb"":""0x756176aff6b885eD0C21B1718c739bF8A371eF82""}"
22010,IRISTOKEN,Iris Ecosystem,iris-ecosystem,iristoken.io,22010.png,"{""ethereum"":""0x7b9f36a2F331EcE03a7483D2713Cfd806f9bEef2""}"
22034,ROND,ROND,rond,genso.game,22034.png,"{""polygon-ecosystem-token"":""0x204820b6e6feae805e376d2c6837446186e57981"",""ethereum"":""0x82197d7446a435105d6f3a430d72a6713960e34d""}"
22039,ATC,Atlantis Coin®,atlantis-coin,atlantischain.org,22039.png,"{""bnb"":""0xfc0CFF733131614D02707741A4A74CDEB4b06EAe"",""robinhood-placeholder"":""0xbfAA6082D6c82E0752A2aA7558746fC5a5dAAAAA"",""arc-token"":""0xD794cE63002C4Ae9DA4f373f1ecb856187b7A375""}"
22046,STZU,Shihtzu Exchange,shihtzu-exchange,shihtzu.exchange,22046.png,"{""bnb"":""0x31801b15215c021e7988fa0bc37dcfa6a303bd00""}"
22050,MEE,Medieval Empires,medieval-empires,medievalempires.com,22050.png,"{""polygon-ecosystem-token"":""0xEB7eaB87837f4Dad1bb80856db9E4506Fc441f3D""}"
22052,SN,SpaceN,spacen,spacen.xyz,22052.png,"{""bnb"":""0x939dd9e433552e325d78c33a16ef4cd8004d2f9c""}"
22059,VENOM,Venom,venom,venom.foundation,22059.png,{}
22069,ET,Extraterrestrial Token,extraterrestrial-token,superex.com,22069.png,"{""tron"":""TVxA6SiicW236YAQSELRxth52Tp9ypxkr2""}"
22071,LOAN,LOAN Protocol,loan-protocol,lending.metalx.com,22071.png,"{""proton"":""loan.token""}"
22074,ALEX,ALEX Lab,alex-lab,alexgo.io,22074.png,"{""stacks"":""SP3K8BC0PPEVCV7NZ6QSRWPQ2JE9E5B6N3PA0KBR9.age000-governance-token""}"
22076,RXT,RIMAUNANGIS,rimaunangis,rimaunangis.world,22076.png,"{""bnb"":""0x8d1427a32f0a4c4bf052252e68e7ff1b2ba80c01""}"
22089,ADO,ADO Protocol,ado-protocol,adoprotocol.com,22089.png,"{""ethereum"":""0xf9902edfca4f49dcaebc335c73aebd82c79c2886""}"
22099,TTC,Tongtongcoin,tongtongcoin,ttcoin.io,22099.png,"{""avalanche"":""0xd4b75398bF99d84fEBf79DB4D05D0951b51159c3""}"
22103,LNR,Lunar,lunar-v2,lunar.io,22103.png,"{""bnb"":""0xc1A59a17F87ba6651Eb8E8F707db7672647c45bD""}"
22107,ZIX,Coinzix,coinzix,coinzix.com,22107.png,"{""bnb"":""0x48077400FAF11183c043Feb5184a13ea628Bb0DB""}"
22112,KRS,Kingdom Raids,kingdom-raids,kingdomraids.io,22112.png,"{""bnb"":""0x37b53894e7429f794B56F22a32E1695567Ee9913""}"
22113,KAP,KAP Games,kap-games,kap.gg,22113.png,"{""ethereum"":""0x9625ce7753ace1fa1865a47aae2c5c2ce4418569"",""arbitrum"":""0x965d00aA7ABC62CA10132e641D08593435aC811d"",""polygon-ecosystem-token"":""0xc27158bb8e08899d38765752f91d7d778e16ab8e"",""blast"":""0x15d24de366F69b835Be19f7Cf9447e770315DD80""}"
22118,XEN,XEN Crypto,xen-crypto,xen.network,22118.png,"{""ethereum"":""0x06450dEe7FD2Fb8E39061434BAbCFC05599a6Fb8"",""bnb"":""0x2AB0e9e4eE70FFf1fB9D67031E44F6410170d00e"",""polygon-ecosystem-token"":""0x2AB0e9e4eE70FFf1fB9D67031E44F6410170d00e"",""avalanche"":""0xC0C5AA69Dbe4d6DDdfBc89c0957686ec60F24389""}"
22125,MYTH,Mythos,mythos,mythos.foundation,22125.png,"{""ethereum"":""0xba41ddf06b7ffd89d1267b5a93bfef2424eb2003"",""avalanche"":""0x9B9fd410d5F01a6A60acF4678a5A99D8027FA5A7"",""base"":""0x9B9fd410d5F01a6A60acF4678a5A99D8027FA5A7""}"
22129,ICSA,Icosa,icosa,icosa.pro,22129.png,"{""ethereum"":""0xfc4913214444af5c715cc9f7b52655e788a569ed""}"
22142,00,00 Token,00-token,p00ls.io,22142.png,"{""ethereum"":""0x881ba05de1e78f549cc63a8f6cabb1d4ad32250d""}"
22153,ELF,ELF Wallet,elf-wallet,elfwallets.com,22153.png,"{""ethereum"":""0x831be1970511c069ddedc452ffbbee55eeb70170"",""bnb"":""0x56d594d76b37be83c54abf8a4747d60ce58d32c2""}"
22172,PIB,PiBase,pibridge,pibase.co,22172.png,"{""bnb"":""0x45b19b46Be1B9006F388873E2C460FCcc7d00F15""}"
22181,FRP,Fame Reward Plus,fame-reward-plus,famerewardplus.ai,22181.png,"{""bnb"":""0x8eca5c1b51a801a822912167153041ed0b92a397""}"
22189,DECI,Maximus DECI,maximus-deci,maximusdao.com,22189.png,"{""ethereum"":""0x6b32022693210cd2cfc466b9ac0085de8fc34ea6""}"
22234,MARCO,MELEGA,melega,melega.finance,22234.png,"{""bnb"":""0x963556de0eb8138E97A85F0A86eE0acD159D210b"",""solana"":""6SWgjmuTyPAcYYU77Mzf1gE6QA7ZcZsbsfiThz2cW1VF"",""polygon-ecosystem-token"":""0xF31A621A0e75d90fdA320EeE52956D718Fa34615"",""robinhood-placeholder"":""0x803925DacEcCc32343cdac0C731dB07a1A384bFB"",""arc-token"":""0x30Eb6f2878f60Ba0eD6418BFE7CAdCd0F475A265""}"
22253,MEWC,Meowcoin,meowcoin,mewccrypto.com,22253.png,{}
22264,OHO,Oho,oho,oho.ai,22264.png,"{""bnb"":""0x0576FaD3B0df2722d6bA73E0d37F0658f8cf10cD""}"
22265,OAS,Oasys,oasys,oasys.games,22265.png,"{""ethereum"":""0x03b4BD7D900dEFe84098665e3d96dCA73a1f608B""}"
22278,THE,The Protocol,the-protocol,theprotocoloff.com,22278.png,"{""ethereum"":""0x0cba60ca5ef4d42f92a5070a8fedd13be93e2861""}"
22289,MYRIA,Myria,myria,myria.com,22289.png,"{""ethereum"":""0xa0ef786bf476fe0810408caba05e536ac800ff86""}"
22314,HPO,Hippo Wallet Token (HPO),hippo-wallet-token,hippowallet.io,22314.png,"{""ethereum"":""0xa0ED3C520dC0632657AD2EaaF19E26C4fD431a84"",""bnb"":""0xa0ED3C520dC0632657AD2EaaF19E26C4fD431a84"",""moonbeam"":""0x823d826d3aB6956ba934893f325e7c323fAAF6Ca""}"
22320,HELLO,HELLO Labs,hello-labs,thehellolabs.com,22320.png,"{""ethereum"":""0x411099C0b413f4fedDb10Edf6a8be63BD321311C"",""bnb"":""0x0f1cbed8efa0e012adbccb1638d0ab0147d5ac00"",""solana"":""4h49hPGphLNJNDRyiBwzvKoasR3rw1WJCEv19PhUbSS4""}"
22321,ASH,AshSwap,ashswap,ashswap.io,22321.png,"{""multiversx-egld"":""ASH-a642d1""}"
22331,FAR,FAR Labs,farcana,farlabs.ai,22331.png,"{""bnb"":""0xC44F9f08E524669E5DEeEBC9EB142c81edfAd178""}"
22354,QUAI,Quai Network,quai-network,qu.ai,22354.png,"{""ethereum"":""0x70b7f7044D2ca8E2F1E999B90EF16d7Cb7A0cDA1"",""base"":""0x5c97D726bf5130AE15408cE32bc764e458320D2f"",""bnb"":""0x9287f86434412518b99e5Ab908e4AdDD9BaC6651""}"
22355,VRTX,Vertex Protocol,vertex-protocol,vertexprotocol.com,22355.png,"{""arbitrum"":""0x95146881b86B3ee99e63705eC87AfE29Fcc044D9"",""ethereum"":""0xbbEE07B3e8121227AfCFe1E2B82772246226128e""}"
22359,XPLA,CONX,xpla,xpla.io,22359.png,"{""osmosis"":""ibc/95C9B5870F95E21A242E6AF9ADCB1F212EE4A8855087226C36FBE43FC41A77B8""}"
22367,BGVT,BIT GAME VERSE TOKEN,bit-game-verse-token,bgverse.io,22367.png,"{""bnb"":""0xa03110800894b3CcF8723D991d80875561F96777""}"
22389,MMSC,MMSC PLATFORM,mmsc-platform,mms-soilminerals.com,22389.png,"{""bnb"":""0x67Db74b6D1Ea807CB47248489c99D144323D348d""}"
22391,MGP,Magpie,magpie,magpiexyz.io,22391.png,"{""bnb"":""0xD06716E1Ff2E492Cc5034c2E81805562dd3b45fa"",""arbitrum"":""0xa61F74247455A40b01b0559ff6274441FAfa22A3""}"
22396,LEVE,Leve Invest,leve-invest,leve.app.br,22396.png,"{""bnb"":""0xb12418ae5284ac6215ee255b5cbc7d795e7016b5""}"
22423,PRIMAL,PRIMAL,primal-token,getprimal.com,22423.png,"{""bnb"":""0xcb5327ed4649548e0d73e70b633cdfd99af6da87"",""step-app"":""0x0bbe45a033Aab7A90006C05aa648efD3d2993F9E""}"
22439,PROTEO,Proteo DeFi,proteo-defi,proteodefi.com,22439.png,"{""multiversx-egld"":""PROTEO-0c7311""}"
22442,PALM,PalmPay,palmpay,palmpaycoin.com,22442.png,"{""bnb"":""0xF85BE0902a16fb87D447021d6e4517b38a15087d""}"
22443,ITA,Italian National Football Team Fan Token,italian-national-football-team-fan-token,socios.com,22443.png,"{""solana"":""Gi7tY2BixXnj9XiSFFRFbjJ2h4Su146h6iF4ipALaDuX"",""base"":""0x40a4185740561d8ae61a56690b1fc24ed2313b02"",""chiliz"":""0x90111A53D94efe28F34562b53F04F471522d57b3""}"
22444,CPFC,Crystal Palace Fan Token,crystal-palace-fan-token,socios.com,22444.png,"{""solana"":""34R8NsHYctkbXJ6yxKfyStFLuWbeioJiRKbY5Vn9eyry"",""base"":""0x401467a58df4c87f010c37a57988efa73c4c8ee7"",""chiliz"":""0x58613484D9683d52899e13d42BB3fb9eEB0749da""}"
22454,PEPE,PepePAD,pepepad-vip,pepepad.vip,22454.png,"{""bnb"":""0xef00278d7eadf3b2c05267a2f185e468ad7eab7d"",""arbitrum"":""0xef00278d7eadf3b2c05267a2f185e468ad7eab7d""}"
22458,DOLZ,DOLZ,dolz,dolz.io,22458.png,"{""ethereum"":""0xe939F011a3d8fC0AA874c97e8156053a903D7176"",""polygon-ecosystem-token"":""0x6ab4e20f36ca48b61ecd66c0450fdf665fa130be"",""base"":""0x8102b2864Eade51A1c36497747132aF689824b59""}"
22461,HFT,Hashflow,hashflow,hashflow.com,22461.png,"{""ethereum"":""0xb3999F658C0391d94A37f7FF328F3feC942BcADC"",""bnb"":""0x44Ec807ce2F4a6F2737A92e985f318d035883e47""}"
22487,CATHEON,Artisse,catheon-gaming,artisseinteractive.com,22487.png,"{""polygon-ecosystem-token"":""0x7e7737C40878e720b32e7bC9CD096259f876d69f""}"
22492,VNXAU,VNX Gold,vnx-gold,vnx.li,22492.png,"{""ethereum"":""0x6d57B2E05F26C26b549231c866bdd39779e4a488"",""solana"":""9TPL8droGJ7jThsq4momaoz6uhTcvX2SeMqipoPmNa8R"",""stellar"":""VNXAU-GCKIYYQVIFBIFDRN7BNDNHL3UZSFHT5NHDAISG2N3MWCZY3WNXL3LXN3"",""tezos"":""KT1LSH97386CURN9FgRNqdQJoHaHY6e1vxUv"",""base"":""0xac3fe22294beaed9d1fd752323a6d06d12ff3098""}"
22502,DBI,Don't Buy Inu,don-t-buy-inu,dbinu.com,22502.png,"{""ethereum"":""0x2de509bf0014ddf697b220be628213034d320ece""}"
22527,GGT,GameGuru,gameguru,gameguru.gg,22527.png,"{""bnb"":""0xd2359c576632234D1354B20Bf51B0277Be20C81e""}"
22533,JITOSOL,Jito Staked SOL,jito-staked-sol,jito.network,22533.png,"{""solana"":""J1toso1uCk3RLmjorhTtrVwY9HJ7X8V9yYac6Y7kGCPn"",""base"":""0x97be14dd8f994a5364573bc035d85309e7cb34de""}"
22534,GENZ,GENZ Token,genz-token,excoms.io,22534.png,"{""solana"":""GENZexWRRGNS2Ko5rEgGG1snRXpaa3CDDGYnhTSmE3kd""}"
22538,TMG,T-mac DAO,t-mac-dao,t-mac.homes,22538.png,"{""bnb"":""0x71b87be9ccBABe4F393e809dfc26Df3c9720E0a2""}"
22556,PZP,PlayZap,playzap,playzap.games,22556.png,"{""bnb"":""0xdCE40c14D5956F8b8bA912402bA73B4D4d599612"",""solana"":""ADVgDMbbn6LZTdo84UDAgCUew2JMMHe6BnH3KNN3qiLb"",""core-dao"":""0xf6f46bd1f85ebf00c6d7490678ad020bc73969a7""}"
22596,KXP,KodexPay,kodexpay,token.kodexpay.com,22596.png,"{""bnb"":""0x02a655942Dbb886c77bb22B270060c561300B0E2""}"
22601,AUTUMN,Autumn,autumn,seasonaltokens.org,22601.png,"{""ethereum"":""0x4c3bae16c79c30eeb1004fb03c878d89695e3a99"",""polygon-ecosystem-token"":""0xfbA4d30e964E40775C95B58AcF6b5A621b929c0a""}"
22602,EQ9,EQ9,equals9,equals9.com,22602.png,"{""polygon-ecosystem-token"":""0x3963a400b42377376d6c3d92ddf2d6288d8ee0d6""}"
22615,FTN,Fasttoken,fasttoken,fasttoken.com,22615.png,"{""bnb"":""0x1045971c168B5294aCbc8727a4f1C9e1AF99f6d0"",""base"":""0x1045971c168B5294aCbc8727a4f1C9e1AF99f6d0"",""arbitrum"":""0x1045971c168B5294aCbc8727a4f1C9e1AF99f6d0""}"
22620,ACX,Across Protocol,across-protocol,across.to,22620.png,"{""ethereum"":""0x44108f0223A3C3028F5Fe7AEC7f9bb2E66beF82F""}"
22621,STB,stabble,sola-x,stabble.org,22621.png,"{""solana"":""STBuyENwJ1GP4yNZCjwavn92wYLEY3t5S1kVS5kwyS1""}"
22633,C4E,C4E,chain4energy,c4e.io,22633.png,"{""bnb"":""0x27443b27dfdf632390521c0b8a6fdafe07d8f79f"",""osmosis"":""ibc/62118FB4D5FEDD5D2B18DC93648A745CD5E5B01D420E9B7A5FED5381CB13A7E8""}"
22652,MLC,Mithila Coin,muni,mithilacoin.com,22652.png,"{""bnb"":""0xba8b025a4332bb8b649bbcd33831f3f505d1cf12""}"
22656,GAU,Gamer Arena,gamer-arena,about.gamerarena.com,22656.png,"{""avalanche"":""0xca8ebfb8e1460aaac7c272cb9053b3d42412aac2""}"
22680,DINO,DinoLFG,dinolfg,dinolfg.com,22680.png,"{""ethereum"":""0x49642110b712c1fd7261bc074105e9e44676c68f"",""solana"":""33eWALS9GkzSMS3EsKSdYCsrUiMdQDgX2QzGx4vA9wE8""}"
22691,STRK,Starknet,starknet-token,starknet.io,22691.png,"{""ethereum"":""0xCa14007Eff0dB1f8135f4C25B34De49AB0d42766"",""starknet-token"":""0x4718f5a0fc34cc1af16a1cdee98ffb20c31f5cd61d6ab07201858f4287c938d""}"
22698,PINE,Pine,pine,pine.loans,22698.png,"{""ethereum"":""0x569424c5EE13884A193773fDC5d1c5f79C443a51"",""polygon-ecosystem-token"":""0x612D833c0c7A54cdfBe9a4328B6d658020563Ec0""}"
22700,UUSD,Utopia USD,utopia-usd,u.is,22700.png,{}
22713,HOLY,HolyGrails.io,holygrails-io,holygrails.io,22713.png,"{""solana"":""HezGWsxSVMqEZy7HJf7TtXzQRLiDruYsheYWqoUVnWQo""}"
22724,VASCO,Vasco da Gama Fan Token,vasco-da-gama-fan-token,socios.com,22724.png,"{""solana"":""4nQBeMMsLJXfFQRS5VnLxCCk74iVguJMhZ2etSHq1nFz"",""base"":""0x3a45dd104e5aa792d7aff0d2a942450358e291fc"",""chiliz"":""0xd5f1b2454db115967bfac73bfea21da5e2543c8e""}"
22730,MIA,MiaSwap,miaswap,miaswap.io,22730.png,{}
22736,IST,Inter Stable Token,inter-stable-token,inter.trade,22736.png,"{""osmosis"":""ibc/92BE0717F4678905E53F4E45B2DED18BC0CB97BF1F8B6A25AFEDF3D5A879B4D5""}"
22744,JEUR,Jarvis Synthetic Euro,jarvis-synthetic-euro,jarvis.network,22744.png,"{""ethereum"":""0x0f17bc9a994b87b5225cfb6a2cd4d667adb4f20b"",""polygon-ecosystem-token"":""0x4e3decbb3645551b8a19f0ea1678079fcb33fb4c"",""bnb"":""0x23b8683ff98f9e4781552dfe6f12aa32814924e8""}"
22761,CRVFRAX,Curve.fi FRAX/USDC,curve-fi-frax-usdc,curve.finance,22761.png,"{""ethereum"":""0x3175df0976dfa876431c2e9ee6bc45b65d3473cc""}"
22764,HOOK,Hooked Protocol,hooked-protocol,hooked.io,22764.png,"{""bnb"":""0xa260e12d2b924cb899ae80bb58123ac3fee1e2f0""}"
22765,AL,ArchLoot,archloot,archloot.com,22765.png,"{""ethereum"":""0x046BAd07658f3B6cAd9A396CFcbC1243AF452ec1""}"
22766,ASM,AS Monaco Fan Token,as-monaco-fan-token,socios.com,22766.png,"{""solana"":""A2XmL1189cLLdueuUBKggSJkCymz3Q6xpeqba5VzhvLN"",""base"":""0x921816f7259a4192590cfd20ef821e0d6e769d69"",""chiliz"":""0x57F3D2382025cF5d6c3B126dcE0360D9Cf3AfF49""}"
22767,TRI,Trillant,trillant,trillant.com,22767.png,"{""ethereum"":""0xcc06579a4cd31b79d5277ed637edbfeb7bb2686a""}"
22770,GFLY,BattleFly,battlefly,battlefly.game,22770.png,"{""arbitrum"":""0x872bAD41CFc8BA731f811fEa8B2d0b9fd6369585""}"
22771,INDY,Indigo Protocol,indigo-protocol,indigoprotocol.io,22771.png,"{""cardano"":""533bb94a8850ee3ccbe483106489399112b74c905342cb1792a797a0494e4459""}"
22789,VATRENI,Croatian Football Federation Token,croatian-ff-fan-token,token.hns-cff.hr,22789.png,"{""ethereum"":""0x4CdA244c7e93045c88f86e6Ec571C223bEc2fc70"",""solana"":""EWhqwYvieNsYCbn5Mb71ZopXYqiMvHmSfV2dUYNpdv2M"",""polygon-ecosystem-token"":""0xd60deba014459f07bbcc077a5b817f31dafd5229""}"
22794,CANDY,Bored Candy City,bored-candy-city,candycity.finance,22794.png,"{""cronos"":""0x06C04B0AD236e7Ca3B3189b1d049FE80109C7977""}"
22816,NUSA,Nusa,nusa,nusa.finance,22816.png,"{""bnb"":""0xe11F1D5EEE6BE945BeE3fa20dBF46FeBBC9F4A19""}"
22837,DIMO,DIMO,dimo,dimo.org,22837.png,"{""ethereum"":""0x5fab9761d60419c9eeebe3915a8fa1ed7e8d2e1b"",""solana"":""ERQXNXuWfpaGMh9Cs19zxcQTtzCVNZerdKXJ7BQKXVhd"",""polygon-ecosystem-token"":""0xE261D618a959aFfFd53168Cd07D12E37B26761db"",""base"":""0x5eAA326fB2fc97fAcCe6A79A304876daD0F2e96c""}"
22850,HONEY,Hivemapper,hivemapper,hivemapper.com,22850.png,"{""solana"":""4vMsoUT2BWatFweudnQM1xedRLfJgJ7hswhcpz4xgBTy""}"
22858,DNX,Dynex,dynex,dynexcoin.org,22858.png,"{""ethereum"":""0x9928a8600D14ac22c0be1E8D58909834d7ceAf13""}"
22861,TIA,Celestia,celestia,celestia.org,22861.png,"{""osmosis"":""ibc/D79E7D83AB399BFFF93433E54FAA480C191248FC556924A2A8351AE2638B3877"",""injective"":""ibc/F51BB221BAA275F2EBF654F70B005627D7E713AFFD6D86AFD1E43CAA886149F4""}"
22866,RXD,Radiant,radiant,radiantblockchain.org,22866.png,{}
22892,NAVI,Atlas Navi,atlas-navi,atlasnavi.com,22892.png,"{""ethereum"":""0xfc1c93a2507975e98b9d0e9260ded61a00152bf1"",""base"":""0x37CfcDd301E992cd0c2435049D7075C6583B1D0E""}"
22897,REGENT,REGENT COIN,regent-coin,regentcoin.finance,22897.png,"{""bnb"":""0x4fFa143Ce16A24215e8dF96c0CEF5677a7B91EE4""}"
22899,DRB,Digimon Rabbit,digimon-rabbit,digimonrabbit.com,22899.png,"{""bnb"":""0x485d37ca1c8d4e0b5b11b87604816a4843c079ed""}"
22906,SDL,stake.link,stake-link,stake.link,22906.png,"{""ethereum"":""0xa95c5ebb86e0de73b4fb8c47a45b792cfea28c23""}"
22926,SPXC,SpaceXCoin,spacexcoin,spacexcoin.app,22926.png,"{""bnb"":""0x3D4fE86C53F7E87B317A46942db2806613683e28""}"
22929,VERSE,Verse,verse-token,verse.bitcoin.com,22929.png,"{""ethereum"":""0x249cA82617eC3DfB2589c4c17ab7EC9765350a18"",""polygon-ecosystem-token"":""0xc708d6f2153933daa50b2d0758955be0a93a8fec""}"
22933,EUSD,Electronic USD,electronic-usd,register.app,22933.png,"{""ethereum"":""0xA0d69E286B938e21CBf7E51D71F6A4c8918f482F""}"
22943,LL,LightLink,lightlink,lightlink.io,22943.png,"{""ethereum"":""0x0921799CB1d702148131024d18fCdE022129Dc73"",""base"":""0x519d3443cacc61bd844546edaea48e5502021802""}"
22944,ANKRBNB,Ankr Staked BNB,ankr-staked-bnb,ankr.com,22944.png,"{""bnb"":""0x52F24a5e03aee338Da5fd9Df68D2b6FAe1178827""}"
22949,GRAIL,Camelot Token,camelot-token,camelot.exchange,22949.png,"{""arbitrum"":""0x3d9907f9a368ad0a51be60f7da3b97cf940982d8""}"
22950,CAT,Cat,cat-cat-token,catcattoken.com,22950.png,"{""bnb"":""0x0173295183685f27c84db046b5f0bea3e683c24b""}"
22959,ABEL,Abel finance,abel-finance,abelfinance.xyz,22959.png,"{""aptos"":""0x70322595a73b3fc53bb166f5783470afeb1ed9f46d1176db62139991505dc61::abel_coin::AbelCoin""}"
22963,GERMANY,Germany Rabbit Token,germany-rabbit-token,germanynft.club,22963.png,"{""bnb"":""0xd9d0e3dd09c78930de4ac83856bd0af6d3dd2022""}"
22974,TAO,Bittensor,bittensor,bittensor.com,22974.png,"{""bittensor"":""0"",""solana"":""taoC6xyv2v8tDLcev4uaGUgV4vdQsWJrGft2kcBRrBY"",""base"":""0xf3081494b87e8d5fb7960f066e931d1d0e6e3d67"",""robinhood-placeholder"":""0xf3081494b87e8d5fb7960f066e931d1d0e6e3d67""}"
22981,SFIT,Sense4FIT,sense4fit,sense4fit.io,22981.png,"{""multiversx-egld"":""SFIT-aebc90""}"
22983,CROID,Cronos ID,cronos-id,cronosid.xyz,22983.png,"{""cronos"":""0xCbF0ADeA24fd5f32c6e7f0474f0d1b94Ace4E2e7""}"
22984,CADINU,Canadian Inuit Dog,canadian-inuit-dog-v2,cadinu.io,22984.png,"{""bnb"":""0x76e112203eF59D445452ef7556386dD2DF3Ed914""}"
22985,IMPT,IMPT,impt,impt.io,22985.png,"{""ethereum"":""0x04c17b9d3b29a78f7bd062a57cf44fc633e71f85""}"
22989,IUSD,Indigo Protocol - iUSD,indigo-protocol-iusd,indigoprotocol.io,22989.png,"{""cardano"":""f66d78b4a3cb3d37afa0ec36461e51ecbde00f26c8f0a68f94b6988069555344""}"
22999,AMKT,Alongside Crypto Market Index,alongside-crypto-market-index,alongside.xyz,22999.png,"{""ethereum"":""0xF17A3fE536F8F7847F1385ec1bC967b2Ca9caE8D"",""polygon-ecosystem-token"":""0xB87904DB461005FC716a6BF9F2d451c33b10b80b"",""optimism-ethereum"":""0xC27D9BC194a648fE3069955a5126699C4e49351C"",""arbitrum"":""0x498c620c7c91c6eba2e3cd5485383f41613b7eb6""}"
23006,DBR,DOLA Borrowing Right,dola-borrowing-right,inverse.finance,23006.png,"{""ethereum"":""0xAD038Eb671c44b853887A7E32528FaB35dC5D710""}"
23009,OVL,Overlay,overlay-protocol,overlay.market,23009.png,"{""bnb"":""0x1F34c87ded863Fe3A3Cd76FAc8adA9608137C8c3""}"
23015,NEON,Neon EVM,neon,neonevm.org,23015.png,"{""solana"":""NeonTjSjsuo3rexg9o6vHuMXw62f9V7zvmu8M8Zut44"",""neon"":""0xeeeeeeeeeeeeeeeeeeeeeeeeeeeeeeeeeeeeeeee""}"
23029,VXT,Voxto Amplify,voxto-amplify,voxto.com,23029.png,"{""ethereum"":""0xd7A5456a6fd8ce64A8eCf5eA8D1976EB03fD47B6""}"
23036,LCRO,Liquid CRO,veno-finance,veno.finance,23036.png,"{""cronos"":""0x9fae23a2700feecd5b93e43fdbc03c76aa7c08a6""}"
23037,HIFI,Hifi Finance,hifi-finance,hifi.finance,23037.png,"{""ethereum"":""0x4b9278b94a1112cAD404048903b8d343a810B07e""}"
23038,NAVI,Navigator Exchange,mummy-finance,navigator.exchange,23038.png,"{""sonic"":""0x6881b80ea7c858e4aeef63893e18a8a36f3682f3""}"
23046,MCOIN,MCOIN,mcoin1,m20chain.com,23046.png,{}
23047,IBTC,Indigo Protocol - iBTC,indigo-protocol-ibtc,indigoprotocol.io,23047.png,"{""cardano"":""f66d78b4a3cb3d37afa0ec36461e51ecbde00f26c8f0a68f94b6988069425443""}"
23054,CHEEL,Cheelee,cheelee,cheelee.io,23054.png,"{""bnb"":""0x1F1C90aEb2fd13EA972F0a71e35c0753848e3DB0""}"
23057,OREO,OreoSwap,oreoswap,oreoswap.finance,23057.png,"{""arbitrum"":""0x319e222de462ac959baf2aec848697aec2bbd770""}"
23060,SPOT,Spot,spot,spot.cash,23060.png,"{""ethereum"":""0xC1f33e0cf7e40a67375007104B929E49a581bafE"",""base"":""0x8f2E6758C4D6570344bd5007DEc6301cd57590A0""}"
23063,SHIK,SHIKOKU,shikoku,shikoku.io,23063.png,"{""ethereum"":""0x24da31e7bb182cb2cabfef1d88db19c2ae1f5572""}"
23076,LKT,Lux King Tech,lux-king-tech,kinganimals.com,23076.png,"{""bnb"":""0xd966cc309898847ded8741deb877d16a7fae4d2c""}"
23081,UNS,UNS TOKEN,uns-token,uns.technology,23081.png,"{""bnb"":""0xEcf99aB23C11ddc6520252105308C251001AEfBB"",""solana"":""9V4iZc2VcbbbLAwK8Do9YQXRK5ZJ3DEz4EEgaN4nDuns""}"
23089,T99,Tethereum,tethereum,tethereum.org,23089.png,"{""bnb"":""0xF5F53af4595BaB806E2522Ca7A8bbcB70a9b3DA8""}"
23091,LYFE,LYFE,lyfe-v2,lyfe.land,23091.png,"{""ethereum"":""0xd87de4cCef2c2FE651bc4d130cb1A365248f21fA""}"
23095,BONK,Bonk,bonk1,bonkcoin.com,23095.png,"{""solana"":""DezXAZ8z7PnrnRJjz3wXBoRgixCa6xjnB7YaB1pPB263"",""ethereum"":""0x1151CB3d861920e07a38e03eEAd12C32178567F6"",""bnb"":""0xA697e272a73744b343528C3Bc4702F2565b2F422"",""polygon-ecosystem-token"":""0xe5b49820e5a1063f6f4ddf851327b5e8b2301048"",""arbitrum"":""0x09199d9a5f4448d0848e4395d065e1ad9c4a1f74"",""aptos"":""0x2a90fae71afc7460ee42b20ee49a9c9b29272905ad71fef92fbd8b3905a24b56"",""injective"":""inj14rry9q6dym3dgcwzq79yay0e9azdz55jr465ch"",""base"":""0xdf1cf211d38e7762c9691be4d779a441a17a6cfc""}"
23112,KABOSU,Kabosu Inu,kabosu-inu,welovekabosu.com,23112.png,"{""ethereum"":""0xbadff0ef41d2a68f22de21eabca8a59aaf495cf0""}"
23115,SHEN,Shen,shen,djed.xyz,23115.png,"{""cardano"":""8db269c3ec630e06ae29f74bc39edd1f87c819f1056206e879a1cd615368656e4d6963726f555344""}"
23119,LVL,Level Finance,level-finance,level.finance,23119.png,"{""bnb"":""0xB64E280e9D1B5DbEc4AcceDb2257A87b400DB149"",""arbitrum"":""0xb64e280e9d1b5dbec4accedb2257a87b400db149""}"
23121,BLUR,Blur,blur-token,blur.io,23121.png,"{""ethereum"":""0x5283d291dbcf85356a21ba090e6db59121208b44""}"
23143,MATCH,Matching Game,matching-game,matchinggame.vip,23143.png,"{""ethereum"":""0x7f78A88d77FA03F3cE4a94b14A0e1abB5eEEEDD7""}"
23146,HAN,HanChain,hanchain,khans.io,23146.png,"{""ethereum"":""0x0c90c57aaf95a3a87eadda6ec3974c99d786511f"",""optimism-ethereum"":""0x50Bce64397C75488465253c0A034b8097FeA6578""}"
23149,SEI,Sei,sei,sei.io,23149.png,"{""osmosis"":""ibc/71F11BC0AF8E526B80E44172EBA9D3F0A8E03950BB882325435691EBC9450B1D"",""sei"":""usei""}"
23151,BTTY,Bitcointry Token,bitcointry-token,bitcointry.com,23151.png,"{""bnb"":""0x2024B9bE6B03F2A57D3533ae33c7e1D0b0B4bE47""}"
23156,DUST,DeDust,dedust,dedust.io,23156.png,"{""gram"":""EQBlqsm144Dq6SjbPI4jjZvA1hqTIP3CvHovbIfW_t-SCALE""}"
23157,LAKE,Data Lake,data-lake,data-lake.co,23157.png,"{""ethereum"":""0xF9Ca9523E5b5A42C3018C62B084Db8543478C400""}"
23172,CHILI,CHILI,chili,chilisolana.com,23172.png,"{""solana"":""GPyzPHuFFGvN4yWWixt6TYUtDG49gfMdFFi2iniTmCkh""}"
23177,SFRXETH,Frax Staked Ether,frax-staked-ether,frax.finance,23177.png,"{""ethereum"":""0xac3E018457B222d93114458476f3E3416Abbe38F"",""bnb"":""0x3Cd55356433C89E50DC51aB07EE0fa0A95623D53"",""fantom"":""0xb90CCD563918fF900928dc529aA01046795ccb4A"",""polygon-ecosystem-token"":""0x6d1FdBB266fCc09A16a22016369210A15bb95761"",""optimism-ethereum"":""0x484c2D6e3cDd945a8B2DF735e079178C1036578c"",""moonbeam"":""0xecf91116348aF1cfFe335e9807f0051332BE128D"",""arbitrum"":""0x95aB45875cFFdba1E5f451B950bC2E42c0053f39"",""polygon"":""0x7c2af1fb79d0b1c67d4eb802d44c673d0a1d2c04"",""frax-share"":""0xFC00000000000000000000000000000000000005""}"
23179,FRONK,Fronk,fronk,fronk.xyz,23179.png,"{""solana"":""5yxNbU8DgYJZNi3mPD9rs4XLh9ckXrhPjJ5VCujUWg5H""}"
23183,SBONK,SHIBONK,shibonkcoin,shibonkcoin.com,23183.png,"{""solana"":""H1G6sZ1WDoMmMCFqBKAbg9gkQPCo1sKQtaJWz9dHmqZr""}"
23185,HBARX,HBARX,hbarx,hedera.staderlabs.com,23185.png,"{""hedera"":""0.0.834116""}"
23188,RCM,READ2N,read2n,read2n.com,23188.png,"{""bnb"":""0x7102f5bb8Cb3C6e7d085626E7a1347AafDf001f6""}"
23195,ACS,Access Protocol,access-protocol,accessprotocol.co,23195.png,"{""solana"":""5MAYDfq5yxtudAhtfyuMBuHZjgAbaS9tbEyEQYAhDS5y""}"
23196,GRV,Grove Coin,grove3,grovecoin.io,23196.png,"{""ethereum"":""0xf33893de6eb6ae9a67442e066ae9abd228f5290c"",""bnb"":""0xf33893de6eb6ae9a67442e066ae9abd228f5290c"",""grove3"":""0xE85f139488c689038028a3EB8fC38dcC29D4C340""}"
23204,GENI,Genius,genius,geni.app,23204.png,"{""ethereum"":""0x444444444444c1a66f394025ac839a535246fcc8"",""bnb"":""0x444444444444c1a66f394025ac839a535246fcc8"",""polygon-ecosystem-token"":""0x444444444444c1a66f394025ac839a535246fcc8"",""avalanche"":""0x444444444444c1a66f394025ac839a535246fcc8"",""pulsechain"":""0x444444444444c1a66f394025ac839a535246fcc8""}"
23208,PLSB,PulseBitcoin,pulsebitcoin,pulsebitcoin.com,23208.png,"{""ethereum"":""0x5ee84583f67d5ecea5420dbb42b462896e7f8d06""}"
23210,D2T,Dash 2 Trade,dash-trade,dash2trade.com,23210.png,"{""ethereum"":""0x4Dd942bAa75810a3C1E876e79d5cD35E09C97A76""}"
23212,COPE,Cope,copewithus,copeverse.wtf,23212.png,"{""solana"":""o1Mw5Y3n68o8TakZFuGKLZMGjm72qv4JeoZvGiCLEvK""}"
23216,ROE,Rise of Elves,rise-of-elves,riseofelves.com,23216.png,"{""polygon-ecosystem-token"":""0x1dc43be95b7a05987f1261cb388c129bb53ea599""}"
23218,USP,USP Token,united-states-property-coin,usp.io,23218.png,"{""ethereum"":""0x79b87d52a03ed26a19c1914be4ce37f812e2056c""}"
23224,NEFTY,NeftyBlocks,neftyblocks,neftyblocks.com,23224.png,{}
23225,FRXETH,Frax Finance - Frax Ether,frax-finance-frax-ether,app.frax.finance,23225.png,"{""ethereum"":""0x5E8422345238F34275888049021821E8E08CAa1f"",""bnb"":""0x64048A7eEcF3a2F1BA9e144aAc3D7dB6e58F555e"",""fantom"":""0x9E73F99EE061C8807F69f9c6CCc44ea3d8c373ee"",""polygon-ecosystem-token"":""0xEe327F889d5947c1dc1934Bb208a1E792F953E96"",""optimism-ethereum"":""0x6806411765Af15Bddd26f8f544A34cC40cb9838B"",""moonbeam"":""0x82bbd1b6f6De2B7bb63D3e1546e6b1553508BE99"",""arbitrum"":""0x178412e79c25968a32e89b11f63B33F733770c2A"",""polygon"":""0xcf7ecee185f19e2e970a301ee37f93536ed66179"",""frax-share"":""0xFC00000000000000000000000000000000000006"",""sonic"":""0x43edd7f3831b08fe70b7555ddd373c8bf65a9050""}"
23227,XI,Xi Token,xi-token,xiprotocol.io,23227.png,"{""ethereum"":""0x295B42684F90c77DA7ea46336001010F2791Ec8c""}"
23230,DOGGO,DOGGO,doggo,viktordao.io,23230.png,"{""solana"":""Doggoyb1uHFJGFdHhJf8FKEBUMv58qo98CisWgeD7Ftk""}"
23241,DTG,Defi Tiger,defi-tiger,defitigertoken.com,23241.png,"{""bnb"":""0xb1957bdba889686ebde631df970ece6a7571a1b6""}"
23244,OFE,Ofero,ofero-network,ofero.network,23244.png,"{""multiversx-egld"":""OFE-29eb54""}"
23246,TOMI,TOMI,tominet,tomi.com,23246.png,"{""ethereum"":""0x4385328cc4d643ca98dfea734360c0f596c83449""}"
23254,CORE,Core,core-dao,coredao.org,23254.png,"{""core-dao"":""0xeeeeeeeeeeeeeeeeeeeeeeeeeeeeeeeeeeeeeeee""}"
23262,AREA,Areum,areum-global,areum.network,23262.png,{}
23273,SKETCH,Sketch Coin,sketch-coin,sketchproject.io,23273.png,"{""polygon-ecosystem-token"":""0x93B97cCD88EE8c4e2D58b0FcefEc0C80fa4F34bc""}"
23295,VNO,Veno Finance,veno-finance-vno,veno.finance,23295.png,"{""cronos"":""0xdb7d0a1ec37de1de924f8e8adac6ed338d4404e9"",""zksync"":""0xE75A17b4F5c4F844688d5670B684515d7c785E63""}"
23300,AIPAD,AIPAD,aipad,aipad.tech,23300.png,"{""ethereum"":""0xE55d97A97ae6A17706ee281486E98A84095d8AAf"",""bnb"":""0xE55d97A97ae6A17706ee281486E98A84095d8AAf""}"
23305,SEDA,SEDA Protocol,seda-protocol,seda.xyz,23305.png,"{""ethereum"":""0x14862c03A0cACcC1aB328B062E64e31B2a1afcd7"",""base"":""0x306aCd0c07c430AbBBb2e74Ef7bdE94F32A898c0"",""osmosis"":""ibc/956AEF1DA92F70584266E87978C3F30A43B91EE6ABC62F03D097E79F6B99C4D8""}"
23315,HILO,HILO,hilo,hilomarket.com,23315.png,"{""ethereum"":""0x6c3fe25a4de7fa243c653cfe1f165bf11d99704e""}"
23326,GMMT,Giant Mammoth,giant-mammoth,gmmtchain.io,23326.png,{}
23334,AUD,Aussie Digital,aussie-digital,aussiedigital.io,23334.png,"{""bnb"":""0x372A26bd3b9A3a853Fbba211B65053705eE049B1""}"
23335,THE,THENA,thena,thena.fi,23335.png,"{""bnb"":""0xF4C8E32EaDEC4BFe97E0F595AdD0f4450a863a11""}"
23347,UT,Fantaverse,fantaverse,fantaverse.io,23347.png,"{""bnb"":""0x39dC1F91fee49C03a0Db558254707116101518bf""}"
23348,TALNT,Decentralized Pictures,decentralized-pictures,decentralized.pictures,23348.png,"{""base"":""0x8e04643a8fabea33c8269223ba88125cc5235e01""}"
23351,CRETA,Creta World,creta-world,creta.world,23351.png,"{""polygon-ecosystem-token"":""0x202655af326de310491cb54f120e02ee0da92b55""}"
23355,0X0,0x0.ai,0x0-ai-ai-smart-contract,0x0.ai,23355.png,"{""ethereum"":""0x5a3e6a77ba2f983ec0d371ea3b475f8bc0811ad5""}"
23380,NEXA,Nexa,nexa,nexa.org,23380.png,{}
23396,LOCK,Houdini Swap,lock-token,houdiniswap.com,23396.png,"{""ethereum"":""0x922D8563631B03C2c4cf817f4d18f6883AbA0109"",""solana"":""App2Sp9pgmQG7yD6uVaygULxALf4TpfALgnhHEkJimih""}"
23397,GFAL,Games for a Living,games-for-a-living,gamesforaliving.com,23397.png,"{""bnb"":""0x47c454cA6be2f6DEf6f32b638C80F91c9c3c5949""}"
23410,WCFX,Wrapped Conflux,wrapped-conflux-network,confluxnetwork.org,23410.png,"{""conflux-network"":""0x14b2d3bc65e74dae1030eafd8ac30c533c976a9b""}"
23412,PSI,TridentDAO,tridentdao,trident.game,23412.png,"{""arbitrum"":""0x602eb0d99a5e3e76d1510372c4d2020e12eaea8a""}"
23419,ZYB,Zyberswap,zyberswap,zyberswap.io,23419.png,"{""arbitrum"":""0x3B475F6f2f41853706afc9Fa6a6b8C5dF1a2724c""}"
23424,SHIB0.5,Half Shiba Inu,half-shiba-inu,halfshiba.site,23424.png,"{""ethereum"":""0x8eb94a06b4716093dbfe335cbdb098deb2dcde1b""}"
23442,GXE,XENO Governance,xeno-governance,project-xeno.com,23442.png,"{""ethereum"":""0x510975edA48A97E0cA228dD04d1217292487bea6"",""bnb"":""0x510975edA48A97E0cA228dD04d1217292487bea6""}"
23445,CHIRP,Chirp,chirp-network,chirptoken.io,23445.png,"{""sui"":""0x1ef4c0b20340b8c6a59438204467ca71e1e7cbe918526f9c2c6c5444517cd5ca::chirp::CHIRP""}"
23450,PEPE,PepeSol,pepesol,pepesol.io,23450.png,"{""solana"":""F9CpWoyeBJfoRB8f2pBe2ZNPbPsEE76mWZWme3StsvHK""}"
23452,GCOTI,COTI Governance Token,coti-governance-token,coti.io,23452.png,"{""ethereum"":""0xAf2CA40d3fc4459436D11B94d21FA4b8A89fB51d""}"
23476,PEN,Pendulum,pendulum,pendulumchain.org,23476.png,{}
23483,AVN,Avian,avian,avn.network,23483.png,{}
23486,ARC,Arcadeum,arcadeum,arcadeum.io,23486.png,"{""arbitrum"":""0x7F465507f058e17Ad21623927a120ac05CA32741""}"
23494,CVXFXS,Convex FXS,convex-fxs,convexfinance.com,23494.png,"{""ethereum"":""0xfeef77d3f69374f66429c91d732a244f074bdf74""}"
23502,FCTR,Factor,factor,factor.fi,23502.png,"{""arbitrum"":""0x6dd963c510c2d2f09d5eddb48ede45fed063eb36""}"
23508,GHO,GHO,gho,gho.xyz,23508.png,"{""ethereum"":""0x40D16FC0246aD3160Ccc09B8D0D3A2cD28aE6C2f""}"
23509,CARMIN,Carmin,carmin-labs,carmin.inc,23509.png,"{""bnb"":""0x45db120EC518C93de66d7A7A01b6281b13b2dc7d""}"
23513,FERMA,FERMA,ferma-sosedi,t.me,23513.png,"{""bnb"":""0x6AA150fff813e0bEc1273691f349Ad080DF7216d""}"
23523,SHARBI,SHARBI,sharbi,sharbi.net,23523.png,"{""solana"":""8D1nUMJQam54o34Kj2knFhSTaWoehEr4mBc7LfiDdCqq"",""base"":""0x5a75a61032143575067dE2B38eF38d601976091E""}"
23528,WTAO,Wrapped TAO,wrapped-tao,taobridge.xyz,23528.png,"{""ethereum"":""0x77E06c9eCCf2E797fd462A92B6D7642EF85b0A44""}"
23546,CSIX,Carbon browser,carbon-browser,carbon.website,23546.png,"{""ethereum"":""0x345887cdb19e12833ed376bbf8b8b38269f5f5c8"",""bnb"":""0x04756126F044634C9a0f0E985e60c88a51ACC206""}"
23557,KITTI,KITTI TOKEN,kitti-token,kittitoken.xyz,23557.png,"{""solana"":""B5Fvzd2RL5ctrmFsvDafXiNGbBqbxapiryJo8JfoSEcA""}"
23566,MIR,MIR Token,mir-token,mir-token.com,23566.png,"{""bnb"":""0x2134f3A7b18aE4161fBaB6EcCCa7497E17a6777b""}"
23576,( ͡° ͜ʖ ͡°),Lenny Face,lenny-face,lenny-coin.com,23576.png,"{""ethereum"":""0xDadb4aE5B5D3099Dd1f586f990B845F2404A1c4c""}"
23580,TROVE,Arbitrove Protocol,nitro-cartel,nitrocartel.finance,23580.png,"{""arbitrum"":""0x982239d38af50b0168da33346d85fb12929c4c07""}"
23581,NUT,Nucleon,nucleon,nucleon.space,23581.png,"{""conflux-network"":""0xfe197e7968807b311d476915db585831b43a7e3b""}"
23585,WCORE,Wrapped Core,wrapped-core-dao,coredao.org,23585.png,"{""core-dao"":""0x40375C92d9FAf44d2f9db9Bd9ba41a3317a2404f""}"
23621,VEE,Zeeverse,zeeverse-vee,zee-verse.com,23621.png,"{""ethereum"":""0x7616113782AaDAB041d7B10d474F8A0c04EFf258"",""arbitrum"":""0x0caadd427a6feb5b5fc1137eb05aa7ddd9c08ce9""}"
23624,XFT,Offshift [New],offshift-new,offshift.io,23624.png,"{""ethereum"":""0x76bc677d444f1e9d57daf5187ee2b7dc852745ae""}"
23629,SKULL,Skull Order,skull-order,skullswap.exchange,23629.png,"{""fantom"":""0xfa5992A8A47aF7029e04eC6a95203AD3f301460b""}"
23633,HVH,HAVAH,havah,havah.io,23633.png,"{""ethereum"":""0xd076c4ba62c57b3fa10800bcfd8da66742110e0e""}"
23635,FORM,Four,binaryx-new,official.four.meme,23635.png,"{""bnb"":""0x5b73A93b4E5e4f1FD27D8b3F8C97D69908b5E284""}"
23639,SHDW,Shadowswap Finance,shadowswap-finance,shadowswap.xyz,23639.png,"{""core-dao"":""0xddBa66C1eBA873e26Ac0215Ca44892a07d83aDF5""}"
23640,MILK,Cool Cats MILK,cool-cats-milk,coolcatsnft.com,23640.png,"{""polygon-ecosystem-token"":""0x1599fe55cda767b1f631ee7d414b41f5d6de393d""}"
23657,KAKI,Doge KaKi,doge-kaki,dogekaki.com,23657.png,"{""ethereum"":""0x42414624c55a9cba80789f47c8f9828a7974e40f"",""bnb"":""0x42414624c55a9cba80789f47c8f9828a7974e40f""}"
23659,XCFX,Nucleon,nucleon-,nucleon.space,23659.png,"{""conflux-network"":""0x889138644274a7dc602f25a7e7d53ff40e6d0091""}"
23668,MSHD,MASHIDA,mashida,mashida.id,23668.png,"{""bnb"":""0x06ce168ff4ca760768f42c440d4266ba705e2f21""}"
23681,WINR,WINR Protocol,winr-protocol,winr.games,23681.png,"{""arbitrum"":""0xd77b108d4f6cefaa0cae9506a934e825becca46e""}"
23682,AMPLE,AmpleSwap (new),ampleswap-new,ampleswap.com,23682.png,"{""bnb"":""0x19857937848c02afbde8b526610f0f2f89e9960d""}"
23684,AIMX,Aimedis (new),aimedis-new,aimedis.com,23684.png,"{""polygon-ecosystem-token"":""0x33b6d77c607ea499ab5db7e2201c5a516a78a5db""}"
23685,SCT,SuperCells Token,supercells-token,supercells.pro,23685.png,"{""bnb"":""0x405e7454E71AEfe8897438ADc08E3f3e6d49Dfc1""}"
23694,CLOUD,CRYPTO CLOUD,crypto-clouds,linktr.ee,23694.png,"{""internet-computer"":""pcj6u-uaaaa-aaaak-aewnq-cai""}"
23700,ICE,IceCream,icecream,icecreamswap.com,23700.png,"{""bitrise-token"":""0xB999Ea90607a826A3E6E6646B404c3C7d11fa39D"",""core-dao"":""0xc0e49f8c615d3d4c245970f6dc528e4a47d69a44"",""dogecoin"":""0x81bCEa03678D1CEF4830942227720D542Aa15817"",""bnb"":""0xce6c9c70f91c6797873EFC80505f972290A88f5D"",""fuse-network"":""0x867f08A3ab824b42e8058a1B48e32E1dF205b092"",""xdc-network"":""0x54051D9DbE99687867090d95fe15C3D3E35512Ba""}"
23707,HXD,Honeyland,honeyland,honey.land,23707.png,"{""solana"":""3dgCCb15HMQSA4Pn3Tfii5vRk7aRqTH95LJjxzsG2Mug""}"
23711,PRIME,Echelon Prime,echelon-prime,echelon.io,23711.png,"{""ethereum"":""0xb23d80f5fefcddaa212212f028021b41ded428cf"",""base"":""0xfA980cEd6895AC314E7dE34Ef1bFAE90a5AdD21b""}"
23712,LFG,LFGSwap Finance (Core),lfgswap-finance-core,app.lfgswap.finance,23712.png,"{""core-dao"":""0xf7a0b80681ec935d6dd9f3af9826e68b99897d6d""}"
23751,ARTY,Artyfact,artyfact,artyfact.game,23751.png,"{""bnb"":""0x617Cab4aAae1f8dfb3eE138698330776a1e1b324""}"
23756,CGPT,ChainGPT,chaingpt,chaingpt.org,23756.png,"{""ethereum"":""0x25931894a86d47441213199621f1f2994e1c39aa"",""bnb"":""0x9840652DC04fb9db2C43853633f0F62BE6f00f98"",""solana"":""CCDfDXZxzZtkZLuhY48gyKdXc5KywqpR8xEVHHh8ck1G""}"
23769,RJV,Rejuve.AI,rejuve-ai,rejuve.ai,23769.png,"{""ethereum"":""0xa1f410f13B6007fCa76833ee7eb58478D47Bc5Ef"",""bnb"":""0x602b6c6cce5f95c00603bd07d8fa7ebaf3747d44"",""cardano"":""8cfd6893f5f6c1cc954cec1a0a1460841b74da6e7803820dde62bb78524a56""}"
23773,UNIETH,Universal ETH,universal-eth,app.bedrock.technology,23773.png,"{""ethereum"":""0xF1376bceF0f78459C0Ed0ba5ddce976F1ddF51F4""}"
23780,DEOD,Decentrawood,decentrawood,decentrawood.com,23780.png,"{""bnb"":""0x3510fbbc13090f991ffa523527113a166161683e""}"
23782,LSETH,Liquid Staked ETH,liquid-staked-eth,liquidcollective.io,23782.png,"{""ethereum"":""0x8c1bed5b9a0928467c9b1341da1d7bd5e10b6549"",""base"":""0xb29749498954a3a821ec37bde86e386df3ce30b6""}"
23794,OPTI,Optimus AI,optimus-ai,optimustoken.io,23794.png,"{""ethereum"":""0x562e362876c8aee4744fc2c6aac8394c312d215d""}"
23799,ROA,ROA CORE,roa-core,roaland.foundation,23799.png,"{""solana"":""5tB5D6DGJMxxHYmNkfJNG237x6pZGEwTzGpUUh62yQJ7""}"
23800,EUROE,EUROe Stablecoin,euroe-stablecoin,euroe.com,23800.png,"{""ethereum"":""0x820802fa8a99901f52e39acd21177b0be6ee2974"",""polygon-ecosystem-token"":""0x820802Fa8a99901F52e39acD21177b0BE6EE2974"",""arbitrum"":""0xcF985abA4647a432E60efcEeB8054BBd64244305"",""avalanche"":""0x820802Fa8a99901F52e39acD21177b0BE6EE2974"",""solana"":""2VhjJ9WxaGC3EZFwJG9BDUs9KxKCAjQY4vgd1qxgYWVg"",""optimism-ethereum"":""0x820802fa8a99901f52e39acd21177b0be6ee2974""}"
23802,KIBSHI,KiboShib,kiboshib,kiboshib.com,23802.png,"{""ethereum"":""0x02e7f808990638e9e67e1f00313037ede2362361"",""solana"":""BxBkTCHsrcYChcwB459CAGPX9x4fWSVnmzqh5efgUN1R"",""arbitrum"":""0xf525E73bdeB4ac1b0e741aF3Ed8a8CBB43ab0756"",""base"":""0xC7DcCA0a3e69bD762C8DB257f868f76Be36c8514""}"
23806,HMND,Humanode,humanode,humanode.io,23806.png,{}
23812,WEB4,WEB4 AI,web4-ai,webfour.build,23812.png,"{""bnb"":""0xeE7E8C85956D32C64bafDcdED3F43b3c39b1CE2f""}"
23825,NXRA,Nexera,allianceblock-nexera,nexera.network,23825.png,"{""ethereum"":""0x644192291cc835a93d6330b24ea5f5fedd0eef9e"",""bnb"":""0x644192291cc835a93d6330b24ea5f5fedd0eef9e"",""polygon-ecosystem-token"":""0x644192291cc835a93d6330b24ea5f5fedd0eef9e"",""avalanche"":""0x644192291cc835a93d6330b24ea5f5fedd0eef9e"",""arbitrum"":""0x644192291cc835a93d6330b24ea5f5fedd0eef9e""}"
23860,BZE,BeeZee,bzedg-new,getbze.com,23860.png,"{""osmosis"":""ibc/C822645522FC3EECF817609AA38C24B64D04F5C267A23BCCF8F2E3BC5755FA88""}"
23862,MAS,Massa,massa,massa.net,23862.png,{}
23879,CYBER,Cyberpunk City,cyberpunk-city,cyberpunkcity.com,23879.png,"{""multiversx-egld"":""CYBER-489c1c""}"
23888,USDGLO,Glo Dollar,glo-dollar,glodollar.org,23888.png,"{""ethereum"":""0x4F604735c1cF31399C6E711D5962b2B3E0225AD3"",""polygon-ecosystem-token"":""0x4F604735c1cF31399C6E711D5962b2B3E0225AD3"",""celo"":""0x4F604735c1cF31399C6E711D5962b2B3E0225AD3"",""optimism-ethereum"":""0x4F604735c1cF31399C6E711D5962b2B3E0225AD3"",""arbitrum"":""0x4F604735c1cF31399C6E711D5962b2B3E0225AD3"",""base"":""0x4F604735c1cF31399C6E711D5962b2B3E0225AD3""}"
23921,CAT,Catcoin BSC,catcoin-bsc,catcoin.work,23921.png,"{""bnb"":""0xff71e87a2e7b818eee86f3f1c2e94a06cac85866""}"
23922,ROKO,Roko,roko,roko.network,23922.png,"{""ethereum"":""0x6f222E04F6c53Cc688FfB0Abe7206aAc66A8FF98""}"
23931,DOGECUBE,DOGECUBE,dogecube,dogecube.io,23931.png,"{""radix-protocol"":""resource_rdx1t4qfgjm35dkwdrpzl3d8pc053uw9v4pj5wfek0ffuzsp73evye6wu6""}"
23951,STIK,Staika,staika,staika.io,23951.png,"{""solana"":""8BMzMi2XxZn9afRaMx5Z6fauk9foHXqV5cLTCYWRcVje""}"
23955,AI,Chat AI,chat-ai,chatai.ong,23955.png,"{""bnb"":""0xa89Bf95c5f15a847c8Eb8D348cd7feD719AD7D80"",""ethereum"":""0xa89bf95c5f15a847c8eb8d348cd7fed719ad7d80""}"
23958,DAOP,Dao Space,dao-space,daospace.fund,23958.png,"{""bnb"":""0xAf7c3e578621aABAB184c706BAD94fFb1a2e0179""}"
23970,OVO,OVO,ovo-nft-platform,ovo.space,23970.png,{}
23977,LUFFY,Luffy,luffy-v2,luffytoken.com,23977.png,"{""ethereum"":""0x54012cDF4119DE84218F7EB90eEB87e25aE6EBd7"",""bnb"":""0x54012cDF4119DE84218F7EB90eEB87e25aE6EBd7""}"
24007,AGI,Delysium,delysium,delysium.com,24007.png,"{""ethereum"":""0x7dA2641000Cbb407C329310C461b2cB9c70C3046"",""bnb"":""0x818835503f55283cd51a4399f595e295a9338753"",""solana"":""8bUbe1ujsM1G3JEbBWVVCXa2widmuPdKUB2rGKMYFw7R""}"
24022,CHT,CyberHarbor,cyberharbor,cyberharbor.xyz,24022.png,"{""bnb"":""0x67d8e0080b612afae75a7f7229bfed3cdb998462""}"
24050,PMG,Pomerium,pomerium-ecosystem-token,pomerium.space,24050.png,"{""bnb"":""0x0733618Ab62eEEC815f2d1739b7a50bF9E74d8a2""}"
24059,SECT,Sector Finance,sector-finance,sector.finance,24059.png,"{""arbitrum"":""0x0b63c61bba4a876a6eb8b5e596800f7649a9b71e""}"
24060,UNW,Uniwhale,uniwhale,uniwhale.co,24060.png,"{""bnb"":""0x5b65cd9feb54f1df3d0c60576003344079f8dc06""}"
24062,PEPA,Pepa Inu,pepa-inu,pepa-inu.com,24062.png,"{""bnb"":""0xC3137c696796D69F783CD0Be4aB4bB96814234Aa""}"
24085,ONE,OneFinity,onedex,onedex.app,24085.png,"{""multiversx-egld"":""ONE-f9954f""}"
24087,FUEL,Fuel Network,fuel-network,fuel.network,24087.png,"{""ethereum"":""0x675B68AA4d9c2d3BB3F0397048e62E6B7192079c"",""bnb"":""0x5c8daEabc57E9249606D3bD6d1E097eF492eA3C5"",""fuel-network"":""0x1d5d97005e41cae2187a895fd8eab0506111e0e2f3331cd3912c15c24e3c1d82""}"
24091,ZK,ZKsync,zksync,zksync.io,24091.png,"{""zksync"":""0x5A7d6b2F92C77FAD6CCaBd7EE0624E64907Eaf3E""}"
24094,MGKL,MAGIKAL.ai,magikal-ai,magikal.ai,24094.png,"{""ethereum"":""0x6a26ee7755d939b96cdcd8a0370630d48902fd7c"",""bnb"":""0x8abfa6a4f4b9865b0e7acfdce1839a2584636d06"",""arbitrum"":""0x8abfa6a4f4b9865b0e7acfdce1839a2584636d06""}"
24100,IC,Icy,icy,vuoii-cyaaa-aaaad-qfd6a-cai.ic0.app,24100.png,"{""ethereum"":""0xa876f27f13a9eb6e621202cefdd5afc4a90e6457""}"
24106,RMV,Reality Metaverse,reality-metaverse,realitymeta.io,24106.png,"{""ethereum"":""0x423352f2c6e0e72422b69af03aba259310146d90"",""polygon-ecosystem-token"":""0xf0949dd87d2531d665010d6274f06a357669457a""}"
24107,GOLDEN,Golden Inu,golden-inu,goldeninutoken.org,24107.png,"{""ethereum"":""0xd87996ff3d06858bfc20989aef50cc5fcd4d84ca"",""bnb"":""0x7d4984490c4c68f8ead9dddca6d04c514ef77324""}"
24112,WUSDR,Wrapped USDR,wrapped-usdr,tangible.store,24112.png,"{""polygon-ecosystem-token"":""0x00e8c0E92eB3Ad88189E7125Ec8825eDc03Ab265"",""bnb"":""0x9467f15f44A8641389556387b43d9ED3f6981818"",""arbitrum"":""0x9483ab65847A447e36d21af1CaB8C87e9712ff93"",""ethereum"":""0xd5a14081a34d256711b02bbef17e567da48e80b5"",""optimism-ethereum"":""0xC03b43d492d904406db2d7D57e67C7e8234bA752"",""base"":""0x9483ab65847A447e36d21af1CaB8C87e9712ff93""}"
24125,MLXC,Marvellex Classic,marvellex-classic,marvellex.com,24125.png,{}
24130,VCHF,VNX Swiss Franc,vnx-swiss-franc,vnx.io,24130.png,"{""ethereum"":""0x79d4f0232A66c4c91b89c76362016A1707CFBF4f"",""solana"":""AhhdRu5YZdjVkKR3wbnUDaymVQL2ucjMQ63sZ3LFHsch"",""internet-computer"":""ly36x-wiaaa-aaaai-aqj7q-cai"",""stellar"":""GDXLSLCOPPHTWOQXLLKSVN4VN3G67WD2ENU7UMVAROEYVJLSPSEWXIZN"",""celo"":""0xc5ebea9984c485ec5d58ca5a2d376620d93af871"",""tezos"":""KT1LssxZqfQtRFv1CRkzX9E9gzap9iFrtWmq"",""base"":""0x1fca74d9ef54a6ac80ffe7d3b14e76c4330fd5d8""}"
24133,WIFI,WiFi Map,wifi-map,weconnectu.io,24133.png,"{""polygon-ecosystem-token"":""0xe238ecb42c424e877652ad82d8a939183a04c35f""}"
24137,CHAT,OpenChat,openchat,oc.app,24137.png,"{""internet-computer"":""2ouva-viaaa-aaaaq-aaamq-cai""}"
24138,HAIR,HairDAO,hairdao,hairdao.xyz,24138.png,"{""ethereum"":""0x9Ce115f0341ae5daBC8B477b74E83db2018A6f42""}"
24143,RENEC,RENEC,renec,renec.org,24143.png,"{""ethereum"":""0x2270f71bFd8F3396d9B28ecF2eAE7F0E6D48cAFF"",""bnb"":""0x2270f71bFd8F3396d9B28ecF2eAE7F0E6D48cAFF"",""solana"":""Ed6wQTbHwnoaSGx1y9YeqNkXJqNYYLCcAQoBhA3nuYYH""}"
24159,W$C,World$tateCoin,the-world-state,theworldstate.io,24159.png,"{""polygon-ecosystem-token"":""0x77a6f2e9a9e44fd5d5c3f9be9e52831fc1c3c0a0""}"
24165,WKAVA,Wrapped Kava,wrapped-kava,kava.io,24165.png,"{""kava"":""0xc86c7c0efbd6a49b35e8714c5f59d99de09a225b""}"
24176,BOW,Archer Swap,archer-swap,archerswap.finance,24176.png,"{""core-dao"":""0x1a639e150d2210a4be4a5f0857a9151b241e7ae4""}"
24177,KSWAP,KyotoSwap,kyotoswap,kyotoswap.io,24177.png,"{""bnb"":""0x29ABc4D03D133D8Fd1F1C54318428353CE08727E""}"
24178,LODE,Lodestar,lodestar,lodestarfinance.io,24178.png,"{""arbitrum"":""0xf19547f9ed24aa66b03c3a552d181ae334fbb8db""}"
24190,FUL,Fulcrom Finance,fulcrom-finance,fulcrom.finance,24190.png,"{""cronos"":""0x83aFB1C32E5637ACd0a452D87c3249f4a9F0013A"",""zksync"":""0xe593853b4d603d5b8f21036Bb4AD0D1880097a6e""}"
24193,SPACE,MicroVisionChain,microvisionchain,microvisionchain.com,24193.png,{}
24203,SDEX,SmarDex,smardex,smardex.io,24203.png,"{""ethereum"":""0x5de8ab7e27f6e7a1fff3e5b337584aa43961beef"",""bnb"":""0xfdc66a08b0d0dc44c17bbd471b88f49f50cdd20f"",""solana"":""9dzSzFvPsKDoY2gdWErsuz2H1o4tbzvgBhrNZ9cvkD2j"",""polygon-ecosystem-token"":""0x6899face15c14348e1759371049ab64a3a06bfa6"",""arbitrum"":""0xabd587f2607542723b17f14d00d99b987c29b074"",""base"":""0xfd4330b0312fdeec6d4225075b82e00493ff2e3f""}"
24210,GBK,GBANK APY,gbank-apy,gamebank.fun,24210.png,"{""bnb"":""0xdA0638EA374c4c5bF2914E6F4D5B2335dEb8D80D""}"
24220,PROPC,Propchain,propchain,propchain.com,24220.png,"{""ethereum"":""0x9ff58067Bd8D239000010c154C6983A325Df138E""}"
24225,METFI,MetFi,metfi2,app.metfi.io,24225.png,"{""bnb"":""0x3E7f1039896454B9cb27c53CC7383e1AB9D9512a""}"
24230,ZNX,ZENEX,zenex,zenex-coin.com,24230.png,"{""ethereum"":""0x9471d30d78a3c9f076ce206d14867a8d8be1efde"",""bnb"":""0xC2EB046621B59f604C7abdB1600D01636AdC4fED"",""solana"":""ZenexEqqyiYCjykxYZr2cW6g3xVwQ5RggHmo245q5J5""}"
24261,OCTA,OctaSpace,octaspace,octa.space,24261.png,"{""ethereum"":""0xfA704148D516b209D52C2D75f239274C8f8EAF1A"",""bnb"":""0xfA704148D516b209D52C2D75f239274C8f8EAF1A""}"
24267,CRAZYBUNNY,Crazy Bunny,crazy-bunny,crazybunny.top,24267.png,"{""bnb"":""0x48ed9372169ef0bf2b901bbe45e52b6a6b8f1ecc""}"
24275,OGGY,Oggy Inu (BSC),oggy-inu,oggyinu.com,24275.png,"{""bnb"":""0x92ed61fb8955cc4e392781cb8b7cd04aadc43d0c""}"
24277,OETH,Origin Ether,origin-ether,oeth.com,24277.png,"{""ethereum"":""0x856c4Efb76C1D1AE02e20CEB03A2A6a08b0b8dC3""}"
24281,GPT,ArbGPT,arbgpt,arbgpt.cc,24281.png,"{""arbitrum"":""0xe021047851012d8e981ebd9f3c2cbb8945e996da""}"
24289,LIMO,Limoverse,limoverse,limoverse.io,24289.png,"{""bnb"":""0x37e2ae82c454a6888e4bbb3e21a6607034832b4f""}"
24302,SWITCH,Switch,switch-reward-card,switchrewardcard.com,24302.png,"{""ethereum"":""0xb10cc888cb2cce7036f4c7ecad8a57da16161338"",""base"":""0xb10cc888cb2cce7036f4c7ecad8a57da16161338"",""bnb"":""0xb10cc888cb2cce7036f4c7ecad8a57da16161338""}"
24303,MCADE,Metacade,metacade,metacade.co,24303.png,"{""base"":""0xc48823ec67720a04a9dfd8c7d109b2c3d6622094""}"
24328,FLOKICASH,Floki Cash,floki-cash,flokicash.com,24328.png,"{""bnb"":""0xA11ff9976018Fda2a8c4ccfa6fFBe8423c5aB668""}"
24331,BREAD,Breadchain Cooperative,breadchain-cooperative,breadchain.xyz,24331.png,"{""gnosis-gno"":""0xa555d5344f6fb6c65da19e403cb4c1ec4a1a5ee3""}"
24341,DXN,DBXen,dbxen,dbxen.org,24341.png,"{""ethereum"":""0x80f0C1c49891dcFDD40b6e0F960F84E6042bcB6F""}"
24369,SDG,Crypto SDG,crypto-sdg,cryptosdg.com,24369.png,"{""ethereum"":""0x0F5dEF84CED3e9e295DAe28df96d0B846dE92C1A""}"
24370,ERN,Ethos Reserve Note,ethos-reserve-note,ethos.finance,24370.png,"{""optimism-ethereum"":""0xc5b001dc33727f8f26880b184090d3e252470d45""}"
24381,OTK,Octokn,octo-gaming,octo-gaming.com,24381.png,"{""solana"":""octo82drBEdm8CSDaEKBymVn86TBtgmPnDdmE64PTqJ""}"
24382,KAU,Kinesis Gold,gold-kau,kinesis.money,24382.png,"{""ethereum"":""0x14DAB79fD7B7B3f748d434812Fd6a9Aac460EA52""}"
24399,WHBAR,Wrapped HBAR,wrapped-hedera,hedera.com,24399.png,"{""hedera"":""0.0.1456986""}"
24433,RYOSHI,Ryoshi Token,ryoshi-token-v2,ryoshitoken.com,24433.png,"{""bnb"":""0xb350aebaedb1ed3269b0e25d5e593a9bb4b9f9d5""}"
24437,ROCK,Rock Dao,rock-dao,gala.com,24437.png,"{""tron"":""TZ3c6bmoqVeq9YEEBMSNrBLq2rHJ1vR8Nc""}"
24439,KAG,Kinesis Silver,silver,kinesis.money,24439.png,"{""ethereum"":""0xe560C473Dee7B1d1d5Ae316F4c1cBA7157DE498e"",""stellar"":""GDN6ASJNUX5IHSXQYBTRAKJLZJM54EOUBYCX7YVWWMXKJGH7UOH3HXH5""}"
24450,UCON,YouCoin,youcoin-metaverse-new,youcoinmeta.com,24450.png,"{""bnb"":""0x1f88e9956c8f8f64c8d5fef5ed8a818e2237112c""}"
24476,LMWR,LimeWire,limewire,limewire.com,24476.png,"{""ethereum"":""0x628a3b2e302c7e896acc432d2d0dd22b6cb9bc88"",""bnb"":""0x307Bc76E3d59ED73886A9cf9360a9286f6281ba7"",""base"":""0xE997017e0Cb0CEB503565F181e9ea922CD979c35""}"
24477,AIDOGE,ArbDoge AI,arbdoge-ai,,24477.png,"{""arbitrum"":""0x09e18590e8f76b6cf471b3cd75fe1a1a9d2b2c2b""}"
24478,PEPE,Pepe,pepe,pepe.vip,24478.png,"{""ethereum"":""0x6982508145454ce325ddbe47a25d4ec3d2311933"",""solana"":""PEPEqnuuCDbBC89p1u9vpnP1KQ2oj1xTcQBsjt9X55m""}"
24480,CARAT,Alaska Gold Rush,alaska-gold-rush,alaskagoldrush.io,24480.png,"{""bnb"":""0x426C1C971fb00CAaf1883bd801323a8bEcb0C919""}"
24489,ENQAI,enqAI,noisegpt,enqai.com,24489.png,"{""ethereum"":""0x710287D1D39DCf62094A83EBB3e736e79400068a""}"
24497,ABC,ABC PoS Pool,abc-pos-pool,confluxpos.cn,24497.png,"{""conflux-network"":""0x905f2202003453006eaf975699545f2e909079b8""}"
24502,WOJAK,Wojak (wojaketh),wojakold,linktr.ee,24502.png,"{""ethereum"":""0x5026F006B85729a8b14553FAE6af249aD16c9aaB"",""solana"":""6bn6rKWbTRAQwizwqEfcmpAtoAMnqzfG7F8DYMK5reYn""}"
24526,WBESC,Wrapped BESC,wrapped-besc,bescfinancial.com,24526.png,"{""ethereum"":""0x94b8922660df3aaf0a01e2f89fb2d113e5749c0b"",""bnb"":""0x45df6533f2c874027cf1Cd6275823e34dBdE906d"",""solana"":""BvU1GD4GR2zCG9QrfRyPNBCQsmcERpbfNTttZiwSuRor"",""robinhood-placeholder"":""0xa3054F28c48b387D4825Be8f3b79eD161ABC5405""}"
24527,XRPC,Xrp Classic (new),xrp-classic-token-new,xrpclassic.com,24527.png,"{""xrp"":""5852504300000000000000000000000000000000.rHTZAic4QVErSS2AMbPJUe3zdUJPgWzXJe""}"
24533,APED,APED,aped,apedcto.com,24533.png,"{""ethereum"":""0xe0151763455a8a021e64880c238ba1cff3787ff0""}"
24549,PEPE,Arbi Pepe,arbi-pepe,,24549.png,"{""arbitrum"":""0xB85C6FBF780eB913dC34aA0B6F74D1e6A15c356f""}"
24552,BOBO,Bobo,bobo,bobo-eth.com,24552.png,"{""ethereum"":""0x5888641e3e6cBeA6D84Ba81EDb217bD691d3bE38""}"
24554,BZR,Bazaars,bazaars,bazaars.io,24554.png,"{""ethereum"":""0xa0A675d08Ca63066f48408136F8A71Fc65BE4AfC"",""bnb"":""0xa0A675d08Ca63066f48408136F8A71Fc65BE4AfC"",""polygon-ecosystem-token"":""0xa0A675d08Ca63066f48408136F8A71Fc65BE4AfC"",""avalanche"":""0xa0A675d08Ca63066f48408136F8A71Fc65BE4AfC"",""optimism-ethereum"":""0xa0A675d08Ca63066f48408136F8A71Fc65BE4AfC"",""arbitrum"":""0xa0A675d08Ca63066f48408136F8A71Fc65BE4AfC"",""zksync"":""0xa0A675d08Ca63066f48408136F8A71Fc65BE4AfC"",""linea"":""0xa0A675d08Ca63066f48408136F8A71Fc65BE4AfC"",""base"":""0xa0A675d08Ca63066f48408136F8A71Fc65BE4AfC""}"
24573,SHIBAI,AiShiba,aishiba,aishibaog.xyz,24573.png,"{""arbitrum"":""0xFA296FcA3c7DBa4a92A42Ec0B5E2138DA3b29050""}"
24581,MUMU,Mumu (mumucommunity.vip),mumu,mumucommunity.vip,24581.png,"{""ethereum"":""0x2F573070E6090b3264Fe707e2C9F201716F123c7""}"
24591,SGT,Suzuverse,suzuverse,suzuverse.com,24591.png,"{""ethereum"":""0x5b649C07E7Ba0a1C529DEAabEd0b47699919B4a2"",""polygon-ecosystem-token"":""0x1ef5bb23e0b91c2e8480a4a2b71feb4607cb32f1""}"
24594,BOB,BOB (ETH),bob1,explainthisbob.com,24594.png,"{""ethereum"":""0x7D8146cf21e8D7cbe46054e01588207b51198729""}"
24600,MOBILE,Helium Mobile,helium-mobile,helium.com,24600.png,"{""solana"":""mb1eu7TzEc71KxDpsmsKoucSSuuoGLv1drys1oP2jh6""}"
24613,EDU,Open Campus,open-campus,opencampus.xyz,24613.png,"{""ethereum"":""0xf8173a39c56a554837C4C7f104153A005D284D11"",""bnb"":""0xBdEAe1cA48894A1759A8374D63925f21f2Ee2639"",""arbitrum"":""0xf8173a39c56a554837C4C7f104153A005D284D11""}"
24618,ETI,Etica,etica,eticaprotocol.org,24618.png,{}
24645,FLIX,OmniFlix Network,omniflix-network,omniflix.network,24645.png,"{""osmosis"":""ibc/CEE970BB3D26F4B907097B6B660489F13F3B0DA765B83CC7D9A0BC0CE220FA6F""}"
24647,BERA,Berachain,berachain,berachain.com,24647.png,"{""berachain"":""0xeeeeeeeeeeeeeeeeeeeeeeeeeeeeeeeeeeeeeeee""}"
24679,BULL,Bull Market,bull-market,bullmarket.gg,24679.png,"{""ethereum"":""0x9Be776559fED779cAbd67042a7B8987AAe592541""}"
24686,IOT,Helium IOT,helium-iot,helium.com,24686.png,"{""solana"":""iotEVVZLEywoTn1QdwNPddxPWszn3zFhEot3MfL9fns""}"
24698,HYPC,HyperCycle,hypercycle,hypercycle.ai,24698.png,"{""ethereum"":""0xeA7B7DC089c9a4A916B5a7a37617f59fD54e37E4"",""bnb"":""0x7881cD2B5724431372F57C50E91611352557A606""}"
24747,JESUS,Jesus Coin,jesus-toys,jesuscoin.xyz,24747.png,"{""ethereum"":""0xba386A4Ca26B85FD057ab1Ef86e3DC7BdeB5ce70"",""solana"":""FQddEUoqKPnAsc4UTkAdAUV3LnCXoZEJMazguC1N11kC""}"
24755,WSB,Wall Street Baby,wall-street-bet,wallstreet.baby,24755.png,"{""ethereum"":""0x15f20f9dfdf96ccf6ac96653b7c0abfe4a9c9f0f""}"
24760,WBETH,Wrapped Beacon ETH,wrapped-beacon-eth,binance.com,24760.png,"{""ethereum"":""0xa2E3356610840701BDf5611a53974510Ae27E2e1"",""bnb"":""0xa2E3356610840701BDf5611a53974510Ae27E2e1""}"
24763,SPEPE,Saiyan PEPE,saiyan-pepe,saiyanpepe.xyz,24763.png,"{""polygon-ecosystem-token"":""0xfca466f2fa8e667a517c9c6cfa99cf985be5d9b1""}"
24765,TRN,t3rn,t3rn,t3rn.io,24765.png,"{""arbitrum"":""0x1114982539A2Bfb84e8B9e4e320bbC04532a9e44""}"
24771,WEFI,WeFi,wefi,wefi.xyz,24771.png,"{""ethereum"":""0xffa188493c15dfaf2c206c97d8633377847b6a52"",""polygon-ecosystem-token"":""0xffa188493c15dfaf2c206c97d8633377847b6a52"",""zksync"":""0x81E7186947fb59AAAAEb476a47daAc60680cbbaF"",""linea"":""0x60892e742d91d16Be2cB0ffE847e85445989e30B""}"
24781,CYBER,Cyber,cyberconnect,cyber.co,24781.png,"{""ethereum"":""0x14778860e937f509e651192a90589de711fb88a9"",""bnb"":""0x14778860e937f509e651192a90589de711fb88a9"",""solana"":""5gzCDgVf5Nk6gosa5dpYZV6P6RiAytvCyQUaMwAVyf8z"",""optimism-ethereum"":""0x14778860e937f509e651192a90589de711fb88a9"",""base"":""0x14778860E937f509e651192a90589dE711Fb88a9"",""cyberconnect"":""0x14778860e937f509e651192a90589de711fb88a9""}"
24789,RUM,RUM - Pirates of Arrland Token,pirates-of-the-arrland,arrland.com,24789.png,"{""polygon-ecosystem-token"":""0x14E5386f47466A463f85D151653E1736c0c50Fc3""}"
24790,HSUITE,HubSuite,hsuite,hsuite.app,24790.png,"{""hedera"":""0.0.786931""}"
24791,OGSM,OGSMINEM,ogsminem,sminem.org,24791.png,"{""ethereum"":""0x9778ac3d5a2f916aa9abf1eb85c207d990ca2655""}"
24793,$MONG,MongCoin,mongcoin,mong.life,24793.png,"{""ethereum"":""0x1ce270557C1f68Cfb577b856766310Bf8B47FD9C""}"
24796,ADF,Art de Finance,art-de-finance,artdefinance.io,24796.png,"{""polygon-ecosystem-token"":""0x6BD10299f4f1d31b3489Dc369eA958712d27c81b""}"
24808,HAHA,Hasaki,hasaki,hasaki.ai,24808.png,"{""ethereum"":""0xd87D72248093597df8D56d2a53C1ab7c1A0Cc8DA""}"
24816,KCN,Kylacoin,kylacoin,kylacoin.com,24816.png,"{""bnb"":""0x848b991fb420cd59c8296143c8153477393ddcab""}"
24817,GTAN,GIANT,giant,gianttokens.org,24817.png,"{""bnb"":""0xbD7909318b9Ca4ff140B840F69bB310a785d1095""}"
24829,FXI,FX1 Sports,fx1sports,fx1.io,24829.png,"{""ethereum"":""0xC5190E7FEC4d97a3a3b1aB42dfedac608e2d0793""}"
24835,PEPECOIN,PepeCoin,pepecoin,pepecoin.io,24835.png,"{""ethereum"":""0xA9E8aCf069C58aEc8825542845Fd754e41a9489A""}"
24840,TKC,The Kingdom Coin,the-kingdom-coin,thekingdomcoin.io,24840.png,"{""bnb"":""0x06dc293c250e2fb2416a4276d291803fc74fb9b5""}"
24851,POOH,POOH,pooh,pooh.money,24851.png,"{""ethereum"":""0xb69753c06bb5c366be51e73bfc0cc2e3dc07e371""}"
24857,LAMBO,$LAMBO,lambo-coin,lambocoin.finance,24857.png,"{""ethereum"":""0x3d2b66bc4f9d6388bd2d97b95b565be1686aefb3""}"
24875,STRX,Staked TRX,staked-trx,app.justlend.org,24875.png,"{""tron"":""TU3kjFuhtEo42tsCBtfYUAZxoqQ4yuSLQ5""}"
24877,BIM,BIM,bim,bim.finance,24877.png,"{""base"":""0x555FFF48549C1A25a723Bd8e7eD10870D82E8379""}"
24882,4CHAN,4-CHAN,4-chan-token,4chantoken.com,24882.png,"{""ethereum"":""0xe0A458BF4AcF353cB45e211281A334BB1d837885""}"
24896,KVAI,Kvants AI,kvants-ai,kvants.ai,24896.png,"{""solana"":""KVAiNjgNza7Kw8KmQ6TBFcYDfBfKwcUBrLmsG3vNYXN"",""base"":""0xbD442548964233dE232efAd6407C73ea73200Ee5""}"
24911,TURBO,Turbo,turbo,turbotoken.io,24911.png,"{""ethereum"":""0xa35923162c49cf95e6bf26623385eb431ad920d3"",""solana"":""2Dyzu65QA9zdX1UeE7Gx71k7fiwyUK6sZdrvJ7auq5wm"",""robinhood-placeholder"":""0x134A73B9B3DC68B716298e0934E8c449B7B3967F""}"
24924,SWELL,Swell Network,swell-network,swellnetwork.io,24924.png,"{""ethereum"":""0x0a6E7Ba5042B38349e437ec6Db6214AEC7B35676""}"
24927,CRVUSD,crvUSD,crvusd,curve.finance,24927.png,"{""ethereum"":""0xf939e0a03fb07f59a73314e73794be0e57ac1b4e"",""gnosis-gno"":""0xaBEf652195F98A91E490f047A5006B71c85f058d"",""polygon-ecosystem-token"":""0xc4Ce1D6F5D98D65eE25Cf85e9F2E9DcFEe6Cb5d6"",""optimism-ethereum"":""0xC52D7F23a2e460248Db6eE192Cb23dD12bDDCbf6"",""arbitrum"":""0x498Bf2B1e120FeD3ad3D42EA2165E9b73f99C1e5"",""base"":""0x417Ac0e078398C154EdFadD9Ef675d30Be60Af93""}"
24935,GUAC,Guacamole,guac,guac.gg,24935.png,"{""solana"":""AZsHEMXd36Bj1EMNXhowJajpUXzrKcK57wW4ZGXVa7yR""}"
24938,CROWN,Crown Token,crown-token,crowntoken.io,24938.png,"{""ethereum"":""0xF3Bb9F16677F2B86EfD1DFca1c141A99783Fde58""}"
24961,PEPEAI,PepeAI,pepeai,pepeai.org,24961.png,"{""solana"":""2wqkw3idoEYFV8fyM54PvS5BYHieT8rAZqzdHg6aqZby""}"
24968,ELMO,Elmo,elmoerc,elmoerc.io,24968.png,"{""ethereum"":""0x335f4e66b9b61cee5ceade4e727fcec20156b2f0""}"
24974,WASSIE,WASSIE,wassie,wassie.wtf,24974.png,"{""ethereum"":""0x2c95d751da37a5c1d9c5a7fd465c1d50f3d96160"",""solana"":""2erZCPbQBobsFV23Z18J8aSfrV3QJ1RB8Ge9jhKjTL9m"",""base"":""0xa067436db77ab18b1a315095e4b816791609897c""}"
24987,CLIPS,Clips,clips-token,clipstoken.xyz,24987.png,"{""ethereum"":""0xecbee2fae67709f718426ddc3bf770b26b95ed20""}"
24996,KEKE,KEK,kek,kingdomofkek.com,24996.png,"{""ethereum"":""0xf7168c8abb0ff80116413a8d95396bbdc318a3ff""}"
25002,KING,KING,king,king-coin.io,25002.png,"{""ethereum"":""0xe28027c99c7746ffb56b0113e5d9708ac86fae8f"",""solana"":""9noXzpXnkyEcKF3AeXqUHTdR59V5uvrRBUZ9bwfQwxeq"",""arbitrum"":""0xcB831DE439e77EF21F924eFf1b9Fe8DE8E6a7E62""}"
25006,PERRY,Perry The BNB,perry-the-bnb,perrythebnb.com,25006.png,"{""bnb"":""0xB52575Ce47c4534f7B0ba88acfba7546350197d8""}"
25013,EUSD,eUSD,eusd-lybraprotocol,lybra.finance,25013.png,"{""ethereum"":""0x97de57ec338ab5d51557da3434828c5dbfada371""}"
25014,RIBBIT,Ribbit,ribbit-meme,ribbitcoineth.com,25014.png,"{""ethereum"":""0xb794ad95317f75c44090f64955954c3849315ffe""}"
25015,FRTC,FART COIN,fart-coin,fartcoin.gold,25015.png,"{""bnb"":""0x88B985007d714d1578BCcdEc2303212c14946cdC""}"
25018,PUGAI,PUG AI,pug-ai,viktordao.io,25018.png,"{""solana"":""PugAiDuaQ5hzicBHAW9qrQQ8qi4B6sh3n7PknKhyjeX""}"
25023,LADYS,Milady Meme Coin,milady-meme-coin,milady.gg,25023.png,"{""ethereum"":""0x12970e6868f88f6557b76120662c1b3e50a646bf"",""arbitrum"":""0x3b60ff35d3f7f62d636b067dd0dc0dfdad670e4e""}"
25028,ORDI,ORDI,ordi,,25028.png,"{""bitcoin"":""b61b0172d95e266c18aea0c624db987e971a5d6d4ebc2aaed85da4642d635735i0""}"
25033,OBI,Orbofi AI,orbofi-ai,orbofi.com,25033.png,"{""ethereum"":""0xbb3a8fd6ec4bf0fdc6cd2739b1e41192d12b1873"",""bnb"":""0x69A87C8788d4a48c1362B3B357d0E6b59c11d93f""}"
25049,FOUR,FourCoin,fourcoin,4thecoin.com,25049.png,"{""ethereum"":""0x244b797d622d4dee8b188b03546acaabd0cf91a0""}"
25060,CRAZYPEPE,CRAZY PEPE,crazy-pepe,crazypepetoken.com,25060.png,"{""bnb"":""0x8516F232Dc8B8Ab0b00627961C2D77367beC7FA7""}"
25092,KEVIN,KEVIN,kevin-token,kevintoken.me,25092.png,"{""ethereum"":""0x31555696dD1242B2AB67B9a53b6465c814502F2C""}"
25097,BIBI,BIBI,bibi,bibibsc.io,25097.png,"{""bnb"":""0xFE8bF5B8F5e4eb5f9BC2be16303f7dAB8CF56aA8""}"
25100,SUIP,SuiPad,suipad,suipad.xyz,25100.png,"{""sui"":""0xe4239cd951f6c53d9c41e25270d80d31f925ad1655e5ba5b543843d4a66975ee::SUIP::SUIP""}"
25101,SCS,Solcasino Token,solcasino-token,solcasino.io,25101.png,"{""solana"":""SCSuPPNUSypLBsV4darsrYNg4ANPgaGhKhsA3GmMyjz""}"
25114,CETUS,Cetus Protocol,cetus-protocol,cetus.zone,25114.png,"{""sui"":""0x06864a6f921804860930db6ddbe2e16acdf8504495ea7481637a1c8b9a8fe54b::cetus::CETUS""}"
25139,PEPECHAIN,PEPE Chain,pepe-chain,pepechain.finance,25139.png,"{""bnb"":""0x3D17E0aBD8D2F023970D8DF8b43776A1A2bD737C""}"
25145,SWTS,SWEETS,sweets,sweetscoin.xyz,25145.png,"{""solana"":""5SwxhEunuUUcWe4ojybdDwky6dpLxAehNmF4AA71STNh""}"
25147,SWETH,swETH,swell-sweth,swellnetwork.io,25147.png,"{""ethereum"":""0xf951E335afb289353dc249e82926178EaC7DEd78""}"
25162,NOOT,NOOT (Ordinals),noot-brc-20,nootcoin.com,25162.png,{}
25177,$TOAD,Toad Killer,toad-killer,toadkiller.dog,25177.png,"{""ethereum"":""0x370a366f402e2e41cdbbe54ecec12aae0cce1955""}"
25179,TURBOS,Turbos Finance,turbos-finance,turbos.finance,25179.png,"{""sui"":""0x5d1f47ea69bb0de31c313d7acf89b890dbb8991ea8e03c6c355171f84bb1ba4a::turbos::TURBOS""}"
25184,MANIA,ScapesMania,scapesmania,scapesmania.io,25184.png,"{""bnb"":""0xAB4E026a2f6F6265C29BBb4C565E66968E3d4962""}"
25194,JSM,Joseon Mun,joseon-mun,joseon.com,25194.png,"{""ethereum"":""0x04C618CDbc1D59142dFEB4B9864835A06983EC2d""}"
25196,ELS,Ethlas,ethlas,gambit.finance,25196.png,"{""ethereum"":""0xEb575C45004bd7B61C6A8D3446a62a05a6Ce18d8"",""base"":""0x7F62ac1e974D65Fab4A81821CA6AF659A5F46298""}"
25208,TRAC,trac (Ordinals),trac,trac.network,25208.png,"{""bitcoin"":""b006d8e232bdd01e656c40bdbec83bb38413a8af3a58570551940d8f23d4b85ai0""}"
25219,DONS,The Dons,the-dons,thedons.vip,25219.png,"{""bnb"":""0x95c91eEf65F50570cFC3f269961a00108Cf7BF59""}"
25220,BITCOIN,HarryPotterObamaSonic10Inu (ERC-20),harrypotterobamasonic10inu-eth,hpos10i.com,25220.png,"{""ethereum"":""0x72e4f9f808c49a2a61de9c5896298920dc4eeea9"",""bnb"":""0xc4044d67585d421495fb0bf08c50b15683647003"",""solana"":""CTgiaZUK12kCcB8sosn4Nt2NZtzLgtPqDwyQyr2syATC"",""base"":""0x2a06A17CBC6d0032Cac2c6696DA90f29D39a1a29"",""berachain"":""0x6B26f778bfae56CFb4Bf9b62c678d9D40e725227"",""robinhood-placeholder"":""0x38bc018EDC0a103ed7c547e7E8c8FA8Ec24D0586""}"
25230,BOLT,Huebel Bolt,huebel-bolt,huebel.art,25230.png,"{""gram"":""EQD0vdSA_NedR9uvbgN9EikRX-suesDxGeFg69XQMavfLqIw""}"
25232,ABEL,Abelian,abelian,pqabelian.io,25232.png,{}
25241,GP,Graphite Protocol,graphite-protocol,taiyorobotics.com,25241.png,"{""solana"":""31k88G5Mq7ptbRDf3AM13HAq6wRQHXHikR8hik7wPygk""}"
25252,QCAD,QCAD,qcad,stablecorp.ca,25252.png,"{""ethereum"":""0x3Fa142dD3f384414e05E71Ad0939274EdC82EC0A"",""base"":""0xa15705e6fc8b3e08e7253f3758de1a754baa0761"",""arc-token"":""0xd70C2FA4232e054B373eFAEa98E4138511c2a309""}"
25261,JKL,Jackal Protocol,jackal-protocol,jackalprotocol.com,25261.png,"{""osmosis"":""ibc/8E697BDABE97ACE8773C6DF7402B2D1D5104DD1EEABE12608E3469B7F64C15BA""}"
25264,SNEK,Snek,snek,snek.com,25264.png,"{""cardano"":""279c909f348e533da5808898f87f9a14bb2c3dfbbacccd631d927a3f534e454b""}"
25269,BOBO,BOBO,bobo-coin,bobothebear.io,25269.png,"{""ethereum"":""0xb90b2a35c65dbc466b04240097ca756ad2005295"",""base"":""0x570b1533F6dAa82814B25B62B5c7c4c55eB83947""}"
25284,WDOGE,Wrapped Dogecoin,wrapped-dogecoin,wdoge.tech,25284.png,"{""ethereum"":""0x8aa9381b2544b48c26f3b850F6e07E2c5161EB3e""}"
25330,ANIMA,Realm Anima,realm-anima,rlm.land,25330.png,"{""arbitrum"":""0xcCd05A0fcfc1380e9Da27862Adb2198E58e0D66f""}"
25359,PEPE,Pepe Coin,pepe-coin-bsc2,pepecoinbsc.xyz,25359.png,"{""bnb"":""0xb46584e0efdE3092e04010A13f2eAe62aDb3b9F0""}"
25367,LINT,Lint,lint,lint.fyi,25367.png,"{""ethereum"":""0x11f9e9B3c539368BEA16DDE2108B748a9672D714""}"
25380,SUIA,SUIA,suia,suia.io,25380.png,"{""sui"":""0x1d58e26e85fbf9ee8596872686da75544342487f95b1773be3c9a49ab1061b19::suia_token::SUIA_TOKEN""}"
25385,WAGMI,Wagmi Coin,wagmi-,wagmi.rocks,25385.png,"{""ethereum"":""0xef8e456967122db4c3c160314bde8d2602ad6199""}"
25394,PEAR,Pear Swap,pear-swap,pearswap.net,25394.png,"{""ethereum"":""0x5dcd6272c3cbb250823f0b7e6c618bce11b21f90""}"
25396,TWELVE,TWELVE ZODIAC,twelve-zodiac,twelvezodiac.co,25396.png,"{""bnb"":""0xbd6ceeef56985b608252c3651dd903a3fcc34910""}"
25417,PLSX,PulseX,pulsex,pulsex.com,25417.png,"{""pulsechain"":""0x95b303987a60c71504d99aa1b13b4da07b0790ab""}"
25419,HGPT,HyperGPT,hypergpt,hypergpt.ai,25419.png,"{""bnb"":""0x529C79f6918665EBE250F32eeEAA1d410a0798C6""}"
25446,EMP,Empyreal,empyreal-exchange,empyrealsdk.com,25446.png,"{""ethereum"":""0x39D5313C3750140E5042887413bA8AA6145a9bd2"",""arbitrum"":""0x772598E9e62155D7fDFe65FdF01EB5a53a8465BE""}"
25447,YU,BOUNTYKINDS,bountykinds,bountykinds.com,25447.png,"{""bnb"":""0x3e098C23DCFBbE0A3f468A6bEd1cf1a59DC1770D""}"
25479,BAD,Bad Idea AI,bad-idea-ai,badidea.ai,25479.png,"{""ethereum"":""0x32b86b99441480a7e5bd3a26c124ec2373e3f015"",""bone-shibaswap"":""0xef99cd3e619C058658043F8775ED9077105D8581""}"
25487,SATOX,Satoxcoin,satoxcoin,satoverse.io,25487.png,{}
25490,SEED,SEED NFT Marketplace,seed-photo,seed.photo,25490.png,"{""bnb"":""0x6730f7A6BbB7b9C8e60843948f7FEB4B6a17B7F7""}"
25512,RFD,RefundCoin,refund,refundcoin.org,25512.png,"{""ethereum"":""0x955d5c14c8d4944da1ea7836bd44d54a8ec35ba1""}"
25612,EMR,Emorya Finance,emorya-finance,emorya.com,25612.png,"{""multiversx-egld"":""EMR-d10ed9""}"
25645,BNBLION,Bob LION Inu,bob-lion-inu,bnblion.net,25645.png,"{""bnb"":""0xdA1689C5557564d06E2A546F8FD47350b9D44a73""}"
25653,DMT,Sanko GameCorp,sanko-game-corp,launch.sankodreammachine.net,25653.png,"{""arbitrum"":""0x8B0E6f19Ee57089F7649A455D89D7bC6314D04e8""}"
25664,KINGY,KINGYTON,kingyton,kingy.wtf,25664.png,"{""gram"":""EQC-tdRjjoYMz3MXKW4pj95bNZgvRyWwZ23Jix3ph7guvHxJ""}"
25679,XAI,XAI Corp,xai-corp,xai-eth.net,25679.png,"{""ethereum"":""0x0a13a5929e5f0ff0eaba4bd9e9512c91fce40280""}"
25685,CLNX,Coloniume Network,coloniume-network,coloniume.org,25685.png,"{""bnb"":""0x9Ece397eC3d23Fc6aE356545d63Fa4348dBB038d""}"
25687,JOEY,Joey Inu,joey-inu,joeyinu.com,25687.png,"{""bnb"":""0x8eef759dd4a7175286c470a9bf9c03e3b2a04741""}"
25714,CROWN,Crown by Third Time Games,crown-by-third-time-games,thirdtimegames.com,25714.png,"{""solana"":""GDfnEsia2WLAW5t8yx2X5j2mkfA74i5kwGdDuZHt7XmG""}"
25715,MNTC,Minati Coin,minati-coin,minati.io,25715.png,"{""bnb"":""0xa4ce62BB3047E3C4aE52b7eC20c3EB10f4397AF7"",""tron"":""TSw4Kg3y5AvPpYeq8jPSALUDzYNfRd1VQa"",""arbitrum"":""0x1526ca6e3d440159ab02f11815de9ceb62192bf6""}"
25736,PAYU,Platform of meme coins,platform-of-meme-coins,memecoins.finance,25736.png,"{""bnb"":""0x9aeb2e6dd8d55e14292acfcfc4077e33106e4144""}"
25796,JW,Jasan Wellness,jasan-wellness,burn2earn.org,25796.png,"{""bnb"":""0xaB785054251DB0fc44538F5DeeBE7507B748b692""}"
25822,AIT,AiMalls,aimalls,aimalls.app,25822.png,"{""bnb"":""0x5f113f7ef20ff111fd130e83d8e97fd1e0e2518f""}"
25851,DUCKIES,"Duckies, the canary network for Yellow",duckies-the-canary-network-for-yellow,yellow.org,25851.png,"{""ethereum"":""0x90b7E285ab6cf4e3A2487669dba3E339dB8a3320"",""polygon-ecosystem-token"":""0x18e73A5333984549484348A94f4D219f4faB7b81"",""linea"":""0x796000FAd0d00B003B9dd8e531BA90cff39E01E0""}"
25894,WALLY,Wally Bot,wally-bot,wallybot.net,25894.png,"{""ethereum"":""0x7c3ED93b03e67C1fA240395B28E38c4386321B58""}"
25912,PEPE,PepeCoin,pepecoinbsc,pepecoin.rocks,25912.png,"{""bnb"":""0x43b9ce0394d9affc97501359646a410a48c21a11""}"
25926,GMFAM,GMFAM,gmfam,gmfam.io,25926.png,"{""ethereum"":""0xe9da5e227e3fa4fc933b5f540be021e7ecc3fd81""}"
25956,COLLECT,CoinCollect,coincollect,coincollect.org,25956.png,"{""polygon-ecosystem-token"":""0x56633733fc8BAf9f730AD2b6b9956Ae22c6d4148""}"
25963,BXN,BlackFort Exchange Network,blackfort-exchange-network,blackfort.exchange,25963.png,{}
25967,UGOLD,UGOLD Inc.,ugold-inc,ugold-inc.com,25967.png,"{""ethereum"":""0x6aBBF52276856DAb63c5DeE566965aA1a5fAe664""}"
25985,HBT,Hebeto,hebeto,hebeto.com,25985.png,"{""bnb"":""0x94ab0513efB4A8143c3455AD89DeCF7853746f15""}"
25987,WAR,Water Rabbit Token,water-rabbit-token,waterrabbittoken.com,25987.png,"{""bnb"":""0x57bfe2af99aeb7a3de3bc0c42c22353742bfd20d""}"
25990,HUNDRED,HUNDRED,hundred,hundredcoin.io,25990.png,"{""avalanche"":""0x4586AF10ecceeD4E383e3f2Ec93b6C61e26500b5""}"
26028,TIGERMOON,TigerMoon,tigermoon,tigermoon.io,26028.png,"{""bnb"":""0xc23435400facae2552cfd7bdb13c5d52b5bbf0be""}"
26032,CAH,Moon Tropica,moon-tropica,moontropica.com,26032.png,"{""ethereum"":""0x8e0e57dcb1ce8d9091df38ec1bfc3b224529754a"",""bnb"":""0x350844c1e000158ccced3580ffbb72714e61c52c""}"
26059,AEVUM,Aevum,aevum,vivaion.com,26059.png,"{""solana"":""EsirN3orp85uyvZyDrZnbe9cyo7N1114ynLFdwMPCQce""}"
26081,FDUSD,First Digital USD,first-digital-usd,firstdigitallabs.com,26081.png,"{""ethereum"":""0xc5f0f7b66764F6ec8C8Dff7BA683102295E16409"",""bnb"":""0xc5f0f7b66764F6ec8C8Dff7BA683102295E16409"",""solana"":""9zNQRsGLjNKwCUU5Gq5LR8beUCPzQMVMqKAi3SSZh54u"",""arbitrum"":""0x93C9932E4afa59201F0B5E63f7d816516F1669fE"",""gram"":""EQD0Evpk4timFOHmy4Sv3l_KEUXlM-dN1_KhroTCfB2wkO89"",""sui"":""0xf16e6b723f242ec745dfd7634ad072c42d5c1d9ac9d62a39c381303eaa57693a::fdusd::FDUSD""}"
26089,UNSHETH,unshETH Ether,unsheth-ether,unsheth.xyz,26089.png,"{""ethereum"":""0x0Ae38f7E10A43B5b2fB064B42a2f4514cbA909ef"",""bnb"":""0x0Ae38f7E10A43B5b2fB064B42a2f4514cbA909ef"",""arbitrum"":""0x0ae38f7e10a43b5b2fb064b42a2f4514cba909ef""}"
26133,TBTC,tBTC,tbtc-token,threshold.network,26133.png,"{""ethereum"":""0x18084fba666a33d37592fa2633fd49a74dd93a88"",""solana"":""6DNSN2BJsaPFdFFc1zP37kkeNe4Usc1Sqkzr9C9vPWcU"",""polygon-ecosystem-token"":""0x236aa50979D5f3De3Bd1Eeb40E81137F22ab794b"",""optimism-ethereum"":""0x6c84a8f1c29108F47a79964b5Fe888D4f4D0dE40"",""arbitrum"":""0x6c84a8f1c29108f47a79964b5fe888d4f4d0de40"",""starknet-token"":""0x04daa17763b286d1e59b97c283c0b8c949994c361e426a28f743c67bdfe9a32f"",""base"":""0x236aa50979d5f3de3bd1eeb40e81137f22ab794b""}"
26135,AMC,AI Meta Club,ai-meta-club,aimeta.club,26135.png,"{""arbitrum"":""0x299142a6370e1912156E53fBD4f25D7ba49DdcC5""}"
26160,TOSHE,Toshe,toshe,toshethecat.com,26160.png,"{""base"":""0x00E57Ec29EF2bA7dF07Ad10573011647B2366f6D""}"
26198,BDXN,BONDEX,bondex,bondex.app,26198.png,"{""ethereum"":""0xbdbdbdd0c22888e63cb9098ad6d68439197cb091"",""bnb"":""0x1036b2379f506761f237fba7463857924ef21ce3""}"
26202,XFI,CrossFi,crossfinance,crossfi.org,26202.png,"{""ethereum"":""0xc8ceed65e236f7d6fb378b8715f9e6912e486a54"",""bnb"":""0x4ae1cd329e3aa0f70164424d2e5688723a6f9b71"",""arbitrum"":""0xc8ceed65e236f7d6fb378b8715f9e6912e486a54"",""base"":""0x015e7b67198c29462d6653ba72c8a6612dc21014""}"
26220,ISLM,ISLM,islamic-coin,islamiccoin.net,26220.png,"{""ethereum"":""0xf10c41ca085fc8d9326a65408d14dae28a3e69a5"",""osmosis"":""ibc/69110FF673D70B39904FF056CFDFD58A90BEC3194303F45C32CB91B8B0A738EA"",""islamic-coin"":""0xeeeeeeeeeeeeeeeeeeeeeeeeeeeeeeeeeeeeeeee""}"
26221,NOMOX,Nomoex,nomoex,nomoex.com,26221.png,"{""bnb"":""0x30683d46edD7E2A52402e5301B14dB33BD4Ff550""}"
26227,CRYSTAL STONES,CRYSTAL STONES,crystal-stones,crystalstones.org,26227.png,"{""bnb"":""0xe252FCb1Aa2E0876E9B5f3eD1e15B9b4d11A0b00""}"
26265,NIHAO,NiHao,nihao,nihaotoken.com,26265.png,"{""ethereum"":""0xc3681a720605bd6f8fe9a2fabff6a7cdecdc605d""}"
26267,SELF,SelfToken,selftoken,selftoken.io,26267.png,"{""bnb"":""0xC45c56Bf1aaF119a3c266f97BB28BF19646d0B1D""}"
26273,AXT,Axioma Token,axioma-token,axiomacommunity.com,26273.png,"{""bnb"":""0xbb6b75ad7ab30a172e7b5ce46ef2fcf299d14219""}"
26277,GNC,GenieCoin,geniecoin,geniecoin.com,26277.png,"{""ethereum"":""0x677fE4bd9EE5A3E36d3662505977Cc387CEe7b1A""}"
26337,LOVE,Love,love,love.game,26337.png,"{""ethereum"":""0xB22C05CeDbF879a661fcc566B5a759d005Cf7b4C""}"
26386,CONE,BitCone,bitcone,bitcone.lol,26386.png,"{""polygon-ecosystem-token"":""0xbA777aE3a3C91fCD83EF85bfe65410592Bdd0f7c""}"
26396,BANK,BankerCoinAda,bankercoinada,bankercoinada.com,26396.png,"{""cardano"":""2b28c81dbba6d67e4b5a997c6be1212cba9d60d33f82444ab8b1f21842414e4b""}"
26413,NBLU,NuriTopia,nuritopia,nuritopia.io,26413.png,"{""bnb"":""0x6bA5657BBFf83cb579503847C6bAa47295Ef79a8""}"
26417,LIZD,Dancing Lizard Coin,dancing-lizard-coin,dancinglizard.io,26417.png,"{""bnb"":""0xfb0E9a8F741c09128810cD5e2fac498Bc0848b59""}"
26456,SBC,Stable Coin,stable-coin-sbc,brale.xyz,26456.png,"{""ethereum"":""0xf9FB20B8E097904f0aB7d12e9DbeE88f2dcd0F16"",""polygon-ecosystem-token"":""0xfdcC3dd6671eaB0709A4C0f3F53De9a333d80798"",""avalanche"":""0xf9FB20B8E097904f0aB7d12e9DbeE88f2dcd0F16"",""celo"":""0xDE093684c796204224BC081f937aa059D903c52a"",""optimism-ethereum"":""0xf9FB20B8E097904f0aB7d12e9DbeE88f2dcd0F16"",""base"":""0xfdcC3dd6671eaB0709A4C0f3F53De9a333d80798""}"
26497,CLORE,Clore.ai,clore-ai,clore.ai,26497.png,"{""ethereum"":""0xe60201989b8628f43dc0605f585a72bcf1f1e977""}"
26532,PIKA,Pikaboss,pikachu,pikaboss.vip,26532.png,"{""ethereum"":""0xa9d54f37ebb99f83b603cc95fc1a5f3907aaccfd""}"
26540,BBTF,Block Buster Tech Inc,block-buster-tech-inc,bbtftoken.com,26540.png,"{""bnb"":""0xe7057B10E2B59F46D151588d9C8694B4b8328F44""}"
26556,EQB,Equilibria Finance,equilibria-finance,equilibria.fi,26556.png,"{""arbitrum"":""0xBfbCFe8873fE28Dfa25f1099282b088D52bbAD9C"",""ethereum"":""0xfE80D611c6403f70e5B1b9B722D2B3510B740B2B"",""bnb"":""0x374Ca32fd7934c5d43240E1e73fa9B2283468609""}"
26585,PLANET,PLANET,planettoken,planetrefi.com,26585.png,"{""ethereum"":""0x2ad9addd0d97ec3cdba27f92bf6077893b76ab0b"",""bnb"":""0xca6d678e74f553f0e59cccc03ae644a3c2c5ee7d""}"
26592,PANDA,PANDAAI,panda-a-panda,pandacoin.ai,26592.png,"{""ethereum"":""0x95f9b3cE8073eA49e895e8D14759EcCa5e5a0d09""}"
26597,XBTC,XenBitcoin,xen-bitcoin,xenbtc.info,26597.png,"{""pulsechain"":""0xB971a3429c04d96F8a75EDaC7bc79e7C4672b4E6""}"
26599,MAJO,Majo,majo,brcdao.xyz,26599.png,"{""bitcoin"":""bc1pr9hndc9ry890sv0tcgr5yrvvqc83dh05gy92nj63j9ganw9pkaasd2zs56""}"
26632,AIPEPE,AI PEPE KING,ai-pepe-king,aipepeking.vip,26632.png,"{""polygon-ecosystem-token"":""0xBAC3368B5110f3a3ddA8B5a0F7B66EDb37C47AFe""}"
26640,DAO,Distributed Autonomous Organization,distributed-autonomous-organization,daoswap.financial,26640.png,"{""bnb"":""0x037b202ca88d2028d82936d5615ee5088cb9fd78""}"
26650,LAVITA,Lavita AI,lavita-ai,lavita.ai,26650.png,"{""theta-network"":""0x46fBF4487fA1B9C70d35BD761c51c360dF9459ed""}"
26676,INU,INU,ryoshi-inu,ryoshi.guru,26676.png,"{""ethereum"":""0xc76d53f988820fe70e01eccb0248b312c2f1c7ca""}"
26680,NTRN,Neutron,neutron-ntrn,neutron.org,26680.png,"{""osmosis"":""ibc/126DA09104B71B164883842B769C0E9EC1486C0887D27A9999E395C2C8FB5682""}"
26694,QUBY,QUBY,quby,qubycoin.io,26694.png,"{""ethereum"":""0xc785698504a70be37d0e939a4c5326f8eddd5beb""}"
26713,HOW,Howinu,howinu,howinu.com,26713.png,"{""bnb"":""0xdAa64420e769fae36CCaA78e26024FE9f583e9D8""}"
26714,BLU,Blue Norva,blue-norva,bluenorva.io,26714.png,"{""optimism-ethereum"":""0xa50B23cDfB2eC7c590e84f403256f67cE6dffB84""}"
26719,PVC,PVC Meta,pvc-meta,pvcmeta.io,26719.png,"{""bnb"":""0x75ca521892de7f2ecfb070cab545c250d0ceb7e3""}"
26732,IDRX,IDRX,idrx,idrx.co,26732.png,"{""polygon-ecosystem-token"":""0x649a2DA7B28E0D54c13D5eFf95d3A660652742cC"",""bnb"":""0x649a2DA7B28E0D54c13D5eFf95d3A660652742cC"",""solana"":""idrxZcP8xiKkYk6XGD4uz1dxEYCWSgKDHqgjsBbwDur"",""base"":""0x18Bc5bcC660cf2B9cE3cd51a404aFe1a0cBD3C22"",""worldcoin-org"":""0x18bc5bcc660cf2b9ce3cd51a404afe1a0cbd3c22"",""kaia"":""0x18bc5bcc660cf2b9ce3cd51a404afe1a0cbd3c22"",""gnosis-gno"":""0x18bc5bcc660cf2b9ce3cd51a404afe1a0cbd3c22"",""lisk"":""0x18Bc5bcC660cf2B9cE3cd51a404aFe1a0cBD3C22"",""tezos"":""0x18bc5bcc660cf2b9ce3cd51a404afe1a0cbd3c22""}"
26744,FUSDC,Fluid USDC,fluidity,fluidity.money,26744.png,"{""arbitrum"":""0x4CFA50B7Ce747e2D61724fcAc57f24B748FF2b2A""}"
26788,CAT,Cyber Arena,cyber-arena,cyber-arena.co,26788.png,"{""bnb"":""0x7e3784220740e61dc700501bd6771226e11d8897""}"
26832,HACHI,Hachi,hachi,hachitoken.com,26832.png,"{""ethereum"":""0x2a7e415c169ce3a580c6f374dc26f6aaad1eccfe""}"
26833,WECAN,Wecan Group,wecan-group,wecangroup.ch,26833.png,"{""ethereum"":""0xea60cd69f2b9fd6eb067bddbbf86a5bdeffbbc55"",""solana"":""weCanDQdo6nobuM6of7FozmEmXLveaAwMsdMjEsstM2""}"
26835,CCV2,CelebrityCoinV2,celebritycoinv2,celebritycoin.net,26835.png,"{""bnb"":""0x7005a8D108d361236334f613A0dCFEFb44309B25""}"
26836,OCICAT,OciCat,ocicat,ocicat.club,26836.png,"{""bnb"":""0xe53d384cf33294c1882227ae4f90d64cf2a5db70""}"
26837,PEPEW,PEPEPOW,pepepow,pepepow.org,26837.png,{}
26854,ELX,Elixir,elixir-protocol,elixir.xyz,26854.png,"{""ethereum"":""0x89A8c847f41C0dfA6c8B88638bACca8a0b777Da7""}"
26863,3ULL,PLAYA3ULL GAMES,playa3ull,playa3ull.games,26863.png,"{""ethereum"":""0x0339f586230176a243dc9abc757ba1faa5242bd3"",""avalanche"":""0xa77e70d0af1ac7ff86726740db1bd065c3566937""}"
26873,CORGIAI,CorgiAI,corgiai,corgiai.xyz,26873.png,"{""cronos"":""0x6b431B8a964BFcf28191b07c91189fF4403957D0"",""ethereum"":""0x6b431b8a964bfcf28191b07c91189ff4403957d0"",""solana"":""79F32BvHBE49gPsvypYTGzcpWGvt66mgvenQow3mJjXu""}"
26914,STT,Statter Network,statter-network,statter.io,26914.png,{}
26954,PLB,Paladeum,paladeum,paladeum.io,26954.png,{}
26959,HOME,OtterHome,otterhome,otterhome.finance,26959.png,"{""arbitrum"":""0x1bD013bD089C2B6b2D30a0e0B545810a5844E761""}"
26984,X,AI-X,ai-x,ai-xerc.xyz,26984.png,"{""ethereum"":""0x5f5166c4fdb9055efb24a7e75cc1a21ca8ca61a3""}"
26994,SMILEY,SMILEY,smiley-eth,smiley.ws,26994.png,"{""ethereum"":""0x4c6e2c495b974b8d4220e370f23c7e0e1da9b644""}"
26997,ZRO,LayerZero,layerzero,layerzero.foundation,26997.png,"{""ethereum"":""0x6985884C4392D348587B19cb9eAAf157F13271cd"",""bnb"":""0x6985884c4392d348587b19cb9eaaf157f13271cd"",""polygon-ecosystem-token"":""0x6985884c4392d348587b19cb9eaaf157f13271cd"",""avalanche"":""0x6985884c4392d348587b19cb9eaaf157f13271cd"",""optimism-ethereum"":""0x6985884c4392d348587b19cb9eaaf157f13271cd"",""arbitrum"":""0x6985884c4392d348587b19cb9eaaf157f13271cd"",""base"":""0x6985884c4392d348587b19cb9eaaf157f13271cd""}"
26998,SCR,Scroll,scroll,scroll.io,26998.png,"{""scroll"":""0xd29687c813d741e2f938f4ac377128810e217b1b""}"
27008,0XGAS,0xGasless,0xgasless,0xgasless.com,27008.png,"{""ethereum"":""0x5FC111f3Fa4C6b32eAf65659CFEbdeed57234069""}"
27009,UNIBOT,UniBot,unibot-eth,unibot.app,27009.png,"{""ethereum"":""0xf819d9cb1c2a819fd991781a822de3ca8607c3c9""}"
27023,FOOM,FOOM,foom,foomclub.ai,27023.png,"{""ethereum"":""0xd0D56273290D339aaF1417D9bfa1bb8cFe8A0933"",""polygon-ecosystem-token"":""0x2e250061938231e8d85C9D2D3313DEe6674f6609"",""arbitrum"":""0xC31DDaAfCBe9F2e589B65199A9756630b99eb815"",""base"":""0x02300aC24838570012027E0A90D3FEcCEF3c51d2""}"
27048,APEPE,Ape and Pepe,ape-and-pepe,apepe.lol,27048.png,"{""polygon-ecosystem-token"":""0xA3f751662e282E83EC3cBc387d225Ca56dD63D3A""}"
27054,RSC,ResearchCoin,researchcoin,researchhub.com,27054.png,"{""ethereum"":""0xd101dcc414f310268c37eeb4cd376ccfa507f571"",""base"":""0xFbB75A59193A3525a8825BeBe7D4b56899E2f7e1""}"
27075,MNT,Mantle,mantle,group.mantle.xyz,27075.png,"{""ethereum"":""0x3c3a81e81dc49a522a592e7622a7e711c06bf354"",""mantle"":""0xdeaddeaddeaddeaddeaddeaddeaddeaddead0000"",""solana"":""4SoQ8UkWfeDH47T56PA53CZCeW4KytYCiU65CwBWoJUt""}"
27076,WTFUEL,Wrapped TFUEL,wrapped-tfuel,thetatoken.org,27076.png,"{""theta-network"":""0x4dc08b15ea0e10b96c41aec22fab934ba15c983e""}"
27077,WTHETA,Wrapped THETA,wrapped-theta,thetatoken.org,27077.png,"{""theta-network"":""0xaf537fb7e4c77c97403de94ce141b7edb9f7fcf0""}"
27078,NARS,Num ARS v2,num-ars-v2,num.finance,27078.png,"{""polygon-ecosystem-token"":""0x65517425ac3ce259a34400bb67ceb39ff3ddc0bd""}"
27103,FACT,FACTOR,fact0rn,fact0rn.io,27103.png,{}
27109,PIN,Pin Token,pin-token,pintoken.github.io,27109.png,"{""bnb"":""0xB86126b872E3F23bC62D6A4a3152Ec65202a2073""}"
27112,PNP,Penpie,penpie,pendle.magpiexyz.io,27112.png,"{""ethereum"":""0x7DEdBce5a2E31E4c75f87FeA60bF796C17718715"",""bnb"":""0x5012c90f14d190607662ca8344120812aaa2639d"",""arbitrum"":""0x2Ac2B254Bc18cD4999f64773a966E4f4869c34Ee""}"
27178,PAAL,PAAL AI,paal-ai,paal.ai,27178.png,"{""ethereum"":""0x14fee680690900ba0cccfc76ad70fd1b95d10e16"",""base"":""0xd52333441c0553facb259600fa833a69186893a5"",""bnb"":""0xbb1b031c591235408755ff4e0739cb88c5cf2507""}"
27191,LUCKYSLP,LuckysLeprecoin,luckys-leprecoin,luckysleprecoin.io,27191.png,"{""ethereum"":""0x357c915d7c12dc506d13332bb06c932af13e99a0""}"
27194,GMAC,Gemach,gemach,gemach.io,27194.png,"{""ethereum"":""0xD96e84DDBc7CbE1D73c55B6fe8c64f3a6550deea""}"
27195,XNA,Neurai,neurai,neurai.org,27195.png,{}
27220,NIX,NIX,nix-token,nixtoken.finance,27220.png,"{""bnb"":""0xBe96fcF736AD906b1821Ef74A0e4e346C74e6221""}"
27235,OUT,Outter Finance,outter-finance,outterfinance.io,27235.png,"{""bnb"":""0x9F7F4dDbCaC23Db5280D4aab83a28C5c3EfF535e""}"
27276,PEPE2.0,Pepe 2.0 (pepe20.vip),pepe-2-0,pepe20.vip,27276.png,"{""ethereum"":""0x0305f515fa978cf87226cf8A9776D25bcfb2Cc0B""}"
27293,LAC,LaCoin,lacoin,lachain.network,27293.png,"{""ethereum"":""0x0Df3a853e4B604fC2ac0881E9Dc92db27fF7f51b""}"
27311,STON,STON,ston-fi,ston.fi,27311.png,"{""gram"":""EQA2kCVNwVsil2EM2mB0SkXytxCqQjS4mttjDpnXmwG9T6bO""}"
27318,LYUM,Layerium,layerium,layerium.org,27318.png,"{""bnb"":""0x09cF7ca1B4Ca6aB3855F23020e8e0e9E721CC03d""}"
27344,AI,AIDOGE,aidoge,aidoge.com,27344.png,"{""ethereum"":""0xe1283567345349942acdfad3692924a1b16cf3cc""}"
27346,MOOVE,Moove Protocol,moove-protocol,mooveprotocol.ai,27346.png,"{""multiversx-egld"":""MOOVE-875539""}"
27355,WKAS,Wrapped Kaspa,wrapped-kaspa,kaspa.org,27355.png,"{""ethereum"":""0x112b08621E27e10773ec95d250604a041f36C582"",""bnb"":""0x51e72dd1f2628295cc2ef931cb64fdbdc3a0c599"",""polygon-ecosystem-token"":""0x3562ddf1f5ce2c02ef109e9d5a72e2fdb702711d""}"
27358,ARCH,Archway,archway,archway.io,27358.png,"{""osmosis"":""ibc/23AB778D694C1ECFC59B91D8C399C115CC53B0BD1C61020D8E19519F002BDD85""}"
27363,DLLR,Sovryn Dollar,sovryn-dollar,sovryn.app,27363.png,"{""rsk-smart-bitcoin"":""0xc1411567d2670e24d9C4DaAa7CdA95686e1250AA""}"
27369,U2U,U2U Network,unicorn-ultra,u2u.xyz,27369.png,"{""ethereum"":""0x558e7139800f8bc119f68d23a6126fffd43a66a6""}"
27370,FXD,Fathom Dollar,fathom-protocol,fathom.fi,27370.png,"{""xdc-network"":""0x49d3f7543335cf38Fa10889CCFF10207e22110B5""}"
27374,LDZ,Voodoo Token,voodoo-token,lunardollz.com,27374.png,"{""solana"":""E5ZVeBMazQAYq4UEiSNRLxfMeRds9SKL31yPan7j5GJK""}"
27417,NESS,Ness LAB,ness-lab,nesslab.io,27417.png,"{""ethereum"":""0x524f61DEF05E5FA39482628C803Ba869899c07C6"",""polygon-ecosystem-token"":""0x6eaEA1ED457E06F8CF6eE7Adf34e621844c3b0Fc""}"
27432,CAMLY,Camly Coin,camly-coin,camly.co,27432.png,"{""bnb"":""0x0910320181889fefde0bb1ca63962b0a8882e413""}"
27435,SHRED,ShredN,shredn,shredn.io,27435.png,"{""bnb"":""0xddfD6382A18AD7279eB6db4DFB78922DDC33D6E7""}"
27445,GSWIFT,GameSwift,gameswift,gswift.community,27445.png,"{""ethereum"":""0x580e933d90091b9ce380740e3a4a39c67eb85b4c"",""arbitrum"":""0x580e933d90091b9ce380740e3a4a39c67eb85b4c""}"
27463,STUFF,STUFF.io,book-io,stuff.io,27463.png,"{""cardano"":""51a5e236c4de3af2b8020442e2a26f454fda3b04cb621c1294a0ef34424f4f4b""}"
27465,CHARGED,GoCharge Tech,gocharge-tech,gocharge.tech,27465.png,"{""multiversx-egld"":""CHARGED-703583""}"
27467,LEE,Love Earn Enjoy,love-earn-enjoy,cheelee.io,27467.png,"{""bnb"":""0xE37DbF20A4fFf3B88233e456355dc49B76B6fe19""}"
27486,SOPH,SophiaVerse,sophiaverse,sophiaverse.ai,27486.png,"{""ethereum"":""0x73fbd93bfda83b111ddc092aa3a4ca77fd30d380"",""bnb"":""0x73fbd93bfda83b111ddc092aa3a4ca77fd30d380"",""base"":""0x73fbd93bfda83b111ddc092aa3a4ca77fd30d380""}"
27489,LTX,Tanox,tanox,tanoxltx.com,27489.png,"{""solana"":""LTXH7nCGXz5TBZ57H8oZu7YwmDSVfSqWViW4B28yg8X""}"
27507,SHIB2.0,Shib2.0,shib20,shib2.vip,27507.png,"{""ethereum"":""0xdfEf6416EA3e6Ce587ED42Aa7cb2E586362cbBFa""}"
27533,OSAK,Osaka Protocol,osaka-protocol,osaka.win,27533.png,"{""ethereum"":""0xa21af1050f7b26e0cff45ee51548254c41ed6b5c"",""bnb"":""0x11cd72f7A4B699c67f225ca8aBb20bC9F8DB90c7"",""avalanche"":""0x96E1056a8814De39c8c3Cd0176042d6ceCD807d7"",""optimism-ethereum"":""0xbfd5206962267c7b4b4a8b3d76ac2e1b2a5c4d5e"",""base"":""0xbfd5206962267c7b4b4a8b3d76ac2e1b2a5c4d5e"",""arbitrum"":""0xbfd5206962267c7b4b4a8b3d76ac2e1b2a5c4d5e"",""polygon-ecosystem-token"":""0x11cd72f7A4B699c67f225ca8aBb20bC9F8DB90c7"",""solana"":""NKaTB5vC3srLog8W7jzdjnejig2iH8eDpkDM31Dosak""}"
27565,ARKM,Arkham,arkham,arkm.com,27565.png,"{""ethereum"":""0x6e2a43be0b1d33b726f0ca3b8de60b3482b8b050""}"
27566,ETHX,Stader ETHx,stader-ethx,staderlabs.com,27566.png,"{""ethereum"":""0xA35b1B31Ce002FBF2058D22F30f95D405200A15b""}"
27568,SLISBNB,Lista Staked BNB,slisbnb,synclub.io,27568.png,"{""bnb"":""0xB0b84D294e0C75A6abe60171b70edEb2EFd14A1B""}"
27573,EQPAY,EquityPay,equitypay,equitypay.org,27573.png,{}
27582,XTER,Xterio,xterio,xter.io,27582.png,"{""bnb"":""0x103071Da56e7cD95b415320760D6a0dDC4DA1ca5""}"
27585,ASEED,Acala,acala-aseed,acala.network,27585.png,{}
27592,BTC2.0,Bitcoin 2.0,bitcoin-2,btc2.wtf,27592.png,"{""ethereum"":""0x3feb4fea5132695542f8ede5076ac43296d17c6d""}"
27603,EXTRA,Extra Finance,extra-finance,app.extrafi.io,27603.png,"{""optimism-ethereum"":""0x2dad3a13ef0c6366220f989157009e501e7938f8"",""base"":""0x2dad3a13ef0c6366220f989157009e501e7938f8""}"
27614,WMNT,Wrapped Mantle,wrapped-mantle,mantle.xyz,27614.png,"{""mantle"":""0x78c1b0c915c4faa5fffa6cabf0219da63d7f4cb8""}"
27622,LYX,LUKSO,lukso-network,lukso.network,27622.png,"{""ethereum"":""0xc210b2cb65ed3484892167f5e05f7ab496ab0598""}"
27642,AFX,Airfox,aviator,airfox.ac,27642.png,"{""ethereum"":""0x9414E9af3a531E47f0F2B48d1a7fAf8178cF0BD7"",""polygon-ecosystem-token"":""0x7F340bb1Bd152E70761C70665E9D7c0aA3c4d3F5"",""base"":""0x7F340bb1Bd152E70761C70665E9D7c0aA3c4d3F5""}"
27650,ION,Ice Open Network,ice-decentralized-future,ice.io,27650.png,"{""bnb"":""0xE1ab61f7b093435204dF32F5b3A405de55445Ea8""}"
27657,LINEA,Linea,linea,linea.build,27657.png,"{""linea"":""0x1789e0043623282d5dcc7f213d703c6d8bafbb04""}"
27659,MOG,Mog Coin,mog-coin,mogcoin.xyz,27659.png,"{""ethereum"":""0xaaeE1A9723aaDB7afA2810263653A34bA2C21C7a"",""base"":""0x2Da56AcB9Ea78330f947bD57C54119Debda7AF71"",""solana"":""26VfKb7jjtdEdvfovoBijScoZmJbWWasFZkgfUD5w7cy"",""bnb"":""0x1D0A4821FDEf156b0d051D08A166DE5DF2788Cf7""}"
27663,WSTUSDT,wstUSDT,wstusdt,stusdt.io,27663.png,"{""tron"":""TGkxzkDKyMeq2T7edKnyjZoFypyzjkkssq""}"
27684,WMOXY,Moxy,moxy-io,moxy.io,27684.png,"{""ethereum"":""0x695AfdB42EDFf97AF470a15920a66dF81a234c0e""}"
27686,HTM,Hatom,hatom,hatom.com,27686.png,"{""multiversx-egld"":""HTM-f51d55""}"
27691,XDOGE,XDOGE,xdoge-vip,x-doge.vip,27691.png,"{""ethereum"":""0xd2b274cfbf9534f56b59ad0fb7e645e0354f4941""}"
27704,X,X,xerc20-pro,xerc20.pro,27704.png,"{""ethereum"":""0xa62894D5196bC44e4C3978400Ad07E7b30352372""}"
27712,PNDC,Pond Coin,pond0x,pond0x.com,27712.png,"{""ethereum"":""0x423f4e6138E475D85CF7Ea071AC92097Ed631eea""}"
27717,BALD,Bald,bald,,27717.png,"{""base"":""0x27D2DECb4bFC9C76F0309b8E88dec3a601Fe25a8""}"
27736,EXA,Exactly Protocol,exactly-protocol,exact.ly,27736.png,"{""optimism-ethereum"":""0x1e925de1c68ef83bd98ee3e130ef14a50309c01b""}"
27750,TOSHI,Toshi,toshithecat,toshithecat.com,27750.png,"{""bnb"":""0x6a2608Dabe09bc1128EEC7275B92DFB939D5Db3f"",""base"":""0xac1bd2486aaf3b5c0fc3fd868558b082a531b2b4""}"
27755,SOLANA,BarbieCrashBandicootRFK888Inu,barbiecrashbandicootrfk888inu,solanacoin.online,27755.png,"{""ethereum"":""0x3D806324b6Df5AF3c1a81aCbA14A8A62Fe6D643F""}"
27759,SYNTH,Synthswap,synthswap,synthswap.io,27759.png,"{""base"":""0xbd2DBb8eceA9743CA5B16423b4eAa26bDcfE5eD2""}"
27761,RCKT,RocketSwap,rocketswap,app.rocketswap.cc,27761.png,"{""base"":""0x6653dD4B92a0e5Bf8ae570A98906d9D6fD2eEc09""}"
27763,USDBC,Bridged USDC,usd-base-coin,help.coinbase.com,27763.png,"{""base"":""0xd9aAEc86B65D86f6A7B5B1b0c42FFA531710b6CA""}"
27764,BSWAP,BaseSwap,baseswap,baseswap.fi,27764.png,"{""base"":""0x78a087d713Be963Bf307b18F2Ff8122EF9A63ae9""}"
27765,ZBU,Zeebu,zeebu,zeebu.com,27765.png,"{""ethereum"":""0xe77f6aCD24185e149e329C1C0F479201b9Ec2f4B"",""bnb"":""0x4D3dc895a9EDb234DfA3e303A196c009dC918f84"",""base"":""0x2C8C89C442436CC6C0a77943E09c8Daf49Da3161""}"
27766,KYVE,KYVE Network,kyve-network,kyve.network,27766.png,"{""osmosis"":""ibc/613BF0BF2F2146AE9941E923725745E931676B2C14E9768CD609FA0849B2AE13"",""base"":""0xad13bce42394add02e6c215a40e582309b7975c7""}"
27771,X,CruxDecussata,x-com-erc,cruxdecussata.com,27771.png,"{""ethereum"":""0xaBeC00542D141BDdF58649bfe860C6449807237c""}"
27772,PYUSD,PayPal USD,paypal-usd,paypal.com,27772.png,"{""ethereum"":""0x6c3ea9036406852006290770bedfcaba0e23a0e8"",""solana"":""2b1kV6DkPAnxd5ixfnxCpjxmKwqjjaYmCZfHsFu24GXo"",""stellar"":""CCCRWH6Q3FNP3I2I57BDLM5AFAT7O6OF6GKQOC6SSJNDAVRZ57SPHGU2"",""arbitrum"":""0x46850ad61c2b7d64d08c9c754f45254596696984"",""okb"":""0x87b4a8176b3df6b71e26cc095edcaf4db07506b4"",""polygon-ecosystem-token"":""0x99aF3EeA856556646C98c8B9b2548Fe815240750""}"
27789,BASE,BASE,swapbased-base,swapbased.finance,27789.png,"{""base"":""0xd07379a755a8f11b57610154861d694b2a0f615a""}"
27791,NT,NexDAX Chain,nexdax-chain,scan.nexdax.com,27791.png,{}
27793,STUSDT,Staked USDT,staked-usdt,stusdt.io,27793.png,"{""tron"":""TThzxNRLrW2Brp9DcTQU8i4Wd9udCWEdZ3"",""ethereum"":""0x25ec98773d7b4ced4cafab96a2a1c0945f145e10""}"
27805,SWCH,SwissCheese,swisscheese,swisscheese.finance,27805.png,"{""polygon-ecosystem-token"":""0x3ce1327867077b551ae9a6987bf10c9fd08edce1""}"
27809,XRP,HarryPotterObamaPacMan8Inu,harrypotterobamapacman8inu,hpop8i.com,27809.png,"{""ethereum"":""0x07E0EDf8ce600FB51d44F51E3348D77D67F298ae""}"
27839,TREAT,Treat,treat-token,treattoken.org,27839.png,"{""ethereum"":""0xfbd5fd3f85e9f4c5e8b40eec9f8b8ab1caaa146b""}"
27846,EDE,El Dorado Exchange (Base),el-dorado-exchange-base,edebase.finance,27846.png,"{""base"":""0x0A074378461FB7ed3300eA638c6Cc38246db4434""}"
27856,PENGY,Pengycoin,pengy,pengycoin.com,27856.png,"{""solana"":""9YHZjCb14bB9XWZz6FZPTf5nek7kLeoGHmNNrgcxpump""}"
27863,SCM,ScamFari token,scamfari-token,scamfari.com,27863.png,"{""ethereum"":""0x8353b92201f19B4812EeE32EFd325f7EDe123718""}"
27872,TRUMP,MAGA (magamemecoin.com),maga,magamemecoin.com,27872.png,"{""ethereum"":""0x576e2BeD8F7b46D34016198911Cdf9886f78bea7"",""bnb"":""0x4ea98c1999575aaadfb38237dd015c5e773f75a2"",""solana"":""HaP8r3ksG76PhQLTqR8FYBeNiQpejcFbQmiHbg787Ut1"",""base"":""0x57f5fbd3de65dfc0bd3630f732969e5fb97e6d37""}"
27881,BNBDOG,BNB DOG INU,bnb-dog-inu,bnbdoginu.com,27881.png,"{""bnb"":""0x52ABb09Ceb590f04c7d70bE9d6aA420177E94744""}"
27894,JETTON,JetTon Games,jetton,jtredportal.com,27894.png,"{""gram"":""EQAQXlWJvGbbFfE8F3oS8s87lIgdovS455IsWFaRdmJetTon""}"
27905,BABYSHIB,Baby Shiba Inu,baby-shiba-inu-erc,babyshib.vip,27905.png,"{""ethereum"":""0x00000000051b48047be6dc0ada6de5c3de86a588""}"
27928,PEPE,Pepe Community,pepe-community,pepecommunity.vip,27928.png,"{""ethereum"":""0xbe042e9d09cb588331ff911c2b46fd833a3e5bd6""}"
27951,W3S,Web3Shot,web3shot,web3shot.io,27951.png,"{""bnb"":""0x71d03f5cBf039feBcc6EE8DBE20bc9bA3eA874Fe""}"
27952,UCJL,Utility Cjournal,utility-cjournal,cjournal.xyz,27952.png,"{""bnb"":""0xf5355DdC7Ffbf7ca119BF3222cB0ECac2FbB4502""}"
27960,NPC,Non-Playable Coin,non-playable-coin,npc.com,27960.png,"{""ethereum"":""0x8ed97a637a790be1feff5e888d43629dc05408f6"",""base"":""0xb166e8b140d35d9d8226e40c09f757bac5a4d87d"",""bnb"":""0xFEbfA339E44c28E2aa9E62Ea1027C9CB4e378605"",""solana"":""BeGY8KqKxboEwRbJd1q9H2K829jS4Rc5dEyNMYXCbV5p"",""robinhood-placeholder"":""0x241f3caad03db31137f641bef005a32176530024""}"
27964,MAGA,TRUMP,trump-maga,trumpmaga.dev,27964.png,"{""bnb"":""0x8479B19c5a3C43e024B2543582af0FC2fEf2E6A8""}"
27966,DORA,Dora Factory,dora-factory-new,dorafactory.org,27966.png,"{""ethereum"":""0x70b790d0948a760e80bc3f892b142F7779b538B2""}"
27983,WRON,Wrapped Ronin,wrapped-ronin,roninchain.com,27983.png,"{""ronin"":""0xe514d9deb7966c8be0ca922de8a064264ea6bcd4"",""ethereum"":""0x09B6a9E1DD102bD95B3DD5025bCa3540eBf77982""}"
27988,OGD,OLYMPIC GAMES DOGE,olympic-games-doge,tokenogd.com,27988.png,"{""bnb"":""0xD307Bd3082BE46c1Af154700B3237C98E5C1A1a7""}"
27993,WPOKT,Wrapped POKT,wrapped-pocket-network,pokt.network,27993.png,"{""ethereum"":""0x67f4c72a50f8df6487720261e188f2abe83f57d7""}"
28017,WASTR,Wrapped Astar,wrapped-astar,astar.network,28017.png,"{""astar"":""0xAeaaf0e2c81Af264101B9129C00F4440cCF0F720""}"
28030,PASG,Passage,passage,passage.io,28030.png,"{""osmosis"":""ibc/208B2F137CDE510B44C41947C045CFDC27F996A9D990EA64460BDD5B3DBEB2ED""}"
28034,BNBCAT,BNBcat,bnbcat,tokenbnbcat.com,28034.png,"{""bnb"":""0x757f19F49fbB245e501786C8C87C7aB6f36E90f9""}"
28043,FOG,FOGNET,fognet,fognet.io,28043.png,"{""ethereum"":""0x33277c3ff3642c80a9d63daacecff87f1ce8d3e9""}"
28052,FINE,Fine,fine-erc,finerc.vip,28052.png,"{""ethereum"":""0x75c97384ca209f915381755c582ec0e2ce88c1ba""}"
28053,SMURFCAT,Real Smurf Cat,real-smurf-cat-eth,smurfcat.eth.limo,28053.png,"{""ethereum"":""0xfF836A5821E69066c87E268bC51b849FaB94240C"",""arbitrum"":""0x06e90a57d1ece8752d6ce92d1ad348ead5eae4f4""}"
28055,STBT,Short-term T-Bill Token,short-term-t-bill-token,stbt.matrixdock.com,28055.png,"{""ethereum"":""0x530824da86689c9c17cdc2871ff29b058345b44a""}"
28066,BANANA,Banana Gun,banana-gun,bananagun.io,28066.png,"{""ethereum"":""0x38e68a37e401f7271568cecaac63c6b1e19130b4""}"
28067,VARA,Vara Network,vara-network,vara.network,28067.png,"{""ethereum"":""0xB67010F2246814e5c39593ac23A925D9e9d7E5aD""}"
28071,CJPY,Convertible JPY Token,convertible-jpy-token,app.yamato.fi,28071.png,"{""ethereum"":""0x1cfa5641c01406ab8ac350ded7d735ec41298372""}"
28076,OZO,Ozone Chain,ozone-chain,ozonechain.io,28076.png,{}
28078,BSX,BaseX,basex,baseswap.fi,28078.png,"{""base"":""0xd5046b976188eb40f6de40fb527f89c05b323385""}"
28081,SPX,SPX6900,spx6900,spx6900.com,28081.png,"{""ethereum"":""0xe0f63a424a4439cbe457d80e4f4b51ad25b2c56c"",""solana"":""J3NKxxXZcnNiMjKw9hYb2K4LUxgwB6t1FtPtQVsv3KFr"",""base"":""0x50dA645f148798F68EF2d7dB7C1CB22A6819bb2C""}"
28084,XRP20,XRP20,xrp20,xrp20coin.com,28084.png,"{""ethereum"":""0xe4ab0be415e277d82c38625b72bd7dea232c2e7d""}"
28094,MKUSD,Prisma mkUSD,prisma-mkusd,prismafinance.com,28094.png,"{""ethereum"":""0x4591dbff62656e7859afe5e45f6f47d3669fbb28""}"
28106,ZF,zkSwap Finance,zkswap-finance,zkswap.finance,28106.png,"{""zksync"":""0x31c2c031fdc9d33e974f327ab0d9883eae06ca4a"",""sonic"":""0x2f2f2f74ab5db61AE8BD3c13ccD4Dc8c9E8A2f2f"",""monad"":""0x2f2f2f74ab5db61AE8BD3c13ccD4Dc8c9E8A2f2f""}"
28117,OMT,Oracle Meta Technologies,oracle-meta-technologies,omt.technology,28117.png,"{""bnb"":""0x851da0bea7fe6db35c11c1d3a065a96e6b36acf1""}"
28132,BOBA,Boba Cat,bobacat,bobacat.io,28132.png,"{""ethereum"":""0x6eCf5FE60e27cd03ABdBA3a19Af8dC6845A0dA58""}"
28135,CONX,Connex,connex,connex.social,28135.png,"{""bnb"":""0x1b2128abc4119474d16bb0a04200b63b0e68a971""}"
28147,OMIKAMI,Amaterasu Omikami,amaterasu-omikami,omikamitoken.com,28147.png,"{""ethereum"":""0x9e18d5bab2fa94a6a95f509ecb38f8f68322abd3""}"
28152,GEMSTON,GEMSTON,gemston,ston.fi,28152.png,"{""gram"":""EQBX6K9aXVl3nXINCyPPL86C4ONVmQ8vK360u6dykFKXpHCa""}"
28156,JTT,Justus,justus,justustoken.com,28156.png,"{""bnb"":""0xcdb3d3642fb4d48d2b5e4fb4a014448a2761c063""}"
28161,SHIBU,SHIBU INU,shibu-inu,coinshibuinu.com,28161.png,"{""bnb"":""0x7FB25272Db6c9Dc034937e9212476DbD100Da491""}"
28169,BNBDOGE,BNBdoge,bnbdoge,bnbtokeninu.com,28169.png,"{""bnb"":""0xf3507bAF70838B815bdf63aDE783F53b13aeA676""}"
28170,CAL,Calcium,calcium,calciumerc.xyz,28170.png,"{""ethereum"":""0x20561172f791f915323241e885b4f7d5187c36e1""}"
28173,GOLD,Gold,the-gold-token,hodl.gold,28173.png,"{""ethereum"":""0x089453742936dd35134383aee9d78bee63a69b01""}"
28177,PYTH,Pyth Network,pyth-network,pyth.network,28177.png,"{""solana"":""HZ1JovNiVvGrGNiiYvEozEVgZ58xaU3RKwX8eACQBCt3""}"
28179,WSM,Wall Street Memes,wall-street-memes,wallstmemes.com,28179.png,"{""bnb"":""0x62694D43Ccb9B64e76e38385d15e325c7712A735""}"
28183,WFLR,Wrapped Flare,wrapped-flare,flare.network,28183.png,"{""flare"":""0x1d80c49bbbcd1c0911346656b529df9e5c2f783d""}"
28184,WAGMI,Wagmi (wagmi.com),wagmi-com,wagmi.com,28184.png,"{""ethereum"":""0x92CC36D66e9d739D50673d1f27929a371FB83a67"",""bnb"":""0xaf20f5f19698f1d19351028cd7103b63d30de7d7"",""solana"":""Hb4m5r21uoA1rWiNFBJgWN8W52QYbw6UV9jAQDbGNsqH"",""polygon-ecosystem-token"":""0x07Ed33a242BD9C08CA3C198e01189e35265024Da"",""avalanche"":""0xaf20f5f19698f1d19351028cd7103b63d30de7d7"",""optimism-ethereum"":""0xaf20f5f19698f1D19351028cd7103B63D30DE7d7"",""arbitrum"":""0xaf20f5f19698f1D19351028cd7103B63D30DE7d7"",""kava"":""0xaf20f5f19698f1D19351028cd7103B63D30DE7d7"",""metisdao"":""0xaf20f5f19698f1d19351028cd7103b63d30de7d7"",""base"":""0xaf20f5f19698f1D19351028cd7103B63D30DE7d7"",""sonic"":""0x0e0Ce4D450c705F8a0B6Dd9d5123e3df2787D16B""}"
28193,DSHIB,DOLLAR SHIBA INU,dollar-shiba-inu,dollarshibtoken.com,28193.png,"{""bnb"":""0x8e25dBf1d38C48917E8f2270E049dC02d140fcA6""}"
28194,SATS,SATS (Ordinals),sats-ordinals,satscoin.vip,28194.png,"{""bitcoin"":""9b664bdd6f5ed80d8d88957b63364c41f3ad4efb8eee11366aa16435974d9333i0""}"
28215,LONG,LONG,long,longcoin.vip,28215.png,"{""bnb"":""0xfC8774321Ee4586aF183bAca95A8793530056353""}"
28217,KIZUNA,KIZUNA,kizuna,kizunatoken.io,28217.png,"{""ethereum"":""0x470c8950c0c3aa4b09654bc73b004615119a44b5""}"
28220,SOIL,Soil,soil,soil.co,28220.png,"{""polygon-ecosystem-token"":""0x43C73b90E0C2A355784dCf0Da12f477729b31e77"",""ethereum"":""0x54991328ab43c7d5d31c19d1b9fa048e77b5cd16""}"
28224,CRAZYMUSK,CRAZY MUSK,crazy-musk,crazymusktoken.com,28224.png,"{""bnb"":""0xe9e209ECC3035B4b89F557b37D75c76862930e2C""}"
28229,OVN,Overnight,overnight,overnight.fi,28229.png,"{""optimism-ethereum"":""0x3b08fcd15280e7B5A6e404c4abb87F7C774D1B2e"",""arbitrum"":""0xA3d1a8DEB97B111454B294E2324EfAD13a9d8396"",""base"":""0xA3d1a8DEB97B111454B294E2324EfAD13a9d8396"",""bnb"":""0x259b30c916e440fb79747cd559207ffdabbae057""}"
28230,BIGTIME,Big Time,big-time,bigtime.gg,28230.png,"{""ethereum"":""0x64Bc2cA1Be492bE7185FAA2c8835d9b824c8a194""}"
28233,NBABSC,NBA BSC,nba-bsc,nbabsctoken.com,28233.png,"{""bnb"":""0xE38e97FECAc677EA060AC36b9b9d67d376FbF811""}"
28241,MARIO,MARIO CEO,mario-ceo,tokenmarioceo.com,28241.png,"{""bnb"":""0xa750B38172C5f31863Fa88145cc45D52069d35e6""}"
28249,ZTX,ZTX,ztx,ztx.io,28249.png,"{""arbitrum"":""0x1C43D05be7E5b54D506e3DdB6f0305e8A66CD04e""}"
28250,UFC,UFC WIN,ufc-win,ufcwintoken.com,28250.png,"{""bnb"":""0x31430B27838D7Bc8ea422eE44471F305a1eA6982""}"
28262,SPIDERMAN,SPIDERMAN BITCOIN,spiderman-bitcoin,spidertoken.xyz,28262.png,"{""bnb"":""0x7b53b2000A99aF259b995C6162A7FFaaB4e736aB""}"
28263,HAY,HayCoin,haycoin,,28263.png,"{""ethereum"":""0xfa3e941d1f6b7b10ed84a0c211bfa8aee907965e""}"
28264,PREME,PREME Token,preme-token,premetoken.com,28264.png,"{""base"":""0x8c62Ac3b71DB8c81a764B84FFBc2a8D0BAD7F111""}"
28274,PAW,PAW PATROL INU,paw-patrol-inu,pawpatoken.xyz,28274.png,"{""bnb"":""0x0a3c742C2daaB297F6265053ba573e968495aaB2""}"
28286,SPURS,Tottenham Hotspur Fan Token,tottenham-hotspur-fan-token,chiliz.com,28286.png,"{""solana"":""GDNoEjfSAUAvManoEaT3vStGcvwKkcUcSTvUwfvwhqXf"",""base"":""0xbc338400bbcfb75c671c048b4fb9ea5fb2447b76"",""chiliz"":""0xd699ACD21011c20381E5138A430bb0d7b6E9BC7F""}"
28287,GEKKO,Gekko HQ,gekko-hq,gekkohq.com,28287.png,"{""ethereum"":""0xf017d3690346eb8234b85F74cEe5E15821fEe1f4""}"
28289,JUSDT,TON Bridged USDT,ton-bridged-usdt,bridge.ton.org,28289.png,"{""gram"":""EQBynBO23ywHy_CgarY9NK9FTz0yDsG82PtcbSTQgGoXwiuA""}"
28290,JUSDC,TON Bridged USDC,ton-bridged-usdc,bridge.ton.org,28290.png,"{""gram"":""EQB-MPwrd1G6WKNkLz_VnV6WqBDd142KMQv-g1O-8QUA3728""}"
28293,ULTIMA,Ultima,ultima,ultima.io,28293.png,"{""bnb"":""0x5668a83B46016B494A30Dd14066A451E5417A8B8""}"
28295,HALLOWEEN,HALLOWEEN X,halloween-x,hallowtoken.xyz,28295.png,"{""bnb"":""0x6f61b008d356Aef11Ee70e09d20d603ECAef0292""}"
28297,BYTES,Neo Tokyo,neo-tokyo,neotokyo.codes,28297.png,"{""ethereum"":""0xa19f5264f7d7be11c451c093d8f92592820bea86"",""avalanche"":""0x13af0Fe9eB35e91758B467f95cbc78e16FdD8B6b""}"
28298,BEAM,Beam,onbeam,onbeam.com,28298.png,"{""ethereum"":""0x62D0A8458eD7719FDAF978fe5929C6D342B0bFcE"",""bnb"":""0x62D0A8458eD7719FDAF978fe5929C6D342B0bFcE"",""base"":""0x2a66d51407b84b82b5aff3dec4d49f72cbcd322a"",""onbeam"":""0xeeeeeeeeeeeeeeeeeeeeeeeeeeeeeeeeeeeeeeee""}"
28299,TOKEN,TokenFi,tokenfi,tokenfi.com,28299.png,"{""bnb"":""0x4507cEf57C46789eF8d1a19EA45f4216bae2B528"",""ethereum"":""0x4507cEf57C46789eF8d1a19EA45f4216bae2B528""}"
28301,MEME,Memecoin,meme,memecoin.org,28301.png,"{""ethereum"":""0xb131f4a55907b10d1f0a50d8ab8fa09ec342cd74""}"
28304,SPACEPI,SpacePi (ETH),spacepi-eth,eth.space-pi.com,28304.png,"{""ethereum"":""0x69b14e8D3CEBfDD8196Bfe530954A0C226E5008E""}"
28306,MANDOX,Mandox Token,mandox-token,mandoxglobal.com,28306.png,"{""ethereum"":""0x7a8adcf432ebcc2311b955d176ee4bfed13bb9a7""}"
28312,BNBTIGER,BNBtiger 2.0,bnbtiger-2-0,bnbtigertoken.xyz,28312.png,"{""bnb"":""0x3F4e61849db6493ba8bD327aFCBAa56cDd51EE8a""}"
28321,POL,Polygon (prev. MATIC),polygon-ecosystem-token,polygon.technology,28321.png,"{""ethereum"":""0x455e53cbb86018ac2b8092fdcd39d8444affc3f6"",""polygon-ecosystem-token"":""0x0000000000000000000000000000000000001010""}"
28324,DYDX,dYdX,dydx-chain,dydx.trade,28324.png,"{""osmosis"":""ibc/831F0B1BBB1D08A2B75311892876D71565478C532967545476DF4C2D7492E48C""}"
28327,GLINT,Glint Coin,glint-coin,ton.diamonds,28327.png,"{""gram"":""EQCBdxpECfEPH2wUxi1a6QiOkSf-5qDjUWqLCUuKtD-GLINT""}"
28339,BLF,Baby Luffy,baby-luffy,babyluffy.com,28339.png,"{""bnb"":""0xe3b4f0fa9f7ac0b29b29bf94503c3016eb56876d""}"
28340,SMART,SMART,smart-blockchain,smartblockchain.com,28340.png,{}
28344,SIMPSONS,The SIMPSONS BNB,the-simpsons-bnb,tokensimps.xyz,28344.png,"{""bnb"":""0xC99810Bb93B546a2160342D390fa48eB9d692Ea6""}"
28354,XVG,Verge (ETH),verge-eth,vergecurrency.com,28354.png,"{""ethereum"":""0x85614A474dBeED440d5BBDB8aC50b0f22367F997""}"
28356,SDAI,Savings Dai,savings-dai,makerdao.com,28356.png,"{""ethereum"":""0x83f20f44975d03b1b09e64809b757c47f942beea""}"
28363,SHRAP,Shrapnel,shrapnel-com,shrapnel.com,28363.png,"{""ethereum"":""0x31e4efe290973ebe91b3a875a7994f650942d28f"",""bnb"":""0x31e4efe290973ebe91b3a875a7994f650942d28f"",""avalanche"":""0xd402298a793948698b9a63311404FBBEe944eAfD""}"
28364,ETF,ETF,etf,etf.live,28364.png,"{""ethereum"":""0x667210a731447F8B385e068205759BE2311b86d4""}"
28366,CA,Coupon Assets,coupon-assets,radarlab.us,28366.png,"{""ethereum"":""0x9ee8c380E1926730aD89e91665FF27063b13c90A""}"
28368,ELMT,Element,element,elementunited.com,28368.png,"{""ethereum"":""0x600D601D8b9EB5DE5Ac90fEfC68d0d08801bFd3f""}"
28377,OSHI,Oshi Token,oshi-token,project-oshi3.com,28377.png,"{""polygon-ecosystem-token"":""0x09cAD96Bc28f55e9253cfB9a84a3A1Ab79061E54"",""sui"":""https://suiscan.xyz/mainnet/coin/0xf16656c7d417654680c9e6a67f626c2c99a7a91011c88bc50d9ccaffdc53081b::oshi::OSHI""}"
28380,GPRO,GoldPro Token,ipmb,ipmb.com,28380.png,"{""polygon-ecosystem-token"":""0xACe7eb41D6BAd44907cdA84A122F052c74cB7826""}"
28382,MYRO,Myro,myro,myrothedog.com,28382.png,"{""solana"":""Bm3dgkZrjH7eaz1GBH1R2ZHkp7nZUoPNJhjekoxepump""}"
28384,DOGE,DOGE SATELLITE INU,doge-satellite-inu,xtokensat.xyz,28384.png,"{""bnb"":""0x044F2BC015A9742E4eA9494a3c4B99a0B177205F""}"
28385,PROPS,Propbase,propbase,propbase.app,28385.png,"{""ethereum"":""0xAd05253A381FeAde280Ca50bf875dc8113E8a746"",""aptos"":""0xe50684a338db732d8fb8a3ac71c4b8633878bd0193bca5de2ebc852a83b35099::propbase_coin::PROPS"",""base"":""0xD6Aaf4D477999Fa50c5A1Aa35f708862113A73cC""}"
28386,CHAPZ,Chappyz,chappyz,chappyz.com,28386.png,"{""bnb"":""0x7B56748A3Ef9970A5bAe99c58aD8bC67b26c525F""}"
28394,GROK,Grok (grokoneth.com),grok-erc,grokoneth.com,28394.png,"{""ethereum"":""0x8390a1da07e376ef7add4be859ba74fb83aa02d5""}"
28395,CAGA,Crypto Asset Governance Alliance,crypto-asset-governance-alliance,cagacrypto.com,28395.png,"{""ethereum"":""0xbddc20ed7978b7d59ef190962f441cd18c14e19f""}"
28399,FANX,FrontFanz,frontfanz-fanx,fanx.frontfanz.com,28399.png,"{""polygon-ecosystem-token"":""0xb58458c52b6511dc723d7d6f3be8c36d7383b4a8""}"
28403,VAAVE,Venus AAVE,venus-aave,app.venus.io,28403.png,"{""bnb"":""0x26DA28954763B92139ED49283625ceCAf52C6f94""}"
28404,VCAKE,Venus CAKE,venus-cake,app.venus.io,28404.png,"{""bnb"":""0x86aC3974e2BD0d60825230fa6F355fF11409df5c""}"
28407,VTRX,Venus TRX,venus-trx,app.venus.io,28407.png,"{""bnb"":""0xC5D3466aA484B040eE977073fcF337f2c00071c1""}"
28408,VTUSD,Venus TUSD,venus-tusd,app.venus.io,28408.png,"{""bnb"":""0xBf762cd5991cA1DCdDaC9ae5C638F5B5Dc3Bee6E""}"
28412,MUBI,Multibit,multibit,multibit.exchange,28412.png,"{""ethereum"":""0x38e382f74dfb84608f3c1f10187f6bef5951de93""}"
28417,NUT,Nutcoin,nutcoin-org,nutcoin.org,28417.png,"{""ethereum"":""0x473F4068073Cd5b2aB0E4Cc8E146F9EDC6fb52CC"",""solana"":""3KkQ3AaMs2nZoKvYzGnh5bwRocAGFFFzDWUR4hLT7JpF"",""arbitrum"":""0x8697841b82c71fcbd9e58c15f6de68cd1c63fd02"",""base"":""0x6A9431b9ecce9dDe3f7a32391d5b61C5AD11e4A0""}"
28418,TPAD,Trustpad (New),trustpad-new,trustpad.io,28418.png,"{""bnb"":""0x7029f86dc4634c5d59ee3f1578c193783505e2c1""}"
28420,VUNI,Venus UNI,venus-uni,app.venus.io,28420.png,"{""bnb"":""0x27FF564707786720C71A2e5c1490A63266683612""}"
28438,DOGE,DOGECOIN X,dogecoin-x,xcoininu.xyz,28438.png,"{""bnb"":""0xdAC581adD4C3AE3b95dbb736B10dd7DCAEa399b3""}"
28440,NLINK,Neuralink,neuralink-nlink,nlink.space,28440.png,"{""bnb"":""0x33518f3e0bef8f1702d78e12f9c34955c941eb90""}"
28443,USDV,Verified USD,verified-usd,usdv.money,28443.png,"{""ethereum"":""0x0e573ce2736dd9637a0b21058352e1667925c7a8"",""bnb"":""0x323665443CEf804A3b5206103304BD4872EA4253"",""avalanche"":""0x323665443CEf804A3b5206103304BD4872EA4253"",""optimism-ethereum"":""0x323665443CEf804A3b5206103304BD4872EA4253"",""arbitrum"":""0x323665443CEf804A3b5206103304BD4872EA4253"",""polygon-ecosystem-token"":""0x323665443CEf804A3b5206103304BD4872EA4253""}"
28446,SPECTRE,SPECTRE AI,spectre-ai,spectreai.io,28446.png,"{""ethereum"":""0x9Cf0ED013e67DB12cA3AF8e7506fE401aA14dAd6""}"
28448,DOGE-1,Satellite Doge-1 Mission,satellite-doge-1-mission,satellite-doge1.com,28448.png,"{""ethereum"":""0xFfE203b59393593965842439ce1E7D7c78109b46""}"
28450,FLOKIX,FLOKI X,floki-x,flokitokenx.com,28450.png,"{""bnb"":""0x155d903937DC0F5bC5378A863F822F3eF4088628""}"
28452,RATS,rats (Ordinals),rats-ordinals,,28452.png,"{""bitcoin"":""77df24c9f1bd1c6a606eb12eeae3e2a2db40774d54b839b5ae11f438353ddf47i0""}"
28453,BEFE,BEFE,befe,befetoken.com,28453.png,"{""ethereum"":""0x0cc488a3f6c9a569614912e421115995493fdfec"",""bnb"":""0x57185189118c7e786cafd5c71f35b16012fa95ad""}"
28458,OLAS,Autonolas,autonolas,olas.network,28458.png,"{""ethereum"":""0x0001a500a6b18995b03f44bb040a5ffc28e45cb0"",""solana"":""Ez3nzG9ofodYCvEmw73XhQ87LWNYVRM2s7diB5tBZPyM"",""gnosis-gno"":""0xcE11e14225575945b8E6Dc0D4F2dD4C570f79d9f"",""polygon-ecosystem-token"":""0xFEF5d947472e72Efbb2E388c730B7428406F2F95"",""celo"":""0xaCFfAe8e57Ec6E394Eb1b41939A8CF7892DbDc51"",""optimism-ethereum"":""0xFC2E6e6BCbd49ccf3A5f029c79984372DcBFE527"",""arbitrum"":""0x064f8b858c2a603e1b106a2039f5446d32dc81c1"",""base"":""0x54330d28ca3357F294334BDC454a032e7f353416"",""mode"":""0xcfD1D50ce23C46D3Cf6407487B2F8934e96DC8f9"",""robinhood-placeholder"":""0x092963938deBD8013a2e545b3549f8A5ec0D2286""}"
28463,PTH,Plastic Hero,plastichero,plasticherocoin.com,28463.png,"{""ethereum"":""0x9555fec3E6F0CE15b8e97Dbcd911A0852c1Ce68f""}"
28464,$FM,Flowmatic,flowmatic,flowmatic.xyz,28464.png,"{""solana"":""Eh1fXbAipe4k7CYR9UMb2bbWmBcpU3HcyX3LWuRVFBLz""}"
28467,$PEEP,Peepo (SOL),peepo-sol,peeposol.com,28467.png,"{""solana"":""n54ZwXEcLnc3o7zK48nhrLV4KTU5wWD4iq7Gvdt5tik""}"
28476,OSETH,StakeWise Staked ETH,staked-eth,stakewise.io,28476.png,"{""ethereum"":""0xf1C9acDc66974dFB6dEcB12aA385b9cD01190E38""}"
28478,MOCHI,Mochi (New),mochi-the-catcoin-new,mochithecatcoin.com,28478.png,"{""base"":""0xf6e932ca12afa26665dc4dde7e27be02a7c02e50""}"
28479,ROOT,The Root Network,the-root-network,therootnetwork.com,28479.png,"{""ethereum"":""0xa3d4BEe77B05d4a0C943877558Ce21A763C4fa29""}"
28480,BLAST,Blast,blast,blast.io,28480.png,"{""blast"":""0xb1a5700fA2358173Fe465e6eA4Ff52E36e88E2ad""}"
28485,NLS,Nolus,nolus-io,nolus.io,28485.png,"{""osmosis"":""ibc/D9AFCECDD361D38302AA66EB3BAC23B95234832C51D12489DC451FA2B7C72782""}"
28492,ZEPH,Zephyr Protocol,zephyr-protocol,zephyrprotocol.com,28492.png,{}
28493,SHIBA,SHIBA INU X,shiba-inu-x,inucoinshib.com,28493.png,"{""bnb"":""0x39bE270D18bcb4EF93F670158E1204A561158D93""}"
28504,JOE,Joe coin,joe-coin,thejoecoin.com,28504.png,"{""ethereum"":""0x76e222b07c53d28b89b0bac18602810fc22b49a8""}"
28508,NIBI,Nibiru,nibiru-chain,nibiru.fi,28508.png,"{""ethereum"":""0x8a47e412a865198b9d5f10ff2e54f788f1696195"",""base"":""0x3ade6652f203d919697f8577f75eebb989a5c586""}"
28510,HOLD,Holdstation,holdstation,holdstation.com,28510.png,"{""zksync"":""0xed4040fD47629e7c8FBB7DA76bb50B3e7695F0f2"",""berachain"":""0xFF0a636Dfc44Bb0129b631cDd38D21B613290c98""}"
28524,LIQ,Liquidus Foundation,liquidus-new,liquidus.finance,28524.png,"{""bnb"":""0x2749C9f2f8568d389BBF61ed77784A43C3cD3E19""}"
28529,USDCASH,USDCASH,usdcash-token,paycashswap.com,28529.png,"{""vaulta"":""token.pcash""}"
28538,DEXNET,DexNet,dexnet,dexnet.one,28538.png,"{""bnb"":""0x39dF92f325938c610f4e4a04F7b756145eBe8804""}"
28541,JTO,Jito,jito,jito.network,28541.png,"{""solana"":""jtojtomepa8beP8AuQc6eXt5FriJwfFMwQx2v2f9mCL""}"
28545,XAH,Xahau,xahau,xahau.network,28545.png,{}
28546,WBS,Websea,websea,websea.com,28546.png,"{""polygon-ecosystem-token"":""0xee5bb31fdf28b5d64f5a5605085cc4e3649aa624""}"
28547,CRAZYCAT,CRAZY CAT,crazy-cat,tokencrazycat.com,28547.png,"{""bnb"":""0xe237948E0111e2f9698A2da507d7E3f5e3581C38""}"
28559,BCUT,bitsCrunch,bitscrunch,bitscrunch.com,28559.png,"{""ethereum"":""0xBEF26Bd568e421D6708CCA55Ad6e35f8bfA0C406"",""polygon-ecosystem-token"":""0x3fb83A9A2c4408909c058b0BfE5B4823f54fAfE2""}"
28565,RMBCASH,RMBCASH,rmbcash-token,paycashswap.com,28565.png,"{""vaulta"":""RMBCASH-eos-token.pcash""}"
28567,PALM,PaLM AI,palm-ai,palmaierc.com,28567.png,"{""ethereum"":""0xf1df7305E4BAB3885caB5B1e4dFC338452a67891""}"
28568,EETH,ether.fi Staked ETH,ether-fi,ether.fi,28568.png,"{""ethereum"":""0x35fA164735182de50811E8e2E824cFb9B6118ac2""}"
28570,CZGOAT,CZ THE GOAT,cz-the-goat,czthegoat.io,28570.png,"{""bnb"":""0xa2C17A6Fd0aFE27afa2630A7528bC673089E6b8d""}"
28579,FOMO,FOMOSolana,fomosolana,fomosolana.com,28579.png,"{""solana"":""Cx9oLynYgC3RrgXzin7U417hNY9D6YB1eMGw4ZMbWJgw""}"
28580,VC,VinuChain,vinuchain,vinuchain.org,28580.png,"{""bnb"":""0x2Bf83D080d8Bc4715984e75E5b3D149805d11751""}"
28582,PT,Phemex Token,phemex,phemex.com,28582.png,"{""ethereum"":""0xbbb32f99e6f2cb29337eebaa43c5069386de6e6c""}"
28583,HMTT,Hype Meme Token,hype-meme-token,hypememetoken.com,28583.png,"{""bnb"":""0x4EF0EA66887E53f8363F185AB0AF0f69F4943e8e""}"
28589,FROGE,Froge (ETH),froge-vip,froge.vip,28589.png,"{""ethereum"":""0xcAb254f1a32343f11aB41fbdE90eCB410cDe348a""}"
28600,CRAZYDOGE,CRAZY DOGE,crazy-doge,crazyinutoken.com,28600.png,"{""bnb"":""0x342B52DC45646dc947246E2050A9bfB49dAFdF5d""}"
28601,DARIK,Darik,darik,darikcoin.org,28601.png,"{""bnb"":""0x595a67D180BAE10314384265d56927C8ff073426""}"
28607,WARPED,Warped,warped-games,warped.games,28607.png,"{""sui"":""0x50c9c77f29de11a2abdbe60e0869a026dc47c94bfc4e7d461c80313b079d44d2::warped::WARPED""}"
28608,BSSB,BitStable,bitstable,bitstable.finance,28608.png,"{""ethereum"":""0xda31d0d1bc934fc34f7189e38a413ca0a5e8b44f""}"
28610,INSP,Inspect,inspect,inspect.xyz,28610.png,"{""ethereum"":""0x186eF81fd8E77EEC8BfFC3039e7eC41D5FC0b457"",""bnb"":""0x8d279274789ccec8af94a430a5996eaace9609a9""}"
28613,PIKACHU,PIKACHU INU,tokenpikachuinu,tokenpikachuinu.com,28613.png,"{""bnb"":""0x13BEC0d913E1D33397c44620A8Ce0BB3149294e2""}"
28639,BAZED,Bazed Games,bazed-games,bazed.bet,28639.png,"{""ethereum"":""0x3ee4b152824b657644c7a9b50694787e80eb8f4a""}"
28649,DAWG,Dawg Coin,dawg-coin,dawg-coin.com,28649.png,"{""ethereum"":""0xd5fa38027462691769b8a8ba6c444890103b5b94""}"
28652,SEAM,Seamless,seamless,seamlessprotocol.com,28652.png,"{""ethereum"":""0x6b66ccd1340c479b07b390d326eadcbb84e726ba"",""base"":""0x1C7a460413dD4e964f96D8dFC56E7223cE88CD85""}"
28654,UPC,UPCX,upcx,upcx.io,28654.png,"{""ethereum"":""0x487d62468282Bd04ddf976631C23128A425555EE""}"
28656,VCNT,ViciCoin,vicicoin,vicicoin.io,28656.png,"{""polygon-ecosystem-token"":""0x8a16D4bF8A0a716017e8D2262c4aC32927797a2F"",""base"":""0xdCf5130274753c8050aB061B1a1DCbf583f5bFd0"",""arbitrum"":""0x60bf4E7cF16Ff34513514b968483B54Beff42a81"",""optimism-ethereum"":""0xc6BDFC4f2E90196738873E824a9eFa03F7c64176"",""avalanche"":""0xc6BDFC4f2E90196738873E824a9eFa03F7c64176"",""bnb"":""0xc6BDFC4f2E90196738873E824a9eFa03F7c64176"",""blast"":""0xc6BDFC4f2E90196738873E824a9eFa03F7c64176"",""ethereum"":""0x3bE775B699fee916E7De117994358fF8F48e4569""}"
28660,LVN,Levana Protocol,levana-protocol,levana.finance,28660.png,"{""osmosis"":""factory/osmo1mlng7pz4pnyxtpq0akfwall37czyk9lukaucsrn30ameplhhshtqdvfm5c/ulvn""}"
28661,ROCKY,Rocky,rocky,rockythedogcoin.com,28661.png,"{""solana"":""4icEZCrEYNop2ZaMMCkRHaNzkt6xG9BpijMCQV7mpw6Z""}"
28664,BYTE,Byte,byte,bytedog.ai,28664.png,"{""ethereum"":""0xdE342A3E269056fc3305f9e315F4C40D917BA521"",""bnb"":""0x840eF7e5f896Be71D46Df234C60898216feFCBe3"",""solana"":""ArGfk9JJ72QETcmckxVjCZ9ApuATgP1mf9ysVHnPU4ut"",""arbitrum"":""0x847503FbF003cE8B005546Aa3c03B80b7C2F9771"",""base"":""0xe095780ba2a64a4efa7a74830f0b71656f0b0ad4""}"
28671,FWD,Rewind Protocol,rewind-protocol,rewindprotocol.com,28671.png,"{""polygon-ecosystem-token"":""0xC9dF967627121D67BC120fAdb291C3BA5800aB2d""}"
28674,ACE,Fusionist,fusionist,ace.fusionist.io,28674.png,"{""bnb"":""0xc27A719105A987b4c34116223CAE8bd8F4B5def4""}"
28675,COQ,Coq Inu,coq-inu,coqinu.com,28675.png,"{""avalanche"":""0x420fca0121dc28039145009570975747295f2329""}"
28686,GTA6,GTA VI,gta-vi-bsc,gta-vi.vip,28686.png,"{""bnb"":""0x77edb9c65bba76023ff6cB067DbDC863882B30f9""}"
28687,TESLAI,Tesla AI,tesla-ai-bsc,teslaai2023.site,28687.png,"{""bnb"":""0x594d5AD1884Fe4D7d6982dC0A8562893F2279603""}"
28688,AIAT,AI Analysis Token,ai-analysis-token,aianalysis.group,28688.png,"{""ethereum"":""0x0501b9188436E35bB10F35998c40ADC079003866""}"
28693,ZETRIX,Zetrix,zetrix,zetrix.com,28693.png,{}
28695,WEETH,Wrapped eETH,wrapped-eeth,ether.fi,28695.png,"{""ethereum"":""0xCd5fE23C85820F7B72D0926FC9b05b43E359b7ee"",""arbitrum"":""0x35751007a407ca6FEFfE80b3cB397736D2cf4dbe"",""mode"":""0x04c0599ae5a44757c0af6f9ec3b93da8976c150a"",""blast"":""0x04C0599Ae5A44757c0af6F9eC3b93da8976c150A"",""base"":""0x04C0599Ae5A44757c0af6F9eC3b93da8976c150A"",""bnb"":""0x04C0599Ae5A44757c0af6F9eC3b93da8976c150A"",""linea"":""0x1Bf74C010E6320bab11e2e5A532b5AC15e0b8aA6"",""optimism-ethereum"":""0x5A7fACB970D094B6C7FF1df0eA68D99E6e73CBFF"",""scroll"":""0x01f0a31698c4d065659b9bdc21b3610292a1c506"",""zksync"":""0xc1fa6e2e8667d9be0ca938a54c7e0285e9df924a""}"
28703,MARSUPILAMI,MARSUPILAMI INU,marsupilami-inu,marsupilamicoin.com,28703.png,"{""bnb"":""0x5B813Ce6b9F225c3F2cBaCd078616A4F1Ee96002""}"
28704,DFC,DeFinder Capital,definder-capital,definder.club,28704.png,"{""gram"":""EQD26zcd6Cqpz7WyLKVH8x_cD6D7tBrom6hKcycv8L8hV0GP""}"
28710,CAT,SPACE CAT,space-cat,spacecatcoin.com,28710.png,"{""bnb"":""0x102A6625b69b214BD2422952C8A6401a4b800B73""}"
28719,SOLS,sols,sols-spl20-io,spl20.io,28719.png,"{""solana"":""2wme8EVkw8qsfSk2B3QeX4S64ac6wxHPXb3GrdckEkio""}"
28720,GREEN,Green,green,setpowerfree.com,28720.png,"{""ethereum"":""0xb2089a7069861c8d90c8da3aacab8e9188c0c531"",""base"":""0xb2089a7069861c8d90c8da3aacab8e9188c0c531"",""bnb"":""0xb2089a7069861c8d90c8da3aacab8e9188c0c531""}"
28725,BIG,BIG Indie Games,meme-alliance,bigindie.games,28725.png,"{""ethereum"":""0x1337B164D318234ccafc3B06c726f522314B2799""}"
28735,UNP,UNIPOLY,unipoly,unipolycoin.com,28735.png,"{""ethereum"":""0x23d7Ff057c696fEE679c60cEf61Fee6614218f04"",""bnb"":""0xce5098dc1748789f66926a43c054d7d2e150f46b""}"
28746,WOLF,LANDWOLF (AVAX),landwolf-avax,landwolfavax.com,28746.png,"{""avalanche"":""0x4f94b8aef08c92fefe416af073f1df1e284438ec""}"
28752,WIF,dogwifhat,dogwifhat,dogwifhat.us,28752.png,"{""solana"":""EKpQGSJtjMFqKZ9KQanSqYXRcF8fBopzLHYxdM65zcjm""}"
28756,VPR,VaporFund,vaporwallet,vaporfund.com,28756.png,"{""bnb"":""0xB96D0f29a0aC9AF4a32835e90EC6531389765089""}"
28762,GROKINU,Grok Inu,grok-inu,grokinucoin.vip,28762.png,"{""bnb"":""0xD08b9e557D1f64c8dd50A168453eA302A83E47FC""}"
28765,NINJA,Dog Wif Nunchucks,dog-wif-nunchucks,dogwifnunchucks.com,28765.png,"{""injective"":""factory/inj1xtel2knkt8hmc9dnzpjz6kdmacgcfmlv5f308w/ninja"",""osmosis"":""ibc/183C0BB962D2F57C957E0B134CFA0AC9D6F755C02DE9DC2A59089BA23009DEC3"",""solana"":""G2FVt4LrYgZ9Grmy4Pb7FA7SKdLRZ38mAxTiLjex5Wsa""}"
28770,AVIVE,Avive World,avive-world,avive.world,28770.png,"{""arbitrum"":""0x5117f4Ad0bc70Dbb3B05bF39A1EC1Ee40DD67654""}"
28778,NFP,NFPrompt,nfprompt,nfprompt.io,28778.png,"{""bnb"":""0x551897f8203bd131b350601D3aC0679Ba0Fc0136""}"
28782,POPCAT,Popcat (SOL),popcat-sol,popcatsolana.xyz,28782.png,"{""solana"":""7GCihgDB8fe6KNjn2MYtkzZcRjQy3t9GHdC8uHYmW2hr""}"
28786,HEMULE,Hemule,hemule,hemulebuterin.com,28786.png,"{""ethereum"":""0xeAA63125dd63f10874F99CdBbb18410e7Fc79dD3""}"
28789,SILLY,Silly Dragon,silly-dragon,sillydragon.io,28789.png,"{""solana"":""7EYnhQoR9YM3N7UoaKRoA44Uy8JeaZV3qyouov87awMs""}"
28791,1CAT,Bitcoin Cats,bitcoin-cats,bitcoincats.world,28791.png,"{""ethereum"":""0x508e00d5cef397b02d260d035e5ee80775e4c821""}"
28792,STTON,bemo staked TON,bemo-staked-ton,bemo.finance,28792.png,"{""gram"":""EQDNhy-nxYFgUqzfUzImBEP67JqsyMIcyk2S5_RwNNEYku0k""}"
28797,BABYCAT,BABY CAT INU,baby-cat-inu,babycatinu.com,28797.png,"{""bnb"":""0x6cc89e057570F4A17D0eb3e20004A616A7C500e9""}"
28800,EGG,Eggdog,eggdog,eggdogsol.com,28800.png,"{""solana"":""EXA537HSBVpsFijENbt6Muuy9AADUN8dUmYKD4oKbjJE""}"
28801,BABYBONK,Baby Bonk,baby-bonk-coin,babybonkcoin.io,28801.png,"{""bnb"":""0xbb2826ab03b6321e170f0558804f2b6488c98775""}"
28802,GM,The GM Machine,the-gm-machine,thegmmachine.com,28802.png,"{""solana"":""3acxNNmfdKKZj9i35P4VDBFm74Ufdt8ojKWceVGynwC5""}"
28803,ZERO,Analysoor,analysoor,analysoor.com,28803.png,"{""solana"":""93RC484oMK5T9H89rzT5qiAXKHGP9jscXfFfrihNbe57""}"
28804,PLQ,Planq,planq,planq.network,28804.png,"{""bnb"":""0x13ef69f64de07d14517b667728db8b9f23856a38"",""osmosis"":""ibc/B1E0166EA0D759FDF4B207D1F5F12210D8BFE36F2345CEFC76948CE2B36DFBAF""}"
28805,ANALOS,analoS,analos,,28805.png,"{""solana"":""7iT1GRYYhEop2nV1dyCwK2MGyLmPHq47WhPGSwiqcUg5""}"
28808,SSHIB,Solana Shib,solana-shib,solshib.space,28808.png,"{""solana"":""6VHL2vMKgrF1YQFSv29Rs1pj9VCRK29bD11NtDqerqHA""}"
28809,SOBER,Solabrador,solabrador-xyz,solabrador.xyz,28809.png,"{""solana"":""2ZE6hSL36e44wP168YMnxrbi1CSCFuD2BJm7NoNHfsmN""}"
28814,SANTA,SANTA CHRISTMAS INU,santa-christmas-inu,santachristmastoken.com,28814.png,"{""bnb"":""0x619574A4A35e16BdA3942c7500054D531b311d0e""}"
28826,TURT,TurtSat,turtsat,turtsat.io,28826.png,"{""ethereum"":""0x0800394f6E23dD539929c8B77a3d45c96F76AEFC""}"
28827,OMNI,OmniCat,omnicat,twitter.com,28827.png,"{""ethereum"":""0x9e20461bc2c4c980f62f1B279D71734207a6A356"",""polygon-ecosystem-token"":""0x9e20461bc2c4c980f62f1b279d71734207a6a356"",""bnb"":""0x9e20461bc2c4c980f62f1b279d71734207a6a356"",""arbitrum"":""0x9e20461bc2c4c980f62f1b279d71734207a6a356"",""base"":""0xc48e605c7b722a57277e087a6170b9e227e5ac0a"",""canto"":""0x9e20461bc2c4c980f62f1B279D71734207a6A356"",""solana"":""7mmXL6Et4SbpDs2iXoZQ3oPEeXeAiyETxh1QjDNi5qnV""}"
28829,MAVIA,Heroes of Mavia,heroes-of-mavia,mavia.com,28829.png,"{""ethereum"":""0x24fcFC492C1393274B6bcd568ac9e225BEc93584"",""base"":""0x24fcFC492C1393274B6bcd568ac9e225BEc93584"",""bnb"":""0x24fcfc492c1393274b6bcd568ac9e225bec93584""}"
28835,ADA,TOLY’S DOG,ada,adaonsol.io,28835.png,"{""solana"":""E4Q5pLaEiejwEQHcM9GeYSQfMyGy8DJ4bPWgeYthn24v""}"
28836,KIMBO,Kimbo,kimbo,kimboavax.com,28836.png,"{""avalanche"":""0x184ff13B3EBCB25Be44e860163A5D8391Dd568c1""}"
28839,SMOL,Smolcoin,smolcoin,smolcoin.lol,28839.png,"{""arbitrum"":""0x9E64D3b9e8eC387a9a58CED80b71Ed815f8D82B5""}"
28844,CIF,CATWIFHAT,catwifhat,catwifhatcoin.com,28844.png,"{""solana"":""G3vWvAaXPHCnncnyAbq6yBRXqfRtEV3h7vExzasZeT6g""}"
28846,AI,Sleepless AI,sleepless-ai,sleeplessailab.com,28846.png,"{""bnb"":""0xBDA011D7F8EC00F66C1923B049B94c67d148d8b2""}"
28847,AI,AI,ai,theaicoin.io,28847.png,"{""solana"":""99ouK5YUK3JPGCPX9joNtHsMU7NPpU7w91JN4kdQ97po""}"
28850,NOT,Notcoin,notcoin,notco.in,28850.png,"{""gram"":""EQAvlWFDxGF2lXm67y4yzC17wYKD9A0guwPkMs1gOsM__NOT""}"
28852,MOE,Merchant Moe,merchant-moe,merchantmoe.com,28852.png,"{""mantle"":""0x4515A45337F461A11Ff0FE8aBF3c606AE5dC00c9""}"
28853,JLP,Jupiter Perps LP,jupiter-perps-lp,jup.ag,28853.png,"{""solana"":""27G8MtK7VtTcCHkpASjSDdkWWYfoqT6ggEuKidVJidD4""}"
28856,FREN,Frencoin,frencoin-org,frencoin.org,28856.png,{}
28857,ZKF,ZKFair,zkfair,zkfair.io,28857.png,"{""zkfair"":""0x1cD3E2A23C45A690a18Ed93FD1412543f464158F""}"
28862,BSOL,BlazeStake Staked SOL,blazestake-staked-sol,stake.solblaze.org,28862.png,"{""solana"":""bSo13r4TkiE4KumL71LsHTPpL2euBYLFx6h9HP3piy1""}"
28863,GONE,GONE,gone,itsgone.xyz,28863.png,"{""polygon-ecosystem-token"":""0x162539172b53e9a93b7d98fb6c41682de558a320""}"
28866,SOLZILLA,Solzilla,solzilla,solzilla.vip,28866.png,"{""solana"":""31iQsahfa4CMiirU7REygBzuAWg4R4ah7Y4aDu9ZfXJP""}"
28868,DUEL,GameGPT,duel,gamegpt.gg,28868.png,"{""ethereum"":""0x943Af2ece93118B973c95c2F698EE9D15002e604"",""bnb"":""0xa1ED0bD9A4776830c5b7bA004F26427b71152CA5""}"
28870,GEC,Gecko Inu,gecko-inu,geckoinu.vip,28870.png,"{""avalanche"":""0xE8385CECb013561b69bEb63FF59f4d10734881f3""}"
28872,DOGE,SPACE DOGE,space-doge,spaceinucoin.xyz,28872.png,"{""bnb"":""0x2603a2F40Cd0dC2f6a6FB02A0c0768108b9F5F46""}"
28882,AIT,AIT Protocol,ait-protocol,aitprotocol.ai,28882.png,"{""ethereum"":""0x89d584A1EDB3A70B3B07963F9A3eA5399E38b136""}"
28883,BORK,Bork,bork-token,bork.community,28883.png,"{""solana"":""4jZXkSNgTQKCDb36ECZ6a2aNzcUniGcDeXgTdtM2HxAX""}"
28884,CAPINFRA,CAPINFRA,capverse,capnetwork.io,28884.png,"{""bnb"":""0x5Cc81ea325e9Ff9d496F4997750b8f6667f1c63c""}"
28891,BRETT,Brett (SOL),brett-token,brett.fyi,28891.png,"{""solana"":""DxtssVdyYe4wWE5f5zEgx2NqtDFbVL3ABGY62WCycHWg""}"
28892,PIF,pepewifhat,pepewifhat,pif.live,28892.png,"{""solana"":""8vRnnknwERunJEEDtEFoxzaxbxGnEY61FPbx8uTVKsUD""}"
28894,KITTY,Kitty AI,kitty-ai,kitty-ai.community,28894.png,"{""solana"":""8yJ15ee2AUQmwbWPxXLTTeBTzyMGn4MtSRKMqVHw1J1G""}"
28897,GECKO,Gecko Coin,gecko-coin,geckocoin.xyz,28897.png,"{""solana"":""6CNHDCzD5RkvBWxxyokQQNQPjFWgoHF94D7BmC73X6ZK""}"
28899,BEAR,Bear Coin on Avax,bear-coin-on-avax,avaxbear.com,28899.png,"{""avalanche"":""0x19c79F282d151995D91f6dbdda2739701F9C47AA""}"
28901,DOGI,dogi,dogi,dogi.world,28901.png,"{""dogecoin"":""0bd32d69ca2221f3fc34d99aa14bccc2af10eedc7514770ae842ab9a72468743i0""}"
28909,CKBTC,Chain-key Bitcoin,chain-key-bitcoin,internetcomputer.org,28909.png,"{""internet-computer"":""mxzaz-hqaaa-aaaar-qaada-cai""}"
28910,CKETH,Chain-key Ethereum,chain-key-ethereum,internetcomputer.org,28910.png,"{""internet-computer"":""ss2fx-dyaaa-aaaar-qacoq-cai""}"
28916,AI,Any Inu,any-inu,anyinu.ai,28916.png,"{""ethereum"":""0x2598c30330D5771AE9F983979209486aE26dE875"",""base"":""0x2598c30330D5771AE9F983979209486aE26dE875"",""arbitrum"":""0x2598c30330D5771AE9F983979209486aE26dE875"",""bnb"":""0x2598c30330D5771AE9F983979209486aE26dE875"",""fantom"":""0x2598c30330D5771AE9F983979209486aE26dE875"",""polygon-ecosystem-token"":""0x2598c30330D5771AE9F983979209486aE26dE875"",""optimism-ethereum"":""0x2598c30330D5771AE9F983979209486aE26dE875"",""avalanche"":""0x2598c30330D5771AE9F983979209486aE26dE875"",""solana"":""ACeWC77UeW2DBZMe7YBsuXoxLvk4dHMnPzneApau1Au6""}"
28919,TGC,TG Casino,tg-casino,tg.casino,28919.png,"{""ethereum"":""0x25B4f5D4C314bCD5d7962734936C957B947cb7CF""}"
28920,ORDS,Ordiswap,ordiswap,ordiswap.fi,28920.png,"{""ethereum"":""0x8AB2ff0116A279a99950C66A12298962D152B83c""}"
28928,HEX,HEX (PulseChain),hex-pulsechain,hex.com,28928.png,"{""pulsechain"":""0x2b591e99afe9f32eaa6214f7b7629768c40eeb39""}"
28930,OMD,OneMillionDollars,onemilliondollars,onemillionsdollar.com,28930.png,"{""bnb"":""0xfDb7f73bc48C58FB13eA98D6880461FC147694fd""}"
28932,DYM,Dymension,dymension,dymension.xyz,28932.png,"{""osmosis"":""ibc/9A76CDF0CBCEF37923F32518FA15E5DC92B9F56128292BC4D63C4AEA76CBB110""}"
28933,XAI,Xai,xai-games,xai.games,28933.png,"{""arbitrum"":""0x4Cb9a7AE498CEDcBb5EAe9f25736aE7d428C9D66""}"
28937,JOTCHUA,Perro Dinero,perro-dinero,jotchua.xyz,28937.png,"{""ethereum"":""0x808C16ACe7404777FE24a6777a9Cb2335Aa82451""}"
28939,DRAGON,DragonCoin,dragoncoin,dragoncoin.eu,28939.png,"{""solana"":""GiBrdw1tF8nuJxWuhTp83ULEMY9uJkYUHQUBzwfEnw5R""}"
28943,DRAGON,BNB DRAGON,bnb-dragon,bnbdragontoken.xyz,28943.png,"{""bnb"":""0x23E65d1Bb6269Ee9AE59DD921532A5d45b910b40""}"
28948,CKP,Cakepie,cakepie-xyz,pancake.magpiexyz.io,28948.png,"{""bnb"":""0x2B5D9ADea07B590b638FFc165792b2C610EdA649""}"
28949,SDOGE,SDOGE,sdoge,solanadoge.carrd.co,28949.png,"{""solana"":""E2WYCGJJtWBodVLy1NKcN8ve4UAtsJJBU2mdErbXxP8h""}"
28950,FINC,Finceptor,finceptor,finceptor.app,28950.png,"{""bnb"":""0xA856098dCBc1b2B3a9C96C35c32bC4f71E49AEd2""}"
28952,USEDCAR,A Gently Used 2001 Honda Civic,a-gently-used-2001-honda-civic,usedcaronsolana.com,28952.png,"{""solana"":""9gwTegFJJErDpWJKjPfLr2g2zrE3nL1v5zpwbtsk3c6P""}"
28965,RETIK,Retik Finance,retik-finance,retik.com,28965.png,"{""ethereum"":""0x26EbB8213fb8D66156F1Af8908d43f7e3e367C1d""}"
28967,EXE,Windoge98,windoge98,windoge98.com,28967.png,"{""internet-computer"":""rh2pm-ryaaa-aaaan-qeniq-cai""}"
28970,TELEBTC,teleBTC,telebtc-new,teleswap.xyz,28970.png,"{""polygon-ecosystem-token"":""0x3BF668Fe1ec79a84cA8481CEAD5dbb30d61cC685"",""bnb"":""0xC58C1117DA964aEbe91fEF88f6f5703e79bdA574""}"
28971,MICKEY,Steamboat Willie,steamboat-willie,steamboatwilliecoin.net,28971.png,"{""ethereum"":""0x9609b540e5Dedddb147AbBF9812ADE06b1e61B2C""}"
28973,OPSEC,OpSec,opsec,opsec.computer,28973.png,"{""ethereum"":""0x8be8c50e7d7acff6084899e71a6db085ff7134c8""}"
28975,WEXO,Wexo,wexo,wexotoken.com,28975.png,"{""ethereum"":""0xf31698DDAd0d11160Fe85c500397A470CD3d492E"",""base"":""0xac12f930318be4f9d37f602cbf89cd33e99aa9d4""}"
28983,BABYDRAGON,BABY DRAGON,baby-dragon,babydragontoken.xyz,28983.png,"{""bnb"":""0xf73d68AaD75F517342574184a17e8E7800369EdB""}"
28990,MEMES,Solana Deployer,memecoindao,memecoindao.ai,28990.png,"{""solana"":""8W4qpyLx74vwBRewa3rVEPPVMnJ8VWMkCTWCTSYPQTDu""}"
28991,BOZO,BOZO,bozo,bozocollective.com,28991.png,"{""solana"":""BoZoQQRAmYkr5iJhqo7DChAs7DPDwEZ5cv1vkYC9yzJG""}"
28992,WIN,Win,connect-united,connectunited.com,28992.png,"{""ethereum"":""0xb10CB07CA2CDac77FbB5707f6690301f9d036F45"",""bnb"":""0xb10cb07ca2cdac77fbb5707f6690301f9d036f45"",""base"":""0xb10cb07ca2cdac77fbb5707f6690301f9d036f45""}"
29005,SONIC,Sonic,sonic-app,app.sonic.ooo,29005.png,"{""internet-computer"":""qtooy-2yaaa-aaaaq-aabvq-cai""}"
29010,PHASMA,PHASMA,dogmi,qu2gy-uqaaa-aaaal-qcv6a-cai.icp0.io,29010.png,"{""internet-computer"":""np5km-uyaaa-aaaaq-aadrq-cai""}"
29014,CRAZYDRAGON,CRAZY DRAGON,crazy-dragon,crazydragontoken.xyz,29014.png,"{""bnb"":""0xA0CBaA72B6948fb4f5CbD3F1f9eA0eFf4cCda775""}"
29015,SOLAMA,Solama,solama,solama.com,29015.png,"{""solana"":""AVLhahDcDQ4m4vHM4ug63oh7xc8Jtk49Dm5hoe9Sazqr""}"
29019,TITANX,TitanX,titanx,app.titanx.win,29019.png,"{""ethereum"":""0xF19308F923582A6f7c465e5CE7a9Dc1BEC6665B1""}"
29026,MEMEAI,Meme Ai,meme-ai-token,memeaicoin.io,29026.png,"{""ethereum"":""0x695d38EB4e57E0f137e36df7c1f0f2635981246b""}"
29029,MYRA,Myra,myra,myracoinonsol.com,29029.png,"{""solana"":""H1aN3vcvB68eaFPbMkoAss3vnfi4AhP5C2dpnrZzdBc7""}"
29030,PORT3,Port3 Network,port3-network,port3.io,29030.png,"{""bnb"":""0xf6402bec11bd945bbd46be77e1fa5d477883f6c2""}"
29035,METH,Mantle Staked Ether,mantle-staked-ether,mantle.xyz,29035.png,"{""ethereum"":""0xd5F7838F5C461fefF7FE49ea5ebaF7728bB0ADfa"",""mantle"":""0xcDA86A272531e8640cD7F1a92c01839911B90bb0""}"
29037,GMRX,GAIMIN,gaimin,gaimin.io,29037.png,"{""bnb"":""0x998305efDC264b9674178899FFfBb44a47134a76"",""solana"":""76VxJbMFoCXBcn2rqPQX2UsUfpupq2gVwGSq5LyYMhr2""}"
29038,XPHX,PhoenixCo Token,phoenixco-token,xphxco.org,29038.png,"{""bnb"":""0x8729123aC749359144DB4396F8ecF32976f7A86e""}"
29039,TWD,THE WORD TOKEN,the-word-token,thewordtoken.com,29039.png,"{""bnb"":""0xf00cD9366A13e725AB6764EE6FC8Bd21dA22786e""}"
29042,EURR,StablR Euro,stablr-euro,stablr.com,29042.png,"{""ethereum"":""0x50753cfaf86c094925bf976f218d043f8791e408"",""plasma-xpl"":""0xC60bcA6bd5790611b8a302d4c5dF37D769C81121""}"
29043,MTC,Moonft,moonft,moonft.market,29043.png,"{""bnb"":""0x4E1A724b0588Fa971263c8AC5F78Ca215C7D09Dd""}"
29044,DRAGON,SPACE DRAGON,space-dragon,spacedragontoken.xyz,29044.png,"{""bnb"":""0xc3e8F389C4ACEDB0AFe230d713136bE21D0421Ac""}"
29047,CHINU,Chinu,chinu-sol,chinu.vip,29047.png,"{""solana"":""FLrgwxXaX8q8ECF18weDf3PLAYorXST5orpY34d8jfbm""}"
29051,FUD,FUD,fud,fudthepug.com,29051.png,"{""sui"":""0x76cb819b01abed502bee8a702b4c2d547532c12f25001c9dea795a5e631c26f1::fud::FUD""}"
29059,CCC,Coconut Chicken,coconut-chicken,coconutchicken.com,29059.png,"{""tron"":""TRv9ipj4kKAZqQggQ7ceJpe5ERD1ZShpgs""}"
29060,RIB,Ribus,ribus,ribus.io,29060.png,"{""polygon-ecosystem-token"":""0x3af2dd7b91d8faceccc26d21a065267817213d37""}"
29073,ALT,Altlayer,altlayer,altlayer.io,29073.png,"{""ethereum"":""0x8457CA5040ad67fdebbCC8EdCE889A335Bc0fbFB"",""bnb"":""0x8457ca5040ad67fdebbcc8edce889a335bc0fbfb""}"
29081,LIGO,LIGO,ligo-brc20,ligo.network,29081.png,"{""bitcoin"":""ba5ed36117cb044135f6d480234653735607fcb59d35674a7c01a5af6efb20c7i0""}"
29082,SAROS,Saros,saros,saros.xyz,29082.png,"{""solana"":""SarosY6Vscao718M4A778z4CGtvcwcGef5M9MEH1LGL"",""viction"":""0xB786D9c8120D311b948cF1e5Aa48D8fBacf477E2""}"
29084,PEPE,pepecoin on SOL,pepecoin-on-sol,pepecoinonsol.com,29084.png,"{""solana"":""3tS6fbLh2P8tzxXuqCiHZpZhsxJpmrR3Xb9psmypnp69""}"
29088,HARAMBE,Harambe on Solana,harambe-on-solana,harambeonsol.com,29088.png,"{""solana"":""Fch1oixTPri8zxBnmdCEADoJW2toyFHxqDZacQkwdvSP""}"
29091,TONNEL,TONNEL Network,tonnel-network,tonnel.network,29091.png,"{""gram"":""EQDNDv54v_TEU5t26rFykylsdPQsv5nsSZaH_v7JSJPtMitv""}"
29092,FPS,Web3War,web3war,w3w.game,29092.png,"{""bnb"":""0x351dA1E7500aBA1d168b9435DCE73415718d212F"",""zilliqa"":""zil1j2wrzjljwyjelspmtr63vfl34c467ype2w3mjl""}"
29096,DOGE,ELON DOGE,elon-doge-token,elontokeninu.xyz,29096.png,"{""bnb"":""0x765275f72c061C0e1ae037e5d0e5CE4785091Cf1""}"
29099,MINU,Minu,minu,minucoin.com,29099.png,"{""bnb"":""0xf48f91df403976060cC05dBbf8A0901b09fdeFd4""}"
29104,DCD,DecideAI,decideai,decideai.xyz,29104.png,"{""internet-computer"":""xsi2v-cyaaa-aaaaq-aabfq-cai""}"
29106,TYPE,TypeAI,typeai,typeai.live,29106.png,"{""ethereum"":""0x443459d45c30a03f90037d011cbe22e2183d3b12""}"
29134,WYNN,Anita Max Wynn,anita-max-wynn,anitamaxwynn.biz,29134.png,"{""solana"":""4vqYQTjmKjxrWGtbL2tVkbAU1EVAz9JwcYtd2VE3PbVU""}"
29136,GMTO,Game Meteor Coin,game-meteor-coin,meteornrun.io,29136.png,"{""polygon-ecosystem-token"":""0x070c3e8a408BBacC61f40Ef023D30e173F268f5E""}"
29142,SATOSHI,Satoshi Nakamoto,satoshi-token,satoshitoken.org,29142.png,"{""ethereum"":""0xCBF4D5efa82e32a9187385480A7c74cB062b956C"",""base"":""0x45e7EAEdb8E3360f850c963c5419a5236e451217"",""solana"":""E8Cn4QEmZSvr55ZeAJwyo2r8kAX79qzdtQdFudDaZJCV""}"
29145,BNBLION,BNB LION,bnb-lion,bnbliontoken.xyz,29145.png,"{""bnb"":""0x71d421b6dE07ceFa2733D044f92A0306308dE8b8""}"
29150,PONKE,Ponke,ponke,ponke.xyz,29150.png,"{""solana"":""5z3EqYQo9HiCEs3R84RCDMu2n7anpDMxRhdK8PSWmrRC"",""base"":""0x4a0c64af541439898448659aedcec8e8e819fc53""}"
29153,HONK,Honk,honk,honk.lol,29153.png,"{""solana"":""3ag1Mj9AKz9FAkCQ6gAEhpLSX8B2pUbPdkb9iBsDLZNB""}"
29157,ABOND,ApeBond,apebond,ape.bond,29157.png,"{""ethereum"":""0xe6828d65bf5023ae1851d90d8783cc821ba7eee1"",""bnb"":""0x34294AfABCbaFfc616ac6614F6d2e17260b78BEd"",""polygon-ecosystem-token"":""0xe6828d65bf5023ae1851d90d8783cc821ba7eee1""}"
29160,HTX,HTX,htx,htxdao.com,29160.png,"{""tron"":""TUPM7K8REVzD2UdV4R5fe5M8XbnR2DdoJ6"",""ethereum"":""0x61ec85ab89377db65762e234c946b5c25a56e99e"",""bnb"":""0x61ec85ab89377db65762e234c946b5c25a56e99e""}"
29167,DACAT,daCAT,dacat,dacat.fun,29167.png,"{""ethereum"":""0x814A870726EdB7Dfc4798300ae1ce3E5Da0Ac467""}"
29169,QUBIC,Qubic,qubic,qubic.org,29169.png,{}
29170,BEFI,BeFi Labs,befi-labs,befilabs.com,29170.png,"{""ethereum"":""0x8b9b95292f890DF47fFf5aC9Cbe93d5fC242bd51""}"
29175,WEN,Wen,wen,wenwencoin.com,29175.png,"{""solana"":""WENWENvqqNya429ubCdR81ZmD69brwQaaBYY6p3LCpk""}"
29176,BTCINU,Bitcoin Inu,bitcoin-inu,bitcoininu.io,29176.png,"{""ethereum"":""0x584a4dd38d28fd1ea0e147ba7b70aed29a37e335""}"
29177,CDX,CodeXchain,codexchain,codexchain.xyz,29177.png,"{""bnb"":""0x1c3ba6cF2676cc795db02a3b2093E5076f5F330E""}"
29186,PEAS,Peapods Finance,peapods-finance,peapods.finance,29186.png,"{""ethereum"":""0x02f92800f57bcd74066f5709f1daa1a4302df875"",""arbitrum"":""0x02f92800F57BCD74066F5709F1Daa1A4302Df875"",""base"":""0x02f92800F57BCD74066F5709F1Daa1A4302Df875"",""mode"":""0x02f92800F57BCD74066F5709F1Daa1A4302Df875"",""sonic"":""0x02f92800f57bcd74066f5709f1daa1a4302df875"",""berachain"":""0x02f92800f57bcd74066f5709f1daa1a4302df875""}"
29188,CNG,CoinNavigator,coinnavigator,coinnavigator.io,29188.png,"{""bnb"":""0xFd60B3c3C1916BdBB4319a3D264894f1DFD5ECA2""}"
29189,WXDC,Wrapped XDC,wrapped-xdc-network,xdc.org,29189.png,"{""xdc-network"":""0x951857744785e80e2de051c32ee7b25f9c458c42""}"
29191,MXM,MAXX AI,mixmob,maxxmxm.com,29191.png,"{""solana"":""H53UGEyBrB9easo9ego8yYk7o4Zq1G5cCtkxD3E3hZav""}"
29197,ETHI,Ethical Finance,ethical-finance,ethicalfinance.co,29197.png,"{""polygon-ecosystem-token"":""0xf4584D3067Ce2f1C3C0779D91bb960678f8fF1dE""}"
29200,DEFI,DeFi,de-fi,de.fi,29200.png,"{""ethereum"":""0x6B0FaCA7bA905a86F221CEb5CA404f605e5b3131"",""bnb"":""0x6d106c0b8d2f47c5465bdbd58d1be253762cbbc1"",""solana"":""HXwh9i8D1LKkVK8WfMjFPyiyVZ4Auh9aLD5ut4LCRqqR""}"
29201,BABYPEPE,BabyPepeFi,babypepefi,babypepefi.com,29201.png,"{""bnb"":""0xf1dc2f7d9b9de5421eE89EF746F482A16E213383""}"
29203,LRDS,BLOCKLORDS,blocklords,lordchain.blocklords.com,29203.png,"{""ethereum"":""0xd0a6053f087E87a25dC60701ba6E663b1a548E85"",""base"":""0xB676f87A6E701f0DE8De5Ab91B56b66109766DB1""}"
29207,CNGN,Compliant Naira,consortium-naira,cngn.co,29207.png,"{""ethereum"":""0x17CDB2a01e7a34CbB3DD4b83260B05d0274C8dab"",""bnb"":""0xa8AEA66B361a8d53e8865c62D142167Af28Af058"",""solana"":""3jiqwBQVRC5zRwHyqvnkQurebJ5RNxg3F5fXMwaxgkv8"",""polygon-ecosystem-token"":""0x52828daa48C1a9A06F37500882b42daf0bE04C3B"",""base"":""0x46C85152bFe9f96829aA94755D9f915F9B10EF5F""}"
29210,JUP,Jupiter,jupiter-ag,jup.ag,29210.png,"{""solana"":""JUPyiwrYJFskUPiHa7hkeR8VUtAeFoSYbKedZNsDvCN""}"
29211,EGG,EGG SOL,egg,cryptoegg.org,29211.png,"{""solana"":""4ynyx6BzY2XGFgjjun9Cruj1bSRo8FLsAqNnPsW6jDsu""}"
29212,MCN,MCNCOIN,mcncoin,mcncoin.io,29212.png,"{""bnb"":""0xdd02bc212e79acdab476c9295cdea8a61099cb79""}"
29216,UZX,UZX,uzx,uzx.com,29216.png,"{""polygon-ecosystem-token"":""0xB3BeC36E9FB41c88B0F0433A3e5F16Cf0DD7e0A3""}"
29220,PORK,PepeFork,pepefork,pond0x.com,29220.png,"{""ethereum"":""0xb9f599ce614Feb2e1BBe58F180F370D05b39344E""}"
29229,PROS,Prospective,prospective,prospective.world,29229.png,"{""ethereum"":""0xbe1936a67f503e0eaf2434b0cf9f4e3d7100008a"",""bnb"":""0xbe1936a67f503e0eaf2434b0cf9f4e3d7100008a"",""polygon-ecosystem-token"":""0xea0941c6e067a4fb4399436ad3e2510eb36b419d"",""tron"":""TFf1aBoNFqxN32V2NQdvNrXVyYCy9qY8p1""}"
29231,ANUS,Uranus (SOL),uranus-sol,anusexplorer.com,29231.png,"{""solana"":""9hjZ8UTNrNWt3YUTHVpvzdQjNbp64NbKSDsbLqKR6BZc""}"
29234,LION,CRAZY LION,crazy-lion,crazyliontoken.xyz,29234.png,"{""bnb"":""0x97280BEAfc195E4CcdFeAF4658b4974F8e69d625""}"
29241,GME,GmeStop,gme,gmestop.co,29241.png,"{""solana"":""8wXtPeU6557ETkp9WHFY1n1EcU6NxDvbAggHGsMYiHsB""}"
29242,RSETH,Kelp DAO Restaked ETH,kelp-dao-restaked-eth,kelpdao.xyz,29242.png,"{""ethereum"":""0xA1290d69c65A6Fe4DF752f95823fae25cB99e5A7"",""scroll"":""0x65421ba909200b81640d98b979d07487c9781b66"",""optimism-ethereum"":""0x4186BFC76E2E237523CBC30FD220FE055156b41F"",""base"":""0x1Bc71130A0e39942a7658878169764Bbd8A45993"",""linea"":""0x4186bfc76e2e237523cbc30fd220fe055156b41f"",""arbitrum"":""0x4186BFC76E2E237523CBC30FD220FE055156b41F""}"
29244,BABYLONG,BABYLONG,babylong,babylong.info,29244.png,"{""bnb"":""0xeceb785a646f2c5ac759aa30d0fc85841ba004f3""}"
29245,TANGYUAN,TangYuan,tangyuan,tangyuan.ink,29245.png,"{""bnb"":""0x683e9dCf085E5efCc7925858aAcE94D4b8882024""}"
29249,HARAMBEAI,Harambe AI,harambe-ai,harambetoken.ai,29249.png,"{""ethereum"":""0x5484581038cBf8EF33B7F6daEc7A2f01f71DB3C2""}"
29252,CIRCLE,You Looked,you-looked,circlegame.lol,29252.png,"{""solana"":""EkHr62PC6Y1axrLS7cR8YC4BZeW19mtHxQLCLMrf9vnq""}"
29253,HOLD,Everybody Holds,everybody-holds,everybodyhold.com,29253.png,"{""ethereum"":""0x68b36248477277865c64dfc78884ef80577078f3""}"
29256,USDY,Ondo US Dollar Yield,ondo-us-dollar-yield,ondo.finance,29256.png,"{""ethereum"":""0x96f6ef951840721adbf46ac996b59e0235cb985c"",""mantle"":""0x5bE26527e817998A7206475496fDE1E68957c5A6"",""solana"":""A1KLoBrKBde8Ty9qtNQUtq3C2ortoC3u7twggz7sEto6"",""sui"":""0x960b531667636f39e85867775f52f6b1f220a058c4de786905bdf761e06a56bb::usdy::USDY"",""arbitrum"":""0x35e050d3C0eC2d29D269a8EcEa763a183bDF9A9D"",""aptos"":""0xcfea864b32833f157f042618bd845145256b1bf4c0da34a7013b76e42daa53cc::usdy::USDY"",""sei"":""0x54cD901491AeF397084453F4372B93c33260e2A6"",""plume"":""0xD2B65e851Be3d80D3c2ce795eB2E78f16cB088b2"",""bnb"":""0x608593d17A2decBbc4399e4185bE4922F97eD32E""}"
29270,AERO,Aerodrome Finance,aerodrome-finance,aerodrome.finance,29270.png,"{""base"":""0x940181a94a35a4569e4529a3cdfb74e38fd98631""}"
29275,DRAGON,SUPER DRAGON,super-dragon,superdragontoken.com,29275.png,"{""bnb"":""0xf78BB77A0c86ea29964c12Ec8D55AaC4EBb4B304""}"
29281,EMC,Edge Matrix Chain,edge-matrix-computing,edgematrix.pro,29281.png,"{""arbitrum"":""0xdfb8be6f8c87f74295a87de951974362cedcfa30""}"
29282,WHALES,Whales Market,whales-market,whales.market,29282.png,"{""solana"":""GTH3wG3NErjwcf7VGCoXEXkgXSHvYhx5gtATeeM5JAS1""}"
29286,EDUM,EDUM,edum,edum.io,29286.png,"{""ethereum"":""0xaC9518BA93EeB2336A03137d254d8CC2e4d0fA38"",""polygon-ecosystem-token"":""0x8BED972bC5FF0ab8290461cd01f8B58F39fa312F""}"
29291,PANDORA,Pandora,pandora-coin,pandora.build,29291.png,"{""ethereum"":""0x9e9fbde7c7a83c43913bddc8779158f1368f0413""}"
29292,CASINU,Casinu Inu,casinu-inu,casinu-inu.com,29292.png,"{""ethereum"":""0x1b54a6fa1360bd71a0f28f77a1d6fba215d498c3""}"
29296,NAVX,NAVI Protocol,navi-protocol,naviprotocol.io,29296.png,"{""sui"":""0xa99b8952d4f7d947ea77fe0ecdcc9e5fc0bcab2841d6e2a5aa00c3044e5544b5::navx::NAVX""}"
29302,NEVER,neversol,neversol,neversol.xyz,29302.png,"{""solana"":""CxrhHSqyW8YTDWc4csJMMgo7uBUJSXzNzrWhtw9ULdru""}"
29305,RODAI,ROD.AI,rod-ai,rodai.meme,29305.png,"{""solana"":""GdbyLsNKHKLXTZVEo8QrGKVmrexEeZUYvhpSfuZ9TdkC""}"
29308,BOZO,Bozo Benk,bozohybrid,bozo.finance,29308.png,"{""solana"":""EJPtJEDogxzDbvM8qvAsqYbLmPj5n1vQeqoAzj9Yfv3q""}"
29309,TYBG,Base God,base-god,basegod.fun,29309.png,"{""base"":""0x0d97F261b1e88845184f678e2d1e7a98D9FD38dE""}"
29310,UNA,Unagi Token,unagi-token,unagi.games,29310.png,"{""ethereum"":""0x0b6f3ea2814f3fff804ba5d5c237aebbc364fba9"",""bnb"":""0x0b6f3ea2814f3fff804ba5d5c237aebbc364fba9"",""polygon-ecosystem-token"":""0x0b6f3ea2814f3fff804ba5d5c237aebbc364fba9"",""base"":""0x24569d33653c404f90af10a2b98d6e0030d3d267""}"
29318,WUSD,Worldwide USD,worldwide-usd,wspn.io,29318.png,"{""ethereum"":""0x7Cd017ca5ddb86861FA983a34b5F495C6F898c41"",""viction"":""0xBA73E59F11597c1c13B0D9114688Efb6A6D430F6"",""polygon-ecosystem-token"":""0x7Cd017ca5ddb86861FA983a34b5F495C6F898c41""}"
29320,ARBUZ,ARBUZ,arbuz,tonarbuz.fun,29320.png,"{""gram"":""EQAM2KWDp9lN0YvxvfSbI0ryjBXwM70rakpNIHbuETatRWA1""}"
29323,KEKEC,THE BALKAN DWARF,the-balkan-dwarf,kekec.wtf,29323.png,"{""ethereum"":""0x8c7ac134ed985367eadc6f727d79e8295e11435c"",""solana"":""DexxZWtZd8hdmeth9gKYXgTWa1VYdMVrWFBZ9RXXXhBn""}"
29324,CHONKY,CHONKY,chonky,chonky.com,29324.png,"{""solana"":""2MwjFE1zbXyNKw6VjzGWa3BhPtFcs8htuX2xwRAtbonk""}"
29325,PUFETH,pufETH,pufeth,puffer.fi,29325.png,"{""ethereum"":""0xD9A442856C234a39a81a089C06451EBAa4306a72""}"
29330,BEBE,BEBE,bebe-eth,bebeeth.com,29330.png,"{""ethereum"":""0xec21890967a8ceb3e55a3f79dac4e90673ba3c2e""}"
29331,OORT,OORT,oortech,oortech.com,29331.png,"{""ethereum"":""0x5651fa7a726b9ec0cad00ee140179912b6e73599"",""bnb"":""0x5651fa7a726b9ec0cad00ee140179912b6e73599""}"
29335,PIXEL,Pixels,pixels,pixels.xyz,29335.png,"{""ethereum"":""0x3429d03c6F7521AeC737a0BBF2E5ddcef2C3Ae31"",""ronin"":""0x7eae20d11ef8c779433eb24503def900b9d28ad7""}"
29340,DRAGON,BLACK DRAGON,black-dragon,tokenblackdragon.com,29340.png,"{""bnb"":""0x4E6fbE303c3C4a08F51B42bD10F2Ad15749ac612""}"
29349,RAIN,Rain Coin,rain-coin,raincoin.xyz,29349.png,"{""ethereum"":""0x59db93d135f16585ed90b8c942d4f8ae0dcfbfc0"",""bnb"":""0x24b1c3f935dffcadb606920022ba8c703bb065d7"",""polygon-ecosystem-token"":""0x8E677CA17065eD74675BC27bCaBadB7Eef10A292"",""base"":""0x4e21eabf4fc4cf66f10a93395e4b0e2438de81a6""}"
29350,VSG,Vector Smart Gas,vector-smart-gas,vsgofficial.com,29350.png,"{""vector-smart-gas"":""0xeeeeeeeeeeeeeeeeeeeeeeeeeeeeeeeeeeeeeeee""}"
29354,SPONGE,SPONGE,sponge-token,spongetoken.vip,29354.png,"{""polygon-ecosystem-token"":""0x53df32548214f51821cf1fe4368109ac5ddea1ff""}"
29358,SMOG,Smog,smog,smogtoken.com,29358.png,"{""solana"":""FS66v5XYtJAFo14LiPz5HT93EUMAHmYipCfQhLpU4ss8"",""ethereum"":""0x89e8e084cc60e6988527f0904b4be71656e8bfa9""}"
29366,DRAGON,WHITE DRAGON,white-dragon,tokenwhitedragon.com,29366.png,"{""bnb"":""0xCf0709A7B7f000D49BF2614Af56773a1C10AfDdE""}"
29370,TADA,Ta-da,ta-da,ta-da.io,29370.png,"{""bnb"":""0x9b26e318bc6a2c8b45f5daea2cc14697e0e0f8b5"",""solana"":""AY1emMxqWLJnHE2HkQvLdLyVpZdsLzq4S3tx5whCNQoC"",""multiversx-egld"":""TADA-5c032c""}"
29382,TRUMP,TRUMP,trump-sol,trumpsol.xyz,29382.png,"{""solana"":""AwRErBEFGTnohzfLeRSBH9HddQEy2oeRxnWLrbvFFh95""}"
29383,GIGA,GigaChadGPT,gigachadgpt,gigachadgpt.io,29383.png,"{""bnb"":""0x682f8fddfec6ebdf6c7bf1c0eec276b37a647d59""}"
29386,LNDX,LandX Finance,landx-finance,landx.fi,29386.png,"{""ethereum"":""0x08A1C30BBB26425c1031ee9E43FA0B9960742539""}"
29390,UNMD,Utility Nexusmind,utility-nexusmind,nexusmind.io,29390.png,"{""bnb"":""0xD460546a74827580cD3321eEC817D0b7b7094210""}"
29395,LENDS,Lends,lends,lends.so,29395.png,"{""ethereum"":""0x2c06ba9e7f0daccbc1f6a33ea67e85bb68fbee3a""}"
29396,CTF,CryptoTradingFund,cryptotradingfund,ctftoken.com,29396.png,"{""polygon-ecosystem-token"":""0x7B3bD12675c6B9d6993eB81283cb68E6eB9260b5""}"
29401,VSUI,Volo Staked SUI,volo-staked-sui,volo.fi,29401.png,"{""sui"":""0x549e8b69270defbfafd4f94e17ec44cdbdd99820b33bda2278dea3b9a32d3f55::cert::CERT""}"
29402,HASUI,Haedal Staked SUI,haedal-staked-sui,haedal.xyz,29402.png,"{""sui"":""0xbde4ba4c2e274a60ce15c1cfff9e5c42e41654ac8b6d906a57efa4bd3c29f47d::hasui::HASUI""}"
29403,DOGE,SUPER DOGE,super-doge,supertokeninu.com,29403.png,"{""bnb"":""0xD2f1635AC07E1eA4c68d954E120C272B8380F038""}"
29405,BAOS,BaoBaoSol,baobaosol,baobaosol.com,29405.png,"{""solana"":""UHaVCzi4ZsGrzHhAFbokkXfaugfYbkdVME8XYaR7eKu""}"
29420,VIRTUAL,Virtuals Protocol,virtual-protocol,virtuals.io,29420.png,"{""ethereum"":""0x44ff8620b8cA30902395A7bD3F2407e1A091BF73"",""solana"":""3iQL8BFS2vE7mww4ehAqQHAsbmRNCrPxizWAT2Zfyr9y"",""base"":""0x0b3e328455c4059EEb9e3f84b5543F74E24e7E1b"",""robinhood-placeholder"":""0xc6911796042b15d7fa4f6cde69e245ddcd3d9c31""}"
29427,STTIA,Stride Staked TIA,stride-staked-tia,stride.zone,29427.png,"{""osmosis"":""ibc/698350B8A61D575025F3ED13E9AC9C0F45C89DEFE92F76D5838F1D3C1A7FF7C9""}"
29429,STOSMO,Stride Staked OSMO,stride-staked-osmo,stride.zone,29429.png,"{""osmosis"":""ibc/D176154B0C63D1F9C6DCFB4F70349EBF2E2B5A87A05902F57A6AE92B863E9AEC""}"
29430,SHIB,Shibwifhat,shibwifhat,shibwifcoin.com,29430.png,"{""solana"":""F6qoefQq4iCBLoNZ34RjEqHjHkD8vtmoRSdw9Nd55J1k""}"
29433,AIUS,Arbius,arbius,arbius.ai,29433.png,"{""ethereum"":""0x8AFE4055Ebc86Bd2AFB3940c0095C9aca511d852"",""arbitrum"":""0x4a24b101728e07a52053c13fb4db2bcf490cabc3""}"
29445,ZKML,zKML,zkml,zkml.systems,29445.png,"{""ethereum"":""0xE92344b4eDF545F3209094B192E46600A19E7C2D""}"
29447,NMT,NetMind Token,netmind-token,power.netmind.ai,29447.png,"{""ethereum"":""0x03AA6298F1370642642415EDC0db8b957783e8D6"",""bnb"":""0x03AA6298F1370642642415EDC0db8b957783e8D6""}"
29454,ESE,Eesee,eesee,eesee.io,29454.png,"{""ethereum"":""0x908dDb096BFb3AcB19e2280aAD858186ea4935C4"",""bnb"":""0x491e6DE43b55c8EAE702EDC263E32339da42f58c"",""blast"":""0x491e6DE43b55c8EAE702EDC263E32339da42f58c""}"
29456,DTEC,Dtec,dtec-token,dtec.space,29456.png,"{""polygon-ecosystem-token"":""0xd87af7b418d64ff2cde48d890285ba64fc6e115f""}"
29462,SNEED,Sneed,sneed,icsneed.com,29462.png,"{""internet-computer"":""hvgxa-wqaaa-aaaaq-aacia-cai""}"
29469,CAT,SUPER CAT,super-cat,tokensupercat.com,29469.png,"{""bnb"":""0x11D64c639823A44c1FbeFC88e9459bdd3585BEbD""}"
29470,USDE,Ethena USDe,ethena-usde,ethena.fi,29470.png,"{""ethereum"":""0x4c9edd5852cd905f086c759e8383e09bff1e68b3"",""bnb"":""0x5d3a1ff2b6bab83b63cd9ad0787074081a52ef34"",""optimism-ethereum"":""0x5d3a1ff2b6bab83b63cd9ad0787074081a52ef34"",""arbitrum"":""0x5d3a1ff2b6bab83b63cd9ad0787074081a52ef34"",""kava"":""0x5d3a1Ff2b6BAb83b63cd9AD0787074081a52ef34"",""metisdao"":""0x5d3a1Ff2b6BAb83b63cd9AD0787074081a52ef34"",""mantle"":""0x5d3a1Ff2b6BAb83b63cd9AD0787074081a52ef34"",""linea"":""0x5d3a1Ff2b6BAb83b63cd9AD0787074081a52ef34"",""manta-network"":""0x5d3a1Ff2b6BAb83b63cd9AD0787074081a52ef34"",""scroll"":""0x5d3a1Ff2b6BAb83b63cd9AD0787074081a52ef34"",""base"":""0x5d3a1Ff2b6BAb83b63cd9AD0787074081a52ef34"",""megaeth"":""0x5d3a1ff2b6bab83b63cd9ad0787074081a52ef34"",""robinhood-placeholder"":""0x5d3a1ff2b6bab83b63cd9ad0787074081a52ef34""}"
29471,SUSDE,Ethena Staked USDe,ethena-staked-usde,ethena.fi,29471.png,"{""ethereum"":""0x9d39a5de30e57443bff2a8307a4256c8797a3497"",""bnb"":""0x211cc4dd073734da055fbf44a2b4667d5e5fe5d2"",""optimism-ethereum"":""0x211cc4dd073734da055fbf44a2b4667d5e5fe5d2"",""arbitrum"":""0x211cc4dd073734da055fbf44a2b4667d5e5fe5d2"",""kava"":""0x211Cc4DD073734dA055fbF44a2b4667d5E5fE5d2"",""metisdao"":""0x211Cc4DD073734dA055fbF44a2b4667d5E5fE5d2"",""mantle"":""0x211Cc4DD073734dA055fbF44a2b4667d5E5fE5d2"",""manta-network"":""0x211Cc4DD073734dA055fbF44a2b4667d5E5fE5d2"",""scroll"":""0x211Cc4DD073734dA055fbF44a2b4667d5E5fE5d2""}"
29473,MIM,Magic Internet Money,magic-internet-money-solana,magicinternetmoney.lol,29473.png,"{""solana"":""G33s1LiUADEBLzN5jL6ocSXqrT2wsUq9W6nZ8o4k1b4L""}"
29475,BABYTROLL,Baby Troll,baby-troll,babytroll.ai,29475.png,"{""bnb"":""0x6ec07DbD9311975b8002079d70C6F6d9E3e1EE5C""}"
29478,CHAT,Solchat,solchat,solchat.io,29478.png,"{""solana"":""947tEoG318GUmyjVYhraNRvWpMX7fpBTDQFBoJvSkSG3""}"
29488,VIA,Octavia AI,octavia,octavia.one,29488.png,"{""bnb"":""0x21ac3bB914f90A2Bb1a16088E673a9fdDa641434""}"
29494,DUKO,DUKO,duko,dukocoin.com,29494.png,"{""solana"":""HLptm5e6rTgh4EKgDpYFrnRHbjpkMyVdEeREEa2G7rf9""}"
29505,TROLL,Troll (troll.run),troll-new,troll.run,29505.png,"{""ethereum"":""0xf8ebf4849f1fa4faf0dff2106a173d3a6cb2eb3a""}"
29513,GPU,Node AI,node-ai,nodes.ai,29513.png,"{""ethereum"":""0x1258d60b224c0c5cd888d37bbf31aa5fcfb7e870"",""base"":""0x16A3832E690278D4979fd072FA4913BD1E8cbfD8""}"
29516,AIKEK,Alphakek AI,alphakek-ai,alphakek.ai,29516.png,"{""ethereum"":""0x8dce83eca4af45dbe618da1779f9aaca43201084"",""solana"":""CotWkXoBD3edLb6opEGHV9tb3pyKmeoWBLwdMJ8ZDimW"",""base"":""0x681a09a902d9c7445b3b1ab282c38d60c72f1f09""}"
29517,LUSH,Lush AI,lush-ai,lushai.tech,29517.png,"{""ethereum"":""0xec9333e7dadeebf82d290d6cb12e66cc30ce46b0"",""base"":""0x5319419caf59a446f2f129a5876a5e6b490d6610""}"
29520,EZETH,Renzo Restaked ETH,renzo-restaked-eth,renzoprotocol.com,29520.png,"{""ethereum"":""0xbf5495Efe5DB9ce00f80364C8B423567e58d2110"",""arbitrum"":""0x2416092f143378750bb29b79eD961ab195CcEea5"",""base"":""0x2416092f143378750bb29b79eD961ab195CcEea5"",""bnb"":""0x2416092f143378750bb29b79eD961ab195CcEea5"",""blast"":""0x2416092f143378750bb29b79eD961ab195CcEea5"",""linea"":""0x2416092f143378750bb29b79eD961ab195CcEea5""}"
29521,SIMPSON,Homer,homer-sol,homersimpson.fun,29521.png,"{""solana"":""3bRVbRDSyr1FYzSoMisLas2mF9pNZQphjQfptQ2HEPH9""}"
29525,LYNX,Lynex,lynex,lynex.fi,29525.png,"{""linea"":""0x1a51b19CE03dbE0Cb44C1528E34a7EDD7771E9Af""}"
29526,NWS,Nodewaves,nodewaves,nodewaves.com,29526.png,"{""polygon-ecosystem-token"":""0x13646e0e2d768d31b75d1a1e375e3e17f18567f2""}"
29529,BNBSNAKE,BNB SNAKE,bnb-snake,bnbsnaketoken.xyz,29529.png,"{""bnb"":""0x7AdC34A3f5d49Bb767977019Ec6098D7200334Cc""}"
29530,OX,OX Coin,ox-coin,ox.fun,29530.png,"{""ethereum"":""0xba0Dda8762C24dA9487f5FA026a9B64b695A07Ea"",""bnb"":""0xba0Dda8762C24dA9487f5FA026a9B64b695A07Ea"",""polygon-ecosystem-token"":""0xba0Dda8762C24dA9487f5FA026a9B64b695A07Ea"",""avalanche"":""0xba0Dda8762C24dA9487f5FA026a9B64b695A07Ea"",""arbitrum"":""0xba0Dda8762C24dA9487f5FA026a9B64b695A07Ea""}"
29534,BNBVEGETA,BNB VEGETA,bnb-vegeta,tokenvegeta.com,29534.png,"{""bnb"":""0x6625272d9C8DBCe244AcB59564286A003C80b5F5""}"
29541,BABYTRUMP,Baby Trump (BSC),baby-trump-bnb,trumpsbaby.com,29541.png,"{""bnb"":""0xE66fD34c0f8726a5eb97f6d45C5A5Df4D57d39Fc""}"
29547,MASA,Masa,masa-network,masa.ai,29547.png,"{""ethereum"":""0x944824290CC12F31ae18Ef51216A223Ba4063092"",""bnb"":""0x944824290CC12F31ae18Ef51216A223Ba4063092"",""base"":""0xaB1E131c6984CC149ef45931073D11Ae35497191""}"
29551,EVR,Evernode,evernode,evernode.org,29551.png,{}
29554,TAONU,TAO INU,tao-inu,taoinu.com,29554.png,"{""ethereum"":""0x4e9fcD48Af4738e3bF1382009dC1e93eBFCE698F""}"
29555,PORTAL,Portal,portal-gaming,portalgaming.com,29555.png,"{""ethereum"":""0x1bbe973bef3a977fc51cbed703e8ffdefe001fed"",""solana"":""FMQjDvT1GztVxdvYgMBEde4L54fftFGx9m5GmbqeJGM5"",""base"":""0x0FfebC403F2d3dd9EA5501ca03916E98967aCB2D""}"
29557,AXGT,AxonDAO Governance Token,axondao-governance-token,axondao.io,29557.png,"{""ethereum"":""0x6112C3509A8a787df576028450FebB3786A2274d""}"
29558,STRUMP,Super Trump Coin,super-trump-io,supertrumpcoin.io,29558.png,"{""ethereum"":""0x7039cd6D7966672F194E8139074C3D5c4e6DCf65""}"
29563,BICS,Biceps,biceps,bicepscoin.com,29563.png,"{""bnb"":""0x8E5Cb7626DD949dfF56fe2c130b75A8B6f1A05f8""}"
29569,USDM,Mountain Protocol,mountain-protocol,mountainprotocol.com,29569.png,"{""ethereum"":""0x59D9356E565Ab3A36dD77763Fc0d87fEaf85508C"",""arbitrum"":""0x59D9356E565Ab3A36dD77763Fc0d87fEaf85508C"",""base"":""0x59D9356E565Ab3A36dD77763Fc0d87fEaf85508C"",""optimism-ethereum"":""0x59D9356E565Ab3A36dD77763Fc0d87fEaf85508C"",""polygon-ecosystem-token"":""0x59D9356E565Ab3A36dD77763Fc0d87fEaf85508C""}"
29574,BENDOG,Ben the Dog,ben-the-dog,benthedog.io,29574.png,"{""solana"":""AHW5N8iqZobTcBepkSJzZ61XtAuSzBDcpxtrLG6KUKPk""}"
29583,NEURALINK,Neuralink,firstneuralink,firstneuralink.com,29583.png,"{""ethereum"":""0x65Ee1361596439664059D1a5EF44014D08c95693""}"
29584,MYTH,Mystic Land Coin,mystic-land-coin,mysticland.io,29584.png,"{""bnb"":""0x2935a481745312ac4be7d76dc7ecb9778ff4b6bf""}"
29585,NMD,Nexusmind,nexusmind,nexusmind.io,29585.png,"{""bnb"":""0xa67Ed14c65e7b717674F0d66570c13e77583a68f""}"
29587,W,Wormhole,wormhole,wormhole.com,29587.png,"{""ethereum"":""0xB0fFa8000886e57F86dd5264b9582b2Ad87b2b91"",""solana"":""85VBFQZC9TZkfaptBWjvUw7YbZjy52A6mjtPGjstQAmQ"",""optimism-ethereum"":""0xB0fFa8000886e57F86dd5264b9582b2Ad87b2b91"",""arbitrum"":""0xB0fFa8000886e57F86dd5264b9582b2Ad87b2b91"",""base"":""0xB0fFa8000886e57F86dd5264b9582b2Ad87b2b91""}"
29593,ASTRA,AstraAI,astraai,chatastra.ai,29593.png,"{""ethereum"":""0x0aA8A7D1fB4c64B3b1DcEa9A7ADe81C59C25b95b""}"
29594,MINU,MINU 2.0,minu-2,tokenminu.com,29594.png,"{""bnb"":""0xb6269D7aE76AdE0E3a5BF95d974EC3A407088989""}"
29599,USDB,USDB,usdb,blast.io,29599.png,"{""blast"":""0x4300000000000000000000000000000000000003""}"
29605,G3,GAM3S.GG,gam3s-gg,gam3s.gg,29605.png,"{""ethereum"":""0xCF67815ccE72E682Eb4429eCa46843bed81Ca739"",""arbitrum"":""0xc24A365A870821EB83Fd216c9596eDD89479d8d7"",""base"":""0xCF67815ccE72E682Eb4429eCa46843bed81Ca739""}"
29611,MZK,MuziKoin,muzikoin,muzikoin.com,29611.png,"{""bnb"":""0xCe379bAD99f287E1eacB1bF80F3670011D2B2981""}"
29613,UBU,UBU,africarare-ubuntu,playubu.ai,29613.png,"{""polygon-ecosystem-token"":""0x78445485A8d5b3BE765e3027bc336e3c272a23c9""}"
29625,USDCAT,UpSideDownCat,upsidedowncat,upsidedowncat.xyz,29625.png,"{""solana"":""F23fFqpRNsmWjuUrFpfM1pvoVvMSpLuN6hY978Y1JXLt""}"
29627,BLACKDRAGON,Black Dragon,black-dragon-near,linktr.ee,29627.png,"{""near-protocol"":""blackdragon.tkn.near""}"
29630,TATSU,Taτsu,tatsu,tatsuecosystem.io,29630.png,"{""ethereum"":""0x92f419fb7a750aed295b0ddf536276bf5a40124f""}"
29633,GROW,ValleyDAO,valleydao,valleydao.bio,29633.png,"{""ethereum"":""0x761A3557184cbC07b7493da0661c41177b2f97fA"",""solana"":""growFDf9teg9gwVTTY3DgpPXU31qBrnbSQCqtY2vkR8"",""base"":""0x321725ee44CB4bfA544CF45a5A585b925d30A58C""}"
29634,PUPPIES,I love puppies,i-love-puppies,ilovepuppies.cc,29634.png,"{""ethereum"":""0xcf91b70017eabde82c9671e30e5502d312ea6eb2""}"
29635,EVO,Devomon,devomon,devomon.io,29635.png,"{""bnb"":""0xf2b688b2201979d44fdf18d1d8c641305cf560ba""}"
29640,ZYN,ZynCoin,zyncoin,zyncoin.xyz,29640.png,"{""ethereum"":""0x58cB30368ceB2d194740b144EAB4c2da8a917Dcb"",""solana"":""PzuaVAUH2tfxGZcbBR6kMxeJsBngnsPLFotGJNCtcsd""}"
29641,CRAZYBONK,CRAZY BONK,crazy-bonk,crazybonk.xyz,29641.png,"{""bnb"":""0x618722e67D96c313655078637543602F31b908D8""}"
29647,KERMIT,Kermit,the-kermit,thekermit.xyz,29647.png,"{""ethereum"":""0x7f3b4b68ca0238f387d8b1a8fbc002d0e6d4cd5b""}"
29650,BABYPEPE,Baby Pepe,baby-pepe-io,babypepetoken.io,29650.png,"{""bnb"":""0x9d6db6382444b70a51307a4291188f60d4eef205""}"
29652,GVC,Global Virtual Coin,global-virtual-coin,gvctoken.com,29652.png,"{""bnb"":""0xe1443170faB91fBA2c535b3f78935d6fcE55348d""}"
29653,TYT,Bounty Temple,bounty-temple,bountytemple.com,29653.png,"{""polygon-ecosystem-token"":""0xE5cf781d9e6E92B051FFb8037a5d81981863EA82""}"
29658,BLENDR,Blendr Network,blendr-network,blendr.network,29658.png,"{""ethereum"":""0x84018071282d4b2996272659d9c01cb08dd7327f""}"
29659,SHIBAAI,SHIBAAI,shibaai,shibaai.club,29659.png,"{""bnb"":""0xc35ED584B24fd2D0885708E370343C43e20f3424"",""solana"":""836AY1nD2RrtbYYUqoj39JPTzCwcehrq4M5pvFiPnKEH""}"
29660,AAST,AASToken,aastoken,afriqjmcoin.com,29660.png,"{""bnb"":""0xb1E998b346DDDacD06f01db50645bE52DafB93db""}"
29661,BFICGOLD,BFICGOLD,bficgold,bficgold.io,29661.png,{}
29662,RYU,The Blue Dragon,yak,ryu.meme,29662.png,"{""base"":""0xe842e272a18625319cc36f64eb9f97e5ad0c32af""}"
29665,KNINE,K9 Finance,k9-finance,k9finance.com,29665.png,"{""ethereum"":""0x91fbB2503AC69702061f1AC6885759Fc853e6EaE"",""bone-shibaswap"":""0x91fbB2503AC69702061f1AC6885759Fc853e6EaE""}"
29668,BABY,Baby,baby-sol,baby-sol.com,29668.png,"{""solana"":""5hmf8Jt9puwoqiFQTb3vr22732ZTKYRLRw9Vo7tN3rcz""}"
29672,UPDOG,What's Updog,whats-updog,updogsolana.org,29672.png,"{""solana"":""HJ39rRZ6ys22KdB3USxDgNsL7RKiQmsC3yL8AS3Suuku""}"
29676,AEVO,Aevo,aevo,aevo.xyz,29676.png,"{""ethereum"":""0xB528edBef013aff855ac3c50b381f253aF13b997""}"
29678,BSTC,BST Chain,bst-chain,bstchain.io,29678.png,{}
29679,SCA,Scallop,scallop-protocol,scallop.io,29679.png,"{""sui"":""0x7016aae72cfc67f2fadf55769c0a7dd54291a583b63051a5ed71081cce836ac6::sca::SCA""}"
29680,TECH,NumberGoUpTech,numbergouptech,twitter.com,29680.png,"{""avalanche"":""0x5Ac04b69bDE6f67C0bd5D6bA6fD5D816548b066a""}"
29681,NOCHILL,AVAX HAS NO CHILL,avax-has-no-chill,nochill.io,29681.png,"{""avalanche"":""0xAcFb898Cff266E53278cC0124fC2C7C94C8cB9a5""}"
29685,BONK2.0,Bonk 2.0,bonk-2,bonk20.com,29685.png,"{""solana"":""6yiDKPDbqWLGAEBkDvVg6UNrKsLsPVkLbA1TJo4KCdzP""}"
29687,BODEN,Jeo Boden,jeo-boden,bodenonsol.xyz,29687.png,"{""solana"":""3psH1Mj1f7yUfaD5gh6Zj7epE8hhrMkMETgv5TshQA4o""}"
29688,STAVAX,Hypha Staked AVAX,gogopool-avax,gogopool.com,29688.png,"{""avalanche"":""0xA25EaF2906FA1a3a13EdAc9B9657108Af7B703e3""}"
29693,ALVA,Alvara Protocol,alvara-protocol,alvara.xyz,29693.png,"{""ethereum"":""0x8e729198d1C59B82bd6bBa579310C40d740A11C2"",""avalanche"":""0xd18555a6c2fda350069735419900478eec4abd96""}"
29704,GRM,Grm,grm,gramcoin.org,29704.png,"{""gram"":""EQC47093oX5Xhb0xuk2lCr2RhS8rj-vul61u4W2UH5ORmG_O""}"
29705,RAFF,Ton Raffles,ton-raffles,tonraffles.app,29705.png,"{""gram"":""EQCJbp0kBpPwPoBG-U5C-cWfP_jnksvotGfArPF50Q9Qiv9h""}"
29711,ZRC,Zircuit,zircuit,zircuit.com,29711.png,"{""ethereum"":""0xfd418e42783382e86ae91e445406600ba144d162"",""bnb"":""0xDaC991621fd8048D9f235324780ABD6c3aD26421""}"
29717,TREMP,Doland Tremp,doland-tremp,tremp.xyz,29717.png,"{""solana"":""FU1q8vJpZNUrmqsciSjp8bAKKidGsLmouB8CBdf8TKQv""}"
29724,KONET,KONET,konet,konetmain.com,29724.png,{}
29727,STAR,StarHeroes,starheroes,starheroes.community,29727.png,"{""ethereum"":""0xb299751b088336e165da313c33e3195b8c6663a6"",""arbitrum"":""0xb299751b088336e165da313c33e3195b8c6663a6""}"
29731,WHOREN,elizabath whoren,elizabath-whoren,,29731.png,"{""solana"":""EF23Avq2cTPnMVTfHacZ3SG5Z8misHmFA2gbt2rKqiYH""}"
29734,DEAI,Zero1 Labs,zero1-labs,z1labs.ai,29734.png,"{""ethereum"":""0x1495bc9e44Af1F8BCB62278D2bEC4540cF0C05ea""}"
29741,SOLNIC,Solnic,solnic,solnic.io,29741.png,"{""solana"":""DeaKMzAeZja3Mh5okZE6WUvygLP3Lfuvm6Rg78HqXTz9""}"
29743,BRETT,Brett (Based),based-brett,basedbrett.com,29743.png,"{""bnb"":""0xa7440029eca41deabd8775ef1d6086b37d4df8d6"",""base"":""0x532f27101965dd16442e59d40670faf5ebb142e4""}"
29750,HOTKEY,HotKeySwap,hotkeyswap,hotkeyswap.com,29750.png,"{""ethereum"":""0x018DD3A0Dd7F213cc822076b3800816d3CE1ED86""}"
29766,MILLI,MILLI,milli,milli.dog,29766.png,"{""sei"":""0xF91fBe296b0121DA410f885BfA39fad078407234""}"
29770,SMH,Spacemesh,spacemesh,spacemesh.io,29770.png,{}
29772,EARN,HOLD,buyholdearn,buyholdearn.com,29772.png,"{""ethereum"":""0x0b61C4f33BCdEF83359ab97673Cb5961c6435F4E"",""bnb"":""0x2ac895feba458b42884dcbcb47d57e44c3a303c8"",""solana"":""8CuPzHKuZQUyYbear8fi3u6iuTY652WVZT2cHZ2yeNbE"",""base"":""0x803b629c339941e2b77d2dc499dac9e1fd9eac66"",""avalanche"":""0x806cc7a21bd85e960857ac1e097802fabad6f594"",""monad"":""0x3db619ff72d877490699276061fb0fa0618fdf47""}"
29779,ZKJ,Polyhedra Network,polyhedra-network,polyhedra.network,29779.png,"{""ethereum"":""0xC71B5F631354BE6853eFe9C3Ab6b9590F8302e81"",""bnb"":""0xC71B5F631354BE6853eFe9C3Ab6b9590F8302e81""}"
29780,CSWAP,ChainSwap,chain-swap,chainhub.trade,29780.png,"{""ethereum"":""0xae41b275aaaf484b541a5881a2dded9515184cca""}"
29783,PEPE,SUPER PEPE,super-pepe,superpepetoken.xyz,29783.png,"{""bnb"":""0x000c94565910eD59AB98Fc47Fe3b39ed5Acba34C""}"
29787,PENG,Peng,peng-sol,pengsol.xyz,29787.png,"{""solana"":""A3eME5CetyZPBoWbRUwY3tSe25S6tb18ba9ZPbWk9eFJ""}"
29791,FREN,FREN,fren-ada-peepos,adapeepos.com,29791.png,"{""cardano"":""fc11a9ef431f81b837736be5f53e4da29b9469c983d07f321262ce614652454e""}"
29795,SI,Sealwifhat,sealwifhat,sealwifhat.org,29795.png,"{""solana"":""Fxgdfsy1Z5Mvh53o69s2Ev6TGxtAJ1RQ5RJ5moCpKmQZ""}"
29800,APEWIFHAT,ApeWifHat,apewifhat,apewifhat.net,29800.png,"{""solana"":""KdF3kjqSHbWXFstBLA2dccDxuNBi4o3yZqtMhB7k5dZ""}"
29801,POU,Pouwifhat,pouwifhat,pouwifhat.com,29801.png,"{""solana"":""F9Jt81i9smJWJf7kvwGZizW452boKAgw9RUJ3G9aXGCG""}"
29811,ANDY,Andy on SOL,andy-on-sol,andytokonsolana.com,29811.png,"{""solana"":""667w6y7eH5tQucYQXfJ2KmiuGBE8HfYnqqbjLNSw7yww""}"
29812,ZYPTO,Zypto,zypto,zypto.foundation,29812.png,"{""ethereum"":""0x7a65cb87f596caf31a4932f074c59c0592be77d7"",""bnb"":""0xb838fb4edc798d0d8ff3b4e3caa9ffe318c620b7"",""solana"":""EjmMzq3ey5LCdMVXnHRmkwV9CRfydWkcZpQdgC72rXtM"",""arbitrum"":""0x45dc2094b85c0e9fa143496207216373ea069d37"",""base"":""0xde184c7228430cca03a4a5792234a6fc99728ef1""}"
29814,ETHFI,ether.fi,ether-fi-ethfi,ether.fi,29814.png,"{""ethereum"":""0xFe0c30065B384F05761f15d0CC899D4F9F9Cc0eB"",""optimism-ethereum"":""0xe0080d2F853ecDdbd81A643dC10DA075Df26fD3f"",""arbitrum"":""0x7189fb5B6504bbfF6a852B13B7B82a3c118fDc27"",""base"":""0x6C240DDA6b5c336DF09A4D011139beAAa1eA2Aa2""}"
29815,FLOKITA,FLOKITA,flokita,flokita.cx,29815.png,"{""bnb"":""0xDC8C8221B8e27DFDA87A6D56DC5899A65087b6f4""}"
29818,SORADOGE,Sora Doge,sora-doge,soradoge.io,29818.png,"{""bnb"":""0xa7380f5a0897820b7a385f27fe72e5469bacc8d6""}"
29832,FRGX,FRGX Finance,frgx-finance,frgx.finance,29832.png,"{""bnb"":""0xC703dA39aE3B9Db67C207c7Bad8100E1AfdC0F9c""}"
29835,IO,io.net,io-net,io.net,29835.png,"{""solana"":""BZLbGTNCSFfoth2GYDtwr7e4imWzpR5jqcUuGEwr646K""}"
29839,MGC,Meta Games Coin,meta-games-coin,metagamescoin.io,29839.png,"{""bnb"":""0xbb73BB2505AC4643d5C0a99c2A1F34B3DfD09D11""}"
29846,BABYSOL,Baby Solana,baby-solana,babysol.pro,29846.png,"{""solana"":""bsAwuVJMPAazbQSVpPQND69mvwftQutZhxpWqsf2BUE""}"
29852,FAM,Family,family-token,thefamilytoken.com,29852.png,"{""solana"":""7njsg9BA1xvXX9DNpe5fERHK4zb7MbCHKZ6zsx5k3adr""}"
29853,ELGATO,el gato,el-gato,elgatocoin.meme,29853.png,"{""solana"":""F47vvwFYuLioQsqEVAjqdY6Yihc8wVRiUcfHGcBR9XUs""}"
29855,PAJAMAS,The First Youtube Cat,the-first-youtube-cat,pajamas.cat,29855.png,"{""solana"":""FvER7SsvY5GqAMawf7Qfb5MnUUmDdbPNPg4nCa4zHoLw""}"
29860,FLOKI,SUPER FLOKI,super-floki-xyz,superfloki.xyz,29860.png,"{""bnb"":""0xE02b264915474eB711832BFB8fB6A765B2d36e68""}"
29862,GROW,Grow,grow,growunited.com,29862.png,"{""ethereum"":""0x1223334444A7466fBf985B14E1F4EdAf3883bCa6"",""bnb"":""0x1223334444A7466fBf985B14E1F4EdAf3883bCa6""}"
29870,BOME,BOOK OF MEME,book-of-meme,llwapirxnupqu7xw2fspfidormcfar7ek2yp65nu7k5opjwhdywq.arweave.net,29870.png,"{""solana"":""ukHH6c7mMyiWCf1b9pnWe25TSpkDDt3H5pQZgZ74J82""}"
29879,ANDY,ANDY (ETH),boysclubandy,boysclubandy.com,29879.png,"{""ethereum"":""0x68bbed6a47194eff1cf514b50ea91895597fc91e""}"
29884,DSYNC,Destra Network,destra-network,destra.network,29884.png,"{""ethereum"":""0xf94e7d0710709388bce3161c32b4eea56d3f91cc""}"
29885,SBF,Sam Bankmeme-Fried,sam-bankmeme-fried,sambankmeme.com,29885.png,"{""solana"":""FkbWN4dcFQym2PgCELfThghQqLuA2e2jThMJyhZjfG4M""}"
29890,NFE,Edu3Labs,edu3labs,about.edu3labs.com,29890.png,"{""bnb"":""0xf03Ca04Dd56D695a410f46F14feF4028B22FB79A""}"
29892,$NAP,SNAP,snap-sol,twitter.com,29892.png,"{""solana"":""4G86CMxGsMdLETrYnavMFKPhQzKTvDBYGMRAdVtr72nu""}"
29895,BYAT,Byat,byat,byatcoin.com,29895.png,"{""solana"":""BYATmZ7ry2pewxW3213sczJYB7ZJzPr921uvcRcJYYZQ""}"
29904,BRIUN,Briun Armstrung,briun-armstrung,briunarmstrung.com,29904.png,"{""base"":""0x8c81B4c816d66D36c4bF348BdeC01dBCbC70E987""}"
29914,SOLANA,Solana Beach,solana-beach,solanabeachsol.com,29914.png,"{""solana"":""Ho2FQgg65oM1zpYuEnC8fULpBnWtqRCTrXRP56AeyCci""}"
29919,SOLC,SolCard,solcard,solcard.cc,29919.png,"{""solana"":""DLUNTKRQt7CrpqSX1naHUYoBznJ9pvMP65uCeWQgYnRK""}"
29920,SLERF,SLERF (OLD),slerf-old,slerf.wtf,29920.png,"{""solana"":""7BgBvyjrZX1YKz4oh9mjb8ZScatkkwb8DzFx7LoiVkM3""}"
29923,MONKEY,Monkey,monkey-sol,monkeysol.space,29923.png,"{""solana"":""921MoB1U7VprQfWw5D37a38LCBgB3nareT7rNffk66BG""}"
29932,BSHIB,Based Shiba Inu,based-shiba-inu,basedshibainu.com,29932.png,"{""base"":""0xfEA9DcDc9E23a9068bF557AD5b186675C61d33eA""}"
29933,UDS,Undeads Games,undeads-games,undeads.com,29933.png,"{""ethereum"":""0x712bd4Beb54C6B958267d9dB0259abdBb0BFF606""}"
29949,VCAT,Vibing Cat,vibing-cat,vcat.club,29949.png,"{""solana"":""VP9UaBXLM4KYRvyjisu65rz8BU5xNAbewU7LVmyU2x4""}"
29951,ANDY,Andy (SOL),andy-sol,andyonsol.com,29951.png,"{""solana"":""93n51i8anR3ziS6kxqXEACjrvJoXpAxt3qbbo3eaRFRz""}"
29960,SHFL,Shuffle,shuffle,shuffle.com,29960.png,"{""ethereum"":""0x8881562783028F5c1BCB985d2283D5E170D88888""}"
29968,KLS,Karlsen,karlsen,karlsencoin.com,29968.png,{}
29972,BCOQ,BLACK COQINU,black-coqinu,bcoqinu.com,29972.png,"{""solana"":""coqRkaaKeUygDPhuS3mrmrj6DiHjeQJc2rFbT2YfxWn""}"
29974,RSWETH,Restaked Swell Ethereum,restaked-swell-ethereum,swellnetwork.io,29974.png,"{""ethereum"":""0xFAe103DC9cf190eD75350761e95403b7b8aFa6c0""}"
29975,BONK,SUPER BONK,super-bonk-token,superbonktoken.xyz,29975.png,"{""bnb"":""0xa2117f6Fa3d4De8A7E25001c525fC372CDA884Be""}"
29982,MAZZE,Mazze,mazze,mazze.io,29982.png,"{""ethereum"":""0x4A029F7bCf33AcB03547D8fA7be840347973e24e""}"
29995,LMEOW,lmeow,lmeow-coin-eth,lmeow.club,29995.png,"{""ethereum"":""0x1aE7e1d0ce06364CED9aD58225a1705b3e5DB92b""}"
29999,CHKN,Chickencoin,chickencoin,chickencoin.com,29999.png,"{""ethereum"":""0xD55210Bb6898C021a19de1F58d27b71f095921Ee""}"
30003,BNBBONK,BNB BONK,bnb-bonk,bnbbonktoken.xyz,30003.png,"{""bnb"":""0x14041Dd9e3d3f284DC015e73383100E3D76600F4""}"
30007,HUND,HUND,hund-meme-coin,hundonsol.com,30007.png,"{""solana"":""2XPqoKfJitk8YcMDGBKy7CMzRRyF2X9PniZeCykDUZev""}"
30008,APU,Apu Apustaja,apu-apustaja,apu.io,30008.png,"{""ethereum"":""0x594DaaD7D77592a2b97b725A7AD59D7E188b5bFa"",""base"":""0xB9926b3fBc5873Db0182016D55727D5ae89E5EFd"",""solana"":""26s3UGB9hund1qspApy1zYgCritxAooGg7o63BMn89Yq""}"
30011,SKID,Success Kid,success-kid-sol,successkidsol.com,30011.png,"{""solana"":""9X2RHtKrBzw3SLYe9E88cBd1kz5RfU1f4JTSn4aRH43d""}"
30018,HOKK,Hokkaidu Inu,hokkaidu-inu,hokkaidoinu.biz,30018.png,"{""ethereum"":""0xC40AF1E4fEcFA05Ce6BAb79DcD8B373d2E436c4E""}"
30024,ELECTRON,Electron (Bitcoin),electron-atomicals,electronarc20.io,30024.png,"{""bitcoin"":""536737aadfaffa17233bca342be2571e14916f6a29003ff4766d515283e68e90i0""}"
30029,BENJI,Taylor Swift's Cat BENJI,taylor-swift-s-cat-benji,benjisolana.com,30029.png,"{""solana"":""CPjDhhBpwEsLygNuczKcNwBPgMeni1xLomD48x51MyYU""}"
30030,EDGESOL,Edgevana Staked SOL,edgevana-staked-sol,stake.edgevana.com,30030.png,"{""solana"":""edge86g9cVz87xcpKpy3J77vbp4wYd9idEV562CCntt""}"
30049,SMOLE,smolecoin,smolecoin,smolecoin.com,30049.png,"{""solana"":""9Ttyez3xiruyj6cqaR495hbBkJU6SUWdV6AmQ9MvbyyS""}"
30060,DUCK,DuckCoin,duckcoin,duck-coin.com,30060.png,"{""gram"":""EQBTcytZjdZwFLj6TO7CeGvn4aMmqXvbX-nODiApbd011gT3""}"
30063,GIGA,Gigachad,gigachad-meme,gigachadsolana.com,30063.png,"{""solana"":""63LfDmNb3MQ8mw9MtZ2To9bEA2M71kZUUGq5tiJxcqj9""}"
30064,BABYBOME,Book of Baby Memes,book-of-baby-memes,babybome.io,30064.png,"{""bnb"":""0xd5d21b98903257ee56c3406ef72a60981ba81703""}"
30069,SQUAD,SquadSwap,squadswap,squadswap.com,30069.png,"{""bnb"":""0x2d2567DeC25c9795117228aDC7FD58116D2E310C""}"
30079,IQ50,IQ50,iq50,iq50.wtf,30079.png,"{""solana"":""21rweMLGYeMNonHW7H3xa5py17X6ZFRcHirCp9inRBQA""}"
30083,ATH,Aethir,aethir,aethir.com,30083.png,"{""ethereum"":""0xbe0ed4138121ecfc5c0e56b40517da27e6c5226b"",""arbitrum"":""0xc87b37a581ec3257b734886d9d3a581f5a9d056c"",""solana"":""Dm5BxyMetG3Aq5PaG1BrG7rBYqEMtnkjvPNMExfacVk7""}"
30088,BAG,catwifbag,catwifbag,wifbag.com,30088.png,"{""solana"":""D8r8XTuCrUhLheWeGXSwC3G92RhASficV3YA7B2XWcLv""}"
30089,KOKO,Koala AI,koala-ai,koalaai.vip,30089.png,"{""solana"":""FsA54yL49WKs7rWoGv9sUcbSGWCWV756jTD349e6H2yW""}"
30090,SCOTTY,Scotty The Ai,scotty-the-ai,scottytheai.com,30090.png,"{""ethereum"":""0xc0dB17Bc219C5ca8746C29ee47862ee3Ad742F4a""}"
30092,ENTS,Ents,ents,entstoken.io,30092.png,"{""bnb"":""0x9240c44ee90d058b0b17ababe0f74ab1a205ae04""}"
30096,DEGEN,Degen,degen-base,degen.tips,30096.png,"{""ethereum"":""0xfee293840d23b0b2de8c55e1cf7a9f01c157767c"",""solana"":""A7n89LqW67HJKzJkdWZa2xojuK4N5GBKHz3dfjATCZPz"",""arbitrum"":""0x9f07f8a82cb1af1466252e505b7b7ddee103bc91"",""base"":""0x4ed4e862860bed51a9570b96d89af5e1b0efefed"",""degen-base"":""0xeeeeeeeeeeeeeeeeeeeeeeeeeeeeeeeeeeeeeeee"",""robinhood-placeholder"":""0x0830A9Dd26a04e959657AB6788d45f5725590c32""}"
30097,FLT,Fluence,fluence-network,fluence.network,30097.png,"{""ethereum"":""0x236501327e701692a281934230af0b6be8df3353""}"
30098,BIRDDOG,Bird Dog,bird-dog,solbirddog.com,30098.png,"{""solana"":""3XTp12PmKMHxB6YkejaGPUjMGBLKRGgzHWgJuVTsBCoP""}"
30101,GNUS,GENIUS AI,genius-token-nft-collections,gnus.ai,30101.png,"{""ethereum"":""0x614577036F0a024DBC1C88BA616b394DD65d105a"",""bnb"":""0x614577036f0a024dbc1c88ba616b394dd65d105a"",""polygon-ecosystem-token"":""0x127E47abA094a9a87D084a3a93732909Ff031419"",""base"":""0x614577036f0a024dbc1c88ba616b394dd65d105a""}"
30102,WSDM,Wisdomise AI,wisdomise,wisdomise.com,30102.png,"{""polygon-ecosystem-token"":""0x5F2F8818002dc64753daeDF4A6CB2CcB757CD220""}"
30105,SHIB,ShibaInu On Solana,shibainu-on-solana,shibainuonsolana.com,30105.png,"{""solana"":""5MBBsoCVddAuF8XixvCcXNbHAw6WfpZ8WyTKMmczxxRN""}"
30109,PUNDU,Pundu,pundu,pundu.io,30109.png,"{""solana"":""WskzsKqEW3ZsmrhPAevfVZb6PuuLzWov9mJWZsfDePC""}"
30112,PUNK,PunkCity,punk-city,tonpunks.org,30112.png,"{""gram"":""EQCdpz6QhJtDtm2s9-krV2ygl45Pwl-KJJCV1-XrP-Xuuxoq""}"
30113,TINU,Ton Inu,ton-inu,toninu.tech,30113.png,"{""gram"":""EQA6Q3dMgVEfXQ9tNBL2fMljEhI_azQ-R3vvPgjGOXwoF7kt""}"
30115,STONKS,sTONks (stonksbots.com),stonksbots,stonksbots.com,30115.png,"{""gram"":""EQBng_Ux8DLKeaLZ4kN4eec-U-SJ1fMtYvqQANtL0oxKRQh_""}"
30116,REDO,Resistance Dog,resistance-dog,redoton.com,30116.png,"{""gram"":""EQBZ_cafPyDr5KUTs0aNxh0ZTDhkpEZONmLJA2SNGlLm4Cko""}"
30117,FISH,TON FISH MEMECOIN,ton-fish-memecoin,tonfish.io,30117.png,"{""gram"":""EQATcUc69sGSCCMSadsVUKdGwM1BMKS-HKCWGPk60xZGgwsK""}"
30119,WIF,DOGWIFHOOD,dogwifhood,wifhood.dog,30119.png,"{""gram"":""EQAuco5ZEPgB19fSTo7EmtLTJysrKxbu6M_XOFDwWQiNjCsQ""}"
30122,PLANE,Paper Plane,paper-plane,paperplanetoken.site,30122.png,"{""gram"":""EQAX9J60va-0wIDMdqGLRMf7imJvG0Ytyi3Yxnq9y-nbNCq2""}"
30126,MEW,cat in a dogs world,mew,mew.xyz,30126.png,"{""solana"":""MEW1gQWJ3nEXg2qgERiKu7FAFj79PHvQVREQUzScPP5""}"
30130,SHIV,Shiva Inu,shiva-inu,shivtoken.com,30130.png,"{""ethereum"":""0xeb51b8dc2d43469c0f0b7365c8a18438907bdf21""}"
30132,BASE,BrianArmstrongCoinbaseUSDC2012,brianarmstrongcoinbaseusdc2012,brianarmstrongcoinbaseusdc2012normie.com,30132.png,"{""base"":""0xf1b4ddf712e108cf43711b1c39f2fddb0d5ce243""}"
30133,COINYE,Coinye West,coinye-west,coinye.lol,30133.png,"{""base"":""0x0028e1E60167b48a938B785AA5292917E7eacA8b""}"
30140,NES,Nesa,nesa,nesa.ai,30140.png,"{""ethereum"":""0x863F08A3d3B14fbD3D42fFD061D0e290F7dBC538"",""bnb"":""0x097acf27503753e77bCA940277806156C5925B81""}"
30142,GAGA,Gaga (Pepe),gaga-pepe,gaga.pe,30142.png,"{""ethereum"":""0xb29dc1703facd2967bb8ade2e392385644c6dca9""}"
30146,SHROOM,Shroomates,shroomates,shroomates.ai,30146.png,"{""solana"":""xyzR4s6H724bUq6q7MTqWxUnhi8LM5fiKKUq38h8M1P""}"
30156,SNSY,Sensay,sensay,snsy.ai,30156.png,"{""ethereum"":""0x82a605d6d9114f4ad6d5ee461027477eeed31e34"",""arbitrum"":""0x3124678D62D2aa1f615B54525310fbfDa6DcF7AE"",""base"":""0x3124678D62D2aa1f615B54525310fbfDa6DcF7AE""}"
30157,BOBAOPPA,Bobaoppa,bobaoppa,bobaoppa.xyz,30157.png,"{""solana"":""bobaM3u8QmqZhY1HwAtnvze9DLXvkgKYk3td3t8MLva""}"
30167,ATM,ATM (ATMcoin.top),atmcore,atmcoin.top,30167.png,"{""bnb"":""0xa5957e0e2565dc93880da7be32abcbdf55788888""}"
30168,STRAX,Xertra,stratis-new,xertra.com,30168.png,{}
30171,ENA,Ethena,ethena,ethena.fi,30171.png,"{""ethereum"":""0x57e114B691Db790C35207b2e685D4A43181e6061""}"
30177,LNQ,LinqAI,linqai,linqai.com,30177.png,"{""ethereum"":""0xD4F4D0a10BcaE123bB6655E8Fe93a30d01eEbD04""}"
30191,MOON,MOON INU,moon-inu,mooninu.com,30191.png,"{""base"":""0xFd008f937B4d73EEb00Cf74CE90c392be5f07F96""}"
30193,BENJI,Basenji,basenjibase,basenji.dog,30193.png,"{""base"":""0xBC45647eA894030a4E9801Ec03479739FA2485F0""}"
30196,NEURA,Neurahub,neurahub,neurahub.app,30196.png,"{""ethereum"":""0x3d1c949a761c11e4cc50c3ae6bdb0f24fd7a39da""}"
30202,BNBFLOKI,BNB FLOKI,bnb-floki,bnbflokitoken.xyz,30202.png,"{""bnb"":""0xF36B1E66872723F3191eC2fC1a80914E44428b3e""}"
30220,ROCK,BLACK ROCK,black-rock,blackrockonbase.com,30220.png,"{""base"":""0xEcE7B98bD817ee5B1F2f536dAf34D0B6af8Bb542""}"
30225,UBE,Ubeswap [V2],ubeswap-2,ubeswap.org,30225.png,"{""celo"":""0x71e26d0e519d14591b9de9a0fe9513a398101490""}"
30226,$MFER,mfercoin,mfercoin,mirror.xyz,30226.png,"{""base"":""0xE3086852A4B125803C815a158249ae468A3254Ca""}"
30230,ORBIO,Orbio,pikamoon-pika,pikamoon.io,30230.png,"{""solana"":""A18GrBLPSWUGg1pp3tg9oJU2KBQrkkKiyykL21b4u22i""}"
30234,CATWIF,CatWifHat,catwiftoken-org,catwiftoken.org,30234.png,"{""solana"":""Avb1PBRudW7uUV9MqTUqfZ3EZTDvNkKS63W3wyPseudf""}"
30237,AGO,AgoDefi,agodefi,ago-defi.io,30237.png,"{""bnb"":""0xec91cc1c33d44fe13b42150d2f1dfbeb668aef2e""}"
30253,FLOKI,CRAZY FLOKI,crazy-floki,crazyfloki.xyz,30253.png,"{""bnb"":""0x7Cea2ECba159f793C6eC302a5883fA0d3F018899""}"
30263,DAW,DAWKOINS,dawkoins,dawkoinsonsol.com,30263.png,"{""solana"":""7cb67ev3jvBKaAH1tnVM8FL8WfQ96sa2TYByEXajqx8N""}"
30267,BTCF,BITCOIN FUTURE,bitcoin-future,btcf.info,30267.png,"{""bnb"":""0x1972633C2BE10c4B977d3260Fee1cFf228bf2a5d""}"
30270,FOMO,FOMO BULL CLUB,fomo-bull-club,fomobull.club,30270.png,"{""base"":""0x9A86980D3625b4A6E69D8a4606D51cbc019e2002""}"
30278,YAI,Ÿ,yoracle-ai,yoracle.ai,30278.png,"{""ethereum"":""0x477a3d269266994F15E9C43A8D9C0561C4928088""}"
30282,O4DX,OrangeDX,orangedx,orangedx.com,30282.png,"{""bnb"":""0x062ca2d2F1aF8C203FA3Ad5298FD6fAa4E44E897"",""bitcoin"":""f0c06a11047aea39d1a67198b759d4714f05ed8e80d162a6e4cda5eec812b029i0""}"
30285,MUMU,Mumu the Bull (mumu.ing),mumu-ing,mumu.ing,30285.png,"{""solana"":""hf34pZHnV4entu9bdp4pFEmeKpivEUeSUhASgWopump""}"
30287,MBC,MonbaseCoin,monbase,monbase.com,30287.png,"{""bnb"":""0x551FAAB1027Cc50eFAeA5BED092E330475C3Cd99""}"
30297,SISC,Shirushi Coin,shirushi-coin,web3maker.io,30297.png,"{""ethereum"":""0x28fC5aD6DB958713014d962c06999191addFf199""}"
30303,GB,Gary Banking,gary-banking,garybanking.org,30303.png,"{""solana"":""4Jy1xVW1zgyYhDHsfoxZH1nC4z97hoWEjZzbPdiDXqx7""}"
30305,LONG,Nobiko Coin,nobiko-coin,nobikocoin.com,30305.png,"{""solana"":""AYABiqKuTh9Va5Aqc6AujFevHwDGmECGQiFmKW5g3K4Z""}"
30306,ALAN,Alan the Alien,alan-the-alien,alanthealien.com,30306.png,"{""solana"":""3swKY5FN4ENQYYJTYqQzGbT7iEv8yD5UngCWfk3fEVA7""}"
30309,SC,Shark Cat,shark-cat,sharkcatsolana.org,30309.png,"{""solana"":""6D7NaB2xsLd7cauWu1wKk6KBsJohJmP2qZH9GEfVi5Ui""}"
30315,OMNI,Omni Network,omni-network,omni.network,30315.png,"{""ethereum"":""0x36e66fbbce51e4cd5bd3c62b637eb411b18949d4""}"
30322,BENI,Beni,beni,beniverse.fun,30322.png,"{""base"":""0xde7a416ac821c77478340eebaa21b68297025ef3""}"
30323,BOE,Boe,boe,boecoin.live,30323.png,"{""base"":""0xff62ddfa80e513114c3a0bf4d6ffff1c1d17aadf""}"
30324,POOP,Poopcoin,poopcoin,mirror.xyz,30324.png,"{""base"":""0x686b1209b2de12818aa69dd139530448d0c792b3""}"
30326,CAT,TOP CAT,top-cat,tokentopcat.com,30326.png,"{""bnb"":""0xB64d3aF541fc6b924523383cDb3c9225dF45DE49""}"
30329,TRUNK,Elephant Money (TRUNK),elephant-money-trunk,elephant.money,30329.png,"{""bnb"":""0xdd325C38b12903B727D16961e61333f4871A70E0"",""solana"":""9mV4WUukVsva5wYcYW4veo34CNDiF44sh3Ji65JNdvh5""}"
30331,HOBA,Honey Badger,hbdc,hbdc.tech,30331.png,"{""ethereum"":""0x25cBB21A9dA7C3C63bb77CCCa5B2E2482AEdB710""}"
30345,HOBBES,Ansem's Cat,ansems-cat,hobbescat.com,30345.png,"{""solana"":""6n7Janary9fqzxKaJVrhL9TG2F61VbAtwUMu1YZscaQS""}"
30346,WASD,WASD Studios,wasd-studios,wasdstudios.games,30346.png,"{""ethereum"":""0xbDcD291C32e06bBf2d7B1fFc823959E3258E3583""}"
30351,DPLN,DePlan,deplan,deplan.xyz,30351.png,"{""solana"":""J2LWsSXx4r3pYbJ1fwuX5Nqo7PPxjcGPpUb2zHNadWKa""}"
30369,HASHAI,HashAI,hashai,hashai.co.uk,30369.png,"{""ethereum"":""0x292fcdd1b104de5a00250febba9bc6a5092a0076""}"
30372,SAGA,Saga,saga,saga.xyz,30372.png,"{""ethereum"":""0xf42fcffc27a5b8d0afec45659407b82f9f32fa98"",""saga"":""0xa19377761fed745723b90993988e04d641c2cffe""}"
30390,SVPN,Shadow Node,shadow-node,shadownode.org,30390.png,"{""ethereum"":""0xc668695dcbCf682dE106Da94bDE65c9bc79362d3""}"
30391,ZEUS,Zeus Network,zeus-network,zeusnetwork.xyz,30391.png,"{""bnb"":""0xa2be3e48170a60119b5f0400c65f65f3158fbeee"",""solana"":""ZEUS1aR7aX8DFFJf5QjWj2ftDDdNTroMNGo8YoQm3Gq""}"
30395,EGG,JustAnEGG,justanegg-sol,justanegg.com,30395.png,"{""solana"":""wo1zgt8rfrYpvdVi4nidoj1SYfcR4pQx69bmNv2JLhQ""}"
30402,CAW,crow with knife,crow-with-knife,crowwithknife.com,30402.png,"{""cronos"":""0xcCcCcCcCdbEC186DC426F8B5628AF94737dF0E60"",""base"":""0xdfbea88c4842d30c26669602888d746d30f9d60d"",""polygon-ecosystem-token"":""0xbbBBbBbBB7949dcC7d1539c91b81A5BF09E37bDB"",""arbitrum"":""0x16f1967565aad72dd77588a332ce445e7cef752b"",""solana"":""CAW777xcHVTQZ4CRwVQGB8CV1BVKPm5bNVxFJHWFKiH8"",""bnb"":""0xdfbea88c4842d30c26669602888d746d30f9d60d"",""robinhood-placeholder"":""0x777777783478dAdf54678d1D92DaD3fB5Bd42Eb2""}"
30406,AABL,Abble,abble,abble.org,30406.png,"{""solana"":""ENoD8J2J6wNHkcJkvVBkwq5JMiR1oNBfBZRkoHCQogyT""}"
30407,ROOST,Roost Coin,roost-coin,roostcurrency.com,30407.png,"{""base"":""0xeD899bfDB28c8ad65307Fa40f4acAB113AE2E14c""}"
30411,DODO,DODO,dodo-coin,dodo.lol,30411.png,"{""ethereum"":""0x747e550a7b848ace786c3cfe754aa78febc8a022""}"
30416,CAT,TOM CAT,tom-cat,tokentomcat.xyz,30416.png,"{""bnb"":""0x94012a40F9190A1c0ce4947813f1ed2154a423c6""}"
30422,KOIN,Fishkoin,fishkoin,fishkoin.com,30422.png,"{""bnb"":""0x7f72EBb448387537C174a5D17E762C877db28fB6""}"
30423,BABYCAT,Baby Cat,baby-cat,babycatbsc.io,30423.png,"{""bnb"":""0x546d499689e0d4101c7ea774a61e312d1ad72352""}"
30429,VSX,Versus-X,versus-x,versusx.io,30429.png,"{""polygon-ecosystem-token"":""0xB8d5f5f236C24e09c7f55EEc313818742aC4cF79""}"
30439,HAROLD,Harold,harold-the-duck,haroldtheduck.com,30439.png,"{""solana"":""EjmDTt8G3T725eFSV7oWmGD8J848guo3LZ1EB3RfwGSw""}"
30445,MOGGO,MOGGO,moggo,moggo.club,30445.png,"{""solana"":""FbtRb4zF2u52FSnjLB79yRg73hbMVgSw9rC897shqzb4""}"
30446,BUL,bul,bul,bul.run,30446.png,"{""solana"":""8RGy4BZUEkW9dc2UEZ3QHYYdas66X63vazdZJezGJw5e""}"
30447,SPDR,Spiderswap,spiderswap,spiderswap.io,30447.png,"{""solana"":""AT79ReYU9XtHUTF5vM6Q4oa9K8w7918Fp5SU7G1MDMQY""}"
30448,ORBT,Orbitt Token,orbitt-token,orbitt.pro,30448.png,"{""solana"":""BGyjasmSzYM9hHiZ1LBU4EJ7KCtRjMSpbN4zTru3W5vf""}"
30449,TNSR,Tensor,tensor,tensor.foundation,30449.png,"{""solana"":""TNSRxcUxoT9xBG3de7PiJyTDYu7kskLqcpddxnEJAS6""}"
30453,ANDY,Andy (Base),andy-token,andytoken.fun,30453.png,"{""base"":""0x18a8bd1fe17a1bb9ffb39ecd83e9489cfd17a022""}"
30456,COOL,coolcat,coolcat,coolcatsolana.org,30456.png,"{""solana"":""CooL79s3d23Zd2RfMXTRmUnfbAWBt4H6thn4sVkmYR9h""}"
30460,BURN,Burnedfi,burnedfi-app,burnedfi.app,30460.png,"{""bnb"":""0x19c018e13cff682e729cc7b5fb68c8a641bf98a4""}"
30461,CATME,ELON’S CAT,elons-cat,catme.xyz,30461.png,"{""bnb"":""0xB71b42f7F0513b3f49a0A42FfDcf90509A888888""}"
30466,MEMAGX,Meta Masters Guild Games,meta-masters-guild-games,memag.io,30466.png,"{""ethereum"":""0x857dE36f92330E1B9a21e8745c692F2CE13866cb""}"
30467,APX,ApexToken,apextoken,apextoken.io,30467.png,"{""bnb"":""0x2E8138054D64917703Af28D81629499318a047FA""}"
30478,CAT,CAT INU,cat-inu,tokencatinu.xyz,30478.png,"{""bnb"":""0x84727666A6aAD427Cf839394d57f3df17D26d3d6""}"
30481,XTO,EXTOCIUM,extocium,extocium.com,30481.png,"{""bnb"":""0xAA390Bd1657514730D98BAaBcE4b393a53ACD579""}"
30493,NUB,nubcat,nubcat,nubcat.xyz,30493.png,"{""solana"":""GtDZKAqvMZMnti46ZewMiXCa4oXF4bZxwQPoKzXPFxZn""}"
30494,EIGEN,EigenCloud,eigencloud,eigenlayer.xyz,30494.png,"{""ethereum"":""0xec53bF9167f50cDEB3Ae105f56099aaaB9061F83""}"
30495,MON,Monad,monad,monad.xyz,30495.png,"{""solana"":""CrAr4RRJMBVwRsZtT62pEhfA9H5utymC2mVx8e7FreP2"",""monad"":""0xeeeeeeeeeeeeeeeeeeeeeeeeeeeeeeeeeeeeeeee""}"
30497,DAR,Digital Asset Rights Token,digital-asset-rights-token,darts.ne.jp,30497.png,"{""polygon-ecosystem-token"":""0x30d3D659DCfb9620ACDe64605068718f270fdA6D""}"
30499,PRZS,Perezoso,perezoso,perezosotoken.com,30499.png,"{""bnb"":""0x53ff62409b219ccaff01042bb2743211bb99882e""}"
30500,GBTC,Green Bitcoin,green-bitcoin,greenbitcoin.xyz,30500.png,"{""ethereum"":""0xdc9cb148ecb70876db0abeb92f515a5e1dc9f580""}"
30502,$DAUMEN,Daumenfrosch,daumenfrosch,daumenfrosch.xyz,30502.png,"{""solana"":""T1oYbAejEESrZLtSAjumAXhzFqZGNxQ4kVN9vPUoxMv""}"
30508,KOI,Koi Finance,koi-finance,koi.finance,30508.png,"{""zksync"":""0xa995ad25ce5eb76972ab356168f5e1d9257e4d05"",""ethereum"":""0x9D14BcE1dADdf408d77295BB1be9b343814f44DE""}"
30513,COST,Costco Hot Dog,costco-hot-dog,costcodogsol.xyz,30513.png,"{""solana"":""Av6qVigkb7USQyPXJkUvAEm4f599WTRvd75PUWBA9eNm""}"
30525,BOOP,Boop,boop-the-coin,boopthecoin.xyz,30525.png,"{""solana"":""2HrZ5R18H48b8ptL3n8N5zX65zDB4o2cMCHcP3QfSfye"",""arbitrum"":""0x13A7DeDb7169a17bE92B0E3C7C2315B46f4772B3"",""robinhood-placeholder"":""0x0025Bd2FE04E3b64145d3AF2BC865b8A3Ff46Ca0""}"
30528,NEURAL,NeuralAI,neuralai,goneural.ai,30528.png,"{""ethereum"":""0x32B053F2CBA79F80ada5078cb6b305da92BDe6e1"",""solana"":""BNC5eVJZixJFykygncDuUK5TpRBsWZuT6eSA99YNh2cZ""}"
30531,PONCHO,Poncho,poncho,ponchobase.com,30531.png,"{""base"":""0xC2fE011C3885277c7F0e7ffd45Ff90cADc8ECD12""}"
30541,DINO,Coding Dino,coding-dino,erc50.org,30541.png,"{""base"":""0x85E90a5430AF45776548ADB82eE4cD9E33B08077""}"
30543,ALB,Alien Base,alien-base,alienbase.xyz,30543.png,"{""base"":""0x1dd2d631c92b1aCdFCDd51A0F7145A50130050C4""}"
30544,BCCOIN,BlackCardCoin,blackcardcoin,blackcardcoin.com,30544.png,"{""bnb"":""0x450593Bf7f2d7E559E38496CfB06bDCE5E963795""}"
30548,DOGE,MOON DOGE,moon-doge,moontokeninu.com,30548.png,"{""bnb"":""0x6F8dEB41aD9c9E25B2674A9eD083afc4F529Bc11""}"
30549,BOSHI,Boshi,boshi,boshibase.com,30549.png,"{""base"":""0x33ad778E6C76237d843c52d7cAfc972bB7cF8729""}"
30550,HAMI,HAMI,hami,hamicoin.com,30550.png,"{""solana"":""4sp2EUDrQf46rZun6sYAWzjrXwUpx2T3njuoKmV766RJ""}"
30557,NEGED,Neged,neged,neged.site,30557.png,"{""base"":""0x4229c271c19ca5f319fb67b4bc8a40761a6d6299""}"
30571,EPIK,TEH EPIK DUCK,teh-epik-duck,epikduckcoin.com,30571.png,"{""solana"":""3BgwJ8b7b9hHX4sgfZ2KJhv9496CoVfsMK2YePevsBRw""}"
30572,CROB,Crob Coin,crob-coin,crobcoin.com,30572.png,"{""cronos"":""0x63eD0a82cAC237667C89Cd6AC5BFa2317186FdAa""}"
30574,WMN,WebMind Network,webmind-network,webmindnetwork.com,30574.png,"{""bnb"":""0xb51d09B75193C35C1eb72D5714453a04051a80bC""}"
30578,FOFAR,Fofar (fofar.com),fofar,fofar.com,30578.png,"{""ethereum"":""0xeff49b0F56a97C7FD3B51F0eCd2Ce999a7861420""}"
30584,BASEDAI,BasedAI,basedai,getbased.ai,30584.png,"{""ethereum"":""0x44971ABF0251958492FeE97dA3e5C5adA88B9185""}"
30591,FOXY,Foxy,foxy,welikethefox.io,30591.png,"{""linea"":""0x5FBDF89403270a1846F5ae7D113A989F850d1566""}"
30597,CCC,Cute Cat Candle,cute-cat-candle,cutecatcandle.com,30597.png,"{""base"":""0x1ccb4b14a11e0f2994a7ecbbd4cc69632f4c7c76""}"
30601,MOUTAI,Moutai,moutai,moutaicoin.co,30601.png,"{""solana"":""45EgCwcPXYagBC7KqBin4nCFgEZWN7f3Y6nACwxqMCWX""}"
30602,FOX,Foxify,foxify,foxify.trade,30602.png,"{""arbitrum"":""0x6bcc14b02cd624ebe1a8a665cb6d4067aa097230"",""sonic"":""0x261dfa2528dfa19011f10b168c856e02baaf0eb6""}"
30603,SECOND,MetaDOS,metados,metados.com,30603.png,"{""ethereum"":""0x7979871595b80433183950ab6c6457752b585805"",""bnb"":""0x7979871595b80433183950ab6c6457752b585805"",""polygon-ecosystem-token"":""0x7979871595b80433183950ab6c6457752b585805"",""avalanche"":""0x7979871595b80433183950Ab6c6457752B585805"",""arbitrum"":""0x7979871595b80433183950ab6c6457752b585805""}"
30605,ALE,Ailey,project-ailey,myailey.com,30605.png,"{""bnb"":""0x9dCE13E71B11eb5Df66ca269bD657696587Fd4E2""}"
30607,KING,King Of Memes,king-of-memes,kingofmemes.vip,30607.png,"{""base"":""0x420b0FA3dE2EFCf2b2Fd04152Eb1Df36a09717cD""}"
30608,XZK,Expand,mystiko-network,expandzk.com,30608.png,"{""ethereum"":""0xe8fC52b1bb3a40fd8889C0f8f75879676310dDf0""}"
30613,ICC,Indian Call Center,indian-call-center,indiancallcenter.com,30613.png,"{""solana"":""EQGG5muKhviWmWJwy4Fi9TeeNpJUX7RpHAwkQMnTAyAj""}"
30618,OIL,CRUDE OIL BRENT (Zedcex),crude-oil-brent-zedcex,zedcex.com,30618.png,"{""bnb"":""0xccE7162344Dc758e4715079C8Abc981dc72273B9""}"
30619,CHUCK,Chuck,chuck-on-base,chuckonbase.io,30619.png,"{""base"":""0x7A8A5012022BCCBf3EA4b03cD2bb5583d915fb1A""}"
30625,AGT,Ageio Stagnum,ageio-stagnum,ageio.io,30625.png,"{""theta-network"":""0x813efb4317c66c82e9554e4f6270e3334d75bf4d""}"
30633,GBE,Gambex,gambex,gambex.io,30633.png,"{""ethereum"":""0x176BC22E1855Cd5cf5A840081C6c5b92b55E2210""}"
30636,ZBCN,Zebec Network,zebec-network,zebec.io,30636.png,"{""solana"":""ZBCNpuD7YMXzTHB2fhGkGi78MNsHGLRXUhRewNRm9RU""}"
30637,KEYCAT,Keyboard Cat,keyboard-cat,keyboardcat.fun,30637.png,"{""base"":""0x9a26F5433671751C3276a065f57e5a02D2817973""}"
30638,CAT,MOON CAT,moon-cat,tokenmooncat.com,30638.png,"{""bnb"":""0xA47F5646fd7A92595B69000A31a069f6b5c7777c""}"
30645,POWSCHE,Powsche,powsche,powsche.com,30645.png,"{""solana"":""8CkiSHHJDHJV4LUoiRMLUhqG58cUkbyJRtcP4Z3mCXNf""}"
30648,PEEZY,Young Peezy AKA Pepe,young-peezy-aka-pepe,youngpeezy.net,30648.png,"{""base"":""0x1b6a569dd61edce3c383f6d565e2f79ec3a12980""}"
30651,QFI,Quantix Finance,quantix-finance,quantixfinance.xyz,30651.png,"{""tron"":""TMVnKncD9NhAYEPoR6EutBrAKi8x6oZdR6""}"
30657,TOBY,toby,toby,toadgod.xyz,30657.png,"{""base"":""0xb8D98a102b0079B69FFbc760C8d857A31653e56e""}"
30661,PRCL,Parcl,parcl,parcl.co,30661.png,"{""solana"":""4LLbsb5ReP3yEtYzmXewyGjcir5uXtKFURtaEUVC2AHs""}"
30662,PAC,PacMoon,pacmoon,pacmoon.io,30662.png,"{""blast"":""0x5ffd9ebd27f2fcab044c0f0a26a45cb62fa29c06""}"
30666,SHARK,Sharky,sharky,sharky.fi,30666.png,"{""solana"":""SHARKSYJjqaNyxVfrpnBN9pjgkhwDhatnMyicWPnr1s""}"
30674,BONK,Bonk on Base,bonk-on-base,bonkonbase.vip,30674.png,"{""base"":""0x72499bdDb67F4CA150E1f522Ca82c87bc9fB18c8""}"
30677,DOVU,DOVU,dovu-earth,dovu.earth,30677.png,"{""hedera"":""0.0.3716059"",""ethereum"":""0x2aeAbde1aB736c59E9A19BeD67681869eEF39526"",""base"":""0xB38266e0e9D9681b77aEB0A280E98131b953F865""}"
30678,DITH,Dither AI,dither-ai,dith.ai,30678.png,"{""solana"":""E1kvzJNxShvvWTrudokpzuc789vRiDXfXG3duCuY6ooE""}"
30683,WUF,WUFFI,wuffi,wuffi.io,30683.png,"{""wax"":""https://waxblock.io/account/wuffi"",""solana"":""73xsLcBnLnc9bh81cqVKqj8uEyiarXng5ZwJuTbnVebG"",""gram"":""https://tonviewer.com/EQBh4srSjynQxa1XkZPQZcNDGS1BuWURtIQsomqYd2vX7oll"",""base"":""0x4da78059d97f155e18b37765e2e042270f4e0fc4""}"
30686,NITEFEEDER,Nitefeeder,nitefeeder,nitefeeder.life,30686.png,"{""ethereum"":""0x85F7cFe910393fB5593C65230622AA597e4223f1""}"
30687,ROSE,Rosecoin,rosecoin,roseton.org,30687.png,"{""gram"":""EQBdr5b7csZbXhDnQ5U364bpLylHfk8AWcug8TwhzCMVcvPA""}"
30688,$BLUE,blue on base,blue-on-base,thebluecoin.xyz,30688.png,"{""base"":""0xfd9fa4f785331ce88b5af8994a047ba087c705d8""}"
30689,AOC,Alickshundra Occasional-Cortex,alickshundra-occasional-cortex,aoconsol.com,30689.png,"{""solana"":""GfkfESc5A4EkxCGWsymNY4ZfkCDdvtB7ajCybLfYL1Qq""}"
30691,CAT,WHALES CAT,whales-cat,whalescat.com,30691.png,"{""bnb"":""0xc92d954B07Cf80Db8c7981a46A6be8588f2043d0""}"
30696,SHORK,shork,shork,shorkcoin.xyz,30696.png,"{""solana"":""BJB5tHWAHboMAwti5AHbCNX17F3jL8ehkh4zuTUx99Zn""}"
30702,DD,Diment Dollar,diment-dollar,diment.io,30702.png,"{""ethereum"":""0x71b3a0566f4BF80331D115D8026a7022bF670cCe"",""bnb"":""0x71b3a0566f4BF80331D115D8026a7022bF670cCe"",""arbitrum"":""0x71b3a0566f4BF80331D115D8026a7022bF670cCe""}"
30711,RWA,Rug World Assets,rug-world-assets,rugwa.com,30711.png,"{""base"":""0x928A6a9fc62b2C94BaF2992a6fBa4715f5Bb0066""}"
30712,MERL,Merlin Chain,merlin-chain,merlinchain.io,30712.png,"{""ethereum"":""0xa0c56a8c0692bD10B3fA8f8bA79Cf5332B7107F9"",""bnb"":""0xa0c56a8c0692bD10B3fA8f8bA79Cf5332B7107F9"",""merlin-chain"":""0x5c46bFF4B38dc1EAE09C5BAc65872a1D8bc87378""}"
30713,DEEPAI,DeepBot,deepmind-ai,deepbot.pro,30713.png,"{""ethereum"":""0x18bc66f0c15e27179dd8e2277c1c9c056df0a14d""}"
30716,BSB,Based Street Bets,based-street-bets,basedstbets.com,30716.png,"{""base"":""0x8a24d7260cd02d3dfd8eefb66bc17ad4b17d494c""}"
30722,WW3,WW3,ww3,ww3solana.xyz,30722.png,"{""solana"":""7m2TUkpPZCScBhPJnGjWjbh75KkDNnwAdd7i74m8awad""}"
30723,ATS,Alltoscan,alltoscan,ats.alltoscan.com,30723.png,"{""bnb"":""0x75D8BB7fBd4782a134211dc350Ba5c715197B81d""}"
30731,SNA,SUKUYANA,sukuyana,sukuyana.com,30731.png,"{""bnb"":""0x485F66f20F6732017345ff3437377EC84Ea75039""}"
30734,ESX,EstateX,estatex,estatex.eu,30734.png,"{""solana"":""28G7z3VyHDFNhrnvSTf1GssKoGrtCrdiguASQy2BsHiF"",""base"":""0x6a72d3A87f97a0fEE2c2ee4233BdAEBc32813D7a""}"
30738,FUNGI,Fungi,fungi,fungifungi.art,30738.png,"{""base"":""0x7d9ce55d54ff3feddb611fc63ff63ec01f26d15f""}"
30739,MCTP,Metacraft,metacraft-token,metacraft.pro,30739.png,"{""polygon-ecosystem-token"":""0x33be9d99e7cb73fbd0d47a008d691b7b9eeb4ca5""}"
30746,BB,BounceBit,bouncebit,bouncebit.io,30746.png,"{""bnb"":""0xe0620aBeA429A66Ba69d9a0cdE9aB93dc15bB9c4""}"
30748,CGO,Knights of Cathena,knights-of-cathena,knights-of-cathena.com,30748.png,"{""multiversx-egld"":""CGO-5e9528""}"
30749,LBM,Libertum,libertum,libertum.io,30749.png,"{""base"":""0x56A38E7216304108E841579041249fEb236C887b""}"
30750,SOLCEX,SolCex,solcex,solcex.cc,30750.png,"{""solana"":""AMjzRn1TBQwQfNAjHFeBb7uGbbqbJB7FzXAnGgdFPk6K""}"
30751,OGPU,OpenGPU,open-gpu,opengpu.network,30751.png,"{""ethereum"":""0x067def80d66fb69c276e53b641f37ff7525162f6""}"
30752,SOLALA,Solala,solala,solalacoin.com,30752.png,"{""solana"":""HTPHknF5rBNCuZ1qK3muJA6Yo1HEhZj722oSESJnPBiw""}"
30755,GIOVE,GIOVE,giove,giovetoken.com,30755.png,"{""ethereum"":""0xf016D7848Cd3f4B42de810BEB116DBACd8eD1e92""}"
30759,DOGINME,doginme,doginme,dogin.meme,30759.png,"{""base"":""0x6921b130d297cc43754afba22e5eac0fbf8db75b""}"
30760,NAI,Nuklai,nuklai,nukl.ai,30760.png,"{""ethereum"":""0x5Ac34C53A04B9aaA0BF047e7291fb4e8A48f2A18"",""avalanche"":""0x5Ac34C53A04B9aaA0BF047e7291fb4e8A48f2A18""}"
30767,TICO,Funtico,funtico,funtico.com,30767.png,"{""avalanche"":""0xEDf647326007E64d94B0Ee69743350F3736E392C""}"
30769,HLN,Helion,helion,enosys.global,30769.png,"{""flare"":""0x140D8d3649Ec605CF69018C627fB44cCC76eC89f""}"
30787,BIRDDOG,Bird Dog,bird-dog-eth,bird-dog.vip,30787.png,"{""ethereum"":""0xf6ce4be313ead51511215f1874c898239a331e37""}"
30788,WEB3,Web3 TON Token,web3-ton-token,web3ton.io,30788.png,"{""gram"":""EQBtcL4JA-PdPiUkB8utHcqdaftmUSTqdL8Z1EeXePLti_nK""}"
30792,COLLE,Colle AI,colle-ai,colle.ai,30792.png,"{""ethereum"":""0xC36983d3D9d379dDFB306DFB919099cB6730e355"",""bnb"":""0xaeb63742F2C7dD1538bBE2285B6789017a06B58B"",""solana"":""AFDzaLz3cQZNWjnWbyq2q81TLVTPbHTbfkj8qKqTk74e""}"
30803,GUMMY,GUMMY,gummy,gummyonsol.com,30803.png,"{""solana"":""H7bTHGb5Cvo5fGe5jBDNDPUv8KykQnzyZA3qZ8sH7yxw""}"
30814,ERIC,Elon's Pet Fish ERIC,elons-pet-fish-eric,ericoneth.com,30814.png,"{""ethereum"":""0x16C22a91c705EC3C2d5945DBE2Aca37924F1D2ed""}"
30817,DLORD,DORK LORD,dork-lord-coin,dorklord.com,30817.png,"{""solana"":""3krWsXrweUbpsDJ9NKiwzNJSxLQKdPJNGzeEU5MZKkrb""}"
30819,USDT.C,USDT.c,classic-usdc,classicusdcoin.com,30819.png,"{""ethereum"":""0x9BB134c1a6E4BC92B73695b30B49094788aeda30"",""bnb"":""0x9BB134c1a6E4BC92B73695b30B49094788aeda30"",""polygon-ecosystem-token"":""0x9BB134c1a6E4BC92B73695b30B49094788aeda30""}"
30824,WOLF,Landwolf (Base),landwolftoken,landwolftoken.vip,30824.png,"{""base"":""0x88faea256f789f8dd50de54f9c807eef24f71b16""}"
30825,KARRAT,KARRAT,karrat,karratcoin.com,30825.png,"{""ethereum"":""0xAcd2c239012D17BEB128B0944D49015104113650""}"
30826,$MICRO,Micro GPT,micro-gpt,microgpt.io,30826.png,"{""ethereum"":""0x8CEDb0680531d26e62ABdBd0F4c5428b7fDC26d5""}"
30828,CATA,CATAMOTO,catamoto-cat,catamoto.cat,30828.png,"{""bnb"":""0xbdf5bafee1291eec45ae3aadac89be8152d4e673"",""solana"":""CATA4f9X72ErPxZydy11EGk3e5WVVkxrm2B17tfzDuSP"",""base"":""0xBDf5bAfEE1291EEc45Ae3aadAc89BE8152D4E673""}"
30842,RTF,Ready to Fight,ready-to-fight,rtfight.com,30842.png,"{""bnb"":""0xa89e2871a850e0e6fd8f0018ec1fc62fa75440d4""}"
30843,REZ,Renzo,renzo,renzofinance.com,30843.png,"{""ethereum"":""0x3b50805453023a91a8bf641e279401a0b23fa6f9"",""solana"":""3DK98MXPz8TRuim7rfQnebSLpA7VSoc79Bgiee1m4Zw5"",""base"":""0xf757c9804cf2ee8d8ed64e0a8936293fe43a7252""}"
30845,MEM,Not Meme,not-meme,notmeme.org,30845.png,"{""gram"":""EQAWpz2_G0NKxlG2VvgFbgZGPt8Y1qe0cGj-4Yw5BfmYR5iF""}"
30846,ANON,Anon,anon-ton,anon.tg,30846.png,"{""gram"":""EQDv-yr41_CZ2urg2gfegVfa44PDPjIK9F-MilEDKDUIhlwZ""}"
30852,DOGE,WHALES DOGE,whales-doge,whalestokeninu.xyz,30852.png,"{""bnb"":""0x0AeE21B4a1F322E84ab29F58Af8350D0eE968399""}"
30859,HOPPY,Hoppy (hoppy.vip),hoppy-coin,hoppy.vip,30859.png,"{""ethereum"":""0x6e79b51959cf968d87826592f46f819f92466615""}"
30867,WHY,WHY,why,madphant.com,30867.png,"{""bnb"":""0x9ec02756a559700d8d9e79ece56809f7bcc5dc27""}"
30868,WIFE,Wifejak,wifejak,wifejak.com,30868.png,"{""solana"":""4y3oUrsJfSp431R3wJrWiaLxRPsnYtpkVJmoV2bYpBiy""}"
30872,BORED,BORED,boredtokenbase,boredtoken.io,30872.png,"{""base"":""0x70737489DFDf1A29b7584d40500d3561bD4Fe196""}"
30873,BENTO,Bento,basedbento,basedbento.com,30873.png,"{""base"":""0x9DE16c805A3227b9b92e39a446F9d56cf59fe640""}"
30874,CHEERS,DICAPRIO CHEERS,dicaprio-cheers,dicaprio.meme,30874.png,"{""solana"":""7rx8j3xEbQSrJUdrp3x3VxUT6qGPM1KQR6d4UuW8tdwU""}"
30881,SGR,Schrodinger,schrodingernft,schrodingernft.ai,30881.png,"{""ethereum"":""0x478156DeAbfAc918369044D52A6BdB5Cc5597994""}"
30882,ABI,AB DEFI,ab-defi,abdefi.co,30882.png,"{""solana"":""CSrKRU8dGbjaSiMdsSLFczN4inKRPqCBkDDutqPJpJU2""}"
30886,CONAN,Conan,conan,trumpsdoge.com,30886.png,"{""ethereum"":""0x85D19fb57CA7DA715695FCf347CA2169144523a7""}"
30890,PEPE,PEPE 0x69 ON BASE,pepe-0x69-on-base,pepeonbase.live,30890.png,"{""base"":""0x698dc45e4f10966f6d1d98e3bfd7071d8144c233""}"
30902,WOLF,Landwolf 0x67,landwolf-coin,landwolf.com,30902.png,"{""ethereum"":""0x67466be17df832165f8c80a5a120ccc652bd7e69""}"
30905,SMX,Snapmuse.io,snapmuse-io,snapmuse.io,30905.png,"{""bnb"":""0x8C6149AAEA8161E2015FA563040A916e90d16DcA""}"
30907,WOKB,Wrapped OKB,wrapped-okb,okx.com,30907.png,"{""okb"":""0xe538905cf8410324e03a5a23c1c177a474d59b2b""}"
30911,SNORT,SNORT,snort,snort.wtf,30911.png,"{""base"":""0xaf07d812d1DCEc20BF741075Bc18660738d226Dd""}"
30912,MANEKI,MANEKI,maneki-coin,manekineko.world,30912.png,"{""solana"":""25hAyBQfoDhfWx9ay6rarbgvWGwDdNqcHsXS3jQ3mTDJ""}"
30916,XSWAP,XSwap,xswap,xswap.link,30916.png,"{""ethereum"":""0x8fe815417913a93ea99049fc0718ee1647a2a07c"",""base"":""0x8fe815417913a93ea99049fc0718ee1647a2a07c""}"
30923,CDCETH,Crypto.com Staked ETH,crypto-com-staked-eth,crypto.com,30923.png,"{""ethereum"":""0xfe18ae03741a5b84e39c295ac9c856ed7991c38e"",""cronos"":""0x7a7c9db510aB29A2FC362a4c34260BEcB5cE3446""}"
30924,FLDT,FluidTokens,fluidtokens,fluidtokens.com,30924.png,"{""cardano"":""577f0b1342f8f8f4aed3388b80a8535812950c7a892495c0ecdf0f1e0014df10464c4454""}"
30933,DOG,Dog (Bitcoin),dog-go-to-the-moon-rune,dogofbitcoin.com,30933.png,"{""bitcoin"":""DOGGOTOTHEMOON"",""solana"":""dog1viwbb2vWDpER5FrJ4YFG6gq6XuyFohUe9TXN65u""}"
30936,NORMIE,NORMIE,normiebase,normiebase.com,30936.png,"{""base"":""0x47b464eDB8Dc9BC67b5CD4C9310BB87b773845bD""}"
30941,DOGE20,Dogecoin20,dogecoin20,dogecoin20.io,30941.png,"{""ethereum"":""0x2541A36BE4cD39286ED61a3E6AFC2307602489d6""}"
30943,$MICHI,michi (SOL),michi,michi.meme,30943.png,"{""solana"":""AywAYdNJnSLSXwKWYxDciPjqGRnwp4iZdQptuuQTpump""}"
30946,WIT,What in Tarnation?,what-in-tarnation,whatintarn.org,30946.png,"{""solana"":""Adq3wnAvtaXBNfy63xGV1YNkDiPKadDT469xF9uZPrqE""}"
30947,BOBE,BOOK OF BILLIONAIRES,book-of-billionaires,bobecoin.com,30947.png,"{""solana"":""VvgeRQNHRHdYubKC9K2GN567LXTzSVcB7mpu7b1VF4r""}"
30948,KHAI,Kitten Haimer,kitten-haimer,kittenhaimer.ai,30948.png,"{""solana"":""3TWgDvYBL2YPET2LxnWAwsMeoA8aL4DutNuwat2pKCjC""}"
30950,MON,MON,mon,monprotocol.ai,30950.png,"{""ethereum"":""0xc555D625828c4527d477e595fF1Dd5801B4a600e""}"
30952,RFRM,Reform DAO,reform-dao,reformdao.com,30952.png,"{""ethereum"":""0xea3eed8616877F5d3c4aEbf5A799F2e8D6DE9A5E""}"
30959,TOOKER,tooker kurlson,tooker-kurlson,tookerkurlson.com,30959.png,"{""solana"":""9EYScpiysGnEimnQPzazr7Jn9GVfxFYzgTEj85hV9L6U""}"
30963,ZENT,Zentry,zentry,zentry.com,30963.png,"{""ethereum"":""0xdBB7a34Bf10169d6d2D0d02A6cbb436cF4381BFa"",""bnb"":""0x8C321c2E323BC26C01DF0dC62311482A1256Fdf5"",""ronin"":""0x9f28c9c2da4a833cbfaaacbf7eb62267334d7149"",""base"":""0xdf49c226ED9CF05Be0e38cdb86Df4E8A945158B1""}"
30965,CRYO,CryoDAO,cryodao,cryodao.org,30965.png,"{""ethereum"":""0xf4308b0263723b121056938c2172868E408079D0""}"
30968,LONG,Long,long-fun,long.fun,30968.png,"{""zksync"":""0x5165ec33b491d7b67260B3143f96Bb4aC4736398"",""sonic"":""0x123468b48EADbC13c65cd9c66A9913cdE4e94321"",""monad"":""0x123468b48EADbC13c65cd9c66A9913cdE4e94321""}"
30969,RUNECOIN,RSIC•GENESIS•RUNE,runecoin,runecoin.io,30969.png,{}
30979,ELONCOIN,eloncoin,elon0x69420,eloncoin.meme,30979.png,"{""ethereum"":""0x69420e3a3aa9e17dea102bb3a9b3b73dcddb9528""}"
30986,KMNO,Kamino,kamino-finance,kamino.com,30986.png,"{""solana"":""KMNo3nJsBXfcpJTVhZcXLW7RmTwTt4GVFE7suUBo9sS""}"
30989,COOL,Coolcoin,coolcoin-wtf,coolcoin.wtf,30989.png,"{""solana"":""3wNmRxyZPzDWVAydsF3VuNKCNk89A8uSo7EzTnubDJcR""}"
30990,CATGPT,CatGPT,catgpt-solana,fairlaunch.me,30990.png,"{""solana"":""FGf1Us3kqu9AXu2x1yWKfiKE8uSx42ACvRiUrbuAodzq""}"
30996,WAI,AI Waifu,ai-waifu,aiwaifu.gg,30996.png,"{""base"":""0x23471e7250bcd7ee21df3f39ed6151931d1e076b"",""blast"":""0x129ed667bf8C065fE5f66c9b44B7cB0126D85cC3""}"
30997,BIAO,Biao Coin,biao-coin,biaocoinsol.xyz,30997.png,"{""solana"":""3W52uCb8NW8ruMF9mmJX3oKiYAjdPai4633srsZFQCS6""}"
31006,MERY,Mistery On Cro,mistery-on-cro,misteryoncro.io,31006.png,"{""cronos"":""0x3b41B27E74Dd366CE27cB389dc7877D4e1516d4d""}"
31007,BIRDDOG,BIRDDOG,birddog,birddogoneth.com,31007.png,"{""ethereum"":""0x70fd93fb088150e203d2243b9bd3190276f80c70""}"
31016,MODE,Mode,mode,mode.network,31016.png,"{""base"":""0x084382D1cc4f4DFD1769b1cC1Ac2A9b1f8365e90"",""mode"":""0xDfc7C877a950e49D2610114102175A06C2e3167a""}"
31019,POPDOG,PopDog,popdog,popdog-solana.com,31019.png,"{""solana"":""EATGZHJViJsk7nEKkrdJicwNbfpkJfAtmrEmrjXR8NBj""}"
31028,GMFI,Golden Magfi,golden-magfi,goldenmagfi.io,31028.png,"{""ethereum"":""0xF07643d5dbfC2D9DAa080C5985E20f7D439FD926""}"
31031,BARRON,Time Traveler,time-traveler,barrontrvmp.com,31031.png,"{""solana"":""HmAgiwjjP9CXqK5wQNsHKtjAt2CH3Kv8Q7xH5kGL2nqZ""}"
31036,CARLO,Carlo,carlo,carlo.dog,31036.png,"{""base"":""0x38d513Ec43ddA20f323f26c7bef74c5cF80b6477""}"
31037,RC,Rebel Cars,rebel-cars,rebelcars.io,31037.png,{}
31044,HEGE,Hege,hege,hegecoin.com,31044.png,"{""solana"":""ULwSJmmpxmnRfpu6BjnK6rprKXqD5jXUmPpS1FxHXFy""}"
31045,PONGO,Pongo,pongo,pongo-coin.com,31045.png,"{""ethereum"":""0x7C68e725b0B2FfCBa8947FdEd4198C3d1Db041E6""}"
31046,$MEWING,MEWING,mewing,mewingcoin.io,31046.png,"{""solana"":""9bxaVJmUwSc71j8Z2pvUL3UAr1s5fCnwUpvYhqV9jtmw""}"
31048,ROCKY,ROCKY,rockycoinbase,rockycoinbase.com,31048.png,"{""base"":""0x3636a7734b669Ce352e97780Df361ce1f809c58C""}"
31051,LOBO,LOBO•THE•WOLF•PUP (Bitcoin),lobo-the-wolf-pup,lobothewolfpup.io,31051.png,"{""solana"":""1oboBSG2L1NVbMJ6U9ZyuuV2GM4Q2nNpeasVsQu8mic"",""bitcoin"":""LOBOTHEWOLFPUP""}"
31052,FECES,FECES,feces,fecessolana.com,31052.png,"{""solana"":""5j2shkkzascw33QpW6RRqfRkacLkn7QwwV1e7jX36nyn""}"
31055,TICS,Qubetics,qubetics,qubetics.com,31055.png,{}
31056,FRIEND,Friend.tech,friend-tech,friend.tech,31056.png,"{""base"":""0x0bD4887f7D41B35CD75DFF9FfeE2856106f86670""}"
31060,BUNNY,SUPER BUNNY,super-bunny,superbunnytoken.com,31060.png,"{""bnb"":""0x264c5a3A84b60D05b1803BAcaA033e385bFC9D16""}"
31061,DUREV,Povel Durev,povel-durev,poveldurev.net,31061.png,"{""gram"":""EQB02DJ0cdUD4iQDRbBv4aYG3htePHBRK1tGeRtCnatescK0""}"
31077,Y8U,Y8U,y8u,y8u.ai,31077.png,"{""bnb"":""0x991b4ce57864060115700D6FC05c7780346a15Ac""}"
31082,BOOMER,Boomer,boomer,baseboomer.com,31082.png,"{""base"":""0xcdE172dc5ffC46D228838446c57C1227e0B82049""}"
31085,MOCHI,Mochi DeFi,mochi-defi,mochidefi.io,31085.png,"{""bnb"":""0x92072f045d0904e9a0cdfd48519f54c83bf41e82""}"
31087,POGS,POG,pog,explore.pogdigital.com,31087.png,"{""theta-network"":""0x71dc74256d1acb42a216cc5c3c097b8da71026b0"",""ethereum"":""0x906c012fa4C30d580537c2b72d1789F56F488a80"",""base"":""0x728f0a7FEC1859Cb0d71A432271D4E80310d235f"",""solana"":""PoGqbndpKNADjr2eGFjJz6Vu2fTpk37LDPbm6xCeY2v""}"
31092,NIAO,NIAO,niao,niaocoin.xyz,31092.png,"{""bnb"":""0xde6e12bdb2062dc48b409f0086219464a0c317a0""}"
31093,DOGE,Dogecoin,doge-on-base,dogeonbase.dog,31093.png,"{""base"":""0x80e3ee7bab68feaea6e01c44df9daa5de53e4818""}"
31094,PNIC,Phoenic,phoenic,phoenictoken.com,31094.png,"{""avalanche"":""0x4f3c5c53279536ffcfe8bcafb78e612e933d53c6""}"
31103,TOMAN,IRR,irr,zedxion.io,31103.png,"{""bnb"":""0x7a532aa9a2ab86f6bd7e1dcd93d3fdd2b0b410a6""}"
31106,DOKY,Donkey King,donkey-king,donkeykingsol.xyz,31106.png,"{""solana"":""5Rs53fY3q4t4mLk9zBQ45cVNgF1RH7NqRNXiP6Pa5rYH""}"
31107,STAKE,StakeLayer,stakelayer,stakelayer.io,31107.png,"{""bnb"":""0xdE8e272ed57488C817B9023C1b2d3e1923CCaB86""}"
31108,SVL,Slash Vision Labs,slash-vision-labs,slash.vision,31108.png,"{""mantle"":""0xabbeed1d173541e0546b38b1c0394975be200000""}"
31112,AXM,Axiome,axiome,axiome.pro,31112.png,{}
31118,$JOGECO,Jogecodog,jogecodog,jogecodog.vip,31118.png,"{""base"":""0x92fb1b7D9730B2f1BD4E2e91368C1eb6FDD2a009""}"
31140,SQUOGE,DogeSquatch,dogesquatch,dogesquatch.xyz,31140.png,"{""base"":""0x589C8E8fE013133B41ABf546C819787a75688690""}"
31145,SOURCE,Source,source,sourceprotocol.io,31145.png,"{""osmosis"":""ibc/E7905742CE2EA4EA5D592527DC89220C59B617DE803939FE7293805A64B484D7""}"
31151,STUCK,mouse in pasta,mouse-in-pasta,mouseinpasta.com,31151.png,"{""cronos"":""0xa0D445dC147f598d63518b5783CA97Cd8Bd9f5Bc""}"
31152,KENDU,Kendu,kendu,kendu.io,31152.png,"{""ethereum"":""0xaa95f26e30001251fb905d264Aa7b00eE9dF6C18"",""solana"":""2nnrviYJRLcf2bXAxpKTRXzccoDbwaP4vzuGUG75Jo45"",""base"":""0xef73611f98da6e57e0776317957af61b59e09ed7""}"
31153,MONKE,Monke,monke-erc,monke-erc.com,31153.png,"{""ethereum"":""0xc8168d5665f4418353728ac970713e09C0B7c20e""}"
31155,CROAK,Croakey,croakey,croakey.io,31155.png,"{""cronos"":""0xed70e1b02a63fAfD5ECE7c0a2A1B12d4b424B4A8""}"
31158,XB,XBANKING,xbanking,xbanking.org,31158.png,"{""solana"":""2uAuGwYH22SJJtaTqMJ2AGEL2rBdiRKkuak2QCCSaFCA""}"
31160,PLN,Plearn,plearn,plearn.finance,31160.png,"{""bnb"":""0xBe0D3526fc797583Dada3F30BC390013062A048B""}"
31162,BDAG,BlockDAG Network,blockdag,blockdag.network,31162.png,{}
31163,SLOTH,Slothana,slothana,slothana.com,31163.png,"{""solana"":""HQ7DaoiUxzC2K1Dr7KXRHccNtXvEYgNvoUextXe8dmBh""}"
31165,MCG,MetalCore,metalcore,portal.metalcore.gg,31165.png,"{""solana"":""H1nf1F4eoHtiWiSBwLYAhJvAb7CDFY32eYA64mhL8Rp""}"
31167,CRODIE,Crodie,crodie,crodiethecat.io,31167.png,"{""solana"":""GvcNXdSehfNSNyhDVDj27kc459LzFqWozt9CSJywMy6r""}"
31169,VOPO,VOPO,vopo,notes.vopocoin.com,31169.png,"{""bnb"":""0xee81ca267b8357ba30049d679027ebf65fcf7458""}"
31170,PEDRO,Pedro The Raccoon,pedro-the-raccoon,pedrotheraccoon.org,31170.png,"{""solana"":""9SiKU8vnRiBYQSBff84K5zwG7habzwYVzn7KrtgCzNfg""}"
31171,BOOE,Book of Ethereum,book-of-ethereum,bookofeth.xyz,31171.png,"{""ethereum"":""0x289ff00235d2b98b0145ff5d4435d3e92f9540a6""}"
31173,SKI,Ski Mask Dog,ski-mask-dog,skimaskdog.tech,31173.png,"{""base"":""0x768BE13e1680b5ebE0024C42c896E3dB59ec0149""}"
31174,BNBBUNNY,BNB BUNNY,bnb-bunny,bnbbunnytoken.xyz,31174.png,"{""bnb"":""0x8E2D027D612921d17D7afE1B67c74Abbb3f661Ea""}"
31183,GIKO,Giko Cat,giko-cat,gikocatcoin.club,31183.png,"{""solana"":""3WPep4ufaToK1aS5s8BL9inzeUrt4DYaQCiic6ZkkC1U""}"
31185,CTA,Cross The Ages,cross-the-ages,crosstheages.com,31185.png,"{""ethereum"":""0x90685e300A4c4532EFCeFE91202DfE1Dfd572F47"",""solana"":""CTAyri1T4d1QRfnmtSRpEsPS5tyH6shA1WTskhybmrMT""}"
31189,HABIBI,Habibi,habibi-cat,habibi.xyz,31189.png,"{""solana"":""864YJRb3JAVARC4FNuDtPKFxdEsYRbB39Nwxkzudxy46""}"
31194,MONK,monkeyhaircut,monkeyhaircut,monkeyhaircut.com,31194.png,"{""solana"":""FYa25XnBsXQXAdTnsyKBKd5gZ1VZhChBRF57CqfRxJZX""}"
31195,DIP,Buy the DIP,senor-dip,buythedip.fun,31195.png,"{""cronos"":""0x9BE47E9Dca99a6F5CB3666d079571Ec229Ae2CA4""}"
31196,STORM,Storm Trade,storm-trade,storm.tg,31196.png,"{""gram"":""EQBsosmcZrD6FHijA7qWGLw5wo_aH8UN435hi935jJ_STORM""}"
31203,ICPX,Icrypex token,icrypex-token,icrypex.com,31203.png,"{""avalanche"":""0xd78d3D08053130A3b4466e15D8fc2a61a3DeE47d""}"
31210,LEGION,LEGION,legion-ventures,legion.ventures,31210.png,"{""ethereum"":""0xb2a25f7d864636e44bc1bf7a316897652bf07463""}"
31212,JUSD,JUSD Stable Token,jusd-stable-token,jusd.app,31212.png,"{""bnb"":""0xbf3950DB0522A7F5CAa107D4Cbbbd84dE9E047e2"",""polygon-ecosystem-token"":""0x0ba8a6ce46d369d779299dedade864318097b703""}"
31217,LOS,Lord Of SOL,lord-of-sol,lordoflos.vip,31217.png,"{""solana"":""44bzge9EZJGPJRYNmsA64mdKZ1eeLdDcDiczRmoyAtez""}"
31225,BUCK,Bucket Protocol BUCK Stablecoin,bucket-protocol-buck-stablecoin,bucketprotocol.io,31225.png,"{""sui"":""0xce7ff77a83ea0cb6fd39bd8748e2ec89a3f41e8efdc3f4eb123e0ca37b184db2::buck::BUCK""}"
31227,MINI,mini,mini,minimini.lol,31227.png,"{""solana"":""2JcXacFwt9mVAwBQ5nZkYwCyXQkRcdsYrDXn6hj22SbP""}"
31229,BET,Betfin,betfin,betfin.io,31229.png,"{""polygon-ecosystem-token"":""0xbF7970D56a150cD0b60BD08388A4A75a27777777""}"
31234,HRT,HIRO,hiro,hiro-token.com,31234.png,"{""ethereum"":""0x40787b15b30835c8da910b3da62c7d5691cc5c65""}"
31246,GAME,GameBuild,gamebuild,gamebuild.xyz,31246.png,"{""ethereum"":""0x825459139C897D769339f295E962396C4F9E4A4D"",""bnb"":""0x825459139C897D769339f295E962396C4F9E4A4D""}"
31248,GME,GameStop (gamestop-coin.vip),gamestop,gmeethereum.com,31248.png,"{""ethereum"":""0xc56C7A0eAA804f854B536A5F3D5f49D2EC4B12b8""}"
31249,MOST,MOST Global,mostglobal,most-gb.com,31249.png,"{""bnb"":""0x48c6B2A82A21230347b70ceAdA249208C0920412""}"
31253,DOOMER,Doomer,doomercto,doomercto.xyz,31253.png,"{""base"":""0xd3741ac9b3f280b0819191e4b30be4ecd990771e""}"
31254,SPEED,real fast,real-fast,speedonsolana.com,31254.png,"{""solana"":""5Wd2ALxQfnpgQKCyH4WL9giBiiuuLuJs84CJxfQccvmN""}"
31258,MPRO,Max Property,max-property,premaxpro.com,31258.png,"{""bnb"":""0x83b37130B8F6A8eDD4e34C46A2FED1Ac281bFb05""}"
31259,FOXSY,Foxsy AI,foxsy-ai,foxsy.ai,31259.png,"{""multiversx-egld"":""FOXSY-5d5f3e"",""solana"":""CgGWS19zR5xTzgCEcW5Svsuon4hBZwzBwUFimoJStCf2""}"
31261,GOME,Game of Memes,game-of-memes,gome.lol,31261.png,"{""solana"":""8ULCkCTUa3XXrNXaDVzPcja2tdJtRdxRr8T4eZjVKqk""}"
31263,RPLAY,Replay,replay,imaginereplay.org,31263.png,"{""theta-network"":""0x3da3d8cde7b12cd2cbb688e2655bcacd8946399d""}"
31267,UTYAB,UTYABSWAP,utya-black,utyabswap.com,31267.png,"{""gram"":""EQAw63ZqLmnwRA77PW07CWIEngwg-eIiysaqZ8IWpUL0nP7a""}"
31278,DRIFT,Drift,drift,drift.trade,31278.png,"{""solana"":""DriFtupJYLTosbwoN8koMbEYSx54aFAVLddWsbksjwg7""}"
31281,HODL,HODL,hodl-bsc,hodlmeme.io,31281.png,"{""bnb"":""0x137fFd84025C582482E03D3A0B9f74c26dDDFBad""}"
31283,NOHAT,DogWifNoHat,dogwithnohat,nohatsolana.com,31283.png,"{""solana"":""5BKTP1cWao5dhr8tkKcfPW9mWkKtuheMEAU6nih2jSX""}"
31284,HAMMY,SAD HAMSTER,sad-hamster,sadhamster.io,31284.png,"{""solana"":""26KMQVgDUoB6rEfnJ51yAABWWJND8uMtpnQgsHQ64Udr""}"
31288,TRIO,TRIO (OrdinalsBot),ordinalsbot,ordinalsbot.com,31288.png,"{""bitcoin"":""c409d95ec5d858dcac9ef2e7b6bb57752b2e213f4e5443a252bdcc74625ec674i0""}"
31290,WBS,White Boy Summer,white-boy-summer,wbscoin.xyz,31290.png,"{""solana"":""GJgHsc1HU4ibmzW6oWQr8L2RRT95ATc1BoNuLkp94AwU""}"
31296,GOLDAO,GOLDAO,gold-dao,gold-dao.org,31296.png,"{""internet-computer"":""tyyy3-4aaaa-aaaaq-aab7a-cai""}"
31297,BUBBLE,Bubble,bubble-imaginaryones,imaginaryones.com,31297.png,"{""ethereum"":""0xe9689028eDE16c2FDFE3D11855D28f8E3fC452a3""}"
31298,JUNGLE,JUNGLEDOGE,jungledoge,jungledoge.com,31298.png,"{""solana"":""9P32yqucXfZnDoXmmJNzBpqXQgfou4tA4sB1RaQh9cYw""}"
31299,USA,Based USA,based-usa,basedusa.org,31299.png,"{""base"":""0xb56d0839998fd79efcd15c27cf966250aa58d6d3""}"
31303,PPFT,Papparico Finance,papparico-finance,papparico.finance,31303.png,"{""cronos"":""0x59BAfb7168972EcCA5e395F7dA88e71eCe47a260""}"
31304,CHEEPEPE,CHEEPEPE,cheepepe,cheepepe.vip,31304.png,"{""solana"":""FwBixtdcmxawRFzBNeUmzhQzaFuvv6czs5wCQuLgWWsg""}"
31305,MAGA,MAGA (maga-hat.vip),maga-ethereum,maga-hat.vip,31305.png,"{""ethereum"":""0xd29da236dd4aac627346e1bba06a619e8c22d7c5""}"
31309,NCASH,Nutcash,nutcash,nutcash.org,31309.png,"{""ethereum"":""0xd105c45BCC7211F847Ae73B187A41b7D8184aDE2"",""solana"":""7HHCwGd7UAPF3gtHExBREYgY37cbyYcCaeyAHKUc7mUn"",""arbitrum"":""0x88266f9eb705F5282a2507A9c418821a2AC9f8BD""}"
31313,PROOF,PROOF,proof,proofplatform.io,31313.png,"{""ethereum"":""0x9b4a69de6ca0defdd02c0c4ce6cb84de5202944e""}"
31317,MEOW,MeowCat,meowcat-xyz,meowcat.xyz,31317.png,"{""avalanche"":""0x8ad25b0083c9879942a64f00f20a70d3278f6187""}"
31320,SKYA,Sekuya Multiverse,sekuya-multiverse,sekuya.io,31320.png,"{""ethereum"":""0x623cD3a3EdF080057892aaF8D773Bbb7A5C9b6e9"",""bnb"":""0x84E9aaE2081AD3135Ec82496c31e5658A31B9756"",""base"":""0x623cD3a3EdF080057892aaF8D773Bbb7A5C9b6e9""}"
31337,BEER,BEERCOIN,beercoin,beercoin.wtf,31337.png,"{""solana"":""AujTJJ7aMS8LDo3bFzoyXDwT3jBALUbu4VZhzZdTZLmG""}"
31341,CVAI,Agentlauncher,agentlauncher-token,agentlauncher.io,31341.png,"{""solana"":""8TC4ZJA5cwB5gmLemBfPP95v1Mft82kHGF9a87kepNno""}"
31342,NATIX,NATIX Network,natix-network,natix.network,31342.png,"{""solana"":""FRySi8LPkuByB7VPSCCggxpewFUeeJiwEGRKKuhwpKcX""}"
31343,BRETT,Brett (ETH),brett-coin,brettcoineth.vip,31343.png,"{""ethereum"":""0x240D6FAF8c3B1A7394e371792A3bf9D28DD65515""}"
31345,BARRON,BARRON,barron,sonoftrumpbarron.xyz,31345.png,"{""ethereum"":""0x9361adf2b72f413d96f81ff40d794b47ce13b331""}"
31352,CES,swap.coffee,swap-coffee,swap.coffee,31352.png,"{""gram"":""EQCl0S4xvoeGeFGijTzicSA8j6GiiugmJW5zxQbZTUntre-1""}"
31365,BNBOLYMPIC,BNB OLYMPIC,bnb-olympic,bnbolympictoken.xyz,31365.png,"{""bnb"":""0xc0D4C3187D6913DDfdc2Be0061E2Ad94981BD3DB""}"
31366,PINU100X,Pi INU 100x,pi-inu-100x,pi-inu.com,31366.png,"{""polygon-ecosystem-token"":""0x52cf3f18eff5dbc4522af8a51527ab0b64c18d9d""}"
31367,ZACK,Zack Morris,zack-morris,zackmorris.lol,31367.png,"{""solana"":""8vCAUbxejdtaxn6jnX5uaQTyTZLmXALg9u1bvFCAjtx7""}"
31371,ARG,ArgentinaCoin,argentinacoin,argentinacoin.vip,31371.png,"{""solana"":""9XRpjZjhJPeWtUymiEWn3FW7uAnMeQca14ucTWWWyP2g""}"
31374,NIGHT,Midnight (midnight.vip),midnight-vip,midnight.vip,31374.png,"{""polygon-ecosystem-token"":""0xD33fd95fC17bc808b35e98458e078330F35Dbfa3""}"
31377,RPEPE,RoaringPepe,roaringpepe,roaringpepe.xyz,31377.png,"{""solana"":""8jnGePqBBq1KQfPvqA7zAZySiFTyy8tv2zA8u6nHhsdo""}"
31378,RADX,Radx AI,radx-ai,radx-ai.com,31378.png,"{""solana"":""FVFZxEewzrXooU8n8PjGPWKHHzouDjPfW6rzVaeXqGvY""}"
31379,ZCHF,Frankencoin,frankencoin,frankencoin.com,31379.png,"{""ethereum"":""0xB58E61C3098d85632Df34EecfB899A1Ed80921cB"",""gnosis-gno"":""0xD4dD9e2F021BB459D5A5f6c24C12fE09c5D45553"",""polygon-ecosystem-token"":""0xD4dD9e2F021BB459D5A5f6c24C12fE09c5D45553"",""avalanche"":""0xD4dD9e2F021BB459D5A5f6c24C12fE09c5D45553"",""optimism-ethereum"":""0xD4dD9e2F021BB459D5A5f6c24C12fE09c5D45553"",""arbitrum"":""0xD4dD9e2F021BB459D5A5f6c24C12fE09c5D45553"",""base"":""0xD4dD9e2F021BB459D5A5f6c24C12fE09c5D45553"",""sonic"":""0xD4dD9e2F021BB459D5A5f6c24C12fE09c5D45553""}"
31381,HSAI,HealthSci.AI,healthsci-ai,healthsci.ai,31381.png,"{""ethereum"":""0xaa3ACc21D184cEF6F7fC3385FBdB79575231aFbA"",""base"":""0x11A2021368f518Fa390d20308076B25C57292e83""}"
31386,OKAYEG,Okayeg,okayeg,okayeg.vip,31386.png,"{""base"":""0xdb6e0e5094A25a052aB6845a9f1e486B9A9B3DdE""}"
31388,KILLA,The Bitcoin Killa,the-bitcoin-killa,killacoin.xyz,31388.png,"{""solana"":""BPUDuDxG2xyeKyDQ3bqDyPvTmCjXado5ETcGKV1wKhhC""}"
31390,ACHI,achi,achi,achicoinsol.xyz,31390.png,"{""solana"":""4rUfhWTRpjD1ECGjw1UReVhA8G63CrATuoFLRVRkkqhs""}"
31391,APPLE,dog with apple in mouth,bunny,appledog.ai,31391.png,"{""solana"":""H33XL6HHDReCVRgSApZpsXM7Hy7JGyLztRJaGxjapump""}"
31393,PEANIE,Peanie,peanie,peanie.org,31393.png,"{""solana"":""dekNoN3D8mXa4JHLwTbVXz8aPAyJUkk443UjcSpJKi4""}"
31397,HIGHER,Higher,higher,aimhigher.net,31397.png,"{""base"":""0x0578d8A44db98B23BF096A382e016e29a5Ce0ffe""}"
31398,KEK,Kekistan,kekistan,kekistan-erc.vip,31398.png,"{""ethereum"":""0x4ade2b180f65ed752b6f1296d0418ad21eb578c0""}"
31401,EAI,Eternal AI,eternalai-org,eternalai.org,31401.png,"{""ethereum"":""0xa84f95eb3DaBdc1bbD613709ef5F2fD42CE5bE8d"",""base"":""0x4B6bF1d365ea1A8d916Da37FaFd4ae8C86d061D7""}"
31410,FDM,Freedom,freedom-world,freedom.world,31410.png,"{""ethereum"":""0x60d91f6D394c5004A782E0D175E2b839e078FB83"",""fuse-network"":""0xE3Df2C1f1ca54707AB49747eeBc7658bb1c8Bf1C""}"
31411,BUBBA,Bubba,bubba,bubba.xyz,31411.png,"{""solana"":""BMt3pq4g8ggWWBnd6DJ1jhVyTkHfWjAfJwWW6sRCbQJv""}"
31420,STASH,STASH INU,stash-inu,stashinu.com,31420.png,"{""solana"":""EWMfSJgDCE7CXDAYz3hbCaA7NsFHTnddySXx3shco2Hs""}"
31422,BTCDRAGON,BTC Dragon,btcdragon-lol,btcdragon.lol,31422.png,"{""bnb"":""0x1ee8a2f28586e542af677eb15fd00430f98d8fd8""}"
31424,EVR,Evrmore,evrmore,evrmore.com,31424.png,{}
31427,CAT,CAT SYLVESTER,cat-sylvester,catsylvestertoken.xyz,31427.png,"{""bnb"":""0xaD0354F71332AAd8Df5d840458d4Fd86456DC7b5""}"
31439,MAGAPEPE,MAGA PEPE (SOL),maga-pepe,magapepe.vip,31439.png,"{""solana"":""2Xn4cBcrksaBMMxw8EbwuxY7iG8HUiZx1XEiCXQsGeSo""}"
31440,WLTH,WLTH,common-wealth,wlth.xyz,31440.png,"{""base"":""0x99b2B1A2aDB02B38222ADcD057783D7e5D1FCC7D""}"
31442,$WAFFLES,Waffles Davincij15's Cat,waffles-davincij15s-cat,wafflesj15.com,31442.png,"{""solana"":""8doS8nzmgVZEaACxALkbK5fZtw4UuoRp4Yt8NEaXfDMb""}"
31450,WEIRDO,Weirdo,weirdo,weirdobase.com,31450.png,"{""base"":""0x76734b57dfe834f102fb61e1ebf844adf8dd931e""}"
31455,KIM,Kim Exchange,kim-exchange,kim.exchange,31455.png,"{""base"":""0x5dC25aA049837B696d1dc0F966aC8DF1491f819B"",""mode"":""0x6863fb62Ed27A9DdF458105B507C15b5d741d62e""}"
31456,DOP,Data Ownership Protocol,data-ownership-protocol,dop.org,31456.png,"{""ethereum"":""0x97A9a15168C22B3C137E6381037E1499C8ad0978""}"
31460,TBC,Tour Billion,tour-billion,tourbillion.app,31460.png,"{""bnb"":""0xdA0F9F1204395C2481070c1d4DC1f996915527f2""}"
31462,SHARE,SHARE,share,shareoncrypto.com,31462.png,"{""solana"":""E6Eg7Esj5tfSwkbDGdrzhrotqptv7ghJNarLZ9rbHDSG""}"
31464,GROYPER,Groyper (groypereth.vip),groyper,groypereth.vip,31464.png,"{""ethereum"":""0x6942806D1B2d5886D95cE2f04314ece8eb825833""}"
31466,MUSCAT,MusCat,muscat,muscatsol.xyz,31466.png,"{""solana"":""6PPskLwejGjiRbsrdTvPdo8Ayf6rERxvSezcPDA53TAP""}"
31472,$PELF,PELFORT,pelfort,neverfuckingleaving.com,31472.png,"{""solana"":""BgJW7U1u2RY5XJk9uYb5AqFRzjMtqE7pw3kaf9iw9Ntz""}"
31477,CHAD,Based Chad,based-chad,basedchad.com,31477.png,"{""ethereum"":""0x2efa572467c50c04a6eed6742196c0d0d287c1bb"",""base"":""0xecaf81eb42cd30014eb44130b89bcd6d4ad98b92"",""solana"":""275K6a8XzouqPaX3Ue8QaafSL5kw8dL1E1g8jwHzcmpL""}"
31482,CADAI,CADAI,cadaico,cadai-platform.co,31482.png,"{""arbitrum"":""0x4dEbFb9Ed639144CF1e401674Af361FFFfcefb58""}"
31493,MOEW,donotfomoew,donotfomoew,donotfomoew.org,31493.png,"{""base"":""0x15aC90165f8B45A80534228BdCB124A011F62Fee"",""gram"":""EQAWsIGMoGlbjJJIsik-9_6A4Iiodb1M7LW3kmu05v8ujo9h"",""solana"":""C6Q5fMpuPjBPox84wbcE3Rn8HYJg11o4YHEmbQSuYs5L""}"
31494,PIXFI,Pixelverse,pixelverse-xyz,pixelverse.xyz,31494.png,"{""ethereum"":""0xd795eb12034C2b77d787a22292c26fab5f5C70Aa""}"
31495,NXQ,NexQloud,nexqloud,nexqloud.io,31495.png,"{""ethereum"":""0x5266479705d627b20FcD8BB3a45D9E99dd0556E3"",""bnb"":""0xE9f35F93Bde15a4D5973969E3C086dfAe064721d""}"
31501,SHIB,SHIB ON SOLANA,shib-on-solana,shibonsol.xyz,31501.png,"{""solana"":""7wz31sC5z979UMtiqrtxsYYQ6bJzpjUTgPsZvXuZhso""}"
31503,BWB,Bitget Wallet Token,bitget-wallet-token,web3.bitget.com,31503.png,"{""solana"":""6FVyLVhQsShWVUsCq2FJRr1MrECGShc3QxBwWtgiVFwK"",""ethereum"":""0xac6DB8954b73EbF10e84278AC8b9B22a781615D9"",""base"":""0x619c4bbbd65f836b78b36cbe781513861d57f39d"",""gram"":""UQBaWrUZwQMcCEHZHf-dAFVhAWInbA7KJciM1W1aQxg4YWLN""}"
31504,ULTI,Ultiverse,ultiverse,ultiverse.io,31504.png,"{""bnb"":""0x0e7779e698052f8fe56c415c3818fcf89de9ac6d"",""ethereum"":""0x0E7779e698052f8fe56C415C3818FCf89de9aC6D""}"
31509,CHOMP,ChompCoin,chompcoin,chomp.meme,31509.png,"{""base"":""0xebfF2db643Cf955247339c8c6bCD8406308ca437"",""solana"":""F67smWaqebM2zbk1eofh9ihF1vNaDPD1FTA6EGVDLwWN""}"
31510,MOTHER,Mother Iggy,mother-iggy,mother.fun,31510.png,"{""solana"":""3S8qX1MsMqRbiwKg2cQyx7nis1oHMgaCuc9c4VfvVdPN""}"
31513,VT,VTRADING,vtrading,vtrading.com,31513.png,"{""ethereum"":""0x69CadE383dF52ec02562869Da8Aa146Be08c5c3c""}"
31523,PEW,pepe in a memes world,pepe-in-a-memes-world,pepeinamemesworld.com,31523.png,"{""ethereum"":""0x382ea807a61a418479318efd96f1efbc5c1f2c21""}"
31525,TAIKO,Taiko,taiko,taiko.xyz,31525.png,"{""ethereum"":""0x10dea67478c5f8c5e2d90e5e9b26dbe60c54d800"",""bnb"":""0x30c60b20c25b2810ca524810467a0c342294fc61"",""taiko"":""0xA9d23408b9bA935c230493c40C73824Df71A0975""}"
31526,MOCA,Moca Network,mocaverse,moca.network,31526.png,"{""ethereum"":""0xf944e35f95e819e752f3ccb5faf40957d311e8c5"",""base"":""0x2B11834Ed1FeAEd4b4b3a86A6F571315E25A884D""}"
31528,DBR,deBridge,debridge,debridge.finance,31528.png,"{""solana"":""DBRiDgJAMsM95moTzJs7M9LnkGErpbv9v6CUR1DXnUu5""}"
31530,LFGO,Lets Fuckin Go,lets-fuckin-go,lfgo.space,31530.png,"{""solana"":""2u98MM7DMtVmNG4iAKRNMtynjmkzgD6fXAzB3wVfhQvg""}"
31534,ELIX,Elixir Games,elixir-games,elixir.games,31534.png,"{""solana"":""5cbq1HriesW4zHpFEk9Gc8UT4ccmfHcBTDCa2XcBduTo""}"
31537,WALTER,walter,walter,walterdogsolana.com,31537.png,"{""solana"":""FV56CmR7fhEyPkymKfmviKV48uPo51ti9kAxssQqTDLu""}"
31541,PESHI,PESHI,peshi,peshi.wtf,31541.png,"{""solana"":""5LwseQRo8fsz4S3y7jbqqe5C7tZTz5PwhXNCHj13jLBi""}"
31543,XETA,XANA,xana-new,xana.net,31543.png,"{""avalanche"":""0x31c994AC062C1970C086260Bc61babB708643fAc"",""bnb"":""0xBC7370641ddCF16A27eeA11230Af4a9F247B61F9"",""ethereum"":""0x967fb0d760ed3ce53afe2f0a071674cccae73550""}"
31551,NYXC,Nyxia AI,nyxia-ai,nyxia.ai,31551.png,"{""solana"":""HrLx8MLKegpbmbmWePZiuvf3AbJNx1CJyjBwUHwicEgW""}"
31553,TRUMP,NEVER SURRENDER,never-surrender,neversurrendertrump.vip,31553.png,"{""ethereum"":""0x86b69f38bea3e02f68ff88534bc61ec60e772b19""}"
31558,EAGLE,EAGLE INU,eagle-inu,eagletoken.xyz,31558.png,"{""bnb"":""0x4BcCA035cBf685723BF5aA366CE430BAFee9AA73""}"
31561,SOLCAT,CatSolHat,catsolhat,catsolhat.com,31561.png,"{""solana"":""E99fN4tCRb1tQphXK1DU7prXji6hMzxETyPNJro19Fwz""}"
31567,MARV,Marv,marv,marv.vip,31567.png,"{""ethereum"":""0x3BB1BE077f3F96722AE92ec985aB37Fd0a0c4C51""}"
31569,TROG,Trog,trog,trog-coin.com,31569.png,"{""ethereum"":""0x2077D81d0c5258230D5a195233941547cB5f0989""}"
31575,GAT,Gather,gather-gat,gather.top,31575.png,{}
31579,314DAO,Tonken 314 DAO,tonken-314-dao,314dao.world,31579.png,"{""bnb"":""0xbf1f246c913b3d4f2fda290f9507357c03fc91cf""}"
31583,SNPAD,SNP adverse,snp-adverse,snpad.snp.network,31583.png,"{""ethereum"":""0x772358ef6ed3e18BdE1263F7d229601c5fa81875""}"
31598,$TOAD,Toad,toad,toadsol.eu,31598.png,"{""solana"":""FViMp5phQH2bX81S7Yyn1yXjj3BRddFBNcMCbTH8FCze""}"
31600,MINE,RuneMine,runemine,runemine.com,31600.png,"{""solana"":""M1NEtUMtvTcZ5K8Ym6fY4DZLdKtBFeh8qWWpsPZiu5S"",""near-protocol"":""mineminemine.tkn.primitives.near"",""bitcoin"":""MINEMINEMINE""}"
31601,SELFIE,SelfieDogCoin,selfiedogcoin,selfiedog.org,31601.png,"{""solana"":""9WPTUkh8fKuCnepRWoPYLH3aK9gSjPHFDenBq2X1Czdp""}"
31606,RYU,RyuJin,ryujin,ryujin.ai,31606.png,"{""ethereum"":""0xca530408c3e552b020a2300debc7bd18820fb42f""}"
31609,APUGURL,APU GURL,apu-gurl,apugurl.com,31609.png,"{""ethereum"":""0x069f01cdd1e32d7bab5fc81527df191835136c9d""}"
31616,PEPE,Pepe,pepe-solana,pepesolana.co,31616.png,"{""solana"":""B5WTLaRwaUQpKk7ir1wniNB6m5o8GgMrimhKMYan2R6B""}"
31622,EAGLE,AMERICAN EAGLE,american-eagle,amtokeneagle.xyz,31622.png,"{""bnb"":""0xdE6ebb336FfCF4d3ef3F74E0cc295aEE994893Ed""}"
31625,UAHG,UAHg,uahg,uahg.io,31625.png,"{""ethereum"":""0xd1e0e39bd1758abe0865d5289895a9197c6cd549"",""bnb"":""0xd1e0e39bd1758abe0865d5289895a9197c6cd549"",""tron"":""TK4zHRAU1WrRPivksia3BMs2JvSLT63opb""}"
31626,SCHRODI,Schrödi,schrodi-wtf,schrodi.wtf,31626.png,"{""ethereum"":""0x35cA1E5A9B1c09Fa542Fa18D1Ba4D61c8eDfF852"",""arbitrum"":""0x35cA1E5A9B1c09Fa542Fa18D1Ba4D61c8eDfF852""}"
31629,BLS,BloodLoop,bloodloop,bloodloop.com,31629.png,"{""avalanche"":""0x46B9144771Cb3195D66e4EDA643a7493fADCAF9D""}"
31630,PEPO,Peepo,peepo-token,peepofrog.com,31630.png,"{""ethereum"":""0xD1B89856D82F978D049116eBA8b7F9Df2f342fF3""}"
31632,PEIPEI,PeiPei (ETH),peipei-coin,peipeicoin.vip,31632.png,"{""ethereum"":""0x3ffeea07a27fab7ad1df5297fa75e77a43cb5790""}"
31637,PRICK,Pickle Rick,pickle-rick,prick.lol,31637.png,"{""solana"":""6zoshtkmyX4kRFg3p152yV2bPssxeYdNvW3c6EVCE4UP""}"
31646,ARTFI,ARTFI,artfi,artfi.world,31646.png,"{""sui"":""0x706fa7723231e13e8d37dad56da55c027f3163094aa31c867ca254ba0e0dc79f::artfi::ARTFI""}"
31647,BTCB,Bitcoin on Base,bitcoin-on-base,bitcoinonbase.io,31647.png,"{""base"":""0x0c41F1FC9022FEB69aF6dc666aBfE73C9FFDA7ce""}"
31651,MAGASHIB,MAGA SHIB,maga-shib,magashib.fun,31651.png,"{""solana"":""2ZRsj42U3Pt5dSfKbizp3HVygCEsLijwYBepKUMqvCxW""}"
31656,MOR,Morpheus,morpheus,mor.org,31656.png,"{""ethereum"":""0xcBB8f1BDA10b9696c57E13BC128Fe674769DCEc0"",""arbitrum"":""0x092bAaDB7DEf4C3981454dD9c0A0D7FF07bCFc86"",""base"":""0x7431ada8a591c955a994a21710752ef9b882b8e3""}"
31658,CAT,AMERICAN CAT,american-cat,amtokencat.xyz,31658.png,"{""bnb"":""0x2351b9c22987c945A36Be991422031d86ee70bF6""}"
31662,MAGA,MAGA,maga-token-solana,magaonsol.live,31662.png,"{""solana"":""sfYDFZJguyF4YLZjje7qwwh41NRymFfZ3QXZbVm7Eyg""}"
31667,GHOST,IC GHOST,icghost,icghost.org,31667.png,"{""internet-computer"":""4c4fd-caaaa-aaaaq-aaa3a-cai""}"
31668,BILLY,Billy (Bitcoin),billion-dollar-cat,billiondollarcat.com,31668.png,"{""solana"":""BDCs2xEqzXyRpp9P6uPDnAvERpLKBfzHPEzbe3BfCxDY"",""bitcoin"":""BILLIONDOLLARCAT""}"
31676,DOGEVERSE,DogeVerse,dogeverse,thedogeverse.com,31676.png,"{""ethereum"":""0x62F03b52c377FeA3EB71D451a95ad86C818755D1""}"
31679,MAGADOGE,MAGA DOGE,maga-doge,magadoge.fun,31679.png,"{""solana"":""8igRQGU3C1dAMrgc5qJWbZr8Bo7zxkucQvq2eFkgZMMW""}"
31683,AIR,AIRian,airian,airian.io,31683.png,"{""ethereum"":""0x294B9dA569c0d694870239813Bbe7B5824FD2339"",""mantle"":""0xE5E3485b307D9d08CF704Dcd1D5C1ceB48d67107""}"
31688,DOPU,DOPU The Dog with A Purpose,dopu-the-dog-with-a-purpose,dopu.ai,31688.png,"{""xdc-network"":""0x3fB46c4Db76d8E9f69F3F8388f43a7CA7E140807""}"
31689,9MM,Shigure UI,shigure-ui,shigureui.xyz,31689.png,"{""base"":""0x340c070260520ae477b88caa085a33531897145b""}"
31692,TRUMP,MAGA,magatrumponbase,magatrumponbase.tech,31692.png,"{""base"":""0x2e1d332893Dc16124194E598a29866D2d5e8786b""}"
31697,MITTENS,Mittens,mittenston,mittenston.com,31697.png,"{""gram"":""EQBwy-wJ-wCqh0mfJHoWjmulJ0oIRKEJJt75ULyrJNPcnn5z""}"
31703,TOPG,TOP G,topg-sol,topgsolana.com,31703.png,"{""solana"":""8NH3AfwkizHmbVd83SSxc2YbsFmFL4m2BeepvL6upump""}"
31704,PIRATE,Pirate Nation,pirate-nation,piratenation.game,31704.png,"{""ethereum"":""0x7613c48e0cd50e42dd9bf0f6c235063145f6f8dc""}"
31705,RNT,Real Nigger Tate,real-nigger-tate,university.com,31705.png,"{""solana"":""2fUFhZyd47Mapv9wcfXh5gnQwFXtqcYu9xAN4THBpump""}"
31716,SKAI,Skillful AI,skillful-ai,skillfulai.io,31716.png,"{""ethereum"":""0xCF078DA6e85389de507ceeDE0E3d217e457B9d49""}"
31718,DOGER,Robotic Doge,robotic-doge,dogercoin.cz,31718.png,"{""bnb"":""0x6B85f1FE36af537Ce5085EF441c92dE09AF74F0E""}"
31736,ZUSHI,ZUSHI,zushi,zushidefi.com,31736.png,"{""bnb"":""0xE9CbA5d3a0505CbBeE0154BE49B1D8eB68d392b3""}"
31737,UDAO,UDAO,udao,udao.org,31737.png,"{""polygon-ecosystem-token"":""0x433cCeBC95ad458E74d81837Db0D4aa27e30E117""}"
31739,PGPT,PrivateAI,privateai,privateai.com,31739.png,"{""bnb"":""0x33a64943a0eaecc2b06b10f89686b797ba75ffad""}"
31741,ICS,ICPSwap Token,icpswap-token,app.icpswap.com,31741.png,"{""internet-computer"":""ca6gz-lqaaa-aaaaq-aacwa-cai""}"
31746,BOLT,BOLT,bolt-on-base,boltonbase.xyz,31746.png,"{""base"":""0x7Cf7132EdE0ca592A236b6198A681bB7B42dd5ae""}"
31748,CHRETT,Chinese BRETT,chinese-brett,chinesebrettbase.xyz,31748.png,"{""base"":""0xF8a99F2bF2ce5bb6cE4aafcf070D8723bc904Aa2""}"
31750,GEMS,Gems,gems-vip,gems.vip,31750.png,"{""ethereum"":""0x3010ccb5419F1EF26D40a7cd3F0d707a0fa127Dc""}"
31752,BABYPEPE,Baby Pepe,babypepe-coin,babypepe.com,31752.png,"{""ethereum"":""0x69babE9811CC86dCfC3B8f9a14de6470Dd18EDA4""}"
31755,BRETT,Bretter Brett,bretter-brett,bretter.io,31755.png,"{""ethereum"":""0x66bFf695f3B16a824869a8018a3A6e3685241269""}"
31763,LTT,Luxury Travel Token,luxury-travel-token,luxurytraveltoken.com,31763.png,"{""ethereum"":""0x3F91Ad19AF450B44cf5176b4dE719d77CB19EEc7""}"
31770,HONK,Pepoclown,pepoclown,honkler.io,31770.png,"{""ethereum"":""0xd8e8438cf7beed13cfabc82f300fb6573962c9e3""}"
31773,WSEI,Wrapped Sei,wrapped-sei,sei.io,31773.png,"{""sei"":""0xe30fedd158a2e3b13e9badaeabafc5516e95e8c7""}"
31775,AZUR,Azuro Protocol,azuro-protocol,azuro.org,31775.png,"{""ethereum"":""0x9E6be44cC1236eEf7e1f197418592D363BedCd5A"",""base"":""0x98703d0f6e86b9d3ea78cf7e768bdfdbfc40039f""}"
31778,BIF,Brianwifhat,brianwifhat,bifwifhat.com,31778.png,"{""base"":""0x06Bfb0b59fD7F0436135cc7c168f31826C9178db""}"
31779,COK,Cat Own Kimono,cat-own-kimono,catownkimono.com,31779.png,"{""solana"":""Dnb9dLSXxAarXVexehzeH8W8nFmLMNJSuGoaddZSwtog""}"
31782,LFIT,LFIT,lfit,lfit.io,31782.png,"{""polygon-ecosystem-token"":""0x5b901182b9B2820A713fF5D88519999C550d40e8""}"
31785,S315,SWAP315,swap315,s315protocol.github.io,31785.png,"{""bnb"":""0x565D40e2ef60f0B4e5bD0136Bb2C58ACe83fDaA5""}"
31788,EAI,Eagle AI,eagle-ai,eagleailabs.com,31788.png,"{""base"":""0x6797b6244fa75f2e78cdffc3a4eb169332b730cc""}"
31789,ASS,Abella Danger,abella-danger,assbydanger.vip,31789.png,"{""solana"":""EqGMz1o1KiBs1wtotR4rnDADEHvUu39Emv46ZjBEpump""}"
31802,STONKS,Stonks (stonkseth.com),stonkseth,stonkseth.com,31802.png,"{""ethereum"":""0x7d4a23832fad83258b32ce4fd3109ceef4332af4""}"
31806,PEP,Pepecoin,pepecoin-org,pepecoin.com,31806.png,{}
31815,DIDID,Didi Duck,didi-duck,didid.lol,31815.png,"{""solana"":""8E5pw1g1nQpmgVyeS1vZx8LokAZvuZgL6G1Uhr4iVbAB""}"
31817,WIF,Wif - SecondChance,wif-secondchance,secondchancecto.com,31817.png,"{""solana"":""21AErpiB8uSb94oQKRcwuHqyHF93njAxBSbdUrpupump""}"
31826,BMONEY,B-money,b-money,bmoneyonerc.com,31826.png,"{""ethereum"":""0xf10da48d4aaa8d784c5e369cb998e263cfe32aa8""}"
31828,SVN,StakeVault.Network,stakevault-network,stakevaultnet.com,31828.png,"{""ethereum"":""0xcE872DB165d4F5623AF9c29e03AFd416Bc5f67bc""}"
31830,DADDY,Daddy Tate,daddy-tate,daddysuniversity.com,31830.png,"{""solana"":""4Cnk9EPnW5ixfLZatCPJjDB1PUtcRpVVgTQukm9epump""}"
31832,CHIPPY,FISH N CHIPS,fish-n-chips,fishnchipssol.com,31832.png,"{""solana"":""Bz7Nx1F3Mti1BVS7ZAVDLSKGEaejufxvX2DPdjpf8PqT""}"
31833,MOGE,Moge,moge,moge.vip,31833.png,"{""ethereum"":""0x433F62964EDd67d7349088Fe44544F822F863a6C""}"
31837,KIRO,Kirokugo,kirokugo,kirokugo.com,31837.png,"{""ethereum"":""0xc5903ced3c193b89cbbb5a0af584494c3d5d289d""}"
31838,COOKIE,Cookie DAO,cookie,cookie.fun,31838.png,"{""bnb"":""0xc0041ef357b183448b235a8ea73ce4e4ec8c265f"",""base"":""0xc0041ef357b183448b235a8ea73ce4e4ec8c265f""}"
31843,AURA,Aura,aura,auramaxxing.xyz,31843.png,"{""solana"":""DtR4D9FtVoTX2569gaL837ZgrB6wNjj6tkmnX9Rdk9B2""}"
31845,LAIKA,LAIKA The Cosmodog,laika-the-soldog,laika.org,31845.png,"{""solana"":""Euoq6CyQFCjCVSLR9wFaUPDW19Y6ZHwEcJoZsEi643i1""}"
31847,WOLF,LandWolf (SOL),landwolf-sol,thereallandwolf.com,31847.png,"{""solana"":""Faf89929Ni9fbg4gmVZTca7eW6NFg877Jqn6MizT3Gvw""}"
31849,RECA,The Resistance Cat,the-resistance-cat,reca.live,31849.png,"{""gram"":""EQBwHOvf3UrPPJB7jeDHaOT-2vP0QQlDoEDBsgfv5XF75J3j""}"
31851,FROG,Frog,frog-erc20,frogerc20.tech,31851.png,"{""ethereum"":""0x0a2c375553e6965b42c135bb8b15a8914b08de0c""}"
31854,AEROBUD,Aerobud,aerobud,aerobud.org,31854.png,"{""base"":""0xFad8CB754230dbFd249Db0E8ECCb5142DD675a0d""}"
31858,KENDU,Kendu Inu,kendu-coin,basedkendu.com,31858.png,"{""base"":""0x5597ce42b315f29e42071d231dcd0158da35b77b""}"
31859,GIGACHAD,GigaChad (gigachad.com),giga-chad,gigachad.com,31859.png,"{""ethereum"":""0xF43F21384d03b5cBbddd58d2de64071e4Ce76AB0""}"
31869,PTRUMP,Pepe Trump,pepe-trump,pepetrumpcoin.io,31869.png,"{""solana"":""Gk2kRrwNMBU4Dn9JhC1Dks8G5X9nqi4ZE5jMvK6bdgEd"",""ethereum"":""0x441ec6748c51c19c93ce14439714b5401d6c3ded""}"
31871,AMC,AMC,amc,americasmemecoin.com,31871.png,"{""ethereum"":""0x426a688eE72811773eB64F5717A32981B56F10c1""}"
31878,SPIKE,Spike,spike-furie,spikefurie.com,31878.png,"{""ethereum"":""0x19848077f45356b21164c412Eff3D3E4ff6Ebc31""}"
31881,LKI,Laika AI,laika-ai,app.laikalabs.ai,31881.png,"{""bnb"":""0x1865dc79a9e4B5751531099057D7Ee801033d268""}"
31884,ZIK,Zik coin,zik-coin,zik.cash,31884.png,"{""ethereum"":""0xD4419C2d3DAA986Dc30444Fa333a846be44Fd1eb""}"
31886,LB,LoveBit,lovebit,lovebit.org,31886.png,"{""bnb"":""0x8613d52D74a48883A51bAdF8b25ab066714087Da""}"
31889,CHIPPY,Chippy,chippy,chippyonsolana.com,31889.png,"{""solana"":""3T9mBXQzfAn8Rf1LKDutvGMTd1EruJbFh3cM7MSMq3Py""}"
31891,DJT,TrumpCoin,trumpcoin-solana,donaldjtrump.com,31891.png,"{""solana"":""HRw8mqK8N3ASKFKJGMJpy4FodwR3GKvCFKPDQNqUNuEP""}"
31899,LAK3,LAKE,lake-lak3,lak3.io,31899.png,"{""ethereum"":""0x13d074303C95a34d304F29928dC8A16dEc797e9E""}"
31902,GHD,Giftedhands [New],giftedhands-new,giftedhands.io,31902.png,"{""bnb"":""0x7399717d8c0a59732baf851a48685b284c0deb12""}"
31904,$DTJR,Donald Trump Jr.,donald-trump-jr,dtjr.xyz,31904.png,"{""solana"":""7G7SMGV9nSG316ykk6iobjMZWa8GZb15Wd25kgaZGTaZ""}"
31905,SBAE,Salt Bae For The People,salt-bae-for-the-people,saltbae.ai,31905.png,"{""solana"":""BWWWurbodjGbovFetc3FC6oSbqkdoE62E1XqZ7X4pump""}"
31906,LILPUMP,lilpump,lilpump,lilpump.fun,31906.png,"{""solana"":""9vrGUHwsC8LyLjQoh3zJb9S53x7A88u49La63qPB6F5t""}"
31908,WAT,Wat,wat,wat0x63.com,31908.png,"{""ethereum"":""0x636bd98fc13908e475f56d8a38a6e03616ec5563""}"
31909,AUSDT,aUSDT,ausdt,alloy.tether.to,31909.png,"{""ethereum"":""0x9EEAD9ce15383CaEED975427340b3A369410CFBF""}"
31913,FLAPPY,Flappy,flappy-thebat,flappythebat.xyz,31913.png,"{""ethereum"":""0x590246bfbf89b113d8ac36faeea12b7589f7fe5b""}"
31914,BILLY,Billy,billy,billysol.lol,31914.png,"{""solana"":""3B5wuUrMEi5yATD7on46hKfej3pfmd7t1RKgrsN3pump""}"
31915,ETHB,ETHEREUM ON BASE,ethereum-on-base,ethereumonbase.com,31915.png,"{""base"":""0x8d285df5be4570097e84241090fca8034ab18547""}"
31916,FLOCKA,Waka Flocka,waka-flocka,flockaonsol.fun,31916.png,"{""solana"":""9n8b1EXLCA8Z22mf7pjLKVNzuQgGbyPfLrmFQvEcHeSU""}"
31917,XOXNO,XOXNO,xoxno,xoxno.com,31917.png,"{""multiversx-egld"":""XOXNO-c1293a""}"
31921,RETARDIO,RETARDIO,retardio,retardio.xyz,31921.png,"{""solana"":""6ogzHhzdrQr9Pgv6hZ2MNze7UrzBMAFyBBWUYp1Fhitx""}"
31923,HAWKTUAH,Hawk Tuah (hawktuah.vip),hawk-tuah,hawktuah.vip,31923.png,"{""solana"":""4GFe6MBDorSy5bLbiUMrgETr6pZcjyfxMDm5ehSgpump""}"
31937,FAC,Flying Avocado Cat,flying-avocado-cat,fac.meme,31937.png,"{""ethereum"":""0x1a3A8Cf347b2bF5890D3D6A1B981c4f4432C8661""}"
31944,WHISKEY,WHISKEY,whiskey,planetwhiskey.xyz,31944.png,"{""solana"":""9UNqoPEXXxEnEphmyYsZYdL5dnmAUtdiKRUchpnUF5Ph""}"
31946,$CHIDO,Chinese Doge Wow,chinese-doge-wow,chidoonbase.xyz,31946.png,"{""base"":""0xF31e6D62BFC485857af2186eB3d8ee94b4379feD""}"
31948,WVTRS,Vitreus,vitreus,vitreus.io,31948.png,"{""ethereum"":""0x74950FC112473caba58193c6bF6412a6f1e4d7d2""}"
31949,POCAT,Polite Cat,polite-cat,pocatcoin.com,31949.png,"{""solana"":""DuhSwRVN7z8bWjYzwtRv2uDfpAsbTPxDnDezzi9Nsf1y""}"
31956,ANDWU,Chinese Andy,chinese-andy,andwueth.com,31956.png,"{""ethereum"":""0x2E2e7a1F05946ecB2b43B99e3Fc2984Fa7d7e3Bc""}"
31959,SCRAT,Scrat,scrat,scrat.meme,31959.png,"{""solana"":""3GEznP41VaAGv9yRdBiuYdA8zkffNc8b7DzNJgFbH4Kh""}"
31961,NEURON,Cerebrum DAO,cerebrum-dao,cerebrumdao.com,31961.png,"{""ethereum"":""0xab814ce69E15F6B9660A3B184c0B0C97B9394A6b"",""base"":""0x3568c7a4f7545805e379c264303239781B4E9A79"",""solana"":""neuRodi6Saw2cwDpud7FyAcjzqPBJDtr3fDTXE2Fu4j""}"
31967,$WATER,WATER,water,watercoin.wtf,31967.png,"{""solana"":""B6h248NJkAcBAkaCnji889a26tCiGXGN8cxhEJ4dX391""}"
31970,RCH,SOFA Org,sofa-org,sofa.org,31970.png,"{""ethereum"":""0x57B96D4aF698605563A4653D882635da59Bf11AF""}"
31971,DORKY,Dork Lord,dorklordeth,dorklordeth.vip,31971.png,"{""ethereum"":""0x95Ed629B028Cf6AADd1408Bb988c6d1DAAbe4767""}"
31973,RWT,RWT TOKEN,rwt-token,rwttoken.com,31973.png,"{""solana"":""4CKd1pfak4Ss3EX9aHqz7hAkwVdhTqtrDKNexwq1dFxY""}"
31978,EMT,EMAIL Token,email-token,ethermail.io,31978.png,"{""base"":""0xe2c86869216aC578bd62a4b8313770d9EE359A05""}"
31979,SHRUB,Shrub,shrub,shrub.io,31979.png,"{""ethereum"":""0x3b991130eae3cca364406d718da22fa1c3e7c256"",""solana"":""Em8WF6pg9FmKDy1dXkWhXxpgmfhj5Bes3ZCE8PCCJSHt"",""base"":""0x1eefd52f6e218f262da7b0089b9e343a1eb5c9f4""}"
31982,DRAGGY,Draggy,draggy,draggy.vip,31982.png,"{""ethereum"":""0xd12a99dbc40036cec6f1b776dccd2d36f5953b94""}"
31983,MARV,Marv,marv-the-frog,marvthefrog.com,31983.png,"{""ethereum"":""0x4ec60512f54a196c5a4792437cd500fa98747dea""}"
31985,KINIC,Kinic,kinic,kinic.io,31985.png,"{""internet-computer"":""73mez-iiaaa-aaaaq-aaasq-cai""}"
31988,RNT,Reental,reental,reental.co,31988.png,"{""polygon-ecosystem-token"":""0x27Ab6E82F3458eDbC0703DB2756391B899Ce6324""}"
31994,PEEPO,Peepo,peepo-on-base,peepobase.org,31994.png,"{""base"":""0x9409c81D5bf8fd6e651F08E1C81c8b175A1E64F7""}"
31995,ANDY,ANDY (BSC),andy-bsc,andybsc.vip,31995.png,"{""bnb"":""0x86bF362B3bcb067895481AA071A7364e5884232e""}"
32000,KAI,KAI KEN,kai-ken,kai-ken.live,32000.png,"{""ethereum"":""0xA045Fe936E26e1e1e1Fb27C1f2Ae3643acde0171""}"
32002,ZEX,Zeta,zeta,zeta.markets,32002.png,"{""solana"":""ZEXy1pqteRu3n13kdyh4LwPQknkFk3GzmMYMuNadWPo""}"
32004,TAL,Talentum,talentum,talentum.cc,32004.png,"{""ethereum"":""0xEe4F0B60b9c0E1B0Ae33083dAFc8a5CF0f5A015B""}"
32006,ZEUS,Zeus (zeuspepesdog.vip),zeus,zeuspepesdog.vip,32006.png,"{""ethereum"":""0x7137e8a3b069C3F787c4fFbb901b91E4bA47d082""}"
32019,CRASH,Crash,crash-on-base,crashonbase.xyz,32019.png,"{""base"":""0x4dd9077269dd08899f2a9e73507125962b5bc87f""}"
32022,SKOP,Skulls of Pepe Token,skulls-of-pepe-token,linktr.ee,32022.png,"{""base"":""0x6d3b8c76c5396642960243febf736c6be8b60562""}"
32034,MMIP,Memes Make It Possible,memes-make-it-possible,memesmakeitpossible.com,32034.png,"{""solana"":""Ccgfe34o6auHHBGgtZp2RRcScxxJgbEhQUAzNieE1cX7""}"
32035,MLC,My Lovely Planet,my-lovely-planet,mylovelyplanet.org,32035.png,"{""polygon-ecosystem-token"":""0x0566C506477cD2d8dF4e0123512dBc344bD9D111"",""solana"":""8Up6R3g6qdpsApu8DUCtajSAWANxSty2eQmSjCSGSHH6"",""bnb"":""0xe8Db8733c5baDF634F86D6EF894fFdBF0e85B7c2""}"
32037,ANYONE,ANyONe Protocol,anyone-protocol,anyone.io,32037.png,"{""ethereum"":""0xFeAc2Eae96899709a43E252B6B92971D32F9C0F9"",""base"":""0xe67F39FbE8C24ef8b3542efED1eE9963cEFC1f2a"",""peaq"":""0xe67F39FbE8C24ef8b3542efED1eE9963cEFC1f2a""}"
32045,CHWY,CHEWY,chewy-token,chewy2024.xyz,32045.png,"{""solana"":""y7WrhyUxATe9xMmdQKGp2pcgZYZPie8wsZuCV1oUkcj""}"
32047,BOYS,Boysclub on Base,boysclub-on-base,boysclubonbase.com,32047.png,"{""base"":""0x4d58608EFf50b691A3B76189aF2a7A123dF1e9ba""}"
32048,BOGGY,Boggy Coin,boggy-coin,boggycoin.com,32048.png,"{""solana"":""GMEhF4sFXd9PRR9KJo7hyPjeHdcdg5yxTNP22KKNyWvZ""}"
32051,GROOVE,GROOVE,groove,grooveup.com,32051.png,"{""base"":""0x1CD38856EE0fDFD65c757E530E3B1dE3061008d3""}"
32056,$COFEEE,COFFEE,coffee,coffeecoin.fun,32056.png,"{""solana"":""85Yf3z6zwgLGQLfxww7KoHGw4sHpx4iki2P1Ci7k7gqZ""}"
32057,FLORK,HeyFlork,heyflork,flork.io,32057.png,"{""ethereum"":""0xDB0238975Ce84f89212FFA56C64C0f2b47F8f153""}"
32061,BPT,Best Patent,best-patent,bestpatent.io,32061.png,{}
32063,CPL,CATERPILLAR,caterpillar,caterpillartoken.com,32063.png,"{""bnb"":""0xd0ed8f9c119beb13b9fce318a28827d0574c37d6""}"
32067,DOOGLE,Doogle,doogle,doogleonsolana.org,32067.png,"{""solana"":""F6TsRcjtLBzkdtZYqjTPVq9WtnwHMMc1WcQguEgCpump""}"
32068,GCB,Global Commercial Business,global-commercial-business,gcbex.com,32068.png,"{""bnb"":""0x84f70be4DEb029d5f8AACBeAcC74c4dC10737342""}"
32074,FEG,FEED EVERY GORILLA,feed-every-gorilla,feg.io,32074.png,"{""bnb"":""0xf3c7cecf8cbc3066f9a87b310cebe198d00479ac""}"
32079,PEOPLE,MAGA,maga-peopletoken,peopletoken.xyz,32079.png,"{""bnb"":""0xEa2F49A2e6E27b7B47cBEf50AFf5Af11350108D1""}"
32087,SOPH,Sophon,sophon,sophon.xyz,32087.png,"{""ethereum"":""0x6B7774CB12ed7573a7586E7D0e62a2A563dDd3f0"",""bnb"":""0x31DbA3c96481FDe3CD81C2aaF51F2D8bf618C742"",""polygon-ecosystem-token"":""0xEb971Fd26783f32694dbB392dD7289de23109148"",""arbitrum"":""0x31DbA3c96481FDe3CD81C2aaF51F2D8bf618C742"",""base"":""0x31DbA3c96481FDe3CD81C2aaF51F2D8bf618C742"",""sophon"":""0x000000000000000000000000000000000000800A""}"
32088,ROAM,Roam,roam,weroam.xyz,32088.png,"{""ethereum"":""0x23958cBa555AC52C9495Df9b121ff73003e39dBb"",""bnb"":""0x3fefe29da25bea166fb5f6ade7b5976d2b0e586b"",""solana"":""RoamA1USA8xjvpTJZ6RvvxyDRzNh6GCA1zVGKSiMVkn""}"
32089,VERONA,Verona,verona,verona.dev,32089.png,"{""ethereum"":""0x24d7ad9402717f429a81925fe7643b78918eda8b"",""osmosis"":""ibc/2E3784772E70F7B3A638BA88F65C8BE125D3CDB6E28C6AABC51098C94F5E16A5"",""base"":""0xe4c3461a20f50dad7b9e88ca0222a255c4126fc0""}"
32097,JASON,Jason Derulo,jason-derulo,jasonderulosol.com,32097.png,"{""solana"":""6SUryVEuDz5hqAxab6QrGfbzWvjN8dC7m29ezSvDpump""}"
32098,DCI,Dynamic Crypto Index,dynamic-crypto-index,dcindex.io,32098.png,"{""polygon-ecosystem-token"":""0xc91953e110ebb0039859304a0d1b64f8450763fc""}"
32101,REXHAT,rexwifhat,rexwifhat,rexwifhatsolana.com,32101.png,"{""solana"":""AcV2T3mwLUqMiiqcsafVm35zwPQkmLrfRtaW3716Fzvi""}"
32102,BIB,BIB,bib,bib.agency,32102.png,"{""bnb"":""0x3cb20d96e866d128bc469a6e66505d46d7f9baba""}"
32103,MAD,MAD,mad-token,madcoin.vip,32103.png,"{""solana"":""madHpjRn6bd8t78Rsy7NuSuNwWa2HU8ByPobZprHbHv""}"
32106,MAN,Gentleman,gentlemanonton,gentlemantoken.site,32106.png,"{""gram"":""EQB6Ql1JE7Hq0JuropLYschcu-WNt2vMmWF2-8mEMrK68nJn""}"
32109,BCHB,Bitcoin Cash on Base,bitcoin-cash-on-base,bchbase.com,32109.png,"{""base"":""0x1791b55e734df69b4906a4178a83dbe63c4f8421""}"
32110,USA,American Coin,american-coin,americancoin.xyz,32110.png,"{""solana"":""69kdRLyP5DTRkpHraaSZAQbWmAwzF9guKjZfzMXzcbAs""}"
32120,G,Gravity,gravity-token,gravity.xyz,32120.png,"{""ethereum"":""0x9C7BEBa8F6eF6643aBd725e45a4E8387eF260649"",""bnb"":""0x9C7BEBa8F6eF6643aBd725e45a4E8387eF260649"",""base"":""0x9C7BEBa8F6eF6643aBd725e45a4E8387eF260649""}"
32122,MAXETH,Max on ETH,max-on-eth,maxethcoin.com,32122.png,"{""ethereum"":""0x68ad75469db9181a1144e769c16adf47f2f32cae""}"
32125,COIN,8-Bit Coin,mario-coin,8bit.so,32125.png,"{""solana"":""3xvLSHrLcM7246X1vu34cM9gNX741kQrzqj6T2HhLvXp""}"
32130,RIS,Riser,riser,metaarise.com,32130.png,{}
32131,MIU,Miu,miuonsol,miuonsol.com,32131.png,"{""solana"":""ZpXcEXDvM5GQPSbBFpds8brgXKyQrGihYsT2jropump""}"
32133,XPX,XPX,xpx,xpxpay.com,32133.png,"{""bnb"":""0xfa2E4eC5a818C2D2C352f4b152C06338D476b646""}"
32134,CAD,Caduceus Protocol (new),caduceus-protocol,caduceus.foundation,32134.png,"{""ethereum"":""0x4349929808E515936A68903F6085F5e2B143ff3d""}"
32137,ROAR,Roaring Kitty,og-roaring-kitty,ogroaringkitty.com,32137.png,"{""ethereum"":""0xD8C978de79E12728e38aa952a6cB4166F891790f"",""bone-shibaswap"":""0xd1cb43c9d1859e57057770cb9ed0398736ad9d6f"",""solana"":""2nhStpBLy7umUR9NfhvurKoeTf4BJV5ui6Z5sHA3jaZf""}"
32141,ICL,ICLighthouse DAO,iclighthouse-dao,iclight.house,32141.png,"{""internet-computer"":""hhaaz-2aaaa-aaaaq-aacla-cai""}"
32146,OILX,OilX Token,oilx-token,oil-x.org,32146.png,"{""avalanche"":""0xd5CcFDfbc0eFF28EbE310b9b28b627Cfc39EaBc7""}"
32148,SHIBA,American Shib,american-shib,americanshiba.io,32148.png,"{""ethereum"":""0xeb15a54e462e1ec239c09f1e6aa322b45c8da225""}"
32149,XAGX,Silver Token,silver-token-xagx,xagx.org,32149.png,"{""avalanche"":""0x2C472e913635c85143369aDc9962bbB56Efc446A""}"
32154,GONDOLA,Gondola,gondola,gondola.lol,32154.png,"{""ethereum"":""0xd43fba1f38d9b306aeef9d78ad177d51ef802b46"",""solana"":""DG3LB7Kr8Londuz1j2us4YUXyNqiiLioKdYjSB37HbN2""}"
32157,XR,XRADERS,xraders,xraders.xyz,32157.png,"{""bnb"":""0x5f78f4bfcb2b43bc174fe16a69a13945cefa2978""}"
32158,TRALA,TRALA,trala,trala.me,32158.png,"{""ethereum"":""0xD5e0eda0214f1d05af466E483d9376a77A67448b"",""zksync"":""0x145e082E384A9fC86E95eEA805Dc9012f1B76cB7""}"
32165,OPN,OPEN Ticketing Ecosystem,open-ticketing-ecosystem,onopen.xyz,32165.png,"{""ethereum"":""0xc28eb2250d1AE32c7E74CFb6d6b86afC9BEb6509"",""solana"":""J1YnyKzmxBwFkPftvZexnHTm4Am7JnmWydhxtXdwEmMv"",""polygon-ecosystem-token"":""0x7844F79FC841E4F92d974C417031c76F8578c2D5"",""base"":""0x9A6d24c02eC35ad970287eE8296D4D6552a31DbE""}"
32167,META,MetaDAO (old),meta-dao,metadao.fi,32167.png,"{""solana"":""METADDFL6wWMWEoKTFJwcThTbUmtarRJZjRpzUvkxhr""}"
32170,TOWELI,Towelie,towelie-wtf,towelie.wtf,32170.png,"{""ethereum"":""0x420698cfdeddea6bc78d59bc17798113ad278f9d""}"
32171,$PURPE,Purple Pepe,purple-pepe,purplepepe.life,32171.png,"{""solana"":""HBoNJ5v8g71s2boRivrHnfSB5MVPLDHHyVjruPfhGkvL""}"
32172,MELLOW,Matt Furie's Mellow Man,matt-furies-mellow-man,furiesmellow0x69.com,32172.png,"{""ethereum"":""0x6942040b6d25d6207e98f8e26c6101755d67ac89""}"
32177,$LANDLORD,LANDLORD RONALD,landlord-ronald,landlord-ronald.xyz,32177.png,"{""solana"":""43uhykFm8Y9gLvHrWs7r7w1HCKu6vikDi7j394FaSfNz""}"
