id,symbol,name,slug,web,logo,contract
32178,MOLI,Mobile Liquidity,mobile-liquidity,moli.one,32178.png,"{""bnb"":""0x766e09665a8128D9F7Fd9d90BCD3d9cdc50b067F""}"
32183,MATT,Matt Furie,matt-furie-token,matt0x79.com,32183.png,"{""ethereum"":""0x790814Cd782983FaB4d7B92CF155187a865d9F18""}"
32187,FOUR,4,4-meme,bnbfour.meme,32187.png,"{""ethereum"":""0xE6D6043D19e7479d1ffe76dDDc7F68467234462b"",""bnb"":""0x21FD16cD0eF24A49D28429921e335bb0C1bfAdB3""}"
32193,ALEO,Aleo,aleo,aleo.org,32193.png,"{""bnb"":""0x6CFfFa5bFD4277a04D83307fEedFe2D18D944DD2""}"
32194,STO,StakeStone,stakestone,stakestone.io,32194.png,"{""ethereum"":""0x1D88713b483A8E45cfF0e5CD7c2e15E5Fab4534d"",""bnb"":""0xdAf1695c41327b61B9b9965Ac6A5843A3198cf07""}"
32195,HMSTR,Hamster Kombat,hamster-kombat,hamsterkombat.io,32195.png,{}
32196,HYPE,Hyperliquid,hyperliquid,hyperliquid.xyz,32196.png,"{""hyperliquid"":""0x0d01dc56dcaaca66ad901c959b4011ec""}"
32197,ME,Magic Eden,magiceden,mefoundation.com,32197.png,"{""solana"":""MEFNBXixkEbait3xn9bkm8WsJzXtVsaJEn4c8Sam21u""}"
32198,BABY,Babylon,babylon,babylon.foundation,32198.png,{}
32200,BUB,Lil Bub,goodjobbub,linktr.ee,32200.png,"{""solana"":""BU7zw2GvabhqGnrqMMH1m2KabafehanDmtnrCSZipump""}"
32205,ROCKY,rocky,rockytherock,rockytherock.lol,32205.png,"{""solana"":""BVG3BJH4ghUPJT9mCi7JbziNwx3dqRTzgo9x5poGpump""}"
32207,WXT,WEEX Token,weex-token,weex.com,32207.png,"{""ethereum"":""0x1B66474c8ECA3827f16202907F41F63785579716""}"
32211,$WELL,WELL3,well3,wellaios.ai,32211.png,"{""ethereum"":""0x63696fc66795b51d02c1590b536484a41fbddf9a"",""gram"":""EQBEQh9j81QTasIu5533EQ2KRSB2v1kjXfn5GPvl8D_8li2v""}"
32214,MATT,MATT,matt,mattcoineth.net,32214.png,"{""ethereum"":""0x7087c92EC764e75e7be7701EBA15cD95D90F501F""}"
32215,SYK,Stryke,stryke,stryke.xyz,32215.png,"{""arbitrum"":""0xacc51ffdef63fb0c014c882267c3a17261a5ed50""}"
32217,AARK,Aark,aark,aark.digital,32217.png,"{""arbitrum"":""0xCa4e51F6AD4AFd9d1068E5899De9dd7d73F3463D""}"
32223,LEDGER,Ledger AI,ledger-ai,auravision.co,32223.png,"{""ethereum"":""0xD1F2586790a5bD6DA1e443441df53aF6EC213D83""}"
32224,CYBRO,CYBRO,cybro,cybro.io,32224.png,"{""ethereum"":""0xD58826d2C0bAbf1A60d8b508160b52E9C19AFf07"",""bnb"":""0xA9972b1fAC35fdd8cBdbaA315A002B2Ad91d2ad6"",""blast"":""0x963eec23618bbc8e1766661d5f263f18094ae4d5""}"
32227,COOK,LET HIM COOK,let-him-cook-art,lethimcook.art,32227.png,"{""solana"":""G8Vy25NzjRmuQtnN35xF7j3X2Z1TrV39XijZu8Mg4w8n""}"
32229,RECORD,Record,music-protocol,record.nexus,32229.png,"{""base"":""0xE642657E4F43e6DcF0bd73Ef24008394574Dee28""}"
32230,RFL,Reflect,reflect,reflect.now,32230.png,"{""base"":""0x6e2c81b6c2C0e02360F00a0dA694e489acB0b05e""}"
32232,PMT,Public Masterpiece Token,public-masterpiece-token,publicmasterpiece.com,32232.png,"{""bnb"":""0x68ae2f202799be2008c89e2100257e66f77da1f3""}"
32233,PEIPEI,PeiPei,peipei-coin-sol,peipeicoinsol.vip,32233.png,"{""solana"":""H4PDo8ngWwC4quPTRWfTr2HorUQ2Ep4G3JVeJHMfkZAT""}"
32237,BBTC,Baby Bitcoin,baby-bitcoin-space,babybitcoin.space,32237.png,"{""bnb"":""0x97dAd4f9523521660FDe2d272ef88F6250Ef3AbB""}"
32243,FIGHT,FIGHT,fight,hesaidfight.com,32243.png,"{""solana"":""KMnDBXcPXoz6oMJW5XG4tXdwSWpmWEP2RQM1Uujpump""}"
32248,CLOKI,CATLOKI,catloki,catloki.me,32248.png,"{""solana"":""9YJN9DVpujzEA2smVVLeS5PA7Kkz67yA3JAHwFuNX91K""}"
32253,ANDY,Andy,andy-token-bsc,andybnb.vip,32253.png,"{""bnb"":""0x8b1869f79b9abF52001314A2E6990A96F039058D""}"
32257,UXLINK,UXLINK,uxlink,uxlink.io,32257.png,"{""ethereum"":""0X3991B07b2951a4300Da8c76e7d2c7eddE861Fef3""}"
32258,HIT,Hiver,hiver,hiverhit.co,32258.png,"{""tron"":""TQ4rFMdLZfioGJ7wmsUjWNyCnT4pMuv6ro""}"
32265,FEARNOT,FEAR NOT,fear-not,fearnot.vip,32265.png,"{""ethereum"":""0x6135177a17e02658df99a07a2841464deb5b8589""}"
32270,FIGHT,FIGHT TO MAGA,fight-to-maga,fight2maga.xyz,32270.png,"{""ethereum"":""0x8802269d1283cdb2a5a329649e5cb4cdcee91ab6""}"
32272,PUMPBTC,pumpBTC (Rehypothecated BTC),pumpbtc-btc,pumpbtc.xyz,32272.png,"{""ethereum"":""0xf469fbd2abcd6b9de8e169d128226c0fc90a012e"",""bnb"":""0xf9C4FF105803A77eCB5DAE300871Ad76c2794fa4""}"
32276,GRASS,Touch Grass,touch-grass,touchbasedgrass.com,32276.png,"{""base"":""0xbb4f69a0fca3f63477b6b3b2a3e8491e5425a356"",""solana"":""3T3R5KTAXgMF5KVw6v38qUfSUernCHQwYFzfVo1jdjMX"",""bnb"":""0xf43AC1E44bcB375D318d4Fa265eFf191a229c8DB"",""avalanche"":""0x0b660e6d0baad53d5f4223e81d76e61cc3c4d739""}"
32277,VANCE,JD Vance,jdvance-meme,jdvance.meme,32277.png,"{""ethereum"":""0x9b465aaB9e8F325418F222C37de474b1bD38ded2""}"
32281,BEEF,PepeBull,pepebull,0xbeef.vip,32281.png,"{""ethereum"":""0xbeef698bd78139829e540622d5863e723e8715f1""}"
32285,ORC,ORC,orc-gold,orc.gold,32285.png,"{""solana"":""CzywqyWnzACqc7nphTAPHC8cb2h7ou6U9TehBrVnzJKx""}"
32288,TORSY,TORSY,torsy,torsy.meme,32288.png,"{""solana"":""5YqckGEkWHJmp9LW5aUF2uJrdUbMJaHcYnGjA8M7Ebw8""}"
32289,MIGGLES,Mr Miggles,mr-miggles,miggles.io,32289.png,"{""base"":""0xB1a03EdA10342529bBF8EB700a06C60441fEf25d""}"
32299,CLOUD,Sanctum,sanctum-cloud,sanctum.so,32299.png,"{""solana"":""CLoUDKc4Ane7HeQcPpE3YHnznRxhMimJ4MyaUqyHFzAu""}"
32306,FBTC,Function,ignition-fbtc,fxn.xyz,32306.png,"{""ethereum"":""0xC96dE26018A54D51c097160568752c4E3BD6C364"",""mantle"":""0xc96de26018a54d51c097160568752c4e3bd6c364""}"
32307,USD0,Usual USD,usual-usd,usual.money,32307.png,"{""ethereum"":""0x73a15fed60bf67631dc6cd7bc5b6e8da8190acf5"",""arbitrum"":""0x35f1C5cB7Fb977E669fD244C567Da99d8a3a6850""}"
32309,BRETTA,Bretta (Brett’s Wife),bretta-bretts-wife,brettasol.com,32309.png,"{""solana"":""DXBYAw9aQheMdujaLZYnVSpKSK4n8jMS7HfLbiv5RWnS""}"
32310,SAITAMA,SAITAMA INU,saitama-eth,saitamaeth.com,32310.png,"{""ethereum"":""0x0000e3705d8735ee724a76f3440c0a7ea721ed00""}"
32314,MILKBAG,MILKBAG,milkbag,milkbagcto.xyz,32314.png,"{""solana"":""2ubuHGFS4VJVxSEpvV3kDwz6JiuXdaAoGMwrwYC87tp8""}"
32323,MXNB,MXNB,mxnb,mxnb.mx,32323.png,"{""ethereum"":""0xF197FFC28c23E0309B5559e7a166f2c6164C80aA"",""avalanche"":""0xF197FFC28c23E0309B5559e7a166f2c6164C80aA"",""arbitrum"":""0xF197FFC28c23E0309B5559e7a166f2c6164C80aA"",""polygon-ecosystem-token"":""0xf197ffc28c23e0309b5559e7a166f2c6164c80aa""}"
32325,PUFFER,Puffer,puffer,puffer.fi,32325.png,"{""ethereum"":""0x4d1C297d39C5c1277964D0E3f8Aa901493664530"",""bnb"":""0x87d00066cf131ff54B72B134a217D5401E5392b6""}"
32338,BABYPEIPEI,Baby PeiPei,baby-peipei,babypeipei.meme,32338.png,"{""bnb"":""0x04c6f12e06ffe8a79935accf3d3068a4581a7e95""}"
32341,SPARKLET,Upland,upland-sparklet,upland.me,32341.png,"{""ethereum"":""0x0bc37BEA9068a86C221B8bd71eA6228260DAD5A2""}"
32368,FEFE,Fefe,fefecoin,fefecoinerc.com,32368.png,"{""ethereum"":""0xfefe157c9d0ae025213092ff9a5cb56ab492bab8""}"
32370,GUZUTA,CLYDE,clyde,clyde.fun,32370.png,"{""solana"":""ECMYTGjvXWR3mb5RFEh3F1mAqFBe5EEe53A2n1F1sbpg""}"
32372,XUSD,StraitsX USD,straitsx-xusd,straitsx.com,32372.png,"{""ethereum"":""0xC08e7E23C235073C6807C2EFE7021304cb7c2815"",""bnb"":""0xF81aC2E1A0373ddE1BcE01E2Fe694a9b7E3bfcB9"",""solana"":""4UbvZiomFvXDnZSz6vdHiDNiHozH2ykTEqjhhbVHiv9z""}"
32373,WYZ,WYZth,wyzth,wyzth.org,32373.png,{}
32374,BTCLE,Bitcoin Limited Edition,bitcoin-limited-edition,bitcoin-limitededition.com,32374.png,"{""bnb"":""0x9d2144328e1d618f54cd38540f5ee50671f6a208""}"
32376,AVAIL,Avail,avail,availproject.org,32376.png,"{""ethereum"":""0xEeB4d8400AEefafC1B2953e0094134A887C76Bd8"",""bnb"":""0x39702843a6733932ec7ce0dde404e5a6dbd8c989"",""base"":""0xd89d90d26b48940fa8f58385fe84625d468e057a""}"
32379,$TIME,TIME,time-token,time.meme,32379.png,"{""solana"":""ED5wbeyAYtLM4WRGnohPxJEwniaikEFioVmJyZH6K31m""}"
32384,DONALD,Donald Pump,donald-pump-sol,d0naldpump.com,32384.png,"{""solana"":""9Vv199SR7VKVqbJmM5LoT26ZtC9bzrmqqxE3b4dfrubX""}"
32385,JVT,JVault,jvault,jvault.xyz,32385.png,"{""gram"":""EQC8FoZMlBcZhZ6Pr9sHGyHzkFv9y2B5X9tN61RvucLRzFZz""}"
32386,HEHE,hehe,hehe-sol,hehecat.org,32386.png,"{""solana"":""BreuhVohXX5fv6q41uyb3sojtAuGoGaiAhKBMtcrpump""}"
32394,NCOIN,NatronZ,natronz,natronz.com,32394.png,"{""bnb"":""0x4a7E278C67543731A864C89e5EB28EaCfa8794EB""}"
32404,AIM,AI Metaverse,metaoasis,meoasis.com,32404.png,"{""avalanche"":""0xCEeE63fF114F8e8deBF5E78a14e770E5B905eA91""}"
32410,USPEPE,American pepe,american-pepe,uspepe.vip,32410.png,"{""ethereum"":""0x07040971246a73ebda9cf29ea1306bb47c7c4e76""}"
32412,NPCS,Non-Playable Coin Solana,non-playable-coin-solana,solananpc.com,32412.png,"{""solana"":""5ToDNkiBAK6k697RRyngTburU7yZNFZFx7jzsD1Uc7pK""}"
32413,HARRIS,Kamala Harris (kamaharris.fun),kamala-harris-memecoin,kamaharris.fun,32413.png,"{""solana"":""FTyr4aoR52GY5EWGuxSzEAY6szaYKzi3WAmHmeYppump""}"
32415,SKBDI,Skibidi Toilet,skibidi-toilet-memecoin,skbdi.lol,32415.png,"{""solana"":""DPaQfq5sFnoqw2Sh9WMmmASFL9LNu6RdtDqwE1tab2tB""}"
32416,EKUBO,Ekubo Protocol,ekubo-protocol,ekubo.org,32416.png,"{""ethereum"":""0x04C46E830Bb56ce22735d5d8Fc9CB90309317d0f"",""starknet-token"":""0x75afe6402ad5a5c20dd25e10ec3b3986acaa647b77e4ae24b0cbc9a54a27a87""}"
32417,HACD,Hacash Diamond,hacash-diamond-pow-nft,hacash.org,32417.png,{}
32418,PLAY,Solana Poker,solana-poker,sol-poker.com,32418.png,"{""solana"":""EvEFaj8bU5vNa4jc15GgRQrVMqu7Wzf9Kz6aKn3yeB1z""}"
32419,KAMA,Kamala Horris,kamala-horris,kama.lol,32419.png,"{""solana"":""HnKkzR1YtFbUUxM6g3iVRS2RY68KHhGV7bNdfF1GCsJB""}"
32430,SIMPSON,Simpson Predictions,simpson-predictions,simpsonpredictions.fun,32430.png,"{""solana"":""zzUMiVwLTL4F8LiDjhr2mDL2pmL6Zx4Uie4CLxE6Mkj""}"
32432,TIMI,This Is My Iguana,this-is-my-iguana,thisismyiguana.xyz,32432.png,"{""base"":""0x9bEec80e62aA257cED8b0edD8692f79EE8783777""}"
32446,BULLISH,bullish,bullish,bullishcoin.xyz,32446.png,"{""solana"":""DNyxufTEwqNCgGruJ4W2ue6u1RTFcH61H4sa42LGpump""}"
32448,BRAINLET,Brainlet,brainlet,brainlet.community,32448.png,"{""solana"":""8NNXWrWVctNw1UFeaBypffimTdcLCcD8XJzHvYsmgwpF""}"
32450,BABYNEIRO,Baby Neiro 2024,baby-neiro,babyneiro2024.xyz,32450.png,"{""solana"":""57WfTMNw4QNiYQvMqBMmAGNScCMYRgphyBwDkdMvKVf1""}"
32452,MOVE,Movement,movement,movementnetwork.xyz,32452.png,"{""ethereum"":""0x3073f7aAA4DB83f95e9FFf17424F71D4751a3073"",""base"":""0x3073f7aaa4db83f95e9fff17424f71d4751a3073"",""movement"":""0x1::aptos_coin::AptosCoin"",""hyperliquid"":""0xedfb8d993ee8cb935338601d8673dfcf""}"
32454,USDL,Lift Dollar,lift-dollar,liftdollar.com,32454.png,"{""ethereum"":""0xbdC7c08592Ee4aa51D06C27Ee23D5087D65aDbcD"",""arbitrum"":""0x7f850b0ab1988dd17b69ac564c1e2857949e4dee""}"
32463,NEIRO,Neiro Solana (neirobropump.com),neiro-sol,neirobropump.com,32463.png,"{""solana"":""CTg3ZgYx79zrE1MteDVkmkcGniiFrK1hJ6yiabropump""}"
32464,NEIRO,Neiro (neiro.lol),neiro-sol-2,neiro.lol,32464.png,"{""solana"":""CTJf74cTo3cw8acFP1YXF3QpsQUUBGBjh2k2e8xsZ6UL""}"
32470,L3,Layer3,layer3-xyz,layer3.xyz,32470.png,"{""ethereum"":""0x88909D489678dD17aA6D9609F89B0419Bf78FD9a""}"
32474,DOLLAR,Dollar,dollar,dollaronsolana.lol,32474.png,"{""ethereum"":""0xE95076d9fe7155c17b455ac49497E78912c4AB65"",""bnb"":""0xd73887bbb51De4ef1e08dF4E61E5b54e29b4F2C0"",""solana"":""5AnPDx9GposBi9jSW2dFfE5QQD3FmXbudoquMNDxpump"",""polygon-ecosystem-token"":""0x7f7DB10e385B3AAD82a9755F7dBE5082166141Bf"",""avalanche"":""0x849E1ce12a5Bd9a4C36Ca2B75bEC373E34918FE1"",""optimism-ethereum"":""0xc65AD8c78081ee35909c42E9689e3dCB94D096a4"",""arbitrum"":""0x9968dA22E458471525C29eB1da3dc18e8Cd54150"",""sui"":""0x52b898325b823e3e44e12d4f74f08a90ed526018712567cec58d04fd9b3b8082::coin::COIN"",""base"":""0x72E72193ea14Ac3b469f881989d18A2BA021B4C6""}"
32478,MOXIE,Moxie,moxie,moxie.xyz,32478.png,"{""base"":""0x8C9037D1Ef5c6D1f6816278C7AAF5491d24CD527""}"
32479,NUTS,Thetanuts Finance,thetanuts-finance,thetanuts.finance,32479.png,"{""ethereum"":""0x23f3d4625aef6f0b84d50db1d53516e6015c0c9b""}"
32481,GM,Good Morning!,good-morning,itsalwaysgm.com,32481.png,"{""solana"":""4aL5GLRuzsnJjJWNdXK7TPTVpGhP6PyV4ZhyQiyxpump""}"
32486,CAT,NOT,not,corez.app,32486.png,"{""bnb"":""0xE82d5E015713ea2Bd14B30377350626Ec5172a9e""}"
32487,BAKED,Baked,bakedtoken,bakedtoken.com,32487.png,"{""solana"":""CQbXk942c6GPcRwtZ2WMFP5JcQ9NqbXtb8jUewBi7GoT""}"
32493,UXD,Criptodólar,criptodolar,criptodolar.com,32493.png,"{""ethereum"":""0x0f6011F7DBC40c17EcE894b1147f4ecfA712b600""}"
32496,PAN,Pankito,pankito,pankito.com,32496.png,"{""bnb"":""0xa7e477721019b0d0b870efe4899766d09aa41c05""}"
32498,SIGMA,SIGMA,sigma-sol,sigmasolana.com,32498.png,"{""ethereum"":""0x3cf59c767171726c658f39ccaaa024e20f210371"",""solana"":""5SVG3T9CNQsm2kEwzbRq6hASqh1oGfjqTtLXYUibpump""}"
32503,NOTAI,NOTAI,notai,notai.com,32503.png,"{""gram"":""EQCV5dXNrWVU1z7VidEKvXL5iB_PXs2zm9LLe9bPgSklde0z"",""bnb"":""0xcf10117b30c7a5fc7c77b611bfc2555610dd4b3a""}"
32505,XROCK,xRocket,xrocket,xrocket.tg,32505.png,"{""gram"":""EQAVfEY2iKSpEkUhgFLFWAgHeSz2NH2XV-MvDuiKF5plSbsU""}"
32510,MIND,MindCoin,mindcoin-solana,xmindsol.me,32510.png,"{""solana"":""AXyd5cZqJDYRoN16xcv8s6k41M2kJMfKJnQiXeMd1rCg""}"
32514,DMAGA,Dark MAGA,dark-maga,dmaga.xyz,32514.png,"{""solana"":""7D7BRcBYepfi77vxySapmeqRNN1wsBBxnFPJGbH5pump""}"
32515,CHEESE,Cheese,dacheeseslice,cheesed.me,32515.png,"{""solana"":""AbrMJWfDVRZ2EWCQ1xSCpoVeVgZNpq1U2AoYG98oRXfn""}"
32516,NRN,Neuron,ai-arena,nrnagents.ai,32516.png,"{""arbitrum"":""0xdadeca1167fe47499e53Eb50F261103630974905""}"
32521,NEIRO,Neiro,neiro,neiroeth.io,32521.png,"{""ethereum"":""0x812ba41e071c7b7fa4ebcfb62df5f45f6fa853ee"",""base"":""0x5ca35ebc4f25b042d2cae75914c7e882e631fa9a"",""hyperliquid"":""0x226702c0ca528c29eb9252b773c4f06492510f4c"",""solana"":""FkmodwcM4YULTKLNMo7VHs4HLPvm8iBVLJHTj9YhMr9h""}"
32524,GINNAN,Ginnan The Cat,ginnan-the-cat,ginnan.com,32524.png,"{""solana"":""GinNabffZL4fUj9Vactxha74GDAW8kDPGaHqMtMzps2f""}"
32526,CXT,Covalent X Token,covalent-x,covalenthq.com,32526.png,"{""ethereum"":""0x7abc8a5768e6be61a6c693a6e4eacb5b60602c4d"",""base"":""0xb1e1f3cc2b6fe4420c1ac82022b457018eb628ff""}"
32527,PEPE,Pepe of Solana,pepe-of-solana,pepeofsolana.vip,32527.png,"{""solana"":""8nQtmv1ipzUg6VrafDUy38M122DQ8vXNEGJiZtUapepe""}"
32529,PACK,HashPack,hashpack,hashpack.app,32529.png,"{""hedera"":""0.0.4794920""}"
32530,DODO,Dodo the Black Swan,dodo-the-black-swan,themarketmemes.com,32530.png,"{""solana"":""DoDoYogRFcc7XRwdJfMQKLvccYJKAvqPnqVpFZq6kjYs""}"
32531,RYO,RYO Coin,ryo-coin,ryocoin.com,32531.png,"{""ethereum"":""0x4c7fe8f97db97cbccc76989ab742afc66ca6e75c""}"
32533,LOAFCAT,LOAFCAT,loafcat,loafcat.me,32533.png,"{""solana"":""LoafdJ3WSAvsrx3zppSGKA6sRvL9GrRrU1iRV7HkLkm""}"
32534,BLUE,Blue Guy,blue-guy,blueguy.live,32534.png,"{""base"":""0x891502bA08132653151f822a3A430198f1844115""}"
32538,ONI,Onigiri,onigiri,onigiricatcoin.xyz,32538.png,"{""ethereum"":""0x7777cec341e7434126864195adef9b05dcc3489c""}"
32543,RIZO,HahaYes,hahayes,hahayes.co,32543.png,"{""solana"":""rizo34MUwbCBqpSTSfnEktdWB4CTByqqYh8zBxL3WAR""}"
32544,ROUTE,Router Protocol (New),router-protocol-2,routerprotocol.com,32544.png,"{""ethereum"":""0x60f67e1015b3f069dd4358a78c38f83fe3a667a9""}"
32545,HYDRA,HYDRA,hydra-ton,tonhydra.com,32545.png,"{""gram"":""EQD4P32U10snNoIavoq6cYPTQR82ewAjO20epigrWRAup54_""}"
32546,REGI,Resistance Girl,resistance-girl,regiton.net,32546.png,"{""gram"":""EQCcYUWKhjGxwqtk_je9LW2V4RoFmbhOUR9e404Y6FQTEXHh""}"
32557,TRUMP,TRUMP MAGA PRESIDENT,trump-maga-president,magatrumptoken.xyz,32557.png,"{""bnb"":""0xfE3DDeDde73809862d0104218c81dD8c478fA9d3""}"
32570,JOULE,Joule,kineticmarket,kinetic.market,32570.png,"{""flare"":""0xE6505f92583103AF7ed9974DEC451A7Af4e3A3bE""}"
32573,META,Metaverse Convergence,metahome-eth,metacoin.im,32573.png,"{""ethereum"":""0xe54613083F60BBabde389320074953053562c685""}"
32574,SKX,SKPANAX,skx,skxpanax.net,32574.png,"{""polygon-ecosystem-token"":""0xa9a8eeD4c7B91de6d6D2a6B2D21300ec162b1375""}"
32576,JHH,Jen-Hsun Huang,jen-hsun-huang,jen-hsun.io,32576.png,"{""solana"":""C2nneybCJP2i6mk6Nu6SfTcxoNXNLjngnzwDgje2eNrr""}"
32578,WAI,Wiener AI,wiener-ai,wienerdog.ai,32578.png,"{""ethereum"":""0xFE8526A77A2c3590E5973bA81308B90BEA21FBFF""}"
32583,NCN,NeurochainAI,neurochainai,neurochain.ai,32583.png,"{""ethereum"":""0xBb8954f008016055fdA6AA1c27fa769578cae213""}"
32586,BALL,Game 5 BALL,game-5-ball,game5ball.com,32586.png,"{""ethereum"":""0x393Bf304dD474f48210f5cE741F19A2a851703Ca"",""solana"":""3wtnog8YQ4zoY13p8tqwgL9GWz2fxNyQQVJY2kSok7au""}"
32587,UMM,UMM,umm,metaexpand.com,32587.png,"{""avalanche"":""0x4b776150B8dCDc34ad705A76734Fb591Ac181D1d""}"
32588,PINS,PINs Network Token,pins-network-token,pins.network,32588.png,"{""ethereum"":""0x92ACA969b77BD899C05ca0e1DC050cd003457d60""}"
32589,ECHO,EchoLink Network,echolink-network,echolink.network,32589.png,"{""solana"":""8GPvTknACVvnzAvpc1p19yYJ3LAwQiR4LQNcQWgcZrtD""}"
32591,SSOL,Solayer SOL,solayer-sol,solayer.org,32591.png,"{""solana"":""sSo14endRuUbvQaJS3dq36Q829a3A6BEfoeeRGJywEh""}"
32611,NOMNOM,nomnom,nomnom,nomnomsol.com,32611.png,"{""solana"":""6ZrYhkwvoYE4QqzpdzJ7htEHwT2u2546EkTNJ7qepump""}"
32615,SCF,Smoking Chicken Fish,smoking-chicken-fish,smokingchickenfish.xyz,32615.png,"{""solana"":""GiG7Hr61RVm4CSUxJmgiCoySFQtdiwxtqf64MsRppump""}"
32618,WDOG,Wrapped Dog,wrapped-dog,wdog.fun,32618.png,"{""solana"":""GYKmdfcUmZVrqfcH1g579BGjuzSRijj3LBuwv79rpump""}"
32638,CATDOG,CatDog,catdog-io,cat-dog.io,32638.png,"{""solana"":""CATTzAwLyADd2ekzVjTjX8tVUBYfrozdkJBkutJggdB7""}"
32644,EURI,Eurite,eurite,eurite.com,32644.png,"{""ethereum"":""0x9d1a7a3191102e9f900faa10540837ba84dcbae7"",""bnb"":""0x9d1a7a3191102e9f900faa10540837ba84dcbae7""}"
32656,XEL,XELIS,xelis,xelis.io,32656.png,{}
32660,OC,Oxchange IO,oxchange-finance,oxchange.io,32660.png,"{""polygon-ecosystem-token"":""0x2E2D851f1882227863AA92c4B6A31F74827C9656""}"
32664,BTW,Banana Tape Wall,banana-tape-wall,btwonsol.xyz,32664.png,"{""solana"":""4ytpZgVoNB66bFs6NRCUaAVsLdtYk2fHq4U92Jnjpump""}"
32676,BTX,Batonex Token,batonex-token,batonex.com,32676.png,"{""ethereum"":""0xedD8d60BD6D5bC69B97995C071C721C4d2DeD737""}"
32684,S,Sonic,sonic,soniclabs.com,32684.png,"{""sonic"":""0xeeeeeeeeeeeeeeeeeeeeeeeeeeeeeeeeeeeeeeee""}"
32690,WRSETH,Kelp DAO Wrapped rsETH,kelp-dao-wrapped-rseth,kelpdao.xyz,32690.png,"{""linea"":""0xD2671165570f41BBB3B0097893300b6EB6101E6C"",""scroll"":""0xa25b25548b4c98b0c7d3d27dca5d5ca743d68b7f"",""optimism-ethereum"":""0x87eEE96D50Fb761AD85B1c982d28A042169d61b1"",""zksync"":""0xd4169E045bcF9a86cC00101225d9ED61D2F51af2"",""blast"":""0xe7903B1F75C534Dd8159b313d92cDCfbC62cB3Cd"",""mode"":""0xe7903B1F75C534Dd8159b313d92cDCfbC62cB3Cd""}"
32698,DOGS,DOGS,dogs,dogs.dev,32698.png,"{""gram"":""EQCvxJy4eG8hyHBFsZ7eePxrRsUQSFE_jpptRAYBmcG_DOGS""}"
32702,WRBTC,Wrapped Rootstock Bitcoin,wrapped-rsk-smart-bitcoin,rootstock.io,32702.png,"{""rsk-smart-bitcoin"":""0x542fDA317318eBF1d3DEAf76E0b632741A7e677d""}"
32709,UWU,Unicorn,unicorn-3,unicorn.meme,32709.png,"{""solana"":""UwU8RVXB69Y6Dcju6cN2Qef6fykkq6UUNpB15rZku6Z""}"
32710,COLON,Colon,colon,coloncoin.vip,32710.png,"{""ethereum"":""0xD09Eb9099faC55eDCbF4965e0A866779ca365a0C""}"
32712,BEBE,BEBE,bebe-arbitrum,bebe.global,32712.png,"{""bnb"":""0x16120Ef3d353224222b0A257AD15B5eAec0525c5""}"
32713,DOGS,HARRIS DOGS,harris-dogs,harrisdogs.com,32713.png,"{""bnb"":""0xdA1e806FFc0eE2e541a212183306071C3a375b74""}"
32717,SUNDOG,SUNDOG,sundog,sundog.meme,32717.png,"{""tron"":""TXL6rJbvmjD46zeN1JssfgxvSo99qC8MRT""}"
32722,LAVA,Lava Network,lava-network,lavanet.xyz,32722.png,"{""bnb"":""0xFfeB8287dE7DC756067e171e9919c730f0636680"",""arbitrum"":""0x11e969e9B3f89cB16D686a03Cd8508C9fC0361AF"",""osmosis"":""ibc/1AEF145C549D4F9847C79E49710B198C294C7F4A107F4610DEE8E725FFC4B378"",""base"":""0x11e969e9B3f89cB16D686a03Cd8508C9fC0361AF""}"
32724,CAT,Simon's Cat,simonscat,simonscat.xyz,32724.png,"{""bnb"":""0x6894CDe390a3f51155ea41Ed24a33A4827d3063D"",""solana"":""3joMReCCSESngJEpFLoKR2dNcChjSRCDtybQet5uSpse""}"
32730,ELF,THE LAND ELF Crossing,the-land-elf-crossing,theland.game,32730.png,"{""ethereum"":""0x8a13f32e2a556830f3a5e97a96ae941abfcb1d5c""}"
32732,SUNPEPE,sunpepe,sunpepe,sunpepe.meme,32732.png,"{""tron"":""TAzpJHxxgJd8f5AKjzndEndH3S9pzNUM5W""}"
32744,TXC,TEXITcoin,texitcoin,texitcoin.org,32744.png,"{""ethereum"":""0x9fc65df3997073b8551ffd617154b5102facbb88"",""texitcoin"":""native""}"
32753,XNET,XNET Mobile,xnet-mobile,xnet.company,32753.png,"{""solana"":""xNETbUB7cRb3AAu2pNG2pUwQcJ2BHcktfvSB8x1Pq6L""}"
32761,ATLA,Atleta Network,atleta-network,atleta.network,32761.png,{}
32773,WZKCRO,Wrapped zkCRO,wrapped-zkcro,,32773.png,"{""cronos"":""0xc1bf55ee54e16229d9b369a5502bfe5fc9f20b6d""}"
32774,USDZ,Anzen Finance (USDZ),anzen-finance-usdz,anzen.finance,32774.png,"{""ethereum"":""0xA469B7Ee9ee773642b3e93E842e5D9b5BaA10067"",""arbitrum"":""0x5018609ab477cc502e170a5accf5312b86a4b94f"",""base"":""0x04d5ddf5f3a8939889f11e97f8c4bb48317f1938"",""manta-network"":""0x73d23F3778a90Be8846E172354A115543dF2a7E4"",""blast"":""0x52056ed29fe015f4ba2e3b079d10c0b87f46e8c6""}"
32778,DOGE,Department Of Government Efficiency (dogegov.com),department-of-government-efficiency-token,dogegov.com,32778.png,"{""ethereum"":""0x1121AcC14c63f3C872BFcA497d10926A6098AAc5""}"
32780,MIRAI,MIRAI,mirai-build,mirai.build,32780.png,"{""ethereum"":""0x42c83a91B3a79dE5488CD9280A4dF564e13A79EE""}"
32781,USSD,Autonomous Secure Dollar,autonomous-secure-dollar,ussd.ai,32781.png,"{""arbitrum"":""0x33C88D4caC6aC34F77020915a2a88cd0417dC069""}"
32782,ORE,Ore,ore-new,ore.supply,32782.png,"{""solana"":""oreoU2P8bN6jkk3jbaiVxYnG1dCXcYxwhwyK9jSybcp""}"
32790,EBULL,ETHEREUM IS GOOD,ethereum-is-good,ethereumbull.com,32790.png,"{""ethereum"":""0x71297312753ea7a2570a5a3278ed70d9a75f4f44""}"
32795,BINANCEDOG,Binancedog,binancedog-token,binancedog.vip,32795.png,"{""bnb"":""0x1C45366641014069114c78962bDc371F534Bc81c""}"
32796,EURCV,EUR CoinVertible,eur-coinvertible,sgforge.com,32796.png,"{""ethereum"":""0x5F7827FDeb7c20b443265Fc2F40845B715385Ff2"",""solana"":""DghpMkatCiUsofbTmid3M3kAbDTPqDwKiYHnudXeGG52"",""xrp"":""4555524356000000000000000000000000000000.rUNaS5sqRuxZz6V7rBGhoSaZiVYA3ut4UL"",""stellar"":""CANKBYNNAYKEZXLB655F2UPNTAZFK5HILZUXL7ZTFR3NF6LKDSVY7KFH""}"
32797,IVFUN,Invest Zone,invest-zone,ivfun.meme,32797.png,"{""tron"":""TSig7sWzEL2K83mkJMQtbyPpiVSbR6pZnb""}"
32799,FUELX,Fuel,fuel,devour.io,32799.png,"{""ethereum"":""0xcc54ac31164b5b3c39DB4Eef26D89275c468EC9d"",""solana"":""9nD29a6TMDFHqAXS3iJ6nwLByLBS1gx2664ieQf7Zo7H"",""base"":""0x0C76e9c9E391055e75eB2413d718A4bC7a037972""}"
32809,ORDER,Orderly,orderly-network,orderly.network,32809.png,"{""ethereum"":""0xABD4C63d2616A5201454168269031355f4764337"",""bnb"":""0x4E200fE2f3eFb977d5fd9c430A41531FB04d97B8"",""polygon-ecosystem-token"":""0x4E200fE2f3eFb977d5fd9c430A41531FB04d97B8"",""optimism-ethereum"":""0x4E200fE2f3eFb977d5fd9c430A41531FB04d97B8"",""arbitrum"":""0x4E200fE2f3eFb977d5fd9c430A41531FB04d97B8"",""base"":""0x4E200fE2f3eFb977d5fd9c430A41531FB04d97B8""}"
32818,FRED,FRED,fred-trx,fredtrx.com,32818.png,"{""tron"":""TFenNvccFr9zvkh9xhQspcAxY4xxttNkWg""}"
32819,AXGT,AxonDAO Governance Token,axondao-governance-token-base,axondao.io,32819.png,"{""base"":""0x9B700B043e9587ddE9a0c29A9483e2F8FA450d54""}"
32825,FLUFFI,Fluffington,fluffington,fluffington.ai,32825.png,"{""solana"":""6CEjCg7Jo5RV9kFSgKx66rpW19nrsCmccD2bxfwpump""}"
32832,BULL,Tron Bull,tron-bull,tronbullcoin.com,32832.png,"{""tron"":""TAt4ufXFaHZAEV44ev7onThjTnF61SEaEM""}"
32835,TRUMP,CRAZY TRUMP,crazy-trump,crazytrumptoken.xyz,32835.png,"{""bnb"":""0x4a67b2F73337D2A4f7d3084d9A117e464E55bed0""}"
32836,SAI,Sharpe AI,sharpe-ai,sharpe.ai,32836.png,"{""ethereum"":""0x3567aa22cd3ab9aef23d7e18ee0d7cf16974d7e6""}"
32838,SUNCAT,SUNCAT,suncat,suncat.community,32838.png,"{""tron"":""TAwAg9wtQzTMFsijnSFotJrpxhMm3AqW1d""}"
32849,LVLY,Lyvely,lyvely,get.lyvely.com,32849.png,"{""base"":""0xc734635cd30e882037c3f3de1ebccf9fa9d27d9f""}"
32850,SWGT,SmartWorld Global,smartworld-global,swg.io,32850.png,"{""ethereum"":""0xc8bf8bc34874e07f6a0d4abc8be22ba9e372631b""}"
32864,AUSD,AUSD,agora-finance,agora.finance,32864.png,"{""ethereum"":""0x00000000eFE302BEAA2b3e6e1b18d08D69a9012a"",""bnb"":""0x00000000eFE302BEAA2b3e6e1b18d08D69a9012a"",""solana"":""AUSD1jCcCyPLybk1YnvPWsHQSrZ46dxwoMniN4N2UEB9"",""polygon-ecosystem-token"":""0x00000000eFE302BEAA2b3e6e1b18d08D69a9012a"",""avalanche"":""0x00000000eFE302BEAA2b3e6e1b18d08D69a9012a"",""sui"":""0x2053d08c1e2bd02791056171aab0fd12bd7cd7efad2ab8f6b9c8902f14df2ff2::ausd::AUSD"",""injective"":""factory/inj1n636d9gzrqggdk66n2f97th0x8yuhfrtx520e7/ausd"",""core-dao"":""0x00000000eFE302BEAA2b3e6e1b18d08D69a9012a"",""mantle"":""0x00000000eFE302BEAA2b3e6e1b18d08D69a9012a"",""immutable-x"":""0x00000000eFE302BEAA2b3e6e1b18d08D69a9012a"",""arbitrum"":""0x00000000efe302beaa2b3e6e1b18d08d69a9012a"",""base"":""0x00000000eFE302BEAA2b3e6e1b18d08D69a9012a"",""frax-share"":""0x00000000eFE302BEAA2b3e6e1b18d08D69a9012a"",""monad"":""0x00000000efe302beaa2b3e6e1b18d08d69a9012a"",""katana-network"":""0x00000000efe302beaa2b3e6e1b18d08d69a9012a""}"
32866,MCDULL,McDull,mcdull,mcdull.io,32866.png,"{""solana"":""Buoj8HCZMnLRwzDmjzaswhkVhLZD58PG4pZ7rnYp6pCr""}"
32867,CTO,BaseCTO,basecto,basecto.fun,32867.png,"{""base"":""0x2075f6E2147d4AC26036C9B4084f8E28b324397d""}"
32870,R/SNOOFI,r/snoofi,r-snoofi,reddit.com,32870.png,"{""solana"":""7M9KJcPNC65ShLDmJmTNhVFcuY95Y1VMeYngKgt67D1t""}"
32872,CSW,Crosswalk,crosswalk,crosswalk.pro,32872.png,"{""solana"":""AZGFPtxBRbnZtXw4hgQF4BuSmWK3EhUg8omdUA9DEL3Y""}"
32873,USR,Resolv USR,resolv-usr,resolv.xyz,32873.png,"{""ethereum"":""0x66a1e37c9b0eaddca17d3662d6c05f4decf3e110"",""bnb"":""0x2492D0006411Af6C8bbb1c8afc1B0197350a79e9"",""arbitrum"":""0x2492D0006411Af6C8bbb1c8afc1B0197350a79e9"",""base"":""0x35E5dB674D8e93a03d814FA0ADa70731efe8a4b9"",""hyperliquid"":""0x0aD339d66BF4AeD5ce31c64Bc37B3244b6394A77"",""plasma-xpl"":""0xb1b385542B6E80F77B94393Ba8342c3Af699f15c""}"
32875,FIG,FILLiquid,filliquid,filliquid.io,32875.png,"{""bnb"":""0x2f3E415F56BA07b444bc68ED037377dE1a668D6B"",""filecoin"":""https://filscan.io/address/0xc87FAb479B450993E8A7b498C631AdF81f3ca5B4/#contract_verify""}"
32877,LMF,Lamas Finance,lamas-finance,lamas.co,32877.png,"{""solana"":""LMFzmYL6y1FX8HsEmZ6yNKNzercBmtmpg2ZoLwuUboU""}"
32880,KAIA,Kaia,kaia,kaia.io,32880.png,"{""kaia"":""0xeeeeeeeeeeeeeeeeeeeeeeeeeeeeeeeeeeeeeeee""}"
32882,BNSOL,Binance Staked SOL,binance-staked-sol,binance.com,32882.png,"{""solana"":""BNso1VUJnh4zcfpZa6986Ea66P6TCp59hvtNJ8b1X85""}"
32888,LIQ,LIQUIDIUM•TOKEN,liquidium-token,liquidium.org,32888.png,"{""bitcoin"":""LIQUIDIUM•TOKEN""}"
32889,AUKI,Auki,auki-labs,aukilabs.com,32889.png,"{""base"":""0xf9569cfb8fd265e91aa478d86ae8c78b8af55df4"",""peaq"":""0xF67Db9d00401D9e883208882F5c100d7482b083D""}"
32892,BELLS,Bellscoin,bellscoin,bellscoin.com,32892.png,{}
32893,UFO,UFOPepe,ufopepe,ufopepe.fun,32893.png,"{""solana"":""99myne1mVnsSv2kAkzZDfNnwf5Xb4SASJnaCRXdbpump""}"
32915,BERRY,Strawberry AI,strawberry-ai,usestrawberry.ai,32915.png,"{""ethereum"":""0xCb76314C2540199f4B844D4ebbC7998C604880cA"",""solana"":""D2tztvQKcmo7PUof8quQWAu3qXKwtiW1pLjvHLsUakv5""}"
32925,SPEC,Spectral,spectral,spectrallabs.xyz,32925.png,"{""ethereum"":""0xadf7c35560035944e805d98ff17d58cde2449389"",""base"":""0x96419929d7949d6a801a6909c145c8eef6a40431""}"
32926,MAK,MetaCene,metacene,metacene.io,32926.png,"{""ethereum"":""0xd073e6341a3aa6c4d94c4f8f20fbd1ede572b0da"",""mantle"":""0x7282bf0AbECEcFa516CF014DBD142AEC6528b7b6""}"
32932,TRUMP,TRUMP MAGA SUPER,trump-maga-super,trumpmagasuper.xyz,32932.png,"{""bnb"":""0xC1b75f11D319A5F1b676073Daa1f5dcDF0163f0D""}"
32933,ZFI,Zyfai,zyfi,zyf.ai,32933.png,"{""zksync"":""0x5d0d7bca050e2e98fd4a5e8d3ba823b49f39868d"",""base"":""0xd080ed3c74a20250a2c9821885203034acd2d5ae""}"
32941,FB,Fractal Bitcoin,fractal-bitcoin,fractalbitcoin.io,32941.png,{}
32942,NS,Sui Name Service,sui-name-service,suins.io,32942.png,"{""sui"":""0x5145494a5f5100e645e4b0aa950fa6b68f614e8c59e17bc5ded3495123a79178::ns::NS""}"
32943,VISTA,Ethervista,ethervista,ethervista.app,32943.png,"{""ethereum"":""0xC9bCa88B04581699fAb5aa276CCafF7Df957cbbf""}"
32955,TROLLICTO,TROLLI CTO,trolli-cto,trollicto.xyz,32955.png,"{""solana"":""Cqy3AkBqP866vkw7p7ioK6h6VTfQT6tFUW1dzUezpump""}"
32956,GRASS,Grass,grass,getgrass.io,32956.png,"{""solana"":""Grass7B4RdKfBCjTKgSqnXkqjwiGvQyFbuSCUJr3XXjs""}"
32964,TBULL,Tron Bull,tron-bull-tbull,tbullcoin.com,32964.png,"{""tron"":""TPeoxx1VhUMnAUyjwWfximDYFDQaxNQQ45""}"
32966,CATI,Catizen,catizen,catizen.ai,32966.png,"{""gram"":""EQD-cvR0Nz6XAyRBvbhz-abTrRC6sI5tvHvvpeQraV9UAAD7""}"
32968,AIC,AI Companions,ai-companions,aivcompanions.com,32968.png,"{""bnb"":""0xbe6ad1eb9876cf3d3f9b85feecfb400298e80143""}"
32975,MEN,DAC Platform,metahub-finance,dac.global,32975.png,"{""polygon-ecosystem-token"":""0x94b959c93761835f634B8d6E655070C58E2CAa12""}"
32976,USDG,DGTEK TOKEN,labrador,dgtek.io,32976.png,"{""bnb"":""0x53507A90dB6346bfee3FA1C53465cf0e1Be37aC5""}"
32978,METAKPK,Botchain,botchain,botchain.tech,32978.png,{}
32982,PEPE,SEXY PEPE,sexy-pepe,sexypepetoken.xyz,32982.png,"{""bnb"":""0xB2388648CB6D7BCDfb3A623B424660448d31C1b6""}"
32984,UNIO,Unio Coin,unio-coin,uniocoin.io,32984.png,"{""ethereum"":""0x01aaC2b594F7bdBeC740F0F1AA22910EbB4B74Ab""}"
32985,NEIRO,Neiro on Tron,neiro-trxneiro-com,trxneiro.com,32985.png,"{""tron"":""TCGPc27oyS2x7S5pex7ssyZxZ2edPWonk2""}"
32993,FTW,Black Agnus,black-agnus,black-agnus.org,32993.png,"{""ethereum"":""0x306fD3e7b169Aa4ee19412323e1a5995B8c1a1f4"",""bnb"":""0x306fD3e7b169Aa4ee19412323e1a5995B8c1a1f4"",""base"":""0x306fd3e7b169aa4ee19412323e1a5995b8c1a1f4"",""arbitrum"":""0x306fd3e7b169aa4ee19412323e1a5995b8c1a1f4"",""solana"":""7ePhsDXkpPJs6rPM3TQScpbgonzKUPo9vuQr8GXMMGpf"",""polygon-ecosystem-token"":""0x306fD3e7b169Aa4ee19412323e1a5995B8c1a1f4""}"
32994,CBBTC,Coinbase Wrapped BTC,coinbase-wrapped-btc,coinbase.com,32994.png,"{""ethereum"":""0xcbB7C0000aB88B473b1f5aFd9ef808440eed33Bf"",""base"":""0xcbB7C0000aB88B473b1f5aFd9ef808440eed33Bf"",""solana"":""cbbtcf3aa214zXHbiAZQwf4122FBYbraNdFqgw4iMij"",""monad"":""0xd18B7EC58Cdf4876f6AFebd3Ed1730e4Ce10414b"",""arbitrum"":""0xcbb7c0000ab88b473b1f5afd9ef808440eed33bf"",""robinhood-placeholder"":""0xcec185eb182c47d1ba1efc84e6959e18cd620be4""}"
32995,BOBER,BOBER,bober,boberonmvx.com,32995.png,"{""multiversx-egld"":""BOBER-9eb764""}"
32998,SVTS,Syncvault,syncvault,syncvault.com,32998.png,"{""base"":""0xb4e017223fd3d639d0264de4da1b9e080325cb5e""}"
33006,FAH,Falcons,falcons,falcons.com,33006.png,"{""base"":""0xAE2BdDBCC932c2d2Cf286BaD0028c6F5074c77b5""}"
33011,NYA,Nya,nya,nya.vip,33011.png,"{""ethereum"":""0x38F9bf9dCe51833Ec7f03C9dC218197999999999"",""bnb"":""0x38F9bf9dCe51833Ec7f03C9dC218197999999999"",""polygon-ecosystem-token"":""0x38F9bf9dCe51833Ec7f03C9dC218197999999999"",""avalanche"":""0x38F9bf9dCe51833Ec7f03C9dC218197999999999"",""optimism-ethereum"":""0x38F9bf9dCe51833Ec7f03C9dC218197999999999"",""arbitrum"":""0x38F9bf9dCe51833Ec7f03C9dC218197999999999"",""base"":""0x38F9bf9dCe51833Ec7f03C9dC218197999999999""}"
33012,LUCI,LUCI,luci,luci.meme,33012.png,"{""solana"":""5Ke381D44MEQg3BQarWhAwhj1xbdNvXe2KHkTiZzw7r5""}"
33023,WLFI,World Liberty Financial (wlfi.club),world-liberty-financial,wlfi.club,33023.png,"{""solana"":""Cq1y5UdQfqf1JMFw98iEYHRXm1VY7aLxhdShxGbffp7e""}"
33027,DIN,DIN,din,din.lol,33027.png,"{""bnb"":""0x3Ab1A5f76E12202d1AD1548A08a799501581Da4E""}"
33028,NKYC,Nonkyc.io Exchange,nonkyc-io-exchange,nonkyc.io,33028.png,"{""bnb"":""0x59769630b236398c2471eb26e6a529448030d94f""}"
33034,$CATALORIAN,Catalorian (CatalorianOGETH),catalorian-token,thefirstcatalorian.com,33034.png,"{""ethereum"":""0x8baf5d75cae25c7df6d1e0d26c52d19ee848301a""}"
33038,SKY,Sky,sky,sky.money,33038.png,"{""ethereum"":""0x56072C95FAA701256059aa122697B133aDEd9279""}"
33039,USDS,USDS,usds,sky.money,33039.png,"{""ethereum"":""0xdC035D45d973E3EC169d2276DDab16f1e407384F"",""arbitrum"":""0x6491c05A82219b8D1479057361ff1654749b876b"",""solana"":""USDSwr9ApdHk5bvJKMjzff41FfuX8bSxdKcR81vTwcA"",""base"":""0x820c137fa70c8691f0e44dc420a5e53c168921dc""}"
33041,AGENT,AgentLayer,agentlayer,agentlayer.xyz,33041.png,"{""base"":""0xF5Bc3439f53A45607cCaD667AbC7DAF5A583633F""}"
33045,CCO2,Carbon Capture,carbon-capture,cco2.global,33045.png,"{""ethereum"":""0x51da83dbb0414cC2e1c26D7E77C8eF76Ee4c2910""}"
33046,DINGER,Schrodinger,schrodingereth-com,schrodingereth.com,33046.png,"{""ethereum"":""0x2cf0493eaf67e5dcd65e26b7204e440123252c85""}"
33050,PEPE,Based Pepe,based-pepe,basedpepe.vip,33050.png,"{""base"":""0x52b492a33E447Cdb854c7FC19F1e57E8BfA1777D""}"
33051,JIN,JinPeng,jinpeng,jinpengsol.fun,33051.png,"{""solana"":""GgzJWhQWTpv2VHqvJnx5uEWQzNkfQSncDEWUdgQk4fvh""}"
33055,SLISBNBX,slisBNBx,slisbnbx,lista.org,33055.png,"{""bnb"":""0x4b30fcAA7945fE9fDEFD2895aae539ba102Ed6F6""}"
33072,UNCN,Unseen,unseen,playunseen.com,33072.png,"{""polygon-ecosystem-token"":""0xf2B028ED5977F136982FDfa429814cf19f09693F""}"
33076,MOODENG,MOO DENG (moodeng.vip),moo-deng-token,moodeng.vip,33076.png,"{""ethereum"":""0x28561b8a2360f463011c16b6cc0b0cbef8dbbcad""}"
33081,XBG,XBorg,xborg,xborg.com,33081.png,"{""ethereum"":""0xEaE00D6F9B16Deb1BD584c7965e4c7d762f178a1"",""solana"":""XBGdqJ9P175hCC1LangCEyXWNeCPHaKWA17tymz2PrY"",""arbitrum"":""0x93fa0b88c0c78e45980fa74cdd87469311b7b3e4""}"
33087,FU,FU Coin,fu-coin,fucoin.io,33087.png,"{""bnb"":""0xED6AF21Df463c7f116A6d7d687A4c190c4cf7586""}"
33093,MOODENG,Moo Deng (moodengsol.com),moo-deng-solana,moodengsol.com,33093.png,"{""solana"":""ED5nyyWEzpPPiWimP8vYm7sD7TD3LAt3Q3gRTWHzPJBY""}"
33098,LOGX,LogX Network,logx,logx.network,33098.png,"{""ethereum"":""0xa3F4341C3fEf5963AB04135D2014AC7d68222E19"",""solana"":""7cHJTPkhnCKesVFijmMXVFVY4HjpkLd9qYjg6neb74yD"",""arbitrum"":""0x59062301Fb510F4ea2417B67404CB16D31E604BA"",""base"":""0x04055057677807d2a53d2b25a80ff3b4d932ae1a""}"
33101,EGP,Eigenpie,eigenpie,eigenlayer.magpiexyz.io,33101.png,"{""bnb"":""0x0cc7288A11c0c31d39d0e05EB59F24e506ad6aD5"",""arbitrum"":""0x7e7a7c916c19a45769f6bdaf91087f93c6c12f78""}"
33102,BB,Bitboard,bitboardtop,bitboard.top,33102.png,"{""polygon-ecosystem-token"":""0x4F7Cc8eF14f3Dc76Ee2fB60028749E1B61CEa162""}"
33103,BABYCATE,BabyCate,babycate,babycate.org,33103.png,"{""bnb"":""0x76B560b628F74BF192bE09F0449abef8e456BE79""}"
33108,X,X Empire,x-empire,xempire.io,33108.png,"{""gram"":""EQB4zZusHsbU2vVTPqjhlokIOoiZhEdCMT703CWEzhTOo__X""}"
33110,SOS,Solana Swap,solana-swap,solanaswap.co,33110.png,"{""solana"":""HDa3zJc12ahykSsBRvgiWzr6WLEByf36yzKKbVvy4gnF""}"
33116,BOX,DeBox,debox,debox.pro,33116.png,"{""ethereum"":""0x32B77729cD87F1EF2bEa4C650c16f89f08472c69""}"
33117,WAT,WATCoin,watcoin,gamee.com,33117.png,"{""gram"":""EQCEqz2x3-Ub_EO4Y5798NNoqKw1tP_tJ6b9y-X0C4uvs8Zf""}"
33120,INIT,Initia,initia,initia.xyz,33120.png,{}
33124,THUG,THUG,thug,thug.cz,33124.png,"{""base"":""0x6965084966592A76f80AdAdc5138eb23F18f1ed6""}"
33125,WIGL,Wigl,wigl,wigl.fr,33125.png,"{""ethereum"":""0xF8206A19Fca5999425358DE4E4cDEFc7F5C5D4cA""}"
33128,TCAT,TON Cat,ton-cat,toncat.net,33128.png,"{""gram"":""EQBtDmYgCKk3ecQ1x-j0CLZRnPYyaV7cB33ad036QN-HE2C7""}"
33139,OWN,Otherworld,otherworld,otherworld.network,33139.png,"{""ethereum"":""0x2d81F9460Bd21e8578350A4f06e62848ED4BB27e""}"
33141,AGURI,Aguri-Chan,aguri-chan,agurichancto.xyz,33141.png,"{""ethereum"":""0x8e42fe26fc1697f57076c9f2a8d1ff69cf7f6fda""}"
33145,CHEEMS,Cheems,cheemscto,cheemscto.com,33145.png,"{""ethereum"":""0x41b1f9dcd5923c9542b6957b9b72169595acbc5c""}"
33148,ABDS,ABDS Token,abds-token,mx.abdsystems.com,33148.png,"{""ethereum"":""0xB56AaAc80C931161548a49181c9E000a19489C44""}"
33152,WCT,WalletConnect Token,walletconnect-token,walletconnect.network,33152.png,"{""ethereum"":""0xeF4461891DfB3AC8572cCf7C794664A8DD927945"",""solana"":""WCTk5xWdn5SYg56twGj32sUF3W4WFQ48ogezLBuYTBY"",""optimism-ethereum"":""0xeF4461891DfB3AC8572cCf7C794664A8DD927945"",""base"":""0xeF4461891DfB3AC8572cCf7C794664A8DD927945""}"
33154,BLUM,Blum,blum,blum.io,33154.png,"{""gram"":""EQCAj5oiRRrXokYsg_B-e0KG9xMwh5upr5I8HQzErm0_BLUM"",""bnb"":""0xfDc8Cd47848c0C67dF66F7120F4e3371181cFA5e""}"
33157,SOURCE,I MADE IT UP,i-made-it-up,misinformation.cloud,33157.png,"{""solana"":""aPig1huDbdDTR9HmJBSHK5jiHrG3o2ZThdG4xPDpump""}"
33160,XYRO,XYRO,xyro,xyro.io,33160.png,"{""ethereum"":""0x4eddb15a0abfa2c349e8065af9214e942d9a6d36"",""arbitrum"":""0xAeAC3b55c3522157ecdA7EC8fcB86C832fAA28aF""}"
33162,MARS,Mars,mars-io,marserc.io,33162.png,"{""ethereum"":""0xb8d6196d71cdd7d90a053a7769a077772aaac464"",""solana"":""3CnqgfQmiCyjMgaDfJpBDi9mjsE11vFnTfniM8BTMBzK"",""bnb"":""0xcb5e6e276adf62d68a1857880359750c8f79d076""}"
33165,PUSS,PussFi,pussfi,puss.meme,33165.png,"{""tron"":""TX5eXdf8458bZ77fk8xdvUgiQmC3L93iv7""}"
33169,ANDYMAN,ANDYMAN,andyman,andymancto.com,33169.png,"{""ethereum"":""0x68aaa0d94ea163b9bbf659dc3766defb4c0ac7be""}"
33172,BELLE,Isabelle,isabelle,isabellecoin.com,33172.png,"{""ethereum"":""0x22A4A5ddbc6a8d414b597b7b6307e932d92B4852""}"
33176,PUGWIF,PUGWIFHAT,pugwifhat,pugwifsui.com,33176.png,"{""sui"":""0x2cd6f14a4b64c3a0fa9c644e8ed88d9c91d789a071886d67d24e6b435147063d::pugwif::PUGWIF""}"
33177,MBP,MBP Coin,mbp-coin,mbpcoin.com,33177.png,"{""bnb"":""0x1D42e1CD643941b26a4191E72A617eD32670Df55""}"
33178,FLAY,Flayer,flayer,docs.flayer.io,33178.png,"{""ethereum"":""0xF1A7000000950C7ad8Aff13118Bb7aB561A448ee""}"
33181,DOE,Dogs of Elon,dogs-of-elon-solana,dogsofelon.io,33181.png,"{""solana"":""2FKMWYwr17j7AHexcgcQbn5gwZTsYR86qBPrU1BHpump""}"
33183,AXOL,Axol,axol,axolcoin.xyz,33183.png,"{""sui"":""0xf00eb7ab086967a33c04a853ad960e5c6b0955ef5a47d50b376d83856dc1215e::axol::AXOL""}"
33184,NEIRO,Neiro Pump,neiro-pump,neiropump.com,33184.png,"{""ethereum"":""0x339058Ca41e17b55B6dd295373C5d3cBe8000Cd9""}"
33188,MAJOR,Major,major,majorapp.io,33188.png,"{""gram"":""EQCuPm01HldiduQ55xaBF_1kaW_WAUy5DHey8suqzU_MAJOR""}"
33189,MTLS,eMetals,emetals,emetalsripple.com,33189.png,"{""ethereum"":""0x197DC7A8a58a7e4f6A5cb82302e8646A125798E7""}"
33194,TOKE,McToken,mctoken,mctoken.xyz,33194.png,"{""solana"":""AmgUMQeqW8H74trc8UkKjzZWtxBdpS496wh4GLy2mCpo""}"
33195,PESTO,Pesto the Baby King Penguin,pesto-the-baby-king-penguin,pestosol.com,33195.png,"{""solana"":""34a8ALsPmbWxp7D3bQ6erERrCLz1ahr6u6o66Udmpump""}"
33199,LYK,LayerK,layerk,layerk.com,33199.png,{}
33201,MISHA,MISHA,misha,mishacto.org,33201.png,"{""ethereum"":""0x0CCAe1Bc46Fb018DD396Ed4c45565d4Cb9d41098""}"
33203,MARVIN,Marvin Inu (ETH),marvin-inu-token,marvincoin.com,33203.png,"{""ethereum"":""0x85bea4ee627b795a79583fcede229e198aa57055""}"
33207,HUAHUA,HUA HUA,hua-hua,huahuaonsol.fun,33207.png,"{""solana"":""77RBCP95AFT9XRsx4xuGUHjBQsjcatGYCZ2VXx8Epump""}"
33211,BABYBNB,Baby BNB,baby-bnb,babybnb.fun,33211.png,"{""bnb"":""0x2d5F3B0722aCd35fbb749cB936dfdd93247BBC95""}"
33214,ZHOA,Chengpang Zhoa,chengpang-zhoa,zhoa.xyz,33214.png,"{""bnb"":""0xC3571b3f9721D07919dc42af7fce2784B56e8E3c""}"
33223,LAB,LAB,lab,lab.pro,33223.png,"{""bnb"":""0x7ec43Cf65F1663F820427C62A5780b8f2E25593A""}"
33227,VERT,Vertus,vertus,tonviewer.com,33227.png,"{""gram"":""EQDfglfrf0Os38cKPHaOKqQenJpls2s0cey8acQFjPC_VERT""}"
33233,MELO,melo,melo,melocto.com,33233.png,"{""ethereum"":""0x0dA2082905583cEdFfFd4847879d0F1Cf3d25C36""}"
33235,POX,Monkey Pox,monkey-pox,monkeypoxtoken.com,33235.png,"{""solana"":""mpoxP5wyoR3eRW8L9bZjGPFtCsmX8WcqU5BHxFW1xkn""}"
33247,TERMINUS,Terminus,terminus,terminus.vip,33247.png,"{""ethereum"":""0x44e18207b6e98f4a786957954e462ed46b8c95be""}"
33251,WLFI,World Liberty Financial,world-liberty-financial-wlfi,worldlibertyfinancial.com,33251.png,"{""ethereum"":""0xdA5e1988097297dCdc1f90D4dFE7909e847CBeF6"",""bnb"":""0x47474747477b199288bF72a1D702f7Fe0Fb1DEeA"",""solana"":""WLFinEv6ypjkczcS83FZqFpgFZYwQXutRbxGe7oC16g""}"
33257,MARVIN,MARVIN,marvin,elonlovemarvin.com,33257.png,"{""ethereum"":""0x70c29e99ca32592c0e88bb571b87444bb0e08e33""}"
33258,HIPPO,sudeng,sudeng,hippocto.meme,33258.png,"{""sui"":""0x8993129d72e733985f7f1a00396cbd055bad6f817fee36576ce483c8bbb8b87b::sudeng::SUDENG""}"
33269,SPS,Sparklife,sparklife,sparklifesps.com.,33269.png,"{""bnb"":""0x8033064fe1df862271d4546c281afb581ee25c4a""}"
33280,CHEEMS,Cheems (cheems.pet),cheems-pet,cheems.pet,33280.png,"{""bnb"":""0x0df0587216a4a1bb7d5082fdc491d93d2dd4b413""}"
33281,SUIB,Suiba Inu,suiba-inu,suibacoin.com,33281.png,"{""sui"":""0xed4504e791e1dad7bf93b41e089b4733c27f35fde505693e18186c2ba8e2e14b::suib::SUIB""}"
33286,VOLT,VOLT.WIN,volt-win,volt.win,33286.png,"{""ethereum"":""0x66b5228CfD34d9f4d9f03188d67816286C7c0b74""}"
33287,MANYU,littlemanyu,littlemanyu,littlemanyu.xyz,33287.png,"{""solana"":""CS7LmjtuugEUWtFgfyto79nrksKigv7Fdcp9qPuigdLs""}"
33289,DOGEN,DOGEN,dogen,dogen.meme,33289.png,"{""solana"":""B7xavrAozTa1msQxu8YAcvPftf76x1fJYyLrYdTnbrah""}"
33290,BLUB,BLUB,blub,blubsui.com,33290.png,"{""sui"":""0xfa7ac3951fdca92c5200d468d31a365eb03b2be9936fde615e69f0c1274ad3a0::BLUB::BLUB""}"
33291,FWOG,Fwog (SOL),fwog-solana,itsafwog.com,33291.png,"{""solana"":""A8C3xuqscfmyLrte3VmTqrAq8kgMASius9AFNANwpump""}"
33293,LOULOU,LOULOU,loulou,pugloulou.me,33293.png,"{""solana"":""7BMb4jNt2tQG81jX7W22H2h2UyL4SW9QJgz25HRhpump""}"
33296,MOO,Moo Token,moomoo-token,cowsgonemad.io,33296.png,"{""solana"":""JJ4QpqUYzs9LUPrF6uJKQbkA4ofSnvkwQ3RBcVLFSjd""}"
33297,DOGGO,Doggo (doggocto.com),doggocto,doggocto.com,33297.png,"{""ethereum"":""0x240Cd7b53d364a208eD41f8cEd4965D11F571B7a""}"
33304,WXM,WeatherXM,weatherxm,weatherxm.network,33304.png,"{""ethereum"":""0xde654f497A563dd7A121c176a125dD2F11F13a83"",""arbitrum"":""0xb6093b61544572ab42a0e43af08abafd41bf25a6"",""solana"":""wxmJYe17a2oGJZJ1wDe6ZyRKUKmrLj2pJsavEdTVhPP""}"
33307,POCHITA,Pochita (pochita.biz),pochita-biz,pochita.biz,33307.png,"{""solana"":""E6AujzX54E1ZoPDFP2CyG3HHUVKygEkp6DRqig61pump""}"
33308,BOB,BOB,bob-fun,bob.fun,33308.png,"{""internet-computer"":""7pail-xaaaa-aaaas-aabmq-cai""}"
33309,BURN,MSQ Cycle Burn,msq-cycle-burn,burn.msq.tech,33309.png,"{""internet-computer"":""egjwt-lqaaa-aaaak-qi2aa-cai""}"
33312,SOLVBTC,SolvBTC,solv-btc,solv.finance,33312.png,"{""ethereum"":""0x7a56e1c57c7475ccf742a1832b028f0456652f97"",""bnb"":""0x4aae823a6a0b376De6A78e74eCC5b079d38cBCf7"",""arbitrum"":""0x3647c54c4c2c65bc7a2d63c0da2809b399dbbdc0"",""merlin-chain"":""0x41D9036454BE47d3745A823C4aaCD0e29cFB0f71"",""avalanche"":""0xbc78d84ba0c46dfe32cf2895a19939c86b81a777"",""starknet-token"":""0x0593e034dda23eea82d2ba9a30960ed42cf4a01502cc2351dc9b9881f9931a68""}"
33320,PUPS,Pups (Bitcoin),pups-runes,pupstoken.com,33320.png,"{""bitcoin"":""PUPSWORLDPEACE"",""solana"":""2oGLxYuNBJRcepT1mEV6KnETaLD7Bf6qq3CM6skasBfe""}"
33321,SUIMAN,Suiman,suiman,suiman.xyz,33321.png,"{""sui"":""0xa8b69040684d576828475115b30cc4ce7c7743eab9c7d669535ee31caccef4f5::suiman::SUIMAN""}"
33323,CATS,Cats (catshouse.live),catshouse-live,catshouse.live,33323.png,"{""gram"":""EQA3AshPEVly8wQ6mZincrKC_CkJSKXqqjyg0VMsVjF_CATS""}"
33327,ESTEE,ESTEE,estee,esteecoin.com,33327.png,"{""ethereum"":""0x4298e4AD48be89BF63A6fDc470A4b4Fe9cE633B1""}"
33329,BKOK,BKOK FinTech,bkok-fintech,bkokfi.com,33329.png,"{""bnb"":""0x9cc484ded7a7851a03f05a03e8d19eb5f5a73f20""}"
33330,CB,Cheeseball,cheeseball,cheeseball.io,33330.png,"{""solana"":""3BeJ9zCgQhaqKMu2HgKJ79yQBChD1Pf3hPwRX44fpump""}"
33333,CSI,CSI888,csi888,csi888.net,33333.png,"{""ethereum"":""0x888c1a341ce9d9ae9c2d2a75a72a7f0d2551a2dc""}"
33335,MARS,MetaMars,metamars-token,metamars.io,33335.png,"{""bnb"":""0x07c15e4add8c23d2971380dde6c57b6f88902ec1""}"
33338,AIRDROP,AIRDROP2049,airdrop2049,airdrop2049.com,33338.png,"{""arbitrum"":""0xdc5F1BF636DcAdaE7e285A484Dc71A1F5adeE0A1""}"
33340,LABUBU,LABUBU SOL,labubu-xyz,labubusol.xyz,33340.png,"{""solana"":""JB2wezZLdzWfnaCfHxLg193RS3Rh51ThiXxEDWQDpump""}"
33341,LEPER,Leper,leper,leper.wtf,33341.png,"{""solana"":""GsEbfbyjjnYZGMSkXhoxrqTyrzdYC5AFcCisS51JEGEE""}"
33342,EVA,EverValue Coin,evervalue-coin,evervaluecoin.com,33342.png,"{""arbitrum"":""0x45d9831d8751b2325f3dbf48db748723726e1c8c""}"
33343,TAXI,Robotaxi,robotaxi,robotaxioneth.com,33343.png,"{""ethereum"":""0x2597342ff387B63846eb456419590781C4bfCdAF""}"
33350,ICBX,ICB Network,icb-network,icb.network,33350.png,{}
33351,TERMINUS,TERMINUS,terminus-meme,terminus.meme,33351.png,"{""ethereum"":""0xcbde0453d4e7d748077c1b0ac2216c011dd2f406""}"
33355,DXY,US Degen Index 6900,us-degen-index-6900,dxy6900.vip,33355.png,"{""ethereum"":""0x6900f7b42fb4abb615c938db6a26d73a9afbed69""}"
33356,MSTR,MSTR2100,mstr2100,mstr2100.com,33356.png,"{""ethereum"":""0x42069026EAC8Eee0Fd9b5f7aDFa4f6E6D69a2B39""}"
33358,SOFAC,SofaCat,sofacat,sofacat.click,33358.png,"{""solana"":""9cC36bMZCt9fF53eLBQCago1czw5L9GRHZBL5adWEyAu""}"
33361,MCAKE,EasyCake,easycake,easycake.io,33361.png,"{""bnb"":""0xD77B2D571256ce5fB3365bfff3C5859D1Ef40f0a""}"
33364,BRIAN,Brian,brian-arm-strong,brianarmbase.com,33364.png,"{""base"":""0x3ecced5b416e58664f04a39dd18935eb71d33b15""}"
33372,CARV,CARV,carv,carv.io,33372.png,"{""ethereum"":""0xc08Cd26474722cE93F4D0c34D16201461c10AA8C"",""bnb"":""0xc08cd26474722ce93f4d0c34d16201461c10aa8c"",""solana"":""AFJtnuqGMaj5jAo6Pwxo28r1f7XAXXTSA8q3rG3q8b4A"",""arbitrum"":""0xc08Cd26474722cE93F4D0c34D16201461c10AA8C"",""base"":""0xc08Cd26474722cE93F4D0c34D16201461c10AA8C""}"
33383,HAWK,Hawk,hawk,hawk.city,33383.png,"{""bnb"":""0xe846d164b88ed2e1209609fea3cf7a3d89d70d2d""}"
33384,WAP,Wet Ass Pussy,wet-ass-pussy,wapcoin.wtf,33384.png,"{""solana"":""Bz7vVzQhm2KMW1XgcrDruYega1MiwrAs1DQysrx4tFkp""}"
33391,DEEP,DeepBook Protocol,deepbook-protocol,deepbook.tech,33391.png,"{""sui"":""0xdeeb7a4662eec9f2f3def03fb937a663dddaa2e215b8078a284d026b7946c270::deep::DEEP""}"
33392,WPAY,WPAY,wpay,wirexapp.com,33392.png,"{""polygon-ecosystem-token"":""0x7ABE9Edf5C544A04dA83e9110CF46DBC4759170c"",""base"":""0x35e0966208f518371e79cc9fd35559112068ddad""}"
33396,ROBOTAXI,ROBOTAXI,robotaxi-solana,robotaxi2024.xyz,33396.png,"{""solana"":""FstfNjRFcvknXFRcEzSjnC5BrDBcncic4BbE8ofbruCt""}"
33399,KLAUS,Klaus,klaus,klausoneth.com,33399.png,"{""ethereum"":""0xb612bFC5cE2FB1337Bd29F5Af24ca85DbB181cE2""}"
33405,KOMA,Koma Inu,koma-inu,komabnb.com,33405.png,"{""bnb"":""0xd5eaAaC47bD1993d661bc087E15dfb079a7f3C19""}"
33406,COCO,COCOCOIN,cococoin-bsc,cococoin.tech,33406.png,"{""bnb"":""0xF563E86e461dE100CfCfD8b65dAA542d3d4B0550""}"
33408,NSDQ,NSDQ420,nasdaq420,nsdq420.com,33408.png,"{""ethereum"":""0x615987d46003CC37387dBe544FF4F16FA1200077"",""solana"":""GXUisEapYfHJe8oFoWSPPyiLSLYT6Em9iEeXTFxUHyUA""}"
33414,PAI,ParallelAI,parallelai,parallelai.tech,33414.png,"{""ethereum"":""0x13e4b8cffe704d3de6f19e52b201d92c21ec18bd""}"
33420,ITO,ITO,ito,itoeth.io,33420.png,"{""ethereum"":""0x465dbC39F46f9D43C581a5d90A43e4a0F2A6fF2d""}"
33421,TUA,Atua AI,atua-ai,atua.ai,33421.png,"{""ethereum"":""0x791a5c2261823dbf69b27b63e851b7745532cfa2"",""bnb"":""0x36b2269fd151208a4bfc3dea503e0a6f2485fa78""}"
33428,STIX,STIX,stix,stix.lol,33428.png,"{""base"":""0xFD1013c72CBB0FFB920D347C5836bF88965D0D5e""}"
33433,UNI,UNI,uni-sui,unicoinsui.com,33433.png,"{""sui"":""0xaf9e228fd0292e2a27b4859bc57a2f3a9faedb9341b6307c84fef163e44790cc::uni::UNI""}"
33439,LUMIA,Lumia,lumia,lumia.org,33439.png,"{""bnb"":""0x7F39BcdCa8E0E581c1d43aaa1cB862AA1c8C2047"",""ethereum"":""0xd9343a049d5dbd89cd19dc6bca8c48fb3a0a42a7"",""lumia"":""0xeeeeeeeeeeeeeeeeeeeeeeeeeeeeeeeeeeeeeeee""}"
33440,GOAT,Goatseus Maximus,goatseus-maximus,goatchan.xyz,33440.png,"{""solana"":""CzLSujWBLFsSjncfkh59rUFqvafWcY5tzedWJSuypump""}"
33441,DOLAN,Dolan Duck,dolan-duck,dolanduck.io,33441.png,"{""solana"":""4YK1njyeCkBuXG6phNtidJWKCbBhB659iwGkUJx98P5Z""}"
33447,SQUID,Squid Game (CTO),squid-game-cto,squid.land,33447.png,"{""bnb"":""0x87230146e138d3f296a9a77e497a2a83012e9bc5""}"
33448,ROT,BRAINROT,brainrot,brainrotmeme.com,33448.png,"{""solana"":""APoM2sXUzdRHTkUjXSsdUheX1wPPdP4HFLotmtRNMU8P""}"
33452,USDS,TheStandard USD,the-standard-protocol-usds,thestandard.io,33452.png,"{""arbitrum"":""0x2Ea0bE86990E8Dac0D09e4316Bb92086F304622d""}"
33453,PAC,America Pac,america-pac,americapac.io,33453.png,"{""ethereum"":""0x4C44A8B7823B80161Eb5E6D80c014024752607F2""}"
33456,MINGO,Mingo,mingo,mingo.com,33456.png,"{""hedera"":""0.0.632593""}"
33463,HOLD,HoldCoin,holdcoin,t.me,33463.png,{}
33464,MEMEFI,MemeFi,meme-fi,memefi.club,33464.png,"{""sui"":""0x506a6fc25f1c7d52ceb06ea44a3114c9380f8e2029b4356019822f248b49e411::memefi::MEMEFI""}"
33468,SEED,SEED,seed-combinator,playseedgo.com,33468.png,"{""sui"":""0x1e005d033d858a39e1210aafdd139ce4fa21c79cdb8acadd16513a03c9d4cebd::seed::SEED""}"
33469,WCHZ,Wrapped Chiliz,wrapped-chiliz,chiliz.com,33469.png,"{""chiliz"":""0x677f7e16c7dd57be1d4c8ad1244883214953dc47""}"
33478,UTHX,Utherverse,utherverse,utherverse.io,33478.png,"{""solana"":""CZhaw3dtiDbXBLjKamco7cF1XwbQfZ2gNddN7UQhF3kD""}"
33479,HACHI,Hachiko,hachiko-token,hachiko-token.com,33479.png,"{""solana"":""4amstKcbziHCqwev9esMtRGDTdjHSviiNXT7WtajgjUq""}"
33483,MEDUSA,MEDUSA (medusaonsol.xyz),medusa-token,medusaonsol.xyz,33483.png,"{""solana"":""Fosp9yoXQBdx8YqyURZePYzgpCnxp9XsfnQq69DRvvU4""}"
33486,RXS,Rexas Finance,rexas-finance,rexas.com,33486.png,"{""ethereum"":""0x9eAeBd7E73D97E78c77fAB743e6FFA1b550e224c""}"
33488,KIMA,Kima Network,kima-network,kima.network,33488.png,"{""arbitrum"":""0x94fcd9c18f99538c0f7c61c5500ca79f0d5c4dab"",""cosmos"":""ibc/629B5691DE993DCD07AA1B0587AD52A7FA4E8F28B77DE15BCBDF936CA6F76E6C""}"
33489,SPEEDY,Speedy,speedy-the-turtle,speedytheturtle.xyz,33489.png,"{""ethereum"":""0xc8f69a9b46b235de8d0b77c355fff7994f1b090f""}"
33494,FORU,ForU AI,foruai,foruai.io,33494.png,"{""bnb"":""0x529EDc4CD7D7FF773837Ce0FF5492d1Fd2d0eafd""}"
33500,TALENT,Talent Protocol,talent-protocol,talent.app,33500.png,"{""base"":""0x9a33406165f562E16C3abD82fd1185482E01b49a""}"
33502,VULT,Vultisig,vultisig,vultisig.com,33502.png,"{""ethereum"":""0xb788144DF611029C60b859DF47e79B7726C4DEBa""}"
33504,SHARKI,Sharki,sharki,sharkisol.com,33504.png,"{""solana"":""6U48jtR53ZK3E1MozLrpwJDTrtj74uuFhMGNzGY18YPu""}"
33507,HEDGE,HedgeFi,hedgefi,hedgefi.finance,33507.png,"{""ethereum"":""0xe56a10448C632E44605dCc5201c36122FF9D0250""}"
33508,CJ,Carl Johnson,carl-johnson,carljohnson.meme,33508.png,"{""base"":""0x0f884a04d15A3cf4Aecda7de0288C3a611326839""}"
33509,B3TR,VeBetterDAO,vebetterdao,vebetterdao.org,33509.png,"{""vechain"":""0x5ef79995FE8a89e0812330E4378eB2660ceDe699""}"
33512,AUTISM,$AUTISM,autismcoinsol,autismcoinsol.com,33512.png,"{""solana"":""BkVeSP2GsXV3AYoRJBSZTpFE8sXmcuGnRQcFgoWspump""}"
33513,KBTC,Kraken Wrapped Bitcoin,kraken-wrapped-bitcoin,kraken.com,33513.png,"{""ethereum"":""0x73e0c0d45e048d25fc26fa3159b0aa04bfa4db98"",""optimism-ethereum"":""0x73e0c0d45e048d25fc26fa3159b0aa04bfa4db98""}"
33514,HDRO,Hydro Protocol,hydro-protocol-inj,hydroprotocol.finance,33514.png,"{""injective"":""inj1etz0laas6h7vemg3qtd67jpr6lh8v7xz7gfzqw""}"
33515,ACCES,Metacces,metacces,metacces.com,33515.png,"{""bnb"":""0x1E5c718b4377B5deEEF01AFf5BDC29a9528df1A3"",""ethereum"":""0x1E5c718b4377B5deEEF01AFf5BDC29a9528df1A3"",""polygon-ecosystem-token"":""0x1E5c718b4377B5deEEF01AFf5BDC29a9528df1A3""}"
33518,PDOGE,Poor Doge,poor-doge,pdoge.app,33518.png,"{""bnb"":""0xb299B7697D7B63b7c8616a120C0Fe7a70Db2f59B""}"
33520,BABYNEIRO,Baby Neiro BNB,baby-neiro-bnb,baby-neiro.io,33520.png,"{""bnb"":""0x6cdd08de79231a1957f205a3fe5cf9dbf4b0c454""}"
33522,DRAGONX,DragonX,dragonx,dragonx.win,33522.png,"{""ethereum"":""0x96a5399D07896f757Bd4c6eF56461F58DB951862""}"
33532,FWOG,FWOG,fwog-cto,fwogeth.com,33532.png,"{""ethereum"":""0x69fd9281a920717ee54193a1c130b689ef341933""}"
33537,RALLY,Rally,rally-token,r-link.com,33537.png,"{""ethereum"":""0x19640000000ba88d36206BeB10D0e86011C8d08c"",""bnb"":""0x19640000000ba88d36206beb10d0e86011c8d08c"",""base"":""0x19640000000ba88d36206BeB10D0e86011C8d08c""}"
33543,LUNA,Luna by Virtuals,luna-by-virtuals,app.virtuals.io,33543.png,"{""base"":""0x55cD6469F597452B5A7536e2CD98fDE4c1247ee4"",""solana"":""9se6kma7LeGcQWyRBNcYzyxZPE3r9t9qWZ8SnjnN3jJ7""}"
33545,COR,Cortensor,cortensor,cortensor.network,33545.png,"{""ethereum"":""0x8e0EeF788350f40255D86DFE8D91ec0AD3a4547F"",""base"":""0xe30c0801a516f0c67ebc0c4b45ffa7dcbd72ea9a""}"
33550,BTMT,BITmarkets,bitmarkets-token,bitmarkets.com,33550.png,"{""polygon-ecosystem-token"":""0x0fCed30234C3ea94A7B47cC88006ECb7A39Dc30E""}"
33552,KASPY,Kaspy,kaspy,kaspy.io,33552.png,{}
33553,INSURANCE,insurance,insurance,insurance.game,33553.png,"{""bnb"":""0x64E4fea6e4F3637025c7Bcd878E2B238B01f7D4e""}"
33556,KITEAI,KiteAI,kiteai,kiteai.tech,33556.png,"{""bnb"":""0xce403dbdff00853860c68739611c64f0bd1c9aff""}"
33559,JANET,Janet,janet,janeteth.ai,33559.png,"{""ethereum"":""0xF63E309818E4EA13782678CE6C31C1234fa61809""}"
33564,BEAST,MrBeast,mrbeast,mrbeastcoinbase.com,33564.png,"{""base"":""0x82aed68f1dEAcA2b2AA4C5f27276374228A9F923""}"
33566,ACT,Act I : The AI Prophecy,act-i-the-ai-prophecy,actsol.xyz,33566.png,"{""solana"":""GJAFwWjJ3vnTsrQVabjBVK2TYB1YtRCQXRDfDgUnpump""}"
33569,NACHO,Nacho the Kat,nacho-the-kat,nachothekat.xyz,33569.png,{}
33570,GNON,Numogram,numogram,dgnon.ai,33570.png,"{""solana"":""HeJUFDxfJSzYFUuHLxkMqCgytU31G6mjP4wKviwqpump""}"
33571,SWORLD,Seedworld,seedworld,seedworld.io,33571.png,"{""ethereum"":""0x968bE3F7bfeF0F8eDc3c1aD90232EbB0DA0867aA"",""bnb"":""0x968bE3F7bfeF0F8eDc3c1aD90232EbB0DA0867aA"",""avalanche"":""0x968bE3F7bfeF0F8eDc3c1aD90232EbB0DA0867aA"",""arbitrum"":""0x968bE3F7bfeF0F8eDc3c1aD90232EbB0DA0867aA"",""base"":""0x968bE3F7bfeF0F8eDc3c1aD90232EbB0DA0867aA""}"
33584,BOPPY,BOPPY,boppy,boppycto.com,33584.png,"{""ethereum"":""0xe79031B5aaEb3eE8D0145e3d75B81B36BFfe341d""}"
33585,ZND,ZND Token,znd-token,zndtoken.com,33585.png,"{""ethereum"":""0x2d8ea194902bc55431420bd26be92b0782dce91d""}"
33589,BABYHIPPO,BABY HIPPO,baby-hippo,bhippo.com,33589.png,"{""bnb"":""0x5ff325Ec2CDE57373cb3DB511F96A33DC92E1986""}"
33590,WAAC,Wrapped  AyeAyeCoin,ayeayecoin,ayeayecoin.xyz,33590.png,"{""ethereum"":""0x30aE41D5f9988D359c733232C6c693c0e645C77E""}"
33593,DOGAI,DOGAI,dogai-solana,dogai.gdn,33593.png,"{""solana"":""Dogg6xWSgkF8KbsHkTWD3Et4J9a8VBLZjrASURXGiLe1""}"
33595,SHOGGOTH,Shoggoth (shoggoth.monster),shoggoth-monster,shoggoth.monster,33595.png,"{""solana"":""H2c31USxu35MDkBrGph8pUDUnmzo2e4Rf4hnvL2Upump""}"
33596,SLOP,Slop,slop,pump.fun,33596.png,"{""solana"":""FqvtZ2UFR9we82Ni4LeacC1zyTiQ77usDo31DUokpump""}"
33597,FARTCOIN,Fartcoin,fartcoin,fart.dev,33597.png,"{""solana"":""9BB6NFEcjBCtnNLFko2FqVQBq8HHM13kCyYcdQbgpump""}"
33599,FLAVIA,Flavia Is Online,flavia-is-online,,33599.png,"{""solana"":""3HYx6a9whu5a4dnzE62WNXg46MrEmu9LFxutR2YBpump""}"
33600,SHAR,SHARPEI,sharpei,sharpei.xyz,33600.png,"{""solana"":""9jZgvgS2bWtQiYzv48GcWzY4tnkeRSANbTm8Kp1LmSyS""}"
33603,PEPPER,PEPPER,pepper,peppercoin.com,33603.png,"{""solana"":""GozPNCAseytzxCR3d2k8hTsTYkr4SDpuXy2RQAZFVx2g"",""base"":""0x5e985E4BCa4664E985f3FaF8140EbA25b10E28C2"",""chiliz"":""0x60F397acBCfB8f4e3234C659A3E10867e6fA6b67""}"
33605,BDX,Baby DragonX,baby-dragonx,babydragonx.win,33605.png,"{""ethereum"":""0x9f278Dc799BbC61ecB8e5Fb8035cbfA29803623B""}"
33608,OSCAR,OSCAR,oscar,oscartoken.com,33608.png,"{""ethereum"":""0xebb66a88cedd12bfe3a289df6dfee377f2963f12""}"
33611,RWAINC,RWA Inc.,rwa-inc,rwa.inc,33611.png,"{""bnb"":""0xe2b1dc2d4a3b4e59fdf0c47b71a7a86391a8b35a"",""base"":""0xe2b1dc2d4a3b4e59fdf0c47b71a7a86391a8b35a""}"
33613,MIHARU,smiling dolphin,smiling-dolphin-solana,smilingmiharu.com,33613.png,"{""solana"":""6tVZVjcppH2BZ9Xj5yFU1Zt34m2rYcyDqqpSeMDZpump""}"
33614,MEMESAI,Memes AI,memesai,,33614.png,"{""solana"":""8D9foi1nqfabp8D3uNJCrzt1xkvxq8xHYH8Lxb4fbonk""}"
33620,FNXAI,Finanx AI,finanx-ai,finanx.ai,33620.png,"{""ethereum"":""0x939069722D568B5498CcBA4356E800EaefEFD2a5"",""bnb"":""0xD26889f63094Ba5A9d32666CdF5Ba381acfad6A6""}"
33621,SDOGE,DOGE on Solana,doge-on-solana,sdoge.wtf,33621.png,"{""solana"":""BvSyXBvy76mUgzLSbvvT4NQw5rSM4P5zAsdnvqUJpump""}"
33622,BRO,Bro the cat,bro-the-cat,brothecat.xyz,33622.png,"{""solana"":""33rVymHHPxfMvg4EHKBRF3h8a37cG7Et3eQWZzAkpump""}"
33626,GAMA,GAMA Coin,gama-coin,gamacoin.ai,33626.png,"{""xdc-network"":""0x3a170c7c987f55c84f28733bfa27962d8cdd5d3b""}"
33648,TATE,Tate Terminal,tate-terminal,jointherealworld.com,33648.png,"{""solana"":""LX2mJPsutHkUc6iXNFgumSC6LVKyc66xpy2zDTZpump""}"
33652,LBTC,Lombard BTC,lombard-staked-btc,lombard.finance,33652.png,"{""ethereum"":""0x8236a87084f8b84306f72007f36f2618a5634494"",""bnb"":""0xecac9c5f704e954931349da37f60e39f515c11c1"",""starknet-token"":""0x036834a40984312f7f7de8d31e3f6305b325389eaeea5b1c0664b2fb936461a4"",""base"":""0xecac9c5f704e954931349da37f60e39f515c11c1""}"
33656,PINO,PINO,pino,pinothedino.com,33656.png,"{""solana"":""7b36cKRYFZsMp3vLByVwfVQxW2ndcYth5rhPnyypump""}"
33659,RATS,GoldenRat,goldenrat,goldenrat.org,33659.png,"{""bnb"":""0x45787821a0BD5e6bba8E709783C773A386e34D65""}"
33663,BOG,Bog,bog,bogtoken.com,33663.png,"{""solana"":""8AFk97BkiaSXfgJS4ADQ8vqf7fcJw9nXN4KSTisby5LC""}"
33664,$DICE,Mega Dice Casino,mega-dice-casino,megadice.com,33664.png,"{""solana"":""Dice3uJ6AY63bKRHk5Mn24qdNLhBZJFJbaeDsTQrzBPE""}"
33668,SPX2.0,SPX6900 2.0,spx6900-20,thestockmarketcoin.com,33668.png,"{""ethereum"":""0x230ea9aed5d08afdb22cd3c06c47cf24ad501301""}"
33673,SWITCH,SWITCH,pocketfi,pocketfi.org,33673.png,"{""gram"":""EQBxo4huVJXaf1ZOdwnnDdxa9OVoyNGhXMsJVzobmxSWITCH""}"
33680,GOATS,GOATS,goats,ton.goatsbot.xyz,33680.png,"{""gram"":""EQC2CUQqMJuVkO_ioXE9MvW9ckNBuxqFB7Xce7BgwFnWagem""}"
33682,SHIKOKU,Mikawa Inu,mikawa-inu,mikawainu.com,33682.png,"{""solana"":""5Jng6jkLKU1o8BNrCzTEMXMFvPjNJZTpdWR3Hq4RHJb6""}"
33685,PDJT,President Donald J. Trump,president-donald-j-trump,pdjtrump.org,33685.png,"{""solana"":""E2o6gnnPa5FHW5kwLj7eNwPe77RtpBQn3nbX25fJ4Fyi""}"
33686,TITS,We Love Tits,we-love-tits,welovetits.com,33686.png,"{""solana"":""23CTZMjEYNNZUE4itfn3iv6kgM4xn7X7dx1kVX1Gr8Xi""}"
33689,PEEZY,Peezy 0x69,peezy-vip,peezy.vip,33689.png,"{""ethereum"":""0x698b1d54E936b9F772b8F58447194bBc82EC1933""}"
33691,BX,Blynex,blynex,blynex.com,33691.png,"{""bnb"":""0xFA3a42aD2260135538e4AEf265bd2bcCF7f1D179""}"
33694,LUCE,LUCE,luce,luce.fun,33694.png,"{""solana"":""CBdCxKo9QavR9hfShgpEBG3zekorAeD7W1jfq2o3pump""}"
33695,KING,King Protocol,king-protocol,kingprotocol.org,33695.png,"{""ethereum"":""0x8F08B70456eb22f6109F57b8fafE862ED28E6040""}"
33696,EBTC,ether.fi Staked BTC,etherfi-ebtc,ether.fi,33696.png,"{""ethereum"":""0x657e8C867D8B37dCC18fA4Caead9C45EB088C642""}"
33697,TRUF,TRUF.Network,truf-network,truf.network,33697.png,"{""ethereum"":""0x243c9be13fAbA09F945ccc565547293337Da0Ad7"",""solana"":""TRUFoUAg3rKEtcFxxeeuVm6Dc4Er55McRXMSgPk3hZ4"",""arbitrum"":""0xB59c8912c83157a955f9D715E556257F432C35D7"",""base"":""0xB59c8912c83157a955f9D715E556257F432C35D7""}"
33702,47,President Trump,president-trump-sol,trump47sol.xyz,33702.png,"{""solana"":""HdHqKPz3n52e6FCJREKY3MS56TagyvRxsxVYG7E4rF99""}"
33705,BRIL,Brilliantcrypto,brilliantcrypto,brilliantcrypto.net,33705.png,"{""polygon-ecosystem-token"":""0x4f800ba0dff2980c5006c6816f7aa3de63ce8087""}"
33708,ARENA,The Arena,the-arena,arena.social,33708.png,"{""avalanche"":""0xB8d7710f7d8349A506b75dD184F05777c82dAd0C""}"
33709,SCARCITY,SCARCITY,scarcity,scarcity.company,33709.png,"{""bnb"":""0x0d67D1BEC77E562A73A65eEf5ED92aC46744671C""}"
33711,SUMMIT,Summit,summit,msummit.io,33711.png,"{""solana"":""A3vBwL3Pd6nkBqVo87D6TLWYG4ekWuDeqCoLFeyvRMcb""}"
33712,MDB,MOODENG (moodengbnb.com),moodengbnb-com,moodengbnb.com,33712.png,"{""bnb"":""0x1111111111cbdd6ee1ee4689368576c50094dcb5""}"
33720,COOK,mETH Protocol,meth-protocol,mantle.xyz,33720.png,"{""ethereum"":""0x9F0C013016E8656bC256f948CD4B79ab25c7b94D"",""mantle"":""0x9F0C013016E8656bC256f948CD4B79ab25c7b94D""}"
33721,CHIB,Chiba,chiba,chibcoin.com,33721.png,"{""ethereum"":""0xa5c45d48d36607741E90c0CCa29545A46f5eE121""}"
33724,TURBO,Turbo Trump,turbo-trump-info,turbotrump.info,33724.png,"{""ethereum"":""0xb6aAa0EfDfAC186652e3b31a6f07A9A74D1B5A75""}"
33725,VON,Vameon,vameon,vameon.com,33725.png,"{""bnb"":""0xa4c3497b57c8b6d510f3707a1e9694fd791f45fb""}"
33734,MRSOON,TON Station,tonstation,tonstation.app,33734.png,"{""gram"":""EQCwe0g3cEFhsz4VK5nrtOZBkFeSISxhCVUqvON7Im__SOON""}"
33736,DOGE,Department of Gov Efficiency (deptofgovtefficiency.com),department-of-gov-efficiency,deptofgovtefficiency.com,33736.png,"{""solana"":""9TY6DUg1VSssYH5tFE95qoq5hnAGFak4w3cn72sJNCoV""}"
33740,USD+,Overnight.fi USD+ (Base),overnight-fi-usd-base,overnight.fi,33740.png,"{""base"":""0xB79DD08EA68A908A97220C76d19A6aA9cBDE4376""}"
33746,WOD,World of Dypians,world-of-dypians,worldofdypians.com,33746.png,"{""bnb"":""0xb994882a1b9bd98A71Dd6ea5F61577c42848B0E8""}"
33749,CATANA,Catana,catana,solanacatana.com,33749.png,"{""solana"":""GmbC2HgWpHpq9SHnmEXZNT5e1zgcU9oASDqbAkGTpump""}"
33750,THECAT,THECAT,thecat,thecat.meme,33750.png,"{""solana"":""DRTeDJXZYYZxmq3tmgSPvLi3ef5E51cRH1KzzwXvC5M7""}"
33754,YLAY,Yelay,yelay,yelay.io,33754.png,"{""ethereum"":""0xAEe5913FFd19dBcA4Fd1eF6F3925ed0414407d37""}"
33757,LEMX,LEMON,lemon-chain,lemonchain.io,33757.png,"{""bnb"":""0x2Da91257961b87e69Fa13b2e20931D517dc97597""}"
33778,OGGIE,Oggie,oggie,oggiethefrog.com,33778.png,"{""ethereum"":""0x11A001DC777f5bf8A5d63f246664d3Bb67Be496C""}"
33783,RWA,Allo,allo,allo.xyz,33783.png,"{""bnb"":""0x9C8B5CA345247396bDfAc0395638ca9045C6586E""}"
33785,UNIT0,UNIT0,unit0,units.network,33785.png,"{""ethereum"":""0x48b847cf774a5710f36f594b11fc10e2e59bba72"",""bnb"":""0xBA13c087f81166d0b56f006a7a2504847Ef9DA05"",""solana"":""6FTxERA8GUvmfh1FiQ5AJQETTfibAxpmieDihBWVe8xa"",""waves"":""GjwAHMjqWzYR4LgoNy91CxUKAGJN79h2hseZoae4nU8t"",""arbitrum"":""0xe80698d9c55d9212c4dae8bed00e1357d804c62a"",""base"":""0x03dbc70A0f4F141591E7925976f35b3bf794B18C""}"
33786,PATRIOT,Patriot,patriot,patriotoneth.org,33786.png,"{""ethereum"":""0xE9732d4b1E7d3789004fF029f032bA3034db059c""}"
33788,PNUT,Peanut the Squirrel,peanut-the-squirrel,pnutsol.com,33788.png,"{""solana"":""2qEHjDLDLbuBgRYvsxhc5D6uDWAivNFZGan56P1tpump""}"
33793,USDG,Global Dollar,global-dollar-usdg,globaldollar.com,33793.png,"{""ethereum"":""0xe343167631d89B6Ffc58B88d6b7fB0228795491D"",""solana"":""2u1tszSeqZ3qBWF3uNGPFc8TzMk2tdiwknnRMWGWjGWH"",""okb"":""0x4ae46a509f6b1d9056937ba4500cb143933d2dc8"",""ink-token"":""0xe343167631d89B6Ffc58B88d6b7fB0228795491D"",""robinhood-placeholder"":""0x7E955252E15c84f5768B83c41a71F9eba181802F"",""mantle"":""0x063C1d1ef6e9099Ce3E8e9AD5C6173d12C49C086"",""arbitrum"":""0x004b506865409877c9fa29bfb1eba929984b9bbc""}"
33797,EARL,earl,earl,earlfromsol.com,33797.png,"{""solana"":""BjjvKX5k7gQoGRmvQAA5WMr7EkQ2cirGTSGxAznDpump""}"
33801,NIKO,NikolAI,nikolai,nikolai.meme,33801.png,"{""gram"":""EQDo8QC6mVi7Gq6uGWDF4XVp3cZ4wKZ-bqKBkmhVMPm-1ojm""}"
33803,RECT,ReflectionAI,reflectionai,reflectionai.app,33803.png,"{""bnb"":""0xb42e1e0165140321db20ef46a2e9a240d60284b6""}"
33819,RUSSELL,Russell,russell,russell.meme,33819.png,"{""base"":""0x0c5142bc58f9a61ab8c3d2085dd2f4e550c5ce0b""}"
33820,DAGS,Dagcoin,dagcoin,dagcoin.org,33820.png,"{""bnb"":""0x96fD3F8D5689C0C1691D93e7A1E8C892a2A79D73""}"
33822,XGP,XGP,xgp,faglobalbkfinance.com,33822.png,"{""bnb"":""0x7d58096e087097e3927c93e0Ba83C29397Ff0daF""}"
33824,SYRUP,Maple Finance,maple-finance,maple.finance,33824.png,"{""ethereum"":""0x643C4E15d7d62Ad0aBeC4a9BD4b001aA3Ef52d66"",""base"":""0x688aee022aa544f150678b8e5720b6b96a9e9a2f""}"
33833,ME,Literally Me,literally-me,,33833.png,"{""solana"":""4Y47LEufvcSSSbTFojcvW4Y6x2KZXrqG2urNBSvHpump""}"
33834,BBSOL,Bybit Staked SOL,bybit-staked-sol,bybit.com,33834.png,"{""solana"":""Bybit2vBJGhPF52GBdNaQfUJ6ZpThSgHBobjWZpLPb4B""}"
33835,YNETHX,ynETH MAX,yieldnest-yneth-max,yieldnest.finance,33835.png,"{""ethereum"":""0x657d9aba1dbb59e53f9f3ecaa878447dcfc96dcb""}"
33841,EYWA,EYWA,eywa,eywa.fi,33841.png,"{""ethereum"":""0x8cb8C4263EB26b2349d74ea2cB1B27bc40709e12"",""bnb"":""0x7A10F506E4c7658e6AD15Fdf0443d450B7FA80D7"",""fantom"":""0x7A10F506E4c7658e6AD15Fdf0443d450B7FA80D7"",""arbitrum"":""0x7a10f506e4c7658e6ad15fdf0443d450b7fa80d7""}"
33842,SINK,Let that sink in,let-that-sink-in,sinktoken.com,33842.png,"{""solana"":""AMEdarx3ryELQsFVNynCQdC6ABi94x8whxGjbmXBpump""}"
33847,ROSS,Ross Ulbricht,ross-ulbricht,rossonsol.com,33847.png,"{""solana"":""DVZrNS9fctrrDmhZUZAu6p63xU6d9cqYxRRhJbtJ4z8G""}"
33849,HSK,HashKey Platform Token,hashkey-platform-token,group.hashkey.com,33849.png,"{""ethereum"":""0xE7C6BF469e97eEB0bFB74C8dbFF5BD47D4C1C98a"",""hashkey-platform-token"":""0xB210D2120d57b758EE163cFfb43e73728c471Cf1""}"
33850,SBR,STRATEGIC BITCOIN RESERVE,strategic-bitcoin-reserve,strategicbitcoinreserve.cc,33850.png,"{""ethereum"":""0xd6203889c22d9fe5e938a9200f50fdffe9dd8e02""}"
33852,DUCKY,Ducky,ducky,duckycoin.vip,33852.png,"{""bnb"":""0xaDB50D6a3f931E5b4A14D06A4A77fe71171A462f"",""arbitrum"":""0xaDB50D6a3f931E5b4A14D06A4A77fe71171A462f""}"
33854,BERT,Bertram The Pomeranian,bertram-the-pomeranian,bert.global,33854.png,"{""solana"":""HgBRWfYxEfvPhtqkaeymCQtHCrKE46qQ43pKe8HCpump""}"
33856,TOAD,Acid Toad,acid-toad,acid-toad.com,33856.png,"{""ethereum"":""0xac1d3d7a8878e655cbb063d58e453540641f4117""}"
33858,888,888,888-meme,888.meme,33858.png,"{""solana"":""888R77WmcLJKyGeJjk1WktFAB5u5fkvmokHYsAu6Spyd""}"
33864,GOLD,GOLDEN AGE,golden-age-token,goldenagecto.xyz,33864.png,"{""solana"":""FwFJkwW8m4QCuqzYzK6S3UHMPmB7mWWpC1jBEJ6kLW3M""}"
33868,BULL,BULL SPLIT,bull-split,battlebulls.com,33868.png,{}
33870,TDS,Trump Derangement Syndrome (tearsforTDS),trump-derangement-syndrome,trumpderangementsyndrome.io,33870.png,"{""solana"":""7KuFdcfzbc3LLoRHNRWfW1dhbPNzuCv41hyYbfSUpump""}"
33878,BTCAT,Bitcat,btcat-meme,btcat.meme,33878.png,"{""solana"":""3XFiHA2gexzBjqtM5Z7FjJhP6f28D2m79UihBCfkpump""}"
33881,BAN,Comedian,comedian,comedian.meme,33881.png,"{""solana"":""9PR7nCP9DpcUotnDPVLUBUZKu5WAYkwrCUx9wDnSpump""}"
33887,RAPTOR,Philosoraptor,philosoraptor-sol,philosoraptormeme.com,33887.png,"{""solana"":""Fss7oX43YpNNWVnRZugZ1NcngR1j8Ar33Z2dLqYfpump""}"
33889,MELON,Melon Dog,melon-dog,melondogcoin.com,33889.png,"{""solana"":""7DGJnYfJrYiP5CKBx6wpbu8F5Ya1swdFoesuCrAKCzZc""}"
33892,HAPPY,Happy Cat,happy-cat-on-sol,happycatonsol.com,33892.png,"{""solana"":""HAPPYwgFcjEJDzRtfWE6tiHE9zGdzpNky2FvjPHsvvGZ"",""bnb"":""0x2E72393A57287b1A09857Db589B27bB0fd499922""}"
33893,SHEGEN,Fi - Ai With Daddy Issues,fi-ai-with-daddy-issues,shegen.wtf,33893.png,"{""solana"":""2KgAN8nLAU74wjiyKi85m4ZT6Z9MtqrUTGfse8Xapump""}"
33896,WMM,Weird Medieval Memes,weird-medieval-memes,medievalmemes.ai,33896.png,"{""solana"":""9pWPUXoZKWNPWyaegPQeR3Kn8aFz9nrGtm5jeAFzpump""}"
33898,KONG,KongSwap,kongswap,kongswap.io,33898.png,"{""internet-computer"":""o7oak-iyaaa-aaaaq-aadzq-cai""}"
33901,AIPO,Aipocalypto,aipocalypto,aipocalypto.com,33901.png,"{""bnb"":""0x6c511dc18572d31C2c3f7b1505cB2BBC08282FcC"",""polygon-ecosystem-token"":""0x6c511dc18572d31C2c3f7b1505cB2BBC08282FcC"",""optimism-ethereum"":""0x6c511dc18572d31C2c3f7b1505cB2BBC08282FcC"",""arbitrum"":""0x6c511dc18572d31C2c3f7b1505cB2BBC08282FcC"",""blast"":""0x6c511dc18572d31C2c3f7b1505cB2BBC08282FcC""}"
33903,BGSOL,Bitget SOL Staking,bitget-sol-staking,bitget.com,33903.png,"{""solana"":""bgSoLfRx1wRPehwC9TyG568AGjnf1sQG1MYa8s3FbfY""}"
33905,SP,Spintria,spintria,sp.one,33905.png,"{""gram"":""EQACLXDwit01stiqK9FvYiJo15luVzfD5zU8uwDSq6JXxbP8""}"
33909,ALP,ALP,alp,alponsol.com,33909.png,"{""solana"":""8ThSrRA6qpkva4bGE6DNfFKnuKuCPM22Db16zS1Mpump""}"
33916,PEANUT,#1 Tiktok Squirrel,1-tiktok-squirrel,peanutcto.xyz,33916.png,"{""solana"":""bGxHNbsacaVL35pkYWae5PYQDZXSpuQb3QDyW31pump""}"
33917,FTD,42DAO,42dao,42dao.org,33917.png,"{""bnb"":""0x653062e37D7A52d465A8570a5daA46cA4e0Bd3d9""}"
33920,SAD,SadCat,sadcat,sadcat.me,33920.png,"{""solana"":""HS297WZTnktHXk5DDtaWVQ2AKS4HsJ2CfYTLYVRapWpK""}"
33923,EURС,EUR Coin,europa-coin,funfilabs.com,33923.png,"{""ethereum"":""0x439ACE7A725037b857637dc04Ebe29a55127D59f"",""arbitrum"":""0x439ACE7A725037b857637dc04Ebe29a55127D59f""}"
33924,TEA,Tea-Fi,tea-fi,tea-fi.com,33924.png,"{""bnb"":""0x336ff048c664a081d527979ac4197d6c3c8bfb14""}"
33927,DANNY,Degen Danny,degen-danny,degendanny.xyz,33927.png,"{""solana"":""5NHd3MsP6dXi9r1saPkeB2DoZyXLvPiqv4n9J54Cpump""}"
33930,BABYBTC,Baby BitCoin,babybtc-org,babybtc.org,33930.png,"{""solana"":""8467ssuj6Gkw15ABv6BvxJAKnGJALXJu6dxDxt4upump""}"
33931,TAP,Tap Protocol,tap-protocol,tap-protocol.com,33931.png,"{""ethereum"":""0x5e7f6e008c6d9d7ad4c7eb75bd4ce62864cc7454""}"
33934,KDX,Kodexa,kodexa,mosaicalpha.com,33934.png,"{""bnb"":""0xB007549db2A335364dfdCE86001Ee3b081051f03""}"
33940,PNUT,Peanut the Squirrel on Ethereum,peanut-the-squirrel-eth,pnuteth.io,33940.png,"{""ethereum"":""0xe69ccaaaea33ebfe5b76e0dd373cd9a1a31fd410""}"
33948,LAPUPU,Lapupu,lapupu,lapupu.org,33948.png,"{""solana"":""8PH1XWXyhvFWXWeixSbcWmfHX4uRJHQtcjnwkCgzfTkY""}"
33950,CDOGE,Cyberdoge,cyberdoge-coin,cyberdogecoin.com,33950.png,"{""solana"":""FXJAdx38aXJdQd3ABAVu7fQ7Bjh9oMN92eTxszFNpump""}"
33951,PAI,Panther Ai,panther-ai,pantherai.app,33951.png,"{""bnb"":""0x13a5c811093dd001c328b59a0cc9dec88951f042""}"
33963,ALL,Sallar,sallar,sallar.io,33963.png,"{""solana"":""GKHgTd6tqvycgG3mqcZraSZDFR32hXhRgo6sZQtudMsC""}"
33964,SERV,OpenServ,openserv,openserv.ai,33964.png,"{""ethereum"":""0x40e3d1A4B2C47d9AA61261F5606136ef73E28042"",""base"":""0x5576D6ed9181F2225afF5282Ac0ED29f755437Ea""}"
33967,STOP,LETSTOP,letstop,letstop.io,33967.png,"{""solana"":""W2bAuFf2Xeb7ZNpJTywFSaCs5jYkaLYtBMR53SzVXUo""}"
33970,GATSBY,Elon Musks dog,elon-musks-dog,gatsbyethcto.vip,33970.png,"{""ethereum"":""0xEdA7d2C70cd75d06947B7D0b0b0910ca9B07148A""}"
33974,AAX,Academic Labs,academic-labs,acad.live,33974.png,"{""solana"":""8W3DbYbLY1zWXm6YDqfPYFpyKsjytD5vhhPN2AyNVdM9""}"
33976,HAGGIS,New Born Haggis Pygmy Hippo,new-born-haggis-pygmy-hippo,haggis.vip,33976.png,"{""solana"":""U237C8hKyZYL42TEtTv6JGtdwDr3pZaQeeWMCVVpump""}"
33978,CMETH,Mantle Restaked Ether,mantle-restaked-ether,mantle.xyz,33978.png,"{""ethereum"":""0xE6829d9a7eE3040e1276Fa75293Bde931859e8fA"",""mantle"":""0xE6829d9a7eE3040e1276Fa75293Bde931859e8fA""}"
33979,USUAL,Usual,usual,usual.money,33979.png,"{""ethereum"":""0xC4441c2BE5d8fA8126822B9929CA0b81Ea0DE38E"",""bnb"":""0x4ACD4D03af6F9cc0fB7C5f0868B7b6287D7969c5"",""base"":""0x4ACD4D03af6F9cc0fB7C5f0868B7b6287D7969c5""}"
33981,BUSD0,Bond USD0,usd0-liquid-bond,usual.money,33981.png,"{""ethereum"":""0x35D8949372D46B7a3D5A56006AE77B215fc69bC0"",""arbitrum"":""0x2B65F9d2e4B84a2dF6ff0525741b75d1276a9C2F""}"
33983,SUT,SuperTrust,supertrust,supertrust.club,33983.png,"{""polygon-ecosystem-token"":""0x98965474EcBeC2F532F1f780ee37b0b05F77Ca55""}"
33986,OBOT,OBOT,obot,o.bot,33986.png,"{""solana"":""7yZFFUhq9ac7DY4WobLL539pJEUbMnQ5AGQQuuEMpump"",""aptos"":""0x8512b34017e087c3707748869ddc317d83f3fe70ab3a162abdc055c761ca9906::OBOT::OBOT""}"
33988,CHEYENNE,Cheyenne,cheyenne,cheyennecto.com,33988.png,"{""solana"":""UrAE9vVdrWxncikcCRp7TgNqEsArFtP22iXzH7gpump""}"
33989,MLP,Matrix Layer Protocol,matrix-layer-protocol,matrixlayer.ai,33989.png,"{""bnb"":""0xDbE3ea3639077a837e767C5D82730254fC933E41""}"
33990,DEGOD,DEGOD,degods,degods.com,33990.png,"{""solana"":""degod39zqQWzpG6h4b7SJLLTCFE6FeZnZD8BwHBFxaN""}"
33991,PUMP,PUMP,pump-solana,pumpsolana.xyz,33991.png,"{""solana"":""5oWc1d4Z6sbrH75J4jSgCCwpgpmJwkpLQbNxiP15qGAA""}"
33993,DARAM,Daram,daram,daram.me,33993.png,"{""ethereum"":""0xad86b91a1d1db15a4cd34d0634bbd4ecacb5b61a""}"
33994,CTB,Content Bitcoin,content-bitcoin,ainmetaverse.com,33994.png,"{""ethereum"":""0x435F6a29b100123ae46A3E8Bf0541aB402949243""}"
33999,FRED,First Convicted Raccon Fred,first-convicted-raccon-fred,fredonsol.fun,33999.png,"{""solana"":""CNvitvFnSM5ed6K28RUNSaAjqqz5tX1rA5HgaBN9pump""}"
34007,BARSIK,Hasbulla's Cat,hasbullas-cat,barsik.io,34007.png,"{""solana"":""7ZqzGzTNg5tjK1CHTBdGFHyKjBtXdfvAobuGgdt4pump""}"
34014,UNFK,UNFK,unfk,unfk.com,34014.png,"{""solana"":""8MgghUHzWyCXSQb4ReqrYQZ9rL8cQNaZ84GsqWhTB4Uu""}"
34017,PIN,PinLink,pinlink,pinlink.ai,34017.png,"{""ethereum"":""0x2e44f3f609ff5aa4819b323fd74690f07c3607c4""}"
34023,LUM,Luminous,luminous,,34023.png,"{""base"":""0x0fD7a301B51d0A83FCAf6718628174D527B373b6""}"
34024,SCRVUSD,Savings crvUSD,savings-crvusd,curve.finance,34024.png,"{""ethereum"":""0x0655977FEb2f289A4aB78af67BAB0d17aAb84367""}"
34025,VVAIFU,Dasha,dasha,vvaifu.fun,34025.png,"{""solana"":""FQ1tyso61AH1tzodyJfSwmzsD3GToybbRNoZxUBz21p8""}"
34026,AI16Z,ai16z,ai16z,elizaos.ai,34026.png,"{""solana"":""HeLp6NuQkmYB4pYWo2zYs22mESHXPQYzXbB8n4V98jwC""}"
34029,ZAPO,Zapo AI,zapo-ai,zapomeme.com,34029.png,"{""tron"":""TPUZseUsV89tM157aLfkuKYEaRKzBirmRb""}"
34034,OL,Open Loot,open-loot,openloot.com,34034.png,"{""ethereum"":""0x1F57da732A77636D913C9a75d685B26CC85DCC3A"",""bnb"":""0x3f160760535eb715d5809a26cf55408a2d9844c1""}"
34035,ANR,AiNero,ainero,ainero.io,34035.png,"{""bnb"":""0x4C52A3Ae89dc606F6286233068226331BBCf4801""}"
34039,RATS,rats (Ethereum),rats-ethereum,ratstoken.net,34039.png,"{""ethereum"":""0x8e18141efd10C3Df7a33B4D53f608E10Dc4D4fE3""}"
34041,MAJOR,Major Frog,major-frog,themajorfrog.com,34041.png,"{""solana"":""CNyMaRR4krm1yAxfCvPXevNMArZZZk7sRqKwX68uCeJk""}"
34043,SENDOR,Sendor,sendor,sendorcoin.com,34043.png,"{""solana"":""4dPW2SdbKcTEUiHpQRTWspT78zgS98v5TMhVpGPoPLzq""}"
34044,BALTO,BALTO,balto,baltotoken.net,34044.png,"{""ethereum"":""0xc77336FdD91e22c737B0f5EC33f4c429Caa1D13b""}"
34050,PARADOX,Paradox (the-base-paradox.com),paradox-base,the-base-paradox.su,34050.png,"{""base"":""0x3c4b6Cd7874eDc945797123fcE2d9a871818524b""}"
34055,CHATTY,ChatGPT's Mascot,chatgpts-mascot,chattyonsol.fun,34055.png,"{""solana"":""9EwutmiMiLHoH5hj5aCLMDJUdsLZVg926ZmDdr8Ppump""}"
34056,NAWS,NAWS.AI,naws-ai,naws.ai,34056.png,"{""bnb"":""0x726a54E04f394b6e44e58a2D7CB0fEc61361D10E""}"
34058,EZSOL,Renzo Restaked SOL,renzo-restaked-sol,app.renzoprotocol.com,34058.png,"{""solana"":""ezSoL6fY1PVdJcJsUpe5CM3xkfmy3zoVCABybm5WtiC""}"
34061,DNA,DNA,dna,dnacto.club,34061.png,"{""solana"":""DiSetnR7k57wmfvywJhUVjPwWfg54SdQKxQdJEBYW23B""}"
34067,KOLZ,KOLZ,kolz,kolz.chat,34067.png,"{""ethereum"":""0x288741b45AD4042f7b124E38b53cEc5E9ccA0376"",""base"":""0x50CE4129Ca261CCDe4EB100c170843c2936Bc11b""}"
34069,BINK,Big Dog Fink,big-dog-fink,bigdogfink.com,34069.png,"{""solana"":""CeK6k4BMmiqkxkzYAbQuUp3hrVFSHxuQ1LJXmNybc3vz""}"
34071,TOBI,tobi,tobi,hellotobi.xyz,34071.png,"{""solana"":""HPueqQjSgaSatMBKrvBvAnRmc6jnr51cPM1EjUJVpump""}"
34073,OCTO,OctonetAI,octonetai,octonet.ai,34073.png,"{""solana"":""4CoTCzobYt38zVbSieZxcmz2CCs8kmZJ6wnbj8HWocto""}"
34076,WQUIL,Wrapped QUIL,wrapped-quil,quilibrium.com,34076.png,"{""ethereum"":""0x8143182a775c54578c8b7b3ef77982498866945d""}"
34078,ELIZA,Eliza (elizawakesup),eliza-wakesup-ai,elizawakesup.ai,34078.png,"{""solana"":""5voS9evDjxF589WuEub5i4ti7FWQmZCsAsyD5ucbuRqM""}"
34079,ELIZA,Eliza (ai16zeliza),ai16zeliza,vvaifu.fun,34079.png,"{""solana"":""wUtwjNmjCP9TTTtoc5Xn5h5sZ2cYJm5w2w44b79yr2o""}"
34082,WELF,WELF,welf,welf.com,34082.png,"{""ethereum"":""0x2a92525fDA8D3AB481f8E2a913B64B64bD1c9fdD""}"
34083,ZEREBRO,Zerebro,zerebro,zerebro.org,34083.png,"{""solana"":""8x5VqbHA8D7NkD52uNuS5nnt3PwA8pLD34ymskeSo2Wn""}"
34084,D.O.G.E,Department Of Government Efficiency(Base),department-of-government-efficiency-base,baseddeptofgovefficiency.com,34084.png,"{""base"":""0x599f07567656E6961e20fa6a90685d393808c192""}"
34085,RNA,RNA,rna,rnacto.xyz,34085.png,"{""solana"":""7i5XE77hnx1a6hjWgSuYwmqdmLoDJNTU1rYA6Gqx7QiE""}"
34089,RIF,Rifampicin,rifampicin,pump-science-app.vercel.app,34089.png,"{""solana"":""GJtJuWD9qYcCkrwMBmtY1tpapV1sKfB2zUv9Q4aqpump""}"
34090,URO,Urolithin A,urolithin-a,pump-science-app.vercel.app,34090.png,"{""solana"":""FvgqHMfL9yn39V79huDPy3YUNDoYJpuLWng2JfmQpump""}"
34093,CHEESE,Cheese,cheese-sol,cheesescoin.com,34093.png,"{""solana"":""B1KrhWbacPi3tpjWqnsbjKQJEkp3RvWppGxNzUYBpump""}"
34095,XMW,Morphware,morphware,morphware.com,34095.png,"{""ethereum"":""0x391cF4b21F557c935C7f670218Ef42C21bd8d686""}"
34096,SIRIUS,Sirius,sirius,siriusthecat.com,34096.png,"{""solana"":""6T44rfi9BDUdZbEvVddZWVfsGrpC6N1sSSKYnCsLpump""}"
34102,TIG,The Innovation Game,the-innovation-game,tig.foundation,34102.png,"{""base"":""0x0c03ce270b4826ec62e7dd007f0b716068639f7b""}"
34103,AIXBT,aixbt,aixbt,aixbt.tech,34103.png,"{""ethereum"":""0x0D37aF9D8AE74F35F3A38bD2a08FcB29890Ca6d2"",""solana"":""14zP2ToQ79XWvc7FQpm4bRnp9d6Mp1rFfsUW3gpLcRX"",""base"":""0x4f9fd6be4a90f2620860d680c0d4d5fb53d1a825""}"
34104,MORPHO,Morpho,morpho,morpho.org,34104.png,"{""ethereum"":""0x58D97B57BB95320F9a05dC918Aef65434969c2B2"",""arbitrum"":""0x40BD670A58238e6E230c430BBb5cE6ec0d40df48"",""base"":""0xBAa5CC21fd487B8Fcc2F632f3F4E8D37262a0842"",""solana"":""Morpho2VPeTr2E1Jx6monxCzF7mqwUnjz74RdwLXYyP""}"
34105,SEKOIA,sekoia by Virtuals,sekoia-by-virtuals,app.virtuals.io,34105.png,"{""base"":""0x1185cb5122edad199bdbc0cbd7a0457e448f23c7""}"
34107,AGENT,Agents AI,agents-ai,agentsai.org,34107.png,"{""solana"":""Ag5mMdBSxm8J893RazD9PGkxWKJ5o3UKdWW4ZmJAey9w""}"
34108,$FLY,$FLY,fly-bsc,flybacksolutions.com,34108.png,"{""bnb"":""0x7CFAAAd25c3e791cC68AeFa28777cDf7Cc666F86""}"
34109,HAROLD,Harold,harold-sol,harold.vip,34109.png,"{""solana"":""3vgopg7xm3EWkXfxmWPUpcf7g939hecfqg18sLuXDzVt""}"
34110,GOUT,GOUT,gout,goutchain.com,34110.png,"{""bnb"":""0xF86AF2FBcf6A0479B21b1d3a4Af3893F63207FE7""}"
34116,AVA,AVA,ava-sol,holoworld.com,34116.png,"{""solana"":""DKu9kykSfbN5LBfFXtNNDPaX35o4Fv6vJ9FKk7pZpump""}"
34118,BANANAS31,Banana For Scale,banana-for-scale,bananaforscale.ai,34118.png,"{""bnb"":""0x3d4f0513e8a29669b960f9dbca61861548a9a760""}"
34125,CHILLGUY,Just a chill guy,just-a-chill-guy,chillguy.io,34125.png,"{""solana"":""Df6yfrKC8kZE3KNkrHERKzAetSxbrWeniQfyJY4Jpump""}"
34126,CHAMP,Super Champs,super-champs,superchamps.com,34126.png,"{""base"":""0xEb6d78148F001F3aA2f588997c5E102E489Ad341"",""ethereum"":""0x4aF1Bc87e43dDb22188bb3791ae00341586fE8fc"",""avalanche"":""0x6Aa38eDd7f32a28b7b2c2dc86fC5b0bF2aE61579""}"
34134,MAYA,Maya,maya-solana,mayasol.xyz,34134.png,"{""solana"":""25x9Av7ddPJQFVJy512VzzQ96A2Tqza22LtfHTKCpump""}"
34137,CROAK,Croak,croak,croakonlinea.eth.limo,34137.png,"{""linea"":""0xaCb54d07cA167934F57F829BeE2cC665e1A5ebEF""}"
34139,RAVANA,Ravana,ravana,ravanax.org,34139.png,"{""bnb"":""0xd8f658f1b60f76c15a04c6fc0198bdeb89f10221""}"
34141,BARA,Capybara Nation,capybara-nation,capybaranation.xyz,34141.png,"{""cronos"":""0xF24409D155965ca87c45aD5BC084aD8aD3Be4f39""}"
34143,WHITE,WhiteRock,whiterock,whiterock.fi,34143.png,"{""ethereum"":""0x9cdf242Ef7975D8c68D5C1F5B6905801699b1940"",""solana"":""ENWC66tsY6cyqSrd8a7S9ETc712xCcSAuGcRUwSMWhyo""}"
34146,FROX,Frox,frox-ai,frox.ai,34146.png,"{""solana"":""AXzueZQiCjJStGPuGTYt1jyJdG7pcSwjVorWmpN9vm1i""}"
34149,AIFUN,AI Agent Layer,ai-agent-layer,aiagentlayer.com,34149.png,"{""base"":""0xbDF317F9C153246C429F23f4093087164B145390""}"
34150,KAT,NearKat,nearkat,nearkat.com,34150.png,"{""near-protocol"":""kat.token0.near""}"
34151,PROJECT89,Project89,project89,project89.org,34151.png,"{""solana"":""Bz4MhmVRQENiCou7ZpJ575wpjNFjBjVBSiVhuNg1pump""}"
34152,DDBAM,Didi Bam Bam,didi-bam-bam,didibambam.me,34152.png,"{""ethereum"":""0x5832Fbf930DacbDd9a1697dCA7b3C518277FF0b0""}"
34158,VERTAI,Vertical AI,vertical-ai,verticalstudio.ai,34158.png,"{""ethereum"":""0xcDbddbdEFB0eE3eF03a89AFcd714aa4ef310D567""}"
34162,HISS,Snake of Solana,snake-of-solana,snakeofsolana.com,34162.png,"{""solana"":""3kM6vNo8WeCd7DY3EZBjPuFQ9h8gi3Bm5T8rFPQq1WBt""}"
34163,MGT,Moongate,moongate,moongate.id,34163.png,"{""bnb"":""0x3C6256F234Ba638E5883c46b3fEdb00ea2e66b8A""}"
34165,ORA,ORA,ora,ora.io,34165.png,"{""ethereum"":""0x33333333FEde34409Fb7f67c6585047E1F653333"",""base"":""0x333333c465a19c85f85c6cfbed7b16b0b26e3333"",""solana"":""BPYhCMNao2XG4UR771LurHrwUg3rcp76jmg4XFfAacvg"",""bnb"":""0x333333c465a19c85f85c6cfbed7b16b0b26e3333""}"
34166,EVAN,Evan,evanthehobo-com,evanthehobo.com,34166.png,"{""solana"":""GFUgXbMeDnLkhZaJS3nYFqunqkFNMRo9ukhyajeXpump""}"
34168,MANIFEST,Manifest,manifest-cool,manifest.cool,34168.png,"{""solana"":""6cvrZWgEUkr82yKAmxp5cQu7wgYYBPULf16EUBp4pump""}"
34173,KACY,markkacy,markkacy,markkacy.lol,34173.png,"{""solana"":""6QSVGUEyBZWRshnXKhS96NQ97vGWiTu61SyHLAbYpump""}"
34174,BABYSOL,Baby Solana,baby-solana-meme,babysolana.meme,34174.png,"{""solana"":""54meDtup2K7pqyhUK24AymoLzMPtrkhNTbEzQ6gSpump""}"
34176,EURQ,Quantoz EURQ,quantoz-eurq,quantoz.com,34176.png,"{""ethereum"":""0x8dF723295214Ea6f21026eeEb4382d475f146F9f"",""algorand"":""2768422954"",""polygon-ecosystem-token"":""0xD571Edb2EF29DF10fcd6200fd6D0Ed2389983db3"",""xrp"":""4555525100000000000000000000000000000000""}"
34177,USDQ,Quantoz USDQ,quantoz-usdq,quantoz.com,34177.png,"{""ethereum"":""0xc83e27f270cce0A3A3A29521173a83F402c1768b"",""algorand"":""2768603795"",""polygon-ecosystem-token"":""0xB291996477504506Bf5f583102B5B5ea5d1E40E0"",""xrp"":""5553445100000000000000000000000000000000""}"
34178,TYPUS,Typus,typus-finance,typus.finance,34178.png,"{""sui"":""0xf82dc05634970553615eef6112a1ac4fb7bf10272bf6cbe0f80ef44a6c489385::typus::TYPUS""}"
34181,AICELL,AICell,aicell,aicell.world,34181.png,"{""bnb"":""0xde04da55b74435d7b9f2c5c62d9f1b53929b09aa""}"
34184,AAA,aaa cat,aaa-cat,aaacatsui.com,34184.png,"{""sui"":""0xd976fda9a9786cda1a36dee360013d775a5e5f206f8e20f84fad3385e99eeb2d::aaa::AAA""}"
34186,DROP,DROP,drop,xrp-drop.com,34186.png,"{""xrp"":""44524F5000000000000000000000000000000000.rszenFJoDdiGjyezQc8pME9KWDQH43Tswh""}"
34187,LOFI,LOFI,lofitheyeti,lofitheyeti.com,34187.png,"{""sui"":""0xf22da9a24ad027cccb5f2d496cbe91de953d363513db08a3a734d361c7c17503::LOFI::LOFI""}"
34190,WAWA,Wawa Cat,wawa-cat,wawaacto.com,34190.png,"{""solana"":""8Sk2EJ9oo25b7Mmf4qd5gJw6z3738AXvAbkuSSpQpump""}"
34194,HELA,Science Cult Mascot,science-cult-mascot,helacult.com,34194.png,"{""solana"":""DRVM9vP5coW4WHsNv1kajhn55duyuua4cJ9NGkSApump""}"
34195,BBC,BLUE BUTT CHEESE,blue-butt-cheese,bluebuttcheese.com,34195.png,"{""solana"":""CmAtKbUSM2HErtaQmonrxiV7qXo3mDganWw9KEimbutt""}"
34203,SLAP,CatSlap,catslap,catslaptoken.com,34203.png,"{""ethereum"":""0xF107edABF59ba696E38DE62Ad5327415Bd4D4236""}"
34211,SUL,Sulaana,sulaana,sulaana.com,34211.png,{}
34212,XAUM,Matrixdock Gold,matrixdock-gold,matrixdock.com,34212.png,"{""ethereum"":""0x2103E845C5E135493Bb6c2A4f0B8651956eA8682"",""bnb"":""0x23AE4fd8E7844cdBc97775496eBd0E8248656028"",""sui"":""0x9d297676e7a4b771ab023291377b2adfaa4938fb9080b8d12430e4b108b836a9::xaum::XAUM"",""solana"":""5aLhp9VnUEKcsdtkfsf2DUgpJfomx7GmYVny24dHUZoB"",""stellar"":""CC2RBGYNCFBCVENIDL5BFBWPH4OUZM2UA3OD2K2N54GLMWCC4KWPVAGO"",""arc-token"":""0x178b01f61CBeA1D2a5581Fe1621Be607835EC349"",""hyperliquid"":""0x14F0DFC32e8af769961B31ba3e89389bD6797652"",""plume"":""0xA0C4F78A29ead4ABf6b7f5B3F0d05C0f3EAb8DDf""}"
34213,GM,GM Everyday,gm-everyday,saygmeveryday.io,34213.png,"{""base"":""0x5D9c2457a10d455e0AD8e28e40CC28EACF27A06a""}"
34214,ASPIRIN,Aspirin,aspirin,aspirincto.world,34214.png,"{""solana"":""7LrPC2JshiWSmQpFdj6A18Bicmha2AtpFetfCtGjQg9m""}"
34215,PLPA,Palapa,palapa,palapatoken.id,34215.png,"{""ethereum"":""0x2eb05470a5b54065569ba1ef0fb94509538fbaf2""}"
34221,BONKEY,Bonkey,bonkey,basedbonkey.com,34221.png,"{""base"":""0x3C5fdF0ee37D62C774025599E3b692D027746E24""}"
34227,COBY,Coby,coby,yourfriendcoby.com,34227.png,"{""solana"":""8WnQQRbuEZ3CCDbH5MCVioBbw6o75NKANq9WdPhBDsWo""}"
34229,STOOS,STO Operating System,security-token-offering,stochain.io,34229.png,"{""kaia"":""0x15512e654ddc92273dceac1399e09c7fb9def476""}"
34239,SEP,Smart Energy Pay,smart-energy-pay,smartenergypay.com,34239.png,{}
34240,SUPRA,SUPRA,supra,supra.com,34240.png,{}
34241,CRISPR,CRISPR,crispr,crisprcto.club,34241.png,"{""solana"":""y7wNY8XY2U1Epg4ocFLzSod7HJnto8Mfv9x7BiNubmb""}"
34251,FLOWER,FlowerAI,flowerai,flowerai.app,34251.png,"{""solana"":""AVyjco9j8vv7ZPkhCpEoPJ3bLEuw7G1wrrNt8DrApump""}"
34252,DOGEFATHER,DOGEFATHER,dogefathersol,getdogefathermemes.com,34252.png,"{""solana"":""EcYK2XNG4wWr2vDg2M2Hrts6SrU2QB4NzXLBf888pump""}"
34254,SDM,Shieldeum,shieldeum,shieldeum.net,34254.png,"{""bnb"":""0x516f8a1fB458EBdcFd0F544fF85c69C1c0Ebc31d"",""base"":""0x9cfe02Eb040C6F5718126128DBBa0c1d364d9c07""}"
34261,WFI,WeFi,wfi,wefi.co,34261.png,"{""bnb"":""0x90c48855bb69f9d2c261efd0d8c7f35990f2dd6f""}"
34265,QF,QF Network,quantum-fusion-network,qfnetwork.xyz,34265.png,"{""ethereum"":""0x6019Dcb2d0b3E0d1D8B0cE8D16191b3A4f93703d""}"
34266,KEYCAT,Keyboard Cat(keycatsol.com),keyboard-cat-sol,keycatsol.com,34266.png,"{""solana"":""9pPE1q9EW1bMQWbHmffrzUCfRr7S82UoxNUFfA6mAZC6""}"
34267,BLOB,Blob(belikeblob.com),be-like-blob,belikeblob.com,34267.png,"{""solana"":""92kxUXDsBQLy5ptGxtmH9CDYd5E6ZQynzf2eFPiUpump""}"
34268,GLDT,GLDT,gldt,gldt.org,34268.png,"{""ethereum"":""0x86856814e74456893Cfc8946BedcBb472b5fA856"",""internet-computer"":""6c7su-kiaaa-aaaar-qaira-cai"",""arbitrum"":""0x86856814e74456893Cfc8946BedcBb472b5fA856"",""base"":""0x86856814e74456893Cfc8946BedcBb472b5fA856""}"
34269,MEY,Mey Network,mey-network,mey.network,34269.png,"{""base"":""0x8bFAc1b375bf2894D6F12fb2Eb48B1C1a7916789""}"
34271,RIZZMAS,Rizzmas,rizzmas,rizzmas.lol,34271.png,"{""solana"":""85cQsFgbi8mBZxiPppbpPXuV7j1hA8tBwhjF4gKW6mHg""}"
34276,BIAO,BIAO,biaotoken,biaotoken.com,34276.png,"{""solana"":""2ru87k7yAZnDRsnqVpgJYETFgqVApuBcwB2xDb19pump""}"
34279,ASS,WE LOVE ASS,we-love-ass,weloveass.com,34279.png,"{""solana"":""CfgmB9iTWABdYh3CHQQDUGtWy18rMNAEEqyp4GrJpump""}"
34281,XSAT,exSat Network,exsat-network,exsat.network,34281.png,{}
34283,JORGIE,Monkey Taken By Police,monkey-taken-by-police,,34283.png,"{""solana"":""AMgMqadZ7Qpe9PCQwehAG3Xbg5cf8JxCxH7sGCSupump""}"
34284,WSHIDO,Wrapped Shido,wrapped-shido,shido.io,34284.png,{}
34285,CLANKER,tokenbot,tokenbot-2,clanker.world,34285.png,"{""base"":""0x1bc0c42215582d5a085795f4badbac3ff36d1bcb""}"
34286,YELPE,Yellow Pepe,yellow-pepe-vip,yellowpepe.vip,34286.png,"{""solana"":""3JVxH5QT9z3v7Gi2z4K4N69Bma6PHj8uovX8tYdQpump""}"
34297,F,SynFutures,synfutures,synfutures.com,34297.png,"{""ethereum"":""0x6e15A54B5EcAc17e58daDedDbe8506a7560252F9"",""base"":""0x2c24497d4086490e7ead87cc12597fb50c2e6ed6"",""bnb"":""0xc9cCbd76c2353e593Cc975F13295e8289d04D3Bb""}"
34299,MONET,Claude Monet Memeory Coin,claude-monet-memeory-coin,monet.meme,34299.png,"{""ethereum"":""0x44d34975bF7Fe025007E236cE4e0b0395687773B""}"
34300,SIZE,Size,size,sizecoin.xyz,34300.png,"{""solana"":""HqLRjru6pD6GFGnQ7TwSSGQRuPhF8UZNey9T4yCsZzuq""}"
34301,LESLIE,Leslie,leslie,leslietoken.com,34301.png,"{""ethereum"":""0xcc9e0bd9438ca0056653d134de794abeaff8c676""}"
34310,KANGO,KANGO,kango,kango.run,34310.png,{}
34312,LFDOG,lifedog,lifedog,lifedog.xyz,34312.png,"{""ethereum"":""0x425087BF4969f45818c225aE30f8560cE518582e""}"
34317,SAINT,Satoshi AI agent by Virtuals,satoshi-ai-agent-by-virtuals,satoshi-vision.vercel.app,34317.png,"{""base"":""0x7588880d9c78E81FAde7b7e8DC0781E95995a792""}"
34319,AGENTFUN,AgentFun.AI,agentfun-ai,agentfun.ai,34319.png,"{""cronos"":""0x18d40Bd95e34d1a4fcaf9027Db11F6988e5B860A""}"
34330,FAI,Freysa,freysa-ai,freysa.ai,34330.png,"{""base"":""0xb33Ff54b9F7242EF1593d2C9Bcd8f9df46c77935""}"
34332,PURR,Purr,purr,app.hyperliquid.xyz,34332.png,"{""hyperliquid"":""0x9b498c3c8a0b8cd8ba1d9851d40d186f1872b44e""}"
34338,MORTY,Morty,morty-solana,morty-sol.fun,34338.png,"{""solana"":""9rbVug7zTt4UPb1YuasTVUJVcaeb9JgJdJ2ejf7pump""}"
34342,TRD,Triad,triad,triadfi.co,34342.png,"{""solana"":""t3DohmswhKk94PPbPYwA6ZKACyY3y5kbcqeQerAJjmV""}"
34346,HEEHEE,HeeeHeee,heeeheee,heehee.community,34346.png,"{""solana"":""9dLuVbJMd4ZpTpFgmaFHAGSsFwVjtcnzFWaLAA1expHg""}"
34348,EMT,EarthMeta,earthmeta,earthmeta.ai,34348.png,"{""ethereum"":""0xeb7a9ad524ca0bcad732e971339990d112c2002c""}"
34350,LESTER,Lester,lester,lester.vip,34350.png,"{""solana"":""5z3iCe53hUANTiG8Js8RjHNE2Arjik7L2CXLyr2rpump""}"
34366,DMT-NAT,NAT,nat,natgmi.com,34366.png,"{""bitcoin"":""42411874""}"
34369,MEOW,Meow,meowfi,meowfi.io,34369.png,"{""solana"":""BUhS5coXEt9hcxN3JSpGYUWSKbNo96RsKu52LcMo12rf""}"
34370,HGT,Project Hive,project-hive,project-hive.io,34370.png,"{""solana"":""HGTxJQKzuMjzKkHVpRLcFHwE6ngVCJbcP35FDQtmRzhx""}"
34371,XRPETF,XRP ETF,xrp-etf,xrpetf.site,34371.png,"{""solana"":""HyBAcPFiRuWgyUYNwR3YQrQXEw7qqoRoHyGfDxz8B1Xk""}"
34377,SERAPH,Seraph,seraph,seraph.game,34377.png,"{""ethereum"":""0xd6B48CCF41a62EB3891e58D0F006B19B01d50cCa"",""bnb"":""0xd6B48CCF41a62EB3891e58D0F006B19B01d50cCa""}"
34378,SHIRO,Shiro Neko,shiro-neko,shironeko.life,34378.png,"{""ethereum"":""0xb0AC2b5a73da0e67A8e5489Ba922B3f8d582e058""}"
34383,FCO,Fanatico,fanatico,fco.fanatico.com,34383.png,"{""ethereum"":""0x41a1ef3d81D091465F22E8ED2a7e06d59A8532B7"",""bnb"":""0x41a1ef3d81D091465F22E8ED2a7e06d59A8532B7"",""polygon-ecosystem-token"":""0x41a1ef3d81D091465F22E8ED2a7e06d59A8532B7"",""tron"":""TVE6ZBZeJeXGFLfwSuLwY7JRhBXmiLaZbg""}"
34386,AGRI,AgriDex,agridex,agridex.com,34386.png,"{""solana"":""AGRidUXLeDij9CJprkZx7WBXtTQC67jtfiwz293mVrJ""}"
34387,RLUSD,Ripple USD,ripple-usd,ripple.com,34387.png,"{""ethereum"":""0x8292bb45bf1ee4d140127049757c2e0ff06317ed"",""optimism-ethereum"":""0x8d58c0c60b8d6b88fa98b291a646db34d0f98258"",""xrp"":""524C555344000000000000000000000000000000.rMxCKbEDwqr76QuheSUMdEGf4B9xJ8m5De"",""base"":""0x8d58c0c60b8d6b88fa98b291a646db34d0f98258"",""uniswap"":""0x8d58c0c60b8d6b88fa98b291a646db34d0f98258"",""ink-token"":""0x8d58c0c60b8d6b88fa98b291a646db34d0f98258""}"
34406,FRIC,Fric,fric,fricthefrog.xyz,34406.png,"{""solana"":""EsP4kJfKUDLfX274WoBSiiEy74Sh4tZKUCDjfULHpump""}"
34411,BABYXRP,Baby Ripple (babyxrp.xyz),baby-ripple-xyz,babyxrp.xyz,34411.png,"{""solana"":""2QYmQA5k8dFei18MjoaHocEzStBohFiifdnK2vi2pump""}"
34421,GMIX,One,gmix,gmix.io,34421.png,"{""polygon-ecosystem-token"":""0x5a3999445d4cb78b8560b9083eee7db56f9f046e""}"
34422,BOB,Build On BNB,build-on-bnb,buildonbnbbob.com,34422.png,"{""bnb"":""0x51363F073b1E4920fdA7AA9E9d84BA97EdE1560e""}"
34425,LLM,LLM,llm,linktr.ee,34425.png,"{""solana"":""DyT6mdhiAYbHPML2AVXviGVxMQbc6Z3VmPZ2MQG6pump""}"
34427,JAK,Jak,jak,jak-coin.com,34427.png,"{""solana"":""FBbnzHwJ1WHYwP425cqMNb2t7o7sm6AXQjsQ3sZRpump""}"
34428,HAWK,Hawk Tuah (overhere.gg),hawk-tuah-token,overhere.gg,34428.png,"{""solana"":""HAWKThXRcNL9ZGZKqgUXLm4W8tnRZ7U6MVdEepSutj34""}"
34429,MISATO,MISATO,misato,misato.ai,34429.png,"{""base"":""0x98f4779fccb177a6d856dd1dfd78cd15b7cd2af5""}"
34434,REKT,Rekt (rekt.com),rekt-eth,rekt.com,34434.png,"{""ethereum"":""0xdd3B11eF34cd511a2DA159034a05fcb94D806686"",""base"":""0xb3e3c89b8d9c88b1fe96856e382959ee6291ebba"",""solana"":""vQoYWru2pbUdcVkUrRH74ktQDJgVjRcDvsoDbUzM5n9"",""bnb"":""0x20482b0b4d9d8f60d3ab432b92f4c4b901a0d10c""}"
34447,M3M3,M3M3,m3m3,m3m3.meteora.ag,34447.png,"{""solana"":""M3M3pSFptfpZYnWNUgAbyWzKKgPo5d1eWmX6tbiSF2K""}"
34450,LMI,Lockheed Martin Inu,lockheed-martin-inu,lockheedmartininu.org,34450.png,"{""ethereum"":""0xAf05Ce8A2Cef336006E933c02fc89887F5B3C726""}"
34452,GET,Get AI,get-ai,getcommunity.ai,34452.png,"{""bnb"":""0x6eB6e8974264BeE01c160F1770a38f8e6dE1a3B1""}"
34456,READY,Ready Cards,ready,ready.cards,34456.png,"{""solana"":""HKJHsYJHMVK5VRyHHk5GhvzY9tBAAtPvDkZfDH6RLDTd""}"
34457,$AKUMA,Akuma Inu,akuma-inu,akumainu.io,34457.png,"{""base"":""0x2F20Cf3466f80A5f7f532fCa553c8cbc9727FEf6""}"
34461,SANTA,Santa,santa,santatokensol.io,34461.png,"{""solana"":""EhzVcKKmGjLk6pD5gLT6ZrTg62bMgPgTSCXXmANnSyQA""}"
34466,PENGU,Pudgy Penguins,pudgy-penguins,pengu.pudgypenguins.com,34466.png,"{""solana"":""2zMMhcVQEXDtdE6vsFS7S7D5oUodfJHE8vd1gnBouauv"",""ethereum"":""0x6418c0dd099a9fda397c766304cdd918233e8847"",""hyperliquid"":""0xfa44c2634ff17cbe26dc3007d36bd61c79068c14"",""bnb"":""0x6418c0dd099a9fda397c766304cdd918233e8847"",""robinhood-placeholder"":""0x74BE72AFFAFbC8de30F0C11247814036314D625f""}"
34469,ALTT,Altcoinist,altcoinist,altcoinist.com,34469.png,"{""base"":""0x1B5cE2a593a840E3ad3549a34D7b3dEc697c114D""}"
34478,GATO,Gato CTO,gato-cto,gatocto.com,34478.png,"{""solana"":""G7BJzg55Afx6Tn6J9CJfA444jMf6QJbVjgQAevNTpump""}"
34484,VAL,Store of Value,store-of-value,valmeme.com,34484.png,"{""solana"":""DtwN3PHiKEpK1MSekViVC8QifdRJCkML6HG16sXHpump""}"
34488,GOBI,GOBI,gverse,gobi.green,34488.png,"{""solana"":""CwdjgD54hgTQChspxHhirWLQWqy3EsxtndrcpLBqpump""}"
34491,GO4,GameOnForge,gameonforge,gameonforge.com,34491.png,"{""arbitrum"":""0x85b7FA2a3Cfe5ED48B619EC967750462A1FD9557""}"
34495,PHI,Phicoin,phicoin,phicoin.net,34495.png,"{""solana"":""BxVQV55MSNF48H3Lur4fj9CTEA7bCVmFJg7gfym1Gs5M""}"
34498,ITHACA,Ithaca Protocol,ithaca-protocol,ithacaprotocol.io,34498.png,"{""ethereum"":""0x1095ae55b62174d9ea3bc6a4136acacad461d7ce"",""bnb"":""0x49f1D4dB3ea1a64390E990C6deBEaC88EAC007Ca""}"
34506,LIMITLESS,Limitless,limitless,onlywithneo.com,34506.png,"{""solana"":""44o1iDPGuzHxQgDrPE3HRb2WXwGLsBsY7yMttX47pump""}"
34513,MUSKIT,Musk It,musk-it,muskit.io,34513.png,"{""solana"":""9So52ugZh2BLBT3f7p61947q91uQh2DyvbfyMDeRpump""}"
34516,RAT,RAT Escape,rat-escape,ratescape.xyz,34516.png,"{""solana"":""3vJenGaGsuKG5shPhi7rjnuy3MV6xjmBTGjYqYzXpump""}"
34519,PEPE,Pepe on Sui,pepe-on-sui,suipepe.com,34519.png,"{""sui"":""0x288710173f12f677ac38b0c2b764a0fea8108cb5e32059c3dd8f650d65e2cb25::pepe::PEPE""}"
34520,GOR,Gold Reserve,gold-reserve,goldreserverwa.com,34520.png,"{""bnb"":""0x014d05725f9D95BC371A184373fAb4eD0Bd577ee""}"
34523,LUFFY,Luffy Mugiwara,luffy-mugiwara,luffymugiwaratoken.xyz,34523.png,"{""bnb"":""0xE3EF5EB1A78E1d1a4Ef345052242cBcbcBCF164D""}"
34526,GRFT,Grafeté,grafete,grft.meme,34526.png,"{""solana"":""2aWos2YsA6YjN5DHX77diRUx7SKMg7H1U8hqL2N1iy5o""}"
34529,TRUST,Trust The Process,trust-the-process,trust.frl,34529.png,"{""solana"":""EqeEBGHQhQy6SqeaJcnqAsNs3qaG19sdF89Xsarpump""}"
34538,UNKOWN,""" """,nothing-sol,,34538.png,"{""solana"":""9qriMjPPAJTMCtfQnz7Mo9BsV2jAWTr2ff7yc3JWpump""}"
34542,HODI,Cat in Hoodie,cat-in-hoodie,catcartel.xyz,34542.png,"{""solana"":""HodiZE88VH3SvRYYX2fE6zYE6SsxPn9xJUMUkW1Dg6A""}"
34548,REALIS,Realis Worlds,realis-worlds,realisworlds.com,34548.png,"{""solana"":""EBGaJP7srpUUN8eRdta1MsojrNtweuHYsdP3P1TRpump""}"
34549,A1X,AI Nexus,ai-nexus,ainexus.ltd,34549.png,"{""solana"":""mntCwvmSD2zjYNkF86hPYyDRyU3EdwT4cXwTkoVsPai"",""multiversx-egld"":""A1X-0d446d""}"
34552,AIXCB,aixCB by Virtuals,aixcb-by-virtuals,aixcbcapital.com,34552.png,"{""base"":""0x76C71F1703Fbf19FFdcF3051E1e684Cb9934510f"",""solana"":""GqnZQE5MPu2Msqwq8k2VTmHvMQKccR6HKd8hbx39v3CU""}"
34559,AFITR,A Fork in the Road,a-fork-in-the-road,afitr.art,34559.png,"{""solana"":""83Ur4XYc5QyRNBshoW2Yu9cCLyNDV9s5krBu11JWDxxq""}"
34563,SCIHUB,sci-hub,sci-hub,scihub.fans,34563.png,"{""solana"":""GxdTh6udNstGmLLk9ztBb6bkrms7oLbrJp5yzUaVpump""}"
34565,KENSEI,Kensei,kensei,kenseishido.xyz,34565.png,{}
34566,CATZILLA,CATZILLA,catzilla,catzilla.meme,34566.png,"{""solana"":""cat3tiVK2TzJjxYHshNfmq2bKAhVwaobXWL4kdWNtrv""}"
34570,TREEINCAT,Tree Stuck in Cat,tree-stuck-in-cat,treeincat.com,34570.png,"{""solana"":""5AzTQ5zUuWUNGetxaRpo9DK9w8FQXoPjn5a4ZXMMmoon""}"
34571,BULLY,Dolos The Bully,dolos-the-bully,dolosdiary.com,34571.png,"{""solana"":""79yTpy8uwmAkrdgZdq6ZSBTvxKsgPrNqTLvYQBh1pump""}"
34573,AUTOS,CryptoAutos,cryptoautos,cryptoautos.com,34573.png,"{""ethereum"":""0xf477AC7719e2e659001455cDDA0cc8f3aD10b604""}"
34574,CULT,Milady Cult Coin,milady-cult-coin,cult.inc,34574.png,"{""ethereum"":""0x0000000000c5dc95539589fbD24BE07c6C14eCa4""}"
34576,PEPEDNA,PEPE DNA,pepe-dna,pepedna.vip,34576.png,"{""solana"":""5n4koaSasAfMNVq5ZTErEDo9X3iSz53pcqMhKY5UEakk""}"
34583,MYSTERY,Mystery,mystery-token,furies-mystery.com,34583.png,"{""ethereum"":""0x64c5cbA9A1BfBD2A5faf601D91Beff2dCac2c974""}"
34584,TOKI,Toki,toki,toki-dragon.com,34584.png,"{""ethereum"":""0x65086e9928d297Ebae6A7d24D8c3Aea6f8f6b5d7""}"
34585,BSX,BSX,bsx,bsx.exchange,34585.png,"{""base"":""0xD47F3E45B23b7594F5d5e1CcFde63237c60BE49e""}"
34587,FROG,Frodo the virtual samurai,frodo-the-virtual-samurai,frogonbnb.com,34587.png,"{""bnb"":""0x4AD663403df2F0E7987bC9C74561687472e1611C""}"
34590,AIMONICA,Aimonica Brands,aimonica-brands,,34590.png,"{""solana"":""FVdo7CDJarhYoH6McyTFqx71EtzCPViinvdd1v86Qmy5""}"
34591,RAI,Reploy,reploy,reploy.ai,34591.png,"{""ethereum"":""0xc575BD129848Ce06A460A19466c30E1D0328F52C""}"
34595,RZ,RZcoin,rzcoin,coin.rz.game,34595.png,"{""bnb"":""0x6bc5abcc56874d7facb90c2c3812cc19aaf9b204""}"
34599,SSSSS,Snake wif Hat,snake-wif-hat,snakewifhat.pro,34599.png,"{""solana"":""5EdKas4QsHaa71QS1X98wiCTgJCCVMjw5GhY5QMKpump""}"
34600,REX,REVOX,revox,revox.ai,34600.png,"{""bnb"":""0x90869b3a42E399951bd5F5fF278B8CC5ee1Dc0fE""}"
34602,JAV,Javsphere,javsphere,javsphere.com,34602.png,"{""base"":""0xEdC68c4c54228D273ed50Fc450E253F685a2c6b9""}"
34610,MONKY,Wise Monkey,wise-monkey,wisemonky.com,34610.png,"{""bnb"":""0x59e69094398afbea632f8bd63033bdd2443a3be1""}"
34611,SEND,Suilend,suilend,suilend.fi,34611.png,"{""sui"":""0xb45fcfcc2cc07ce0702cc2d229621e046c906ef14d9b25e8e4d25f6e8763fef7::send::SEND""}"
34616,BONE,Fleabone,fleabone-eth,fleabone.com,34616.png,"{""ethereum"":""0x7076De6fF1d91e00Be7E92458089C833De99E22E""}"
34618,LAIKA,Laïka,laikachain-dog,laika.market,34618.png,"{""ethereum"":""0x19E1F2f837a3b90EBd0730cb6111189Be0E1b6D6""}"
34619,VANA,Vana,vana,vana.org,34619.png,"{""ethereum"":""0x7ff7fa94b8b66ef313f7970d4eebd2cb3103a2c0""}"
34622,BUCK,BUCK INU,buck-inu,buckinu.xyz,34622.png,"{""bnb"":""0xc6e41D1144CFAbd5345e11C7bB5c5944B4c62E33""}"
34623,MOANI,Paradise Tycoon,paradise-tycoon,paradisetycoon.com,34623.png,"{""avalanche"":""0xEeC951BFDEB358371a19512C6c33CdD840d47DB0""}"
34624,HFUN,Hypurr Fun,hypurr-fun,hypurr.fun,34624.png,{}
34625,PIP,PiP (Hyperliquid),pip-on-hl,x.com,34625.png,{}
34632,KNOT,Knot Diffie-Hellman,knot-diffie-hellman,quant.bond,34632.png,"{""solana"":""7RDvypx3p9EWq4nZZKux1ZQAc7DUWXpHTVKxCCnupump""}"
34636,SCI,PoSciDonDAO,poscidondao,poscidondao.com,34636.png,"{""base"":""0x25E0A7767d03461EaF88b47cd9853722Fe05DFD3""}"
34641,COCA,COCA,coca,coca.xyz,34641.png,"{""polygon-ecosystem-token"":""0x7B12598E3616261df1C05EC28De0d2fB10c1F206""}"
34645,VNTR,VentureMind AI,venturemind-ai,venturemind.ai,34645.png,"{""solana"":""4JFcUJ1HfFKz2F8thdu2frk558EjrLvKEmeMq1ZM2xBP""}"
34647,GAME,GAME by Virtuals,game-by-virtuals,app.virtuals.io,34647.png,"{""base"":""0x1c4cca7c5db003824208adda61bd749e55f463a3""}"
34648,VADER,Vader,vaderai-by-virtuals,app.virtuals.io,34648.png,"{""base"":""0x731814e491571a2e9ee3c5b1f7f3b962ee8f4870""}"
34649,CONVO,Prefrontal Cortex Convo Agent by Virtuals,prefrontal-cortex-convo-agent-by-virtuals,app.virtuals.io,34649.png,"{""base"":""0xab964f7b7b6391bd6c4e8512ef00d01f255d9c0d""}"
34650,SERAPH,Seraph by Virtuals,seraph-by-virtuals,app.virtuals.io,34650.png,"{""base"":""0x4f81837c2f4a189a0b69370027cc2627d93785b4""}"
34651,AIYP,Agent YP by Virtuals,agent-yp-by-virtuals,app.virtuals.io,34651.png,"{""base"":""0x919e43a2cce006710090e64bde9e01b38fd7f32f""}"
34655,GEMINI,Gemini,gemini-2,astrofolio.xyz,34655.png,"{""solana"":""ARiZfq6dK19uNqxWyRudhbM2MswLyYhVUHdndGkffdGc""}"
34657,VIRGO,Virgo,virgo-2,astrofolio.xyz,34657.png,"{""solana"":""Ez4bst5qu5uqX3AntYWUdafw9XvtFeJ3gugytKKbSJso""}"
34658,PISCES,Pisces,pisces,astrofolio.xyz,34658.png,"{""solana"":""3JsSsmGzjWDNe9XCw2L9vznC5JU9wSqQeB6ns5pAkPeE""}"
34660,LEO,Leo,leo-2,astrofolio.xyz,34660.png,"{""solana"":""8Cd7wXoPb5Yt9cUGtmHNqAEmpMDrhfcVqnGbLC48b8Qm""}"
34661,TAURUS,Taurus,taurus-2,astrofolio.xyz,34661.png,"{""solana"":""EjkkxYpfSwS6TAtKKuiJuNMMngYvumc1t1v9ZX1WJKMp""}"
34662,AQUARIUS,Aquarius,aquarius-2,astrofolio.xyz,34662.png,"{""solana"":""C49Ut3om3QFTDrMZ5Cr8VcTKPpHDcQ2Fv8mmuJHHigDt""}"
34663,CAPRICORN,Capricorn,capricorn-2,astrofolio.xyz,34663.png,"{""solana"":""3C2SN1FjzE9MiLFFVRp7Jhkp8Gjwpk29S2TCSJ2jkHn2""}"
34664,ARIES,Aries,aries,astrofolio.xyz,34664.png,"{""solana"":""GhFiFrExPY3proVF96oth1gESWA5QPQzdtb8cy8b1YZv""}"
34665,SCORPIO,Scorpio,scorpio,astrofolio.xyz,34665.png,"{""solana"":""J4fQTRN13MKpXhVE74t99msKJLbrjegjEgLBnzEv2YH1""}"
34666,CANCER,Cancer,cancer-2,astrofolio.xyz,34666.png,"{""solana"":""CmomKM8iPKRSMN7y1jqyW1QKj5bGoZmbvNZXWBJSUdnZ""}"
34667,SAGIT,Sagittarius,sagittarius,astrofolio.xyz,34667.png,"{""solana"":""8x17zMmVjJxqswjX4hNpxVPc7Tr5UabVJF3kv8TKq8Y3""}"
34668,LIBRA,Libra,libra-4,astrofolio.xyz,34668.png,"{""solana"":""7Zt2KUh5mkpEpPGcNcFy51aGkh9Ycb5ELcqRH1n2GmAe""}"
34669,NFTXBT,nftxbt by Virtuals,nftxbt-by-virtuals,app.virtuals.io,34669.png,"{""base"":""0x08c81699f9a357a9f0d04a09b353576ca328d60d""}"
34672,MUSTAAAAAARD,Mustard,mustard,mustardonthe.meme,34672.png,"{""solana"":""22Xeo6diWfJrScaoVFzgkwzrCByPukK45fdwkJyrpump""}"
34681,NEURO,NeuroWeb,neuroweb,neuroweb.ai,34681.png,{}
34686,M-BTC,Merlin Chain (M-BTC),merlin-chain-m-btc,merlinchain.io,34686.png,"{""ethereum"":""0x2F913C820ed3bEb3a67391a6eFF64E70c4B20b19"",""bnb"":""0x9BFA177621119e64CecbEabE184ab9993E2ef727"",""kava"":""0x59889b7021243dB5B1e065385F918316cD90D46c"",""sui"":""0xd1a91b46bd6d966b62686263609074ad16cfdffc63c31a4775870a2d54d20c6b::mbtc::MBTC"",""zksync"":""0xE757355edba7ced7B8c0271BBA4eFDa184aD75Ab"",""sei"":""0x9bfa177621119e64cecbeabe184ab9993e2ef727"",""merlin-chain"":""0xB880fd278198bd590252621d4CD071b1842E9Bcd"",""taiko"":""0xa6b3746d1b2270824e6560Adafe3Bc5e7545D33b""}"
34687,STREAM,Streamflow,streamflow,streamflow.finance,34687.png,"{""solana"":""STREAMribRwybYpMmSYoCsQUdr6MZNXEqHgm7p1gu9M""}"
34691,USDTB,Ethena Labs (USDtb),ethena-labs-usdtb,usdtb.money,34691.png,"{""ethereum"":""0xC139190F447e929f090Edeb554D95AbB8b18aC1C""}"
34694,BOMI,Book of Miggles,book-of-miggles,bookofmiggles.com,34694.png,"{""base"":""0x46D8f8Ba030c1D09ae17d2B5107dfef4B331fe0d""}"
34697,APU,Based Apu,based-apu,basedapu.org,34697.png,"{""base"":""0x6F35720b272BF23832852b13ae9888C706E1a379""}"
34711,LCAI,Lightchain AI,lightchain-ai,lightchain.ai,34711.png,"{""ethereum"":""0x9cA8530CA349c966Fe9ef903Df17a75B8A778927""}"
34717,LINGO,Lingo,lingo,lingocoin.io,34717.png,"{""solana"":""GWZGj6AM4pkWxQW6bifE6JChSRf2hEQFWFkYC4REaL7H"",""base"":""0xfb42Da273158B0F642F59F2Ba7cc1d5457481677""}"
34727,BRO,Neurobro,neurobro,neurobro.ai,34727.png,"{""base"":""0xc796E499CC8f599A2a8280825d8BdA92F7a895e0""}"
34733,TURBO,Based Turbo,based-turbo,basedturbo.io,34733.png,"{""base"":""0xBA5E66FB16944Da22A62Ea4FD70ad02008744460""}"
34734,SFG,SolForge Fusion,solforge-fusion,solforgefusion.com,34734.png,"{""solana"":""BLiUhfaUFbSoMVeRqq3QYTA1eJsTsB3ZDEYtUsGGQ9em""}"
34737,INKY,Inkryptus,inkryptus,inkryptus.com,34737.png,"{""bnb"":""0x75a320C97205DD2e70e09085d1408c73A73D4d8f""}"
34746,LMT,Limitus,limitus,limitus.ai,34746.png,"{""solana"":""86t88w3MKT38HChTBKBwEeb1RW1MeTceaW68qY2Vpump""}"
34751,FARM,FARM,farm-2,thefarm.fun,34751.png,"{""hyperliquid"":""0x11c83b5cfeb6419a74a85a5aaba0511d""}"
34753,WS,Wrapped Sonic,wrapped-sonic,soniclabs.com,34753.png,"{""sonic"":""0x039e2fB66102314Ce7b64Ce5Ce3E5183bc94aD38""}"
34754,FOMO,FOMO (fomo.fund),fomo-fund,fomo.fund,34754.png,"{""solana"":""ZxBon4vcf3DVcrt63fJU52ywYm9BKZC6YuXDhb3fomo""}"
34756,NATO,The Nation Token,the-nation-token,thenationtoken.com,34756.png,"{""base"":""0xd968196fa6977c4e58f2af5ac01c655ea8332d22""}"
34762,DRX,DoctorX,doctorx,doctorx.meme,34762.png,"{""multiversx-egld"":""DRX-b7f337""}"
34763,BBSNEK,BabySNEK,babysnek,babysnek.io,34763.png,"{""cardano"":""7507734918533b3b896241b4704f3d4ce805256b01da6fcede43043642616279534e454b""}"
34769,KIP,KIP Protocol,kip-protocol,kip.pro,34769.png,"{""ethereum"":""0x946fb08103b400d1c79e07acCCDEf5cfd26cd374""}"
34771,SKICAT,Ski Mask Cat,ski-mask-cat,skicat.org,34771.png,"{""base"":""0xA6f774051dFb6b54869227fDA2DF9cb46f296c09""}"
34777,XYZ,XYZVerse,xyzverse,xyzverse.io,34777.png,"{""bnb"":""0x9e9035aafeCB30CfD5355a10F93a270e33bc4293""}"
34783,CIRCLE,Ultraround Money,ultraround-money,ultraroundmoney.com,34783.png,"{""base"":""0x5babfc2f240bc5de90eb7e19d789412db1dec402""}"
34784,X,Free Speech,freespeecheth,freespeecheth.com,34784.png,"{""ethereum"":""0x140007c65535aa9c3801ea3bbd3f83c378c7f457""}"
34790,SOLID,Solana ID,solana-id,solana.id,34790.png,"{""solana"":""SoLiDMWBct5TurG1LNcocemBK7QmTn4P33GSrRrcd2n""}"
34792,GRIFFAIN,GRIFFAIN,griffain,griffain.com,34792.png,"{""solana"":""KENJSUYLASHUMfHyy5o4Hp2FdNqZg1AsUPhfH2kYvEP""}"
34793,STARS,STARS,cryptoallstars,cryptoallstars.io,34793.png,"{""ethereum"":""0x04F121600c8C47A754636fc9d75661a9525e05D5""}"
34794,ISLAND,ISLAND Token,nifty-island,niftyisland.com,34794.png,"{""ethereum"":""0x157a6df6B74F4E5E45af4E4615FDe7B49225a662"",""base"":""0x157a6df6B74F4E5E45af4E4615FDe7B49225a662"",""solana"":""HX6zNkjJ7zy653VoDWzbaYpSg7BrgLfq4i4RA7D5nkkz""}"
34795,MEDXT,Medxt,medichainx,medxt.ai,34795.png,"{""ethereum"":""0x755d61b9aCBC7FCc935E280291cD86cC1913af93""}"
34807,ODOS,Odos,odos,odos.xyz,34807.png,"{""base"":""0xca73ed1815e5915489570014e024b7EbE65dE679""}"
34811,TRENCHAI,Trenches AI,trenches-ai,docs.trenchesai.com,34811.png,"{""solana"":""AaWVpk6eZbgBfVbq1UfXw3EXBmAvw4QXov1xHuG7pump""}"
34812,BIO,Bio Protocol,bio,bio.xyz,34812.png,"{""ethereum"":""0xcb1592591996765ec0efc1f92599a19767ee5ffa"",""solana"":""bioJ9JTqW62MLz7UKHU69gtKhPpGi1BQhccj2kmSvUJ"",""base"":""0x226a2fa2556c48245e57cd1cba4c6c9e67077dd2""}"
34813,FURM,Furmula,furmula,furmula.games,34813.png,"{""solana"":""866Sh46xjH7cW7aW18tBUmGm3xh6EzGTk1Li7YbbmqJr""}"
34814,FARTCOIN,Based Fartcoin,based-fartcoin,basedfartcoin.com,34814.png,"{""base"":""0x2f6c17fa9f9bc3600346ab4e48c0701e1d5962ae""}"
34817,MOLECULE,Molecule,molecule-solana,moleculemoon.xyz,34817.png,"{""solana"":""3QPiinFaKeBkv28boLjn9rv1ci6WEd6VXAfmNHz8XEeJ""}"
34824,SKINUT,Skimask Pnut,skimask-pnut,skimaskpnut.meme,34824.png,"{""base"":""0x85cf87e35Bf9D20380889016bac20e519324d928""}"
34828,SAVE,Save,save,save.finance,34828.png,"{""solana"":""SAVEaeeqeXNKYb4Lyx28DkUms5gyZ76vGa6fCfdzWfK""}"
34829,PEPEC,Pepe Clanker,pepe-clanker,pepeclankerbase.com,34829.png,"{""base"":""0x1196c6704789620514fD25632aBe15F69a50bc4f""}"
34830,BGSC,BugsCoin,bugscoin,bugscoin.com,34830.png,"{""bnb"":""0xa4B68D48D7bc6f04420e8077E6F74bdeF809dEa3""}"
34832,SYNDOG,Synthesizer Dog,synthesizer-dog,synthesizerdog.fun,34832.png,"{""base"":""0x3D1D651761D535Df881740AB50Ba4BD8a2EC2C00""}"
34835,TAOBOT,tao.bot,tao-bot,tao.bot,34835.png,"{""ethereum"":""0x49fb8ad7578148E17c3eF0C344CE23A66ed372C4""}"
34836,SHIDO,Shido Network,shido-network,shido.io,34836.png,"{""ethereum"":""0x0e173bfd28ef21bc460718bcd9b610b7fcd7f041"",""osmosis"":""ibc/62B50BB1DAEAD2A92D6C6ACAC118F4ED8CBE54265DCF5688E8D0A0A978AA46E7""}"
34842,DEPINS,DePINs,depins,depins.app,34842.png,"{""iotex"":""0x2716789482EA21B15eE9bb6c07dc8251150f36f6""}"
34848,TAOCAT,TAOCat by Virtuals & Masa,taocat-by-virtuals-masa,masa.ai,34848.png,"{""base"":""0x7a5f5ccd46ebd7ac30615836d988ca3bd57412b3""}"
34849,RBNT,Redbelly Network,redbelly-network,redbelly.network,34849.png,"{""ethereum"":""0xb45ffb51984d626ee758b336c61cf20990c6bf13"",""solana"":""AKbyFYEgueHwS7V4S3gXsWpGJZvv3f7WMkRMFdrenSG1""}"
34853,UFD,Unicorn Fart Dust,unicorn-fart-dust,unicornfartdust.com,34853.png,"{""solana"":""eL5fUxj2J4CiQsmW85k5FG9DvuQjjUoBHoQBi2Kpump""}"
34854,YNE,yesnoerror,yesnoerror,yesnoerror.com,34854.png,"{""solana"":""7D1iYWfhw2cr9yBZBFE6nZaaSUvXHqG5FizFFEZwpump"",""base"":""0xe2f9db0186b13668aec9fe0e15dbd13004ed8d6f""}"
34855,LUIGI,Luigi Mangione,luigi-mangione,soluigi.com,34855.png,"{""solana"":""5XyKkFaJpAmsH4Tf2EFj3S61W3hC5cJhxNZQQ5h1pump""}"
34863,BEPE,BEPE,bepe,bepe.live,34863.png,"{""base"":""0x10f434B3d1cC13A4A79B062Dcc25706f64D10D47""}"
34872,$1,just buy $1 worth of this coin,just-buy-1-worth-of-this-coin,1dollarsol.com,34872.png,"{""solana"":""GHichsGq8aPnqJyz6Jp1ASTK4PNLpB5KrD6XrfDjpump""}"
34877,QAAGAI,QAAGAI,qaagai,qaagai.com,34877.png,"{""bnb"":""0x7f22a8Af38BCF14b92cD65Ae8B19260FC0bEeFDf""}"
34880,ALCH,Alchemist AI,alchemist-ai,alchemistai.app,34880.png,"{""solana"":""HNg5PYJmtqcmzXrv6S9zP1CDKk5BgDuyFBxbvNApump""}"
34881,TEMA,Tema,tema,temacoin.com,34881.png,"{""solana"":""CnfshwmvDqLrB1jSLF7bLJ3iZF5u354WRFGPBmGz4uyf""}"
34888,KIKI,KIKICat,kikicat,kikicat.xyz,34888.png,"{""solana"":""HhCLbkW6FwhriTkk81W8tYstsRCLUu6Y7Je1SQjVpump""}"
34889,CORGI,Corgi Inu (corgibnb.com),corgi-inu-bnb,corgibnb.com,34889.png,"{""bnb"":""0x54ea4f36dFf50A75658087A141464d2c44b8837f""}"
34891,DORA,DORA AI by Virtuals,dora-ai-by-virtuals,xdora.ai,34891.png,"{""base"":""0x1e2093ab84768948c6176db5ad98c909ce97f368""}"
34892,CALLS,OnlyCalls by Virtuals,onlycalls-by-virtuals,onlycalls.fun,34892.png,"{""base"":""0xac743b05f5e590d9db6a4192e02457838e4af61e""}"
34893,GLUTEU,Gluteus Maximus by Virtuals,gluteus-maximus-by-virtuals,gluteusmaximus.org,34893.png,"{""base"":""0x06a63c498ef95ad1fa4fff841955e512b4b2198a""}"
34894,FORKY,Forky,forky,forkybsc.com,34894.png,"{""bnb"":""0x3e2242cb2fc1465822a0bb81ca2fe1f633a45757""}"
34896,LOKY,Loky AI,loky-by-virtuals,lokyai.com,34896.png,"{""base"":""0x1a3e429d2d22149cc61e0f539b112a227c844aa3""}"
34897,VU,Velvet Unicorn by Virtuals,velvet-unicorn-by-virtuals,app.virtuals.io,34897.png,"{""base"":""0x511ef9ad5e645e533d15df605b4628e3d0d0ff53""}"
34899,CERTAI,CertaiK by Virtuals,certaik-by-virtuals,certaik.xyz,34899.png,"{""base"":""0xf5f2a79eeccf6e7f4c570c803f529930e29cc96b""}"
34901,VIRTU,Virtu by Virtuals,virtu-2,virtuai.ink,34901.png,"{""base"":""0x41e0fe1317bd6e8944b037cd59b22d428c1434c2""}"
34905,OXI,Oxbull,oxbull,oxbull.tech,34905.png,"{""base"":""0x07fb80f7A8460DE3065d74B2663ba0D740fB3cA5""}"
34906,MDTI,MEDITOC,meditoc,meditoc.io,34906.png,"{""bnb"":""0x1d2ec31b2fcd89997a544d6e7444586dce529b4e""}"
34914,PHNIX,Phoenix,phoenix-xrp,phnix.lol,34914.png,"{""xrp"":""50484E4958000000000000000000000000000000.rDFXbW2ZZCG5WgPtqwNiA2xZokLMm9ivmN""}"
34915,BEATS,Beats on Base,beats-on-base,beatsonbase.ai,34915.png,"{""base"":""0x315B8c9A1123c10228d469551033440441b41F0b""}"
34916,SEN,Sentio AI,sentio-protocol,sentio.ai,34916.png,"{""ethereum"":""0x421b05cf5ce28Cb7347E73e2278E84472F0E4a88""}"
34921,MUSIC,Music by Virtuals,music-by-virtuals,music.virtuals.io,34921.png,"{""base"":""0xc655C331d1Aa7f96c252F1f40CE13D80eAc53504""}"
34926,ARC,AI Rig Complex,ai-rig-complex,arc.fun,34926.png,"{""solana"":""61V8vBaqAGMpgDQi4JcAwo1dmBGHsyhzodcPqnEVpump""}"
34936,SHIFU,Shifu,shifutoken,shifutoken.com,34936.png,"{""ethereum"":""0x2CC7A972ebC1865B346085655f929AbFa74CD4dC""}"
34943,BABYFWOG,Baby Fwog,baby-fwog,babyfwog.vip,34943.png,"{""solana"":""3Bbj7eZTuMd2FrfeZ2degzckxhgB5b63crGoHLtrpump""}"
34948,SEND,Sendcoin,sendcoin,thesendcoin.com,34948.png,"{""solana"":""SENDdRQtYMWaQrBroBrJ2Q53fgVuq95CV9UPGEvpCxa""}"
34949,COW,COW,cow,cow.cm,34949.png,"{""bnb"":""0x7aaaa5b10f97321345acd76945083141be1c5631""}"
34958,TAG,Tagger,tagger,tagger.pro,34958.png,"{""bnb"":""0x208bf3e7da9639f1eaefa2de78c23396b0682025""}"
34959,FRY,Fry,fryscrypto-2,frynetworks.com,34959.png,"{""algorand"":""2485314946""}"
34961,OMG,Oil Meta Games,oil-meta-games,omg.game,34961.png,"{""bnb"":""0xE94444Ba62208431a27C764E2e28794e81f5B235""}"
34962,SAAD,Saad Boi,saad-boi,saadboisol.com,34962.png,"{""solana"":""BC2CWeUZZvZKniqn4MedxFh12jNjSMLke2Hp2puTXutE""}"
34963,WMC,Wrapped MistCoin,wrapped-mistcoin,mistcoineth.com,34963.png,"{""ethereum"":""0x7fd4d7737597e7b4ee22acbf8d94362343ae0a79"",""base"":""0x3d2eba645c44bbd32a34b7c017667711eb5b173c""}"
34966,MINIDOGE,Minidoge (mini-doge.com),mini-doge-com,mini-doge.com,34966.png,"{""solana"":""8J6CexwfJ8CSzn2DgWhzQe1NHd2hK9DKX59FCNNMo2hu""}"
34971,NC,Nodepay,node-coin,nodepay.ai,34971.png,"{""solana"":""B89Hd5Juz7JP2dxCZXFJWk4tMTcbw7feDhuWGb3kq5qE""}"
34972,KEKIUS,Kekius Maximus (kekiusmaximus.wtf),kekius-maximus-wtf,kekiusmaximus.wtf,34972.png,"{""solana"":""HAVVqPQf4MKVjvuFVi8y7g3xkArdWQemaJPBvKmEpump""}"
34976,TRUMPIUS,Trumpius Maximus,trumpius-maximus,trumpiusmaximus.vip,34976.png,"{""ethereum"":""0x47000A7B27a75D44FfaDfe9D0B97fA04D569B323""}"
34977,FLORK,flork cto,flork-cto,florkcto.io,34977.png,"{""solana"":""CnGb7hJsGdsFyQP2uXNWrUgT5K1tovBA3mNnUZcTpump""}"
34979,DICKBUTT,Dickbutt,dickbutt,dickbutt.site,34979.png,"{""base"":""0x2D57C47BC5D2432FEEEdf2c9150162A9862D3cCf""}"
34980,CRTAI,CRT AI Network,crt-ai-network,crtainetwork.com,34980.png,"{""bnb"":""0x88e4adC30B5DD08122d55B0CEf013062A94986Da""}"
34984,LOU,Lou,lou,loucoinonsol.com,34984.png,"{""solana"":""5DQSDg6SGkbsbykq4mQstpcL4d5raEHc6rY7LgBwpump""}"
34987,FLOCK,FLock.io,flock-io,flock.io,34987.png,"{""base"":""0x5aB3D4c385B400F3aBB49e80DE2fAF6a88A7B691"",""ethereum"":""0x5aB3D4c385B400F3aBB49e80DE2fAF6a88A7B691"",""bnb"":""0x5aB3D4c385B400F3aBB49e80DE2fAF6a88A7B691"",""solana"":""FmysnoAQ7ifx3La6C7D9cM5tcpoTxEnakbnZPhrC2pJi"",""hyperliquid"":""0x5aB3D4c385B400F3aBB49e80DE2fAF6a88A7B691"",""robinhood-placeholder"":""0x5aB3D4c385B400F3aBB49e80DE2fAF6a88A7B691""}"
34988,SPORE,Spore.fun,spore-fun,spore.fun,34988.png,"{""solana"":""8bdhP1UQMevciC9oJ7NrvgDfoW8XPXPfbkkm6vKtMS7N""}"
34993,SWARMS,Swarms,swarms,swarms.world,34993.png,"{""solana"":""74SBV4zDXxTRgv1pEMoECskKBkZHc2yGPnc7GYVepump""}"
34994,DEGENAI,Degen Spartan AI,degen-spartan-ai,ai16z.ai,34994.png,"{""solana"":""Gu3LDkn7Vx3bmCzLafYNKcDxv2mH7YN44NJZFXnypump""}"
34997,SIMMI,Simmi,simmi,simulacrum.network,34997.png,"{""base"":""0x161e113b8e9bbaefb846f73f31624f6f9607bd44""}"
34998,SPECTRA,Spectra,spectra-finance,spectra.finance,34998.png,"{""base"":""0x64FCC3A02eeEba05Ef701b7eed066c6ebD5d4E51""}"
35002,TCAPY,TonCapy,toncapy,toncapy.com,35002.png,"{""ethereum"":""0x57604f28a2af0e2fcc1c0570e95731d82b55c730"",""bnb"":""0x045c2767a6cae0a4551f40e4e8d250af94fe056b""}"
35003,BRYAN,DrPepe.ai,drpepe-ai,drpepe.ai,35003.png,"{""solana"":""BrYANThKaAbjZZH5XWLrw26NzMbfUNmBwbZiMe4Fj5Mk""}"
35004,AVRK,Avarik Saga,avarik-saga,avariksaga.com,35004.png,"{""ethereum"":""0x607f451f850CB612a07b37b6315be23F55165610"",""arbitrum"":""0xA71E2738704e367798bAa2755aF5A10499634953""}"
35006,TARDI,Tardi,tardi,tardi.org,35006.png,"{""sui"":""0x4cf08813756dfa7519cb480a1a1a3472b5b4ec067592a8bee0f826808d218158::tardi::TARDI""}"
35007,METAV,METAVERSE,aipool,aipool.tech,35007.png,"{""solana"":""HCgvbV9Qcf9TVGPGKMGbVEj8WwwVD6HhTt5E2i3qkeN9""}"
35011,KEKIUS,Kekius Maximus (kekiusmaximus.vip),kekius-maximus-vip,kekiusmaximus.vip,35011.png,"{""ethereum"":""0x26E550AC11B26f78A04489d5F20f24E3559f7Dd9""}"
35013,DESCIAI,DeSci AI Agent,desci-ai-agent,desciai.club,35013.png,"{""solana"":""H4RLHiehZo8cwd7KntPFApsvunmBagaWjcdHZx8YFhdp""}"
35014,DRV,Derive,derive,derive.xyz,35014.png,"{""ethereum"":""0xB1D1eae60EEA9525032a6DCb4c1CE336a1dE71BE"",""base"":""0x9d0E8f5b25384C7310CB8C6aE32C8fbeb645d083"",""optimism-ethereum"":""0x33800De7E817A70A694F31476313A7c572BBa100"",""arbitrum"":""0x77b7787a09818502305C95d68A2571F090abb135""}"
35016,AVB,Autonomous Virtual Beings,autonomous-virtual-beings,avb.gg,35016.png,"{""solana"":""6d5zHW5B8RkGKd51Lpb9RqFQSqDudr9GJgZ1SgQZpump""}"
35017,SHRUBIUS,Shrubius Maximus,shrubius-maximus,shrubiusmaximus.com,35017.png,"{""ethereum"":""0x47000BD34D9a7b7CdBEeF4Ec2aE452e73280A8b5""}"
35021,IONA,Iona by Virtuals,iona-by-virtuals,app.virtuals.io,35021.png,"{""base"":""0x645c7aa841087e2e7f741c749ab27422ff5bba8e""}"
35023,ROCKET,AI ROCKET by Virtuals,ai-rocket-by-virtuals,app.virtuals.io,35023.png,"{""base"":""0x0bf852ebb243b963652b71103a2b97cf446f22c3""}"
35026,AIRENE,AIRENE by Virtuals,airene,app.virtuals.io,35026.png,"{""base"":""0x2eac9b08a4d86f347b9e856fb3ec082e61c76545""}"
35029,DEEPSEEKAI,DeepSeek AI Agent,deepseek-ai-agent,deepseek2025.xyz,35029.png,"{""solana"":""9A2jUbgoDY97fruKHXvDd7eQiq4xvnW3By1BfH1Bwn9Y""}"
35036,XMONEY,X Money,x-money,xmoneyketh.com,35036.png,"{""ethereum"":""0x21cd589a989615a9e901328d3c089bbca16d00b2""}"
35039,TRAI,Trackgood AI,trackgood-ai,trackgood.ai,35039.png,"{""base"":""0xdd32659B1e7a6A6B3C6e96Cd8a4c936bCfea0607""}"
35040,AVC,Alterverse,alterverse,alterverse.com,35040.png,"{""bnb"":""0xD34984D7bfF492dC3b2336EAbD1758cE16DDFC2D""}"
35041,SOAR,Soarchain,soarchain,soarchain.com,35041.png,"{""solana"":""9359LVZJs8bf2FXcTdHvwcMnvg2ZCf6DUZ5ABDcJKx52""}"
35048,BABYSHARK,Baby Shark Meme,baby-shark-meme,babysharkmeme.io,35048.png,"{""solana"":""8nKP8Vc72pRZB6bhCy8D1UYf6ZjwYT859i6awyinpump""}"
35051,SONIC,Sonic SVM,sonic-svm,sonic.game,35051.png,"{""solana"":""SonicxvLud67EceaEzCLRnMTBqzYUUYNr93DBkBdDES""}"
35052,OPUS,Opus Genesis,opus-2,opusgenesis.ai,35052.png,"{""solana"":""Dxg9cLvssqb1WEMpyynjf17kGRc4UTNyUqjzNj99opus"",""base"":""0xFe0E104477431129d215d3992Af7F1D5961FfC50""}"
35053,PIPPIN,pippin,pippin,pippin.love,35053.png,"{""solana"":""Dfh5DzRgSvvCFDoYc2ciTkMrbDfRKybA4SoFbPmApump""}"
35059,OPERATOR,OpenAI Agent,openai-agent,openai2025.site,35059.png,"{""solana"":""46Ws3CkfBRjtGumCeH3pNrmpyxPmtJgqYpr7WDeaXXoo""}"
35064,SNAI,SwarmNode.ai,swarmnode-ai,swarmnode.ai,35064.png,"{""solana"":""APbVLtq66bKBpUUdncHtVSab9TM1UrcqZ9wodXzmpump""}"
35067,BC,BCGame Coin,bcgame-coin,bc.game,35067.png,"{""solana"":""BCNT4t3rv5Hva8RnUtJUJLnxzeFAabcYp8CghC1SmWin""}"
35068,ALIGN,Aligned,aligned,alignedlayer.com,35068.png,"{""ethereum"":""0x50614CC8e44F7814549c223aA31db9296e58057c"",""base"":""0x53f39e5C53EE40bbc3Da97C3B47BD2968d110a8D""}"
35071,COQAI,COQ AI,coq-ai,ai.coq.xyz,35071.png,"{""avalanche"":""0xE7d69acbc00D0EC5d9c02162310EE21DAA77f69C""}"
35073,NEUR,neur.sh,neur-sh,neur.sh,35073.png,"{""solana"":""3N2ETvNpPNAxhcaXgkhKoY1yDnQfs41Wnxsx5qNJpump""}"
35075,HAT,Top Hat,top-hat,tophat.one,35075.png,"{""solana"":""AxGAbdFtdbj2oNXa4dKqFvwHzgFtW9mFHWmd7vQfpump""}"
35081,WEBSIM,The Css God by Virtuals,the-css-god-by-virtuals,app.virtuals.io,35081.png,"{""base"":""0xdaf3c78f165d26f821d3d39d6598a96e962b1508""}"
35082,WCO,W Coin,wadzchain-coin,w-chain.com,35082.png,{}
35084,H4CK,H4CK Terminal by Virtuals,h4ck-terminal-by-virtuals,app.virtuals.io,35084.png,"{""base"":""0x625bb9bb04bdca51871ed6d07e2dd9034e914631""}"
35085,ANDY,Andy BSC,andytoken-bsc,andytoken.com,35085.png,"{""bnb"":""0x01CA78a2B5F1a9152D8A3A625bd7dF5765eeE1D8""}"
35089,PEPEAI,Pepe AI Agent,pepe-ai-agent,pepeai.space,35089.png,"{""solana"":""4EVDa9omQgaaMxHiZukf2F3RMZfEMb1r1jacdiJrT6N8""}"
35090,GRIFT,ORBIT,orbit-ai,orbitcryptoai.com,35090.png,"{""solana"":""GekTNfm84QfyP2GdAHZ5AgACBRd69aNmgA5FDhZupump""}"
35091,KM,Kekius Maximus (kekiusmaximus.army),kekius-maximus-army,wearekek.com,35091.png,"{""solana"":""FThrNpdic79XRV6i9aCWQ2UTp7oRQuCXAgUWtZR2cs42""}"
35092,ANON,Hey Anon,hey-anon,heyanon.ai,35092.png,"{""ethereum"":""0x79bbf4508b1391af3a0f4b30bb5fc4aa9ab0e07c"",""bnb"":""0x79bbF4508B1391af3A0F4B30bb5FC4aa9ab0E07C"",""solana"":""9McvH6w97oewLmPxqQEoHUAv3u5iYMyQ9AeZZhguYf1T"",""avalanche"":""0x79bbf4508b1391af3a0f4b30bb5fc4aa9ab0e07c"",""arbitrum"":""0x79bbf4508b1391af3a0f4b30bb5fc4aa9ab0e07c"",""base"":""0x79bbf4508b1391af3a0f4b30bb5fc4aa9ab0e07c"",""hyperliquid"":""0x5b56ac883c628df1fe24d463b3ac82ac"",""sonic"":""0x79bbF4508B1391af3A0F4B30bb5FC4aa9ab0E07C"",""robinhood-placeholder"":""0x79bbF4508B1391af3A0F4B30bb5FC4aa9ab0E07C""}"
35101,LMY,Locked Money,locked-money,locked.money,35101.png,"{""base"":""0x739f93504a9e26D5973862Dbc4A44178cC264852""}"
35114,NAORIS,NaoX Protocol,naoris-protocol,naox.org,35114.png,"{""ethereum"":""0x1b379A79c91a540b2bcd612b4d713f31De1b80cc"",""bnb"":""0x1b379a79c91a540b2bcd612b4d713f31de1b80cc""}"
35117,AIPUMP,aiPump,aipump,aipump.ai,35117.png,"{""solana"":""2w3A2P5juwg234spHKfps7WReWoVmujtErqjaZm9VaiP"",""base"":""0xfbecd19292b1eFfEAA7B2e61F5101DdB6744A1Fb""}"
35126,EFFECT,Effect AI [New],effect-ai-sol,effect.ai,35126.png,"{""solana"":""EFFECT1A1R3Dz8Hg4q5SXKjkiPc6KDRUWQ7Czjvy4H7E""}"
35127,XMONEY,X Money,xmoney-solana,xmoney-solana.com,35127.png,"{""solana"":""5csfa95Xf8ebiCwP9joQ7mtC8KwFvnnejnYx5FbYpump""}"
35130,LLM,Large Language Model,large-language-model,,35130.png,"{""solana"":""98mb39tPFKQJ4Bif8iVg9mYb9wsfPZgpgN1sxoVTpump""}"
35131,QUAIN,QUAIN,quain,quaindot.com,35131.png,"{""solana"":""4dqYzXnTfNrbwMdJ6uum2FbPC1LkmHtSAbXmh2pfpump""}"
35132,POM,POM,pom,pombsc.com,35132.png,"{""bnb"":""0xfbf174090b3cc8ebb9f39b697035a54c5c45b4d6""}"
35135,SAGE,Sage Universe,sage-universe,sageuniverse.meme,35135.png,"{""solana"":""CMe1QWsoDWFUi95GMkk7mCTnnjxBxtnJ3jbrEhQTVWL5""}"
35139,BHC,Butthole Coin,butthole-coin,buttholecoin.dev,35139.png,"{""solana"":""CboMcTUYUcy9E6B3yGdFn6aEsGUnYV6yWeoeukw6pump""}"
35140,N2,Niggachain AI Layer 2,niggachain-ai-layer-2,niggachain.ai,35140.png,"{""solana"":""3t4yhNHfy5jZ9skJw9ZMRHvLJw1WUPouJ4TSxatTpump""}"
35141,KROWN,Krown Network,krown-network,krown.network,35141.png,{}
35147,TRUST,$TRUST ME BROs by Virtuals,trust-me-bros-by-virtuals,trustmebros.fun,35147.png,"{""base"":""0xc841b4ead3f70be99472ffdb88e5c3c7af6a481a""}"
35148,POLY,Polytrader by Virtuals,polytrader-by-virtuals,app.virtuals.io,35148.png,"{""base"":""0x2676e4e0e2eb58d9bdb5078358ff8a3a964cedf5""}"
35149,NOMAI,nomAI,nomai,nomai.ai,35149.png,"{""base"":""0x4d70f1058b73198f12a76c193aef5db5dd75babd""}"
35150,ACOLYT,Acolyt,acolyte-by-virtuals,acolyt.ai,35150.png,"{""base"":""0x79dacb99a8698052a9898e81fdf883c29efb93cb""}"
35152,DRPXBT,Hunter by Virtuals,hunter-by-virtuals,app.virtuals.io,35152.png,"{""base"":""0xfa3946432c6a76edff377d9bbfb81ca3ffc05874""}"
35155,STSHIP,Starship On Solana,starship-on-solana,starship.meme,35155.png,"{""solana"":""GHtLF7drbYXGTHX73uSxqPKkJUzDqcBNe2M9fzjJzr3j""}"
35156,AVAAI,avaai.top,ava-ai-top,avaai.top,35156.png,"{""base"":""0x72Cc788B304528431467A14b8EFBD0Ef34d2F379""}"
35159,BL,BoLe,bole,blbsc.shop,35159.png,"{""bnb"":""0xee38b8540f5cccd041a535e6a77b1f3bd6922333""}"
35163,BOTIFY,BOTIFY,botify,botify.cloud,35163.png,"{""solana"":""7C94RweVKZtBhA291WpXW7pkYEnbqhGvCFTU8nPoBTFY""}"
35164,GREENLAND,Greenland,greenland,greenland2025.site,35164.png,"{""solana"":""2qVYNNnjpngf9xDmWXjJtV4GLfLVuKj9T3A9z1xrpump""}"
35167,J,Jambo,jambo,jambo.technology,35167.png,"{""solana"":""Jambjx1oJoZNBZiqbiF9TqgatEZPdyfvYa9WVsKNzUh""}"
35168,1000X,1000x by Virtuals,1000x-by-virtuals,app.virtuals.io,35168.png,"{""base"":""0x352b850b733ab8bab50aed1dab5d22e3186ce984""}"
35169,SENTAI,SentAI,sentai-iotex,iotex.io,35169.png,"{""solana"":""CXPLyc3EX8WySgEXLbjhuA7vy8EKQokVJYQuJm2jpump""}"
35175,METANIA,MetaniaGames v2,metaniagames-v2,metania.games,35175.png,"{""bnb"":""0x2E477F353747752FFB838a28621722e6A3F50D29""}"
35181,ETF500,Elon Trump Fart,elon-trump-fart,etf500.vip,35181.png,"{""solana"":""CWX6t6pGJ1zsnuywnyd2ZMZJ7inB2sWuPdsteoT6pump""}"
35187,SUIDEPIN,Sui DePIN,sui-depin,suidepin.ai,35187.png,"{""solana"":""CmRWGQAdDgDb7dPyDqUZNagLg2s4hn9tUeEiyFfiQgjZ"",""sui"":""0x3599429d66965021f6ce08a997e81bb3c1f2c1b9a8fbb19953e26f5dc55e91ef::suidepin::SUIDEPIN""}"
35188,BUZZ,Hive AI,hive-ai,askthehive.ai,35188.png,"{""solana"":""9DHe3pycTuymFk4H4bbPoAJ4hQrr2kaLDF6J6aAKpump""}"
35189,GEKKO,Gekko AI,gekko-ai,app.virtuals.io,35189.png,"{""base"":""0xf7b0dd0B642a6ccc2fc4d8FfE2BfFb0caC8C43C8""}"
35194,WOOF,WOOF,lost-dogs,getgems.io,35194.png,"{""gram"":""EQBKyWOOFXlJpzYO8e44JG6uf6L3v4bYbbBBnKj9OHwBXjzm""}"
35206,BRP,BananaRepublic,bananarepublic,webananarepublic.com,35206.png,"{""solana"":""7QZ1tsRGcTa6Jmq5UZZUQqtxwVpma2an5VYjTTCbpump""}"
35207,IDX,ideax,ideax,idxsolana.io,35207.png,"{""solana"":""BKzTtgn5th95fAF6m6XcDq211kzaUqwCnsqtWrE2gFWX""}"
35209,JEWELRY,Jewelry Token,jewelry-token,jewellery.game,35209.png,"{""bnb"":""0xf04FaB6Dda66261eaBfD65e92A6b81dDaF6a950a""}"
35214,BMT,Bubblemaps,bubblemaps,bubblemaps.io,35214.png,"{""bnb"":""0x7d814b9eD370Ec0a502EdC3267393bF62d891B62"",""solana"":""FQgtfugBdpFN7PZ6NdPrZpVLDBrPGxXesi4gVu3vErhY""}"
35215,DUCKAI,Duck AI,duck-ai,ducky.fatduck.ai,35215.png,"{""solana"":""HFw81sUUPBkNF5tKDanV8VCYTfVY4XbrEEPiwzyypump""}"
35216,PYTHIA,Pythia,pythia,ratpythia.ai,35216.png,"{""solana"":""CreiuhfwdWCN5mJbMJtA9bBpYQrQF2tCBuZwSPWfpump""}"
35221,DIGIMON,Digimon,digimon,digimon.tech,35221.png,"{""solana"":""WEmjxPMGXEW1Nvc4rCgRKiWHj1H1tvhPsKMw2yvpump""}"
35223,AGENT S,Agent S,agent-s,agent-s.site,35223.png,"{""sui"":""0xea65bb5a79ff34ca83e2995f9ff6edd0887b08da9b45bf2e31f930d3efb82866::s::S""}"
35226,ASV,Asvoria,asvoria,asvoria.io,35226.png,"{""solana"":""AxaTJdRuuc3626FtPWdQCMcWPH6yzgxXKWbFCZN3TMgy""}"
35230,TJRM,Tajir Tech Hub,tajir-tech-hub,tajirtechhub.com,35230.png,"{""solana"":""4AdDFsG1xzz1L7zKGo2fbiqv256Z92u8uCcJCgYuTBLo""}"
35241,HINT,Hive Intelligence,hive-intelligence,hiveintelligence.xyz,35241.png,"{""base"":""0x91dA780BC7f4B7Cf19ABE90411a2a296Ec5FF787""}"
35245,XNL,Novastro,novastro-chain,novastro.xyz,35245.png,"{""ethereum"":""0xebddb124ada952ad80fcc4dc6fe4ef0f45e2e8e8"",""bnb"":""0xdfeb13936a8975f9f788e73fb93861ce461541f9""}"
35247,DEFAI,DeFAIRewards,eliza-finance,defairewards.net,35247.png,"{""solana"":""5LGyBHMMPwzMunxhcBMn6ZWAuqoHUQmcFiboTJidFURP""}"
35251,AION,AION 5100,aion-5100,aion5100.ai,35251.png,"{""base"":""0xfc48314ad4aD5bD36a84E8307b86A68A01D95d9C""}"
35255,Q,QuantumCoin,quantumcoin,quantumcoin.org,35255.png,{}
35260,REM,Real Estate Metaverse,real-estate-metaverse,remmeta.ai,35260.png,"{""base"":""0x83d5D441eD15737D34226b682F7427d2217f2a8f""}"
35263,FCP,First Crypto President,first-crypto-president-solana,firstcryptopresidentcoin.xyz,35263.png,"{""solana"":""ix6yKSNAFZwxAigWDnYcCNW5kqUAgSmVwysx1MKpump""}"
35264,CHATOSHI,chAtoshI,chatoshi,chatoshi.ai,35264.png,"{""solana"":""Bhu2wBWxfWkRJ6pFn5NodnEvMCqj9DLfCU5qMvt7pump""}"
35268,GPS,GoPlus Security,goplus-security,gopluslabs.io,35268.png,"{""bnb"":""0x9a4a67721573f2c9209dfff972c52be4e3f6642e"",""base"":""0x0c1dc73159e30c4b06170f2593d3118968a0dca5""}"
35269,MY,MetYa,metya,metya.com,35269.png,"{""bnb"":""0xf0ebb572643336834d516c485ad31d3299999999""}"
35279,$LIMBO,Limbo,limbo,limboverse.ai,35279.png,"{""solana"":""5UAMZkfNmuVcKzr2wo8Jqw4R1k8vfdAVJNN6h3bVpump"",""avalanche"":""0x3e5b9c8930ecab017e16c3b7a2d0cb746d8bcdcf""}"
35282,WYAC,Woman Yelling At Cat,woman-yelling-at-cat,wyaccoin.com,35282.png,"{""solana"":""BEgBsVSKJSxreiCE1XmWWq8arnwit7xDqQXSWYgay9xP""}"
35287,TREAT,Shiba Inu TREAT,shiba-inu-treat,shib.io,35287.png,"{""ethereum"":""0xa02c49da76a085e4e1ee60a6b920ddbc8db599f4""}"
35292,BDOGITO,BullDogito,bulldogito,bulldogito.com,35292.png,"{""bnb"":""0xd10d6f1d4b905b67735a62079743723e6f3c19c3""}"
35293,ASBNB,Aster asBNB,asbnb,docs.asterdex.com,35293.png,"{""bnb"":""0x77734e70b6E88b4d82fE632a168EDf6e700912b6""}"
35298,DUCK,DuckChain,duckchain,duckchain.io,35298.png,"{""gram"":""EQDWXjnVWheFemaAaFn-Cp4nDehvGllrXOZ8wqHm8sDEwn_c"",""duckchain"":""0xda65892ea771d3268610337e9964d916028b7dad""}"
35299,JAIHOZ,Jaihoz by Virtuals,jaihoz,,35299.png,"{""base"":""0xe2816b27a5613b0aaf5d6dafa80584156e2fb1b6""}"
35300,BRAIN,Gigabrain by virtuals,gigabrain-by-virtuals,gigabrain.gg,35300.png,"{""base"":""0xce1eab31756a48915b7e7bb79c589835aac6242d""}"
35301,NODE,noderzz by Virtuals,noderzz-by-virtuals,noderzz.xyz,35301.png,"{""base"":""0x2acd6a246157bf51636d06a83200f8923e7eb864""}"
35302,VOLTX,VolatilityX,volatilityx,volatilityx.ai,35302.png,"{""base"":""0x3f12d4607f9df527c3bccbd16a70636a69c8fcf5""}"
35303,$SYMP,Sympson AI,sympson-ai,sympai.io,35303.png,"{""base"":""0x504a26cf29674bc77a9341e73f88ccecc864034c""}"
35305,H1DR4,H1DR4 by Virtuals,h1dr4-by-virtuals,h1dr4.dev,35305.png,"{""base"":""0x83abfc4beec2ecf12995005d751a42df691c09c1""}"
35309,WAGMI,WAGMI (wagmi.global),wagmi-5,wagmi.global,35309.png,"{""base"":""0x2ce1340f1d402ae75afeb55003d7491645db1857""}"
35313,MXNBC,Rekt Burgundy by Virtuals,rekt-burgundy-by-virtuals,rektburgundy.com,35313.png,"{""base"":""0x84993768ba82ebc6101a5440ea41be41310ea12f""}"
35315,$HOUND,BaseHoundBot by Virtuals,basehoundbot-by-virtuals,basehoundbot.com,35315.png,"{""base"":""0xccdf2cbabfa37878125ab2d20bfcb9328b7ab3cf""}"
35316,LEO,Leoono,leoono,leoono.com,35316.png,"{""base"":""0xc8db98437bed9943f11c5b31b645b07c0efc17e0""}"
35317,LESTER,LESTER by Virtuals,lester-by-virtuals,lestervirtuals.xyz,35317.png,"{""base"":""0x27d7959cf26135d8019d0f1e4a2280a8a355c4f5""}"
35318,WIRE,717ai by Virtuals,717ai-by-virtuals,app.virtuals.io,35318.png,"{""base"":""0x0b3ae50babe7ffa4e1a50569cee6bdefd4ccaee0""}"
35319,ANIME,Animecoin,anime,anime.xyz,35319.png,"{""ethereum"":""0x4dc26fc5854e7648a064a4abd590bbe71724c277"",""arbitrum"":""0x37a645648df29205c6261289983fb04ecd70b4b3""}"
35320,GOGLZ,GOGGLES,goggles-io,goglz.io,35320.png,"{""sonic"":""0x9fDbC3f8Abc05Fa8f3Ad3C17D2F806c1230c4564""}"
35327,MATES,MATES,mates,moemate.gg,35327.png,"{""solana"":""MAtesZXcU38mgPuteRFo9ApCauYRRuwn3xf1cs5y7ZX""}"
35331,AGIXBT,AGIXBT by Virtuals,agixbt-by-virtuals,agixbt.com,35331.png,"{""base"":""0x81496F85AbaF8bd2e13D90379fdE86C533D8670D""}"
35333,YILONGMA,Chinese Elon Musk,chinese-elon-musk,yilong-ma.com,35333.png,"{""ethereum"":""0x64766392aD32A6c94b965B5bF655e07371c23A1d""}"
35336,TRUMP,OFFICIAL TRUMP,official-trump,gettrumpmemes.com,35336.png,"{""solana"":""6p6xgHyF7AeE6TZkSmFsko444wqoP15icUSqi2jfGiPN""}"
35337,YEET,Yeet,yeet-it,yeetit.xyz,35337.png,"{""berachain"":""0x08a38caa631de329ff2dad1656ce789f31af3142""}"
35345,BUILD,BUILD (openbuilders.xyz),open-builders,openbuilders.xyz,35345.png,"{""gram"":""EQBYnUrIlwBrWqp_rl-VxeSBvTR2VmTfC4ManQ657n_BUILD""}"
35347,MELANIA,Official Melania Meme,melania-meme,melaniameme.com,35347.png,"{""solana"":""FUAfBo2jgks6gB4Z4LfZkqSZgzNucisEHqnNebaRxM1P""}"
35348,UTHR,Utherverse Xaeon,utherverse-xaeon,utherverse.io,35348.png,"{""solana"":""8sdE4z8X8DZNjFSXW6fJt66339xLGmBA9Q1h8zxMpXKt""}"
35350,AWARE,ChainAware.ai,chainaware-ai,chainaware.ai,35350.png,"{""bnb"":""0xcf221109f45854ac52159420c543757fe84c113a""}"
35359,BSOP,Bsop,bsop,bisop.tech,35359.png,"{""base"":""0x9704d2adBc02C085ff526a37ac64872027AC8a50""}"
35364,PLUME,Plume,plume,plume.org,35364.png,"{""ethereum"":""0x4C1746A800D224393fE2470C70A35717eD4eA5F1"",""bnb"":""0x5aFadCd1E8E3CA78Ee2D37100102f2aec8Bc0Aa8""}"
35368,USDA,USDa (Avalon Labs),usda-avalon-labs,avalonfinance.xyz,35368.png,"{""ethereum"":""0x8A60E489004Ca22d775C5F2c657598278d17D9c2"",""bnb"":""0x9356086146be5158E98aD827E21b5cF944699894"",""mantle"":""0x075df695b8E7f4361FA7F8c1426C63f11B06e326""}"
35372,USDR,StablR USD,stablr-usd,stablr.com,35372.png,"{""ethereum"":""0x7b43e3875440b44613dc3bc08e7763e6da63c8f8"",""plasma-xpl"":""0x5E2FAa288A7334388fbA3573712101A5CdCAba97""}"
35374,SUAI,SuiAI,suiai,suiai.fun,35374.png,"{""sui"":""0xbc732bc5f1e9a9f4bdf4c0672ee538dbf56c161afe04ff1de2176efabdf41f92::suai::SUAI""}"
35378,JAE,JaeCoin,jaecoin,jaecoin.com,35378.png,"{""solana"":""9nQKC2fKKKViVk6FWoj4erq3qbmkf37TjrFkiDBA1pDk""}"
35386,AO,AO,ao,ao.arweave.net,35386.png,{}
35391,PEPO,PEPO,pepo,pepo.fun,35391.png,"{""solana"":""pepo1CFNU2RXf7yXX7HNXazXwxsq8WrPvDHpHriwoLY""}"
35392,PX,Not Pixel,not-pixel,notpixel.org,35392.png,"{""gram"":""EQB420yQsZobGcy0VYDfSKHpG2QQlw-j1f_tPu1J488I__PX""}"
35394,ONTACT,OnTact,ontact,ontact.at,35394.png,"{""ethereum"":""0x41b723c73Fe13E8f979d5FA80229Ce7f24EbEdB8""}"
35395,SPCM,SPACEM WORLD,spacem,spacem.world,35395.png,"{""avalanche"":""0x7Cc9c624Efa62C2Decf0a2a028f7885eCea95A17""}"
35396,PBTC,Purple Bitcoin,purple-bitcoin,purplebitcoin.com,35396.png,"{""solana"":""HfMbPyDdZH6QMaDDUokjYCkHxzjoGBMpgaUvpLWGbF5p""}"
35405,LTP,Listapie,listapie,lista.magpiexyz.io,35405.png,"{""bnb"":""0x56fA5F7BF457454Be33D8B978C86A5f5B9DD84C2""}"
35410,MAX,MAX,max-2,agents.land,35410.png,"{""solana"":""oraim8c9d1nkfuQk9EzGYEUGxqL3MHQYndRw1huVo5h""}"
35412,XSEED,MXS Games DAO,mxs-games,metaxseed.io,35412.png,"{""avalanche"":""0x0A10D108E2d81ccC793E37b56206C84bF96ddc57""}"
35421,VINE,Vine Coin,vine-coin,,35421.png,"{""solana"":""6AJcP7wuLwmRYLBNbi825wgguaPsWzPBEHcHndpRpump""}"
35422,OBT,Orbiter Finance,orbiter-finance,orbiter.finance,35422.png,"{""ethereum"":""0x4af322Ff4A6f2858F6B51E546B9EC499654493C5"",""arbitrum"":""0x1cd9a56c8c2ea913c70319a44da75e99255aa46f"",""base"":""0x514d8e8099286a13486ef6c525c120f51c239b52"",""bnb"":""0xcef5b397051fc92026249670e918c0ad7b8585e4""}"
35426,FARTBOY,Fartboy,fartboy,fartboysol.com,35426.png,"{""solana"":""y1AZt42vceCmStjW4zetK3VoNarC1VxJ5iDjpiupump""}"
35427,L1X,Layer One X,layer-one-x,l1x.foundation,35427.png,"{""ethereum"":""0x399ef659fdead53b3e7f97e9491e727925667945"",""bnb"":""0x64d1335b7b942385a60c50e57f647d1982f0c4c8"",""solana"":""HeFNBDauVZDD86dV8TmFGx39kGxmFLrVKqbYe6wXWcPT""}"
35429,LAYER,Solayer,solayer,solayer.org,35429.png,"{""solana"":""LAYER4xPpTCb3QL8S9u41EAhAX7mhBn8Q6xMTwY2Yzc""}"
35430,BID,CreatorBid,creatorbid,creator.bid,35430.png,"{""bnb"":""0xa1832f7F4e534aE557f9B5AB76dE54B1873e498B"",""base"":""0xa1832f7F4e534aE557f9B5AB76dE54B1873e498B""}"
35433,SLC,Silencio,silencio,silencio.network,35433.png,"{""base"":""0x6Bd83ABC39391Af1E24826E90237C4BD3468b5D2"",""peaq"":""0x5c3126bfB9A68a7021d461230127470b3824886B""}"
35436,ALON,Alon,alon,,35436.png,"{""solana"":""8XtRWb4uAAJFMP4QQhoYYCWR6XXb7ybcCdiqPwz9s5WS""}"
35437,USDF,Aster USDF,usdf,asterdex.com,35437.png,"{""bnb"":""0x5A110fC00474038f6c02E89C707D638602EA44B5""}"
35439,MXNA,Dark Machine,dark-machine,darkmachinegame.com,35439.png,"{""ethereum"":""0x0a2A015A15A8E019aBc386FEE88B8A6d7A0D90df""}"
35443,MIA,Made in America,made-in-america,madeinamerica.info,35443.png,"{""solana"":""Dy7M5B3Z5GnyhyHKkcHRFpYxw6eyiF1gqsDTBiT4t4oQ""}"
35445,CAR,Car,car,carcoin.game,35445.png,"{""bnb"":""0xBB1106c7dEb7cC60EfA51391760b14aEd8CB5BEd""}"
35448,BUNKER,BunkerCoin,bunkercoin,bunkercoin.io,35448.png,"{""solana"":""8NCievmJCg2d9Vc2TWgz2HkE6ANeSX7kwvdq5AL7pump""}"
35458,ASUSDF,Aster asUSDF,asusdf,asterdex.com,35458.png,"{""bnb"":""0x917AF46B3C3c6e1Bb7286B9F59637Fb7C65851Fb""}"
35465,$AKA,Akasha by Bloomverse,akasha-by-bloomverse,akasha.bloomverse.io,35465.png,"{""solana"":""4TwC4AiF1uUSHES2eBftGqemp6TqjEnKghqiH6dFpump""}"
35466,ELON,Official Elon Coin (official-elon.xyz),official-elon-coin,official-elon.xyz,35466.png,"{""solana"":""BftUiGB2iDkNDa8AKdhtLuJHHXiUfqLvTNmiXaSopump""}"
35468,DOGEMARS,DOGE TO MARS,doge-to-mars,dogemars.club,35468.png,"{""solana"":""A3t4ap3oHBGRZATex6tFnCDZUdFqybTMhGPbTMzF9kzb""}"
35474,FLOCK,FLOCK,flock,flockerz.com,35474.png,"{""ethereum"":""0xb33D999469a7e6b9EbC25A3a05248287b855eD46""}"
35475,WAR,Warrior Coin,warrior-coin,warriorcoin.io,35475.png,"{""solana"":""3fP61JWqLxxrvBv5NSxJdAz4GtCB7UpfU3UFxZTgj1yG""}"
35482,AGIALPHA,AGI ALPHA AGENT,agi-alpha-agent,agialpha.com,35482.png,"{""solana"":""tWKHzXd5PRmxTF5cMfJkm2Ua3TcjwNNoSRUqx6Apump""}"
35484,ALPHA,Alpha,realalphacoin,alphaofsol.com,35484.png,"{""solana"":""2sCUCJdVkmyXp4dT8sFaA9LKgSMK4yDPi9zLHiwXpump""}"
35486,GAMES,OrdzGames,ordzgames,ordz.games,35486.png,"{""bitcoin"":""GAMEOFBITCOIN""}"
35487,LAUNCHCOIN,Launch Coin on Believe,launch-coin-on-believe,believe.app,35487.png,"{""solana"":""Ey59PH7Z4BFU4HjyKnyMdWt5GGN76KazTAwQihoUXRnk""}"
35491,M,MemeCore,memecore,memecore.com,35491.png,"{""memecore"":""0"",""bnb"":""0x22b1458e780f8fa71e2f84502cee8b5a3cc731fa""}"
35499,DEEPSEEK,DeepSeek AI,deepseek-ai,deepseekai.vip,35499.png,"{""solana"":""6YCfzgGz64rmtrJ3KbbSBvAFYNgF9oVCYa6pEvq9qTLV""}"
35501,MARIO,MarioNawfal on X,marionawfal-on-x,roundtable.live,35501.png,"{""solana"":""FprQaYuyA4CN1f7UtLd7Vd1NR9vyACBy91cE8tiGpump""}"
35503,REGENT,Regent of the North Winds,regent-of-the-north-winds,regentsol.io,35503.png,"{""solana"":""6HgJHzGpq3fSLmkepsaC8F3VtpUWfXcG4hmUaf4Vpump""}"
35509,VVV,Venice Token,venice-token,venice.ai,35509.png,"{""base"":""0xacfE6019Ed1A7Dc6f7B508C02d1b04ec88cC21bf""}"
35510,CONCHO,Sapo Concho,sapo-concho,clubconcho.com,35510.png,"{""solana"":""89q6aHpZ1fXhuwpnrBgqmCvuAX4GaCrRPQNp5xVHpump""}"
35511,TREE,Tree,tree,tree.news,35511.png,"{""ethereum"":""0xba25b2281214300e4e649fead9a6d6acd25f1c0a""}"
35513,SNAKT,Sna-King Trump,sna-king-trump,sna-kingtrump.dora.run,35513.png,"{""solana"":""6qbhbttzStczGfMBVMKaJNGwtM5Em56LUnzViUrsmoon""}"
35514,EAFIN,EAFIN,eafin,eafin.tech,35514.png,"{""bnb"":""0x4341bb2200176f89eb90eac4fd6cfe958e206005""}"
35515,LEGIT,LEGIT,legit,legitmeme.com,35515.png,"{""solana"":""5rSP1W2Jkir4Qy1M6rEYXFFi5HgbhrkVTajimrVgpump""}"
35518,DYOR,Do Your Own Research,do-your-own-research,dyor.exchange,35518.png,"{""base"":""0xa001dCC9A7974DAE133A11D2800A7ABf7b8f5F3C""}"
35520,KARUM,Karum Coin,karum-coin,karumcoin.info,35520.png,"{""bnb"":""0xdfEc425d9e135A10CB91dD03A4E71d368086773F""}"
35526,1R0R,R0AR,r0ar,r0ar.io,35526.png,"{""ethereum"":""0xb0415D55f2C87b7f99285848bd341C367FeAc1ea""}"
35530,OSOL,OSOL AI Index,osol-ai-index,osol.ai,35530.png,"{""solana"":""2otVNpcHXn9MKeDk3Zby5uanF3s7tki4toaJ3PZcXaUd""}"
35536,$REI,REI NETWORK,rei-network-base,reisearch.box,35536.png,"{""base"":""0x6B2504A03ca4D43d0D73776F6aD46dAb2F2a4cFD""}"
35537,JELLYJELLY,Jelly-My-Jelly,jelly-my-jelly,jellyjelly.com,35537.png,"{""solana"":""FeR8VBqNRSUD5NtXAj2n3j1dAHkZHfyDktKuLXD4pump""}"
35539,EVAL,EVAL Engine,eval-engine,evalengine.ai,35539.png,"{""base"":""0xdd78523217390bb0d49C7601e7e54C36d71622F0""}"
35543,AAA,Aiagent.app,aiagent-app,aiagent.app,35543.png,"{""solana"":""275FUEyp5o7TWo1dCDYJyprb4o2WBcxEQsvmt816pump""}"
35545,EDWIN,Edwin,edwin,edwin.finance,35545.png,"{""solana"":""GPrg1CgbBvAJS2SCuf9gF7NmQYsWudfyfWy5SUzypump""}"
35547,RIFT,RIFT AI,rift-ai,rift.ai,35547.png,"{""solana"":""jUpa2aDCzvdR9EF4fqDXmuyMUkonPTohphABLmRkRFj""}"
35554,MEMDEX,Memdex100,memdex100,thememdex100.com,35554.png,"{""solana"":""83iBDw3ZpxqJ3pEzrbttr9fGA57tttehDAxoFyR1moon""}"
35555,TRIP,Trip,trip,trip.game,35555.png,"{""bnb"":""0xc9bfb93d75645c4681bb63794abf1acad44725e7""}"
35559,HENLO,henlo,henlo,henlo.meme,35559.png,"{""ethereum"":""0x960fCE8724aA127184B6d13Af41a711755236c77""}"
35560,LC,LC SHIB,lc-shib,degensafe.fun,35560.png,"{""solana"":""43YakhC3TcSuTgSXnxFgw8uKL8VkuLuFa4M6Bninpump""}"
35562,TWIGGY,Twiggy the water skiing squirrel,twiggy-the-water-skiing-squirrel,linktr.ee,35562.png,"{""solana"":""nY8XuFsMqM6UTUeubekYUTvvSmX695Zb1oG5EmDpump""}"
35563,ELON4AFD,Elon for AfD,elon-for-afd,elon4afd.meme,35563.png,"{""solana"":""BkYAUVMar1gLwuFLv2n5cmB6HhcNtvd86kU3gqAypump""}"
35564,DOGECAUCUS,Doge Caucus,doge-caucus,dogecaucus.io,35564.png,"{""ethereum"":""0x56CfC19D8cBF7D417d370844249Be9Cb2d2E19a1""}"
35566,HOOD,Robinhood,robinhood,hoodsolana.com,35566.png,"{""solana"":""h5NciPdMZ5QCB5BYETJMYBMpVx9ZuitR6HcVjyBhood""}"
35569,DEEPSEEK,Global DePIN Chain,global-depin-chain,depinchain.network,35569.png,"{""solana"":""H2gf5g2k4KSWGrAdwtznw7bYkWiszvjistFG447aePiN"",""base"":""0x81a382272bd2bec1f3f9fdab5763a500cbd8ebad""}"
35572,SAN,San Chan (sanchan.live),san-chan,sanchan.live,35572.png,"{""solana"":""2z1p8xCEjRzpBHjXWrx4tJnz7BFL6z7NnvbCxH7bpump""}"
35577,ANZ,Anzen Finance (ANZ),anzen-finance-anz,anzen.finance,35577.png,"{""base"":""0xeeC468333ccc16D4BF1cEf497A56cf8C0aAe4Ca3""}"
35578,BOOK,Book of Binance,book-of-binance,bookmemebsc.com,35578.png,"{""bnb"":""0xC9Ad421f96579AcE066eC188a7Bba472fB83017F""}"
35582,STRIKE,STRIKE,striketoken,striketoken.io,35582.png,"{""solana"":""STrikemJEk2tFVYpg7SMo9nGPrnJ56fHnS1K7PV2fPw""}"
35584,JAI,Japanese Akita Inu,japanese-akita-inu,akitainu.online,35584.png,"{""solana"":""BP7YCdPC7GK9Wu28eFAMcbe5zd9j1c6q1HVadmi3pump""}"
35586,SHY,Shytoshi Kusama,shytoshi-kusama,shycoincto.com,35586.png,"{""solana"":""7d1vpt5eri79nETcL74Punhp3mGkeBgUkMdPWep6pump""}"
35589,AINTI,AIntivirus,aintivirus,aintivirus.ai,35589.png,"{""ethereum"":""0x686c5961370Db7F14F57f5a430e05DeaE64df504"",""solana"":""BAezfVmia8UYLt4rst6PCU4dvL2i2qHzqn4wGhytpNJW""}"
35590,RIZ,Rivalz Network,rivalz-network,rivalz.ai,35590.png,"{""ethereum"":""0x058d411ab9911F90c74f471bDC9d2Bb4Cf9B309C"",""solana"":""93bVs9o8Nq88zxnLWwUAVfN5PXBhCcnV5sfs6AFLno8q"",""arbitrum"":""0x083Fb956333f9c1568F66fc0d0BE451f31F8c46c"",""base"":""0x67543CF0304C19CA62AC95ba82FD4F4B40788dc1""}"
35591,32,Project 32,project-32,32project.org,35591.png,"{""solana"":""HiaZB4rrRXY2pqpHqEfhiGAY1XoMjLRrJoHCcEku3232""}"
35593,LYNK,LYNK,lynk-coin,lynkapp.xyz,35593.png,"{""solana"":""HZG1RVn4zcRM7zEFEVGYPGoPzPAWAj2AAdvQivfmLYNK""}"
35595,GMRT,The Game Company,the-game-company,thegamecompany.ai,35595.png,"{""base"":""0x6967F0974d76d34e140caE27efeA32CDf546b58E""}"
35597,XU3O8,xU3O8,xu3o8,uranium.io,35597.png,"{""tezos"":""0x79052Ab3C166D4899a1e0DD033aC3b379AF0B1fD""}"
35598,KET,yellow ket,yellow-ket,ketboard.xyz,35598.png,"{""avalanche"":""0xFFFF003a6BAD9b743d658048742935fFFE2b6ED7""}"
35600,SIGN,Sign,sign,sign.global,35600.png,"{""ethereum"":""0x868FCEd65edBF0056c4163515dD840e9f287A4c3"",""bnb"":""0x868fced65edbf0056c4163515dd840e9f287a4c3"",""base"":""0x868fced65edbf0056c4163515dd840e9f287a4c3""}"
35601,DOGEAI,DOGEai,dogeai,dogeai.info,35601.png,"{""solana"":""9UYAYvVS2cZ3BndbsoG1ScJbjfwyEPGxjE79hh5ipump""}"
35607,MEMHASH,Memhash,memhash,t.me,35607.png,"{""gram"":""EQDol2oVpmBznAL6vQpF51QW3p0PKV7ag4VEtex8_MeMHASH""}"
35608,WBERA,Wrapped Bera,wbera,berachain.com,35608.png,"{""berachain"":""0x6969696969696969696969696969696969696969""}"
35609,PAIN,Pain (paintoken.com),pain,paintoken.com,35609.png,"{""solana"":""1Qf8gESP4i6CFNWerUSDdLKJ9U1LpqTYvjJ2MM4pain""}"
35614,MA,Mind AI,mind-ai,mind-ai.io,35614.png,"{""bnb"":""0xb5Ab5cF2e2c686aE43F01F23859F3a55a8629C1C""}"
35617,OMEGA‎X,Ome‎gaX He‎alth,omegax,omegax.health,35617.png,"{""solana"":""4Aar9R14YMbEie6yh8WcH1gWXrBtfucoFjw6SpjXpump""}"
35618,AVAXAI,AIvalanche DeFAI Agents,aivalanche-defai-agents,avaxai.org,35618.png,"{""avalanche"":""0x8c8d2a7d8d9CF26F5ee1BbFc0bA56e93F4A4A7aC""}"
35621,SOGNI,Sogni AI,sogni-ai,sogni.ai,35621.png,"{""base"":""0xE014d2A4da6E450f21b5050120D291e63c8940FD"",""tezos"":""0x2767Fc1048cd0ae4fd952eeF09853301c9DC7173""}"
35624,ETF,"Eat, Trade, Fart",eat-trade-fart,eattradefart.com,35624.png,"{""solana"":""8cVZCdP973kupdt1TktpD4jq3k7Jpr3FiaBAxN5Kpump""}"
35626,DATA,Data Network,data-network,datafdn.org,35626.png,"{""bnb"":""0xA37EDed373c5cdF88644db7C6b89f222e756aFB2"",""data-network"":""0xeeeeeeeeeeeeeeeeeeeeeeeeeeeeeeeeeeeeeeee""}"
35628,AVL,Avalon Labs (AVL),avalon-labs-avl,avalonfinance.xyz,35628.png,"{""ethereum"":""0x5c8d0c48810fd37a0a824d074ee290e64f7a8fa2"",""bnb"":""0x9beee89723ceec27d7c2834bec6834208ffdc202"",""merlin-chain"":""0x916addD975718D307868b814e0A9bbbEdbd7ab17""}"
35629,EXPERT,EXPERT_MONEY,experttoken,experttoken.xyz,35629.png,"{""solana"":""H7VfCzzPJvnqfs1b8uA9uUuVjXiYfzAUDw5gmyV9pump""}"
35631,ASF,Asymmetry Finance,asymmetry-finance,asymmetry.finance,35631.png,"{""ethereum"":""0x59a529070fBb61e6D6c91f952CcB7f35c34Cf8Aa""}"
35632,OFT,ONFA,onfa,onfa.io,35632.png,"{""bnb"":""0x297c6470cc7a3fe5cf8e5d977c33a2d4b4d9b126""}"
35633,DOGPU,DogeGPU,dogegpu,dogegpu.org,35633.png,{}
35637,BDCA,BitDCA,bitdca,bitdca.com,35637.png,"{""bnb"":""0x0c8382719ef242cae2247e4decb2891fbf699818""}"
35647,TST,Test,test-token-bsc,testtoken.vip,35647.png,"{""bnb"":""0x86Bb94DdD16Efc8bc58e6b056e8df71D9e666429""}"
35648,GROKAI,Grok AI Agent,grok-ai-agent,grokai.vip,35648.png,"{""solana"":""2vSVEMtLPSY4HBdKoccxDgPLV25RYrdidM6bT6vpqM2L""}"
35649,BEENZ,BEENZ,beenz,beenzonsol.com,35649.png,"{""solana"":""9sbrLLnk4vxJajnZWXP9h5qk1NDFw7dz2eHjgemcpump""}"
35650,STUPID,StupidCoin,stupidcoin-2,stupid.com,35650.png,"{""solana"":""9RjwNo6hBPkxayWHCqQD1VjaH8igSizEseNZNbddpump""}"
35653,CATTON,Catton AI,catton-ai,catton.ai,35653.png,"{""bnb"":""0xcefc79c16cd62cf0c35c1d16d23b9f266f2eda51"",""solana"":""EnYkmHKm13mLnBgpvHJZE2T6rqi8weQXoFuPccW9ZiD5""}"
35662,AGON,AGON Agent,agon-agent,four.meme,35662.png,"{""bnb"":""0x3ca729bfd4bbad155f072752510226b37a5b7723""}"
35669,CAR,Central African Republic Meme,central-african-republic-meme,car.meme,35669.png,"{""solana"":""7oBYdEhV4GkXC19ZfgAvXpJWp2Rn9pm1Bx2cVNxFpump""}"
35670,BUSD,Bera USD,honey-bera,berachain.com,35670.png,"{""berachain"":""0xfcbd14dc51f0a4d49d5e53c2e0950e0bc26d0dce""}"
35671,EPT,Balance,balance,balance.fun,35671.png,"{""ethereum"":""0x3dc8e2d80b6215a1bccae4d38715c3520581e77c"",""bnb"":""0x3dc8e2d80b6215a1bccae4d38715c3520581e77c""}"
35672,USDN,SMARDEX USDN,smardex-usdn,smardex.io,35672.png,"{""ethereum"":""0xde17a000BA631c5d7c2Bd9FB692EFeA52D90DEE2""}"
35676,BTMETA,BTCASH,btcash,btcash-community.com,35676.png,"{""bnb"":""0x962d3e1397767310451EE72068B2E5bCef738bd8""}"
35679,SFX,Space Frog X,spacefrog-x,spacefrogx.space,35679.png,"{""bnb"":""0xB8Fd1438CA2aF47b940FFF34D13cF58C64ac96A1""}"
35680,LUX,Lux,lux,lux.gg,35680.png,"{""solana"":""BmXfbamFqrBzrqihr9hbSmEsfQUXMVaqshAjgvZupump""}"
35687,JAILSTOOL,Stool Prisondente,stool-prisondente,getjailstool.com,35687.png,"{""solana"":""AxriehR6Xw3adzHopnvMn7GcpRFcD41ddpiTWMg6pump""}"
35689,TEVA,Tevaera,tevaera,tevaera.com,35689.png,"{""base"":""0x00309D634d11541b857f927BE91aD2f0bD78894c""}"
35690,B3,B3 (Base),b3,b3.fun,35690.png,"{""base"":""0xB3B32F9f8827D4634fE7d973Fa1034Ec9fdDB3B3""}"
35693,BORGY,BORGY,borgy,borgysol.com,35693.png,"{""solana"":""BorGY4ub2Fz4RLboGxnuxWdZts7EKhUTB624AFmfCgX""}"
35695,POLLY,Polynetica,polynetica,polynetica.com,35695.png,"{""polygon-ecosystem-token"":""0x53A7196EFf4049D1049574EBB0F4a10376913a3D""}"
35696,GOKU,Goku Super Saiyan,goku-super-saiyan,saiyanarmy.win,35696.png,"{""solana"":""6W8FHYE6jnw1dktabRRiZpQRQFPSFhTeLczdvBNPzVeo""}"
35697,PI,Pi,pi,minepi.com,35697.png,{}
35701,GOHOME,GOHOME,gohome,gohometoken.com,35701.png,"{""solana"":""2Wu1g2ft7qZHfTpfzP3wLdfPeV1is4EwQ3CXBfRYAciD""}"
35702,NIL,Nillion,nillion,nillion.com,35702.png,"{""ethereum"":""0x7Cf9a80db3B29eE8efE3710AadB7b95270572d47""}"
35706,ANITA,Anita AI,anita-ai,voice.itsanita.com,35706.png,"{""solana"":""AnXE9mZYWReqBw4v5HrY2S2utt42uEtcBGmuCXASvRAi""}"
35710,SHELL,MyShell,myshell,myshell.ai,35710.png,"{""ethereum"":""0xf2c88757f8d03634671208935974B60a2a28Bdb3"",""bnb"":""0xf2c88757f8d03634671208935974B60a2a28Bdb3""}"
35713,MIU,Miu,miu,miucoin.org,35713.png,"{""sui"":""0x32a976482bf4154961bf20bfa3567a80122fdf8e8f8b28d752b609d8640f7846::miu::MIU""}"
35716,RZUSD,RZUSD,rzusd,usd.rz.game,35716.png,"{""bnb"":""0xc4a1cc5ca8955a4650bdc109bddf110e33a1e344""}"
35718,STONKS,STONKS (mystonks.org),mystonks,mystonks.org,35718.png,"{""solana"":""6NcdiK8B5KK2DzKvzvCfqi8EHaEqu48fyEzC8Mm9pump""}"
35720,HEU,Heurist AI,heurist-ai,heurist.ai,35720.png,"{""ethereum"":""0xec463D00aa4dA76fb112cD2e4AC1C6BeF02da6ea""}"
35721,USDF,Falcon USD,falcon-finance,falcon.finance,35721.png,"{""ethereum"":""0xFa2B947eEc368f42195f24F36d2aF29f7c24CeC2"",""bnb"":""0xb3b02e4a9fb2bd28cc2ff97b0ab3f6b3ec1ee9d2"",""xdc-network"":""0x8210c0634AB8f273806e4b7866E9Db353773c44B""}"
35722,SIXP,Sixpack Miner,sixpack-miner,sixpackminer.io,35722.png,"{""bnb"":""0xf117DFCB241c0003d5e2FC72F288755C17a46980""}"
35724,HEI,Heima,heima,heima.network,35724.png,"{""ethereum"":""0xf8f173e20e15f3b6cb686fb64724d370689de083"",""bnb"":""0xf8f173e20e15f3b6cb686fb64724d370689de083""}"
35728,DIAM,DIAM,diam,diamante.io,35728.png,"{""bnb"":""0x1FA0f5ed24a1a2b43741E88F8FEc19633e67082B""}"
35732,SFI,Singularity Finance,singularity-finance,singularityfinance.ai,35732.png,"{""ethereum"":""0x7636d8722fdf7cd34232a915e48e96aa3eb386bf"",""bnb"":""0x7636d8722fdf7cd34232a915e48e96aa3eb386bf"",""base"":""0x863B7364a29daA23C9FCBD02e27D129A8B185891""}"
35734,CAPTAINBNB,CaptainBNB,captainbnb,captainbnb.xyz,35734.png,"{""bnb"":""0x47a1eb0b825b73e6a14807beaecafef199d5477c""}"
35735,CX,Cortex Protocol,cortex-protocol,cortexprotocol.com,35735.png,"{""ethereum"":""0x000000000000012DeF132E61759048bE5b5C6033"",""bnb"":""0x000000000000012DeF132E61759048bE5b5C6033"",""solana"":""CortexFv3fRcLKTgACr7aLqckGh5eP7TP3z9JHoKqMc6"",""optimism-ethereum"":""0x000000000000012DeF132E61759048bE5b5C6033"",""arbitrum"":""0x000000000000012DeF132E61759048bE5b5C6033"",""base"":""0x000000000000012DeF132E61759048bE5b5C6033""}"
35738,DEEP,Deep AI,deep-ai,deep-ai.pro,35738.png,"{""solana"":""hTRDn7zE5tDHRnjj6Qms2WG1zEGv9ii6AiwfgbFpump""}"
35743,FAFO,FAFO,fafo,fafo.win,35743.png,"{""solana"":""BP8RUdhLKBL2vgVXc3n7oTSZKWaQVbD8S6QcPaMVBAPo""}"
35747,DOOD,Doodles,doodles,doodles.app,35747.png,"{""solana"":""DvjbEsdca43oQcw2h3HW1CT7N3x5vRcr3QrvTUHnXvgV"",""bnb"":""0x722294f6c97102fb0ddb5b907c8d16bdeab3f6d9""}"
35749,BROCCOLI,CZ's Dog,broccoli-714,broccoli714.site,35749.png,"{""bnb"":""0x6d5AD1592ed9D6D1dF9b93c793AB759573Ed6714""}"
35753,BROCCOLI,Broccoli (firstbroccoli.com),broccoli,firstbroccoli.com,35753.png,"{""bnb"":""0x12B4356C65340Fb02cdff01293F95FEBb1512F3b""}"
35754,BROCCOLI,Broccoli (Bounce Finance),broccoli-bounce-finance,,35754.png,"{""bnb"":""0x343e66bad706eed4350fe96385ffc6336bd653ef""}"
35755,TAPS,TapSwap,tap-swap,tapswap.ai,35755.png,"{""gram"":""EQD3r1oCVcarXV7yENw6PQC2Y7Yd29enyseEIlARRC4-HtAp""}"
35757,A47,AGENDA 47,agenda-47,a47news.ai,35757.png,"{""solana"":""CN162nCPpq3DxPCyKLbAvEJeB1aCxsnVTEG4ZU8vpump""}"
35758,TIT,TITAN,titan,olympus-tit.io,35758.png,"{""bnb"":""0x44d7f403B0451B991df1378827982C883c390719""}"
35761,BROCCOLI,Broccoli (broccolif2b.com),broccoli-czdog,broccolif2b.com,35761.png,"{""bnb"":""0x23D3F4EaaA515403C6765bb623F287a8Cca28F2b""}"
35763,KAITO,KAITO,kaito,yaps.kaito.ai,35763.png,"{""base"":""0x98d0baa52b2D063E780DE12F615f963Fe8537553""}"
35766,SIREN,siren,siren-bsc,sirenai.me,35766.png,"{""bnb"":""0x997a58129890bbda032231a52ed1ddc845fc18e1""}"
35767,LIBRA,LIBRA,libra-viva-la-libertad-project,vivalalibertadproject.com,35767.png,"{""solana"":""Bo9jh3wsmcC2AjakLWzNmKJ3SgtZmXEcSaW7L2FAvUsU""}"
35770,PIAI,Pi Network AI,pi-network-ai,pi-network.club,35770.png,"{""solana"":""B7NPUGvxC8BUF5a8BdxurBNxCjV3HwyN6DaRivtqNAjB""}"
35772,GROK3AI,Grok 3 AI,grok-3-ai,grok3ai.club,35772.png,"{""solana"":""FYDRoNCex7KJfYx3iHFhD9peJb4PPSB9EG7VAg4sUKBq""}"
35773,JOC,Japan Open Chain,japan-open-chain,japanopenchain.org,35773.png,{}
35774,BUTTCOIN,The Next Bitcoin,the-next-bitcoin,thenextbitcoin.fun,35774.png,"{""solana"":""FasH397CeZLNYWkd3wWK9vrmjd1z93n3b59DssRXpump""}"
35778,MARS,Mars,marscoin-bsc,mars-coin.xyz,35778.png,"{""bnb"":""0x1Fd448D0361c3212961a70930f3129A45f425B68""}"
35779,CONAN,Conan,conan-solana,getconanmemes.com,35779.png,"{""solana"":""CQvadZTR8vikRqqwyhvYV8YpdfCRjUCGyQwCuY4rxBQt""}"
35781,PIAI,Pi Network AI Agent,pi-network-ai-agent,minepiai.xyz,35781.png,"{""solana"":""6B6meNabem1xPxs8EgwmYZudykPS6qye3HpCx49XP4zP""}"
35788,BROCCOLI,BROCCOLI (FirstBroccoli on BNB),broccoli-first-broccoli-on-bnb,broccolibnb.xyz,35788.png,"{""bnb"":""0x6F05dFBb0174D7e00cfabCED8aa42BC5Ae2601a4""}"
35789,BNBXBT,BNBXBT,bnbxbt,website.com,35789.png,"{""bnb"":""0xA18BBdCd86e4178d10eCd9316667cfE4C4AA8717""}"
35793,ANT,Autonomi,autonomi,autonomi.com,35793.png,"{""arbitrum"":""0xa78d8321b20c4ef90ecd72f2588aa985a4bdb684""}"
35795,DRX,DRX Token,drx-token,drxtoken.com,35795.png,"{""ethereum"":""0x83f4389ccCe1CC044dD7441Add33c4F28b967434""}"
35802,USC,Orby Network (USC),orby-network-usc,orby.network,35802.png,"{""cronos"":""0xD42E078ceA2bE8D03cd9dFEcC1f0d28915Edea78""}"
35804,WEPE,Wall Street Pepe,wall-street-pepe,wallstreetpepe.com,35804.png,"{""ethereum"":""0xccB365D2e11aE4D6d74715c680f56cf58bF4bF10"",""solana"":""2TV8tG8tfDMtChy4e5HGu3QBpH3oqXL8CZKCk2hMRSLv""}"
35815,HVLO,Hivello,hivello,hivello.com,35815.png,"{""solana"":""Gdck9KXSSiMMhNyjUjo4sVT1GDzeZnZP2yse9jhax3GR""}"
35817,JYAI,Jerry The Turtle By Matt Furie,jerry-the-turtle-by-matt-furie,jerrytheturtle.com,35817.png,"{""ethereum"":""0x4e9623b7e5b6438542458f5ee828d65c24d3af8c""}"
35818,SOSO,SoSoValue,sosovalue,sosovalue.com,35818.png,"{""ethereum"":""0x76A0e27618462bDAC7a29104bdcfFf4E6BFCea2D"",""base"":""0x624e2e7fdc8903165f64891672267ab0fcb98831""}"
35824,PERRY,Perry,perry-bnb,,35824.png,"{""bnb"":""0x5043f271095350c5ac7db2384a0d9337e27c1055""}"
35829,TRUU,Truth,truth,truth-network.io,35829.png,"{""ethereum"":""0xc84782858B7Bef5d25182Dbac956A6Aa463AeFE5""}"
35832,OI,O Intelligence Coin,o-intelligence-coin,o.xyz,35832.png,"{""solana"":""AKzAhPPLMH5NG35kGbgkwtrTLeGyVrfCtApjnvqAATcm""}"
35835,SWAN,Swan Chain,swan-chain,swanchain.io,35835.png,"{""ethereum"":""0x43e3De6745fad70127d7935198311386449fD9dd""}"
35837,WOULD,would,wouldmeme,wouldmeme.com,35837.png,"{""solana"":""J1Wpmugrooj1yMyQKrdZ2vwRXG5rhfx3vTnYE39gpump""}"
35838,REXBT,rexbt by VIRTUALS,rexbt-by-virtuals,rexbt.ai,35838.png,"{""solana"":""J7cENeeQs1XUgfruGNTEjXAAa54Rut8VYdDuMmmBvirt""}"
35839,CARROT,Carrot by Puffer,carrot-by-puffer,puffer.fi,35839.png,"{""ethereum"":""0x282a69142bac47855c3fbe1693fcc4ba3b4d5ed6""}"
35840,PAPPLE,Pineapple,pineapple,pineappledex.com,35840.png,"{""ethereum"":""0x129e5915326ed86f831b0e035acda34b209633d5""}"
35848,UNITREEAI,Unitree G1 AI,unitree-g1-ai,unitreeg1.club,35848.png,"{""solana"":""68Jyw882wE4UkreUpK3NTG9i5ZKuSj3xLUQshEra9r3s""}"
35849,OIIAOIIA,spinning cat,spinning-cat,spinning.cat,35849.png,"{""solana"":""VaxZxmFXV8tmsd72hUn22ex6GFzZ5uq9DVJ5wA5pump""}"
35859,FPIBANK,FPIBANK,fpibank,fpibank.com,35859.png,"{""gram"":""EQD0KpcRMh-sKO2z5-vOjgvFjTT58tO-2Nmvxqg5ocFQFtWz""}"
35861,AQUARI,Aquari,aquari-v2,aquari.org,35861.png,"{""base"":""0x7f0e9971d3320521fc88f863e173a4cddbb051ba""}"
35872,LLD,Liberland Dollar,liberland-blockchain,liberland.org,35872.png,"{""ethereum"":""0x054c9D4C6F4EA4E14391addD1812106c97D05690"",""solana"":""GwKKPsJdY5oWMJ8RReWLcvb82KzW6FKy2bKoYW7kHr16"",""tron"":""TC8QDMS2nLdWMT7iJwvtG5YH6XiGEJT6om""}"
35877,YALA,Yala,yala,yala.org,35877.png,"{""ethereum"":""0xf970706063b7853877f39515c96932d49d5ac9cd"",""bnb"":""0xf970706063b7853877f39515c96932d49d5ac9cd""}"
35881,WHYPE,Wrapped HYPE,wrapped-hyperliquid,hyperliquid.xyz,35881.png,"{""hyperliquid"":""0x5555555555555555555555555555555555555555""}"
35883,INDUSTRIAL,Industrial,industrial,industrial.game,35883.png,"{""bnb"":""0x9e06e1203bdc3747ee3ab5fa9488619bcf2a2666""}"
35886,SSE,Solana Social Explorer,solana-social-explorer,sse.gg,35886.png,"{""solana"":""H4phNbsqjV5rqk8u6FUACTLB6rNZRTAPGnBb8KXJpump""}"
35888,WMON,Wrapped Monad,wrapped-monad,monad.xyz,35888.png,"{""monad"":""0x3bd359c1119da7da1d913d1c4d2b7c461115433a""}"
35889,FU,Farting Unicorn,farting-unicorn,fartingunicorn.net,35889.png,"{""solana"":""CDDybYjY6y7RBKXXaCKHRhUhb31y3rjGB7idTdeFpump""}"
35892,TUT,Tutorial,tutorial,tutorialtoken.com,35892.png,"{""bnb"":""0xCAAE2A2F939F51d97CdFa9A86e79e3F085b799f3""}"
35900,BREW,Homebrew Robotics Club,homebrew-robotics-club,homebrew.build,35900.png,"{""solana"":""2hXQn7nJbh2XFTxvtyKb5mKfnScuoiC1Sm8rnWydpump""}"
35901,PALCOIN,Palcoin Ventures,palcoin-venture-capital,palcoin.ai,35901.png,"{""ethereum"":""0xc6D3856D9E49b3e54C28179FbF758Bb299F1ed51""}"
35902,IMG,Infinite Money Glitch,infinite-money-glitch,imgsolana.com,35902.png,"{""solana"":""znv3FZt2HFAvzYf5LxzVyryh3mBXWuTRRng25gEZAjh""}"
35910,BGCI,Bloomberg Galaxy Crypto Index,bloomberg-galaxy-crypto-index,app.reserve.org,35910.png,"{""base"":""0x23418de10d422ad71c9d5713a2b8991a9c586443""}"
35911,FROC,Based Froc,basedfroc,basedfroc.com,35911.png,"{""base"":""0x3c8cd0db9a01efa063a7760267b822a129bc7dca""}"
35920,STAR10,Ronaldinho Coin,ronaldinho-coin,star10token.com,35920.png,"{""bnb"":""0x8b9abdd229ec0c4a28e01b91aacdc5daafc25c2b"",""solana"":""8hCYPHGC73UxC7gqLDMBHQvgVmtQ6fryCq49tJMCP55D""}"
35929,DOLO,Dolomite,dolomite,dolomite.io,35929.png,"{""ethereum"":""0x0F81001eF0A83ecCE5ccebf63EB302c70a39a654"",""arbitrum"":""0x0F81001eF0A83ecCE5ccebf63EB302c70a39a654"",""berachain"":""0x0F81001eF0A83ecCE5ccebf63EB302c70a39a654""}"
35930,WXTZ,Wrapped XTZ,wrapped-tezos,tezos.com,35930.png,"{""tezos"":""0xc9b53ab2679f573e480d01e0f49e2b5cfb7a3eab"",""ethereum"":""0xc9b53ab2679f573e480d01e0f49e2b5cfb7a3eab"",""base"":""0x91f9cc2649ac70a071602cade9b0c1a5868af51d"",""bnb"":""0x91f9cc2649ac70a071602cade9b0c1a5868af51d"",""arbitrum"":""0x7424f00845777a06e21f0bd8873f814a8a814b2d""}"
35931,ZORA,ZORA,zora,zora.co,35931.png,"{""base"":""0x1111111111166b7fe7bd91427724b487980afc69""}"
35932,UTYA,Utya,utya,tonutya.com,35932.png,"{""gram"":""EQBaCgUwOoc6gHCNln_oJzb0mVs79YG7wYoavh-o1ItaneLA""}"
35934,REACT,Reactive Network,reactive-network,reactive.network,35934.png,"{""ethereum"":""0x817162975186d4d53dbf5a7377dd45376e2d2fc5"",""base"":""0xeDAcC73AE9f73235934f72a43388404E4a2C4A24""}"
35936,COLLAT,Collaterize,collaterize,collaterize.com,35936.png,"{""solana"":""C7heQqfNzdMbUFQwcHkL9FvdwsFsDRBnfwZDDyWYCLTZ""}"
35937,XPI,XPi,xpi,x.pi.sale,35937.png,"{""solana"":""BoMbSn3KcWsUe1dgz5ddJrRaM6v44fpeARNA9t7Dpump""}"
35942,NITRO,Nitro,nitro-frog-token,nitrofrogtoken.io,35942.png,"{""ethereum"":""0x76887cB94cF29EC539b3219Ba62104BE04F26A5C""}"
35943,PUNDIAI,Pundi AI,pundi-ai,pundi.ai,35943.png,"{""ethereum"":""0x075f23b9cdfce2cc0ca466f4ee6cb4bd29d83bef"",""bnb"":""0x7a986ba67227acfab86385ff33436a80e2bb4cc5""}"
35945,PWEASE,Pwease,pwease,pweasetoken.com,35945.png,"{""solana"":""CniPCE4b3s8gSUPhUiyMjXnytrEqUrMfSsnbBjLCpump""}"
35949,REALESTATE,RealEstate,realestate,real-estate.game,35949.png,"{""bnb"":""0x32477cf0e324f9a9cb49e8803fa4de9f80f8d0d4""}"
35953,SNL,Snow Leopard,snow-leopard,snowleopard-token.com,35953.png,"{""ethereum"":""0xC5a861787f3e173F2b004d5cfA6a717f5DC5484D"",""bnb"":""0xc5a861787f3e173f2b004d5cfa6a717f5dc5484d"",""base"":""0xc5a861787f3e173f2b004d5cfa6a717f5dc5484d"",""arbitrum"":""0xc5a861787f3e173f2b004d5cfa6a717f5dc5484d"",""polygon-ecosystem-token"":""0xc5a861787f3e173f2b004d5cfa6a717f5dc5484d""}"
35954,LION,Loaded Lions,loaded-lions,loadedlions.com,35954.png,"{""solana"":""7kN5FQMD8ja4bzysEgc5FXmryKd6gCgjiWnhksjHCFb3"",""arbitrum"":""0x527e8D368298deA5a53be257e5300F4DBafb7a97"",""cronos"":""0x9D8c68F185A04314DDC8B8216732455e8dbb7E45""}"
35955,AP3X,Apex Fusion,apex-fusion,apexfusion.org,35955.png,"{""bnb"":""0x9208d82F121806A34a39bB90733b4C5c54F3993e"",""cardano"":""5aa591a3a324aef2e168a3819f619488fdd19451b4040fcfe2633eb8"",""base"":""0x9208d82f121806a34a39bb90733b4c5c54f3993e""}"
35960,SHDX,Shido DEX,shido-dex,shido.io,35960.png,{}
35963,PEPEMUSK,PepeMusk,pepemusk,pepemusk.vip,35963.png,"{""bnb"":""0x0dcd05357b83bf100e668f152bf14bf96b679cd1""}"
35964,MT,Mint Token,mint-token,mint.club,35964.png,"{""base"":""0xFf45161474C39cB00699070Dd49582e417b57a7E""}"
35965,USDA,USDA,usda-stablecoin,angle.money,35965.png,"{""ethereum"":""0x0000206329b97DB379d5E1Bf586BbDB969C63274"",""base"":""0x0000206329b97DB379d5E1Bf586BbDB969C63274"",""optimism-ethereum"":""0x0000206329b97DB379d5E1Bf586BbDB969C63274""}"
35966,GMON,Magma,magma,magmastaking.xyz,35966.png,"{""monad"":""0x8498312A6B3CbD158bf0c93AbdCF29E6e4F55081""}"
35967,BSAI,Bitcoin Silver AI,bitcoin-silver-ai,bitcoinsilver.ai,35967.png,"{""bnb"":""0xfe020130EA312be3efE53ED11E9D4D254B165f49""}"
35976,YUSD,Aegis YUSD,aegis-yusd,aegis.im,35976.png,"{""ethereum"":""0x4274cD7277C7bb0806Bd5FE84b9aDAE466a8DA0a"",""bnb"":""0xAB3dBcD9B096C3fF76275038bf58eAC10D22C61f""}"
35984,SRN,SILVERNOVA,silvernova,silvernova.io,35984.png,"{""bnb"":""0xb2ffd1b3b48d6913d8d76062cae30708d2a16e62"",""tron"":""TGfJ7GoEHZovXM9SVHb5pkBDCj5d4sLKmw""}"
35988,AIV,AIVeronica,aiveronica,app.virtuals.io,35988.png,"{""base"":""0x0d91ebb16291873a0c67158f578ec249f4321b49""}"
35989,LF,LF,lflabs,lflabs.fund,35989.png,"{""ethereum"":""0x957c7fA189a408E78543113412f6Ae1a9b4022C4"",""solana"":""5jGaCTioXy1FSZfzSznFtsnsyiiEddEogaKk1pikF2zr"",""base"":""0x8Ab3509F511f4c887763ba2a3450e3aAF8b3AC97""}"
36011,OIK,Space Nation Oikos,space-nation,spacenation.online,36011.png,"{""ethereum"":""0x6E7F11641c1EC71591828E531334192d622703F7"",""bnb"":""0xB035723D62e0e2ea7499D76355c9D560f13ba404"",""immutable-x"":""0xdA49591f442B8c7A5292C6Aa07655746299D6F4C""}"
36013,SYMM,Symmio,symmio,symmio.foundation,36013.png,"{""base"":""0x800822d361335b4d5F352Dac293cA4128b5B605f""}"
36014,DDM,Deutsche Mark,deutsche-mark,deutschemark-ddm.io,36014.png,"{""bnb"":""0x9f1e8901E93a141C70cc90eEe4c4CeFD264B44d1"",""polygon-ecosystem-token"":""0xcdDbd374A9dF30BbBE4Bc4c008fA229CB3587511""}"
36015,WIN,WinX.io,winx-io,winx.io,36015.png,"{""sui"":""0xe6b9e1033c72084ad01db37c77778ca53b9c4ebb263f28ffbfed39f4d5fd5057::win::WIN""}"
36017,PAWS,PAWS,paws,paws.community,36017.png,"{""solana"":""PAWSxhjTyNJELywYiYTxCN857utnYmWXu7Q59Vgn6ZQ""}"
36020,SLAY,SatLayer,satlayer,satlayer.xyz,36020.png,"{""ethereum"":""0x51477A3002ee04B7542aDfe63ccdb50c00Ee5147"",""bnb"":""0xfC5a743271672E91D77F0176e5CEa581Fbd5D834"",""base"":""0x3e248ab4554cFdec8fc4f18F569FE6F46dE61DB1"",""hyperliquid"":""0xf9dadbe873e83783630c7089320f361a""}"
36025,POPG,POPG,popg,popg.com,36025.png,"{""ethereum"":""0xDaC070102b0CFDe1493026454c9C608924f6db71""}"
36033,BUT,Bucket Protocol,bucket-protocol,bucketprotocol.io,36033.png,"{""sui"":""0xbc858cb910b9914bee64fff0f9b38855355a040c49155a17b265d9086d256545::but::BUT""}"
36034,PELL,Pell Network,pell-network,pell.network,36034.png,"{""ethereum"":""0xc65d8d96cdddb31328186efa113a460b0af9ec63""}"
36038,SFRXUSD,Staked Frax USD,staked-frax-usd,frax.com,36038.png,"{""ethereum"":""0xcf62F905562626CfcDD2261162a51fd02Fc9c5b6"",""bnb"":""0x5Bff88cA1442c2496f7E475E9e7786383Bc070c0"",""solana"":""DUvWQMyASSkLNJFwsMDA4kwxEvmfaqpPGrvUVKtitX45"",""base"":""0x91A3f8a8d7a881fBDfcfEcd7A2Dc92a46DCfa14e"",""sonic"":""0x5Bff88cA1442c2496f7E475E9e7786383Bc070c0"",""frax-share"":""0xfc00000000000000000000000000000000000008"",""monad"":""0x5Bff88cA1442c2496f7E475E9e7786383Bc070c0"",""katana-network"":""0x5Bff88cA1442c2496f7E475E9e7786383Bc070c0""}"
36039,FRXUSD,Frax USD,frax-usd,frax.com,36039.png,"{""ethereum"":""0xCAcd6fd266aF91b8AeD52aCCc382b4e165586E29"",""bnb"":""0x80Eede496655FB9047dd39d9f418d5483ED600df"",""solana"":""GzX1ireZDU865FiMaKrdVB1H6AE8LAqWYCg6chrMrfBw"",""optimism-ethereum"":""0x80Eede496655FB9047dd39d9f418d5483ED600df"",""arbitrum"":""0x80eede496655fb9047dd39d9f418d5483ed600df"",""sei"":""0x80eede496655fb9047dd39d9f418d5483ed600df"",""linea"":""0xC7346783f5e645aa998B106Ef9E7f499528673D8"",""base"":""0xe5020A6d073a794B6E7f05678707dE47986Fb0b6"",""sonic"":""0x80eede496655fb9047dd39d9f418d5483ed600df"",""frax-share"":""0xFc00000000000000000000000000000000000001""}"
36041,MUBARAK,Mubarak,mubarak,mubarak-cto.com,36041.png,"{""bnb"":""0x5c85d6c6825ab4032337f11ee92a72df936b46f6""}"
36044,NXPC,NEXPACE,maplestory-universe,msu.io,36044.png,"{""avalanche"":""0x5E0E90E268BC247Cc850c789A0DB0d5c7621fb59"",""bnb"":""0xf2b51cc1850fed939658317a22d73d3482767591""}"
36053,KILO,KiloEx,kiloex,kiloex.io,36053.png,"{""bnb"":""0x503Fa24B7972677F00C4618e5FBe237780C1df53""}"
36056,XP,Xphere,xphere,x-phere.com,36056.png,{}
36063,BR,Bedrock,bedrock-dao,bedrockdao.com,36063.png,"{""ethereum"":""0x9B61879e91a0b1322F3d61c23Aaf936231882096"",""bnb"":""0xff7d6a96ae471bbcd7713af9cb1feeb16cf56b41"",""base"":""0xd6122ddADa244913521F3d62006eaF756c157660"",""berachain"":""0xd352dc6e5f0c45e2f2b38eb5565eb286a1ea4087""}"
36064,DOODI,Doodipals,doodipals,doodipals.com,36064.png,"{""solana"":""3iCJnnDYFT4RrPs7vMzw21sfVfy4br1xWmJioz7FGJUR""}"
36065,FISHW,Fishwar,fishwar,fishwar.io,36065.png,"{""sei"":""0x805679729Df385815C57c24B20f4161BD34B655f""}"
36066,KTA,Keeta,keeta,keeta.com,36066.png,"{""base"":""0xc0634090F2Fe6c6d75e61Be2b949464aBB498973""}"
36067,USDO,OpenEden OpenDollar,openeden-open-dollar,openeden.com,36067.png,"{""ethereum"":""0x8238884ec9668ef77b90c6dff4d1a9f4f4823bfe"",""bnb"":""0x302e52AFf9815B9D1682473DBFB9C74F9B750AA8"",""kaia"":""0x87e617c7484ade79fcd90db58beb82b057facb48"",""base"":""0xaD55aebc9b8c03FC43cd9f62260391c13c23e7c0""}"
36068,CUSDO,OpenEden Compounding OpenDollar,openeden-compounding-opendollar,openeden.com,36068.png,"{""ethereum"":""0xaD55aebc9b8c03FC43cd9f62260391c13c23e7c0"",""base"":""0x83db73ef5192de4b6a4c92bd0141ba1a0dc87c65""}"
36077,SHORT,Bermuda Shorts,bermuda-shorts,shortcoin.vip,36077.png,"{""bnb"":""0xacee924ec7fceb684369519e2d135db2eaabe192""}"
36078,MNSRY,Mansory,mansory,mnsry.com,36078.png,"{""solana"":""1xdtu7y3LkkrVCAbm5KGKfYzq1qgKhxxk5AaJBqpump"",""bnb"":""0x0fcfe33b46e5b21e5e96b722d4c85510198f9255""}"
36079,WTFO,WTF Opossum,wtf-opossum,wtfo.online,36079.png,"{""solana"":""8C4RygkxmePm9ys1qCcAB46dUCXNQYTaqfxS5mBrpump""}"
36080,MBG,MultiBank Group,multibank-group,token.multibankgroup.com,36080.png,"{""ethereum"":""0x45e02bc2875A2914C4f585bBF92a6F28bc07CB70""}"
36081,CTH,Changcoin,changcoin,changcoin.foundation,36081.png,"{""ethereum"":""0xf43756D85EF9275fE224236f6D072c5C7143a3Be"",""bnb"":""0x8888888809b788CD6e40a2D27e67425D5D0B5d3B""}"
36083,WLF,WLF PROJECT,wlf-project,wlfproject.com,36083.png,"{""ethereum"":""0xD1bb58e1F2eE11fF62AEa1225A6f210467863031""}"
36084,HYPERSKIDS,$HYPERSKIDS,hyperskids,hyperskidstoken.com,36084.png,"{""solana"":""GwkEDwePTa6aFosh9xzAniGK1zvLrQ5yPJfLnqwmuyhG""}"
36090,BUBB,Bubb,bubb,bubbnb.xyz,36090.png,"{""bnb"":""0xd5369a3cac0f4448a9a96bb98af9c887c92fc37b""}"
36093,WKEYDAO,WebKey DAO,webkey-dao,webkey.vip,36093.png,"{""bnb"":""0x194b302a4b0a79795fb68e2adf1b8c9ec5ff8d1f""}"
36095,PATLU,Patlu,patlu,patlu-memes.vip,36095.png,"{""bnb"":""0x6F6A1B9FC3D355fc147a7d0b0a599411fE16A8f4""}"
36101,QUQ,Quq,quq,quq.finance,36101.png,"{""bnb"":""0x4fa7c69a7b69f8bc48233024d546bc299d6b03bf""}"
36102,PARTI,Particle Network,particle-network,particle.network,36102.png,"{""bnb"":""0x59264f02D301281f3393e1385c0aEFd446Eb0F00"",""base"":""0x59264f02D301281f3393e1385c0aEFd446Eb0F00""}"
36104,TAT,Tell A Tale,tell-a-tale,tellatale.ai,36104.png,"{""bnb"":""0x996d1b997203a024e205069a304161ba618d1c61""}"
36109,TITCOIN,titcoin,titcoin-2,x.com,36109.png,"{""solana"":""FtUEW73K6vEYHfbkfpdBZfWpxgQar2HipGdbutEhpump""}"
36110,ROUTINE,Morning Routine,morning-routine,pump.fun,36110.png,"{""solana"":""34HDZNbUkTyTrgYKy2ox43yp2f8PJ5hoM7xsrfNApump""}"
36113,FAT,Fat Fella,fat-fella,fatniggaseason.com,36113.png,"{""solana"":""5LJMJyR8MtAkbtpf8kFUV7S9oFG3xaGDdcnFxYt9pump""}"
36119,WAL,Walrus,walrus-xyz,walrus.xyz,36119.png,"{""sui"":""0x356a26eb9e012a68958082340d4c4116e7f55615cf27affcff209cf0ae544f59::wal::WAL""}"
36121,MUBARAKAH,Mubarakah,mubarakah,dexscreener.com,36121.png,"{""bnb"":""0x3199a64bc8aabdfd9a3937a346cc59c3d81d8a9a""}"
36126,AMI,Amnis Finance,amnis-finance,amnis.finance,36126.png,"{""aptos"":""0xb36527754eb54d7ff55daf13bcb54b42b88ec484bd6f0e3b2e0d1db169de6451""}"
36131,BNB CARD,BNB Card,bnb-card,bnbcard-bsc.com,36131.png,"{""bnb"":""0xDc06717F367e57A16e06CcE0c4761604460da8Fc""}"
36132,AFT,AIFlow,aiflow,aiflow.guru,36132.png,"{""bnb"":""0xabd834a7823567673e1ac07635d5d9857b34a8d3""}"
36133,HOME,Defi App,defi-app,defi.app,36133.png,"{""bnb"":""0x4bfaa776991e85e5f8b1255461cbbd216cfc714f"",""solana"":""J3umBWqhSjd13sag1E1aUojViWvPYA5dFNyqpKuX3WXj"",""base"":""0x4bfaa776991e85e5f8b1255461cbbd216cfc714f""}"
36134,$MVRK,Mavryk Network,mavryk-network,mavryk.org,36134.png,{}
36135,ARIO,The Ar.io Network,ar-io-network,ar.io,36135.png,"{""solana"":""DcNnMuFxwhgV4WY1HVSaSEgr92bv2b1vUvEKiNxWqHdF"",""base"":""0x138746adfA52909E5920def027f5a8dc1C7EfFb6""}"
36136,BYB,BiorLabs,biorbank,biorlabs.com,36136.png,"{""ethereum"":""0xfbcb83037d770b28F758530022897362521b6141""}"
36141,POLLEN,Beraborrow,beraborrow,beraborrow.com,36141.png,"{""berachain"":""0xC99e948E9D183848a6c4F5E6C1d225F02f171d79""}"
36143,IMGN,IMGN Labs,imgn-labs,imgn.org,36143.png,"{""base"":""0x9BbA915F036158582C20B51113B925f243A1A1A1""}"
36148,USD1,World Liberty Financial USD,usd1,worldlibertyfinancial.com,36148.png,"{""ethereum"":""0x8d0D000Ee44948FC98c9B98A4FA4921476f08B0d"",""bnb"":""0x8d0D000Ee44948FC98c9B98A4FA4921476f08B0d"",""tron"":""TPFqcBAaaUMCSVRCqPaQ9QnzKhmuoLR6Rc"",""solana"":""USD1ttGY1N17NEEHLmELoaybftRBUSErhqYiQzvEmuB"",""aptos"":""0x05fabd1b12e39967a3c24e91b7b8f67719a6dacee74f3c8b9fb7d93e855437d2""}"
36151,GHIBLI,Ghiblification,ghiblification,ghiblicto.com,36151.png,"{""solana"":""4TBi66vi32S7J8X1A6eWfaLHYmUXu7CStcEmsJQdpump""}"
36152,DIGI,Digicoin,digicoin,digicoinglobal.com,36152.png,"{""solana"":""AUdUEc98MGfEHJiJfCgMaW8gKdcfNDio8BFzGKBwjztC""}"
36153,FHE,Mind Network,mind-network,mindnetwork.xyz,36153.png,"{""ethereum"":""0xd55C9fB62E176a8Eb6968f32958FeFDD0962727E"",""bnb"":""0xd55C9fB62E176a8Eb6968f32958FeFDD0962727E""}"
36156,GUN,GUNZ,gunz,gunbygunz.com,36156.png,"{""solana"":""3jUf2RTyXp867piSB2dt8uUcNiLDW58asjGtXkRAkBbe"",""avalanche"":""0x26deBD39D5eD069770406FCa10A0E4f8d2c743eB""}"
36164,CORN,Corn,use-corn,usecorn.com,36164.png,"{""ethereum"":""0x44f49ff0da2498bcb1d3dc7c0f999578f67fd8c6""}"
36166,PUMP,PumpBTC (Governance token),pumpbtc-pump,pumpbtc.xyz,36166.png,"{""bnb"":""0xB7C0007ab75350c582d5eAb1862b872B5cF53F0C"",""ethereum"":""0xB7C0007ab75350c582d5eAb1862b872B5cF53F0C""}"
36168,MOSS,MOSS AI,moss-ai,mossai.com,36168.png,"{""solana"":""9bNUjxEvygayUE2ZRN5zh9Hhjh6cN6GPK4zoHzXXpump""}"
36169,DEURO,Decentralized Euro,decentralized-euro,deuro.com,36169.png,"{""ethereum"":""0xba3f535bbcccca2a154b573ca6c5a49baae0a3ea"",""polygon-ecosystem-token"":""0xc2ff25dd99e467d2589b2c26edd270f220f14e47"",""optimism-ethereum"":""0x1B5F7fA46ED0F487F049C42f374cA4827d65A264"",""arbitrum"":""0x5e85faf503621830ca857a5f38b982e0cc57d537"",""base"":""0x1B5F7fA46ED0F487F049C42f374cA4827d65A264""}"
36171,RFC,Retard Finder Coin,retard-finder-coin,retardfindercoin.com,36171.png,"{""solana"":""C3DwDjT17gDvvCYC2nsdGHxDHVmQRdhKfpAdqQ29pump""}"
36174,ES,Eclipse,eclipse-xyz,eclipse.xyz,36174.png,"{""ethereum"":""0x6055Dc6Ff1077eebe5e6D2BA1a1f53d7Ef8430dE"",""solana"":""BqPqrrQuoQXFGGEAEMnPmDgZ6RWQCajWnY3V6Yp4DZWP"",""eclipse-xyz"":""GnBAskb2SQjrLgpTjtgatz4hEugUsYV7XrWU1idV3oqW""}"
36175,UNIBTC,Universal BTC,universal-btc,bedrock.technology,36175.png,"{""ethereum"":""0x004e9c3ef86bc1ca1f0bb5c7662861ee93350568"",""zetachain"":""0x6b2a01a5f79deb4c2f3c0eda7b01df456fbd726a"",""bnb"":""0x6b2a01a5f79deb4c2f3c0eda7b01df456fbd726a"",""optimism-ethereum"":""0x93919784c523f39cacaa98ee0a9d96c3f32b593e"",""arbitrum"":""0x6b2a01a5f79deb4c2f3c0eda7b01df456fbd726a"",""iotex"":""0x93919784c523f39cacaa98ee0a9d96c3f32b593e"",""taiko"":""0x93919784C523f39CACaa98Ee0a9d96c3F32b593e"",""mode"":""0x6B2a01A5f79dEb4c2f3c0eDa7b01DF456FbD726a"",""mantle"":""0x93919784C523f39CACaa98Ee0a9d96c3F32b593e"",""merlin-chain"":""0x93919784C523f39CACaa98Ee0a9d96c3F32b593e"",""use-corn"":""0x93919784C523f39CACaa98Ee0a9d96c3F32b593e"",""berachain"":""0xC3827A4BC8224ee2D116637023b124CED6db6e90"",""sonic"":""0xC3827A4BC8224ee2D116637023b124CED6db6e90"",""base"":""0x93919784C523f39CACaa98Ee0a9d96c3F32b593e"",""rsk"":""0xd3C8Da379d71A33BFEe8875F87AC2748beb1D58d"",""duckchain"":""0x93919784C523f39CACaa98Ee0a9d96c3F32b593e"",""uniswap"":""0xd3c8dA379d71a33BfEE8875F87Ac2748bEB1d58d"",""solana"":""uniBKsEV37qLRFZD7v3Z9drX6voyiCM8WcaePqeSSLc"",""aptos"":""0xf764dbfd6999067ac052a8e722ae359bec389bd7dba19ead586801b99b81b075""}"
36176,EVA,EVA AI,eva-ai,eva-ai.cloud,36176.png,"{""ethereum"":""0x3566C8eE9780245e974e759a7716EA6BA0702588""}"
36178,COLS,Cointel,cointel,cointel.io,36178.png,"{""avalanche"":""0x97f2624D5f99A953AE5574ea57d3268785941DE4""}"
36179,MEMEX,Meme Index,meme-index,memeindex.com,36179.png,"{""ethereum"":""0xb214b79eac9378a56D14D6e6d452150C80D6Ad79""}"
36180,KERNEL,KernelDAO,kerneldao,kerneldao.com,36180.png,"{""ethereum"":""0x3f80b1c54ae920be41a77f8b902259d48cf24ccf"",""bnb"":""0x9eCaf80c1303CCA8791aFBc0AD405c8a35e8d9f1"",""arbitrum"":""0x6E401189c8A68D05562c9Bab7f674f910821EAcF""}"
36186,GHIBLI,GhibliCZ,ghiblicz,,36186.png,"{""bnb"":""0x795d2710e383f33fbebe980a155b29757b6703f3""}"
36195,AGT,Alaya Governance Token,alaya-ai,aialaya.io,36195.png,"{""bnb"":""0x5dBde81fcE337FF4bcaaEe4Ca3466C00aeCaE274""}"
36197,ORANGE DIAMOND,Orange Diamond,orangediamond,orangediamond.vip,36197.png,"{""bnb"":""0x1ea3ffc43ee291a4373418286e9b001aebe14444""}"
36212,SOLVEX,SOLVEX NETWORK,solvex-network,solvex.network,36212.png,"{""bnb"":""0x8c47fcbcf4fc23f57b59527a96ee3b0944c3946c""}"
36215,APTM,Apertum,apertum,apertum.io,36215.png,{}
36216,GIZA,Giza,giza,gizatech.xyz,36216.png,"{""ethereum"":""0x590830dFDf9A3F68aFCDdE2694773dEBDF267774""}"
36219,NVB,NovaBank,novabank,novabank.finance,36219.png,"{""bnb"":""0x3595AfFf15A7ccaeeEb787Fd676f7A297319C24c""}"
36221,RWA,RWA Ecosystem,rwa-ecosystem,rwa.vip,36221.png,"{""bnb"":""0x3cFED764CFed47926AFd792a388823514135137f""}"
36223,PROMPT,Wayfinder,wayfinder,wayfinder.ai,36223.png,"{""ethereum"":""0x28d38dF637dB75533bD3F71426F3410a82041544"",""base"":""0x30c7235866872213F68cb1F08c37Cb9eCCB93452""}"
36225,DPINO,Darkpino,darkpino,darkpino.xyz,36225.png,"{""solana"":""4fwCUiZ8qaddK3WFLXazXRtpYpHc39iYLnEfF7KjmoEy""}"
36227,NUMI,NUMINE,numine,numine.io,36227.png,"{""ethereum"":""0xa29c9a740de8194e4016747e9a04a84946ada0a5"",""bnb"":""0xC61eb549Acf4A05Ed6e3Fe0966f5e213b23541cE"",""avalanche"":""0x59234B44214D88C57B7c54A6D2633334D95C5161""}"
36233,COCORO,Cocoro (officialcocoro.com),cocoro-base,officialcocoro.com,36233.png,"{""base"":""0x937a1cfaf0a3d9f5dc4d0927f72ee5e3e5f82a00""}"
36234,FAIR3,Fair and Free,fair-and-free,linktr.ee,36234.png,"{""bnb"":""0x6952c5408b9822295ba4a7e694d0C5FfDB8fE320""}"
36235,CHADETTE,CHADETTE,chadette,chadettecoin.com,36235.png,"{""solana"":""3pGyE8coXwBy8rx71zjtHDRrSA5TvKmuRgqwhK3Xmoon""}"
36236,PRAI,Privasea AI,privasea-ai,privasea.ai,36236.png,"{""bnb"":""0x899357E54C2c4b014ea50A9A7Bf140bA6Df2eC73""}"
36238,XPIN,XPIN Network,xpin-network,xpin.network,36238.png,"{""bnb"":""0xD955c9bA56Fb1AB30e34766e252A97ccCE3D31A6""}"
36246,STKAAVE,Staked Aave,staked-aave,aave.com,36246.png,"{""ethereum"":""0x4da27a545c0c5B758a6BA100e3a049001de870f5""}"
36248,BLIFFY,Bliffy,bliffy,bliffy.ai,36248.png,"{""solana"":""BLiFF7FoZrs9AMnZnn8dXn89wybGiFgQtpRDqMsdLQF""}"
36249,PTC,Patic,patic,polyverse.gg,36249.png,"{""ethereum"":""0x27CF096Db452425c51DaA356e7D9c574C75e8737""}"
36250,KULA,KULA,kula,kula.com,36250.png,"{""avalanche"":""0x99F2BDf00ACd067c65A79a0b6A3914C555196EA4""}"
36251,PHIL,Binance Mascot,binance-mascot,philonbnb.com,36251.png,"{""bnb"":""0x005E13C67f1d9d341194d902eC6f9e3C4b8B4444""}"
36252,AQA,AQA,aqa,about.aqa3.io,36252.png,"{""solana"":""CHGknFhLgwRcnYGETJwShwAeZssyGE8WXCsgu7fe6X6V""}"
36254,ESIM,EvoSimGame,evosimgame,evolife.me,36254.png,"{""gram"":""EQCdb8hvMDDZcqpPGH-cCj3iMuom9P57mMyrdoHNNyXHM9Fs""}"
36255,LUCIC,Lucidum Coin,lucidum-coin,lucidum.cz,36255.png,"{""bnb"":""0xE054017a2F0ECFa294b08a74AF319bce0b985A39""}"
36258,SUSD,Solayer USD,solayer-usd,solayer.org,36258.png,"{""solana"":""susdabGDNbhrnCa6ncrYo81u4s9GM8ecK2UwMyZiq4X""}"
36264,COCORO,COCORO,cocoroerc,cocoroblackshib.com,36264.png,"{""ethereum"":""0xa93d86Af16fe83F064E3C0e2F3d129F7B7b002b0""}"
36265,LVVA,Levva Protocol,levva-protocol,levva.fi,36265.png,"{""ethereum"":""0x6243558a24CC6116aBE751f27E6d7Ede50ABFC76""}"
36271,TITN,THORWallet,thorwallet-titn,thorwallet.org,36271.png,"{""base"":""0xe62bfbE57763ec24c0F130426F34DbCe11Fc5B06""}"
36272,OVER,Overtime,overtime,overtimemarkets.xyz,36272.png,"{""ethereum"":""0x90ce5720c17587d28e4af120ae2d313b3bad1722"",""optimism-ethereum"":""0xedf38688b27036816a50185caa430d5479e1c63e"",""arbitrum"":""0x5829d6fe7528bc8e92c4e81cc8f20a528820b51a"",""base"":""0x7750c092e284e2c7366f50c8306f43c7eb2e82a2""}"
36274,BDTC,BDTCOIN,bdtcoin,bdtcoin.co,36274.png,{}
36275,SUP,Superp,superp,superp.xyz,36275.png,"{""bnb"":""0x19ed254efa5e061d28d84650891a3db2a9940c16""}"
36277,BTR,Bitlayer,bitlayer,bitlayer.org,36277.png,"{""ethereum"":""0x6C76dE483F1752Ac8473e2B4983A873991e70dA7"",""bnb"":""0xfed13d0c40790220fbde712987079eda1ed75c51"",""bitlayer"":""0x0e4cf4affdb72b39ea91fa726d291781cbd020bf""}"
36278,OBOL,Obol,obol,obol.org,36278.png,"{""ethereum"":""0x0B010000b7624eb9B3DfBC279673C76E9D29D5F7""}"
36279,PAPARAZZI,Paparazzi Token,paparazzi-token,paparazzitoken.io,36279.png,"{""polygon-ecosystem-token"":""0x7b43e83A5c5D60A7b8886b4205ACe88d1F4E2803""}"
36281,HYPER,Hyperlane,hyperlane,hyperlane.xyz,36281.png,"{""ethereum"":""0x93A2Db22B7c736B341C32Ff666307F4a9ED910F5"",""bnb"":""0xC9d23ED2ADB0f551369946BD377f8644cE1ca5c4"",""optimism-ethereum"":""0x9923DB8d7FBAcC2E69E87fAd19b886C81cd74979"",""arbitrum"":""0xC9d23ED2ADB0f551369946BD377f8644cE1ca5c4"",""base"":""0xC9d23ED2ADB0f551369946BD377f8644cE1ca5c4""}"
36284,BASE,Base is for everyone,base-is-for-everyone,zora.co,36284.png,"{""base"":""0xd769d56f479e9e72a77bb1523e866a33098feec5""}"
36285,IMT,Immortal Token,immortal-token,immortalrising2.com,36285.png,"{""ethereum"":""0xe2616122eD554bd693335E9143C47Df187a86EF3""}"
36288,EDGE,Definitive,definitive,definitive.fi,36288.png,"{""base"":""0xED6E000dEF95780fb89734c07EE2ce9F6dcAf110""}"
36292,DARK,Dark Eclipse,dark-eclipse,darkresearch.ai,36292.png,"{""solana"":""8BtoThi2ZoXnF7QQK1Wjmh2JuBw9FjVvhnGMVZ2vpump""}"
36296,BANK,Lorenzo Protocol,lorenzo-protocol,lorenzo-protocol.xyz,36296.png,"{""bnb"":""0x3AeE7602b612de36088F3ffEd8c8f10E86EbF2bF""}"
36298,NATION,LinkedNation,linkednation,linkednation.io,36298.png,"{""solana"":""25Ew9oMprcypdK2KbecFE6Btvy5HChaDYUmLdm7aLinK""}"
36300,SKYAI,SKYAI,skyai,skyai.pro,36300.png,"{""bnb"":""0x92aa03137385F18539301349dcfC9EbC923fFb10""}"
36302,NILA,MindWaveDAO,mindwavedao,mindwavedao.com,36302.png,"{""bnb"":""0x00f8Da33734FeB9b946fEC2228C25072D2e2E41f""}"
36305,ELXAI,ELIXIR AI,elixir-ai,elixir-ai.pro,36305.png,"{""solana"":""jriiULJQwgqdU48hTv1eKqK4ipCiCWBnP9CZbonpump""}"
36309,BITCH,OurBitch,ourbitch,ourbit.com,36309.png,"{""solana"":""BqLZVyd6ZsQL2yxu552oxEJTpBvn93CbQKa8xKpXDqNs""}"
36310,ATOS,Atoshi,atoshi,atoshi.org,36310.png,"{""ethereum"":""0x4D0528598F916Fd1D8dc80e5f54a8fEEDcFd4b18""}"
36312,WIZARD,Wizard Gang,wizard-gang,,36312.png,"{""solana"":""8oosbx7jJrZxm5m4ThKhBpvwwG4QpoAe6i4GiG19pump""}"
36313,TROLL,TROLL (SOL),troll-sol,trololol.io,36313.png,"{""solana"":""5UUH9RTDiSpq6HKS6bp4NdU9PNJpXRXuiw6ShBTBhgH2""}"
36317,MNTX,Minutes Network Token,minutes-network-token,minutesnetworktoken.io,36317.png,"{""ethereum"":""0x5C697fee285B513711A816018DBb34DC0cFC4875""}"
36318,MGG,MimboGameGroup,mimbogamegroup,mimbonode.io,36318.png,"{""bnb"":""0x8db780F5e1238Bf3fc0e14C099b98Bb63362d16E"",""solana"":""JBQXZYo1PAKQkePTZerBmMU5ujcMm177wyyQza8S8gNg""}"
36319,AIOT,OKZOO,okzoo,okzoo.app,36319.png,"{""bnb"":""0x55ad16bd573b3365f43a9daeb0cc66a73821b4a5""}"
36321,$GOLD,$GOLD,gold2025,gold2025.club,36321.png,"{""solana"":""H1PevUqmTe8WU9An9JCxt2LMR4WvesNjMF5R7GZ7qpRE""}"
36327,8BALL,Billards Hub,billards-hub,billiardhub.io,36327.png,"{""solana"":""AXkqgwQLmNbRgP6MFiCpeGGQrdk6nKt4eS28VPb5L9VY""}"
36330,BRL1,BRL1,brl1,brl1.io,36330.png,"{""polygon-ecosystem-token"":""0x5c067c80c00ecd2345b05e83a3e758ef799c40b5""}"
36331,CHIN,FITCHIN Universe,fitchin-universe,fitchin.io,36331.png,"{""solana"":""CHiNsA2B6ZbmKnEmHPCbbX9aXJyoJzAtcLpHEDd6Qyq3""}"
36337,DON,Salamanca,salamanca,salamanca.club,36337.png,"{""bnb"":""0x42fE1937E1db4F11509e9f7FdD97048BD8d04444""}"
36338,CORAL,Coral Protocol,coral-protocol,coralprotocol.org,36338.png,"{""solana"":""CoRAitPvr9seu5F9Hk39vbjqA1o1XuoryHjSk1Z1q2mo""}"
36339,VGBP,VNX British Pound,vnx-british-pound,vnx.io,36339.png,"{""solana"":""5H4voZhzySsVvwVYDAKku8MZGuYBC7cXaBKDPW4YHWW1"",""celo"":""0x7aE4265eCFC1F31bc0E112DfCFe3D78E01f4BB7f"",""base"":""0xaeb4bb7debd1e5e82266f7c3b5cff56b3a7bf411""}"
36341,ASTER,Aster,aster,asterdex.com,36341.png,"{""bnb"":""0x000Ae314E2A2172a039B26378814C252734f556A""}"
36345,DOLR,DOLR AI,dolr-ai,dolr.ai,36345.png,"{""internet-computer"":""6rdgd-kyaaa-aaaaq-aaavq-cai""}"
36346,DMCP,DeMCP,demcp,demcp.ai,36346.png,"{""solana"":""81YHAzq9yfptVbNTHiYuMVKVQ6ZNs3XeQFFENnNUpump""}"
36347,LETSBONK,Let's BONK,lets-bonk,letsbonk.fun,36347.png,"{""solana"":""CDBdbNqmrLu1PcgjrFG52yxg71QnFhBZcUE6PSFdbonk""}"
36348,AMBIOS,Ambios Network,ambios-network,ambios.network,36348.png,"{""solana"":""amb1bbMCnsnMgXfqj6JK359B8T23FijFgiLQiCrd9FM""}"
36349,CHIRP,Chirper AI,chirper-ai,chirper.ai,36349.png,"{""solana"":""Cy7rUZ5rK2ukitsAVVfK5Kn8t35TR417RRuURPWoRBAF""}"
36350,BTC.ℏ,Bitcoin.ℏ,bitcoin-h,bitcoin.org.ht,36350.png,"{""hedera"":""0.0.4873177""}"
36351,TRACTOR,Tractor,tractor,tractortoken.game,36351.png,"{""bnb"":""0xe014d1c27934a59c1ff2cd2a3320afd635fcbdfd""}"
36352,B2,BSquared Network,bsquared-network,bsquared.network,36352.png,"{""bnb"":""0x783c3f003f172c6Ac5AC700218a357d2D66Ee2a2""}"
36354,GOLDGR,Goldgr,goldgr,gold.game,36354.png,"{""ethereum"":""0x957e0fdfbd1c2f97648318b2f057e327996ec367""}"
36355,HOSICO,Hosico,hosico,hosico.cat,36355.png,"{""solana"":""Dx2bQe2UPv4k3BmcW8G2KhaL5oKsxduM5XxLSV3Sbonk""}"
36356,HOUSE,Housecoin,housecoin,housecoin.meme,36356.png,"{""solana"":""DitHyRMQiSDhn5cnKMJV2CDDt6sVct96YrECiM49pump""}"
36357,TRENCHER,Trencher,trencher,trencher.art,36357.png,"{""solana"":""8ncucXv6U6epZKHPbgaEBcEK399TpHGKCquSt4RnmX4f""}"
36361,BABYBONK,Babybonk,babybonk-solana,babybonksol.live,36361.png,"{""solana"":""Cf1ZjYZi5UPbAyC7LhLkJYvebxrwam4AWVacymaBbonk""}"
36369,HAEDAL,Haedal Protocol,haedal-protocol,haedal.xyz,36369.png,"{""bnb"":""0x3D9bE0aC1001cd81c32464276D863d2FFdCa4967"",""sui"":""0x3a304c7feba2d819ea57c3542d68439ca2c386ba02159c740f7b406e592c62ea::haedal::HAEDAL""}"
36377,NOBODY,Nobody Sausage,nobody-sausage,nobodysausage.club,36377.png,"{""solana"":""C29ebrgYjYoJPMGPnPSGY1q3mMGk4iDSqnQeQQA7moon""}"
36379,ELDE,Elderglade,elderglade,elderglade.com,36379.png,"{""bnb"":""0x799a290f9cc4085a0ce5b42b5f2c30193a7a872b"",""kaia"":""0x8755d2e532b1559454689bf0e8964bd78b187ff6""}"
36380,BFT,BiFinanceToken,bifinancetoken,bifinance.com,36380.png,"{""ethereum"":""0xedbf98724a86f92baefac101082c366e96f1e9d9"",""bnb"":""0xb99f69b7e6A128Dd4D1891e59e7e7556b313ed0D""}"
36381,ALF,ALF Token,alf-token,alftoken.org,36381.png,"{""ethereum"":""0x0885f91c72a8de62a5349d4c89ca31b4ef650929""}"
36386,SATO,Sato The Dog,sato-the-dog,satocto.xyz,36386.png,"{""base"":""0x5A70bE406ce7471A44F0183B8D7091F4Ad751db5""}"
36387,$WSOD,World Series of Degens,world-series-of-degens,wsod.io,36387.png,"{""solana"":""CLyhG2aVrnvbxXAXokBGvKjmNfsamPKtGW4Gu9AHpump""}"
36389,SHADOW,Shadow Exchange,shadow-exchange,shadow.so,36389.png,"{""sonic"":""0x3333b97138D4b086720b5aE8A7844b1345a33333""}"
36390,GORK,New XAI gork,new-xai-gork,x.com,36390.png,"{""solana"":""38PgzpJYu2HkiYvV8qePFakB8tuobPdGm2FFEn7Dpump""}"
36391,BUCKAZOIDS,Buckazoids,buckazoids,buckazoids.world,36391.png,"{""solana"":""BQQzEvYT4knThhkSPBvSKBLg1LEczisWLhx5ydJipump""}"
36392,AID,AID,aid,aidav2.com,36392.png,"{""bnb"":""0xAA9f209c295437c31Bde75EeE1Aa8453f2ACABCD""}"
36393,BOOP,Boop,boop-fun,boop.fun,36393.png,"{""solana"":""boopkpWqe68MSxLqBGogs8ZbUDN4GXaLhFwNP7mpP1i"",""bnb"":""0x9a70815dfb644a24b57358e1041f8d0324c8f6e1""}"
36394,TOILET,Toilet Dust,toilet-dust,toiletdust.com,36394.png,"{""sui"":""0xc5b61b1e1f7f88511c9c0c6f475f823c66cc4e2d39a49beb6777059710be8404::toilet::TOILET""}"
36396,CUDIS,CUDIS,cudis,cudis.xyz,36396.png,"{""bnb"":""0xC1353D3Ee02FDbd4f65F92EEe543cfd709049CB1"",""solana"":""CudisfkgWvMKnZ3TWf6iCuHm8pN2ikXhDcWytwz6f6RN""}"
36397,MAT,Matchain,matchain,matchain.io,36397.png,"{""bnb"":""0xFE2DD2d57a05F89438F3AEC94EaFA4070396bab0"",""matchain"":""0x44a83a012B926853DFc1BBE2ec5BEf37126067e8"",""base"":""0xAb5061BebE14630a768D361BB43E7ca714C634E4""}"
36398,AWR,All Will Retire,all-will-retire,allwillretire.com,36398.png,"{""solana"":""Ai4CL1SAxVRigxQFwBH8S2JkuL7EqrdiGwTC7JpCpump""}"
36399,TOKERO,TOKERO,tokero,tokero.com,36399.png,"{""solana"":""ToKeRoWpbMa8bvCTDtyuJtVo7Pos8tgcnM9sVyDBmBS""}"
36405,SXT,Space and Time,space-and-time,spaceandtime.io,36405.png,"{""ethereum"":""0xE6Bfd33F52d82Ccb5b37E16D3dD81f9FFDAbB195"",""base"":""0xA2c22252cDc8b7cDdEe1B0b2E242818509fCf7b8""}"
36406,CLND,Colend,colend,linktr.ee,36406.png,"{""core-dao"":""0x30a540b05468a250fcc17da2d9d4aaa84b358ea7""}"
36410,MYX,MYX Finance,myx-finance,app.myx.finance,36410.png,"{""bnb"":""0xD82544bf0dfe8385eF8FA34D67e6e4940CC63e16""}"
36411,BOOM,Boom,boom,boomai.io,36411.png,"{""ethereum"":""0xcE7C3B5E058C196a0EAAa21F8E4BF8C2C07C2935"",""bnb"":""0xce7c3b5e058c196a0eaaa21f8e4bf8c2c07c2935""}"
36412,BGA,BIGHAIR,bighair,bighairtoken.com,36412.png,"{""bnb"":""0xDbb962A6Fa2b9AEAf27Ec2D7fd5e820d479bdb3D""}"
36414,CANDLE,Candle TV,candle-tv,candle.tv,36414.png,"{""solana"":""A8bcY1eSenMiMy75vgSnp6ShMfWHRHjeM6JxfM1CNDL""}"
36415,MOONPIG,moonpig,moonpig,moonpigmeme.com,36415.png,"{""solana"":""Ai3eKAWjzKMV8wRwd41nVP83yqfbAVJykhvJVPxspump""}"
36417,DONKEY,Donkey (DONKEY_BSC_MEME),donkey-bsc,,36417.png,"{""bnb"":""0xa49fa5e8106e2d6d6a69e78df9b6a20aab9c4444""}"
36418,JAGER,Jager Hunter,jager-hunter,jager.meme,36418.png,"{""bnb"":""0x74836cc0e821a6be18e407e6388e430b689c66e9""}"
36420,BOOPA,Boopa,boopa,boopa.xyz,36420.png,"{""solana"":""JmMRbLcKgNCu17yHZDAn4strE5NjmWJ4pCeJ7s7boop""}"
36422,GGEZ1,GGEZ1,ggez1,ggez.one,36422.png,"{""bnb"":""0xec29c09208eb99e22c81b797679a69bcf55461cf"",""solana"":""5cerJBJD7q3xfi24JVxSoP8AqeavuUatJtrfrXVokZR3""}"
36428,HYPER,Hyperpigmentation,hyperpigmentation,hyperonsol.com,36428.png,"{""solana"":""Aq8Gocyvyyi8xk5EYxd6viUfVmVvs9T9R6mZFzZFpump""}"
36438,GORILLA,Gorilla,gorilla,gorillabsc.vip,36438.png,"{""bnb"":""0xcf640fdf9b3d9e45cbd69fda91d7e22579c14444""}"
36439,CINO,Private Aviation Finance Token,private-aviation-finance-token,cinotoken.com,36439.png,"{""solana"":""BUUB7DpQT1mcTrs55oXawgEbxm5khAozsbmyhMdRpump""}"
36440,LEARN,Brainedge,brainedge,brainedge.ai,36440.png,"{""ethereum"":""0xf6ad4965f7779c6b8ae4d25bf2a2e009a47c3dae""}"
36446,BRICS,BRICS Chain,brics-chain,bricschain.org,36446.png,"{""bnb"":""0xec9742f992acc615c4252060d896c845ca8fc086""}"
36447,CIK,Christ is King,christ-is-king,christisking.io,36447.png,"{""base"":""0xB5d409F6E679B0f89A669ac9714173177683Eb7c""}"
36448,TGT,TOKYO GAMES TOKEN,tokyo-games-token,tokyogamestoken.com,36448.png,"{""bnb"":""0x6c58E4a513D3A8062E57f41a1442e003aF14eBb5"",""immutable-x"":""0x0FA1d8Ffa9B414ABF0F47183e088bddC32e084F3""}"
36450,LAIR,Lair Finance,lair-finance,lair.fi,36450.png,"{""kaia"":""0xD70C7D511560493C79DF607076fB863f5c8A50b0""}"
36457,AETHUSDT,Aave Ethereum USDT,aave-ethereum-usdt,aave.com,36457.png,"{""ethereum"":""0x23878914EFE38d27C4D67Ab83ed1b93A74D4086a""}"
36458,AETHWETH,Aave Ethereum WETH,aave-ethereum-weth,aave.com,36458.png,"{""ethereum"":""0x4d5F47FA6A74757f35C14fD3a6Ef8E3C9BC514E8""}"
36460,BERRY,Strawberry In Bloom,strawberry-in-bloom,berrycoinoneth.vip,36460.png,"{""ethereum"":""0x962C8A85F500519266269f77DFfBA4CEa0B46Da1""}"
36462,A,Vaulta,vaulta,vaulta.com,36462.png,"{""vaulta"":""core.vaulta""}"
36463,XNPCS,NPCS AI,npcs-ai,xnpcs.ai,36463.png,"{""solana"":""xNPCScK5Hs9ywamnLNsDcxGG9bP3CKaGjcP8xE5KGNy""}"
36465,CES,Whalebit,whalebit,meta-whale.com,36465.png,"{""polygon-ecosystem-token"":""0x1Bdf71EDe1a4777dB1EebE7232BcdA20d6FC1610""}"
36468,SNS,Solana Name Service,sns,sns.id,36468.png,"{""solana"":""SNS8DJbHc34nKySHVhLGMUUE72ho6igvJaxtq9T3cX3""}"
36476,SWPX,SwapX,swap-x,swapx.fi,36476.png,"{""sonic"":""0xa04bc7140c26fc9bb1f36b1a604c7a5a88fb0e70""}"
36480,AIX9,AthenaX9,athenax9,athenax9.ai,36480.png,"{""base"":""0x8e306E02ec1EFFC4fDAd3f952fbEEebf3730ae19""}"
36484,GOIDR,Gold Indonesia Republic,gold-indonesia-republic,goidr.co.id,36484.png,"{""polygon-ecosystem-token"":""0x0a40ff165736f5989e9F40fFbEd24A640c760754""}"
36485,RATO,Rato The Rat (ratotherat.com),ratotherat-com,ratotherat.com,36485.png,"{""ethereum"":""0xf816507e690f5aa4e29d164885eb5fa7a5627860""}"
36486,USDX,USD X20,usd-x20,creditsystem.co,36486.png,"{""ethereum"":""0x40750bb210562e2ad987d9dfaec9688e88749a07"",""bnb"":""0x55b0faf9818074716f622453abc296839d559120"",""tron"":""TSWZX9hL5tW1sCYvVAQFAhoEokyuPcsDVS""}"
36488,UDST,UDST,fun-united-dollar-cultura,funfilabs.io,36488.png,"{""bnb"":""0xD5848B9f58D464c3e9bFCfE08406A2956a9949Bc"",""tron"":""TB4ziMXwNpQYCYHvRQoyHFdDdPn3RMdFsS""}"
36489,RZR,Rezor,rezor,rezor.org,36489.png,"{""bnb"":""0x9d0d41df4ca809dc16a9bff646d3c6cbc4ebc707""}"
36491,GORTH,Gorth,gorth,gorth.vip,36491.png,"{""ethereum"":""0x666Acd390FA42d5bf86e9C42dc2FA6f6b4B2d8AB""}"
36492,ACU,Acurast,acurast,acurast.com,36492.png,"{""ethereum"":""0x216b3643ff8b7bb30d8a48e9f1bd550126202add"",""bnb"":""0x6EF2FFB38D64aFE18ce782DA280b300e358CFeAF"",""base"":""0xc5fEd7c8cCC75D8A72b601a66DffD7A489073F0b"",""peaq"":""0x165bcb970836F83c15b22c3c1622279d97A20446""}"
36495,GOONC,gooncoin,gooncoin,believe.app,36495.png,"{""solana"":""ENfpbQUM5xAnNP8ecyEQGFJ6KwbuPjMwv7ZjR29cDuAb""}"
36498,GNC,Greenchie,greenchie,greenchie.com,36498.png,"{""bnb"":""0xd1aec87ede91e2bdb53033f56e9eaf476fafe64a""}"
36499,EDGEN,LayerEdge,layeredge,layeredge.io,36499.png,"{""ethereum"":""0xAa9806c938836627Ed1a41Ae871c7E1889AE02Ca"",""bnb"":""0x0c808f0464c423d5ea4f4454fcc23b6e2ae75562""}"
36500,GIGGLES,Giggles,giggles,usegiggles.com,36500.png,"{""solana"":""Bsow2wFkVzy1itJnhLke6VRTqoEkYQZp7kbwPtS87FyN""}"
36501,BUDDY,Creator Buddy,creator-buddy,creatorbuddy.io,36501.png,"{""solana"":""65svCEvM4HdBHXKDxfhjm3yw1A6mKXkdS6HXWXDQTSNA""}"
36504,NAIIVE,Naiive,naiive,four.meme,36504.png,"{""bnb"":""0xB21b24F12c6125487a33fCF96aB06a5c74114444""}"
36507,PUMP,Pump.fun,pump-fun,pump.fun,36507.png,"{""solana"":""pumpCmXqMfrsAkQ5r49WcJnRayYRqmXz6ae8H7H9Dfn""}"
36508,FDC,FooDriver,foodriver,about.foodriver.site,36508.png,"{""polygon-ecosystem-token"":""0x40445993b0122456eC9E5C679F4F0485E1A5b474""}"
36510,LA,Lagrange,lagrange,lagrangefoundation.org,36510.png,"{""ethereum"":""0x0fc2a55d5BD13033f1ee0cdd11f60F7eFe66f467"",""bnb"":""0x389AD4bb96d0D6EE5B6eF0EFAF4b7db0bA2e02a0""}"
36511,SLT,SLT,slt-game,slt.game,36511.png,"{""bnb"":""0x28ba6ef35f27f1ed3873cc788698d2ddb28d2a82""}"
36512,DOGEBASE,Doge Base,doge-base,tokenbaseoff.xyz,36512.png,"{""base"":""0xD565E9eb9b7e2dE4902486B7057D642393AFDAa4""}"
36518,GASS,Gasspas,gasspas,gasspas.vip,36518.png,"{""ethereum"":""0x774eaF7A53471628768dc679dA945847d34b9a55""}"
36523,FIFA,FIFA,fifa,fifacoin.gg,36523.png,"{""ethereum"":""0x66641FCFCa7D919629D5e4A72D9F13787fcAF304""}"
36531,BOOST,Boost,boost-gg,boost.gg,36531.png,"{""ethereum"":""0xbe7e12b2e128bc955a0130ffb168f031d7dd8d58"",""bnb"":""0xbE7E12B2E128bC955A0130fFB168F031d7dD8d58""}"
36532,B,BUILDon,buildon,buildon.online,36532.png,"{""bnb"":""0x6bdcce4a559076e37755a78ce0c06214e59e4444""}"
36535,MIA,MIA,mia-base,ai.ac,36535.png,"{""bnb"":""0x7CEA5B9548a4B48cF9551813Ef9e73DE916e41E0"",""base"":""0x7cea5b9548a4b48cf9551813ef9e73de916e41e0""}"
36536,MIRAI,Project MIRAI,project-mirai,linktr.ee,36536.png,"{""solana"":""5evN2exivZXJfLaA1KhHfiJKWfwH8znqyH36w1SFz89Y""}"
36538,USDN,Noble Dollar,noble-dollar,noble.xyz,36538.png,"{""osmosis"":""ibc/0C39BD03B5C57A1753A9B73164705871A9B549F1A5226CFD7E39BE7BF73CF8CF""}"
36539,RIZE,RIZE,rize,t-rize.io,36539.png,"{""ethereum"":""0x9F1E8F87c6321b84baD7DDa7DfB86D5115A47605"",""bnb"":""0xaedaff046601beb063b647845dfb21841f32d6a4"",""polygon-ecosystem-token"":""0x9F1E8F87c6321b84baD7DDa7DfB86D5115A47605"",""base"":""0x9818B6c09f5ECc843060927E8587c427C7C93583""}"
36540,DUPE,Dupe,dupe,dupe.com,36540.png,"{""solana"":""fRfKGCriduzDwSudCwpL7ySCEiboNuryhZDVJtr1a1C""}"
36542,SOON,SOON,soon,soo.network,36542.png,"{""bnb"":""0xb9E1Fd5A02D3A33b25a14d661414E6ED6954a721"",""solana"":""4eDf52YYzL6i6gbZ6FXqrLUPXbtP61f1gPSFM66M4XHe"",""base"":""0xb9E1Fd5A02D3A33b25a14d661414E6ED6954a721""}"
36547,KOKOK,KoKoK The Roach,kokok-the-roach,kokoktheroach.com,36547.png,"{""solana"":""5HkhVG2bSb5PGjhX5QHm9urUquD7tx5eAau5Fonq78zc""}"
36548,PEPE,Pepe by Jason Furie,pepe-by-jason-furie,pepebyjasonfurie.vip,36548.png,"{""ethereum"":""0xD663CE0C9F55968B42837954348EaFEb5B9E5d82""}"
36549,A7A5,A7A5,a7a5,a7a5.io,36549.png,"{""ethereum"":""0x6fA0BE17e4beA2fCfA22ef89BF8ac9aab0AB0fc9"",""tron"":""TLeVfrdym8RoJreJ23dAGyfJDygRtiWKBZ""}"
36551,PETUNIA,Petunia,petunia,petuniathepig.com,36551.png,"{""solana"":""7tPPYTBKrFLKKnoCwijrsfjAYadyp7GpAmSPUbVwbonk""}"
36552,LUSD,LUSD,lusd,lusd.game,36552.png,"{""bnb"":""0x5bb4d589467c25A5Ac8db930372dc5dA30C3410E""}"
36556,HP,Hippo Protocol,hippo-protocol-ai,hippoprotocol.ai,36556.png,{}
36557,CAPX,Capx AI,capx-ai,capx.ai,36557.png,"{""solana"":""7AoBuYcGKQYadxc9wmGxpuu29bpC1EDQezkoXACWZRFF""}"
36558,ROVR,ROVR Network,rovr-network,rovr.network,36558.png,"{""solana"":""FgQ3sxj54SmVzttkxuK4bdiEnUNi6kF9Hyx3ezKW72hn""}"
36559,MIH,MINE COIN,mine-coin,mineholdings.io,36559.png,"{""bnb"":""0x27fC525dc7393A3219bBE8c93b6226e448f52FdF""}"
36560,YEE,Yee Token,yee-token,yeetoken.vip,36560.png,"{""ethereum"":""0x9Ac9468E7E3E1D194080827226B45d0B892C77Fd""}"
36564,BOOCHIE,Boochie by Matt Furie,boochie-by-matt-furie,boochie.net,36564.png,"{""ethereum"":""0xF8EA18Ca502De3FFAA9B8Ed95a21878eE41A2f4A""}"
36569,SPK,Spark,spark,spark.finance,36569.png,"{""ethereum"":""0xc20059e0317DE91738d13af027DfC4a50781b066"",""bnb"":""0xAfF2e841851700D1Fc101995Ee6b81Ae21Bb87D7""}"
36574,LANLAN,LanLan Cat,lanlan-cat,lanlancat.com,36574.png,"{""ethereum"":""0xEccA809227d43B895754382f1fd871628d7E51FB""}"
36576,HUMA,Huma Finance,huma-finance,huma.finance,36576.png,"{""bnb"":""0x92516e0DDf1dDBF7FAB1b79CaC26689fDC5ba8e6"",""solana"":""HUMA1821qVDKta3u2ovmfDQeW2fSQouSKE8fkF44wvGw""}"
36577,CA,Caila,caila,github.com,36577.png,"{""bnb"":""0x74da4c5F8C254dd4Fb39F9804C0924F52a808318""}"
36581,ZEUS,Zeus (truezeuscoin.com),truezeuscoin,truezeuscoin.com,36581.png,"{""ethereum"":""0x4D4574f50dd8B9dBe623cF329DCc78D76935E610""}"
36587,RETARD,retardcoin,retardcoin,retardcoin.world,36587.png,"{""solana"":""FtTSDNLD5mMLn3anqEQpy44cRdrtAJRrLX2MKXxfpump""}"
36591,GIB,gib,gib-solana,gibthefrog.com,36591.png,"{""solana"":""6FtbGaqgZzti1TxJksBV4PSya5of9VqA9vJNDxPwbonk""}"
36592,KAKA,KAKA,kaka-solana,kakasol.com,36592.png,"{""solana"":""FH6jc68WzeAUXKp6uDg9QPciTeU75o32xFDzKLzmbonk""}"
36593,E,EAGLEBUILDER,eaglebuilder,eeeeeeee.xyz,36593.png,"{""bnb"":""0x758309C0d1342e0D5A778B83cdcEBAa3F4554444""}"
36594,C,CROAK,croak-bsc,croakonbnb.com,36594.png,"{""bnb"":""0xEEf8E84e72fa65F4dd101231DAcB322De8064444""}"
36598,PACK,Wolfies,wolfswap,wolfswap.app,36598.png,"{""cronos"":""0x0d0b4a6fc6e7f5635c2ff38de75af2e96d6d6804""}"
36599,ALLBTC,Osmosis allBTC,osmosis-allbtc,app.osmosis.zone,36599.png,"{""osmosis"":""factory/osmo1z6r6qdknhgsc0zeracktgpcxf43j6sekq07nw8sxduc9lg0qjjlqfu25e3/alloyed/allBTC""}"
36601,MAMO,Mamo,mamo,mamo.bot,36601.png,"{""base"":""0x7300B37DfdfAb110d83290A29DfB31B1740219fE""}"
36605,ZEUS,Pepes Dog,pepes-dog,pepes.dog,36605.png,"{""ethereum"":""0x0f7dC5D02CC1E1f5Ee47854d534D332A1081cCC8""}"
36606,DIS,Distribute.ai,distribute-ai,distribute.ai,36606.png,"{""solana"":""2AEU9yWk3dEGnVwRaKv4div5TarC4dn7axFLyz6zG4Pf""}"
36607,USDT.Z,USDT.Z,zether-usd,zetherusd.com,36607.png,"{""bnb"":""0x6CBCCae4A89Bb42cD19F37E11f8217489858B87C""}"
36613,BEER2,Beercoin 2,beercoin-2,beercoin2.wtf,36613.png,"{""solana"":""GCKTFLxkMeUTUbuQM1k6f1cy4o4tC2V13ye2ebL3p52r""}"
36614,GPT,Gold Park,gold-park,goldparktoken.com,36614.png,"{""bnb"":""0x35aE9AcCf59D646b181e816fDb86811671919d74""}"
36615,BTC2,Bitcoin 2.0,bitcoin-2-0,btc2.money,36615.png,"{""ethereum"":""0xbC2EcbE2195114b82f03680ed4270fA7008f3be0""}"
36619,ASRR,Assisterr AI,assisterr,assisterr.ai,36619.png,"{""solana"":""ASRRjA1R4RHVk5H9QKKm1jaQqMkxvv6nh5EypPrvwmxQ"",""bnb"":""0xf7626c7ff7b778aaf187d508d056a9398d9545d1""}"
36621,MIM,MAGIC•INTERNET•MONEY (Bitcoin),magic-internet-money-bitcoin,mimwizards.com,36621.png,"{""solana"":""M1M6sdffCs3ozzhpRveweRCWdZhxth4mvVujPtYEC3h"",""bitcoin"":""MAGICINTERNETMONEY""}"
36629,VLR,Velora,velora,velora.xyz,36629.png,"{""ethereum"":""0x4e107a0000DB66f0E9Fd2039288Bf811dD1f9c74"",""base"":""0x4e107a0000DB66f0E9Fd2039288Bf811dD1f9c74"",""optimism-ethereum"":""0x4e107a0000DB66f0E9Fd2039288Bf811dD1f9c74""}"
36632,CRYPTO,Cryptocurrency Coin,cryptocurrency-coin,cryptocurrency-coin.com,36632.png,"{""ethereum"":""0x78D11E37e890Af4589Fc9D0F6F884fd165c5aa0A"",""solana"":""4ikwYoNvoGEwtMbziUyYBTz1zRM6nmxspsfw9G7Bpump""}"
36633,NIANNIAN,NianNian,niannian,niannianbnb.com,36633.png,"{""bnb"":""0x9C27c4072738CF4b7B0B7071af0ad5666BdDC096""}"
36634,RDO,Reddio,reddio,reddio.com,36634.png,"{""ethereum"":""0x57240C3E140f98abe315CA8E0213c7a77F34A334"",""bnb"":""0xd86E6ef14b96D942eF0AbF0720C549197EA8c528""}"
36637,FLIGHT,Flight Coin,flight-coin,flightecosystem.com,36637.png,"{""bnb"":""0x069b5b0a1ea30a08F47fF9efd23aBd0CB56f5689""}"
36638,NURA,Nura Labs,nura-labs,nura.gg,36638.png,"{""ethereum"":""0x926759A8EaEcFADb5D8bdC7A9C7B193C5085F507""}"
36641,BROAK,Broak on Base,broak-on-base,broakonbase.fyi,36641.png,"{""base"":""0x02537463e57a44f861Ee861Ba4F590C413f984a6""}"
36643,OLIVIA,AIGOV,aigov,ai-gov.com,36643.png,"{""solana"":""2fdtCHuvyLcD2q86XZGFmYbDux9ZbbUgMmFhzChqmoon""}"
36645,XPL,Plasma,plasma-xpl,plasma.to,36645.png,"{""plasma-xpl"":""0xeeeeeeeeeeeeeeeeeeeeeeeeeeeeeeeeeeeeeeee"",""bnb"":""0x405FBc9004D857903bFD6b3357792D71a50726b0""}"
36646,FDS,Foodie Squirrel,foodie-squirrel,foodiesquirrel.com,36646.png,"{""bnb"":""0x895d9964acCab26FcA70716359FAcd818D45d45F""}"
36647,BROWN,Brown,brown,brownlinefriend.com,36647.png,"{""ethereum"":""0x00148d918311Aa2c363F752d45b57CfF9200cFf0""}"
36649,CREPE,CREPE,crepe,crepe.fun,36649.png,"{""bnb"":""0xeb2B7d5691878627eff20492cA7c9a71228d931D""}"
36650,MIND,Mind of Pepe,mind-of-pepe,mindofpepe.com,36650.png,"{""ethereum"":""0xEfC814a4C676a7314a13954e283dE6CEF597e6b2""}"
36653,S,SLOTH,sloth,four.meme,36653.png,"{""bnb"":""0x95699Dc775Df4Ba4F1bbf8F4452b5FaAd5454444""}"
36655,UZDT,UZDT,ukrainian-sanctioned-digital-token,uzdtoken.com,36655.png,"{""ethereum"":""0x603cbe0fcc90262008b30765d7cd9ff504d61a2c"",""bnb"":""0x1dec961672eb9f837c33f65466556ec0bae515dc"",""arbitrum"":""0x3ef43ba66c182cd994b2aefa8e2aea11914c92f6""}"
36657,ECOR,Ecorpay Token,ecorpay-token,token.ecorpay.com,36657.png,"{""solana"":""6wQDzAZT17HYABu7rNXBDUSgNzDeGUUUzY2cS8wpEGAc"",""gram"":""EQDc_nrm5oOVCVQM8GRJ5q_hr1jgpNQjsGkIGE-uztt26_Ep""}"
36658,COINS,Coin (reservebankapp.com),reservebankapp-com,reservebankapp.com,36658.png,"{""solana"":""9LjvTxWgtoEVdwRucY9hJLqmTcPnCRxoDiwbpzRvpump""}"
36662,SWOL,Snowy Owl,snowy-owl-eth,snowy-owl-token.com,36662.png,"{""ethereum"":""0x97ad24ab86186af1d0bad969c7ec2116f2120db6"",""base"":""0xa1ca6299ba48366af1845a9a8ae59b87ff0d5c01"",""polygon-ecosystem-token"":""0xa1ca6299ba48366af1845a9a8ae59b87ff0d5c01"",""arbitrum"":""0xa1ca6299ba48366af1845a9a8ae59b87ff0d5c01""}"
36663,YND,YieldNest,yieldnest,yieldnest.finance,36663.png,"{""ethereum"":""0x7159cc276D7d17Ab4b3bEb19959E1F39368a45Ba"",""bnb"":""0xDB8E54f39aff243B25A41e4747957eD517aF0511""}"
36666,TIT,Titan's Tap,titans-tap,titanstap.io,36666.png,"{""solana"":""ecc8kZyhVojbuhUoqRGuPjfvEjrR4Y5dRQ86V3aP7aD""}"
36667,BDG,Beyond Gaming,beyond-gaming,bglabs.ai,36667.png,"{""arbitrum"":""0x4D0145A56F312f9d27E623f0F816ecF7165B63f0""}"
36668,OMALLEY,OMalley,omalley,omalleytoken.com,36668.png,"{""ethereum"":""0x90001c5f2c6ffd4b90a801afddefcbf31965c667""}"
36670,LOUD,Loud,loud,stayloud.io,36670.png,"{""solana"":""EJZJpNa4tDZ3kYdcRZgaAtaKm3fLJ5akmyPkCaKmfWvd""}"
36671,SAHARA,Sahara AI,sahara-ai,saharaai.com,36671.png,"{""ethereum"":""0xFDFfB411C4A70AA7C95D5C981a6Fb4Da867e1111"",""bnb"":""0xFDFfB411C4A70AA7C95D5C981a6Fb4Da867e1111""}"
36676,ANTS,ANTSCOIN,antscoin,ants.vip,36676.png,"{""solana"":""BYdxrskh1HfVfvAd8a9aAjoLAU6Bo97AgN56gDwqpump""}"
36680,Z,Z,z,zbnb.org,36680.png,"{""bnb"":""0xD5CB08E3653eD8F78C781d8AC7F32B98F47E4444""}"
36683,JOS,JuliaOS,juliaos,juliaos.com,36683.png,"{""solana"":""JosjEXh69RckgSs2AWsN1xN8zmiSHxBuJjHLURJnHhg""}"
36684,CDR,Cedar,cedar,cedardao.com,36684.png,"{""solana"":""HZqjjeso24PDVdLsVJQyVb8kDnbo7HhXfY1Jane66o9C""}"
36689,BURN,Burncoin,burncoin,getburncoin.com,36689.png,"{""solana"":""GQe8DCQTBkuX5E2sjvwuKDZsjGYhU8k3DN5dkSbQLfqJ""}"
36696,PEPU,Pepe Unchained (New),pepe-unchained-new,pepeunchained.com,36696.png,"{""ethereum"":""0x93aA0ccD1e5628d3A841C4DbdF602D9eb04085d6""}"
36699,BBOB,BabyBuilder,babybuilder,babybuilder.xyz,36699.png,"{""bnb"":""0x36765928c3d4aBf286f2B67120C093c26a284444""}"
36707,CBXRP,Coinbase Wrapped XRP,coinbase-wrapped-xrp,coinbase.com,36707.png,"{""base"":""0xcb585250f852c6c6bf90434ab21a00f02833a4af""}"
36708,CBDOGE,Coinbase Wrapped DOGE,coinbase-wrapped-doge,coinbase.com,36708.png,"{""base"":""0xcbD06E5A2B0C65597161de254AA074E489dEb510""}"
36709,LABUBU,LABUBU,labubu-bsc,labububsc.xyz,36709.png,"{""bnb"":""0x68485afea9a4f50d14893defe476970a6e7f4444""}"
36710,KORI,Kori The Pom,kori-the-pom,pomkori.fun,36710.png,"{""solana"":""HtTYHz1Kf3rrQo6AqDLmss7gq5WrkWAaXn3tupUZbonk""}"
36713,RESOLV,Resolv,resolv,resolv.xyz,36713.png,"{""ethereum"":""0x259338656198eC7A76c729514D3CB45Dfbf768A1"",""bnb"":""0xdA6CEF7F667d992A60EB823Ab215493aA0c6b360""}"
36717,ZENAI,Zen AI,zen-ai,zen-ai.pro,36717.png,"{""solana"":""5DkLaee4Ctm9v8bka1zGeuPUTbngZaznZsc1t3L4pump""}"
36720,FLY,Fly.trade,fly-trade,fly.trade,36720.png,"{""sonic"":""0x6c9B3A74ae4779da5Ca999371eE8950e8DB3407f""}"
36725,JANITOR,Janitor,janitor,janitorai.io,36725.png,"{""bnb"":""0x3c8D20001FE883934A15c949a3355a65Ca984444""}"
36727,PRFI,PrimeFi,prime-numbers-v2,primenumbers.xyz,36727.png,"{""ethereum"":""0x7bbcf1b600565ae023a1806ef637af4739de3255"",""base"":""0x7bbcf1b600565ae023a1806ef637af4739de3255"",""arbitrum"":""0x7bbcf1b600565ae023a1806ef637af4739de3255"",""xdc-network"":""0x81B244d0be055EF3BEF1b09B7826Cc2b108B2cBD""}"
36728,HAC,Hacash,hacash,hacash.org,36728.png,{}
36729,$GREMLY,Gremly,gremly-vip,gremly.vip,36729.png,"{""solana"":""X69GKB2fLN8tSUxNTMneGAQw79qDw9KcPQp3RoAk9cf""}"
36730,CCDOG,Courage The Dog,courage-the-dog,couragethedog.com,36730.png,"{""ethereum"":""0x1165ecebfa6693cf64ac5ef49f1b32e8acbffe01""}"
36733,BTX,Bitradex Token,bitradex-token,bitradex.ai,36733.png,"{""solana"":""4Z8wM5BEVD5RHZ79AJ5XUN23tsEWSGZne2qqNm647Q9o""}"
36736,CRAZY,Crazy Frog,crazy-frog-ethereum,crazyfrogeth.xyz,36736.png,"{""ethereum"":""0x0A6fb262D4581129f7f3FF1690f72a1A27Bc930E""}"
36737,TRADOOR,Tradoor,tradoor,tradoor.io,36737.png,"{""bnb"":""0x9123400446a56176eb1b6be9ee5cf703e409f492""}"
36738,MAIV,Multi Asset Investment Vehicle,multi-asset-investment-vehicle,maiv.io,36738.png,"{""ethereum"":""0x39903a1A6f289A67E0DE94096915c4ccD506Ab2a"",""base"":""0x4b82ac0d1531290e3edb3abe9a985623bf7edaee""}"
36740,YBDBD,Yabba Dabba Doo!,yabba-dabba-doo,yabba-dabba-doo.xyz,36740.png,"{""bnb"":""0x363e76a8e43720818dE7C4dE370FDc6D8C501894""}"
36743,TIBBIR,Ribbita by Virtuals,ribbita-by-virtuals,app.virtuals.io,36743.png,"{""base"":""0xa4a2e2ca3fbfe21aed83471d28b6f65a233c6e00""}"
36747,SKATE,Skate,skate,skatechain.org,36747.png,"{""ethereum"":""0x61DBbBb552dc893ab3aAd09F289f811E67cEf285"",""bnb"":""0x61DBbBb552dc893ab3aAd09F289f811E67cEf285"",""solana"":""9v6BKHg8WWKBPTGqLFQz87RxyaHHDygx8SnZEbBFmns2"",""arbitrum"":""0x61DBbBb552dc893ab3aAd09F289f811E67cEf285""}"
36748,EUROP,EURØP,europ,schuman.io,36748.png,"{""ethereum"":""0x888883b5F5D21fb10Dfeb70e8f9722B9FB0E5E51"",""polygon-ecosystem-token"":""0x888883b5F5D21fb10Dfeb70e8f9722B9FB0E5E51"",""avalanche"":""0x8835A2F66A7AaCCB297Cb985831A616B75e2E16c"",""xrp"":""rMkEuRii9w9uBMQDnWV5AA43gvYZR9JxVK""}"
36749,TACC,The Abundance Community Coin,the-abundance-community-coin,theabundancecoin.com,36749.png,"{""bnb"":""0xb021a0e505ecfe41dcb497b70fb123430e30d94d""}"
36751,WSOPH,Wrapped SOPH,wrapped-sophon,sophon.xyz,36751.png,"{""sophon"":""0x2b1a859de6a55c553520d7780bc5805712b128f9""}"
36754,YETI,YETI,yeti,yetidegen.com,36754.png,"{""solana"":""FuyeX8cpctBwQVDFYgKxYh1JgiXCkK9g4RBVCXm4pump""}"
36755,KBBB,KILL BIG BEAUTIFUL BILL,kill-big-beautiful-bill,pump.fun,36755.png,"{""solana"":""npB9cxTzwUiGt7jk2dXZa52xZve8SgVD6Et9Bpipump""}"
36760,$SILVER,$SILVER,silver-solana,silvercto.xyz,36760.png,"{""solana"":""4iipXQQRDGSYcMXa3rqpn5qmxNXEiY2XoLixaVEsGqDp""}"
36761,EGL1,EGL1,egl1,eagles.land,36761.png,"{""bnb"":""0xf4b385849f2e817e92bffbfb9aeb48f950ff4444""}"
36762,DUSD,StandX DUSD,standx-dusd,standx.com,36762.png,"{""bnb"":""0xaf44A1E76F56eE12ADBB7ba8acD3CbD474888122"",""solana"":""DUSDt4AeLZHWYmcXnVGYdgAzjtzU5mXUVnTMdnSzAttM""}"
36763,CARTIER,Cartier,cartier,cartier.game,36763.png,"{""bnb"":""0x11000b7a01f18e763b3f8def9c1bf490522725bb""}"
36764,LIFE,Life,lifecoin-game,lifecoin.game,36764.png,"{""bnb"":""0x488535e0a2503252798f381b2df08a6280e994b2""}"
36765,SHELL,Shell,shell,shell.game,36765.png,"{""bnb"":""0x6cb625ea79baa5656b9fef6a0bea110a91ab54ff""}"
36766,CHANEL,Chanel,chanel,chanel.game,36766.png,"{""bnb"":""0x421a8d17e12a19d79e855e2ab9a53f623279f5a3""}"
36767,PATEK,Patek,patek,patek.game,36767.png,"{""bnb"":""0xb4e65d7038d1f600138a3ea0f9ea42258f32677b""}"
36768,ROLLSROYCE,Rollsroyce,rollsroyce,rollsr.game,36768.png,"{""bnb"":""0x11a55cda744b7421c95c55c03c2450b83efa9e31""}"
36769,BULLA,Bulla,bulla-mascot,bullamascot.io,36769.png,"{""bnb"":""0x595E21b20E78674F8a64C1566A20b2b316Bc3511""}"
36770,AIN,Infinity Ground,infinity-ground,infinityg.ai,36770.png,"{""bnb"":""0x9558a9254890B2A8B057a789F413631B9084f4a3""}"
36772,GPU,GPUnet,gpunet,gpu.net,36772.png,"{""ethereum"":""0x79D464248516Bc6977cA2069ba15d8D1044479D8"",""base"":""0xcb9Fe0F506702e125843BCef0Fc8123a44bb11a7""}"
36774,VERSE,Verse World,verse-world,verseworld.com,36774.png,"{""solana"":""vRseBFqTy9QLmmo5qGiwo74AVpdqqMTnxPqWoWMpump""}"
36775,IDOL,MEET48,meet48,meet48.com,36775.png,"{""bnb"":""0x3B4de3c7855C03bB9F50ea252cD2c9FA1125Ab07""}"
36776,JPMORGAN,JPMorgan,jpmorgan,jpm.game,36776.png,"{""bnb"":""0xb847541705e7386022a8473318791d05fb36d79d""}"
36777,XBO,$XBO Token,xbo,xbo.com,36777.png,"{""ethereum"":""0x167e6fCd728cdD00D012d8862934c2C333cb0839""}"
36779,CTYN,Canyont,canyont,canyont.com,36779.png,"{""bnb"":""0x7070f69ee73a350724f311f8132935ebbb78e6e2""}"
36781,SAL,SALVIUM,salvium,salvium.io,36781.png,{}
36799,SBET,SharpLink Gaming,sharplink-gaming,sbeteth.com,36799.png,"{""ethereum"":""0x4F1AAC70b303818ddd0823570Af3Bb46681D9bd8""}"
36800,OBVIOUS,OBVIOUS COIN,obvious-coin,theobviouscoin.com,36800.png,"{""solana"":""8SQQ1urC3Dynq9C2ieM6AozWgi4GCrLE6fnRoiWdpump""}"
36802,CRYBB,CryBaby,crybaby,crybaby.meme,36802.png,"{""solana"":""FP2XnGpqP5opNZujB6KPpXYWSAwq7BbTUVUnRij1bonk""}"
36803,LIBERTY,Torch of Liberty,torch-of-liberty,torchofliberty.global,36803.png,"{""bnb"":""0x6ea8211a1e47dbd8b55c487c0b906ebc57b94444""}"
36804,LUR,Lumera Health,lumera-health,lumerahealth.ai,36804.png,"{""bnb"":""0xc66B6f38aE5053A109cfd8639E0Ee17EC69cf788""}"
36805,AVM,Agent Virtual Machine,agent-virtual-machine,avm.codes,36805.png,"{""ethereum"":""0xf5f52266a57e6d7312da39bd7ab9527b9e975c40""}"
36806,CAUSE,Causecoin,causecoin,cause.vision,36806.png,"{""ethereum"":""0x32e72f81Afa6882d9B00b899a5c25b9161254Fab""}"
36807,LAMBO,LAMBO,lambo,avaxlambo.xyz,36807.png,"{""avalanche"":""0x6F43fF77A9C0Cf552b5b653268fBFe26A052429b""}"
36808,AXR,Axelrod by Virtuals,axelrod-by-virtuals,axr.aixvc.io,36808.png,"{""base"":""0x58Db197E91Bc8Cf1587F75850683e4bd0730e6BF""}"
36809,GRAY,Gradient,gradient-trade,gradient.trade,36809.png,"{""ethereum"":""0xa776A95223C500E81Cb0937B291140fF550ac3E4""}"
36813,LBAI,Lemmy The Bat,lemmy-the-bat,lemmy-lbai.com,36813.png,"{""ethereum"":""0x4ae149fd6059af772b962efac6bf0236872d6940""}"
36814,LOCKIN,LOCK IN,lock-in,lockinsol.com,36814.png,"{""solana"":""8Ki8DpuWNxu9VsS3kQbarsCWMcFGWkzzA8pUPto9zBd5""}"
36817,NAKA,Naka Go,naka-go,nakago.xyz,36817.png,"{""ethereum"":""0x6967b9a8c0b14849cfe8f9e5732b401433fd2898""}"
36818,MOOLAH,Moolah,moolah,moolahbnb.com,36818.png,"{""bnb"":""0xbab528425edb1e0e36d3719bc3307d9c8cce8888""}"
36819,MASK,catwifmask,catwifmask,thecatwifmask.com,36819.png,"{""solana"":""6MQpbiTC2YcogidTmKqMLK82qvE9z5QEm7EP3AEDpump""}"
36826,BRIC,Redbrick,redbrick,redbrick.land,36826.png,"{""bnb"":""0xb40f2e5291c3Db45AbB0Ca8DF76F1C21E9f112a9""}"
36828,USELESS,Useless Coin,theuselesscoin,theuselesscoin.com,36828.png,"{""solana"":""Dz9mQ9NzkBcCsuGPFJ3r1bS4wgqKMHBPiVuniW8Mbonk""}"
36829,TDE,Trader,trader,tradertoken.ai,36829.png,"{""bnb"":""0x86da4b72f0ce7a9d263263f521f37b3aa9a996d4""}"
36833,USD.T,USD.T,tedra-usd,tedrausd.com,36833.png,"{""ethereum"":""0x1a3585DA8Bf8fF54464C9a3345FeDeA919570B1C"",""bnb"":""0xfc8a7f70aF5B19fe96088DC91A7971340d26B414"",""solana"":""GHdqveWq74KFU7qguj7AM4i8HtzzZtAF4Tt8LfXV1Yn3"",""polygon-ecosystem-token"":""0x68cE7af0B8958756e5299B7D1b3108E16a594Fc9"",""tron"":""TKBuv1du4NnrevTCvpvpr7oAaiVcnRntNE""}"
36834,PC,Pentagon Chain,pentagon-chain,pentagon.games,36834.png,"{""ethereum"":""0xA1Aa371E450C5AeE7fff259cbF5ccA9384227272""}"
36835,KAPPA,the face of sarcasm,the-face-of-sarcasm,kappameme.com,36835.png,"{""solana"":""93s39pnRwp5NUxvJ3A5zDWoXxKxqW4RCVzMuNsKZbonk""}"
36837,ESTEE,ShibEstee,shibestee,shibestee.com,36837.png,"{""ethereum"":""0x4200000623d0242cccd4e907008583dcb4af6472""}"
36838,WAPTM,Wrapped Apertum,wrapped-apertum,apertum.io,36838.png,"{""apertum"":""0x110Ac02Ba3384Bc055c13A87766049a74517BedA""}"
36846,BEE,DAOBase,daobase,daobase.ai,36846.png,"{""base"":""0x1f1bA52c445755C92caFFe7B608B87dCDAf9d825"",""bnb"":""0xDB6f1F098B55E36B036603c8e54663a8D907D6E1""}"
36847,COPPER,$COPPER,copper,coppermoon.site,36847.png,"{""solana"":""2pASaZVMQCusTpUc6MdfFBXSML9yKeJQZGLf8L8RyYwQ""}"
36849,USDUC,Unstable Coin (usduc.io),unstable-coin-sol,usduc.io,36849.png,"{""ethereum"":""0xecedb6f8108b9f7bbf499da843dced6c2bb6e270"",""solana"":""CB9dDufT3ZuQXqqSfa1c5kY935TEreyBw9XJXxHKpump"",""base"":""0xecedb6f8108b9f7bbf499da843dced6c2bb6e270"",""hyperliquid"":""0x61ef9543f8919bb06e374b3bb58a17725e34f9d9"",""robinhood-placeholder"":""0xBbb8Ef3181661512CEAB66e0B213C29211B24b6c""}"
36852,XAVIER,Xavier: Renegade Angel,xavier-renegade-angel,xavieronsol.lol,36852.png,"{""solana"":""69G8CpUVZAxbPMiEBrfCCCH445NwFxH6PzVL693Xpump"",""ethereum"":""0x69B1ac639c0153b8EAe75e4c19A176d07071683C""}"
36853,U,U,u,usagibnb.com,36853.png,"{""bnb"":""0x6f88DBed8f178F71F6A0C27Df10D4f0B8dDf4444""}"
36854,TALE,PrompTale AI,promptale-ai,promptale.io,36854.png,"{""bnb"":""0x37EFF3FF1321Fb9AbC734761cA72FAFDc044534A""}"
36858,WOOLLY,Miniature Woolly Mammoth,miniature-woolly-mammoth,woollytoken.com,36858.png,"{""ethereum"":""0x9f277eDFc463EBaA3D2a6274b01177697E910391""}"
36861,NEWT,Newton Protocol,newton-protocol,newton.xyz,36861.png,"{""ethereum"":""0xD0eC028a3D21533Fdd200838F39c85B03679285D"",""bnb"":""0xb8a677e6d805c8d743e6f14c8bc9c19305b5defc""}"
36862,SNPT,SNPIT TOKEN,snpit-token,lp.snpit.xyz,36862.png,"{""polygon-ecosystem-token"":""0x22737f5Bbb7C5b5BA407b0c1C9a9cdf66CF25D7d""}"
36864,CBADA,Coinbase Wrapped ADA,coinbase-wrapped-ada,coinbase.com,36864.png,"{""base"":""0xcbADA732173e39521CDBE8bf59a6Dc85A9fc7b8c"",""solana"":""cbADAmv9issuPfhFwyQG3xac4DGPd1LDSt1oz7vwJsg""}"
36865,CBLTC,Coinbase Wrapped LTC,coinbase-wrapped-ltc,coinbase.com,36865.png,"{""base"":""0xcb17C9Db87B595717C857a08468793f5bAb6445F""}"
36866,LOT,League of Traders,league-of-traders,leagueoftraders.io,36866.png,"{""bnb"":""0xbfe78de7d1c51e0868501d5fa3e88e674c79acdd""}"
36867,SOLX,Solaxy,solaxy,solaxy.io,36867.png,"{""ethereum"":""0xe0B7AD7F8F26e2b00C8b47b5Df370f15F90fCF48""}"
36872,SN73,Merit,merit-sn73,,36872.png,"{""bittensor"":""73""}"
36873,SN64,Chutes,chutes,chutes.ai,36873.png,"{""bittensor"":""64""}"
36874,SN5,OpenKaito,openkaito,wandb.ai,36874.png,"{""bittensor"":""5""}"
36876,TASSHUB,TASSHUB,tasshub,tasshub.com,36876.png,"{""solana"":""FKNfAwb8TmjYkj11V4NiTz4TgrLWTWgm2NRwAD9epump""}"
36877,SN14,TAOHash,taohash,taohash.ai,36877.png,"{""bittensor"":""14""}"
36881,VIBE,Vibe Cat (Jupiter Studio),vibe-cat-jupiter-studio,x.com,36881.png,"{""solana"":""DFVeSFxNohR5CVuReaXSz6rGuJ62LsKhxFpWsDbbjups""}"
36882,KAI,KAIKO,kaiko,kaikostudios.xyz,36882.png,"{""solana"":""2MuDS29b6rQb9MydKLMvggST5Yqez3B6gYWitvvjc6ir""}"
36883,GOR,Gorbagana,gorbagana,docs.gorbagana.wtf,36883.png,"{""solana"":""71Jvq4Epe2FCJ7JFSF7jLXdNk1Wy4Bhqd9iL6bEFELvg""}"
36884,SN11,Dippy,dippy,dippy.ai,36884.png,"{""bittensor"":""11""}"
36885,SN12,Compute Horde,compute-horde,computehorde.io,36885.png,"{""bittensor"":""12""}"
36886,SN13,Data Universe,data-universe,macrocosmos.ai,36886.png,"{""bittensor"":""13""}"
36890,SN63,Alpha Trader Exchange (ATX),alpha-trader-exchange-atx,alphatraderexchange.com,36890.png,"{""bittensor"":""63""}"
36891,SN53,EfficientFrontier,efficientfrontier,t.signalplus.com,36891.png,"{""bittensor"":""53""}"
36892,SN56,Gradients,gradients,gradients.io,36892.png,"{""bittensor"":""56""}"
36893,SN3,τemplar,templar,tplr.ai,36893.png,"{""bittensor"":""3""}"
36896,VANTA,Vanta Network,proprietary-trading-network,vantatrading.io,36896.png,"{""bittensor"":""8""}"
36897,SN33,ReadyAI,readyai,readyai.ai,36897.png,"{""bittensor"":""33""}"
36899,SN41,Sportstensor,sportstensor,sportstensor.com,36899.png,"{""bittensor"":""41""}"
36901,SN44,Score,score,scorevision.io,36901.png,"{""bittensor"":""44""}"
36902,SN51,lium,celium,lium.io,36902.png,"{""bittensor"":""51""}"
36903,SN62,Ridges AI,ridges-ai,ridges.ai,36903.png,"{""bittensor"":""62""}"
36904,SN9,iota,iota-macrocosmos-ai,iota.macrocosmos.ai,36904.png,"{""bittensor"":""9""}"
36905,SN25,Mainframe,mainframe-macrocosmos-ai,macrocosmos.ai,36905.png,"{""bittensor"":""25""}"
36906,SN88,Sταking,staking,stakingalpha.com,36906.png,"{""bittensor"":""88""}"
36909,SN47,For Sale,for-sale,condenses.ai,36909.png,"{""bittensor"":""47""}"
36910,SN93,Bitcast,bitcast,bitcast.network,36910.png,"{""bittensor"":""93""}"
36911,SN17,404—GEN,404-gen,404.xyz,36911.png,"{""bittensor"":""17""}"
36912,SN4,Targon,targon,targon.com,36912.png,"{""bittensor"":""4""}"
36914,SN34,BitMind,bitmind,bitmind.ai,36914.png,"{""bittensor"":""34""}"
36916,SN84,Docs-Insights (Taτsu),docs-insight-tatsu,docs-insights.ai,36916.png,"{""bittensor"":""84""}"
36917,SN10,Pareton,sturdy-subnet,pareton.ai,36917.png,"{""bittensor"":""10""}"
36920,DMC,DeLorean,delorean,deloreanlabs.com,36920.png,"{""solana"":""DmcqxT7WXgXhq2LHURQ2h8GA5PeCBuMTLeyaj6MXhf3p"",""sui"":""0x4c981f3ff786cdb9e514da897ab8a953647dae2ace9679e8358eec1e3e8871ac::dmc::DMC""}"
36922,H,Humanity,humanity-protocol,humanity.org,36922.png,"{""ethereum"":""0xE76c5b78f93909d34404E9eb4C1f19e7582a5dE1""}"
36926,ISHI,Ishi Go,ishi-go,shibainusfather.meme,36926.png,"{""ethereum"":""0x0007efdf427313313c904ad88cba4d00a672e327""}"
36933,XNY,Codatta,codatta,codatta.io,36933.png,"{""bnb"":""0xE3225e11Cab122F1a126A28997788E5230838ab9""}"
36934,SSTZ,SSTZ,sstz,bscscan.com,36934.png,"{""bnb"":""0xe8a9bf6313950544501db41d498ea6d6dc90b305""}"
36935,MGO,Mango Network,mango-network,mangonet.io,36935.png,"{""bnb"":""0x5e0d6791EdbEEBa6a14D1d38e2b8233257118EB1""}"
36939,AIV,AIVille Governance Token,aiville,aivillegame.com,36939.png,"{""bnb"":""0xadf7335da0e77339f2d69841f79b0aa6c14d187d""}"
36940,KNCH,KAANCH NETWORK,kaanch-network,kaanch.com,36940.png,{}
36943,SYMETRAX,SymetraX,symetrax,symetra.xyz,36943.png,"{""bnb"":""0xf7c1E2eEBe49e9cc37451328F5A95DFFFB0511cD""}"
36945,NEX,Nexora,nexora,nexoracrypto.com,36945.png,"{""ethereum"":""0x58412AE274F2764B71c66315D97662d47d930d94""}"
36947,EZFIN,EzFin,ezfin,ezfin.xyz,36947.png,"{""bnb"":""0x2f9d392b4ca0e6f03f9b3cdd608e1c15183de7f9""}"
36951,KITTY,Hello Kitty,hello-kitty-solana,hellokittyfans.xyz,36951.png,"{""solana"":""DFfPq2hHbJeunp1F6eNyuyvBHcPpnTqaawn2tAFUpump""}"
36953,XO,XOCIETY,xociety,xociety.io,36953.png,"{""sui"":""0x90f9eb95f62d31fbe2179313547e360db86d88d2399103a94286291b63f469ba::xo::XO""}"
36957,CESS,CESS Network,cess-network,cess.network,36957.png,"{""bnb"":""0x0c78d4605c2972e5f989DE9019De1Fb00c5D3462""}"
36959,MORI,MORI COIN,mori-coin,morico.in,36959.png,"{""solana"":""8ZHE4ow1a2jjxuoMfyExuNamQNALv5ekZhsBn5nMDf5e""}"
36961,BUDDY,alright buddy,alright-buddy,alrightbuddy.meme,36961.png,"{""hyperliquid"":""0x84ecb2340931f6b153ff10bcfafb6726""}"
36962,CYC,Cycle Network,cycle-network,cyclenetwork.io,36962.png,"{""bnb"":""0x5845684b49aEf79A5c0F887f50401C247dca7AC6"",""ethereum"":""0x5845684b49aef79a5c0f887f50401c247dca7ac6""}"
36963,YURU,YURU COIN,yuru-coin,coin.yurugp.jp,36963.png,"{""solana"":""mm7g78aMJZv8QB4Q15qbsM3UQJZWof85vwC2NSxRh2Q""}"
36968,GWT,Goblin World Token,goblin-world-token,goblinworldtoken.com,36968.png,"{""gram"":""EQBhKT4-OaSZaxBBcvDE4u8s3L1v8u_6cHxSJQWcztld6AFt""}"
36969,END,END,end,endlesscfdn.com,36969.png,"{""ethereum"":""0x2BbD8602091bd1B90797d894163c0DE76045F71c""}"
36973,WLFI,Wen Lambo Financial,wen-lambo-financial,wen-lambo.financial,36973.png,"{""ethereum"":""0x1963A95cfc30e49Cc75F7F2de6027289971cAc79""}"
36975,BINANCIENS,Binanciens,binanciens,four.meme,36975.png,"{""bnb"":""0x02367c2b93fbcbcc6a11f39fcb50f713c4cb4444""}"
36977,NODE,NodeOps,nodeops,nodeops.network,36977.png,"{""ethereum"":""0x2f714d7b9a035d4ce24af8d9b6091c07e37f43fb"",""bnb"":""0x2f714d7b9a035d4ce24af8d9b6091c07e37f43fb"",""arbitrum"":""0x2f714d7b9a035d4ce24af8d9b6091c07e37f43fb""}"
36978,ECHO,Echo Protocol,echo-protocol,echo-protocol.xyz,36978.png,"{""bnb"":""0x06238c1b8e618abedf17669228dc95fb2d2e210b"",""aptos"":""0xb2c7780f0a255a6137e5b39733f5a4c85fe093c549de5c359c1232deef57d1b7""}"
36979,FROGGIE,Froggie,froggie,froggiebsc.xyz,36979.png,"{""bnb"":""0xa45f5eb48cecd034751651aeeda6271bd5df8888""}"
36989,COINX,Coinbase tokenized stock (xStock),coinbase-tokenized-stock-xstock,assets.backed.fi,36989.png,"{""solana"":""Xs7ZdzSHLU9ftNJsii5fCeJhoRWSC32SQGzGQtePxNu"",""arbitrum"":""0x364f210f430ec2448fc68a49203040f6124096f0"",""bnb"":""0x364f210f430ec2448fc68a49203040f6124096f0"",""ethereum"":""0x364f210f430ec2448fc68a49203040f6124096f0"",""ink-token"":""0x364f210f430ec2448fc68a49203040f6124096f0"",""gram"":""EQCvk4Oq2l5Yts_S7Q4j08fB9Ftzx3IY-7UI1AqssyKGDt_I"",""okb"":""0x364f210f430eC2448Fc68A49203040F6124096F0""}"
36990,PEPEONTRON,PePeonTron,pepeontron,pepeontron.cc,36990.png,"{""tron"":""TMacq4TDUw5q8NFBwmbY4RLXvzvG5JTkvi""}"
36992,NVDAX,NVIDIA tokenized stock (xStock),nvidia-tokenized-stock-xstock,assets.backed.fi,36992.png,"{""solana"":""Xsc9qvGR1efVDFGLrVsmkzv3qi45LTBjeUKSPmx9qEh"",""bnb"":""0xc845b2894dbddd03858fd2d643b4ef725fe0849d"",""ethereum"":""0xc845b2894dbddd03858fd2d643b4ef725fe0849d"",""ink-token"":""0xc845b2894dbddd03858fd2d643b4ef725fe0849d"",""gram"":""EQCva-Of7acQdU_piADdlcbzsFtA-xJwZoctz8ZOXBdBoaB8"",""okb"":""0xc845b2894dBddd03858fd2D643B4eF725fE0849d""}"
36994,AAPLX,Apple tokenized stock (xStock),apple-tokenized-stock-xstock,xstocks.fi,36994.png,"{""solana"":""XsbEhLAtcf6HdfpFZ5xEMdqW8nfAvcsP5bdudRLJzJp"",""okb"":""0x9d275685dC284C8eB1C79f6ABA7a63Dc75ec890a"",""ethereum"":""0x9d275685dc284c8eb1c79f6aba7a63dc75ec890a"",""ink-token"":""0x9d275685dc284c8eb1c79f6aba7a63dc75ec890a"",""arbitrum"":""0x9d275685dc284c8eb1c79f6aba7a63dc75ec890a"",""gram"":""EQDsjAwfKo-6FVZv2EYt-1CaZTY_ZL-pfkSId6jeQchNwmdo"",""bnb"":""0x9d275685dc284c8eb1c79f6aba7a63dc75ec890a""}"
36998,OMDB,OMDBlockchain,omdblockchain,omdblockchain.com,36998.png,{}
37003,MSTRX,MicroStrategy tokenized stock (xStock),microstrategy-tokenized-stock-xstock,assets.backed.fi,37003.png,"{""solana"":""XsP7xzNPvEHS1m6qfanPUGjNmdnmsLKEoNAnHjdxxyZ"",""arbitrum"":""0xae2f842ef90c0d5213259ab82639d5bbf649b08e"",""bnb"":""0xae2f842ef90c0d5213259ab82639d5bbf649b08e"",""ink-token"":""0xae2f842ef90c0d5213259ab82639d5bbf649b08e"",""gram"":""EQBbsLYH5sD74gYO4DOoj0QsHaNL81NLD13AdhkmD0Up-46H"",""ethereum"":""0xae2f842ef90c0d5213259ab82639d5bbf649b08e"",""okb"":""0xAE2f842EF90C0d5213259Ab82639D5BBF649b08E""}"
37004,TSLAX,Tesla tokenized stock (xStock),tesla-tokenized-stock-xstock,assets.backed.fi,37004.png,"{""solana"":""XsDoVfqeBukxuZHWhdvWHBhgEHjGNst4MLodqsJHzoB"",""arbitrum"":""0x8ad3c73f833d3f9a523ab01476625f269aeb7cf0"",""bnb"":""0x8ad3c73f833d3f9a523ab01476625f269aeb7cf0"",""ethereum"":""0x8ad3c73f833d3f9a523ab01476625f269aeb7cf0"",""ink-token"":""0x8ad3c73f833d3f9a523ab01476625f269aeb7cf0"",""gram"":""EQB4IwqWZPUczntdry8vSN2tsJKt-9F7iIb7gEFREYYOB563"",""okb"":""0x8aD3c73F833d3F9A523aB01476625F269aEB7Cf0""}"
37005,CRCLX,Circle tokenized stock (xStock),circle-tokenized-stock-xstock,assets.backed.fi,37005.png,"{""solana"":""XsueG8BtpquVJX9LVLLEGuViXUungE6WmK5YZ3p3bd1"",""arbitrum"":""0xfebded1b0986a8ee107f5ab1a1c5a813491deceb"",""bnb"":""0xfebded1b0986a8ee107f5ab1a1c5a813491deceb"",""gram"":""EQB-RPtAAQeFSGW3gIj0zREh4N92MGXfqFzxAc6TRvu-zvYT"",""ink-token"":""0xfebded1b0986a8ee107f5ab1a1c5a813491deceb"",""ethereum"":""0xfebded1b0986a8ee107f5ab1a1c5a813491deceb"",""okb"":""0xfEbDEd1B0986a8ee107f5AB1a1c5a813491DeCEB""}"
37006,SPYX,SP500 tokenized ETF (xStock),sp500-tokenized-stock-xstock,assets.backed.fi,37006.png,"{""solana"":""XsoCS1TfEyfFhfvj8EtZ528L3CaKBDBRqRapnBbDF2W"",""arbitrum"":""0x90a2a4c76b5d8c0bc892a69ea28aa775a8f2dd48"",""bnb"":""0x90a2a4c76b5d8c0bc892a69ea28aa775a8f2dd48"",""gram"":""EQB1fyBAA9qQDP6LEGaF3cbU-Xbr-p6ESBZGnqlHkHIHAJZv"",""ethereum"":""0x90a2a4c76b5d8c0bc892a69ea28aa775a8f2dd48"",""ink-token"":""0x90a2a4c76b5d8c0bc892a69ea28aa775a8f2dd48"",""okb"":""0x90A2a4c76b5D8c0bc892A69EA28Aa775a8f2dD48""}"
37010,ABTX,Abbott tokenized stock (xStock),abbott-tokenized-stock-xstock,assets.backed.fi,37010.png,"{""solana"":""XsHtf5RpxsQ7jeJ9ivNewouZKJHbPxhPoEy6yYvULr7"",""arbitrum"":""0x89233399708C18Ac6887F90A2B4Cd8Ba5fEdD06e"",""bnb"":""0x89233399708c18ac6887f90a2b4cd8ba5fedd06e"",""ethereum"":""0x89233399708c18ac6887f90a2b4cd8ba5fedd06e"",""ink-token"":""0x89233399708c18ac6887f90a2b4cd8ba5fedd06e"",""gram"":""EQDO-gj4yLJH21dtkrtbUPyjpqukqW4pDmZ5ce0M6p1lNPj_""}"
37011,ABBVX,AbbVie tokenized stock (xStock),abbvie-tokenized-stock-xstock,assets.backed.fi,37011.png,"{""solana"":""XswbinNKyPmzTa5CskMbCPvMW6G5CMnZXZEeQSSQoie"",""arbitrum"":""0xfbf2398df672cee4afcc2a4a733222331c742a6a"",""bnb"":""0xfbf2398df672cee4afcc2a4a733222331c742a6a"",""ink-token"":""0xfbf2398df672cee4afcc2a4a733222331c742a6a"",""ethereum"":""0xfbf2398df672cee4afcc2a4a733222331c742a6a"",""gram"":""EQBlBbYzAecI_SDSxLq77Inz4kbHfK5adAt_bW4SraykaQt-""}"
37012,ACNX,Accenture tokenized stock (xStock),accenture-tokenized-stock-xstock,assets.backed.fi,37012.png,"{""solana"":""Xs5UJzmCRQ8DWZjskExdSQDnbE6iLkRu2jjrRAB1JSU"",""arbitrum"":""0x03183Ce31b1656B72A55fa6056e287f50C35BbEB"",""bnb"":""0x03183ce31b1656b72a55fa6056e287f50c35bbeb"",""ethereum"":""0x03183ce31b1656b72a55fa6056e287f50c35bbeb"",""gram"":""EQDBOfnFmQlXhtjoI6VItEWSagEZRTPWkjeEXi8tadBWRLzr"",""ink-token"":""0x03183ce31b1656b72a55fa6056e287f50c35bbeb""}"
37013,GOOGLX,Alphabet tokenized stock (xStock),alphabet-tokenized-stock-xstock,assets.backed.fi,37013.png,"{""solana"":""XsCPL9dNWBMvFtTmwcCA5v3xWPSMEBCszbQdiLLq6aN"",""arbitrum"":""0xe92f673Ca36C5E2Efd2DE7628f815f84807e803F"",""bnb"":""0xe92f673ca36c5e2efd2de7628f815f84807e803f"",""gram"":""EQALwJzXnxFjckNsurCi9O2kVg_0b1KdtjOSfvOedlY37iZc"",""ethereum"":""0xe92f673ca36c5e2efd2de7628f815f84807e803f"",""ink-token"":""0xe92f673ca36c5e2efd2de7628f815f84807e803f"",""okb"":""0xe92f673Ca36C5E2Efd2DE7628f815f84807e803F""}"
37014,AMZNX,Amazon tokenized stock (xStock),amazon-tokenized-stock-xstock,assets.backed.fi,37014.png,"{""solana"":""Xs3eBt7uRfJX8QUs4suhyU8p2M6DoUDrJyWBa8LLZsg"",""arbitrum"":""0x3557ba345b01efa20a1bddc61f573bfd87195081"",""bnb"":""0x3557ba345b01efa20a1bddc61f573bfd87195081"",""ethereum"":""0x3557ba345b01efa20a1bddc61f573bfd87195081"",""gram"":""EQCtD2-7qxHhQoNhxri2JSzH-dlmWqKYCDtlEZqRi3-56gd9"",""ink-token"":""0x3557ba345b01efa20a1bddc61f573bfd87195081"",""okb"":""0x3557Ba345B01EFa20A1bdDC61F573BFD87195081""}"
37015,AMBRX,Amber tokenized stock (xStock),amber-tokenized-stock-xstock,assets.backed.fi,37015.png,"{""solana"":""XsaQTCgebC2KPbf27KUhdv5JFvHhQ4GDAPURwrEhAzb"",""arbitrum"":""0x2f9a35ab5ddfbc49927bfdeab98a86c53dc6e763"",""bnb"":""0x2f9a35ab5ddfbc49927bfdeab98a86c53dc6e763"",""ethereum"":""0x2f9a35ab5ddfbc49927bfdeab98a86c53dc6e763"",""ink-token"":""0x2f9a35ab5ddfbc49927bfdeab98a86c53dc6e763"",""gram"":""EQCP81yPC3yHTW_5Q1X8oPre0hFpziyXgRaRO1vO_uBmkW3s""}"
37016,KLK,Klickl Token,klickl-token,klickl.vip,37016.png,"{""bnb"":""0x411049c6046be1be13ce80262fca723cccb67798""}"
37017,APPX,AppLovin tokenized stock (xStock),applovin-tokenized-stock-xstock,assets.backed.fi,37017.png,"{""solana"":""XsPdAVBi8Zc1xvv53k4JcMrQaEDTgkGqKYeh7AYgPHV"",""arbitrum"":""0x50a1291F69D9d3853Def8209cFb1AF0b46927BE1"",""bnb"":""0x50a1291f69d9d3853def8209cfb1af0b46927be1"",""ethereum"":""0x50a1291f69d9d3853def8209cfb1af0b46927be1"",""ink-token"":""0x50a1291f69d9d3853def8209cfb1af0b46927be1"",""gram"":""EQCGJ7KuKsFu3w-VmgGVUu5qHgxH0kQee3b9j5HTWi7QEko4""}"
37018,AZNX,AstraZeneca tokenized stock (xStock),astrazeneca-tokenized-stock-xstock,assets.backed.fi,37018.png,"{""solana"":""Xs3ZFkPYT2BN7qBMqf1j1bfTeTm1rFzEFSsQ1z3wAKU"",""arbitrum"":""0x5D642505FE1a28897eb3BaBA665F454755D8daA2"",""bnb"":""0x5d642505fe1a28897eb3baba665f454755d8daa2"",""ethereum"":""0x5d642505fe1a28897eb3baba665f454755d8daa2"",""gram"":""EQAGZ-68GJEDs85xcyZ2F-ckt_AmeJbAeSbowrwvmYbHBIUt"",""ink-token"":""0x5d642505fe1a28897eb3baba665f454755d8daa2""}"
37019,BACX,Bank of America tokenized stock (xStock),bank-of-america-tokenized-stock-xstock,assets.backed.fi,37019.png,"{""solana"":""XswsQk4duEQmCbGzfqUUWYmi7pV7xpJ9eEmLHXCaEQP"",""arbitrum"":""0x314938c596F5ce31C3f75307d2979338C346D7F2"",""bnb"":""0x314938c596f5ce31c3f75307d2979338c346d7f2"",""ethereum"":""0x314938c596f5ce31c3f75307d2979338c346d7f2"",""gram"":""EQAlL7fOykivkEefblcB3bkqn4HMwP8jQNDNVzo9-RkKZNJx"",""ink-token"":""0x314938c596f5ce31c3f75307d2979338c346d7f2""}"
37020,BRK.BX,Berkshire Hathaway tokenized stock (xStock),berkshire-hathaway-tokenized-stock-xstock,xstocks.fi,37020.png,"{""solana"":""Xs6B6zawENwAbWVi7w92rjazLuAr5Az59qgWKcNb45x"",""arbitrum"":""0x12992613fDd35aBe95DEc5a4964331b1ee23B50d"",""bnb"":""0x12992613fdd35abe95dec5a4964331b1ee23b50d"",""ethereum"":""0x12992613fdd35abe95dec5a4964331b1ee23b50d"",""gram"":""EQDz62JH-T5q4wW6DpzuL-ROKScpOCcC1iIv8dXAnYVNIV7O"",""ink-token"":""0x12992613fdd35abe95dec5a4964331b1ee23b50d""}"
37021,AVGOX,Broadcom tokenized stock (xStock),broadcom-tokenized-stock-xstock,assets.backed.fi,37021.png,"{""solana"":""XsgSaSvNSqLTtFuyWPBhK9196Xb9Bbdyjj4fH3cPJGo"",""arbitrum"":""0x38BAC69cbBd28156796e4163B2B6dcb81E336565"",""bnb"":""0x38bac69cbbd28156796e4163b2b6dcb81e336565"",""gram"":""EQDs4k7PSAH3nuXw3bXPEZ7aFatcejkKrf_Mi4Cv3-yLAmuG"",""ink-token"":""0x38bac69cbbd28156796e4163b2b6dcb81e336565"",""ethereum"":""0x38bac69cbbd28156796e4163b2b6dcb81e336565"",""okb"":""0x38BAC69cbBd28156796e4163B2B6dcb81E336565""}"
37022,CVXX,Chevron tokenized stock (xStock),chevron-tokenized-stock-xstock,assets.backed.fi,37022.png,"{""solana"":""XsNNMt7WTNA2sV3jrb1NNfNgapxRF5i4i6GcnTRRHts"",""arbitrum"":""0xad5cdc3340904285B8159089974A99a1A09EB4C0"",""bnb"":""0xad5cdc3340904285b8159089974a99a1a09eb4c0"",""ink-token"":""0xad5cdc3340904285b8159089974a99a1a09eb4c0"",""gram"":""EQDO-mK2jHNAqQB5NlyZKAO-Cb4aZ5kf0R81TP1yqEUO6cuQ"",""ethereum"":""0xad5cdc3340904285b8159089974a99a1a09eb4c0""}"
37023,GMEX,Gamestop tokenized stock (xStock),gamestop-tokenized-stock-xstock,assets.backed.fi,37023.png,"{""solana"":""Xsf9mBktVB9BSU5kf4nHxPq5hCBJ2j2ui3ecFGxPRGc"",""arbitrum"":""0xE5f6d3b2405ABdfE6F660e63202B25D23763160d"",""bnb"":""0xe5f6d3b2405abdfe6f660e63202b25d23763160d"",""gram"":""EQA2ezTnOiUce55zBQ_Yhum4lOCVahIMZRi-yyrR0MNON9vZ"",""ink-token"":""0xe5f6d3b2405abdfe6f660e63202b25d23763160d"",""ethereum"":""0xe5f6d3b2405abdfe6f660e63202b25d23763160d""}"
37024,GLDX,Gold tokenized ETF (xStock),gold-tokenized-stock-xstock,assets.backed.fi,37024.png,"{""solana"":""Xsv9hRk1z5ystj9MhnA7Lq4vjSsLwzL2nxrwmwtD3re"",""bnb"":""0x2380f2673c640fb67e2d6b55b44c62f0e0e69da9"",""arbitrum"":""0x2380F2673C640fB67E2d6B55B44C62F0E0e69DA9"",""gram"":""EQC49j6vUmrarJzSOlZfNHYHoNEHX3__0oX1dZLEfE7Vyybe"",""ethereum"":""0x2380f2673c640fb67e2d6b55b44c62f0e0e69da9"",""ink-token"":""0x2380f2673c640fb67e2d6b55b44c62f0e0e69da9"",""okb"":""0x2380F2673C640fB67E2d6B55B44C62F0E0e69DA9""}"
37025,GSX,Goldman Sachs tokenized stock (xStock),goldman-sachs-tokenized-stock-xstock,assets.backed.fi,37025.png,"{""solana"":""XsgaUyp4jd1fNBCxgtTKkW64xnnhQcvgaxzsbAq5ZD1"",""arbitrum"":""0x3Ee7E9B3A992fD23CD1C363B0e296856B04ab149"",""bnb"":""0x3ee7e9b3a992fd23cd1c363b0e296856b04ab149"",""gram"":""EQCtafvoSrJ6kaNWpOazO1MLLTIyUSIR_52CJGVCcIXriDkU"",""ink-token"":""0x3ee7e9b3a992fd23cd1c363b0e296856b04ab149"",""ethereum"":""0x3ee7e9b3a992fd23cd1c363b0e296856b04ab149""}"
37026,HDX,Home Depot tokenized stock (xStock),home-depot-tokenized-stock-xstock,assets.backed.fi,37026.png,"{""solana"":""XszjVtyhowGjSC5odCqBpW1CtXXwXjYokymrk7fGKD3"",""arbitrum"":""0x766b0CD6ED6D90B5d49d2c36a3761E9728501BA9"",""bnb"":""0x766b0cd6ed6d90b5d49d2c36a3761e9728501ba9"",""gram"":""EQC_2TSc-toKtn5psH4LFYZxtcMXEuNxEPH9RIXBxXW4zbh7"",""ethereum"":""0x766b0cd6ed6d90b5d49d2c36a3761e9728501ba9"",""ink-token"":""0x766b0cd6ed6d90b5d49d2c36a3761e9728501ba9""}"
37027,HONX,Honeywell tokenized stock (xStock),honeywell-tokenized-stock-xstock,assets.backed.fi,37027.png,"{""solana"":""XsRbLZthfABAPAfumWNEJhPyiKDW6TvDVeAeW7oKqA2"",""arbitrum"":""0x62a48560861b0b451654bfffdb5be6e47aa8ff1b"",""bnb"":""0x62a48560861b0b451654bfffdb5be6e47aa8ff1b"",""ethereum"":""0x62a48560861b0b451654bfffdb5be6e47aa8ff1b"",""gram"":""EQCAdgZJHUFLgtKA3IvJksZ1-IVxprgrdgx3pwl2dd0ZM4_9"",""ink-token"":""0x62a48560861b0b451654bfffdb5be6e47aa8ff1b""}"
37028,INTCX,Intel tokenized stock (xStock),intel-tokenized-stock-xstock,assets.backed.fi,37028.png,"{""solana"":""XshPgPdXFRWB8tP1j82rebb2Q9rPgGX37RuqzohmArM"",""arbitrum"":""0xf8a80d1cb9cfd70d03d655d9df42339846f3b3c8"",""bnb"":""0xf8a80d1cb9cfd70d03d655d9df42339846f3b3c8"",""gram"":""EQBBnSFyNZkNmq7I4E9yWhZDZQurcQhGkFeGBV_UXibFlv4-"",""ink-token"":""0xf8a80d1cb9cfd70d03d655d9df42339846f3b3c8"",""ethereum"":""0xf8a80d1cb9cfd70d03d655d9df42339846f3b3c8"",""okb"":""0xf8A80D1cb9cFD70D03D655D9dF42339846F3B3C8""}"
37029,IBMX,International Business Machines tokenized stock (xStock),international-business-machines-tokenized-stock-xstock,assets.backed.fi,37029.png,"{""solana"":""XspwhyYPdWVM8XBHZnpS9hgyag9MKjLRyE3tVfmCbSr"",""arbitrum"":""0xd9913208647671fe0f48f7f260076b2c6f310aac"",""bnb"":""0xd9913208647671fe0f48f7f260076b2c6f310aac"",""gram"":""EQB7U3MUc6TeOvYRwqLoouF-yxr4w-sa-Q-n0_6MjUyQlTSQ"",""ethereum"":""0xd9913208647671fe0f48f7f260076b2c6f310aac"",""ink-token"":""0xd9913208647671fe0f48f7f260076b2c6f310aac"",""okb"":""0xd9913208647671Fe0F48F7F260076B2C6F310Aac""}"
37030,JNJX,Johnson & Johnson tokenized stock (xStock),johnson-johnson-tokenized-stock-xstock,assets.backed.fi,37030.png,"{""solana"":""XsGVi5eo1Dh2zUpic4qACcjuWGjNv8GCt3dm5XcX6Dn"",""arbitrum"":""0xdb0482cfaD4789798623E64b15eebA01b16e917C"",""bnb"":""0xdb0482cfad4789798623e64b15eeba01b16e917c"",""ethereum"":""0xdb0482cfad4789798623e64b15eeba01b16e917c"",""ink-token"":""0xdb0482cfad4789798623e64b15eeba01b16e917c"",""gram"":""EQAk3GT-G1fD3P3VKOGfcxsSyPHawr8GHFoOOgOrNRp55SC-""}"
37031,JPMX,JPMorgan Chase tokenized stock (xStock),jpmorgan-chase-tokenized-stock-xstock,assets.backed.fi,37031.png,"{""solana"":""XsMAqkcKsUewDrzVkait4e5u4y8REgtyS7jWgCpLV2C"",""arbitrum"":""0xd9fc3e075d45254a1d834fea18af8041207dea0a"",""bnb"":""0xd9fc3e075d45254a1d834fea18af8041207dea0a"",""gram"":""EQBWUD28L0CaFpHzFoYxifiNOUAnybaYSRL27i4fvOZNWUUx"",""ink-token"":""0xd9fc3e075d45254a1d834fea18af8041207dea0a"",""ethereum"":""0xd9fc3e075d45254a1d834fea18af8041207dea0a""}"
37032,CSCOX,Cisco tokenized stock (xStock),cisco-tokenized-stock-xstock,assets.backed.fi,37032.png,"{""solana"":""Xsr3pdLQyXvDJBFgpR5nexCEZwXvigb8wbPYp4YoNFf"",""arbitrum"":""0x053C784cD87B74f42e0c089f98643E79c1A3ff16"",""bnb"":""0x053c784cd87b74f42e0c089f98643e79c1a3ff16"",""ethereum"":""0x053c784cd87b74f42e0c089f98643e79c1a3ff16"",""gram"":""EQAn6tdm6zbGSamhJRTwwqiM2FYoBKcw5FeVC1rf2jBjvg89"",""ink-token"":""0x053c784cd87b74f42e0c089f98643e79c1a3ff16""}"
37033,KOX,Coca-Cola tokenized stock (xStock),coca-cola-tokenized-stock-xstock,assets.backed.fi,37033.png,"{""solana"":""XsaBXg8dU5cPM6ehmVctMkVqoiRG2ZjMo1cyBJ3AykQ"",""arbitrum"":""0xdCC1a2699441079dA889B1F49e12B69cC791129b"",""bnb"":""0xdcc1a2699441079da889b1f49e12b69cc791129b"",""ethereum"":""0xdcc1a2699441079da889b1f49e12b69cc791129b"",""ink-token"":""0xdcc1a2699441079da889b1f49e12b69cc791129b"",""gram"":""EQAD-iVmVKW8frDDYPd80N-7dy8m2LfU8nK_85TeHkXWEw-C""}"
37034,CMCSAX,Comcast tokenized stock (xStock),comcast-tokenized-stock-xstock,assets.backed.fi,37034.png,"{""solana"":""XsvKCaNsxg2GN8jjUmq71qukMJr7Q1c5R2Mk9P8kcS8"",""arbitrum"":""0xBC7170a1280Be28513B4e940C681537EB25e39f4"",""bnb"":""0xbc7170a1280be28513b4e940c681537eb25e39f4"",""ink-token"":""0xbc7170a1280be28513b4e940c681537eb25e39f4"",""gram"":""EQDqyQHk7m1Rbp_RN7qYrXvCS_STZGYMibeMybBlcPg4Ij4H"",""ethereum"":""0xbc7170a1280be28513b4e940c681537eb25e39f4""}"
37035,CRWDX,CrowdStrike tokenized stock (xStock),crowdstrike-tokenized-stock-xstock,assets.backed.fi,37035.png,"{""solana"":""Xs7xXqkcK7K8urEqGg52SECi79dRp2cEKKuYjUePYDw"",""arbitrum"":""0x214151022C2a5E380aB80CdaC31f23Ae554a7345"",""bnb"":""0x214151022c2a5e380ab80cdac31f23ae554a7345"",""ethereum"":""0x214151022c2a5e380ab80cdac31f23ae554a7345"",""gram"":""EQB_SUWvJqIyca5yEu0tc2TqWNRt8M8qmVYqZoDYdYqM8aK3"",""ink-token"":""0x214151022c2a5e380ab80cdac31f23ae554a7345"",""okb"":""0x214151022C2a5E380aB80CdaC31f23Ae554a7345""}"
37036,DHRX,Danaher tokenized stock (xStock),danaher-tokenized-stock-xstock,assets.backed.fi,37036.png,"{""solana"":""Xseo8tgCZfkHxWS9xbFYeKFyMSbWEvZGFV1Gh53GtCV"",""arbitrum"":""0xdba228936f4079daf9aa906fd48a87f2300405f4"",""bnb"":""0xdba228936f4079daf9aa906fd48a87f2300405f4"",""ethereum"":""0xdba228936f4079daf9aa906fd48a87f2300405f4"",""ink-token"":""0xdba228936f4079daf9aa906fd48a87f2300405f4"",""gram"":""EQBJV7x_mz-4-oO8_KRRa8jKYjU45RnfVU3wudTHZxhVOtHC""}"
37037,DFDVX,DFDV tokenized stock (xStock),dfdv-tokenized-stock-xstock,defidevcorp.com,37037.png,"{""solana"":""Xs2yquAgsHByNzx68WJC55WHjHBvG9JsMB7CWjTLyPy"",""ink-token"":""0x521860bb5df5468358875266b89bfe90d990c6e7"",""gram"":""EQBH-6sIfpffahsgYWO56lANIj2kxzJeju5qvvCC9AqYVdyN"",""ethereum"":""0x521860bb5df5468358875266b89bfe90d990c6e7"",""bnb"":""0x521860bB5dF5468358875266B89BFE90d990C6e7""}"
37038,LLYX,Eli Lilly tokenized stock (xStock),eli-lilly-tokenized-stock-xstock,assets.backed.fi,37038.png,"{""solana"":""Xsnuv4omNoHozR6EEW5mXkw8Nrny5rB3jVfLqi6gKMH"",""arbitrum"":""0x19c41EA77b34BbDEe61c3A87A75D1ABDA2ED0be4"",""bnb"":""0x19c41ea77b34bbdee61c3a87a75d1abda2ed0be4"",""ink-token"":""0x19c41ea77b34bbdee61c3a87a75d1abda2ed0be4"",""ethereum"":""0x19c41ea77b34bbdee61c3a87a75d1abda2ed0be4"",""gram"":""EQDexQFqhbyuy9VgK1eMdHXZAi5kC2WBbHe74mHWEdHVVwx2""}"
37039,XOMX,Exxon Mobil tokenized stock (xStock),exxon-mobil-tokenized-stock-xstock,assets.backed.fi,37039.png,"{""solana"":""XsaHND8sHyfMfsWPj6kSdd5VwvCayZvjYgKmmcNL5qh"",""arbitrum"":""0xeedb0273c5af792745180e9ff568cd01550ffa13"",""bnb"":""0xeedb0273c5af792745180e9ff568cd01550ffa13"",""ethereum"":""0xeedb0273c5af792745180e9ff568cd01550ffa13"",""ink-token"":""0xeedb0273c5af792745180e9ff568cd01550ffa13"",""gram"":""EQC4aTgTIycBGONrbP7vE75lRdVj-lyz8qYXc8jsMWZ2pEOv""}"
37040,PGX,Procter & Gamble tokenized stock (xStock),procter-gamble-tokenized-stock-xstock,assets.backed.fi,37040.png,"{""solana"":""XsYdjDjNUygZ7yGKfQaB6TxLh2gC6RRjzLtLAGJrhzV"",""arbitrum"":""0xa90424d5d3e770e8644103ab503ed775dd1318fd"",""bnb"":""0xa90424d5d3e770e8644103ab503ed775dd1318fd"",""ink-token"":""0xa90424d5d3e770e8644103ab503ed775dd1318fd"",""ethereum"":""0xa90424d5d3e770e8644103ab503ed775dd1318fd"",""gram"":""EQBGDL8J1dhHeH5vUvTb1bdtQaKRmj3oWG6iMwityBOa0B31""}"
37041,HOODX,Robinhood tokenized stock (xStock),robinhood-tokenized-stock-xstock,assets.backed.fi,37041.png,"{""solana"":""XsvNBAYkrDRNhA7wPHQfX3ZUXZyZLdnCQDfHZ56bzpg"",""arbitrum"":""0xE1385FDd5ffB10081Cd52C56584F25EFa9084015"",""bnb"":""0xe1385fdd5ffb10081cd52c56584f25efa9084015"",""gram"":""EQAHz1jK27NO5IdHrht8146-EFz9p4kSZZx2H1xXuNQOYp_r"",""ethereum"":""0xe1385fdd5ffb10081cd52c56584f25efa9084015"",""ink-token"":""0xe1385fdd5ffb10081cd52c56584f25efa9084015"",""okb"":""0xE1385FDd5ffB10081Cd52C56584F25EFa9084015""}"
37042,CRMX,Salesforce tokenized stock (xStock),salesforce-tokenized-stock-xstock,assets.backed.fi,37042.png,"{""solana"":""XsczbcQ3zfcgAEt9qHQES8pxKAVG5rujPSHQEXi4kaN"",""arbitrum"":""0x4a4073f2eaf299a1be22254dcd2c41727f6f54a2"",""bnb"":""0x4a4073f2eaf299a1be22254dcd2c41727f6f54a2"",""ink-token"":""0x4a4073f2eaf299a1be22254dcd2c41727f6f54a2"",""gram"":""EQBnt0vCnZVi2YdFkvgM5gXcxM2kyP0Uf4295iKOGCZRllsA"",""ethereum"":""0x4a4073f2eaf299a1be22254dcd2c41727f6f54a2""}"
37043,TMOX,Thermo Fisher tokenized stock (xStock),thermo-fisher-tokenized-stock-xstock,assets.backed.fi,37043.png,"{""solana"":""Xs8drBWy3Sd5QY3aifG9kt9KFs2K3PGZmx7jWrsrk57"",""arbitrum"":""0xAF072F109A2C173D822a4fe9af311A1B18F83d19"",""bnb"":""0xaf072f109a2c173d822a4fe9af311a1b18f83d19"",""gram"":""EQCUhAQRYFgDCs7sVR-ONi92SVL-NpOoH1qX0UiCQ-Dxerqh"",""ethereum"":""0xaf072f109a2c173d822a4fe9af311a1b18f83d19"",""ink-token"":""0xaf072f109a2c173d822a4fe9af311a1b18f83d19""}"
37044,TQQQX,TQQQ tokenized ETF (xStock),tqqq-tokenized-stock-xstock,assets.backed.fi,37044.png,"{""solana"":""XsjQP3iMAaQ3kQScQKthQpx9ALRbjKAjQtHg6TFomoc"",""arbitrum"":""0xfdddb57878ef9d6f681ec4381dcb626b9e69ac86"",""bnb"":""0xfdddb57878ef9d6f681ec4381dcb626b9e69ac86"",""gram"":""EQChEtBTqYzP3_VEAd-RGkxtnFHvZ-KPJVEBWdukdmweJOtX"",""ink-token"":""0xfdddb57878ef9d6f681ec4381dcb626b9e69ac86"",""ethereum"":""0xfdddb57878ef9d6f681ec4381dcb626b9e69ac86""}"
37045,UNHX,UnitedHealth tokenized stock (xStock),unitedhealth-tokenized-stock-xstock,assets.backed.fi,37045.png,"{""solana"":""XszvaiXGPwvk2nwb3o9C1CX4K6zH8sez11E6uyup6fe"",""arbitrum"":""0x167a6375da1efc4a5be0f470e73ecefd66245048"",""bnb"":""0x167a6375da1efc4a5be0f470e73ecefd66245048"",""ink-token"":""0x167a6375da1efc4a5be0f470e73ecefd66245048"",""ethereum"":""0x167a6375da1efc4a5be0f470e73ecefd66245048"",""gram"":""EQCQu9PwIhgX6oEY0U1U4QdKA5nB7gML_K1pyBJWVb6p2ZMr""}"
37046,VX,Visa tokenized stock (xStock),visa-tokenized-stock-xstock,assets.backed.fi,37046.png,"{""solana"":""XsqgsbXwWogGJsNcVZ3TyVouy2MbTkfCFhCGGGcQZ2p"",""arbitrum"":""0x2363fd1235c1b6d3a5088ddf8df3a0b3a30c5293"",""bnb"":""0x2363fd1235c1b6d3a5088ddf8df3a0b3a30c5293"",""gram"":""EQC5UZZAuR4MM3arEdJ6WWXfFeyESatfrDy12_7g_g0sqFK4"",""ethereum"":""0x2363fd1235c1b6d3a5088ddf8df3a0b3a30c5293"",""ink-token"":""0x2363fd1235c1b6d3a5088ddf8df3a0b3a30c5293""}"
37047,VTIX,Vanguard tokenized ETF (xStock),vanguard-tokenized-etf-xstock,assets.backed.fi,37047.png,"{""solana"":""XsssYEQjzxBCFgvYFFNuhJFBeHNdLWYeUSP8F45cDr9"",""arbitrum"":""0xbd730e618bcd88c82ddee52e10275cf2f88a4777"",""bnb"":""0xbd730e618bcd88c82ddee52e10275cf2f88a4777"",""ethereum"":""0xbd730e618bcd88c82ddee52e10275cf2f88a4777"",""gram"":""EQB7ik3-_oRQ0FEIJYYu8NG-ANIaMd-KNLXSvfbmSMCB1mpq"",""ink-token"":""0xbd730e618bcd88c82ddee52e10275cf2f88a4777""}"
37048,WMTX,Walmart tokenized stock (xStock),walmart-tokenized-stock-xstock,assets.backed.fi,37048.png,"{""solana"":""Xs151QeqTCiuKtinzfRATnUESM2xTU6V9Wy8Vy538ci"",""arbitrum"":""0x7aefc9965699fbea943e03264d96e50cd4a97b21"",""bnb"":""0x7aefc9965699fbea943e03264d96e50cd4a97b21"",""ethereum"":""0x7aefc9965699fbea943e03264d96e50cd4a97b21"",""ink-token"":""0x7aefc9965699fbea943e03264d96e50cd4a97b21"",""gram"":""EQD4Slv4BhS3roQNVKi2ToUCYcyfdFfC4fY4RhaMl-2nv56L""}"
37049,LINX,Linde tokenized stock (xStock),linde-tokenized-stock-xstock,assets.backed.fi,37049.png,"{""solana"":""XsSr8anD1hkvNMu8XQiVcmiaTP7XGvYu7Q58LdmtE8Z"",""arbitrum"":""0x15059c599c16fd8f70b633ade165502d6402cd49"",""bnb"":""0x15059c599c16fd8f70b633ade165502d6402cd49"",""ethereum"":""0x15059c599c16fd8f70b633ade165502d6402cd49"",""ink-token"":""0x15059c599c16fd8f70b633ade165502d6402cd49"",""gram"":""EQDJaT2B2ngrN7O3SLRxjj1XZ7A8-hAHbItKpC8Cq4DyKu4d""}"
37050,MRVLX,Marvell tokenized stock (xStock),marvell-tokenized-stock-xstock,assets.backed.fi,37050.png,"{""solana"":""XsuxRGDzbLjnJ72v74b7p9VY6N66uYgTCyfwwRjVCJA"",""arbitrum"":""0xeaad46f4146ded5a47b55aa7f6c48c191deaec88"",""bnb"":""0xeaad46f4146ded5a47b55aa7f6c48c191deaec88"",""ethereum"":""0xeaad46f4146ded5a47b55aa7f6c48c191deaec88"",""ink-token"":""0xeaad46f4146ded5a47b55aa7f6c48c191deaec88"",""gram"":""EQDr0UNbQ3fLjH9czsFp-Uq9AG_BLP87yc6abzKfQS727x51"",""okb"":""0xeAAd46F4146Ded5a47B55AA7F6c48c191dEAEC88""}"
37051,MAX,Mastercard tokenized stock (xStock),mastercard-tokenized-stock-xstock,assets.backed.fi,37051.png,"{""solana"":""XsApJFV9MAktqnAc6jqzsHVujxkGm9xcSUffaBoYLKC"",""arbitrum"":""0xb365Cd2588065F522D379AD19e903304f6B622C6"",""bnb"":""0xb365cd2588065f522d379ad19e903304f6b622c6"",""ink-token"":""0xb365cd2588065f522d379ad19e903304f6b622c6"",""gram"":""EQAOmHLi4y5uSiAg5lBah8pi6R4w0jhU_ib0T5H-xwn4CLj0"",""ethereum"":""0xb365cd2588065f522d379ad19e903304f6b622c6""}"
37052,MCDX,McDonald's tokenized stock (xStock),mcdonald-s-tokenized-stock-xstock,assets.backed.fi,37052.png,"{""solana"":""XsqE9cRRpzxcGKDXj1BJ7Xmg4GRhZoyY1KpmGSxAWT2"",""arbitrum"":""0x80a77a372c1e12accda84299492f404902e2da67"",""bnb"":""0x80a77a372c1e12accda84299492f404902e2da67"",""ethereum"":""0x80a77a372c1e12accda84299492f404902e2da67"",""gram"":""EQBUtLkOu9vzKu3PW58c50WX7w89BtzwYYZlZGmvOr_Aq66U"",""ink-token"":""0x80a77a372c1e12accda84299492f404902e2da67""}"
37053,MDTX,Medtronic tokenized stock (xStock),medtronic-tokenized-stock-xstock,assets.backed.fi,37053.png,"{""solana"":""XsDgw22qRLTv5Uwuzn6T63cW69exG41T6gwQhEK22u2"",""arbitrum"":""0x0588e851ec0418d660bee81230d6c678daf21d46"",""bnb"":""0x0588e851ec0418d660bee81230d6c678daf21d46"",""ethereum"":""0x0588e851ec0418d660bee81230d6c678daf21d46"",""ink-token"":""0x0588e851ec0418d660bee81230d6c678daf21d46"",""gram"":""EQCs2MdnhKHpTjuvmiSb9H1FqdQtd1so6AB1WMMr933q3V-G""}"
37054,MRKX,Merck tokenized stock (xStock),merck-tokenized-stock-xstock,assets.backed.fi,37054.png,"{""solana"":""XsnQnU7AdbRZYe2akqqpibDdXjkieGFfSkbkjX1Sd1X"",""arbitrum"":""0x17d8186ed8f68059124190d147174d0f6697dc40"",""bnb"":""0x17d8186ed8f68059124190d147174d0f6697dc40"",""ethereum"":""0x17d8186ed8f68059124190d147174d0f6697dc40"",""gram"":""EQBLlZZ0J5jePwk4IZSmx4ZMy7m9cQ-bviiQdCfClBNufg9A"",""ink-token"":""0x17d8186ed8f68059124190d147174d0f6697dc40""}"
37055,METAX,Meta tokenized stock (xStock),meta-tokenized-stock-xstock,assets.backed.fi,37055.png,"{""solana"":""Xsa62P5mvPszXL1krVUnU5ar38bBSVcWAB6fmPCo5Zu"",""arbitrum"":""0x96702be57cd9777f835117a809c7124fe4ec989a"",""bnb"":""0x96702be57cd9777f835117a809c7124fe4ec989a"",""ink-token"":""0x96702be57cd9777f835117a809c7124fe4ec989a"",""ethereum"":""0x96702be57cd9777f835117a809c7124fe4ec989a"",""gram"":""EQD3cgQg432BiCSRli-hMswoVuvNnO42FuMdc-AXqd83SfcV"",""okb"":""0x96702be57Cd9777f835117a809C7124fe4ec989A""}"
37056,MSFTX,Microsoft tokenized stock (xStock),microsoft-tokenized-stock-xstock,assets.backed.fi,37056.png,"{""solana"":""XspzcW1PRtgf6Wj92HCiZdjzKCyFekVD8P5Ueh3dRMX"",""arbitrum"":""0x5621737f42dae558b81269fcb9e9e70c19aa6b35"",""bnb"":""0x5621737f42dae558b81269fcb9e9e70c19aa6b35"",""ink-token"":""0x5621737f42dae558b81269fcb9e9e70c19aa6b35"",""ethereum"":""0x5621737f42dae558b81269fcb9e9e70c19aa6b35"",""gram"":""EQDI9JwkYTEHM2TSFPSWFbwznBq07_I4Apy9TBhxsDlZaBvg"",""okb"":""0x5621737f42dAE558b81269FcB9E9E70c19Aa6b35""}"
37057,QQQX,Nasdaq tokenized ETF (xStock),nasdaq-tokenized-stock-xstock,assets.backed.fi,37057.png,"{""solana"":""Xs8S1uUs1zvS2p7iwtsG3b6fkhpvmwz4GYU3gWAmWHZ"",""arbitrum"":""0xa753a7395cae905cd615da0b82a53e0560f250af"",""bnb"":""0xa753a7395cae905cd615da0b82a53e0560f250af"",""gram"":""EQCe6utwqROmrO_cOUUvVNYkvyecUjfugtugvhUwlVYSEm7x"",""ethereum"":""0xa753a7395cae905cd615da0b82a53e0560f250af"",""ink-token"":""0xa753a7395cae905cd615da0b82a53e0560f250af"",""okb"":""0xa753A7395cAe905Cd615Da0B82A53E0560f250af""}"
37058,NVOX,Novo Nordisk tokenized stock (xStock),novo-nordisk-tokenized-stock-xstock,assets.backed.fi,37058.png,"{""solana"":""XsfAzPzYrYjd4Dpa9BU3cusBsvWfVB9gBcyGC87S57n"",""arbitrum"":""0xf9523e369c5f55ad72dbaa75b0a9b92b3d8b147e"",""bnb"":""0xf9523e369c5f55ad72dbaa75b0a9b92b3d8b147e"",""ink-token"":""0xf9523e369c5f55ad72dbaa75b0a9b92b3d8b147e"",""gram"":""EQA2RgMKPUwdYNgSmB1A8saoGHj1DPEPk_3hYkI3vqhgLFrf"",""ethereum"":""0xf9523e369c5f55ad72dbaa75b0a9b92b3d8b147e""}"
37059,ORCLX,Oracle tokenized stock (xStock),oracle-tokenized-stock-xstock,assets.backed.fi,37059.png,"{""solana"":""XsjFwUPiLofddX5cWFHW35GCbXcSu1BCUGfxoQAQjeL"",""arbitrum"":""0x548308e91ec9f285c7bff05295badbd56a6e4971"",""bnb"":""0x548308e91ec9f285c7bff05295badbd56a6e4971"",""gram"":""EQBV-ZOPN0sq_kAEUeGJ3QTvllV_ass2ed-wA5CNmjs7i55l"",""ink-token"":""0x548308e91ec9f285c7bff05295badbd56a6e4971"",""ethereum"":""0x548308e91ec9f285c7bff05295badbd56a6e4971"",""okb"":""0x548308E91ec9F285C7bFf05295baDBD56a6e4971""}"
37060,NFLXX,Netflix tokenized stock (xStock),netflix-tokenized-stock-xstock,assets.backed.fi,37060.png,"{""solana"":""XsEH7wWfJJu2ZT3UCFeVfALnVA6CP5ur7Ee11KmzVpL"",""arbitrum"":""0xa6a65ac27e76cd53cb790473e4345c46e5ebf961"",""bnb"":""0xa6a65ac27e76cd53cb790473e4345c46e5ebf961"",""ethereum"":""0xa6a65ac27e76cd53cb790473e4345c46e5ebf961"",""ink-token"":""0xa6a65ac27e76cd53cb790473e4345c46e5ebf961"",""gram"":""EQBOkh_7Wk6FlQ6vR03S6BiT3obZ1189MGD16ug3M355Mapq""}"
37062,PLTRX,Palantir tokenized stock (xStock),palantir-tokenized-stock-xstock,assets.backed.fi,37062.png,"{""solana"":""XsoBhf2ufR8fTyNSjqfU71DYGaE6Z3SUGAidpzriAA4"",""arbitrum"":""0x6d482cec5f9dd1f05ccee9fd3ff79b246170f8e2"",""bnb"":""0x6d482cec5f9dd1f05ccee9fd3ff79b246170f8e2"",""gram"":""EQCGOLDdW8rldaSAlCE9yJabqk2uRJz2PaH3CTRyP6VLVjXL"",""ethereum"":""0x6d482cec5f9dd1f05ccee9fd3ff79b246170f8e2"",""ink-token"":""0x6d482cec5f9dd1f05ccee9fd3ff79b246170f8e2"",""okb"":""0x6d482CeC5f9dd1f05CCee9Fd3ff79B246170F8e2""}"
37063,PFEX,Pfizer tokenized stock (xStock),pfizer-tokenized-stock-xstock,assets.backed.fi,37063.png,"{""solana"":""XsAtbqkAP1HJxy7hFDeq7ok6yM43DQ9mQ1Rh861X8rw"",""arbitrum"":""0x1ac765b5bea23184802c7d2d497f7c33f1444a9e"",""bnb"":""0x1ac765b5bea23184802c7d2d497f7c33f1444a9e"",""gram"":""EQC1IREDHMQYW_HUC1W4IAcaCmgqn3iTJxX_v4HEQXbVAoP8"",""ethereum"":""0x1ac765b5bea23184802c7d2d497f7c33f1444a9e"",""ink-token"":""0x1ac765b5bea23184802c7d2d497f7c33f1444a9e""}"
37064,PEPX,PepsiCo tokenized stock (xStock),pepsico-tokenized-stock-xstock,assets.backed.fi,37064.png,"{""solana"":""Xsv99frTRUeornyvCfvhnDesQDWuvns1M852Pez91vF"",""arbitrum"":""0x36c424a6ec0e264b1616102ad63ed2ad7857413e"",""bnb"":""0x36c424a6ec0e264b1616102ad63ed2ad7857413e"",""ethereum"":""0x36c424a6ec0e264b1616102ad63ed2ad7857413e"",""gram"":""EQCTT-C5J3dA_Wl3ceO4RlPv-guQ1qPJ6v-oJeyxrTfvqoXh"",""ink-token"":""0x36c424a6ec0e264b1616102ad63ed2ad7857413e""}"
37065,PMX,Philip Morris tokenized stock (xStock),philip-morris-tokenized-stock-xstock,assets.backed.fi,37065.png,"{""solana"":""Xsba6tUnSjDae2VcopDB6FGGDaxRrewFCDa5hKn5vT3"",""arbitrum"":""0x02a6c1789c3b4fdb1a7a3dfa39f90e5d3c94f4f9"",""bnb"":""0x02a6c1789c3b4fdb1a7a3dfa39f90e5d3c94f4f9"",""ethereum"":""0x02a6c1789c3b4fdb1a7a3dfa39f90e5d3c94f4f9"",""gram"":""EQBkGq51pqJM8Lo_nkKY1QfbZm4z9-N-4MGE0l8kmw-BQ7rv"",""ink-token"":""0x02a6c1789c3b4fdb1a7a3dfa39f90e5d3c94f4f9""}"
37066,WBCOIN,Wrapped Coinbase Global tokenized stock (Backed),wrapped-coinbase-global-tokenized-stock-backed,backed.fi,37066.png,"{""base"":""0xdec933e2392ad908263e70a386fbf34e703ffe8f"",""ethereum"":""0xdec933e2392ad908263e70a386fbf34e703ffe8f"",""gnosis-gno"":""0xdec933e2392ad908263e70a386fbf34e703ffe8f"",""polygon-ecosystem-token"":""0xdec933e2392ad908263e70a386fbf34e703ffe8f"",""avalanche"":""0xdec933e2392ad908263e70a386fbf34e703ffe8f""}"
37068,SPCX,SpaceX Tokenized Stock (Robinhood),spacex-tokenized-stock-robinhood,robinhood.com,37068.png,"{""robinhood-placeholder"":""0x4a0E65A3EcceC6dBe60AE065F2e7bb85Fae35eEa""}"
37070,ICNT,Impossible Cloud Network,impossible-cloud-network,icn.global,37070.png,"{""ethereum"":""0xe5e0b73380181273abCfD88695F52C4D0C825661"",""base"":""0xE0Cd4cAcDdcBF4f36e845407CE53E87717b6601d""}"
37072,CETES,CETES tokenized stablebonds (Etherfuse),cetes-tokenized-stablebonds-etherfuse,etherfuse.com,37072.png,"{""solana"":""CETES7CKqqKQizuSN6iWQwmTeFRjbJR6Vw2XRKfEDR8f""}"
37075,RICH,GET RICH QUICK,get-rich-quick,getrichsol.net,37075.png,"{""solana"":""5oUzkFsCFMJJ23Z6Ghev5m7FjE6TtrqZJXUS7V5Smoon""}"
37080,GRAMS,Silver (Grams),silver-grams,token.com.tr,37080.png,"{""polygon-ecosystem-token"":""0x97cf07b5401b76d69bf48a4f6fdf63684e0748e0""}"
37082,XAUT0,Tether Gold Tokens,tether-gold-tokens,gold.usdt0.to,37082.png,"{""hyperliquid"":""0xf4d9235269a96aadafc9adae454a0618ebe37949""}"
37089,PALM,Palm Economy,palm-economy,palmeconomy.io,37089.png,"{""cardano"":""b7c5cd554f3e83c8aa0900a0c9053284a5348244d23d0406c28eaf4d50414c4d0a"",""bnb"":""0x502a641decfe32b1e3d030e05effb8ae5146e64b""}"
37104,LAIKA,Laïka,laika-base,laikabasedog.xyz,37104.png,"{""base"":""0x05A5B4e217004eB84C6787E0EcBE7a46CfD94CdD""}"
37105,LYP,Lympid,lympid,lympid.io,37105.png,"{""base"":""0x4837b18a6d7af6159c8665505b90a2ed393255e0""}"
37112,WAMZNX,Wrapped Amazon Tokenized stock (xStock),wrapped-amazon-tokenized-stock-xstock,backed.fi,37112.png,"{""okb"":""0x910cabdE3EBa7Fc1Ce64fD14bD680b9f60fA0F90"",""arbitrum"":""0xac85d37acbadca37545e21ab0fb991bce8c1187c""}"
37114,MANYU,Manyu (manyushiba.com),manyu-ethereum,manyushiba.com,37114.png,"{""ethereum"":""0x95AF4aF910c28E8EcE4512BFE46F1F33687424ce""}"
37120,WGMEX,Wrapped Gamestop Tokenized stock (xStock),wrapped-gamestop-tokenized-stock-xstock,backed.fi,37120.png,"{""okb"":""0x459D3ae62B86cC6125e06260DddFd3AFED24A877"",""arbitrum"":""0xb2f6ed0ed3eeb22bef7a648794ffc19b8af3761c""}"
37121,WGOOGLX,Wrapped Alphabet Tokenized stock (xStock),wrapped-alphabet-tokenized-stock-xstock,backed.fi,37121.png,"{""okb"":""0xf8c5308F80E459bb53d9EbE689854d9cBb2Caa6f"",""arbitrum"":""0x1630f08370917e79df0b7572395a5e907508bbbc""}"
37122,RYS,RefundYourSOL,refundyoursol,refundyoursol.com,37122.png,"{""solana"":""8gHPxqgHj6JQ2sQtMSghQYVN5qRP8wm5T6HNejuwpump""}"
37124,STOC,STO CHAIN,sto-chain,stochain.io,37124.png,{}
37129,WAVGOX,Wrapped Broadcom Tokenized stock (xStock),wrapped-broadcom-tokenized-stock-xstock,backed.fi,37129.png,"{""okb"":""0xE89572bfe500ac7E8Ecd8dc8119d274214e06F14"",""arbitrum"":""0x8deb752aaa807e0258afd5ccffe2b5a804026f28""}"
37144,PAL,Palio,palio,palio.ai,37144.png,"{""bnb"":""0xb7E548C4f133AdBB910914D7529D5CB00c2E9051""}"
37148,TRIX,TikTrix,tiktrix,tiktrix.gg,37148.png,"{""ethereum"":""0xDA5d03f441E13aD74876e5Fa1851cBfADAb1f332""}"
37149,ENF,enfineo,enfineo,enfineo.com,37149.png,"{""bnb"":""0x418F9e4976f467EFDB31b2009ac69a7E30Ef58B7""}"
37163,MUSD,MUSD,musd-mezo,mezo.org,37163.png,"{""ethereum"":""0xdD468A1DDc392dcdbEf6db6e34E89AA338F9F186""}"
37166,ONE,ONEchain,cross,ogfcorp.com,37166.png,"{""bnb"":""0x6bf62ca91e397B5A7d1D6bCe97D9092065d7A510""}"
37177,MOBY,Moby,mobyscreener,mobyscreener.com,37177.png,"{""solana"":""Cy1GS2FqefgaMbi45UunrUzin1rfEmTUYnomddzBpump""}"
37180,USDCV,USD CoinVertible,usd-coinvertible,sgforge.com,37180.png,"{""ethereum"":""0x5422374B27757da72d5265cC745ea906E0446634"",""solana"":""8smindLdDuySY6i2bStQX9o8DVhALCXCMbNxD98unx35""}"
37191,WBRK.BX,Wrapped Berkshire Hathaway Tokenized stock (xStock),wrapped-berkshire-hathaway-tokenized-stock-xstock,assets.backed.fi,37191.png,"{""okb"":""0xC3A8D2e18D33e0800F84cb4ca6529D18fAd225df"",""arbitrum"":""0xa150245f155778e749185c9446e9e59e406674ef""}"
37193,WCOINX,Wrapped Coinbase Tokenized stock (xStock),wrapped-coinbase-tokenized-stock-xstock,assets.backed.fi,37193.png,"{""okb"":""0x44C7eD7fFDF8465c9d27F60AEC845EEd3d49d56e"",""arbitrum"":""0x3a98e79cdc7d8b2716a8696e25af028e429f11da""}"
37197,WGSX,Wrapped Goldman Sachs Tokenized stock (xStock),wrapped-goldman-sachs-tokenized-stock-xstock,assets.backed.fi,37197.png,"{""okb"":""0x53BeebF9167d5cBd9b8E53FE2Deb35E95acB86Ec"",""arbitrum"":""0x6eed78e2780d82be4e37d9937c27bcf32c8da072""}"
37200,WHOODX,Wrapped Robinhood Tokenized stock (xStock),wrapped-robinhood-tokenized-stock-xstock,assets.backed.fi,37200.png,"{""okb"":""0x59801175a9b2248F9bf4Ba7f82E17045C4672ec8"",""arbitrum"":""0x953707d7a1cb30cc5c636bda8eaebe410341eb14""}"
37202,WINTCX,Wrapped Intel Tokenized stock (xStock),wrapped-intel-tokenized-stock-xstock,assets.backed.fi,37202.png,"{""okb"":""0x33AA35B0271FFfE2048Cc093aB7fE60931786719"",""arbitrum"":""0x6a2a68ca7fc793d8cea36326a6ec1ef7ac3d9742""}"
37203,WJNJX,Wrapped Johnson & Johnson Tokenized stock (xStock),wrapped-johnson-johnson-tokenized-stock-xstock,assets.backed.fi,37203.png,"{""okb"":""0xB509eB6a307B3603450e7D4446BB0866F3CaE38A"",""arbitrum"":""0xcdb53a7cba9ec6d55dfe8f58bd6772826722d7bd""}"
37205,WKOX,Wrapped Coca-Cola Tokenized stock (xStock),wrapped-coca-cola-tokenized-stock-xstock,assets.backed.fi,37205.png,"{""okb"":""0xE4784B45415AAc58b289f9373314261c788C91e8"",""arbitrum"":""0x9a2486fbe7bc17c9100be65c31abe7c9bf84c23c""}"
37207,WLLYX,Wrapped Eli Lilly Tokenized stock (xStock),wrapped-eli-lilly-tokenized-stock-xstock,assets.backed.fi,37207.png,"{""okb"":""0x9daea2fe63D4C8A7DF8373909fccB27b640f9516"",""arbitrum"":""0x3644971a7e971f60e707f7e8716ccac5a0461290""}"
37208,WMAX,Wrapped Mastercard Tokenized stock (xStock),wrapped-mastercard-tokenized-stock-xstock,assets.backed.fi,37208.png,"{""okb"":""0x8837d9c0565b05A1dd1907C59EB9222039FB6525"",""arbitrum"":""0x5b32624f352d2fc6cc70889967a143ba1814f82b""}"
37209,WMCDX,Wrapped McDonald's Tokenized stock (xStock),wrapped-mcdonald-s-tokenized-stock-xstock,assets.backed.fi,37209.png,"{""okb"":""0xc6639026a3a862cd4fcbae3f67cB2D25A2959d37"",""arbitrum"":""0x1717d8be2bcb27f4e8f36c817088fa6a2c0b3b30""}"
37211,WMETAX,Wrapped Meta Tokenized stock (xStock),wrapped-meta-tokenized-stock-xstock,assets.backed.fi,37211.png,"{""okb"":""0xe840946FfEBCd66B7C4E95095effaFaDfa0D0e56"",""arbitrum"":""0x4e41a262caa93c6575d336e0a4eb79f3c67caa06""}"
37212,WMRKX,Wrapped Merck Tokenized stock (xStock),wrapped-merck-tokenized-stock-xstock,assets.backed.fi,37212.png,"{""okb"":""0x7d218D8a2ab4c1f03fdd7B655b4E724d48200050"",""arbitrum"":""0x4728e48c2c201e32fe210aab68a71e419feac74a""}"
37213,WMRVLX,Wrapped Marvell Tokenized stock (xStock),wrapped-marvell-tokenized-stock-xstock,assets.backed.fi,37213.png,"{""okb"":""0xB4eE60B6B817ca7386422Ef1A0F45EaddEa13275"",""arbitrum"":""0x0d6fce45796d5c00689c0916b976645a0ff1f0ce""}"
37214,WMSFTX,Wrapped Microsoft Tokenized stock (xStock),wrapped-microsoft-tokenized-stock-xstock,assets.backed.fi,37214.png,"{""okb"":""0x166Fbe68274b6a47e025F4ba17388c539f1fa1d0"",""arbitrum"":""0x63ad27614231767c8c489745b9145272de50d09b""}"
37215,WMSTRX,Wrapped MicroStrategy Tokenized stock (xStock),wrapped-microstrategy-tokenized-stock-xstock,assets.backed.fi,37215.png,"{""okb"":""0x30987adF0B11dc698438a99BA04ec3a1AB2c7EaB"",""arbitrum"":""0x266e5923f6118f8b340ca5a23ae7f71897361476""}"
37218,WORCLX,Wrapped Oracle Tokenized stock (xStock),wrapped-oracle-tokenized-stock-xstock,assets.backed.fi,37218.png,"{""okb"":""0x1349456830Ddc3D8599E4d6A63698883Eca67ADa"",""arbitrum"":""0x54f34ceb15313caaee838f77c1c3c2fe2e94526a""}"
37220,WPLTRX,Wrapped Palantir Tokenized stock (xStock),wrapped-palantir-tokenized-stock-xstock,assets.backed.fi,37220.png,"{""okb"":""0x4A2df09536F62341C9f946427D16414C04e21342"",""arbitrum"":""0xa3b6fe1a923585bb828fcfaa460b78eefd5ae2ec""}"
37221,AP,America Party,america-party,linktr.ee,37221.png,"{""ethereum"":""0xe60e9BD04ccc0a394f1fDf29874e35a773cb07f4""}"
37222,BEST,Bestcoin,bestcoin,bestcoin.club,37222.png,"{""solana"":""8f1zccZPpbjz17Ay9wZKT5Mx2oPtUyxAVz5p5yzEbonk""}"
37227,WTSLAX,Wrapped Tesla Tokenized stock (xStock),wrapped-tesla-tokenized-stock-xstock,assets.backed.fi,37227.png,"{""okb"":""0xc3FdBe3A68EE5dE461D30415a8165cf9Aefe1171"",""arbitrum"":""0x43680abf18cf54898be84c6ef78237cfbd441883""}"
37229,WWMTX,Wrapped Walmart Tokenized stock (xStock),wrapped-walmart-tokenized-stock-xstock,assets.backed.fi,37229.png,"{""okb"":""0x3b4336e3958913984C2E36b8Ed0E7C87a5bDee33"",""arbitrum"":""0xa24d9c43d64c76acd962003647fd43a85eb44db8""}"
37241,QKITTY,Queen Kitty,queen-kitty,queenkitty.fans,37241.png,"{""solana"":""BeqAgjEajRgfh1FXggjX3p9iWhNsnrhKR5VjLj1Zmoon""}"
37245,TRWA,Tharwa,tharwa,tharwa.finance,37245.png,"{""ethereum"":""0x7b10d50b5885bE4c7985A88408265c109bd1EeC8""}"
37248,SESH,Session Token,session-token,token.getsession.org,37248.png,"{""ethereum"":""0x10Ea9E5303670331Bdddfa66A4cEA47dae4fcF3b"",""arbitrum"":""0x10Ea9E5303670331Bdddfa66A4cEA47dae4fcF3b""}"
37253,PRGN,Paragon Tweaks,paragon-tweaks,paragontweaks.net,37253.png,"{""solana"":""5x5FUc5azSNYLhR2iPT9xzcMe6Q5nL6iFAUkHWnFxBLV""}"
37256,RS,Ceyloncoin,ceylon,ceyloncoin.info,37256.png,"{""solana"":""13SAQgT5yMz163pfbNBVNSEs2iU3j5goJJCafa64iqbx""}"
37257,AIX,Ai Xovia,ai-xovia,aixovia.com,37257.png,"{""solana"":""AiXxRGmRc5oDiFXbEeRX9obPpr3Zir7rks1ef2NjddiF""}"
37260,RCADE,RCADE,rcade,rcade.network,37260.png,"{""arbitrum"":""0x077574441C4F8763a37a2cFeE2ECb444aA60A15e"",""bnb"":""0x6f0037c79d144d5b8e3e6f04e49fbb5f25fd508f""}"
37263,CC,Canton,canton-network,sync.global,37263.png,{}
37269,WAAPLX,Wrapped Apple Tokenized stock (xStock),wrapped-apple-tokenized-stock-xstock,assets.backed.fi,37269.png,"{""okb"":""0x943BF64D566c32A2Bcd41AC92FB63C111cC9De8f"",""arbitrum"":""0x5aa7649fdbda47de64a07ac81d64b682af9c0724""}"
37270,WNVDAX,Wrapped NVIDIA Tokenized stock (xStock),wrapped-nvidia-tokenized-stock-xstock,assets.backed.fi,37270.png,"{""okb"":""0xa8ddb5Cd96b5222AFe198316E9A57CAA642850D5"",""arbitrum"":""0x93e62845c1dd5822ebc807ab71a5fb750decd15a""}"
37277,INI,InitVerse,initverse,initverse.org,37277.png,{}
37278,FCK925,FCK925,fck925,fck925.com,37278.png,"{""solana"":""EbFogghDYCPxg8NDzWJXyJMykNVjfLLgm1o3h7H7pump""}"
37279,DJI6930,DOWGE,dowge,dji6930.com,37279.png,"{""solana"":""DQnkBM4eYYMnVE8Qy2K3BB7uts1fh2EwBVktEz6jpump""}"
37283,QBIT,Qubit,qbit-technology,qbit.technology,37283.png,"{""ethereum"":""0xb17be9a85d1e04d1aa6ea4b83c0bb6a2030c261f""}"
37284,MAYA,Maya,mayapolarbear,mayapolarbear.fun,37284.png,"{""ethereum"":""0x04cD1F7143F84fdeb469325cC763A60BD6E1ec55""}"
37285,TAKO,Tako,tako,takocoin.vip,37285.png,"{""ethereum"":""0x0ee375090f423934eBFBB241A3Eb2Ee4e01eAF0a""}"
37286,ALT,Altcoin,altcoin-fun,altcoin.fun,37286.png,"{""solana"":""Cdq1WR1d4i2hMrqKUWgZeUbRpkhamGHSvm1f6ATpuray""}"
37289,$OWO,OWO,owocoin,owocoin.io,37289.png,"{""ethereum"":""0x806a72273B961145cf5c5f040Ad1FCd112b3f11A""}"
37291,RZR,Rezerve Money,rezerve-money,rezerve.money,37291.png,"{""ethereum"":""0xb4444468e444f89e1c2cac2f1d3ee7e336cbd1f5"",""arbitrum"":""0xb4444468e444f89e1c2cac2f1d3ee7e336cbd1f5"",""base"":""0xb4444468e444f89e1c2cac2f1d3ee7e336cbd1f5"",""hyperliquid"":""0x6492582d90449b9f8913fcbf85104cce"",""sonic"":""0xb4444468e444f89e1c2cac2f1d3ee7e336cbd1f5""}"
37292,BBT,BabyBoomToken,babyboomtoken,babyboomtoken.com,37292.png,"{""bnb"":""0xb208063997dB51DE3f0988F8A87b0aff83a6213F""}"
37293,MLG,360noscope420blazeit,360noscope420blazeit,mlg.lol,37293.png,"{""solana"":""7XJiwLDrjzxDYdZipnJXzpr1iDTmK55XixSFAa7JgNEL""}"
37294,BTCBULL,Bitcoin Bull,bitcoin-bull,btcbulltoken.com,37294.png,"{""ethereum"":""0xc3f822e94c321dD3Ee53ca46B78098ea79b7ec8d""}"
37298,VELVET,Velvet,velvet,velvet.capital,37298.png,"{""bnb"":""0x8b194370825E37b33373e74A41009161808C1488"",""base"":""0xbF927b841994731C573BDF09ceB0c6B0Aa887cDd""}"
37302,CHILLHOUSE,Chill House,chill-house,dexscreener.com,37302.png,"{""base"":""0xCc7028cc296e65065d07Ac0A9B08fCa8a1A18D9F""}"
37303,MRBEAST,X Super Official CEO,x-super-official-ceo,mrbeast.coine.io,37303.png,"{""solana"":""cDkTvtXwJLqAS5NqpiwoTT2cbe6GkPBfBwkb5kppump""}"
37306,MOOMOO,MOOMOO THE BULL,moomoo-the-bull,moomoo.wtf,37306.png,"{""solana"":""He8S8wC7KQUH7qGWAaLRNFpjqrVyQBwUud34Eyj82AZo""}"
37308,DRDR,DRDR,drdr,drblove.net,37308.png,"{""bnb"":""0x4F36319C1e35c5b8e20c1D20879980d17d908507""}"
37309,EMBLEM,Emblem Vault,agent-hustle,emblemvault.ai,37309.png,"{""solana"":""6HHzBVkxtoz86Bjy2duaUw77hVfJzQkuoLizWeEMBLEM""}"
37311,G,Giants Protocol,giants-protocol,giantsprotocol.ai,37311.png,"{""solana"":""GpEKud3JpJDc5D3Gek8UVCb6vAiahGmDUZMQFnf5btai""}"
37312,STARTUP,Startup,startupcoin,thestartupcoin.com,37312.png,"{""solana"":""97PVGU2DzFqsAWaYU17ZBqGvQFmkqtdMywYBNPAfy8vy""}"
37313,ZARO,Zaro Coin,zaro-coin,zarocoin.xyz,37313.png,"{""ethereum"":""0xc311FD6DA9686507F33991543d8158EF5FaDd5E7"",""bnb"":""0xa9d72f6c1490647df20e8fad3c136ca6ac42c2fc"",""solana"":""AbzXS6NfGvCtg5B1rqZ1JSfoDHkwTAeEYJkWkHhCe38W"",""base"":""0x1d4CeA73e212829d06B9a774d2e06be9DEe5AAB0""}"
37319,DEGE,DegeCoin,dege-io,dege.io,37319.png,"{""solana"":""CPG7gjcjcdZGHE5EJ6LoAL4xqZtNFeWEXXmtkYjAoVaF""}"
37320,FUSD,Freedom Dollar,freedom-dollar,freedomdollar.com,37320.png,{}
37322,VSN,Vision,vision-token,vision.now,37322.png,"{""ethereum"":""0x699ccf919c1dfdfa4c374292f42cadc9899bf753"",""arbitrum"":""0x6fbbbd8bfb1cd3986b1d05e7861a0f62f87db74b""}"
37330,MARU,Marutaro,marutaro-ethereum,marueth.xyz,37330.png,"{""ethereum"":""0xE6F4567C330625F3488ec69266f5DDD3F3841F33""}"
37333,FNA,FinTechAI,fintechai,fintechai.finance,37333.png,"{""bnb"":""0x08332a515Cb2a57884176E887B682e7Da2Eb114e""}"
37334,MOONDOGE,MOONDOGE,moondoge,moondogecoin.org,37334.png,"{""solana"":""86N5k7YfzPvdgRZ1ASE3fhKniAwc6GwaZwXes7ssmoon""}"
37338,TAC,TAC Protocol,tac-protocol,tac.build,37338.png,"{""ethereum"":""0xc20d9413bb7c03cb147a5590960ddaf389afaaa4"",""gram"":""EQBE_gBrU3mPI9hHjlJoR_kYyrhQgyCFD6EUWfa42W8T7EBP"",""bnb"":""0xb305E6954e4e0Cd021c06Ec355681abc8A00dbD7""}"
37340,C,Chainbase,chainbase,chainbase.com,37340.png,"{""bnb"":""0xc32cc70741c3A8433dCbcB5adE071c299B55FfC8"",""base"":""0xba12bc7b210e61e5d3110b997a63ea216e0e18f7""}"
37343,BOMO,BOMO,bomo,bomobase.fyi,37343.png,"{""base"":""0x0215eD0FE07951b2CD68e1b39fFbd0a841fE3C6E""}"
37344,RION,Hyperion,hyperion-xyz,hyperion.xyz,37344.png,"{""bnb"":""0xc0c240c870606a5cb3150795e2d0dfff9f1f7456"",""aptos"":""0x435ad41e7b383cef98899c4e5a22c8dc88ab67b22f95e5663d6c6649298c3a9d""}"
37347,USDC.A,USDC.a,usdca-bridged-art20,artablockchain.in,37347.png,"{""ethereum"":""0xd5581C172980ea599F4d75FD3B5e858e565c4895"",""bnb"":""0xd5581C172980ea599F4d75FD3B5e858e565c4895"",""solana"":""7tNkJ7kD7o9ySNTCLAXSFnCchmAeLH3D7i7FgCLVjf56"",""arbitrum"":""0xcCcDb2D826aB0893C7A3497048DE848E5E778767""}"
37354,XING,Xing Xing,xing-xing,xingxingeth.xyz,37354.png,"{""ethereum"":""0x71823B57de5898957d763D2A92A1571fCb0d6B44""}"
37355,NDQ,NDQ666,nasdaq666,nasdaq666.net,37355.png,"{""bnb"":""0x4aCb4CC1f0A073ce4BDe893fAebc726198c14444""}"
37357,A2Z,Arena-Z,arena-z,arena-z.gg,37357.png,"{""ethereum"":""0x08dcb9b5989fb09ef80e85567ec1f49577a70d29""}"
37358,WMDR,WaterMinder,waterminder,waterminder.com,37358.png,"{""solana"":""Gzb9XduScnJqZ3GKbazbPLWx8Nw8V6uM9VqEZLe8mBLV""}"
37362,WFRAX,Wrapped FRAX,wrapped-frax,frax.com,37362.png,"{""ethereum"":""0x04ACaF8D2865c0714F79da09645C13FD2888977f"",""bnb"":""0x64445f0aecC51E94aD52d8AC56b7190e764E561a"",""solana"":""zZbQjiRg8uSxZaPu996XuviuZeSY6nsaMuutKZQBJga"",""arbitrum"":""0x64445f0aecC51E94aD52d8AC56b7190e764E561a"",""linea"":""0x5217Ab28ECE654Aab2C68efedb6A22739df6C3D5"",""base"":""0x0CEAC003B0d2479BebeC9f4b2EBAd0a803759bbf"",""sonic"":""0x64445f0aecC51E94aD52d8AC56b7190e764E561a"",""frax-share"":""0xFc00000000000000000000000000000000000002"",""uniswap"":""0x64445f0aecC51E94aD52d8AC56b7190e764E561a""}"
37363,BLOCK,Block (blockstreet.xyz),blockstreet-xyz,blockstreet.xyz,37363.png,"{""ethereum"":""0xCaB84bc21F9092167fCFe0ea60f5CE053ab39a1E""}"
37365,BITTY,The Bitcoin Mascot,the-bitcoin-mascot,bitty.meme,37365.png,"{""solana"":""dTzEP9JU2NRDPuWtM32gaVKip2fTHBqjheU1APBpump""}"
37369,TOTAKEKE,Dark Cheems,dark-cheems,facebook.com,37369.png,"{""bnb"":""0xd743d3C50EBd82f9173B599383979D10f3494444""}"
37370,SMT,SmartMall,smartmall,smartmall.ai,37370.png,"{""bnb"":""0xb12b19e6fa65a4ddca30b6e0ca8996ca27bdfc2c""}"
37371,KPOP,OFFICIAL K-POP,official-k-pop,officialkpop.com,37371.png,"{""ethereum"":""0xea36Af87Df952fd4c9A05Cd792d370909Bbda8DB""}"
37372,PTB,Portal To Bitcoin,portaltobitcoin,portaltobitcoin.com,37372.png,"{""ethereum"":""0x30a25cc9c9eade4d4d9e9349be6e68c3411367d3"",""bnb"":""0x95C9B514566fbD224Dc2037F5914eB8ab91c9201""}"
37374,ERA,Caldera,caldera,caldera.xyz,37374.png,"{""ethereum"":""0xE2AD0BF751834f2fbdC62A41014f84d67cA1de2A"",""bnb"":""0x00312400303d02c323295f6e8b7309bc30fb6bce"",""arbitrum"":""0x00312400303d02c323295f6e8b7309bc30fb6bce""}"
37375,BBFT,Baby BFT,baby-bft,babybft.com,37375.png,"{""bnb"":""0xfb69e2d3d673a8db9fa74ffc036a8cf641255769""}"
37379,HOODOG,Hoodog,hoodog,hoodog.vip,37379.png,"{""ethereum"":""0x9bf8FBCEe83e30014B3c48DF4e6eb1D3F08df4B8""}"
37381,ANDREA,Andrea Von Speed,andrea-von-speed-coin,andreavonspeedcoin.com,37381.png,"{""solana"":""FdwpkZZs78rUJPRMavGqfFDujYmCbxQFLWqupY5Hbonk""}"
37383,旺柴,wechat doge,wechat-doge,wechatdoge.fun,37383.png,"{""solana"":""83kGGSggYGP2ZEEyvX54SkZR1kFn84RgGCDyptbDbonk""}"
37384,DOGIMUS,Tesla Dog,tesla-dog,dogimus.ai,37384.png,"{""ethereum"":""0xa1d0948745C79b5dF654B0ec1082F9b61206ADd4""}"
37387,BAS,BAS,bnb-attestation-service,bas.io,37387.png,"{""bnb"":""0x0f0df6cb17ee5e883eddfef9153fc6036bdb4e37""}"
37389,GAI,GraphAI,graphai,graphai.tech,37389.png,"{""base"":""0x3489256febdb1dc930dc3743617ad387cd6d3568""}"
37390,SIGMA,Sigma,sigmaonxrpl,sigmaonxrpl.com,37390.png,"{""xrp"":""5349474D41000000000000000000000000000000.rfKYWZ84fm9eVEdoTcsQCo1WdqMPyaUF5z""}"
37393,YNG,Young,young,youngplatform.com,37393.png,"{""ethereum"":""0xA26Cbb76156090f4B40A1799A220fc4C946aFB3c""}"
37395,SBET,[Fake] Sharplink Gaming,sbeth-org,sbeteth.org,37395.png,"{""base"":""0x089765D7f064c1DB4De39451A6492Dd0eA0Ec8b6""}"
37396,BLACK,Blackhole,blackhole,blackhole.xyz,37396.png,"{""avalanche"":""0xcd94a87696FAC69Edae3a70fE5725307Ae1c43f6""}"
37409,UPTOP,UPTOP,uptop,uptop.meme,37409.png,"{""bnb"":""0x8a0db359c38414b5f145f65cc1c69d9253067c43""}"
37412,BIGGIE,Biggie,biggie,biggieeth.com,37412.png,"{""ethereum"":""0x95aE252633e9ea03BdfE67874B349b41163464Ce""}"
37414,ESPORTS,Yooldo,yooldo,yooldo.gg,37414.png,"{""bnb"":""0xF39e4b21c84e737Df08e2C3b32541d856f508E48"",""linea"":""0x49A0C2366936b115d6877438175EE4b97D6dAb7C""}"
37415,BIGOD,BinGold,bingold,bingold.to,37415.png,"{""bnb"":""0x11526f93be5f26220e9c7eacb587edaebaa9f627""}"
37424,TANUKI,Tanuki,tanukicoin,tanukicoin.io,37424.png,"{""ethereum"":""0x0b2FA18342D38909E3e44D7103Cf3f37B0A0403A""}"
37429,哈喽,哈喽,halou,halou4444.xyz,37429.png,"{""bnb"":""0x29776fcd48e9506f9421cec21cd48304ff564444""}"
37430,TA,Trusta.AI,trusta-ai,trustalabs.ai,37430.png,"{""bnb"":""0x539ae81a166e5e80aed211731563e549c411b140"",""linea"":""0x539ae81a166e5e80aed211731563e549c411b140""}"
37448,AIH,AIHub,aihub,aihub.world,37448.png,"{""bnb"":""0xbf70a52aef7822047076749b9ba63c4597d4626f""}"
37451,ZKWASM,ZKWASM,zkwasm,zkwasmhub.com,37451.png,"{""bnb"":""0xa8d3dee6671c4fdac4743a1eb1F276EabD4ba302""}"
37453,ASP,Aspecta,aspecta,aspecta.ai,37453.png,"{""bnb"":""0xad8c787992428cD158E451aAb109f724B6bc36de"",""solana"":""DJ7vji2BU7RjNgktPAKN4L42CiXTFHEt4Eeeyr5FiTmy""}"
37454,IKA,Ika,ika,ika.xyz,37454.png,"{""sui"":""0x7262fb2f7a3a14c888c438a3cd9b912469a58cf60f367352c46584262e8299aa::ika::IKA""}"
37456,OPEN,OpenLedger,openledger,openledger.xyz,37456.png,"{""ethereum"":""0xa227cc36938f0c9e09ce0e64dfab226cad739447"",""bnb"":""0xa227cc36938f0c9e09ce0e64dfab226cad739447""}"
37458,BABYGROK,Baby Grok (babygrok.ai),baby-grok-ai,babygrok.ai,37458.png,"{""bnb"":""0x3303113001c51769f2753C2aFb7B5a6d0535660E""}"
37463,TOWN,Alt.town,alt-town,alt.town,37463.png,"{""bnb"":""0x1aaeb7d6436FDA7cDac7b87ab8022e97586d2Da1""}"
37464,MARIE,Marie Rose,marie-rose,marierose-eth.com,37464.png,"{""ethereum"":""0xcaa1E525ACb44aeC4e0D17a0e2467AA3Ea7EE3A6""}"
37466,MEMECOIN,just memecoin,just-memecoin,justamemecoin.com,37466.png,"{""solana"":""4daoTLufDmV3ods48Zh8rymaZKBLtgEvuH9qALYLbonk""}"
37469,ANI,Ani Grok Companion (anicompanion.net),ani-grok-companion,anicompanion.net,37469.png,"{""solana"":""9tqjeRS1swj36Ee5C1iGiwAxjQJNGAVCzaTLwFY8bonk""}"
37470,XAU,XAU9999 Meme,xau9999-meme,xau9999.xyz,37470.png,"{""ethereum"":""0x999903502C1C7fea3591FB17315544C6BdDe7699""}"
37471,LN,Lnfi Network,lnfi-network,lnfi.network,37471.png,"{""bnb"":""0x6d2ebdf6d551d8408e7d896e9a1ec6f84806e193""}"
37472,MTT,METTI TOKEN,metti-token,onfa.io,37472.png,"{""bnb"":""0x166c52d0633484C9ac0203dCBDc97bC32Aaef720""}"
37473,GAIA,GAIA,gaianet,gaianet.ai,37473.png,"{""ethereum"":""0x2EE7097BfdD98fCE2AC08A1896038a7cd9aaEd81"",""bnb"":""0xd715cC968c288740028be20685263F43ED1E4837"",""base"":""0x6FbF03Efa4363cA0aFe0C9C3906F7D610890B683""}"
37474,LOA,Law Of Attraction v2,law-of-attraction-v2,thelawofattractioncoin.io,37474.png,"{""solana"":""9RAghejZNirG4skdqUXxVVSnKGmYSjjjgnPMPjyJmoon""}"
37475,NEKO,NeonNeko,neonneko,neonneko.io,37475.png,"{""solana"":""53kC8TJ5gfBPBPN4afNA1k433vL7ZhNHaw9NGh3HBo9N""}"
37477,ASETQU,AsetQu,asetqu,asetqu.com,37477.png,"{""bnb"":""0x952B9C16F82ec97a040A3560A0cf17Cc6A53051b""}"
37478,MAP,MAP Network,map-network,mapnetwork.io,37478.png,"{""polygon-ecosystem-token"":""0x80DAD5C3985aEF54c368F64230CA07768f11C8f6""}"
37482,DORA,DORA,dora,dorausd1.com,37482.png,"{""bnb"":""0x23fe903be385832fd7bb82bf1fee93f696278888""}"
37487,ELP,Elympics,elympics,elympics.ai,37487.png,"{""ethereum"":""0xbBcdC8eb044bF661EabFA07b93909a76ebdb1100""}"
37488,PHY,DePHY Network,dephy-network,dephy.io,37488.png,"{""bnb"":""0xD029B392580d555F35CCa1987f27D248cF883716"",""solana"":""DEpHYkW6nEm3Sxhb2rwftatrSAV3AP3ac6MgAWBbnsS8""}"
37489,THINK,Think Protocol,think-protocol,thinkagents.ai,37489.png,"{""ethereum"":""0xF9ff95468cb9A0cD57b8542bbc4c148e290Ff465""}"
37490,HODL,HODL,hodl-sol,hodlcoinsol.xyz,37490.png,"{""solana"":""84NdpWVhTGVuPFximNBXHQyQQPKumTjBYfFYGqt4bonk""}"
37495,TREE,Treehouse,treehouse,treehouse.finance,37495.png,"{""ethereum"":""0x77146784315Ba81904d654466968e3a7c196d1f3"",""bnb"":""0x77146784315Ba81904d654466968e3a7c196d1f3""}"
37496,R1,Ratio1,ratio1,ratio1.ai,37496.png,"{""base"":""0x6444c6c2d527d85ea97032da9a7504d6d1448ecf""}"
37504,EURAU,AllUnity EUR,allunity-eur,allunity.com,37504.png,"{""ethereum"":""0x4933A85b5b5466Fbaf179F72D3DE273c287EC2c2"",""solana"":""9pCWprxbZMW2rYSMhPTeoyLMV2sN2WJqshdT7DQVt6hS"",""polygon-ecosystem-token"":""0x4933A85b5b5466Fbaf179F72D3DE273c287EC2c2"",""stellar"":""CB44W727WSLHPXJ47A6DHF5D34RKWSOZAMEDXO3CF5TEEEQ2ZX4V3VRI"",""optimism-ethereum"":""0x4933A85b5b5466Fbaf179F72D3DE273c287EC2c2"",""arbitrum"":""0x4933A85b5b5466Fbaf179F72D3DE273c287EC2c2"",""base"":""0x4933A85b5b5466Fbaf179F72D3DE273c287EC2c2"",""bnb"":""0x4933A85b5b5466Fbaf179F72D3DE273c287EC2c2""}"
37505,SLIPPY,Slippy,slippytoken,slippytoken.com,37505.png,"{""ethereum"":""0x696a1012a7f694a6f34a95872f806eda633ea463""}"
37506,DELABS,Delabs Games,delabs-games,delabs.gg,37506.png,"{""bnb"":""0x23CcAB1de32E06a6235a7997C266F86440C2Cbe6"",""kaia"":""0x23CcAB1de32E06a6235a7997C266F86440C2Cbe6""}"
37508,ERN,Ethernity Chain,ethernity-chain,ethernity.io,37508.png,"{""ethereum"":""0xbbc2ae13b23d715c30720f079fcd9b4a74093505""}"
37511,SPURDO,Spurdo,spurdo-eth,spurdoeth.com,37511.png,"{""ethereum"":""0x42069e779838929495ED0152ffc27145CE5C7f98""}"
37516,XSPA,XSPA,xspa,xspa.ai,37516.png,"{""solana"":""8Hg96R1AGDe5vKABwniVPT2LHdhZHmCTFijZAXXZpump""}"
37520,AI4,AI⁴ | Recursive Superintelligence,ai4-recursive-superintelligence,thesingulant.ai,37520.png,"{""solana"":""CZkxnM5PNPak31JSFNzJ76CWcYRu4mgxvBwcHaBJpump""}"
37521,MINDFAK,Mindfak By Matt Furie,mindfak-by-matt-furie,mindfak.com,37521.png,"{""ethereum"":""0x78cBEC65c55F143a9178b63243119806a659D2EF""}"
37522,URANUS,Uranus,uranus-coin,uranuscoin.org,37522.png,"{""solana"":""BFgdzMkTPdKKJeTipv2njtDEwhKxkgFueJQfJGt1jups""}"
37523,ASSDAQ,ASSDAQ,assdaq,assdaq.com,37523.png,"{""solana"":""7Tx8qTXSakpfaSFjdztPGQ9n2uyT1eUkYz7gYxxopump""}"
37526,DEBT,DebtCoin,debtcoin,debtcoin.biz,37526.png,"{""solana"":""vLieQF5eDqUuuk8RzRaqgAHkXr7bSEBZaWk9Zfibonk""}"
37528,BLC,BLANC DAO,blanc-dao,blancdao.co,37528.png,"{""polygon-ecosystem-token"":""0xe133686Eb11FbC8BcF76688E07186A73F9145aCF""}"
37529,RHEA,RHEA Finance,rhea-finance,rhea.finance,37529.png,"{""bnb"":""0x4c067DE26475E1CeFee8b8d1f6E2266b33a2372E"",""near-protocol"":""token.rhealab.near"",""solana"":""8SMMso8Muv8d6i4WmMDthKt6TN1ysN6937sx3DKLXZqB""}"
37530,XIAOBAI,XiaoBai (xiaobai.digital),xiaobai,xiaobai.digital,37530.png,"{""ethereum"":""0xcb69E5750f8dC3b69647B9d8B1f45466ace0A027""}"
37531,IMAGINE,IMAGINE,imagine,imaginexai.xyz,37531.png,"{""solana"":""EuU9Vh37eKDdUnZkUfMZLGCcBqwFYpr1E6X3ZwUxhvgm""}"
37533,MAO,MAO,maocat,maocat.meme,37533.png,"{""ethereum"":""0x8888888829885dcC5Ac480A58d9Bb0c98C943136""}"
37534,PLAY,PlaysOut,playsout,playsout.com,37534.png,"{""base"":""0x853a7c99227499dba9db8c3a02aa691afdebf841""}"
37535,BNBUSD,Sigma Money,sigma-money,sigma.money,37535.png,"{""bnb"":""0x5519a479Da8Ce3Af7f373c16f14870BbeaFDa265""}"
37544,NERO,NERO Chain,nero-chain,nerochain.io,37544.png,{}
37545,BNKR,BankrCoin,bankr-coin,warpcast.com,37545.png,"{""base"":""0x22af33fe49fd1fa80c7149773dde5890d3c76f3b"",""robinhood-placeholder"":""0x178e54df3d091ee4d0b2534742ef9e3692b76526""}"
37553,SHIB,SHIBA INU,schismatic-shiba,schismaticshiba.com,37553.png,"{""base"":""0xFCa95aeb5bF44aE355806A5ad14659c940dC6BF7""}"
37556,TPTU,Trading and Payment Token,tptu,tpt-token.com,37556.png,{}
37561,BACHI,Bachi on Base,bachi-on-base,bachi-base.com,37561.png,"{""base"":""0xeecc15f24b8fe65cfd18d4095f91a7adefdd53d5""}"
37562,AIO,OLAXBT,olaxbt,olaxbt.xyz,37562.png,"{""bnb"":""0x81a7DA4074b8e0eD51beA40f9dCbDF4d9d4832b4""}"
37566,DARKSTAR,DarkStar,darkstar,darkstar.center,37566.png,"{""bnb"":""0xb05f4747eb3d18a3fa4aa3e5c627f02ccc70d005"",""kaia"":""0x06053d778ea9200605bd3bcec374368fbcc0e3d6""}"
37570,MARSMI,Mars Meme Inc,mars-meme-inc,marsmi.fun,37570.png,"{""solana"":""GqXX9MfkURBZ5cFym9HDzqTL7uZkjtCSqLkUSe2xpump""}"
37571,TOWNS,Towns,towns,towns.com,37571.png,"{""ethereum"":""0x000000Fa00b200406de700041CFc6b19BbFB4d13"",""bnb"":""0x00000000bcA93b25a6694ca3d2109d545988b13B"",""base"":""0x00000000A22C618fd6b4D7E9A335C4B96B189a38""}"
37572,MM,MOMOFUN,momofun,momo.fun,37572.png,"{""bnb"":""0xa5346F91A767b89a0363A4309C8E6c5ADc0C4A59""}"
37574,TETH,Treehouse ETH,treehouse-eth,treehouse.finance,37574.png,"{""ethereum"":""0xd11c452fc99cf405034ee446803b6f6c1f6d5ed8"",""arbitrum"":""0xd09acb80c1e8f2291862c4978a008791c9167003""}"
37578,LATINA,Latina Coin,latina-coin,latina.meme,37578.png,"{""hyperliquid"":""0xe7eAA46C2Ac8470D622aDa1538feDE6242CebE53""}"
37580,AU79,AU79,au79,au79onsol.com,37580.png,"{""solana"":""AT13ipG8K4HDyEJm3H1ZVQV2Bw8sihewoLQReSMsYo3o""}"
37581,ATS,Anubhav Trainings,anubhav-trainings,anubhavtrainings.com,37581.png,"{""solana"":""4cQ9BeG6bdpkQcYGadqc1n6nCWgMuoHZenVH1xXepump""}"
37582,USDU,Ultracoin,universal-stable-digital-ultracoin,ultracoin.info,37582.png,"{""bnb"":""0x3561606f2873a60a5d68bac60c6cedfe1b9ad004""}"
37584,STAU,STAU,stau,stauweb.com,37584.png,"{""polygon-ecosystem-token"":""0x37C5eBfaE4E4dA225e9D8042B05063c4A2C94bb6""}"
37586,USDT.A,USDT.a,tethor-usd,artablockchain.in,37586.png,"{""tron"":""TSjtXKXkzja6fQdniBY5fgWFRHvSfbVgiw"",""arbitrum"":""0x605B58a473F95d4Fb49695F423e1cbD4517864D6""}"
37593,PROVE,Succinct,succinct,succinct.xyz,37593.png,"{""ethereum"":""0x6BEF15D938d4E72056AC92Ea4bDD0D76B1C4ad29"",""bnb"":""0x7DDf164CEcfddd0f992299D033B5a11279A15929""}"
37596,RICE,RICE AI,rice-ai,riceai.xyz,37596.png,"{""bnb"":""0xb5761f36fdfe2892f1b54bc8ee8babb2a1b698d3"",""peaq"":""0x1190fb50226b54958e284bd674eff346936af885""}"
37597,WXTM,Wrapped MinoTari,tari-project,tari.com,37597.png,"{""ethereum"":""0xfD36fA88bb3feA8D1264fc89d70723b6a2B56958""}"
37600,FIR,Fireverse,fireverse,web3.fireverseai.com,37600.png,"{""bnb"":""0x238D72E179A581C98DC1996417a49818c7E509dC""}"
37601,IMAGINE,Grok Imagine,grok-imagine-solana,dexscreener.com,37601.png,"{""solana"":""nWPwMoa1hodu3QJ3gY6btcy3zG4AtV24CV67YtYbonk""}"
37604,FARTLESS,FARTLESS COIN,fartless-coin,fartless.tech,37604.png,"{""solana"":""FyrBf5xKg5EwKZ9pHvSpJeLLuCWBicTpm3VvZcsibonk""}"
37609,IN,INFINIT,infinit,infinit.tech,37609.png,"{""ethereum"":""0x61fac5f038515572d6f42d4bcb6b581642753d50"",""bnb"":""0x61fac5f038515572d6f42d4bcb6b581642753d50""}"
37610,X,TaleX,talex,ecosystem.talex.world,37610.png,"{""bnb"":""0x0510101Ec6c49D24ED911F0011E22A0D697Ee776""}"
37612,SPX6969,SPX 6969,spx-6969,spx6969.com,37612.png,"{""solana"":""23k6Jiahmd11DWBzE7jpprsYzgs3m3LfNtw2XkwBVfmG""}"
37614,PM,PumpMeme,pumpmeme,pumpmeme.club,37614.png,"{""bnb"":""0x652fcafea5a2da18e8947748b7849b72148b4543""}"
37615,GLIDR,Glidr,glidr,glidr.xyz,37615.png,"{""bnb"":""0xc2b1ddb75046c4915c641cc0dc0d0f160ef82be5""}"
37617,K,Sidekick,sidekick-fans,sidekick.fans,37617.png,"{""ethereum"":""0xfb072b42907dA2Bf7A8E8cB5dCAa790D45Fd81a8"",""bnb"":""0x0a73d885cdd66adf69c6d64c0609e55c527db2be"",""solana"":""ERpDpYmuifJUKbaB1Dv9hnJ67RM21Jujmxz18JCeDzbr""}"
37623,XCX,Xeleb Protocol,xeleb-protocol,xeleb.io,37623.png,"{""bnb"":""0xE32f9e8F7f7222fcd83EE0fC68bAf12118448Eaf""}"
37624,UPT,UpRock,uprock,uprock.com,37624.png,"{""solana"":""UPTx1d24aBWuRgwxVnFmX4gNraj3QGFzL3QqBgxtWQG""}"
37627,MOMO,Momo (momocoin.info),momocoin-space,momocoin.info,37627.png,"{""solana"":""G4zwEA9NSd3nMBbEj31MMPq2853Brx2oGsKzex3ebonk""}"
37629,QTC,Qubitcoin (superquantum.io/qubitcoin),superquantum-qubitcoin,qubitcoin.superquantum.io,37629.png,{}
37631,AS,AKAS,akas,akasdefi.com,37631.png,"{""polygon-ecosystem-token"":""0x6a92b1e99de09f71cd96bc91f934826d96b8b26e""}"
37632,RAGEGUY,RAGEGUY FFFFFFFFFFFFFUUUUUUUUUUUUUUUU,rageguy-fffffffffffffuuuuuuuuuuuuuuuu,rageguy.wtf,37632.png,"{""solana"":""J3u73qgyeuaeunH1uwsT6QLFa24YNeZSjSEdCjAebonk""}"
37637,SOMI,Somnia,somnia,somnia.network,37637.png,"{""ethereum"":""0x1B0F6590d21dc02B92ad3A7D00F8884dC4f1aed9"",""bnb"":""0xa9616e5e23EC1582c2828B025bEcf3Ef610e266F"",""base"":""0x47636b3188774a3E7273D85A537b9bA4Ee7b2535"",""somnia"":""0xeeeeeeeeeeeeeeeeeeeeeeeeeeeeeeeeeeeeeeee""}"
37638,DAM,Reservoir,reservoir,reservoir.xyz,37638.png,"{""ethereum"":""0x0FedbA9178b70e8b54e2Af08eBffcf28A1e5A43B"",""bnb"":""0xF9Ca3fE094212FfA705742D3626a8Ab96aAbABf8""}"
37639,CPX,CoinUp.io,coinup-io,cpchain.com,37639.png,{}
37642,VMC,VMS Classic,vmsclassic,vmsclassic.com,37642.png,"{""ethereum"":""0x009ba50496d2b0936c5bdf299db2f7e0d6e10469""}"
37644,MAGAL,Magallaneer,magallaneer,magallaneer.io,37644.png,"{""solana"":""A2ZbCHUEiHgSwFJ9EqgdYrFF255RQpAZP2xEC62fpump""}"
37649,ORI,Orizon,orizon,orizon.vip,37649.png,"{""bnb"":""0xDA033999bB6165e64DB01Bd9be14B40f5653092E""}"
37654,SUSD1+,Lorenzo staked USD1+,lorenzo-staked-usd1,app.lorenzo-protocol.xyz,37654.png,"{""bnb"":""0x4F2760B32720F013E900DC92F65480137391199b""}"
37655,SCAN,SCAN,scan,qrbase.xyz,37655.png,"{""base"":""0x20429f731096e359910921994a267d32ef576720""}"
37656,SPACEX,SpaceX tokenized stock (PreStocks),spacex-tokenized-stock-prestocks,prestocks.com,37656.png,"{""solana"":""PreANxuXjsy2pvisWWMNB6YaJNzr7681wJJr2rHsfTh""}"
37660,DAN,Dannycoin,dannycoin,dannycoin.io,37660.png,"{""bnb"":""0x046b82988a7113FCAd568B7102c7b823f4411385""}"
37662,BPXL,BombPixel,bombpixel,bombpixel.xyz,37662.png,"{""bnb"":""0xF413d08B1E7E6A0D4FC1b15AAd03790C89a2b4d4""}"
37663,MBGA,MBGA,mbga,four.meme,37663.png,"{""bnb"":""0x04f5fd877b1448e94228f6377de3fa27d1df4444""}"
37664,ALL,Binance ALL Composite Index,binance-all-composite-index,binance.com,37664.png,{}
37665,DEUS,XMAQUINA,deus-token,xmaquina.io,37665.png,"{""base"":""0x940A319B75861014A220D9c6c144d108552B089B"",""solana"":""7JoGUTeaXkjcMGa6xJP2idYNYiLreto1WnsACHnpw3Gd"",""peaq"":""0x940A319B75861014A220D9c6c144d108552B089B""}"
37666,BOSS,Ibiza Final Boss,ibiza-final-boss,ibizafinalboss.info,37666.png,"{""solana"":""GUy9Tu8YtvvHoL3DcXLJxXvEN8PqEus6mWQUEchcbonk""}"
37667,PUNCHI,Punchimals,punchimals,punchimals.net,37667.png,"{""bnb"":""0x06eBe35f3faa9A9F28Eb7Fc7ABf46bF7335dc0D5""}"
37668,XPL,Pulse,pulse-world,pulseworld.com,37668.png,"{""bnb"":""0xf84dD1aC34C0043d109f6600f98302CdD3e5A6eb""}"
37671,OPENAI,OpenAI tokenized stock (PreStocks),openai-tokenized-stock-prestocks,prestocks.com,37671.png,"{""solana"":""PreweJYECqtQwBtpxHL171nL2K6umo692gTm7Q3rpgF""}"
37672,BABYSHARK,BabyShark,baby-shark-universe,babysharkuniverse.io,37672.png,"{""bnb"":""0x777BF78ad4546B61607A17BF4a1977dBbeA98c28""}"
37676,CLIFFORD,Clifford,clifford,clifford.meme,37676.png,"{""bnb"":""0x9cB3Ab4fB21CF910DA2ce6800753dBD866784444""}"
37678,WAI,World3,world3,world3.ai,37678.png,"{""bnb"":""0x1E3dbC0aad9671FDD31E58b2fcc6cF1Ca9947994""}"
37682,XAI,xAI tokenized stock (PreStocks),xai-tokenized-stock-prestocks,prestocks.com,37682.png,"{""solana"":""PreC1KtJ1sBPPqaeeqL6Qb15GTLCYVvyYEwxhdfTwfx""}"
37693,ANTHROPIC,Anthropic tokenized stock (PreStocks),anthropic-tokenized-stock-prestocks,prestocks.com,37693.png,"{""solana"":""Pren1FvFX6J3E4kXhJuCiAD5aDmGEb7qJRncwA8Lkhw""}"
37694,AIBOT,Cherry AI,cherry-ai,cherrybot.ai,37694.png,"{""bnb"":""0x96adaa33e175f4a7f20c099730bc78dd0b45745b"",""solana"":""6V6YhTMR3hXbvHrMmMQ4vMG3gUWwifc57ZsEjRTbAsdH""}"
37695,ANDURIL,Anduril tokenized stock (PreStocks),anduril-tokenized-stock-prestocks,prestocks.com,37695.png,"{""solana"":""PresTj4Yc2bAR197Er7wz4UUKSfqt6FryBEdAriBoQB""}"
37701,SKITTEN,SKITTEN,skitten,teamskitten.com,37701.png,"{""base"":""0x4B6104755AfB5Da4581B81C552DA3A25608c73B8""}"
37702,PVT,Punkvism,punkvism,punkvism.io,37702.png,"{""solana"":""8UKuetxWnpC9Po9Mpf3ptT2wEvkqg9GxZWnnx4VPhpeD""}"
37703,FM,Moonlander,moonlander,moonlander.trade,37703.png,"{""cronos"":""0x37888159581ac2CdeA5Fb9C3ed50265a19EDe8Dd""}"
37711,AIRA,AIRAByte,airabyte,airabyte.com,37711.png,"{""bnb"":""0xA3643d436e4342ab6D46bc08AD11AeEC64eA793F""}"
37721,USDA,USDA,usda-alphapartner,alphapartner.vip,37721.png,"{""bnb"":""0x17EAfd08994305D8AcE37EfB82F1523177eC70EE""}"
37724,ASC,AllinX SMART CHAIN,all-inx-smart-chain,allinx.io,37724.png,"{""base"":""0x1bcb7eadea5ac43733bd8fa1f65798333cc51313""}"
37726,MEA,MECCA,mecca,meccain.com,37726.png,"{""solana"":""mecySk7eSawDNfAXvW3CquhLyxyKaXExFXgUUbEZE1T""}"
37727,KURT,Kurt,kurt,based-kurt.fyi,37727.png,"{""base"":""0x7aF77365F112361457aAa76994BdA688605F2D9c""}"
37728,PUBLIC,PublicAI,publicai,publicai.io,37728.png,"{""bnb"":""0x87aa6aeb62ff128aaa96e275d7b24cd12a72aba1"",""solana"":""AXCp86262ZPfpcV9bmtmtnzmJSL5sD99mCVJD4GR9vS"",""near-protocol"":""token.publicailab.near""}"
37735,APD,APD,apd,alphapartner.vip,37735.png,"{""bnb"":""0x001208F7F53F78Db2b32E1c68198D3e8f320Aa23""}"
37739,TCOM,TCOM Global,tcom-global,tcomglobal.io,37739.png,"{""bnb"":""0xc23db46993f643f1fa0494cd30f9f43505885d84""}"
37740,OPENX,OPEN tokenized stock (xStock),open-tokenized-stock-xstock,xstocks.com,37740.png,"{""solana"":""XsGtpmjhmC8kyjVSWL4VicGu36ceq9u55PTgF8bhGv6"",""ethereum"":""0xbee6b69345f376598fe16abd5592c6f844825e66"",""bnb"":""0xbEe6b69345F376598Fe16AbD5592c6F844825E66"",""gram"":""EQD_tHefNfi094aoQD6GRdbv1zlydk4K4HIENsWT8cdgzPVb"",""ink-token"":""0xbee6b69345f376598fe16abd5592c6f844825e66""}"
37741,TBLLX,TBLL tokenized ETF (xStock),tbll-tokenized-etf-xstock,xstocks.com,37741.png,"{""solana"":""XsqBC5tcVQLYt8wqGCHRnAUUecbRYXoJCReD6w7QEKp"",""bnb"":""0x4cbf89ED7Bb30b8a860fa86d3c96E9c72931299b"",""ethereum"":""0x4cbf89ed7bb30b8a860fa86d3c96e9c72931299b"",""gram"":""EQCjpympW_XfYPOwuEw39P6wmlk8o6KtRo3kC_6pOVjxANCp"",""ink-token"":""0x4cbf89ed7bb30b8a860fa86d3c96e9c72931299b""}"
37743,STAR,Starpower,starpower,starpower.world,37743.png,"{""bnb"":""0x8fce7206e3043dd360f115afa956ee31b90b787c"",""solana"":""STARqri3xhy6Pyv1EpgdjkPDVcs9FncKcaEP6527krs""}"
37744,SHACK,Shack Token,auctionshack,auctionshack.com,37744.png,"{""solana"":""BHvPQ9dFAiZJUSYJFpEmdfMmgz48iLohyxyixBfZjups""}"
37745,CTM,c8ntinuum,c8ntinuum,c8ntinuum.com,37745.png,"{""ethereum"":""0xc8Fb80fCc03f699C70ff0CC08C09106288888888"",""bnb"":""0xc8Fb80fCc03f699C70ff0CC08C09106288888888"",""solana"":""C8fU5GdfAt5mnw2RK7HE6XJGFNxHpaskZMkXxdm88888""}"
37746,BNS,BNS COIN,bns-coin,bnsscan.com,37746.png,{}
37748,USD.F,TetherFund,tetherfund,tetherusdtf.com,37748.png,"{""bnb"":""0xc5ec40b78c6177a934d920a2780e069b27be9590"",""tron"":""TDrori5jGyDzdW1zobC3d7bGTYi25euN6K""}"
37754,LOOBY,Looby By Stephen Bliss,looby-by-stephen-bliss,looby.love,37754.png,"{""solana"":""CyRbC97yrkUB31sv9PLw5Hw8276zXH4sRoTE1KcDpump""}"
37756,CLOOTS,CryptoLoots,cryptoloots,cryptoloots.io,37756.png,"{""solana"":""CFhgTUXw7of3PYdbw3YrPeE9EVzVGo435i8FEmd8dr6w""}"
37757,IOTAI,IoTAI,iotai,iotai.network,37757.png,"{""ethereum"":""0xd8e154ede9401dabb860fe84fecd2761b895bc50""}"
37758,SLERF,SLERF,slerf,slerf.wtf,37758.png,"{""solana"":""9999FVbjHioTcoJpoBiSjpxHW6xEn3witVuXKqBh2RFQ""}"
37760,BFUSD,BFUSD,bfusd,binance.com,37760.png,{}
37762,BRM,BullRun Meme,bullrun-meme,bullrun-meme.com,37762.png,"{""ethereum"":""0xbd33da1f9a0cc70224e9a71c80baa92fd0eb82d0"",""base"":""0xbd33da1f9a0cc70224e9a71c80baa92fd0eb82d0"",""polygon-ecosystem-token"":""0xbd33da1f9a0cc70224e9a71c80baa92fd0eb82d0""}"
37763,AINFT,EternaFi Agents,eternafi-agents,novaclub.ai,37763.png,"{""base"":""0x1d0855410A987758A0dB26FAa438febCc333e52c""}"
37767,SYMM,SymVerse (symverse.org),symverse-org,symverse.org,37767.png,{}
37981,BABYETH,Baby Ethereum,baby-ethereum,babyeth.org,37981.png,"{""ethereum"":""0x4ff23cf2804e777c233890119b881cab7fd60652""}"
37984,FOUNDER,Founder,founder,founderbsc.xyz,37984.png,"{""bnb"":""0x3a08a614ceb8b2380a022e5d35873fd2d8e64444""}"
37987,1PIECE,OnePiece,onepiece,1piecememe.com,37987.png,"{""bnb"":""0xf263cc32caed261a819713f3dcc494a96c3e5111""}"
37989,EDENA,EDENA,edena,edenatoken.com,37989.png,"{""ethereum"":""0x618e80a3F00a3907CC021187e9beb73AE4D658A6""}"
37990,HODL,HODL Coin,hodl-coin,hodlcoin.xyz,37990.png,"{""solana"":""14TGkkYQQeNj5pAKKZf8VGJQJfDagdX1t4QX4Rc3bonk""}"
37992,RLP,Resolv Liquidity Pool,resolv-liquidity-pool,resolv.xyz,37992.png,"{""ethereum"":""0x4956b52aE2fF65D74CA2d61207523288e4528f96"",""bnb"":""0x35e5db674d8e93a03d814fa0ada70731efe8a4b9"",""base"":""0xC31389794Ffac23331E0D9F611b7953f90AA5fDC""}"
37996,SMCION,Super Micro Computer Tokenized Stock (Ondo),super-micro-computer-tokenized-stock-ondo,app.ondo.finance,37996.png,"{""ethereum"":""0x2ca12a3F9635fD69C21580def14F25C210cA9612"",""bnb"":""0xc142ba8ccd36d80c3a001342fb83e4c3d218a873"",""solana"":""jLca79XzcewRuBZyaJxVxuKpUHcEix1X4CP1RP9ondo""}"
37997,GMEON,GameStop Tokenized Stock (Ondo),gamestop-tokenized-stock-ondo,app.ondo.finance,37997.png,"{""ethereum"":""0x71d24Baeb0A033ec5F90FF65C4210545AF378D97"",""bnb"":""0xdabb9aff4cf02f26d2014e4ca9f94ac6fe6572a3"",""solana"":""aznKt8v32CwYMEcTcB4bGTv8DXWStCpHrcCtyy7ondo""}"
37998,IWNON,iShares Russell 2000 Value Tokenized ETF (Ondo),ishares-russell-2000-value-tokenized-etf-ondo,app.ondo.finance,37998.png,"{""ethereum"":""0x9DCf7f739B8C0270E2FC0Cc8D0DaBe355a150dBa"",""bnb"":""0xf54b94ea21e1da5d51ef00fd4502225e5394f874"",""solana"":""DX7g7WNjDpVzNK9CG81v7wb6ZbiNzYfkdzH2Xs5ondo""}"
37999,PBRON,Petrobras Tokenized Stock (Ondo),petrobras-tokenized-stock-ondo,app.ondo.finance,37999.png,"{""ethereum"":""0xD08DDb436e731f32455Fe302723eE0FD2E9E8706"",""bnb"":""0x2b1d5cdecc356530a746c5754231efaeaca64022"",""solana"":""GRciFCqJ5y2hbiD6U5mGkohY65BZTXGuGUrCqf7ondo""}"
38000,PFEON,Pfizer Tokenized Stock (Ondo),pfizer-tokenized-stock-ondo,app.ondo.finance,38000.png,"{""ethereum"":""0x06954faa913fA14c28Eb1b2e459594F22f33f3dE"",""bnb"":""0x8a83c31d6751833b4940b6e871c48d9a15a07b46"",""solana"":""Gwh9fPsX1qWATXy63vNaJnAFfwebWQtZaVmPko6ondo""}"
38001,GOOGLON,Alphabet Class A Tokenized Stock (Ondo),alphabet-class-a-tokenized-stock-ondo,app.ondo.finance,38001.png,"{""ethereum"":""0xbA47214eDd2bb43099611b208f75E4b42FDcfEDc"",""bnb"":""0x091fc7778e6932d4009b087b191d1ee3bac5729a"",""solana"":""bbahNA5vT9WJeYft8tALrH1LXWffjwqVoUbqYa1ondo"",""hyperliquid"":""0x4D34798f18Eb747F7225663F0553eA2D880cf75D""}"
38002,NVOON,Novo Nordisk Tokenized Stock (Ondo),novo-nordisk-tokenized-stock-ondo,app.ondo.finance,38002.png,"{""ethereum"":""0x28151F5888833D3d767C4d6945a0Ee50D1B193E3"",""bnb"":""0x08a513779f46ffb7a34f16094a94016d010128a8"",""solana"":""GeV7S8vjP8qdYZpdGv2Xi6e7MUMCk8NAAp2z7g5ondo""}"
38003,ITOTON,iShares Core S&P Total US Stock Market Tokenized ETF (Ondo),ishares-core-sp-total-us-stock-market-tokenized-etf-ondo,app.ondo.finance,38003.png,"{""ethereum"":""0x0692481C369E2BDc728A69ae31b848343a4567Be"",""bnb"":""0xcf9caf83053213c44dd7027db3e1e4ac98e55f8f"",""solana"":""CPWkMURVvcnX8hGjqCTb8i5LkzV3VSvyk7SeJi8ondo""}"
38004,HOODON,Robinhood Markets Tokenized Stock (Ondo),robinhood-markets-tokenized-stock-ondo,app.ondo.finance,38004.png,"{""ethereum"":""0x998f02A9E343EF6E3E6f28700d5A20F839fD74E6"",""bnb"":""0x19601179a60f55ff6636f5d1a8b6671053bd60a8"",""solana"":""BVdXGvmgi6A9oAiwWvBvP76fyTqcCNRJMM7zMN6ondo"",""hyperliquid"":""0xF1Df92AC8E22763A16bf4Bd9a966EEBcD70fA5a3""}"
38005,LINON,Linde plc Tokenized Stock (Ondo),linde-plc-tokenized-stock-ondo,app.ondo.finance,38005.png,"{""ethereum"":""0x01B19c68f8A9eE3a480dA788ba401cFAbdf19B93"",""bnb"":""0xe1743616f705954620aa351465c8885fbde5a8a9"",""solana"":""Edik9MoFp8LAXS9HNu2gRFyihwYqDqv4ZmNmVT9ondo""}"
38006,ABTON,Abbott Tokenized Stock (Ondo),abbott-tokenized-stock-ondo,app.ondo.finance,38006.png,"{""ethereum"":""0x3859385363f7BB4Dfe42811cCF3F294FcD41dd1D"",""bnb"":""0x5a20886b575058dd7299785f0ea9b1172942a3e0"",""solana"":""129gRoHKhVg7CvPMrqVsEB4uYZo6zV4yDZX6NBg9ondo""}"
38007,EFAON,iShares MSCI EAFE Tokenized ETF (Ondo),ishares-msci-eafe-tokenized-etf-ondo,app.ondo.finance,38007.png,"{""ethereum"":""0x4111b60bc87F2Bd1e81E783E271D7F0ec6EE088B"",""bnb"":""0x38b9a53bfdc5dba58a29bd6992341927c2fca637"",""solana"":""AbvryMGnaba9oADMZk8Vp2Av6MtczsncGyfWaC4ondo""}"
38008,CMGON,Chipotle Tokenized Stock (Ondo),chipotle-tokenized-stock-ondo,app.ondo.finance,38008.png,"{""ethereum"":""0x25018520138bbaB60684AD7983D4432E8B8E926B"",""bnb"":""0xaed5985afc12aa09d87f55b4b1e6bc3b8f7b0208"",""solana"":""5owVsVFSHACQuippFYdLp3qWRobp2EGcwxMmsr6ondo""}"
38009,ORCLON,Oracle Tokenized Stock (Ondo),oracle-tokenized-stock-ondo,app.ondo.finance,38009.png,"{""ethereum"":""0x8a23C6BaadB88512b30475C83Df6A63881e33e1E"",""bnb"":""0x03e4bd1ea53f1da84513da0319d1f03dd1bbcf93"",""solana"":""GmDADFpfwjfzZq9MfCafMDTS69MgVjtzD7Fd9a4ondo"",""hyperliquid"":""0x4775e99a13651B1D077c2fa04Eb9BF007f684af5""}"
38010,PYPLON,PayPal Tokenized Stock (Ondo),paypal-tokenized-stock-ondo,app.ondo.finance,38010.png,"{""ethereum"":""0x4EFD92F372898B57F292De69fCe377dd7D912bDd"",""bnb"":""0x374d03a6c0d5bd4be0a5117ebe1b49d52ac8a53f"",""solana"":""hM7B3UQTTR81mS27SxDDPzBbjejmo8fnpFjzgv9ondo""}"
38011,QBTSON,D-Wave Quantum Tokenized Stock (Ondo),d-wave-quantum-tokenized-stock-ondo,app.ondo.finance,38011.png,"{""ethereum"":""0x3807562a482b824c08a564dfefcc471806d3e00a"",""bnb"":""0x8c7bf0ed6bc778bde1489de1592c1aad3e66371d"",""solana"":""hqJXutLF6f7DxStrWCrnZDfXzbNTZmvi3KheVi6ondo""}"
38012,RIOTON,Riot Platforms Tokenized Stock (Ondo),riot-platforms-tokenized-stock-ondo,app.ondo.finance,38012.png,"{""ethereum"":""0x21deafD91116FCe9fE87C8f15Bde03f99a309b72"",""bnb"":""0xc4a88a72b848255fd24da3c1ad6755d980535fb1"",""solana"":""i6f3DvZBuLpnGSqS8x6WPeStJ7jNe5KewD6afD5ondo""}"
38013,MARAON,MARA Holdings Tokenized Stock (Ondo),mara-holdings-tokenized-stock-ondo,app.ondo.finance,38013.png,"{""ethereum"":""0x4604b0b581269843ac7a6b70A5FC019E7762e511"",""bnb"":""0xd226d8170ee38793430c7dec6903df4b818bb74c"",""solana"":""ETCJUmuhs5aY62xgEVWCZ5JR8KPdeXUaJz3LuC5ondo""}"
38014,MUON,Micron Technology Tokenized Stock (Ondo),micron-technology-tokenized-stock-ondo,app.ondo.finance,38014.png,"{""ethereum"":""0x050362Ab1072Cb2Ce74d74770E22A3203Ad04ee5"",""bnb"":""0x8b6acf6041a81567f012ff6a4c6d96d5818d74bf"",""solana"":""Fz9edBpaURPPzpKVRR1A8PENYDEgHqwx5D5th28ondo"",""hyperliquid"":""0x0f8E33F5CdefAE9C2E59de8fB61feD347046D046""}"
38015,PEPON,PepsiCo Tokenized Stock (Ondo),pepsico-tokenized-stock-ondo,app.ondo.finance,38015.png,"{""ethereum"":""0x3cE219D498D807317F840f4CB0f03FA27dd65046"",""bnb"":""0xf99f8f3a95257d82006183bd524efa7aacc9ef7a"",""solana"":""gud6b3fYekjhMG5F818BALwbg2vt4JKoow59Md9ondo""}"
38016,APPON,AppLovin Tokenized Stock (Ondo),applovin-tokenized-stock-ondo,app.ondo.finance,38016.png,"{""ethereum"":""0xd5C5B2883735Fa9B658Dd52e2FCC8d7c0f1A42Ce"",""bnb"":""0xedb3124e96c64c177eb709cbc64f9977db40ea74"",""solana"":""14Z8rQQe2Aza33YgEUmj3g3QGNz8DXLiFPuCnsD1ondo""}"
38017,LMTON,Lockheed Tokenized Stock (Ondo),lockheed-tokenized-stock-ondo,app.ondo.finance,38017.png,"{""ethereum"":""0x691b126cF619707Ed5d16CaB1B27C000aa8De300"",""bnb"":""0xd09f7b75b9659b864c6f82bb00ff096f9d277998"",""solana"":""EoReHwUnGGekbXFHLj5rbCVKiwWqu32GrETMfw4ondo""}"
38018,IBMON,IBM Tokenized Stock (Ondo),ibm-tokenized-stock-ondo,app.ondo.finance,38018.png,"{""ethereum"":""0x25d3f236B2d61656eebdeA86Ac6D42168e340011"",""bnb"":""0xe8ff70859ce4cbd72e4352b4fb45f5bf39d07464"",""solana"":""C8bZkgSxXkyT1RgxByp2teJ24hgimPLoyEYoNa9ondo""}"
38019,COSTON,Costco Tokenized Stock (Ondo),costco-tokenized-stock-ondo,app.ondo.finance,38019.png,"{""ethereum"":""0x0c8276E4FeC072cf7854Be69c70F7773D1610857"",""bnb"":""0x34375f826fd3dd4e15f883d4f4786bb45eb705ac"",""solana"":""6btaz134wjHkR8sqhAYrtSM6tavftfxnRvnyMd8ondo""}"
38021,IEFAON,iShares Core MSCI EAFE Tokenized ETF (Ondo),ishares-core-msci-eafe-tokenized-etf-ondo,app.ondo.finance,38021.png,"{""ethereum"":""0xFEFf7a377A86462F5a2A872009722C154707F09e"",""bnb"":""0x918008c3d29496c37b478b611967beaca365af36"",""solana"":""C9J9vZ8N79GzzxFoRkPWCkGtMKU8akg4FhUk4r9ondo""}"
38022,IWFON,iShares Russell 1000 Growth Tokenized ETF (Ondo),ishares-russell-1000-growth-tokenized-etf-ondo,app.ondo.finance,38022.png,"{""ethereum"":""0x8d05432C2786e3F93f1a9A62b9572DBf54f3ea06"",""bnb"":""0x40755f06ab7f8de1ab3a9413b1ef562d63de19b1"",""solana"":""dSHPFuMMjZqt7xDYGWrexXTSkdEZAiZngqymQF2ondo""}"
38023,CRMON,Salesforce Tokenized Stock (Ondo),salesforce-tokenized-stock-ondo,app.ondo.finance,38023.png,"{""ethereum"":""0x55720eF5b023Fd043AE5F8D2e526030207978950"",""bnb"":""0xd04a2bb053277721a8321d7441eed5b42fdf7250"",""solana"":""7D7ukbcnUNYt7Et5vtsDZhAy28MKu9pkHka1Hp9ondo""}"
38024,ADBEON,Adobe Tokenized Stock (Ondo),adobe-tokenized-stock-ondo,app.ondo.finance,38024.png,"{""ethereum"":""0x7042a8fFc7c7049684BfBc2fcb41b72380755a43"",""bnb"":""0xcb22db0ecb6fe58b7b47db443dcfdfdfbf729cef"",""solana"":""12Rh6JhfW4X5fKP16bbUdb4pcVCKDHFB48x8GG33ondo""}"
38025,NOWON,ServiceNow Tokenized Stock (Ondo),servicenow-tokenized-stock-ondo,app.ondo.finance,38025.png,"{""ethereum"":""0x8bCF9012f4b0c1C3D359eDb7133C294f82f80790"",""bnb"":""0xeb19c13c54b1cd48afc62f6503375e92d5f1e856"",""solana"":""G7pTVoSECz5RQWubEnTP7AC83KHUsSyoiqYR1R2ondo""}"
38026,SHOPON,Shopify Tokenized Stock (Ondo),shopify-tokenized-stock-ondo,app.ondo.finance,38026.png,"{""ethereum"":""0x908266C1192628371Cff7AD2F5Eba4dE061a0ac5"",""bnb"":""0x43d0b380c33cd004a6a69abd61843881a2de4113"",""solana"":""ivdDracs2s7jCP698dJXKSEQdVrNj9hasJL1Uq1ondo""}"
38027,AMDON,AMD Tokenized Stock (Ondo),amd-tokenized-stock-ondo,app.ondo.finance,38027.png,"{""ethereum"":""0x0C1f3412A44Ff99E40bF14e06e5Ea321aE7B3938"",""bnb"":""0x9f16e46c73b43bdb70861247d537bee4ea18f639"",""solana"":""14diAn5z8kjrKwSC8WLqvBqqe5YmihJhjxRxd8Z6ondo"",""hyperliquid"":""0x33706203A7a7c82B6F6c09dd9Ae4E6e881d36386""}"
38028,SPOTON,Spotify Tokenized Stock (Ondo),spotify-tokenized-stock-ondo,app.ondo.finance,38028.png,"{""ethereum"":""0x590F21186489cA1612f49a4B1ff5c66acD6796A9"",""bnb"":""0x50356167a4dbc38bea6779c045e24e25facedfdc"",""solana"":""jzCvs2Pk8tDcfsFRqnEMjurgaQW4iQfEkandUR8ondo""}"
38029,TSLAON,Tesla Tokenized Stock (Ondo),tesla-tokenized-stock-ondo,app.ondo.finance,38029.png,"{""ethereum"":""0xf6b1117ec07684D3958caD8BEb1b302bfD21103f"",""bnb"":""0x2494b603319d4d9f9715c9f4496d9e0364b59d93"",""solana"":""KeGv7bsfR4MheC1CkmnAVceoApjrkvBhHYjWb67ondo"",""hyperliquid"":""0x417883b1709545f1211A25b00ad13455fC7F1bc5""}"
38030,BLKON,"Blackrock, Inc. Tokenized Stock (Ondo)",blackrock-inc-tokenized-stock-ondo,app.ondo.finance,38030.png,"{""ethereum"":""0x7a0F89c1606f71499950AA2590d547c3975B728E"",""bnb"":""0x24f5471183ea549987f245d6ce236b6108869c92"",""solana"":""5H1VpMzRuoNtRbPTRCz35ETtEUtnkt8hJuQb9v7ondo""}"
38031,TLTON,iShares 20+ Year Treasury Bond Tokenized ETF (Ondo),ishares-20-year-treasury-bond-tokenized-etf-ondo,app.ondo.finance,38031.png,"{""ethereum"":""0x992651BFeB9A0DCC4457610E284ba66D86489d4d"",""bnb"":""0xf69e40069ac227c11459e3f4e8a446b3401616b6"",""solana"":""KaSLSWByKy6b9FrCYXPEJoHmLpuFZtTCJk1F1Z9ondo""}"
38032,NFLXON,Netflix Tokenized Stock (Ondo),netflix-tokenized-stock-ondo,app.ondo.finance,38032.png,"{""ethereum"":""0x032deC3372F25C41EA8054B4987a7c4832CDB338"",""bnb"":""0x7048f5227b032326cc8dbc53cf3fddd947a2c757"",""solana"":""g4KnPrxPLeeKkwvDmZFMtYQPM64eHeShbD55vK6ondo"",""hyperliquid"":""0x81Ebb420a81855f1Bf1B0fF95eCa9d3Bd736ea89""}"
38033,EEMON,iShares MSCI Emerging Markets Tokenized ETF (Ondo),ishares-msci-emerging-markets-tokenized-etf-ondo,app.ondo.finance,38033.png,"{""ethereum"":""0x77A1a02e4a888ADA8620b93C30dE8a41E621126c"",""bnb"":""0x00c81d35eddf44c75d4db9e07bdcdc236eb0ebcf"",""solana"":""916SDKz7y5ZcEZC9CtnQ5Djs1Y8Yv3UAPb6bak8ondo""}"
38034,HIMSON,Hims & Hers Health Tokenized Stock (Ondo),hims-hers-health-tokenized-stock-ondo,app.ondo.finance,38034.png,"{""ethereum"":""0xCa468554e5C0423Ee858fe3942c9568C51FcAa79"",""bnb"":""0x4693f6f5ef257381a28afd0673e64d8b32d5c6ad"",""solana"":""bdh3njeo19d2TBLAKTGvCWdSoArfVw8uZBAJHY4ondo""}"
38035,INTCON,Intel Tokenized Stock (Ondo),intel-tokenized-stock-ondo,app.ondo.finance,38035.png,"{""ethereum"":""0xFdA09936DbD717368De0835bA441d9E62069d36f"",""bnb"":""0xa528caaa2f96090e379d43f90834c75df54d6e74"",""solana"":""cJpUMp5R7rZ6fGeLHbHhrRuJzK9mkyKDjZqNpT3ondo"",""hyperliquid"":""0x7bf529bb5Db370D679F33f4fe5420F48eE234bB7""}"
38036,KOON,Coca-Cola Tokenized Stock (Ondo),coca-cola-tokenized-stock-ondo,app.ondo.finance,38036.png,"{""ethereum"":""0x74a03d741226f738098C35da8188E57acA50d146"",""bnb"":""0x405f38b90bebf1259062cf29da299f3398662bcb"",""solana"":""e6G4pfFcrdKxJuZ4YXixRFfMbpMvgXG2Mjcus71ondo""}"
38037,AAPLON,Apple Tokenized Stock (Ondo),apple-tokenized-stock-ondo,app.ondo.finance,38037.png,"{""ethereum"":""0x14c3abF95Cb9C93a8b82C1CdCB76D72Cb87b2d4c"",""bnb"":""0x390a684ef9cade28a7ad0dfa61ab1eb3842618c4"",""solana"":""123mYEnRLM2LLYsJW3K6oyYh8uP1fngj732iG638ondo"",""hyperliquid"":""0x81db0DF77669b3BE563e7a0591685a2C8C3EE1c5""}"
38038,GSON,Goldman Sachs Tokenized Stock (Ondo),goldman-sachs-tokenized-stock-ondo,app.ondo.finance,38038.png,"{""ethereum"":""0xdB57d9C14e357Fc01E49035a808779Df41E9B4e2"",""bnb"":""0x0d4f9b25f81163fb4840ba4f434672543823000c"",""solana"":""BchJRy2snmhJZf3rQ9LJ3ePs2BGfYgfvQNo31d2ondo""}"
38039,UNHON,UnitedHealth Tokenized Stock (Ondo),unitedhealth-tokenized-stock-ondo,app.ondo.finance,38039.png,"{""ethereum"":""0x075756F3b6381a79633438fAA8964946bf40163d"",""bnb"":""0x3385cb29cca0ac66f5d2354d13ef977b49a2510f"",""solana"":""kPBGL8vAwKN3UGmr9cjkM2dU79SC3nzTC9yu7F8ondo""}"
38040,VON,Visa Tokenized Stock (Ondo),visa-tokenized-stock-ondo,app.ondo.finance,38040.png,"{""ethereum"":""0xaC37c20C1d0E5285035e056101a64e263Ff94a41"",""bnb"":""0x1cde419fae0ef7f7931ae3e29e5f411c8c5e5fa1"",""solana"":""kxEW4oJL75K37VeXaZF1ynbHQATQwhECQKN1374ondo""}"
38041,IAUON,iShares Gold Trust Tokenized ETF (Ondo),ishares-gold-trust-tokenized-etf-ondo,app.ondo.finance,38041.png,"{""ethereum"":""0x4f0CA3df1c2e6b943cf82E649d576ffe7B2fABCF"",""bnb"":""0xcb2a0f46f67dc4c58a316f1c008edef5c2311795"",""solana"":""M77ZvkZ8zW5udRbuJCbuwSwavRa7bGAZYMTwru8ondo"",""hyperliquid"":""0x83b01AC9e2D1632A70Dd1C813c5B8eDF29cd707f""}"
38042,CVXON,Chevron Tokenized Stock (Ondo),chevron-tokenized-stock-ondo,app.ondo.finance,38042.png,"{""ethereum"":""0x8F3E41b378ae010c46d255F36bFC1D303b52dceb"",""bnb"":""0xd3113a0ad20a46f6a662c63fe8e637f7713e59c7"",""solana"":""7tgKziACteG26VjV5xKufojKxwTgCFyTwmWUmz5ondo""}"
38043,LLYON,Eli Lilly Tokenized Stock (Ondo),eli-lilly-tokenized-stock-ondo,app.ondo.finance,38043.png,"{""ethereum"":""0xf192957AE52dB3eb088654403CC2eDeD014ae556"",""bnb"":""0x341d31b2be1fee9c00e395a62ba41837f4322eed"",""solana"":""eGGxZwNSfuNKRqQLKaz2hc4QkA2mau7skyxPdj7ondo""}"
38044,ABNBON,Airbnb Tokenized Stock (Ondo),airbnb-tokenized-stock-ondo,app.ondo.finance,38044.png,"{""ethereum"":""0xb035c3d5083bdc80074F380aeBc9Fcb68aBa0A28"",""bnb"":""0xef80743f78d98fc2b47a2253b293152ce8b879ba"",""solana"":""128qNYovdGv2YqayErcJgU7gDwbNVX1VuoxbtWz8ondo""}"
38045,TMON,Toyota Tokenized Stock (Ondo),toyota-tokenized-stock-ondo,app.ondo.finance,38045.png,"{""ethereum"":""0xaB02fc332e9278eBCbbC6B4a8038050c01D15F69"",""bnb"":""0xecc1299f183b6a720a6f4729bf24f82cd8d50828"",""solana"":""kbmF7ERJWMaaDswMprrH9gHSLya5D2RMBNgKqg3ondo""}"
38046,COINON,Coinbase Tokenized Stock (Ondo),coinbase-tokenized-stock-ondo,app.ondo.finance,38046.png,"{""ethereum"":""0xF042cfa86cf1D598a75Bdb55c3507a1F39f9493b"",""bnb"":""0xf8589b526fdd65f7f301c605a6e04f0f1b4b3620"",""solana"":""5u6KDiNJXxX4rGMfYT4BApZQC5CuDNrG6MHkwp1ondo"",""hyperliquid"":""0x639Bcd00422facAcA534063e3d860e8fcf78B46F""}"
38047,EQIXON,Equinix Tokenized Stock (Ondo),equinix-tokenized-stock-ondo,app.ondo.finance,38047.png,"{""ethereum"":""0x73d2ccEE12C120E7DA265a2dE9d9f952a0101b4f"",""bnb"":""0xe4e12c9cec3e8cae405202a97f66afa695075fa0"",""solana"":""aheEdmuryJU8ymy8LjYheZH5i2BW1UMsfuWQKD2ondo""}"
38048,QCOMON,Qualcomm Tokenized Stock (Ondo),qualcomm-tokenized-stock-ondo,app.ondo.finance,38048.png,"{""ethereum"":""0xE3419710c1f77D44B4DaB02316d3f048818C4E59"",""bnb"":""0xfbd4d681c92ead6af0e49950c8b2e47eeacbb2db"",""solana"":""hrmX7MV5hifoaBVjnrdpz698yABxrbBNAcWtWo9ondo""}"
38049,MCDON,McDonald's Tokenized Stock (Ondo),mcdonalds-tokenized-stock-ondo,app.ondo.finance,38049.png,"{""ethereum"":""0x4C82c8cD9a218612DCe60b156B73A36705645e3b"",""bnb"":""0x995add4ba29a628a57930a8a185c62ca044ec090"",""solana"":""EUbJjmDt8JA222M91bVLZs211siZ2jzbFArH9N3ondo""}"
38050,ASMLON,ASML Holding NV Tokenized Stock (Ondo),asml-holding-nv-tokenized-stock-ondo,app.ondo.finance,38050.png,"{""ethereum"":""0xE51bA774ebF6392c45Bf1d9E6b334d07992460d3"",""bnb"":""0xb034f6cb52b7f2fd5a7eeeffca6b9adcd6b9a6f6"",""solana"":""1eLZPRsn8bAKmoxsqDMH9Q2m2k7GMNp6RLSQGm8ondo""}"
38051,IVVON,iShares Core S&P 500 Tokenized ETF (Ondo),ishares-core-sp-500-tokenized-etf-ondo,app.ondo.finance,38051.png,"{""ethereum"":""0x62cA254a363dc3c748e7E955c20447aB5bF06fF7"",""bnb"":""0x1104eb7e85e25eb45f88e638b0c27a06c1a91cb2"",""solana"":""CqW2pd6dCPG9xKZfAsTovzDsMmAGKJSDBNcwM96ondo"",""hyperliquid"":""0xAd26B6048cc3682f67Fe4C829b7Ac99dbF95920e""}"
38052,JDON,JD.com Tokenized Stock (Ondo),jdcom-tokenized-stock-ondo,app.ondo.finance,38052.png,"{""ethereum"":""0xdeB6B89088cA9B7d7756087c8a0F7C6DF46f319C"",""bnb"":""0xe92be960ae64f6a914ca77014cac9e56de7f36c1"",""solana"":""E1aUS5nyv7kaBzdQzPVJW5zfaMgoUJpKYzdnFS2ondo""}"
38053,RDDTON,Reddit Tokenized Stock (Ondo),reddit-tokenized-stock-ondo,app.ondo.finance,38053.png,"{""ethereum"":""0xA9431d354cFAD3c6B76E50f0e73b43D48Be80CD0"",""bnb"":""0x4da12f47578ef89c76179b760c778e70b668f80b"",""solana"":""HXFrTf9v9NdjGUTnx4sojR3Cf92hoBsQFUxKTN7ondo""}"
38054,MAON,Mastercard Tokenized Stock (Ondo),mastercard-tokenized-stock-ondo,app.ondo.finance,38054.png,"{""ethereum"":""0xA29dC2102dfc2a0A4A5dCb84Af984315567c9858"",""bnb"":""0x25ffda07f585c39848db6573e533d7585679c52d"",""solana"":""EsVHcyRxXFJCLMiuYLWhoDygrNe1BJGpYeZ17X7ondo""}"
38055,SBUXON,Starbucks Tokenized Stock (Ondo),starbucks-tokenized-stock-ondo,app.ondo.finance,38055.png,"{""ethereum"":""0xf15FbC1349ab99ABAd63db3f9A510BF413bE3BeF"",""solana"":""iPFqjcZQTNMNXA4kbShbMhfAVD8yr8Uq9UtXMV6ondo"",""bnb"":""0x94d7754541b829a87321d56121bc544167ac490d""}"
38056,CRCLON,Circle Internet Group Tokenized Stock (Ondo),circle-internet-group-tokenized-stock-ondo,app.ondo.finance,38056.png,"{""ethereum"":""0x3632DEa96A953C11dac2f00b4A05a32CD1063fAE"",""bnb"":""0x992879cd8ce0c312d98648875b5a8d6d042cbf34"",""solana"":""6xHEyem9hmkGtVq6XGCiQUGpPsHBaoYuYdFNZa5ondo"",""hyperliquid"":""0x13a81c5e8b4AB05Fc721DfF7bA95e250b29458F8""}"
38057,SLVON,iShares Silver Trust Tokenized ETF (Ondo),ishares-silver-trust-tokenized-etf-ondo,app.ondo.finance,38057.png,"{""ethereum"":""0xF3e4872e6a4cF365888D93b6146a2bAA7348F1A4"",""bnb"":""0x8b872732b07be325a8803cdb480d9d20b6f8d11b"",""solana"":""iy11ytbSGcUnrjE6Lfv78TFqxKyUESfku1FugS9ondo"",""hyperliquid"":""0xd53d98d13D93C817011645442c2e4d46E499B460""}"
38058,NKEON,Nike Tokenized Stock (Ondo),nike-tokenized-stock-ondo,app.ondo.finance,38058.png,"{""ethereum"":""0xD8e26FcC879b30cB0a0B543925a2B3500f074D81"",""bnb"":""0x04b5e199f2ec84f78b111035f57b16bee448db6f"",""solana"":""g646pcdG2Rt5DH9WZzL7VVnVDWCCMTTrnktwE74ondo""}"
38059,ARMON,Arm Holdings plc Tokenized Stock (Ondo),arm-holdings-plc-tokenized-stock-ondo,app.ondo.finance,38059.png,"{""ethereum"":""0x5Bf1b2A808598C0eF4Af1673a5457d86fE6d7B3d"",""bnb"":""0x527c6436e1eaa4f2065cde4090f798cb5d031dd6"",""solana"":""15SsCZqCsM9fZGhTmP4rdJTPT9WGZKazDSsgeQ8ondo""}"
38060,WMTON,Walmart Tokenized Stock (Ondo),walmart-tokenized-stock-ondo,app.ondo.finance,38060.png,"{""ethereum"":""0x82106347dDbB23cE44Cf4cE4053Ef1adf8b9323B"",""bnb"":""0xa7d1e886acf66ec0656df2decb4b7c893a3bab4c"",""solana"":""LZddqAqKqJW9oMZSjTxCUmbmzBRQtv9gMkD9hZ3ondo""}"
38061,PANWON,Palo Alto Networks Tokenized Stock (Ondo),palo-alto-networks-tokenized-stock-ondo,app.ondo.finance,38061.png,"{""ethereum"":""0x34bfdFF25F0fdA6d3ad0c33F1e06c0D40bD68885"",""bnb"":""0x0eaa1a75bd682a5669ab2371a559fbd039c6b9eb"",""solana"":""M7hVQomhw4Q2D2op3HvBrZjHu9SryjNvD5haEZ1ondo""}"
38062,AVGOON,Broadcom Tokenized Stock (Ondo),broadcom-tokenized-stock-ondo,app.ondo.finance,38062.png,"{""ethereum"":""0x0d54D4279B9E8c54cD8547c2C75A8Ee81A0BcaE8"",""bnb"":""0x0ed2e3180edf393e6bf8db124bd15ddd54de150a"",""solana"":""1FWZtdWN7y38BSXGzbs8D6Shk88oL9atDNgbVz9ondo""}"
38063,SNOWON,Snowflake Tokenized Stock (Ondo),snowflake-tokenized-stock-ondo,app.ondo.finance,38063.png,"{""ethereum"":""0x5D1a9a9B118fF19721e0111f094f2360b6Ef7A2f"",""bnb"":""0x138ed6833ff4e8811e1fea0d005e13726c8886f9"",""solana"":""JmFLCBwoNvcXy6B2VqABg6m784ubkXpaEx3p7S5ondo""}"
38064,ACNON,Accenture Tokenized Stock (Ondo),accenture-tokenized-stock-ondo,app.ondo.finance,38064.png,"{""ethereum"":""0xAbA9Ae731Aad63335C604E5f6E6A5db2e05f549d"",""bnb"":""0x7af44d51d1fb88c5b74fc71d3cba649bb8099d14"",""solana"":""12LxMMJYVSf4LoeqjFE47BQQNRciaH9E3nbDfjH4ondo""}"
38065,METAON,Meta Platforms Tokenized Stock (Ondo),meta-platforms-tokenized-stock-ondo,app.ondo.finance,38065.png,"{""ethereum"":""0x59644165402b611b350645555B50Afb581C71EB2"",""bnb"":""0xd7df5863a3e742f0c767768cdfcb63f09e0422f6"",""solana"":""fDxs5y12E7x7jBwCKBXGqt71uJmCWsAQ3Srkte6ondo"",""hyperliquid"":""0x46FA18Ffe2707bbecc46D457D40EFBE6B932f711""}"
38066,IWMON,iShares Russell 2000 Tokenized ETF (Ondo),ishares-russell-2000-tokenized-etf-ondo,app.ondo.finance,38066.png,"{""ethereum"":""0x070D79021dD7e841123cB0CF554993bF683c511D"",""bnb"":""0x500eafc69b68acd6f27064f9b75f1c7d91cc4d9f"",""solana"":""dvj2kKFSyjpnyYSYppgFdAEVfgjMEoQGi9VaV23ondo""}"
38067,SPYON,SPDR S&P 500 Tokenized ETF (Ondo),spdr-sp-500-tokenized-etf-ondo,app.ondo.finance,38067.png,"{""ethereum"":""0xFeDC5f4a6c38211c1338aa411018DFAf26612c08"",""bnb"":""0x6a708ead771238919d85930b5a0f10454e1c331a"",""solana"":""k18WJUULWheRkSpSquYGdNNmtuE2Vbw1hpuUi92ondo"",""hyperliquid"":""0x32eC2792aeC02122eDD9f28866B720db1e1c1B54""}"
38068,TIPON,iShares TIPS Bond Tokenized ETF (Ondo),ishares-tips-bond-tokenized-etf-ondo,app.ondo.finance,38068.png,"{""ethereum"":""0x2Df38cA485D01fC15e4FD85847ed26b7EF871c1c"",""bnb"":""0x2ac26ec236df5d1d2ad1a6dd4e448a90e45dc35d"",""solana"":""k6BPp2Xmf2TYgrZiUyWfUoZBKeqaDbvPoAVgSx2ondo""}"
38069,UBERON,Uber Tokenized Stock (Ondo),uber-tokenized-stock-ondo,app.ondo.finance,38069.png,"{""ethereum"":""0x5Bcd8195E3Ef58f677aeF9eBC276B5087c027050"",""bnb"":""0xde9d6036fca870f7efc5a82722ae694c371ac909"",""solana"":""KJNeFW3kk3ycPjXpC6cbuyckjeYHacc2ekhtAi5ondo""}"
38070,CSCOON,Cisco Systems Tokenized Stock (Ondo),cisco-systems-tokenized-stock-ondo,app.ondo.finance,38070.png,"{""ethereum"":""0x980a1001ee94e54142b231f44C7CA7c9DF71FBe1"",""bnb"":""0x34304f2f7cc487eb4186e6d69f5905a613474aa2"",""solana"":""7DWcZE1uVc8m2mf9pV8KNov28ET7HsvHkhrhgr9ondo""}"
38071,BIDUON,Baidu Tokenized Stock (Ondo),baidu-tokenized-stock-ondo,app.ondo.finance,38071.png,"{""ethereum"":""0x9d4C6AD12B55E4645b585209F90Cc26614061E91"",""bnb"":""0x467e59ce5d5fe01686d4a80dd1e1dae13549aa6c"",""solana"":""54CoRF2FYMZNJg9tS36xq5BUcLZ7rju1r59jGc2ondo""}"
38072,AGGON,iShares Core US Aggregate Bond Tokenized ETF (Ondo),ishares-core-us-aggregate-bond-tokenized-etf-ondo,app.ondo.finance,38072.png,"{""ethereum"":""0xfF7CF16aA2fFc463b996DB2f7B7cf0130336899D"",""bnb"":""0x08ce97f3d5cf11e577d091ab048bc5e2eae3fabb"",""solana"":""13qTjKx53y6LKGGStiKeieGbnVx3fx1bbwopKFb3ondo""}"
38073,PLTRON,Palantir Technologies Tokenized Stock (Ondo),palantir-technologies-tokenized-stock-ondo,app.ondo.finance,38073.png,"{""ethereum"":""0x0c666485b02F7A87d21AdD7AEb9F5e64975AA490"",""bnb"":""0x9351abd19f42101dd36025e495b98e910b255d78"",""solana"":""HfsnTS5qtdStwec9DfBrunRqnAMYMMz1kjv9Hu9ondo"",""hyperliquid"":""0x039358AB6919159f6026Ea4428595a5AaF12A35C""}"
38074,SPGION,S&P Global Tokenized Stock (Ondo),sp-global-tokenized-stock-ondo,app.ondo.finance,38074.png,"{""ethereum"":""0xbc843b147DB4C7E00721d76037b8b92e13AfE13f"",""bnb"":""0x55b370b704240a914f42b5bbb3195431c031f9f8"",""solana"":""JrTYw7A9jihX5TwpRStYviEbsYf2X2VJpZ13719ondo""}"
38075,TSMON,Taiwan Semiconductor Manufacturing Tokenized Stock (Ondo),taiwan-semiconductor-manufacturing-tokenized-stock-ondo,app.ondo.finance,38075.png,"{""ethereum"":""0x3Cafdbfe682aec17d5acE2f97A2f3ab3dCf6a4A9"",""bnb"":""0xc37042a7a4fa510d8884a433762ab87257b91965"",""solana"":""keybg184d4vyXeQdFqs4o99YsMg7xBthxTJ6Ky3ondo"",""hyperliquid"":""0x3254cdffDDEDdb1F61B9eF6f67e178615CCb0E85""}"
38076,BABAON,Alibaba Tokenized Stock (Ondo),alibaba-tokenized-stock-ondo,app.ondo.finance,38076.png,"{""ethereum"":""0x41765F0FCddC276309195166C7A62AE522FA09ef"",""bnb"":""0xd5964f3fcee8d649995ab88f04b8982539c282d2"",""solana"":""1zvb9ELBFShBCWKEk5jRTJAaPAwtVt7quEXx1X4ondo"",""hyperliquid"":""0x799Bf997B733CAb2e1377D0411b63E35133991eb""}"
38077,AXPON,American Express Tokenized Stock (Ondo),american-express-tokenized-stock-ondo,app.ondo.finance,38077.png,"{""ethereum"":""0x2Bc7Ff0C5dA9F1a4A51F96e77C5b0F7165DC06d2"",""bnb"":""0xd803f8777187d6dee1ea57854aeb957043fb1675"",""solana"":""1WxT6NdK7uqpfXuKpALxL2n3f7Rq61XXeHA8UM4ondo""}"
38078,DASHON,DoorDash Tokenized Stock (Ondo),doordash-tokenized-stock-ondo,app.ondo.finance,38078.png,"{""ethereum"":""0x241958c86c7744d15d5f6314BA1Ea4c81DDA2896"",""bnb"":""0x7567c2a46bce46373b454682f3d95e6535bde144"",""solana"":""83P1gCFBZfGRCwJuBt9juxJKEsZwejJoG66eTZ6ondo""}"
38079,INTUON,Intuit Tokenized Stock (Ondo),intuit-tokenized-stock-ondo,app.ondo.finance,38079.png,"{""ethereum"":""0x6cc0afD51CE4Cb6920B775F3D6376Ab82b9A93Bb"",""bnb"":""0x6e3e077a6c0e3c27fd6d00b97387d9b7bd451bab"",""solana"":""CozoH5HBTyyeYSQxHcWpGzd4Sq5XBaKzBzvTtN3ondo""}"
38080,DISON,Disney Tokenized Stock (Ondo),disney-tokenized-stock-ondo,app.ondo.finance,38080.png,"{""ethereum"":""0xc3D93B45249E8E06cfeB01d25A96337E8893265d"",""bnb"":""0xeee9eee593cb8f7946260b4066cba7907f40acfa"",""solana"":""mJf1xT3suXtkXBCfZcE9oUUuyxkvSgqYBWiX7v1ondo""}"
38081,WFCON,Wells Fargo Tokenized Stock (Ondo),wells-fargo-tokenized-stock-ondo,app.ondo.finance,38081.png,"{""ethereum"":""0x4AD2118Da8a65eaa81402A3d583FEF6eE76BDf3F"",""bnb"":""0x629520dee1620def11596f84e85de9f1ff653012"",""solana"":""L6ZE5qCpVVSqLePz64CrwkgyWoPF9M7tB8BeFH4ondo""}"
38082,JPMON,JPMorgan Chase Tokenized Stock (Ondo),jpmorgan-chase-tokenized-stock-ondo,app.ondo.finance,38082.png,"{""ethereum"":""0x03C1EC4CA9DBb168E6Db0DeF827c085999CBffaF"",""bnb"":""0x317bf42b43a394860718266dec445dcc9fd9da49"",""solana"":""E5Gczsavxcomqf6Cw1sGCKLabL1xYD2FzKxVoB4ondo""}"
38083,AMZNON,Amazon Tokenized Stock (Ondo),amazon-tokenized-stock-ondo,app.ondo.finance,38083.png,"{""ethereum"":""0xbb8774FB97436d23d74C1b882E8E9A69322cFD31"",""bnb"":""0x4553cfe1c09f37f38b12dc509f676964e392f8fc"",""solana"":""14Tqdo8V1FhzKsE3W2pFsZCzYPQxxupXRcqw9jv6ondo"",""hyperliquid"":""0xeD68F063264a01fd7f93087DC19CC1E0D614e8De""}"
38084,IJHON,iShares Core S&P MidCap Tokenized ETF (Ondo),ishares-core-sp-midcap-tokenized-etf-ondo,app.ondo.finance,38084.png,"{""ethereum"":""0xFd50Fc4E3686a8DA814c5C3D6121d8aB98a537F0"",""bnb"":""0x167e93a849a0cc479769132552b99aa1cfa0948c"",""solana"":""cfPLN9WXD2BTkbZhRZMVXPmVSiRo44hJWRtnaC8ondo""}"
38085,GEON,General Electric Tokenized Stock (Ondo),general-electric-tokenized-stock-ondo,app.ondo.finance,38085.png,"{""ethereum"":""0xD904bCf89B7CedF5c89f9Df7e829191D695F847E"",""bnb"":""0x5151a22421ed4277f1e4ca4785a07b035d548a36"",""solana"":""aTBfDuLRqYHBiG82bHA7DzwjSDTFre2dRtGH3S5ondo""}"
38086,MSFTON,Microsoft Tokenized Stock (Ondo),microsoft-tokenized-stock-ondo,app.ondo.finance,38086.png,"{""ethereum"":""0xB812837b81a3a6b81d7CD74CfB19A7f2784555E5"",""bnb"":""0x6bfe75d1ad432050ea973c3a3dcd88f02e2444c3"",""solana"":""FRmH6iRkMr33DLG6zVLR7EM4LojBFAuq6NtFzG6ondo"",""hyperliquid"":""0xD53471f6D493f7eD766181D88Ba9c2Bfc371399A""}"
38087,SBETON,"SharpLink Gaming, Inc Tokenized Stock (Ondo)",sharplink-gaming-inc-tokenized-stock-ondo,app.ondo.finance,38087.png,"{""ethereum"":""0xfDb46864A7C476F0914c5E82CdED3364a9F56F8a"",""bnb"":""0x99e01f02d66455bb106d91d469c9eaf6ab4904f6"",""solana"":""iLDu2jjp2i3Uqc2Vm7K7GLiUj3hR4Un49MtD7c4ondo""}"
38088,HYGON,iBoxx $ High Yield Corporate Bond Tokenized ETF (Ondo),iboxx-high-yield-corporate-bond-tokenized-etf-ondo,app.ondo.finance,38088.png,"{""ethereum"":""0xeD3618Bb8778F8eBBe2f241Da532227591771D04"",""bnb"":""0x0dae81a905b645a3d1e67129b89cd0acda224e9a"",""solana"":""c5ug15fwZRfQhhVa6LHscFY33ebVDHcVCezYpj7ondo""}"
38089,MRVLON,Marvell Technology Tokenized Stock (Ondo),marvell-technology-tokenized-stock-ondo,app.ondo.finance,38089.png,"{""ethereum"":""0xF404E5f887dBd5508e16a1198fCDD5DE1A4296B8"",""bnb"":""0x1501ec83ffef405b4331cc4f73277a40fb0c627d"",""solana"":""FovBwhoV5KQjZCdhoM6jgXYwXLX3F8vgAfvmLH7ondo""}"
38090,FUTUON,Futu Holdings Tokenized Stock (Ondo),futu-holdings-tokenized-stock-ondo,app.ondo.finance,38090.png,"{""ethereum"":""0x5Ce215d9c37a195DF88e294a06B8396C296B4e15"",""bnb"":""0x5acf40056ed51c8bbcd1b125ef803581ac89a627"",""solana"":""Ao5rKFRQ54W3DKSAtqfhBRPNHewwWRLNLao2JL9ondo""}"
38091,BAON,Boeing Tokenized Stock (Ondo),boeing-tokenized-stock-ondo,app.ondo.finance,38091.png,"{""ethereum"":""0x57270D35A840BC5C094da6FBeCA033FB71eA6Ab0"",""bnb"":""0xf21132a811ad1a878e21af60f64d4e690c9daa42"",""solana"":""1YVZ4LGpq8CAhpdpm3mgy7GgPb83gJczCpxLUQ3ondo""}"
38092,MSTRON,MicroStrategy Tokenized Stock (Ondo),microstrategy-tokenized-stock-ondo,app.ondo.finance,38092.png,"{""ethereum"":""0xCabD955322dfbf94C084929ac5E9Eca3fEB5556F"",""bnb"":""0x7313ea16493b2f55054df0131a3a14b043ec8992"",""solana"":""FSz4ouiqXpHuGPcpacZfTzbMjScoj5FfzHkiyu2ondo"",""hyperliquid"":""0x8a64FDf0857c1C734A594cd1DB20B3f8E3f133f6""}"
38093,NVDAON,NVIDIA Tokenized Stock (Ondo),nvidia-tokenized-stock-ondo,app.ondo.finance,38093.png,"{""ethereum"":""0x2D1F7226Bd1F780AF6B9A49DCC0aE00E8Df4bDEE"",""bnb"":""0xa9ee28c80f960b889dfbd1902055218cba016f75"",""solana"":""gEGtLTPNQ7jcg25zTetkbmF7teoDLcrfTnQfmn2ondo"",""hyperliquid"":""0xB989ad9b91886b1Aaed8DaADb26F028b29b40945""}"
38094,QQQON,Invesco QQQ Tokenized ETF (Ondo),invesco-qqq-tokenized-etf-ondo,app.ondo.finance,38094.png,"{""ethereum"":""0x0e397938C1Aa0680954093495B70A9F5e2249aBa"",""bnb"":""0x0cde6936d305d5b34667fc46425e852efd73559a"",""solana"":""HrYNm6jTQ71LoFphjVKBTdAE4uja7WsmLG8VxB8ondo"",""hyperliquid"":""0x911e2dCD2b70F44231F3F0f1C6ec9aF75068FD85""}"
38095,APOON,Apollo Global Management Tokenized Stock (Ondo),apollo-global-management-tokenized-stock-ondo,app.ondo.finance,38095.png,"{""ethereum"":""0x4D21aFfD27183B07335935F81A5C26b6A5A15355"",""bnb"":""0x5630b5741a33371d9d935283849a16dc808f7f3a"",""solana"":""14VXAhoa1R74vi1ZuiQyGLJrnDMfoFBPJSCpGVz3ondo""}"
38096,PGON,Procter & Gamble Tokenized Stock (Ondo),procter-gamble-tokenized-stock-ondo,app.ondo.finance,38096.png,"{""ethereum"":""0x339ce23a355ed6D513DD3e1462975C4eCD86823a"",""bnb"":""0x400f1e257f86d25578a0928c94dc95115f09d5c9"",""solana"":""GZ8v4NdSG7CTRZqHMgNsTPRULeVi8CpdWd9wZY8ondo""}"
38097,MELION,MercadoLibre Tokenized Stock (Ondo),mercadolibre-tokenized-stock-ondo,app.ondo.finance,38097.png,"{""ethereum"":""0x2816169A49953C548BfEb3948dCF05c4A0E4657D"",""bnb"":""0x60a8f8e05200ff73afde9e2cae819bf1605f0bdd"",""solana"":""EWwdgGshGngcMpDV34pWZRSu5bkAuiKuKTTHKQ8ondo""}"
38098,FIGON,Figma Ord Shs Tokenized Stock (Ondo),figma-ord-shs-tokenized-stock-ondo,app.ondo.finance,38098.png,"{""ethereum"":""0x073E7a0669833d356fa88ca65CC6D454EFaAa3c5"",""bnb"":""0x93fac02b22b6743423381d163aec418178019b7a"",""solana"":""aLDdFsr3VTUQaHFK6yNvQxztvxQ8nxW4AMuSGC7ondo""}"
38099,IEMGON,iShares Core MSCI Emerging Markets Tokenized ETF (Ondo),ishares-core-msci-emerging-markets-tokenized-etf-ondo,app.ondo.finance,38099.png,"{""ethereum"":""0xcDD60D15125bf3362b6838D2506b0Fa33bc1a515"",""bnb"":""0x22092c94a91d019ad15536725598b0a6be0a73c0"",""solana"":""cdVNL7wK8mf1UCDqM6zdrziRv4hmvqWhXeTcck2ondo""}"
38102,ARIA,AriaAI,aria-ai,playariagame.com,38102.png,"{""bnb"":""0x5d3A12c42E5372B2CC3264AB3cdcF660a1555238""}"
38103,MPDAO,Meta Pool,mpdao,metapool.app,38103.png,"{""near-protocol"":""mpdao-token.near"",""ethereum"":""0x798bcB35D2d48C8cE7eF8171860B8d53A98b361d""}"
38104,BLOB,B.O.B the Blob,bob-the-blob,knowyourmeme.com,38104.png,"{""solana"":""6qHtAvksH2cSaUjz6euVSikPU8RnDqLpFtuWH6Ropump""}"
38105,TOTAKEKE,Totakeke,totakeke,totakeke.vip,38105.png,"{""ethereum"":""0x69A80A841f3385ec8Ddc6C24d2Ad2f615D2AD1f2""}"
38106,DGC,DecentralGPT,decentralgpt,decentralgpt.org,38106.png,"{""bnb"":""0x9cfAE8067322394e34E6b734c4a3F72aCC4a7Fe5""}"
38107,AOL,AOL (America Online),aol-america-online,america.fun,38107.png,"{""solana"":""2oQNkePakuPbHzrVVkQ875WHeewLHCd2cAwfwiLQbonk""}"
38109,SSX,Solana Stock Index,solana-stock-index,ssxcapital.com,38109.png,"{""solana"":""2EyNf2PCNT7eQ9ag1RDXw3qn3Cy22WdTA9T6HKDebonk""}"
38117,SAPIEN,Sapien,sapien-io,sapien.io,38117.png,"{""base"":""0xC729777d0470F30612B1564Fd96E8Dd26f5814E3""}"
38118,DGMA,DaGama World,dagama-world,dagama.world,38118.png,"{""ethereum"":""0x4bdFa27cE379d7601dA1d15bD637a1Cf895fF8fB""}"
38122,GOONER,Purgy Pengoon,purgy-pengoon,purgypengoon.com,38122.png,{}
38123,TTAJ,TTAJ,ttaj,ttajm.com,38123.png,"{""polygon-ecosystem-token"":""0x3c12f8829041bf99deaa2965014e01b750f87905""}"
38127,AKE,AKEDO,akedo,learn.akedo.fun,38127.png,"{""bnb"":""0x2c3a8Ee94dDD97244a93Bc48298f97d2C412F7Db""}"
38131,ALKIMI,Alkimi,alkimiexchange,alkimi.org,38131.png,"{""sui"":""0x1a8f4bc33f8ef7fbc851f156857aa65d397a6a6fd27a7ac2ca717b51f2fd9489::alkimi::ALKIMI""}"
38132,DRESS,DRESSdio,dressdio,dressdio.io,38132.png,"{""polygon-ecosystem-token"":""0xE6800Cf598015A3Ec5DD534f328F349da239bC78""}"
38133,BTC,Bitcoin AI,bitcoin-ai,btctokenoff.xyz,38133.png,"{""bnb"":""0xf22aac87E08d7FC60aA89eb21110ddfE59c20854""}"
38136,SPACE,Spacecoin,spacecoin-org,spacecoin.org,38136.png,"{""ethereum"":""0x87acFA3fD7A6e0d48677D070644D76905C2bDC00"",""bnb"":""0x87acFA3fD7A6e0d48677D070644D76905C2bDC00""}"
38137,HYPR,Hypr,hypr,hypr.fund,38137.png,"{""ethereum"":""0x8adA9bF2d08B484CB9DEE67caccD04B991D88145""}"
38138,JBC,JimmyBossCollective,jimmybosscollective,jbc.finance,38138.png,"{""bnb"":""0x73cb7463fB02eF2bA258286356E2F45f250F85C9""}"
38139,OMFG,Omnipair,omnipair,omnipair.fi,38139.png,"{""solana"":""omfgRBnxHsNJh6YeGbGAmWenNkenzsXyBXm3WDhmeta""}"
38140,BOATKID,Pacu Jalur,pacu-jalur,boatkidsol.io,38140.png,"{""solana"":""FJjKH9Xp2SvNDNUSN7X9T4uMNafFEYzbZpnwEZXKpump""}"
38146,META,MetaDAO (new),meta-dao-new,metadao.fi,38146.png,"{""solana"":""METAwkXcqyXKy1AtsSgJ8JiUHwGCafnZL38n3vYmeta""}"
38147,MC,MixMax,mixmax,mixmax.pro,38147.png,{}
38151,YZY,YZY MONEY,yzy,money.yeezy.com,38151.png,"{""solana"":""DrZ26cKJDksVRWib3DVVsjo9eeXccc7hKhDJviiYEEZY""}"
38152,TSLA,Tesla (Derivatives),tesla-derivatives,,38152.png,{}
38153,NVDA,NVIDIA (Derivatives),nvidia-derivatives,,38153.png,{}
38154,CRCL,Circle Internet Group (Derivatives),circle-internet-group-derivatives,bitget.com,38154.png,{}
38156,MEFAI,META FINANCIAL AI,meta-financial-ai,mefai.io,38156.png,"{""bnb"":""0x1390b330208417af0e8785f3b2a51b3d63722c99""}"
38157,BNB,BNB AI,bnb-ai,bnbaitoken.xyz,38157.png,"{""bnb"":""0x3376C5632f8047D009713884440c0020f2C66c85""}"
38159,HEMI,Hemi,hemi,hemi.xyz,38159.png,"{""ethereum"":""0xeb964a1a6fab73b8c72a0d15c7337fa4804f484d"",""bnb"":""0x5ffd0eadc186af9512542d0d5e5eafc65d5afc5b""}"
38163,FST,FreeStyle Classic,freestyle-classic,freestyle-classic.com,38163.png,"{""bnb"":""0xfa35E2250E376c23955247383DC32C79082e7fcC""}"
38166,UTT,uTrade,utrade,utrade.vip,38166.png,"{""solana"":""9gExMiURmgzKZyq5PhGnxaLcFrt4hYcca87HK8VSXe4g""}"
38167,MUSD,MetaMask USD,metamask-usd,metamask.io,38167.png,"{""ethereum"":""0xacA92E438df0B2401fF60dA7E4337B687a2435DA"",""linea"":""0xacA92E438df0B2401fF60dA7E4337B687a2435DA""}"
38168,MTP,Multiple Network,multiple-network,multiple.cc,38168.png,"{""bnb"":""0x83330d159c9a4b09e6717feefef7a634b70d216a""}"
38169,NXA,Nexa (nexaagent.xyz),nexaagent-xyz,nexaagent.xyz,38169.png,"{""base"":""0xbe1518af2419b8ead1fbca138a676d559fedb51d""}"
38171,SACKS,SackFurie,sackfurie,sackfurie.com,38171.png,"{""ethereum"":""0xB8C14C3D478FEd09CbD443Ad2581415F33F220ba""}"
38175,TAKE,OVERTAKE,overtake,overtake.world,38175.png,"{""bnb"":""0xE747E54783Ba3F77a8E5251a3cBA19EBe9C0E197"",""sui"":""0x76a49ebaf991fa2d4cb6a352af14425d453fe2ba6802b5ed2361b227150b6689::take::TAKE""}"
38177,HOKK,Hokkaidu Inu,hokkaidu-inu-ethereum,hokkinu.xyz,38177.png,"{""ethereum"":""0x4f2CeF6F39114adE3d8AF4020fa1De1d064cadAF""}"
38178,TRUTH,Swarm Network,swarm-network-ai,swarmnetwork.ai,38178.png,"{""sui"":""0x0a48f85a3905cfa49a652bdb074d9e9fabad27892d54afaa5c9e0adeb7ac3cdf::swarm_network_token::SWARM_NETWORK_TOKEN""}"
38181,SCAM,Scamcoin,scamcoin,scamcoin.lol,38181.png,"{""solana"":""9mNjA6BizTwpvd4DS3o7BjwZ6aPM9DC2jLHS7JFGbonk""}"
38185,ADI,ADI,adi-token,token.adi.foundation,38185.png,"{""ethereum"":""0x8b1484d57abbe239bb280661377363b03c89caea""}"
38186,DIEM,Diem,venice-ai,venice.ai,38186.png,"{""base"":""0xf4d97f2da56e8c3098f3a8d538db630a2606a024""}"
38187,UCN,Uchain,uchain,uchain.com,38187.png,{}
38192,JUPSOL,Jupiter Staked SOL,jupiter-staked-sol,jup.ag,38192.png,"{""solana"":""jupSoLaHXQiZZTSfEWMTRRgpnyFm8f6sZdosWBjx93v""}"
38195,CAMP,Camp Network,camp-network,campnetwork.xyz,38195.png,"{""ethereum"":""0x84EAac1B2dc3f84D92Ff84c3ec205B1FA74671fC""}"
38196,BABYWLFI,Baby World Liberty Financial,baby-world-liberty-financial,babywlfi.vip,38196.png,"{""ethereum"":""0xf92927eca847da7fc2b1b47d0c09a101dee6cdaf""}"
