id,symbol,name,slug,web,logo,contract
38199,BAG,Bag on Bonk,bag-on-bonk,bag.red,38199.png,"{""solana"":""HMaJxXp3Ja81jSwigF6zGaMt79hNZuczrw6i7LjTbonk""}"
38201,GUGO,GUGO,gugo,runwithgugo.com,38201.png,{}
38202,RBR,Robora,robora,robora.xyz,38202.png,"{""ethereum"":""0x2C431766E48Ec4A17dc052d9d3feF6b6A9ae8D62""}"
38203,WOLF,WOLF,wolf-on-sol,thewolfonsol.com,38203.png,"{""solana"":""BTr5SwWSKPBrdUzboi2SVr1QvSjmh1caCYUkxsxLpump""}"
38204,MITO,Mitosis,mitosis,mitosis.org,38204.png,"{""bnb"":""0x8e1e6BF7E13C400269987B65Ab2b5724b016CaEF""}"
38208,BABYU,BabyUnicorn,babyunicorn,babyusol.tech,38208.png,"{""solana"":""7xAinob3Fmi6Sf1zA1kUDkuSuBh4KEVtuKqL6WM1DWKr""}"
38209,BZIL,BullZilla,bullzilla,bullzilla.com,38209.png,"{""ethereum"":""0x30a5690D3483813ceFbA5662e5F64a6Ed5075b4b""}"
38210,BNB,BNBTiger Inu,bnb-tiger-inu,bnbtigerinu.xyz,38210.png,"{""bnb"":""0xa05cCD2F8ac92afE092A7240E948aA3E17cEF843""}"
38211,ANOA,ANOA,anoa,anoatoken.com,38211.png,"{""ethereum"":""0x44A8701fb5c8c22B90d839363e6C2B2C1a58A525""}"
38212,XLAB,Dexlab,dexlab-space,dexlab.space,38212.png,"{""solana"":""XLnpFRQ3rSWupCRjuQfx74mgVoT3ezVJKE1CogRZxhH"",""bnb"":""0x5ba9bfffb868859064c33d4f995a0828b2b1d2d3""}"
38213,BANANAGUY,BananaGuy,bananaguy,bananaguy.fun,38213.png,"{""solana"":""BANANEcQx72LrK5YeCz6xsdKXbS8zgNbkEseUeJ8Torr""}"
38218,QSTAY,QSTAY,qstay,stayqstay.com,38218.png,"{""solana"":""96hj47MzSpZgVcT1v4nwpbQNEU59f6ys48PArGivpump""}"
38219,ARARA,Araracoin,araracoin,araracoin.org,38219.png,"{""bnb"":""0xDa05cA5303D75f14e298FB8aEFF51fD2F2105803""}"
38222,MIDAS,Midas The Minotaur,midas-the-minotaur,midasonbase.com,38222.png,"{""base"":""0xB8d59c7B33054BEdA610B2b2D38EA38694cdfaBd""}"
38223,BOMET,BOMET,bomet,bomet.fyi,38223.png,"{""base"":""0x33e7F871Ce502ec77A0D96fDcd02C9219f95E944""}"
38227,FUSAKA,Fusaka,fusaka,fusakacoin.com,38227.png,"{""ethereum"":""0x7607546645655D4E93EA6839a55339263B3e4986""}"
38229,ADA,Cardano Inu,cardano-inu-xyz,cardanoinutoken.xyz,38229.png,"{""bnb"":""0x7f9A1A5C15125940895307A7E567301E51b3b612""}"
38231,MMT,Momentum,momentum-token,mmt.finance,38231.png,"{""sui"":""0x35169bc93e1fddfcf3a82a9eae726d349689ed59e4b065369af8789fe59f8608::mmt::MMT"",""bnb"":""0xac246674dd88dd08f9c6dd0ab5e2115988bff34a""}"
38232,SHITCOIN,Just A Shitcoin,just-a-shitcoin,,38232.png,"{""solana"":""GaPbGp23pPuY9QBLPUjUEBn2MKEroTe9Q3M3f2Xpump""}"
38234,XL1,XL1,xl1,xyo.network,38234.png,"{""ethereum"":""0xf72aE3E0DA743033AbD7A407557D684c1aE66aed""}"
38235,PEG,PEPEGOLD,pepegold-net,pepegold.net,38235.png,"{""bnb"":""0xc940A6746F8Ffa8A9476C116030e5d4bADed805a""}"
38236,Q,Quack AI,quack-ai,quackai.ai,38236.png,"{""ethereum"":""0xc07e1300dc138601FA6B0b59f8D0FA477e690589"",""bnb"":""0xc07e1300dc138601FA6B0b59f8D0FA477e690589""}"
38237,FOREST,Forest Protocol,forest-protocol,forest.inc,38237.png,"{""ethereum"":""0x8D33F0Ae6d111212D9d64B0821c7Cf09E6270C27"",""bnb"":""0x11cf6bf6d87cb0eb9c294fd6cbfec91ee3a1a7d0""}"
38238,SMOON,SAFEMOON,safemoon-site,smoonbnb.site,38238.png,"{""bnb"":""0x64FF4F3739daC4040C510C6a6b2190ac32ff4444""}"
38240,QST,QuStream,qustream,qustream.com,38240.png,"{""solana"":""AUuCEHQ7sm2i5GmaHrpE961voWcTY8U6mgrkhcV7pump""}"
38243,KEK,KEK,kek-vip,kek.vip,38243.png,"{""ethereum"":""0x7Beb8F36650E9327d8C52735e3b3c9D1521576E3""}"
38246,ARK,ARK DeFAI,ark-defai,arkdefai.com,38246.png,"{""bnb"":""0xcae117ca6bc8a341d2e7207f30e180f0e5618b9d""}"
38247,MCH,Moonchain,moonchain,moonchain.com,38247.png,"{""bnb"":""0xF8F331DFa811132c43C308757CD802ca982b7211""}"
38250,MCGA,Make CRO Great Again,make-cro-great-again,mcga.fun,38250.png,"{""cronos"":""0xd37015dbe943Fc81053232de3f757154CbAA9E7c""}"
38251,PLANCK,Planck,planck,plancknetwork.com,38251.png,"{""ethereum"":""0xe33679565212f14d68131851751E1050E15db857"",""bnb"":""0x004D50B3fC784b580531D8e8615AA96Cf7fbb919"",""base"":""0xB6fd6Ae1cd535e7B5253a30780B9F5B01F4D56F2""}"
38254,CST,Crypto Sustainable Token,crypto-sustainable-token,csttoken.com,38254.png,"{""ethereum"":""0x3c41C80B966b92d345Dc8FC91e5508BC7248da6E""}"
38256,HAUST,Haust Network,haust-network,haust.network,38256.png,"{""ethereum"":""0xec3502A9f98f151aF52EE6CB423a0afE7bBF5A19""}"
38257,BOT,Hyperbot,hyperbot,hyperbot.network,38257.png,"{""bnb"":""0x59537849f2a119ec698c7Aa6C6DaAdc40C398A25""}"
38261,WBAI,WhiteBridge Network,whitebridge-network,whitebridge.network,38261.png,"{""bnb"":""0x635d44F246156ed1080CB470877256c847673f19""}"
38262,CRO,CRO Trump AI,cro-trump-ai,crotrumpai.xyz,38262.png,"{""bnb"":""0xbe43b4b23e6dee5b82522fA50B7Ab83605D1827f""}"
38265,BNBTIGER,Bnb Tiger Inu,bnb-tiger-inu-top,bnbtiger.top,38265.png,"{""bnb"":""0xF8584516b7d2c156C763C874d6813E06b57e4cB5""}"
38267,AI3,Autonomys Network,autonomys-network,autonomys.xyz,38267.png,"{""ethereum"":""0x363FCa95F23E10C76ef793D62d92d39e89d83AC1""}"
38270,U,Union,union,union.build,38270.png,"{""ethereum"":""0xba5eD44733953d79717F6269357C77718C8Ba5ed"",""bnb"":""0xba5eD44733953d79717F6269357C77718C8Ba5ed""}"
38271,XDOG,XDOG,xdog,xdog.org,38271.png,"{""okb"":""0x0cc24c51bf89c00c5affbfcf5e856c25ecbdb48e""}"
38273,USDON,U.S. Dollar Tokenized Currency (Ondo),us-dollar-tokenized-currency-ondo,app.ondo.finance,38273.png,"{""ethereum"":""0xAcE8E719899F6E91831B18AE746C9A965c2119F1"",""bnb"":""0x1f8955E640Cbd9abc3C3Bb408c9E2E1f5F20DfE6"",""solana"":""ZPFtoCe7WWqG4N3ZFRccS8T9SMBeHsd1Vmgv2i7ondo""}"
38274,CDL,Creditlink,creditlink,creditlink.info,38274.png,"{""bnb"":""0x84575b87395c970f1f48e87d87a8db36ed653716""}"
38277,GATA,Gata,gata,gata.net,38277.png,"{""bnb"":""0x46Ee3BFC281d59009cCD06F1dD6aBDbfCd82FFC3""}"
38278,ARMY,Army,army-pump,pump.fun,38278.png,"{""solana"":""3Gdx9LmKZJyciSz3mbge3YKLqskiMG71m1iDMPAwpump""}"
38279,EMDR,Modulr,modulr,modulr.cloud,38279.png,"{""ethereum"":""0x468EAbcB5C914ac59e72691F8fc970880A94f4B3""}"
38283,CARDS,Collector Crypt,collector-crypt,collectorcrypt.com,38283.png,"{""solana"":""CARDSccUMFKoPRZxt5vt3ksUbxEFEcnZ3H2pd3dKxYjp""}"
38291,SHARDS,WorldShards,worldshards,worldshards.online,38291.png,"{""bnb"":""0x38fd4ee2ade8b4be157dfee3d6b8979c78a56145"",""ethereum"":""0x6Efe65C2426b51E9AA0427B96C313E5D8715FD06""}"
38292,MIRROR,Black Mirror Experience,black-mirror-experience,blackmirrorclub.com,38292.png,"{""bnb"":""0x297eb2CD0E0aF48Dd2241D1fe2EAe8D9d5188E87"",""base"":""0xe1bfA25468AF64e366ddAFC9D91bCc6c97439A14""}"
38298,CZW,CarbonZeroWorld,carbonzeroworld,carbonzero.game,38298.png,"{""bnb"":""0xb2054b867c503350927930d0302528b9825d0db5""}"
38299,AVNT,Veranta,avantis,veranta.xyz,38299.png,"{""base"":""0x696F9436B67233384889472Cd7cD58A6fB5DF4f1""}"
38307,FELY,Felysyum,felysyum,felysyum.com,38307.png,"{""polygon-ecosystem-token"":""0xEe997788f625809332BaABB3110BCf1BA7400824""}"
38308,LOOK,LOOK,look,look.fun,38308.png,"{""solana"":""9223LqDuoJXyhCtvi54DUQPGS8Xf29kUEQRr7Sfhmoon""}"
38309,HOLO,Holoworld AI,holoworld-ai,holoworld.com,38309.png,"{""bnb"":""0x1a5D7E4c3A7F940B240b7357a4bFED30D17f9497"",""solana"":""69RX85eQoEsnZvXGmLNjYcWgVkp9r2JjahVm99KbJETU""}"
38310,USDUT,Unstable Tether,unstable-tether,usdut.org,38310.png,"{""solana"":""3vz82EWYv8xnc7Cm7qSgERcpMeqw92PcX8PBz88npump""}"
38311,MSVP,MSV Protocol,metasoilverse-protocol,msvprotocol.com,38311.png,"{""bnb"":""0x619940c0f69f1612245f94b7659403623239fb20"",""solana"":""4h6bS4MUSpE2zdWk2Hg4VTKwoayBSHQyH9su7L2THDqd""}"
38313,MOONCAT,Mooncat,mooncat,mooncatsol.com,38313.png,"{""solana"":""FNP2Dw2GU5wPBZgVCcerbEemV9dVfvQrThEor1jmoon""}"
38314,LOLCOIN,Worlds First Memecoin,worlds-first-memecoin,lolcoin.io,38314.png,"{""solana"":""HtrmuNs4nESVg5i8gHyufDpGN5HHKqPmFfbQV9yupump""}"
38315,POP,Zypher Network,zypher-network,zypher.network,38315.png,"{""bnb"":""0xA3cfB853339b77F385B994799B015cB04b208Fe6""}"
38318,SWTCH,Switchboard Protocol,switchboard-protocol,switchboard.foundation,38318.png,"{""solana"":""SW1TCHLmRGTfW5xZknqQdpdarB8PD95sJYWpNp9TbFx""}"
38320,FTMX,FUCK THE MATRIX,fuck-the-matrix,ftmtoken.io,38320.png,"{""ethereum"":""0x45510DB2481353178db5ABb87C96805fADad0724""}"
38321,TDN,Todin,todin,todin.app,38321.png,"{""cronos"":""0xcA6AcBBF0823A3c302426F81fc1e826AD84B005B""}"
38322,RUNWAGO,RUNWAGO,runwago,runwago.com,38322.png,"{""base"":""0x5d3772CE50dedca695197373f858bFB324E32e5a""}"
38323,AVG,Agilavetri Groups,agilavetri-groups,avgcoin.org,38323.png,"{""bnb"":""0x9D7435abdB6478198C730Ed7f4AE503e51799B8b""}"
38326,STREAMER,StreamerCoin,streamercoin,streamercoin.live,38326.png,"{""solana"":""3arUrpH3nzaRJbbpVgY42dcqSq9A5BFgUxKozZ4npump""}"
38329,XVM,VOLT,voltrwa,voltrwa.org,38329.png,"{""solana"":""FRsV3m924aGpLMuEekoo3JkkMt1oopaM4JY9ki5YLXrp""}"
38330,GUSD,GUSD,gusd,gate.com,38330.png,"{""ethereum"":""0xaf6186b3521b60e27396b5d23b48abc34bf585c5""}"
38331,USDH,USDH,hyperliquid-usd,nativemarkets.com,38331.png,"{""hyperliquid"":""0x111111a1a0667d36bd57c0a9f569b98057111111""}"
38332,USDHL,Hyper USD,hyper-usd,usdhl.xyz,38332.png,"{""hyperliquid"":""0xb50a96253abdf803d85efcdce07ad8becbc52bd5""}"
38334,ROBOT,RoboStack,robostack,robostack.io,38334.png,"{""base"":""0x708c2b2eeb9578dfe4020895139e88f7654647ff""}"
38335,JET2,Jet2Holidays,jet2holidays,bonk.fun,38335.png,"{""solana"":""Bf5uwQqUmtHLPYmGvs4z3Y56QtXgv6ApwQWo4aVrbonk""}"
38336,ART,LiveArt,liveart,liveart.io,38336.png,"{""base"":""0x4DEC3139f4A6c638E26452d32181fe87A7530805"",""bnb"":""0x4DEC3139f4A6c638E26452d32181fe87A7530805""}"
38337,0G,0G,zero-gravity,0gfoundation.ai,38337.png,"{""ethereum"":""0x4B948d64dE1F71fCd12fB586f4c776421a35b3eE"",""bnb"":""0x4B948d64dE1F71fCd12fB586f4c776421a35b3eE""}"
38339,UB,Unibase,unibase,unibase.com,38339.png,"{""ethereum"":""0x6944E1DF6Bf5972305f9Ab25dF47ef10De01bcc8"",""bnb"":""0x40b8129B786D766267A7a118cF8C07E31CDB6Fde""}"
38341,RAIN,Rain,rain,rain.one,38341.png,"{""arbitrum"":""0x25118290e6A5f4139381D072181157035864099d""}"
38342,PINGPONG,PINGPONG,pingpong,pingpong.build,38342.png,"{""bnb"":""0x3ecb529752dec6c6ab08fd83e425497874e21d49""}"
38346,PANDU,Pandu Pandas,pandu-pandas,pandupandas.com,38346.png,"{""solana"":""2xm2WZ9krE2YAArRC6S6ZzJAYgN813K6hh2dawKjpump""}"
38349,DOGE-1,DOGE-1 Satellite,doge-1-satellite,doge1.io,38349.png,"{""solana"":""DpBzjtgGLF7QA9Ug3eUVGbnqa6j3jvYBn1XuQuktvfhm""}"
38353,MET,Meteora,meteora,meteora.ag,38353.png,"{""solana"":""METvsvVRapdj9cFLzq4Tr43xK4tAjQfwX76z3n6mWQL""}"
38356,FOGO,Fogo,fogo,fogo.io,38356.png,{}
38357,AA,ARAI,arai,arai.systems,38357.png,"{""bnb"":""0x01bf3d77cd08b19bf3f2309972123a2cca0f6936""}"
38359,STBL,STBL,stbl,stbl.com,38359.png,"{""bnb"":""0x8dedf84656fa932157e27c060d8613824e7979e3""}"
38360,PAC,Pactus,pactus,pactus.org,38360.png,"{""bnb"":""0x10004a9a742ec135c686c9aced00fa3c93d66866"",""polygon-ecosystem-token"":""0x2f77e0afaee06970bf860b8267b5afecfff6f216"",""base"":""0x10004a9a742ec135c686c9aced00fa3c93d66866""}"
38361,TBC,TuringBitChain,turingbitchain,tbc.top,38361.png,{}
38362,NIZA,Niza Global,niza-global-new,nizaecosystem.com,38362.png,"{""bnb"":""0x3065930e06307eeCF872304299cE9be2a2F6bCe0"",""ethereum"":""0x373f323d21b38004d17386c18680c57657f78040"",""base"":""0xa9500acbd7de8a0e456af645937350393251c0ed""}"
38363,ORGO,Orgo,orgo,orgo.ai,38363.png,"{""solana"":""G85CQEBqwsoe3qkb5oXXpdZFh7uhYXhDRsQAM4aJuBLV""}"
38365,T6900,TOKEN6900,token6900,token6900.com,38365.png,"{""ethereum"":""0xDf4C0665e67CF0698447cA9e454Ed56cC6F2Df1e""}"
38368,OPENX,OpenX Network,openxai-network,openxai.org,38368.png,"{""base"":""0xA66B448f97CBf58D12f00711C02bAC2d9EAC6f7f""}"
38371,ZKC,Boundless,boundless,boundless.network,38371.png,"{""ethereum"":""0x000006c2a22ff4a44ff1f5d0f2ed65f781f55555"",""bnb"":""0x15247e6E23D3923a853cCf15940A20CCdf16e94a""}"
38375,COPE,Cope,copecoping,copecoping.com,38375.png,"{""solana"":""DMwbVy48dWVKGe9z1pcVnwF3HLMLrqWdDLfbvx8RchhK""}"
38376,EVAA,EVAA Protocol,evaa-protocol,evaa.finance,38376.png,"{""bnb"":""0xaa036928c9c0Df07d525B55ea8EE690Bb5a628C1"",""gram"":""EQBKMfjX_a_dsOLm-juxyVZytFP7_KKnzGv6J01kGc72gVBp""}"
38380,JOBIESS,JobIess (jobless4meme.fun),jobiess,joblessmeme.fun,38380.png,"{""bnb"":""0xa524b11473b7ce7eb1dc883a585e64471a734444""}"
38383,OUTLAW,OUTLAW Crypto Games,outlaw-crypto-games,outlawgames.app,38383.png,"{""solana"":""7df5p5aoW787CqUWGU2cwtdmtjd5Eiy3oJTbSpeRjupx""}"
38384,GOLD,Digital Gold,digital-gold-token,dexscreener.com,38384.png,"{""solana"":""EhwhYhMJp434kqQeFRRBCwCVPkgdjrYFcBXGozxVpump""}"
38386,USAT,USAT,tether-usat,usat.io,38386.png,"{""ethereum"":""0x07041776f5007ACa2A54844F50503a18A72A8b68"",""celo"":""0xD2ab3C9A02DBBAB236BfEC45D1d755DF4267F771""}"
38390,PEP,PEPECOIN,pepecoin-ga,pepecoin.ga,38390.png,"{""solana"":""BKmYE8w1GEQ6khhLkvMj4ULvV4Gq7zLfJZSgsHE5pump""}"
38391,BUTTPLUG,fartcoin killer,fartcoin-killer,buttplugcto.com,38391.png,"{""solana"":""2ZqgkCpvXjzB4NstzBUPSrsYrrbziUv5mC9CsxSQZryG""}"
38396,ABSTER,Abster,abster,abster.xyz,38396.png,{}
38400,MAIGA,Maiga,maiga,maiga.ai,38400.png,"{""bnb"":""0xcd1679f117e81defc4f0009311ddc23fc1ae4a5e""}"
38401,DL,Dill,dill,dill.xyz,38401.png,"{""bnb"":""0xCD806d0eB9465020994C9E977CBe34fe430172AE""}"
38402,JOJO,JoJoWorld,jojoworld,jojoworld.com,38402.png,"{""bnb"":""0x953783617a71A888F8b04f397F2c9e1a7c37Af7e""}"
38407,BOLD,Liquity BOLD,liquity-v2,liquity.org,38407.png,"{""ethereum"":""0x6440f144b7e50d6a8439336510312d2f54beb01d"",""base"":""0x03569CC076654F82679C4BA2124D64774781B01D"",""arbitrum"":""0x03569CC076654F82679C4BA2124D64774781B01D"",""optimism-ethereum"":""0x03569CC076654F82679C4BA2124D64774781B01D"",""hyperliquid"":""0x84533b1512A3A23F0c9668D88FDf86FEffdbb11A""}"
38408,BARD,Lombard,lombard,lombard.finance,38408.png,"{""ethereum"":""0xf0DB65D17e30a966C2ae6A21f6BBA71cea6e9754"",""bnb"":""0xd23A186A78c0B3B805505E5f8ea4083295ef9f3a""}"
38409,OSK,OSK,osk-continue,pgglobal.io,38409.png,"{""tron"":""TDk91SWz2GvwfZwMTGX21d4ngUUH8YZZAv""}"
38411,DGN,Dragon Coin,dragon-dawn-new,dungeongames.io,38411.png,"{""osmosis"":""ibc/CD6412358F33B372A355CF22786D8C19477C15092B56BD56188679EED8556964""}"
38412,STRSZN,Stream SZN,stream-szn,,38412.png,"{""solana"":""986j8mhmidrcbx3wf1XJxsQFvWBMXg7gnDi3mejsr8H8""}"
38417,RIVER,River,river,app.riverai.inc,38417.png,"{""ethereum"":""0xdA7AD9dea9397cffdDAE2F8a052B82f1484252B3"",""bnb"":""0xdA7AD9dea9397cffdDAE2F8a052B82f1484252B3"",""base"":""0xdA7AD9dea9397cffdDAE2F8a052B82f1484252B3""}"
38419,MDC,Meta Dollar Coin,meta-dollar-coin,mdccoin.io,38419.png,"{""bnb"":""0x69BF422871e3dF997069f885475c06821Cf4d381""}"
38420,USAD,USAD,gimbutiscoin,usad.net,38420.png,"{""ethereum"":""0x7EC90eD9297dBc5702b1E616A938235AfD20a1dE""}"
38427,ZBT,ZEROBASE,zerobase,zerobase.pro,38427.png,"{""ethereum"":""0xfAB99fCF605fD8f4593EDb70A43bA56542777777"",""bnb"":""0xfAB99fCF605fD8f4593EDb70A43bA56542777777"",""base"":""0xfAB99fCF605fD8f4593EDb70A43bA56542777777""}"
38429,5PT,Five Pillars Token,five-pillars-token,fivepillarstoken.com,38429.png,"{""bnb"":""0xe6cae4094352a670c3eb0fcbDa17c898b71c7F2A""}"
38430,AIA,DeAgentAI,deagentai,deagent.ai,38430.png,"{""bnb"":""0x53EC33Cd4fA46b9ecED9cA3f6dB626C5FfCd55cC"",""sui"":""0x99cc0e7834326ec6ac571421e9b8e042e9eb63062771c77ac592bd194180b5da::deagent_token::DEAGENT_TOKEN""}"
38431,W,W,w,wonbnb.com,38431.png,"{""bnb"":""0x380bf199b3173cf7b3b321848ae1c5014a124444""}"
38433,AOP,Ark of Panda,ark-of-panda,arkofpanda.com,38433.png,"{""bnb"":""0xd5dF4d260D7a0145F655bcBf3B398076F21016C7""}"
38435,NETX,NetX,netx,netx.world,38435.png,"{""bnb"":""0x4c32964715e9a42F8d119bFA8917d57822d3aDF1""}"
38436,VFY,zkVerify,zkverify,zkverify.io,38436.png,"{""base"":""0xa749dE6c28262B7ffbc5De27dC845DD7eCD2b358""}"
38438,RAGE,Rage Guy,rage-guy,rageguysol.com,38438.png,"{""solana"":""G3FoXHoQDuGkEG8ZqQd7riC9uB1N51bg7JuxJEPNpump""}"
38439,CRYPGPT,CRYPGPT,crypgpt-token,crypgpt.ai,38439.png,"{""bnb"":""0xe0Ae52E75b38B605E9c879a570ee1E7bCC66254B""}"
38440,狗狗币,Chinese Dogecoin,chinese-dogecoin,chinesedg.com,38440.png,"{""bnb"":""0x07B06f8D6182F8FaD97DCf50d6E27739687A4444""}"
38442,CMC20,CoinMarketCap 20 Index DTF,coinmarketcap-20-index,app.reserve.org,38442.png,"{""bnb"":""0x2f8A339B5889FfaC4c5A956787cdA593b3c36867"",""base"":""0xa0A8481fc246Cd12f75227aBB96220fF5360fad3""}"
38443,MOON,Moon,moonprojectbnb,moonprojectbnb.com,38443.png,"{""bnb"":""0x1Eb55169C045DD91ac47A0C3aF2FB1df93064444""}"
38447,CWOIN,cwoin,cwoin,cwoin.xyz,38447.png,"{""bnb"":""0x27B02Bc573023e0173854ff64b7beaf8A3c04444""}"
38450,TSTON,Tonstakers,tonstakers,tonstakers.com,38450.png,"{""gram"":""EQC98_qAmNEptUtPc7W6xdHh_ZHrBUFpw5Ft_IzNU20QAJav""}"
38451,PORTALS,Portals,portals,portalsfoundation.org,38451.png,"{""solana"":""PRTLSwfLzpVGSAQiUfXEenJkq1cwTsEcsn1hPL9zwwg""}"
38452,ETAN,Etarn,etarn,etarn.io,38452.png,"{""bnb"":""0xe5E1A0a43f307F390887E2a17399172F3F9a3caB""}"
38454,GRIPPY,GRIPPY,grippy,grippy.onbase.lol,38454.png,"{""base"":""0x24f883b8157956101bB6a52eFf94d3aE8188e890""}"
38455,XMN,xMoney,xmoney,xmoney.com,38455.png,"{""sui"":""0x97c7571f4406cdd7a95f3027075ab80d3e9c937c2a567690d31e14ab1872ccee::xmn::XMN""}"
38456,KO,Kyuzo's Friends,kyuzo-s-friends,kyuzosfriends.com,38456.png,"{""bnb"":""0x2D739Dd563609C39A1aE1546a03E8b469361175f""}"
38457,XMD,Metal Dollar,metal-dollar,metaldollar.com,38457.png,"{""proton"":""xmd.treasury""}"
38460,PALU,Binance's Palu,binances-palu,palu.meme,38460.png,"{""bnb"":""0xb75a7e8876df49a74cc4c76c6bda161a8ea4b483""}"
38461,DUST,Dust,dust,four.meme,38461.png,"{""bnb"":""0x932Fb7f52adBC34ff81B4342b8C036b7b8Ac4444""}"
38464,NOM,Nomina,nomina,nomina.io,38464.png,"{""ethereum"":""0x6e6F6d696e61decd6605bD4a57836c5DB6923340""}"
38466,BLESS,Bless,bless,bless.network,38466.png,"{""bnb"":""0x7C8217517ed4711fe2DECCdFefFE8d906b9Ae11F"",""solana"":""A1t2UviBYwyfYZDJyKY2W6Td8ritgsCriUDuNaAQN49S""}"
38467,HOB,HumansOfBinance,humansofbinance,humansofbinance.xyz,38467.png,"{""bnb"":""0x58fc1D27d5aCBfAE0565b581B75DA96c6c374444""}"
38468,HANA,Hana Network,hana-network,hana.network,38468.png,"{""bnb"":""0x6261963ebe9ff014aad10ecc3b0238d4d04e8353""}"
38470,GIGGLE,Giggle Fund,giggle-fund,giggletoken.com,38470.png,"{""bnb"":""0x20d6015660b3fe52e6690a889b5C51F69902cE0e""}"
38474,REGRET,Regret,regret,regretonpump.io,38474.png,"{""solana"":""DP4omjjY94NRJrECHBZyUQSpGrjtukoDyUbqb9Zzpump""}"
38475,ASTERINU,Aster Inu,aster-inu,asterinu.xyz,38475.png,"{""bnb"":""0x9f6c24232f1Bba6ef47BCb81b9b9434aCDB94444""}"
38476,GAIN,Griffin AI,griffin-ai,griffinai.io,38476.png,"{""ethereum"":""0xe0Ff1B0584d63Cb74A78537f1fe0d17564e741D4"",""bnb"":""0xa890F8BA60051ec8a5B528F056DA362Ba208a96F""}"
38477,ELIZABETH,Just Elizabeth Cat,just-elizabeth-cat,elizabeths.fun,38477.png,"{""solana"":""DiiTPZdpd9t3XorHiuZUu4E1FoSaQ7uGN4q9YkQupump""}"
38479,BNBCAKE,BNBCakeCoin,bnbcakecoin,bnbcake.com,38479.png,"{""bnb"":""0xD370eeB6250b2a1173D9F2BAf8AA410f1146c490""}"
38480,TMX,TMX,tmx,tge.tribe-dex.com,38480.png,"{""arbitrum"":""0xa057bf62b7760ae11d782dab5e081728bcda7017""}"
38481,XAN,Anoma,anoma,anoma.net,38481.png,"{""ethereum"":""0xcedbea37c8872c4171259cdfd5255cb8923cf8e7"",""bnb"":""0x7427bd9542e64d1ac207a540cfce194b7390a07f""}"
38482,FF,Falcon Finance,falcon-finance-ff,falcon.finance,38482.png,"{""ethereum"":""0xfa1c09fc8b491b6a4d3ff53a10cad29381b3f949"",""bnb"":""0xac23b90a79504865d52b49b327328411a23d4db2""}"
38484,QTO,Quanto,quanto,quanto.trade,38484.png,"{""solana"":""quantoL84tL1HvygKcz3TJtWRU6dFPW8imMzCa4qxGW""}"
38488,EDOM,Edom,edom,edom.cc,38488.png,"{""polygon-ecosystem-token"":""0x954AEC663b893D81b4C8dbE1a0544491fD63FA77""}"
38489,COAI,ChainOpera AI,chainopera-ai,chainopera.ai,38489.png,"{""bnb"":""0x0A8D6C86e1bcE73fE4D0bD531e1a567306836EA5""}"
38490,TENGE,TENGE TENGE,tenge-tenge,tengetenge.org,38490.png,"{""bnb"":""0x718447E29B90D00461966D01E533Fa1b69574444""}"
38492,REAL,Real,realyn,realyn.gold,38492.png,"{""solana"":""8Aq4fWMgPqJbF3w8w8PnLDRVUAFe4mzsCvPKxAArbonk""}"
38493,ASTHERUS,Astherus,astherus,astherus.name,38493.png,"{""bnb"":""0x39AEA3d999EdDBfBE73015b9b274CB912A144444""}"
38494,GOATED,GOAT Network,goat-network,goat.network,38494.png,"{""bnb"":""0x5d7909f951436d4e6974d841316057df3a622962""}"
38495,MIRA,Mira,mira-network,mira.network,38495.png,"{""bnb"":""0x7839Fbfd09DaE4d0F15BfB36b8f16f7898FBE684"",""base"":""0x7AaFD31a321d3627b30A8e2171264B56852187fe""}"
38499,XRP,XRP AI,xrp-ai,tokenoffai.xyz,38499.png,"{""bnb"":""0xC031F335e7F7B10E559225d723bF189F7C9A1595""}"
38500,BABYCREPE,BabyCrepe,babycrepe,babycrepe.dev,38500.png,"{""bnb"":""0x67C8b64FBcC780ACbCFF90F7a848eEc5bCCb9D45""}"
38501,IRWA,IncomRWA,incomrwa,incomrwa.io,38501.png,"{""ethereum"":""0xc7bd8466606539f06f2ec606d3c08efc181e15e5"",""base"":""0x833f973406E07830d494cBe5FaBBc3AE9c750c1F""}"
38502,NOS,NOS,nos,notes.bet,38502.png,{}
38503,MERC,Liquid Mercury,liquid-mercury,liquidmercury.com,38503.png,"{""ethereum"":""0x6EE2f71049DDE9a93B7c0EE1091b72aCf9b46810"",""base"":""0x8923947EAfaf4aD68F1f0C9eb5463eC876D79058""}"
38505,RZTO,RZTO,rizznet,rzto.io,38505.png,"{""solana"":""2qpqweHfSKUvZFGQL3D7aadD5i5dDN8kz9xdZGraGAxC""}"
38506,LIGHT,Bitlight,bitlight,bitlightlabs.com,38506.png,"{""bnb"":""0x477c2c0459004e3354ba427fa285d7c053203c0e""}"
38507,GG,Knockout Games,knockout-games,knockoutgames.io,38507.png,"{""solana"":""LhcykxUt6xVdiSZyWyaGdNHE3W8sAEmdnEjpMdkpump""}"
38510,TIMELESS,Timeless,timeless-bsc,timelessbnb.xyz,38510.png,"{""bnb"":""0x0ACE816a5336D8Bdf8DEce69cf084A03e36c4444""}"
38511,UP,DoubleUp,doubleup,doubleup.fun,38511.png,"{""sui"":""0x87dfe1248a1dc4ce473bd9cb2937d66cdc6c30fee63f3fe0dbb55c7a09d35dec::up::UP""}"
38512,KLINK,Klink Finance,klink-finance,klinkfinance.com,38512.png,"{""bnb"":""0x76E9b54B49739837bE8aD10c3687Fc6b543de852""}"
38513,EDEN,OpenEden,openeden,openeden.com,38513.png,"{""ethereum"":""0x24A3D725C37A8D1a66Eb87f0E5D07fE67c120035"",""bnb"":""0x235B6fe22B4642aDa16D311855c49Ce7DE260841""}"
38514,WXPL,Wrapped Plasma,wrapped-plasma,plasma.to,38514.png,"{""plasma-xpl"":""0x6100E367285b01F48D07953803A2d8dCA5D19873""}"
38515,2Z,DoubleZero,doublezero,doublezero.xyz,38515.png,"{""solana"":""J6pQQ3FAcJQeWPPGppWRb4nM8jU3wLyYbRrLh7feMfvd""}"
38516,PRICELESS,Priceless,priceless,priceless-cto.com,38516.png,"{""bnb"":""0x7d03759E5B41E36899833cb2E008455d69A24444""}"
38517,USDT0,USDT0,usdt0,usdt0.to,38517.png,"{""plasma-xpl"":""0xb8ce59fc3717ada4c02eadf9682a9e934f625ebb"",""optimism-ethereum"":""0x01bff41798a0bcf287b996046ca68b395dbc1071"",""hyperliquid"":""0xb8ce59fc3717ada4c02eadf9682a9e934f625ebb"",""berachain"":""0x779ded0c9e1022225f8e0630b35a9b54be713736"",""monad"":""0xe7cd86e13AC4309349F30B3435a9d337750fC82D"",""ink-token"":""0x0200c29006150606b650577bbe7b6248f58470c1"",""sei"":""0x9151434b16b9763660705744891fa906f660ecc5"",""okb"":""0x779ded0c9e1022225f8e0630b35a9b54be713736"",""mantle"":""0x779ded0c9e1022225f8e0630b35a9b54be713736"",""conflux-network"":""0xaf37E8B6C9ED7f6318979f56Fc287d76c30847ff"",""uniswap"":""0x9151434b16b9763660705744891fA906F660EcC5"",""polygon-ecosystem-token"":""0xc2132D05D31c914a87C6611C10748AEb04B58e8F"",""flare"":""0xe7cd86e13AC4309349F30B3435a9d337750fC82D"",""megaeth"":""0xb8ce59fc3717ada4c02eadf9682a9e934f625ebb"",""use-corn"":""0xB8CE59FC3717ada4C02eaDF9682A9e934F625ebb"",""rsk"":""0x779ded0c9e1022225f8e0630b35a9b54be713736"",""hedera"":""0x00000000000000000000000000000000009ce723"",""usdt0"":""0x779ded0c9e1022225f8e0630b35a9b54be713736""}"
38519,MCQ,Mecha Conquest,mecha-conquest,mechaconquest.net,38519.png,"{""bnb"":""0x47cB7D57e16a99a86D45fF3c3D2A2CAcC2919A13""}"
38520,QPAY,Qpay,qpay-finance,qpay.finance,38520.png,"{""solana"":""EMg2QkFZ6pLvgckVGj8X6nmyrkiuoamYnTdoxXN8pump""}"
38522,SZN,BNB MEME SZN,bnb-meme-szn,bnbmemeszn.com,38522.png,"{""bnb"":""0x23b35C7f686CAC8297eA6e81A467286481cA4444""}"
38523,STRIKE,StrikeBit AI,strikebit-ai,strikebit.io,38523.png,"{""bnb"":""0x2AA89A0113BcbBcdC5812C6Df794E2D9650fC1AF""}"
38524,LGNS,Origin,origin,originworld.org,38524.png,"{""polygon-ecosystem-token"":""0xeb51d9a39ad5eef215dc0bf39a8821ff804a0f01"",""anubis"":""0x4d1d808a081fdac440703b3765fc61f8028c06b8""}"
38526,GOT,Golden Pact,golden-pact,goldenpact.io,38526.png,"{""bnb"":""0x701add4311e85c1f9c1549319fe2c476bc8a1b8b""}"
38528,AEA,AlphaExchangeAI,alphaexchangeai,aeaweb3.com,38528.png,"{""bnb"":""0xee634a826465a1799afc2cfefbdb6fa3766c8888""}"
38530,BTG,Openverse Network,openverse-network,openverse.network,38530.png,"{""bnb"":""0x4C9027E10c5271Efca82379D3123917AE3F2374e""}"
38531,RP1,Ready player one,ready-player-one,rpone.game,38531.png,"{""bnb"":""0x1a694db0d264ebd10d2620270e2618784039f92f""}"
38532,PKM,Pockemy,pockemy,pockemy.com,38532.png,"{""solana"":""6LH9NDBYUf7thDx8sMZppZpxAsdXtsQ9VN37gKMpZRSp""}"
38533,HOLY,Holy coin,holy-coin,holycoin.world,38533.png,"{""solana"":""BSXFKLVsyrYckSF4SGXu9DRfMb3Fos7tRF9zMXgRCUsP""}"
38534,CASH+,CASH+,cash-plus,asseto.finance,38534.png,"{""ethereum"":""0x498D9329555471bF6073A5f2D047F746d522A373"",""bnb"":""0x1775504c5873e179Ea2f8ABFcE3861EC74D159bc""}"
38538,P,PoP Planet,pop-planet,popp.club,38538.png,"{""bnb"":""0x810DF4c7Daf4eE06AE7c621D0680E73a505C9A06""}"
38542,SLX,SLIMEX,slimex,slimeminer.io,38542.png,"{""bnb"":""0x8A063A9ff4dE28dcB87117cc759BE6cE70e09F81"",""kaia"":""0x32db8748f9b99c6fc2590484f584089955d05c19""}"
38544,FT,Flying Tulip,flying-tulip,flyingtulip.com,38544.png,"{""ethereum"":""0x5dd1a7a369e8273371d2dbf9d83356057088082c""}"
38545,COINDEPO,COINDEPO,coindepo,coindepo.com,38545.png,"{""ethereum"":""0xb40725714Fe8C547C5b0C1472CBa3554eFa81718""}"
38546,YES,Yes Coin (yescoins.cc),yescoins,yescoins.cc,38546.png,"{""ethereum"":""0x70f3a26df06da6376f820c7ab2e5641b46c0d831""}"
38547,GNET,Galactica.com,galactica,galactica.com,38547.png,"{""ethereum"":""0x690F1eEf8AcEaD09Ac695d9111Af081045c6d5b7"",""solana"":""3ZELuj8iVdekxTR5a4SVG6VkgR7pHFYTLvyuLJDURSs4""}"
38548,GROYPER,GROYPER (groyperarmy.com),groyperarmy,groyperarmy.com,38548.png,"{""solana"":""AjgSvYmJLhvt3FteiyTqQf8XBj1SVs6T6AmSUfkHpump""}"
38550,PIPE,Pipe Network,pipe-network,pipe.network,38550.png,"{""solana"":""7s9MoSt7VV1J3jVNnw2AyocsQDBdCkPYz5apQDPKy9i5""}"
38551,CYPR,Cypher,cypher-token,cypherhq.io,38551.png,"{""base"":""0xD262A4c7108C8139b2B189758e8D17c3DFC91a38""}"
38552,BTC,Bitcoin Base,bitcoin-base,baseoff.xyz,38552.png,"{""base"":""0xFaF1C31F6855E91B1a905761C81A79e4966e4709""}"
38554,KGEN,KGeN,kgen,kgen.io,38554.png,"{""bnb"":""0xf3d5b4c34ed623478cc5141861776e6cf7ae3a1e"",""aptos"":""0x2a8227993a4e38537a57caefe5e7e9a51327bf6cd732c1f56648f26f68304ebc"",""base"":""0xF3d5b4c34Ed623478cc5141861776E6cf7AE3A1E""}"
38557,4,4,4four,,38557.png,"{""bnb"":""0x0A43fC31a73013089DF59194872Ecae4cAe14444""}"
38561,LYN,Everlyn AI,everlyn,everlyn.ai,38561.png,"{""bnb"":""0x302DFaF2CDbE51a18d97186A7384e87CF599877D""}"
38562,USDAI,USDai,usdai,usd.ai,38562.png,"{""arbitrum"":""0x0a1a1a107e45b7ced86833863f482bc5f4ed82ef"",""plasma-xpl"":""0x0a1a1a107e45b7ced86833863f482bc5f4ed82ef""}"
38563,BABY4,Baby 4,baby-4,baby4.ai,38563.png,"{""bnb"":""0xE815f6941d19D1e20b0e1f92471c6143809F4444""}"
38564,ADOG,Aster Dog,aster-dog,four.meme,38564.png,"{""bnb"":""0x87241b1b7Fd82Cf4F4842f195909cA69aA6E4444""}"
38565,1,1,1onbnb,1onbnb.fun,38565.png,"{""bnb"":""0xE77223430bfb8e497a3c8E126cb5Ad5275934444""}"
38567,CAPY,capybara,capybara-solana,thecapytoken.com,38567.png,"{""solana"":""7VENy6wCjBChAMGpjPQCPYJDeYJGFr5NZUxk7uQ7bonk""}"
38568,SAFU,Funds are SAFU,funds-are-safu,safucoinbnb.fun,38568.png,"{""bnb"":""0x3f2B10F3327ea2337C524eEf23F4cd61bC364444""}"
38569,APR,Capricorn,apriori,capricorn.tech,38569.png,"{""ethereum"":""0x5A9610919f5e81183823A2be4Bd1BeB2B4da2a20"",""bnb"":""0x299AD4299Da5b2b93Fba4c96967B040C7F611099""}"
38570,HODL,HODL (hodl_bnbcto),hodl-bnbcto,ctohodl.com,38570.png,"{""bnb"":""0x77D689c28B9a1661AA75451dCee6D3D3C0264444""}"
38573,SP,Smart Pocket,smart-pocket,smapocke.com,38573.png,"{""solana"":""6gdDALVM7FrTnXTXo17PpHnLtUdnaAtokCBzPUZKA2rx""}"
38575,CRP,Cryptopeso,cryptopeso,crpswap.bnb.cryptopeso.co,38575.png,"{""bnb"":""0x86333e34c8804532Ae34207c46e741cBc3Ff3FE3""}"
38577,MOB,Mobile Blockchain,mobile-blockchain,mobcoin.game,38577.png,"{""bnb"":""0xfa39ed187c7b89fcedabcf0310b3c4ac88f76fd8""}"
38578,MF,Moonwalk Fitness,moonwalk-fitness,moonwalk.fit,38578.png,"{""solana"":""moonThZEkkTVoNB7v6YVCQiT56JYDZ1oN185ba3WizL""}"
38579,赵长娥,赵长娥,zhaochange,zhaochanger.fun,38579.png,"{""bnb"":""0x2036a6ea0371dc8e88b5dfd5c2adc373e76c4444""}"
38582,BAN,Crypto BAN,crypto-ban,cryptoban.md,38582.png,"{""bnb"":""0xeece7b1ad18a12136ba4c145438de7ecfacbd4d2""}"
38583,NOVA,Nova,novain-ai,novain.ai,38583.png,"{""bnb"":""0x2Fc1493bcc38DA9921Ac749899826289a146A1Fb""}"
38585,CLASH,GeorgePlaysClashRoyale,georgeplaysclashroyale,pump.fun,38585.png,"{""solana"":""6nR8wBnfsmXfcdDr1hovJKjvFQxNSidN6XFyfAFZpump""}"
38588,OWB,OWB,owb,onewayblock.com,38588.png,"{""base"":""0xEF5997c2cf2f6c138196f8A6203afc335206b3c1""}"
38590,币安人生,币安人生,bianrensheng,,38590.png,"{""bnb"":""0x924fa68a0FC644485b8df8AbfA0A41C2e7744444""}"
38594,PALU,Palu,palu,,38594.png,"{""bnb"":""0x02e75d28A8AA2a0033b8cf866fCf0bB0E1eE4444""}"
38595,BABYBNB,Baby BNB,baby-bnb-vip,baby-bnb.vip,38595.png,"{""bnb"":""0x85c4b77896e1e16b2bc14af21299105629724444""}"
38596,ZERA,ZERA,zera,zeralabs.org,38596.png,"{""solana"":""8avjtjHAHFqp4g2RR9ALAGBpSTqKPZR8nRbzSTwZERA""}"
38597,XCL,Xcellar,xcellar,xcellar.ai,38597.png,"{""ethereum"":""0xca5e50710f656f2e537ce2fc8504db6e24ed3515""}"
38598,TSAT,Satoshi a BTC Stablecoin,satoshi-a-btc-stablecoin,satoshi15.com,38598.png,"{""solana"":""tSATdGGSLYBVCrm3pXiib8NmzKcB1iUdjRRseNGssxu""}"
38599,TRASH,TRASH COIN,trash-coin,teamtrashcoin.wixsite.com,38599.png,"{""solana"":""5ypxFmuJUTsSkAeKRuRs4xSxkb4vWbjMLT3GY7ckpump""}"
38601,BTC,Bitcoin X (tokenxoff.xyz),bitcoin-x-tokenxoff-xyz,tokenxoff.xyz,38601.png,"{""bnb"":""0x5c1b89F02CDae86EDe019d6b2AE071E456f4f804""}"
38602,SYND,Syndicate,syndicate-io,syndicate.io,38602.png,"{""ethereum"":""0x1bab804803159ad84b8854581aa53ac72455614e""}"
38603,DEW,DEW,dew-bsc,moonex.io,38603.png,"{""bnb"":""0xA9550C2112a277b03CCfF6aa1BaaacD74c754444""}"
38604,HARIKO,Inu Hariko,inu-hariko,inuhariko.com,38604.png,"{""ethereum"":""0x949c255362e21042b26Cf6a6B54CBB218B50090c""}"
38607,BABYASTER,Baby Aster,baby-aster,babyasterbnb.com,38607.png,"{""bnb"":""0xD0593Df7A9a99Ae03B46437c5F20C339bC02Fc37""}"
38609,SANTA,Santacoin,santacoin,santacoin.net,38609.png,"{""bnb"":""0x3A89ff5A692cBB4a726A4D58253CbbBCA9914444""}"
38610,WBULL,Wall St. Bull,wall-st-bull,bull.meme,38610.png,"{""bnb"":""0xa9b54868089235cf5CF2969d9AdA8dBf5d964444""}"
38614,客服小何,客服小何,kefuxiaohe,,38614.png,"{""bnb"":""0x3aC8e2c113D5D7824aC6ebe82a3c60b1B9D64444""}"
38615,BELG,Belgian Malinois,belgian-malinois,belgtoken.com,38615.png,"{""bnb"":""0x7e4DAB87cBD6307E8833Cc5C540ee151C6db4F42""}"
38616,CORL,Coral Finance,coral-finance,coraldex.finance,38616.png,"{""bnb"":""0xfD9A3f94Bec6B08711D90FF69CBBa42fac96B45A""}"
38618,NOICE,noice,noice,noice.so,38618.png,"{""base"":""0x9cb41fd9dc6891bae8187029461bfaadf6cc0c69""}"
38625,財務自由,財務自由,caiwuziyou,,38625.png,"{""bnb"":""0xb77a1BD00D9C7FF5e15D70C7f78e4b80E18E4444""}"
38627,USAD,Lydia,lydia-coins,lydiaone.com,38627.png,"{""ethereum"":""0x3d66E6fE9a3cF698DB5AF3D70830B299c9235151"",""bnb"":""0x3d66E6fE9a3cF698DB5AF3D70830B299c9235151"",""solana"":""DHsUQZYRqZ5WNEHZxL5evnAt7A7W19BJ5GxUdJz3NcPh"",""tron"":""TLW7Es7aPHT519WiH4st3FMCCSBdY2Vt6U"",""base"":""0x3d66E6fE9a3cF698DB5AF3D70830B299c9235151""}"
38628,AUDD,Australian Digital Dollar,novatti-australian-digital-dollar,audd.digital,38628.png,"{""ethereum"":""0x4cce605ed955295432958d8951d0b176c10720d5"",""hedera"":""0x39ceba2b467fa987546000eb5d1373acf1f3a2e1"",""solana"":""AUDDttiEpCydTm7joUMbYddm72jAWXZnCpPZtDoxqBSw"",""xdc-network"":""0x9fe4e6321eeb7c4bc537570f015e4734b15002b8"",""base"":""0x449b3317a6d1efb1bc3ba0700c9eaa4ffff4ae65"",""xrp"":""rUN5Zxt3K1AnMRJgEWywDJT8QDMMeLH5ok"",""stellar"":""GDC7X2MXTYSAKUUGAIQ7J7RPEIM7GXSAIWFYWWH4GLNFECQVJJLB2EEU""}"
38630,DOP2,Data Ownership Protocol 2,data-ownership-protocol-2,dop.org,38630.png,"{""ethereum"":""0xa37DB5456b5938Aa50B33575Ae2eB8048CA5959b""}"
38632,AXOME,Axolotl Token,axolotl-token,axome-token.com,38632.png,"{""ethereum"":""0x8c6f889888d22ee1d8aa2954b61b9f10e7402b95"",""base"":""0x8c6f889888d22ee1d8aa2954b61b9f10e7402b95""}"
38633,BABYBTC,Baby Bitcoin,babybtc-vip,babybtc.vip,38633.png,"{""bnb"":""0x0320ac98A6B24AcC65aF829D15822f2c47904444""}"
38634,CLO,Yei Finance,clovis,yei.finance,38634.png,"{""bnb"":""0x81D3A238b02827F62B9f390f947D36d4A5bf89D2"",""sei"":""0x81D3A238b02827F62B9f390f947D36d4A5bf89D2""}"
38635,KPG,Mandala,mandala-chain,mandalachain.io,38635.png,"{""ethereum"":""0x5a30Ed2D3650c99e9B0de9063982495e9818BBE2""}"
38637,BNBHOLDER,币安Holder,bian-holder,,38637.png,"{""bnb"":""0x44440f83419DE123d7d411187aDb9962db017d03""}"
38639,PUP,PUP,pupxbnb,bnbpup.com,38639.png,"{""bnb"":""0x73b84F7E3901F39FC29F3704a03126D317Ab4444""}"
38640,OLY,OLY,oly,olyonedao.com,38640.png,"{""bnb"":""0x544028231562a43b106fbceca722b65cb5c861b0""}"
38642,NUMMUS,Nummus Aeternitas,nummus-aeternitas,nummus.meme,38642.png,"{""solana"":""9JK2U7aEkp3tWaFNuaJowWRgNys5DVaKGxWk73VT5ray""}"
38643,YBNB,Yellow BNB,yellow-bnb,yellowbnb4.com,38643.png,"{""bnb"":""0x5119b761c43EE153b5464d83fDA4361512F15835""}"
38645,NYAN,Nyan Cat (nyancoin.io),nyancoin-io,nyancoin.io,38645.png,"{""solana"":""CMx7yon2cLzHcXqgHsKJhuU3MmME6noWLQk2rAycBAGS""}"
38647,FUN,Sport.Fun,sport-fun,sport.fun,38647.png,"{""solana"":""8cn4JeRLiHTtfX6maZAsipGGyyZPdEcos3s2X3Hw3BS6"",""base"":""0x16EE7ecAc70d1028E7712751E2Ee6BA808a7dd92""}"
38649,LSCAT,Light Speed Cat V2,light-speed-cat-v2,lightspeedcat.com,38649.png,"{""bnb"":""0x391d9DDA8E3d0418D323EA6BcC194300d1b76eDC""}"
38650,BTC,Bitcoin Inu (tokeninu.xyz),bitcoin-inu-tokeninu-xyz,tokeninu.xyz,38650.png,"{""bnb"":""0xe993278fF97C505098dEC831Afb9f4afF2526698""}"
38651,YB,YieldBasis,yieldbasis,yieldbasis.com,38651.png,"{""ethereum"":""0x01791F726B4103694969820be083196cC7c045fF"",""bnb"":""0xFB93EE8152dd0a0e6F4b49C66c06d800Cf1Db72d""}"
38652,WARD,Warden,warden,wardenprotocol.org,38652.png,"{""bnb"":""0x6dc200b21894af4660b549b678ea8df22bf7cfac""}"
38655,BOT,MasterBOT,masterbot,masterbot.app,38655.png,"{""solana"":""63bpnCja1pGB2HSazkS8FAPAUkYgcXoDwYHfvZZveBot""}"
38656,WAGMI,WAGMI (wearewagmi.com),wagmicto69420,wearewagmi.com,38656.png,"{""solana"":""GnM6XZ7DN9KSPW2ZVMNqCggsxjnxHMGb2t4kiWrUpump""}"
38657,EPWX,ePowerX On Base,epowerx-on-base,epowex.com,38657.png,"{""base"":""0xef5f5751cf3eca6cc3572768298b7783d33d60eb""}"
38658,TWC,TIWICAT,tiwicat,tiwiecosystem.xyz,38658.png,"{""bnb"":""0xDA1060158F7D593667cCE0a15DB346BB3FfB3596""}"
38659,ANOME,Anome,anome,anome.xyz,38659.png,"{""bnb"":""0x6BC3855827fa6EE1229C937A26BB9fCA1a0FfBf0""}"
38660,NPT,Neptune Cash,neptune-cash,neptune.cash,38660.png,"{""base"":""0x75356ed6af264c8725bc738b8d1ece871a52cbd0""}"
38661,ZIB,Ziba,ziba,zibabnb.com,38661.png,"{""bnb"":""0x1d62584d38d26519Ea509ee0668E4df25D164444""}"
38663,ANIMUS,Animus,animus,animus.uno,38663.png,"{""bnb"":""0x06E08A9BFB83e0e791Cd1f24535aDA4fA4094444""}"
38665,GBNB,GOLD BNB,gold-bnb,goldbnb.club,38665.png,"{""bnb"":""0x0da9446a96B69c3f66000f7DA3768ebbB55FacF5""}"
38668,ENSO,Enso,enso,enso.build,38668.png,"{""ethereum"":""0x699F088b5DddcAFB7c4824db5B10B57B37cB0C66"",""bnb"":""0xfeb339236d25d3e415f280189bc7c2fbab6ae9ef"",""base"":""0xfeb339236d25d3e415f280189bc7c2fbab6ae9ef""}"
38669,RECALL,Recall,recall-network,recall.network,38669.png,"{""base"":""0x1f16e03C1a5908818F47f6EE7bB16690b40D0671""}"
38671,TURTLE,Turtle,turtle-xyz,turtle.xyz,38671.png,"{""ethereum"":""0x66fd8de541c0594b4dccdfc13bf3a390e50d3afd"",""bnb"":""0x66fD8de541c0594b4DccdFc13Bf3a390E50d3Afd"",""linea"":""0x56aa6d651bfefa9207b35e508716466359bae8ef""}"
38672,FACY,ArAIstotle,araistotle,facticity.ai,38672.png,"{""base"":""0xFAC77f01957ed1B3DD1cbEa992199B8f85B6E886""}"
38673,VFX,ViFox Coin,vifox-coin,vifoxcoin.com,38673.png,"{""bnb"":""0xec69f1351b66902cd5e79f0924a5ad049f682540""}"
38674,BLOXWAP,Bloxwap,bloxwap,bloxwap.com,38674.png,"{""solana"":""2u3ufZ5defxwPXMixvvQpSs68PDNzHTdE52t9Crspump""}"
38676,NUNU,Nunu,nunu,chillnunu.fun,38676.png,"{""solana"":""q29umWshmh2fmm1CdRb4cBKhqtW9xX25ezNQi7Bpump""}"
38677,INC,WorldAssets,worldassets,worldassets.ai,38677.png,"{""ethereum"":""0x7575C2E267A1a2ff98aC65Bc26d40c948989031B""}"
38679,哈基米,哈基米,hajimi,,38679.png,"{""bnb"":""0x82Ec31D69b3c289E541b50E30681FD1ACAd24444""}"
38681,修仙,修仙,xiuxian,,38681.png,"{""bnb"":""0x44443dd87EC4d1bEa3425AcC118Adb023f07F91b""}"
38683,ANVL,Anvil,anvil,anvil.xyz,38683.png,"{""ethereum"":""0xaeeaa594e7dc112d67b8547fe9767a02c15b5597""}"
38687,USCR,United States Crypto Reserve,united-states-crypto-reserve,uscr.xyz,38687.png,"{""solana"":""USCRdwZP5UkKhJzhWuD7XjTUviHBtZJbLG7XpbKng9S""}"
38688,USD1,UNITED STATES DRIP #1,united-states-drip-1,unitedstatesdrip1.com,38688.png,"{""solana"":""Fu7SNdg5wSwXRYu2LP1F4Ym9qMy6kU2WPByLd7QkDAjo""}"
38689,XRB,OroBit,orobit-ai,orobit.ai,38689.png,{}
38692,BTC,Bitcoin Second Chance,bitcoin-second-chance,tokensecondchance.xyz,38692.png,"{""bnb"":""0x0afcb0065362ec8bc94902479b9d37e3fa49eda6""}"
38698,CONCILIUM,Concilium Blockchain Ecosystem,concilium-blockchain-ecosystem,concilium.finance,38698.png,"{""bnb"":""0x40AF8fD127Dcd302d7FFA6F37cf5A002E54Ac68C""}"
38701,RLS,Rayls,rayls,rayls.com,38701.png,"{""ethereum"":""0xB5F7b021a78f470d31D762C1DDA05ea549904fbd"",""bnb"":""0x17ea10b6ae4fde59fdbf471bd28ab9710f508816""}"
38704,$SILVER,SILVER,silvermeme,silvermeme.club,38704.png,"{""bnb"":""0x7FA58Cb42fc030D702C2F61559e4744AA756cBBA""}"
38707,RVV,Astra Nova,astra-nova,astranova.world,38707.png,"{""bnb"":""0x80563Fc2dd549bf36f82d3bF3b970Bb5b08dBDdb""}"
38709,AYNI,Ayni Gold,ayni-gold,ayni.gold,38709.png,"{""ethereum"":""0x9d70baE2944Ffa477F37Bae227fd981E6eB31982""}"
38710,HYDX,Hydrex,hydrex,hydrex.fi,38710.png,"{""base"":""0x00000e7efa313F4E11Bfff432471eD9423AC6B30""}"
38711,PIGGY,Piggycell,piggycell,piggycell.io,38711.png,"{""bnb"":""0x46345336E7C5C89bd15D557203040f2c1aB4dd18""}"
38717,BLUAI,Bluwhale,bluwhale,bluwhale.com,38717.png,"{""bnb"":""0xed9Ae3DEF8d6F052971Bb8b6d1975FF267Cf9aaD"",""solana"":""6ZnCkq5t8XG4q42b5JiVvU6hV5cZFaNdSBoFq5E7Vf9q"",""sui"":""0xf8bfaf1cfefdc539a00e0bc37213c8f339cb411a6b0c4c023ed92f36c68d0fb6::bluwhale_ai::BLUWHALE_AI""}"
38718,CGN,Cygnus,cygnus-finance,cygnus.finance,38718.png,"{""base"":""0x2e6C4BD1C947e195645d2B920b827498cfAa6766""}"
38735,DTV,DraperTV,drapertv,drapertv.com,38735.png,"{""solana"":""CPLTbYbtDMKZtHBaPqdDmHjxNwESCEB14gm6VuoDpump""}"
38736,JET,JETMAX,jetmax,jetmax.io,38736.png,"{""bnb"":""0x7847bffd0eb96c53a96af526643e2546efec0828""}"
38740,TORA,Tensora,tensora,tensora.sh,38740.png,"{""bnb"":""0x4444d14d522386647c29FD9cD9723F7339ac0F3c""}"
38742,SIGMA,Sigma.Money,sigmamoney,sigma.money,38742.png,"{""bnb"":""0x85375D3e9c4a39350f1140280a8b0De6890A40e7""}"
38746,ARENA,Alpha Arena,alpha-arena,nof1.ai,38746.png,"{""solana"":""CizLY8YaSc1MXpEwf9tD89S4A1RgMCR67gXoX5pLpump""}"
38749,ARES,Ares,ares,tronares.xyz,38749.png,"{""tron"":""TNzAJtKNmphXvkComBUazKMvZurEQRt2tn""}"
38750,ON,Orochi Network,orochi-network,orochi.network,38750.png,"{""ethereum"":""0x33f6BE84becfF45ea6aA2952d7eF890B44bFB59d"",""bnb"":""0x0e4f6209ed984b21edea43ace6e09559ed051d48""}"
38756,LMTS,Limitless,limitless-lmts,limitless.exchange,38756.png,"{""base"":""0x9EadbE35F3Ee3bF3e28180070C429298a1b02F93""}"
38757,AT,APRO,apro,apro.com,38757.png,"{""ethereum"":""0x0581CCdf2d9BcA21baEfF8b32b2551fd49CF70aa"",""bnb"":""0x9be61A38725b265BC3eb7Bfdf17AfDFc9d26C130""}"
38759,SHIH,Shih Tzu,shihtzu,shihbnb.com,38759.png,"{""bnb"":""0xfCa5208e4074e06596CC28B47214A109E4c14444""}"
38760,CASH,Cash,cash,usecash.xyz,38760.png,"{""solana"":""CASHx9KJUStyftLFWGvEVf59SGeG9sh5FfcnZMVPCASH""}"
38762,1,1 coin can change your life,1-coin,1co1n.com,38762.png,"{""solana"":""GMvCfcZg8YvkkQmwDaAzCtHDrrEtgE74nQpQ7xNabonk""}"
38764,WERC,WERC,euro-finance,werc.finance,38764.png,"{""ethereum"":""0x9f756bD47c34211c5Ac6AC5358fF9E5afD3db8AE"",""bnb"":""0x1abFa06E7EbE1c647604781EA0495d132714c6E6"",""tron"":""TFgKrD5o3vi9EkxkNTNvPFapBqm6KYxHVN"",""arbitrum"":""0x17d805a3f817e0e4E4d46c59d7c155bD907D8333""}"
38765,VALOR,VALOR,valor-solana,valoramericaneagle.com,38765.png,"{""solana"":""3wPQhXYqy861Nhoc4bahtpf7G3e89XCLfZ67ptEfZUSA""}"
38766,FIST,FIST,fist-four,four.meme,38766.png,"{""bnb"":""0x4444e4e6eFe36C2D6581DB03ffB3dD60F503AFb4""}"
38767,NOCK,Nockchain,nockchain,nockchain.org,38767.png,"{""base"":""0x9B5E262cF9bb04869ab40b19AF91D2dc85761722""}"
38768,GHOST,GhostwareOS,ghostwareos,ghostwareos.com,38768.png,"{""solana"":""BBKPiLM9KjdJW7oQSKt99RVWcZdhF6sEHRKnwqeBGHST""}"
38769,KAT,Katana,katana-network,katana.network,38769.png,"{""ethereum"":""0x8F051Ca72a3440d83B18E71C3E59676203aB8f91"",""base"":""0xD5390300c5DB71F80d46f0fA9983Fc72D4d1e3da"",""katana-network"":""0x7f1f4b4b29f5058fa32cc7a97141b8d7e5abdc2d"",""bnb"":""0x8104B8868Ef383e90269e999864C428192743505""}"
38770,MEGA,MegaETH,megaeth,megaeth.com,38770.png,"{""megaeth"":""0x28B7E77f82B25B95953825F1E3eA0E36c1c29861"",""solana"":""megaA5QDK1qLXtjpvg9oCFMvxT9d5BCMrVTBddnM5kV""}"
38771,42,Semantic Layer,semantic-layer,semanticlayer.io,38771.png,"{""bnb"":""0x834BAf4f7832Cc3C00734DDb2e0c61C68d975822""}"
38774,USDM,MegaUSD,megausd,megaeth.com,38774.png,"{""megaeth"":""0xfafddbb3fc7688494971a79cc65dca3ef82079e7""}"
38775,COMMON,COMMON,common,common.xyz,38775.png,"{""base"":""0x4c87da04887a1F9F21F777E3A8dD55C3C9f84701"",""bnb"":""0xA43cA4e5abdf9917eaDE63C2837eeeE321897dAd"",""solana"":""H1MHqq1dsExxeuYTd8JZzM51z33RvxjuM5sx2oB11WJ""}"
38776,PENGO,Petro Penguins,petro-penguins,petropenguins.com,38776.png,"{""solana"":""F2k82EcxLtzekq1bfoGVdgp6EXZ5dLT1jE7g3LvQpump""}"
38778,SHIELD,Shield,basedshield,basedshield.com,38778.png,"{""base"":""0x28442822B156c348992fbb055070DDeB17dD5905""}"
38779,SYRUPUSDC,syrupUSDC,syrup-usdc,maple.finance,38779.png,"{""ethereum"":""0x80ac24aa929eaf5013f6436cda2a7ba190f5cc0b"",""solana"":""AvZZF1YaZDziPY2RCK4oJrRVrbN3mTD9NL24hPeaZeUj"",""arbitrum"":""0x41ca7586cc1311807b4605fbb748a3b8862b42b5"",""base"":""0x660975730059246a68521a3e2fbd4740173100f5"",""monad"":""0xaB6e5a0C3799d020c790D34F7B2C02639e238AF7"",""ink-token"":""0x3c23e6FB09064e9A64829Fa8FEe27Ad19A27Bfa9"",""robinhood-placeholder"":""0xC6a4854eeB493224d5f9485E12Dd3A81f22EEE14"",""arc-token"":""0x0dc6b79f3c3854e4d74514fd4d29be6c96beee39""}"
38781,TONXX,Ton Strategy tokenized stock (xStock),ton-strategy-tokenized-stock-xstock,assets.backed.fi,38781.png,"{""solana"":""XscE4GUcsYhcyZu5ATiGUMmhxYa1D5fwbpJw4K6K4dp"",""ethereum"":""0xe95ab205e333443d7970336d5fd827ef9ed97608"",""gram"":""EQCVmpJ_UkQBs_3O8atqOtSP-HvTKYmPG02C6Gc6fs7sMwAM"",""ink-token"":""0xe95ab205e333443d7970336d5fd827ef9ed97608"",""bnb"":""0xe95ab205e333443D7970336D5fD827eF9eD97608""}"
38784,BOS,BitcoinOS,bitcoinos,bitcoinos.build,38784.png,"{""bnb"":""0xae1e85c3665b70b682defd778e3dafdf09ed3b0f"",""ethereum"":""0x13239C268BEDDd88aD0Cb02050D3ff6a9d00de6D"",""rsk"":""0x6F6F88AC9F8A1f0b2863AFb3b705487D07A78151"",""cardano"":""1fa8a8909a66bb5c850c1fc3fe48903a5879ca2c1c9882e9055eef8d0014df10424f5320546f6b656e""}"
38785,X402,x402,x402,x402moon.xyz,38785.png,"{""bnb"":""0x1e8e4145506e74996f32b61de2f7f4ec60f2d102""}"
38786,SYRUPUSDT,syrupUSDT,syrup-usdt,maple.finance,38786.png,"{""ethereum"":""0x356b8d89c1e1239cbbb9de4815c39a1474d5ba7d"",""bnb"":""0x8E9d4cEa39299323FE8eda678cAD449718556c4e"",""mantle"":""0x051665f2455116e929b9972c36d23070f5054ce0"",""plasma-xpl"":""0xc4374775489cb9c56003bf2c9b12495fc64f0771"",""ink-token"":""0x8A76fe7fA6da27f85a626c5C53730B38D13603d7""}"
38787,PING,Ping,ping,,38787.png,"{""base"":""0xd85c31854c2b0fb40aaa9e2fc4da23c21f829d46""}"
38788,MWXT,MWX Token,mwx-token,mwxtoken.ai,38788.png,"{""base"":""0x93918567cdd1bc845be955325a43419a7c56d66f""}"
38789,PAYAI,PayAI Network,payai-network,payai.network,38789.png,"{""solana"":""PAYmo6moDF3Ro3X6bU2jwe2UdBnBhv8YjLgL1j4DxGu""}"
38790,SANTA,SANTA by Virtuals,santa-by-virtuals,santagent.xyz,38790.png,"{""base"":""0x815269d17c10f0f3df7249370e0c1b9efe781aa8""}"
38792,BIGW,BigWater,bigwater,bigwater.io,38792.png,"{""xdc-network"":""0xc9b1b2842c60303a06f60fdd005654575d6ae466""}"
38793,DREAMS,Daydreams,daydreams,dreams.fun,38793.png,"{""solana"":""GMzuntWYJLpNuCizrSR7ZXggiMdDzTNiEmSNHHunpump""}"
38794,AURA,Aurra by Virtuals,aurra-by-virtuals,aurracloud.com,38794.png,"{""base"":""0xdcaa5e062b2be18e52ea6ed7ba232538621ddc10""}"
38795,ZARA,ZARA AI,zara-ai,zaraai.xyz,38795.png,"{""solana"":""73UdJevxaNKXARgkvPHQGKuv8HCZARszuKW2LTL3pump""}"
38796,AIN,AInalyst,ainalyst,ainalyst.xyz,38796.png,"{""base"":""0xe47dd5197c5b5194cbe10b0333ed45570fb63eb0""}"
38797,SOLANA,FOX9,fox9,fox9coin.com,38797.png,"{""solana"":""FoX9UZETJzXJ2qh6B5g2mBSA9hiWWnLEq1GcHoEEg4fv""}"
38800,MRDN,Meridian,meridian,mrdn.finance,38800.png,"{""base"":""0xe57e601c06689d3e2bf7db7bebb14b4ff28400c6""}"
38801,VPAY,VPay,vpay,vpay.fund,38801.png,"{""base"":""0x98ac5b33a4ef1151f138941c979211599c2ff953""}"
38802,DPN,DPIN,dpin-cloud,dpin.cloud,38802.png,"{""bnb"":""0xf2E0614fe822B6f42b707F8E258AD1931959B710""}"
38804,LYC,LYC,lyc,lycra.fun,38804.png,"{""bnb"":""0xf25E141578cF720F4f5309cd8059D1eCDE267391""}"
38806,KLIP,KLIPAI,klipai,klipai.com,38806.png,"{""bnb"":""0x5A6117EE2EA174D5875e3c1880ecd7bc8dA651B6""}"
38807,KRWQ,KRWQ,korean-won-iq,krwq.cash,38807.png,"{""ethereum"":""0xc00db6b41473d065027f5ed6fada20fde75f142e"",""base"":""0x370923d39f139c64813f173a1bf0b4f9ba36a24f""}"
38808,EMPI,Emperor,emperor,empi.gg,38808.png,"{""bnb"":""0x5D4Dfa7C368aA0Bdd091A4841f22DD3b0525CA27""}"
38810,SPLD,Splendor,splendor,splendor.org,38810.png,{}
38812,RIVERPTS,River PTS,riverpts,app.river.inc,38812.png,"{""bnb"":""0xfc6be825925B7A83d131E33b46EFeF9084f0E014""}"
38815,EAT,375ai,375ai,375.ai,38815.png,"{""solana"":""375aiUqZERLrB9sHtsArKr4nuWCgBrtqibUDBMGeLvZC""}"
38816,NB,Nubila Network,nubila-network,nubila.ai,38816.png,"{""bnb"":""0xc2bD425A63800731E3Ae42b6596BDD783299fCb1""}"
38818,SWC,Stand With Crypto Fund,stand-with-crypto-fund,swc.fund,38818.png,"{""base"":""0xA31dE7db919B1499bF8D96dAa8612270c38109dc""}"
38821,世界和平,世界和平,shijieheping,web3.binance.com,38821.png,"{""bnb"":""0x4444def5cf226bf50aa4b45e5748b676945bc509""}"
38822,ZENIX,Zenix,zenix,zenixs.org,38822.png,"{""bnb"":""0x54D017c45105333fa0c52ec5c7b89d1d48ac1037"",""ethereum"":""0x3d1428A0f17bD5D2dDA4F65C383E9e86d22E5c3B"",""polygon-ecosystem-token"":""0xDd9939C0e29014CeBeF654c1eBB4785e11D5f963""}"
38823,MM,Meme Man,meme-man-solana,mememan.io,38823.png,"{""solana"":""HfZiQSCUTpvWa9Mk3FKieQHzZfiduPqTEMVDbP1Gpump""}"
38826,TTN,toyow,toyow-token,toyowtoken.com,38826.png,"{""base"":""0x225530E4AfCdB5eCcb96AF7a45d94452A10A3879""}"
38827,CAST,CAST,cast,cast2030.com,38827.png,"{""bnb"":""0x20BD5453117acC748895F8F84dD3CD21999B8E6B""}"
38828,KITE,Kite,kite,gokite.ai,38828.png,"{""ethereum"":""0x118B70dF4F06Fa5678E7d543e6066e028C8ea0c0"",""bnb"":""0x904567252D8F48555b7447c67dCA23F0372E16be"",""avalanche"":""0x904567252D8F48555b7447c67dCA23F0372E16be"",""hyperliquid"":""0x1ea14af5f4e13431ceda398ec7823441""}"
38829,BAY,Marina Protocol,marina-protocol,marina-protocol.com,38829.png,"{""bnb"":""0xA7bef5abd9265Ab97EE43D2fc4A56e0Ba25ACA25""}"
38832,LITKEY,Lit Protocol,lit-protocol,litprotocol.com,38832.png,"{""ethereum"":""0x4D4eb0E8B160f6EbF63cC6d36060ffec09301B42"",""bnb"":""0x0bBeA6812fb3fcBcA126eDb558e551B3f1702026"",""polygon-ecosystem-token"":""0x5bEd1A06b26853360D9D1a6a27eaCE1b85206867"",""avalanche"":""0xa38Fce8bf2fA38a97749332724b9db3FF44F006D"",""optimism-ethereum"":""0x0633E91f64C22d4FEa53dbE6e77B7BA4093177B8"",""arbitrum"":""0xC7603786470F04D33E35f9E9B56bD0Ca8803fB95"",""base"":""0xF732A566121Fa6362E9E0FBdd6D66E5c8C925E49""}"
38833,SNORT,Snorter,snorter,snortertoken.com,38833.png,"{""ethereum"":""0x21F5B2BAcb67C94Aa0982cE7428f7d1B3c9cEB53""}"
38834,TYCOON,Dino Tycoon,dino-tycoon,dinotycoon.io,38834.png,"{""bnb"":""0x915c882e4f67D5FED79889353BFdB0ad213E9b97""}"
38836,HAVEN,Haven,haven,haven.science,38836.png,"{""bnb"":""0x3c06AF089F1188c8357b29bDf9f98B36E51f7690""}"
38837,BEAT,Audiera,audiera,audiera.fi,38837.png,"{""bnb"":""0xcf3232B85b43BCa90E51D38cc06Cc8bB8C8A3E36""}"
38838,SENTIS,SentismAI,sentismai,sentism.ai,38838.png,"{""bnb"":""0x8Fd0d741e09a98e82256C63F25f90301eA71A83e""}"
38840,LUX,Luxxcoin,luxxcoin,luxxcoin.io,38840.png,"{""solana"":""3bSGpKYPut6RXDxp41nvb2GM7eR4kEmJExFFHoYkW3w2""}"
38841,UAI,UnifAI Network,unifai-network,unifai.network,38841.png,"{""bnb"":""0x3e5d4f8aee0d9b3082d5f6da5d6e225d17ba9ea0""}"
38843,MYST,MyStandard,mystandard,mystandard.io,38843.png,"{""avalanche"":""0x0256B279D973C8d687264AC3eB36bE09232D4474"",""ethereum"":""0x3d5F61a4BB385B6D1eB34F47aA790A996f1Eba65""}"
38845,VANKEDISI,vankedisi,vankedisi,vankedisi.ai,38845.png,"{""solana"":""66bHtzcXqmLgkn668EG4ETzHL3RLz5ybdckqvrPppump""}"
38849,PIEVERSE,Pieverse,pieverse,pieverse.io,38849.png,"{""ethereum"":""0x0e63b9c287e32a05e6b9ab8ee8df88a2760225a9"",""bnb"":""0x0e63b9c287e32a05e6b9ab8ee8df88a2760225a9""}"
38850,USDPT,U.S. Dollar Payment Token,us-dollar-payment-token,westernunion.com,38850.png,"{""solana"":""HVWf8JmLoHs99Lw8Psf3fyqAtA4crWxCPkrmSdNjhNH3""}"
38851,UTOPIA,Utopia,utopiabnb,utopiabnb.com,38851.png,"{""bnb"":""0xd83C128e7498bE555845A6dc331A99E1524C1777""}"
38854,VOOI,VOOI,vooi,ultra.vooi.io,38854.png,"{""ethereum"":""0xb31561F0e2aaC72406103b1926356D756F07A481"",""bnb"":""0x876cEcb73c9ED1B1526F8e35C6a5a51a31BCF341"",""mantle"":""0xd81a4aDea9932a6BDba0bDBc8C5Fd4C78e5A09f1"",""robinhood-placeholder"":""0xB47E8ad95ca1e0bA1C76768FE0F109D82B5fDCC4""}"
38856,HYBUX,HYBUX,hybux,hytopia.com,38856.png,"{""base"":""0xC0497fb3Fc4FD0a17900CF69fc72A03799915301""}"
38857,MRLIGHTSPEED,Mr. Lightspeed Creator Coin,mr-lightspeed-creator-coin,zora.co,38857.png,"{""base"":""0xf0cb96a4011a0a6f73d100c7080bf8020d10f87a""}"
38861,NEO,NEO,neo1x,neo1x.club,38861.png,"{""bnb"":""0x01d68079416439cf4aad4ab97f507c483ec4970e""}"
38863,TRUST,Intuition,intuition,intuition.systems,38863.png,"{""base"":""0x6cd905dF2Ed214b22e0d48FF17CD4200C1C6d8A3""}"
38864,FOLKS,Folks Finance,folks-finance,folks.finance,38864.png,"{""ethereum"":""0xFF7F8F301F7A706E3CfD3D2275f5dc0b9EE8009B"",""bnb"":""0xFF7F8F301F7A706E3CfD3D2275f5dc0b9EE8009B"",""algorand"":""3203964481"",""polygon-ecosystem-token"":""0xFF7F8F301F7A706E3CfD3D2275f5dc0b9EE8009B"",""avalanche"":""0xFF7F8F301F7A706E3CfD3D2275f5dc0b9EE8009B"",""arbitrum"":""0xFF7F8F301F7A706E3CfD3D2275f5dc0b9EE8009B"",""base"":""0xFF7F8F301F7A706E3CfD3D2275f5dc0b9EE8009B""}"
38868,SENT,Sentient,sentient,sentient.xyz,38868.png,"{""ethereum"":""0x56A3BA04E95d34268A19b2a4474DC979baBDaf76""}"
38869,US,Talus,talus-network,talus.foundation,38869.png,"{""bnb"":""0x51f1AFC16E154d1601e61EcA21d8Af4897f1e840"",""sui"":""0xee962a61432231c2ede6946515beb02290cb516ad087bb06a731e922b2a5f57a::us::US""}"
38870,8LNDS,8lends,8lends,go.8lends.io,38870.png,"{""base"":""0x55F9C8992fc4AbCE5ACa585bf8F18284a2379D4C""}"
38871,LONG,Belong,belong,belong.net,38871.png,"{""bnb"":""0x9eca8dedb4882bd694aea786c0cbe770e70d52e3""}"
38872,BCE,bitcastle Token,bitcastle-token,bitcastle.io,38872.png,"{""sui"":""0x34d12f761847a05dfa33a1692440588f4b5f7f24be619334e29d74e083f5e64e::bce::BCE""}"
38877,ARIAIP,Aria Protocol,aria-protocol,ariaprotocol.xyz,38877.png,"{""bnb"":""0x2a7e3392458307493c86388d5e544aad93286836"",""data-network"":""0xC9cbbD8f211300Dd0e7a3933b7AeEdAC6F61Dd52""}"
38878,ATONE,AtomOne,atomone,atom.one,38878.png,"{""osmosis"":""ibc/BC26A7A805ECD6822719472BCB7842A48EF09DF206182F8F259B2593EB5D23FB""}"
38880,AXCNH,AxCNH,axcnh,anchorx.org,38880.png,"{""ethereum"":""0x2925ac3be7d585874b88ea51ed50add376ad8239"",""conflux-network"":""0x70BFD7F7eADF9b9827541272589A6B2Bb760aE2E""}"
38881,AVICI,Avici,avici,avici.money,38881.png,"{""solana"":""BANKJmvhT8tiJRsBSS1n2HryMBPvT5Ze4HU95DUAmeta""}"
38885,BMB,BTCMobick,btcmobick,btcmobick.org,38885.png,{}
38886,KITKAT,Remember KitKat,remember-kitkat,kitkat.love,38886.png,"{""solana"":""9XgfFWPxPU6hyDyGtfhC9D6eyRE3RUSgAYKHRznWpump""}"
38887,DOGE-1,DOGE-1 Satellite,doge-1-satellite-2,doge-1.vip,38887.png,"{""bnb"":""0x32bb8897ad818f80f2df2703939a02178283c458""}"
38888,ELIZAOS,elizaOS,elizaos,elizaos.ai,38888.png,"{""solana"":""DuMbhu7mvQvqQHGcnikDgb4XegXJRyhUBfdU22uELiZA"",""ethereum"":""0xea17df5cf6d172224892b5477a16acb111182478"",""bnb"":""0xea17df5cf6d172224892b5477a16acb111182478"",""base"":""0xea17df5cf6d172224892b5477a16acb111182478""}"
38889,BSB,Block Street,block-street,blockstreet.money,38889.png,"{""bnb"":""0x595deaad1eb5476ff1e649fdb7efc36f1e4679cc"",""ethereum"":""0xdb6ba5d510f114f9b2ea08bea7d30e32eee33411""}"
38890,ROI,Retarded Online Investment,retarded-online-investment,roisorrana.com,38890.png,"{""solana"":""vEHiuRmd8WvCkswH8Xy4VXTEMXA7JScik47XZkDbonk""}"
38891,TOTT,TOMATOK,tomatok,tomatok.io,38891.png,"{""solana"":""totuNukof5QgTjr6vW3pNUG669kSuEoh1zVf92eArmQ""}"
38892,STABLE,Stable,stable,stable.xyz,38892.png,"{""bnb"":""0x011EBe7d75E2C9D1E0bD0be0bEf5C36f0A90075F""}"
38895,FOG,FogSwap,fogswap,fogswap.com,38895.png,"{""solana"":""CxiR3c9AGqMtE7bg82sLnzpLinXN3kXfcoYeYtGApFoG""}"
38898,GBCK,GoldBrick,goldbrick,goldbrick.io,38898.png,"{""bnb"":""0xdf5c227aB75D309D46fB9Df0F7Fa043e4534d2aB""}"
38900,DASH,Dash AI,dash-ai,tokenaidash.xyz,38900.png,"{""bnb"":""0xa66f35af7C4C2bE09369a6AB50542F48bd3C4804""}"
38905,TIMI,MetaArena,metaarena,metaarena.org,38905.png,"{""bnb"":""0xAaFe1f781bC5e4D240c4B73f6748d76079678Fa8"",""sei"":""0x4a1EA452c598363188bcCC83FB4f69Dc14b54Acd""}"
38906,SBTC,sBTC,sbtc-stacks,stacks.co,38906.png,"{""stacks"":""SM3VDXK3WZZSA84XXFKAFAF15NNZX32CTSG82JFQ4.sbtc-token""}"
38908,ALLO,Allora,allora,allora.network,38908.png,"{""ethereum"":""0x8408D45b61f5823298F19a09B53b7339c0280489"",""bnb"":""0xCCe5F304fD043d6A4E8cCB5376A4a4Fb583B98d5"",""base"":""0x032d86656Db142138AC97d2c5C4E3766E8c0482d""}"
38909,JCT,Janction,janction,janction.ai,38909.png,"{""ethereum"":""0xC477B6dfd26EC2460b3b92de18837Fd476Ea7549"",""bnb"":""0xea37a8de1de2d9d10772eeb569e28bfa5cb17707""}"
38910,VBETH,VaultBridge Bridged ETH (Katana),vaultbridge-bridged-eth-katana,,38910.png,"{""katana-network"":""0xee7d8bcfb72bc1880d0cf19822eb0a2e6577ab62""}"
38911,VBUSDC,VaultBridge Bridged USDC (Katana),vaultbridge-bridged-usdc-katana,,38911.png,"{""katana-network"":""0x203a662b0bd271a6ed5a60edfbd04bfce608fd36""}"
38912,VBUSDT,VaultBridge Bridged USDT (Katana),vaultbridge-bridged-usdt-katana,,38912.png,"{""katana-network"":""0x2dca96907fde857dd3d816880a0df407eeb2d2f2""}"
38914,RCHV,Archivas,archivas,archivas.ai,38914.png,"{""bnb"":""0x44442271e6CA7336a29032838d70675680Adc7dF""}"
38918,67,The Official 67 Coin,the-official-67-coin-onchain,67coin.com,38918.png,"{""solana"":""9AvytnUKsLxPxFHFqS6VLxaxt5p6BhYNr53SD2Chpump""}"
38919,LAMBO,LAMBO,lambo-ton,lambo.tg,38919.png,"{""gram"":""EQDE1iPrP80L17RzkH3YluXsEcn5i-bPFfue259uMKKFE3h0""}"
38921,ZUNO,OFFICIAL ZUNO,official-zuno,zuno.guru,38921.png,"{""solana"":""G1VhWSAhYXRRzokGqxs4aQ8u5DSuP69ki2bN7hnapjzZ""}"
38922,ANY,Anyspend,anyspend,anyspend.com,38922.png,"{""base"":""0xC17dda248E2D50fC006d8fEbb5A406dd31972712""}"
38923,CBNB,Community of BNB,community-of-bnb,communityofbnb.com,38923.png,"{""bnb"":""0x7a0Bc0F5dE87bE3B2fE00546DF583668b2994444""}"
38924,CPT,Empulser,empulser,empulser.com,38924.png,"{""solana"":""9XWWHExgN4yvyLRskzzfcr5AcBaqQ6UtwcDSVpUBsoar""}"
38925,WOORI,Woori,woori,woori.foundation,38925.png,{}
38926,CHECK,Checkmate,checkmate,anichess.com,38926.png,"{""ethereum"":""0x9126236476efba9ad8ab77855c60eb5bf37586eb"",""base"":""0x9126236476efba9ad8ab77855c60eb5bf37586eb""}"
38927,PLAY,Play Solana,play-solana,playsolana.com,38927.png,"{""solana"":""PLAYs3GSSadH2q2JLS7djp7yzeT75NK78XgrE5YLrfq""}"
38928,LUCKY,B-Lucky,b-lucky,b-lucky.gg,38928.png,"{""bnb"":""0x67b47971426bb2180453b3993ff2ec319e704444""}"
38930,DEXO,Dexfee,dexfee,dexfee.com,38930.png,"{""bnb"":""0xD1b03c79c75E758454cdeA9322F924dc6365D5AF""}"
38932,MATTLE,MattleFun,mattlefun,mattle.fun,38932.png,"{""solana"":""DEJqUhPTarcaNqhT7c6fktUszcJWN6skqyWSxXchpJNm""}"
38935,TGBP,Tokenised GBP,tokenised-gbp,tokenisedgbp.com,38935.png,"{""ethereum"":""0x27f6c8289550fce67f6b50bed1f519966afe5287"",""bnb"":""0x27f6c8289550fce67f6b50bed1f519966afe5287"",""solana"":""2zMqyX4AYCk6mgy5UZ2S7zUaLxwERhK5WjqDzkPPbSpW"",""gnosis-gno"":""0x1F34490F8e8E776FFc547b39B864364035Eaf44F"",""polygon-ecosystem-token"":""0x27f6c8289550fce67f6b50bed1f519966afe5287"",""avalanche"":""0x27f6c8289550fce67f6b50bed1f519966afe5287"",""arbitrum"":""0x27f6c8289550fCE67f6B50BeD1F519966aFE5287"",""base"":""0x27f6c8289550fce67f6b50bed1f519966afe5287""}"
38938,ITE,Idle Tribe Era,idle-tribe-era,idletribeera.com,38938.png,"{""bnb"":""0x05aC5Fe79e84AcE88986A04A72FB40040A13c547""}"
38940,PHOTON,Photon,photon-atom-one,atom.one,38940.png,"{""osmosis"":""ibc/D6E02C5AE8A37FC2E3AB1FC8AC168878ADB870549383DFFEA9FD020C234520A7""}"
38941,SURGE,Surge,surge,surge.xyz,38941.png,"{""bnb"":""0x74Ac77D7CA54c38EB5ea2e638a80A5182558d3a2"",""solana"":""3z2tRjNuQjoq6UDcw4zyEPD1Eb5KXMPYb4GWFzVT1DPg"",""base"":""0xedB6970B7BE5A522cFf14c8b679a2D813FF97b4D""}"
38942,USDSUI,USDsui,usdsui,sui.io,38942.png,"{""sui"":""0x44f838219cf67b058f3b37907b655f226153c18e33dfcd0da559a844fea9b1c1::usdsui::USDSUI""}"
38943,OOB,OOBIT,oobit-token,oobit.com,38943.png,"{""solana"":""oobQ3oX6ubRYMNMahG7VSCe8Z73uaQbAWFn6f22XTgo""}"
38944,RAI,RAI Token,rai-token,raitoken.io,38944.png,"{""solana"":""FjB1hh9DNnxkjXWwJTSvZbPRYNAbg3Bg5HoFis4akwi6""}"
38946,GAIB,GAIB,gaib,gaib.ai,38946.png,"{""ethereum"":""0xC19D38925F9F645337B1D1f37bAf3C0647A48E50"",""bnb"":""0xc19d38925f9f645337b1d1f37baf3c0647a48e50""}"
38947,EUSX,Solstice eUSX,solstice-eusx,solstice.finance,38947.png,"{""solana"":""3ThdFZQKM6kRyVGLG48kaPg5TRMhYMKY1iCRa9xop1WC""}"
38948,USX,Solstice USX,solstice-usx,solsticelabs.io,38948.png,"{""solana"":""6FrrzDk5mQARGc1TDYoyVnSyRdds1t4PbtohCD6p3tgG""}"
38949,DGRAM,Datagram Network,datagram-network,datagram.network,38949.png,"{""bnb"":""0x49c6c91ec839a581de2b882e868494215250ee59""}"
38951,XMONEY,X Money,x-money-bsc,xmoneyx.club,38951.png,"{""bnb"":""0x600c44acfe5ab4ea0f6080766c90b5473d197f0b""}"
38953,BOLD,BOLD,bold-solana,predictwithbold.com,38953.png,"{""solana"":""CQ6VXxQYD1nH1SobagiQDbhND3SLEKhqSxHCPaavBoLD""}"
38954,HORSE,HORSE COIN,horse-coin,horsecoin.site,38954.png,"{""bnb"":""0xb0c4172fdcad104ae9cfbfd29f25b34d373757eb""}"
38960,BCT,Buy Coin Token,buy-coin-token,bct-dao.com,38960.png,"{""bnb"":""0x97C729DE1819AF24bf7CB236AdE3Ad38A0775930""}"
38961,ARTX,ULTILAND,ultiland,ultiland.io,38961.png,"{""bnb"":""0x8105743e8A19c915a604D7D9e7aa3A060A4C2c32""}"
38962,MEC,Mellion Coin,mellion-coin,bitnest.me,38962.png,"{""bnb"":""0x9a79D9C9e521cb900D2584c74bb41997EB7BF49f""}"
38963,FIGHT,FIGHT,fight-id,fight.id,38963.png,"{""bnb"":""0xB2D97C4ed2d0Ef452654F5CAB3da3735B5e6F3ab"",""solana"":""8f62NyJGo7He5uWeveTA2JJQf4xzf8aqxkmzxRQ3mxfU""}"
38966,EDEL,Edel,edel,edel.finance,38966.png,"{""base"":""0xFb31f85A8367210B2e4Ed2360D2dA9Dc2D2Ccc95"",""ethereum"":""0xbf59dbc154421a7b37f4f2841e11f4ed2a1dee7c"",""bnb"":""0xbf59dbc154421a7b37f4f2841e11f4ed2a1dee7c"",""solana"":""5g6wVay8NYQ5Tspo4irj9YqSFfQoPDW7apkX352N29PP"",""robinhood-placeholder"":""0x88C4C42ED68584FF02F5a00D5D3D985108A3961C""}"
38967,RAVE,RaveDAO,ravedao,ravedao.com,38967.png,"{""ethereum"":""0x17205fab260a7a6383a81452cE6315A39370Db97"",""bnb"":""0x97693439ea2f0ecdeb9135881e49f354656a911c"",""base"":""0x1aa8fd5bcce2231c6100d55bf8b377cff33acfc3""}"
38968,C1USD,Currency One USD,currency-one-usd,kinesis.money,38968.png,"{""ethereum"":""0x40CAA7912437002ee2c8415D43E7f575c733674C"",""stellar"":""GDZSI5NQM4IU2NOQOMNXGAGU6K2NMU2G25C4P4UTH5SUY3IH5B3W74F4""}"
38970,BOB,BOB (Build on Bitcoin),bob-build-on-bitcoin,gobob.xyz,38970.png,"{""ethereum"":""0xC9746F73cC33a36c2cD55b8aEFD732586946Cedd"",""bnb"":""0x52B5fB4B0F6572B8C44d0251Cc224513ac5eB7E7"",""bob-build-on-bitcoin"":""0xb0bd54846a92b214c04a63b26ad7dc5e19a60808""}"
38971,FROGE,FROGE,froge-io,froge.io,38971.png,"{""solana"":""2bNQko1C2wYfexfe9MBnd7SwwaQC6vyEXdhMkhBWEN4d""}"
38972,DIGI,MineD,mined,digimined.xyz,38972.png,"{""bnb"":""0x5b6e1cCf4CBBE27F588F8DcEa8e9e39AcB595e3d""}"
38975,SSS,Sparkle,sparkle-fun,sparkle.fun,38975.png,"{""bnb"":""0xcc442A4c0b9C35578aA285f0d39f2BcC0E152ACD""}"
38976,ZEC,Zcash AI,zcash-ai,zecaioff.xyz,38976.png,"{""bnb"":""0x789f9ca66508de8e2442db2697193c204e41e732""}"
38977,DANKDOGE,Dank Doge,dank-doge,dankdoge.fun,38977.png,"{""bnb"":""0xbff56e7ca327d50097d1430b10b98574f4b6bd76""}"
38978,IRYS,Irys,irys,irys.xyz,38978.png,"{""ethereum"":""0x50f41F589aFACa2EF41FDF590FE7b90cD26DEe64"",""bnb"":""0x91152B4Ef635403efBAe860edD0F8c321d7c035d""}"
38979,DRG,DragonSwap,dragonswap,saphyre.xyz,38979.png,"{""sei"":""0x0a526e425809aEA71eb279d24ae22Dee6C92A4Fe""}"
38981,AUDM,Macropod,macropod,macropod.com,38981.png,"{""ethereum"":""0x081599e4936d12c46bd48913b2329115cd26cbdd"",""solana"":""CiYXBwHPrdNkMtxR8YEWKv78K6bQjFoEWhPQrZqEmubi"",""base"":""0xeDEd6ae915B129B67A4ad49901518F2736427063""}"
38983,BULLISH,Bullish Degen,bullish-degen,bullishdegen.com,38983.png,"{""solana"":""C2omVhcvt3DDY77S2KZzawFJQeETZofgZ4eNWWkXpump""}"
38984,GUA,SUPERFORTUNE,superfortune,superfortune.xyz,38984.png,"{""bnb"":""0xa5c8e1513b6a08334b479fe4d71f1253259469be""}"
38985,DSG,Despend,despend,despend.com,38985.png,"{""bnb"":""0x3A090AC70c4F453838c34490e3B1cf925C03fc71""}"
38988,恶俗企鹅,三维威廉泰尔企鹅 (Vulgar Penguin),vulgar-penguin,vulgarpenguin.com,38988.png,"{""bnb"":""0xe1e93e92c0c2aff2dc4d7d4a8b250d973cad4444""}"
38989,GTC,GLOBAL TOUR CLUB,global-tour-club,web3gtc.com,38989.png,"{""bnb"":""0x4381Ac6F779dcbAC57575D270D04dcF27464f767""}"
38990,CLONE,Confidential Layer,confidential-layer,links.confidentiallayer.com,38990.png,"{""ethereum"":""0xC9fAEbA86e8567477783B8432945F131D84E3fdA""}"
38991,XRS,Xauras,xauras,xauras.io,38991.png,"{""polygon-ecosystem-token"":""0x570a42849Ac23E3fdC45D8c31ddF7c09283e702d""}"
38992,401JK,401jK,401jk,401jk.fun,38992.png,"{""solana"":""Cz7LGKdZPpAxonXx23ZYPW3RtDQvjcf17ZDCZEzFpump""}"
38995,HPP,House Party Protocol,house-party-protocol,hpp.io,38995.png,"{""ethereum"":""0xe33fbE7584EB79e2673abe576B7AC8C0De62565c""}"
38996,REPPO,Reppo,reppo,reppo.xyz,38996.png,"{""base"":""0xFf8104251E7761163faC3211eF5583FB3F8583d6""}"
38998,NCT,Newcat,newcatcoin-v2,newcatcoin.com,38998.png,"{""bnb"":""0xb5499B14Aca2A9B27F0E1E263186d93379485B64""}"
39000,XGZ,GoldZip,goldzip,goldzip.info,39000.png,"{""ethereum"":""0x69af64f409c08E9076bF7f3ed9Db3a7409717161""}"
39004,EDGEAI,EdgeAI,edgeai,edgeai.xyz,39004.png,"{""bnb"":""0x276b792D11B9e3712FE6A78A460a0DEb416baB0A""}"
39005,ENX,Enigma,enigma-enx,engma.io,39005.png,"{""ethereum"":""0x0511Df77e420c9c37B065Ddb7973d0f81430a092""}"
39006,GAIX,GaiAI,gaiai,gaiai.io,39006.png,"{""bnb"":""0xc12eFb9e4A1A753e7f6523482C569793C2271dbB""}"
39007,SORA,Sora Oracle,sora-oracle,soraoracle.com,39007.png,"{""bnb"":""0xabebed1684a789b3cf178db810f3cbb30cc14444""}"
39008,GGBR,Goldfish Gold,goldfish-gold,goldfishgold.com,39008.png,"{""ethereum"":""0x7e2ac793f3E692f388e66c7DC28F739d13B0B71A""}"
39010,BHC,Block Hub Coin,block-hub-coin,blockhubcoin.com,39010.png,"{""ethereum"":""0xb1dF24F72C3D4962581C80aa543C95dEfdF6DAa1""}"
39011,USDG,USDGOLD,usdgold,usdgdefi.com,39011.png,"{""ethereum"":""0x3C89DF6C17Ca5c735498712d343387198e573383"",""bnb"":""0x5b6D884174853f2c2D1A98b406c3b44F411D3cbC"",""solana"":""CuKMu1kgAiFU5oHRWXRv9pWHApr5QKsaoodb1WDuRP5v"",""tron"":""TWdoRngam67skhdVtcCaHKaRD5bFRLs26S"",""arbitrum"":""0x82248D53De2B7608cAF53978A8E8C238DC42403a""}"
39012,GIGL,Giggle Panda,giggle-panda,gigglepanda.io,39012.png,"{""bnb"":""0x7453190391f2e8c19198d06845210b78a0b34444""}"
39013,TCU29,Tempestas Copper,tempestas-copper,tcu29.io,39013.png,"{""bnb"":""0x5b0B5c848a843c83c20dcfa25CDe6E122898a614""}"
39016,KUMA,Captain KUMA,betakkuma-ai,bythen.ai,39016.png,"{""solana"":""QdyjMr627PR7NtWdcEcgFmDm5haBVUWEcj4jdM4boop""}"
39017,TOSHI,Toshi Inu,toshi-inu,toshiinu.xyz,39017.png,"{""bnb"":""0xc8Ee5c6306aDf9C776157CaFAAB4ec7656515E98""}"
39027,SPRK,Spark Equity,spark-equity,sparkequity.io,39027.png,"{""bnb"":""0x5a8ed806634aE3BA32a0E3100B85Cfa90619ea9A""}"
39028,BEST,Best Wallet,best-wallet,bestwallet.com,39028.png,"{""ethereum"":""0xba83b5ed3f12Bfa44f066f03eE0433419B74f469""}"
39035,ZKP,zkPass,zkpass,zkpass.org,39035.png,"{""ethereum"":""0xe1be424f442d0687129128c6c38aace44f8c8dbc"",""bnb"":""0xd89B7dD376E671c124352267516BEF1C2cc231a3"",""base"":""0xc6c1be6c6d828f9cea70f1b8351879510fbf0065""}"
39036,UMBRA,Umbra,umbra,umbraprivacy.com,39036.png,"{""solana"":""PRVT6TB7uss3FrUd2D9xs2zqDBsa3GbMJMwCQsgmeta""}"
39037,LOYAL,Loyal (askloyal),loyal-askloyal,askloyal.com,39037.png,"{""solana"":""LYLikzBQtpa9ZgVrJsqYGQpR3cC1WMJrBHaXGrQmeta""}"
39038,PALMO,ORCIB,orcib,orcib.com,39038.png,"{""solana"":""4WtkHh1Gwgd5dc9cfqSY54U2fUZHbNzVLbrmrbvFMGhq""}"
39039,TCT,Tectum Cash Token,tectum-cash-token,tectum.io,39039.png,"{""ethereum"":""0xE9db0A36877dE86EfD134F87CAF3Db29f90b275c""}"
39041,MFM,Meme Millionaires,meme-millionaires,mfm888.com,39041.png,"{""hedera"":""0.0.4599983""}"
39042,POWER,Power Protocol,powerprotocol,powerprotocol.xyz,39042.png,"{""ethereum"":""0x9dC44ae5BE187ECA9e2A67e33f27A4c91cEA1223"",""bnb"":""0x9dC44ae5BE187ECA9e2A67e33f27A4c91cEA1223"",""ronin"":""0x394cEF8bDd737EE24DBc9f43d0d5D2ab83136054""}"
39043,OEX,OracleX,oraclex,oraclex.ai,39043.png,"{""bnb"":""0xB1A3810fCe5678128B6a61A41871Ea344B938e76""}"
39045,VALAN,Valannium,valannia,valannia.com,39045.png,"{""solana"":""5cL3TVJ7p5ZKqyx16DXwpdcNx5u19vQtWujA9vYindi""}"
39048,$HACHI,Hachiko,hachiko-xyz,hachiko.xyz,39048.png,"{""solana"":""x95HN3DWvbfCBtTjGm587z8suK3ec6cwQwgZNLbWKyp""}"
39049,WET,Humidifi,humidifi,humidifi.xyz,39049.png,"{""solana"":""WETZjtprkDMCcUxPi9PfWnowMRZkiGGHDb9rABuRZ2U""}"
39051,BIBI,Binance bibi,binance-bibi,bibithemascot.com,39051.png,"{""bnb"":""0x9212cF1f9f4A9c69Bb010146Ba5b0725169D4444""}"
39052,MOT,Masters of Trivia,masters-of-trivia,mastersoftrivia.com,39052.png,"{""solana"":""motN8Tg6xBp7ZnHuqdBPxqCBhQTjzKrWaauqb8pBizt""}"
39055,ORTA,Orta Chain,orta-chain,ortachain.com,39055.png,"{""ethereum"":""0xcb20b537F5dF50BCcc00Fe6a8Eb4D57b14a89a03""}"
39056,$GOLD,$GOLD,gold-coin-bsc,gold-coin.space,39056.png,"{""bnb"":""0x8f647568fFED14b2A75a6eB911D112B0Fe570C94""}"
39057,CFI,ConsumerFi,consumerfi,consumerfi.ai,39057.png,"{""near-protocol"":""cfi.consumer-fi.near"",""base"":""0x0382E3fee4A420bD446367D468A6f00225853420""}"
39058,SEEK,Talisman,talisman,talisman.xyz,39058.png,"{""ethereum"":""0x07c3e739c65f81ea79d19a88d27de4c9f15f8df0""}"
39059,BXE,BANX Network,banxchange,banxnetwork.com,39059.png,"{""xrp"":""rM1J2Mc2eCSFpCz5QXxhDG2KWkGQWgy87r""}"
39060,TT,TT Chain,tt-chain,tt-chain.io,39060.png,"{""polygon-ecosystem-token"":""0x51c065005b11e4bb1d9ea7831d45f65e0fbb7351""}"
39061,CPM,Crypto Pump Meme,crypto-pump-meme,cryptopump-meme.com,39061.png,"{""ethereum"":""0x0b873b3214c76bb29fc4ce164497b88a5b6e67f6"",""base"":""0x0b873b3214c76bb29fc4ce164497b88a5b6e67f6""}"
39063,GIGGLE,Giggle Fund AI,giggle-fund-ai,aigiggle.xyz,39063.png,"{""bnb"":""0xee6980A5B9aEe093d55c5e54D588556Ec1e199bE""}"
39064,NIGHT,Midnight,midnight-network,midnight.network,39064.png,"{""bnb"":""0xfe930c2d63aed9b82fc4dbc801920dd2c1a3224f"",""cardano"":""0691b2fecca1ac4f53cb6dfb00b7013e561d1f34403b957cbb5af1fa4e49474854""}"
39070,KNTQ,Kinetiq,kinetiq,kinetiq.xyz,39070.png,"{""hyperliquid"":""0x000000000000780555bD0BCA3791f89f9542c2d6""}"
39071,CYS,Cysic,cysic,cysic.xyz,39071.png,"{""bnb"":""0x0C69199C1562233640e0Db5Ce2c399A88eB507C7"",""base"":""0x19e8d59ff3D7A31289e0Dc04Db48d43b02c7ffa6""}"
39072,KHYPE,Kinetiq Staked HYPE,kinetiq-staked-hype,kinetiq.xyz,39072.png,"{""hyperliquid"":""0xfd739d4e423301ce9385c1fb8850539d657c296d""}"
39073,MAKA,MAKA,makachain,makachain.io,39073.png,"{""ethereum"":""0x52076923f24dAF4c9dA90082b6384EDCC4180646""}"
39074,THQ,Theoriq,theoriq,theoriq.ai,39074.png,"{""ethereum"":""0xaffbe9a60f1f45e057fd9b6dc70004bb0ccc8b99"",""base"":""0x0b2558bdbc7ffec0f327fb3579c23dabd1699706""}"
39078,ELEVATE,Elevate,elevate-united,elevatetrade.com,39078.png,"{""ethereum"":""0x888888888887715FB9D9F84175Af9e6cCE46807e"",""base"":""0x888888888887715fb9d9f84175af9e6cce46807e"",""bnb"":""0x888888888887715fb9d9f84175af9e6cce46807e""}"
39085,SHOW,SHOW,show-token,showtoken.io,39085.png,"{""ethereum"":""0x4f37D5c3F8DdC5976eD65B5815705247eDc56120""}"
39088,ALMANAK,Almanak,almanak,almanak.co,39088.png,"{""ethereum"":""0xDeFA1D21c5F1cbeac00eeB54B44C7D86467cc3a3"",""bnb"":""0xDeFA1D21c5F1cbeac00eeB54B44C7D86467cc3a3"",""arbitrum"":""0xDeFA1D21c5F1cbeac00eeB54B44C7D86467cc3a3"",""mantle"":""0xDeFA1D21c5F1cbeac00eeB54B44C7D86467cc3a3"",""base"":""0xDeFA1D21c5F1cbeac00eeB54B44C7D86467cc3a3""}"
39089,BTX,BeatSwap,beatswap,beatswap.io,39089.png,"{""bnb"":""0xAa242a47F4cC074E59cbC7D65309B1F21202AaA3""}"
39090,GTBTC,GTBTC,gtbtc,gate.com,39090.png,"{""ethereum"":""0xc2d09cf86b9ff43cb29ef8ddca57a4eb4410d5f3"",""solana"":""gtBTCGWvSRYYoZpU9UZj6i3eUGUpgksXzzsbHk2K9So"",""bnb"":""0xc2d09cf86b9ff43cb29ef8ddca57a4eb4410d5f3"",""base"":""0xc2d09cf86b9ff43cb29ef8ddca57a4eb4410d5f3""}"
39094,ANTFUN,AntFun,ant-fun,ant.fun,39094.png,"{""solana"":""CWZ6BsdnjkDVTGkmL6bGbJXXig6ceef12KvyGQW14cMt"",""bnb"":""0x6ced5c6d3f913b48d59fa07abbfe9060c409087c""}"
39101,DOYR,DOYR,doyr,four.meme,39101.png,"{""bnb"":""0x925c8ab7a9a8a148e87cd7f1ec7ecc3625864444""}"
39105,SOLO,Solomon,solomon,solomonlabs.org,39105.png,"{""solana"":""SoLo9oxzLDpcq1dpqAgMwgce5WqkRDtNXK7EPnbmeta""}"
39106,BC400,Bitcoin Cultivator 400,bitcoin-cultivator-400,bc400dao.com,39106.png,"{""bnb"":""0x61Fc93c7C070B32B1b1479B86056d8Ec1D7125BD""}"
39108,WEALTH,Wealth Crypto,wealth-crypto,wealthcrypto.fund,39108.png,"{""ethereum"":""0xafa702c0A2a3a0Cf1bD09435DB61C913cCDe8546""}"
39109,XNT,Neptune,neptune-io,neptune.io,39109.png,{}
39110,NPRO,NPRO,npro,nearmobile.app,39110.png,"{""near-protocol"":""npro.nearmobile.near""}"
39113,IR,Infrared,infrared,infrared.finance,39113.png,"{""bnb"":""0xace9de5af92eb82a97a5973b00eff85024bdcb39"",""berachain"":""0xa1b644aec990ad6023811ced36e6a2d6d128c7c9""}"
39116,USDSM,Stable Mint United States Dollar,stable-mint-united-states-dollar,stablemint.io,39116.png,"{""tezos"":""0x6bDE51212203aE5d592Cc5180DA2ABBd41c922dE"",""base"":""0x26C358F7c5fEdB20a6ddEf108cD91Efb6B8Da0Cb"",""arbitrum"":""0x26C358F7c5fEdB20a6ddEf108cD91Efb6B8Da0Cb"",""ethereum"":""0x399B29975CBE313C56269cD5097F5AE097Fa2741""}"
39117,LUNC,Terra Classic AI,terra-classic-ai,luncaioff.xyz,39117.png,"{""bnb"":""0x45b695F2594713c96B52468ED168A691986b858A""}"
39120,U,United Stables,united-stables,u.tech,39120.png,"{""ethereum"":""0xce24439f2d9c6a2289f741120fe202248b666666"",""bnb"":""0xcE24439F2D9C6a2289F741120FE202248B666666"",""tron"":""TFNirp6PbqYE1ZTtWuCMUKJWLNZkoCoeFJ"",""robinhood-placeholder"":""0xcE24439F2D9C6a2289F741120FE202248B666666""}"
39121,MAGMA,Magma Finance,magma-finance,magmafinance.io,39121.png,"{""sui"":""0x9f854b3ad20f8161ec0886f15f4a1752bf75d22261556f14cc8d3a1c5d50e529::magma::MAGMA""}"
39123,REAL,RealBriefly,real-token,realbriefly.com,39123.png,"{""xrp"":""rKVyXn1AhqMTvNA9hS6XkFjQNn2VE8Nz88""}"
39125,LIT,Lighter,lighter,lighter.xyz,39125.png,"{""ethereum"":""0x232ce3bd40fcd6f80f3d55a522d03f25df784ee2""}"
39126,BEB1M,BeB,beb,beb1m.com,39126.png,"{""solana"":""EGedTSu2zdFNT1k7phURksCpcwHNyxepLzSMYGApump""}"
39127,LISA,AgentLISA,agentlisa,agentlisa.ai,39127.png,"{""bnb"":""0x0AA9D742A1e3C4Ad2947eBbf268aFA15D7c9bFBd""}"
39131,COCO,coco,coco,cocobnb.meme,39131.png,"{""bnb"":""0x80f1ff15b887cb19295d88c8c16f89d47f6d8888""}"
39132,OASIS,OASIS,oasis-rz,rzoasis.tech,39132.png,"{""bnb"":""0x1a4d41219c547f3a0ee36cf3d9e68f80699cf283""}"
39133,AMATO,AMATO,amato,amato-official.com,39133.png,"{""solana"":""Trj7guTUcpDFqkycDzvMNjwRN1W4fYtsxSYbj3veBsP""}"
39135,DINO,Dinosol,dinosol,dino.fun,39135.png,"{""solana"":""6wCYEZEBFQC7CHndo7p7KejyM4oGgi5E1Ya1e9eQpump""}"
39140,LV,LeverUp,leverup,leverup.xyz,39140.png,"{""monad"":""0x1001fF13bf368Aa4fa85F21043648079F00E1001""}"
39142,SCOR,SCOR,scor,scor.io,39142.png,"{""base"":""0xD67EC255100Ef200A439D09FF865fbAA2Ad9C730"",""mantle"":""0x8DDB986b11c039a6CC1dbcabd62baE911b348F33""}"
39143,WHITEWHALE,The White Whale,the-white-whale,whitewhalememe.com,39143.png,"{""solana"":""a3W4qutoEJA4232T2gwZUfgYJTetr96pU4SJMwppump""}"
39147,TTD,TradeTide,tradetide,tradetide.cc,39147.png,"{""bnb"":""0x169eC30125728BC7912Da2dF76Ab5f97F3BAB9cB""}"
39148,JOBS,x402jobs,x402jobs,x402.jobs,39148.png,"{""solana"":""6cNcXWqYvK9nhD1TsjJ1ZH1KATXcaPaRJtZPHyVkJoBs""}"
39149,SUPERCYCLE,Crypto SuperCycle,crypto-supercycle,supercyclebnb.com,39149.png,"{""bnb"":""0x113f9616AD86A358bB7e58EB3E977D976aF44444""}"
39150,RTX,RateX,ratex,rate-x.io,39150.png,"{""bnb"":""0x4829a1d1fb6ded1f81d26868ab8976648baf9893"",""solana"":""J1wnHdKvP34fg7TtYdX63UPJMTdXNzJGEqfNJB22vKjU""}"
39151,PYBOBO,Capybobo,capybobo,capybobo.io,39151.png,"{""solana"":""D6xWgRCSHoMEB5fqPwk3p6Stxirn5ytm2WwboSTTx4oE"",""kaia"":""0x2b94e669139b1b546a0c28c3b78fd7a35d5a5f94"",""gram"":""EQD3-DscdjEM95zRmW936vGVr6O7uFJ1W6a8--7-Vg3rtfGy""}"
39152,MTHT,MetaHint,metahint,metahint.ai,39152.png,"{""polygon-ecosystem-token"":""0x539D6C6Ebd48cD4A1f74E0A250174555c54394C4""}"
39158,BTW,Bitway,bitway-btw,bitway.com,39158.png,"{""ethereum"":""0x3A63DE3572c69a1307ff08394f3Ee7702C16d25d"",""bnb"":""0x444045B0EE1ee319A660a5E3d604CA0ffA35ACaA""}"
39159,BREV,Brevis,brevis,brevis.network,39159.png,"{""ethereum"":""0x086F405146Ce90135750Bbec9A063a8B20A8bfFb"",""bnb"":""0x086f405146ce90135750bbec9a063a8b20a8bffb"",""base"":""0x086f405146ce90135750bbec9a063a8b20a8bffb""}"
39160,PRX,PressX,pressx,pressx.com,39160.png,"{""ethereum"":""0x2FA1A93dF4F7aB3dB4D2893518cb3af255f3ce2D""}"
39161,DN,DeepNode,deepnode,deepnode.ai,39161.png,"{""ethereum"":""0x9B6a1d4fa5d90E5f2D34130053978D14Cd301d58"",""bnb"":""0x9B6a1d4fa5d90E5f2D34130053978D14Cd301d58"",""base"":""0x9B6a1d4fa5d90E5f2D34130053978D14Cd301d58""}"
39162,KGST,KGST,kgst,kgstoken.kg,39162.png,"{""bnb"":""0x94be0bbA8E1E303fE998c9360B57b826F1A4f828"",""tron"":""TN3cfcFhLrdNZhMdHZVZ4z2XFWb7uB9CXg""}"
39164,FRT,ForTon,forton,forton.app,39164.png,"{""gram"":""EQA1EIDrR33zgL21rwDIfGo7h4ETWieentUvg7jIT-3aP5GG""}"
39166,KDK,Kodiak Finance,kodiak-finance,kodiak.finance,39166.png,"{""berachain"":""0xc0D1aC00A30fA4e30e44AFc7313d6312c87E21dF""}"
39168,AUDX,Aussie Dollar Token,aussie-dollar-token,audxtoken.com,39168.png,"{""ethereum"":""0xD687759f35bb747A29246a4b9495C8f52C49E00C"",""polygon-ecosystem-token"":""0xD687759f35bb747A29246a4b9495C8f52C49E00C""}"
39169,NOTHING,You’ll own nothing & be happy,you-ll-own-nothing-and-be-happy,ownnothing.xyz,39169.png,"{""solana"":""F7pB3ZdfBnyFw2LRHydWEn9BmhEa5XihXLjhySFRpump""}"
39170,COLLECT,Collect on Fanable,collect-on-fanable,collectfoundation.xyz,39170.png,"{""bnb"":""0x4B3D30992f003c8167699735F5Ab2831B2A087D3""}"
39171,SHISA,SHISA,shisa,shisabnb.com,39171.png,"{""bnb"":""0x595b0774d1B2C87dBf9720912ba0870aE9B94444""}"
39172,VAM,Vitalum,vitalum,vitalum.io,39172.png,"{""bnb"":""0x009A0FbF4928362d79077b4f38da9B5fB2CE64e2""}"
39174,BEAR,Bearly Legal,bearly-legal,bearlylegal.xyz,39174.png,"{""ethereum"":""0xC114cF69972e3c1b4B529e0418012C01fcf9E725""}"
39175,GYAT,GYAT Coin,gyat-coin,gyatcoin.fun,39175.png,"{""solana"":""EfgEGG9PxLhyk1wqtqgGnwgfVC7JYic3vC9BCWLvpump""}"
39176,HACHIKO,Hachiko Inu,hachiko-sbs,hachiko.sbs,39176.png,"{""bnb"":""0xf1c599e9a5fbdea408a7409c0176a2fe42c64444""}"
39177,TBK,TronBank,tronbank,tronbank.pro,39177.png,"{""tron"":""TR84L8oj3zt6NEZknUPerxZJyAALE8XNSH""}"
39178,ATLAS,Atlas (AtlasOfUSA),atlas-of-usa,atlasofusa.com,39178.png,"{""ethereum"":""0x02cE0F1F6D04a0925AEE71aADdbc226658FC6300""}"
39180,TUNA,Tuna,tuna,tuna.fun,39180.png,"{""solana"":""GfLD9EQn7A1UjopYVJ8aUUjHQhX14dwFf8oBWKW8pump""}"
39184,VK,VK Token,vk-token,vktoken.org,39184.png,"{""bnb"":""0x6a43cb09fc6d16525f38ecfa27cc568282d86678""}"
39186,COINBANK,CoinBank,coinbank,coinbank.com,39186.png,"{""bnb"":""0xf19c362d779ade83d4f8708c6c36297b6ad57528""}"
39190,BLACKWHALE,The Black Whale (blackwhale.fun),the-black-whale,blackwhale.fun,39190.png,"{""solana"":""8y45AJzCUBSZL1UDFQRzCKovQBLQFudBrpPeg5yNpump""}"
39191,USDA,Anzens,anzens,anzens.com,39191.png,"{""cardano"":""fe7c786ab321f41c654ef6c1af7b3250a613c24e4213e0425a7ae45655534441""}"
39192,USDM,USDM,usdm,moneta.global,39192.png,"{""cardano"":""c48cbb3d5e57ed56e276bc45f99ab39abe94e6cd7ac39fb402da47ad0014df105553444d""}"
39193,AIAV,AI Avatar,ai-avatar,aiav.ai,39193.png,"{""bnb"":""0x76CC9E532Bb6803EFc3d7766ac16A884a015951f""}"
39195,PVP,PVPFUN,pvpfun,pvpfun.io,39195.png,"{""bnb"":""0x009C69B994Ae68e90F20a63CE1659AB949547073""}"
39197,SENT,Sentinel (sentinelxo),sentinel-xo,sentinelxo.com,39197.png,"{""ethereum"":""0xe88baab9192a3cb2c0a50182ab911506e5adc304""}"
39198,DUCKY,DUCKY (Duckythebrain),ducky-duckythebrain,duckybrain.com,39198.png,"{""bnb"":""0x804c3f94A9D693Ec35AFe8d140098e5046816495"",""solana"":""97TgtAnya3WC6fDRhzeeV7B5ngLnemP6YFjxnxYxY8ng""}"
39199,BOXABL,BOXABL,boxabl,boxabl.com,39199.png,"{""solana"":""H2yHLoC24dM5v1Vjh2Poqx7fZ9mp8EfR2MYseXScpump""}"
39200,CODEX,CodexField,codexfield,codexfield.com,39200.png,"{""bnb"":""0x4AF228a5fba8fb4fF64b5b9563Fd114595Fa6686""}"
39203,ESIM,Depinsim,depinsim,depinsim.com,39203.png,"{""bnb"":""0x7765A659C5b0cFBFD9fbc2Ef2298b75a598F2d2D""}"
39204,GTETH,GTETH,gteth,gate.com,39204.png,{}
39208,FKH,Flying Ketamine Horse,flying-ketamine-horse,flyingketaminehorse.site,39208.png,"{""solana"":""BCXpjsHYmgVpRKdv4EQv1RARhYagnnwPkJjYbvM6bonk""}"
39209,POLLY,Polly Penguin,polly-penguin,pollyonsol.fun,39209.png,"{""solana"":""6GihmsqNR21azuRuHgbjQxcDoxX7xgqqs58PQkyxpump""}"
39213,BC2,BitcoinII,bitcoinii,bitcoin-ii.org,39213.png,{}
39214,ZTC,ZenChain,zenchain,zenchain.io,39214.png,"{""ethereum"":""0xA6773c4f26C80C86Bc04AA6506533693A39d1195"",""bnb"":""0x87033d521f1a5db206860f2688ca161719f85187""}"
39217,RADR,Radr,radr,radrlabs.io,39217.png,"{""solana"":""CzFvsLdUazabdiu9TYXujj4EY495fG7VgJJ3vQs6bonk""}"
39218,AMATON,Applied Materials Tokenized Stock (Ondo),applied-materials-tokenized-stock-ondo,app.ondo.finance,39218.png,"{""ethereum"":""0x6be935eadc71c49c414b1175985946ee40365c67"",""bnb"":""0x5ecc352c4640f1d26bd231dbbd171f40f7d0eec6"",""solana"":""7eRX747PSbVtGVx3qD5UFdkNM2BfTy86ikUiCMhondo""}"
39219,ABBVON,AbbVie Tokenized Stock (Ondo),abbvie-tokenized-stock-ondo,app.ondo.finance,39219.png,"{""ethereum"":""0x7c7378143a9c8839e0502e2178f058f46c6ea504"",""bnb"":""0x8677abad7b458bf16a0fb2676dfc7d3f55ac202a"",""solana"":""MFerpBVGKZh2jXN7cbJdXRXQTp6j6pbSnSZrfWrondo""}"
39220,AALON,American Airlines Group Tokenized Stock (Ondo),american-airlines-group-tokenized-stock-ondo,app.ondo.finance,39220.png,"{""ethereum"":""0xbe8eb7b51a08f9d52bb6c8c7eca699f0f89bfc02"",""bnb"":""0x02d608506ca0048d0d991a11f1e7fb8cad1e44f8"",""solana"":""9wYZetvT8J2ptfsRca5gzLBGvcUug38mp9yT3xaondo""}"
39221,ISRGON,Intuitive Surgical Tokenized Stock (Ondo),intuitive-surgical-tokenized-stock-ondo,app.ondo.finance,39221.png,"{""ethereum"":""0x2691b13fca1e02322685b9554b5ae0f5f3f05c55"",""bnb"":""0x784584933c2192caa062e90d8140d94768ce62d8"",""solana"":""1MGRpPrkhEsCm2GCWD3rsvEU77xTTLAzfKXeFgFondo""}"
39223,BPEPE,BABY PEPE,baby-pepecto,babypepe.site,39223.png,"{""bnb"":""0xff9e8bcc20549c3469f7073d166a3bf5c8b4cc90""}"
39224,BMNRON,BitMine Immersion Technologies Tokenized Stock (Ondo),bitmine-immersion-technologies-tokenized-stock-ondo,app.ondo.finance,39224.png,"{""ethereum"":""0x33483a58079b4225b10e57958ca28ad7b9cdbaf7"",""solana"":""MYXqkDYbzr7vjXAz2BapR4AiYRXzoikGirrLoRzondo"",""bnb"":""0x52ad57a7ea642e99a892afc79e937b383f1b59e9""}"
39225,BBAION,BigBear.ai Holdings Tokenized Stock (Ondo),bigbearai-holdings-tokenized-stock-ondo,app.ondo.finance,39225.png,"{""ethereum"":""0x1b8d3e59b31981385c066ee0916ec964628ff1f9"",""bnb"":""0x7ba995f1662a01f3be0dc299ce94bb7e9c7075f5"",""solana"":""YXE7mph6XhsgnyezkMEcTuohSuWhbLWfwx2Hh6mondo""}"
39226,FTGCON,First Trust Global Commodity Tokenized Fund (Ondo),first-trust-global-commodity-tokenized-fund-ondo,app.ondo.finance,39226.png,"{""ethereum"":""0xacf3fecaa787f268351a86409c3bd3b96ef924fb"",""bnb"":""0xe96f94e10f1265dcc15f83d251f1f6758d2cd67d"",""solana"":""ivBnfPTyuHDNWmMSnbavckhJK6SHZW8h77nZKsEondo""}"
39227,BILION,Bilibili Tokenized Stock (Ondo),bilibili-tokenized-stock-ondo,app.ondo.finance,39227.png,"{""ethereum"":""0x7e08ce07aca80cefe61ebbfa0cedfe5c7b07edb9"",""solana"":""14kLsQVmc64qZexYuR4XGop9y8BeMkd77pJUm1Rhondo"",""bnb"":""0x91fc7371d6de682a1e8cfcb4eb7da693312a03a4""}"
39228,ACHRON,Archer Aviation Tokenized Stock (Ondo),archer-aviation-tokenized-stock-ondo,app.ondo.finance,39228.png,"{""ethereum"":""0x9cfa08002d606e638fe91941be725e1b970b84a6"",""bnb"":""0x91c62325f901ee29da8e521cfe68980332a4ca06"",""solana"":""KcCVQxG9LhFYP5o9DWFKTFgFShPPQkDEemVbiFyondo""}"
39229,COPXON,Global X Copper Miners Tokenized ETF (Ondo),global-x-copper-miners-tokenized-etf-ondo,app.ondo.finance,39229.png,"{""ethereum"":""0x423a63dfe8d82cd9c6568c92210aa537d8ef6885"",""solana"":""X7j77hTmjZJbepkXXBcsEapM8qNgdfihkFj6CZ5ondo"",""bnb"":""0xec93fe7ff4b09ca3ccafbc4cc9615e62be412780"",""hyperliquid"":""0x86E33197369a3560CeE2Ab6Bb12376AC7b29f3dD""}"
39230,ADION,Analog Devices Tokenized Stock (Ondo),analog-devices-tokenized-stock-ondo,app.ondo.finance,39230.png,"{""ethereum"":""0x2ddc2391cc89e3e716a938f089ae755174cfdf1f"",""bnb"":""0x0e246e05212dbbd78a354c072a92b4e5723b2fa0"",""solana"":""LmTMwmZLNZszn3qpjmnbhfP12U4qWDivaEBwSBSondo""}"
39231,JNJON,Johnson & Johnson Tokenized Stock (Ondo),johnson-johnson-tokenized-stock-ondo,app.ondo.finance,39231.png,"{""ethereum"":""0xdd0e1e6162666a210905ffe8d368661b313c00e9"",""bnb"":""0xd1f799cb9f5d0a02951b0755beced6c43882712f"",""solana"":""KUXt7LzHWSQXp5eyqMZRxWjAP6yM8BUh4LRHwiwondo""}"
39232,AMCON,AMC Entertainment Tokenized Stock (Ondo),amc-entertainment-tokenized-stock-ondo,app.ondo.finance,39232.png,"{""ethereum"":""0x592643a667633bca51cb2387c98b6de6ce549a45"",""bnb"":""0x1d7b5e06fdbe4fd33f5c64c081e32b5d539751d0"",""solana"":""C9xNaNujcF1a5fidWAAFReFYqhLRVbyk4yPyGqzondo""}"
39233,COFON,Capital One Tokenized Stock (Ondo),capital-one-tokenized-stock-ondo,app.ondo.finance,39233.png,"{""ethereum"":""0x3d07c3161f355cb9e5b524bef8d113c96e0263ab"",""bnb"":""0x53a8c5fc5643b437779742f494691e6b7c660a8b"",""solana"":""R2uDbMtmHq5xSS5SserrovdRKdpiqnVBCd2AHLhondo""}"
39234,BZON,Kanzhun Tokenized Stock (Ondo),kanzhun-tokenized-stock-ondo,app.ondo.finance,39234.png,"{""ethereum"":""0x858e985126543b5a066c4e8a5dab0249c1d683f7"",""solana"":""doPqjCxi6UkANkvMz5fSuYGEo5PGppVpTZMeB5vondo"",""bnb"":""0xc2c7fcddc37f6737ca2481ebda6b81ee279fe20c""}"
39235,CATON,Caterpillar Tokenized Stock (Ondo),caterpillar-tokenized-stock-ondo,app.ondo.finance,39235.png,"{""ethereum"":""0xf719b02079e0faa5450392da2d3e11a1e5b0eadb"",""bnb"":""0x274b0cb6db9473245a31cdea9b789786f4108e4b"",""solana"":""AErxJJxGbc9cZzZoZepN62BNfg5RXns8tmEc3Zpondo""}"
39236,BLSHON,Bullish Tokenized Stock (Ondo),bullish-tokenized-stock-ondo,app.ondo.finance,39236.png,"{""ethereum"":""0x334ccd8df4013bac99af8c5c61d3605b315302a0"",""solana"":""A9PFmw9Hu8zzxDUoU351pio1E1XWBWBfWnjT9qoondo"",""bnb"":""0xfbe22d27b6e153244882fd7bdfe7c6109918281b""}"
39237,CPNGON,Coupang Tokenized Stock (Ondo),coupang-tokenized-stock-ondo,app.ondo.finance,39237.png,"{""ethereum"":""0xfa9f0bf8baa9a3d5e0a8e5c0aeaf186acabef63d"",""bnb"":""0x19904bc04c09e5d29ed216ddd105bdf103a0ba2d"",""solana"":""NKyzy31w2J7odLb2CW3Ft4fpKXkW3LBt1pvpkVLondo""}"
39238,CVNAON,Carvana Tokenized Stock (Ondo),carvana-tokenized-stock-ondo,app.ondo.finance,39238.png,"{""ethereum"":""0xfe4ec50e0413148021d2f50d114cc44de6ffbf23"",""bnb"":""0xc145dc2ebdbe8ead1fecdebf46c76eb1fdd0104d"",""solana"":""FGmUDXqA3AbWfo5b3NUcsvwoUFCF4tr9ea6uercondo""}"
39239,DNNON,Denison Mines Tokenized Stock (Ondo),denison-mines-tokenized-stock-ondo,app.ondo.finance,39239.png,"{""ethereum"":""0x7aa59a63d1d0c435a08bc96e11bef2e95ab66c40"",""bnb"":""0x70bd780076e25d087ed9c35f4e4a540522abe8cf"",""solana"":""12J2LD3tuLfdiVKnWZMHRMrbnXDY9rM4yqVLUa5yondo""}"
39240,KLACON,KLA Tokenized Stock (Ondo),kla-tokenized-stock-ondo,app.ondo.finance,39240.png,"{""ethereum"":""0xa637ae510cb50e61236a89ac480b93b8c3bccc46"",""solana"":""149o8ppQf9SzKCKXZ4v3dzHkwumvtQSRzSEkr29uondo"",""bnb"":""0xfc263946439b0d802bf4c5a6fcd34e2885259f91""}"
39241,LION,Li Auto Tokenized Stock (Ondo),li-auto-tokenized-stock-ondo,app.ondo.finance,39241.png,"{""ethereum"":""0xb6e362a39db703f0f7cf582c9fc043a51624e53d"",""solana"":""v12TwfofSbvVqQ5N5KGG4d3J8rtEi4BjGfn2apyondo"",""bnb"":""0x9810beac9af3c30d14cfb61cdd557e160f60fd50""}"
39242,OXYON,Occidental Petroleum Tokenized Stock (Ondo),occidental-petroleum-tokenized-stock-ondo,app.ondo.finance,39242.png,"{""ethereum"":""0xeedc48205852e9d83ea5ca92fa8656597788601f"",""bnb"":""0x01b5a4ac600be98448dbefbb78bcdf38262552cc"",""solana"":""1GNFMryQ6c9ZpMhgNimmsbtgYM21qnBJgRAFoNiondo""}"
39243,DGRWON,WisdomTree US Quality Dividend Growth Tokenized Fund (Ondo),wisdomtree-us-quality-dividend-growth-tokenized-fund-ondo,app.ondo.finance,39243.png,"{""ethereum"":""0x81eb954936a7062d1758fc0e6e3b88d42d9c361c"",""bnb"":""0x1cd89241b26fcdc421fd02907d6504c8abbfe1bc"",""solana"":""gnoSQSNTNZHViqVfxCcPDVxcRA29mrJL7C6JqYLondo""}"
39244,NIOON,NIO Tokenized Stock (Ondo),nio-tokenized-stock-ondo,app.ondo.finance,39244.png,"{""ethereum"":""0xee2542f442a5ed8008e2fe3590e14f90db69f70d"",""bnb"":""0xc6f9edbee6042a237d72493bbda3ee2c3c62f708"",""solana"":""yQ37dFiGAbzrb2FRAEhGNzRy5zFfoYGWYhAepFEondo""}"
39245,OPRAON,Opera Tokenized Stock (Ondo),opera-tokenized-stock-ondo,app.ondo.finance,39245.png,"{""ethereum"":""0xb40afd1d55ea61fc1a6fbe093b817b673c8e78d7"",""bnb"":""0x88672043905bdd272df55a5a7bb1b7e1e693cbc5"",""solana"":""gbHFTMkuMQUy5xrgoCBdaQ2XYvNyjWAYcnRPh9Condo""}"
39246,PDBCON,Invesco Optimum Yld Dvsfd Cmd Str No K-1 Tokenized ETF (Ondo),invesco-optimum-yld-dvsfd-cmd-str-no-k-1-tokenized-etf-ondo,app.ondo.finance,39246.png,"{""ethereum"":""0x46c0a02a877c1412cb32b57028b2f771c0364a7e"",""bnb"":""0xcf3e84e62002ca459db81b2032d7fe13715bad51"",""solana"":""M6agiXbNgy8Xon9ngiW4ZDPbMFcNCTMkMMkshZyondo""}"
39247,PDDON,PDD Holdings Tokenized Stock (Ondo),pdd-holdings-tokenized-stock-ondo,app.ondo.finance,39247.png,"{""ethereum"":""0xcc40965d3621362c3ee1dd946ba98d6a708ea86b"",""bnb"":""0xf3e82ea164cb344b2b11bad4c24b0ea4f7ba4714"",""solana"":""PnjETBCLC318DRejo9cMQKAmET9PvW8AEFGWMNtondo""}"
39248,SOUNON,SoundHound AI Tokenized Stock (Ondo),soundhound-ai-tokenized-stock-ondo,app.ondo.finance,39248.png,"{""ethereum"":""0x966db065199a3edea2228c6e5eb6ac49ff251acc"",""bnb"":""0xedcf71b2e2217064038adcb54a3c3a5fc3488ef1"",""solana"":""vE2qArmjto6VfeMngyGAnzp2ipLYeXsxiARDnnXondo""}"
39249,TON,AT&T Tokenized Stock (Ondo),att-tokenized-stock-ondo,app.ondo.finance,39249.png,"{""ethereum"":""0x3361a73262199873b74d6835760a59b8817fa592"",""bnb"":""0x4255279af47cf10efb9a5c8839f90170f4ef759f"",""solana"":""WKMZummev5UcXz5nNKQZvTD6QjNSM2X58uwmDReondo""}"
39250,USOON,United States Oil Tokenized Fund (Ondo),united-states-oil-tokenized-fund-ondo,app.ondo.finance,39250.png,"{""ethereum"":""0x1f5fc5c3c8b0f15c7e21af623936ff2b210b6415"",""bnb"":""0x94174e3d1335db402dd03a092f7aa7ac2cb32be4"",""solana"":""rpydAzWdCy85HEmoQkH5PVxYtDYQWjmLxgHHadxondo"",""hyperliquid"":""0xA4dB50bB345151f3649539300523e83a8b8A6BC7""}"
39251,WULFON,Terawulf Tokenized Stock (Ondo),terawulf-tokenized-stock-ondo,app.ondo.finance,39251.png,"{""ethereum"":""0x110cae53912c2ed9bf279cd70b3b699e26c79e58"",""bnb"":""0xad56701d9e57957e28e546db7db508a16d4f86cc"",""solana"":""exYfSJt6Fgfhfnp3bAD4roYy97hLF9npjYaLyEXondo""}"
39252,BACON,Bank of America Tokenized Stock (Ondo),bank-of-america-tokenized-stock-ondo,app.ondo.finance,39252.png,"{""ethereum"":""0x576e9ca70e3a040c00d8139b0665a2b7b7b64844"",""bnb"":""0xd615468088b19fb9d4f03cb3ce9e33876ff3db99"",""solana"":""Wk8gC6iTNp8dqd4ghkJ3h1giiUnyhykwHh7tYWjondo""}"
39253,CEGON,Constellation Energy Tokenized Stock (Ondo),constellation-energy-tokenized-stock-ondo,app.ondo.finance,39253.png,"{""ethereum"":""0x060505527c83e8bfeb9b4ff08248b82e688800f1"",""bnb"":""0x65d84f0990b7394209d591380c2952c83d778aa3"",""solana"":""7NWHifsBnn9DimUeNnsHdEXkTZhXmJTiXxcCngBondo""}"
39254,IRENON,IREN Tokenized Stock (Ondo),iren-tokenized-stock-ondo,app.ondo.finance,39254.png,"{""ethereum"":""0x0b59fdb1a233a7477ea14061004b9dd776e73cb3"",""solana"":""13QHuepdhtJ3urNsV9i1hdL8nQoca2G7ZaLzb5FYondo"",""bnb"":""0x8fd70ee385f470c8d6fda2d93a4e49c849bac6a6""}"
39255,NIKLON,Sprott Nickel Miners Tokenized ETF (Ondo),sprott-nickel-miners-tokenized-etf-ondo,app.ondo.finance,39255.png,"{""ethereum"":""0xbf54eb503bb350583d11f4348086dc3608fa245c"",""solana"":""V8LRV7kWjrx6Prke9oHEHNUiR122BVtyuPciTCTondo"",""bnb"":""0xe23f03d2907cdc38a10f6ccdc1a157bf1afe51de""}"
39256,RIVNON,Rivian Automotive Tokenized Stock (Ondo),rivian-automotive-tokenized-stock-ondo,app.ondo.finance,39256.png,"{""ethereum"":""0x04d94914cd1d7ff749efedee764335777225b962"",""solana"":""AXRsYFt7TXNQ3DcY6BkvRgPV6VsYMURyDtaeudjondo"",""bnb"":""0x277e1fa8704c5511fed7e30bc691f922aa30101b"",""hyperliquid"":""0x353D347bb7bc1C812E3a131d9b5193b3618029e5""}"
39257,TMUSON,T-Mobile US Tokenized Stock (Ondo),t-mobile-us-tokenized-stock-ondo,app.ondo.finance,39257.png,"{""ethereum"":""0xdeb3c23f93349229823a006657cfe1a6552b6340"",""solana"":""pDY4GPJfZcNETPG7myXeafQfgJqqVkn81bMYDyfondo"",""bnb"":""0x2588f20bad92da8dcce7fac8311b5f8ab4690e43""}"
39258,TXNON,Texas Instruments Tokenized Stock (Ondo),texas-instruments-tokenized-stock-ondo,app.ondo.finance,39258.png,"{""ethereum"":""0x58fc9d573ea773ef9a25c3de66f990b87ee5f50e"",""bnb"":""0xca3a5c955f1f01f20aacf9501b03e4aa235e478b"",""solana"":""81xLFvCzFaUM3KDxSHC75pXu3RPCeSeCbmGBY8aondo""}"
39259,MTZON,MasTec Tokenized Stock (Ondo),mastec-tokenized-stock-ondo,app.ondo.finance,39259.png,"{""ethereum"":""0x5cb95099a2c7e3c8187fbca6efe5ba222b5ba820"",""solana"":""R3ywbVQ5t8LNmjQsn2Ngv43dSqyZscQwNag9G3Eondo"",""bnb"":""0xf49046aae76eaeb7ffd3ef116ce0f7cd0f52d93e""}"
39260,PSQON,ProShares Short QQQ Tokenized Stock (Ondo),proshares-short-qqq-tokenized-stock-ondo,app.ondo.finance,39260.png,"{""ethereum"":""0x9ebd34d99cc3a45b39cafc14ad7994263fa2be56"",""solana"":""qKtU9A7ij34XmtxaSzYfxCpkgAZzzFsqnUb2kW2ondo"",""bnb"":""0x3802dc739ef9e226f36421a9c15efa519153bbbe""}"
39261,REMXON,VanEck Rare Earth and Strategic Metals Tokenized ETF (Ondo),vaneck-rare-earth-and-strategic-metals-tokenized-etf-ondo,app.ondo.finance,39261.png,"{""ethereum"":""0x1140043f02d8ee34b10eae2e32ae921cda1459ee"",""bnb"":""0xc16f47c4a7ed39372b9a0e3e2016cede9b4cb83a"",""solana"":""tiitb2Z1HtpB2DpVr6V7tdCFS3jmTinLeuGj9EVondo""}"
39262,VTION,Vanguard Total Stock Market Tokenized ETF (Ondo),vanguard-total-stock-market-tokenized-etf-ondo,app.ondo.finance,39262.png,"{""ethereum"":""0x57b392146848c6321bb2a3d4358df1bdeacdc62a"",""solana"":""jCCU4GwukjNxAXJowG2S4KCrr5g6YyUB61WHYvGondo"",""bnb"":""0x158734153f354cb326ee690c3d55f810dcb0fc90""}"
39263,CLOAON,iShares AAA CLO Tokenized ETF (Ondo),ishares-aaa-clo-tokenized-etf-ondo,app.ondo.finance,39263.png,"{""ethereum"":""0x8cefd49b703de9c0486d9bf6cb559f0895268ee8"",""solana"":""t71FyTYHVkPAb5g48adDHmkVxXYbUuP2eq6jDZLondo"",""bnb"":""0x4ef383f521e803863a33fca8f3f861e53ef9ef9b""}"
39264,CLOION,VanEck CLO Tokenized ETF (Ondo),vaneck-clo-tokenized-etf-ondo,app.ondo.finance,39264.png,"{""ethereum"":""0xe8b09e8175aecb35a171fa059647434fe47f114c"",""bnb"":""0xd7e3317d54473dab04135fb0676623f237ff5ca9"",""solana"":""ucQ3VfWAx9pkCN4Kg84zE56FtB4FJN2kQH4ArYYondo""}"
39265,COPON,ConocoPhillips Tokenized Stock (Ondo),conocophillips-tokenized-stock-ondo,app.ondo.finance,39265.png,"{""ethereum"":""0x8e6a5338eac4b6fe8d51a7653fad3b9da755eea6"",""bnb"":""0x0d586b51a90dc999f9bb6a0506da7f034a1d3a2e"",""solana"":""X68p9qTpEMkR1TLpXUP2ZJo8PG4Qge2Y2ZLdjA2ondo""}"
39266,OPENON,Opendoor Technologies Tokenized Stock (Ondo),opendoor-technologies-tokenized-stock-ondo,app.ondo.finance,39266.png,"{""ethereum"":""0xb22d83e228c4266075ec75c32acc3bc059b6f248"",""solana"":""ou1uE526v7zmUYP2qCb2LJgfXAyWAtWS9SETtr8ondo"",""bnb"":""0xa09699fc0cbb1f85128450a0ff6a3c4d3a7e7b9b""}"
39267,PINSON,Pinterest Tokenized Stock (Ondo),pinterest-tokenized-stock-ondo,app.ondo.finance,39267.png,"{""ethereum"":""0xc017c622cd05698580e2decd0f97d4a17dab70f9"",""solana"":""sxyg1VTSzy5zYANUK7hntNtmFAWoXGJq95AcHuVondo"",""bnb"":""0xcfd1f0df84300ea1a4e2ba5238043a2fa5a7237c""}"
39268,VZON,Verizon Tokenized Stock (Ondo),verizon-tokenized-stock-ondo,app.ondo.finance,39268.png,"{""ethereum"":""0x0e3d889d5b857c3e6eb361b9c9ae35bb7ddbd254"",""bnb"":""0xa3b089c886e6d721f49def8e050f3b9d4362560b"",""solana"":""igu1coP6n3GPaWmbd8J9Z7UAyLpV254uQFFNfydondo""}"
39269,BINCON,iShares Flexible Income Tokenized ETF (Ondo),ishares-flexible-income-tokenized-etf-ondo,app.ondo.finance,39269.png,"{""ethereum"":""0x88703c1e71f44a2d329c99e8e112f7a4e7dd6312"",""bnb"":""0x940f442746d9ae699e63c378d52c4494ea02684f"",""solana"":""mhZ69E1vDnAsQJXAwarLYSX5tmgeMajXBJ2rXAcondo""}"
39270,CON,Citigroup Tokenized Stock (Ondo),citigroup-tokenized-stock-ondo,app.ondo.finance,39270.png,"{""ethereum"":""0xc46e7ef70d7cf8c17863a6b0b9be2af6a4c41abe"",""bnb"":""0x8ddb97556f6ae98b4d408c56b167139fe1cbe3e8"",""solana"":""PjtfUiw6Hwd8PZ94EcUw8mBSYxp7SjjzSLeNTDKondo""}"
39271,NEEON,NextEra Energy Tokenized Stock (Ondo),nextera-energy-tokenized-stock-ondo,app.ondo.finance,39271.png,"{""ethereum"":""0xf46ba88694cd7933ca28be84ee787ad5732e856b"",""bnb"":""0xe9d43f7e6b2237e8873a7003b3f43c6b03160be5"",""solana"":""t7eN6cGwRMFaZvsNW2SmVwkedmHtDdrxA4ycNE5ondo""}"
39272,NTESON,NetEase Tokenized Stock (Ondo),netease-tokenized-stock-ondo,app.ondo.finance,39272.png,"{""ethereum"":""0x3d1cf8692a6f2fc9048a9cc1a06abf77f3465f0a"",""solana"":""YeK2TdPtGLAme3Phg4pb1GBN2YxKgX5UNVyD4asondo"",""bnb"":""0x282973969118f9fe39bf2ff3d8dd1efee82ccb11""}"
39273,PLUGON,Plug Power Tokenized Stock (Ondo),plug-power-tokenized-stock-ondo,app.ondo.finance,39273.png,"{""ethereum"":""0xe7ee911172bdd557b9ab6be7701f86bbc8fd772e"",""solana"":""TnfswqdE1jAJ8sfnf5J7kSVLEH1cfpAYZ8MWmKfondo"",""bnb"":""0x4752ae8f910b25e64e4406eaad50c1b4e8de7e6d""}"
39274,XYZON,Block Tokenized Stock (Ondo),block-tokenized-stock-ondo,app.ondo.finance,39274.png,"{""ethereum"":""0x6cc41275ef02b4eeccc04fc4424849a96f3272aa"",""bnb"":""0xe778a2e5d953c82eb9475cf3b87654226a867344"",""solana"":""BWxe2FVciUbwrCUZQPUKiREBh5LmVa5AiUqNLAkondo""}"
39275,GEMION,Gemini Space Station Tokenized Stock (Ondo),gemini-space-station-tokenized-stock-ondo,app.ondo.finance,39275.png,"{""ethereum"":""0xb51db25c920c16f2865c37011c3eec91db946b07"",""bnb"":""0x817942d5de16092656568e9f67f54ccb462f8989"",""solana"":""NrTdGMA3ujUvWXkwXyZKnhoByb32KTjRh5Vo47yondo""}"
39276,GLDON,SPDR Gold Shares Tokenized Stock (Ondo),spdr-gold-shares-tokenized-stock-ondo,app.ondo.finance,39276.png,"{""ethereum"":""0x423d42e505e64f99b6e277eb7ed324cc5606f139"",""solana"":""hWfiw4mcxT8rnNFkk6fsCQSxoxgZ9yVhB6tyeVcondo"",""bnb"":""0xfa9a1e901085e269f6d428f79cd5252d8b919344"",""hyperliquid"":""0x95FebDd6f447B5278c9b98743B4254eB02c6EA1d""}"
39277,MRNAON,Moderna Tokenized Stock (Ondo),moderna-tokenized-stock-ondo,app.ondo.finance,39277.png,"{""ethereum"":""0xa2c1c0b4683a871187d4565eb63abf9aef5947ee"",""bnb"":""0x01486675da0764ee780ea7cb65c33062e9b2d28c"",""solana"":""14VP7DvCAdBCc5XGNZkPt6zhtPzJrWWS64Koxtxyondo""}"
39278,SCHWON,Charles Schwab Tokenized Stock (Ondo),charles-schwab-tokenized-stock-ondo,app.ondo.finance,39278.png,"{""ethereum"":""0xe737f948bdfe3beae9423292853ec0579173cebb"",""solana"":""cnc6M1zXLdrGR5LAQVcaJDfgezMiVWNtGQsVy1Kondo"",""bnb"":""0xe5ba472c98b7e4695bd856290de66bdedaffc123""}"
39279,SOON,Southern Tokenized Stock (Ondo),southern-tokenized-stock-ondo,app.ondo.finance,39279.png,"{""ethereum"":""0x99aa107e55250a9fe52bb4b5541a59239eb6d974"",""bnb"":""0xd7a6353a23ed2c4fcac29a63cbbe3f65ffef41f5"",""solana"":""aKzjn2ZdWySSGPSSDTY2HUpcSCmemSahTXihrpyondo""}"
39280,XOMON,Exxon Mobil Tokenized Stock (Ondo),exxon-mobil-tokenized-stock-ondo,app.ondo.finance,39280.png,"{""ethereum"":""0xf05ad9840924ea6f977ebccb3b1da87e31dcd0b4"",""solana"":""qCYD74QnXzd9pzv6pGHQKJVwoibL6sNcPQDnpDiondo"",""bnb"":""0x4d209d275e3492ac08497a7a42915899c4dd5e86""}"
39281,FIGRON,Figure Technology Solutions Tokenized Stock (Ondo),figure-technology-solutions-tokenized-stock-ondo,app.ondo.finance,39281.png,"{""ethereum"":""0xc2dbfe026f17e7bbc17a9e41f9b8d69531887d47"",""bnb"":""0x620477782cea4c4171165396f8014edef83a13da"",""solana"":""ZmHxc6Gt27RJKxD2ay6UL4n9yQ7mKAq4XZQUeVhondo""}"
39282,OSCRON,Oscar Health Tokenized Stock (Ondo),oscar-health-tokenized-stock-ondo,app.ondo.finance,39282.png,"{""ethereum"":""0x244efb92f76a57da49b5f71045dce3e546e13106"",""bnb"":""0xb0752aa50b089ee6ea9acd51373207fa460e87bb"",""solana"":""ThwGDsXZ6iKubWuEQjmDxGwF3bUERDGbBXvcbjFondo""}"
39283,SOFION,SoFi Technologies Tokenized Stock (Ondo),sofi-technologies-tokenized-stock-ondo,app.ondo.finance,39283.png,"{""ethereum"":""0x9f2e3eb0160117c56b07652fe66a08a48b5bd7b5"",""solana"":""mqL8yXQpeSvc7NgrAtLLPtRvUiWyLoG5RWLv16iondo"",""bnb"":""0x71507068e98049cba81e9bbc8d901e4a2f4222eb""}"
39284,TQQQON,ProShares UltraPro QQQ Tokenized Stock (Ondo),proshares-ultrapro-qqq-tokenized-stock-ondo,app.ondo.finance,39284.png,"{""ethereum"":""0xa45cd7ac9865b9539166ebaf2abc362df4736580"",""solana"":""14W1itEkV7k1W819mLSknFTaMmkCtPokbF2tRkPUondo"",""bnb"":""0xe42cfb20e00912409b77a602b5bdcff3c7acc5f4""}"
39285,AMGNON,Amgen Tokenized Stock (Ondo),amgen-tokenized-stock-ondo,app.ondo.finance,39285.png,"{""ethereum"":""0x1c5fa55eade69ae98571059332520f73733c2d82"",""solana"":""SS6AEWhzRrxhL2cXzKKjhFt3rCzmHHGKmFyugDTondo"",""bnb"":""0xfbdf0366f800cc79d6663da26bc0bf21fb455aa6""}"
39286,CRWDON,CrowdStrike Tokenized Stock (Ondo),crowdstrike-tokenized-stock-ondo,app.ondo.finance,39286.png,"{""ethereum"":""0xcac9aafb2cf51645ae1ab4fb1f35f07d42437f80"",""bnb"":""0xe6837794fbc6dd024733a1a31f86061296fa2752"",""solana"":""cdKfoNjbXgnSuxvoajhtH3uixfZhq1YXhQsS1Rwondo""}"
39287,FON,Ford Motor Tokenized Stock (Ondo),ford-motor-tokenized-stock-ondo,app.ondo.finance,39287.png,"{""ethereum"":""0xf72936fa8afc808c99eb76e620a98ddc6a7a53d1"",""bnb"":""0xb1aba049c42b6fe811766eba61f51f11c57acc4b"",""solana"":""5hT2o25X9tGXipwhLckaUdgnxrZ6Y8eiUwdhpLeondo""}"
39288,JAAAON,Janus Henderson AAA CLO Tokenized ETF (Ondo),janus-henderson-aaa-clo-tokenized-etf-ondo,app.ondo.finance,39288.png,"{""ethereum"":""0x219a1b27baa08d72fac836665a3b752f3c9acbbc"",""solana"":""KZtqx9BJbpcGY7vdzhqPXM3ECKChxE5YhXaDiwRondo"",""bnb"":""0x84719a1082ed487c7eeac7d69885e3cc2009ea78""}"
39289,TLNON,Talen Energy Tokenized Stock (Ondo),talen-energy-tokenized-stock-ondo,app.ondo.finance,39289.png,"{""ethereum"":""0xc80c91bc6215e1333ea98314b8671d6e26c58470"",""solana"":""RTb54gpqAx6RpLAHRGnqQ3ciQ845CHqhg21ZzEJondo"",""bnb"":""0xbbe4dfe7a349fb72aec6f52d5cd9bdd78ae8f313""}"
39290,MPON,MP Materials Tokenized Stock (Ondo),mp-materials-tokenized-stock-ondo,app.ondo.finance,39290.png,"{""ethereum"":""0x75846a2b2eeee6575ac775f9984be54fd1d08189"",""bnb"":""0x4baf4dc56cf6a525a0874e25cc6372a6a8915135"",""solana"":""XwFm5GiKPVTvPiEbQpdc6vJbFEpsUXRMf6TcSxnondo""}"
39291,TMOON,Thermo Fisher Scientific Tokenized Stock (Ondo),thermo-fisher-scientific-tokenized-stock-ondo,app.ondo.finance,39291.png,"{""ethereum"":""0x60808f2a0d035e16f57e9043842bd1bfbda24fa2"",""solana"":""T699bgtXQw4CJ59rQ4VzLsupVQUzoL5RmuhHnKrondo"",""bnb"":""0xbcf7d958791152128710565a5fc6f68342ed71c8""}"
39292,DBCON,Invesco DB Commodity Index Tokenized Fund (Ondo),invesco-db-commodity-index-tokenized-fund-ondo,app.ondo.finance,39292.png,"{""ethereum"":""0x20224080ad516769723c9a4a18325fc4e8c9ab5d"",""bnb"":""0xfc2067e3e6a289c205151d96ef67a032f339566d"",""solana"":""td1aY5AvYQuwGD75qNq9aPipMexraN9mQXJwqifondo""}"
39293,GRABON,Grab Holdings Tokenized Stock (Ondo),grab-holdings-tokenized-stock-ondo,app.ondo.finance,39293.png,"{""ethereum"":""0x1c174711f3fd63c4165d6f296b3eb19d17fde94a"",""bnb"":""0xab2f74804c022c5249d52e743af4340e42f5f3b6"",""solana"":""m9GcsVgdjaL3KsdtSFHimnhtsUMpTHkjtwEG4Tzondo""}"
39294,OKLOON,Oklo Tokenized Stock (Ondo),oklo-tokenized-stock-ondo,app.ondo.finance,39294.png,"{""ethereum"":""0xf0372e226553af4f343b44111a789f87a9fa427a"",""bnb"":""0xaf6c03acf72355ce98d0741302b78870b376428c"",""solana"":""m6oDLvJT7rY7M1TxuLWP3pWmAPg2cCWDQR1NKiEondo""}"
39295,RTXON,RTX Tokenized Stock (Ondo),rtx-tokenized-stock-ondo,app.ondo.finance,39295.png,"{""ethereum"":""0x67c5902f5210f62f37157cd9c735c693164c1378"",""solana"":""12BvLZtzjdssAycxPeBQUjukhmgQpULAvy6SroYdondo"",""bnb"":""0x44fde2c6bc2c2b54962c69fcef57a2a50121dbd7""}"
39296,VTVON,Vanguard Value Tokenized ETF (Ondo),vanguard-value-tokenized-etf-ondo,app.ondo.finance,39296.png,"{""ethereum"":""0x84e8f1b9b40dd1832925702459d12ffb14d97bf3"",""bnb"":""0xc2dd31b1b3a2f515ce0d48de712c6744c3475170"",""solana"":""KuiYLPVq65qixD9TgvxBC576C4gG6vVTCdbh2zFondo""}"
39297,BTGON,B2Gold Tokenized Stock (Ondo),b2gold-tokenized-stock-ondo,app.ondo.finance,39297.png,"{""ethereum"":""0x8ac6ad49b3344024834f373f3ca491f22ceb952e"",""solana"":""cBnVXDyZgaaLZM18wAmqsUKnRUFAEJWbq6VuUoaondo"",""bnb"":""0xe2ac868f2fd097086d83bc939248e5ae08d35da4""}"
39298,CIFRON,Cipher Mining Tokenized Stock (Ondo),cipher-mining-tokenized-stock-ondo,app.ondo.finance,39298.png,"{""ethereum"":""0x24e5bc45d5b6cef6f38989ac33df587a3fc850cf"",""bnb"":""0xdad07d0ca26ed4109bc00893dbee3ed4ce8ce2a4"",""solana"":""WNZBSkNBNP3Ct1pcFn6Fu4sZQFhnu48EsM9voCEondo""}"
39299,PCGON,PG&E Tokenized Stock (Ondo),pge-tokenized-stock-ondo,app.ondo.finance,39299.png,"{""ethereum"":""0x193fdf644451cc394b28b9cec2f5d32e2b4de515"",""solana"":""UP5s1srLaHDc4SwJqLPa3A48x5R7ofN3hZWxWEZondo"",""bnb"":""0x47b36ddb9dd12a8411f78226f55e8c3f0d65481f""}"
39300,SQQQON,ProShares UltraPro Short QQQ Tokenized Stock (Ondo),proshares-ultrapro-short-qqq-tokenized-stock-ondo,app.ondo.finance,39300.png,"{""ethereum"":""0x0a00c19246fc41b2524d56c87ec44ce8b30ba0f8"",""solana"":""D1tu7Fnm3cCpKyyPXrqm5GXShPqMj7a2SEjjq9fondo"",""bnb"":""0x17515b68378d86c38f394c666e79907da05dcba9""}"
39301,ANETON,Arista Networks Tokenized Stock (Ondo),arista-networks-tokenized-stock-ondo,app.ondo.finance,39301.png,"{""ethereum"":""0x20e113e9235df6a2a9bfc6f244c2ccc380c8f546"",""bnb"":""0x538e2838f9ebc9b891399df4a8dcc42890d9dc20"",""solana"":""Cq6QtvHpXbJWtFaiMhUDtHy8YVZ95gcD1oZ1cohondo""}"
39302,DEON,Deere Tokenized Stock (Ondo),deere-tokenized-stock-ondo,app.ondo.finance,39302.png,"{""ethereum"":""0x32d7c413fd3477e86b8ec6b0bb8f3ac510eafaae"",""bnb"":""0x90ccbb75d61cb65cd73a3abb5df04a75961612b7"",""solana"":""CqQyAZjB9LGFTG95eiadGTkfhd9QA12ProeKsQmondo""}"
39303,HDON,Home Depot Tokenized Stock (Ondo),home-depot-tokenized-stock-ondo,app.ondo.finance,39303.png,"{""ethereum"":""0x7dbd435aa4ecab5471cfcef4527a022fef0b7e1c"",""solana"":""MtEXKVN3Pcggy8MPA3eJr15H6SK3RXheScqj9qtondo"",""bnb"":""0x31dabf49e4bc1af1456c1819cb6a2562154e92f3""}"
39304,LRCXON,Lam Research Tokenized Stock (Ondo),lam-research-tokenized-stock-ondo,app.ondo.finance,39304.png,"{""ethereum"":""0x21be23f5bf87a749670c088f6dee26760f1ab80f"",""bnb"":""0x35895a1fa1aff7fb3204fb01257409fd75acb24c"",""solana"":""wFJoeEYpKg9oRhyJy6BWTT3J95gmXBLvoeikDQNondo""}"
39305,PALLON,abrdn Physical Palladium Shares Tokenized ETF (Ondo),abrdn-physical-palladium-shares-tokenized-etf-ondo,app.ondo.finance,39305.png,"{""ethereum"":""0x0ce36d199bd6851788e03392568849394cbde722"",""bnb"":""0x3fcd741646a9790635b938cdb69af5df356cbaab"",""solana"":""P7hTXnKk2d2DyqWnefp5BSroE1qjjKpKxg9SxQqondo"",""hyperliquid"":""0x5Ff6E08A0Bdbc1ff11004FfB62B7aC7CdCf101Bd""}"
39306,SGOVON,iShares 0-3 Month Treasury Bond Tokenized ETF (Ondo),ishares-0-3-month-treasury-bond-tokenized-etf-ondo,app.ondo.finance,39306.png,"{""ethereum"":""0x8de5d49725550f7b318b2fa0f1b1f118e98e8d0f"",""bnb"":""0xc008c5f579ec1450f20099c39f587547e27c7523"",""solana"":""HjrN6ChZK2QRL6hMXayjGPLFvxhgjwKEy135VRjondo""}"
39307,MRKON,Merck Tokenized Stock (Ondo),merck-tokenized-stock-ondo,app.ondo.finance,39307.png,"{""ethereum"":""0xdc8a7db05ea704227d56f5d4a4b77a2d1bba29c0"",""solana"":""bn1fb8dwzafGePqNPrM8m8cbAKQiFqeEPuZkPySondo"",""bnb"":""0x869027261075c3c239d6a26842579b93802606f4""}"
39308,RGTION,Rigetti Computing Tokenized Stock (Ondo),rigetti-computing-tokenized-stock-ondo,app.ondo.finance,39308.png,"{""ethereum"":""0xfdfdf5db2f4a72cb754ffa8896ea012dc2cc0f5e"",""bnb"":""0xed2a500eb2b66679e0bbd76e51a60049ae5f3271"",""solana"":""dwEPNKQab3iwRmjGvZPXhAmws1W5NsQGwuXwi8oondo""}"
39309,TCOMON,Trip.com Group Tokenized Stock (Ondo),tripcom-group-tokenized-stock-ondo,app.ondo.finance,39309.png,"{""ethereum"":""0x398f7f759380f3d309b9fc0e6cb3d36e0d67818d"",""bnb"":""0x6459303f58244ff1e7a42b90aa3782dfb6ca6969"",""solana"":""9PMjLqd8zPdKkJUXarnit5t7tPL3cCscwHzy7ATondo""}"
39310,VSTON,Vistra Tokenized Stock (Ondo),vistra-tokenized-stock-ondo,app.ondo.finance,39310.png,"{""ethereum"":""0xf1573edddb75bf7ce165f142a17ed6b5e7f5aa13"",""bnb"":""0xf2c24c47805f4f72d3919c8674bfdd401505794b"",""solana"":""h6MW8GFpfzxFa1JNn6hZNnBF3t4fj9SHAXKy6LXondo""}"
39311,LOWON,Lowe's Tokenized Stock (Ondo),lowes-tokenized-stock-ondo,app.ondo.finance,39311.png,"{""ethereum"":""0x84328d8b85019fdcecf4c82fbe076bf350fc0cab"",""solana"":""edLdFJVVR532qhcrNTJjLAmhmyV7NsctbWVokMBondo"",""bnb"":""0x2ec46eed30c94caa5979e6a0395abe824138335f""}"
39312,ONDSON,Ondas Holdings Tokenized Stock (Ondo),ondas-holdings-tokenized-stock-ondo,app.ondo.finance,39312.png,"{""ethereum"":""0x818234860a647d480b9bbcc9a47a23889f2ec900"",""bnb"":""0xd85d4ce29b4ca361ff72ef0e53d6236e334c5db6"",""solana"":""7qy1j4Mechfyr6uAST3djH4vk4kiEYC2cjEytXdondo""}"
39313,ONON,ON Semiconductor Tokenized Stock (Ondo),on-semiconductor-tokenized-stock-ondo,app.ondo.finance,39313.png,"{""ethereum"":""0xa52b2d6ca1cd9b1e8b931645428380c340caef9a"",""solana"":""13qtwy5fZi9Przz14pzo9xqFSr8QHmLyUpUCvP1xondo"",""bnb"":""0xb35a9eab5d25282f4e668798b629a9294e9a47aa""}"
39314,SNAPON,Snap Tokenized Stock (Ondo),snap-tokenized-stock-ondo,app.ondo.finance,39314.png,"{""ethereum"":""0xb2924278cc92e60db9b673d6a311d7a331dd703d"",""solana"":""a2cXfonVgQ6cKB4Lm8YZsPry39VZSA562bwmRSiondo"",""bnb"":""0xf325884d9bcac457271fe7f7b6be1765348fcca2""}"
39315,USFRON,WisdomTree Floating Rate Treasury Tokenized  Fund (Ondo),wisdomtree-floating-rate-treasury-tokenized-fund-ondo,app.ondo.finance,39315.png,"{""ethereum"":""0xfb82561a955bf59b9263301126af490d3799e231"",""solana"":""o6U1Sm6Vd7EofMyCrL28mrp2QLzgYGgjveHiEQ5ondo"",""bnb"":""0xf4fd75764a5c086fb12f822be2ca318b3a362dc3""}"
39316,VRTON,Vertiv Tokenized Stock (Ondo),vertiv-tokenized-stock-ondo,app.ondo.finance,39316.png,"{""ethereum"":""0x0752163d221d3d5d4b6e98bd616b22bd2b453964"",""bnb"":""0x9cea8a7be1ab0320b709d368ad60d8500f55995f"",""solana"":""MkN2TZSYTFBdMRLf9EVcfhstTwnazH8knd9hpepondo""}"
39319,辛普森,辛普森,xinpusen,homersimpson.fun,39319.png,"{""bnb"":""0x86792bad7848301bf8c65773dd3503f84376c9f8""}"
39322,我踏马来了,我踏马来了,wotamalaile,,39322.png,"{""bnb"":""0xc51A9250795c0186a6FB4A7D20A90330651e4444""}"
39323,9BIT,The9bit,the9bit,the9bit.com,39323.png,"{""solana"":""HmMubgKx91Tpq3jmfcKQwsv5HrErqnCTTRJMB6afFR2u""}"
39324,DOM,Dominion,dominion,dominionlayer.io,39324.png,"{""base"":""0xc1dE4E664cC6cB54AF019264757F47EF45195b07""}"
39326,PEPENODE,PEPENODE,pepenode,pepenode.io,39326.png,"{""ethereum"":""0xd29191a6D2Aae7C0E60F4722018832aDdF4b9831""}"
39328,GNK,Gonka,gonka,gonka.ai,39328.png,"{""ethereum"":""0x972a7A92D92796a98801A8818bcF91f1648f2F68""}"
39332,ZAMA,Zama,zama,zama.org,39332.png,"{""ethereum"":""0xa12cc123ba206d4031d1c7f6223d1c2ec249f4f3"",""bnb"":""0x6907a5986c4950bdaf2f81828ec0737ce787519f"",""solana"":""4Zp52aF4hZi9fzH19xpbWKYKQvgLyCN67KFbrQDqeTKh""}"
39337,ZSWAP,ZygoSwap,zygoswap,zygoswap.io,39337.png,"{""bnb"":""0x2e44aB95549b8a12AFDB970bde5A6a78365e4444""}"
39338,死了么,死了么,sileme,apps.apple.com,39338.png,"{""bnb"":""0xC9981ec962978523C342B22D13164143500E4444""}"
39339,OWL,Owlto Finance,owlto-finance,owlto.finance,39339.png,"{""bnb"":""0x51E667E91b4B8Cb8e6E0528757F248406bD34B57""}"
39341,CAI,CharacterX,characterx,c-ai.pro,39341.png,"{""bnb"":""0x7e7ec10e7b55194714cfbc4daa14eaa4e423b774""}"
39342,老子,老子,laozi,four.meme,39342.png,"{""bnb"":""0x1a5f9d77ca46646cd4937fd8d093f460b66f4444""}"
39343,XAG,Silver (Derivatives),silver-derivatives,,39343.png,{}
39344,XAU,Gold (Derivatives),gold-derivatives,,39344.png,{}
39348,PCT,PETCASHTOKEN,petcashtoken,ilovepetai.com,39348.png,{}
39353,雪球,雪球,xue-qiu,xueqiu.live,39353.png,"{""bnb"":""0x36F2FD027F5f27C59B8C6d64dF64bcC8E8C97777""}"
39355,ROLL,RollX,rollx,rollx.trade,39355.png,"{""bnb"":""0x51C46f1d601C7D98DC34e9cbC980F7C280488a31"",""base"":""0xab6363da0c80cef3ae105bd6241e30872355d021""}"
39356,JOBCOIN,buy instead of getting a job,buy-instead-of-getting-a-job,jobcoin.app,39356.png,"{""solana"":""AyrQpt5xsVYiN4BqgZdd2tZJAWswT9yLUZmP1jKqpump""}"
39357,PSYOPANIME,PsyopAnime,psyopanime,psyopanime.xyz,39357.png,"{""solana"":""2nP9yKQNSGQy851iyawDvBkzkK2R2aqKArQCKc2gpump""}"
39358,NOTIFAI,NotifAi News,notifai-news,notifai.news,39358.png,"{""bnb"":""0x70131b713A5D0e9D900FEcA15D0e1348658E4444""}"
39359,MEFI,Meo Finance,meo-finance,meofin.com,39359.png,"{""bnb"":""0xD9143f7dcE06030949d2475b45DE396a5D179750""}"
39360,黑马,黑马,darkhorse,heimabsc.com,39360.png,"{""bnb"":""0xf9C6e80e9A5807A1214a79449009b48104F94444""}"
39361,FIGR_HELOC,Figure HELOC,figure-heloc,figure.com,39361.png,{}
39364,ERBB,Exchange Request for Bitbon,exchange-request-for-bitbon,bitbon.space,39364.png,"{""ethereum"":""0x5702A4487dA07c827cdE512e2d5969CB430cd839""}"
39366,PFF,PumpFunFloki,pumpfunfloki,flokipump.fun,39366.png,"{""solana"":""DPgo26tLZXdNfB24ahP2LTXsxSPxvxPq7takvavppump""}"
39368,WSOMI,Wrapped Somnia,wrapped-somnia,somnia.network,39368.png,"{""somnia"":""0x046ede9564a72571df6f5e44d0405360c0f4dcab""}"
39369,WPEAQ,Wrapped peaq,wrapped-peaq,peaq.network,39369.png,"{""peaq"":""0x3cd66d2e1fac1751b0a20bebf6ca4c9699bb12d7""}"
39370,CJL,Cjournal,cjournal-xyz,cjournal.xyz,39370.png,"{""bnb"":""0x8De4Aa9716C1Bd8D68ad73b1cb8639830F40eE05""}"
39371,WKROWN,Wrapped Krown,wrapped-krown,krown.network,39371.png,"{""krown-network"":""0x9189d145d1d8e612c4c48bbd1af5a50cbee63d7d""}"
39372,人生K线,人生K线,life-destiny-k-line,,39372.png,"{""bnb"":""0x1a1e69f1e6182e2f8b9e8987e83c016ac9444444""}"
39374,PREDIC,PredicTools,predictools,predic.tools,39374.png,"{""solana"":""AaRLHCvt6G8e3dbxLvN6BQi2S34Lvv3eeBjKNzc2QZB9""}"
39376,XERA,Luxera,luxera,about.xeradao.com,39376.png,"{""bnb"":""0xca7df3c62aee95e44d2b6ee51d1fd95a0b2d6688""}"
39377,SKR,Seeker,solana-mobile-seeker,solanamobile.com,39377.png,"{""solana"":""SKRbvo6Gf7GondiT3BbTfuRDPqLWei4j2Qy2NPGZhW3""}"
39378,GAS,Gas Town,gas-town,x.com,39378.png,"{""solana"":""7pskt3A1Zsjhngazam7vHWjWHnfgiRump916Xj7ABAGS""}"
39379,GWEI,ETHGas,eth-gas,ethgas.com,39379.png,"{""ethereum"":""0x2798b1cC5A993085E8A9D46e80499F1B63f42204"",""bnb"":""0x30117E4bC17d7B044194b76A38365C53b72F7D49""}"
39382,TRIA,Tria,tria,tria.onelink.me,39382.png,"{""ethereum"":""0x228bEC415adE4b61D7CaF0adf8C91EAc587BA369"",""bnb"":""0xb0b92de23baa85fb06208277e925ced53edab482""}"
39386,LFUSD,Luminex Defi Finance,luminex-defi-finance,luminexdefi.finance,39386.png,"{""ethereum"":""0x0f1b825a734Bd1b885EC82780189F4534b291A28"",""bnb"":""0x313E3ECc0DcbFd09D799572e576FCf81227c2B2F"",""solana"":""hN5gW3voX5HHzvDnVFejgWmuVUaJZsSB5FW8iq7GtmB"",""tron"":""TJ53znhYhA3ceYH2PR8mQvCVrwsS1iSHUw"",""arbitrum"":""0x0f1b825a734Bd1b885EC82780189F4534b291A28""}"
39387,ELSA,HeyElsa,heyelsa,heyelsa.ai,39387.png,"{""mantle"":""0x29cC30f9D113B356Ce408667aa6433589CeCBDcA"",""base"":""0x29cc30f9d113b356ce408667aa6433589cecbdca""}"
39389,IDNG,IDNGold,idngold,idngold.com,39389.png,"{""sui"":""0xde1c9987ec0bb412593ba96977b08879a050ac5b0229bd1e776a596f4be5bfb2::idng::IDNG""}"
39390,PF,Purple Frog,purple-frog,pf-ai.org,39390.png,"{""ethereum"":""0x491B67a94Ec0a59b81b784F4719d0387C4510c36"",""base"":""0x491b67a94ec0a59b81b784f4719d0387c4510c36""}"
39392,JACKSON,Jackson,jackson,docs.jackson.io,39392.png,"{""sui"":""0x5ffe80c90a653e3ca056fd3926987bf3e8068ca21528bb4fdbc4d487cc152dad::jackson::JACKSON""}"
39394,EV,Everything,everything,everything.inc,39394.png,"{""ethereum"":""0xE7E7E741C23a4767831A56A8C99F522c5aC1E7E7"",""arbitrum"":""0xE7E7E741C23a4767831A56A8C99F522c5aC1E7E7"",""bnb"":""0xE7E7E741C23a4767831A56A8C99F522c5aC1E7E7""}"
39395,TU,小兔 (Xiaotu),xiaotu,xiaotu.org,39395.png,"{""bnb"":""0xBc9130608e553acee30e2D0d00963dE43Ae3C1E0"",""solana"":""Cxk7MV2ZD4jCMJN9YF6MziAVSifGet1qpAsqZ5HdtuMx"",""ethereum"":""0xBc9130608e553acee30e2D0d00963dE43Ae3C1E0"",""base"":""0xbc9130608e553acee30e2d0d00963de43ae3c1e0""}"
39397,CLIPPY,Clippy (kevanjatt),clippy-kevanjatt,kevanatteberry.com,39397.png,"{""solana"":""GKjAe1bQXXLoEitJYSuyw6qt97tTVoKkGEgWPEo6pump""}"
39399,CNKT+,Coinneckt+,coinnekt-plus,dapp.cnktplus.app,39399.png,"{""polygon-ecosystem-token"":""0x87bdfbe98Ba55104701b2F2e999982a317905637""}"
39400,MIL,Mil,mil,millionero.com,39400.png,"{""solana"":""6Tk3uHQpLDtd4Qob5fduLjfhXxAasWgvdo8hYeswxMiL""}"
39401,AIPF,AI Powered Finance,ai-powered-finance,aip.finance,39401.png,"{""polygon-ecosystem-token"":""0x2c72d25530191ebd244eb6325e1892480b0e6e28""}"
39408,1,Ucan fix life in1day,u-can-fix-life-in-1-day,four.meme,39408.png,"{""bnb"":""0xFF5d99A5C16cf2fFb4E7dA1d7C42a791e70e4444""}"
39409,哭哭马,错版马,crying-horse,four.meme,39409.png,"{""bnb"":""0x671ECbCb89EE3F85E2199294E723D309d98C4444""}"
39410,USOR,U.S Oil,us-oil,usor.tech,39410.png,"{""solana"":""USoRyaQjch6E18nCdDvWoRgTo6osQs9MUd8JXEsspWR""}"
39414,KNT,KayakNet,kayaknet,kayaknet.io,39414.png,"{""base"":""0x80B84b63C88D054d300D51E801C2a65e20d44b07""}"
39415,VEREM,Verified Emeralds,verified-emeralds,veremrwa.com,39415.png,"{""bnb"":""0x862829e8dcf0fd939d61d1b0d4a3aaf983ee4f73""}"
39416,SEAS,Seasons,seasons,seasons.wtf,39416.png,"{""solana"":""7GdpaeSzvkx1a78rRkU11KstM1x8naMmMmmpWQnQSEAS""}"
39417,SINGULARRY,Singularry,singularry,singularry.org,39417.png,"{""bnb"":""0x18EA4dF6a9CDE2472f2321a4Ec77da106498A66E""}"
39418,ARC,Redemption Arc,redemption-arc,theredemptionarc.io,39418.png,"{""solana"":""DCgZjb2LN5r9Ck5VZAATh8x3sTUHyTzEguThGqh1pump""}"
39419,THEROS,THEROS,theros,theros.io,39419.png,"{""solana"":""2UfBjNeDwzZsoUnr3hNKF4vkzAgiGmBNYCAxLq72cPa2""}"
39420,PIKACHU,Pikachu (pikachuethog.fun),pikachu-ethog,pikachuethog.fun,39420.png,"{""ethereum"":""0xE09fB60E8D6e7E1CEbBE821bD5c3FC67a40F86bF""}"
39421,XETH,OKX Wrapped ETH,okx-wrapped-eth,oklink.com,39421.png,"{""okb"":""0xe7b000003a45145decf8a28fc755ad5ec5ea025a""}"
39422,XSOL,OKX Wrapped SOL,okx-wrapped-sol,oklink.com,39422.png,"{""okb"":""0x505000008de8748dbd4422ff4687a4fc9beba15b""}"
39423,XBETH,OKX Staked ETH,okx-staked-eth,oklink.com,39423.png,"{""okb"":""0xafeab3b85b6a56cf5f02317f0f7a23340eb983d7""}"
39425,MVP,Crypstocks AI,crypstocks-ai,crypstocks.ai,39425.png,"{""bnb"":""0x2d2D8449ec0bB78c497C36ffAaC583dFf4BD4444""}"
39426,分红狗头,分红狗头,fenhonggoutou,gout.one,39426.png,"{""bnb"":""0x9C573C93c4A25daC626fe09d6AE41D184D8F7777""}"
39427,XOGE,Xoge,xoge,xoge.club,39427.png,"{""bnb"":""0x2Bad2B7c82853c0120757c693a7Ad8dc640303d6""}"
39428,DADA,Dadacoin,dadacoin,memedadacoin.com,39428.png,"{""bnb"":""0x688A09C98b3469EAAb48a2bEE1c48b9d133e6567""}"
39429,IMU,Immunefi,immunefi,immunefi.foundation,39429.png,"{""ethereum"":""0xb48c6b24f36307c7a1f2a9281e978a9ef2902ba5""}"
39430,EICOIN,EICOIN,eicoin,eiswap.com,39430.png,"{""bnb"":""0xe0f1466eedfa7dd1aea2e8448526f58a4c487ee0""}"
39432,DONT,DisclaimerCoin,disclaimercoin,disclaimercoin.com,39432.png,"{""solana"":""FbmmdcCYHL7WETG89xtWmNFMzQAaQ8Zs9NXVbimibonk""}"
39433,XMR,Monero AI,monero-ai,xmraitoken.xyz,39433.png,"{""bnb"":""0xA10AC2e9e2eDa0a16585C2F9bf60A0F4f7bFdfB1""}"
39434,XAUH,Herculis Gold Coin,herculis-gold-coin,xauh.gold,39434.png,"{""ethereum"":""0xa9b17f572341219703Bc951725Bdb3CA756B1A65"",""tron"":""TJ9x3d4v8Cot4zFLYj8rkH3ZVSaEiXtjyC"",""gram"":""EQCMk4_OujCnk46jApHnIRbmTtYTkSmfujV9X8Ye0qvsHVKh""}"
39435,WAR,WAR,war,,39435.png,"{""solana"":""C9dJfTGUzhuqPWxh9mcDr66JZN4uzXh2gh9EWnEdpump""}"
39437,KABUTO,Kabuto King,kabuto-king,kabutoking.xyz,39437.png,"{""solana"":""A9E2AopuG56LWYiXsvGLLTcLjUjQ539PY6k5Fhfepump""}"
39438,KABOSU,X Meme Dog,x-meme-dog,xmemedoge.club,39438.png,"{""bnb"":""0x9ccFF2aeb0d19565fc5d2934aB9d463274d87423""}"
39439,PENGUIN,Nietzschean Penguin,nietzschean-penguin,pump.fun,39439.png,"{""solana"":""8Jx8AAHj86wbQgUTjGuj6GTTL5Ps3cqxKRTvpaJApump""}"
39445,MEMES,memes will continue,memes-will-continue,four.meme,39445.png,"{""bnb"":""0xf74548802f4c700315f019fde17178b392ee4444""}"
39446,2016,2016 coin,2016-coin,pump.fun,39446.png,"{""solana"":""EwEJ5R1im54MowvsGwYUkyfWRMV1qcRL21PumVd4pump""}"
39448,BUTTCOIN,Buttcoin,buttcoin,buttcoinfoundation.org,39448.png,"{""solana"":""Cm6fNnMk7NfzStP9CZpsQA2v3jjzbcYGAxdJySmHpump""}"
39453,CRAT,CratD2C,cratd2c,cratd2csmartchain.io,39453.png,{}
39454,KIN,Kindred Labs,kindred-labs,kindredlabs.ai,39454.png,"{""bnb"":""0xCC1B8207853662C5CFABfB028806EC06eA1f6AC6"",""sei"":""0xCC1B8207853662C5CFABfB028806EC06eA1f6AC6""}"
39456,(LMX),Litmex,litmex,litmex.com,39456.png,"{""solana"":""Bm2y8RLPLeZuvUfQ7m3UKRiHGewTpzYt7pX8ZpzimM7d""}"
39457,21,2131KOBUSHIDE,2131kobushide,2131.monster,39457.png,"{""solana"":""4vGHdzcNrDf8XVE8H19Rqea86RULz7xi89ew1sSJpump""}"
39458,YOM,YOM,yom,yom.net,39458.png,"{""avalanche"":""0xb6314518b61b4864162c7aE7fdc36261e0A14C4b""}"
39459,WOJAK,wojak (wojakcto.com),wojaknew,wojakcto.com,39459.png,"{""ethereum"":""0x8De39B057CC6522230AB19C0205080a8663331Ef""}"
39460,XPT,Platinum (Derivatives),platinum-derivatives,,39460.png,{}
39461,INX,Infinex,infinex,infinex.xyz,39461.png,"{""ethereum"":""0xdeF1b2D939EdC0E4d35806c59b3166F790175afe"",""bnb"":""0x45f55b46689402583073ff227b6ac20520052a24"",""solana"":""inxKXw9V2NDZE7hDijzpJaKKUb97NEPJDTCEEiYg4yY""}"
39463,DM,Dumb Money,dumb-money,dumbmoney.vip,39463.png,"{""solana"":""BMhHXK6XQSGLkX3KjoUcppmBsssUKAqUYwQ68tMzpump""}"
39464,NATGAS,Natural Gas (Derivatives),natural-gas-derivatives,,39464.png,{}
39465,一,一 (USD1_ONE),usd1-one,four.meme,39465.png,"{""bnb"":""0xef91c1eae97edcd429a5ad197753a6c3e4214444""}"
39466,安,安,anbnsafe,four.meme,39466.png,"{""bnb"":""0x126976da699d5ad0815eb134286fc6ca53e04444""}"
39467,XCU,Copper (Derivatives),copper-derivatives,,39467.png,{}
39468,IXIC,Nasdaq index (Derivatives),nasdaq-index-derivatives,,39468.png,{}
39469,MU,Micron Technology Inc (Derivatives),micron-technology-inc-derivatives,,39469.png,{}
39470,GOOGL,Alphabet Inc (Derivatives),alphabet-inc-derivatives,,39470.png,{}
39471,AMZN,Amazon.com Inc (Derivatives),amazon-com-inc-derivatives,,39471.png,{}
39472,INTC,Intel Corp (Derivatives),intel-corp-derivatives,,39472.png,{}
39473,MSTR,MicroStrategy Inc (Derivatives),microstrategy-inc-derivatives,,39473.png,{}
39474,S&P500,Standard and Poor's 500 index (Derivatives),standard-and-poors-500-index-derivatives,,39474.png,{}
39475,PLTR,Palantir Technologies Inc (Derivatives),palantir-technologies-inc-derivatives,,39475.png,{}
39476,CATCOIN,Catcoin (catcoin.io),catcoin-io,catcoin.io,39476.png,"{""ethereum"":""0xC0FE7F77ed2f522978b719372282ca89de8cF3e4""}"
39478,HOOD,Robinhood Markets (Derivatives),robinhood-markets-derivatives,,39478.png,{}
39479,NFLX,Netflix (Derivatives),netflix-derivatives,,39479.png,{}
39480,GOGE,GOLD DOGE,gold-doge,goge.club,39480.png,"{""bnb"":""0x0068016dA881D04f3775076BbE4d43656c7a8E56""}"
39481,XPD,Palladium (Derivatives),palladium-derivatives,,39481.png,{}
39482,ORCL,Oracle Corp (Derivatives),oracle-corp-derivatives,,39482.png,{}
39483,COIN,Coinbase Global Inc (Derivatives),coinbase-global-inc-derivatives,,39483.png,{}
39485,OPENAI,OpenAI (Derivatives),openai-derivatives,,39485.png,{}
39486,BABA,Alibaba Group Holding Limited (Derivatives),alibaba-group-holding-limited-derivatives,,39486.png,{}
39487,CL,Crude Oil Futures (Derivatives),crude-oil-futures-derivatives,,39487.png,{}
39489,AMD,Advanced Micro Devices Inc (Derivatives),advanced-micro-devices-inc-derivatives,,39489.png,{}
39490,TSM,Taiwan Semiconductor Manufacturing (Derivatives),taiwan-semiconductor-manufacturing-derivatives,,39490.png,{}
39491,AAPL,Apple Inc (Derivatives),apple-inc-derivatives,,39491.png,{}
39493,IWM,iShares Russell 2000 ETF (Derivatives),ishares-russell-2000-etf-derivatives,,39493.png,{}
39495,MSFT,Microsoft Corporation (Derivatives),microsoft-corporation-derivatives,,39495.png,{}
39496,ANTHROPIC,Anthropic (Derivatives),anthropic-derivatives,,39496.png,{}
39497,CRWV,CoreWeave Inc (Derivatives),coreweave-inc-derivatives,,39497.png,{}
39498,SMH,VanEck Semiconductor ETF (Derivatives),vaneck-semiconductor-etf-derivatives,,39498.png,{}
39499,RIVN,Rivian Automotive Inc (Derivatives),rivian-automotive-inc-derivatives,,39499.png,{}
39500,000660,SK hynix Inc (Derivatives),sk-hynix-inc-derivatives,,39500.png,{}
39501,SPCX,SpaceX (Derivatives),spacex-derivatives,,39501.png,{}
39503,005930,Samsung Electronics Co Ltd (Derivatives),samsung-electronics-co-ltd-derivatives,,39503.png,{}
39504,XLK,State Street Technology Select Sector SPDR ETF (Derivatives),state-street-technology-select-sector-spdr-etf-derivatives,,39504.png,{}
39505,COST,Costco Wholesale Corporation (Derivatives),costco-wholesale-corporation-derivatives,,39505.png,{}
39507,SNDK,SanDisk Corporation (Derivatives),sandisk-corporation-derivatives,,39507.png,{}
39509,LLY,Eli Lilly and Company (Derivatives),eli-lilly-and-company-derivatives,,39509.png,{}
39510,MAGS,Roundhill Magnificent Seven ETF (Derivatives),roundhill-magnificent-seven-etf-derivatives,,39510.png,{}
39512,BOTZ,Global X Robotics and Artificial Intelligence ETF (Derivatives),global-x-robotics-and-artificial-intelligence-etf-derivatives,,39512.png,{}
39513,META,Meta Platforms Inc (Derivatives),meta-platforms-inc-derivatives,,39513.png,{}
39514,USAR,USA Rare Earth Inc (Derivatives),usa-rare-earth-inc-derivatives,,39514.png,{}
39515,USO,United States Oil Fund LP (Derivatives),united-states-oil-fund-derivatives,,39515.png,{}
39516,URNM,Sprott Uranium Miners ETF (Derivatives),sprott-uranium-miners-etf-derivatives,,39516.png,{}
39517,QQQ,QQQ (Derivatives),ustech-derivatives,,39517.png,{}
39519,COGE,Copper Doge,copper-doge,copperdoge.club,39519.png,"{""bnb"":""0x4426C0337f00d79b7DaC5Be663a9e7FBaF0D8be2""}"
39520,IUSDT,Tether Near Bridged,tether-near-bridged,,39520.png,"{""near-protocol"":""eth-0xdac17f958d2ee523a2206206994597c13d831ec7.omft.near""}"
39521,AZTEC,Aztec,aztec,aztec.network,39521.png,"{""ethereum"":""0xA27EC0006e59f245217Ff08CD52A7E8b169E62D2""}"
39522,MOLT,Moltbook,moltbook,moltbook.com,39522.png,"{""base"":""0xB695559b26BB2c9703ef1935c37AeaE9526bab07""}"
39523,MOLTBOOK,moltbook,moltbookcto,moltbook.com,39523.png,"{""bnb"":""0x1b075B21eebE88C242d5E0b73c805792775b9d2a""}"
39524,EURC,EURC,uerc-formerly-binova,binova.fun,39524.png,"{""ethereum"":""0x51ddac6bafc11f724515120e39d03fe5bac2d104"",""bnb"":""0x43b7e95170cd98DE389D54F9f221dC5DdBF056Df"",""arbitrum"":""0x6fb0252cf5f27cdacde3a37164301bfc632fa85f""}"
39525,ELON,Echelon (EchelonMarket),echelonmarket,echelon.market,39525.png,"{""bnb"":""0xe07ae3a6f1bd86b92b563084e286757eb34878d7"",""aptos"":""0x51964f09020498a1421a2a3bafe8e1d9fa72574b60446486c599bc6f3e9fae29::echelon_coin::ELON""}"
39526,3KDS,Three Kingdoms,three-kingdoms-io,3kds.io,39526.png,"{""bnb"":""0x490153b338c2469e21c55e4ff88bdcfadac68141""}"
39527,ZIOW,ZIOWCHAIN,ziowchain,amaxg.net,39527.png,{}
39530,RAILS,Rails,rails,rails.xyz,39530.png,"{""ethereum"":""0x19645c760aFfdD9caC0b805A80De227cbe506538""}"
39531,CRTR,CReaToR,creator,fandora.ai,39531.png,"{""bnb"":""0xb150e91Cb40909F47d45115eE9E90667D807464B""}"
39532,JWT,JW Token,jwzoza,jwzoza.com,39532.png,"{""solana"":""JWmDeJQwXBmTinz7EQVmMMBpjXNU3yHTEQY7Bhy9UD4""}"
39535,SUSDT,SkyTrade Pro,skytrade-pro,pro.skytradepro.com,39535.png,"{""bnb"":""0x1f891D25A386e6F67ead37d9BFAf5C444213a134""}"
39536,DANKDOGEAI,DankDoge AI Agent,dankdoge-ai-agent,dankdogeai.club,39536.png,"{""bnb"":""0xEc52981e5AF19dD4a89464CC3a2a4a94b97adC62""}"
39537,QONE,qONE,qone,qonetoken.io,39537.png,"{""ethereum"":""0x067dD95a17F0AeB7b432819be44D878c0Ea80A74"",""hyperliquid"":""0xbf086597fdd837bfb58cf968533edaf3""}"
39539,RNBW,Rainbow,rainbow,rainbow.me,39539.png,"{""base"":""0xa53887f7e7c1bf5010b8627f1c1ba94fe7a5d6e0""}"
39542,USAD,USAD,usad,aleo.org,39542.png,{}
39545,BILL,Billions Network,billions-network,billions.network,39545.png,"{""ethereum"":""0xb1110919016846972056AB995054D65560D5f05E"",""bnb"":""0xDf24f8c21Cb404B3031a450D8e049D6E39FC1fA5"",""solana"":""Bi11Je4MH3PpyCNiuTAepRbsA5U6DK3DJy79ZFthddX"",""mantle"":""0x55b9f84605b30df9bb9d817a6900219f25218157""}"
39546,CLAWD,clawd.atg.eth,clawd-atg-eth,clawdbotatg.eth.limo,39546.png,"{""base"":""0x9f86db9fc6f7c9408e8fda3ff8ce4e78ac7a6b07""}"
39547,CLAWNCH,CLAWNCH,clawnch,clawn.ch,39547.png,"{""base"":""0xa1f72459dfa10bad200ac160ecd78c6b77a747be""}"
39548,ESP,Espresso,espresso,espresso.foundation,39548.png,"{""arbitrum"":""0x3b8db18e69d6686ad9371a423afe3dd1065c94f1"",""ethereum"":""0x031de51f3e8016514bd0963d0b2ab825a591db9a""}"
39549,FIDD,Fidelity Digital Dollar,fidelity-digital-dollar,fidelitydigitalassets.com,39549.png,"{""ethereum"":""0x7C135549504245B5eAe64fc0E99Fa5ebabb8e35D""}"
39550,REAT,REAT CAPITAL,reat-capital,reat.capital,39550.png,"{""ethereum"":""0x3DDcc9e3252FdC7a5EC50cd2417e9410D673561A""}"
39552,UP,Superform,superform,superform.xyz,39552.png,"{""ethereum"":""0x1D926bbE67425C9F507b9A0E8030eEdc7880BF33"",""base"":""0x5b2193fDc451C1f847bE09CA9d13A4Bf60f8c86B""}"
39555,ETH,Bridged ETH (NEAR Intents),bridged-eth-near-intents,explorer.near-intents.org,39555.png,"{""near-protocol"":""eth.omft.near""}"
39556,BTC,Bridged BTC (NEAR Intents),bridged-btc-near-intents,explorer.near-intents.org,39556.png,"{""near-protocol"":""btc.omft.near""}"
39558,EUSD,eUSD,eusd-bank,bank.telco.in,39558.png,"{""ethereum"":""0x14913815bCFDE78BAeAd2111F463D038Ac9C2949"",""solana"":""HQMYCZTDq9g3oZejDRUeQsFtLKgyfvBpD3yHaTnain3L"",""polygon-ecosystem-token"":""0x14913815bCFDE78BAeAd2111F463D038Ac9C2949"",""base"":""0x14913815bCFDE78BAeAd2111F463D038Ac9C2949""}"
39559,JGGL,JGGL,jggl,jggl.ai,39559.png,"{""ethereum"":""0x7d1Bc77187D15c9b79Ac2059fa1d262947379ec0""}"
39560,SPC,Space,space,into.space,39560.png,"{""solana"":""2MU93nLHhDsHzgEYBKbVbwLDd2pi71ubGp8SkEv9dZwQ""}"
39561,FWX,Future Warriors X,future-warriors-x,futurewarriorsx.com,39561.png,"{""bnb"":""0xB61e7aaf7cc25F81d93f9908196BE72874a725ba""}"
39562,SUP,Superfluid,superfluid,superfluid.org,39562.png,"{""base"":""0xa69f80524381275A7fFdb3AE01c54150644c8792"",""ethereum"":""0xD05001Db979ff2f1a3B2105875d3454E90dd2961""}"
39564,OPN,Opinion,opinion,opinion.foundation,39564.png,"{""ethereum"":""0x7977BF3e7e0c954D12cdcA3E013ADAf57E0B06E0"",""bnb"":""0x7977BF3e7e0c954D12cdcA3E013ADAf57E0B06E0""}"
39567,GRANDMA,Minecraft Grandma Fund,minecraft-grandma-fund,thegrandmafund.com,39567.png,"{""solana"":""axUxN2q4AWzHaU6LXmjqQh7KEjaXDPKScjmzwEBpump""}"
39568,XPASS,X-PASS,x-pass,x-pass.io,39568.png,"{""bnb"":""0x9CbF2A763e797D8CdE780D199f63901027eA3b8E""}"
39570,AIAO,AlgosOne,algosone,algosone.ai,39570.png,"{""ethereum"":""0xC2b1383eF921DCe7084232039027bDeA197D60f9""}"
39573,005380,Hyundai Motor Co (Derivatives),hyundai-motor-co-derivatives,,39573.png,{}
39577,XBTC,OKX Wrapped BTC,okx-wrapped-btc,okx.com,39577.png,"{""okb"":""0xb7c00000bcdeef966b20b3d884b98e64d2b06b4f""}"
39578,MONSTRO,Monstro DeFi,monstro-defi,monstrodefi.com,39578.png,"{""base"":""0x1d3bE1CC80cA89DDbabe5b5C254AF63200e708f7""}"
39579,BTC,Bitcoin Gold AI,bitcoin-gold-ai,tokenoffglold.xyz,39579.png,"{""bnb"":""0x4b5ae1fb0d931cfa5cdd697da8548e4530157ad4""}"
39580,IVT,ivault,ivault,ivault.io,39580.png,"{""base"":""0x4b12507E171970b3AcD48edFEb5BD1c676e61280""}"
39581,ROU,Routine Coin,routine-coin,routinecoin.info,39581.png,"{""polygon-ecosystem-token"":""0xCC44674022a792794d219847362bB95c661937A9""}"
39582,JUPUSD,Jupiter USD,jupiter-usd,,39582.png,"{""solana"":""JuprjznTrTSp2UFa3ZBUFgwdAmtZCq4MQCwysN55USD""}"
39583,BIGTROUT,The Big Trout,the-big-trout,bigtrout.fun,39583.png,"{""solana"":""EKwF2HD6X4rHHr4322EJeK9QBGkqhpHZQSanSUmWkecG""}"
39584,1FNXAI,Finanx AI (1FNXAI),finanx-ai-1fnxai,finanx.ai,39584.png,"{""ethereum"":""0x267b96350227130AEEc62d1752dB9d2A7971bA12"",""bnb"":""0xb50B7f43D06A002106454BEd698D5010382FF9C7"",""arbitrum"":""0xD25DD75Cc6ab3Eb43e92A7815C92417A5E82d718""}"
39588,BCAK,BCAK,bcak,bcaktoken.com,39588.png,"{""ethereum"":""0xCd7F2e6A9568936F7354FD75A1B9e311B93e1345""}"
39589,AVLT,Altura,altura-vault,altura.trade,39589.png,"{""hyperliquid"":""0xd0Ee0CF300DFB598270cd7F4D0c6E0D8F6e13f29""}"
39592,YELLOW,YELLOW,yellow,yellow.org,39592.png,"{""ethereum"":""0x236eb848c95b231299b4aa9f56c73d6893462720""}"
39593,LNS,LIFE Coin,lifecoin,life-network.io,39593.png,"{""solana"":""LNS3T677PvDspBQRGrYyXseGa5uWx5sxxHKHkdR31qJ""}"
39594,WL,WorldLand,worldland,worldland.foundation,39594.png,"{""bnb"":""0x8aaB31fbc69C92fa53f600910Cf0f215531F8239""}"
39595,ROBO,Fabric Protocol,fabric-foundation,fabric.foundation,39595.png,"{""ethereum"":""0x32b4d049fE4c888D2b92eEcaf729F44DF6B1F36E"",""bnb"":""0x475cbf5919608e0c6Af00e7bf87FaB83bF3Ef6e2""}"
39596,IDOS,idOS,idos,idos.network,39596.png,"{""arbitrum"":""0x68731d6f14b827bbcffbebb62b19daa18de1d79c""}"
39597,MOLT,Monkey Cult,monkey-cult,monkey-cult.com,39597.png,"{""solana"":""HyLXondhNhGkvWPXr8z4EPSgZNRRs4j8BHdyqMdVpump""}"
39598,MPP,MegPrime,megprime,megprimepay.com,39598.png,"{""base"":""0x6e02F4A1631379a49E8B7E222CFa6BF913b05E89""}"
39600,PUNCH,パンチ,punch,punchonsolana.live,39600.png,"{""solana"":""NV2RYH954cTJ3ckFUpvfqaQXU4ARqqDH3562nFSpump""}"
39601,LOBSTAR,Lobstar,lobstar,,39601.png,"{""solana"":""AVF9F4C4j8b1Kh4BmNHqybDaHgnZpJ7W7yLvL7hUpump""}"
39603,VICPAY,Victorum (VicPayments),victorum-payments,vic-token.com,39603.png,"{""solana"":""HTJKotaFtAmc66UuWHqxnr6Z3tdMWWEn5mP6X69SLKYB""}"
39604,XINGXING,星星,xing,tiktok.com,39604.png,"{""solana"":""7NoFtDpmQvE9JsRv7o6zgYZJBEcixWumJaZsDoyrpump""}"
39605,PUNCH,Punch Monkey,punch-tokenoff,punchtokenoff.xyz,39605.png,"{""bnb"":""0x797ef3B1b38F91dd20d3Ad1D57Fb88C03Ad82107""}"
39606,PETAH,ピータさん,petah,petah.fun,39606.png,"{""solana"":""GDmSzyg3F3CqgusT4CcxhjaKKfaucN98L4EUePeqpump""}"
39608,XTC,Xitcoin,xitcoin,xitcoin.com,39608.png,"{""cronos"":""0xe45Fe733bC8617FA6Dac8437Fc44B5ffFA949991""}"
39610,KIMCHI,Kimchi Coin,kimchi-coin,kimchi.meme,39610.png,"{""ethereum"":""0xfCCD6fBCa272B4cc11069402F4123b070B7838F9""}"
39611,MANTRA,MANTRA,mantra-new,mantrachain.io,39611.png,"{""mantra-new"":""aMANTRA""}"
39613,PIPPKIN,Pippkin The Horse,pippkin-the-horse,pippkin.fun,39613.png,"{""solana"":""6ydMmFRaNt4AHBjgvSogbBvcxnTrX3QzUe2AEzVppump""}"
39614,VBWBTC,VaultBridge Bridged WBTC (Katana),vaultbridge-bridged-wbtc-katana,,39614.png,"{""katana-network"":""0x0913da6da4b42f538b445599b46bb4622342cf52""}"
39615,META,Meta Platforms Tokenized Stock (Hyperliquid),meta-platforms-tokenized-stock-hyperliquid,app.hyperliquid.xyz,39615.png,"{""hyperliquid"":""0x5a9d2deee7d8782011695623f1c453f46b2b566e""}"
39616,MSFT,Microsoft Tokenized Stock (Hyperliquid),microsoft-tokenized-stock-hyperliquid,app.hyperliquid.xyz,39616.png,"{""hyperliquid"":""0x7ef4eba0c0200957e357627ced1884d6cb63e961""}"
39617,GLD,SPDR Gold Shares Tokenized ETF (Hyperliquid),spdr-gold-shares-tokenized-etf-hyperliquid,app.hyperliquid.xyz,39617.png,"{""hyperliquid"":""0x35eeda03e55ff217a013892e9e2e37e792b264ea""}"
39618,TSLA,Tesla Tokenized Stock (Hyperliquid),tesla-tokenized-stock-hyperliquid,app.hyperliquid.xyz,39618.png,"{""hyperliquid"":""0x7374dc1894fbd1bc6c42f6ebbc50b78c211a8606""}"
39619,AMZN,Amazon Tokenized Stock (Hyperliquid),amazon-tokenized-stock-hyperliquid,app.hyperliquid.xyz,39619.png,"{""hyperliquid"":""0xc304a9d52cf9165024ebc7814250ef3a5013f924""}"
39620,SLV,iShares Silver Trust Tokenized (Hyperliquid),ishares-silver-trust-tokenized-hyperliquid,app.hyperliquid.xyz,39620.png,"{""hyperliquid"":""0x08be08c37d93e689518ced744a89f113b4afaad4""}"
39621,SPY,SPDR S&P 500 ETF Trust Tokenized ETF (Hyperliquid),spdr-sp-500-etf-trust-tokenized-etf-hyperliquid,app.hyperliquid.xyz,39621.png,"{""hyperliquid"":""0xb7bf37783db41a2851b77c6917280c56312c833a""}"
39622,GOOGL,Alphabet Tokenized Stock (Hyperliquid),alphabet-tokenized-stock-hyperliquid,app.hyperliquid.xyz,39622.png,"{""hyperliquid"":""0x4f2164c12d2d450a8b1d430492ef6670fe4cad8e""}"
39623,QQQ,Invesco QQQ Trust Tokenized ETF (Hyperliquid),invesco-qqq-trust-tokenized-etf-hyperliquid,app.hyperliquid.xyz,39623.png,"{""hyperliquid"":""0x66520d8fd614487214a25af7babf27584f59f76b""}"
39624,AAPL,Apple Tokenized Stock (Hyperliquid),apple-tokenized-stock-hyperliquid,app.hyperliquid.xyz,39624.png,"{""hyperliquid"":""0x499e347174f237ad28687b947b94c0d49570d1b7""}"
39625,HOOD,Robinhood Tokenized Stock (Hyperliquid),robinhood-tokenized-stock-hyperliquid,app.hyperliquid.xyz,39625.png,"{""hyperliquid"":""0xe101753dcfea619a512111d3ae54a592""}"
39629,APP,Applovin (Derivatives),applovin-derivatives,,39629.png,{}
39630,UNH,UnitedHealth Group (Derivatives),unitedhealth-group-derivatives,,39630.png,{}
39631,CSCO,Cisco Systems (Derivatives),cisco-systems-derivatives,,39631.png,{}
39632,MOLTID,MoltID,moltid,molt.id,39632.png,"{""solana"":""moLtguTf84g34S34PbnJDRKR1FXb5di1UCRsnB7hKjE""}"
39633,RDDT,Reddit (Derivatives),reddit-derivatives,,39633.png,{}
39634,IBM,IBM (Derivatives),ibm-derivatives,,39634.png,{}
39635,HPL,HyperLend,hyperlend-hpl,hyperlend.finance,39635.png,{}
39638,PACT,PACT,pact,pactfoundation.com,39638.png,"{""aptos"":""0xc546cc2dd26d9e9a4516b4514288bedf1085259fcb106b84b6469337f527fb92::aptos_pact::PACT_PACT"",""ethereum"":""0x9102a20f4ad56026eeffa8e121b14a9f7575f43f"",""celo"":""0x2b9018ceb303d540bbf08de8e7de64fddd63396c""}"
39640,SHM,Shardeum (New),shardeum-new,shardeum.org,39640.png,{}
39641,HNO,HNO Coin,hno-coin,hnocoin.com,39641.png,"{""base"":""0xC60E167E52cE50a46d7CD57C65e180115c012c43""}"
39642,MACMINI,Mac mini (macminicoin),mac-mini-macminicoin,,39642.png,"{""solana"":""2QKrBtNECja4cJygxA7igwqxahs93GNmuQ2We2stpump""}"
39647,PILL,Life Changing Pill (PillNet AI),pillnet-ai,pillnet.ai,39647.png,"{""solana"":""5XqzzdodsNtAM8TtQyiqGVbD7GwLBBN7oVnRA3hLpump""}"
39650,GPST,GPStarter,gpstarter,gpstarter.com,39650.png,"{""bnb"":""0x26740Be159DC0a11ce53E32f530F056D4b205C0c""}"
39654,EWY,Ishares Msci South Korea ETF (Derivatives),ishares-msci-south-korea-etf-derivatives,,39654.png,{}
39655,AIBINANCE,AI Binance,ai-binance,aibinance.cloud,39655.png,"{""bnb"":""0x20b5cFE47932d6bE73Ee7849933E980327ED11f7""}"
39656,DIME,Paradex,paradex,paradex.trade,39656.png,"{""ethereum"":""0xb32e10022ffbedfe10bc818a1c7e67d9d87e0fa7"",""solana"":""3ywtR9qQH4BuA7LSfLvEuW1gh6ha7EK18XwLbHvhryPZ""}"
39658,XPGN,Paragon Chain,paragon-chain,paragonchain.org,39658.png,"{""bnb"":""0x130A2eB49C8143EfA4547a10EbEA48BCf10a729A""}"
39659,TPT,Triple Plus,triple-plus,tripleplusglobal.io,39659.png,"{""polygon-ecosystem-token"":""0x95F9b9BeCeb273815f7f22A5729924acF88050a6""}"
39660,TX,tx,tx,tx.org,39660.png,{}
39661,SILVER,Silver Coin (SilverCoinsolan),silver-coin-solan,silvercoin.static2.website,39661.png,"{""solana"":""EbPSDxxwEFRwx7RbRoagfjdvn46HnzxSUCn4kuBhvaiN""}"
39662,PMUSD,Precious Metals USD,precious-metals-usd,raac.io,39662.png,"{""ethereum"":""0xC0c17dD08263C16f6b64E772fB9B723Bf1344DdF""}"
39663,TENCENTAI,Tencent AI,tencentai,tencentai.xyz,39663.png,"{""bnb"":""0x1aF350E4C23457df3DcfFfDB8395c943C39a9fE5""}"
39664,ZGC,Z Gen Coin,z-gen-coin,zgc.game,39664.png,"{""bnb"":""0xAd4f3b563f2363e7593DDCaaB322604CeDF55952""}"
39665,UP,Unitas,unitas,unitas.so,39665.png,"{""ethereum"":""0x00007Ac313f4f4C1AD809E8A4Ca42bc613AA0000"",""bnb"":""0x000008D2175F9AEAdDb2430c26f8A6f73c5A0000"",""solana"":""7Zhxshgt7Ft6pHFYMrHE1epWdWre7sJ1Af1GhEUnitas""}"
39666,BLEND,Fluent,fluent,fluent.xyz,39666.png,"{""ethereum"":""0xd8a271974e8edae9d7b58e3370dc1669427503f4"",""solana"":""BWsnyEa1XtsNRdgPaDoA1WVUonF7BBGZTd2zc72NQsWT""}"
39667,SN3,Nebula3 GameFi,nebula3-gamefi,nebula3gamefi.com,39667.png,"{""bnb"":""0xf758cfB1467a227516d73d87DA7D36e7Cb6F71f1""}"
39668,USDTR,Tether USD Bridged Wormhole,tether-usd-bridged-wormhole,cryptofintech.live,39668.png,"{""bnb"":""0x855eC60F55900dc94Cc31f8A7E38a2A8F884a76a""}"
39669,URA,Global X Uranium ETF (Derivatives),global-x-uranium-etf-derivatives,,39669.png,{}
39670,BMNR,Bitmine Immersion Technologies (Derivatives),bitmine-immersion-technologies-derivatives,,39670.png,{}
39671,龙虾,龙虾 (Lobster),lobster-2,x.com,39671.png,"{""bnb"":""0xeccbb861c0dda7efd964010085488b69317e4444""}"
39672,HANMI,Hanmi Semiconductor Co Ltd (Derivatives),hanmi-semiconductor-co-ltd-derivatives,,39672.png,{}
39677,ASML,ASML Holding NV (Derivatives),asml-holding-nv-derivatives,,39677.png,{}
39678,ARSE,ARSe Digital,arse-digital,arse.digital,39678.png,"{""polygon-ecosystem-token"":""0x2278485e81b735E0F79fDca936F901D0727E6603""}"
39679,GF,GoldFinger,goldfinger,goldfinger.finance,39679.png,"{""bnb"":""0x6Db461da03b8Ad06319fF2aF985E1C8dFcC004e0""}"
39680,ZYLO,Zylo Ecosystem,zylo-ecosystem,zylo.io,39680.png,"{""solana"":""HnGCbLLonRzNRAFHqv5AbvZ4FixMkUQztE2egh4sAmqZ""}"
39682,PROS,Pharos,pharos,pharos.xyz,39682.png,"{""base"":""0x8B7DdE054BE9D180c1Be7FaE0874697374A49832""}"
39683,USDGO,USDGO,usdgo,usdgo.com,39683.png,"{""solana"":""72puLt71H93Z9CzHuBRTwFpL4TG3WZUhnoCC7p8gxigu"",""bitget-token-new"":""0x4cf5920df52f5b1f246e2e38e1786ae1cf03ecf5"",""ethereum"":""0x4cf5920df52f5b1f246e2e38e1786ae1cf03ecf5""}"
39685,EWJ,iShares MSCI Japan ETF (Derivatives),ishares-msci-japan-etf-derivatives,,39685.png,{}
39686,BP,Backpack,backpack-exchange,backpack.exchange,39686.png,"{""solana"":""BPxxfRCXkUVhig4HS1Lh7kZqV6SPJhzfEk4x6fVBjPCy""}"
39687,BINANCEAI,Binance AI,binance-ai,binanceai.space,39687.png,"{""bnb"":""0x413A47E78d607300236CEF26AE5694C152b97dA3""}"
39689,GCOIN,Playnance,playnance,playnance.com,39689.png,{}
39690,AORA,AtlasOra,atlasora,atlasora.foundation,39690.png,"{""base"":""0x6E84030FA86EBf585E3E18fe557e5612f7e93Bff""}"
39691,HODL,HODL (hodl2013),hodl-2013,hodl2013.com,39691.png,"{""solana"":""Hh3oTaqDCKKfdBgsQEvxp9sUwyNf8x9qmKqEMLBWpump""}"
39692,OVPP,OpenVPP,openvpp-energy,openvpp.energy,39692.png,"{""base"":""0x8C0d3ADCF8Ce094E1aE437557Ec90A6374dC9BDD""}"
39693,HOOLI,Hooli,hooli,mypethooligan.com,39693.png,"{""solana"":""FPJfY8mMTRwaePD2f46TFLqVov4X9svBaUgR1a8oTwTF""}"
39695,IWMX,Russell 2000 Tokenised ETF (xStock),russell-2000-tokenised-etf-xstock,assets.backed.fi,39695.png,"{""solana"":""XsbELVbLGBkn7xfMfyYuUipKGt1iRUc2B7pYRvFTFu3"",""ethereum"":""0xdadfb355c6110eda0908740d52c834d6c2bcddc7"",""ink-token"":""0xdadfb355c6110eda0908740d52c834d6c2bcddc7"",""gram"":""EQCpSKh0bO8zr5M6Qnk5lVUaUKwEsSsjE-X29PxYhhnEj48I"",""bnb"":""0xdadfb355c6110eda0908740d52c834d6C2BCDDc7"",""okb"":""0xdadfb355c6110eda0908740d52c834d6C2BCDDc7""}"
39697,BTBTX,Bit Digital Tokenised Stock (xStock),bit-digital-tokenised-stock-xstock,assets.backed.fi,39697.png,"{""solana"":""XsPLBFy59Q3hY59KLAJur8QyvziMF4xUxGTxXqXE7cT"",""ethereum"":""0x22e1991e5f82736a2a990322a46aac0e95826c5b"",""ink-token"":""0x22e1991e5f82736a2a990322a46aac0e95826c5b"",""gram"":""EQBXTskrXRkQQ9JO7EeaVXwCD_phnrzNg9EdN9263_ZETRJB"",""bnb"":""0x22E1991e5f82736A2a990322a46aac0e95826c5B""}"
39698,PPLTX,abrdn Physical Platinum Tokenised ETF (xStock),abrdn-physical-platinum-tokenised-etf-xstock,assets.backed.fi,39698.png,"{""solana"":""Xst6eFD4YT6sz9RLMysN9SyvaZWtraSdVJQGu5ZkAme"",""ethereum"":""0x8e9e4a8d7f1c65dcb42d9103832b27e75946055d"",""ink-token"":""0x8e9e4a8d7f1c65dcb42d9103832b27e75946055d"",""gram"":""EQDCSrwrZPe4ZW-OBU1vxxalRxDeozKl_mU9Onhj-amUwHD-""}"
39699,AMDX,AMD Tokenised Stock (xStock),amd-tokenised-stock-xstock,assets.backed.fi,39699.png,"{""solana"":""XsXcJ6GZ9kVnjqGsjBnktRcuwMBmvKWh8S93RefZ1rF"",""ethereum"":""0x3522513e5f146a2006e2901b05f16b2821485e19"",""ink-token"":""0x3522513e5f146a2006e2901b05f16b2821485e19"",""gram"":""EQC0gyePHOKu2qG8jfqc7wAIOOB-dVKfDeOiqXuCAsGzarL9"",""bnb"":""0x3522513E5F146a2006e2901b05f16B2821485E19"",""okb"":""0x3522513E5F146a2006e2901b05f16B2821485E19""}"
39700,BMNRX,Bitmine Tokenised Stock (xStock),bitmine-tokenised-stock-xstock,assets.backed.fi,39700.png,"{""solana"":""XsrBCwaH8c46xiqXBChzobgufRKxQxAWUWbndgBNzFn"",""ethereum"":""0xaeb681b69e5094e04d11bcef51a71358a374c3ed"",""ink-token"":""0xaeb681b69e5094e04d11bcef51a71358a374c3ed"",""gram"":""EQAvL-WWhFk51DEzdnE7fskWpip9EFZV8JTJAjZfGxgYIijL"",""bnb"":""0xaeB681B69E5094E04d11BCeF51A71358A374C3ED""}"
39701,COPXX,Global X Copper Miners Tokenised ETF (xStock),global-x-copper-miners-tokenised-etf-xstock,assets.backed.fi,39701.png,"{""solana"":""XsybfiKkD4UmjkAGT2uR8X2sq9AWFtvGJM2KTffoALZ"",""ethereum"":""0x89bab39d627a9e34f0dc782c53457e80ee8fb9d9"",""ink-token"":""0x89bab39d627a9e34f0dc782c53457e80ee8fb9d9"",""gram"":""EQAXN7CnB4F_7QZmTaRzUOIoJU8yr3RgeHQw_CZKkoS7kSsn""}"
39702,SCHFX,Schwab International Equity Tokenised ETF (xStock),schwab-international-equity-tokenised-etf-xstock,assets.backed.fi,39702.png,"{""solana"":""XsWAnFM77x6YvpdaZoos79R12o4Yj4r7EVkaTWddzhU"",""ethereum"":""0xf6d87e523512704c29e9b7ca3e9e6226bdce3ea1"",""ink-token"":""0xf6d87e523512704c29e9b7ca3e9e6226bdce3ea1"",""gram"":""EQAnmAKsa_mCXoefjzecmjXMnt5OqURjT-OFD5hyT1N3hKTy"",""bnb"":""0xF6D87E523512704C29E9b7cA3e9e6226bDCE3EA1""}"
39703,VTX,Vanguard Total World Tokenised ETF (xStock),vanguard-total-world-tokenised-etf-xstock,assets.backed.fi,39703.png,"{""solana"":""XsEdDDTcVGJU6nvdRdVnj53eKTrsCkvtrVfXGmUK68V"",""ethereum"":""0x6d5edeebbc6a4099eb8bb289eb3b80d799f7b28c"",""ink-token"":""0x6d5edeebbc6a4099eb8bb289eb3b80d799f7b28c"",""gram"":""EQDpGw69jwZzqdt88kwd7dUymmg5W0-yE5IvS5ATsgdl5xcI"",""bnb"":""0x6d5edEEbBc6A4099Eb8bb289EB3b80D799f7b28C""}"
39704,SLVX,iShares Silver Trust Tokenised ETF (xStock),ishares-silver-trust-tokenised-etf-xstock,assets.backed.fi,39704.png,"{""solana"":""XsxAd6okt8y1RRK6gNg7iJaqiWNiq5Md5EDf3ZrF2dm"",""ethereum"":""0x4833e7f4f0460f4b72a3a5879a6c9841bcc5b58b"",""ink-token"":""0x4833e7f4f0460f4b72a3a5879a6c9841bcc5b58b"",""gram"":""EQCSOAdQ-z0b73WkoIHKvsEW8ArnbVtRfOhPIumG5Ppt8Wm6""}"
39706,BTGOX,Bitgo Tokenised Stock (xStock),bitgo-tokenised-stock-xstock,assets.backed.fi,39706.png,"{""solana"":""XsvHMmbDcd14DHHW16PkxPGW7ks77ehxUv1E9Zmxgj4"",""ethereum"":""0x60ae7d760a1c7b528c0384bc945fadf1438f47a5"",""ink-token"":""0x60ae7d760a1c7b528c0384bc945fadf1438f47a5"",""gram"":""EQDkUcysP8UWGRJMIS_XAw812SBA1CV99UPj2tz3HQnBupQ0""}"
39707,IEMGX,Core MSCI Emerging Markets Tokenised ETF (xStock),core-msci-emerging-markets-tokenised-etf-xstock,assets.backed.fi,39707.png,"{""solana"":""XsFnZawJdLdXfBSEt5Vw29K5vdBiHotdPLjUPafpfHs"",""ethereum"":""0x6a668332825450acd2e449372057d31b3de16a1e"",""ink-token"":""0x6a668332825450acd2e449372057d31b3de16a1e"",""gram"":""EQAHhPaDyRyXJjwGDXBBngtmCSmHFiqpTLqT3c67ouDmjldK"",""bnb"":""0x6a668332825450ACD2e449372057d31b3de16a1E""}"
39711,STRCX,Strategy PP Variable tokenized stock (xStock),strategy-pp-variable-tokenized-stock-xstock,xstocks.fi,39711.png,"{""ethereum"":""0x1aad217b8f78dba5e6693460e8470f8b1a3977f3"",""solana"":""Xs78JED6PFZxWc2wCEPspZW9kL3Se5J7L5TChKgsidH"",""gram"":""EQCY_xOUxnGsF91w0w3azMdk1SMdBKNr7kJedDWTZlQ13duK"",""ink-token"":""0x1aad217b8f78dba5e6693460e8470f8b1a3977f3"",""bnb"":""0x1Aad217B8F78dbA5E6693460e8470F8b1A3977f3""}"
39712,CZAI,CZ AI (czai.club),cz-ai-czai-club,czai.club,39712.png,"{""bnb"":""0x49612De0E6d4Ee61a93B74F61E47F60de40D6D86""}"
39713,FREEDOMOFMONEY,Freedom of Money,freedom-of-money,x.com,39713.png,"{""bnb"":""0x3e17ee3b1895dd1a7cf993a89769c5e029584444""}"
39714,KNX,KnoxNet,knoxnet,knoxnet.io,39714.png,"{""ethereum"":""0xf19304e6bFE0A18D2a0171758aA433921F192897""}"
39715,INO,InoAi,inoai,inoai.org,39715.png,"{""cronos"":""0x025f1575908d85815198390B2e5366FE754F8207""}"
39716,AKITA,Akita (new),akita-inu-new,akita.network,39716.png,"{""ethereum"":""0x7deF4573628021500c3207994935a51801fB56bE""}"
39718,ONL,OneLink,onelink,one-link.world,39718.png,"{""bnb"":""0x8bC7aDF14ca949b78D036Df3b3fC64fB8bed3e6D""}"
39720,EDGE,edgeX,edgex,edgex.exchange,39720.png,"{""ethereum"":""0xB0076DE78Dc50581770BBa1D211dDc0aD4F2a241"",""bnb"":""0x70f2eadf1ca1969ff42b0c78e9da519e8937cbaf""}"
39723,LRST,Little Rabbit Staking Token,little-rabbit-v2-new,newlittlerabbit.fun,39723.png,"{""bnb"":""0x6421355286Ecb21Ad502582Cd0B0DA16971D5F45""}"
39725,PAYP,PayPay Corp (Derivatives),paypay-corp-derivatives,,39725.png,{}
39726,GPM,Gold Pump Meme,gold-pump-meme,goldpumpmeme.com,39726.png,"{""ethereum"":""0x4d15E62900B9f518352a94dAF6C46b11775E3697"",""base"":""0x4d15e62900b9f518352a94daf6c46b11775e3697""}"
39727,MEZO,Mezo,mezo,mezo.org,39727.png,"{""ethereum"":""0x8e4cbbcc33db6c0a18561fde1f6ba35906d4848b"",""base"":""0x8e4cbBcc33dB6c0a18561fDE1F6bA35906d4848b"",""mezo"":""0x7B7c000000000000000000000000000000000001""}"
39732,SPY,State Street SPDR S&P 500 ETF Trust (Derivatives),state-street-spdr-sp-500-etf-trust-derivatives,,39732.png,{}
39733,KIMCHI,Kimchi (CTO),kimchi-cto,kimchicto.com,39733.png,"{""ethereum"":""0x2b566950BA2298AcEf3c730CC0129b2f4fBd30a3""}"
39736,CAPRON,Capricor Therapeutics Tokenized Stock (Ondo),capricor-therapeutics-tokenized-stock-ondo,app.ondo.finance,39736.png,"{""solana"":""BS8zoc6pmALQnBhBDFak6eFhgGHjpebnHzsxApgondo"",""ethereum"":""0x70Ec0f5B23404C0cD6f29ce88f4af00A0b0d895D"",""bnb"":""0x812Fc2943371C952c6c8Daf99Fe665Eb0e40Cd27""}"
39737,CIBRON,First Trust NASDAQ Cybersecurity Tokenized ETF (Ondo),first-trust-nasdaq-cybersecurity-tokenized-etf-ondo,app.ondo.finance,39737.png,"{""solana"":""BVdL3WUxtxUD4vXRWwqChJLbGxvfzZjBGPp63Wtondo"",""ethereum"":""0x42d6E274B8631e5289a8F853E8d1A7bAEff3C8d1"",""bnb"":""0xDcd4536508060dab8F43C334B3a6C72c39528DA5""}"
39738,FSOLON,Fidelity Solana Fund Tokenized Stock (Ondo),fidelity-solana-fund-tokenized-stock-ondo,app.ondo.finance,39738.png,"{""solana"":""BJhPr9SM7uZTZXHeSLYmUk7CjGQq1esFkVxPF5tondo"",""ethereum"":""0x224B381CFAe8CCAf2e4d32D827467C2331Ce04bE"",""bnb"":""0x54B92Fd77229269Ff6484942C123cCa72f2D6fEC""}"
39739,CRWVON,CoreWeave Tokenized Stock (Ondo),coreweave-tokenized-stock-ondo,app.ondo.finance,39739.png,"{""solana"":""BfPGpgNyxe6rjAru1EJarjSBAcCABuMF5L32v7nondo"",""ethereum"":""0x66908813cd7676269494B2c6F6DBAB8B4f9E95df"",""bnb"":""0x76E39171Cb665a35981e744e2CEB7012F76caEAc"",""hyperliquid"":""0xd616dDC3a9e13e12533d7124d5BD94B53Fb60A3f""}"
39740,INCEON,Franklin Income Equity Focus Tokenized ETF (Ondo),franklin-income-equity-focus-tokenized-etf-ondo,app.ondo.finance,39740.png,"{""solana"":""D8KT4Jd8qiKKTfkM8ejSKCpWGR1o3GFvnQGp5ERondo"",""ethereum"":""0xfA690b2B6f6b4dA518035F1d0aa8B968c23341bb"",""bnb"":""0x5e24DB6DE4C21E2C8f9E81bAcfCedFBAC2DeE4aa""}"
39741,GEVON,GE Vernova Tokenized Stock (Ondo),ge-vernova-tokenized-stock-ondo,app.ondo.finance,39741.png,"{""solana"":""CgZSv89BL58ybWfWobANKEU8nV9jYfFw23G2DZEondo"",""ethereum"":""0xA043FDc5A6E2E381e3532d5A97404b82fb7A0af8"",""bnb"":""0x2Aea1D415D45CCF3EaBE565d45DcaF4ea2035b9c""}"
39742,GLXYON,Galaxy Digital Tokenized Stock (Ondo),galaxy-digital-tokenized-stock-ondo,app.ondo.finance,39742.png,"{""solana"":""CkWmEM2J79k6AjAwyQVHXteFucAL1zQrKLxLqJHondo"",""ethereum"":""0xE668e08a6f5792CEF0e63E9D98524968fDB5882f"",""bnb"":""0xF98B89825233808CD37706A53D2b4Ae3e359d442""}"
39743,HYSON,PIMCO High Yield Corporate Bond Index Tokenized ETF (Ondo),pimco-high-yield-corporate-bond-index-tokenized-etf-ondo,app.ondo.finance,39743.png,"{""solana"":""CsN1Tyz467bSFLPGd6MJyZhPNtwDaWZtX8ixHWyondo"",""ethereum"":""0xEc169F9Ac2161723a2D4febd9748BB529D6C12B5"",""bnb"":""0x75E9D68e99e76714ed1a7663ab48ba3AaBd7A6c5""}"
39744,ASTSON,AST SpaceMobile Tokenized Stock (Ondo),ast-spacemobile-tokenized-stock-ondo,app.ondo.finance,39744.png,"{""solana"":""B6ry9goGNvVbhq7gWHzs3p6emJ1gLaMhu4By9TTondo"",""ethereum"":""0x0D1fa4E1E3719945899Ef7b02840627Df46aF44A"",""bnb"":""0x45Abf29515bc23F8c0Ed2a06584444cE473A75FB""}"
39745,ENPHON,Enphase Energy Tokenized Stock (Ondo),enphase-energy-tokenized-stock-ondo,app.ondo.finance,39745.png,"{""solana"":""Bp26APthMuM46gMFTo5KYpo7b92GN2xSCor7f9oondo"",""ethereum"":""0x4F3B49aC895a29c0908c57538932967Cdc8e3c80"",""bnb"":""0x30938154E2697694F41592C2e48459287dEBe4BF""}"
39746,NEMON,Newmont Tokenized Stock (Ondo),newmont-tokenized-stock-ondo,app.ondo.finance,39746.png,"{""solana"":""Dig28Tf1ufhCBAsjTmFkXCgcNgMqDMYj5A2rDQmondo"",""ethereum"":""0x0C802aCB21Cb2AadB2EB5E5090868E1361B26B69"",""bnb"":""0x5E63232993789601CE362e0240a299C1DfCBfbEc""}"
39747,APLDON,Applied Digital Tokenized Stock (Ondo),applied-digital-tokenized-stock-ondo,app.ondo.finance,39747.png,"{""solana"":""B6WqvLGXdGqpw7qgxeb5EGiRZEYo2apWpQybjYuondo"",""ethereum"":""0x318Dcb4f07C3e6ccEcc12A252100Fb3Bf76Eeb02"",""bnb"":""0x18De24acb876C0B8392d9C55583Bb21c0355980b""}"
39748,ALBON,Albemarle Tokenized Stock (Ondo),albemarle-tokenized-stock-ondo,app.ondo.finance,39748.png,"{""solana"":""B5KufqHkskgGYwMXtL8FSHgREAkMQvE3ykhH5Kmondo"",""ethereum"":""0x1b468d5535Ed7C19Ce42f0073db7Fdf441028131"",""bnb"":""0x0B790ABd6594918DE1022233b7cc79baDB84d92a""}"
39749,BNOON,US Brent Oil Fund Tokenized Stock (Ondo),us-brent-oil-fund-tokenized-stock-ondo,app.ondo.finance,39749.png,"{""solana"":""BAU83kqEqhyiexfAMQhZZE5KnGogSqh17fJc44Sondo"",""ethereum"":""0x9ddb2524782684942FAD28b44E76552cB7f3F548"",""bnb"":""0x5f2d37192576a6804F44722eB828E280D5FB43Dc""}"
39750,ECHON,iShares MSCI Chile Tokenized ETF (Ondo),ishares-msci-chile-tokenized-etf-ondo,app.ondo.finance,39750.png,"{""solana"":""BmXVAFyfpW7VuVYeWDtbFtLx7sek2mZt3BEsGgAondo"",""ethereum"":""0x74C8f41f57948Bfd8aa0D48C882d69d12d1Cc579"",""bnb"":""0x551f8Db0da800C910E12Cf991eac306714481685""}"
39751,COHRON,Coherent Tokenized Stock (Ondo),coherent-tokenized-stock-ondo,app.ondo.finance,39751.png,"{""solana"":""BXMkru8ded26p71gJ3AMMwJmwZaYYfQjRo8vbZzondo"",""ethereum"":""0x2B7727076B9C9B1834a2f95B81f12EEdD30db9f1"",""bnb"":""0x0585756aAFB241b0f8A9Df62Db26c566091Bde0b""}"
39752,REGNON,Regeneron Pharmaceuticals Tokenized Stock (Ondo),regeneron-pharmaceuticals-tokenized-stock-ondo,app.ondo.finance,39752.png,"{""solana"":""E86mX2yb3HLbJM6gRtZQ6dCYmLh6MSDZadu9SCPondo"",""ethereum"":""0x33aC34DA58168De69cE74a66fbaD81a88F974BD5"",""bnb"":""0x30BD85fD4286c5c9857679F5B188f737B4a7B8C0""}"
39753,FLHYON,Franklin High Yield Corporate Tokenized ETF (Ondo),franklin-high-yield-corporate-tokenized-etf-ondo,app.ondo.finance,39753.png,"{""solana"":""CZ3FxxSto7tsjkSkqMek1C5p3RCFFmkwKqW57nbondo"",""ethereum"":""0x54C1Ff361b402f66c13107421E6A431C3375EF24"",""bnb"":""0x240Eb4859B4537D250cf784cc758c404dA5Fe4bd""}"
39754,OIHON,VanEck Oil Services Tokenized ETF (Ondo),vaneck-oil-services-tokenized-etf-ondo,app.ondo.finance,39754.png,"{""solana"":""DnvbCqRuUYssmKVRBRNwkUnptHitH4ZZTt1KVuZondo"",""ethereum"":""0xBcA31049ab4782f0FfA9CfFCB2cF48e8D6dE4fb8"",""bnb"":""0x31D6011023D6c7695Efc29bB016830F3F36De40a""}"
39755,ENLVON,Enlivex Therapeutics Tokenized Stock (Ondo),enlivex-therapeutics-tokenized-stock-ondo,app.ondo.finance,39755.png,"{""solana"":""BncvtBGs4JqgYZwUoq3EN9q9HUFqJKTfWpvCsHCondo"",""ethereum"":""0xc4e6E80295154D3968519851F73f8Dc1a227286F"",""bnb"":""0x5A9D924FC336A5EC8cf3B1909aA660533B50b015""}"
39756,FCXON,Freeport-McMoRan Tokenized Stock (Ondo),freeport-mcmoran-tokenized-stock-ondo,app.ondo.finance,39756.png,"{""solana"":""CY8ttw5rYCT6fFBJwqXofefqa7Ji9E8zfLmhRLmondo"",""ethereum"":""0xeb08d539Be0f6a6C90eA24276196E348f5688A02"",""bnb"":""0xE3b17E6D290A0F28bd32aF4064637057627004D5"",""hyperliquid"":""0xA019295D44677dd2f5B066245453938B1b1C483B""}"
39757,FFOGON,Franklin Focused Growth Tokenized ETF (Ondo),franklin-focused-growth-tokenized-etf-ondo,app.ondo.finance,39757.png,"{""solana"":""CYAwMGyuNSDu7NpuccNwcxMNS5Bu9akxU2Jooyiondo"",""ethereum"":""0x70B4082F4e3F9067dB9A2aA7520C77719E8626EE"",""bnb"":""0xEA130432a9feE9ca1A7eDa84028650d38Bd0E232""}"
39758,FXION,iShares China Large-Cap Tokenized ETF (Ondo),ishares-china-large-cap-tokenized-etf-ondo,app.ondo.finance,39758.png,"{""solana"":""CeFbGYXDmkyfo1TXXzzZ512mtnCCewNohu6V15vondo"",""ethereum"":""0x2dD57b497c777D9825A5902114BE81dF98eDE958"",""bnb"":""0x9b8E987e6fEc8Cf1380C4dcA7071e2C7853AEEA1""}"
39759,PPLTON,abrdn Physical Platinum Shares Tokenized ETF (Ondo),abrdn-physical-platinum-shares-tokenized-etf-ondo,app.ondo.finance,39759.png,"{""solana"":""DwRtkbsaQMGAS3oMeEGYh6M5vH4X9WECsQgqHjAondo"",""ethereum"":""0xf1883461Ec7BD883A3668749c5CF5f351080d059"",""bnb"":""0x3EC23F52F6573FC0587A0631dd8C3b107f6bcb35"",""hyperliquid"":""0xB4C0eaf28Ae7f667D9dabAA995F7A6E75e094770""}"
39760,SCCOON,Southern Copper Tokenized Stock (Ondo),southern-copper-tokenized-stock-ondo,app.ondo.finance,39760.png,"{""solana"":""EANjzFjj3nPXHdzN5CE3Z8LLVn69Ce77FE8X4cvondo"",""ethereum"":""0xdA81DA76070a7377eAEEB2978F0E13C5d57FaDb7"",""bnb"":""0xF15B8f7465b92799F6EE440F86B3CAB5A4dbc65A""}"
39761,SEDGON,SolarEdge Technologies Tokenized Stock (Ondo),solaredge-technologies-tokenized-stock-ondo,app.ondo.finance,39761.png,"{""solana"":""EAwP9LGNjTkQ2YeKE6CGKqBYtrJ6APFvRe7KCMmondo"",""ethereum"":""0x8E82a0d7347329703FB6c6A745B1C2b3aBB1658c"",""bnb"":""0x8755c5C39b1AA9053a83AC731242a2cf4D04B0Fe""}"
39762,SOXXON,iShares Semiconductor Tokenized ETF (Ondo),ishares-semiconductor-tokenized-etf-ondo,app.ondo.finance,39762.png,"{""solana"":""EN5pHc1LccUSojxb7kkyQi7v7iJN5RpDq6qz3DHondo"",""ethereum"":""0x1fE2126bC05E4BB0468C4a198e930c889e1054a3"",""bnb"":""0x2A3cbF64C8181DB4a25D41D4d7a7Db9984C59DAC""}"
39763,ETNON,Eaton Tokenized Stock (Ondo),eaton-tokenized-stock-ondo,app.ondo.finance,39763.png,"{""solana"":""BpYiU1dBXU1fdB64jbR93wHEw3Y47QeRLZvUyLQondo"",""ethereum"":""0x9b56f5ED5A94Ae3266b7FF21953e6626F94008F1"",""bnb"":""0x4697b2A050f7B5A8e1ebc27c325f9D78D094f041""}"
39764,GLTRON,abrdn Physical Precious Metals Tokenized ETF (Ondo),abrdn-physical-precious-metals-tokenized-etf-ondo,app.ondo.finance,39764.png,"{""solana"":""CgnZbDNzBfaLyJqUtd4esKLShRp7RznQuwP4uQaondo"",""ethereum"":""0xD0a265a32D0211a7f61F11de014B854F7ce716F8"",""bnb"":""0x15580092796f69825CFf4738Cac55D05D41eaa42""}"
39765,LUNRON,Intuitive Machines Tokenized Stock (Ondo),intuitive-machines-tokenized-stock-ondo,app.ondo.finance,39765.png,"{""solana"":""DiDWPZ7vQXfpaeQ8BX68XuDYeiQLv7diDxdeUpaondo"",""ethereum"":""0x58a2EDF0169eDE82904e47a0E2a3a4008eDebB60"",""bnb"":""0xA3b7B7cfEb023a6C4f444f5ca9a3Fc85809Ece15""}"
39766,VFSON,VinFast Auto Tokenized Stock (Ondo),vinfast-auto-tokenized-stock-ondo,app.ondo.finance,39766.png,"{""solana"":""F3V1fKLKv7H8aNdt9TC6GQ3X4LayEfGHsPi8Umaondo"",""ethereum"":""0xBFe6e76A2FE099392064fbB3E868558C82bEb917"",""bnb"":""0x1D2EaAF0aE00382893aa4318Bd88d1Cd0e9B858A""}"
39767,ETHAON,iShares Ethereum Trust Tokenized Stock (Ondo),ishares-ethereum-trust-tokenized-stock-ondo,app.ondo.finance,39767.png,"{""solana"":""LitNUakTges74cjDJm6HHfFNKGPdySkp3MWSYzYondo"",""ethereum"":""0x98284FbC11eDD7540E29b896a49817Bbe52DdCBd"",""bnb"":""0x04B16ff1F9673146F68AA5d5F57aA45AdcF068E1""}"
39768,INDAON,iShares MSCI India Tokenized ETF (Ondo),ishares-msci-india-tokenized-etf-ondo,app.ondo.finance,39768.png,"{""solana"":""DBNwt3FoYCKQWdfzxKFNZ4mzuz4Jz1iRzFf7HFzondo"",""ethereum"":""0xa6CdB19b22B03e03EA89e133A8a46aDc3017aa6d"",""bnb"":""0xdB0748297fbEf0B33dF89e86519A0BD3adAf6459""}"
39769,IBITON,iShares Bitcoin Trust Tokenized Stock (Ondo),ishares-bitcoin-trust-tokenized-stock-ondo,app.ondo.finance,39769.png,"{""solana"":""6JLG8iUkAuqiBhL3j2ckDMDf5oWAa6awmyaWezKondo"",""ethereum"":""0x122940c4C5F9cCFAe7Fa86455a42D3EC140855cE"",""bnb"":""0x68B07cEf227Cea1b2b6683921C8c825cd5C69Ec7""}"
39770,VNQON,Vanguard Real Estate Tokenized ETF (Ondo),vanguard-real-estate-tokenized-etf-ondo,app.ondo.finance,39770.png,"{""solana"":""F3dMJ9H137YUNc9cpN3gBWDSq4MSRbTFtojH65Uondo"",""ethereum"":""0xcCAe8843E26259278C200C6506F6E5A3bdD524cd"",""bnb"":""0x10b58A3d9DCeC59bB1c3bf6b9c9414eAfCE711C9""}"
39771,VRTXON,Vertex Pharmaceuticals Tokenized Stock (Ondo),vertex-pharmaceuticals-tokenized-stock-ondo,app.ondo.finance,39771.png,"{""solana"":""FL7QzUq58pvkDxkftJm7RqRWgqYEFZwXuvAMsUnondo"",""ethereum"":""0xFC003a764a7B5054Cc6fDb6b511F35deC8022751"",""bnb"":""0x8c9979Dc208f74a5602c38691aa920F121e2f863""}"
39772,KWEBON,KraneShares CSI China Internet Tokenized ETF (Ondo),kraneshares-csi-china-internet-tokenized-etf-ondo,app.ondo.finance,39772.png,"{""solana"":""DVPSYdqWPLvNa8afnEqa3B9eDfTTWpGyUZeXvdMondo"",""ethereum"":""0xeAA2287290544eD9F481012aa348619A4D2F9e51"",""bnb"":""0x7437203800140BA7d9081ddE8cEF09EE40E3Bf03""}"
39773,PAVEON,Global X US Infrastructure Development Tokenized ETF (Ondo),global-x-us-infrastructure-development-tokenized-etf-ondo,app.ondo.finance,39773.png,"{""solana"":""DsLQ18ooPjiHYuiuQ5Jz8PNCpVaKe3FhAYpvMxWondo"",""ethereum"":""0xD4c6CCE0Cadf2fe4C0AF9eE6777989EFD8fB7670"",""bnb"":""0x6f28Cb07790c1049ecd7482d09Fd13B977B47201""}"
39774,UNGON,US Natural Gas Fund Tokenized Stock (Ondo),us-natural-gas-fund-tokenized-stock-ondo,app.ondo.finance,39774.png,"{""solana"":""Es2ipHL7qXBcLmZ4N7LP9PHBHaWaTMTAkxDwGGjondo"",""ethereum"":""0x7C488cFc874Ca9F34e7bdBd0410C27CE6d6af5f9"",""bnb"":""0xA5351C9bf08055E03642b6b8649A0f7e895501BF"",""hyperliquid"":""0x2c81466C9B144E3B6e9D6e8858Bc0973a953Fb0A""}"
39775,IONQON,IonQ Tokenized Stock (Ondo),ionq-tokenized-stock-ondo,app.ondo.finance,39775.png,"{""solana"":""DDZQijTbaSd3Kas1r1bgCnHPayk8vTP8SfZWp5Tondo"",""ethereum"":""0x2F2e4b09B99fbf018F600e031aAfD9Da6347Cc75"",""bnb"":""0x40d8E1fbaf69173c47fa493FeB50a84eeC6b57eE""}"
39776,STXON,Seagate Tokenized Stock (Ondo),seagate-tokenized-stock-ondo,app.ondo.finance,39776.png,"{""solana"":""EXtprP1wzrNo2bByrU9JyzqEg2hQMSCVJakeHHYondo"",""ethereum"":""0xB53894f82a6B2d3B7365f24932B5bDE1c5Fb51FF"",""bnb"":""0x966EbCBA3c51E81f5CF159a1EaBeFd2327aB5E8D""}"
39777,NBISON,Nebius Group Tokenized Stock (Ondo),nebius-group-tokenized-stock-ondo,app.ondo.finance,39777.png,"{""solana"":""DiRshqNDE68bWbGdLHm1GwQ76MvWQG3af6w1NdQondo"",""ethereum"":""0xE4babaa960bA7D37860f3fe00D7b95D3868e8EDc"",""bnb"":""0xee268780473E7a0e47baC41547C6E01512555A16""}"
39778,NOCON,Northrop Grumman Tokenized Stock (Ondo),northrop-grumman-tokenized-stock-ondo,app.ondo.finance,39778.png,"{""solana"":""Dm6FpQ76SsbVmAZ4NvD2mjZP7cxbw1CASr4WwCiondo"",""ethereum"":""0x8Ce34F749796F82A6990fFa2d80622ef75CA7aD5"",""bnb"":""0x4D3442D884202584F1729bCA20Db05472B886B52""}"
39779,RDWON,Redwire Tokenized Stock (Ondo),redwire-tokenized-stock-ondo,app.ondo.finance,39779.png,"{""solana"":""E6KSaqjvqe2HiUpbEweRxLK4RimQddigm95H9Jaondo"",""ethereum"":""0x3a16aF9Ef328D087cc781053A2a2a27549aE6768"",""bnb"":""0x23e39D94807a8bb7e3f8294b4911D04EE26DcE39""}"
39780,RKLBON,Rocket Lab Tokenized Stock (Ondo),rocket-lab-tokenized-stock-ondo,app.ondo.finance,39780.png,"{""solana"":""E9VQY3VnrpVSekFByzRmfeK1kxgM3UiKCoVVbdUondo"",""ethereum"":""0x36E3b8d9aAd0e51aC08E56a75A8f6005bF68535B"",""bnb"":""0xb4D695569236273745B4CD54B539b1b9Cc1513af""}"
39781,EWYON,iShares MSCI South Korea Tokenized ETF (Ondo),ishares-msci-south-korea-tokenized-etf-ondo,app.ondo.finance,39781.png,"{""solana"":""C8pSaSgjkiTWixS3GM6Hxd6HKnKrgAbY9WDgfVeondo"",""ethereum"":""0xbd660e96D45e7C175512d1ed0cCc119Cb980b81a"",""bnb"":""0x12B7aDC48416A103F63E7e6210f62C81dfB91fD0"",""hyperliquid"":""0xed871e0D99369AB869Fc38255a284361A137746B""}"
39782,EWZON,iShares MSCI Brazil Tokenized ETF (Ondo),ishares-msci-brazil-tokenized-etf-ondo,app.ondo.finance,39782.png,"{""solana"":""CBKcmEvVg5EgE3W5hVSPcBYWh6TFVjQwbmYod9Pondo"",""ethereum"":""0x54021fDe36B7c4C4F9C35b02fb9A153eD8F5938A"",""bnb"":""0x9876F4b879cDe9Aa49Ffd260034A0698B7B33A49""}"
39783,EXODON,Exodus Movement Tokenized Stock (Ondo),exodus-movement-tokenized-stock-ondo,app.ondo.finance,39783.png,"{""solana"":""CJRoTbu98waCCuLFfLuJ2kXawLk889fqW4UAAbwondo"",""ethereum"":""0x185E5FA1B84F94D46ef2A33052aD39bD5f326fd8"",""bnb"":""0x92d504158A8Dc69de989dB5EDe3230D958fb8630""}"
39784,ITAON,iShares US Aerospace and Defense Tokenized ETF (Ondo),ishares-us-aerospace-and-defense-tokenized-etf-ondo,app.ondo.finance,39784.png,"{""solana"":""DDcAL93Urf7KrPntvKULnZoFs4Wdee1LkkJqLpjondo"",""ethereum"":""0x68622855dcf14ced1B0Cc2A69cc34843708e2E0f"",""bnb"":""0x88B90f45bd6a4F97f7D85d280eD64A40880e4935""}"
39785,QUBTON,Quantum Computing Tokenized Stock (Ondo),quantum-computing-tokenized-stock-ondo,app.ondo.finance,39785.png,"{""solana"":""E4YowrHx5wm4RtSjfuvTqtNH3Wf7NEj5tYZGD9Bondo"",""ethereum"":""0xc95c9e3fA311664b5e744B3C2716547BEc2Ba7dA"",""bnb"":""0x82E07C1017032cFd889b1Ca81EBe722c4D4de825""}"
39786,UECON,Uranium Energy Tokenized Stock (Ondo),uranium-energy-tokenized-stock-ondo,app.ondo.finance,39786.png,"{""solana"":""EYo8D3cLdF1CDeGms5M5VHyU52HJYinkMZ1cqvYondo"",""ethereum"":""0x0F8887772262c449793890DCD3Bf320308dB423B"",""bnb"":""0xE7ddF606841ee278A30E5C90486681e68ddd8cbF""}"
39787,IEFON,iShares 7-10 Year Treasury Bond Tokenized ETF (Ondo),ishares-7-10-year-treasury-bond-tokenized-etf-ondo,app.ondo.finance,39787.png,"{""solana"":""D4uWxzR5StYC6sTRhVts8Eboy3pmVtHeNC62dnQondo"",""ethereum"":""0xA2eC76139028F279A1C790d323c57Cc4158098d6"",""bnb"":""0xA486a0A05250E8621bA3B26C3bbc517145eba619""}"
39788,SNDKON,SanDisk Tokenized Stock (Ondo),sandisk-tokenized-stock-ondo,app.ondo.finance,39788.png,"{""solana"":""EJmUVvDqAdfH5zEohkdS4234bi3c6iunqEMobjmondo"",""ethereum"":""0x71E2400CF1Cb83204f33794eD326636A71a9AAfC"",""bnb"":""0x4Fd67CB8CFEdc718BAc984b5936abE3330d0a2A4"",""hyperliquid"":""0xB8927cfF399E23328eEC0e457e75c709DCfcF382""}"
39789,URAON,Global X Uranium Tokenized ETF (Ondo),global-x-uranium-tokenized-etf-ondo,app.ondo.finance,39789.png,"{""solana"":""EvzskrQ3vUUkiMGG1DzfSDyG6H2WCMy3v9G8fzzondo"",""ethereum"":""0xf98Ec282300892b3518B5cB996012b18d9B7D435"",""bnb"":""0xc7806943663158D68740a14ab0B270bD60BDe87D""}"
39790,FLQLON,Franklin US Large Cap Multifactor Index Tokenized ETF (Ondo),franklin-us-large-cap-multifactor-index-tokenized-etf-ondo,app.ondo.finance,39790.png,"{""solana"":""CZ9GBn1okotqKNUUqoxk4PF2JVi59bw5GWvVo6Dondo"",""ethereum"":""0xC53D2e7321aB83B28aF2360559Aa303676a23f98"",""bnb"":""0x48187890D16aEE64798E02C5BeD510f4dB5694A9""}"
39791,UNPON,Union Pacific Corporation Tokenized Stock (Ondo),union-pacific-corporation-tokenized-stock-ondo,app.ondo.finance,39791.png,"{""solana"":""EvsME8gdnEwPLbTnhrGVDwrY35zBuB8hEGCq59Hondo"",""ethereum"":""0x39930751d4569F7DD45d1bA46E82CD3680EC2e0a"",""bnb"":""0xfe9aA194E3C4604f3872f220eb41C33A287FCD90""}"
39792,WMON,Waste Management Tokenized Stock (Ondo),waste-management-tokenized-stock-ondo,app.ondo.finance,39792.png,"{""solana"":""FPvKvWzSzDZqgYmSZUetrkpUXSwo2VtpR4BynVYondo"",""ethereum"":""0x1fb5a8DCd70bE750a97Eaf8a47bBe74Ab7d3183e"",""bnb"":""0xCE0466Bae0e867239719dC386CA84b1F3eFE6914""}"
39793,EWJON,iShares MSCI Japan Tokenized ETF (Ondo),ishares-msci-japan-tokenized-etf-ondo,app.ondo.finance,39793.png,"{""solana"":""C6c7VcxuUYcV5YTsky5HM4PUmfwHTwsDD5DNwwPondo"",""ethereum"":""0x625Fb557cAD6D4638dae420626F3F08A485b43a8"",""bnb"":""0x82715299f3f132FB85f3De1F7e8fAfd3d79f3eB5""}"
39794,FGDLON,Franklin Responsibly Sourced Gold Tokenized ETF (Ondo),franklin-responsibly-sourced-gold-tokenized-etf-ondo,app.ondo.finance,39794.png,"{""solana"":""CYqLHM92EhmF83iNgfN4A1j2ckjsHigRvXu7xHCondo"",""ethereum"":""0x1cB673005fc58447D881486919c14D8e7C741Bb1"",""bnb"":""0xee0d57462f20434030B8262204c00c0eA0399C41""}"
39795,SHYON,iShares 1-3 Year Treasury Bond Tokenized ETF (Ondo),ishares-1-3-year-treasury-bond-tokenized-etf-ondo,app.ondo.finance,39795.png,"{""solana"":""EEy57xbaLcUrN1HXj2vz8VWxeWFK1eZQZo4aWbrondo"",""ethereum"":""0x5C424B9b60383FCE7fE7069D2a2B1047BCd04a73"",""bnb"":""0xf95e50BE5Efc96117c28775F80C7Cdb41Ebc4888""}"
39796,WDCON,Western Digital Tokenized Stock (Ondo),western-digital-tokenized-stock-ondo,app.ondo.finance,39796.png,"{""solana"":""FLqH2jB2DZPJP5nnVFAakRKaNTcDZtq71Pnpp6Aondo"",""ethereum"":""0x44e89d34601b8D0155e16634d2553EF7F54DBab2"",""bnb"":""0xcEb29848d04Ad3Cb46E1fE8E45B82ffAc39D797d""}"
39797,PRL,Perle,perle,perle.xyz,39797.png,"{""bnb"":""0xd20fB09A49a8e75Fef536A2dBc68222900287BAc"",""solana"":""PERLEQKUNUp1dgFZ8EvyXHdN9d6ZQqfGxALDvfs6pDs""}"
39798,TMX,TermMax,termmax,ts.finance,39798.png,"{""bnb"":""0x3c2F61f2E27C865981D2e7aAf6b2CDf823030039"",""ethereum"":""0x3c2F61f2E27C865981D2e7aAf6b2CDf823030039""}"
39799,LOL,LOL (lolonsol),lolonsol,lolonsol.lol,39799.png,"{""solana"":""34q2KmCvapecJgR6ZrtbCTrzZVtkt3a5mHEA3TuEsWYb""}"
39800,OPG,OpenGradient,opengradient,opengradient.ai,39800.png,"{""bnb"":""0x5feCcD17C393CaF1001D18164236A37E731FCb9d"",""base"":""0xFbC2051AE2265686a469421b2C5A2D5462FbF5eB""}"
39802,ST,Sentio,sentio,sentio.xyz,39802.png,"{""ethereum"":""0x70BE40667385500c5da7f108a022E21B606045DD"",""bnb"":""0x70BE40667385500c5da7f108a022E21B606045DD""}"
39803,YFSX,YFSX Token,yfsx-token,yfsx.vin,39803.png,"{""bnb"":""0xb7ec60cf8ef96ed48b119277bc7a954a87f27388""}"
39804,BZ,Brent Oil (Derivatives),brent-oil-derivatives,,39804.png,{}
39805,R2,R2 Protocol,r2-protocol,r2.money,39805.png,"{""bnb"":""0x223A20E1B83AA3832E78D4B7B132dF022e739222""}"
39806,VIN,VIN,vin,yfsx.vin,39806.png,"{""bnb"":""0x85E43bF8faAF04ceDdcD03d6C07438b72606a988""}"
39807,BINANCEAIPRO,Binance Ai Pro,binance-ai-pro,binanceai.space,39807.png,"{""bnb"":""0x5067551A2b95710A9AcBa9623e92fb03c08EA656""}"
39808,CNS,Centric Swap (new),centric-swap-new,centric.com,39808.png,"{""solana"":""2jUSPvEuxSxJ6nGpUHyXVAcNxyhugPC1iBeNjhTXzAUy""}"
39809,UUSD,UUSD,uusd,uusd.ai,39809.png,"{""bnb"":""0x61a10E8556BEd032eA176330e7F17D6a12a10000"",""robinhood-placeholder"":""0x61a10E8556BEd032eA176330e7F17D6a12a10000"",""ethereum"":""0x61a10E8556BEd032eA176330e7F17D6a12a10000"",""base"":""0x61a10E8556BEd032eA176330e7F17D6a12a10000""}"
39810,JUNO,JunoCash,junocash,juno.cash,39810.png,"{""base"":""0x2E8F83541AB39C8451b3e557A19bE531a59DdECc""}"
39811,TRIAD,Triadmarkets,triadmarkets,triadfi.co,39811.png,"{""solana"":""3ADvYyTbmQcLMiqdFSo1m2KpQWxYg9X6wW4N8viRTNf9""}"
39812,BASED,Based,basedone,based.one,39812.png,"{""ethereum"":""0x4f2b33840227ddd0e28da8d4185d6fa07adfed87"",""bnb"":""0x1d28d989f9e3ccb8b15d0cec601734514f958e4d""}"
39814,PETS,MicroPets [New],micropets-io,micropets.io,39814.png,"{""bnb"":""0x610FD1A9601CF7b1d188dBF3264738Aecc9fC96C""}"
39817,BTCR,BTCR,btcr,coinbtcr.com,39817.png,"{""bnb"":""0xfed8bf93ece0a2c6da6def9c3eb370008b3a4450""}"
39819,DUAL,Dual,dual,dual.org,39819.png,"{""ethereum"":""0x6aF487BEb661CCeCD1D045E9561A0dAC9AA5c7db"",""base"":""0x832b55b0fa6397ca9e63b8c15dadef3f6e44614c""}"
39820,USDB,Blynex USD,blynex-usd,blynex.com,39820.png,"{""ethereum"":""0x2A221b269D49732856f4C7A6EbC31da4875104f9"",""bnb"":""0x7C4384F49A9463130527d3A4a62BacbEcF6BEDD3"",""solana"":""2ux6EDmB7fBZeFUPefnxBuC8pmsLyc4vkGF44A9HvTEE"",""polygon-ecosystem-token"":""0x2A221b269D49732856f4C7A6EbC31da4875104f9"",""arbitrum"":""0x2A221b269D49732856f4C7A6EbC31da4875104f9"",""base"":""0x2A221b269D49732856f4C7A6EbC31da4875104f9""}"
39823,BULL,Bull (bulltheleader),bull-theleader,bulltheleader.com,39823.png,"{""solana"":""3TYgKwkE2Y3rxdw9osLRSpxpXmSC1C1oo19W9KHspump""}"
39824,EITHER,Eitherway,eitherway,eitherway.ai,39824.png,"{""solana"":""HmBdm8vbisABUjkxms6ZUnoaXbfwFM6ymxShWfAENaoi""}"
39826,UNT,UnityWallet,unitywallet,unitywallet.com,39826.png,"{""solana"":""UNTyTuyNPhLufn4K4SMsW6BxbvfYEMgQ4qUT9orPapp""}"
39827,RIV,RIV Coin,riv-coin,riv-coin.com,39827.png,"{""solana"":""2bpT3ksMdwdZ6DuHyq3FDUr7HDwvZ5DRZoT1fUPALJaH""}"
39828,BLM,BLM coin,blm-coin,mars.fun,39828.png,"{""bnb"":""0xd6e14208e929a38db47bae48f3ac8a420aff0999""}"
39829,CIRBTC,Circle Wrapped Bitcoin,circle-wrapped-bitcoin,circle.com,39829.png,"{""arc-token"":""0x171A4217b86A807A64eB94757Db6849fb4bDbAA0"",""ethereum"":""0x72DFB2E44f59C5AD2bAFE84314E5b99a7cd5075E""}"
39830,EAT,WYDE: End Hunger,wyde-end-hunger,wyde.org,39830.png,"{""base"":""0x680bc6ed5c7222e2f29bdbc87f8e8f3400d8ce04""}"
39831,ROCKET,ROCKET,rocketcion-space,rocketcion.space,39831.png,"{""bnb"":""0xba2030337051dedecb2c4490bd82c0c2b15e76e0""}"
39835,MAXXING,Maxxing,maxxing,solmaxxing.xyz,39835.png,"{""solana"":""32CdQdBUxbCsLy5AUHWmyidfwhgGUr9N573NBUrDpump""}"
39836,HANC,OddHanc,oddhanc,oddhanc.eth.limo,39836.png,"{""ethereum"":""0x8786336fbe367eb4548a1ee3e4543355ecab5fc4""}"
39837,PRO,Pro Token,pro-token,cryptodao.it.com,39837.png,"{""bnb"":""0x8d65744527f55d0b2338350912d5c99a81ddf0e2""}"
39841,GENIUS,Genius Terminal,genius-terminal,tradegenius.com,39841.png,"{""bnb"":""0x1F12B85aAC097E43Aa1555b2881E98a51090e9A6""}"
39842,BRENT,Brent Crude,brent-crude,brentmeme.com,39842.png,"{""solana"":""kLqMvUm1p4pRbxU4r8kWCTVAuWMJLtcTJqGb4b5pump""}"
39843,ODIC,Order-Defined Integrity Credit,order-defined-integrity-credit,seekweb4.com,39843.png,"{""bnb"":""0x3Da14529289eA39368298657071033B0C81C0fa9""}"
39844,PUMPCADE,PUMPCADE,pumpcade,cade.market,39844.png,"{""solana"":""Eg2ymQ2aQqjMcibnmTt8erC6Tvk9PVpJZCxvVPJz2agu""}"
39845,SLV,iShares Silver Trust (Derivatives),ishares-silver-trust-derivatives,,39845.png,{}
39846,SOLIB,Solitaire Blossom,solitaire-blossom,solitaireblossom.com,39846.png,"{""bnb"":""0x20971EFC7f458d49EE56A4DA407fE436eb87a635""}"
39848,UPS,Upscreener,upscreener,upscreener.com,39848.png,"{""bnb"":""0xae5A409773b9A7Dd0Ae94ff437Ac213d8faFBa01""}"
39849,IWC,iWorld Cruise,iworld-cruise,coinmarketcap.com,39849.png,"{""bnb"":""0xbc0d5cbcf51d37ed7da33a83314d9ff02d4152e8""}"
39851,OFC,OneFootball Credits,onefootball-credits,club.onefootball.com,39851.png,"{""base"":""0x752C5a95d202972E124390F30a50154409d3c858"",""ethereum"":""0x9CB7A4EF0cAE65B07362bc679a0B874041E3da53""}"
39852,NI225,Nikkei 225 (Derivatives),nikkei-225-derivatives,,39852.png,{}
39853,KS200,KOSPI 200 Index (Derivatives),kospi-200-index-derivatives,,39853.png,{}
39854,CTK,Cortik AI,cortik-ai,cortik.ai,39854.png,"{""polygon-ecosystem-token"":""0x933479BA627356f7EfABa030504bF1C65cffca5a""}"
39855,BUBI,Bullbit PERP DEX,bullbit-perp-dex,bullbit.ai,39855.png,"{""base"":""0xc5E4A819113074b5C3B48f1F873Cf51aB19FCEd2""}"
39856,NEET,NotInEmploymentEducationTraining,notinemploymenteducationtraining,neetcoin.xyz,39856.png,"{""solana"":""Ce2gx9KGXJ6C9Mp5b5x1sn9Mg87JwEbrQby4Zqo3pump""}"
39857,VIT,V.I.T.R.I.O.L. Network,v-i-t-r-i-o-l-network,vitriol.network,39857.png,"{""solana"":""6g1GDK3rBTTA25TNbDs1ZAWoTRrEbiq7aSVC754coVo4""}"
39858,CWU,Commonwealth,commonwealth,blockchain.commonwealthunion.com,39858.png,"{""solana"":""CmVUoJUt7hMGc9ze7s8zYdnA7enMfCAFdQCggxcbACWU""}"
39861,PDD,PDD Holdings Inc (Derivatives),pdd-holdings-inc-derivatives,,39861.png,{}
39865,SPIKE,SPIKE (spikemattfurie),spikemattfurie,spikemattfurie.com,39865.png,"{""solana"":""BFiGUxnidogqcZAPVPDZRCfhx3nXnFLYqpQUaUGpump""}"
39869,WATT,D.Energy,d-energy,denergychain.com,39869.png,{}
39870,CHIP,USD.AI,usd-ai,usd.ai,39870.png,"{""arbitrum"":""0x0C1c1C109FE34733fca54b82d7B46B75CFb71F6e"",""ethereum"":""0x0c1c1c109fe34733fca54b82d7b46b75cfb71f6e"",""base"":""0x0c1c1c109fe34733fca54b82d7b46b75cfb71f6e"",""solana"":""chipCAT7vi5CZtbZsn9z7iMPXvFwyAnKz3QFu8XVuHm""}"
39871,AVGO,Broadcom Inc (Derivatives),broadcom-inc-derivatives,broadcom.com,39871.png,{}
39872,BIRD,Allbirds Inc (Derivatives),allbirds-inc-derivatives,,39872.png,{}
39873,XGT,Green Token,green-token,green-tkn.com,39873.png,"{""ethereum"":""0x6ee92375337135d4928978195dCC5EF03657EDb4""}"
39876,BPL,Bubble Protocol,bubble-protocol,bubbleswap.io,39876.png,{}
39878,KUVI,Kuvi,kuvi,kuvi.ai,39878.png,"{""bnb"":""0xCCd6b38FffEeAb9c0Ac2413bCcf8b0ACed748881""}"
39879,STAY,STAYNEX,staynex,staynex.vip,39879.png,"{""bnb"":""0x30C0ef9361645ec56a7e640CD05ce6aBdFce8422""}"
39880,ASTEROID,Asteroid Shiba,asteroid-shiba,asteroideth.io,39880.png,"{""ethereum"":""0xf280b16ef293d8e534e370794ef26bf312694126""}"
39883,AI,Gensyn,gensyn,gensyn.foundation,39883.png,"{""ethereum"":""0x4d7078DDd6cCFED2F85dB5B7D3Ff16828d378d48""}"
39885,RISE,RISE NASA,rise-nasa,risenasa.com,39885.png,"{""ethereum"":""0xE74200193FDb4195e8b7Fc2D263af4a8322b5A5A""}"
39886,RIZO,Haha Yes Hedgehog,haha-yes-hedgehog,hahayesrizo.com,39886.png,"{""ethereum"":""0x3009b6833f8925b7985c2408c49160dd1ab317ca""}"
39892,SLVN,Solvion,solvion,solvion.info,39892.png,"{""bnb"":""0x5446BccD41F745eebFcf180d3743e1AeDB3BEBa7""}"
39895,ASTEROID,Asteroid (Asteroid OG),asteroideth-site,asteroidog.com,39895.png,"{""ethereum"":""0xAFF2565091E7207191dBe340B8528D02FA78d044""}"
39897,ALTSZN,ALTSEASON,altseason,itsaltseason.com,39897.png,"{""solana"":""CcLd8HTAKLWtQHatqPwBQjtuCA72FNB9E1ckRTEzpump""}"
39898,DEPLOYR,Deployr,deployr,app.printr.money,39898.png,"{""solana"":""8JvDVZK6CHFhwwBUgZcEy18i1xXQzAHfimYarmoobrrr""}"
39900,MYSTERY,Mystery (MysteryRiderEth),mystery-ridereth,mysterymattfurie.com,39900.png,"{""ethereum"":""0x45547AB0100f5E8b158258b6d94D7586De69fc21""}"
39901,WARS,Peso Argentino,ripio-wars,ripio.com,39901.png,"{""ethereum"":""0x0dc4f92879b7670e5f4e4e6e3c801d229129d90d"",""base"":""0x0dc4f92879b7670e5f4e4e6e3c801d229129d90d"",""gnosis-gno"":""0x0dc4f92879b7670e5f4e4e6e3c801d229129d90d"",""worldcoin-org"":""0x0dc4f92879b7670e5f4e4e6e3c801d229129d90d""}"
39902,SN46,Zipcode (prev: RESI),resi,zipcode.ai,39902.png,"{""bittensor"":""46""}"
39903,KAIO,KAIO,kaio,kaio.xyz,39903.png,"{""ethereum"":""0x00bac91fd8f5b4a0dc03c8021139b76f6549ee7e""}"
39904,SKIBIDI,Skibidi Toilet,skibidi-toilet-fun,solskibidi.fun,39904.png,"{""solana"":""FFvp48WygUSxCCNP3n9Zu5G7F2yatwXQHbpD2Mkkpump""}"
39905,FLETH,flETH,fleth,,39905.png,"{""base"":""0x000000000d564d5be76f7f0d28fe52605afc7cf8""}"
39908,BGBTC,Bitget Wrapped BTC,bitget-wrapped-btc,bitget.com,39908.png,"{""ethereum"":""0x0520930F21b14Cafac7a27b102487beE7138a017"",""bitget-token-new"":""0x31011317764E097b28d159a8145B92BFA453F606""}"
39909,MAGA,Make Aliens Great Again,make-aliens-great-again,makealiensgreatagain.com,39909.png,"{""solana"":""Hon2rHAiqkcDtUzL5gA2vjXPr7T1MPCK2UT2AHKCpump""}"
39910,RUJI,Rujira,rujira,rujira.network,39910.png,"{""thorchain"":""x/ruji""}"
39913,WZRA,Wrapped Zera,wrapped-zera,zera.net,39913.png,"{""solana"":""9zVugUbpn27zvSfBwkhYAG4yvnxdy58ZFS5Rt89zaP15""}"
39914,OCT,Octra,octra,octra.org,39914.png,"{""ethereum"":""0x4647e1fE715c9e23959022C2416C71867F5a6E80""}"
39915,LOKI,LokiCoin,lokicoin,lokicoin.io,39915.png,"{""ethereum"":""0xFEeDf398124AAfeB6a36351C924bd00a361ea89A"",""solana"":""6pyYgxJEfvfBd83xjrbdiDVVuudLJp85He4G77R6c3BR""}"
39916,CTR,Citrea,citrea,citrea.xyz,39916.png,"{""base"":""0x11030f79109269d796fd0fb956d6244e502757f7""}"
39917,BELKA,The Dancing Squirrel,the-dancing-squirrel,,39917.png,"{""solana"":""4df1wZoygsynEZ6XmpcoabrVwv7nBgjHLyCns5xApump""}"
39918,SNC,SNC SCANDIC COIN,scandic-coin,scandiccoin.dev,39918.png,"{""ethereum"":""0x95697CB93cDd65A29ca2613BEEafA18E39fA5b76""}"
39920,ASE,Asentum,asentum,asentum.com,39920.png,"{""ethereum"":""0x041Ff0E49F6F774E7DC7bD10Ee4A14c00B1D80B2""}"
39921,CBMEGA,Coinbase Wrapped MEGA,coinbase-wrapped-mega,megaeth.com,39921.png,"{""base"":""0xcb111E6A2a3bde90856D299d61341ac302167D23""}"
39922,ASSET,REAL,real-finance,real.finance,39922.png,"{""ethereum"":""0x99E980265Bf36516C442be982df1772a6cCb3233""}"
39923,STRCON,Strategy Stretch Preferred Tokenized Stock (Ondo),strategy-stretch-perferred-tokenized-stock-ondo,app.ondo.finance,39923.png,"{""ethereum"":""0xECABE1Ff8a9e1dC55899cf58dac8497ecE5Ae84c"",""bnb"":""0x71E9dc9DEbc18650BD2342B93623B88C2aD00c89"",""solana"":""y6kSRF4i9tfMMjZziPHtQE1PeUS6bWEHTzZMFgXondo""}"
39925,PUSD,Polymarket USD,polymarket-usd,polymarket.com,39925.png,"{""polygon-ecosystem-token"":""0xc011a7e12a19f7b1f670d46f03b03f3342e82dfb""}"
39926,IMOUT,I AM OUT,i-am-out,imoutsol.com,39926.png,"{""solana"":""DACYVx34V5aQaehN3MZGYxPfoyQYHZSnFAFw3T2Vbonk""}"
39927,BABYASTEROID,Baby Asteroid (Honoring Liv),babyasteroid,babyasteroid.meme,39927.png,"{""bnb"":""0xFEcbdA1b8dbd73C4EeA7843C04DB816107fA6666""}"
39928,GME,GameStop Corp (Derivatives),gamestop-corp-derivatives,,39928.png,{}
39929,1810,Xiaomi Corp HKD price (Derivatives),xiaomi-corp-derivatives,,39929.png,{}
39930,UPEG,Unipeg,unipeg,unipeg.art,39930.png,"{""ethereum"":""0x44b28991b167582f18ba0259e0173176ca125505""}"
39931,CBRS,Cerebras Systems (Derivatives),cerebras-systems-derivatives,,39931.png,{}
39932,QCOM,Qualcomm (Derivatives),qualcomm-derivatives,,39932.png,{}
39933,ASTEROIDOGE,Asteroid Doge (asteroiddoge.site),asteroiddoge-site,asteroiddoge.site,39933.png,"{""bnb"":""0x8046460bece458b829e11b1bd36c1956f4d321d9""}"
39934,RCON,Recon Raccoon,recon-raccoon,reconraccoon.xyz,39934.png,"{""solana"":""7nZuYZYZnof9gF3zr9QhdnxpQ1mTM8LN3VaJuhrGbonk""}"
39935,AIB,America is Back (americaisback.vip),america-is-back,americaisback.vip,39935.png,"{""ethereum"":""0xB3A0F70c913Aa04404BD177BE9E20B47613830B6""}"
39936,BOOB,boob (boobillions.com),boobillions,boobillions.com,39936.png,"{""solana"":""9zqre5sRRdFvKqyTyvEd1jcKDRF4g47s7mZSGUnQpump""}"
39938,GNOD,Gnodi,gnodi,gnodi.info,39938.png,"{""osmosis"":""ibc/9005151AB92A888293B05E8D0C679032F86639EC2251430565FA38CF3BB6226B""}"
39942,USDCX,USDCx (Canton),usdcx-canton,circle.com,39942.png,{}
39943,XLE,State Street Energy Select Sector SPDR ETF (Derivatives),state-street-energy-select-sector-spdr-etf-derivatives,,39943.png,{}
39944,LITE,Lumentum Holdings (Derivatives),lumentum-holdings-derivatives,,39944.png,{}
39945,DRAM,Roundhill Memory ETF (Derivatives),roundhill-memory-etf-derivatives,,39945.png,{}
39946,MRVL,Marvell Technology (Derivatives),marvell-technology-derivatives,,39946.png,{}
39947,BX,Blackstone (Derivatives),blackstone-derivatives,,39947.png,{}
39948,RKLB,Rocket Lab Corp (Derivatives),rocket-lab-corp-derivatives,,39948.png,{}
39949,EWZ,Ishares Msci Brazil ETF (Derivatives),ishares-msci-brazil-etf-derivatives,,39949.png,{}
39950,CBTC,Wrapped Bitcoin (Canton),wrapped-bitcoin-canton,bitsafe.finance,39950.png,{}
39951,ASTEROIDFLOKI,Asteroid Floki,asteroid-floki,asteroidfloki.fun,39951.png,"{""bnb"":""0x9b7f6543f4C4C6f2E426A534F52b681B3Af3aab6""}"
39953,EBAY,eBay (Derivatives),ebay-derivstives,,39953.png,{}
39954,ZM,Zoom (Derivatives),zoom-derivatives,,39954.png,{}
39955,SHARE,ShareX,sharex-network,sharex.network,39955.png,"{""bnb"":""0x5FCA51aff213bFBEAB0b711b93c3374252fD6aC3""}"
39957,GICAT,GIGGLE CAT,gicat,gigglecat.vip,39957.png,"{""bnb"":""0x118179FC98F245e59b2eCb702652C2355b723364""}"
39958,POPMART,Pop Mart International Group Limited (Derivatives),pop-mart-international-group-limited-derivatives,,39958.png,{}
39960,MINIMAX,MiniMax Group (Derivatives),minimax-group-derivatives,,39960.png,{}
39961,TENCENT,Tencent Holdings Ltd (Derivatives),tencent-holdings-ltd-derivatives,,39961.png,{}
39962,SWEETS,Anubis Chain,anubis-chain,anubischain.ai,39962.png,"{""anubis"":""0x2654d71e897d769dab854d9dc00b3165716f3fa7""}"
39963,RIAL,RIAL,rial,rialonsol.com,39963.png,"{""solana"":""C4j1kRxLhWzHCDEffhJQtEnfR7B1PKRhQHpmWpFzAUSA""}"
39964,SOXL,Direxion Daily Semiconductor ETF (Derivatives),direxion-daily-semiconductor-etf-derivatives,,39964.png,{}
39965,NEX,Nexus,nexus-labs,nexus.xyz,39965.png,"{""ethereum"":""0xf57D49646621F563b0B905aFc8336923AC569Ec5"",""bnb"":""0x365de036a1f7dccb621530d517133521debb2013""}"
39966,MTONGA,Make TON Great Again,make-ton-great-again,,39966.png,"{""gram"":""EQDuGgqZU7_AEgiOwEe-abozIefuoairTWLOyd7c_f8GhzMf""}"
39968,DIAMOND,Diamond Hands on TON,diamond-hands-on-ton,diamondhandston.com,39968.png,"{""gram"":""EQDcAkKNxhExGiDweLlVRK0bKzUwIE7Y7rdPgjybWwKAnmh_""}"
39970,ARX,Arcium,arcium,arcium.com,39970.png,"{""bnb"":""0xd5f6ef5deabe61e6d5cdb49bfb6f156f2c1ca715"",""solana"":""ARXwZkNAtzPfdcoqQiduJn8EPv9fKiDfGn2KyggyDrFs""}"
39971,TEA,Tea Protocol,tea-protocol,tea.xyz,39971.png,"{""ethereum"":""0x7eA7ea50ed58BC4d0a9194bCD328E21F7Be80c2B""}"
39972,SAN,San Chan (sanchanproject.org),san-chan-project,sanchanproject.org,39972.png,"{""solana"":""GQz5ThKHNcuAvMKA8rCPSdoFUoApk9Fi8qB9m3Gqpump""}"
39973,PINX,Pinex,pinex,pinexs.io,39973.png,"{""bnb"":""0xD26dDD1c8b47d8cD1Fb0658e9f46CCDbCE581f52""}"
39974,IBS,IBS,ibs,defi.pots.money,39974.png,"{""bnb"":""0x255e746aBb8D9Acac00d6d023e5E63E3b8DFA7cd""}"
39975,ELIEN,ELIEN MUSK,elien-musk,elienmusk.site,39975.png,"{""bnb"":""0x3262B79f60BE859285ca42A083223ecd1df788C6""}"
39979,GAYTES,Pill Gaytes,pill-gaytes,pillgaytes.com,39979.png,"{""solana"":""HSznAnNhSFgyRWiZh4m7pBmtjHsSLi4Dbmjp18zppump""}"
39983,SN59,Agent Arena by Masa,agent-arena-by-masa,,39983.png,"{""bittensor"":""59""}"
39984,SN79,τaos,aos-2,taos.im,39984.png,"{""bittensor"":""79""}"
39985,SN15,BitQuant,bitquant,bitquant.io,39985.png,"{""bittensor"":""15""}"
39986,SN75,Hippius,hippius,hippius.com,39986.png,"{""bittensor"":""75""}"
39987,SN120,affine,affine,,39987.png,"{""bittensor"":""120""}"
39988,SN68,NOVA,nova-3,metanova-labs.ai,39988.png,"{""bittensor"":""68""}"
39989,SHLD,Global X Defense Tech ETF  (Derivatives),global-x-defense-tech-etf-derivatives,,39989.png,{}
39990,WDC,Western Digital Corp (Derivatives),western-digital-corp-derivatives,,39990.png,{}
39991,MDOM,MovieDom,moviedom,moviedom.com,39991.png,"{""ethereum"":""0x93B0D81fe10E5DB1927dD5a4346445EAFE548a2E""}"
39994,ARM,Arm Holdings PLC - ADR (Derivatives),arm-holdings-plc-adr-derivatives,,39994.png,{}
39995,COHR,Coherent (Derivatives),coherent-derivatives,,39995.png,{}
39996,HD,Home Depot Inc (Derivatives),home-depot-inc-derivatives,,39996.png,{}
39997,UBER,Uber Technologies Inc (Derivatives),uber-technologies-inc-derivatives,,39997.png,{}
39998,DIS,Walt Disney Co (Derivatives),walt-disney-co-derivatives,,39998.png,{}
39999,XFEE,XFee,xfee,xfee.fun,39999.png,"{""solana"":""96egraTCizRpzNx4WvMMhPJf7TKS7W5kUHeenmd1XfuN""}"
40000,MIM,Magic Internet Money,magic-internet-money-og,magicinternetmoney.org,40000.png,"{""solana"":""89BZ5RU212yKr3iFdJHyn3ZsR37bS4s8TbmVb2yApump""}"
40001,DAD,DADCOIN,dadcoin,dadcoinofficial.com,40001.png,"{""solana"":""CowyrEtbMX5oT211m3u9ayaBcTknsP2wh2zMWghbpump""}"
40003,PURR,Hyperliquid Strategies Inc (Derivatives),hyperliquid-strategies-inc-derivatives,,40003.png,{}
40004,VIRL,Virl.fun,virl-fun,virl.fun,40004.png,"{""solana"":""BiywH8Eq2CbGhwMHKwCnfTiccWJwN7r1Q4Qn9hsypump""}"
40006,ATWO,Arena Two,arena-two,arenatwo.com,40006.png,"{""base"":""0x499D35eBE6cEe9B2Ac35Fd003fcBbeeB9CFc7B32""}"
40007,FLNC,"Fluence Energy, Inc. Class A Common Stock (Derivatives)",fluence-energy-inc-class-a-common-stock-derivatives,,40007.png,{}
40008,ZEST,Zest Protocol,zest-protocol,zestprotocol.com,40008.png,"{""ethereum"":""0xf326c8c9a691319f6330e27aa4a39f2d22c88dc5"",""bnb"":""0x5506599c722389a60580b5213ea1da60d64754a1"",""base"":""0x7297968ffb753dd12e4f6b1f18d9865c76707fc2""}"
40009,USDI,USDi,us-dollar-indonesia,usdi.co.id,40009.png,"{""bnb"":""0x47ab9F2C9044c27BE6a9204E4650e00651baDBBe""}"
40010,GLW,Corning Inc (Derivatives),corning-inc-derivatives,,40010.png,{}
40011,BINI,Binibit,binibit,binibit.com,40011.png,"{""ethereum"":""0x5a76a2830859c321a50937a22fde571fbf4810f3""}"
40013,JPM,JPmorgan Chase & Co (Derivatives),jpmorgan-chase-co-derivatives,,40013.png,{}
40014,V,Visa Inc (Derivatives),visa-inc-derivatives,,40014.png,{}
40015,WMT,Walmart Inc (Derivatives),walmart-inc-derivatives,,40015.png,{}
40016,BRKB,Berkshire Hathaway Inc Class B (Derivatives),berkshire-hathaway-class-b-derivatives,,40016.png,{}
40017,UMXM,Manadia,manadia,mana.app,40017.png,"{""bnb"":""0x44fc58faaaca03e5d52e493dae930ffa63e2a664""}"
40018,TSPACEX,T-SpaceX tokenized stock (Tessera),t-spacex-tokenized-stock-tessera,tessera.pe,40018.png,"{""solana"":""TSPXcLV76s6V2zDiZQ18kBfcbnjaE2ZzNT3ga2Pd99v""}"
40019,USDR,DollarCoin (dollarcoin.org),dollarcoin-org,dollarcoin.org,40019.png,"{""solana"":""8q6WW22cuTTXUTFzxPtZzc6vKxYz9Dv81KttmzVit7VE"",""ethereum"":""0x9623DfB044D5612Ce0c0F1606973CCAEFd03CD05"",""polygon-ecosystem-token"":""0x3B5F2810fB2168FfA9C73160F97BF9f2461fFa5c"",""base"":""0x3B5F2810fB2168FfA9C73160F97BF9f2461fFa5c""}"
40021,NBIS,Nebius Group NV (Derivatives),nebius-group-nv-derivatives,,40021.png,{}
40023,TMAI,Token Metrics AI (NEW),token-metrics-ai-new,tokenmetrics.com,40023.png,"{""solana"":""JBH3sZw1MFHunc4ifgLFkUKGecDpB1FwSXkEo8PnCD4Z""}"
40026,PEPONK,PEPONK,peponk,peponk.io,40026.png,"{""solana"":""4W9nkDkmhVokuv84yeNkSMHQxh1Ta35GMkYMsACbpump""}"
40027,JAM,JAM Coin,jam,coin.jamindonesia.com,40027.png,"{""solana"":""D5KojYsUGd53bFiGVpKnGEyCLQcnPPVr4mgco44Mo6fk""}"
40028,EFUN,Eagle Fun (eagleworld.fun),eagle-fun,eagleworld.fun,40028.png,"{""bnb"":""0x6cbf442eaa9539ff93ba2dd7726933bb7b66feed""}"
40029,MANIFEST,Manifesting (manifesting.meme),manifesting,manifesting.meme,40029.png,"{""solana"":""BCdwQBAn8dYB5YjTsoB6TdHAWokxv28k2oZUodERpump""}"
40030,ARCANE,Arcane,arcane,app.arcaneprivacy.com,40030.png,"{""solana"":""3jSL5nnnYcRLmTqFmwvY1Mikh42fQsT7p7NvXPYzanon""}"
40031,ILY,ILITY,ility,ility.xyz,40031.png,"{""base"":""0x90Eb0e291e9D78A96bfe423B8E616A02c4838cF0""}"
40032,CLIPX,ClipX,clipx,clipx.app,40032.png,"{""bnb"":""0xc269d59a0d608ea0bd672f2f4616c372d8554444""}"
40033,USDI,Trivest USDI,trivest-usdi,trivestusdi.io,40033.png,"{""bnb"":""0xd248e72413c6f9c8583ea67b290f2920914fc101""}"
40035,GEV,GE Vernova Inc (Derivatives),ge-vernova-inc-derivatives,,40035.png,{}
40036,B4,Build4,build4,build4.io,40036.png,"{""bnb"":""0x1d547f9d0890ee5abfb49d7d53ca19df85da4444""}"
40037,SNDKX,Sandisk Corporation tokenized stock(xstock),sandisk-corporation-xstock,xstocks.com,40037.png,"{""ethereum"":""0xb63efbc28860c8097e341de1fcf59456161e9d98"",""okb"":""0xb63EFBc28860c8097e341DE1fCF59456161E9D98""}"
40039,UBERX,Uber tokenized stock(xStock),uber-xstock,xstocks.fi,40039.png,"{""ethereum"":""0xdb9783ca04bbd64fe2c6d7b9503a979b3de30729""}"
40040,ARK,Ark Protocol (ark.win),ark-protocol,ark.win,40040.png,"{""ethereum"":""0x94faCf7455D18631c68f999965DcC714F17e8568""}"
40041,ELIZAOK,elizaOK,elizaok,elizaok.com,40041.png,"{""bnb"":""0x7c1b951e9552b9295343cff464205739e713ffff""}"
40042,EWT,iShares MSCI Taiwan ETF (Derivatives),ishares-msci-taiwan-etf-derivatives,,40042.png,{}
40044,RTPBET,RTP.bet,rtp-bet,rtp-sol.com,40044.png,"{""solana"":""BafT6NoybUFdEMn8RUA9fyYUqeC5SgCCE9ccocAt5t6M""}"
40045,小蝌蚪,小蝌蚪,xiaokedou,four.meme,40045.png,"{""bnb"":""0xbdebdf77948cc2143384121fdd76a5ac4b25ffff""}"
40046,FUTU,Futu Holdings (Derivatives),futu-holdings-derivatives,,40046.png,{}
40047,SLX,Solstice,solstice,solstice.finance,40047.png,"{""bnb"":""0x02bcC4C181B83a8c0A342BC003389CbEcb4BC54D"",""solana"":""SLXdx4BUt2v9uJQNzWqSfzTJ9UKLUDsvxHFMEEdrfgq""}"
40049,TERMINUS,Terminus (terminus-city.io),terminus-city,terminus-city.io,40049.png,"{""bnb"":""0x7D74a3497856d0F463Af55CD489823a98Dfa6666""}"
40057,STACCANA,Solana Fork Staccana,solana-fork-staccana,staccana.com,40057.png,"{""solana"":""73edX6xoGY4v5y2hzuKdrUbJXLntqgmo74au1Ki1pump""}"
40058,PITCH,Pitch World Cup,pitch-world-cup,pitchwc.app,40058.png,"{""base"":""0xeaE13ea73BEc936664A51734c8c01ec7c3B0699C""}"
40059,QUILL,Quill,quill,quill.computer,40059.png,"{""base"":""0x60A646e3fD75CdE4c5b604b22d4Fcd04639913C8""}"
40060,SAC,ShadowsClaw,shadowsclaw,shadowsagent.net,40060.png,"{""bnb"":""0x7cc151c2Ee1016d7b586fb818759B6ae07719999""}"
40061,WALLI,Wallitelli,wallitelli,wallitelli.ai,40061.png,"{""bnb"":""0xc6A031fd206C72c614dB391590F48a5Ed9B2f9dC""}"
40062,HOPPY,HOPPY (hoppysol.com),hoppy-sol,hoppysol.com,40062.png,"{""solana"":""2RWndXkxWkaKhGjE7dZivVbK5qXtpwnCZJ1jpnxapump""}"
40064,BE,Bloom Energy Corp (Derivatives),bloom-energy-corp-derivatives,,40064.png,{}
40065,CRWD,CrowdStrike Holdings Inc (Derivatives),crowdstrike-holdings-inc-derivatives,,40065.png,{}
40067,AAOI,Applied Optoelectronics Inc (Derivatives),applied-optoelectronics-inc-derivatives,,40067.png,{}
40068,INFQ,Infleqtion Inc (Derivatives),infleqtion-inc-derivatives,,40068.png,{}
40069,PLC,Pearl Chain (pearlchaintoken.com),pearl-chain,pearlchaintoken.com,40069.png,{}
40072,NOK,Nokia Oyj (Derivatives),nokia-oyj-derivatives,,40072.png,{}
40073,QAIT,QAIT,qait,qait.ch,40073.png,"{""bnb"":""0x4d41A5d412f4Ef44A35b9f53b06DB65edE249493""}"
40074,PCAT,Phenomenal Cat,phenomenal-cat,phenomenalcatglobal.com,40074.png,"{""bnb"":""0xFeD56F9Cd29F44e7C61c396DAc95cb3ed33d3546""}"
40076,ADBEX,Adobe tokenized stock(xStock),adobe-tokenized-stock-xstock,xstocks.fi,40076.png,"{""ethereum"":""0x16e0b579be45baae54ceddd52e742b6457a7fe12""}"
40079,SBETX,SharpLink Gaming tokenized stock(xStock),sharplink-gaming-tokenized-stock-xstock,xstocks.fi,40079.png,"{""ethereum"":""0x338791c58fded314b81eab139a1a2fb7967d90d6""}"
40080,XLEX,Energy Select Sector SPDR Fund tokenized stock(xStock),energy-select-sector-spdr-fund-tokenized-stock-xstock,xstocks.com,40080.png,"{""ethereum"":""0x6f75ac3b1b6fbe8bb5f948e25af03620f26ae838""}"
40082,PANWX,Palo Alto Networks tokenized stock(xStock),palo-alto-networks-tokenized-stock-xstock,xstocks.fi,40082.png,"{""ethereum"":""0xe12bb32d77be4db10ddc82088b230d35d097e9c5""}"
40083,TSMX,TSMC tokenized stock(xStock),tsmc-tokenized-stock-xstock,xstocks.fi,40083.png,"{""ethereum"":""0x9e3bf4ecfc44eedd624f26656b6736a3f093b073"",""okb"":""0x9e3bf4Ecfc44EeDD624F26656B6736a3F093b073""}"
40087,AMAT,Applied Materials Inc (Derivatives),applied-materials-inc-derivatives,,40087.png,{}
40088,DELL,Dell Technologies (Derivatives),dell-technologies-derivatives,,40088.png,{}
40089,VRT,Vertiv Holdings Co (Derivatives),vertv-holdings-co-derivatives,,40089.png,{}
40090,RAGEGUY,RAGEGUY (rageguy.meme),rageguy,rageguy.meme,40090.png,"{""solana"":""GvV7sFu6FHJsSVXfpG7xqFnWar3c7YkcC74rqe7Bpump""}"
40091,YLDS,YLDS,ylds,figuremarkets.com,40091.png,{}
40092,O,o1.exchange,o1-exchange,o1.exchange,40092.png,"{""base"":""0x182fa643e5f29d5eca75e7b9cf9336a3fe4620b2"",""bnb"":""0x500A02a20B0B0A3F3efCCFc0559543F5743bd1C4""}"
40094,QNTX,Quantinuum Inc (Derivatives),quantinuum-inc-derivatives,,40094.png,{}
40100,GULD,GULD,adventurewurld,adventurewurld.com,40100.png,"{""ethereum"":""0x14d6c649292c5c9790c5196d1a9ea039307947a1"",""bnb"":""0x14d6c649292c5c9790c5196d1a9ea039307947a1"",""base"":""0x14d6c649292c5c9790c5196d1a9ea039307947a1""}"
40104,NVO,Novo Nordisk (Derivatives),novo-nordisk-derivatives,,40104.png,{}
40105,BB,BlackBerry Ltd (Derivatives),blackberry-ltd-derivatives,,40105.png,{}
40106,RDW,Redwire Corp (Derivatives),redwire-corp-derivatives,,40106.png,{}
40107,LUNR,Intuitive Machines Inc (Derivatives),intuitive-machikes-inc-derivatives,,40107.png,{}
40108,ASTS,AST SpaceMobile Inc (Derivatives),ast-spacemobile-inc-derivatives,,40108.png,{}
40110,RH,RedHorse (red-horse.net),redhorse,red-horse.net,40110.png,"{""solana"":""A3rk5gtQ2S24Fhz8Ctfhjj2bDgK1SZF7fXvbH1Jty5Bp""}"
40111,NOW,ServiceNow Inc (Derivatives),servicenow-inc-derivatives,,40111.png,{}
40112,HPE,Hewlett Packard Enterprise Co (Derivatives),hewlett-packard-enterprise-co-derivatives,,40112.png,{}
40113,HIMS,Hims & Hers Health (Derivatives),hims-hers-health-derivatives,,40113.png,{}
40115,ADBE,Adobe Inc (Derivatives),adobe-inc-derivatives,,40115.png,{}
40116,CRM,Salesforce Inc (Derivatives),salesforce-inc-derivatives,,40116.png,{}
40117,IREN,IREN Ltd (Derivatives),iren-ltd-derivatives,,40117.png,{}
40118,ONDS,Ondas Inc (Derivatives),ondas-inc-derivatives,,40118.png,{}
40119,DOGEUS,Dogeus Maximus,dogeus-maximus,dogeusmaximus.com,40119.png,"{""ethereum"":""0x759F8B83db57033aed95545694F6AdA480b6e987""}"
40120,DOGEUS,Dogeus Maximus (dogeusmaximuscoin.com),dogeus-maximus-coin,dogeusmaximuscoin.com,40120.png,"{""solana"":""FeMrhDeddUvuzo25RZriZD6Te8xy3tdyKLLXBhEEpump""}"
40122,RWS,Real World Services,real-world-services,s.technology,40122.png,"{""bnb"":""0xa226dFdD0E2168676bA13889e93c07cE3A0b4e37""}"
40123,JPYC,JPY Coin,jpyc,jpyc.co.jp,40123.png,"{""ethereum"":""0xE7C3D8C9a439feDe00D2600032D5dB0Be71C3c29"",""polygon-ecosystem-token"":""0xE7C3D8C9a439feDe00D2600032D5dB0Be71C3c29"",""kaia"":""0xE7C3D8C9a439feDe00D2600032D5dB0Be71C3c29"",""avalanche"":""0xE7C3D8C9a439feDe00D2600032D5dB0Be71C3c29""}"
40125,TTMI,TTM Technologies Inc (Derivatives),ttm-technologies-inc-derivatives,,40125.png,{}
40127,SPIN,Chainspin,chainspin,chainspin.com,40127.png,"{""base"":""0xE399FE2ce6d2FdC0AD41Df5db203B55EF43Cbe7F""}"
40131,KLACX,KLA Corporation tokenized stock (xStock),kla-corporation-tokenized-stock-xstock,assets.backed.fi,40131.png,"{""solana"":""Xsw2uU1i8tHjbgstUbtt3m6kg7BS7AgG5aj8z7ddmmN"",""ethereum"":""0xb7e2e3ef9f5c6b72a162ffc76382e4477a44d913"",""ink-token"":""0xb7e2e3ef9f5c6b72a162ffc76382e4477a44d913"",""mantle"":""0xb7e2e3ef9f5c6b72a162ffc76382e4477a44d913"",""gram"":""EQBUI51pVO7H7Za26FMx35rvYe2387S3V99qAM8TbxluKz5T"",""bnb"":""0xb7e2e3ef9f5c6b72a162ffc76382e4477a44d913""}"
40137,SOXXX,iShares Semiconductor tokenized ETF (xStock),ishares-semiconductor-tokenized-etf-xstock,assets.backed.fi,40137.png,"{""solana"":""XsEsHeiNZf88sABxu74TPuXbQThdaQGdzPVZUBicjtQ"",""ethereum"":""0x7b14968d19a6c051d6613716ea71f2dade46db9c"",""ink-token"":""0x7b14968d19a6c051d6613716ea71f2dade46db9c"",""arbitrum"":""0x7b14968d19a6c051d6613716ea71f2dade46db9c"",""mantle"":""0x7b14968d19a6c051d6613716ea71f2dade46db9c"",""hyperliquid"":""0x7b14968d19a6c051d6613716ea71f2dade46db9c"",""gram"":""EQAlRmhZqHFpH2tRL0h0E49mG1rJo6DcsGW1MW_z0SZVMaMX"",""bnb"":""0x7b14968d19a6c051d6613716ea71f2dade46db9c""}"
40139,SMHX,VanEck Semiconductor tokenized ETF (xStock),vaneck-semiconductor-tokenized-etf-xstock,assets.backed.fi,40139.png,"{""solana"":""XstuBvLo7soZzj3beCCPonHpR3eUfPNSeQzw35Swons"",""ethereum"":""0x8d512a03600981b8e86556fd5c0fbdd726fe1821"",""ink-token"":""0x8d512a03600981b8e86556fd5c0fbdd726fe1821"",""mantle"":""0x8d512a03600981b8e86556fd5c0fbdd726fe1821"",""gram"":""EQBJ_mtXWenfUbO3X1o8LQSJ3VHmp2Pl_Ipcwi3xUk1-1ySN"",""bnb"":""0x8d512a03600981b8e86556fd5c0fbdd726fe1821""}"
40140,VRTX,Vertiv Holdings Co tokenized stock (xStock),vertiv-holdings-co-tokenized-stock-xstock,assets.backed.fi,40140.png,"{""solana"":""XsLUiVEwYeoneKpgR1C2Q4DBUZhX4xDktSCfQqq8zmn"",""ethereum"":""0x0a62db029ab8dc0b49b3e8159431728dbd23c7bf"",""mantle"":""0x0a62db029ab8dc0b49b3e8159431728dbd23c7bf"",""ink-token"":""0x0a62db029ab8dc0b49b3e8159431728dbd23c7bf"",""gram"":""EQDpZ8NU_8nlFbycO17fGaofmxifLwLedkOfbTSW6ah7_32E"",""bnb"":""0x0a62db029ab8dc0b49b3e8159431728dbd23c7bf""}"
40143,SMCIX,"Super Micro Computer, Inc. tokenized stock (xStock)",super-micro-computer-inc-tokenized-stock-xstock,assets.backed.fi,40143.png,"{""solana"":""XsMxAoJP47FQGLsVUvSS2QfBaHdNsd7DRU6nWRL8RSa"",""ethereum"":""0x39c31fc6038490ea4bf8a21ca18cd18f33b8d3fb"",""mantle"":""0x39c31fc6038490ea4bf8a21ca18cd18f33b8d3fb"",""ink-token"":""0x39c31fc6038490ea4bf8a21ca18cd18f33b8d3fb"",""gram"":""EQBUnMP_D7XWxjzDA0fl7HILnxMKP4FKnrPBTmT8Y8Ugo82a"",""bnb"":""0x39c31fc6038490ea4bf8a21ca18cd18f33b8d3fb""}"
40147,SOXLX,Direxion Semiconductor Bull 3X tokenized ETF (xStock),direxion-semiconductor-bull-3x-tokenized-etf-xstock,assets.backed.fi,40147.png,"{""solana"":""XsdZDkoMdUb6iKDAKKappuM7C1Q2HmTqC8jNujbfmCu"",""ethereum"":""0x53ee7f58cf031ea4d897fdfcdafad124b3160689"",""ink-token"":""0x53ee7f58cf031ea4d897fdfcdafad124b3160689"",""mantle"":""0x53ee7f58cf031ea4d897fdfcdafad124b3160689"",""arbitrum"":""0x53ee7f58cf031ea4d897fdfcdafad124b3160689"",""hyperliquid"":""0x53ee7f58cf031ea4d897fdfcdafad124b3160689"",""gram"":""EQDrx0YmeevoA2hYIOZa-UxMQdwojDCNOMgAV2VCBXhyQ5KJ"",""bnb"":""0x53ee7f58cf031ea4d897fdfcdafad124b3160689""}"
40148,HIMSX,Hims & Hers tokenized stock (xStock),hims-hers-tokenized-stock-xstock,assets.backed.fi,40148.png,"{""solana"":""XsprHSJzwz3qmHcEf7j7WcUk6hMUL4sPLuAdWaSY1oh"",""ethereum"":""0x55600dfb3943a2db1a49b250e1e9114e4ad2174f"",""mantle"":""0x55600dfb3943a2db1a49b250e1e9114e4ad2174f"",""arbitrum"":""0x55600dfb3943a2db1a49b250e1e9114e4ad2174f"",""ink-token"":""0x55600dfb3943a2db1a49b250e1e9114e4ad2174f"",""hyperliquid"":""0x55600dfb3943a2db1a49b250e1e9114e4ad2174f"",""gram"":""EQCYieHucMd0T83OI_Z-81lFpHHUqta5vt-1Nm9BRqDpm4rz"",""bnb"":""0x55600dfb3943a2db1a49b250e1e9114e4ad2174f""}"
40149,GEVX,GE Vernova Inc. tokenized stock (xStock),ge-vernova-inc-tokenized-stock-xstock,assets.backed.fi,40149.png,"{""solana"":""XswXzAsMV9kebQjCVtr1btvrQgQ7C4C9kKgH4QYAVzw"",""ethereum"":""0x5fb4184f8b515b1c54d1bac839dcf81276d6b73e"",""ink-token"":""0x5fb4184f8b515b1c54d1bac839dcf81276d6b73e"",""mantle"":""0x5fb4184f8b515b1c54d1bac839dcf81276d6b73e"",""gram"":""EQBZhec1Si8jYqTfzTwGHz09M58SSg-EbzdORBihkM8HsYLW"",""bnb"":""0x5fb4184f8b515b1c54d1bac839dcf81276d6b73e""}"
40151,TERX,"Teradyne, Inc. tokenized stock (xStock)",teradyne-inc-tokenized-stock-xstock,assets.backed.fi,40151.png,"{""solana"":""Xsbe4fwmjVQEWEPkzfyxqNdPUUK7X9dKfTJrZdDbNgx"",""ethereum"":""0x99a1a9bc796bae48631a15b1c1889625c86b7b98"",""ink-token"":""0x99a1a9bc796bae48631a15b1c1889625c86b7b98"",""mantle"":""0x99a1a9bc796bae48631a15b1c1889625c86b7b98"",""gram"":""EQBH-Q7fNwVNsJ-GUJVGaDmq-po_vf8Ss_LxMY6PqOIiVuEB"",""bnb"":""0x99a1a9bc796bae48631a15b1c1889625c86b7b98""}"
40152,LRCXX,Lam Research Corporation tokenized stock (xStock),lam-research-corporation-tokenized-stock-xstock,assets.backed.fi,40152.png,"{""solana"":""XsSN912SN4Whn2xn59vWZHt1uLbw9WnoNGp5MigmHFf"",""ethereum"":""0x4177d16a5d2465cf4bd52e07c1c56ab500243fd4"",""mantle"":""0x4177d16a5d2465cf4bd52e07c1c56ab500243fd4"",""ink-token"":""0x4177d16a5d2465cf4bd52e07c1c56ab500243fd4"",""gram"":""EQCdj0cwXkebNDgm1RJlMZD0TV2MaGgdbp8pEiX0HTZTHFIi"",""bnb"":""0x4177d16a5d2465cf4bd52e07c1c56ab500243fd4""}"
40159,EWYX,iShares MSCI South Korea tokenized ETF (xStock),ishares-msci-south-korea-tokenized-etf-xstock,assets.backed.fi,40159.png,"{""solana"":""XswenHXJtDWYMh89uRYx2tZcABxwXSn7j3jidDPS1Yo"",""ethereum"":""0x299c95eb52bfd5bc98d924bce17197b64864589b"",""arbitrum"":""0x299c95eb52bfd5bc98d924bce17197b64864589b"",""ink-token"":""0x299c95eb52bfd5bc98d924bce17197b64864589b"",""mantle"":""0x299c95eb52bfd5bc98d924bce17197b64864589b"",""hyperliquid"":""0x299c95eb52bfd5bc98d924bce17197b64864589b"",""gram"":""EQBBVPhBi5InXHqIO-Xi55jsRi9ZYtbqgLmzoNTfQnHoEY1k"",""bnb"":""0x299c95eb52bfd5bc98d924bce17197b64864589b"",""okb"":""0x299c95Eb52BFd5Bc98d924bCE17197b64864589B""}"
40162,IRENX,IREN tokenized stock (xStock),iren-tokenized-stock-xstock,assets.backed.fi,40162.png,"{""solana"":""Xshh1dRsnxatP45yBfrzU9MrvrFCvxHQGTrWjgdA81E"",""ethereum"":""0xfbfc1fd14eec970276c8a3bf5e6131cd751cc0b9"",""ink-token"":""0xfbfc1fd14eec970276c8a3bf5e6131cd751cc0b9"",""arbitrum"":""0xfbfc1fd14eec970276c8a3bf5e6131cd751cc0b9"",""mantle"":""0xfbfc1fd14eec970276c8a3bf5e6131cd751cc0b9"",""hyperliquid"":""0xfbfc1fd14eec970276c8a3bf5e6131cd751cc0b9"",""gram"":""EQDlDmD7Wimb7MA2mF-8WQMONxUYRNEmNqgLDp6dGdmHAkH5"",""bnb"":""0xfbfc1fd14eec970276c8a3bf5e6131cd751cc0b9""}"
40164,ASTSX,AST SpaceMobile tokenized stock (xStock),ast-spacemobile-tokenized-stock-xstock,assets.backed.fi,40164.png,"{""solana"":""XsR4LAtaBgTKTRUhiijY1ba13nx4bepeEcag2Pr4dZ1"",""ethereum"":""0x89b2607878ae19bab8020b8140ed550ef3e953bb"",""ink-token"":""0x89b2607878ae19bab8020b8140ed550ef3e953bb"",""arbitrum"":""0x89b2607878ae19bab8020b8140ed550ef3e953bb"",""mantle"":""0x89b2607878ae19bab8020b8140ed550ef3e953bb"",""hyperliquid"":""0x89b2607878ae19bab8020b8140ed550ef3e953bb"",""gram"":""EQAZZk6i-dp9-dnty9FyHtlJ0keBbPmGQbLG2j76T7OUxEIw"",""bnb"":""0x89b2607878ae19bab8020b8140ed550ef3e953bb""}"
40165,PYPLX,PayPal tokenized stock (xStock),paypal-tokenized-stock-xstock,assets.backed.fi,40165.png,"{""solana"":""XshWQWYVp5ff8CrAEsGmLVKD47nBWi3Ygn5v8wXK27G"",""ethereum"":""0xf706585e7e8900be0267bee3b9a2f70835ec6628"",""arbitrum"":""0xf706585e7e8900be0267bee3b9a2f70835ec6628"",""ink-token"":""0xf706585e7e8900be0267bee3b9a2f70835ec6628"",""mantle"":""0xf706585e7e8900be0267bee3b9a2f70835ec6628"",""hyperliquid"":""0xf706585e7e8900be0267bee3b9a2f70835ec6628"",""gram"":""EQBNPjGHTdAZ8B9_J0yb0XjrApgT6MnaCXm9day7wRqrGmqI"",""bnb"":""0xf706585e7e8900be0267bee3b9a2f70835ec6628""}"
40170,AMATX,"Applied Materials, Inc. tokenized stock (xStock)",applied-materials-inc-tokenized-stock-xstock,assets.backed.fi,40170.png,"{""solana"":""XsQZdaWUAGC4R3fgD2N1fupKvJfJq6YM51ccnsLUWFA"",""ethereum"":""0xe9fa01197b7e836982a1cab03fe591f7e331e313"",""ink-token"":""0xe9fa01197b7e836982a1cab03fe591f7e331e313"",""mantle"":""0xe9fa01197b7e836982a1cab03fe591f7e331e313"",""gram"":""EQAL2WHraj0GYa_8uuBk_pcmsAJCfhl0I-ni7dVm-Yahcoue"",""bnb"":""0xe9fa01197b7e836982a1cab03fe591f7e331e313""}"
40175,MUX,Micron Technology tokenized stock (xStock),micron-technology-tokenized-stock-xstock,assets.backed.fi,40175.png,"{""solana"":""XsQLZycSZ7QnBBdBXQaTbQdiUcbRqjNJgyBGAMzhHav"",""ethereum"":""0xf6a873bae4ba1b304e45df52a4b7d176e1c6a8c4"",""arbitrum"":""0xf6a873bae4ba1b304e45df52a4b7d176e1c6a8c4"",""mantle"":""0xf6a873bae4ba1b304e45df52a4b7d176e1c6a8c4"",""ink-token"":""0xf6a873bae4ba1b304e45df52a4b7d176e1c6a8c4"",""hyperliquid"":""0xf6a873bae4ba1b304e45df52a4b7d176e1c6a8c4"",""gram"":""EQCnPM-kDm6ijBqBxR7R6lkoLzLJ8Oyi5CrEclZ0oVc16dFe"",""bnb"":""0xf6a873bae4ba1b304e45df52a4b7d176e1c6a8c4"",""okb"":""0xf6a873BAe4Ba1B304e45dF52A4b7D176E1C6a8c4""}"
40178,LITEX,Lumentum Holdings Inc. tokenized stock (xStock),lumentum-holdings-inc-tokenized-stock-xstock,assets.backed.fi,40178.png,"{""solana"":""XsexQ9qqNbDkLE6XwCN9ceVhLo8Lxc7UheVR6eBkKyo"",""ethereum"":""0xaaa9cf4e9488f5eef064b8cfac70f5fd857669dc"",""mantle"":""0xaaa9cf4e9488f5eef064b8cfac70f5fd857669dc"",""ink-token"":""0xaaa9cf4e9488f5eef064b8cfac70f5fd857669dc"",""gram"":""EQCDlLq_03Vcupsa0lKE4zTmlKC-L12r2n_FNJwX8NPKcP4Q"",""bnb"":""0xaaa9cf4e9488f5eef064b8cfac70f5fd857669dc""}"
40184,ASMLX,ASML tokenized stock (xStock),asml-tokenized-stock-xstock,assets.backed.fi,40184.png,"{""solana"":""XshuHQ6o6SVpUNawvnnTMxsZ4tacZsNgVCLorv7TkFq"",""ethereum"":""0xc0b417e7f83db438631eb5e096684dd742e5294f"",""arbitrum"":""0xc0b417e7f83db438631eb5e096684dd742e5294f"",""mantle"":""0xc0b417e7f83db438631eb5e096684dd742e5294f"",""ink-token"":""0xc0b417e7f83db438631eb5e096684dd742e5294f"",""hyperliquid"":""0xc0b417e7f83db438631eb5e096684dd742e5294f"",""gram"":""EQAjZBfuIt31444PsyHaGKmKsqCvOWzOghdFXeTZeNr8iney"",""bnb"":""0xc0b417e7f83db438631eb5e096684dd742e5294f"",""okb"":""0xC0B417e7F83db438631Eb5E096684dd742E5294F""}"
40185,VIDAX,Vida Global tokenized stock (xStock),vida-global-tokenized-stock-xstock,assets.backed.fi,40185.png,"{""solana"":""XsfCC9VL4DamVGNgdJpfLXB3sBVa158Gbx8sh7NzmTk"",""ethereum"":""0x44e49dde02c954cd9b67923af7b1070412e8f34e"",""ink-token"":""0x44e49dde02c954cd9b67923af7b1070412e8f34e"",""arbitrum"":""0x44e49dde02c954cd9b67923af7b1070412e8f34e"",""mantle"":""0x44e49dde02c954cd9b67923af7b1070412e8f34e"",""hyperliquid"":""0x44e49dde02c954cd9b67923af7b1070412e8f34e"",""gram"":""EQCC5gekxblLuT3e93IQh5B3xxjE3mSausRejiB4WFTK3yUC"",""bnb"":""0x44e49dde02c954cd9b67923af7b1070412e8f34e""}"
40190,DELLX,Dell Technologies Inc. tokenized stock (xStock),dell-technologies-inc-tokenized-stock-xstock,assets.backed.fi,40190.png,"{""solana"":""Xsu7Tc5J2fVUE4H5vYAiSr34cvLJeCsYPMjAYnayQn6"",""ethereum"":""0x2782df1cc877f720c81b4f6568db64563f1d3aa3"",""ink-token"":""0x2782df1cc877f720c81b4f6568db64563f1d3aa3"",""mantle"":""0x2782df1cc877f720c81b4f6568db64563f1d3aa3"",""gram"":""EQB1FtKE8POjrMb9c29Wdlu8q5_xy0beDGCUg41dxRp6aQ-c"",""bnb"":""0x2782df1cc877f720c81b4f6568db64563f1d3aa3"",""okb"":""0x2782dF1cC877F720C81B4f6568Db64563F1D3AA3""}"
40191,ONDSX,Ondas tokenized stock (xStock),ondas-tokenized-stock-xstock,assets.backed.fi,40191.png,"{""solana"":""Xsgc9YTqdAH1GzDLBGQcScCMgkKsVBn4hBmqtNRospY"",""ethereum"":""0x50343212d7aadd7a104dcc7ed751514aa174d9dc"",""ink-token"":""0x50343212d7aadd7a104dcc7ed751514aa174d9dc"",""arbitrum"":""0x50343212d7aadd7a104dcc7ed751514aa174d9dc"",""mantle"":""0x50343212d7aadd7a104dcc7ed751514aa174d9dc"",""hyperliquid"":""0x50343212d7aadd7a104dcc7ed751514aa174d9dc"",""gram"":""EQCcANf2AigwtdXirTBmJVb--iRs8nINJcCdwZXP_uwHPMzX"",""bnb"":""0x50343212d7aadd7a104dcc7ed751514aa174d9dc""}"
40194,GIVE,Give,give,giveblockchain.io,40194.png,"{""ethereum"":""0x95669A6589A81A6704bab1020722d0C405841885"",""base"":""0x95669a6589a81a6704bab1020722d0c405841885"",""bnb"":""0x95669a6589a81a6704bab1020722d0c405841885""}"
40196,HBADG,Hbadger,hbadger,hbadgertoken.com,40196.png,"{""bnb"":""0x5d72717Ab33F38504935960A1D8603276a76511c""}"
40197,吉祥马,吉祥马,jixiangma,jixiangma.xyz,40197.png,"{""bnb"":""0x57ee375439bb01892d1f1fbbf933ad0ed16d7777""}"
40198,USDT,Bridged USDT,bridged-tether,,40198.png,"{""juchain"":""0xc8e19c19479a866142b42fb390f2ea1ff082e0d2"",""anubis"":""0xdfb6a28bc6dc51fed17c27c880f2c66cdd040a3e"",""redlight-chain"":""0x73e84bfd35c3f1537a72180d1481e1eabf64b70b"",""zedxion-coin"":""0xb78E2642b875928254cF50683D0589ca249f4efc"",""apertum"":""0x1487Db421F6B58e77bfefc905fDc1EDE5Fb85C7F"",""zetachain"":""0x7c8dda80bbbe1254a7aacf3219ebe1481c6e01d7"",""somnia"":""0x67b302e35aef5eee8c32d934f5856869ef428330""}"
40199,PANW,Palo Alto Networks Inc (Derivatives),palo-alto-networks-inc-derivatives,,40199.png,{}
40203,CRDO,Credo Technology Group Holding Ltd (Derivatives),credo-technology-group-holding-ltd-derivatives,,40203.png,{}
40204,AXTI,AXT Inc (Derivatives),axt-inc-derivatives,,40204.png,{}
40212,MUB,Micron Technology Tokenized bStocks,micron-technology-tokenized-bstocks,bstocks.finance,40212.png,"{""bnb"":""0xcdf2f3e0fa43c47a6662a91c9e4a7c5f69762699""}"
40213,CRCLB,Circle Internet Group Tokenized bStocks,circle-internet-group-tokenized-bstocks,bstocks.finance,40213.png,"{""bnb"":""0x80f3d493ebce97e343c53d29a137942416b4ffc0""}"
40214,TSLAB,Tesla Tokenized bStocks,tesla-tokenized-bstocks,bstocks.finance,40214.png,"{""bnb"":""0x5b1910eaad6450e50f816082aa078c41f10c292f""}"
40215,NVDAB,NVIDIA Tokenized bStocks,nvidia-tokenized-bstocks,bstocks.finance,40215.png,"{""bnb"":""0x02fca66c1d1afb4e2a7884261eb00f63598a7436""}"
40216,SNDKB,SanDisk Tokenized bStocks,sandisk-tokenized-bstocks,bstocks.finance,40216.png,"{""bnb"":""0x3ee4df61bd4f867e349beae8bfe07bc31b4850fb""}"
40217,SPCXB,SpaceX Tokenized bStocks,spacex-tokenized-bstocks,bstocks.finance,40217.png,"{""bnb"":""0xbe9d156892e55e7154bcd3cb0fea677f9d3103e1""}"
40218,SPCXX,SpaceX tokenized stock (xStock),spacex-tokenized-stock-xtock,assets.backed.fi,40218.png,"{""solana"":""Xs3oZwbHvqis4NYcf4YKWmEia2eC84wSiVrcYcTqpH8"",""ethereum"":""0x68fa48b1c2fe52b3d776e1953e0e782b5044ce28"",""arbitrum"":""0x68fa48b1c2fe52b3d776e1953e0e782b5044ce28"",""mantle"":""0x68fa48b1c2fe52b3d776e1953e0e782b5044ce28"",""okb"":""0x68fa48B1C2FE52b3D776E1953e0E782b5044Ce28"",""hyperliquid"":""0x68fa48b1c2fe52b3d776e1953e0e782b5044ce28"",""gram"":""EQAAsfl1a-BA8dSSUX2VpLCveFYzDOLrJX9ll89baSbmvl2V"",""bnb"":""0x68fa48b1c2fe52b3d776e1953e0e782b5044ce28""}"
40222,DKNG,DraftKings Inc (Derivatives),draftkings-inc-derivatives,,40222.png,{}
40223,JMDT,Jupiter Meta Data Token [ JMDT ],jupiter-meta-data-token-jmdt,jmdt.io,40223.png,{}
40224,RE,Re,re-protocol,re.xyz,40224.png,"{""ethereum"":""0x526526528f35ac738177003b8773b402b8df8143""}"
40225,FIFA,FIFA World Cup AI (worldcupai.xyz),fifa-world-cup-ai,worldcupai.xyz,40225.png,"{""bnb"":""0x004f8a669ca304b0BA6cE0d9EbF7ce21c617D44e""}"
40226,SPCX,SPACEX4200,spacex4200,spacex4200.net,40226.png,"{""ethereum"":""0xa17f383786Cf2241AffE41B130d8C373fDb34574""}"
40227,CIEN,Ciena Corp (Derivatives),ciena-corp-derivatives,,40227.png,{}
40228,ISRG,Intuitive Surgical Inc (Derivatives),intuitive-surgical-inc-derivatives,,40228.png,{}
40229,UVXY,ProShares Ultra VIX Short-Term Futures ETF (Derivatives),proshares-ultra-vix-short-term-futures-etf-derivatives,,40229.png,{}
40230,STX,Seagate Technology Holdings PLC (Derivatives),seagate-technology-holdings-plc-derivatives,,40230.png,{}
40231,BEAT,Audiera AI (beataii.xyz),audiera-ai,beataii.xyz,40231.png,"{""bnb"":""0xBaf069e57AE635e28f33Da73534008dDdCC99F76""}"
40232,SPCXON,SpaceX Tokenized Stock (Ondo),spacex-tokenized-stock-ondo,app.ondo.finance,40232.png,"{""ethereum"":""0xc9eef266834730340A55B6CC24621B31BAF55581"",""bnb"":""0xd0a58BC9D88D3FF48C0294Cb7e45937d0E41A928"",""solana"":""wzAyQTorWyoVXuJKj2x8EqKEGJpS13z6EWE9z5Aondo""}"
40233,WBRL,Real Brasilero,real-brasilero,ripio.com,40233.png,"{""ethereum"":""0xd76f5faf6888e24d9f04bf92a0c8b921fe4390e0"",""worldcoin-org"":""0xd76f5faf6888e24d9f04bf92a0c8b921fe4390e0"",""base"":""0xd76f5faf6888e24d9f04bf92a0c8b921fe4390e0"",""polygon-ecosystem-token"":""0xd76f5faf6888e24d9f04bf92a0c8b921fe4390e0""}"
40234,TWLO,Twilio Inc (Derivatives),twilio-inc-derivatives,,40234.png,{}
40235,ROK,Rockwell Automation Inc (Derivatives),rockwell-automation-inc-derivatives,,40235.png,{}
40238,SPCX,SpaceX tokenized stock (Backpack),spacex-tokenized-stock-backpack,backpack.exchange,40238.png,"{""solana"":""SPCXxcqXj6e5dJDVNovHN8744zkbhM2bYudU45BimGb""}"
40239,JW7,JW7 Token,jw7-token,jw7.jwzoza.com,40239.png,"{""solana"":""2jatMqQhfZGGKTca6VwB4Tka16LrZcFmnc5fPzCFechp""}"
40240,BV7X,BV-7X,bv-7x,bv7x.ai,40240.png,"{""base"":""0xD88FD4a11255E51f64f78b4a7d74456325c2d8dC""}"
40242,IDL,Infinity Dao (infinitydao.ai),infinity-dao-ai,infinitydao.ai,40242.png,"{""polygon-ecosystem-token"":""0x4c18406fa690faa53e5efa899a971557251af72d""}"
40243,FORMON,FormFactor Tokenized Stock (Ondo),formfactor-tokenized-stock-ondo,app.ondo.finance,40243.png,"{""solana"":""ZDnkXeN5awDioQjP691XFLdgZwDAv19g3fCr9KWondo"",""ethereum"":""0x6401365aA495ca96Bcfcf9c6c47Bd4a590336b00"",""bnb"":""0xD678F3F86436Ee298d28A3C414c367aDFeD65337""}"
40244,ATKRON,Atkore Tokenized Stock (Ondo),atkore-tokenized-stock-ondo,app.ondo.finance,40244.png,"{""solana"":""ZsCDHjWFyndwgbHMs4AHYwJZQMgmAn72ESQj2b5ondo"",""ethereum"":""0xB50A8bd8883Dfe59eAF1a8b1130acD97CEd9AC84"",""bnb"":""0xaFAA2087093b7B396ADAB8216506D9066c6A6F13""}"
40245,WOLFON,Wolfspeed Tokenized Stock (Ondo),wolfspeed-tokenized-stock-ondo,app.ondo.finance,40245.png,"{""solana"":""Zfb5PTVfGa8AV6VxrTQJuP8CjMXFPMVkVVNpcAWondo"",""ethereum"":""0x995584539633F7d28757B6329A42439BD8aeCEde"",""bnb"":""0x55b56CC2cdcbC2C58668F72663bE7599a46Ed79F""}"
40246,ICHRON,Ichor Holdings Tokenized Stock (Ondo),ichor-holdings-tokenized-stock-ondo,app.ondo.finance,40246.png,"{""solana"":""ZTABSukbFUFcuCYpMFHxN18aB4kPL2NkpZpgnXPondo"",""ethereum"":""0xdFCa97fB2A3163011f3b5B3198F63D9Ab8F04A98"",""bnb"":""0xFb836dc42EBDfF6aA8DB9339336899061D1C4f3F""}"
40247,AAOION,Applied Optoelectronics Tokenized Stock (Ondo),applied-optoelectronics-tokenized-stock-ondo,app.ondo.finance,40247.png,"{""solana"":""YuFZvc8JCN3a6BUAqwnbY4AnhuVEXD4V7QnBTmwondo"",""ethereum"":""0x99888f2CCD08258eD5F66e94bA59d7E75016900F"",""bnb"":""0x149Bda9e7251DC36f536d1fE7F92A5ea203F4F3D""}"
40248,MXLON,MaxLinear Tokenized Stock (Ondo),maxlinear-tokenized-stock-ondo,app.ondo.finance,40248.png,"{""solana"":""aGn43ed4kjATwbVqsAuwAT24XcG9xABCcyQsFpqondo"",""ethereum"":""0xD1C3bF5DdE6ee17Ae2a472a8C4f0258e0B350cb4"",""bnb"":""0x5Cb7671740877723c9aD55348a751D7B57052E07""}"
40249,LITEON,Lumentum Holdings Tokenized Stock (Ondo),lumentum-holdings-tokenized-stock-ondo,app.ondo.finance,40249.png,"{""solana"":""YrquZHx3f6sXsnZZAQiVsyQfvHwLmn2XTkDiZ1uondo"",""ethereum"":""0xbF5ab848efff75D897a3DBE4647B939C59D3cdb0"",""bnb"":""0x0fAcaFB97ffDbA3cAe88512070AF49bd30674cD9""}"
40250,TERON,Teradyne Tokenized Stock (Ondo),teradyne-tokenized-stock-ondo,app.ondo.finance,40250.png,"{""solana"":""ahvtJqt6pkzjnYTMaCKrvjPQszSKyWraiXKvuWKondo"",""ethereum"":""0x1d1b9ae25722d0B27dB23171CFeE0C269B203695"",""bnb"":""0x6F040fC3061374304BddbfdAe9d688d7C868c785""}"
40251,NVTON,nVent Electric Tokenized Stock (Ondo),nvent-electric-tokenized-stock-ondo,app.ondo.finance,40251.png,"{""solana"":""Z7G1bRFYH47se4g1ppqSgtMzeJs4JjzzFPmt7iAondo"",""ethereum"":""0x38cBBBF83Ab583E231960B5c112145324Bef55ae"",""bnb"":""0x484Ce83BB55b50D70236C7D1E29E0Ba7524f905B""}"
40252,GLWON,Corning Tokenized Stock (Ondo),corning-tokenized-stock-ondo,app.ondo.finance,40252.png,"{""solana"":""YQzNQh2YSFQ6nh91E8Ja71U6JuZDLap5jJCsELGondo"",""ethereum"":""0xE45575b8895664DEdf7bEfFEe98b078F2Cf1A192"",""bnb"":""0x25a4DbAE9a0Cd8C75656D6b50FFDf4900CC20d8f""}"
40253,AEHRON,Aehr Test Systems Tokenized Stock (Ondo),aehr-test-systems-tokenized-stock-ondo,app.ondo.finance,40253.png,"{""solana"":""ZWUSgDGQTQPGJyipzgJKcPhxgZzSBi4q6dqQbgCondo"",""ethereum"":""0xeB48e68F01c0C76735dc6F1dcC0F151A973BD9d2"",""bnb"":""0xdCE0957E22F7baf2AA1a50d854e03cEe6f215004""}"
40254,MTSION,MACOM Technology Solutions Holdings Tokenized Stock (Ondo),macom-technology-solutions-holdings-tokenized-stock-ondo,app.ondo.finance,40254.png,"{""solana"":""dAc8yWUrVra9v2PGsn3LT18oybsM62ysQ4ikWcpondo"",""ethereum"":""0x6e9C4BcEDDd057D66b65794A0093ad95c5fa0Cc4"",""bnb"":""0x1dCd320C5d7b84CD407437c58d56CbbDd0D9d8f3""}"
40255,MYRGON,MYR Group Tokenized Stock (Ondo),myr-group-tokenized-stock-ondo,app.ondo.finance,40255.png,"{""solana"":""auLvQAhUzPuy2SQBSq2T6AofPGNkR4nZ83P8pjuondo"",""ethereum"":""0x1DB23e5C0da6b960D0cf3D9939Cbf50A2514bfC2"",""bnb"":""0x93b83111c54aa3993B2De5FCcD4c70B26c522D5d""}"
40256,TELON,TE Connectivity Tokenized Stock (Ondo),te-connectivity-tokenized-stock-ondo,app.ondo.finance,40256.png,"{""solana"":""ZjYCwYeG85TbV5oXkCkvWQTNPh2PgTQ8X4nxpbyondo"",""ethereum"":""0x7C17a5423200246EAFdd9fa0f5d70eAde3067Dd6"",""bnb"":""0x5C50fFD365c852f5e72BFBc2c1aE621e2ACa5Ece""}"
40257,HPEON,Hewlett Packard Enterprise Tokenized Stock (Ondo),hewlett-packard-enterprise-tokenized-stock-ondo,app.ondo.finance,40257.png,"{""solana"":""axbgKgUMscTJ34DjA69kBJuf6UYq4Pzb8B8numYondo"",""ethereum"":""0xE67AbcA57E1504a26bd2eD209F2e0C09543Fd7Eb"",""bnb"":""0x492E678c1ea048C70eDc635047cdBB87FF5362a2""}"
40258,FLNCON,Fluence Energy Tokenized Stock (Ondo),fluence-energy-tokenized-stock-ondo,app.ondo.finance,40258.png,"{""solana"":""bzoe1epsQLx65zmez4pWfBumYzpaFwRTvnmCjZVondo"",""ethereum"":""0xf6C9C6b33BD3df0d761702db7075f89e561A54D8"",""bnb"":""0xF1a96d4B591E446445600789D60C73Dd636B357c""}"
40259,HIION,Huntington Ingalls Industries Tokenized Stock (Ondo),huntington-ingalls-industries-tokenized-stock-ondo,app.ondo.finance,40259.png,"{""solana"":""h73FNVBDq95fqGBy5eunHm2FVfu2jWZNkeXHDieondo"",""ethereum"":""0x10bd54f1F4DC19bE0c46B1Ea7E5f38FD2eaFeE26"",""bnb"":""0x4Dc8dCeE22a56fEECa930dfF45581aa9A14D5E05""}"
40260,VRSNON,VeriSign Tokenized Stock (Ondo),verisign-tokenized-stock-ondo,app.ondo.finance,40260.png,"{""solana"":""ja4bMvHL3Hw9Ey33VGWyDeXvrHvQWyBnK4GSmCUondo"",""ethereum"":""0xc5a72B01Cc9e2721DC6dE1A35Ab8d92A6AA273e6"",""bnb"":""0x37fF203Ac221313B620d047eddD7bD6F68d656a6""}"
40261,BWETON,Breakwave Tanker Shipping ETF Tokenized ETF (Ondo),breakwave-tanker-shipping-etf-tokenized-etf-ondo,app.ondo.finance,40261.png,"{""solana"":""m7mWfvhyPikY3esNwTk8U1JRbcBijmzHgqiqx3xondo"",""ethereum"":""0xEcA55ac71f83931B7e074228AEBc9104F13d8c02"",""bnb"":""0x472F46C5D7409C82234701EFf7D4DDA4c28B5a93""}"
40262,ECOON,Okeanis Eco Tankers Tokenized Stock (Ondo),okeanis-eco-tankers-tokenized-stock-ondo,app.ondo.finance,40262.png,"{""solana"":""mnYetf4bWKX8HihNk1XLNYj8BPPy9PdkDFPV97Zondo"",""ethereum"":""0xD081B43E3C334B1a101981efC1D98F1E82df076E"",""bnb"":""0x660ab35bE0f102A1d4d4B60A96Ac3abfd345e038""}"
40263,NUEON,Nucor Tokenized Stock (Ondo),nucor-tokenized-stock-ondo,app.ondo.finance,40263.png,"{""solana"":""mvAUPvwKPW4rbbTXkqCvcZEG45XCeRHSVcLVym8ondo"",""ethereum"":""0x167f8D6B357FA9fff9B1286E519Bd32d4504757E"",""bnb"":""0x2155f5344BA7763f80420dE617Af41E56De0552b""}"
40264,SYMON,Symbotic Tokenized Stock (Ondo),symbotic-tokenized-stock-ondo,app.ondo.finance,40264.png,"{""solana"":""nP42LxpSZkUfnBUxiFsHxL5GKYWRZ1VxqGkMTNwondo"",""ethereum"":""0x41d022C6008FbF431c5E5E88246A948B9E941EA3"",""bnb"":""0xc79Fc7aF952c8B41c6b7b7657dd24F44f7C10F2A""}"
40265,BOTZON,Global X Robotics & Artificial Intelligence Tokenized ETF (Ondo),global-x-robotics-artificial-intelligence-tokenized-etf-ondo,app.ondo.finance,40265.png,"{""solana"":""soLM6jRVdG1PdurSAQDz5qRtwWxXPM6EBvwrkBjondo"",""ethereum"":""0x7AbeC847A3f9820397C82E1DAd231721Bf5a6732"",""bnb"":""0xb42f5597EAdd424de67b46Fe5d1EC4b61367A4e5""}"
40266,ORBXON,Global X Space Tech Tokenized ETF (Ondo),global-x-space-tech-tokenized-etf-ondo,app.ondo.finance,40266.png,"{""solana"":""t5XWftMCacS1p3xrg14ARaxgEvEM5R241kxHGqrondo"",""ethereum"":""0xf8fd3698cA42c07f502150C19DD1D96B687f53Cd"",""bnb"":""0x2bC97B1c5F83F080798ee9E38Da5FBF621454FCf""}"
40270,ONTOON,Onto Innovation Tokenized Stock (Ondo),onto-innovation-tokenized-stock-ondo,app.ondo.finance,40270.png,"{""solana"":""aHFrgfBHMGEScG8j64cN324jeoQ4EVXLmiHxtuPondo"",""ethereum"":""0xC29FF16a7B0a895E9fE05c32Ce3f26c44e8eca3D"",""bnb"":""0x2F79d36184DfE7968C9d23f87cAe1aB72447c1e5""}"
40271,TTON,Trane Technologies Tokenized Stock (Ondo),trane-technologies-tokenized-stock-ondo,app.ondo.finance,40271.png,"{""solana"":""erp2t2My8UoFgyRt39EmnnSiDUwUM5aNKw5piBKondo"",""ethereum"":""0x26E78f7170d8Cc3bd3865d37CE4c554B65B1C9ba"",""bnb"":""0x0Afa28A7Ac4E44b1F771515c200F4d67B1f5e8d0""}"
40272,CORZON,Core Scientific Tokenized Stock (Ondo),core-scientific-tokenized-stock-ondo,app.ondo.finance,40272.png,"{""solana"":""f4ucqqnktrkdDAnwqcAAiA9Lggz6NAHJ3zFwipnondo"",""ethereum"":""0xddAf7945093ad7457228c185783FDf6aB25022B2"",""bnb"":""0x25eD86472cf3012607DC6576c58e6432968255C2""}"
40273,IGVON,iShares Expanded Tech-Software ETF Tokenized ETF (Ondo),ishares-expanded-tech-software-etf-tokenized-etf-ondo,app.ondo.finance,40273.png,"{""solana"":""jYxKRFuXr6PEkzPpf1wWF7DhLL4gxGJ95Pv2NGrondo"",""ethereum"":""0xa9E5c59f34397fe6Baa9E4dA139bA4E63Bd84324"",""bnb"":""0xA046C2F0A1Ac0a0E8829eFc12163ae892CEAfAc2""}"
40280,QYLDON,Global X NASDAQ 100 Covered Call Tokenized ETF (Ondo),global-x-nasdaq-100-covered-call-tokenized-etf-ondo,app.ondo.finance,40280.png,"{""solana"":""ueEYw3Djy9GVu9mrP6jum8qNpxshgcy7gMfmntWondo"",""ethereum"":""0xA7776B3d801A6626807E0Db357C7EE2a8962903b"",""bnb"":""0x64E023411215C3b75b9F339B7B77F179cd04C527""}"
40282,CRDOON,Credo Technology Group Holding Tokenized Stock (Ondo),credo-technology-group-holding-tokenized-stock-ondo,app.ondo.finance,40282.png,"{""solana"":""d4Rc6KvP3nQT8zC86Z31zM1DJCSfUD6y424cKnZondo"",""ethereum"":""0xB348a4Bce7FaE890d2d37Ea104e59fb3881757c2"",""bnb"":""0xf157481bEBd0C0686780fd0F61806C900A6137e8""}"
40283,BAION,iShares A.I. Innovation and Tech Active ETF Tokenized ETF (Ondo),ishares-ai-innovation-and-tech-active-etf-tokenized-etf-ondo,app.ondo.finance,40283.png,"{""solana"":""gKkrSgVjRjdQX4LFErBka1izQhoW2VHXFcCS5Vbondo"",""ethereum"":""0x9463b0EE32c1b40B7fdA6459e815F0790159bC3A"",""bnb"":""0x2659Dd96deF34ceD3679901E5500779BE297fE5a""}"
40292,AXTION,AXT Tokenized Stock (Ondo),axt-tokenized-stock-ondo,app.ondo.finance,40292.png,"{""solana"":""Z1K14ngynqmrmfRSC2dRZGs1ghmnDKiiahjaM2condo"",""ethereum"":""0x6a3E77d984e22bed6A036D3DA79D7857936a593f"",""bnb"":""0x0C50323AF81D5C33822c6Add256Fb9093D42BC74""}"
40295,DELLON,Dell Technologies Tokenized Stock (Ondo),dell-technologies-tokenized-stock-ondo,app.ondo.finance,40295.png,"{""solana"":""cFDP5SsUBeKrV1RkKHdaofHBSfRW8cBd7DiaPTSLAon"",""ethereum"":""0xeE9f43476C5b7292b114bA1b280A42A8746792d4"",""bnb"":""0xf26518958935654878De15BE7bC79A26971583Ba""}"
40296,FCELON,FuelCell Energy Tokenized Stock (Ondo),fuelcell-energy-tokenized-stock-ondo,app.ondo.finance,40296.png,"{""solana"":""dYDS22uTX8CtiyixnXY9fMVGAkxbemVAjbCaWVbondo"",""ethereum"":""0xb71c4EBB4eDbAd867290206239C19DBb59eD55E1"",""bnb"":""0x47Bfe4921Bd74C66c6B0C35C517aBdFB5E3BAFb3""}"
40301,LSCCON,Lattice Semiconductor Tokenized Stock (Ondo),lattice-semiconductor-tokenized-stock-ondo,app.ondo.finance,40301.png,"{""solana"":""nDetEKBEk9chztCXSYNrU5F63s2RCEQCxT7BhxDondo"",""ethereum"":""0xa0Db1eCa4AaEBCa03A3c04ed221b036Dd3CcB025"",""bnb"":""0x80F03ABCb2BD85237740dD69f87d2F5De3909012""}"
40302,ACMRON,ACM Research Tokenized Stock (Ondo),acm-research-tokenized-stock-ondo,app.ondo.finance,40302.png,"{""solana"":""nkbH2doD7nU4CkKVwzmd6UV4d2AaGy24NHzsh6tondo"",""ethereum"":""0x8379c5595b8148A9968bEE6D8110B2b4a627a9Dd"",""bnb"":""0xC5EFD0c3a8fF6D9816DA7B56625aB4C398Eb9e08""}"
40303,AMKRON,Amkor Technology Tokenized Stock (Ondo),amkor-technology-tokenized-stock-ondo,app.ondo.finance,40303.png,"{""solana"":""nvvoP8gFyY2aZp6Cxu9Qq4MQqGrMebjtCxWrYfbondo"",""ethereum"":""0xF02b8309df07641dDcFd1DABCeFFDde3d30915De"",""bnb"":""0xb84e150A1d18380cFeEeBCdE8756368dD489A1A3""}"
40310,PLON,Planet Labs Tokenized Stock (Ondo),planet-labs-tokenized-stock-ondo,app.ondo.finance,40310.png,"{""solana"":""aq2zXUHqx7Zk6HSJH2GYsNajQJZj9f3dV7gAzfuondo"",""ethereum"":""0xa656C5Dd6B64b3AcB6E32aF8A876a48B5748f858"",""bnb"":""0xf9015E0b3AB4ddd216F522D6150dB826c9BE83f8""}"
40311,ENTGON,Entegris Tokenized Stock (Ondo),entegris-tokenized-stock-ondo,app.ondo.finance,40311.png,"{""solana"":""awCwGaVNbYJH2SyQJzgE3mB54gxa6SQEZSKZaHQondo"",""ethereum"":""0x44Abf03ca01B8e7877bC3Dbc37b132F6f25E9450"",""bnb"":""0xfB4a89A077B9020C7101b1Af760BEB708F37a416""}"
40312,STMON,STMicroelectronics Tokenized Stock (Ondo),stmicroelectronics-tokenized-stock-ondo,app.ondo.finance,40312.png,"{""solana"":""bM2VSRfbYPt29YRD9F2wTCSCSQaHtNCuz1znNDCondo"",""ethereum"":""0xF5852886Fff060dF3Af99a4246456fCa26445e8c"",""bnb"":""0x8B46599e0E80a34F37e97DF58E741ca904cdfaBd""}"
40315,SLBON,SLB Tokenized Stock (Ondo),slb-tokenized-stock-ondo,app.ondo.finance,40315.png,"{""solana"":""i7ZS13SF6BCKbzvLujp2UqLNMgM1XVnZ7A7wC6tondo"",""ethereum"":""0xCEA4290d6578f0253308304F7184eA2E8F5EB0E4"",""bnb"":""0xfaDdE620010736a5074a4269894Cb52B0a9a91DE""}"
40316,BTDRON,Bitdeer Technologies Tokenized Stock (Ondo),bitdeer-technologies-tokenized-stock-ondo,app.ondo.finance,40316.png,"{""solana"":""kBUAHgGHFthfnwarWxqYxHqVDnqqieJkXb6kvroondo"",""ethereum"":""0x0683154c33B7563ed39951B4d7C0470EA28D93e9"",""bnb"":""0x3A562836AFB1026F5D7A6B6dA1125D27fdfeE372""}"
40328,SMRON,NuScale Power Tokenized Stock (Ondo),nuscale-power-tokenized-stock-ondo,app.ondo.finance,40328.png,"{""solana"":""bGy2covWNf5qyzoNdV1pWXuLmFi6Dq927o7JXzWondo"",""ethereum"":""0x0a600856eEDCe367eD49C3cd399775DC95d8BB5a"",""bnb"":""0xf4b674D4E33c36F8db4b928A5eEC4E1F87b386e3""}"
40329,ARQQON,Arqit Quantum Tokenized Stock (Ondo),arqit-quantum-tokenized-stock-ondo,app.ondo.finance,40329.png,"{""solana"":""crakmaGKTuVRYqSBsFsuqio5CmpEQnpibDrVLbDondo"",""ethereum"":""0x45583545BE579cc96409903597c5e17B3fd7ceFf"",""bnb"":""0x1161989389A991532dCE453D04d6346C2581c907""}"
40330,ROKON,Rockwell Automation Tokenized Stock (Ondo),rockwell-automation-tokenized-stock-ondo,app.ondo.finance,40330.png,"{""solana"":""e83tWWrVsVk1hRGNz5BCwNr9TMBNWixmoUhWgYcondo"",""ethereum"":""0x4ef7A9145e7B3C92E23A97FB41A9F4E9856288CB"",""bnb"":""0x95F7423c51Eab71cBD00ca855B0B2B2153F14184""}"
40332,ACLSON,Axcelis Technologies Tokenized Stock (Ondo),axcelis-technologies-tokenized-stock-ondo,app.ondo.finance,40332.png,"{""solana"":""jDoTgDRKSgVzkKdkaHZL3DiVmDM4YtYWwRG6Tgfondo"",""ethereum"":""0x6785cE8060655b1F4991C3893dc41814154A1808"",""bnb"":""0xF2e14fCE9259C8A7903c4be5326058aE2D004FC7""}"
40333,KEELON,Keel Infrastructure Tokenized Stock (Ondo),keel-infrastructure-tokenized-stock-ondo,app.ondo.finance,40333.png,"{""solana"":""kSbeWEe64qpoVb1ZSVxgRnekZ1PwGNJkLyL5gJWondo"",""ethereum"":""0x96c662b152BEC886fAcab388bd98470FD3Aa9737"",""bnb"":""0x5e3cA19c533C8C0381eac5319624596557C279ED""}"
40345,UMCON,United Microelectronics Tokenized Stock (Ondo),united-microelectronics-tokenized-stock-ondo,app.ondo.finance,40345.png,"{""solana"":""ieocA48cBX3oiVECgosMGxG649wnf7R8EkVrA5fondo"",""ethereum"":""0x9784508a0758cBb43eCb9b62F4CF4b1b3a36480c"",""bnb"":""0x318ddd4d03d84A40cf44772385A0CFB3D4394049""}"
40347,DGXXON,Digi Power X Tokenized Stock (Ondo),digi-power-x-tokenized-stock-ondo,app.ondo.finance,40347.png,"{""solana"":""jwCKwGoJfx1p4K5XCwqPrq1xyJU1g26Tmf6UcDcondo"",""ethereum"":""0xC76E008965b2f0E37896F52A2FEEe66EF2926ae8"",""bnb"":""0x09f5a6ee1b46787dd252827E40502c4980a0285d""}"
40353,ALABON,Astera Labs Tokenized Stock (Ondo),astera-labs-tokenized-stock-ondo,app.ondo.finance,40353.png,"{""solana"":""cskxd6aqyqJMYgLZmFYfYecWkjasRJDEtm1QVxsondo"",""ethereum"":""0xd6D09189B6fD611A75435e4a123e373A56Ab0e41"",""bnb"":""0x573e11CC667A8E5BE0c7Af2410403371088D3d0D""}"
40356,AAONON,AAON Tokenized Stock (Ondo),aaon-tokenized-stock-ondo,app.ondo.finance,40356.png,"{""solana"":""nwPWRVFCbU3cdXWdJsuwomC5u459xPFdP2vYsmVondo"",""ethereum"":""0x6E9C573e5b8A59CEC47D8E317C148E4b0595FB39"",""bnb"":""0x0B61036b5182A29A228d8eD9e647a16f62baD1bC""}"
40367,POWLON,Powell Industries Tokenized Stock (Ondo),powell-industries-tokenized-stock-ondo,app.ondo.finance,40367.png,"{""solana"":""fRFzaZfGSXPf2r4oBgBBXpisRovMaJZjv1aCQBsondo"",""ethereum"":""0x1b8085e78877dfBA98692Cb918809b35f6280015"",""bnb"":""0xD381aec27DAAcCC87F102FF4Ad6652F8b5F20bA0""}"
40368,BRTRON,iShares Total Return Active ETF Tokenized ETF (Ondo),ishares-total-return-active-etf-tokenized-etf-ondo,app.ondo.finance,40368.png,"{""solana"":""gPwmyo4BM4qgYYCTVgA4eJmzsnYNVMUJYBecYkCondo"",""ethereum"":""0x3d45D340a30f49F036142e5e4D8993b9ad4e3F9a"",""bnb"":""0x463196CC72cBad2D1AC1896CDE0766bfBBd64443""}"
40375,URNMON,Sprott Uranium Miners ETF Tokenized ETF (Ondo),sprott-uranium-miners-etf-tokenized-etf-ondo,app.ondo.finance,40375.png,"{""solana"":""hieZTEZNBU67bMGULK9hWCB9h5jBPKdpRWiXpwkondo"",""ethereum"":""0xa65db7879774BD6758ABaF583A91177AfD96D5A3"",""bnb"":""0xCa626a74420aAaf285987Da23d829f9159Ab867c""}"
40377,AION,C3.ai Tokenized Stock (Ondo),c3ai-tokenized-stock-ondo,app.ondo.finance,40377.png,"{""solana"":""rVMtUyy1ohurejV9qd81y9cPRHNA1A2QqWAErqfondo"",""ethereum"":""0x4554ad55ccA5e7CB97B77813f486aAf6D4D9AB62"",""bnb"":""0xBb8c10f7E828E3279df8CC3397A5212F845C509b""}"
40378,PURRON,Hyperliquid Strategies Tokenized Stock (Ondo),hyperliquid-strategies-tokenized-stock-ondo,app.ondo.finance,40378.png,"{""solana"":""rsiKbHCdsvmExvDfkYWypAXFsqKz6V8XuoxbkHtondo"",""ethereum"":""0x211d1d372E6A782e9786b045004382834bDB224e"",""bnb"":""0x89CC700F308a4C59889fBF3286216554C53B0601""}"
40381,KEYSON,Keysight Technologies Tokenized Stock (Ondo),keysight-technologies-tokenized-stock-ondo,app.ondo.finance,40381.png,"{""solana"":""jYcn4hHgyq1fS46YgecQY9N1gLU3sAxKA3DZVAPondo"",""ethereum"":""0x1E328BBCd67e1bbEE198bb3F90e764812e6E0AC9"",""bnb"":""0x3de956D959726C448649354C6fBCa92B82dC5Ed7""}"
40382,UAMYON,United States Antimony Tokenized Stock (Ondo),united-states-antimony-tokenized-stock-ondo,app.ondo.finance,40382.png,"{""solana"":""nbwNoPaFYNY2c3u4iK6U59ySC2ehFrpjdpfbyLDondo"",""ethereum"":""0x084A613FEd04B5d26672E38dc9c3aa13f3C1AE58"",""bnb"":""0xf8919fe7D586b11D0A900E987c4A41bC6c3195F5""}"
40384,IYWON,iShares US Technology Tokenized ETF (Ondo),ishares-us-technology-tokenized-etf-ondo,app.ondo.finance,40384.png,"{""solana"":""vr8RQPDmYQBruiYsFSV3KZyoWFEsEejxzMCdWrBondo"",""ethereum"":""0x1577D4ae114B6F217453b754AeaC164db44832DA"",""bnb"":""0xbEeEF4361F6603eDAceF5205b343C6bb6473A099""}"
40386,WMBON,Williams Tokenized Stock (Ondo),williams-tokenized-stock-ondo,app.ondo.finance,40386.png,"{""solana"":""bvjmEwQBqbMr6rnx5a74boBz6nmA1DNThujPnNAondo"",""ethereum"":""0xfB6d594CccfDEd3606e1500b92a26b8B43a35071"",""bnb"":""0x7B7AbD762a400c9768CDeeEF3C01DaE39e0B8427""}"
40387,CIENON,Ciena Tokenized Stock (Ondo),ciena-tokenized-stock-ondo,app.ondo.finance,40387.png,"{""solana"":""cY3kDrNWP6DUZcWSQmA6Y4Nf7q5qS5kZ8zF9iLnondo"",""ethereum"":""0x1ffAc2Df9696868D06F9fe8d72fEE9e1452eeF76"",""bnb"":""0x89a9F7114bE6b220fAe645ba0cbB720889867415""}"
40388,AURON,Aurora Innovation Tokenized Stock (Ondo),aurora-innovation-tokenized-stock-ondo,app.ondo.finance,40388.png,"{""solana"":""eGbh3V9R5ujWYwKJZAyM4Eg3sfzLhwKyr4bGbTsondo"",""ethereum"":""0xFc9D0eBBd17d3aAa336a50488795806c69EA4b32"",""bnb"":""0x66a1409FE303d00209202933e3d31eE43AaAB39d""}"
40389,KOPNON,Kopin Tokenized Stock (Ondo),kopin-tokenized-stock-ondo,app.ondo.finance,40389.png,"{""solana"":""eSu547weHVErV8nax42PyJzPT8JodhBfXLDp5vyondo"",""ethereum"":""0xD569Ff7f1560F71874Bc52D4728Fb2921e3DcE05"",""bnb"":""0xED5615c5280E897241b9e4f019562A581cD49390""}"
40390,CCJON,Cameco Tokenized Stock (Ondo),cameco-tokenized-stock-ondo,app.ondo.finance,40390.png,"{""solana"":""fVPj4hHHVEeUrzVnad5fvxFEPGAXD5X6wkw1Xjdondo"",""ethereum"":""0xA9F9BE37b19F261AB067C5f7DEDA2c969Ec66944"",""bnb"":""0xa75F08b9a91439DAac9cc7072857cC0a98Cf527A""}"
40391,VDEON,Vanguard Energy ETF Tokenized ETF (Ondo),vanguard-energy-etf-tokenized-etf-ondo,app.ondo.finance,40391.png,"{""solana"":""hKVpWfYwP1VJ9BcBTPRcovcSpEkvnaN8eXwFoCMondo"",""ethereum"":""0x241Aa03de25Bd3A6B6254258BEF7F287AF94b93C"",""bnb"":""0x9e23662f540C6bc117AdF91230730D9B2FDF5643""}"
40392,EXTRON,Extreme Networks Tokenized Stock (Ondo),extreme-networks-tokenized-stock-ondo,app.ondo.finance,40392.png,"{""solana"":""js1cCZRNx8ircYiQJuhBNMnsA9owr6ZLYx6z2uNondo"",""ethereum"":""0x04c8381e17b6A9245aBBF2e62c544eaEE4030D1b"",""bnb"":""0x1EadA1306DF72A5607827416c1A1307d7056dFFf""}"
40393,NATON,Nordic American Tankers Tokenized Stock (Ondo),nordic-american-tankers-tokenized-stock-ondo,app.ondo.finance,40393.png,"{""solana"":""mmy8WbFRNrjoDsPGqpYmzQAVu7PfGhMCdSRLxZLondo"",""ethereum"":""0x64b84731cEC441370C90c1b06d66A17EAdfAcd0F"",""bnb"":""0x33F3df3cEA2A8c4828e88f30Be932850cf749739""}"
40396,DTCRON,Global X Data Center & Digital Tokenized ETF (Ondo),global-x-data-center-digital-tokenized-etf-ondo,app.ondo.finance,40396.png,"{""solana"":""t29YBAB7g6xzgRJkzmc5NkQ7YRjE3NF8mhsLgppondo"",""ethereum"":""0x4D9216151Dad1AF871A6EeC623e2F04E7a2717b3"",""bnb"":""0xEc4C1944682B8c7ba6c825e9A8B2B32Cb5EcacE5""}"
40400,HUBBON,Hubbell Tokenized Stock (Ondo),hubbell-tokenized-stock-ondo,app.ondo.finance,40400.png,"{""solana"":""ZmiDoowvkpp1Qgx4mmY3qtsHbNV1oE12ApKCbZNondo"",""ethereum"":""0x24e7504246DFdd7E866936e2816BFbEa73bd890a"",""bnb"":""0x1C42C07257F936a7c4f84B8D756c95817E23631A""}"
40401,BEON,Bloom Energy Tokenized Stock (Ondo),bloom-energy-tokenized-stock-ondo,app.ondo.finance,40401.png,"{""solana"":""bBMTGF7atoCizHMT3KCeqJzqR2gXFSUXr53AEDgondo"",""ethereum"":""0x92e04b1fCC2b16347820241D226853Cf01C9eBAB"",""bnb"":""0x17D03aE104a9D12E9E5794Efb109B817Dd7f3404""}"
40407,LITON,Global X Lithium & Battery Tech Tokenized ETF (Ondo),global-x-lithium-battery-tech-tokenized-etf-ondo,app.ondo.finance,40407.png,"{""solana"":""syb82jXkHWbcWgxoRqrvAcoCdsAb3y1fnCYo561ondo"",""ethereum"":""0x3EB4293B73080214012DeF05244eC291094C6C14"",""bnb"":""0xfd7778D5d4e804b5B512471Df36d60C465199A52""}"
40409,BOTON,RoboStrategy Tokenized Stock (Ondo),robostrategy-tokenized-stock-ondo,app.ondo.finance,40409.png,"{""solana"":""b8UDyp3Yx19rcdaBUNegoojyUdhPpiPQ46bFrtQQQon"",""ethereum"":""0x0e05BA0756C504B69AAA642f7379CD1AF7C63969"",""bnb"":""0xC43Ae29aFE58bf90dA6Fe3Edd570C2E735fb2850""}"
40414,HUTON,Hut 8 Tokenized Stock (Ondo),hut-8-tokenized-stock-ondo,app.ondo.finance,40414.png,"{""solana"":""f7iz4BQsnjw95EUyFiBKAnKgo7oBrycfzQdtmDwondo"",""ethereum"":""0xdf3F2315D124F7F8b714Ba031d6e69aA16a61FA2"",""bnb"":""0x3A82f1C847cc55e52e597fD81c63a812C6722541""}"
40418,AIPON,Arteris Tokenized Stock (Ondo),arteris-tokenized-stock-ondo,app.ondo.finance,40418.png,"{""solana"":""jmnrdSzu293vKTWyEx3A2ZRVxxytJKW1wD3CLzkondo"",""ethereum"":""0x0D8EF471a11036Bc6dDa1536069457f7e97daB66"",""bnb"":""0xaE922B6cc2371B6Dce592A82Fac15ef890a7D467""}"
40421,DRAMON,Roundhill Memory ETF Tokenized ETF (Ondo),roundhill-memory-etf-tokenized-etf-ondo,app.ondo.finance,40421.png,"{""solana"":""oXeD5ZesXfJQ3mxtuZdMaccUsWrE8r1SnpYRP2Bondo"",""ethereum"":""0xdB5a8f5B4C17f2Ee2e7192A150687E48eB3C415d"",""bnb"":""0x087b5761b161429013d41eA54cd2fb6022A21564""}"
40426,HIMXON,Himax Technologies Tokenized Stock (Ondo),himax-technologies-tokenized-stock-ondo,app.ondo.finance,40426.png,"{""solana"":""aCx5G8ewGTSzozEn8KmSsr9cvfyFWzGnr22GjFXondo"",""ethereum"":""0xabC32C14CE8502Ff6B63Adc2907B9458c06A6856"",""bnb"":""0x6cF3b84f0Ba4d86d9f6987812A11Db2c447D9483""}"
40428,PENGON,Penguin Solutions Tokenized Stock (Ondo),penguin-solutions-tokenized-stock-ondo,app.ondo.finance,40428.png,"{""solana"":""dWFwjcUKdc7bPH9GEebpJVmEmUjvQTgEWGVR9WYondo"",""ethereum"":""0x41fA6d32917E17cF29a5e93940471492D7c301C8"",""bnb"":""0x2144d620E3471441b12Bf256E01a09EAA5ea7F12""}"
40429,BRLNON,iShares Floating Rate Loan Active ETF Tokenized ETF (Ondo),ishares-floating-rate-loan-active-etf-tokenized-etf-ondo,app.ondo.finance,40429.png,"{""solana"":""fcfpT8y5fpEBJjqmjKLpscZYzVjxR95ErJsb31jondo"",""ethereum"":""0xfcBa0eEBbb946FF933C91D2DDB2991845a400F39"",""bnb"":""0xD41829Dec8b51119176Ee0a6b73BC8B2718546A9""}"
40430,SOXLON,Direxion Daily Semi Bull 3X ETF Tokenized ETF (Ondo),direxion-daily-semi-bull-3x-etf-tokenized-etf-ondo,app.ondo.finance,40430.png,"{""solana"":""isRSJECP9yFPv9YejzGUdjzAGHbF2x5DpVeDqAiondo"",""ethereum"":""0xd318bBBE6B6E83F74e7aCAEb5e94C08ddbDb44c0"",""bnb"":""0xb943c8a0d77b656Daf5244Da060D647Fd9152289""}"
40431,WYFION,WhiteFiber Tokenized Stock (Ondo),whitefiber-tokenized-stock-ondo,app.ondo.finance,40431.png,"{""solana"":""jtnRMv1U3bJHQCsi47E6Lf8Nzkaqsisef7SkHBgondo"",""ethereum"":""0xceb37aD46957047E22f726A7B25B134fC53AD753"",""bnb"":""0xCe128eDcF46B281b7df8880867B74E11B055E8E7""}"
40439,SHLDON,Global X Defense Tech Tokenized ETF (Ondo),global-x-defense-tech-tokenized-etf-ondo,app.ondo.finance,40439.png,"{""solana"":""siVse6kjZb9ihaXHaqoG3mhHyTPEnNCkvSDTheoondo"",""ethereum"":""0xFb4Aa24c9c4E65f82d57d268dA8a65a0dE0DC43B"",""bnb"":""0xe5ca1585c6053EE891027fD0A2548cB3B27D7f01""}"
40440,LEMBON,iShares J.P. Morgan EM Local Currency Bond Tokenized ETF (Ondo),ishares-jp-morgan-em-local-currency-bond-tokenized-etf-ondo,app.ondo.finance,40440.png,"{""solana"":""teZfcA6zpP476eKzED1daqBWDtuwbk9e2Ejk2cpondo"",""ethereum"":""0xd9E7C53205048F83859815852616cd65D87AA83E"",""bnb"":""0x653156b9a46E21906Dddc82414871bBDB0261319""}"
40442,VICRON,Vicor Tokenized Stock (Ondo),vicor-tokenized-stock-ondo,app.ondo.finance,40442.png,"{""solana"":""f9nfUo4SdhCGfHmm81m3ArgDsatwo2jLjEcgCcYondo"",""ethereum"":""0x6c51001149c7782820c107ADcE650692aB6c5378"",""bnb"":""0xa59469D91563CaeedDd2ffC731f41215E7b691ef""}"
40443,NVTSON,Navitas Semiconductor Tokenized Stock (Ondo),navitas-semiconductor-tokenized-stock-ondo,app.ondo.finance,40443.png,"{""solana"":""fXXYmrdSAwVmtNo1ZwrkxVep7BxTsusGzmUZJSPondo"",""ethereum"":""0x2D9fc6C5dD136658ab6190f356ae3186c4Daa7D5"",""bnb"":""0xB56B7C2F9988448790B0F78697F405aB5e8597E6""}"
40444,CPERON,US Copper Index Fund Tokenized ETF (Ondo),us-copper-index-fund-tokenized-etf-ondo,app.ondo.finance,40444.png,"{""solana"":""hpkpc1Xenv5oEpVefk3woWjZa9rxaJxaEaVVA4Fondo"",""ethereum"":""0x22a684E0A3cc9B74596719F722cf4e597AAFA3bA"",""bnb"":""0x0888EDfeC4C0A66FCE074796CF4F6509c00f6c49""}"
40445,QTUMON,Defiance Quantum ETF Tokenized ETF (Ondo),defiance-quantum-etf-tokenized-etf-ondo,app.ondo.finance,40445.png,"{""solana"":""iJAAwDNzJHbgKm5pksL3kXHc3zZewYm37dsZNCPondo"",""ethereum"":""0x4c26BeBd3EC5B0329f24dfeD0de10a7AD205D8c3"",""bnb"":""0x467C7cF9AF95765C1Bd6542FfD516BF9603A19b9""}"
40446,UCTTON,Ultra Clean Holdings Tokenized Stock (Ondo),ultra-clean-holdings-tokenized-stock-ondo,app.ondo.finance,40446.png,"{""solana"":""jCPs1JpVKAwevND3jzeDGAUBBFkJ5TUtiu2SxLbondo"",""ethereum"":""0x77ADB9F3ff7aAcBA0eEcE50d1bBf51adA182d174"",""bnb"":""0xB78ccbcd9DCE42D4fa5fdC835CB6a1aa1095a3b5""}"
40447,TENON,Tsakos Energy Navigation Tokenized Stock (Ondo),tsakos-energy-navigation-tokenized-stock-ondo,app.ondo.finance,40447.png,"{""solana"":""micfqeFfvD9iDKKzuqRHXerFxG8K5VfY8CgrcQoondo"",""ethereum"":""0xdb2e166F0c76b05BC07700CbF74cC36Ae2603624"",""bnb"":""0x686F8264625fe4E51F520Db856003A4dD52A49fF""}"
40449,SILON,Global X Silver Miners Tokenized ETF (Ondo),global-x-silver-miners-tokenized-etf-ondo,app.ondo.finance,40449.png,"{""solana"":""uiSLmtLdqxtbQq5gkwYBvBrZpnSNXZn8h6sjLsDondo"",""ethereum"":""0x603E505799511155A9216D37cF9e051171240b4c"",""bnb"":""0x6A4c1B7aA18638fac4C8e0d1961405E27C25baf1""}"
40450,ENBON,Enbridge Tokenized Stock (Ondo),enbridge-tokenized-stock-ondo,app.ondo.finance,40450.png,"{""solana"":""aqEnHXRnXEQwDXEiFSEU4xHziw3Fco4b5JPkTtnondo"",""ethereum"":""0xB2e9Ec5c62f78596cA4a21a21570b9a00c6D226c"",""bnb"":""0x5397cB3f1E419050D9d7160756dE0f4eD4f5f898""}"
40451,GDON,General Dynamics Tokenized Stock (Ondo),general-dynamics-tokenized-stock-ondo,app.ondo.finance,40451.png,"{""solana"":""hESwwvKsJH4p7Xib5rrM921Ng19cwcQGtxyrgSJondo"",""ethereum"":""0xD68fa0978C257aace5BEc5246b201B56E838D45d"",""bnb"":""0x5d1a9d8aa362a6424b65Fcb601e52FefcE5b4EFA""}"
40452,JBLON,Jabil Tokenized Stock (Ondo),jabil-tokenized-stock-ondo,app.ondo.finance,40452.png,"{""solana"":""igWFQo1W64cQN6QUWYRXhM1UvpPuYTYtLELbDYqqqon"",""ethereum"":""0xD9584f80CCE13afC96BfD0188fd5C81E08f18C85"",""bnb"":""0x8D941EbB4921f8d43CFA65233B14A547f96559fc""}"
40453,SOXSON,Direxion Daily Semi Bear 3X ETF Tokenized ETF (Ondo),direxion-daily-semi-bear-3x-etf-tokenized-etf-ondo,app.ondo.finance,40453.png,"{""solana"":""ivnSAcjCqEtWYTKFbqYe8YoqRZqCBfT4BGP5G1nondo"",""ethereum"":""0x01eb2eE6Ec05C304666210133B762088FF9965aC"",""bnb"":""0x335DD4112704f108b5Ddd8F8a44Bd9ed68522a80""}"
40454,LECOON,Lincoln Electric Tokenized Stock (Ondo),lincoln-electric-tokenized-stock-ondo,app.ondo.finance,40454.png,"{""solana"":""kmppRwWb2odH6D4JWj8Lq9WshMyyUeCYssWQFhiondo"",""ethereum"":""0xD62C0Bf1e1dD6F4FEe1b3D042A9E479Ad1Fb1BCb"",""bnb"":""0x43807bf4ce06F4fbb4FA8DEac37BF274AEa324Da""}"
40455,EMRON,Emerson Electric Tokenized Stock (Ondo),emerson-electric-tokenized-stock-ondo,app.ondo.finance,40455.png,"{""solana"":""nNyVbs9Qty6wU2YcP5KFh4SUxNWTdPtL2W1bTMrondo"",""ethereum"":""0x26719965000A3DCAcc1451F836FbB9c883CCDe85"",""bnb"":""0x60B273bDf00a9A52238Ca706257f61efc55bDeE0""}"
40461,CBRSON,Cerebras Systems Tokenized Stock (Ondo),cerebras-systems-tokenized-stock-ondo,app.ondo.finance,40461.png,"{""solana"":""c7KEKjzaTQYpTrHM2db8yq3bikPpcXrHgBV8Qcgondo"",""ethereum"":""0x61882Bb63aF8e6A39531175CdfDe1Fcd98346503"",""bnb"":""0x441a4D4Fc23f17F4cf23E3d60F12d2BD6F176728""}"
40462,MBLYON,Mobileye Global Tokenized Stock (Ondo),mobileye-global-tokenized-stock-ondo,app.ondo.finance,40462.png,"{""solana"":""eCSPcjdpdKL1546PU3RM6BXkebuKn8iH4iuMcTBondo"",""ethereum"":""0xc4Fa11Ed5141195cCBa19180628fa5091f53790b"",""bnb"":""0xCC977B493f52B4b6B6a0c3594530f2BaEe565E96""}"
40463,HSAION,Hesai Group Tokenized Stock (Ondo),hesai-group-tokenized-stock-ondo,app.ondo.finance,40463.png,"{""solana"":""nagL8iWMNLZVuKFk3bUGDaHyT5ZY4bNfUzsdtGHondo"",""ethereum"":""0xdC7E54dd476812F7cf1d77066f523aFE50eDAb1b"",""bnb"":""0x847ef23A3F99aF79A185ce033e1664165b846eEa""}"
40469,SAPON,SAP Tokenized Stock (Ondo),sap-tokenized-stock-ondo,app.ondo.finance,40469.png,"{""solana"":""bjbrNi96mXAzgvxSuGJ2SRJ5U4N8agbG7wUAKAjondo"",""ethereum"":""0xCAfD1c0EE8B392cb446e3E745A4ADEfF7A861995"",""bnb"":""0x111f6F2B9F1C5f3Ec841690e1deEc606086727dA""}"
40470,TSEMON,Tower Semiconductor Tokenized Stock (Ondo),tower-semiconductor-tokenized-stock-ondo,app.ondo.finance,40470.png,"{""solana"":""cRx9VtwwPTZbVk1DjbMyKzrMWn7nJA22UpMyzFYondo"",""ethereum"":""0xEbe0D1B1d50bC68458Fcdc45C3c276d57CDC422B"",""bnb"":""0x343324170C91c4D8Cf4D439B3E5a619F50621aE7""}"
40473,AGON,First Majestic Silver Tokenized Stock (Ondo),first-majestic-silver-tokenized-stock-ondo,app.ondo.finance,40473.png,"{""solana"":""hrZ5vs6c6v1iWyvEXjGSHs3sQuuj58VzXikNyRWondo"",""ethereum"":""0xaa26e62e51bc5da24ED2B6Fc6491e137d68824B9"",""bnb"":""0xa2a97e3d6140e8ccD058f3b84230F3E1a349b1a3""}"
40484,NOKON,Nokia Tokenized Stock (Ondo),nokia-tokenized-stock-ondo,app.ondo.finance,40484.png,"{""solana"":""amE2ANm5dyG6RTkJHdtzvWcuR8ChBZCEm5Jiqwdondo"",""ethereum"":""0x01E7eaF05Be1d0c2D1834fC65080188376026d07"",""bnb"":""0xE9518CB0010C717DB69001F1418EFF9e97330137""}"
40488,FNON,Fabrinet Tokenized Stock (Ondo),fabrinet-tokenized-stock-ondo,app.ondo.finance,40488.png,"{""solana"":""cfxyRHXjqoKN6hF3oEGu1bpEEFGcEiVXoNG4UUCondo"",""ethereum"":""0x93A96721a624822A6aB6461A7891a5C6b154102F"",""bnb"":""0xA1DaaB37dA2a29A1eC721922b55962eB8B481001""}"
40490,APHON,Amphenol Tokenized Stock (Ondo),amphenol-tokenized-stock-ondo,app.ondo.finance,40490.png,"{""solana"":""fFTZ9Jckm2X811mdqRBS4ckMz5bRAJVjH4Jwofwondo"",""ethereum"":""0xD9C1b5df94063177CF168680b695A417919aE1ae"",""bnb"":""0x70AfC3a600f843d2018dF16B0b316E4BC9c603E9""}"
40491,FLEXON,Flex Tokenized Stock (Ondo),flex-tokenized-stock-ondo,app.ondo.finance,40491.png,"{""solana"":""iicfp8Efr4WfGAP9gXmYzdxmNFi1LV3iVudAmCnondo"",""ethereum"":""0x4493E670F5a077D46Eb3389fFA9Af19999Ea54eD"",""bnb"":""0x102138be022f8D142bcB817F7264921d65209608""}"
40496,USARON,USA Rare Earth Tokenized Stock (Ondo),usa-rare-earth-tokenized-stock-ondo,app.ondo.finance,40496.png,"{""solana"":""aA1dRckexLmQyppFoWmjKDFjrNFUsZeGzZ7L5xpondo"",""ethereum"":""0xE2c149FA719d43912BfE584c71c9a6a018a5e916"",""bnb"":""0x2206E07410A8fE9Ef595e7184B2E9d160fdb7211""}"
40497,OUSTON,Ouster Tokenized Stock (Ondo),ouster-tokenized-stock-ondo,app.ondo.finance,40497.png,"{""solana"":""aV3R9NPU6TkyA6r9NPF5bmAw5XXsjUU7r2whgBqondo"",""ethereum"":""0x67A47353D5449fC24088190c44247d4D4E296073"",""bnb"":""0x30033A17ea24E90631532582a1917c64AFBF87Af""}"
40498,LPTHON,LightPath Technologies Tokenized Stock (Ondo),lightpath-technologies-tokenized-stock-ondo,app.ondo.finance,40498.png,"{""solana"":""dhEXYTmQKbYBH3wbWTMqeZZpADSRprM4jiGYbUMondo"",""ethereum"":""0x9A73A9CC7c5889C521423870e896904F71562504"",""bnb"":""0x6AD19E0A57Cfea0bC521A12C6c82372852842933""}"
40499,PWRON,Quanta Services Tokenized Stock (Ondo),quanta-services-tokenized-stock-ondo,app.ondo.finance,40499.png,"{""solana"":""f1yQz2fo7S24NqrsfaWDkmQ8xoa8yU72c9rEEBdondo"",""ethereum"":""0xB4d71137656150E97f3ed2C18d4a30bE138D8f2e"",""bnb"":""0x2418c2e1aE3B8D767594b3974D32610743f88155""}"
40505,CLSON,Celestica Tokenized Stock (Ondo),celestica-tokenized-stock-ondo,app.ondo.finance,40505.png,"{""solana"":""eL1buL9zFxFhfRbjMfyPu2q9HSAJkUUnHVUgkPdondo"",""ethereum"":""0x1630281079eBaC2E873FB1F1cB41df3D0e451E23"",""bnb"":""0x7b695132b165cb6703F0212bBB1e91A782526156""}"
40517,ALAB,Astera Labs Inc (Derivatives),astera-labs-inc-derivatives,,40517.png,{}
40519,POET,POET Technologies Inc (Derivatives),poet-technologies-inc-derivatives,,40519.png,{}
40520,BBD,BigBull Decentralized (bigbull.finance),bigbull-decentralized,bigbull.finance,40520.png,"{""bnb"":""0x026405b7c5De213e007aC536DD58059C01550BdE""}"
40521,BLOCKS,BlockCoop Sacco Share Token (blockcoopsacco.com),blockcoop-sacco-share-token,blockcoopsacco.com,40521.png,"{""bnb"":""0xfd3f86d951bcddd209241884c021636c2a60e195""}"
40523,AOAS,American Oil Asset Supply,american-oil-asset-supply,aoasgov.com,40523.png,"{""solana"":""AoASMJu7kt5ofkun2jqi4c9hUQVDydYn8TAYdntuUVt3""}"
40524,SATAON,Strive Preferred  Tokenized Stock (Ondo),strive-perferred-tokenized-stock-ondo,app.ondo.finance,40524.png,{}
40525,ROBOTS,Reserve Robotics Tokenized DTF,reserve-robotics-tokenized-dtf,app.reserve.org,40525.png,"{""bnb"":""0x75617e7653f86f074cc30b9fd4ebf52ba9b62247""}"
40526,POWER,Reserve AI Power Tokenized DTF,reserve-ai-power-tokenized-dtf,app.reserve.org,40526.png,"{""bnb"":""0x290bCc0Fd5096cC3261AE2021841c7BC67Cb0f51""}"
40527,BUILDOUT,Reserve AI Infrastructure Tokenized DTF,reserve-ai-infrastructure-tokenized-dtf,app.reserve.org,40527.png,"{""bnb"":""0xd7ce7a841310982acd976d1a6fe7bb6063c5689d""}"
40528,PHOTON,Reserve AI Photonics Tokenized DTF,reserve-ai-photonics-tokenized-dtf,app.reserve.org,40528.png,"{""bnb"":""0xa0fe4e0aeca5479705ce996615b2eacb6b6a10fb""}"
40529,NEOCLOUD,Reserve AI Capacity & Neocloud Tokenized DTF,reserve-ai-capacity-neocloud-tokenized-dtf,app.reserve.org,40529.png,"{""bnb"":""0xf571Fe3F0d74521Bc7310B111Faea931C748f27B""}"
40530,LBM,Litebeam,litebeam,litebeam.xyz,40530.png,"{""base"":""0x15B15FA54b629C634958E8BD639b2fc8af654974""}"
40531,CAP,Cap,cap-app,cap.app,40531.png,"{""ethereum"":""0x99991c6AAbba5a096f24f250b73580F5179b9999"",""bnb"":""0x99991c6AAbba5a096f24f250b73580F5179b9999""}"
40536,MSTRB,Strategy Tokenized bStocks,strategy-tokenized-bstocks,bstocks.finance,40536.png,"{""bnb"":""0xe87afb3076aeb0f9b14e368de8145ae6a2826a14""}"
40538,AMDB,Advanced Micro Devices Tokenized bStocks,advanced-micro-devices-tokenized-bstocks,bstocks.finance,40538.png,"{""bnb"":""0x75fd4cf6f8392e41e70391d60c90c0d5211603a1""}"
40539,EWYB,iShares MSCI South Korea ETF Tokenized bStocks,ishares-msci-south-korea-etf-tokenized-bstocks,bstocks.finance,40539.png,"{""bnb"":""0xbe82f76637dba2c114c41df856c2c51e522e2cb8""}"
40540,INTCB,Intel Tokenized bStocks,intel-tokenized-bstocks,bstocks.finance,40540.png,"{""bnb"":""0xe614e2fc6c787035ff51f452e8e826bfd32d5283""}"
40541,AIVO,AIVO,aivo,aivo.tr,40541.png,"{""solana"":""D6zj7DksyaTJNzQkmjnViHryvYQmNkeeJYkHqp6AEwC9""}"
40542,MAME,Mame Inu,mame-inu,mamebnb.com,40542.png,"{""bnb"":""0xe92F7Fe3EAf61DF28b7B75f3FaAB199333c42302""}"
40543,ZHIPU,Knowledge Atlas Technology JSC Ltd (Derivatives),knowledge-atlas-technology-jsc-ltd-derivatives,,40543.png,{}
40545,PRIME,PRIME,hastra-prime,hastra.io,40545.png,"{""solana"":""3b8X44fLF9ooXaUm3hhSgjpmVs6rZZ3pPoGnGahc3Uu7"",""ethereum"":""0x19ebb35279a16207ec4ba82799cc64715065f7f6""}"
40547,LRCX,Lam Research Corp (Derivatives),lam-research-corp-derivatives,,40547.png,{}
40548,KLAC,KLA Corp (Derivatives),kla-corp-derivatives,,40548.png,{}
40549,SMCI,Super Micro Computer Inc (Derivatives),super-micro-computer-inc-derivatives,,40549.png,{}
40550,MEBT,META BYTE,meta-byte,metabyt.io,40550.png,"{""polygon-ecosystem-token"":""0x99d11Bb9BC5F1EE15a817934F33643dEe41026d5""}"
40551,KORU,Direxion Daily MSCI South Korea Bull 3X ETF (Derivatives),direxion-daily-msci-south-korea-bull-3x-etf-derivatives,,40551.png,{}
40552,SONY,Sony Group Corp (Derivatives),sony-group-corp-derivatives,,40552.png,{}
40555,ACP,Arena Competition Protocol (aof.global),arena-competition-protocol,aof.global,40555.png,"{""ethereum"":""0x104e363ac6521e55a24ae724855362acec3febe6""}"
40556,SBT,Sbarter,sbarter,sbarter.com,40556.png,"{""solana"":""4vCRYQQF24oSyaRfh4rX72zMnPrZSJMQP4pB5yXSMtPu""}"
40557,STRC,Strategy Variable Rate Perpetual Stretch (Derivatives),strategy-variable-rate-perpetual-stretch-derivatives,,40557.png,{}
40558,AVV,AIVIVE,aivive,aivive.ai,40558.png,"{""solana"":""FG4HFf9tc3GbqqQ5fPjJkTwsiJCanuonFrSv4rhvvSsQ""}"
40559,MVLL,GraniteShares 2x Long MRVL Daily ETF (Derivatives),graniteshares-2x-long-mrvl-daily-etf-derivaties,,40559.png,{}
40560,TQQQ,ProShares UltraPro QQQ (Derivatives),proshares-ultrapro-qqq-derivatives,,40560.png,{}
40561,SQQQ,ProShares UltraPro Short QQQ (Derivatives),proshares-ultrapro-short-qqq-derivatives,,40561.png,{}
40563,GROVE,Grove,grove-finance,grove.finance,40563.png,"{""ethereum"":""0xB30FE1Cf884B48a22a50D22a9282004F2c5E9406""}"
40565,TRUEX,TrueX,truex,truexconnect.com,40565.png,"{""solana"":""CucxvPpWtprW28pE8SxGknVMuTiCAS21DQLftLxQCZKz""}"
40566,TOESCOIN,TOES,toes,toescoin.fun,40566.png,"{""solana"":""6ehEcTMCc85aNF4x9CWx8HuvWGhxQtvKdhKVf2HDpump""}"
40567,CATWIF,catwifhat (catwifhat.us),catwifhat-us,catwifhat.us,40567.png,"{""solana"":""5pYB12kEhfhSFXJjZ7JtyqDpt6uUqhsF6iu6Ee9spump""}"
40570,9984,SoftBank Group Corp (Derivatives),softbank-group-corp-derivatives,,40570.png,{}
40571,AATF,American Account Trust Fund,american-account-trust-fund,aatfgov.org,40571.png,"{""solana"":""ATFnv2ftktxraPw4zDqCnWhQYKsiUFn5ZXXTqcQJ8jjD""}"
40574,GTA,Greatest Token Alive,greatest-token-alive,greatesttokenalive.com,40574.png,"{""solana"":""y1Jx8x2yQCJbJ8xm6MDuahELaiBmb6KeNoXqTAspump""}"
40575,WEN,Wendy's Co (Derivatives),wendys-co-derivatives,,40575.png,{}
40576,TSEM,Tower Semiconductor Ltd (Derivatives),tower-semiconductor-ltd-derivatives,,40576.png,{}
40577,KIOXIA,Kioxia Holdings Corp (Derivatives),kioxia-holdings-corp-derivatives,,40577.png,{}
40578,CNT,Centel,centel,centel.io,40578.png,"{""bnb"":""0xb2054c5e812b3417d94fc149a48fe1bdd91d7652""}"
40579,SAFA,South African Football Association Fan Token,south-african-football-association-fan-token,socios.com,40579.png,"{""chiliz"":""0xf81Aa505Df80278Fc4cF2B050086f678D48bDdCE"",""solana"":""EwBBVWVueeUagquPM6HqeoE9zCUwdhu5tQCmvWhWbxnH"",""base"":""0x73ad4f49753fb877761d68be903b299464f92470""}"
40580,BELG,Royal Belgian Football Association Fan Token,royal-belgian-football-association-fan-token,socios.com,40580.png,"{""chiliz"":""0x6c4C9DFE8C940b51B68d00C6D76dE756B252f328"",""solana"":""2aYxvDB3JvJwzGRiDWeiSk1rGpGQj8s2w66dVQvhcKmF"",""base"":""0xdaa70e3b315a8dc54f808d023a754fe4799642f3""}"
40581,SFA,Scotland Football Association Fan Token,scotland-football-association-fan-token,socios.com,40581.png,"{""chiliz"":""0xfaB24366503Eb0fa8CB8FB7d1311159FD4283657"",""solana"":""6mmp4rqjCqhrhdEohPNkTrJaRYxFnTHLXBShBjb48puG"",""base"":""0xc1b5923ed0e1026e3590bac30de5611ffcb71a68""}"
40582,SPAIN,Royal Spanish Football Federation Fan Token,royal-spanish-football-association-fan-token,socios.com,40582.png,"{""solana"":""5J66Ept1vhnkdWy96SFGRFkABJLu6372NoGQ4Jvnm1QF"",""base"":""0x6751b1a8b117dd02a212e46f208079f0328e60e3"",""chiliz"":""0x7A224b67aAA360e48402AAb4Ff12D89eEF9b4cF8""}"
40583,SPCT,SuperChin Token (superchin.io),superchin-token,superchin.io,40583.png,"{""ethereum"":""0x7eaf42D5e6D5192B8D097F1116B75e49d54F7074""}"
40584,BOT,RoboStrategy Inc (Derivatives),robostrategy-inc-derivatives,,40584.png,{}
40585,BUU,Buu (buu-bsc.lol),buu,buu-bsc.lol,40585.png,"{""bnb"":""0x7041cB10808d307cA58981B13838a02158fa6666""}"
40586,ASSETFUNDS,AssetFunds,assetfunds,assetfunds.tech,40586.png,"{""solana"":""Ddi2j3nWfN7meq4jBZUD1VC8QGUe1sNqrQUNxxXwpump""}"
40587,HLX,Helix AI,helix-ai,helix.org,40587.png,"{""ethereum"":""0x28D4e499C4CdE621e1Cea7c9CBf9D43bf75a9525""}"
40588,ANSEM,The Black Bull,the-black-bull,blackbullsol.com,40588.png,"{""solana"":""9cRCn9rGT8V2imeM2BaKs13yhMEais3ruM3rPvTGpump""}"
40589,MSFTB,Microsoft Tokenized bStocks,microsoft-tokenized-bstocks,bstocks.finance,40589.png,"{""bnb"":""0x80106cb3ead06659a5ad19df39d9b4733863b9b0""}"
40590,PLTRB,Palantir Tokenized bStocks,palantir-tokenized-bstocks,bstocks.finance,40590.png,"{""bnb"":""0x0ca5d51d0277bd006fd9607d3e560785ebad8222""}"
40591,LITEB,Lumentum Tokenized bStocks,lumentum-tokenized-bstocks,bstocks.finance,40591.png,"{""bnb"":""0x64748bea17b6d19e242adf20425de2440c656142""}"
40592,METAB,Meta Tokenized bStocks,meta-tokenized-bstocks,bstocks.finance,40592.png,"{""bnb"":""0x7425889fe94f9d693e8daefe88bcced6acfef4c0""}"
40593,QQQB,Invesco QQQ Trust Tokenized bStocks,invesco-qqq-trust-tokenized-bstocks,bstocks.finance,40593.png,"{""bnb"":""0x205812cdbed920aff76c6580abd681a46d11efc7""}"
40598,RAAPL,Apple Tokenized Stock (Reality),apple-tokenized-stock-reality,realityfinance.xyz,40598.png,"{""arbitrum"":""0xaba5e0c80e9f58e391214689fb342049c0d31892""}"
40599,RSMCI,Super Micro Tokenized Stock (Reality),super-micro-tokenized-stock-reality,realityfinance.xyz,40599.png,"{""arbitrum"":""0xa81bb1f785d2fa02284bde4d01a057def801cdf8""}"
40600,RSOXL,Direxion Semiconductor Bull 3X Tokenized Stock (Reality),direxion-semiconductor-bull-3x-tokenized-stock-reality,realityfinance.xyz,40600.png,"{""arbitrum"":""0x25501fea0562fa74dab22dc09dd3f994d5558dce""}"
40601,RAMD,AMD Tokenized Stock (Reality),amd-tokenized-stock-reality,realityfinance.xyz,40601.png,"{""arbitrum"":""0x3fde83d2d577f21f1c0f61c7a53f4f578f8d800f""}"
40602,RMETA,Meta Tokenized Stock (Reality),meta-tokenized-stock-reality,realityfinance.xyz,40602.png,"{""arbitrum"":""0xb65f3005ab2aeede3707f56223c7c45f68cca008""}"
40603,RAMZN,Amazon Tokenized Stock (Reality),amazon-tokenized-stock-reality,realityfinance.xyz,40603.png,"{""arbitrum"":""0xfba9e358f9ad443236155e5c67f2aade032db7a1""}"
40604,RAVGO,Broadcom Tokenized Stock (Reality),broadcom-tokenized-stock-reality,realityfinance.xyz,40604.png,"{""arbitrum"":""0xb79b7b1022fd670f144c9d35af5492d8ba342f45""}"
40605,RNVDA,NVIDIA Tokenized Stock (Reality),nvidia-tokenized-stock-reality,realityfinance.xyz,40605.png,"{""arbitrum"":""0x0a85b6ebe3c150a1979a65656e304033d62b1e12""}"
40606,RQQQ,Invesco QQQ Tokenized Stock (Reality),invesco-qqq-tokenized-stock-reality,realityfinance.xyz,40606.png,"{""arbitrum"":""0x6760e0064eee21c89c21f6c00b752e37cb1cd6de""}"
40607,RTSM,TSMC Tokenized Stock (Reality),tsmc-tokenized-stock-reality,realityfinance.xyz,40607.png,"{""arbitrum"":""0x5a313745bc19509ec7bc8b7e2937e9f0bf0e2dcc""}"
40608,RLLY,Eli Lilly Tokenized Stock (Reality),eli-lilly-tokenized-stock-reality,realityfinance.xyz,40608.png,"{""arbitrum"":""0x3d1c73a5fa0c5de8bfcfcbc1e97f0ffaab0782d5""}"
40609,RMSFT,Microsoft Tokenized Stock (Reality),microsoft-tokenized-stock-reality,realityfinance.xyz,40609.png,"{""arbitrum"":""0xda7c9549e87d4f96585701970acdcc90e8d35024""}"
40610,RIBM,IBM Tokenized Stock (Reality),ibm-tokenized-stock-reality,realityfinance.xyz,40610.png,"{""arbitrum"":""0x054cc8ef9a3d8accdb8f906e941d2298da8ada5a""}"
40611,RWDC,Western Digital Tokenized Stock (Reality),western-digital-tokenized-stock-reality,realityfinance.xyz,40611.png,"{""arbitrum"":""0x2f3842aec3c1e3ee6b505b1d5a7f9b794989b6bd""}"
40612,ROKLO,Oklo Tokenized Stock (Reality),oklo-tokenized-stock-reality,realityfinance.xyz,40612.png,"{""arbitrum"":""0x2c4f334f19fde70b80949a473b4ee68a28bcf02a""}"
40613,RGOOGL,Google Tokenized Stock (Reality),google-tokenized-stock-reality,realityfinance.xyz,40613.png,"{""arbitrum"":""0xca1942edeb697a85af98ef8c74c4910fe9587afb""}"
40614,RMRVL,Marvell Tokenized Stock (Reality),marvell-tokenized-stock-reality,realityfinance.xyz,40614.png,"{""arbitrum"":""0x0ee2b4c14e7d3016db60a25241d656a7cfb1d12b""}"
40615,RRGTI,Rigetti Computing Tokenized Stock (Reality),rigetti-computing-tokenized-stock-reality,realityfinance.xyz,40615.png,"{""arbitrum"":""0x57d62254c7d4d7aa78c4973bb709369b8f2e750f""}"
40616,RMU,Micron Tokenized Stock (Reality),micron-tokenized-stock-reality,realityfinance.xyz,40616.png,"{""arbitrum"":""0x548cc634a64301a346f174071a90efa93dae4eb3""}"
40617,RDELL,Dell Tokenized Stock (Reality),dell-tokenized-stock-reality,realityfinance.xyz,40617.png,"{""arbitrum"":""0x0b331f6b174403ee435587ae4f5c70965d86e0fc""}"
40618,RINTC,Intel Tokenized Stock (Reality),intel-tokenized-stock-reality,realityfinance.xyz,40618.png,"{""arbitrum"":""0xafa43b4badfd062f5f1891a398a0579c904da776""}"
40619,RSQQQ,ProShares UltraPro Short QQQ Tokenized Stock (Reality),proshares-ultrapro-short-qqq-tokenized-stock-reality,realityfinance.xyz,40619.png,"{""arbitrum"":""0x0e24eadee70cbaaf5c5c6b395c68b87344180e5a""}"
40620,RHOOD,Robinhood Tokenized Stock (Reality),robinhood-tokenized-stock-reality,realityfinance.xyz,40620.png,"{""arbitrum"":""0x485cb1ed5662a911eba7f8547eb9e253cf43b8ae""}"
40621,RSOXS,Direxion Semiconductor Bear 3X Tokenized Stock (Reality),direxion-semiconductor-bear-3x-tokenized-stock-reality,realityfinance.xyz,40621.png,"{""arbitrum"":""0x99e46324f2dbeddff40c6ccb1c10434b3c0cffd7""}"
40622,RSIMO,Silicon Motion Tokenized Stock (Reality),silicon-motion-tokenized-stock-reality,realityfinance.xyz,40622.png,"{""arbitrum"":""0xb19b80f1263c466c672831a98e72ef03ec746618""}"
40623,RIREN,IREN Tokenized Stock (Reality),iren-tokenized-stock-reality,realityfinance.xyz,40623.png,"{""arbitrum"":""0x798b5967a0debe6ed3dc16aa36d5cecda1e19f93""}"
40624,RTSLA,Tesla Tokenized Stock (Reality),tesla-tokenized-stock-reality,realityfinance.xyz,40624.png,"{""arbitrum"":""0xf912911c9c8d5131929c758e66e6dc54e65cf3ba""}"
40625,RSPY,SPDR S&P 500 Tokenized Stock (Reality),spdr-sp-500-tokenized-stock-reality,realityfinance.xyz,40625.png,"{""arbitrum"":""0x9a0fda21276f245b89d2b7f1120f42e4466b1cb5""}"
40626,RCOHR,Coherent Tokenized Stock (Reality),coherent-tokenized-stock-reality,realityfinance.xyz,40626.png,"{""arbitrum"":""0xc0f92951471c10781fb8cb0bde5957c6c8c32c49""}"
40627,RFUTU,Futu Tokenized Stock (Reality),futu-tokenized-stock-reality,realityfinance.xyz,40627.png,"{""arbitrum"":""0x061c43ed6bc5b30fb9d371b88b40d3c182ded853""}"
40628,RCIEN,Ciena Tokenized Stock (Reality),ciena-tokenized-stock-reality,realityfinance.xyz,40628.png,"{""arbitrum"":""0xec6ccba2ee82cb64444169b27094870f3a908940""}"
40629,RCRDO,Credo Technology Tokenized Stock (Reality),credo-technology-tokenized-stock-reality,realityfinance.xyz,40629.png,"{""arbitrum"":""0x51d7defe3aa04f704a7c23a22e6d45a4b992bcc3""}"
40630,RAAOI,Applied Optoelectronics Tokenized Stock (Reality),applied-optoelectronics-tokenized-stock-reality,realityfinance.xyz,40630.png,"{""arbitrum"":""0x09cef543943c8092a59c4191b434cf626c43a324""}"
40631,RCBRS,CBRS Tokenized Stock (Reality),cbrs-tokenized-stock-reality,realityfinance.xyz,40631.png,"{""arbitrum"":""0x923c30e0e9be33dca4d9e6c7c055b132bab78b47""}"
40632,RMSTR,MicroStrategy Tokenized Stock (Reality),microstrategy-tokenized-stock-reality,realityfinance.xyz,40632.png,"{""arbitrum"":""0x10fe806857055d3b5ae00d2eabafd3e61f0e89aa""}"
40633,RTQQQ,ProShares UltraPro QQQ Tokenized Stock (Reality),proshares-ultrapro-qqq-tokenized-stock-reality,realityfinance.xyz,40633.png,"{""arbitrum"":""0x947f0803216092d13c9a5a27b8baf66538699965""}"
40634,RIONQ,IonQ Tokenized Stock (Reality),ionq-tokenized-stock-reality,realityfinance.xyz,40634.png,"{""arbitrum"":""0xd2ec64a82a212d6833d0bf851237091a4197aa76""}"
40635,RCRCL,Circle Tokenized Stock (Reality),circle-tokenized-stock-reality,realityfinance.xyz,40635.png,"{""arbitrum"":""0x861a85a78c371bc0a02675bbe00a4cbc0826b421""}"
40636,RDRAM,Global X DRAM ETF Tokenized Stock (Reality),global-x-dram-etf-tokenized-stock-reality,realityfinance.xyz,40636.png,"{""arbitrum"":""0xdaa61aa3d01ef52d71982b52b06dcc84479f8036""}"
40637,RCRWV,CoreWeave Tokenized Stock (Reality),coreweave-tokenized-stock-reality,realityfinance.xyz,40637.png,"{""arbitrum"":""0x3621153439c995084cd0e359a5f5239de41811eb""}"
40638,RMP,MP Materials Tokenized Stock (Reality),mp-materials-tokenized-stock-reality,realityfinance.xyz,40638.png,"{""arbitrum"":""0x583c87f50594cefb90f329b5d8beb88f6c64196d""}"
40639,RAMAT,Applied Materials Tokenized Stock (Reality),applied-materials-tokenized-stock-reality,realityfinance.xyz,40639.png,"{""arbitrum"":""0x5d7b6fdb9c2eae10481467a1db7f0b10c761688f""}"
40640,RAXTI,AXT Tokenized Stock (Reality),axt-tokenized-stock-reality,realityfinance.xyz,40640.png,"{""arbitrum"":""0xb3619c2a4604273f465742a35ff3603feed54ebb""}"
40641,RCLW,Clearwater Paper Tokenized Stock (Reality),clearwater-paper-tokenized-stock-reality,realityfinance.xyz,40641.png,"{""arbitrum"":""0xed4cb1b0e4c0d05f41cb1897589664105a905c2f""}"
40642,RLRCX,Lam Research Tokenized Stock (Reality),lam-research-tokenized-stock-reality,realityfinance.xyz,40642.png,"{""arbitrum"":""0x87735529ab74fabffc02c9007a8df26f73f3b59d""}"
40643,PRESPCX,"SpaceX 
Pre-IPO stock (Republic)",spacex-pre-ipo-stock-republic,republic.com,40643.png,"{""solana"":""4HtfQVWujUfTmZJbtDjSjdJPmqYyri4BpnipjqsD9HLS""}"
40644,RNOW,ServiceNow Tokenized Stock (Reality),servicenow-tokenized-stock-reality,realityfinance.xyz,40644.png,"{""arbitrum"":""0x7b10073e1d32c8f14ca504011a58c79feec5d799""}"
40645,REWY,iShares MSCI South Korea ETF Tokenized Stock (Reality),ishares-msci-south-korea-etf-tokenized-stock-reality,realityfinance.xyz,40645.png,"{""arbitrum"":""0x716e5acbf09813435112ad314fc7499203a0766f""}"
40646,RQBTS,D-Wave Quantum Tokenized Stock (Reality),d-wave-quantum-tokenized-stock-reality,realityfinance.xyz,40646.png,"{""arbitrum"":""0xfdd27509e47c283fdb31cfcceb6c1f022fb5aa2d""}"
40647,RUSAR,USA Rare Earth ETF Tokenized Stock (Reality),usa-rare-earth-etf-tokenized-stock-reality,realityfinance.xyz,40647.png,"{""arbitrum"":""0x09a0730a63ac8a16a257700a9b7d8a7d50ca0e69""}"
40648,RSNDK,SanDisk Tokenized Stock (Reality),sandisk-tokenized-stock-reality,realityfinance.xyz,40648.png,"{""arbitrum"":""0xc78c5a7be0e8d72cdda205e53d1147aaacf5a075""}"
40649,RQCOM,Qualcomm Tokenized Stock (Reality),qualcomm-tokenized-stock-reality,realityfinance.xyz,40649.png,"{""arbitrum"":""0x9382ed4f9024ee0dd3d48fbd474b2735b8e2dbba""}"
40650,RNBIS,Nebius Tokenized Stock (Reality),nebius-tokenized-stock-reality,realityfinance.xyz,40650.png,"{""arbitrum"":""0xb9ed8f34a0b5bf06ee9687a0208dcd708f38e633""}"
40651,RCOIN,Coinbase Tokenized Stock (Reality),coinbase-tokenized-stock-reality,realityfinance.xyz,40651.png,"{""arbitrum"":""0x412ab56d122343de6abeaccec646699bacd85601""}"
40652,RASML,ASML Tokenized Stock (Reality),asml-tokenized-stock-reality,realityfinance.xyz,40652.png,"{""arbitrum"":""0x10d1107c665ae9c1d0c2de4d90222289dc8d317e""}"
40653,RSTX,Seagate Tokenized Stock (Reality),seagate-tokenized-stock-reality,realityfinance.xyz,40653.png,"{""arbitrum"":""0xf1d1ba0fc7829648906657e75436e45662586ebc""}"
40654,RORCL,Oracle Tokenized Stock (Reality),oracle-tokenized-stock-reality,realityfinance.xyz,40654.png,"{""arbitrum"":""0x6b45804a1996365f774e87da6fa2debf1eb026ab""}"
40655,RPLTR,Palantir Tokenized Stock (Reality),palantir-tokenized-stock-reality,realityfinance.xyz,40655.png,"{""arbitrum"":""0xdb1a79026ba57e67c0e769e8be8318fdcacbc909""}"
40656,RBABA,Alibaba Tokenized Stock (Reality),alibaba-tokenized-stock-reality,realityfinance.xyz,40656.png,"{""arbitrum"":""0x7d310a5f26e8e3184280799b6ac1e2e724cee37c""}"
40657,RBE,Bloom Energy Tokenized Stock (Reality),bloom-energy-tokenized-stock-reality,realityfinance.xyz,40657.png,"{""arbitrum"":""0x1a0279b9da7cabfff39bf978f3a6608c14a712c0""}"
40658,RJOBY,Joby Aviation Tokenized Stock (Reality),joby-aviation-tokenized-stock-reality,realityfinance.xyz,40658.png,"{""arbitrum"":""0x5ba1fccd3b366bb57fd712c23c281e1b957eed85""}"
40659,PREOPAI,"OpenAI
Pre-IPO stock (Republic)",openai-pre-ipo-stock-republic,republic.com,40659.png,"{""solana"":""8jo8yuaQj2t48rKKUy5V7txxVihDo1Ayb2HvuBwSisS3""}"
40660,RONDS,Ondas Tokenized Stock (Reality),ondas-tokenized-stock-reality,realityfinance.xyz,40660.png,"{""arbitrum"":""0xdc52742fcabb45045c99285f08ff360fa18d0f1a""}"
40661,RNOK,Nokia Tokenized Stock (Reality),nokia-tokenized-stock-reality,realityfinance.xyz,40661.png,"{""arbitrum"":""0xd6b02ba503474bc02f09d6dfbcce73a0bf97462e""}"
40662,RSOFI,SoFi Tokenized Stock (Reality),sofi-tokenized-stock-reality,realityfinance.xyz,40662.png,"{""arbitrum"":""0xd7f64f582ef3c1a5a7bf332f0735fe44bb90e5f8""}"
40663,RARM,Arm Tokenized Stock (Reality),arm-tokenized-stock-reality,realityfinance.xyz,40663.png,"{""arbitrum"":""0x98b41a04a1eaeed0c4bfac33e23777e7dd1df9ce""}"
40664,RLITE,Lumentum Tokenized Stock (Reality),lumentum-tokenized-stock-reality,realityfinance.xyz,40664.png,"{""arbitrum"":""0x9fa5a66796b4b7dd5cf1be8e5d44739cda384d58""}"
40665,RASTS,AST SpaceMobile Tokenized Stock (Reality),ast-spacemobile-tokenized-stock-reality,realityfinance.xyz,40665.png,"{""arbitrum"":""0xe172d18ea50377eee45cd73ee2e122c5a5bb9be6""}"
40666,RRKLB,Rocket Lab Tokenized Stock (Reality),rocket-lab-tokenized-stock-reality,realityfinance.xyz,40666.png,"{""arbitrum"":""0xc18cd51b629960a9c73405eead4939f5b529f43c""}"
40667,RRDW,Redwire Tokenized Stock (Reality),redwire-tokenized-stock-reality,realityfinance.xyz,40667.png,"{""arbitrum"":""0x8056efc2e48a94d6e3a51db9446ab65bc68dc6a8""}"
40668,RSPCX,SpaceX Tokenized Stock (Reality),spacex-tokenized-stock-reality,realityfinance.xyz,40668.png,"{""arbitrum"":""0x5181b7dd097b42d7787ee78efab86f43d4e12f44""}"
40669,RANET,Arista Networks Tokenized Stock (Reality),arista-networks-tokenized-stock-reality,realityfinance.xyz,40669.png,"{""arbitrum"":""0x022aa996eef50567fb3e0eb9c081ee265bc180a6""}"
40671,OUSD,Open USD,open-usd,joinopenstandard.com,40671.png,"{""solana"":""ousd2mJsPEckLHcSCDxyKD7NDGARZcfLbDZkKiatYHB"",""base"":""0xB2000000000000000000002fEb517dFeC7415344"",""ethereum"":""0x9f6F3991D525015a6F8CaF062C83b62fD3AC4436""}"
40673,DHF,Dark Horse Football,dark-horse-football,darkhorsefootball.com,40673.png,"{""bnb"":""0xEC78b65ac37784141F6E431AccE6b166b6A253b3""}"
40675,MUU,Direxion Daily MU Bull 2X ETF (Derivatives),direxion-daily-mu-bull-2x-etf-derivatives,,40675.png,{}
40676,RAM,Roundhill T-REX 2X Long DRAM Daily Target ETF (Derivatives),roundhill-t-rex-2x-long-dram-daily-target-etf-derivatives,,40676.png,{}
40677,BSP,Bending Spoons SpA (Derivatives),bending-spoons-spa-derivatives,,40677.png,{}
40678,KSTR,KraneShares SSE STAR Market 50 Index ETF (Derivatives),kraneshares-sse-star-market-50-index-etf-derivatives,,40678.png,{}
40679,TTWO,"Take-Two Interactive Software, Inc. Common Stock (Derivatives)",take-two-interactive-software-inc-common-stock-derivatives,,40679.png,{}
40680,TER,"Teradyne, Inc. Common Stock (Derivatives)",teradyne-inc-common-stock-derivatives,,40680.png,{}
40681,FLEX,Flex Ltd. Ordinary Shares (Derivatives),flex-ltd-ordinary-shares-derivatives,,40681.png,{}
40682,TXN,Texas Instruments Incorporated Common Stock (Derivatives),texas-instruments-incorporated-common-stock-derivatives,,40682.png,{}
40683,CAT,"Caterpillar, Inc. Common Stock (Derivatives)",caterpillar-inc-common-stock-derivatives,,40683.png,{}
40684,USGNAA,ALOMOLA,alomola,alomola.org,40684.png,"{""bnb"":""0x6055f4EC69c1461c114af2c5cD629921894b24e7""}"
40685,NVDA,NVIDIA Tokenized Stock (Robinhood),nvidia-tokenized-stock-robinhood,robinhood.com,40685.png,"{""robinhood-placeholder"":""0xd0601CE157Db5bdC3162BbaC2a2C8aF5320D9EEC""}"
40686,QQQ,Invesco QQQ Tokenized ETF (Robinhood),invesco-qqq-tokenized-etf-robinhood,robinhood.com,40686.png,"{""robinhood-placeholder"":""0xD5f3879160bc7c32ebb4dC785F8a4F505888de68""}"
40687,AMD,AMD Tokenized Stock (Robinhood),amd-tokenized-stock-robinhood,robinhood.com,40687.png,"{""robinhood-placeholder"":""0x86923f96303D656E4aa86D9d42D1e57ad2023fdC""}"
40688,NFLX,Netflix Tokenized ETF (Robinhood),netflix-tokenized-etf-robinhood,robinhood.com,40688.png,"{""robinhood-placeholder"":""0xE0444EF8BF4eD74f74FD73686e2ddF4C1c5591E8""}"
40689,PLTR,Palantir Technologies Tokenized Stock (Robinhood),palantir-technologies-tokenized-stock-robinhood,robinhood.com,40689.png,"{""robinhood-placeholder"":""0x894E1EC2D74FFE5AEF8Dc8A9e84686acCB964F2A""}"
40690,RKLB,Rocket Lab Corporation Tokenized Stock (Robinhood),rocket-lab-corporation-tokenized-stock-robinhood,robinhood.com,40690.png,"{""robinhood-placeholder"":""0x3b14C39E89D60D627b42a1A4CA45b5bb45Fc12e2""}"
40691,TSLA,Tesla Tokenized Stock (Robinhood),tesla-tokenized-stock-robinhood,robinhood.com,40691.png,"{""robinhood-placeholder"":""0x322F0929c4625eD5bAd873c95208D54E1c003b2d""}"
40692,CRWV,CoreWeave Tokenized Stock (Robinhood),coreweave-tokenized-stock-robinhood,robinhood.com,40692.png,"{""robinhood-placeholder"":""0x5f10A1C971B69e47e059e1dC91901B59b3fB49C3""}"
40694,SPY,SPDR S&P 500 Trust Tokenized ETF (Robinhood),spdr-sp-500-trust-tokenized-etf-robinhood,robinhood.com,40694.png,"{""robinhood-placeholder"":""0x117cc2133c37B721F49dE2A7a74833232B3B4C0C""}"
40695,MSFT,Microsoft Tokenized Stock (Robinhood),microsoft-tokenized-stock-robinhood,robinhood.com,40695.png,"{""robinhood-placeholder"":""0xe93237C50D904957Cf27E7B1133b510C669c2e74""}"
40696,MU,Micron Technology Tokenized Stock (Robinhood),micron-technology-tokenized-stock-robinhood,robinhood.com,40696.png,"{""robinhood-placeholder"":""0xfF080c8ce2E5feadaCa0Da81314Ae59D232d4afD""}"
40697,INTC,Intel Tokenized Stock (Robinhood),intel-tokenized-stock-robinhood,robinhood.com,40697.png,"{""robinhood-placeholder"":""0xc72b96e0E48ecd4DC75E1e45396e26300BC39681""}"
40698,CBRS,Cerebras Systems Tokenized Stock (Robinhood),cerebras-systems-tokenized-stock-robinhood,robinhood.com,40698.png,"{""robinhood-placeholder"":""0x5c90450Bbb4273D7b2f17CF6917AEB237A569679""}"
40699,AAOI,Applied Optoelectronics Tokenized Stock (Robinhood),applied-optoelectronics-tokenized-stock-robinhood,robinhood.com,40699.png,"{""robinhood-placeholder"":""0x521Cf887E6531c6F667b5BC4D896E5d9bfE8EB2E""}"
40700,SNDK,Sandisk Corporation Tokenized Stock (Robinhood),sandisk-corporation-tokenized-stock-robinhood,robinhood.com,40700.png,"{""robinhood-placeholder"":""0xB90A19fF0Af67f7779afF50A882A9CfF42446400""}"
40701,IONQ,IonQ Tokenized Stock (Robinhood),ionq-tokenized-stock-robinhood,robinhood.com,40701.png,"{""robinhood-placeholder"":""0x558378E000D634A36593E338eBacdd6207640EfE""}"
40702,RBLX,Roblox Tokenized Stock (Robinhood),roblox-tokenized-stock-robinhood,robinhood.com,40702.png,"{""robinhood-placeholder"":""0xF0C4BF4C582cb3836e98394b1d4e7B7281101bE8""}"
40703,AAPL,Apple Tokenized Stock (Robinhood),apple-tokenized-stock-robinhood,robinhood.com,40703.png,"{""robinhood-placeholder"":""0xaF3D76f1834A1d425780943C99Ea8A608f8a93f9""}"
40704,GME,GameStop Tokenized Stock (Robinhood),gamestop-tokenized-stock-robinhood,robinhood.com,40704.png,"{""robinhood-placeholder"":""0x1b0E319c6A659F002271B69dB8A7df2F911c153E""}"
40705,AVGO,Broadcom Tokenized Stock (Robinhood),broadcom-tokenized-stock-robinhood,robinhood.com,40705.png,"{""robinhood-placeholder"":""0x156E175DD063a8cE274C50654eF40e0032b3fbcF""}"
40706,RDW,Redwire Tokenized Stock (Robinhood),redwire-tokenized-stock-robinhood,robinhood.com,40706.png,"{""robinhood-placeholder"":""0x92Ef19E82bD8fF36661DE838D5eaE7e5CEF0EfFE""}"
40707,SLV,iShares Silver Trust Tokenized Commodity (Robinhood),ishares-silver-trust-tokenized-commodity-robinhood,robinhood.com,40707.png,"{""robinhood-placeholder"":""0x411eFb0E7f985935DAec3D4C3ebaEa0d0AD7D89f""}"
40708,CRCL,Circle Internet Group Tokenized Stock (Robinhood),circle-internet-group-tokenized-stock-robinhood,robinhood.com,40708.png,"{""robinhood-placeholder"":""0xdF0992E440dD0be65BD8439b609d6D4366bf1CB5""}"
40711,RIVN,Rivian Automotive Tokenized Stock (Robinhood),rivian-automotive-tokenized-stock-robinhood,robinhood.com,40711.png,"{""robinhood-placeholder"":""0xB1BF26c1D20ff267A4f93550d1E0d06ac40a114B""}"
40713,GLW,Corning Tokenized Stock (Robinhood),corning-tokenized-stock-robinhood,robinhood.com,40713.png,"{""robinhood-placeholder"":""0x7c04E6A3368F2A1DE3874f0e80d2e0A1a9915da6""}"
40714,QBTS,D-Wave Quantum Tokenized Stock (Robinhood),d-wave-quantum-tokenized-stock-robinhood,robinhood.com,40714.png,"{""robinhood-placeholder"":""0xC583c60aeF9Dc401Da72cEC1B404743a93cea1Cc""}"
40715,DDOG,Datadog Tokenized Stock (Robinhood),datadog-tokenized-stock-robinhood,robinhood.com,40715.png,"{""robinhood-placeholder"":""0x27c99fBde9D0d2AA4f4Bfb4943f237843DdF6958""}"
40716,FUTU,Futu Holdings Tokenized Stock (Robinhood),futu-holdings-tokenized-stock-robinhood,robinhood.com,40716.png,"{""robinhood-placeholder"":""0xeB30663bDFf0622Ef4e4E5cBb4E975F19f33f51D""}"
40717,ELF,e.l.f. Beauty Tokenized Stock (Robinhood),elf-beauty-tokenized-stock-robinhood,robinhood.com,40717.png,"{""robinhood-placeholder"":""0x39EC44Bee4F6A116c6F9B8De566848a985C53C60""}"
40718,AMZN,Amazon Tokenized Stock (Robinhood),amazon-tokenized-stock-robinhood,robinhood.com,40718.png,"{""robinhood-placeholder"":""0x12f190a9F9d7D37a250758b26824B97CE941bF54""}"
40719,SOXX,iShares Semiconductor Tokenized ETF (Robinhood),ishares-semiconductor-tokenized-etf-robinhood,robinhood.com,40719.png,"{""robinhood-placeholder"":""0x75742c18BC1f1C5c5f448f4C9D9C6F66dafAAa38""}"
40720,LLY,Eli Lilly Tokenized Stock (Robinhood),eli-lilly-tokenized-stock-robinhood,robinhood.com,40720.png,"{""robinhood-placeholder"":""0x8005d266423c7ea827372c9c864491e5786600ea""}"
40721,CCL,Carnival Corporation Tokenized Stock (Robinhood),carnival-corporation-tokenized-stock-robinhood,robinhood.com,40721.png,"{""robinhood-placeholder"":""0x9651342CeA770aE9a2969Ba2A52611523146aef9""}"
40722,COIN,Coinbase Tokenized Stock (Robinhood),coinbase-tokenized-stock-robinhood,robinhood.com,40722.png,"{""robinhood-placeholder"":""0x6330D8C3178a418788dF01a47479c0ce7CCF450b""}"
40723,MRVL,Marvell Technology Tokenized Stock (Robinhood),marvell-technology-tokenized-stock-robinhood,robinhood.com,40723.png,"{""robinhood-placeholder"":""0x62fd0668e10D8B72339BE2DCF7643001688ff13B""}"
40724,ASTS,AST SpaceMobile Tokenized Stock (Robinhood),ast-spacemobile-tokenized-stock-robinhood,robinhood.com,40724.png,"{""robinhood-placeholder"":""0x1AF6446f07eb1d97c546AFC8c9544cBDF3AD5137""}"
40725,SOFI,SoFi Technologies Tokenized Stock (Robinhood),sofi-technologies-tokenized-stock-robinhood,robinhood.com,40725.png,"{""robinhood-placeholder"":""0x98E75885157C80992A8D41b696D8c9C6Fb30A926""}"
40726,ASML,ASML Holding NV Tokenized Stock (Robinhood),asml-holding-nv-tokenized-stock-robinhood,robinhood.com,40726.png,"{""robinhood-placeholder"":""0x47F93d52cBeC7C6D2CfC080e154002370a60dAEA""}"
40727,SHOP,Shopify Tokenized Stock (Robinhood),shopify-tokenized-stock-robinhood,robinhood.com,40727.png,"{""robinhood-placeholder"":""0xF53F66751B1Eff985311b693531E3290F600c410""}"
40728,ZM,Zoom Tokenized Stock (Robinhood),zoom-tokenized-stock-robinhood,robinhood.com,40728.png,"{""robinhood-placeholder"":""0x44c4F142009036cF477eD2d09932051843137CF1""}"
40729,FLNC,Fluence Energy Tokenized Stock (Robinhood),fluence-energy-tokenized-stock-robinhood,robinhood.com,40729.png,"{""robinhood-placeholder"":""0x282e87451E10fA6679BC7D76C69BE44cD3fC777C""}"
40730,UMC,United Microelectronics Tokenized Stock (Robinhood),united-microelectronics-tokenized-stock-robinhood,robinhood.com,40730.png,"{""robinhood-placeholder"":""0x0E6e67Ba88e7b5d9B67636A215c76779B948dE79""}"
40731,IREN,IREN Limited Tokenized Stock (Robinhood),iren-limited-tokenized-stock-robinhood,robinhood.com,40731.png,"{""robinhood-placeholder"":""0xF0AB0c93bE6F41369d302e55db1A96b3c430212D""}"
40732,XLK,State Street Technology Sector Tokenized ETF (Robinhood),state-street-technology-sector-tokenized-etf-robinhood,robinhood.com,40732.png,"{""robinhood-placeholder"":""0x15Cd20759CE7F3285c29A319dE2D1A2e098c6f43""}"
40734,INTU,Intuit Tokenized Stock (Robinhood),intuit-tokenized-stock-robinhood,robinhood.com,40734.png,"{""robinhood-placeholder"":""0x56d23beE5f41A7120170b0c603Dae30128e460e9""}"
40735,INOD,Innodata Tokenized Stock (Robinhood),innodata-tokenized-stock-robinhood,robinhood.com,40735.png,"{""robinhood-placeholder"":""0xf1953DAB6FaD537488d5A022361FfAa8B4c95eC6""}"
40736,P,Everpure Tokenized Stock (Robinhood),everpure-tokenized-stock-robinhood,robinhood.com,40736.png,"{""robinhood-placeholder"":""0x1Cdad396DB64BDa184d5182A97Dd9B3C62100b7D""}"
40737,USO,United States Oil Fund Tokenized Commodity (Robinhood),united-states-oil-fund-tokenized-commodity-robinhood,robinhood.com,40737.png,"{""robinhood-placeholder"":""0xa30FA36Db767ad9eD3f7a60fC79526fB4d56D344""}"
40738,USAR,USA Rare Earth Tokenized Stock (Robinhood),usa-rare-earth-tokenized-stock-robinhood,robinhood.com,40738.png,"{""robinhood-placeholder"":""0xd917B029C761D264c6A312BBbcDA868658eF86a6""}"
40739,BABA,Alibaba Tokenized Stock (Robinhood),alibaba-tokenized-stock-robinhood,robinhood.com,40739.png,"{""robinhood-placeholder"":""0xad25Ac6C84D497db898fa1E8387bf6Af3532a1c4""}"
40740,NOW,ServiceNow Tokenized Stock (Robinhood),servicenow-tokenized-stock-robinhood,robinhood.com,40740.png,"{""robinhood-placeholder"":""0x0C3260aF4B8f13a69c4c2dFb84fD667890CDFa14""}"
40741,XOM,Exxon Mobil Tokenized Stock (Robinhood),exxon-mobil-tokenized-stock-robinhood,robinhood.com,40741.png,"{""robinhood-placeholder"":""0xf9B46d3D1B22199D4D1025a9cEDB540A33F1a2d5""}"
40742,BA,Boeing Tokenized Stock (Robinhood),boeing-tokenized-stock-robinhood,robinhood.com,40742.png,"{""robinhood-placeholder"":""0x4D21483a44Bf67a86b77E3dA301411880797D452""}"
40743,DELL,Dell Tokenized Stock (Robinhood),dell-tokenized-stock-robinhood,robinhood.com,40743.png,"{""robinhood-placeholder"":""0x941AE714EC6D8130c7B75d67160Ca08f1e7d11Dd""}"
40744,QUBT,Quantum Computing Tokenized Stock (Robinhood),quantum-computing-tokenized-stock-robinhood,robinhood.com,40744.png,"{""robinhood-placeholder"":""0x59818904ab4cE163b3cE4FfB64f2D6Ca02c434B4""}"
40745,MSTR,Strategy Inc. Tokenized Stock (Robinhood),strategy-inc-tokenized-stock-robinhood,robinhood.com,40745.png,"{""robinhood-placeholder"":""0xec262a75e413fAfD0dF80480274532C79D42da09""}"
40747,APLD,Applied Digital Tokenized Stock (Robinhood),applied-digital-tokenized-stock-robinhood,robinhood.com,40747.png,"{""robinhood-placeholder"":""0xb8DBf92F9741c9ac1c32115E78581f23509916FD""}"
40748,UPS,UPS Tokenized Stock (Robinhood),ups-tokenized-stock-robinhood,robinhood.com,40748.png,"{""robinhood-placeholder"":""0xf23250dac154D05Bb671CB0d0eBEf3c635c79CE2""}"
40749,QCOM,Qualcomm Tokenized Stock (Robinhood),qualcomm-tokenized-stock-robinhood,robinhood.com,40749.png,"{""robinhood-placeholder"":""0x0f17206447090e464C277571124dD2688E48AEA9""}"
40750,LITE,Lumentum Tokenized Stock (Robinhood),lumentum-tokenized-stock-robinhood,robinhood.com,40750.png,"{""robinhood-placeholder"":""0x8eF20885F94e3D9bc7eB3080279188Bd5ED7c08C""}"
40751,CLSK,CleanSpark Tokenized Stock (Robinhood),cleanspark-tokenized-stock-robinhood,robinhood.com,40751.png,"{""robinhood-placeholder"":""0xcBB95BBF36099d34dA091dc6Fa6F49EfA257Cee3""}"
40752,AMAT,Applied Materials Tokenized Stock (Robinhood),applied-materials-tokenized-stock-robinhood,robinhood.com,40752.png,"{""robinhood-placeholder"":""0x36046893810a7E7fCE501229d57dc3FC8c8716d0""}"
40753,TTWO,Take-Two Interactive Software Tokenized Stock (Robinhood),take-two-interactive-software-tokenized-stock-robinhood,robinhood.com,40753.png,"{""robinhood-placeholder"":""0x5e81213613b6B86EaB4c6c50d718d34359459786""}"
40754,MDB,MongoDB Tokenized Stock (Robinhood),mongodb-tokenized-stock-robinhood,robinhood.com,40754.png,"{""robinhood-placeholder"":""0xDdf2266b79abf0B48898959B0ed6E6adf512be74""}"
40755,F,Ford Motor Tokenized Stock (Robinhood),ford-motor-tokenized-stock-robinhood,robinhood.com,40755.png,"{""robinhood-placeholder"":""0x25C288E6D899b9BC30160965aD9644c67e73bE0C""}"
40756,LULU,Lululemon Tokenized Stock (Robinhood),lululemon-tokenized-stock-robinhood,robinhood.com,40756.png,"{""robinhood-placeholder"":""0x4e62068525Ab11FE768e29dfD00ef909B9803016""}"
40757,GOOGL,Alphabet Class A Tokenized Stock (Robinhood),alphabet-class-a-tokenized-stock-robinhood,robinhood.com,40757.png,"{""robinhood-placeholder"":""0x2e0847E8910a9732eB3fb1bb4b70a580ADAD4FE3""}"
40758,BE,Bloom Energy Tokenized Stock (Robinhood),bloom-energy-tokenized-stock-robinhood,robinhood.com,40758.png,"{""robinhood-placeholder"":""0x822CC93fFD030293E9842c30BBD678F530701867""}"
40759,POET,POET Technologies Tokenized Stock (Robinhood),poet-technologies-tokenized-stock-robinhood,robinhood.com,40759.png,"{""robinhood-placeholder"":""0xcf6B2D875361be807EAfa57458c80f28521F9333""}"
40761,PENG,Penguin Solutions Tokenized Stock (Robinhood),penguin-solutions-tokenized-stock-robinhood,robinhood.com,40761.png,"{""robinhood-placeholder"":""0x9b23573b156B52565012F5cE02CDF60AFBaa70Be""}"
40762,COST,Costco Tokenized Stock (Robinhood),costco-tokenized-stock-robinhood,robinhood.com,40762.png,"{""robinhood-placeholder"":""0x4EA005168D7F09a7A0Ba9D1DEf21a479950E44C2""}"
40763,EWY,iShares MSCI South Korea fund Tokenized ETF (Robinhood),ishares-msci-south-korea-fund-tokenized-etf-robinhood,robinhood.com,40763.png,"{""robinhood-placeholder"":""0x7f0aBeF0C07280F82c6a08ead09dEd6BAE2C13Fc""}"
40764,CELH,Celsius Tokenized Stock (Robinhood),celsius-tokenized-stock-robinhood,robinhood.com,40764.png,"{""robinhood-placeholder"":""0x8cF07C5A878945185d327aAa6e33FAa95F95e7bF""}"
40765,SPMO,Invesco S&P 500 Momentum Tokenized ETF (Robinhood),invesco-sp-500-momentum-tokenized-etf-robinhood,robinhood.com,40765.png,"{""robinhood-placeholder"":""0xAd622320e520de39e72d41EF07438C3Fd3354875""}"
40766,ZS,Zscaler Tokenized Stock (Robinhood),zscaler-tokenized-stock-robinhood,robinhood.com,40766.png,"{""robinhood-placeholder"":""0x7dc013eB55e436f30d7ED1AFE4E36d6e45e3c3f7""}"
40767,TSEM,Tower Semiconductor Tokenized Stock (Robinhood),tower-semiconductor-tokenized-stock-robinhood,robinhood.com,40767.png,"{""robinhood-placeholder"":""0x89776d4Cd68193597A2fC132cfaC1fDe36CCeA8a""}"
40768,RGTI,Rigetti Computing Tokenized Stock (Robinhood),rigetti-computing-tokenized-stock-robinhood,robinhood.com,40768.png,"{""robinhood-placeholder"":""0x284358abc07F9359f19f4b5b4aC91901Be2597Ba""}"
40769,TSM,TSMC Tokenized Stock (Robinhood),tsmc-tokenized-stock-robinhood,robinhood.com,40769.png,"{""robinhood-placeholder"":""0x58FfE4a942d3885bAa22D7520691F611EF09e7AA""}"
40770,NBIS,Nebius Group Tokenized Stock (Robinhood),nebius-group-tokenized-stock-robinhood,robinhood.com,40770.png,"{""robinhood-placeholder"":""0x9D9c6684F596F66a64C030B93A886D51Fd4D7931""}"
40771,LUNR,Intuitive Machines Tokenized Stock (Robinhood),intuitive-machines-tokenized-stock-robinhood,robinhood.com,40771.png,"{""robinhood-placeholder"":""0xa5D4968421bA94814Be3B136b15cf422101aC1a3""}"
40772,MXL,MaxLinear Tokenized Stock (Robinhood),maxlinear-tokenized-stock-robinhood,robinhood.com,40772.png,"{""robinhood-placeholder"":""0x48961813349333209994750ffA89b3c5C22eC969""}"
40773,ORCL,Oracle Tokenized Stock (Robinhood),oracle-tokenized-stock-robinhood,robinhood.com,40773.png,"{""robinhood-placeholder"":""0xb0992820E760d836549ba69BC7598b4af75dEE03""}"
40774,SMCI,Super Micro Computer Tokenized Stock (Robinhood),super-micro-computer-tokenized-stock-robinhood,robinhood.com,40774.png,"{""robinhood-placeholder"":""0xc01aA1fECeC0605b13bc84874ff7256C0f5F562a""}"
40775,NU,Nu Tokenized Stock (Robinhood),nu-tokenized-stock-robinhood,robinhood.com,40775.png,"{""robinhood-placeholder"":""0x408c14038a04f7bD235329E26d2bf569ee20e250""}"
40777,RDDT,Reddit Tokenized Stock (Robinhood),reddit-tokenized-stock-robinhood,robinhood.com,40777.png,"{""robinhood-placeholder"":""0x05b37Fb53A299a1b874A619e1c4C404D52C36F4C""}"
40778,WDAY,Workday Tokenized Stock (Robinhood),workday-tokenized-stock-robinhood,robinhood.com,40778.png,"{""robinhood-placeholder"":""0x82DA4646242e1D962e96e932269Dc644c94a9CaA""}"
40779,NNE,Nano Nuclear Energy Tokenized Stock (Robinhood),nano-nuclear-energy-tokenized-stock-robinhood,robinhood.com,40779.png,"{""robinhood-placeholder"":""0xBEF75684C43c4ea7BD18Dd532a2244674Ee8b926""}"
40780,META,Meta Platforms Tokenized Stock (Robinhood),meta-platforms-tokenized-stock-robinhood,robinhood.com,40780.png,"{""robinhood-placeholder"":""0xc0D6457C16Cc70d6790Dd43521C899C87ce02f35""}"
40781,SGOV,iShares 0-3 Month Tokenized Treasury Bond ETF (Robinhood),ishares-0-3-month-tokenized-treasury-bond-etf-robinhood,robinhood.com,40781.png,"{""robinhood-placeholder"":""0x92FD66527192E3e61d4DDd13322Aa222DE86F9B5""}"
40783,CRWD,CrowdStrike Holdings Tokenized Stock (Robinhood),crowdstrike-holdings-tokenized-stock-robinhood,robinhood.com,40783.png,"{""robinhood-placeholder"":""0xea72Ecca2d0f6bFA1394DBBCff85b52CD4233931""}"
40786,SKHYX,SK hynix tokenized stock (xStock),sk-hynix-tokenized-stock-xstock,xstocks.fi,40786.png,"{""solana"":""XsnhgGRQwhExfS2bmWzR6EYddKGPRGDEjeJsatkmKqU"",""ethereum"":""0x58100046a4afcd4ee4fadbd4244f3f895a341c56"",""mantle"":""0x58100046a4afcd4ee4fadbd4244f3f895a341c56"",""ink-token"":""0x58100046a4afcd4ee4fadbd4244f3f895a341c56"",""arbitrum"":""0x58100046a4afcd4ee4fadbd4244f3f895a341c56"",""okb"":""0x58100046a4Afcd4eE4faDbD4244f3f895a341c56"",""hyperliquid"":""0x58100046a4afcd4ee4fadbd4244f3f895a341c56"",""optimism-ethereum"":""0x58100046a4afcd4ee4fadbd4244f3f895a341c56"",""gram"":""EQAAeiQvlTTyF48sbx1Am_muV5h6FXC0EMhrAJyK_yVG2qhB"",""bnb"":""0x58100046a4afcd4ee4fadbd4244f3f895a341c56""}"
40787,MTHT,Mermaid Treasure Hunt Token (mthttoken.com),mermaid-treasure-hunt-token,mthttoken.com,40787.png,"{""bnb"":""0xc968f1c545f2714c3140208e1e0adbf1958f2ff7""}"
40788,KAMIRAI,Kamirai,kamirai,kamirai.io,40788.png,"{""bnb"":""0x12bfe0251Eb64c6e26d1A264673593D6164ca213""}"
40789,COINB,Coinbase Tokenized bStocks,coinbase-tokenized-bstocks,bstocks.finance,40789.png,"{""bnb"":""0x585bde7c54abb5ccd7791f923d6c2187635f3952""}"
40790,SPYB,State Street SPDR S&P 500 ETF Tokenized bStocks,state-street-spdr-sp-500-etf-tokenized-bstocks,bstocks.finance,40790.png,"{""bnb"":""0x7138b48df7d98d7e3cc221bfe7192d0a178182d8""}"
40791,CBRSB,Cerebras Tokenized bStocks,cerebras-tokenized-bstocks,bstocks.finance,40791.png,"{""bnb"":""0xe81c6bb0266cd68b4f17278531dd03ea1f12da4e""}"
40792,QCOMB,Qualcomm Tokenized bStocks,qualcomm-tokenized-bstocks,bstocks.finance,40792.png,"{""bnb"":""0x5f7a56e877b9130608bf8be962621011182fefe1""}"
40793,GOOGLB,Alphabet Tokenized bStocks,alphabet-tokenized-bstocks,bstocks.finance,40793.png,"{""bnb"":""0x3f53de71c126bdabae20f9cd64848d317f6c3238""}"
40794,SOXLB,Semicon Bull 3X ETF Tokenized bStocks,semicon-bull-3x-etf-tokenized-bstocks,bstocks.finance,40794.png,"{""bnb"":""0xd97d097a89113fa59b76c572e5b2eb647e8eefaf""}"
40795,GLWB,Corning Tokenized bStocks,corning-tokenized-bstocks,bstocks.finance,40795.png,"{""bnb"":""0x740e075cbbea22a082b9d6679e65e82767875b6a""}"
40796,WDCB,Western Digital Tokenized bStocks,western-digital-tokenized-bstocks,bstocks.finance,40796.png,"{""bnb"":""0xebe29695f8047c13d36e7a790ca8c1b239ffad1c""}"
40797,NBISB,Nebius Tokenized bStocks,nebius-tokenized-bstocks,bstocks.finance,40797.png,"{""bnb"":""0xe256bc2a4f5297f8ba6f043f180a46300ecbcbb1""}"
40798,DRAMB,Roundhill Memory ETF Tokenized bStocks,roundhill-memory-etf-tokenized-bstocks,bstocks.finance,40798.png,"{""bnb"":""0x93862d63fd9fd488b1328e9b47717d75e994a84b""}"
40799,GTAVI,Grand Theft Auto VI (gtavieth.com),grand-theft-auto-vi,gtavieth.com,40799.png,"{""ethereum"":""0x2e5ef97C96D6a44CcB8Db9C30f2F5DCec04BB6f9""}"
40801,TCC,TCryptochicks,tcryptochicks,,40801.png,"{""bnb"":""0xa4390B901a63641c92327E5793b45FCB46954444""}"
40802,APLD,Applied Digital Corp (Derivatives),applied-digital-corp-derivatives,,40802.png,{}
40803,SIMO,Silicon Motion Technology Corp (Derivatives),silicon-motion-technology-corp-derivatives,,40803.png,{}
40804,OSCR,Oscar Health Inc (Derivatives),oscar-health-inc-derivatives,,40804.png,{}
40805,UNIC,UNI TOKEN (uniccrypto.com),uni-token,uniccrypto.com,40805.png,"{""bnb"":""0xde9cB77FA1a0ED3b33d10379A822D7e3c7A4FFFc""}"
40806,ASTEROID,Asteroid The Space Shiba Inu (asteroid.charity),asteroid-the-space-shiba-inu,asteroid.charity,40806.png,"{""solana"":""4UeLCRqARmfb6e6KQijtiktqqXUxbfk6jZng7DhuBAGS""}"
40807,SHAZ,SharonAI Holdings Inc (Derivatives),sharonai-holdings-inc-derivatives,,40807.png,{}
40808,SUSDD,Savings USDD,savings-usdd,usdd.io,40808.png,"{""ethereum"":""0xc5d6a7b61d18afa11435a889557b068bb9f29930"",""bnb"":""0x8ba9da757d1d66c58b1ae7e2ed6c04087348a82d""}"
40809,CASHCAT,Cash Cat,cash-cat,cashcattoken.xyz,40809.png,"{""robinhood-placeholder"":""0x020bfc650a365f8bb26819deaabf3e21291018b4""}"
40811,RSVP,RSVP Token,rsvp-token,rsvptoken.com,40811.png,"{""bnb"":""0xca891a9fb2807028b68a2c853fc796c812aab6c9""}"
40812,ARROW,Arrow Finance,arrow-finance,arrowfinance.io,40812.png,"{""robinhood-placeholder"":""0xf2915d1e3C1B0c769d0c756Ec43F1c1f6c99cD03""}"
40813,SKHYB,SK Hynix Tokenized bStocks,sk-hynix-tokenized-bstocks,bstocks.finance,40813.png,"{""bnb"":""0xca750ef65f295bbecd685abf54e82caf297bdb61""}"
40814,GRVT,Grvt,grvt,grvt.io,40814.png,"{""ethereum"":""0xAD29F2723fcdBcF665F210F25E06f97477e417cF"",""bnb"":""0x46F2564E0FA8248d15125E7e54173cfbdEf91Be7""}"
40815,SNDK,SanDisk Corp tokenized stock (Backpack),sandisk-corp-tokenized-stock-backpack,backpack.exchange,40815.png,"{""solana"":""SNDKbwMUQvZhnLnxLduradgLHG5KrPuKwpnrkkGRhfH""}"
40816,BOT,RoboStrategy Inc tokenized stock (Backpack),robostrategy-inc-tokenized-stock-backpack,backpack.exchange,40816.png,"{""solana"":""BoTx8y9ynfdxf5ZjWtCoBVkff52qKA82ysaLU8ZM6d8T""}"
40817,MU,Micron Technology Inc tokenized stock (Backpack),micron-technology-inc-tokenized-stock-backpack,backpack.exchange,40817.png,"{""solana"":""MUxEsUKSMACyw5fZf68wxf5FLnZVhtU9CwH8uNNGay1""}"
40819,TAOT,The America Only Token,the-america-only-token,buytaot.com,40819.png,"{""base"":""0x7f2f00e54dcaa8b248bdfd75da2ae859d4d8ff3e""}"
40820,JNJ,Johnson & Johnson (Derivatives),johnson-johnson-derivatives,,40820.png,{}
40822,PENG,Penguin Solutions Inc (Derivatives),penguin-solutions-inc-derivatives,,40822.png,{}
40823,SKHYON,SK Hynix Tokenized Stock (Ondo),sk-hynix-tokenized-stock-ondo,app.ondo.finance,40823.png,"{""ethereum"":""0xc0fE36F4FFBDf1B38E192215073590a68f9A2Af7"",""bnb"":""0x4268F2Bfb23A7496504AA5eD1Ee325248586299F"",""solana"":""Huyb2fyDDjSuDKCRWsN9ci2rmcgPo6NFiLbx9ZDondo""}"
40824,SKHY,SK Hynix (Derivatives),sk-hynix-derivatives,,40824.png,{}
40825,INTW,GraniteShares 2x Long INTC Daily ETF (Derivatives),graniteshares-2x-long-intc-daily-etf-derivaties,,40825.png,{}
40826,SNXX,Tradr 2X Long SNDK Daily ETF (Derivatives),tradr-2x-long-sndk-daily-etf-derivaties,,40826.png,{}
40827,XBI,State Street SPDR S&P Biotech ETF (Derivatives),state-street-spdr-sp-biotech-etf-derivaties,,40827.png,{}
40828,BNC,CEA Industries Inc (Derivatives),cea-industries-inc-derivaties,,40828.png,{}
40829,FWDI,Forward Industries Inc (Derivatives),forward-industries-inc-derivaties,,40829.png,{}
40831,ROB,Rob (robthearcher.com),robthearcher,robthearcher.com,40831.png,"{""robinhood-placeholder"":""0x84f210f9fa42613e5f5bc89ee4978afbd1e90f11""}"
40832,WEN,Wen Lambo (wenlamborh.com),wenlamborh,wenlamborh.com,40832.png,"{""robinhood-placeholder"":""0xa80eb66b3e0cf66ccb46f8b8c9e7ff5803eeb820""}"
40833,SKHY,SK Hynix tokenized stock (Backpack),sk-hynix-tokenized-stock-backpack,backpack.exchange,40833.png,"{""solana"":""SKHYhSjuRWHgikq8eRKbtBbpABgJSkd7ytQV14i9EQ3""}"
40834,NRV,Nerve Protocol,nerve-protocol,nerve-protocol.com,40834.png,"{""robinhood-placeholder"":""0xACe3C5Adc456dE444501D91C12B0b03f902EB250""}"
40835,GEC,Greencoin,greenen,greenen.co.uk,40835.png,"{""bnb"":""0xf65Fb2BFE01Bb1147816770766242f41Fc5b5410""}"
40836,DITAU,DitGold,ditgold,ditgold.com,40836.png,"{""ethereum"":""0xE866c6222bf253d1da2Cc6a0520c96fdcA2E5b5e""}"
40837,VEX,ProjectVex,projectvex,projectvex.ai,40837.png,"{""robinhood-placeholder"":""0x8Ff92566f2e81BDd68EDfAa8cde73942A723796b""}"
40838,CDXR,Codex (codexblockchain.com),codexblockchain,codexblockchain.com,40838.png,"{""ethereum"":""0x40AAf75454036Bed56F3266cCf18f6b7befd6Aca"",""bnb"":""0x40AAf75454036Bed56F3266cCf18f6b7befd6Aca"",""base"":""0x40AAf75454036Bed56F3266cCf18f6b7befd6Aca""}"
40840,JOBY,Free Joby,free-joby,jobyweeks.com,40840.png,"{""solana"":""4SnKwnz6DyagftnFqdxsvWvehrcbEDhxmmXNQk2Jpump""}"
40841,FOX,Robin Hood (robinhoodfox.com),robin-hood-robinhoodfox-com,robinhoodfox.com,40841.png,"{""robinhood-placeholder"":""0x2103faA9D1762e27a716C61718b3aCf3Ec1F9bf1""}"
40842,BXC,BitradeX Capital,bitradex-capital,bitradex.ai,40842.png,"{""solana"":""z8cZNaAtJbARyn4rBjY6v1fCLX8roXs8Z5qZ5HktLFo""}"
40843,SNOW,Snowflake Inc (Derivatives),snowflake-inc-derivaties,,40843.png,{}
40844,AAOIB,Applied Optoelectronics Tokenized bStocks,applied-optoelectronics-tokenized-bstocks,bstocks.finance,40844.png,"{""bnb"":""0x10343ef7da3301493d7ecb647d68a288c6c1db2f""}"
40845,AVGOB,Broadcom Tokenized bStocks,broadcom-tokenized-bstocks,bstocks.finance,40845.png,"{""bnb"":""0x76682c454467b3a1150ad8b6a92fc5ee2c21d7ed""}"
40846,TSMB,TSMC Tokenized bStocks,tsmc-tokenized-bstocks,bstocks.finance,40846.png,"{""bnb"":""0xab78b89b5bb00236be0b4b20704cbfa04efc711c""}"
40847,IBMB,IBM Tokenized bStocks,ibm-tokenized-bstocks,bstocks.finance,40847.png,"{""bnb"":""0xfa273b076feb8c0fb34e554ae341082323d016a3""}"
40848,MRVLB,Marvell Technology Tokenized bStocks,marvell-technology-tokenized-bstocks,bstocks.finance,40848.png,"{""bnb"":""0x16cd4fe7e8880ecc3ba222795229e20489fc2c76""}"
40849,RKLBB,Rocket Lab Tokenized bStocks,rocket-lab-tokenized-bstocks,bstocks.finance,40849.png,"{""bnb"":""0xc8da12cbcce7c45180692a6420b0076e03a5179a""}"
40850,HOODB,Robinhood Tokenized bStocks,robinhood-tokenized-bstocks,bstocks.finance,40850.png,"{""bnb"":""0xa394dcea3fd3847fd793afbfd163e2e3858b7c65""}"
40851,ARMB,Arm Tokenized bStocks,arm-tokenized-bstocks,bstocks.finance,40851.png,"{""bnb"":""0xd42a79ebb7f527f40faecd196ffb47ad5e8d6f8c""}"
40852,BABAB,Alibaba Tokenized bStocks,alibaba-tokenized-bstocks,bstocks.finance,40852.png,"{""bnb"":""0x4ef9d3062c7f6eba4aae4990c5036598c6eff4ec""}"
40853,NOKB,Nokia Tokenized bStocks,nokia-tokenized-bstocks,bstocks.finance,40853.png,"{""bnb"":""0x7c4d7a180d737dd5a70d8065a90e6746a69c37ea""}"
40854,ALD,Aladdin,aladdin-rwa,aldrwa.com,40854.png,"{""bnb"":""0x3cBd513239d9E5538A4CAEd8ed53eF77009Df473""}"
40855,KHACN,KharYsma Coins,kharysma-coins,startarcoins.com,40855.png,"{""ethereum"":""0x11c1b94294A7967092F747434dEE4876EcA5fD53"",""solana"":""3dhbW1cBcyLddaJXDrY6fP45xfgap45qoCfnaTMCpump""}"
40856,AIUSD,AIUSD,aiusd,bridgeaxis.io,40856.png,"{""base"":""0x409e79C96389C00Fb5a46586acE2615c6d09C76e""}"
40857,CXMT,ChangXin Memory Technologies (Derivatives),changxin-memory-technologies-derivaties,,40857.png,{}
40858,SANTACOIN,SANTAHOOD,santahood,santahood.com,40858.png,"{""robinhood-placeholder"":""0x38bb87Cf3E7344A82be7CD671c191f015b97eEe6""}"
40859,INDEX,The Index,the-index-finance,theindex.finance,40859.png,"{""robinhood-placeholder"":""0x56910D4409F3a0C78C64DD8D0545FF0705389870""}"
40861,PEAR,Pear Protocol,pear-protocol,pear.garden,40861.png,"{""arbitrum"":""0x3212dc0F8c834e4DE893532d27CC9B6001684DB0""}"
40862,SOXS,Direxion Daily Semiconductor Bear 3X Shares (Derivatives),direxion-daily-semiconductor-bear-3x-shares-derivaties,,40862.png,{}
40863,TZA,Direxion Daily Small Cap Bear 3X ETF (Derivatives),direxion-daily-small-cap-bear-3x-etf-derivaties,,40863.png,{}
40864,0700,Tencent Holdings (Derivatives),tencent-holdings-derivatives,,40864.png,{}
40866,BLACKBEAR,The Black Bear,the-black-bear,dex.coinmarketcap.com,40866.png,"{""solana"":""8X1N2HmiP11UXidmyRNHLoBGjAhXU4rk5GnrVYGYpump""}"
40867,KTI,Kotai (kotaiproject.io),kotai-project,kotaiproject.io,40867.png,"{""bnb"":""0xd1fB56e6aEe842708392f2c8ee948bDfABae3AFE""}"
40868,PEEPS,Peeps (peeps.wtf),peeps,peeps.wtf,40868.png,"{""robinhood-placeholder"":""0xf202dE51BB42A0073948b0971707D14C54Ef5F44""}"
40869,ZTH,Zenith Protocol,zenith-protocol,zenithprotocol.top,40869.png,"{""solana"":""CfXwEn55uXAzx9qV1p7fa83opqRkbRKrMJuqQ8Rspump""}"
40870,BUZ,Buz Coin (buzzcoin.co),buz-coin,buzzcoin.co,40870.png,"{""bnb"":""0x79fa1Ea465a08b319595BAeDbb32009E6dde0F42""}"
40871,SOSANA,SOSANA,sosana,sosana.io,40871.png,"{""solana"":""49jdQxUkKtuvorvnwWqDzUoYKEjfgroTzHkQqXG9YFMj""}"
40872,AEON,AEON,aeon-xyz,aeon.xyz,40872.png,"{""bnb"":""0x277aDD739c6E0477616948357AF9E79Fe1Ec9B80""}"
40873,BOT,BOT Chain,bot-chain,botchain.ai,40873.png,{}
40874,JOTCHUA,Jotchua (jotchua.net),jotchua,jotchua.net,40874.png,"{""solana"":""BcHEaaTCvycPwwsJ9yQTXdHP9X2gCLkznDbZ8VySpump""}"
40875,AXTIB,AXT Tokenized bStocks,axt-tokenized-bstocks,bstocks.finance,40875.png,"{""bnb"":""0x9bdc8b470dbf89dbcb123587c6f5e49cca3463be""}"
40876,KORUB,South Korea Bull 3X ETF Tokenized bStocks,south-korea-bull-3x-etf-tokenized-bstocks,bstocks.finance,40876.png,"{""bnb"":""0x1ffad32d69c5fead99f88c25ca0191edc3757636""}"
40877,CRWVB,CoreWeave Tokenized bStocks,coreweave-tokenized-bstocks,bstocks.finance,40877.png,"{""bnb"":""0x33e7317e17838fee56b10fe8d0b9ca6ca3090c95""}"
40878,QNTB,Quantinuum Tokenized bStocks,quantinuum-tokenized-bstocks,bstocks.finance,40878.png,"{""bnb"":""0xd721c192d612db77621df57a9fab38418033c02e""}"
40879,MVLLB,GraniteShares 2X Long MRVL ETF Tokenized bStocks,graniteshares-2x-long-mrvl-etf-tokenized-bstocks,bstocks.finance,40879.png,"{""bnb"":""0x7c26a12f20507e2cee22ceebed9e88fda47f866c""}"
40880,SNXXB,Tradr 2X Long SNDK ETF Tokenized bStocks,tradr-2x-long-sndk-etf-tokenized-bstocks,bstocks.finance,40880.png,"{""bnb"":""0x9e82e3da8f1115b73d24bb24113ab836ffdab6b6""}"
40881,MUUB,Direxion MU Bull 2X ETF Tokenized bStocks,direxion-mu-bull-2x-etf-tokenized-bstocks,bstocks.finance,40881.png,"{""bnb"":""0x0bb3fa77e0809f42948e435f04883c25415e8263""}"
40882,ORCLB,Oracle Tokenized bStocks,oracle-tokenized-bstocks,bstocks.finance,40882.png,"{""bnb"":""0x4684d9887fc1c71cba7bab8e88835cec217eb598""}"
40883,INTWB,GraniteShares 2X Long INTC ETF Tokenized bStocks,graniteshares-2x-long-intc-etf-tokenized-bstocks,bstocks.finance,40883.png,"{""bnb"":""0x0735d9904b7e34e6fe39b0f66e00c111b3f2b681""}"
40884,TQQQB,ProShares UltraPro QQQ Tokenized bStocks,proshares-ultrapro-qqq-tokenized-bstocks,bstocks.finance,40884.png,"{""bnb"":""0x462b5f13b7c7748279358962925c5de83bb9e598""}"
40885,FONQ,FONQ,fonq,fonq.io,40885.png,"{""ethereum"":""0x4cff203005b24aa1083b35063d684a76b1080f22""}"
40886,HBULL,Hyper Bull,hyper-bull,hyperbullsol.com,40886.png,"{""solana"":""7V6Sk63y8Rr1MvcN5mYNp61wgFhy4EeQg5gUASk9pump""}"
40887,CHONKETHA,Chonketha the Wet Beaver,chonketha-the-wet-beaver,chonketha.com,40887.png,"{""solana"":""HcfnJxLov6tY8i1dq9uYRRZKCvxADPpovcfkyXzdpump""}"
40888,SOFI,SoFi Technologies Inc (Derivatives),sofi-technologies-inc-derivaties,,40888.png,{}
40890,GNOT,Gno.land,gno-land,gno.land,40890.png,{}
40893,RCSCO,Cisco Systems Tokenized Stock (Reality),cisco-systems-tokenized-stock-reality,realityfinance.xyz,40893.png,"{""arbitrum"":""0xeD90C91E79DE553e7B2C1f9D02139d7Cd1506927""}"
40894,XIAOMI,Xiaomi (Derivatives),xiaomi-derivatives,,40894.png,{}
40895,WOOD,Sherwood Protocol,sherwood-protocol,sherwood.sh,40895.png,"{""robinhood-placeholder"":""0xF8BC08092C06dB6148114DCf82AF881F1085f92b""}"
40896,NOCK,Nock Finance,nock-finance,nockfi.io,40896.png,"{""robinhood-placeholder"":""0x1b27fF6e68A2fd6490543b17C996c109E64eb432""}"
40897,BABYHANC,BabyOddHanc,babyoddhanc,babyoddhanc.eth.limo,40897.png,"{""ethereum"":""0x31B3DF65F73589Fc0cAB2d7Ee0287Ce9C67F19B5""}"
40898,XEF,XEFFY,xeffy,xeffy.io,40898.png,{}
40904,CNX,Crynux (crynux.io),crynux,crynux.io,40904.png,"{""base"":""0x9557DD9E241bc9636732623B672B4090AF519396""}"
40905,COSA,Cosanta,cosanta,cosa.is,40905.png,"{""bnb"":""0x5F980533B994c93631A639dEdA7892fC49995839""}"
40907,DINAR,The Digital Dinar,the-digital-dinar,httsp,40907.png,"{""solana"":""AgCpt2wgiLaV29fmaFTZMuM4Hn59gwCArkiMj24zHTVb""}"
40908,GME,GameStop (thegameneverstopped.com),gamestop-thegameneverstopped-com,thegameneverstopped.com,40908.png,"{""robinhood-placeholder"":""0xc2362AfF2A2a4CC1f48cF3Dab2C4e2605eb94BA3""}"
40909,KET,Ket (ketonsolana.com),ket-on-solana,ketonsolana.com,40909.png,"{""solana"":""9Pfync3ejPC9eHqVzq3nYQJAhyhjqpnB9UsaSfLxpump""}"
40910,POL,Bridged Polygon (Anubis),bridged-polygon-anubis,,40910.png,"{""anubis"":""0x72cf15f74657bb00dd1d8dd475248dee644f689a""}"
40911,TMF,Direxion Daily 20+ Year Treasury Bull 3X Shares (Derivatives),direxion-daily-20-plus-year-treasury-bull-3x-shares-derivatives,,40911.png,{}
40912,TBT,ProShares UltraShort 20+ Year Treasury (Derivatives),proshares-ultrashort-20-plus-year-treasury-derivatives,,40912.png,{}
40913,BITO,ProShares Bitcoin ETF (Derivatives),proshares-bitcoin-etf-derivatives,,40913.png,{}
40914,CATE,Catecoin (cate.life),catecoin-catelife,cate.life,40914.png,"{""ethereum"":""0x844810406C9a8dD3EBeAB658F526dF0A3172aa1E""}"
40917,GOT2,Golden Pact,golden-pact-01,goldenpact.org,40917.png,"{""anubis"":""0x90Bc71d80923f85C1d73F60bD462fBf512A3558F""}"
40918,GD,Spartan Arena,spartan-arena,anubischain.ai,40918.png,"{""anubis"":""0x21b6b0b3fab224921d3054d187e324a673411b4c""}"
40919,RM,Spartan OS,spartan-os,anubischain.ai,40919.png,"{""anubis"":""0x2e045e1380f5f5b6e7550328910a7377c9fce59d""}"
40920,A,AWAKE,awake,originworld.org,40920.png,"{""anubis"":""0xa921267c56b3a57696d6fd7949c9fad0a8e0c177""}"
40921,AUG,Golden Pact,golden-pact-aug,goldenpact.org,40921.png,"{""anubis"":""0x5df8fd82020d7e128f4006bf91465987b1dea57f""}"
40923,GLGNS,AWAKE,awake-originworld,originworld.org,40923.png,"{""anubis"":""0xf140a92c156e76f5a1d3d6f96284b250330f8f4c""}"
40924,VES,VEST,vest,anubischain.ai,40924.png,"{""anubis"":""0xde25bcbf9717e4551801312b04b1a9f3c508ef75""}"
40925,AI,Artificial Inu,artificial-inu-ai,artificialinu.com,40925.png,"{""robinhood-placeholder"":""0x2E8c31162b855A2ffa90F6F8634643Ad6F111e18""}"
40926,JIMOTHY,Jimothy The Raccoon,jimothy-the-raccoon,,40926.png,"{""solana"":""Ge87EtsjwRQbHaqQmKRno69RFTwh9bfSsm99XNxTpump""}"
40927,AAPLB,Apple Tokenized bStocks,apple-tokenized-bstocks,bstocks.finance,40927.png,"{""bnb"":""0x431a3bee82e2ca41e49895cbece5bb0f76a89b7a""}"
40928,SMHB,VanEck Semiconductor ETF Tokenized bStocks,vaneck-semiconductor-etf-tokenized-bstocks,bstocks.finance,40928.png,"{""bnb"":""0xbe1fced7047fdce935f45700727845df2c76877a""}"
40929,AMZNB,Amazon Tokenized bStocks,amazon-tokenized-bstocks,bstocks.finance,40929.png,"{""bnb"":""0x1a4b499833a79a09ad7cf1d42d7dacf71e92eb00""}"
40930,SOXSB,Direxion Semiconductor Bear 3X ETF Tokenized bStocks,direxion-semiconductor-bear-3x-etf-tokenized-bstocks,bstocks.finance,40930.png,"{""bnb"":""0xe28cd11c99af2df76bb8ada4cd0ef3904378280f""}"
40931,DELLB,Dell Tokenized bStocks,dell-tokenized-bstocks,bstocks.finance,40931.png,"{""bnb"":""0x0e7a51966c66648999d506e1372efdea1b78cb0b""}"
40932,FLNCB,Fluence Energy Tokenized bStocks,fluence-energy-tokenized-bstocks,bstocks.finance,40932.png,"{""bnb"":""0x4af1d41cd9dd950dca43984b43aaa2a8702714ac""}"
40933,BEB,Bloom Energy Tokenized bStocks,bloom-energy-tokenized-bstocks,bstocks.finance,40933.png,"{""bnb"":""0x5519de00f5388c17d886b97cb5d2d43a812a82bc""}"
40934,GSB,Goldman Sachs Tokenized bStocks,goldman-sachs-tokenized-bstocks,bstocks.finance,40934.png,"{""bnb"":""0x20cce6656e5f7f79f280e2d0f5db55b401bdbfce""}"
40935,PYPLB,Paypal Tokenized bStocks,paypal-tokenized-bstocks,bstocks.finance,40935.png,"{""bnb"":""0x2806a561fc1f9259b2d54a281796bde0d92762ae""}"
40936,AMATB,Applied Materials Tokenized bStocks,applied-materials-tokenized-bstocks,bstocks.finance,40936.png,"{""bnb"":""0xa304bd78e739c0f777202b3eb73ac3736d1df801""}"
40938,PONS,Pons,pons,pons.family,40938.png,"{""robinhood-placeholder"":""0x39dbed3a2bd333467115de45665cc57f813c4571""}"
40939,PIPEDOG,Pipedog,pipedog,pipedog.xyz,40939.png,"{""robinhood-placeholder"":""0x5Cb6F181081301b44905F3ae15419112ecaBd8A6""}"
40940,OCEAN,OCEAN (oceanbnb.vip),oceanbnb-vip,oceanbnb.vip,40940.png,"{""bnb"":""0xb81139F4539BC3d726fA0b675024D319aF676666""}"
40941,PYPL,PayPal Holdings Inc (Derivatives),paypal-holdings-inc-derivaties,,40941.png,{}
40942,GS,Goldman Sachs Group Inc (Derivatives),goldman-sachs-group-inc-derivaties,,40942.png,{}
40943,OKTA,Okta Inc (Derivatives),okta-inc-derivatives,,40943.png,{}
40944,MARSCOIN,MarsCoin,marscoin-meme-bsc,marscoinbnb.com,40944.png,"{""bnb"":""0xFe189E97832DA1573e4e4Ff034F4fFC3a15c7777""}"
40945,IF,What IF,what-if,whatifonhood.com,40945.png,"{""robinhood-placeholder"":""0x232cdfc415d10b673845d83dc02ba2eabe7e30d1""}"
40946,ANSEMCAT,Ansem Cat,ansem-cat,ansemcat.xyz,40946.png,"{""robinhood-placeholder"":""0x67c51C928d5D8383f3A58FC591A4E6f6463949ed""}"
40947,TENDIES,TENDIES (TendiesRH),tendies-rh,x.com,40947.png,"{""robinhood-placeholder"":""0x45242320dbb855eea8fd36804c6487e10e97fcf9""}"
40948,SPX,ShopinX (shopinx.io),shopinx,shopinx.io,40948.png,"{""bnb"":""0xCa56094722450016F280C4Fd6a333E5c36903827""}"
40949,RTX,NVDA RTX STOCKS,nvda-rtx-stocks,dexscreener.com,40949.png,"{""bnb"":""0x2ec39b165e22944d2fee389219ee64e4924cffff""}"
40950,NINEHOOD,NINEHOOD,ninehood,ninehood.fun,40950.png,"{""robinhood-placeholder"":""0x01397109534e47d3742e794D3a610fA1C3158888""}"
40951,AGPU,Axe Compute Inc (Derivatives),axe-compute-inc-derivaties,,40951.png,{}
40952,BABYASTEROID,Baby Asteroid (asteroid.today),baby-asteroid-today,asteroid.today,40952.png,"{""ethereum"":""0xE5f894E1ea4BdA7ad44fA98610D14A6eA47D7C0D""}"
40953,XDP,Doppler Finance,doppler-finance,doppler.finance,40953.png,"{""base"":""0x07b3D902783c3C12b077508c3B5c00113d1291D0""}"
40954,GPU,GPU,gpu-gpuonbsc,,40954.png,"{""bnb"":""0x9dbef6496134c151b9f9855cc5a1ee77f0324444""}"
40955,GIGADEV,Gigadevice Semiconductor Inc (Derivatives),gigadevice-semiconductor-inc-derivatives,,40955.png,{}
40956,WOOF,Shibinhood,shibinhood,shibinhood.com,40956.png,"{""robinhood-placeholder"":""0xe15db7c8547a0add11eb26a700246cca08aefce5""}"
40957,AIW3,AIW3.ai,aiw3-ai,aiw3.ai,40957.png,"{""bnb"":""0x37e94fc028903e74275478b65160d6d2c0e8880b"",""hyperliquid"":""0x7b3125f8fba8e1b84a069becd7caaf5289438da7""}"
40958,QUID,Squid,squidrouter,squidrouter.com,40958.png,"{""base"":""0x1a44233FAe8D50F1AeB3a5d58dd426ff4814Cb53""}"
40959,LILUNI,Liluni,liluni,lilunicoin.com,40959.png,"{""robinhood-placeholder"":""0x4a6eec8a30b49d289b9fc865fd374b4d61eab8fb""}"
40960,MUMU,Mumu The Bull (mumuthatbull),mumu-the-bull-mumuthatbull,mumuthebull.com,40960.png,"{""robinhood-placeholder"":""0x8ec17c059f250a5c19566c3fc56ee13a343dd283""}"
40961,JUGGERNAUT,The Juggernaut,the-juggernaut,juggernautrh.com,40961.png,"{""robinhood-placeholder"":""0xd7321801caae694090694ff55a9323139f043b88""}"
40962,WISHBONE,WISHBONE,wishbone,wishbonedog.xyz,40962.png,"{""robinhood-placeholder"":""0x77581054581b9c525e7dd7a0155de43867532d03""}"
40964,BMNRB,BitMine Immersion Technologies Tokenized bStocks,bitmine-immersion-technologies-tokenized-bstocks,bstocks.finance,40964.png,"{""bnb"":""0x3548da95a9effe481e8604664d75e95821e557f5""}"
40965,COHRB,Coherent Tokenized bStocks,coherent-tokenized-bstocks,bstocks.finance,40965.png,"{""bnb"":""0x5131859a059b2446abeefe0f5d313b3c54ff3d36""}"
40966,SMCIB,Super Micro Computer Tokenized bStocks,super-micro-computer-tokenized-bstocks,bstocks.finance,40966.png,"{""bnb"":""0x387dea1d2772d716d081a29116f3effa0ffe1f36""}"
40967,CRDOB,Credo Technology Tokenized bStocks,credo-technology-tokenized-bstocks,bstocks.finance,40967.png,"{""bnb"":""0x6e7d451f9d30327d32020f116fa79c23b24e9c8d""}"
40968,ASMLB,ASML Tokenized bStocks,asml-tokenized-bstocks,bstocks.finance,40968.png,"{""bnb"":""0xfbfb4f79cfb4c34dcd7c82bdee5a0fa199b2e7f9""}"
40969,USARB,USA Rare Earth Tokenized bStocks,usa-rare-earth-tokenized-bstocks,bstocks.finance,40969.png,"{""bnb"":""0xcd345d4450e04cdef422a60b97d9265d24e0bcee""}"
40970,IRENB,IREN Limited Tokenized bStocks,iren-limited-tokenized-bstocks,bstocks.finance,40970.png,"{""bnb"":""0xfdc2f2cab77b28f7ef6c819a404706cfa9bca33b""}"
40971,ASTSB,AST SpaceMobile Tokenized bStocks,ast-spacemobile-tokenized-bstocks,bstocks.finance,40971.png,"{""bnb"":""0x58b6f5feeb8436489f5bf4a56619092b1fa8e777""}"
40972,ALABB,Astera Labs Tokenized bStocks,astera-labs-tokenized-bstocks,bstocks.finance,40972.png,"{""bnb"":""0x1282493ede6a22753d45cb2c0fdbd8d35e97555a""}"
40973,NFLXB,Netflix Tokenized bStocks,netflix-tokenized-bstocks,bstocks.finance,40973.png,"{""bnb"":""0xd6829ea836b6fa224d099d40e54b31262f874631""}"
40974,UNITREE,Yushu Technology Co (Derivatives),yushu-technology-co-derivatives,,40974.png,{}
40975,LOXI,LOXI,loxi,loxicoin.com,40975.png,"{""robinhood-placeholder"":""0x834A24d16Bf56d692C2e5fFF9428f9d01f2f1ca5""}"
40978,STONKBROKER,StonkBroker,stonkbroker,stonkbrokers.cash,40978.png,"{""robinhood-placeholder"":""0xe934e36a439c94017b64a3fece66af12099abf50""}"
40979,MXSOL,MEXC Staked SOL,mexc-staked-sol,mexc.com,40979.png,"{""solana"":""7cBuurYDdaqxnem7KyMTci6SWhjJKroZ6NUjqH2ewEPB""}"
40980,DOS,DAPPOS,dappos,dappos.com,40980.png,"{""ethereum"":""0x951f086a127e280724fd93ccc543f65065afeb5e"",""bnb"":""0xb0f09ea9ae0515c3551080d4a745c8115aa30e37""}"
40982,KO,Coca-Cola Co (Derivatives),coca-cola-co-derivatives,,40982.png,{}
40983,NCLD,Roundhill Neocloud ETF (Derivatives),roundhill-neocloud-etf-derivatives,,40983.png,{}
40984,LYTE,Roundhill Photonics & Optics ETF (Derivatives),roundhill-photonics-optics-etf-derivatives,,40984.png,{}
40987,WOJAK,Wojak (wojak.art),wojak-wojak-art,wojak.art,40987.png,"{""robinhood-placeholder"":""0xaCE55FE98Bab14366dD49aB5AA5dF76aA11A3c6f""}"
40988,SAIZ,SAIZ,saiz,saizone.ai,40988.png,{}
40989,PONSY,PONSY,ponsy,ponsy.fun,40989.png,"{""robinhood-placeholder"":""0x2e84f2e0b88bd3ffb5d6738ae0e3c7c00137083e""}"
41010,POPMTX,Pop Mart International Tokenized Stock (xStock),pop-mart-international-tokenized-stock-xstock,xstocks.fi,41010.png,"{""ethereum"":""0x3a0a47a9c2713a7049d1052cc8ebd39c41570580"",""optimism-ethereum"":""0x3a0a47a9c2713a7049d1052cc8ebd39c41570580"",""solana"":""XsyQU594M51pbhveG89CPanCJHPJt1tjLJroKMeHrmm"",""gram"":""EQBJj3oDrn6PIbf_rS20XAzuc4WUVBKpBk-CexFE2YRewJu4"",""bnb"":""0x3a0a47a9c2713a7049d1052cc8ebd39c41570580"",""hyperliquid"":""0x3a0a47a9c2713a7049d1052cc8ebd39c41570580"",""ink-token"":""0x3a0a47a9c2713a7049d1052cc8ebd39c41570580"",""arbitrum"":""0x3a0a47a9c2713a7049d1052cc8ebd39c41570580"",""okb"":""0x3a0a47a9c2713a7049d1052cc8ebd39c41570580""}"
41050,TCENTX,Tencent Tokenized Stock (xStock),tencent-tokenized-stock-xstock,xstocks.fi,41050.png,"{""ethereum"":""0xfa15e42c18cf57aeef4b1bac1cee7754af7cfe42"",""hyperliquid"":""0xfa15e42c18cf57aeef4b1bac1cee7754af7cfe42"",""arbitrum"":""0xfa15e42c18cf57aeef4b1bac1cee7754af7cfe42"",""ink-token"":""0xfa15e42c18cf57aeef4b1bac1cee7754af7cfe42"",""optimism-ethereum"":""0xfa15e42c18cf57aeef4b1bac1cee7754af7cfe42"",""gram"":""EQD_7Df-pmYDdipO6PP_x3G798LV12yeR-C8qgxq7nHFo4up"",""mantle"":""0xfa15e42c18cf57aeef4b1bac1cee7754af7cfe42"",""solana"":""XsXb7KCxcxTi6hqWfYyEe1kpTwtiCeU5TJbEz8N7RWn"",""bnb"":""0xfa15e42c18cf57aeef4b1bac1cee7754af7cfe42"",""okb"":""0xfa15e42c18cf57aeef4b1bac1cee7754af7cfe42""}"
41057,MIXUX,Mixue Tokenized Stock (xStock),mixue-tokenized-stock-xstock,xstocks.fi,41057.png,"{""ethereum"":""0x8fa39ff32b316e2296630aa05bdd6a4a2e4b7598"",""hyperliquid"":""0x8fa39ff32b316e2296630aa05bdd6a4a2e4b7598"",""arbitrum"":""0x8fa39ff32b316e2296630aa05bdd6a4a2e4b7598"",""bnb"":""0x8fa39ff32b316e2296630aa05bdd6a4a2e4b7598"",""mantle"":""0x8fa39ff32b316e2296630aa05bdd6a4a2e4b7598"",""solana"":""Xs85byjTdWv5Z3YpUqyJjeRaZsxQDz81skYjQKdPDZc"",""gram"":""EQBpf3S4FVr6IgWYPYCUZo-YzbUzLJV0SJRQ0juLMAnHDOJC"",""optimism-ethereum"":""0x8fa39ff32b316e2296630aa05bdd6a4a2e4b7598"",""ink-token"":""0x8fa39ff32b316e2296630aa05bdd6a4a2e4b7598"",""okb"":""0x8fa39ff32b316e2296630aa05bdd6a4a2e4b7598""}"
41071,SKUU,GraniteShares 2x Long SK Hynix Daily ETF (Derivatives),graniteshares-2x-long-sk-hynix-daily-etf-derivatives,,41071.png,{}
41072,SKDD,GraniteShares 2x Short SK Hynix Daily ETF(Derivatives),graniteshares-2x-short-sk-hynix-daily-etf-derivatives,,41072.png,{}
41073,KUAISHOU,Kuaishou Technology (Derivatives),kuaishou-technology-derivatives,,41073.png,{}
41074,MEITUAN,Meituan (Derivatives),meituan-derivatives,,41074.png,{}
41075,CSOPSKHYNIX2L,CSOP SK Hynix Daily Max (2x) Leveraged Product (Derivatives),csop-sk-hynix-daily-max-2x-leveraged-product-derivatives,,41075.png,{}
41076,CSOPSAMSUNG2L,CSOP Samsung Daily Max (2x) (Derivatives),csop-samsung-daily-max-2x-derivatives,,41076.png,{}
41077,GMEB,GameStop Tokenized bStocks,gamestop-tokenized-bstocks,bstocks.finance,41077.png,"{""bnb"":""0x46ceefda28dd7207059ed19b0acdc026955bb15c""}"
41078,EMRL.D,Emerald Security Token,emerald-security-token,emerald.pecado.app,41078.png,"{""polygon-ecosystem-token"":""0xB91025710Adbc140a9fEe4b3E465545a2bF53E20""}"
41079,BULL,The Bull (thebullcoin.com),the-bull,thebullcoin.com,41079.png,"{""robinhood-placeholder"":""0x49bac47750F3dCdBa49350B5D74fd399e90f97C6""}"
41115,WAMDX,Wrapped AMD Tokenized Stock (xStock),wrapped-amd-tokenized-stock-xstock,xstocks.fi,41115.png,"{""okb"":""0xEe7CcB0d37A12862e7f92F6C92a93d9c2d304266""}"
41124,WBMNRX,Wrapped Bitmine Tokenized Stock (xStock),wrapped-bitmine-tokenized-stock-xstock,xstocks.fi,41124.png,"{""okb"":""0xdaD5623B32C81AeAa75478fcfe934e9e97018c58""}"
41142,WDELLX,Wrapped Dell Technologies Inc. Tokenized Stock (xStock),wrapped-dell-technologies-inc-tokenized-stock-xstock,xstocks.fi,41142.png,"{""okb"":""0x04DB4384013664BAa627c1a3fa4Ff0c50F37Cfd3""}"
41170,WASMLX,Wrapped ASML Tokenized Stock (xStock),wrapped-asml-tokenized-stock-xstock,xstocks.fi,41170.png,"{""okb"":""0x9147b03c16B18FC4F686f610f189f91Ddf4347b4""}"
41257,WCRWVX,Wrapped CoreWeave Tokenized Stock (xStock),wrapped-coreweave-tokenized-stock-xstock,xstocks.fi,41257.png,"{""okb"":""0xADf63a79C9813a8E0C4D1d334eBdFaEef04BDF98""}"
41268,WCRCLX,Wrapped Circle Tokenized Stock (xStock),wrapped-circle-tokenized-stock-xstock,xstocks.fi,41268.png,"{""okb"":""0xb11134F14d5B94DB60d4599DfdC3bF1bbA2150e8""}"
41294,WMIXUX,Wrapped Mixue Tokenized Stock (xStock),wrapped-mixue-tokenized-stock-xstock,xstocks.fi,41294.png,"{""okb"":""0x1Bac76a12d8EccA6dBF4B0A146Da8870d50F04c9""}"
41347,WHKEXCX,Wrapped Hong Kong Exchanges Tokenized Stock (xStock),wrapped-hong-kong-exchanges-tokenized-stock-xstock,xstocks.fi,41347.png,"{""okb"":""0xDFc060b4dE44Fb88998b695aA59169643DED10ea""}"
41387,WMEITX,Wrapped Meituan Tokenized Stock (xStock),wrapped-meituan-tokenized-stock-xstock,xstocks.fi,41387.png,"{""okb"":""0xad1b65C8556957cf23d1B5e9accdc449b415fA97""}"
41417,WIWMX,Wrapped Russell 2000 Tokenized ETF (xStock),wrapped-russell-2000-tokenized-etf-xstock,xstocks.fi,41417.png,"{""okb"":""0x25d218F19B706C8680Aa26Fb64e676CF84B58f65""}"
41431,WIBMX,Wrapped International Business Tokenized Stock (xStock),wrapped-international-business-tokenized-stock-xstock,xstocks.fi,41431.png,"{""okb"":""0xbF69D85055642A9C6450BdFDe3C49Baac50F8286""}"
41438,WKUAIX,Wrapped Kuaishou Technology Tokenized Stock (xStock),wrapped-kuaishou-technology-tokenized-stock-xstock,xstocks.fi,41438.png,"{""okb"":""0x096369B9b197bCbF669a3bC827Aa119d80d891E4""}"
41456,WICEX,Wrapped Intercontinental Exchange Tokenized Stock (xStock),wrapped-intercontinental-exchange-tokenized-stock-xstock,xstocks.fi,41456.png,"{""okb"":""0xbDff6dD4CEc5eEaFf1E21D65863431E79755eA13""}"
41481,WNBISX,Wrapped Nebius Tokenized Stock (xStock),wrapped-nebius-tokenized-stock-xstock,xstocks.fi,41481.png,"{""okb"":""0x43A7B7acfaE969b0682E56142B52E63E07D59b7d""}"
41483,WMRNAX,Wrapped Moderna Tokenized Stock (xStock),wrapped-moderna-tokenized-stock-xstock,xstocks.fi,41483.png,"{""okb"":""0xCe0FBc16E820AB7fd6d2936F1533c2654AD49aE9""}"
41493,WSNDKX,Wrapped Sandisk Corporation Tokenized Stock (xStock),wrapped-sandisk-corporation-tokenized-stock-xstock,xstocks.fi,41493.png,"{""okb"":""0x75e82E2884Ea10f72FCA777449B73377f4646219""}"
41508,WSMCIX,"Wrapped Super Micro Computer, Inc. Tokenized Stock (xStock)",wrapped-super-micro-computer-inc-tokenized-stock-xstock,xstocks.fi,41508.png,"{""okb"":""0xd89556E08FDC04E5A2d9344Eb06568a043001166""}"
41513,WMSX,Wrapped Morgan Stanley Tokenized Stock (xStock),wrapped-morgan-stanley-tokenized-stock-xstock,xstocks.fi,41513.png,"{""okb"":""0x2874A11805783324C54562eDB1A641C5d1d077a5""}"
41519,WQQQX,Wrapped Nasdaq Tokenized ETF (xStock),wrapped-nasdaq-tokenized-etf-xstock,xstocks.fi,41519.png,"{""okb"":""0x4C1AE29c159838fC1b224636E28E086EB69101f7""}"
41523,WSKHYX,Wrapped SK hynix Tokenized Stock (xStock),wrapped-sk-hynix-tokenized-stock-xstock,xstocks.fi,41523.png,"{""okb"":""0x6215a58ed045d71F2561AaAbe54f4C885C522998""}"
41525,WSPYX,Wrapped SP500 Tokenized ETF (xStock),wrapped-sp500-tokenized-etf-xstock,xstocks.fi,41525.png,"{""okb"":""0xE7E553Cd128F0011777323A0b44a7b96EA1CB540""}"
41544,WTCENTX,Wrapped Tencent Tokenized Stock (xStock),wrapped-tencent-tokenized-stock-xstock,xstocks.fi,41544.png,"{""okb"":""0x41333Df9E7639188BBfca5522dC4844398Af9f9E""}"
41576,WNKEX,Wrapped Nike Tokenized Stock (xStock),wrapped-nike-tokenized-stock-xstock,xstocks.fi,41576.png,"{""okb"":""0x8Cdd7983f4b0A0e8694f22479fec092D9244F4bb""}"
41583,WRDDTX,Wrapped Reddit Tokenized Stock (xStock),wrapped-reddit-tokenized-stock-xstock,xstocks.fi,41583.png,"{""okb"":""0x9ED51B856159c7CF26c1ecE673aBD248F21Bcc9E""}"
41610,WSPCXX,Wrapped SpaceX Tokenized ETF (xStock),wrapped-spacex-tokenized-etf-xstock,xstocks.fi,41610.png,"{""okb"":""0x8e2eeD8b8B5E13Ea7BF38e50d7821d2C57309072""}"
41636,WMUX,Wrapped Micron Technology Tokenized Stock (xStock),wrapped-micron-technology-tokenized-stock-xstock,xstocks.fi,41636.png,"{""okb"":""0xe2047ee3bdDb5C99ae428AB83df63f8730698e30""}"
41644,WSLVX,Wrapped iShares Silver Trust Tokenized ETF (xStock),wrapped-ishares-silver-trust-tokenized-etf-xstock,xstocks.fi,41644.png,"{""okb"":""0xB842EacB35Fd9c1bEDA53749072Ef22823f2cA8c""}"
41648,WPOPMTX,Wrapped Pop Mart International Tokenized Stock (xStock),wrapped-pop-mart-international-tokenized-stock-xstock,xstocks.fi,41648.png,"{""okb"":""0x4Ebf5Fd25B02022AfaD96E2fA25dA54A246FDEd0""}"
41688,WTSMX,Wrapped TSMC Tokenized Stock (xStock),wrapped-tsmc-tokenized-stock-xstock,xstocks.fi,41688.png,"{""okb"":""0x27D62249488fc66ECBb92C8da3F56f700B8e8501""}"
41734,WVX,Wrapped Visa Tokenized Stock (xStock),wrapped-visa-tokenized-stock-xstock,xstocks.fi,41734.png,"{""okb"":""0x11704Bb8fDf32Af2f70fB3F085d437b9b3E66a94""}"
41746,WXIAOX,Wrapped Xiaomi Tokenized Stock (xStock),wrapped-xiaomi-tokenized-stock-xstock,xstocks.fi,41746.png,"{""okb"":""0x076CF393E701839FC7a5832D2c68AaFA235682AE""}"
41770,SHIBCAT,SHIBCAT (shibcatrh.com),shibcatrh,shibcatrh.com,41770.png,"{""robinhood-placeholder"":""0xac0F333bBEBB62B6d16322650641Bd5eF2B849e5""}"
41771,NET,"Cloudflare, Inc. Class A Common Stock (Derivatives)",cloudflare-inc-class-a-common-stock-derivatives,,41771.png,{}
41772,RIOT,"Riot Platforms, Inc. Common Stock (Derivatives)",riot-platforms-inc-common-stock-derivatives,,41772.png,{}
41773,KII,KiiChain,kiichain,kiichain.io,41773.png,"{""ethereum"":""0xEEC6574eAbBa52bac3f0277F2cD5Ac7e67197886"",""bnb"":""0xeec6574eabba52bac3f0277f2cd5ac7e67197886"",""polygon-ecosystem-token"":""0xEEC6574eAbBa52bac3f0277F2cD5Ac7e67197886"",""base"":""0x3EBA6644819546C44Eb3e7c3A92f034f921dcA80""}"
41774,BOBO,Bobo (bobothebear),bobo-bobothebear,bobothebear.io,41774.png,"{""solana"":""4nV5gNwwP68zUDat26ySChREqVaQaLudfJBkSgEzpump""}"
41775,SPACEXCOIN,SpaceXcoin,spacexcoin-bsc,spacexcoinbsc.com,41775.png,"{""bnb"":""0xf225e70162837A811C77Dc2bB413A5C06E97FfFf""}"
41777,SODA,SODAX,sodax,sodax.com,41777.png,"{""sonic"":""0x7c7d53eecda37a87ce0d5bf8e0b24512a48dc963"",""ethereum"":""0x4A1C82744cDDeE675A255fB289Cb0917A482e7C7"",""arbitrum"":""0x5bda87f18109CA85fa7ADDf1D48B97734e9dc6F5"",""bnb"":""0xdc5B4b00F98347E95b9F94911213DAB4C687e1e3"",""base"":""0xdc5B4b00F98347E95b9F94911213DAB4C687e1e3"",""avalanche"":""0x390ceed555905ec225Da330A188EA04e85570f00"",""optimism-ethereum"":""0x1f22279C89B213944b7Ea41daCB0a868DdCDFd13"",""polygon-ecosystem-token"":""0xDDF645F33eDAD18fC23E01416eD0267A1bF59D45"",""hyperliquid"":""0xA28C70F92a1B2513edCdDD29c2E5195a4B785aB2"",""kaia"":""0x772FFE538E45b2cDdFB5823041EC26C44815B9AB"",""solana"":""8Bj8gSbga8My8qRkT1RrvgxFBExiGFgdRNHFaR9o2T3Q"",""sui"":""0x0a0393721732617a2a771535e83c0a46f04aeef7d03239bbbb1249bc0981b952::soda::SODA""}"
41778,ZHONGJI,"ZhongJi Innolight Co., Ltd. (Derivatives)",zhongji-innolight-co-ltd-derivatives,,41778.png,{}
41779,SAMSUNGEM,Samsung Electro-Mechanics Co Ltd (Derivatives),samsung-electro-mechanics-co-ltd-derivatives,,41779.png,{}
41780,LGELECTRONICS,LG Electronics Inc (Derivatives),lg-electronics-inc-derivatives,,41780.png,{}
41782,NAVER,Naver Corp (Derivatives),naver-corp-derivatives,,41782.png,{}
41783,KODEX200,Samsung KODEX 200 ETF(Derivatives),samsung-kodex-200-etf-derivatives,,41783.png,{}
41784,ARKIE,ARKIE,arkie,arkieai-eco.com,41784.png,"{""bnb"":""0x6cd3025F851F36e74937D4e652f6AE9D4b2E88cF""}"
41789,WSB,WSB (wsbcoin.meme),wsbcoin-meme,wsbcoin.meme,41789.png,"{""bnb"":""0xbcc1daae214ebc347d3a06703ddcd19fba9bffff""}"
41834,SWARM,SwarmBase (swarmbase.io),swarmbase,swarmbase.io,41834.png,"{""bnb"":""0x57AAb42804434c4Cb118ee7FE5865859483051f8""}"
41858,牛来,牛来 (niulai.site),niulai-site,niulai.site,41858.png,"{""bnb"":""0x708b9a23807edaf3deb232e98898a5b46754ffff""}"
41861,牛来,牛来 (Niu Lai),niu-lai,flap.sh,41861.png,"{""bnb"":""0xbeea1d618e533a387d941f58a7d4c9b7bd377777""}"
41862,X,X100,x100,x100.world,41862.png,"{""ethereum"":""0x100a2c7f45fd48e217fdce72e658dc78fd43a100""}"
41863,USDAT,Saturn (saturn.credit),saturn-credit,app.saturn.credit,41863.png,"{""ethereum"":""0x23238f20b894f29041f48D88eE91131C395Aaa71"",""bnb"":""0x0Bb150DFa86EA5d7742F07FEfCD8E8edA81D64eF"",""monad"":""0x0Bb150DFa86EA5d7742F07FEfCD8E8edA81D64eF""}"
41864,STOCKMEMES,stockmemes (stockmemesonbsc),stockmemes,,41864.png,"{""bnb"":""0x923398cc7d149d69b9356c1866b8d3e9d5cfffff""}"
41865,SILV,Dominion Silver,dominion-silver,dominion.market,41865.png,"{""solana"":""SiLVFMgD3eD2rgK628NbTBq9MnuJF5FW2CRaVyTB35L""}"
41866,TOAD,The Toad Pepe,the-toad-pepe,eltoadpepe.fun,41866.png,"{""solana"":""A13oRB9FFaiUjfi6LdCg6p9ka1u8SfGkUFs4SKvPpump""}"
41868,OUST,Ouster Inc (Derivatives),ouster-inc-derivatives,,41868.png,{}
41869,GDX,VanEck Gold Miners ETF (Derivatives),vaneck-gold-miners-etf-derivaties,,41869.png,{}
41870,VST,Vistra Corp (Derivatives),vistra-corp-derivaties,,41870.png,{}
41871,SHOP,Shopify Inc (Derivatives),shopify-inc-derivaties,,41871.png,{}
41873,Z500,Z500,z500,ansem.io,41873.png,"{""solana"":""7fDdLy2rmQKsPCkqUXEd1mN7yDfEzArc4VrctWmfkJBK""}"
41874,CP,Cluster Protocol,cluster-protocol,clusterprotocol.ai,41874.png,"{""base"":""0x001AAd84c21A5CD4d696C56d44866e9703c43F77"",""bnb"":""0x001AAd84c21A5CD4d696C56d44866e9703c43F77"",""mantle"":""0x001AAd84c21A5CD4d696C56d44866e9703c43F77""}"
41875,NIULAI,牛来 (niulai.bar),niulai-bar,niulai.bar,41875.png,"{""bnb"":""0x3CC3c4F12dae4908d140C342EFF50Cf30A56FFFF""}"
41876,PRL,Pearl (pearlresearch.ai),pearlresearch,pearlresearch.ai,41876.png,{}
41878,CATE,Catecoin (cate.meme),catecoin-cate-meme,cate.meme,41878.png,"{""solana"":""Ai66LHZG9MCzg1WKdawwqduVAXpNDUuV8M3uyq5ppump""}"
41881,MFORGE,MetaForge,metaforge,magnummeta.com,41881.png,"{""bnb"":""0x8437100ed18dbea089e0fa3caaae7f6f40e4a05c""}"
41885,XYZ,Web3 Growth Agent (wga.xyz),web3-growth-agent,wga.xyz,41885.png,"{""bnb"":""0x9CE952CDF2611e7a8f01585D40Ce3DBE4Bb6C6e2""}"
41886,GOOD,Good In The Hood (goodcoin.io),good-in-the-hood,goodcoin.io,41886.png,"{""robinhood-placeholder"":""0x5f62c57e5c537887117eef828b7e3ad41c009feb""}"
41887,MRNA,Moderna Inc (Derivatives),moderna-inc-derivatives,,41887.png,{}
41889,DOGO,DogBull,dogbull,dogbull.xyz,41889.png,"{""robinhood-placeholder"":""0x77b0aa38451ccdc1b42587e2f80b9879a7f82356""}"
41891,ZMX,Zoom Communications tokenized stock (xStock),zoom-communications-tokenized-stock-xstock,assets.backed.fi,41891.png,"{""ethereum"":""0x979Ce3d15b845E7471A667338b7122e12ab66B52"",""bnb"":""0x979Ce3d15b845E7471A667338b7122e12ab66B52"",""solana"":""XsgDPEr2Zk1YkWnw1Mm77APoZpeTj8BQZeGSMVtBZGd"",""arbitrum"":""0x979Ce3d15b845E7471A667338b7122e12ab66B52"",""mantle"":""0x979Ce3d15b845E7471A667338b7122e12ab66B52"",""gram"":""EQBJmUJwyOdcZxSS_CBsKjnNuA-QysqgIaOmmbXw9rQCmngk"",""ink-token"":""0x979ce3d15b845e7471a667338b7122e12ab66b52"",""okb"":""0x979ce3d15b845e7471a667338b7122e12ab66b52""}"
41892,FOLD,The Interfold,interfold,theinterfold.com,41892.png,"{""ethereum"":""0xe172e9b6cfbeeb5593bdce3f077356fdb33af904""}"
41899,CHUMP,Chump Coin,chump-coin,cc21b.meme,41899.png,"{""robinhood-placeholder"":""0x0E0d2C89a5a019FE1cF762e5e33187631DACC21B""}"
41900,BXX,Blackstone tokenized stock (xStock),blackstone-tokenized-stock-xstock,assets.backed.fi,41900.png,"{""ethereum"":""0xC0B359593633c8bdb05Cd838d6b23CeF42ac7d03"",""bnb"":""0xC0B359593633c8bdb05Cd838d6b23CeF42ac7d03"",""solana"":""XsYtTeabUTJnkxWrHZUChwcKpNq6BbqPbWs9ZgLk4Xa"",""arbitrum"":""0xC0B359593633c8bdb05Cd838d6b23CeF42ac7d03"",""mantle"":""0xC0B359593633c8bdb05Cd838d6b23CeF42ac7d03"",""gram"":""EQBuD-dBRgPxWQ6WlauUVlPJcLXh3z3JnUCP8YZfLPBAnQjs"",""ink-token"":""0xc0b359593633c8bdb05cd838d6b23cef42ac7d03"",""okb"":""0xc0b359593633c8bdb05cd838d6b23cef42ac7d03""}"
41901,RIVNX,Rivian Automotive tokenized stock (xStock),rivian-automotive-tokenized-stock-xstock,assets.backed.fi,41901.png,"{""ethereum"":""0xe6A12D72AB88191147158F0d4Cf3f614fC6441bC"",""bnb"":""0xe6A12D72AB88191147158F0d4Cf3f614fC6441bC"",""solana"":""XsoxDMY8s3ZV7zD4Yd87wAvURyxA8VXkd7w6HNuQkzj"",""arbitrum"":""0xe6A12D72AB88191147158F0d4Cf3f614fC6441bC"",""mantle"":""0xe6A12D72AB88191147158F0d4Cf3f614fC6441bC"",""gram"":""EQCI6gV4EhWKKDkydyprrkj_K5EMYwae2OqpZERQylyl8F5L"",""ink-token"":""0xe6a12d72ab88191147158f0d4cf3f614fc6441bc"",""okb"":""0xe6a12d72ab88191147158f0d4cf3f614fc6441bc""}"
41902,BASECAT,Basecat,basecat,basecatonbase.com,41902.png,"{""base"":""0xb2000000000000000000004c27f6523082f41d01""}"
41903,ISRGX,Intuitive Surgical tokenized stock (xStock),intuitive-surgical-tokenized-stock-xstock,assets.backed.fi,41903.png,"{""ethereum"":""0x2F8eb54f81898b40AdcF8ce3d415DDa9372015d7"",""solana"":""XsgBcHP3frsQGHr5EoDdoPZMANk52Y4JPg5BYx98NwL"",""bnb"":""0x2F8eb54f81898b40AdcF8ce3d415DDa9372015d7"",""arbitrum"":""0x2F8eb54f81898b40AdcF8ce3d415DDa9372015d7"",""mantle"":""0x2F8eb54f81898b40AdcF8ce3d415DDa9372015d7"",""gram"":""EQCUOtnBSu3ix1JopzLdLrI26CjCrwYNktGInyRwTYEmJFs9"",""ink-token"":""0x2f8eb54f81898b40adcf8ce3d415dda9372015d7"",""okb"":""0x2f8eb54f81898b40adcf8ce3d415dda9372015d7""}"
41904,OKTAX,Okta tokenized stock (xStock),okta-tokenized-stock-xstock,assets.backed.fi,41904.png,"{""bnb"":""0x46e75757Bdd40F3BE9f6bE392CB233e8772D946d"",""ethereum"":""0x46e75757Bdd40F3BE9f6bE392CB233e8772D946d"",""solana"":""XsHXJXdfTGnrfygPVvnzb7xdsUiunEQZew7teAyvosL"",""arbitrum"":""0x46e75757Bdd40F3BE9f6bE392CB233e8772D946d"",""mantle"":""0x46e75757Bdd40F3BE9f6bE392CB233e8772D946d"",""gram"":""EQAIlDE5MPO1etcRk5qh9n7yiWf7AK6GobcqFIoEA-ZAcBDU"",""ink-token"":""0x46e75757bdd40f3be9f6be392cb233e8772d946d"",""okb"":""0x46e75757bdd40f3be9f6be392cb233e8772d946d""}"
41905,WDCX,Western Digital tokenized stock (xStock),western-digital-tokenized-stock-xstock,assets.backed.fi,41905.png,"{""bnb"":""0xD2E60293f29Dde3815c16C664dE722029e96E03A"",""ethereum"":""0xD2E60293f29Dde3815c16C664dE722029e96E03A"",""solana"":""XsmopJuh6C6uNFJa3KaVoYqEtrf3Y7M5LYwRLKLER3h"",""arbitrum"":""0xD2E60293f29Dde3815c16C664dE722029e96E03A"",""mantle"":""0xD2E60293f29Dde3815c16C664dE722029e96E03A"",""gram"":""EQD_MlCDfwiVv8KLDy2ihRdj7E2EimKHJKW9ZZU0HPC_qzOY"",""ink-token"":""0xd2e60293f29dde3815c16c664de722029e96e03a"",""okb"":""0xd2e60293f29dde3815c16c664de722029e96e03a""}"
41906,GLWX,Corning tokenized stock (xStock),corning-tokenized-stock-xstock,assets.backed.fi,41906.png,"{""bnb"":""0xDC12f19AF085310e952e0A03b173fAaCdDeAD8c2"",""ethereum"":""0xDC12f19AF085310e952e0A03b173fAaCdDeAD8c2"",""solana"":""Xsg3UgvjxpUgV3WZx9Wt9deLx7qvKYp6ZLY6xMY2Dfq"",""arbitrum"":""0xDC12f19AF085310e952e0A03b173fAaCdDeAD8c2"",""mantle"":""0xDC12f19AF085310e952e0A03b173fAaCdDeAD8c2"",""gram"":""EQDb_R6oAj2XJx6J51iCZW0_HMhvaGqAq3Cjr-yMr6FBqEgS"",""ink-token"":""0xdc12f19af085310e952e0a03b173faacddead8c2"",""okb"":""0xdc12f19af085310e952e0a03b173faacddead8c2""}"
41907,QCOMX,Qualcomm tokenized stock (xStock),qualcomm-tokenized-stock-xstock,assets.backed.fi,41907.png,"{""bnb"":""0x2D73ed3b4F20bd8f9Abe92786740bA79E9Fa0ef6"",""solana"":""XsUUG8bjFN2KvzLTpzavvEKdAjMAeLTZiTeAQJ9uhvB"",""ethereum"":""0x2D73ed3b4F20bd8f9Abe92786740bA79E9Fa0ef6"",""arbitrum"":""0x2D73ed3b4F20bd8f9Abe92786740bA79E9Fa0ef6"",""mantle"":""0x2D73ed3b4F20bd8f9Abe92786740bA79E9Fa0ef6"",""gram"":""EQD5fLRUmBvmTjFKP-w1p7WHVvbU6-xwbE-hoqbZdsi3To2R"",""ink-token"":""0x2d73ed3b4f20bd8f9abe92786740ba79e9fa0ef6"",""okb"":""0x2d73ed3b4f20bd8f9abe92786740ba79e9fa0ef6""}"
41908,ROKX,Rockwell Automation tokenized stock (xStock),rockwell-automation-tokenized-stock-xstock,assets.backed.fi,41908.png,"{""bnb"":""0xE4F484E5cA6d6f06A5E5B8c9d2870921e8Fbc814"",""ethereum"":""0xE4F484E5cA6d6f06A5E5B8c9d2870921e8Fbc814"",""solana"":""XsnR8Rtrd8yFDGP3g2HwLdGiw58UcXjggXzgkL3pNYz"",""arbitrum"":""0xE4F484E5cA6d6f06A5E5B8c9d2870921e8Fbc814"",""mantle"":""0xE4F484E5cA6d6f06A5E5B8c9d2870921e8Fbc814"",""gram"":""EQBPvINtVkfKQU1WQCHealr4MmW-D3cGbEh7WMm1aiDS8I14"",""ink-token"":""0xe4f484e5ca6d6f06a5e5b8c9d2870921e8fbc814"",""okb"":""0xe4f484e5ca6d6f06a5e5b8c9d2870921e8fbc814""}"
41909,DRB,DebtReliefBot,debtreliefbot,bio.site,41909.png,"{""base"":""0x3ec2156d4c0a9cbdab4a016633b7bcf6a8d68ea2""}"
41910,CYBERLEEK,CyberLeek,cyberleek,cyberleek.ar.io,41910.png,"{""solana"":""ApZuxdpzMrbEYTGEzeY9afh5pj9d6qPRJCTgQYiipbKg""}"
41911,DEBIT,Teller,teller,debitai.xyz,41911.png,"{""bnb"":""0x66661c7229901f568f16bd1551b3ba826f83ce49""}"
41912,DGAI,DGrid AI,dgrid-ai,dgrid.ai,41912.png,"{""bnb"":""0x10D4183389e99233db3cc981c43443Ebd28Ebd5e"",""arbitrum"":""0x12C2dE43878FB1A06C1Ead481f11E0C693a719c7""}"
41913,BNBCAT,Binance Cat (binance-cat.com),binance-cat,binance-cat.com,41913.png,"{""bnb"":""0x3EFBfFf95576e1d23cF6Ead0AcD2E73F4d6A7777""}"
41914,ZIPCAT,ZIP CAT,zip-cat,zipcat.io,41914.png,"{""ethereum"":""0x4C5FC2EFd7F9fBA2c6a9227aBd9d1C3eeFd6bDD7""}"
41915,DJTB,Trump Media & Technology Group Tokenized bStocks,trump-media-technology-group-tokenized-bstocks,bstocks.finance,41915.png,"{""bnb"":""0xF2ec508422174Ee564de98187db9359D318AFB6b""}"
41918,DJT,Trump Media & Technology Group Corp (Derivatives),trump-media-technology-group-corp-derivaties,,41918.png,{}
41922,ECAT,Ethereum Cat (ethereumcat.living),ethereumcat-living,ethereumcat.living,41922.png,"{""ethereum"":""0x22A866848D506D2B5B7d067dBCc9Be17bf4f11d1""}"
41923,MEEKO,MEEKO,meeko,meekocoin.com,41923.png,"{""ethereum"":""0xBEec1fB5cBdfD50602f23b21f47d5500Bbd1ed5f""}"
41924,SAL,SAS Worldwide Logistics,sas-worldwide-logistics,sastoken.io,41924.png,"{""bnb"":""0x65b98b81f2525efd6c3f49c44de56db7ea662551""}"
41925,UMIA,Umia,umia,umia.finance,41925.png,"{""base"":""0x56ab53b77F07DA3af732150E8aeC4783eB5BbA7D""}"
41927,PISTACIO,Pistacio,pistacio,,41927.png,"{""solana"":""FZqdw6oSDCbHtKYxmhnfbi97SnyVy8jaYpdCoMrrjKa2""}"
41929,THEO,Autheo,autheo,autheo.com,41929.png,"{""base"":""0xebe516a20238F79dc20b07ead6768e08891Ed309"",""robinhood-placeholder"":""0x3Dc751e0dA01812E6D9143cC696e7f07eA94dA48""}"
41930,GIBI,Gibi Swap,gibi-swap,gibiswap.com,41930.png,"{""ethereum"":""0xb6CD7fee2daA8a2E7e4c0E194468AF0F08be527D""}"
41931,SHEIN,SHEIN Global Holdings Limited (Derivatives),shein-global-holdings-limited-derivaties,,41931.png,{}
41932,CBZEC,Coinbase Wrapped ZEC,coinbase-wrapped-zec,coinbase.com,41932.png,"{""base"":""0xB2000000000000000000008501b13360000cb2EC""}"
41933,CBHYPE,Coinbase Wrapped HYPE,coinbase-wrapped-hype,coinbase.com,41933.png,"{""base"":""0xB200000000000000000000451d033a5000cb479e""}"
41934,QBTS,D-Wave Quantum Inc (Derivatives),d-wave-quantum-inc-derivaties,,41934.png,{}
41935,GATO,GTA6CAT (thegta6cat.com),gta6cat,thegta6cat.com,41935.png,"{""solana"":""HsprHxBRgiVaQdRf3TnKNuZZtaX9JUSPgMFdAkk6pump""}"
41941,FONE,apeonfone,apeonfone,apeonfone.com,41941.png,"{""solana"":""CTPoyCwkjMvoJwU4xvZZqoD8tiYk6yDchySiN5gGpump""}"
41942,BNBCAT,BINANCE CAT (bnbcat.site),bnbcat-site,bnbcat.site,41942.png,"{""bnb"":""0x8D345658a86B5Bd145d5b522B80939ef8c8AaE10""}"
41944,TSLL,Direxion Daily TSLA Bull 2X ETF (Derivatives),direxion-daily-tsla-bull-2x-etf-derivatives,,41944.png,{}
41945,MARA,MARA Holdings Inc (Derivatives),mara-holdings-inc-derivatives,,41945.png,{}
41946,MRK,Merck & Co Inc (Derivatives),merck-co-inc-derivatives,,41946.png,{}
41947,NVDL,GraniteShares 2x Long NVDA Daily ETF (Derivatives),graniteshares-2x-long-nvda-daily-etf-derivatives,,41947.png,{}
41948,USDC.ARC,Wrapped USDC (Arc),usd-coin-arc,arc.io,41948.png,"{""arc-token"":""0x3600000000000000000000000000000000000000""}"
41949,IONQ,IONQ Inc (Derivatives),ionq-inc-derivatives,,41949.png,{}
41950,TEM,Tempus AI Inc (Derivatives),tempus-ai-inc-derivatives,,41950.png,{}
41951,RTPLV2,RT-Pool.cc Token V2,rt-pool-cc-token-v2,rt-pool.cc,41951.png,"{""solana"":""EFuksA43CLhwjPERsMxB1Mg33kg9QuhumiZQ7ihBEGca""}"
41952,GOLD,[fake] Trump Digital Gold,fake-trump-digital-gold,realtrumpcoins.com,41952.png,"{""solana"":""EMWtbpHaNqMbjUMZguuazhuZUVLWG3z4C5oZnGJPSqxS""}"
41953,DELTA,Delta,deltaliquidity,deltaliquidity.app,41953.png,"{""robinhood-placeholder"":""0xe8ffd7e24187F72afB08d75B1bb13088A989a791""}"
41955,OPTIMUS,Optimus (optimustracker.ai),optimustracker,optimustracker.ai,41955.png,"{""robinhood-placeholder"":""0x0ff9072a1ead154d92c2d2fef16afba6028ce2b2""}"
41956,NATG,NatGold,natgold,natgold.com,41956.png,"{""ethereum"":""0x59c323346F4f62aE18289F346501389392cf5939""}"
41957,GLD,SPDR Gold Shares Tokenized ETF (Derivatives),spdr-gold-shares-tokenized-etf-derivatives,,41957.png,{}
41958,JUAN,JUAN (juancoin.cash),juancoin,juancoin.cash,41958.png,"{""solana"":""JUAN69xYbJxZi2rrM6fjarwsBZWR91r1zzrhunhLWwg""}"
41959,RGTI,Rigetti Computing (Derivatives),rigetti-computing-derivaties,,41959.png,{}
41960,CRWDB,CrowdStrike Tokenized bStocks,crowdstrike-tokenized-bstocks,bstocks.finance,41960.png,"{""bnb"":""0x814981cf5df4a14d4d7328f9abf0d02e9ed54cd1""}"
41961,MRNAB,Moderna Tokenized bStocks,moderna-tokenized-bstocks,bstocks.finance,41961.png,"{""bnb"":""0x5fd86da9b05abe396fe9d02a4a213a7c00556503""}"
41962,SQQQB,ProShares UltraPro Short QQQ Tokenized bStocks,proshares-ultrapro-short-qqq-tokenized-bstocks,bstocks.finance,41962.png,"{""bnb"":""0x25e572b466d152604d9e6c3e53b432b978825342""}"
41963,STXB,Seagate Tokenized bStocks,seagate-tokenized-bstocks,bstocks.finance,41963.png,"{""bnb"":""0x2e065f65f1699964f4092de1d39a8efe6c8d6f32""}"
41964,HALLU,Hallucoin,hallucoin,hallucoin.com,41964.png,"{""bnb"":""0x4d292025b94c82b53c433382d03b7db9c0c5e2c9""}"
41965,TART,TartSwap,tartswap,tartswap.com,41965.png,"{""bnb"":""0x7AB8d02CBb51Ff7223fDe700eAaa2a91Bf750314""}"
41967,67,SIXSEVEN,sixseven,6sixseven7.club,41967.png,"{""gram"":""EQDTBhs52jXA9S7P3xuSvCohgYqbklQdJQLQ98A3Nld7QNMP"",""bnb"":""0xE7E569417D315Ef260778C09d289d7966213C452""}"
41968,BNQ,BNQ GLOBAL,bnq-global,bnqglobal.com,41968.png,"{""bnb"":""0xBc9211717353498e19201d9040021872af7656d3""}"
41969,GOOSE,Goose Token,goose-token,goosepresident.xyz,41969.png,"{""robinhood-placeholder"":""0x348cc963411fb82cd6e0b64345714fec94f242cb""}"
41970,DDOG,Datadog Inc (Derivatives),datadog-inc-derivatives,,41970.png,{}
41971,TEAM,Atlassian Corp (Derivatives),atlassian-corp-derivatives,,41971.png,{}
41972,MDB,Mongodb Inc (Derivatives),mongodb-inc-derivatives,,41972.png,{}
41973,ZS,Zscaler Inc (Derivatives),zscaler-inc-derivatives,,41973.png,{}
41974,GTLB,Gitlab Inc (Derivatives),gitlab-inc-derivatives,,41974.png,{}
41975,HMM,Thinking Cat,thinking-cat,hmmmm.fun,41975.png,"{""robinhood-placeholder"":""0x7fe995a80075df3dc8ae11a9b82c7fe4202cd87f""}"
41976,UP,up,up,up33.xyz,41976.png,"{""robinhood-placeholder"":""0x57c0e45cb534413d1c20a4240955d6bb250bb4f1""}"
41977,RAM,Ramses,ramses,ramses.xyz,41977.png,"{""hyperliquid"":""0x555570a286f15ebdfe42b66ede2f724aa1ab5555"",""robinhood-placeholder"":""0x5173d45a1191ee33cbb7d8c7e65f21b04ed54802""}"
41978,YOLO,YOLO (yolorh.com),yolorh,yolorh.com,41978.png,"{""robinhood-placeholder"":""0x62c71cd34a52c30d894419cbcc55db2afa8032ea""}"
41979,WIF,World is Flat,world-is-flat,worldisflat.fun,41979.png,"{""robinhood-placeholder"":""0x5173b8eA6923c2d40267890D45C46a3480954773""}"
41980,BABYCASHCAT,Baby Cash Cat,baby-cash-cat,babycashcat.io,41980.png,"{""robinhood-placeholder"":""0x183536D2859641a54Dd9C0405E7676E476c7C4ca""}"
41981,DOGGIE,Doggie Mode,doggie-mode,doggiemode.com,41981.png,"{""robinhood-placeholder"":""0xa9eFe2Fc94dE79734C03051515F48f254Ce61e18""}"
41982,GPRO,GoPro Inc (Derivatives),gopro-inc-derivatives,,41982.png,{}
41983,HOOKR,Hookr.fun,hookr-fun,hookr.fun,41983.png,"{""robinhood-placeholder"":""0x18e674231a58c239dc7daedcffe15ec3a24cff5c""}"
41984,SHRUB,Lil' Shrub,lil-shrub,lilshrub.fun,41984.png,"{""robinhood-placeholder"":""0x5d9144d2d017386519a7134Fcc7f1E4bA22f920c""}"
41985,EMBER,ember,ember,emberstudio.app,41985.png,"{""robinhood-placeholder"":""0x139ea209A647FD1f8BF275b982D3DBAD3e4B1A4D""}"
41986,DTF,Down to Finance,down-to-finance,downto.finance,41986.png,"{""robinhood-placeholder"":""0xee5576fa1bcaa380e591d01245f406f3f384eb01""}"
41987,NET,NetNet,netnet,netnet.capital,41987.png,"{""robinhood-placeholder"":""0xca9c78dd337a67f6e0077f65f5e9218719d30edf""}"
41988,BOW,Longbow,longbow,longbow.cash,41988.png,"{""robinhood-placeholder"":""0x451b42a15100c340ca12f7c66de06fac5ea2d751""}"
41989,FLORK,FLORK,flork-meme,,41989.png,"{""bnb"":""0xf40592DaACb3e5abf358789F5688C0B4f64d7777""}"
41990,MANCER,Mancer,mancer,mancer.xyz,41990.png,"{""robinhood-placeholder"":""0xc72f232a6869e6cf34dc06129affd07f8a2a246a""}"
41991,PROLOGUE,Prologue,prologue,fables.fi,41991.png,"{""robinhood-placeholder"":""0xb9972ca7188e511174947e3936a5315ac7073277""}"
41992,SOLI,SOLI COIN (solicoin.ai),soli-coin,solicoin.ai,41992.png,"{""ethereum"":""0x0EAdDCBe240d7Eeb1bA21f1EED48E58293969c6e""}"
41993,HEEHAW,Justice for HeeHaw,justice-for-heehaw,justiceforheehaw.com,41993.png,"{""solana"":""EEpng77ZPn9FbgbT4xsRjwuxNCcMBYq3HTwEscyTpump""}"
41994,GLD,SPDR Gold Shares Tokenized ETF (Robinhood),spdr-gold-shares-tokenized-etf-robinhood,robinhood.com,41994.png,"{""robinhood-placeholder"":""0xc9a981fee1f9dec688bb123ccdecc63d0debfc4e""}"
41995,HIMS,Hims & Hers Health Tokenized Stock (Robinhood),hims-hers-health-tokenized-stock-robinhood,robinhood.com,41995.png,"{""robinhood-placeholder"":""0xccee82fe024c36fa15e1005ede3e9e4787e23d09""}"
41996,RZUSD,RZUSD,rzusd-new,usd.rz.game,41996.png,"{""bnb"":""0xe446f07238d4a472cc9ea2905d24e057c9f786f0""}"
41997,BYD,BYD CO. LTD. (Derivatives),byd-co-ltd-derivatives,,41997.png,{}
41998,HK0992,Lenovo Group Ltd (Derivatives),lenovo-group-ltd-derivatives,,41998.png,{}
41999,DJT,Trump Media & Technology Group Tokenized Stock (Robinhood),trump-media-tchnology-group-tokenized-stock-robinhood,robinhood.com,41999.png,"{""robinhood-placeholder"":""0x1d11f0496982706c5e14a514d4e79f2e6bde4516""}"
42000,SIRIUS,The Dogestar,the-dogestar,dogestar.space,42000.png,"{""robinhood-placeholder"":""0x3b4a0048a00787a644932cd648faa043410c163e""}"
42003,WYFI,WhiteFiber Tokenized Stock (Robinhood),whitefiber-tokenized-stock-robinhood,robinhood.com,42003.png,"{""robinhood-placeholder"":""0x9e7abd3c9139d14e4c86dce0e455aab7a0c2fb3e""}"
42005,MRNA,Moderna Tokenized Stock (Robinhood),moderna-tokenized-stock-robinhood,robinhood.com,42005.png,"{""robinhood-placeholder"":""0x43b07d15ce533bec5476d70c22a78a1b2b662155""}"
42006,MEMESTOCK,memestock,memestock-run,memestock.run,42006.png,"{""bnb"":""0x6FF45323817d1d53bbb8A8dFbA9245aE74057777""}"
42007,MEME,A Meme Coin,a-meme-coin,,42007.png,"{""robinhood-placeholder"":""0x385f4f8ae47651ce5f58f5265395a669f8281e18""}"
42008,FIG,Figma Tokenized Stock (Robinhood),figma-tokenized-stock-robinhood,robinhood.com,42008.png,"{""robinhood-placeholder"":""0x41f4267525a8aff329540ef24fd83d9044758b33""}"
42009,AMC,AMC Entertainment Holdings Tokenized Stock (Robinhood),amc-entertainment-holdings-tokenized-stock-robinhood,robinhood.com,42009.png,"{""robinhood-placeholder"":""0x05a3d1cd21d0c88145e82600e62e7e496e0f222b""}"
42010,CLAN,clan.tech,clan-tech,clan.tech,42010.png,"{""robinhood-placeholder"":""0xcebc0cfbc5dd0893a9e3b9d0f75b211ddf5934a0""}"
42011,CNPY,Canopy,canopy,canopynetwork.org,42011.png,"{""bnb"":""0xC69B16CF18CEA1e5D0bb6a1a9db802097790dDD2""}"
42012,CRED,Credible Finance (credible.finance),credible-finance,credible.finance,42012.png,"{""solana"":""CREDBHvVqREBCAxMihzr8D1nepHMr2gmQoZWpmgGmeta""}"
42013,PAIR,PAIR,pair,pair.fund,42013.png,"{""robinhood-placeholder"":""0x6b1d42927b1a84ec28fa88d4fc6fa7af404966be""}"
42014,HOVER,Hover,hover,onhover.xyz,42014.png,"{""robinhood-placeholder"":""0xf7d2a651188ea9f52cc802b3d962eb6c88bfaba3""}"
42016,RIPE,Ripe DAO Governance Token,ripe-dao-governance-token,ripe.finance,42016.png,"{""base"":""0x2a0a59d6b975828e781ecac125dba40d7ee5ddc0"",""robinhood-placeholder"":""0x4d3f37a965b21ab4122e92dd41d2693e742c883b""}"
42018,PRISM,Prism Assets,prism-assets,prismassets.shop,42018.png,"{""robinhood-placeholder"":""0x20024e485c0b22b42855589700721b28320a7777""}"
42019,HOODRAT,Hoodrat (certifiedhoodrat.com),certifiedhoodrat,certifiedhoodrat.com,42019.png,"{""robinhood-placeholder"":""0x8e62f281f282686fca6dcb39288069a93fc23f1c""}"
42020,POOLS,pools.trade,pools-trade,pools.trade,42020.png,"{""robinhood-placeholder"":""0x385b36ff682ab4c76e7c37a66b96aabc466471d5""}"
42021,NEKO,Artificial Neko (artificialneko.com),artificial-neko,artificialneko.com,42021.png,"{""robinhood-placeholder"":""0xc6e8c393d46b685c2fb2177f759f2b16eb7a7d54""}"
42022,STONK,STONK (stonkfun.xyz),stonk-fun,stonkfun.xyz,42022.png,"{""solana"":""6GmAFSYs4gk3FDao5FzzySQpPZaWsa4rUJHacpMpUNgx""}"
42024,AMC,AMC Entertainment Holdings Tokenized Stock (Backpack Securities),amc-entertainment-holdings-tokenized-stock-backpack-securities,backpack.exchange,42024.png,"{""solana"":""AMC1qwR9KhiyrQBRPrxnfo4JfMeMZqEBvt5tgTytNNoc""}"
42025,BREW,BREW,brew,brew.family,42025.png,"{""bnb"":""0xfa6D9B504848606Eb9aeC04CCc161D169B3f2159""}"
42031,ZCAT,Anonymous Cat,anonymous-cat,stonkfun.xyz,42031.png,"{""solana"":""HcRLc9VDgjLeK154xDawfb1dmVJ98DoSqcwTHGqiDeJR""}"
42033,MCAT,MarsCat,marscat,marscat.io,42033.png,"{""bnb"":""0xd69a4b260ef021CCD4e1C5F5a4fB522B032Ce831""}"
42034,ROBIN,Robin the Frog,robin-the-frog,therobincoin.xyz,42034.png,"{""robinhood-placeholder"":""0x11B70d0243baf75E85CE03201A92b5B7C33BEB59""}"
42035,STONKS,Stonks (stonksbnb.com),stonksbnb,stonksbnb.com,42035.png,"{""bnb"":""0xc9d825e83aada475bd4d38c8ca984ed746277777""}"
42036,B-MONEY,b-money,b-money-2,b-money.money,42036.png,"{""bnb"":""0xf49725118cb0707b8706ffffe895f3ab16da7777""}"
42037,SHROOM,MUSHROOM (shroomnetwork.com),shroomnetwork,shroomnetwork.com,42037.png,"{""robinhood-placeholder"":""0xab093def657f15df31b33922a95e047add645b29""}"
42038,BONER,Boner Coin,boner-coin,boneronlong.xyz,42038.png,"{""robinhood-placeholder"":""0x98096d17e191b3da1d5f99a6d7b3584351b11e18""}"
42039,MICRODUCK,microduck,microduck,ponsfamily.com,42039.png,"{""robinhood-placeholder"":""0xd5f1afea47b1a9eab414d2ee740cf1d6d039e725""}"
42040,ORBIO,Orbio.so,orbio-so,orbio.so,42040.png,"{""robinhood-placeholder"":""0xaa07a0e9209e16ac99708c3ec70159c6ef3128a3""}"
42041,STRATTON,Stratton Market,stratton-market,stratton.market,42041.png,"{""robinhood-placeholder"":""0xb7eaecc89d3e2f9fd597d61726ae824900db8360""}"
42042,GME,Greatest Meme Ever,greatest-meme-ever,ponsfamily.com,42042.png,"{""robinhood-placeholder"":""0xef67e3064bef1a27e81925ec7132f23e533bd5f6""}"
42043,BEN,BEN,ben-meme,,42043.png,"{""bnb"":""0x7BC70aE0f2A67d2fDc0180a697a611F21c857777""}"
42044,LAPTOP,Hunter Biden's Laptop,hunter-biden-s-laptop,laptoptoken.com,42044.png,"{""base"":""0xB095274743941e953c746F9C228DA9c18Bb6ec29""}"
42045,CRMB,Salesforce Tokenized bStocks,salesforce-tokenized-bstocks,bstocks.finance,42045.png,"{""bnb"":""0x8c433eca1be0e2a357015602f63751c768f6f643""}"
42046,HIMSB,Hims & Hers Tokenized bStocks,hims-hers-tokenized-bstocks,bstocks.finance,42046.png,"{""bnb"":""0xee6f4bcc88c2c8583d5a65c7d0c877b464100711""}"
42247,PNT,Panther Token (mypanther.io),panther-token,mypanther.io,42247.png,"{""bnb"":""0x96a1c601592F8209317bA0540C93Dc0687CC11AE""}"
42248,MAX,Giggle Mascot,giggle-mascot,maxbnb.meme,42248.png,"{""bnb"":""0xe9Bc5C6A86caA44fD7b469bf3cc7c563E4F77777""}"
42249,4STOCK,4Stock,4stock,four.meme,42249.png,"{""bnb"":""0xd270D4e1EC6e6E0d28C0ecB8BE966EC75997FFfF""}"
42251,BUILD,build (buildwithbsc),build-bsc,,42251.png,"{""bnb"":""0x489cE5fb31523516f3FB4aACd597508C80eDfFfF""}"
42252,ASHIBA,Artificial Shiba,artificial-shiba,artificialshiba.com,42252.png,"{""robinhood-placeholder"":""0x25cd2901b6d16cb33185e7667f984dbc35bcf354""}"
42253,CT,Concrete,concrete,concrete.xyz,42253.png,"{""ethereum"":""0x0a092e544da31150b439a1aaa1a3a2214a867f46"",""bnb"":""0x0a092e544da31150b439a1aaa1a3a2214a867f46""}"
42254,AGX,AEGIS X,aegis-x,x-dao.io,42254.png,"{""bnb"":""0xe766023f5a0fa6ce91b9f98D327771437DfcA077""}"
42255,PARE,Pare,pare,parestocks.com,42255.png,"{""robinhood-placeholder"":""0x15d36B6A28d8327ABc7aFABF0F106AE2c9Af5C4d""}"
42256,BNC4,Cea Industries Tokenized 4Stock,cea-industries-tokenized-4stock,four.meme,42256.png,"{""bnb"":""0x7C8D5502b544dDAf8852Fc46D1174E34876D545C""}"
42257,CRUMBS,Crumbs,crumbs,crumbs.family,42257.png,"{""robinhood-placeholder"":""0x80baa4b3bfac6f4978700df824b1b3d98e889136""}"
42258,ICOIN,iCoin,icoin-2,icoin.world,42258.png,"{""robinhood-placeholder"":""0x5d6ef090a1461b11c9427ac319260122d1c61e18""}"
42259,MOO,Memory cow Moo,memory-cow-moo,,42259.png,"{""robinhood-placeholder"":""0xd9db30bb0d2b8d2eae3826a1372117e058791e18""}"
42260,HOTDOG,hotdog,hotdog-2,hotdogrh.wtf,42260.png,"{""robinhood-placeholder"":""0x1c1daef0300551adbfbe403e7d567b6c5aff566f""}"
42261,ROBINHOOD,Robinhood (robinhood.win),robinhood-win,robinhood.win,42261.png,"{""robinhood-placeholder"":""0x008Df4b3E857D06c4603Aeb11F267ccD32ce2005""}"
42269,蝴蝶人生,蝴蝶人生,hudierensheng,flap.sh,42269.png,"{""bnb"":""0x87aE267002cD1eA0eC86Bf3601D4a8AD76A47777""}"
42270,RXRXON,Recursion Pharmaceuticals Tokenized Stock (Ondo),recursion-pharmaceuticals-tokenized-stock-ondo,app.ondo.finance,42270.png,"{""ethereum"":""0xDaA3b81a3ACFcB60b875eBA1D26852376BC38486"",""bnb"":""0xCB6D74afF24AFc94514727eE0FCDA6bb6B64f3F9"",""solana"":""q16ZLSbANUhpcq15pRUXRxNFfEqgpde9mSBwRcyondo""}"
42271,NEARON,iShares Short Duration Bond Active Tokenized ETF (Ondo),ishares-short-duration-bond-active-tokenized-etf-ondo,app.ondo.finance,42271.png,"{""ethereum"":""0x7E37ac5d67ebe99851193CD036D7725b6730c53D"",""solana"":""bD6TafGhPo8NaeKEyge1DrZGAPB5wxK3x4fCpqjondo"",""bnb"":""0x031d85943ba7ca0304323195e7086a76c35366fB""}"
