id,symbol,name,slug,logo,total_supply,contract,decimals
0xcfc8e8a4d2246dec68115ae24abbca0d2b1e6bf2_base,$BILLY,Billy Bets by Virtuals,billy-bets-by-virtuals-2,0xcfc8e8a4d2246dec68115ae24abbca0d2b1e6bf2_baseGB1.png,1500000000,"{""base"":""0xcfc8e8a4d2246dec68115ae24abbca0d2b1e6bf2""}",18
naruto,NARUTO,Naruto,naruto,narutonpr.png,110000000000,"{""ethereum"":""0xad8d0de33c43eefe104a279cdb6ae250c12e6214""}",18
epics-token,EPCT,Epics Token,epics-token,epics-tokenud0.png,999999643,"{""solana"":""CvB1ztJvpYQPvdPBePtRzjL4aQidjydtUz61NWgcgQtP""}",18
mazimatic,MAZI,MaziMatic,mazimatic,mazimatic6Bj.png,10000000000,"{""binance_smart"":""0x5b8650cd999b23cf39ab12e3213fbc8709c7f5cb"",""ethereum"":""0x5b8650cd999b23cf39ab12e3213fbc8709c7f5cb""}",18
nftblackmarket,NBM,NFTBlackmarket,nftblackmarket,nftblackmarketFUH.png,1000000000000000,"{""binance_smart"":""0x12da2f2761038486271c99da7e0fb4413e2b5e38""}",18
polycub,POLYCUB,PolyCub,polycub,polycubjs6.png,1712958,"{""polygon-pos"":""0x7cc15fef543f205bf21018f038f591c6bada941c""}",18
bebe-dog,BEBE,BEBE DOG,bebe-dog,bebe-dogqcf.png,503333040936,"{""arbitrum-one"":""0x406d59819bc2aef682f4ff2769085c98a264f97b"",""binance_smart"":""0x16120ef3d353224222b0a257ad15b5eaec0525c5""}",18
0x4f9d3adbfaf4579518b1ca7e06468a363897b997_binance_smart,SMILEK,Smilek to the Bank,smilek,smilekW6y.png,1750000000000,"{""binance_smart"":""0x4f9d3adbfaf4579518b1ca7e06468a363897b997""}",18
sng-token,SNG,SNG Token,sng-token,sng-token5Wm.png,100000000,"{""binance_smart"":""0xb263feadea2d754dc72276a62e3cccf934669522""}",18
namecoin,NMC,Namecoin,namecoin,NamecoinVCZee.png,21000000,,
storex,STRX,Storex,storex,storexfKs.png,0,"{""solana"":""STRXzrUKLEpXTVN5oyXaSZgt38MUcWN8VRAZUAVFX3j""}",18
hnb-protocol,HNB,HNB Protocol,hnb-protocol,hnb-protocolBEV.png,1500000000,"{""ethereum"":""0x6e0615a03ed9527a6013fcd5b556e36ef4dab1ff""}",18
drop-wireless-infrastructure,DWIN,Drop Wireless Infrastructure,drop-wireless-infrastructure,drop-wireless-infrastructureKSA.png,1100000000,"{""iotex"":""0xa7108637552cec7e8c2dd08a9cd995caff8b4280""}",18
xcksm,XCKSM,xcKSM,xcksm,xcksmw1G.png,14994,"{""moonriver"":""0xffffffff1fcacbd218edc0eba20fc2308c778080""}",18
dripdropz,DRIP,DripDropz,dripdropz,dripdropz9wV.png,45000000000,"{""cardano"":""af2e27f580f7f08e93190a81f72462f153026d06450924726645891b""}",18
cardanogpt,CGI,CardanoGPT,cardanogpt,cardanogptuW0.png,5000000,"{""cardano"":""2d587111358801114f04df83dc0015de0a740b462b75cce5170fc935""}",18
l3usd,L3USD,L3USD,l3usd,l3usdyyD.png,0,"{""fantom"":""0x5f0456f728e2d59028b4f5b8ad8c604100724c6a"",""binance_smart"":""0xdea12c8c23994ea2d88ed99ee1bdc0ff56f7f9d1"",""polygon-pos"":""0x2c2d8a078b33bf7782a16acce2c5ba6653a90d5f"",""tombchain"":""0x94bb580d7f99c30f125669bfaf8164d5ff6436e7"",""ethereum"":""0x2c2d8a078b33bf7782a16acce2c5ba6653a90d5f""}",18
moremoney-usd,MONEY,Moremoney USD,moremoney-usd,moremoney-usdEFV.png,34554,"{""avalanche"":""0x0f577433bf59560ef2a79c124e9ff99fca258948""}",18
vaultram,V,VaultRAM,vaultram,vaultram30g.png,274877906944,,
fantom-bridged-wbtc-fantom,WBTC,Fantom Bridged WBTC (Fantom),fantom-bridged-wbtc-fantom,fantom-bridged-wbtc-fantompXc.png,1165,"{""fantom"":""0x321162cd933e2be498cd2267a90534a804051b11""}",18
iotube-bridged-geod-iotex,GEOD,ioTube Bridged GEOD (IoTeX),iotube-bridged-geod-iotex,iotube-bridged-geod-iotexYaw.png,1000000000,"{""iotex"":""0x8e33229206f726993e4a7bf7da2347f3743bf8b4""}",18
0xfb7a83abe4f4a4e51c77b92e521390b769ff6467_base,MAXX,Ethermax,ethermax,0xfb7a83abe4f4a4e51c77b92e521390b769ff6467_baseSkE.png,4816008,"{""base"":""0xfb7a83abe4f4a4e51c77b92e521390b769ff6467""}",18
badger-sett-badger,BBADGER,Badger Sett Badger,badger-sett-badger,badger-sett-badgerhnj.png,3152135,"{""ethereum"":""0x19d97d8fa813ee2f51ad4b4e04ea08baf4dffc28"",""fantom"":""0x1f7216fdb338247512ec99715587bb97bbf96eae""}",18
magnetgold,MTG,MagnetGold,magnetgold,magnetgoldtHh.png,700000000,"{""binance_smart"":""0x68d10dfe87a838d63bbef6c9a0d0b44beb799dc1""}",18
xrpaynet,XRPAYNET,XRPayNet,xrpaynet,xrpaynetFq3.png,50000000000,"{""xrp"":""XRPayNet.r9rRLst96Ue4YTDQkWWkX1ePB6p6Ye4FkA""}",18
ccomp,CCOMP,cCOMP,ccomp,ccompA11.png,665625,"{""ethereum"":""0x70e36f6bf80a52b3b46b3af8e106cc0ed743e8e4""}",18
tokyo-au,TOKAU,Tokyo AU,tokyo-au,tokyo-auppj.png,1000000000000000,"{""binance_smart"":""0xc409ec8a33f31437ed753c82eed3c5f16d6d7e22""}",18
mai-avalanche,MIMATIC,MAI (Avalanche),mai-avalanche,mai-avalancheqnU.png,1677758,"{""avalanche"":""0x5c49b268c9841aff1cc3b0a418ff5c3442ee3f3b""}",18
copxtoken,COPX,CopXToken,copxtoken,copxtoken573.png,999898783,"{""binance_smart"":""0x0d4629ff6d6ca422178dc66a21eea0dfb182e72c""}",18
coreum,COREUM,Coreum [OLD],coreum,coreumMXt.png,649694844,"{""xrp"":""rfpYHS1P7NGALmf4BhiNffXCcj96zJCore"",""osmosis"":""ibc/F3166F4D31D6BA1EC6C9F5536F5DDDD4CC93DBA430F7419E7CDC41C497944A65""}",18
payb,PAYB,PayB,payb,paybZ7L.png,2100000,"{""ethereum"":""0xdcb5645eda1ed34c5641d81b927d33ebae9cf2a4""}",18
harmony-horizen-bridged-busd-harmony,BUSD,Harmony Horizen Bridged BUSD (Harmony),harmony-horizen-bridged-busd-harmony,harmony-horizen-bridged-busd-harmonyLHl.png,5524121,"{""harmony-shard-0"":""0xe176ebe47d621b984a73036b9da5d834411ef734""}",18
algo-casino-chips,CHIP,Algo-Casino Chips,algo-casino-chips,algo-casino-chipsTAf.png,1000000000,"{""algorand"":""388592191""}",18
cyberpixels,CYPX,CyberPixels,cyberpixels,cyberpixelszfV.png,429540000,"{""ergo"":""01dce8a5632d19799950ff90bca3b5d0ca3ebfa8aaafd06f0cc6dd1e97150e7f""}",18
comet-token,COMET,Comet Token,comet-token,comet-tokenuBY.png,21000000000,"{""ergo"":""0cd8c9f416e5b1ca9f986a7f10a84191dfb85941619e49e53c0dc30ebf83324b""}",18
quacks,QUACKS,QUACKS,quacks,quacksUhE.png,0,"{""ergo"":""089990451bb430f05a85f4ef3bcb6ebf852b3d6ee68d86d78658b9ccef20074f""}",18
gld-tokenized-stock-defichain,DGLD,SPDR Gold Shares Defichain,gld-tokenized-stock-defichain,gld-tokenized-stock-defichainhgT.png,0,,
crux-finance,CRUX,Crux Finance,crux-finance,crux-financeYro.png,100000000,"{""ergo"":""00b42b41cb438c41d0139aa8432eb5eeb70d5a02d3df891f880d5fe08670c365""}",18
omni-network,OMNI,Omni Network [Old],omni-network,omni-networkaFd.png,100000000,"{""ethereum"":""0x36e66fbbce51e4cd5bd3c62b637eb411b18949d4""}",18
headline,HDL,Headline,headline,headlinecW2.png,25000000,"{""algorand"":""137594422""}",18
apetos,APE,Apetos,apetos,apetosF1Y.png,1000000000,"{""aptos"":""0xada35ada7e43e2ee1c39633ffccec38b76ce702b4efc2e60b50f63fbe4f710d8::apetos_token::ApetosCoin""}",18
octorand,OCTO,Octorand,octorand,octorand4E0.png,777796,"{""algorand"":""559219992""}",18
voucher-glmr,VGLMR,Voucher GLMR,voucher-glmr,voucher-glmrJL8.png,472855,,
fautor,FTR,Fautor,fautor,fautorD4c.png,2500000000,"{""ethereum"":""0xd6c7bb8531295e88d364ea67d5d1acc7d3f87454"",""avalanche"":""0x61f23250451305f6c4426e81c50ae535edf94a02""}",18
stride-staked-islm,STISLM,Stride Staked ISLM,stride-staked-islm,stride-staked-islmAVH.png,40533314,"{""haqq-network"":""0x12fefeac0568503f7c0d934c149f29a42b05c48f"",""osmosis"":""ibc/245C3CA604AAB4BB9EEA5E86F23F52D59253D8722C8FC9C4E3E69F77C5CD3D2F""}",18
matic-network,MATIC,MATIC (migrated to POL),matic-network,1745139575517.png,10000000000,"{""ethereum"":""0x7d1afa7b718fb893db30a3abc0cfc608aacfebb0"",""harmony-shard-0"":""0x301259f392b551ca8c592c9f676fcd2f9a0a84c5"",""binance_smart"":""0xcc42724c6683b7e57334c4e856f4c9965ed682bd"",""moonriver"":""0x682f81e57eaa716504090c3ecba8595fb54561d8"",""sora"":""0x009134d5c7b7fda8863985531f456f89bef5fbd76684a8acdb737b3e451d0877"",""moonbeam"":""0x3405a1bd46b85c5c029483fbecf2f3e611026e45"",""energi"":""0x98997e1651919faeacee7b96afbb3dfd96cb6036""}",18
backbone-staked-osmo,BOSMO,Backbone staked OSMO,backbone-staked-osmo,backbone-staked-osmogGv.png,632221,"{""osmosis"":""factory/osmo1s3l0lcqc7tu0vpj6wdjz9wqpxv8nk6eraevje4fuwkyjnwuy82qsx3lduv/boneOsmo""}",18
clubrare-empower,MPWR,Empower,clubrare-empower,clubrare-empowerw91.png,247154581,"{""ethereum"":""0x6731827cb6879a2091ce3ab3423f7bf20539b579"",""klay-token"":""0xad27ace6f0f6cef2c192a3c8f0f3fa2611154eb3"",""polygon-pos"":""0x47c52f93a359db9f4509005cf982dfc440790561""}",18
quipuswap-governance-token,QUIPU,QuipuSwap Governance,quipuswap-governance-token,quipuswap-governance-tokenGKl.png,0,"{""tezos"":""KT193D4vozYnhGJQVtw7CoxxqphqUEEwK6Vb""}",18
plenty-dao,PLENTY,Plenty DeFi,plenty-dao,plenty-dao7BJ.png,14455559,"{""tezos"":""KT1GRSvLoikDsXujKgZPsGLX8k8VvR2Tq95b""}",18
sharplink-gaming-xstock,SBETX,SharpLink Gaming xStock,sharplink-gaming-xstock,sharplink-gaming-xstockco7.png,3013000,"{""ethereum"":""0x338791c58fded314b81eab139a1a2fb7967d90d6"",""solana"":""XsEoih2x6nZuUjFwzGoba6MFmtzCkzW2c4YAm6baQbq""}",18
primecoin,XPM,Primecoin,primecoin,PrimecoinpcSd8.png,50203940,,
multichain-bridged-wbtc-moonriver,WBTC,Multichain Bridged WBTC (Moonriver),multichain-bridged-wbtc-moonriver,multichain-bridged-wbtc-moonriver7vj.png,4.9269,"{""moonriver"":""0x6ab6d61428fde76768d7b45d8bfeec19c6ef91a8""}",18
blockcreate,BLOCK,BlockCreate,blockcreate,blockcreate1vy.png,4598509030,"{""algorand"":""251014570""}",18
membrane,MBRN,Membrane,membrane,membraneFsf.png,100000000,"{""osmosis"":""factory/osmo1s794h9rxggytja3a4pmwul53u98k06zy2qtrdvjnfuxruh7s8yjs6cyxgd/umbrn""}",18
moonbeans,BEANS,MoonBeans,moonbeans,moonbeansAsj.png,1000000,,
token-teknoloji-a-s-usd,USDOT,Token Teknoloji A.Ş. USD,token-teknoloji-a-s-usd,token-teknoloji-a-s-usdZqt.png,30000,"{""avalanche"":""0x2f5de51823e514de04475ba8db1eeba5b244ba84"",""polygon-pos"":""0x2f5de51823e514de04475ba8db1eeba5b244ba84""}",18
weft-finance,WEFT,Weft Finance,weft-finance,weft-financeCIf.png,100000000,"{""radix"":""resource_rdx1tk3fxrz75ghllrqhyq8e574rkf4lsq2x5a0vegxwlh3defv225cth3""}",18
movegpt,MGPT,MoveGPT,movegpt,movegptjua.png,880000000,"{""aptos"":""0x63be1898a424616367e19bbd881f456a78470e123e2770b5b5dcdceb61279c54::movegpt_token::MovegptCoin""}",18
dotswap-dotswap,🔄,DOTSWAP•DOTSWAP,dotswap-dotswap,dotswap-dotswapFmI.png,100000000,"{""ordinals"":""840456:5478""}",18
macom-technology-solutions-holdings-inc-rstock,RMTSI,MACOM Technology Solutions Holdings Tokenized Stock (Reality),macom-technology-solutions-holdings-inc-rstock,macom-technology-solutions-holdings-inc-rstockwhH.png,5.0199,"{""arbitrum-one"":""0x1cdc2727ac5c448c1554f18085c9970befda8127""}",18
openswap-token,OPENX,OpenSwap.One,openswap-token,openswap-tokenxNe.png,17261456,"{""ethereum"":""0x57d579f483854c62fef850b8a5332b0d8424b7e2"",""harmony-shard-0"":""0x01a4b054110d57069c1658afbc46730529a3e326"",""binance_smart"":""0x9929b92f4c743d014c68dfe022d04c8c8fcfa37a""}",18
ulta-beauty-rstock,RULTA,Ulta Beauty Tokenized Stock (Reality),ulta-beauty-rstock,ulta-beauty-rstock8Ty.png,0,"{""arbitrum-one"":""0xf5664106e172446bc64ac7ec8e9634481f8390c0""}",18
all-inx-smart-chain,ASC,All InX SMART CHAIN,all-inx-smart-chain,all-inx-smart-chainiXA.png,1000000000,"{""base"":""0x1bcb7eadea5ac43733bd8fa1f65798333cc51313""}",18
la-peseta-2,PTAS,La Peseta,la-peseta-2,la-peseta-2rkp.png,47000000,"{""binance_smart"":""0x991bb6093fa735d27cd1444b2ad8fdd95876fed5""}",18
collateralized-debt-token,CDT,Collateralized Debt Token,collateralized-debt-token,collateralized-debt-tokenwAv.png,92727,"{""osmosis"":""factory/osmo1s794h9rxggytja3a4pmwul53u98k06zy2qtrdvjnfuxruh7s8yjs6cyxgd/ucdt""}",18
harmony-horizon-bridged-ceth-harmony-shard-0,1ETH,Harmony Horizon Bridged cETH (Harmony Shard 0),harmony-horizon-bridged-ceth-harmony-shard-0,harmony-horizon-bridged-ceth-harmony-shard-0Osu.png,10580,"{""harmony-shard-0"":""0x6983d1e6def3690c4d616b13597a09e6193ea013""}",18
xbld_astrovault,XBLD,xBLD_Astrovault,xbld_astrovault,xbld_astrovaultIl7.png,0,"{""cosmos"":""archway1yv8uhe795xs4fwz6mjm278yr35ps0yagjchfp39q5x49dty9jgssm5tnkv"",""archway"":""archway1yv8uhe795xs4fwz6mjm278yr35ps0yagjchfp39q5x49dty9jgssm5tnkv""}",18
financial-transaction-system,FTS,FINANCIAL TRANSACTION SYSTEM,financial-transaction-system,financial-transaction-system5lX.png,36936936,"{""binance_smart"":""0xeacd67fa73606320e6c842c05df291ca0fac4142""}",18
community-business-token,CBT,Community Business Token,community-business-token,community-business-tokenQzn.png,70000000000,"{""ethereum"":""0xfa93660c3f6a848556bb8e265f994160a1f2b289""}",18
everycoin,EVY,EveryCoin,everycoin,EveryCoincFzhX.png,88800000000,"{""ethereum"":""0xeed3ae7b0f8b5b9bb8c035a9941382b1822671cd""}",18
tem-market,TEM,TEM MARKET,tem-market,tem-marketHPc.png,5000000000,"{""polygon-pos"":""0xe4f064808d11fc46397c36ef5d6be8776515ef2a"",""solana"":""2gRVFdNHXnDZwCusjRQwCVuhuZFGQxFwqqUPjjhrd1kg""}",18
landboard,LAND,Landboard,landboard,landboard6qP.png,96062906,"{""elrond"":""LAND-40f26f""}",18
cantina-royale,CRT,Cantina Royale,cantina-royale,cantina-royaley4d.png,131855000,"{""elrond"":""CRT-52decf""}",18
unityx,UTX,UNITYX,unityx,unityxcXa.png,84344805,"{""elrond"":""UNITYX-3181a2""}",18
gocharge-tech,CHARGED,GoCharge Tech,gocharge-tech,gocharge-techHPw.png,189388000,"{""elrond"":""CHARGED-703583""}",18
krogan,KRO,Krogan,krogan,kroganXLG.png,500000000,"{""elrond"":""KRO-df97ec""}",18
t3rn,TRN,t3rn,t3rn,t3rnGra.png,100000000,,
bitcoin-e-wallet,BITWALLET,Bitcoin E-wallet,bitcoin-e-wallet,bitcoin-e-walletxnA.png,21000000,"{""binance_smart"":""0xc868642d123289f0a6cb34a3c2810a0a46141947""}",18
hyperbc,HBT,HyperBC,hyperbc,hyperbchot.png,492468192,"{""ethereum"":""0x32fd949e1953b21b7a8232ef4259cd708b4e0847""}",18
aibot-iyi,AIB,$AIBOT IYI,aibot-iyi,aibot-iyilOW.png,0,,
sold,SOLD,$SOLD,sold,soldJgN.png,1000000000,,
1-800-flowers-com-inc-astock,AFLWS,1-800-Flowers.Com Inc aStock,1-800-flowers-com-inc-astock,1-800-flowers-com-inc-astock23T.png,0,"{""arbitrum-one"":""0x3a013978cbd3ed7b270c92009e6a6d1be8e6ac25"",""base"":""0x3a013978cbd3ed7b270c92009e6a6d1be8e6ac25"",""ethereum"":""0x3a013978cbd3ed7b270c92009e6a6d1be8e6ac25"",""monad"":""0x3a013978cbd3ed7b270c92009e6a6d1be8e6ac25"",""robinhood"":""0x3a013978cbd3ed7b270c92009e6a6d1be8e6ac25"",""binance_smart"":""0x3a013978cbd3ed7b270c92009e6a6d1be8e6ac25""}",18
1000btt,1000BTT,1000BTT,1000btt,1000btt5ep.png,0,,
1000rats,1000RATS,1000RATS,1000rats,1000ratsMz6.png,0,,
1000shib,1000SHIB,1000SHIB,1000shib,1000shibhO8.png,0,,
1eyechain,1EYE,1eyechain,1eyechain,1eyechainavx.png,1000000000,,
1inch-yvault,YV1INCH,1INCH yVault,1inch-yvault,1inch-yvaultu0x.png,67761,"{""ethereum"":""0xb8c3b7a2a618c552c23b1e4701109a9e756bab67""}",18
wrapped-avax-21-co,21AVAX,21.co Wrapped AVAX,wrapped-avax-21-co,wrapped-avax-21-cohjX.png,36.5297,"{""ethereum"":""0x399508a43d7e2b4451cd344633108b4d84b33b03""}",18
wrapped-bch-21-co,21BCH,21.co Wrapped BCH,wrapped-bch-21-co,wrapped-bch-21-co4dP.png,1.9094,,
wrapped-bnb-21-co,21BNB,21.co Wrapped BNB,wrapped-bnb-21-co,wrapped-bnb-21-co2qD.png,13.3,"{""ethereum"":""0x1be9d03bfc211d83cff3abdb94a75f9db46e1334""}",18
wrapped-sol-21-co,21SOL,21.co Wrapped SOL,wrapped-sol-21-co,wrapped-sol-21-coEBv.png,45.8932,"{""ethereum"":""0xb80a1d87654bef7ad8eb6bbda3d2309e31d4e598""}",18
3f-x-steakhouse-usdc-morpho-vault,3F-STEAKUSDC,3F x Steakhouse USDC Morpho Vault,3f-x-steakhouse-usdc-morpho-vault,3f-x-steakhouse-usdc-morpho-vaultJZx.png,13736559,,
3m-rstock,RMMM,3M Tokenized Stock (Reality),3m-rstock,3m-rstockQSi.png,0.13273817,,
3m-xstock,MMMX,3M xStock,3m-xstock,3m-xstockBdw.png,0,,
3x-short-semiconductor-etf-xstock,SOXSX,3x Short Semiconductor ETF xStock,3x-short-semiconductor-etf-xstock,3x-short-semiconductor-etf-xstockW5N.png,1039534,,
aaon-inc-rstock,RAAON,AAON Tokenized Stock (Reality),aaon-inc-rstock,aaon-inc-rstockPc4.png,0.14990491,,
aarna-atv111-sonic,ATV111,aarna atv111 (Sonic),aarna-atv111-sonic,aarna-atv111-sonicH7A.png,14.178,,
aave-aave,AAAVE,Aave AAVE,aave-aave,aave-aavecT7.png,4491,"{""ethereum"":""0xffc97d72e13e01096502cb8eb52dee56f74dad7b""}",18
aave-amm-bptbalweth,AAMMBPTBALWETH,Aave AMM BptBALWETH,aave-amm-bptbalweth,aave-amm-bptbalwethCFz.png,0.4943814,"{""ethereum"":""0xd109b2a304587569c84308c55465cd9ff0317bfb""}",18
aave-amm-bptwbtcweth,AAMMBPTWBTCWETH,Aave AMM BptWBTCWETH,aave-amm-bptwbtcweth,aave-amm-bptwbtcwethkW3.png,0.00106874,"{""ethereum"":""0x358bd0d980e031e23eba9aa793926857703783bd""}",18
aave-amm-dai,AAMMDAI,Aave AMM DAI,aave-amm-dai,aave-amm-daiKCY.png,23769,"{""ethereum"":""0x79be75ffc64dd58e66787e4eae470c8a1fd08ba4""}",18
aave-amm-uniaaveweth,AAMMUNIAAVEWETH,Aave AMM UniAAVEWETH,aave-amm-uniaaveweth,aave-amm-uniaavewethG13.png,0.13465582,"{""ethereum"":""0xe59d2ff6995a926a574390824a657eed36801e55""}",18
aave-amm-unibatweth,AAMMUNIBATWETH,Aave AMM UniBATWETH,aave-amm-unibatweth,aave-amm-unibatwethsBR.png,17.354,"{""ethereum"":""0xa1b0edf4460cc4d8bfaa18ed871bff15e5b57eb4""}",18
aave-amm-unicrvweth,AAMMUNICRVWETH,Aave AMM UniCRVWETH,aave-amm-unicrvweth,aave-amm-unicrvwethTpG.png,0.0000413627,"{""ethereum"":""0x0ea20e7ffb006d4cfe84df2f72d8c7bd89247db0""}",18
aave-amm-unidaiusdc,AAMMUNIDAIUSDC,Aave AMM UniDAIUSDC,aave-amm-unidaiusdc,aave-amm-unidaiusdcVsM.png,0.00000908904,"{""ethereum"":""0xe340b25fe32b1011616bb8ec495a4d503e322177""}",18
aave-amm-unidaiweth,AAMMUNIDAIWETH,Aave AMM UniDAIWETH,aave-amm-unidaiweth,aave-amm-unidaiwethNuW.png,0.36699359,"{""ethereum"":""0x9303eabc860a743aabcc3a1629014cabcc3f8d36""}",18
aave-amm-unilinkweth,AAMMUNILINKWETH,Aave AMM UniLINKWETH,aave-amm-unilinkweth,aave-amm-unilinkwethIZj.png,80.1864,"{""ethereum"":""0xb8db81b84d30e2387de0ff330420a4aaa6688134""}",18
aave-amm-unimkrweth,AAMMUNIMKRWETH,Aave AMM UniMKRWETH,aave-amm-unimkrweth,aave-amm-unimkrwetha9X.png,0.15496973,"{""ethereum"":""0x370adc71f67f581158dc56f539df5f399128ddf9""}",18
aave-amm-unirenweth,AAMMUNIRENWETH,Aave AMM UniRENWETH,aave-amm-unirenweth,aave-amm-unirenwethM4f.png,6,"{""ethereum"":""0xa9e201a4e269d6cd5e9f0fcbcb78520cf815878b""}",18
aave-amm-unisnxweth,AAMMUNISNXWETH,Aave AMM UniSNXWETH,aave-amm-unisnxweth,aave-amm-unisnxweth5ZA.png,265.7127,"{""ethereum"":""0x38e491a71291cd43e8de63b7253e482622184894""}",18
aave-amm-uniuniweth,AAMMUNIUNIWETH,Aave AMM UniUNIWETH,aave-amm-uniuniweth,aave-amm-uniuniwethp9A.png,0.25359678,"{""ethereum"":""0x3d26dcd840fcc8e4b2193ace8a092e4a65832f9f""}",18
aave-amm-uniusdcweth,AAMMUNIUSDCWETH,Aave AMM UniUSDCWETH,aave-amm-uniusdcweth,aave-amm-uniusdcwethoO8.png,2.46986e-7,"{""ethereum"":""0x391e86e2c002c70dee155eaceb88f7a3c38f5976""}",18
aave-amm-uniwbtcusdc,AAMMUNIWBTCUSDC,Aave AMM UniWBTCUSDC,aave-amm-uniwbtcusdc,aave-amm-uniwbtcusdcR68.png,1.412e-11,"{""ethereum"":""0x2365a4890ed8965e564b7e2d27c38ba67fec4c6f""}",18
aave-amm-uniwbtcweth,AAMMUNIWBTCWETH,Aave AMM UniWBTCWETH,aave-amm-uniwbtcweth,aave-amm-uniwbtcwethA5m.png,1.88778e-7,"{""ethereum"":""0xc58f53a8adff2fb4eb16ed56635772075e2ee123""}",18
aave-amm-uniyfiweth,AAMMUNIYFIWETH,Aave AMM UniYFIWETH,aave-amm-uniyfiweth,aave-amm-uniyfiwethmOq.png,3.4511,"{""ethereum"":""0x5394794be8b6ed5572fcd6b27103f46b5f390e8f""}",18
aave-amm-usdc,AAMMUSDC,Aave AMM USDC,aave-amm-usdc,aave-amm-usdckdW.png,31203,"{""ethereum"":""0xd24946147829deaa935be2ad85a3291dbf109c80""}",18
aave-amm-usdt,AAMMUSDT,Aave AMM USDT,aave-amm-usdt,aave-amm-usdtloh.png,20134,"{""ethereum"":""0x17a79792fe6fe5c95dfe95fe3fcee3caf4fe4cb7""}",18
aave-amm-wbtc,AAMMWBTC,Aave AMM WBTC,aave-amm-wbtc,aave-amm-wbtcwzn.png,0.22139601,"{""ethereum"":""0x13b2f6928d7204328b0e8e4bcd0379aa06ea21fa""}",18
aave-amm-weth,AAMMWETH,Aave AMM WETH,aave-amm-weth,aave-amm-wethnmZ.png,244.3298,"{""ethereum"":""0xf9fb4ad91812b704ba883b11d2b576e890a6730a""}",18
aave-bal,ABAL,Aave BAL,aave-bal,aave-bald8X.png,55727,"{""ethereum"":""0x272f97b7a56a387ae942350bbc7df5700f8a4576""}",18
aave-balancer-pool-token,ABPT,Aave Balancer Pool Token,aave-balancer-pool-token,aave-balancer-pool-tokenOsv.png,3388050,"{""ethereum"":""0x41a08648c3766f9f9d85598ff102a08f4ef84f84""}",18
aave-bat,ABAT,Aave BAT,aave-bat,aave-batwkZ.png,137057,"{""ethereum"":""0x05ec93c0365baaeabf7aeffb0972ea7ecdd39cf1""}",18
aave-bat-v1,ABAT,Aave BAT v1,aave-bat-v1,aave-bat-v10Zz.png,318876,"{""ethereum"":""0xe1ba0fb44ccb0d11b80f92f4f8ed94ca3ff51d00""}",18
aave-busd,ABUSD,Aave BUSD,aave-busd,aave-busd4QO.png,298006,"{""ethereum"":""0xa361718326c15715591c299427c62086f69923d9""}",18
aave-busd-v1,ABUSD,Aave BUSD v1,aave-busd-v1,aave-busd-v1QKc.png,298006,"{""ethereum"":""0x6ee0f7bb50a54ab5253da0667b0dc2ee526c30a8""}",18
aave-crv,ACRV,Aave CRV,aave-crv,aave-crvD8h.png,0,"{""ethereum"":""0x8dae6cb04688c62d939ed9b68d32bc62e49970b1"",""fantom"":""0x513c7e3a9c69ca3e22550ef58ac1c0088e918fff""}",18
aave-dai,ADAI,Aave DAI,aave-dai,aave-daiUtV.png,0,"{""ethereum"":""0x028171bca77440897b824ca71d1c56cac55b68a3"",""harmony-shard-0"":""0x82e64f49ed5ec1bc6e43dad4fc8af9bb3a2312ee"",""fantom"":""0x82e64f49ed5ec1bc6e43dad4fc8af9bb3a2312ee""}",18
aave-dai-v1,ADAI,Aave DAI v1,aave-dai-v1,aave-dai-v14n7.png,0,"{""ethereum"":""0xfc1e690f61efd961294b3e1ce3313fbd8aa4f85d""}",18
aave-enj,AENJ,Aave ENJ,aave-enj,aave-enjAmV.png,139473,"{""ethereum"":""0xac6df26a590f08dcc95d5a4705ae8abbc88509ef""}",18
aave-enj-v1,AENJ,Aave ENJ v1,aave-enj-v1,aave-enj-v1GI0.png,56343,"{""ethereum"":""0x712db54daa836b53ef1ecbb9c6ba3b9efb073f40""}",18
aave-gusd,AGUSD,Aave GUSD,aave-gusd,aave-gusdVI2.png,377031,"{""ethereum"":""0xd37ee7e4f452c6638c96536e68090de8cbcdb583""}",18
aave-interest-bearing-steth,ASTETH,Aave Interest Bearing STETH,aave-interest-bearing-steth,aave-interest-bearing-steth0zw.png,3434,"{""ethereum"":""0x1982b2f5814301d4e9a8b0201555376e62f82428""}",18
aave-knc,AKNC,Aave KNC,aave-knc,aave-kncZav.png,28275,"{""ethereum"":""0x39c6b3e42d6a679d7d776778fe880bc9487c2eda""}",18
aave-knc-v1,AKNC,Aave KNC v1,aave-knc-v1,aave-knc-v12Un.png,50241,"{""ethereum"":""0x9d91be44c06d373a8a226e1f3b146956083803eb""}",18
aave-link,ALINK,Aave LINK,aave-link,aave-linkD2s.png,271857,"{""ethereum"":""0xa06bc25b5805d5f8d82847d191cb4af5a3e873e0"",""fantom"":""0x191c10aa4af7c30e871e70c95db0e4eb77237530"",""harmony-shard-0"":""0x191c10aa4af7c30e871e70c95db0e4eb77237530""}",18
aave-link-v1,ALINK,Aave LINK v1,aave-link-v1,aave-link-v1kEc.png,239204,"{""ethereum"":""0xa64bd6c70cb9051f6a9ba1f163fdc07e0dfb5f84""}",18
aave-mana,AMANA,Aave MANA,aave-mana,aave-manarzg.png,197992,"{""ethereum"":""0xa685a61171bb30d4072b338c80cb7b2c865c873e""}",18
aave-mana-v1,AMANA,Aave MANA v1,aave-mana-v1,aave-mana-v1P1v.png,56982,"{""ethereum"":""0x6fce4a401b6b80ace52baaefe4421bd188e76f6f""}",18
aave-mkr,AMKR,Aave MKR,aave-mkr,aave-mkrIAr.png,60.2503,"{""ethereum"":""0xc713e5e149d5d0715dcd1c156a020976e7e56b88""}",18
aave-mkr-v1,AMKR,Aave MKR v1,aave-mkr-v1,aave-mkr-v1Gc2.png,36.5872,"{""ethereum"":""0x7deb5e830be29f91e298ba5ff1356bb7f8146998""}",18
aave-polygon-aave,AMAAVE,Aave Polygon AAVE,aave-polygon-aave,aave-polygon-aaveMzA.png,2587,"{""polygon-pos"":""0x1d2a0e5ec8e5bbdca5cb219e649b565d8e5c3360""}",18
aave-polygon-dai,AMDAI,Aave Polygon DAI,aave-polygon-dai,aave-polygon-daiul1.png,1784432,"{""polygon-pos"":""0x27f8d03b3a2196956ed754badc28d73be8830a6e""}",18
aave-polygon-usdc,AMUSDC,Aave Polygon USDC,aave-polygon-usdc,aave-polygon-usdcCSe.png,2643494,"{""polygon-pos"":""0x1a13f4ca1d028320a707d99520abfefca3998b7f""}",18
aave-polygon-usdt,AMUSDT,Aave Polygon USDT,aave-polygon-usdt,aave-polygon-usdtYcv.png,1293625,"{""polygon-pos"":""0x60d55f02a771d515e077c9c2403a1ef324885cec""}",18
aave-polygon-wbtc,AMWBTC,Aave Polygon WBTC,aave-polygon-wbtc,aave-polygon-wbtcOAO.png,61.692,"{""polygon-pos"":""0x5c2ed810328349100a66b82b78a1791b101c9d61""}",18
aave-polygon-wmatic,AMWMATIC,Aave Polygon WMATIC,aave-polygon-wmatic,aave-polygon-wmaticIkp.png,2390706,"{""polygon-pos"":""0x8df3aad3a84da6b69a4da8aec3ea40d9091b2ac4""}",18
aave-rai,ARAI,Aave RAI,aave-rai,aave-rairsN.png,72138,"{""ethereum"":""0xc9bc48c72154ef3e5425641a3c747242112a46af""}",18
aave-ren,AREN,Aave REN,aave-ren,aave-renBPf.png,152710,"{""ethereum"":""0xcc12abe4ff81c9378d670de1b57f8e0dd228d77a""}",18
aave-ren-v1,AREN,Aave REN v1,aave-ren-v1,aave-ren-v1jDn.png,63034,"{""ethereum"":""0x69948cc03f478b95283f7dbf1ce764d0fc7ec54c""}",18
aave-snx,ASNX,Aave SNX,aave-snx,aave-snxqPw.png,305344,"{""ethereum"":""0x35f6b052c598d933d69a4eec4d04c73a191fe6c2""}",18
aave-snx-v1,ASNX,Aave SNX v1,aave-snx-v1,aave-snx-v1dZa.png,52913,"{""ethereum"":""0x328c4c80bc7aca0834db37e6600a6c49e12da4de""}",18
aave-susd,ASUSD,Aave SUSD,aave-susd,aave-susdqdi.png,233048,"{""ethereum"":""0x6c5024cd4f8a59110119c56f8933403a539555eb""}",18
aave-susd-v1,ASUSD,Aave SUSD v1,aave-susd-v1,aave-susd-v1pTt.png,114213,"{""ethereum"":""0x625ae63000f46200499120b906716420bd059240""}",18
aave-tusd,ATUSD,Aave TUSD,aave-tusd,aave-tusd1wn.png,285960,"{""ethereum"":""0x101cc05f4a51c0319f570d5e146a8c625198e636""}",18
aave-tusd-v1,ATUSD,Aave TUSD v1,aave-tusd-v1,aave-tusd-v152X.png,0,"{""ethereum"":""0x4da9b813057d04baef4e5800e36083717b4a0341""}",18
aave-uni,AUNI,Aave UNI,aave-uni,aave-uniUWz.png,43806,"{""ethereum"":""0xb9d7cb55f463405cdfbe4e90a6d2df01c2b92bf1""}",18
aave-usdt,AUSDT,Aave USDT,aave-usdt,aave-usdtrN0.png,0,"{""ethereum"":""0x3ed3b47dd13ec9a98b44e6204a523e766b225811"",""fantom"":""0x6ab707aca953edaefbc4fd23ba73294241490620"",""harmony-shard-0"":""0x6ab707aca953edaefbc4fd23ba73294241490620""}",18
aave-usdt-v1,AUSDT,Aave USDT v1,aave-usdt-v1,aave-usdt-v1kkL.png,11618840,"{""ethereum"":""0x71fc860f7d3a592a4a98740e39db31d25db65ae8""}",18
aave-usdc-v1,AUSDC,Aave v1 USDC,aave-usdc-v1,aave-usdc-v1VLL.png,0,"{""ethereum"":""0x9ba00d6856a4edf4665bca2c2309936572473b7e""}",18
aave-usdc,AUSDC,Aave v2 USDC,aave-usdc,aave-usdcIng.png,20413679,"{""ethereum"":""0xbcca60bb61934080951369a648fb03df4f96263c"",""fantom"":""0x625e7708f30ca75bfd92586e17077590c60eb4cd"",""harmony-shard-0"":""0x625e7708f30ca75bfd92586e17077590c60eb4cd""}",18
aave-v3-1inch,A1INCH,Aave v3 1INCH,aave-v3-1inch,aave-v3-1inchez6.png,1714347,"{""ethereum"":""0x71aef7b30728b9bb371578f36c5a1f1502a5723e""}",18
aave-v3-aave,AAAVE,Aave v3 AAVE,aave-v3-aave,aave-v3-aaveWbZ.png,0,"{""ethereum"":""0xa700b4eb416be35b2911fd5dee80678ff64ff6c9"",""arbitrum-one"":""0xf329e36c7bf6e5e86ce2150875a84ce77f477375"",""optimistic-ethereum"":""0xf329e36c7bf6e5e86ce2150875a84ce77f477375"",""avalanche"":""0xf329e36c7bf6e5e86ce2150875a84ce77f477375"",""polygon-pos"":""0xf329e36c7bf6e5e86ce2150875a84ce77f477375""}",18
aave-v3-usdbc,ABASUSDBC,Aave v3 aBasUSDbC,aave-v3-usdbc,aave-v3-usdbcM1Q.png,153827,"{""base"":""0x0a1d576f3efef75b330424287a95a366e8281d54""}",18
aave-v3-ageur,AAGEUR,Aave v3 agEUR,aave-v3-ageur,aave-v3-ageuriEc.png,6555,"{""polygon-pos"":""0x8437d7c167dfb82ed4cb79cd44b7a32a1dd95c77""}",18
aave-v3-arb,AARB,Aave v3 ARB,aave-v3-arb,aave-v3-arbWtf.png,20568614,"{""arbitrum-one"":""0x6533afac2e7bccb20dca161449a13a32d391fb00""}",18
aave-v3-crv,ACRV,Aave v3 CRV,aave-v3-crv,aave-v3-crveF5.png,0,"{""ethereum"":""0x7b95ec873268a6bfc6427e7a28e396db9d0ebc65"",""polygon-pos"":""0x513c7e3a9c69ca3e22550ef58ac1c0088e918fff""}",18
aave-v3-dai,ADAI,Aave v3 DAI,aave-v3-dai,aave-v3-daiEqs.png,164720867,"{""ethereum"":""0x018008bfb33d285247a21d44e50697654f754e63"",""arbitrum-one"":""0x82e64f49ed5ec1bc6e43dad4fc8af9bb3a2312ee"",""optimistic-ethereum"":""0x82e64f49ed5ec1bc6e43dad4fc8af9bb3a2312ee"",""avalanche"":""0x82e64f49ed5ec1bc6e43dad4fc8af9bb3a2312ee"",""polygon-pos"":""0x82e64f49ed5ec1bc6e43dad4fc8af9bb3a2312ee"",""metis-andromeda"":""0x85abaddcae06efee2cb5f75f33b6471759efde24"",""xdai"":""0xd0dd6cef72143e22cced4867eb0d5f2328715533""}",18
aave-v3-dpi,ADPI,Aave v3 DPI,aave-v3-dpi,aave-v3-dpi1JJ.png,377.6637,"{""polygon-pos"":""0x724dc807b04555b71ed48a6896b6f41593b8c637""}",18
aave-v3-ens,AENS,Aave v3 ENS,aave-v3-ens,aave-v3-ensid2.png,13703,"{""ethereum"":""0x545bd6c032efdde65a377a6719def2796c8e0f2e""}",18
aave-v3-eure,AEURE,Aave v3 EURe,aave-v3-eure,aave-v3-eure67k.png,15249858,"{""xdai"":""0xedbc7449a9b594ca4e053d9737ec5dc4cbccbfb2""}",18
aave-v3-eurs,AEURS,Aave v3 EURS,aave-v3-eurs,aave-v3-eursPzk.png,10604,"{""arbitrum-one"":""0x6d80113e533a2c0fe82eabd35f1875dcea89ea97""}",18
aave-v3-ghst,AGHST,Aave v3 GHST,aave-v3-ghst,aave-v3-ghstX18.png,699818,"{""polygon-pos"":""0x8eb270e296023e9d92081fdf967ddd7878724424""}",18
aave-v3-gno,AGNO,Aave v3 GNO,aave-v3-gno,aave-v3-gnoc15.png,65160,"{""xdai"":""0xa1fa064a85266e2ca82dee5c5ccec84df445760e""}",18
aave-v3-knc,AKNC,Aave v3 KNC,aave-v3-knc,aave-v3-kncffM.png,58168,"{""ethereum"":""0x5b502e3796385e1e9755d7043b9c945c3accec9c""}",18
aave-v3-ldo,ALDO,Aave v3 LDO,aave-v3-ldo,aave-v3-ldoVdz.png,717187,"{""ethereum"":""0x9a44fd41566876a39655f74971a3a6ea0a17a454""}",18
aave-v3-link,ALINK,Aave v3 LINK,aave-v3-link,aave-v3-linkqCJ.png,0,"{""ethereum"":""0x5e8c8a7243651db1384c0ddfdbe39761e8e7e51a"",""arbitrum-one"":""0x191c10aa4af7c30e871e70c95db0e4eb77237530"",""optimistic-ethereum"":""0x191c10aa4af7c30e871e70c95db0e4eb77237530"",""avalanche"":""0x191c10aa4af7c30e871e70c95db0e4eb77237530"",""polygon-pos"":""0x191c10aa4af7c30e871e70c95db0e4eb77237530""}",18
aave-v3-mai,AMAI,Aave v3 MAI,aave-v3-mai,aave-v3-maiHNV.png,21049,"{""avalanche"":""0x8eb270e296023e9d92081fdf967ddd7878724424""}",18
aave-v3-maticx,AMATICX,Aave v3 MaticX,aave-v3-maticx,aave-v3-maticx646.png,7114666,"{""polygon-pos"":""0x80ca0d8c38d2e2bcbab66aa1648bd1c7160500fe""}",18
aave-v3-metis,AMETIS,Aave v3 Metis,aave-v3-metis,aave-v3-metisELq.png,26528,"{""metis-andromeda"":""0x7314ef2ca509490f65f52cc8fc9e0675c66390b8""}",18
aave-v3-mkr,AMKR,Aave v3 MKR,aave-v3-mkr,aave-v3-mkrG9Y.png,125.5945,"{""ethereum"":""0x8a458a9dc9048e005d22849f470891b840296619""}",18
aave-v3-reth,ARETH,Aave v3 rETH,aave-v3-reth,aave-v3-rethEhd.png,0,"{""ethereum"":""0xcc9ee9483f662091a1de4795249e24ac0ac2630f"",""arbitrum-one"":""0x8eb270e296023e9d92081fdf967ddd7878724424"",""optimistic-ethereum"":""0x724dc807b04555b71ed48a6896b6f41593b8c637""}",18
aave-v3-rpl,ARPL,Aave v3 RPL,aave-v3-rpl,aave-v3-rpliLm.png,353749,"{""ethereum"":""0xb76cf92076adbf1d9c39294fa8e7a67579fde357""}",18
aave-v3-savax,ASAVAX,Aave v3 sAVAX,aave-v3-savax,aave-v3-savax8Eq.png,6795697,"{""avalanche"":""0x513c7e3a9c69ca3e22550ef58ac1c0088e918fff""}",18
aave-v3-sdai,ASDAI,Aave v3 sDAI,aave-v3-sdai,aave-v3-sdaiFWR.png,0,"{""ethereum"":""0x4c612e3b15b96ff9a6faed838f8d07d479a8dd4c"",""xdai"":""0x7a5c3860a77a8dc1b225bd46d0fb2ac1c6d191bc""}",18
aave-v3-snx,ASNX,Aave v3 SNX,aave-v3-snx,aave-v3-snxZGq.png,243468,"{""ethereum"":""0xc7b4c17861357b8abb91f25581e7263e08dcb59c""}",18
aave-v3-stg,ASTG,Aave v3 STG,aave-v3-stg,aave-v3-stglWz.png,477.9141,"{""ethereum"":""0x1ba9843bd4327c6c77011406de5fa8749f7e3479""}",18
aave-v3-stmatic,ASTMATIC,Aave v3 stMATIC,aave-v3-stmatic,aave-v3-stmaticc6S.png,163919,"{""polygon-pos"":""0xea1132120ddcdda2f119e99fa7a27a0d036f7ac9""}",18
aave-v3-susd,ASUSD,Aave v3 sUSD,aave-v3-susd,aave-v3-susdVN6.png,94038,,
aave-v3-sushi,ASUSHI,Aave v3 SUSHI,aave-v3-sushi,aave-v3-sushieGM.png,84048,"{""polygon-pos"":""0xc45a479877e1e9dfe9fcd4056c699575a1045daa""}",18
aave-v3-uni,AUNI,Aave v3 UNI,aave-v3-uni,aave-v3-uniLRr.png,402588,"{""ethereum"":""0xf6d2224916ddfbbab6e6bd0d1b7034f4ae0cab18""}",18
aave-v3-usdc,AUSDC,Aave v3 USDC,aave-v3-usdc,aave-v3-usdc67Y.png,0,"{""ethereum"":""0x98c23e9d8f34fefb1b7bd6a91b7ff122f4e16f5c"",""xdai"":""0xc6b7aca6de8a6044e0e32d0c841a89244a10d284"",""polygon-pos"":""0x625e7708f30ca75bfd92586e17077590c60eb4cd"",""avalanche"":""0x625e7708f30ca75bfd92586e17077590c60eb4cd"",""optimistic-ethereum"":""0x625e7708f30ca75bfd92586e17077590c60eb4cd"",""arbitrum-one"":""0x724dc807b04555b71ed48a6896b6f41593b8c637"",""metis-andromeda"":""0x885c8aec5867571582545f894a5906971db9bf27""}",18
aave-v3-usdc-e,AUSDC.E,Aave v3 USDC.e,aave-v3-usdc-e,aave-v3-usdc-eviH.png,1012759,"{""arbitrum-one"":""0x625e7708f30ca75bfd92586e17077590c60eb4cd""}",18
aave-v3-usdt,AUSDT,Aave v3 USDT,aave-v3-usdt,aave-v3-usdtRpq.png,0,"{""ethereum"":""0x23878914efe38d27c4d67ab83ed1b93a74d4086a"",""optimistic-ethereum"":""0x6ab707aca953edaefbc4fd23ba73294241490620"",""arbitrum-one"":""0x6ab707aca953edaefbc4fd23ba73294241490620"",""avalanche"":""0x6ab707aca953edaefbc4fd23ba73294241490620"",""polygon-pos"":""0x6ab707aca953edaefbc4fd23ba73294241490620""}",18
aave-v3-wbtc,AWBTC,Aave v3 WBTC,aave-v3-wbtc,aave-v3-wbtcNl4.png,0,"{""ethereum"":""0x5ee5bf7ae06d1be5997a1a72006fe6c607ec6de8"",""arbitrum-one"":""0x078f358208685046a11c85e8ad32895ded33a249"",""optimistic-ethereum"":""0x078f358208685046a11c85e8ad32895ded33a249"",""avalanche"":""0x078f358208685046a11c85e8ad32895ded33a249"",""polygon-pos"":""0x078f358208685046a11c85e8ad32895ded33a249""}",18
aave-v3-wmatic,AWMATIC,Aave v3 WMATIC,aave-v3-wmatic,aave-v3-wmaticfzw.png,75141346,"{""polygon-pos"":""0x6d80113e533a2c0fe82eabd35f1875dcea89ea97""}",18
aave-v3-wsteth,AWSTETH,Aave v3 wstETH,aave-v3-wsteth,aave-v3-wstethC5u.png,0,"{""ethereum"":""0x0b925ed163218f6662a35e0f0371ac234f9e9371"",""arbitrum-one"":""0x513c7e3a9c69ca3e22550ef58ac1c0088e918fff"",""optimistic-ethereum"":""0xc45a479877e1e9dfe9fcd4056c699575a1045daa"",""polygon-pos"":""0xf59036caebea7dc4b86638dfa2e3c97da9fccd40""}",18
aave-wbtc,AWBTC,Aave WBTC,aave-wbtc,aave-wbtcGUu.png,601,"{""ethereum"":""0x9ff58f4ffb29fa2266ab25e75e2a8b3503311656"",""fantom"":""0x078f358208685046a11c85e8ad32895ded33a249"",""harmony-shard-0"":""0x078f358208685046a11c85e8ad32895ded33a249""}",18
aave-wbtc-v1,AWBTC,Aave WBTC v1,aave-wbtc-v1,aave-wbtc-v1RQJ.png,601,"{""ethereum"":""0xfc4b8ed459e00e5400be803a9bb3954234fd50e3""}",18
aave-xsushi,AXSUSHI,Aave XSUSHI,aave-xsushi,aave-xsushiyuM.png,277700,"{""ethereum"":""0xf256cc7847e919fac9b808cc216cac87ccf2f47a""}",18
aave-yfi,AYFI,Aave YFI,aave-yfi,aave-yfi9Gz.png,34.5727,"{""ethereum"":""0x5165d24277cd063f5ac44efd447b27025e888f37""}",18
aave-yvault,YVAAVE,Aave yVault,aave-yvault,aave-yvaultNcc.png,144.7913,"{""ethereum"":""0xd9788f3931ede4d5018184e198699dc6d66c1915""}",18
aave-zrx,AZRX,Aave ZRX,aave-zrx,aave-zrxyUe.png,124928,"{""ethereum"":""0xdf7ff54aacacbff42dfe29dd6144a69b629f8c9e""}",18
aave-zrx-v1,AZRX,Aave ZRX v1,aave-zrx-v1,aave-zrx-v1x27.png,67145,"{""ethereum"":""0x6fb0855c404e09c47c3fbca25f08d4e41f9f062f""}",18
ab-group,ABG,AB Group,ab-group,ab-groupE0R.png,220000000,,
abcnuri,ABCNURI,abcNURI,abcnuri,abcnuri12R.png,425117,,
abivax-s-a-rstock,RABVX,Abivax S.A. Tokenized Stock (Reality),abivax-s-a-rstock,abivax-s-a-rstockN2N.png,0.51707226,,
aboard,ABE,Aboard,aboard,aboardo67.png,1000000000,,
aboat-token-2,ABOAT,Aboat Token,aboat-token-2,aboat-token-2HLh.png,1000000000000,"{""binance_smart"":""0x4e53522932608e61b6bd8d50cf15a5501054db4e""}",18
abrdn-precious-metals-basket-etf-rstock,RGLTR,abrdn Physical Precious Metals Basket Shares ETF Tokenized Stock (Reality),abrdn-precious-metals-basket-etf-rstock,abrdn-precious-metals-basket-etf-rstockNz7.png,0.10143017,,
accumulated-finance,ACFI,Accumulated Finance,accumulated-finance,accumulated-finance6JN.png,0,,
accumulated-finance-staked-rose,STROSE,Accumulated Finance Staked ROSE,accumulated-finance-staked-rose,accumulated-finance-staked-roseE5O.png,9487267,,
acki-nacki,NACKL,Acki Nacki,acki-nacki,acki-nackismZ.png,10400000000,,
acuity-brands-inc-rstock,RAYI,Acuity Brands Tokenized Stock (Reality),acuity-brands-inc-rstock,acuity-brands-inc-rstockHB0.png,8e-9,,
adapt3r-digital-treasury-bill-fund,TFBILL,Adapt3r Digital Treasury Bill Fund,adapt3r-digital-treasury-bill-fund,adapt3r-digital-treasury-bill-fundDi3.png,8500000,"{""ethereum"":""0xa1f3aca66403d29b909605040c30ae1f1245d14c""}",18
advanced-drainage-systems-inc-rstock,RWMS,Advanced Drainage Systems Tokenized Stock (Reality),advanced-drainage-systems-inc-rstock,advanced-drainage-systems-inc-rstockhdX.png,0,,
advanced-drainage-systems-xstock,WMSX,Advanced Drainage Systems xStock,advanced-drainage-systems-xstock,advanced-drainage-systems-xstockH4g.png,239355,,
advanced-energy-industries-inc-rstock,RAEIS,Advanced Energy Industries Tokenized Stock (Reality),advanced-energy-industries-inc-rstock,advanced-energy-industries-inc-rstockJL4.png,0,,
advanced-energy-industries-xstock,AEISX,Advanced Energy Industries xStock,advanced-energy-industries-xstock,advanced-energy-industries-xstockWMB.png,113761,,
aecom-rstock,RACM,AECOM Tokenized Stock (Reality),aecom-rstock,aecom-rstockncW.png,151.762,,
aegon-ltd-rstock,RAEG,Aegon Ltd. Tokenized Stock (Reality),aegon-ltd-rstock,aegon-ltd-rstockK9B.png,0,,
aercap-holdings-n-v-rstock,RAER,AerCap Holdings N.V. Tokenized Stock (Reality),aercap-holdings-n-v-rstock,aercap-holdings-n-v-rstockNxR.png,0,,
aerosol,AEROSOL,aeroSOL,aerosol,aerosolGlu.png,150000,,
aesirx,AESIRX,AesirX,aesirx,aesirxi8W.png,0,,
aeusd,AEUSD,aeUSD,aeusd,aeusdwNR.png,0,,
affiliated-managers-group-inc-rstock,RAMG,Affiliated Managers Group Tokenized Stock (Reality),affiliated-managers-group-inc-rstock,affiliated-managers-group-inc-rstockdcr.png,0,,
affirm-xstock,AFRMX,Affirm xStock,affirm-xstock,affirm-xstockkuE.png,459341,,
aflac-xstock,AFLX,Aflac xStock,aflac-xstock,aflac-xstockLRl.png,0,,
agd,AGD,Agd,agd,agdmDb.png,21000000000,,
agent-usd,AUSD,Agent USD,agent-usd,agent-usd7gb.png,5142,,
agentsgpt,AIGPT,AgentsGPT,agentsgpt,agentsgptf3M.png,1000000000,,
agilent-technologies-xstock,AX,Agilent Technologies xStock,agilent-technologies-xstock,agilent-technologies-xstockKob.png,0,,
agnc-investment-xstock,AGNCX,AGNC Investment xStock,agnc-investment-xstock,agnc-investment-xstockdLU.png,3166302,,
agree-realty-corporation-rstock,RADC,Agree Realty Corporation Tokenized Stock (Reality),agree-realty-corporation-rstock,agree-realty-corporation-rstockXeT.png,7e-9,,
agua-global-carry-vault,AGUAUSDCGC,Agua Global Carry Vault,agua-global-carry-vault,agua-global-carry-vaulti1N.png,12002000,,
agus,AGUS,AGUS,agus,aguspIS.png,100000000,"{""orenium"":""0x04513adaac27ed0324549e15f52c051e64f81dab"",""binance_smart"":""0x334ed8117a7cd5efa17681093c3e66af61f877c1"",""core"":""0x01065d48363713fa32c6ca51387e0803023c872c""}",18
ai-powers,AIP,AI Powers,ai-powers,ai-powersDWg.png,500000000,"{""binance_smart"":""0xe855e5348923560940981882ab40a5ede6bd16a0""}",18
aia-xstock,AIAGRX,AIA xStock,aia-xstock,aia-xstock9tD.png,0,,
aicre8,AICRE8,AICre8,aicre8,aicre87AO.png,1000000000,,
air-products-and-chemicals-xstock,APDX,Air Products and Chemicals xStock,air-products-and-chemicals-xstock,air-products-and-chemicals-xstockYkU.png,0,,
airbnb-xstock,ABNBX,Airbnb xStock,airbnb-xstock,airbnb-xstockCPD.png,0,,
aishare,AISHARE,AIShare,aishare,aishareNjT.png,500000000,,
akamai-technologies-xstock,AKAMX,Akamai Technologies xStock,akamai-technologies-xstock,akamai-technologies-xstock6ud.png,0,,
aktionariat-axelra-early-stage-ag-tokenized-shares,AXRAS,Aktionariat Axelra Early Stage AG Tokenized Shares,aktionariat-axelra-early-stage-ag-tokenized-shares,aktionariat-axelra-early-stage-ag-tokenized-sharesCW8.png,10650100,"{""optimistic-ethereum"":""0xc02b55bb2fe3643e1955b13515396ce23b110f80""}",18
aktionariat-bee-digital-growth-ag-tokenized-shares,BEES,Aktionariat BEE Digital Growth AG Tokenized Shares,aktionariat-bee-digital-growth-ag-tokenized-shares,aktionariat-bee-digital-growth-ag-tokenized-shares6GV.png,125151,"{""optimistic-ethereum"":""0xe64b4eb5eec6343887c4683da31f0ca62ea39ce3""}",18
aktionariat-carnault-ag-tokenized-shares,CAS,Aktionariat Carnault AG Tokenized Shares,aktionariat-carnault-ag-tokenized-shares,aktionariat-carnault-ag-tokenized-sharestjy.png,10650100,"{""optimistic-ethereum"":""0xa72f7df6c1454096387dbb74f70b3dac4f0a61f5""}",18
aktionariat-clever-forever-education-ag-tokenized-shares,CFES,Aktionariat Clever Forever Education AG Tokenized Shares,aktionariat-clever-forever-education-ag-tokenized-shares,aktionariat-clever-forever-education-ag-tokenized-sharesrMU.png,1527780,"{""optimistic-ethereum"":""0x10b3667304130ecc9c972008459249e8141ced97""}",18
aktionariat-ddc-schweiz-ag-tokenized-shares,DDCS,Aktionariat DDC Schweiz AG Tokenized Shares,aktionariat-ddc-schweiz-ag-tokenized-shares,aktionariat-ddc-schweiz-ag-tokenized-sharesyqm.png,200000,"{""optimistic-ethereum"":""0xd6c67ff71a82f1d994d94fa01295467d273d7324""}",18
aktionariat-fieldoo-ag-tokenized-shares,FDOS,Aktionariat Fieldoo AG Tokenized Shares,aktionariat-fieldoo-ag-tokenized-shares,aktionariat-fieldoo-ag-tokenized-sharesZoL.png,1000000,"{""optimistic-ethereum"":""0xed9b52e6d2df4ad9fc258254e1e5ef5ad0b3ca3c""}",18
aktionariat-finelli-studios-ag-tokenized-shares,FNLS,Aktionariat Finelli Studios AG Tokenized Shares,aktionariat-finelli-studios-ag-tokenized-shares,aktionariat-finelli-studios-ag-tokenized-sharesDvW.png,7772,"{""optimistic-ethereum"":""0x065399a1e5522af1c9044c18ce60ec70d64d74a1""}",18
aktionariat-green-consensus-ag-tokenized-shares,DGCS,Aktionariat Green Consensus AG Tokenized Shares,aktionariat-green-consensus-ag-tokenized-shares,aktionariat-green-consensus-ag-tokenized-shareskUW.png,400000,"{""ethereum"":""0x4e1a609ec87cf6477613f515f6eb64ef2d31089a""}",18
aktionariat-sia-swiss-influencer-award-ag-tokenized-shares,SIAS,Aktionariat SIA Swiss Influencer Award AG Tokenized Shares,aktionariat-sia-swiss-influencer-award-ag-tokenized-shares,aktionariat-sia-swiss-influencer-award-ag-tokenized-sharesQLz.png,100108,"{""optimistic-ethereum"":""0x5ad323d764301e057614edb0449f470d68ea9485""}",18
aktionariat-sportsparadise-switzerland-ag-tokenized-shares,SPOS,Aktionariat Sportsparadise Switzerland AG Tokenized Shares,aktionariat-sportsparadise-switzerland-ag-tokenized-shares,aktionariat-sportsparadise-switzerland-ag-tokenized-sharesquq.png,111155,"{""optimistic-ethereum"":""0x0d82b5d3a8420c285c6d353a6bdc30d164bb50f0""}",18
aktionariat-tbo-co-comon-accelerator-holding-ag-tokenized-shares,TBOS,Aktionariat TBo c/o Comon Accelerator Holding AG Tokenized Shares,aktionariat-tbo-co-comon-accelerator-holding-ag-tokenized-shares,aktionariat-tbo-co-comon-accelerator-holding-ag-tokenized-shareshl4.png,10650100,"{""ethereum"":""0xb446566d6d644249d5d82aab5fea8a5b7da3f691""}",18
aktionariat-tv-plus-ag-tokenized-shares,TVPLS,Aktionariat TV PLUS AG Tokenized Shares,aktionariat-tv-plus-ag-tokenized-shares,aktionariat-tv-plus-ag-tokenized-sharesQUW.png,88000,"{""optimistic-ethereum"":""0x8fb94e08bc984497aaaf1a545ed455be89f8c675""}",18
aktionariat-vereign-ag-tokenized-shares,VRGNS,Aktionariat Vereign AG Tokenized Shares,aktionariat-vereign-ag-tokenized-shares,aktionariat-vereign-ag-tokenized-shares9aS.png,10650100,"{""optimistic-ethereum"":""0x071682832d213638f8eda67a873262e581a4006d""}",18
aladdin-rusd,ARUSD,Aladdin rUSD,aladdin-rusd,aladdin-rusdSR1.png,12940,"{""ethereum"":""0x07d1718ff05a8c53c8f05adaed57c0d672945f9a""}",18
alamos-gold-inc-rstock,RAGI,Alamos Gold Inc. Tokenized Stock (Reality),alamos-gold-inc-rstock,alamos-gold-inc-rstockJ46.png,0,,
albemarle-xstock,ALBX,Albemarle xStock,albemarle-xstock,albemarle-xstock9Dl.png,0,,
alcoa-rstock,RAA,Alcoa Tokenized Stock (Reality),alcoa-rstock,alcoa-rstockCe4.png,1.177,,
alcoa-xstock,AAX,Alcoa xStock,alcoa-xstock,alcoa-xstocklk3.png,0,,
alcon-rstock,RALC,Alcon Tokenized Stock (Reality),alcon-rstock,alcon-rstock7Hy.png,0,,
alienswap,ALIEN,AlienSwap,alienswap,alienswaprcl.png,0,,
align-technology-xstock,ALGNX,Align Technology xStock,align-technology-xstock,align-technology-xstockU6A.png,0,,
alink-ai,ALINK,ALINK AI,alink-ai,alink-aise1.png,31368000,"{""binance_smart"":""0x78e624070871831842730b43f77467af3e8b580c""}",18
alkermes-plc-rstock,RALKS,Alkermes plc Tokenized Stock (Reality),alkermes-plc-rstock,alkermes-plc-rstockSky.png,0,,
all-in-one-wallet,AIO,All In One Wallet,all-in-one-wallet,all-in-one-walletSmQ.png,1000000000,,
allegion-plc-rstock,RALLE,Allegion plc Tokenized Stock (Reality),allegion-plc-rstock,allegion-plc-rstock9qF.png,0,,
allegro-microsystems-inc-rstock,RALGM,Allegro MicroSystems Tokenized Stock (Reality),allegro-microsystems-inc-rstock,allegro-microsystems-inc-rstock4Qj.png,0.27604311,,
alliant-energy-rstock,RLNT,Alliant Energy Tokenized Stock (Reality),alliant-energy-rstock,alliant-energy-rstockfxx.png,0,,
alliant-energy-xstock,LNTX,Alliant Energy xStock,alliant-energy-xstock,alliant-energy-xstockKkJ.png,0,,
allison-transmission-holdings-inc-rstock,RALSN,Allison Transmission Holdings Tokenized Stock (Reality),allison-transmission-holdings-inc-rstock,allison-transmission-holdings-inc-rstockxSt.png,0,,
allison-transmission-xstock,ALSNX,Allison Transmission xStock,allison-transmission-xstock,allison-transmission-xstockPui.png,388490,,
allstate-xstock,ALLX,Allstate xStock,allstate-xstock,allstate-xstockvaw.png,0,,
alltra-usdt-ausdt,AUSDT (USDT),Alltra USDT (AUSDT),alltra-usdt-ausdt,alltra-usdt-ausdtqK5.png,558218499951,,
ally-financial-xstock,ALLYX,Ally Financial xStock,ally-financial-xstock,ally-financial-xstockky8.png,0,,
alnylam-pharmaceuticals-xstock,ALNYX,Alnylam Pharmaceuticals xStock,alnylam-pharmaceuticals-xstock,alnylam-pharmaceuticals-xstockD96.png,0,,
alpha-eur0,EUR0A,Alpha EUR0,alpha-eur0,alpha-eur0A8l.png,1000,,
alpha-usd0,USD0A,Alpha USD0,alpha-usd0,alpha-usd0w0O.png,584335,,
alpha-usdc-vault,AUSDC,Alpha USDC Vault,alpha-usdc-vault,alpha-usdc-vaultJkC.png,5.4541,,
alpha-weth-vault,AWETH,Alpha WETH Vault,alpha-weth-vault,alpha-weth-vaultYUU.png,59.4606,,
alpha-zchf-vault,AZCHF,Alpha ZCHF Vault,alpha-zchf-vault,alpha-zchf-vaultSEl.png,4923,,
alphabet-backpack-securities,GOOGL,Alphabet (Backpack Securities),alphabet-backpack-securities,alphabet-backpack-securitieswuX.png,0,,
alpharadarx,ARX,AlphaRadarX,alpharadarx,alpharadarxjej.png,10000000,,
altria-xstock,MOX,Altria xStock,altria-xstock,altria-xstockPYd.png,0,,
altsdaddy,DDY,AltsDaddy,altsdaddy,altsdaddyM0W.png,1000000000,,
amazon-backpack-securities,AMZN,Amazon (Backpack Securities),amazon-backpack-securities,amazon-backpack-securitiesABj.png,0,,
ambit-finance,AMBT,Ambit Finance,ambit-finance,ambit-financebbq.png,0,,
amcor-rstock,RAMCR,Amcor Tokenized Stock (Reality),amcor-rstock,amcor-rstocktNn.png,6e-9,,
ameren-corp-rstock,RAEE,Ameren Tokenized Stock (Reality),ameren-corp-rstock,ameren-corp-rstockd8y.png,0,,
ameren-xstock,AEEX,Ameren xStock,ameren-xstock,ameren-xstock8lB.png,0,,
american-electric-power-xstock,AEPX,American Electric Power xStock,american-electric-power-xstock,american-electric-power-xstockYCn.png,0,,
american-express-xstock,AXPX,American Express xStock,american-express-xstock,american-express-xstockikX.png,55543,,
american-financial-group-inc-rstock,RAFG,American Financial Group Tokenized Stock (Reality),american-financial-group-inc-rstock,american-financial-group-inc-rstockARI.png,0,,
american-financial-xstock,AFGX,American Financial xStock,american-financial-xstock,american-financial-xstockEQ0.png,251707,,
american-healthcare-reit-inc-rstock,RAHR,American Healthcare REIT Tokenized Stock (Reality),american-healthcare-reit-inc-rstock,american-healthcare-reit-inc-rstock1d9.png,0,,
american-healthcare-reit-xstock,AHRX,American Healthcare REIT xStock,american-healthcare-reit-xstock,american-healthcare-reit-xstockqll.png,691573,,
american-homes-4-rent-rstock,RAMH,American Homes 4 Rent Tokenized Stock (Reality),american-homes-4-rent-rstock,american-homes-4-rent-rstockG3p.png,0,,
american-homes-4-rent-xstock,AMHX,American Homes 4 Rent xStock,american-homes-4-rent-xstock,american-homes-4-rent-xstockQMJ.png,1003244,,
american-international-group-rstock,RAIG,American International Tokenized Stock (Reality),american-international-group-rstock,american-international-group-rstockl6Z.png,0.1315,,
american-international-xstock,AIGX,American International xStock,american-international-xstock,american-international-xstockYVi.png,0,,
american-tower-xstock,AMTX,American Tower xStock,american-tower-xstock,american-tower-xstockK8e.png,0,,
american-water-works-xstock,AWKX,American Water Works xStock,american-water-works-xstock,american-water-works-xstockZEg.png,0,,
ameri-coin,AMC,Americoin,ameri-coin,ameri-coin8EY.png,1000000000,,
ameriprise-financial-rstock,RAMP,Ameriprise Financial Tokenized Stock (Reality),ameriprise-financial-rstock,ameriprise-financial-rstockqrd.png,0.0001,,
ameriprise-financial-xstock,AMPX,Ameriprise Financial xStock,ameriprise-financial-xstock,ameriprise-financial-xstockfsW.png,0,,
ametek-xstock,AMEX,AMETEK xStock,ametek-xstock,ametek-xstockxlg.png,0,,
amgen-xstock,AMGNX,Amgen xStock,amgen-xstock,amgen-xstockGfB.png,0,,
amkor-technology-xstock,AMKRX,Amkor Technology xStock,amkor-technology-xstock,amkor-technology-xstocklUS.png,654666,,
ammo-markets-9mm,9MM,Ammo Markets 9MM,ammo-markets-9mm,ammo-markets-9mmWlB.png,301.9697,,
amphenol-xstock,APHX,Amphenol xStock,amphenol-xstock,amphenol-xstockgeS.png,0,,
amplifi-dao,AGG,AmpliFi DAO,amplifi-dao,amplifi-daoDV0.png,3000000000,"{""ethereum"":""0x492798fb464e77cb3cda62b9a2c3c65162db198e"",""arbitrum-one"":""0x10663b695b8f75647bd3ff0ff609e16d35bbd1ec""}",18
amplify-junior-silver-miners-etf-dinari-tokenized-etf,SILJ,Amplify Junior Silver Miners ETF (Dinari Tokenized ETF),amplify-junior-silver-miners-etf-dinari-tokenized-etf,amplify-junior-silver-miners-etf-dinari-tokenized-etf2dK.png,0.15587377,,
amrize-group-rstock,RAMRZ,Amrize Group Tokenized Stock (Reality),amrize-group-rstock,amrize-group-rstockzR3.png,0,,
anagata,AHA,Anagata,anagata,anagata5Bc.png,55650000,"{""binance_smart"":""0xc519a8fc44dbdbf1aac2205847b8d7549339215e""}",18
analog-devices-xstock,ADIX,Analog Devices xStock,analog-devices-xstock,analog-devices-xstocka6P.png,0,,
anchored-coins-chf,ACHF,Anchored Coins ACHF,anchored-coins-chf,anchored-coins-chf95K.png,0,"{""ethereum"":""0x653aab62056b92641116d63927de6141d780e596"",""binance_smart"":""0x653aab62056b92641116d63927de6141d780e596""}",18
anchorpoint-hkd-at-par,HKDAP,Anchorpoint HKD At Par,anchorpoint-hkd-at-par,anchorpoint-hkd-at-par2P9.png,0,,
angles-staked-sonic,ANS,Angles Staked Sonic,angles-staked-sonic,angles-staked-sonicJRG.png,7190199,,
annaly-capital-management-xstock,NLYX,Annaly Capital Management xStock,annaly-capital-management-xstock,annaly-capital-management-xstockh88.png,0,,
annaly-capital-management-inc-rstock,RNLY,Annaly Capital Management. Tokenized Stock (Reality),annaly-capital-management-inc-rstock,annaly-capital-management-inc-rstockf5x.png,0,,
anta-sports-products-xstock,ANTASX,ANTA Sports Products xStock,anta-sports-products-xstock,anta-sports-products-xstockcFQ.png,0,,
antero-midstream-corporation-rstock,RAM,Antero Midstream Corporation Tokenized Stock (Reality),antero-midstream-corporation-rstock,antero-midstream-corporation-rstockmx0.png,0,,
antero-midstream-xstock,AMX,Antero Midstream xStock,antero-midstream-xstock,antero-midstream-xstockjcM.png,1525244,,
antero-resources-corporation-rstock,RAR,Antero Resources Corporation Tokenized Stock (Reality),antero-resources-corporation-rstock,antero-resources-corporation-rstock74B.png,0,,
antero-resources-xstock,ARX,Antero Resources xStock,antero-resources-xstock,antero-resources-xstock9Xz.png,896946,,
antseed,ANTS,AntSeed,antseed,antseed0Mm.png,72176300,,
aon-plc-rstock,RAON,Aon PLC Tokenized Stock (Reality),aon-plc-rstock,aon-plc-rstockKI3.png,3.6236,,
apa-corporation-rstock,RAPA,APA Tokenized Stock (Reality),apa-corporation-rstock,apa-corporation-rstockAlY.png,0.222544,,
apa-xstock,APAX,APA xStock,apa-xstock,apa-xstockuYa.png,0,,
api-group-corporation-rstock,RAPG,APi Tokenized Stock (Reality),api-group-corporation-rstock,api-group-corporation-rstockf63.png,0,,
api-xstock,APGX,APi xStock,api-xstock,api-xstockb5V.png,0,,
apollo-global-management-xstock,APOX,Apollo Global Management xStock,apollo-global-management-xstock,apollo-global-management-xstocku8v.png,0,,
apple-backpack-securities,AAPL,Apple (Backpack Securities),apple-backpack-securities,apple-backpack-securitiesJrl.png,0,,
applied-digital-corporation-xstock,APLDX,Applied Digital Corporation xStock,applied-digital-corporation-xstock,applied-digital-corporation-xstockpv5.png,0,,
applied-industrial-technologies-inc-rstock,RAIT,Applied Industrial Technologies Tokenized Stock (Reality),applied-industrial-technologies-inc-rstock,applied-industrial-technologies-inc-rstock7Lh.png,0.31014978,,
applied-industrial-technologies-xstock,AITX,Applied Industrial Technologies xStock,applied-industrial-technologies-xstock,applied-industrial-technologies-xstockpS4.png,0,,
applied-materials-inc-xstock,AMATX,"Applied Materials, Inc. xStock",applied-materials-inc-xstock,applied-materials-inc-xstockvF0.png,0,,
applied-optoelectronics-xstock,AAOIX,Applied Optoelectronics xStock,applied-optoelectronics-xstock,applied-optoelectronics-xstocku5D.png,0,,
aptiv-plc-rstock,RAPTV,Aptiv PLC Tokenized Stock (Reality),aptiv-plc-rstock,aptiv-plc-rstockT61.png,6e-9,,
apyx,APYX,Apyx,apyx,apyxAcm.png,100000000,,
aquadao,$AQUA,AquaDAO,aquadao,aquadaoqEX.png,1000000,,
aramark-rstock,RARMK,Aramark Tokenized Stock (Reality),aramark-rstock,aramark-rstock6wT.png,0,,
aramark-xstock,ARMKX,Aramark xStock,aramark-xstock,aramark-xstockIHd.png,0,,
arbinauts,ARBINAUTS,Arbinauts,arbinauts,arbinautsbNe.png,984580450000,,
arbitrum-ecosystem-index,ARBI,Arbitrum Ecosystem Index,arbitrum-ecosystem-index,arbitrum-ecosystem-indexDXW.png,2869,"{""arbitrum-one"":""0x4810e5a7741ea5fdbb658eda632ddfac3b19e3c6""}",18
arc-2,ARC,Arc,arc-2,arc-2hfB.png,0,,
arcelormittal-s-a-rstock,RMT,ArcelorMittal S.A. Tokenized Stock (Reality),arcelormittal-s-a-rstock,arcelormittal-s-a-rstockP3M.png,7e-9,,
arch-aggressive-portfolio,AAGG,Arch Aggressive Portfolio,arch-aggressive-portfolio,arch-aggressive-portfoliogh8.png,1087,"{""polygon-pos"":""0xafb6e8331355fae99c8e8953bb4c6dc5d11e9f3c""}",18
arch-balanced-portfolio,ABAL,Arch Balanced Portfolio,arch-balanced-portfolio,arch-balanced-portfolio1in.png,151.0462,"{""polygon-pos"":""0xf401e2c1ce8f252947b60bfb92578f84217a1545""}",18
arch-capital-group-ltd-rstock,RACGL,Arch Capital Group Ltd Tokenized Stock (Reality),arch-capital-group-ltd-rstock,arch-capital-group-ltd-rstock1oV.png,9e-9,,
archer-daniels-midland-xstock,ADMX,Archer-Daniels-Midland xStock,archer-daniels-midland-xstock,archer-daniels-midland-xstockpte.png,0,,
archly-finance,ARC,Archly Finance,archly-finance,archly-finance8QN.png,0,"{""arbitrum-one"":""0xe8876189a80b2079d8c0a7867e46c50361d972c1"",""avalanche"":""0xe8876189a80b2079d8c0a7867e46c50361d972c1"",""base"":""0xe8876189a80b2079d8c0a7867e46c50361d972c1"",""ethereum"":""0x9482c407d32204462d8cbbc0755e96c39b79878e"",""zksync"":""0xfb4c64c144c2bd0e7f2a06da7d6aac32d8cb2514""}",18
arcus-spcx-3x-short,SSPCX3X,Arcus SPCX (3x Short),arcus-spcx-3x-short,arcus-spcx-3x-shortzSj.png,704.6206,,
ares-capital-corporation-rstock,RARCC,Ares Capital Tokenized Stock (Reality),ares-capital-corporation-rstock,ares-capital-corporation-rstockZhN.png,0,,
ares-management-rstock,RARES,Ares Management Tokenized Stock (Reality),ares-management-rstock,ares-management-rstockhN9.png,0.58843563,,
ares-management-xstock,ARESX,Ares Management xStock,ares-management-xstock,ares-management-xstocknlm.png,0,,
ares3-network,ARES,Ares3 Network,ares3-network,ares3-networkj1V.png,300000000,"{""polygon-pos"":""0x181feaecca4a69a793272ea06df40edf2dd0804c""}",18
arexai,ARXAI,ArexAI,arexai,arexaigmS.png,1000000000,,
argenx-se-rstock,RARGX,argenx SE Tokenized Stock (Reality),argenx-se-rstock,argenx-se-rstockvPZ.png,0.000008179,,
aries-2,ARIES,ARIES,aries-2,aries-2Oyx.png,250000000,,
arista-networks-inc-xstock,ANETX,"Arista Networks, Inc. xStock",arista-networks-inc-xstock,arista-networks-inc-xstocko3A.png,0,,
ark-venture-fund,ARKVX,ARK Venture Fund,ark-venture-fund,ark-venture-fundLx9.png,25,,
arm-xstock,ARMX,ARM xStock,arm-xstock,arm-xstockAww.png,0,,
arrow-electronics-inc-rstock,RARW,Arrow Electronics Tokenized Stock (Reality),arrow-electronics-inc-rstock,arrow-electronics-inc-rstockNna.png,0,,
arrow-electronics-xstock,ARWX,Arrow Electronics xStock,arrow-electronics-xstock,arrow-electronics-xstockoFz.png,0,,
arrowhead-pharmaceuticals-inc-rstock,RARWR,Arrowhead Pharmaceuticals Tokenized Stock (Reality),arrowhead-pharmaceuticals-inc-rstock,arrowhead-pharmaceuticals-inc-rstockfV6.png,2e-9,,
arrowhead-pharmaceuticals-xstock,ARWRX,Arrowhead Pharmaceuticals xStock,arrowhead-pharmaceuticals-xstock,arrowhead-pharmaceuticals-xstockBRy.png,439229,,
arthur-j-gallagher-rstock,RAJG,Arthur J. Gallagher Tokenized Stock (Reality),arthur-j-gallagher-rstock,arthur-j-gallagher-rstockIMQ.png,0.02660863,,
arthur-j-gallagher-xstock,AJGX,Arthur J. Gallagher xStock,arthur-j-gallagher-xstock,arthur-j-gallagher-xstockeau.png,0,,
artificial-cat-2,TCAT,Artificial Cat,artificial-cat-2,artificial-cat-2kji.png,999987300,,
arxis-aerospace-defense-rstock,RARXS,Arxis Tokenized Stock (Reality),arxis-aerospace-defense-rstock,arxis-aerospace-defense-rstockBSt.png,0,,
asmpt-xstock,ASMPTX,ASMPT xStock,asmpt-xstock,asmpt-xstockNQa.png,0,,
asset-chain,ASSET,Asset,asset-chain,asset-chainn6p.png,10000000000,,
assetlink,ASET,AssetLink,assetlink,assetlinkenU.png,100000000,"{""ethereum"":""0x0e6641e62baa87d77e01ab1c7e9d2f323f26942b""}",18
assurant-inc-rstock,RAIZ,Assurant Tokenized Stock (Reality),assurant-inc-rstock,assurant-inc-rstockOpL.png,2e-9,,
assurant-xstock,AIZX,Assurant xStock,assurant-xstock,assurant-xstockhyK.png,0,,
astarter,AA,Astarter,astarter,astarterJdk.png,0,,
astera-labs-xstock,ALABX,Astera Labs xStock,astera-labs-xstock,astera-labs-xstockDGx.png,0,,
astrena-ai,RENA,Astrena AI,astrena-ai,astrena-aikWt.png,6000000000,,
astrid-restaked-cbeth,RCBETH,Astrid Restaked cbETH,astrid-restaked-cbeth,astrid-restaked-cbethSEN.png,20.0004,,
astrid-restaked-reth,RRETH,Astrid Restaked rETH,astrid-restaked-reth,astrid-restaked-rethkBz.png,39.1658,,
astrotech-rstock,RASTC,Astrotech Tokenized Stock (Reality),astrotech-rstock,astrotech-rstockib7.png,0,,
at-t-rstock,RT,AT&T Tokenized Stock (Reality),at-t-rstock,at-t-rstock6j8.png,40.5723,,
at-t-xstock,TX,AT&T xStock,at-t-xstock,at-t-xstocklg7.png,811700,,
ath,ATH,ATH,ath,athUb7.png,1000000000,,
ati-inc-rstock,RATI,ATI Tokenized Stock (Reality),ati-inc-rstock,ati-inc-rstockVJs.png,0,,
ati-xstock,ATIX,ATI xStock,ati-xstock,ati-xstockKzk.png,0,,
atlaspad,ASPAD,Atlaspad,atlaspad,atlaspadPdk.png,299,,
atlassian-xstock,TEAMX,Atlassian xStock,atlassian-xstock,atlassian-xstockU0b.png,0,,
atmos-energy-corp-rstock,RATO,Atmos Energy Tokenized Stock (Reality),atmos-energy-corp-rstock,atmos-energy-corp-rstockdIG.png,0,,
atmos-energy-xstock,ATOX,Atmos Energy xStock,atmos-energy-xstock,atmos-energy-xstockrgi.png,0,,
atollar,ATOLLAR,ATOLLAR,atollar,atollarsEJ.png,1000000000,,
atos-verified,ATOS(VERIFIED),ATOS(Verified),atos-verified,atos-verifiedK1E.png,10000000000000,,
atos-verifying,ATOS(VERIFYING),ATOS(Verifying),atos-verifying,atos-verifyingChJ.png,10000000000000,,
atoy,ATOY,ATOY,atoy,atoyKkL.png,1000000000,,
auriax,ARX,Auriax,auriax,auriaxzkt.png,1000000000,,
aurora-innovation-xstock,AURX,Aurora Innovation xStock,aurora-innovation-xstock,aurora-innovation-xstockzmo.png,5274967,,
autodesk-xstock,ADSKX,Autodesk xStock,autodesk-xstock,autodesk-xstockL7F.png,0,,
autoliv-inc-rstock,RALV,Autoliv Tokenized Stock (Reality),autoliv-inc-rstock,autoliv-inc-rstockHIV.png,0,,
automatic-data-processing-rstock,RADP,Automatic Data Processing Tokenized Stock (Reality),automatic-data-processing-rstock,automatic-data-processing-rstock8vW.png,0.293,,
automatic-data-processing-xstock,ADPX,Automatic Data Processing xStock,automatic-data-processing-xstock,automatic-data-processing-xstock12u.png,0,,
auton,ATN,Auton,auton,autonprf.png,0,,
autozone-xstock,AZOX,AutoZone xStock,autozone-xstock,autozone-xstockBiH.png,0,,
oak-network,AP,Ava Protocol,oak-network,oak-networkVZg.png,0,,
avadex-token,AVEX,AvaDex Token,avadex-token,avadex-tokenfUL.png,10000000,"{""avalanche"":""0x37f44b98316ad2815357113aebe0459029543e1e""}",18
avalonbay-communities-inc-rstock,RAVB,AvalonBay Communities Tokenized Stock (Reality),avalonbay-communities-inc-rstock,avalonbay-communities-inc-rstock6hx.png,0,,
avalonbay-communities-xstock,AVBX,AvalonBay Communities xStock,avalonbay-communities-xstock,avalonbay-communities-xstock80T.png,0,,
avant,AVANT,Avant,avant,avantsoL.png,0,,
avatago,AGT,AVATAGO,avatago,avatagoIDe.png,8800000000,"{""binance_smart"":""0x49074051ad996828504d7f719fc5769ac942220d""}",18
avery-dennison-corporation-rstock,RAVY,Avery Dennison Tokenized Stock (Reality),avery-dennison-corporation-rstock,avery-dennison-corporation-rstockBbO.png,0,,
avery-dennison-xstock,AVYX,Avery Dennison xStock,avery-dennison-xstock,avery-dennison-xstockiPl.png,0,,
axis-robotics,AXIS,Axis Robotics,axis-robotics,axis-roboticsV5Z.png,0,,
axon-enterprise-rstock,RAXON,Axon Enterprise Tokenized Stock (Reality),axon-enterprise-rstock,axon-enterprise-rstockoVD.png,0.03246174,,
axon-enterprise-xstock,AXONX,Axon Enterprise xStock,axon-enterprise-xstock,axon-enterprise-xstock3b6.png,0,,
axsome-therapeutics-inc-rstock,RAXSM,Axsome Therapeutics Tokenized Stock (Reality),axsome-therapeutics-inc-rstock,axsome-therapeutics-inc-rstockRBN.png,7e-9,,
axsome-therapeutics-xstock,AXSMX,Axsome Therapeutics xStock,axsome-therapeutics-xstock,axsome-therapeutics-xstock0fP.png,190938,,
axt-xstock,AXTIX,AXT xStock,axt-xstock,axt-xstock4fD.png,499753,,
b14g-dualbtc-principal,PT-DUALBTC,b14g dualBTC Principal,b14g-dualbtc-principal,b14g-dualbtc-principalj43.png,1.336,,
b2baby,B2BABY,B2Baby,b2baby,b2babybd4.png,100000000000,"{""bsquared-network"":""0x218d9ae9c282509506733761e09afb2aa15fba7b""}",18
baby-besc,BBESC,Baby BESC,baby-besc,baby-bescQVw.png,89923485,,
babypie-staked-btc,SMBTC,Babypie Staked mBTC,babypie-staked-btc,babypie-staked-btcTEv.png,0,,
babyx-swap,BABYX,BabyX Swap,babyx-swap,babyx-swap68c.png,100000000,"{""binance_smart"":""0x07e81d7a652a855261e093fa2b770c26395614cb""}",18
backbone-labs-staked-juno,BJUNO,Backbone Labs Staked JUNO,backbone-labs-staked-juno,backbone-labs-staked-junoI4b.png,0,"{""juno"":""juno1mvkgcr5uce2rnpzr4qrzf50hx4qreuwzlt7fzsjrhjud3xnjmttq5mkh2m""}",18
backbone-staked-kujira,BKUJI,Backbone Staked Kujira,backbone-staked-kujira,backbone-staked-kujiraKa7.png,4237,"{""kujira"":""factory/kujira15e8q5wzlk5k38gjxlhse3vu6vqnafysncx2ltexd6y9gx50vuj2qpt7dgv/boneKuji""}",18
backed-alphabet-class-a,BGOOGL,Backed Alphabet Class A,backed-alphabet-class-a,backed-alphabet-class-ar56.png,0,"{""arbitrum-one"":""0xebee37aaf2905b7bda7e3b928043862e982e8f32"",""ethereum"":""0xebee37aaf2905b7bda7e3b928043862e982e8f32"",""xdai"":""0xebee37aaf2905b7bda7e3b928043862e982e8f32"",""polygon-pos"":""0xebee37aaf2905b7bda7e3b928043862e982e8f32"",""avalanche"":""0xebee37aaf2905b7bda7e3b928043862e982e8f32"",""binance_smart"":""0xebee37aaf2905b7bda7e3b928043862e982e8f32"",""base"":""0xebee37aaf2905b7bda7e3b928043862e982e8f32""}",18
backed-erna-bond,BERNA,Backed ERNA $ Bond,backed-erna-bond,backed-erna-bondS6V.png,0,"{""ethereum"":""0x0f76d32cdccdcbd602a55af23eaf58fd1ee17245"",""base"":""0x0f76d32cdccdcbd602a55af23eaf58fd1ee17245"",""avalanche"":""0x0f76d32cdccdcbd602a55af23eaf58fd1ee17245"",""polygon-pos"":""0x0f76d32cdccdcbd602a55af23eaf58fd1ee17245"",""xdai"":""0x0f76d32cdccdcbd602a55af23eaf58fd1ee17245"",""arbitrum-one"":""0x0f76d32cdccdcbd602a55af23eaf58fd1ee17245"",""binance_smart"":""0x0f76d32cdccdcbd602a55af23eaf58fd1ee17245""}",18
backed-ernx-bond,BERNX,Backed ERNX € Bond,backed-ernx-bond,backed-ernx-bondrKw.png,2000000,"{""ethereum"":""0x3f95aa88ddbb7d9d484aa3d482bf0a80009c52c9"",""xdai"":""0x3f95aa88ddbb7d9d484aa3d482bf0a80009c52c9"",""polygon-pos"":""0x3f95aa88ddbb7d9d484aa3d482bf0a80009c52c9"",""avalanche"":""0x3f95aa88ddbb7d9d484aa3d482bf0a80009c52c9"",""base"":""0x3f95aa88ddbb7d9d484aa3d482bf0a80009c52c9""}",18
backed-gamestop-corp,BGME,Backed GameStop Corp,backed-gamestop-corp,backed-gamestop-corpY5s.png,0,"{""binance_smart"":""0x7212088a11b4d8f6fc90fbb3dfe793b45dd72323"",""ethereum"":""0x7212088a11b4d8f6fc90fbb3dfe793b45dd72323"",""xdai"":""0x7212088a11b4d8f6fc90fbb3dfe793b45dd72323"",""polygon-pos"":""0x7212088a11b4d8f6fc90fbb3dfe793b45dd72323"",""avalanche"":""0x7212088a11b4d8f6fc90fbb3dfe793b45dd72323"",""arbitrum-one"":""0x7212088a11b4d8f6fc90fbb3dfe793b45dd72323"",""base"":""0x7212088a11b4d8f6fc90fbb3dfe793b45dd72323""}",18
backed-microsoft,BMSFT,Backed Microsoft,backed-microsoft,backed-microsofteB6.png,0,"{""arbitrum-one"":""0x374a457967ba24fd3ae66294cab08244185574b0"",""ethereum"":""0x374a457967ba24fd3ae66294cab08244185574b0"",""xdai"":""0x374a457967ba24fd3ae66294cab08244185574b0"",""polygon-pos"":""0x374a457967ba24fd3ae66294cab08244185574b0"",""avalanche"":""0x374a457967ba24fd3ae66294cab08244185574b0"",""binance_smart"":""0x374a457967ba24fd3ae66294cab08244185574b0"",""base"":""0x374a457967ba24fd3ae66294cab08244185574b0""}",18
backed-microstrategy,BMSTR,Backed MicroStrategy,backed-microstrategy,backed-microstrategywGr.png,0,"{""arbitrum-one"":""0xac28c9178acc8ba4a11a29e013a3a2627086e422"",""ethereum"":""0xac28c9178acc8ba4a11a29e013a3a2627086e422"",""xdai"":""0xac28c9178acc8ba4a11a29e013a3a2627086e422"",""polygon-pos"":""0xac28c9178acc8ba4a11a29e013a3a2627086e422"",""avalanche"":""0xac28c9178acc8ba4a11a29e013a3a2627086e422"",""binance_smart"":""0xac28c9178acc8ba4a11a29e013a3a2627086e422"",""base"":""0xac28c9178acc8ba4a11a29e013a3a2627086e422""}",18
bndva-backed-nvidia,BNVDA,Backed NVIDIA,bndva-backed-nvidia,bndva-backed-nvidiaJhb.png,0,"{""arbitrum-one"":""0xa34c5e0abe843e10461e2c9586ea03e55dbcc495"",""ethereum"":""0xa34c5e0abe843e10461e2c9586ea03e55dbcc495"",""xdai"":""0xa34c5e0abe843e10461e2c9586ea03e55dbcc495"",""polygon-pos"":""0xa34c5e0abe843e10461e2c9586ea03e55dbcc495"",""avalanche"":""0xa34c5e0abe843e10461e2c9586ea03e55dbcc495"",""binance_smart"":""0xa34c5e0abe843e10461e2c9586ea03e55dbcc495"",""base"":""0xa34c5e0abe843e10461e2c9586ea03e55dbcc495""}",18
backed-swiss-domestic-government-bond-0-3,BCSBGC3,Backed Swiss Domestic Government Bond 0-3,backed-swiss-domestic-government-bond-0-3,backed-swiss-domestic-government-bond-0-3ZmU.png,0,"{""arbitrum-one"":""0xd8b95b1987741849ca7e71e976aeb535fd2e55a2"",""ethereum"":""0xd8b95b1987741849ca7e71e976aeb535fd2e55a2"",""xdai"":""0xd8b95b1987741849ca7e71e976aeb535fd2e55a2"",""polygon-pos"":""0xd8b95b1987741849ca7e71e976aeb535fd2e55a2"",""avalanche"":""0xd8b95b1987741849ca7e71e976aeb535fd2e55a2"",""base"":""0xd8b95b1987741849ca7e71e976aeb535fd2e55a2"",""binance_smart"":""0xd8b95b1987741849ca7e71e976aeb535fd2e55a2""}",18
backed-tesla,BTSLA,Backed Tesla,backed-tesla,backed-teslaqIS.png,0,"{""arbitrum-one"":""0x14a5f2872396802c3cc8942a39ab3e4118ee5038"",""ethereum"":""0x14a5f2872396802c3cc8942a39ab3e4118ee5038"",""xdai"":""0x14a5f2872396802c3cc8942a39ab3e4118ee5038"",""polygon-pos"":""0x14a5f2872396802c3cc8942a39ab3e4118ee5038"",""avalanche"":""0x14a5f2872396802c3cc8942a39ab3e4118ee5038"",""binance_smart"":""0x14a5f2872396802c3cc8942a39ab3e4118ee5038"",""base"":""0x14a5f2872396802c3cc8942a39ab3e4118ee5038""}",18
backed-zpr1-1-3-month-t-bill,BZPR1,Backed ZPR1 $ 1-3 Month T-Bill,backed-zpr1-1-3-month-t-bill,backed-zpr1-1-3-month-t-billLDE.png,0,"{""ethereum"":""0xade6057fcafa57d6d51ffa341c64ce4814995995"",""xdai"":""0xade6057fcafa57d6d51ffa341c64ce4814995995"",""polygon-pos"":""0xade6057fcafa57d6d51ffa341c64ce4814995995"",""base"":""0xade6057fcafa57d6d51ffa341c64ce4814995995"",""avalanche"":""0xade6057fcafa57d6d51ffa341c64ce4814995995"",""binance_smart"":""0xade6057fcafa57d6d51ffa341c64ce4814995995"",""arbitrum-one"":""0xade6057fcafa57d6d51ffa341c64ce4814995995""}",18
backpack-staked-sol,BPSOL,Backpack Staked SOL,backpack-staked-sol,backpack-staked-solxbb.png,55360,,
baker-hughes-rstock,RBKR,Baker Hughes Tokenized Stock (Reality),baker-hughes-rstock,baker-hughes-rstocktmt.png,0.32291598,,
baker-hughes-xstock,BKRX,Baker Hughes xStock,baker-hughes-xstock,baker-hughes-xstockIii.png,0,,
ball-corporation-rstock,RBALL,Ball Tokenized Stock (Reality),ball-corporation-rstock,ball-corporation-rstockwXP.png,0,,
ball-xstock,BALLX,Ball xStock,ball-xstock,ball-xstockHvX.png,0,,
banco-bradesco-s-a-pref-rstock,RBBD,Banco Bradesco S.A. (Pref) Tokenized Stock (Reality),banco-bradesco-s-a-pref-rstock,banco-bradesco-s-a-pref-rstockNLr.png,0,,
banco-bradesco-rstock,RBBDO,Banco Bradesco Tokenized Stock (Reality),banco-bradesco-rstock,banco-bradesco-rstockgxr.png,0,,
banco-de-chile-rstock,RBCH,Banco de Chile Tokenized Stock (Reality),banco-de-chile-rstock,banco-de-chile-rstockZ4i.png,0,,
banco-santander-brasil-s-a-rstock,RBSBR,Banco Santander (Brasil) S.A. Tokenized Stock (Reality),banco-santander-brasil-s-a-rstock,banco-santander-brasil-s-a-rstock0LR.png,0,,
banco-santander-chile-rstock,RBSAC,Banco Santander-Chile Tokenized Stock (Reality),banco-santander-chile-rstock,banco-santander-chile-rstockRkn.png,0,,
bank-of-china-xstock,BANKCX,Bank Of China xStock,bank-of-china-xstock,bank-of-china-xstockceQ.png,0,,
bank-of-communications-xstock,BOCOMX,Bank of Communications xStock,bank-of-communications-xstock,bank-of-communications-xstockKMK.png,0,,
bank-of-new-york-mellon-rstock,RBNY,Bank of New York Mellon Tokenized Stock (Reality),bank-of-new-york-mellon-rstock,bank-of-new-york-mellon-rstockh06.png,0.79570974,,
bank-of-new-york-mellon-xstock,BNYX,Bank of New York Mellon xStock,bank-of-new-york-mellon-xstock,bny.png,0,,
barrick-mining-rstock,RB,Barrick Mining Tokenized Stock (Reality),barrick-mining-rstock,barrick-mining-rstockJkv.png,0.39696837,,
bartholowmeow,BARTHOLOMEOW,Bartholowmeow,bartholowmeow,bartholowmeowIQf.png,150000000,,
base-2,BASE,Base,base-2,base-2BOG.png,0,,
basket-2,,Basket,basket-2,basket-27yu.png,0,,
basketballverse-2,BVR,Basketballverse,basketballverse-2,basketballverse-25ec.png,100000000,,
baxter-international-inc-rstock,RBAX,Baxter International Inc. Tokenized Stock (Reality),baxter-international-inc-rstock,baxter-international-inc-rstocksI0.png,0,,
baxter-international-xstock,BAXX,Baxter International xStock,baxter-international-xstock,baxter-international-xstockDgA.png,1374515,,
bce-inc-rstock,RBCE,BCE Inc. Tokenized Stock (Reality),bce-inc-rstock,bce-inc-rstockueU.png,0,,
bear-scrub-money,BEAR,Bear Scrub Money,bear-scrub-money,bear-scrub-moneyTTG.png,1079,"{""kava"":""0x38481fdc1af61e6e72e0ff46f069315a59779c65""}",18
becton-dickinson-xstock,BDXX,Becton Dickinson xStock,becton-dickinson-xstock,becton-dickinson-xstockCA9.png,0,,
beigene-ltd-rstock,RONC,BeiGene Ltd Tokenized Stock (Reality),beigene-ltd-rstock,beigene-ltd-rstockfgE.png,0,,
bentley-systems-xstock,BSYX,Bentley Systems xStock,bentley-systems-xstock,bentley-systems-xstockSU1.png,956103,,
bentley-systems-incorporated-rstock,RBSY,"Bentley Systems, Incorporated Tokenized Stock (Reality)",bentley-systems-incorporated-rstock,bentley-systems-incorporated-rstockqfs.png,0,,
benyke-finance,BENYKE,Benyke Finance,benyke-finance,benyke-financeij1.png,100000000,,
berachain-governance-token,BGT,Berachain Governance Token,berachain-governance-token,berachain-governance-tokenFQB.png,3798676,,
berkshire-hathaway-dinari-tokenized-stock,BRK.A,Berkshire Hathaway (Dinari Tokenized Stock),berkshire-hathaway-dinari-tokenized-stock,berkshire-hathaway-dinari-tokenized-stockDc6.png,0,,
berkshire-hathaway-b-rstock,RBRKB,Berkshire Hathaway Tokenized Stock (Reality),berkshire-hathaway-b-rstock,berkshire-hathaway-b-rstockWMY.png,0,,
bespincoin,BSP,Bespincoin,bespincoin,bespincoin02D.png,31000000,,
best-buy-co-inc-rstock,RBBY,Best Buy Tokenized Stock (Reality),best-buy-co-inc-rstock,best-buy-co-inc-rstock9W2.png,0,,
best-buy-xstock,BBYX,Best Buy xStock,best-buy-xstock,best-buy-xstockcfA.png,0,,
better-home-finance-holding-co-astock,ABETR,Better Home & Finance Holding Co aStock,better-home-finance-holding-co-astock,better-home-finance-holding-co-astockkFC.png,0,"{""arbitrum-one"":""0xd70b950fd70e96933ebd991005fe6f37aef1354f"",""base"":""0xd70b950fd70e96933ebd991005fe6f37aef1354f"",""ethereum"":""0xd70b950fd70e96933ebd991005fe6f37aef1354f"",""monad"":""0xd70b950fd70e96933ebd991005fe6f37aef1354f"",""robinhood"":""0xd70b950fd70e96933ebd991005fe6f37aef1354f"",""binance_smart"":""0xd70b950fd70e96933ebd991005fe6f37aef1354f""}",18
better-home-finance-xstock,BETRX,Better Home & Finance xStock,better-home-finance-xstock,better-home-finance-xstockWR3.png,2547660,,
betterfan,BFF,BetterFan,betterfan,betterfanrE0.png,7000000000,,
bido-staked-bitcoin,STBTC,Bido Staked Bitcoin,bido-staked-bitcoin,bido-staked-bitcoinXnd.png,43.413,"{""bevm"":""0x26bda683f874e7ae3e3a5d3fad44bcb82a7c107c""}",18
bifrost-voucher-eth,VETH,Bifrost Voucher ETH,bifrost-voucher-eth,bifrost-voucher-ethUai.png,531.381,,
bils,BILS,BILS,bils,bilsyWs.png,0,,
bio-techne-corporation-rstock,RTECH,Bio-Techne Corporation Tokenized Stock (Reality),bio-techne-corporation-rstock,bio-techne-corporation-rstockfKe.png,8e-9,,
biogen-inc-rstock,RBIIB,Biogen Tokenized Stock (Reality),biogen-inc-rstock,biogen-inc-rstock4zO.png,0,,
biogen-xstock,BIIBX,Biogen xStock,biogen-xstock,biogen-xstockAgh.png,0,,
biomarin-pharmaceutical-inc-rstock,RBMRN,BioMarin Pharmaceutical Inc. Tokenized Stock (Reality),biomarin-pharmaceutical-inc-rstock,biomarin-pharmaceutical-inc-rstockIjr.png,6e-9,,
biomarin-pharmaceutical-xstock,BMRNX,BioMarin Pharmaceutical xStock,biomarin-pharmaceutical-xstock,biomarin-pharmaceutical-xstockl2k.png,515206,,
bitcorn-3,BTCN,Bitcorn,bitcorn-3,bitcorn-38rF.png,2.0244,,
bitdelta,BDT,BitDelta,bitdelta,bitdeltaSRj.png,2400000000,"{""ethereum"":""0xcac1277aa6ecb68b84fad070910d37029e810b79""}",18
bitfi-bitcoin,BFBTC,BitFi Bitcoin,bitfi-bitcoin,bitfi-bitcoin1PA.png,2693,,
bitfufu-xstock,FUFUX,BitFuFu xStock,bitfufu-xstock,bitfufu-xstocke2K.png,10823392,,
memeetf,MEMEETF,Bitget MemeETF,memeetf,memeetfilO.png,0,,
bitmarkets-token,BTMT,BITmarkets Token,bitmarkets-token,bitmarkets-token9Jw.png,300000000,"{""polygon-pos"":""0x0fced30234c3ea94a7b47cc88006ecb7a39dc30e""}",18
superstate-uscc,USCC,Bitwise Crypto Carry Fund,superstate-uscc,superstate-usccnZb.png,9102523,"{""ethereum"":""0x14d60e7fdc0d71d8611742720e4c50e7a974020c"",""plume-network"":""0x4c21b7577c8fe8b0b0669165ee7c8f67fa1454cf""}",18
bj-s-wholesale-club-holdings-inc-rstock,RBJ,BJ's Wholesale Club Tokenized Stock (Reality),bj-s-wholesale-club-holdings-inc-rstock,bj-s-wholesale-club-holdings-inc-rstocklkF.png,6e-9,,
bj-s-wholesale-club-xstock,BJX,BJ's Wholesale Club xStock,bj-s-wholesale-club-xstock,bj-s-wholesale-club-xstock2ek.png,0,,
blackjack-fun,JACK,Blackjack.fun,blackjack-fun,blackjack-fung8v.png,5000000000,,
blackrock-select-treasury-based-liquidity-fund,BSTBL,BlackRock Select Treasury Based Liquidity Fund,blackrock-select-treasury-based-liquidity-fund,blackrock-select-treasury-based-liquidity-fund499.png,0,,
blackrock-usd-institutional-digital-liquidity-fund-i-class,BUIDL-I,BlackRock USD Institutional Digital Liquidity Fund - I Class,blackrock-usd-institutional-digital-liquidity-fund-i-class,blackrock-usd-institutional-digital-liquidity-fund-i-classhN8.png,71902116,"{""ethereum"":""0x6a9da2d710bb9b700acde7cb81f10f1ff8c89041""}",18
blackrock-xstock,BLKX,BlackRock xStock,blackrock-xstock,blackrock-xstockydu.png,18233,,
blackstone-rstock,RBX,Blackstone Tokenized Stock (Reality),blackstone-rstock,blackstone-rstockD5t.png,133.9593,,
blackstone-xstock,BXX,Blackstone xStock,blackstone-xstock,blackstone-xstockLkY.png,0,,
blast-futures-token,BFX,Blast Futures Token,blast-futures-token,blast-futures-tokenIwi.png,0,,
blaster,BLSTR,Blaster,blaster,blasterCCF.png,0,,
blife-protocol,BLIFE,BLife Protocol,blife-protocol,blife-protocolc8k.png,21000000000,,
bloch,BLCH,Bloch,bloch,blochM5u.png,100000000000,,
block-xstock,XYZX,Block xStock,block-xstock,block-xstockOfB.png,0,,
blockchain-island,BCL,Blockchain Island,blockchain-island,blockchain-island0ne.png,9000000000,"{""binance_smart"":""0x179e3b3d1fcba4d740171c710e6a6cfc3c80a571""}",18
blockface,BLOCK,Blockface,blockface,blockface4o6.png,997908916,,
blockx,BCX,BlockX,blockx,blockx5LH.png,600000000,,
blonex,BLON,Blonex,blonex,blonex0Dl.png,1000000000,,
bloom-energy-xstock,BEX,Bloom Energy xStock,bloom-energy-xstock,bloom-energy-xstockYve.png,0,,
blue-owl-capital-dinari-tokenized-stock,OBDC,Blue Owl Capital (Dinari Tokenized Stock),blue-owl-capital-dinari-tokenized-stock,blue-owl-capital-dinari-tokenized-stockaV4.png,1.205,,
blue-owl-capital-rstock,ROWL,Blue Owl Capital Inc Tokenized Stock (Reality),blue-owl-capital-rstock,blue-owl-capital-rstockSIs.png,0,,
blue-owl-capital-xstock,OWLX,Blue Owl Capital xStock,blue-owl-capital-xstock,blue-owl-capital-xstocklE7.png,3085637,,
bluecore,BCOR,BlueCore,bluecore,bluecoregpj.png,100000000,,
blueprint-oblue,OBLUE,Blueprint oBLUE,blueprint-oblue,blueprint-oblueh1b.png,8759440,"{""ethereum"":""0xedb73d4ed90be7a49d06d0d940055e6d181d22fa""}",18
bm2k,BM2K,bm2k,bm2k,bm2kRLa.png,42000000,"{""dogechain"":""8124868ef4b524325487f5f4ebfb110f6d89f79acd2756deaba264b791294b95i0""}",18
bnb-pets,PETS,BNB Pets,bnb-pets,bnb-petsM8Y.png,70000,"{""binance_smart"":""0xe21502db7b9c6a78ed9400e30c8521be84f2ca4f""}",18
boba-finance,BFI,Boba Finance,boba-finance,boba-financemBt.png,65000000,,
boc-hong-kong-xstock,BOCHKX,BOC Hong Kong xStock,boc-hong-kong-xstock,boc-hong-kong-xstockfUQ.png,0,,
boeing-xstock,BAX,Boeing xStock,boeing-xstock,boeing-xstockzRk.png,0,,
bolic-ai,BOAI,Bolic AI,bolic-ai,bolic-aifLl.png,1000000000,"{""binance_smart"":""0x571dbcaa3df80dfebf69fefd084dace4a22ea7bf""}",18
boo-mirrorworld,XBOO,Boo MirrorWorld,boo-mirrorworld,boo-mirrorworldb04.png,763788,"{""fantom"":""0xa48d959ae2e88f1daa7d5f611e01908106de7598""}",18
booking-xstock,BKNGX,Booking xStock,booking-xstock,booking-xstock1MZ.png,97740,,
boomer-3,BOOMER,Boomer,boomer-3,boomer-3yF8.png,1000000000,,
bored,$BORED,Bored Token,bored,boredg0I.png,1000000000,"{""ethereum"":""0x2047ab3072b52561596ce5e0131bdbb7c848538d""}",18
borgwarner-inc-rstock,RBWA,BorgWarner Tokenized Stock (Reality),borgwarner-inc-rstock,borgwarner-inc-rstockyWj.png,0,,
borgwarner-xstock,BWAX,BorgWarner xStock,borgwarner-xstock,borgwarner-xstocktHz.png,0,,
boston-scientific-xstock,BSXX,Boston Scientific xStock,boston-scientific-xstock,boston-scientific-xstockygU.png,0,,
bouncebit-bnb,BBNB,BounceBit BNB,bouncebit-bnb,bouncebit-bnb1i8.png,399.9838,,
bouncebit-eth,BBETH,BounceBit ETH,bouncebit-eth,bouncebit-ethTyO.png,773.2099,,
bouncebit-sol,BBSOL,BounceBit SOL,bouncebit-sol,bouncebit-solHpt.png,894.1297,,
box-2,BOX,BOX,box-2,box-2N4u.png,4000000,,
bracelet,BRC,Bracelet,bracelet,braceletfzD.png,1000000000,"{""solana"":""E69gzpKjxMF9p7u4aEpsbuHevJK9nzxXFdUDzKE5wK6z""}",18
bre3,BRX,BRE3,bre3,bre3YN6.png,960000000000,,
brera-xstock,SLMTX,Brera xStock,brera-xstock,brera-xstockgaJ.png,60342246,,
bricks-exchange,BRX,Bricks,bricks-exchange,bricks-exchangeCKv.png,110000000,"{""ethereum"":""0x5ce6f2c0e2a1b4540894f286254bf13b1110d240""}",18
bridgebio-pharma-xstock,BBIOX,BridgeBio Pharma xStock,bridgebio-pharma-xstock,bridgebio-pharma-xstockMC8.png,441614,,
bridged-arbitrum-lightlink,ARB.E,Bridged Arbitrum (Lightlink),bridged-arbitrum-lightlink,bridged-arbitrum-lightlinkSno.png,0,"{""lightlink"":""0x8fd8bc93518ea586be25c31a8973636192734555""}",18
bridged-chainlink-lightlink,LINK.E,Bridged Chainlink (Lightlink),bridged-chainlink-lightlink,bridged-chainlink-lightlinkIXP.png,0,"{""lightlink"":""0x0b0edac05440669c5ee81ff8ad98b8d2e7f3d57b""}",18
bridged-curve-dao-token-stargate,CRV,Bridged Curve DAO Token (Stargate),bridged-curve-dao-token-stargate,bridged-curve-dao-token-stargate0sr.png,2168,"{""fantom"":""0xc7ae4ab742f6b0b203f6710c87677005bc45ad01""}",18
curve-fi-usd-stablecoin-stargate,CRVUSD,Bridged Curve.Fi USD Stablecoin (Stargate),curve-fi-usd-stablecoin-stargate,curve-fi-usd-stablecoin-stargateJtC.png,1296,"{""fantom"":""0xaa798bf5ec09b6e3bc059ea4d36d4ca53e063ef7""}",18
bridged-dai-lightlink,DAI.E,Bridged Dai (Lightlink),bridged-dai-lightlink,bridged-dai-lightlinkZjo.png,0,,
bridged-kyber-network-crystal-bsc,KNC_B,Bridged Kyber Network Crystal (BSC),bridged-kyber-network-crystal-bsc,bridged-kyber-network-crystal-bscY9q.png,73184,"{""bittorrent"":""0x18fa72e0ee4c580a129b0ce5bd0694d716c7443e""}",18
bridged-kyber-network-crystal-ethereum,KNC_E,Bridged Kyber Network Crystal (Ethereum),bridged-kyber-network-crystal-ethereum,bridged-kyber-network-crystal-ethereumuwn.png,57352,"{""bittorrent"":""0xe467f79e9869757dd818dfb8535068120f6bcb97""}",18
bridged-polygon-lightlink,MATIC.E,Bridged Polygon (Lightlink),bridged-polygon-lightlink,bridged-polygon-lightlinkpbN.png,0,"{""lightlink"":""0x0b0a417dc62721b16a8a2a6a3807b97f557d6209""}",18
bridged-sttia-hyperlane,STTIA,Bridged stTIA (Hyperlane),bridged-sttia-hyperlane,bridged-sttia-hyperlaneoIm.png,1575493,,
bridged-uniswap-lightlink,UNI.E,Bridged Uniswap (Lightlink),bridged-uniswap-lightlink,bridged-uniswap-lightlinkO40.png,0,"{""lightlink"":""0xb4c16cc8d80fdd59b6937ce9072f4863dce20077""}",18
bridged-usdc-moonriver,USDC,Bridged USDC (Moonriver),bridged-usdc-moonriver,bridged-usdc-moonriverYBd.png,3900562,,
bridged-wrapped-btc-lightlink,WBTC.E,Bridged Wrapped BTC (Lightlink),bridged-wrapped-btc-lightlink,bridged-wrapped-btc-lightlinkapa.png,0,"{""lightlink"":""0x46a5e3fa4a02b9ae43d9df9408c86ed643144a67""}",18
bristol-myers-squibb-xstock,BMYX,Bristol-Myers Squibb xStock,bristol-myers-squibb-xstock,bristol-myers-squibb-xstockhVh.png,0,,
brix-itry,ITRY,Brix iTRY,brix-itry,brix-itry2Yk.png,23158,,
brixmor-property-group-inc-rstock,RBRX,Brixmor Property Group Inc. Tokenized Stock (Reality),brixmor-property-group-inc-rstock,brixmor-property-group-inc-rstockEM7.png,8e-9,,
broadcom-backpack-securities,AVGO,Broadcom (Backpack Securities),broadcom-backpack-securities,broadcom-backpack-securitieskej.png,0,,
broadridge-financial-solutions-inc-rstock,RBR,Broadridge Financial Solutions Tokenized Stock (Reality),broadridge-financial-solutions-inc-rstock,broadridge-financial-solutions-inc-rstockxnw.png,12,,
broadridge-financial-solutions-xstock,BRX,Broadridge Financial Solutions xStock,broadridge-financial-solutions-xstock,broadridge-financial-solutions-xstockgKo.png,0,,
brookfield-asset-management-ltd-rstock,RBAM,Brookfield Asset Management Tokenized Stock (Reality),brookfield-asset-management-ltd-rstock,brookfield-asset-management-ltd-rstockzdc.png,0,,
brookfield-asset-management-xstock,BAMX,Brookfield Asset Management xStock,brookfield-asset-management-xstock,brookfield-asset-management-xstock1LD.png,0,,
brookfield-infrastructure-partners-l-p-rstock,RBIP,Brookfield Infrastructure Partners L.P. Tokenized Stock (Reality),brookfield-infrastructure-partners-l-p-rstock,brookfield-infrastructure-partners-l-p-rstockv8y.png,0,,
brookfield-renewable-partners-l-p-rstock,RBEP,Brookfield Renewable Partners L.P. Tokenized Stock (Reality),brookfield-renewable-partners-l-p-rstock,brookfield-renewable-partners-l-p-rstockarI.png,0,,
brookfield-rstock,RBN,Brookfield Tokenized Stock (Reality),brookfield-rstock,brookfield-rstockO18.png,0,,
brookfield-wealth-solutions-ltd-rstock,RBNT,Brookfield Wealth Solutions Ltd. Tokenized Stock (Reality),brookfield-wealth-solutions-ltd-rstock,brookfield-wealth-solutions-ltd-rstockIPD.png,6.603,,
brown-brown-inc-rstock,RBRO,Brown & Brown Tokenized Stock (Reality),brown-brown-inc-rstock,brown-brown-inc-rstockcTF.png,0,,
brown-brown-xstock,BROX,Brown & Brown xStock,brown-brown-xstock,brown-brown-xstockrlo.png,0,,
brown-forman-corporation-class-a-rstock,RBF.A,Brown-Forman Corporation (Class A) Tokenized Stock (Reality),brown-forman-corporation-class-a-rstock,brown-forman-corporation-class-a-rstocknGa.png,0,,
brown-forman-corporation-class-b-rstock,RBF.B,Brown-Forman Corporation (Class B) Tokenized Stock (Reality),brown-forman-corporation-class-b-rstock,brown-forman-corporation-class-b-rstockyDY.png,0,,
bruker-corporation-rstock,RBRKR,Bruker Corporation Tokenized Stock (Reality),bruker-corporation-rstock,bruker-corporation-rstockZBK.png,0.000020422,,
btc-concrete-custodial-asset,BTCCX,BTC Concrete Custodial Asset,btc-concrete-custodial-asset,btc-concrete-custodial-assetTiw.png,0.0093445,,
budweiser-brewing-co-apac-xstock,BDWAPX,Budweiser Brewing Co APAC xStock,budweiser-brewing-co-apac-xstock,budweiser-brewing-co-apac-xstockaOb.png,0,,
buff-coin,BUFF,Buff Coin,buff-coin,buff-coinJ9L.png,777777777,"{""binance_smart"":""0xe9c1b765c3b69ff6178c7310fe3eb106421870a5""}",18
bullets,BLT,Bullets,bullets,bulletsK7P.png,10000000,"{""zksync"":""0x71fd7dfa7db7094e0f857ad3040f1afef76fef85""}",18
bullish-xstock,BLSHX,Bullish xStock,bullish-xstock,bullish-xstock4bH.png,743667,,
bullishmarketcap,$BMC,BullishMarketCap,bullishmarketcap,bullishmarketcap7Sl.png,0,,
bumpcoin,BUMP,BUMPCOIN,bumpcoin,bumpcoinjTy.png,1000000000,,
burlington-stores-xstock,BURLX,Burlington Stores xStock,burlington-stores-xstock,burlington-stores-xstockzA3.png,0,,
busd0-redemption-token,RT-BUSD0,bUSD0 Redemption Token,busd0-redemption-token,busd0-redemption-tokenRKA.png,0,,
bwx-technologies-xstock,BWXTX,BWX Technologies xStock,bwx-technologies-xstock,bwx-technologies-xstock2FJ.png,0,,
bxp-inc-boston-properties-rstock,RBXP,BXP (Boston Properties) Tokenized Stock (Reality),bxp-inc-boston-properties-rstock,bxp-inc-boston-properties-rstockxuI.png,0,,
bxp-xstock,BXPX,BXP xStock,bxp-xstock,bxp-xstockDOX.png,492100,,
byd-xstock,BYDCOX,BYD xStock,byd-xstock,byd-xstockP2N.png,0,,
byzanlink,BYZAN,Byzanlink,byzanlink,byzanlinkfZy.png,10000000,,
c-h-robinson-worldwide-xstock,CHRWX,C.H. Robinson Worldwide xStock,c-h-robinson-worldwide-xstock,c-h-robinson-worldwide-xstockhRq.png,0,,
c3-ai-ondo-tokenized-stock,AION,C3.ai (Ondo Tokenized Stock),c3-ai-ondo-tokenized-stock,c3-ai-ondo-tokenized-stockoqF.png,0,,
c3-ai-inc-astock,AAI,C3.ai Inc aStock,c3-ai-inc-astock,c3-ai-inc-astockqfD.png,0,"{""arbitrum-one"":""0x59a036fc042b5b15cb36a4e1fe1bccfcf18f8d63"",""base"":""0x59a036fc042b5b15cb36a4e1fe1bccfcf18f8d63"",""ethereum"":""0x59a036fc042b5b15cb36a4e1fe1bccfcf18f8d63"",""monad"":""0x59a036fc042b5b15cb36a4e1fe1bccfcf18f8d63"",""robinhood"":""0x59a036fc042b5b15cb36a4e1fe1bccfcf18f8d63"",""binance_smart"":""0x59a036fc042b5b15cb36a4e1fe1bccfcf18f8d63""}",18
c3-ai-xstock,AIX,C3.ai xStock,c3-ai-xstock,c3-ai-xstock46L.png,3128659,,
caave,CAAVE,cAAVE,caave,caaveGg3.png,755,"{""ethereum"":""0xe65cdb6479bac1e22340e4e755fae7e509ecd06c""}",18
caci-international-inc-rstock,RCACI,CACI International Inc Tokenized Stock (Reality),caci-international-inc-rstock,caci-international-inc-rstockrdx.png,0,,
caci-international-xstock,CACIX,CACI International xStock,caci-international-xstock,caci-international-xstockEBi.png,52541,,
cadence-design-systems-xstock,CDNSX,Cadence Design Systems xStock,cadence-design-systems-xstock,cadence-design-systems-xstockGZx.png,0,,
caduceus-protocol,CAD,Caduceus Protocol,caduceus-protocol,caduceus-protocolVf0.png,1200000000,,
callisto-bridged-wbnb-callisto,WBNB,Callisto Bridged WBNB (Callisto),callisto-bridged-wbnb-callisto,callisto-bridged-wbnb-callistoeeX.png,0,,
cambria,RSGP,Cambria,cambria,cambriauWi.png,0,,
camden-property-trust-rstock,RCPT,Camden Property Trust Tokenized Stock (Reality),camden-property-trust-rstock,camden-property-trust-rstockf0M.png,0,,
camden-property-trust-xstock,CPTX,Camden Property Trust xStock,camden-property-trust-xstock,camden-property-trust-xstockARw.png,0,,
canadian-national-railway-rstock,RCNI,Canadian National Railway Tokenized Stock (Reality),canadian-national-railway-rstock,canadian-national-railway-rstockZ5M.png,0.0154209,,
canadian-natural-resources-rstock,RCNQ,Canadian Natural Resources Tokenized Stock (Reality),canadian-natural-resources-rstock,canadian-natural-resources-rstockaov.png,0.01205837,,
capital-one-financial-xstock,COFX,Capital One Financial xStock,capital-one-financial-xstock,capital-one-financial-xstockz58.png,0,,
cardinal-health-rstock,RCAH,Cardinal Health Tokenized Stock (Reality),cardinal-health-rstock,cardinal-health-rstockVcA.png,0.44286425,,
cardinal-health-xstock,CAHX,Cardinal Health xStock,cardinal-health-xstock,cardinal-health-xstockDph.png,0,,
caretrust-reit-inc-rstock,RCTRE,CareTrust REIT Tokenized Stock (Reality),caretrust-reit-inc-rstock,caretrust-reit-inc-rstock2HJ.png,0,,
carlisle-companies-incorporated-rstock,RCSL,Carlisle Companies Tokenized Stock (Reality),carlisle-companies-incorporated-rstock,carlisle-companies-incorporated-rstockF5J.png,0,,
carlisle-companies-xstock,CSLX,Carlisle Companies xStock,carlisle-companies-xstock,carlisle-companies-xstocknGd.png,0,,
carpenter-technology-rstock,RCRS,Carpenter Technology Tokenized Stock (Reality),carpenter-technology-rstock,carpenter-technology-rstockPhl.png,0.24617528,,
carpenter-technology-xstock,CRSX,Carpenter Technology xStock,carpenter-technology-xstock,carpenter-technology-xstockme2.png,0,,
carrier-global-rstock,RCARR,Carrier Global Tokenized Stock (Reality),carrier-global-rstock,carrier-global-rstockpA9.png,1.6793,,
carrier-global-xstock,CARRX,Carrier Global xStock,carrier-global-xstock,carrier-global-xstockCdS.png,0,,
carvana-xstock,CVNAX,Carvana xStock,carvana-xstock,carvana-xstocksTV.png,0,,
casey-s-general-stores-xstock,CASYX,Casey's General Stores xStock,casey-s-general-stores-xstock,casey-s-general-stores-xstock8US.png,0,,
cat-mouse,CATMOUSE,Cat & Mouse,cat-mouse,cat-mousePyl.png,0,"{""arbitrum-one"":""0xafa5676a6ef790f08290dd4a45e0ec2a5cc5cdab""}",18
cat-driving-bitcoin,CBD,Cat Driving Bitcoin,cat-driving-bitcoin,cat-driving-bitcoinR9T.png,21212121212,,
cat-rstock,RCAT,Caterpillar Tokenized Stock (Reality),cat-rstock,cat-rstockuCt.png,0,,
caterpillar-xstock,CATX,Caterpillar xStock,caterpillar-xstock,caterpillar-xstockLaa.png,0,,
cathay-pacific-airways-xstock,CTPCAX,Cathay Pacific Airways xStock,cathay-pacific-airways-xstock,cathay-pacific-airways-xstockwQP.png,0,,
catseye,CATSEYE,Catseye,catseye,catseyeSuH.png,150000000,,
cava-group-rstock,RCAVA,CAVA Group Tokenized Stock (Reality),cava-group-rstock,cava-group-rstocknBn.png,11.6638,,
cboe-global-markets-inc-rstock,RCBOE,Cboe Global Markets Tokenized Stock (Reality),cboe-global-markets-inc-rstock,cboe-global-markets-inc-rstockouJ.png,0.3583,,
cboe-global-markets-xstock,CBOEX,Cboe Global Markets xStock,cboe-global-markets-xstock,cbo.png,0,,
cbre-xstock,CBREX,CBRE xStock,cbre-xstock,cbre-xstockw9X.png,0,,
cdgproject,CDG,CDGProject,cdgproject,cdgprojectB4C.png,10000000000,,
cdw-corporation-rstock,RCDW,CDW Tokenized Stock (Reality),cdw-corporation-rstock,cdw-corporation-rstock19P.png,0,,
cdw-xstock,CDWX,CDW xStock,cdw-xstock,cdw-xstockE2l.png,0,,
cea-industries-rstock,RBNC,CEA Industries Tokenized Stock (Reality),cea-industries-rstock,cea-industries-rstockpCe.png,0,,
cedra-network,$CED,Cedra Network,cedra-network,cedra-network8al.png,1000000,,
cemex-s-a-b-de-c-v-rstock,RCX,"Cemex, S.A.B. de C.V. Tokenized Stock (Reality)",cemex-s-a-b-de-c-v-rstock,cemex-s-a-b-de-c-v-rstockEJS.png,0,,
cencora-rstock,RCOR,Cencora Tokenized Stock (Reality),cencora-rstock,cencora-rstockFCC.png,0.000200004,,
cencora-xstock,CORX,Cencora xStock,cencora-xstock,cencora-xstockC2b.png,0,,
cenovus-energy-inc-rstock,RCVE,Cenovus Energy Inc. Tokenized Stock (Reality),cenovus-energy-inc-rstock,cenovus-energy-inc-rstockH2x.png,1e-9,,
centene-rstock,RCNC,Centene Tokenized Stock (Reality),centene-rstock,centene-rstockM7r.png,7.8415,,
centene-xstock,CNCX,Centene xStock,centene-xstock,centene-xstockfxW.png,0,,
centerpoint-energy-inc-rstock,RCNP,CenterPoint Energy Tokenized Stock (Reality),centerpoint-energy-inc-rstock,centerpoint-energy-inc-rstock3DC.png,0,,
centerpoint-energy-xstock,CNPX,CenterPoint Energy xStock,centerpoint-energy-xstock,centerpoint-energy-xstockV2S.png,0,,
cerebras-systems-xstock,CBRSX,Cerebras Systems xStock,cerebras-systems-xstock,cerebras-systems-xstockmNy.png,0,,
cf-industries-xstock,CFX,CF Industries xStock,cf-industries-xstock,cf-industries-xstocklrA.png,0,,
cgi-inc-rstock,RGIB,CGI Inc. Tokenized Stock (Reality),cgi-inc-rstock,cgi-inc-rstockJRt.png,0,,
chain-crisis,CRISIS,Chain Crisis,chain-crisis,chain-crisisENe.png,10000000000,,
chain-key-chainlink,CKLINK,Chain-key Chainlink,chain-key-chainlink,chain-key-chainlink8uU.png,2932,,
chainlink-plenty-bridge,LINK.E,Chainlink (Plenty Bridge),chainlink-plenty-bridge,chainlink-plenty-bridgemTj.png,0,,
chainx-2,CXG,ChainX,chainx-2,chainx-2NFC.png,1000000000,,
charity-dao-token,CHDAO,Charity DAO Token,charity-dao-token,charity-dao-token4hC.png,1000000000,,
charles-river-laboratories-international-inc-rstock,RCRL,Charles River Laboratories International Tokenized Stock (Reality),charles-river-laboratories-international-inc-rstock,charles-river-laboratories-international-inc-rstockUuX.png,0,,
charles-schwab-rstock,RSCHW,Charles Schwab Tokenized Stock (Reality),charles-schwab-rstock,charles-schwab-rstockspH.png,0.02058588,,
charles-schwab-xstock,SCHWX,Charles Schwab xStock,charles-schwab-xstock,charles-schwab-xstockk3Q.png,0,,
charter-communications-inc-rstock,RCHTR,Charter Communications Tokenized Stock (Reality),charter-communications-inc-rstock,charter-communications-inc-rstockpqY.png,0.07454668,,
charter-communications-xstock,CHTRX,Charter Communications xStock,charter-communications-xstock,charter-communications-xstockAMM.png,0,,
chatxbt,CHATFI,ChatXBT,chatxbt,chatxbt0Q0.png,0,,
check-point-software-technologies-ltd-rstock,RCHKP,Check Point Software Technologies Ltd. Tokenized Stock (Reality),check-point-software-technologies-ltd-rstock,check-point-software-technologies-ltd-rstockAq6.png,4e-9,,
cheniere-energy-partners-lp-rstock,RCQP,Cheniere Energy Partners LP Tokenized Stock (Reality),cheniere-energy-partners-lp-rstock,cheniere-energy-partners-lp-rstock0lB.png,0,,
cheniere-energy-xstock,LNGX,Cheniere Energy xStock,cheniere-energy-xstock,cheniere-energy-xstockK5j.png,0,,
chery-automobile-xstock,CRAUTX,Chery Automobile xStock,chery-automobile-xstock,chery-automobile-xstockmTH.png,0,,
chewyswap,CHEWY,Chewyswap,chewyswap,chewyswapgce.png,1000000,"{""shibarium"":""0x2761723006d3eb0d90b19b75654dbe543dcd974f""}",18
chicken-town,CHICKENTOWN,Chicken Town,chicken-town,chicken-townX6O.png,95000000,,
china-construction-bank-xstock,CCONBX,China Construction Bank xStock,china-construction-bank-xstock,china-construction-bank-xstockrPJ.png,0,,
china-hongqiao-xstock,CHONGX,China Hongqiao xStock,china-hongqiao-xstock,china-hongqiao-xstockTsI.png,0,,
china-life-insurance-xstock,CLINSX,China Life Insurance xStock,china-life-insurance-xstock,china-life-insurance-xstockLq9.png,0,,
china-longyuan-power-xstock,CLONPX,China Longyuan Power xStock,china-longyuan-power-xstock,china-longyuan-power-xstock23y.png,0,,
china-mengniu-dairy-xstock,CMENDX,China Mengniu Dairy xStock,china-mengniu-dairy-xstock,china-mengniu-dairy-xstockTOV.png,0,,
china-merchants-port-xstock,CMERPX,China Merchants Port xStock,china-merchants-port-xstock,china-merchants-port-xstockdhq.png,0,,
china-overseas-land-investment-xstock,COVELX,China Overseas Land & Investment xStock,china-overseas-land-investment-xstock,china-overseas-land-investment-xstockjrG.png,0,,
china-petroleum-chemical-xstock,CPETCX,China Petroleum & Chemical xStock,china-petroleum-chemical-xstock,china-petroleum-chemical-xstockIDJ.png,0,,
china-resources-beer-holdings-xstock,CRESBX,China Resources Beer Holdings xStock,china-resources-beer-holdings-xstock,china-resources-beer-holdings-xstockWEn.png,0,,
china-resources-land-xstock,CRESLX,China Resources Land xStock,china-resources-land-xstock,cre.png,0,,
china-resources-mixc-lifestyle-services-xstock,CRESMX,China Resources Mixc Lifestyle Services xStock,china-resources-mixc-lifestyle-services-xstock,china-resources-mixc-lifestyle-services-xstockr4a.png,0,,
china-resources-power-xstock,CRESPX,China Resources Power xStock,china-resources-power-xstock,china-resources-power-xstockh6x.png,0,,
china-shenhua-energy-xstock,CSHEEX,China Shenhua Energy xStock,china-shenhua-energy-xstock,china-shenhua-energy-xstockZHV.png,0,,
china-taiping-insurance-xstock,CTINSX,China Taiping Insurance xStock,china-taiping-insurance-xstock,china-taiping-insurance-xstockuT7.png,0,,
chipotle-mexican-grill-xstock,CMGX,Chipotle Mexican Grill xStock,chipotle-mexican-grill-xstock,cmg.png,0,,
chow-tai-fook-jewellery-xstock,CTFJWX,Chow Tai Fook Jewellery xStock,chow-tai-fook-jewellery-xstock,chow-tai-fook-jewellery-xstocknjP.png,0,,
chromium-dollar,CR,Chromium Dollar,chromium-dollar,chromium-dollarBQq.png,25154266,"{""arbitrum-one"":""0xe018c227bc84e44c96391d3067fab5a9a46b7e62""}",18
chronos-worlds-sphere,SPHR,Chronos Worlds Sphere,chronos-worlds-sphere,chronos-worlds-spherex0G.png,1,,
mummmy-labs-studio,CHX,Chronyx Studios,mummmy-labs-studio,mummmy-labs-studiokCP.png,1000000000,,
chunghwa-telecom-co-ltd-rstock,RCHT,Chunghwa Telecom Co Ltd Tokenized Stock (Reality),chunghwa-telecom-co-ltd-rstock,chunghwa-telecom-co-ltd-rstockqDW.png,2e-9,,
church-dwight-co-inc-rstock,RCHD,Church & Dwight Tokenized Stock (Reality),church-dwight-co-inc-rstock,church-dwight-co-inc-rstock2gC.png,0,,
church-dwight-xstock,CHDX,Church & Dwight xStock,church-dwight-xstock,church-dwight-xstockdfz.png,0,,
cicca-network,CICCA,Cicca Network,cicca-network,cicca-networklR1.png,10000000000,"{""binance_smart"":""0xe4a1a0f812eb343e68e5e0ef1883a8196e6ec342""}",18
ciena-xstock,CIENX,Ciena xStock,ciena-xstock,ciena-xstocktqe.png,0,,
cincinnati-financial-xstock,CINFX,Cincinnati Financial xStock,cincinnati-financial-xstock,cincinnati-financial-xstockMyK.png,0,,
cinogames,$CINO,Cinogames,cinogames,cinogamesZHA.png,70000000000,,
cintas-rstock,RCTAS,Cintas Tokenized Stock (Reality),cintas-rstock,cintas-rstock9tX.png,0.000232755,,
cintas-xstock,CTASX,Cintas xStock,cintas-xstock,cintas-xstockmB3.png,0,,
circle-internet-group-backpack-securities,CRCL,Circle Internet Group (Backpack Securities),circle-internet-group-backpack-securities,circle-internet-group-backpack-securitiesY8t.png,0,,
circlepacific,CIRCLE,CirclePacific,circlepacific,circlepacific7t2.png,1000000,"{""manta-pacific"":""0x41c49790967067a71f893b51f2f311ace46fb773""}",18
citic-xstock,CITICX,CITIC xStock,citic-xstock,citic-xstockWQX.png,0,,
citigroup-rstock,RC,Citigroup Tokenized Stock (Reality),citigroup-rstock,citigroup-rstockUlT.png,1.1843,,
citigroup-xstock,CX,Citigroup xStock,citigroup-xstock,citigroup-xstockzsZ.png,0,,
citizens-financial-group-inc-rstock,RCFG,Citizens Financial Tokenized Stock (Reality),citizens-financial-group-inc-rstock,citizens-financial-group-inc-rstockcQ9.png,0,,
citizens-financial-xstock,CFGX,Citizens Financial xStock,citizens-financial-xstock,citizens-financial-xstock7TY.png,0,,
citrea-bridged-bitcoin,CBTC,Citrea Bridged Bitcoin (Citrea),citrea-bridged-bitcoin,citrea-bridged-bitcoinIE9.png,0.71914476,,
ck-asset-xstock,CKAHX,CK Asset xStock,ck-asset-xstock,ck-asset-xstockZ2a.png,0,,
ck-hutchison-xstock,CKHUTX,CK Hutchison xStock,ck-hutchison-xstock,ck-hutchison-xstockogW.png,0,,
ck-infrastructure-xstock,CKINFX,CK Infrastructure xStock,ck-infrastructure-xstock,ck-infrastructure-xstockK2n.png,0,,
clean-harbors-inc-rstock,RCLH,Clean Harbors Tokenized Stock (Reality),clean-harbors-inc-rstock,clean-harbors-inc-rstockujU.png,2e-9,,
clean-harbors-xstock,CLHX,Clean Harbors xStock,clean-harbors-xstock,clean-harbors-xstockauI.png,0,,
clevernode,CLV,Clevernode,clevernode,clevernodexbV.png,589000000,"{""xrp"":""rK8rYUs6gFH4QJ9JS814EF9112gKuYZZT""}",18
clorox-xstock,CLXX,Clorox xStock,clorox-xstock,clorox-xstock7V6.png,0,,
cloud-pet,CPET,Cloud Pet,cloud-pet,cloud-petnBq.png,1000000000000,"{""binance_smart"":""0xa4904cc19c4fd9bf3152ff96cdf72a8f135b5286""}",18
cloudbase,CLOUD,CloudBase,cloudbase,cloudbaseq52.png,93500000,"{""base"":""0x17d8217c0f4b4742aaace053281f42eb05ab211d""}",18
cloudflare-xstock,NETX,Cloudflare xStock,cloudflare-xstock,cloudflare-xstockQSZ.png,0,,
clp,CLP,CLP,clp,clpNiX.png,888888888,,
clp-xstock,CLPHDX,CLP xStock,clp-xstock,clp-xstock84V.png,0,,
cme-group-rstock,RCME,CME Group Tokenized Stock (Reality),cme-group-rstock,cme-group-rstocku75.png,5.7017,,
cme-xstock,CMEX,CME xStock,cme-xstock,cme-xstockvgT.png,0,,
compound-maker,CMKR,cMKR,compound-maker,compound-makerdJy.png,2371,"{""ethereum"":""0x95b4ef2869ebd94beb4eee400a99824bf5dc325b""}",18
cms-energy-rstock,RCMS,CMS Energy Tokenized Stock (Reality),cms-energy-rstock,cms-energy-rstockgIM.png,1.1457,,
cms-energy-xstock,CMSX,CMS Energy xStock,cms-energy-xstock,cms.png,0,,
cna-financial-corporation-rstock,RCNA,CNA Financial Corporation Tokenized Stock (Reality),cna-financial-corporation-rstock,cna-financial-corporation-rstocky8S.png,0,,
cna-financial-xstock,CNAX,CNA Financial xStock,cna-financial-xstock,cna-financial-xstockaZU.png,753280,,
cnh-industrial-n-v-rstock,RCNH,CNH Industrial N.V. Tokenized Stock (Reality),cnh-industrial-n-v-rstock,cnh-industrial-n-v-rstockB75.png,0,,
coca-cola-europacific-rstock,RCCEP,Coca-Cola Europacific Tokenized Stock (Reality),coca-cola-europacific-rstock,coca-cola-europacific-rstockIzn.png,0.09614099,,
coca-cola-femsa-s-a-b-de-c-v-rstock,RKOF,Coca-Cola Femsa SAB de CV Tokenized Stock (Reality),coca-cola-femsa-s-a-b-de-c-v-rstock,coca-cola-femsa-s-a-b-de-c-v-rstockurx.png,6e-9,,
coeur-mining-inc-rstock,RCDE,Coeur Mining Tokenized Stock (Reality),coeur-mining-inc-rstock,coeur-mining-inc-rstock1T7.png,0,,
coeur-mining-xstock,CDEX,Coeur Mining xStock,coeur-mining-xstock,coeur-mining-xstocklmB.png,1629403,,
cogni-ai,COGNI,COGNI AI,cogni-ai,cogni-aiQqP.png,0,,
cognizant-technology-solutions-xstock,CTSHX,Cognizant Technology Solutions xStock,cognizant-technology-solutions-xstock,cognizant-technology-solutions-xstock42Z.png,0,,
coherent-backpack-securities,COHR,Coherent (Backpack Securities),coherent-backpack-securities,coherent-backpack-securitiesLjz.png,0,,
coherent-xstock,COHRX,Coherent xStock,coherent-xstock,coherent-xstocktnl.png,0,,
coinbase-global-backpack-securities,COIN,Coinbase (Backpack Securities),coinbase-global-backpack-securities,coinbase-global-backpack-securitiese13.png,0,,
coinbet-finance,CFI,Coinbet Finance,coinbet-finance,coinbet-financeveP.png,100000000,"{""polygon-pos"":""0xc71a7e46266a9a78212a5d87b030f8d1ce942efd""}",18
coinlocally,CLYC,Coinlocally Coin,coinlocally,coinlocallyTqs.png,1000000000,"{""binance_smart"":""0xa43d3e03d001492eb586db0990cb90d0c3bbe511""}",18
coinquant,CQX,CoinQuant,coinquant,coinquant9Er.png,100000000,,
colgate-palmolive-xstock,CLX,Colgate-Palmolive xStock,colgate-palmolive-xstock,colgate-palmolive-xstockXiz.png,0,,
coloredbitcoin-arc-20,COLOREDBITCOIN (ARC20),Coloredbitcoin (ARC-20),coloredbitcoin-arc-20,coloredbitcoin-arc-20YGY.png,21000000,,
columbia-banking-system-inc-rstock,RCOLB,Columbia Banking System Tokenized Stock (Reality),columbia-banking-system-inc-rstock,columbia-banking-system-inc-rstockv98.png,3e-9,,
coma-online,COMA,Coma Online,coma-online,coma-onlineq50.png,0,,
comcast-holdings-corporation-rstock,RCCZ,COMCAST HOLDINGS CORPORATION... rStock,comcast-holdings-corporation-rstock,comcast-holdings-corporation-rstockCb0.png,0,,
comfort-systems-usa-xstock,FIXX,Comfort Systems USA xStock,comfort-systems-usa-xstock,comfort-systems-usa-xstockpbs.png,0,,
common,CMN,Common,common,commonyAv.png,0,,
community-inu,CTI,Community Inu,community-inu,community-inudXg.png,8800000,"{""binance_smart"":""0x6b4b961391fe2b1b2b5b7ae6da87bc95831448e0""}",18
comp-yvault,YVCOMP,COMP yVault,comp-yvault,comp-yvaultN26.png,50.2348,"{""ethereum"":""0x4a3fe75762017db0ed73a71c9a06db7768db5e66""}",18
companhia-de-saneamento-basico-do-estado-de-sao-paulo-sabesp-rstock,RSBS,Companhia de Saneamento Básico do Estado de São Paulo (Sabesp) Tokenized Stock (Reality),companhia-de-saneamento-basico-do-estado-de-sao-paulo-sabesp-rstock,companhia-de-saneamento-basico-do-estado-de-sao-paulo-sabesp-rstockexm.png,0,,
companhia-energetica-de-minas-gerais-cemig-rstock,RCIG.C,Companhia Energética de Minas Gerais (CEMIG) Tokenized Stock (Reality),companhia-energetica-de-minas-gerais-cemig-rstock,companhia-energetica-de-minas-gerais-cemig-rstocki4s.png,0,,
companhia-paranaense-de-energia-copel-rstock,RELPC,Companhia Paranaense de Energia (COPEL) Tokenized Stock (Reality),companhia-paranaense-de-energia-copel-rstock,companhia-paranaense-de-energia-copel-rstockb0u.png,0,,
conet-network,CONET,CoNET Network,conet-network,conet-networkYnK.png,0,,
conocophillips-xstock,COPX,ConocoPhillips xStock,conocophillips-xstock,conocophillips-xstockhsK.png,0,,
consolidated-edison-inc-rstock,RED,Consolidated Edison Tokenized Stock (Reality),consolidated-edison-inc-rstock,consolidated-edison-inc-rstockHrM.png,0,,
consolidated-edison-xstock,EDX,Consolidated Edison xStock,consolidated-edison-xstock,consolidated-edison-xstockgdx.png,0,,
constellation-brands-xstock,STZX,Constellation Brands xStock,constellation-brands-xstock,constellation-brands-xstockgnH.png,0,,
constellation-staked-rpl,XRPL,Constellation Staked RPL,constellation-staked-rpl,constellation-staked-rplb1Y.png,4226,,
cookiebase,COOKIE,CookieBase,cookiebase,cookiebaseW3E.png,5396987438,"{""base"":""0x614747c53cb1636b4b962e15e1d66d3214621100""}",18
copart-xstock,CPRTX,Copart xStock,copart-xstock,copart-xstockGPj.png,0,,
copper-pot-of-wealth-2,COOKWARE,Copper Pot of Wealth,copper-pot-of-wealth-2,copper-pot-of-wealth-2amN.png,1000000000,,
corcept-therapeutics-incorporated-rstock,RCORT,Corcept Therapeutics Incorporated Tokenized Stock (Reality),corcept-therapeutics-incorporated-rstock,corcept-therapeutics-incorporated-rstockqrW.png,0,,
corcept-therapeutics-xstock,CORTX,Corcept Therapeutics xStock,corcept-therapeutics-xstock,corcept-therapeutics-xstock1VN.png,279586,,
core-main-inc-rstock,RCNM,Core & Main Tokenized Stock (Reality),core-main-inc-rstock,core-main-inc-rstockxQv.png,3e-9,,
core-keeper,COKE,Core Keeper,core-keeper,core-keeper4lu.png,50000000,,
corebridge-financial-inc-rstock,RCRBG,Corebridge Financial Tokenized Stock (Reality),corebridge-financial-inc-rstock,corebridge-financial-inc-rstock6Jr.png,0,,
corebridge-financial-xstock,CRBGX,Corebridge Financial xStock,corebridge-financial-xstock,corebridge-financial-xstocksEV.png,1135031,,
coredaoswap,CDAO,CoreDaoSwap,coredaoswap,coredaoswapxNx.png,300000000,"{""core"":""0xb555a396446570ac2f4a62fffb64b4b0d43f5b74""}",18
coreweave-xstock,CRWVX,CoreWeave xStock,coreweave-xstock,coreweave-xstockdEq.png,0,,
corgi-lithography-semiconductor-photonics-etf-rstock,REUV,Corgi Lithography & Semiconductor Photonics ETF Tokenized Stock (Reality),corgi-lithography-semiconductor-photonics-etf-rstock,corgi-lithography-semiconductor-photonics-etf-rstockGYq.png,0,,
cornermarket,CMT,CornerMarket,cornermarket,cornermarketW2w.png,1000000000,"{""polygon-pos"":""0xc65b1b55a287b4e8bf5c04faad21d43a21a1ce46""}",18
corning-xstock,GLWX,Corning xStock,corning-xstock,corning-xstock3EI.png,0,,
corpay-inc-rstock,RCPAY,Corpay Tokenized Stock (Reality),corpay-inc-rstock,corpay-inc-rstockTOV.png,2e-9,,
corpay-xstock,CPAYX,Corpay xStock,corpay-xstock,corpay-xstockBND.png,0,,
corridor-finance,OOOI,Corridor Finance,corridor-finance,corridor-finance7z1.png,1000000000,"{""ordinals"":""620588cde3b0416ee79b7dda28d5896d2b9f4a6abc5ad9c7bf48e56fc43ccd08i0"",""arbitrum-one"":""0xd7b675cd5c84a13d1d0f84509345530f6421b57c"",""ethereum"":""0xd7b675cd5c84a13d1d0f84509345530f6421b57c"",""polygon-pos"":""0xd7b675cd5c84a13d1d0f84509345530f6421b57c"",""base"":""0xd7b675cd5c84a13d1d0f84509345530f6421b57c""}",18
corteva-rstock,RCTVA,Corteva Tokenized Stock (Reality),corteva-rstock,corteva-rstocktwV.png,266.8862,,
corteva-xstock,CTVAX,Corteva xStock,corteva-xstock,corteva-xstockB4a.png,0,,
cosco-shipping-xstock,COSCX,COSCO SHIPPING xStock,cosco-shipping-xstock,cosco-shipping-xstockJw6.png,0,,
costar-group-inc-rstock,RCSGP,CoStar Tokenized Stock (Reality),costar-group-inc-rstock,costar-group-inc-rstockCnx.png,0,,
costar-xstock,CSGPX,CoStar xStock,costar-xstock,costar-xstockf2l.png,0,,
costco-xstock,COSTX,Costco xStock,costco-xstock,costco-xstockrya.png,23200,,
coughing-cat,CCT,Coughing Cat,coughing-cat,coughing-cat9UW.png,0,,
coupang-xstock,CPNGX,Coupang xStock,coupang-xstock,coupang-xstockVb3.png,0,,
couphype,COUPHYPE,coupHYPE,couphype,couphypeGGP.png,0,,
cove-dao,COVE,Cove DAO,cove-dao,cove-daoKdA.png,1000000000,,
cove-usd,COVEUSD,Cove USD,cove-usd,cove-usdoIG.png,4998469,,
cradle,CRADLE,cradle,cradle,cradleNsd.png,1000000000,,
crane-company-rstock,RCR,Crane Company Tokenized Stock (Reality),crane-company-rstock,crane-company-rstockVxu.png,0,,
crane-xstock,CRX,Crane xStock,crane-xstock,crane-xstock5DK.png,156005,,
creat-or,CRET,CREAT'OR,creat-or,creat-orknT.png,500000000,"{""ethereum"":""0x6d0bb9b6ce385e28ea4ebb7d76dcb3a1aaf7bc4b""}",18
crescentswap-moonlight,MNLT,Crescentswap Moonlight,crescentswap-moonlight,crescentswap-moonlightrhR.png,3949800,"{""arbitrum-one"":""0x0a1694716de67c98f61942b2cab7df7fe659c87a""}",18
crew-token,CREW,CREW Token,crew-token,crew-tokendgj.png,1000000000,,
cromaart,CRM,CromaArt,cromaart,cromaartgRn.png,0,,
crosscurve-bridged-eth-fantom,XWETH,CrossCurve Bridged ETH (Fantom),crosscurve-bridged-eth-fantom,crosscurve-bridged-eth-fantomIRT.png,5.25,,
crosscurve-btc,XBTC,CrossCurve BTC,crosscurve-btc,crosscurve-btcP0f.png,0.02419995,,
crosscurve-stable,XSTABLE,CrossCurve Stable,crosscurve-stable,crosscurve-stable4MW.png,14390,,
crown-castle-xstock,CCIX,Crown Castle xStock,crown-castle-xstock,crown-castle-xstockkTU.png,0,,
crown-holdings-inc-rstock,RCCK,Crown Holdings Tokenized Stock (Reality),crown-holdings-inc-rstock,crown-holdings-inc-rstocky5N.png,0,,
crown-xstock,CCKX,Crown xStock,crown-xstock,crown-xstock0qM.png,286689,,
crust-exchange,CRUST,Crust Exchange,crust-exchange,crust-exchangewvF.png,1000000,"{""core"":""0x42020c7962ce072f5048120cedeb36c020062af4""}",18
cryn-gold,CRAU,CRYN Gold,cryn-gold,cryn-gold7we.png,0.00000656548,,
crypto-clubs-app,CC,Crypto Clubs App [OLD],crypto-clubs-app,crypto-clubs-appRZt.png,100000000,"{""binance_smart"":""0xd4e9e6e5a91bf44e23d53985e65f8d7df43cdd20""}",18
cspc-pharmaceutical-xstock,CSPCX,CSPC Pharmaceutical xStock,cspc-pharmaceutical-xstock,cspc-pharmaceutical-xstockB7H.png,0,,
cs_test,CSTC,CStest,cs_test,cst.png,0,,
compound-sushi,CSUSHI,cSUSHI,compound-sushi,compound-sushinPP.png,28317,"{""ethereum"":""0x4b0181102a0112a2ef11abee5563bb4a3176c9d7""}",18
csx-corp-rstock,RCSX,CSX Tokenized Stock (Reality),csx-corp-rstock,csx-corp-rstockdYA.png,0.0004,,
csx-xstock,CSXX,CSX xStock,csx-xstock,csx-xstock7rL.png,0,,
cthulhu-finance,CTH,Cthulhu Finance,cthulhu-finance,cthulhu-financeipi.png,40000000,"{""optimistic-ethereum"":""0xf8e943f646816e4b51279b8934753821ed832dca""}",18
cube-staked-baby,CBABY,Cube Staked BABY,cube-staked-baby,cube-staked-babynb0.png,0,,
cubechain,QUB,Cubechain,cubechain,cubechainjlG.png,2813860182,,
cuberium,ILAND,Cuberium,cuberium,cuberiumaoG.png,0,,
cubesmart-rstock,RCUBE,CubeSmart Tokenized Stock (Reality),cubesmart-rstock,cubesmart-rstockzEH.png,5e-9,,
cullen-frost-bankers-inc-rstock,RCFR,Cullen/Frost Bankers Tokenized Stock (Reality),cullen-frost-bankers-inc-rstock,cullen-frost-bankers-inc-rstockyJe.png,7e-9,,
cummins-xstock,CMIX,Cummins xStock,cummins-xstock,cmi.png,0,,
currencycoin,CC,Currencycoin,currencycoin,currencycoinG5u.png,1000000000000,,
curtiss-wright-corporation-rstock,RCW,Curtiss-Wright Tokenized Stock (Reality),curtiss-wright-corporation-rstock,curtiss-wright-corporation-rstockr5r.png,5e-9,,
curtiss-wright-xstock,CWX,Curtiss-Wright xStock,curtiss-wright-xstock,curtiss-wright-xstockxCM.png,0,,
curvance,CVE,Curvance,curvance,curvanceMJe.png,0,,
curve-fi-renbtc-wbtc-sbtc,CRVRENWSBTC,Curve.fi renBTC/wBTC/sBTC,curve-fi-renbtc-wbtc-sbtc,curve-fi-renbtc-wbtc-sbtcvqv.png,121.1368,"{""ethereum"":""0x075b1bb99792c9e1041ba13afef80c91a1e70fb3""}",18
stably-cusd,CUSD,CUSD,stably-cusd,stably-cusdE44.png,854.2576,"{""tomochain"":""0xb3008e7156ae2312b49b5200c3e1c3e80e529feb""}",18
cv-pad,CVPAD,CV Pad,cv-pad,cv-padwtD.png,1000000000,,
cvs-health-xstock,CVSX,CVS Health xStock,cvs-health-xstock,cvs-health-xstock86W.png,0,,
cyclo-cyarb,CYARB,Cyclo cyARB,cyclo-cyarb,cyclo-cyarbd5u.png,1100,,
cyclo-cywbtc,CYWBTC,Cyclo cyWBTC.pyth,cyclo-cywbtc,cyclo-cywbtcnwz.png,1108,,
cyclo-cyweth-pyth,CYWETH.PYTH,Cyclo cyWETH.pyth,cyclo-cyweth-pyth,cyclo-cyweth-pythqjt.png,1100,,
compound-yearn-finance,CYFI,cYFI,compound-yearn-finance,compound-yearn-financehp0.png,7,"{""ethereum"":""0x80a2ae356fc9ef4305676f7a3e2ed04e12c33946""}",18
cygnusdao,CYG,CygnusDAO,cygnusdao,cygnusdao4QI.png,622182,,
cytokinetics-incorporated-rstock,RCYTK,"Cytokinetics, Incorporated Tokenized Stock (Reality)",cytokinetics-incorporated-rstock,cytokinetics-incorporated-rstock0D5.png,0,,
czr-token,CZR,CZR Token,czr-token,czr-tokenzH6.png,1000000000,,
d-r-horton-rstock,RDHI,D.R. Horton Tokenized Stock (Reality),d-r-horton-rstock,d-r-horton-rstockBKs.png,7.0289,,
d-r-horton-xstock,DHIX,D.R. Horton xStock,d-r-horton-xstock,d-r-horton-xstockGOb.png,0,,
dailyfish,DFISH,DailyFish,dailyfish,dailyfish0YK.png,99999999,"{""binance_smart"":""0x17893dd8bf3f868f691b314abeb3ba8fd615e680""}",18
dall-doginals,DALL,Dall (DRC-20),dall-doginals,dall-doginals5OL.png,1000000,"{""drc-20"":""1d57d95dd0dfd5331b0469d52d49713556d7b72aeb22e77b397da5f700c0640fi0""}",18
dameta1-utility,DMU,DaMeta1 Utility,dameta1-utility,dameta1-utility3v5.png,0,,
darden-restaurants-inc-rstock,RDRI,Darden Restaurants Tokenized Stock (Reality),darden-restaurants-inc-rstock,darden-restaurants-inc-rstockgCR.png,0,,
darden-restaurants-xstock,DRIX,Darden Restaurants xStock,darden-restaurants-xstock,darden-restaurants-xstockhy2.png,0,,
darling-ingredients-inc-rstock,RDAR,Darling Ingredients Inc. Tokenized Stock (Reality),darling-ingredients-inc-rstock,darling-ingredients-inc-rstockOQG.png,0,,
darwinia-network-xring,XRING,Darwinia Network xRING,darwinia-network-xring,darwinia-network-xringwGX.png,2093226244,,
databricks-ai,DBRX,Databricks AI,databricks-ai,databricks-aiSXe.png,0,,
datadog-xstock,DDOGX,Datadog xStock,datadog-xstock,datadog-xstockCPd.png,0,,
davita-inc-rstock,RDVA,DaVita Inc. Tokenized Stock (Reality),davita-inc-rstock,davita-inc-rstockkOf.png,0,,
davita-xstock,DVAX,DaVita xStock,davita-xstock,davita-xstockFA7.png,185013,,
davos-protocol-staked-dusd,SDUSD,Davos Protocol Staked DUSD,davos-protocol-staked-dusd,davos-protocol-staked-dusdX1b.png,296.4279,,
daylight-protocol,DAYL,Daylight Protocol,daylight-protocol,daylight-protocoloEV.png,480747,"{""binance_smart"":""0x62529d7de8293217c8f74d60c8c0f6481de47f0e""}",18
dcomy,DCO,DCOMY,dcomy,dcomymbO.png,888000000,"{""ethereum"":""0x2a304fda5a85182dca1d03741bb2f07881b9e095""}",18
dear-token,DEAR,DEAR Token,dear-token,dear-tokenCSe.png,100000000000,,
deckers-outdoor-xstock,DECKX,Deckers Outdoor xStock,deckers-outdoor-xstock,deckers-outdoor-xstocko5W.png,0,,
deepbook,ADB,DeepBook,deepbook,deepbookuKU.png,0,,
deeployer,DEEP,Deeployer,deeployer,deeployerzyQ.png,100000000,"{""tezos"":""KT1Fzw3uNEM7Ez8tysopUGwzDsoU2YZKUYuA""}",18
deere-xstock,DEX,Deere xStock,deere-xstock,deere-xstockpYv.png,0,,
jade,JADE,DeFi Kingdoms Jade,jade,jadeR3i.png,179500000,,
defiance-daily-target-2x-long-avgo-etf-rstock,RAVGX,Defiance Daily Target 2X Long AVGO ETF Tokenized Stock (Reality),defiance-daily-target-2x-long-avgo-etf-rstock,defiance-daily-target-2x-long-avgo-etf-rstock5vZ.png,0,,
defiance-daily-target-2x-long-ionq-etf-rstock,RIONX,Defiance Daily Target 2X Long IONQ ETF Tokenized Stock (Reality),defiance-daily-target-2x-long-ionq-etf-rstock,defiance-daily-target-2x-long-ionq-etf-rstocktiG.png,0,,
defiance-daily-target-2x-long-iren-etf-rstock,RIRE,Defiance Daily Target 2X Long IREN ETF Tokenized Stock (Reality),defiance-daily-target-2x-long-iren-etf-rstock,defiance-daily-target-2x-long-iren-etf-rstock3p7.png,0,,
defiance-daily-target-2x-long-mrna-etf-astock,AMRNX,Defiance Daily Target 2X Long MRNA ETF aStock,defiance-daily-target-2x-long-mrna-etf-astock,defiance-daily-target-2x-long-mrna-etf-astocknfd.png,0,"{""arbitrum-one"":""0x69825e4cf138fe7441a75af72da1ae8f9e720434"",""monad"":""0x69825e4cf138fe7441a75af72da1ae8f9e720434"",""ethereum"":""0x69825e4cf138fe7441a75af72da1ae8f9e720434"",""base"":""0x69825e4cf138fe7441a75af72da1ae8f9e720434"",""robinhood"":""0x69825e4cf138fe7441a75af72da1ae8f9e720434"",""binance_smart"":""0x69825e4cf138fe7441a75af72da1ae8f9e720434""}",18
defiance-daily-target-2x-long-rklb-etf-rstock,RRKLX,Defiance Daily Target 2X Long RKLB ETF Tokenized Stock (Reality),defiance-daily-target-2x-long-rklb-etf-rstock,defiance-daily-target-2x-long-rklb-etf-rstocksRi.png,0,,
defiance-daily-target-2x-short-mu-etf-rstock,RMUZ,Defiance Daily Target 2X Short MU ETF Tokenized Stock (Reality),defiance-daily-target-2x-short-mu-etf-rstock,defiance-daily-target-2x-short-mu-etf-rstocksUE.png,0,,
dell-technologies-inc-xstock,DELLX,Dell Technologies Inc. xStock,dell-technologies-inc-xstock,dell-technologies-inc-xstockFmd.png,0,,
dell-rstock,RDELL,Dell Tokenized Stock (Reality),dell-rstock,dell-rstockn58.png,163.812,,
delta-air-lines-xstock,DALX,Delta Air Lines xStock,delta-air-lines-xstock,delta-air-lines-xstockiBE.png,0,,
denchcoin,DENCH,DENCHCOIN,denchcoin,denchcoin197.png,100000000,,
destiny-world,DECO,Destiny World,destiny-world,destiny-world3c3.png,37539694,,
deutsche-bank-ag-rstock,RDB,Deutsche Bank AG Tokenized Stock (Reality),deutsche-bank-ag-rstock,deutsche-bank-ag-rstock77G.png,8e-9,,
dev-smashed-his-keyboard,HIXOKDKEKJCJDKSICNDNAIAIHSBZNNXNXNDUJE,DEV SMASHED HIS KEYBOARD,dev-smashed-his-keyboard,dev-smashed-his-keyboardN2X.png,100000000,,
devon-energy-xstock,DVNX,Devon Energy xStock,devon-energy-xstock,devon-energy-xstockuad.png,0,,
dexcom-xstock,DXCMX,DexCom xStock,dexcom-xstock,dexcom-xstockSwf.png,0,,
diageo-plc-rstock,RDEO,Diageo plc Tokenized Stock (Reality),diageo-plc-rstock,diageo-plc-rstockD5I.png,0,,
diamondback-energy-rstock,RFANG,Diamondback Energy Tokenized Stock (Reality),diamondback-energy-rstock,diamondback-energy-rstock8Yd.png,0.0061209,,
diamondback-energy-xstock,FANGX,Diamondback Energy xStock,diamondback-energy-xstock,diamondback-energy-xstockmVS.png,0,,
dice-kingdom,DK,Dice Kingdom,dice-kingdom,dice-kingdomSGe.png,100000000,,
dick-s-sporting-goods-xstock,DKSX,Dick's Sporting Goods xStock,dick-s-sporting-goods-xstock,dick-s-sporting-goods-xstockitj.png,0,,
digimaaya,EMYA,DigiMaaya,digimaaya,digimaayaWXR.png,1000000000,,
digital-realty-trust-xstock,DLRX,Digital Realty Trust xStock,digital-realty-trust-xstock,digital-realty-trust-xstockGPh.png,0,,
digitalocean-xstock,DOCNX,DigitalOcean xStock,digitalocean-xstock,digitalocean-xstock5pC.png,292661,,
direxion-daily-20-year-treasury-bull-3x-etf-dinari-tokenized-etf,TMF,Direxion Daily 20+ Year Treasury Bull 3X ETF (Dinari Tokenized ETF),direxion-daily-20-year-treasury-bull-3x-etf-dinari-tokenized-etf,direxion-daily-20-year-treasury-bull-3x-etf-dinari-tokenized-etf4mU.png,0,,
direxion-daily-financial-bear-3x-shares-etf-rstock,RFAZ,Direxion Daily Financial Bear 3X Shares ETF Tokenized Stock (Reality),direxion-daily-financial-bear-3x-shares-etf-rstock,direxion-daily-financial-bear-3x-shares-etf-rstockXCV.png,0,,
direxion-daily-financial-bull-3x-shares-etf-rstock,RFAS,Direxion Daily Financial Bull 3X Shares ETF Tokenized Stock (Reality),direxion-daily-financial-bull-3x-shares-etf-rstock,direxion-daily-financial-bull-3x-shares-etf-rstockg7R.png,0,,
direxion-daily-msci-south-korea-bull-3x-etf-rstock,RKORU,Direxion Daily MSCI South Korea Bull 3X ETF Tokenized Stock (Reality),direxion-daily-msci-south-korea-bull-3x-etf-rstock,direxion-daily-msci-south-korea-bull-3x-etf-rstock0rq.png,0,,
direxion-daily-mu-bull-2x-shares-rstock,RMUU,Direxion Daily MU Bull 2X Shares Tokenized Stock (Reality),direxion-daily-mu-bull-2x-shares-rstock,direxion-daily-mu-bull-2x-shares-rstockSy8.png,0,,
direxion-daily-s-p500-bear-3x-etf-shift-series-token,SPX3S,Direxion Daily S&P500 Bear 3X ETF (SHIFT Series Token),direxion-daily-s-p500-bear-3x-etf-shift-series-token,direxion-daily-s-p500-bear-3x-etf-shift-series-tokenwXt.png,0,,
direxion-daily-s-p500-bull-3x-etf-shift-series-token,SPX3L,Direxion Daily S&P500 Bull 3X ETF (SHIFT Series Token),direxion-daily-s-p500-bull-3x-etf-shift-series-token,direxion-daily-s-p500-bull-3x-etf-shift-series-tokenXYP.png,0,,
direxion-daily-semiconductor-bear-3x-etf-backpack-securities,SOXS,Direxion Daily Semiconductor Bear 3X ETF (Backpack Securities),direxion-daily-semiconductor-bear-3x-etf-backpack-securities,direxion-daily-semiconductor-bear-3x-etf-backpack-securitiesv54.png,0,,
direxion-daily-semiconductor-bear-3x-etf-shift-series-token,SOX3S,Direxion Daily Semiconductor Bear 3X ETF (SHIFT Series Token),direxion-daily-semiconductor-bear-3x-etf-shift-series-token,direxion-daily-semiconductor-bear-3x-etf-shift-series-tokenK66.png,0,,
direxion-daily-semiconductor-bull-3x-etf-backpack-securities,SOXL,Direxion Daily Semiconductor Bull 3X ETF (Backpack Securities),direxion-daily-semiconductor-bull-3x-etf-backpack-securities,direxion-daily-semiconductor-bull-3x-etf-backpack-securitiesdx7.png,0,,
direxion-daily-semiconductor-bull-3x-etf-shift-series-token,SOX3L,Direxion Daily Semiconductor Bull 3X ETF (SHIFT Series Token),direxion-daily-semiconductor-bull-3x-etf-shift-series-token,direxion-daily-semiconductor-bull-3x-etf-shift-series-tokenJ2G.png,0,,
direxion-daily-small-cap-bull-3x-etf-dinari-tokenized-etf,TNA,Direxion Daily Small Cap Bull 3x ETF (Dinari Tokenized ETF),direxion-daily-small-cap-bull-3x-etf-dinari-tokenized-etf,direxion-daily-small-cap-bull-3x-etf-dinari-tokenized-etfi5j.png,0,,
direxion-daily-tsla-bear-1x-etf-shift-series-token,TSL1S,Direxion Daily TSLA Bear 1X ETF (SHIFT Series Token),direxion-daily-tsla-bear-1x-etf-shift-series-token,direxion-daily-tsla-bear-1x-etf-shift-series-tokenWCM.png,0,,
direxion-daily-tsla-bull-2x-etf-shift-series-token,TSL2L,Direxion Daily TSLA Bull 2X ETF (SHIFT Series Token),direxion-daily-tsla-bull-2x-etf-shift-series-token,direxion-daily-tsla-bull-2x-etf-shift-series-tokenPBw.png,1296,,
direxion-semiconductor-bull-3x-xstock,SOXLX,Direxion Semiconductor Bull 3X xStock,direxion-semiconductor-bull-3x-xstock,direxion-semiconductor-bull-3x-xstock8eA.png,0,,
diva-staking,DIVA,Diva Staking,diva-staking,diva-stakingKrr.png,492590000,"{""ethereum"":""0xbfabde619ed5c4311811cf422562709710db587d""}",18
dm-fun,FUN,Dm.fun,dm-fun,dm-fun6Sb.png,1000000000,,
docusign-xstock,DOCUX,Docusign xStock,docusign-xstock,docusign-xstockmzu.png,465626,,
doge-whale,DWHL,Doge Whale,doge-whale,doge-whaleNrM.png,10000000,,
dogegrow,DGR,DogeGrow,dogegrow,dogegrowz2k.png,100000000,"{""binance_smart"":""0x68de53b47be0dc566bf4673c748d58bbbad3deb1""}",18
dollar-general-rstock,RDG,Dollar General Tokenized Stock (Reality),dollar-general-rstock,dollar-general-rstocktSG.png,0.4223,,
dollar-general-xstock,DGX,Dollar General xStock,dollar-general-xstock,dollar-general-xstockVJH.png,0,,
dollar-tree-rstock,RDLTR,Dollar Tree Tokenized Stock (Reality),dollar-tree-rstock,dollar-tree-rstockUHu.png,0.002,,
dollar-tree-xstock,DLTRX,Dollar Tree xStock,dollar-tree-xstock,dollar-tree-xstock6Xq.png,0,,
domenation-token,DOMEN,Domenation Token,domenation-token,domenation-tokenpHL.png,1000000000,,
dominator-domains,DOMDOM,Dominator Domains,dominator-domains,dominator-domainsXkw.png,500000000,"{""arbitrum-one"":""0x635d0e13f98e107cf6c5cdfbf52c19843f87e76a""}",18
dominion-resources-rstock,RD,Dominion Energy Tokenized Stock (Reality),dominion-resources-rstock,dominion-resources-rstockbL6.png,1.4434,,
dominion-energy-xstock,DX,Dominion Energy xStock,dominion-energy-xstock,dominion-energy-xstockiEf.png,0,,
domino-s-pizza-inc-rstock,RDPZ,Domino's Pizza Tokenized Stock (Reality),domino-s-pizza-inc-rstock,domino-s-pizza-inc-rstockxFn.png,15.7598,,
domino-s-pizza-xstock,DPZX,Domino's Pizza xStock,domino-s-pizza-xstock,domino-s-pizza-xstockOXz.png,98502,,
donaldson-company-inc-rstock,RDCI,Donaldson Company Tokenized Stock (Reality),donaldson-company-inc-rstock,donaldson-company-inc-rstockr50.png,0,,
donaldson-xstock,DCIX,Donaldson xStock,donaldson-xstock,donaldson-xstockGUQ.png,395460,,
doordash-xstock,DASHX,DoorDash xStock,doordash-xstock,doordash-xstockOli.png,0,,
dos-chain,DOS,DOS Chain,dos-chain,dos-chain4GL.png,1000000000,,
dotusd,DOTUSD,dotUSD,dotusd,dotusdUGn.png,0,,
dover-corporation-rstock,RDOV,Dover Tokenized Stock (Reality),dover-corporation-rstock,dover-corporation-rstockelB.png,0,,
dover-xstock,DOVX,Dover xStock,dover-xstock,dover-xstockFE9.png,0,,
dow-inc-rstock,RDOW,Dow Tokenized Stock (Reality),dow-inc-rstock,dow-inc-rstockMdA.png,0.0124,,
dow-xstock,DOWX,Dow xStock,dow-xstock,dow-xstock4AM.png,0,,
dr-reddy-s-laboratories-limited-rstock,RRDY,Dr. Reddy's Laboratories Limited Tokenized Stock (Reality),dr-reddy-s-laboratories-limited-rstock,dr-reddy-s-laboratories-limited-rstocksgH.png,0,,
dracoo-point,DRA,Dracoo Point,dracoo-point,dracoo-pointH6q.png,2100000000,"{""binance_smart"":""0xaf1736800d805723b9fc6a176badc1d189467bc8""}",18
draftkings-xstock,DKNGX,DraftKings xStock,draftkings-xstock,draftkings-xstockRhV.png,0,,
dragons-quick,DQUICK,Dragon's Quick,dragons-quick,dragons-quick2kD.png,6398,"{""polygon-pos"":""0xf28164a485b0b2c90639e47b0f377b4a438a16b1""}",18
dt-midstream-inc-rstock,RDTM,DT Midstream Tokenized Stock (Reality),dt-midstream-inc-rstock,dt-midstream-inc-rstockIjc.png,0,,
dte-energy-rstock,RDTE,DTE Energy Tokenized Stock (Reality),dte-energy-rstock,dte-energy-rstockAZC.png,20.8752,,
dte-energy-xstock,DTEX,DTE Energy xStock,dte-energy-xstock,dte-energy-xstockt6C.png,0,,
dtelecom,DTEL,dTelecom,dtelecom,dtelecomdNP.png,1000000000,,
duke-energy-xstock,DUKX,Duke Energy xStock,duke-energy-xstock,duke-energy-xstock8PW.png,0,,
duolingo-xstock,DUOLX,Duolingo xStock,duolingo-xstock,duolingo-xstockRsC.png,133536,,
dupont-de-nemours-inc-rstock,RDD,DuPont de Nemours Tokenized Stock (Reality),dupont-de-nemours-inc-rstock,dupont-de-nemours-inc-rstockwv0.png,0,,
dutch-bros-inc-rstock,RBROS,Dutch Bros Inc. Tokenized Stock (Reality),dutch-bros-inc-rstock,dutch-bros-inc-rstock9dc.png,1.1073,,
dxlyn,DXLYN,DXLYN,dxlyn,dxlynuHc.png,373012293,,
dycom-industries-inc-rstock,RDY,Dycom Industries Tokenized Stock (Reality),dycom-industries-inc-rstock,dycom-industries-inc-rstocklNW.png,8e-9,,
dycom-industries-xstock,DYX,Dycom Industries xStock,dycom-industries-xstock,dycom-industries-xstocknfR.png,114794,,
dynatrace-inc-rstock,RDT,Dynatrace Tokenized Stock (Reality),dynatrace-inc-rstock,dynatrace-inc-rstockTvz.png,3e-9,,
dynatrace-xstock,DTX,Dynatrace xStock,dynatrace-xstock,dynatrace-xstockbRz.png,0,,
dzap,DZAP,DZap,dzap,dzap2ui.png,0,,
east-west-bancorp-inc-rstock,REWBC,East West Bancorp Tokenized Stock (Reality),east-west-bancorp-inc-rstock,east-west-bancorp-inc-rstock2Jf.png,0,,
east-west-bancorp-xstock,EWBCX,East West Bancorp xStock,east-west-bancorp-xstock,east-west-bancorp-xstockSYq.png,0,,
eastgroup-properties-inc-rstock,REGP,EastGroup Properties Tokenized Stock (Reality),eastgroup-properties-inc-rstock,eastgroup-properties-inc-rstockvuN.png,0,,
eastgroup-properties-xstock,EGPX,EastGroup Properties xStock,eastgroup-properties-xstock,eastgroup-properties-xstock92b.png,194161,,
easy-swap-bot,EZSWAP,Easy Swap Bot,easy-swap-bot,easy-swap-botgDA.png,1000000000,,
eazyswap-token,EAZY,EazySwap Token,eazyswap-token,eazyswap-tokenhqT.png,3525,,
ebay-astock,AEBAY,eBay aStock,ebay-astock,ebay-astockdBi.png,0,"{""arbitrum-one"":""0x33f74ac6aa7a73aca8ab09c52d9158061f634ff3"",""monad"":""0x33f74ac6aa7a73aca8ab09c52d9158061f634ff3"",""ethereum"":""0x33f74ac6aa7a73aca8ab09c52d9158061f634ff3"",""base"":""0x33f74ac6aa7a73aca8ab09c52d9158061f634ff3"",""robinhood"":""0x33f74ac6aa7a73aca8ab09c52d9158061f634ff3"",""binance_smart"":""0x33f74ac6aa7a73aca8ab09c52d9158061f634ff3""}",18
ebay-xstock,EBAYX,eBay xStock,ebay-xstock,ebay-xstockqW3.png,238250,,
ecash-com,ECX,eCash.com,ecash-com,ecash-comEBf.png,21000000,,
echo-bridged-bitcoin-iota,IBTC,Echo Bridged Bitcoin (IOTA),echo-bridged-bitcoin-iota,echo-bridged-bitcoin-iota0Dw.png,0.03823335,,
ecolab-rstock,RECL,Ecolab Tokenized Stock (Reality),ecolab-rstock,ecolab-rstockdjY.png,0.15080324,,
ecolab-xstock,ECLX,Ecolab xStock,ecolab-xstock,ecolab-xstockgJT.png,0,,
ecopetrol-sa-rstock,REC,Ecopetrol SA Tokenized Stock (Reality),ecopetrol-sa-rstock,ecopetrol-sa-rstockg2r.png,0,,
ecsy,ECSY,ECSY,ecsy,ecsyfIV.png,1000000000,,
edelweis-coin,EDC,Edelweis Coin,edelweis-coin,edelweis-coin0PI.png,2100000000,,
edison-international-xstock,EIXX,Edison International xStock,edison-international-xstock,edison-international-xstocknCU.png,0,,
edwards-lifesciences-xstock,EWX,Edwards Lifesciences xStock,edwards-lifesciences-xstock,edwards-lifesciences-xstock3bp.png,0,,
egas,EGAS,EGAS,egas,egaskz9.png,1,,
eigenpie-ankreth,MANKRETH,Eigenpie ankrETH,eigenpie-ankreth,eigenpie-ankrethfmN.png,0.7089713,"{""ethereum"":""0x5a4a503f4745c06a07e29d9a9dd88ab52f7a505b""}",18
eigenpie-cbeth,MCBETH,Eigenpie cbETH,eigenpie-cbeth,eigenpie-cbethC2d.png,0.1106763,"{""ethereum"":""0xd09124e8a1e3d620e8807ad1d968021a5495cee8""}",18
eigenpie-ethx,METHX,Eigenpie ETHx,eigenpie-ethx,eigenpie-ethxm3M.png,25.1681,"{""ethereum"":""0x9a1722b1f4a1bb2f271211ade8e851afc54f77e5""}",18
eigenpie-frxeth,MSFRXETH,Eigenpie frxETH,eigenpie-frxeth,eigenpie-frxeths8Z.png,13.2245,"{""ethereum"":""0x879054273cb2dad631980fa4efe6d25eefe08aa4""}",18
eigenpie-lseth,MLSETH,Eigenpie LsETH,eigenpie-lseth,eigenpie-lseth9sJ.png,2.0162,"{""ethereum"":""0xa939c02dba8f237b40d2a3e96ad4252b00bb8a72""}",18
eigenpie-meth,MMETH,Eigenpie mETH,eigenpie-meth,eigenpie-methd3C.png,9.6667,"{""ethereum"":""0x8a053350ca5f9352a16ded26ab333e2d251dad7c""}",18
eigenpie-oeth,MOETH,Eigenpie oETH,eigenpie-oeth,eigenpie-oeth9UZ.png,2.0146,"{""ethereum"":""0x310718274509a38cc5559a1ff48c5edbe75a382b""}",18
eigenpie-oseth,MOSETH,Eigenpie OsETH,eigenpie-oseth,eigenpie-osethhe9.png,2.1203,"{""ethereum"":""0x352a3144e88d23427993938cfd780291d95ef091""}",18
eigenpie-reth,MRETH,Eigenpie rETH,eigenpie-reth,eigenpie-rethaNp.png,2.9647,"{""ethereum"":""0xd05728038681bcc79b2d5aeb4d9b002e66c93a40""}",18
eigenpie-wbeth,MWBETH,Eigenpie wBETH,eigenpie-wbeth,eigenpie-wbeth40Y.png,25.4137,"{""ethereum"":""0xe46a5e19b19711332e33f33c2db3ea143e86bc10""}",18
elanco-animal-health-incorporated-rstock,RELAN,Elanco Animal Health Tokenized Stock (Reality),elanco-animal-health-incorporated-rstock,elanco-animal-health-incorporated-rstock4qy.png,6e-9,,
elanco-animal-health-xstock,ELANX,Elanco Animal Health xStock,elanco-animal-health-xstock,elanco-animal-health-xstockKYz.png,0,,
elbit-systems-ltd-rstock,RESLT,Elbit Systems Ltd Tokenized Stock (Reality),elbit-systems-ltd-rstock,elbit-systems-ltd-rstockWST.png,0,,
electronic-arts-inc-rstock,REA,Electronic Arts Inc rStock,electronic-arts-inc-rstock,electronic-arts-inc-rstockNMz.png,0,,
elektrik,ELTK,Elektrik,elektrik,elektrik0kq.png,100000000,,
element-solutions-inc-rstock,RESI,Element Solutions Inc Tokenized Stock (Reality),element-solutions-inc-rstock,element-solutions-inc-rstockpCR.png,4e-9,,
elevance-health-rstock,RELV,Elevance Health Tokenized Stock (Reality),elevance-health-rstock,elevance-health-rstockj9p.png,0.00592302,,
elevance-health-xstock,ELVX,Elevance Health xStock,elevance-health-xstock,elevance-health-xstockayy.png,0,,
ember,EMBER,Ember,ember,emberTsR.png,10000000000,"{""binance_smart"":""0x36a8fcb1f8bca02dc74eb34281de3b9143eae8e3""}",18
ember-treasury,USTY,Ember Treasury,ember-treasury,ember-treasuryZKT.png,155100,,
embraer-s-a-adr-rstock,REMBJ,Embraer S.A. (ADR) Tokenized Stock (Reality),embraer-s-a-adr-rstock,embraer-s-a-adr-rstockB8X.png,0,,
emcor-xstock,EMEX,EMCOR xStock,emcor-xstock,emcor-xstockATu.png,0,,
emera-incorporated-rstock,REMA,Emera Incorporated Tokenized Stock (Reality),emera-incorporated-rstock,emera-incorporated-rstockIHF.png,0,,
emerson-electric-rstock,REMR,Emerson Electric Tokenized Stock (Reality),emerson-electric-rstock,emerson-electric-rstockXdK.png,0.14647675,,
emerson-electric-xstock,EMRX,Emerson Electric xStock,emerson-electric-xstock,emerson-electric-xstockDkr.png,0,,
enbridge-rstock,RENB,Enbridge Tokenized Stock (Reality),enbridge-rstock,enbridge-rstockRVn.png,58.8453,,
encompass-health-corporation-rstock,REHC,Encompass Health Corporation Tokenized Stock (Reality),encompass-health-corporation-rstock,encompass-health-corporation-rstocknMp.png,5e-9,,
encompass-health-xstock,EHCX,Encompass Health xStock,encompass-health-xstock,encompass-health-xstockSDZ.png,271427,,
endless,EDS,Endless,endless,endlessSEG.png,10000000000,,
energy-fuels-inc-xstock,UUUUX,Energy Fuels Inc. xStock,energy-fuels-inc-xstock,energy-fuels-inc-xstockW5l.png,0,,
energy-transfer-rstock,RET,Energy Transfer Tokenized Stock (Reality),energy-transfer-rstock,energy-transfer-rstocka44.png,0,,
energys-group-rstock,RENGS,Energys Group Tokenized Stock (Reality),energys-group-rstock,energys-group-rstock8lC.png,0,,
enhanced-group-xstock,ENHAX,Enhanced Group xStock,enhanced-group-xstock,enhanced-group-xstockoVS.png,0,,
eni-s-p-a-rstock,RE,Eni SpA Tokenized Stock (Reality),eni-s-p-a-rstock,eni-s-p-a-rstocka5f.png,0,,
enlight-renewable-energy-ltd-rstock,RENLT,Enlight Renewable Energy Ltd. Tokenized Stock (Reality),enlight-renewable-energy-ltd-rstock,enlight-renewable-energy-ltd-rstockOKf.png,0,,
enlivex-rstock,RENLV,Enlivex Therapeutics Tokenized Stock (Reality),enlivex-rstock,enlivex-rstocknDb.png,0,,
enn-energy-xstock,ENNHLX,ENN Energy xStock,enn-energy-xstock,enn-energy-xstockKl7.png,0,,
enoch,ENOCH,Enoch,enoch,enoch6Zp.png,54000000,"{""ethereum"":""0x4db57d585fa82ca32d25086ddc069d899f08d455""}",18
ensuro-senior-pool,EUSDCSR,Ensuro Senior Pool,ensuro-senior-pool,ensuro-senior-pool5iR.png,1064674,,
entegris-xstock,ENTGX,Entegris xStock,entegris-xstock,entegris-xstockoom.png,0,,
entergy-rstock,RETR,Entergy Tokenized Stock (Reality),entergy-rstock,entergy-rstockb9h.png,0.09271463,,
entergy-xstock,ETRX,Entergy xStock,entergy-xstock,entergy-xstockpSc.png,0,,
eog-resources-xstock,EOGX,EOG Resources xStock,eog-resources-xstock,eog-resources-xstock9J8.png,0,,
eos-wrapped-ram,WRAM,EOS Wrapped RAM,eos-wrapped-ram,eos-wrapped-ramixm.png,418945440768,,
eqt-xstock,EQTX,EQT xStock,eqt-xstock,eqt-xstockbFO.png,0,,
equifax-rstock,REFX,Equifax Tokenized Stock (Reality),equifax-rstock,equifax-rstockr9F.png,0,,
equifax-xstock,EFXX,Equifax xStock,equifax-xstock,equifax-xstockrZ4.png,0,,
equinix-rstock,REQIX,Equinix Tokenized Stock (Reality),equinix-rstock,equinix-rstockxrF.png,2.9942,,
equinix-xstock,EQIXX,Equinix xStock,equinix-xstock,equinix-xstockON2.png,0,,
equinox-ecosystem,NOX,Equinox Ecosystem,equinox-ecosystem,equinox-ecosystemmIL.png,100000000,"{""arbitrum-one"":""0xf34450d1f23902657cffb2636153677be7d38750""}",18
equitable-holdings-inc-rstock,REQH,Equitable Tokenized Stock (Reality),equitable-holdings-inc-rstock,equitable-holdings-inc-rstockAf9.png,0,,
equitable-xstock,EQHX,Equitable xStock,equitable-xstock,equitable-xstockQWr.png,0,,
equity-lifestyle-properties-inc-rstock,RELS,Equity Lifestyle Properties Tokenized Stock (Reality),equity-lifestyle-properties-inc-rstock,equity-lifestyle-properties-inc-rstock5Or.png,0,,
equity-lifestyle-properties-xstock,ELSX,Equity Lifestyle Properties xStock,equity-lifestyle-properties-xstock,equity-lifestyle-properties-xstockj9d.png,0,,
erie-indemnity-company-rstock,RERIE,Erie Indemnity Company Tokenized Stock (Reality),erie-indemnity-company-rstock,erie-indemnity-company-rstockAoK.png,7e-9,,
eris-amplified-juno,AMPJUNO,Eris Amplified JUNO,eris-amplified-juno,eris-amplified-junohaK.png,0,"{""juno"":""juno1a0khag6cfzu5lrwazmyndjgvlsuk7g4vn9jd8ceym8f4jf6v2l9q6d348a""}",18
eris-amplified-mnta,AMPMNTA,Eris Amplified MNTA,eris-amplified-mnta,eris-amplified-mntaTTq.png,0,"{""migaloo"":""ibc/0102CC6E28D29F57444C645C86AE2F4E8789C3A85445A3B185E51F0A23862E87"",""kujira"":""factory/kujira175yatpvkpgw07w0chhzuks3zrrae9z9g2y6r7u5pzqesyau4x9eqqyv0rr/ampMNTA""}",18
erock-rstock,REROC,ERock Tokenized Stock (Reality),erock-rstock,rer.png,3.3935,,
escrowed-lbr,ESLBR,Escrowed LBR,escrowed-lbr,escrowed-lbrRuF.png,3977032,"{""ethereum"":""0x571042b7138ee957a96a6820fce79c48fe2da816""}",18
escrowed-prf,ESPRF,escrowed PRF,escrowed-prf,escrowed-prfcoz.png,70778,"{""arbitrum-one"":""0xfc675adfdd721064ba923d07a8a238a9e52d8ace""}",18
essential-utilities-inc-rstock,RWTRG,Essential Utilities Tokenized Stock (Reality),essential-utilities-inc-rstock,essential-utilities-inc-rstock6XO.png,0,,
essential-utilities-xstock,WTRGX,Essential Utilities xStock,essential-utilities-xstock,essential-utilities-xstockABv.png,828920,,
essex-property-trust-inc-rstock,RESS,Essex Property Trust Tokenized Stock (Reality),essex-property-trust-inc-rstock,essex-property-trust-inc-rstock8sv.png,3e-9,,
essex-property-trust-xstock,ESSX,Essex Property Trust xStock,essex-property-trust-xstock,essex-property-trust-xstockGp7.png,0,,
eth-stable-mori-finance,ETHS,ETH Stable,eth-stable-mori-finance,eth-stable-mori-financekjP.png,67140,"{""ethereum"":""0xa9ad6830180f9c150349f2cecadd710586e35cb7""}",18
ethena-ustb,USTB,Ethena UStb,ethena-ustb,ethena-ustbGrK.png,0,,
ethereum-reserve-dollar-usde,USDE,Ethereum Reserve Dollar USDE,ethereum-reserve-dollar-usde,ethereum-reserve-dollar-usdeUc8.png,51486,"{""ethereum"":""0x1d00e86748573c322f4cc41518aa0e77bd912eb4""}",18
ethereum-strato,STRATO,Ethereum STRATO,ethereum-strato,ethereum-stratosNC.png,3037379,,
ethereum-overnight,ETH+,Ethereum+ (Overnight),ethereum-overnight,ethereum-overnightks3.png,0.48087897,"{""arbitrum-one"":""0xd4939d69b31fbe981ed6904a3af43ee1dc777aab""}",18
etheria-token,ETRX,Etheria Token,etheria-token,etheria-tokentyB.png,10000000,,
ethos-network,WHUF,Ethos Network,ethos-network,ethos-networkzGl.png,0,,
euclid-protocol,EUCLID,Euclid Protocol,euclid-protocol,euclid-protocoljGx.png,0,,
euro-exchange-token,EURXT,Euro eXchange Token,euro-exchange-token,euro-exchange-tokenFb5.png,54366000,,
evercore-inc-rstock,REVR,Evercore Tokenized Stock (Reality),evercore-inc-rstock,evercore-inc-rstockCYk.png,6e-9,,
evercore-xstock,EVRX,Evercore xStock,evercore-xstock,evercore-xstockVll.png,0,,
everest-group-ltd-rstock,REG,Everest Tokenized Stock (Reality),everest-group-ltd-rstock,everest-group-ltd-rstocktls.png,0,,
everest-xstock,EGX,Everest xStock,everest-xstock,everest-xstock7GN.png,0,,
evergy-inc-rstock,REVRG,Evergy Tokenized Stock (Reality),evergy-inc-rstock,evergy-inc-rstockerp.png,7e-9,,
