id,symbol,name,slug,logo,total_supply,contract,decimals
babypepe,BABYPEPE,BabyPepe,babypepe,babypepejFx.png,4206908008507070,"{""ethereum"":""0x5c559f3ee9a81da83e069c0093471cb05d84052a""}",18
doge-1-mission-to-the-moon,DOGE-1,Doge-1 Mission to the moon,doge-1-mission-to-the-moon,doge-1-mission-to-the-moonVB9.png,10000000000000,"{""binance_smart"":""0x08ccac619e9c6e95d48dfd23793d722a994b95b8""}",18
cope-coin,COPE,Cope Coin,cope-coin,cope-coinqbb.png,69000000000,"{""ethereum"":""0xd8e163967fed76806df0097b704ba721b9b37656""}",18
0xc72c01aab5f5678dc1d6f5c6d2b417d91d402ba3_robinhood,HOODIE,HOODIE,hoodie,hoodiexRx.png,100000000000,"{""robinhood"":""0xc72c01aab5f5678dc1d6f5c6d2b417d91d402ba3""}",18
foam-protocol,FOAM,FOAM,foam-protocol,FOAMlc5fU.png,1000000000,"{""ethereum"":""0x4946fcea7c692606e8908002e55a582af44ac121"",""optimistic-ethereum"":""0x79e6c6b6aaba4432fabacb30cc0c879d8f3e598e"",""base"":""0x6059d0ed9368c36941514d2864fd114a84853d5a""}",18
8E5pw1g1nQpmgVyeS1vZx8LokAZvuZgL6G1Uhr4iVbAB_solana,DIDID,Didi Duck,didi-duck,didi-duckgn7.png,998361483,"{""solana"":""8E5pw1g1nQpmgVyeS1vZx8LokAZvuZgL6G1Uhr4iVbAB""}",18
deplan,DPLN,DePlan,deplan,deplanQJl.png,99998969,"{""solana"":""J2LWsSXx4r3pYbJ1fwuX5Nqo7PPxjcGPpUb2zHNadWKa""}",18
robinpud,PUD,RobinPud,robinpud,robinpud8mu.png,1000000000,"{""robinhood"":""0x8aefd0a905f59be969e989c87e4ac817195995a7""}",18
pengy-2,PENGY,PENGY,pengy-2,pengy-22G1.png,999690435,"{""solana"":""4aRMfPuLA5UJ9YEA9pmb8e1tX1vqEkiEuBwL3yRtpump""}",18
BVG3BJH4ghUPJT9mCi7JbziNwx3dqRTzgo9x5poGpump_solana,ROCKY,Rocky,rocky-the-rock,BVG3BJH4ghUPJT9mCi7JbziNwx3dqRTzgo9x5poGpump_solanalff.png,997928960,"{""solana"":""BVG3BJH4ghUPJT9mCi7JbziNwx3dqRTzgo9x5poGpump""}",18
AxGAbdFtdbj2oNXa4dKqFvwHzgFtW9mFHWmd7vQfpump_solana,HAT,Top Hat,top-hat,AxGAbdFtdbj2oNXa4dKqFvwHzgFtW9mFHWmd7vQfpump_solanaC50.png,989750331,"{""solana"":""AxGAbdFtdbj2oNXa4dKqFvwHzgFtW9mFHWmd7vQfpump""}",18
urus-token,URUS,Aurox,urus-token,urus-token9sT.png,1000000,"{""ethereum"":""0xc6dddb5bc6e61e0841c54f3e723ae1f3a807260b"",""binance_smart"":""0xc6dddb5bc6e61e0841c54f3e723ae1f3a807260b""}",18
factor,FCTR,Factor,factor,factorBUd.png,100000000,"{""arbitrum-one"":""0x6dd963c510c2d2f09d5eddb48ede45fed063eb36""}",18
yoyo-2,YOYO,YoYo,yoyo-2,yoyo-2QRX.png,1000000000,"{""base"":""0x5fc190dee34cd5202cc571ec5c8efd60a02bd06d""}",18
0xc4f0b390abbb11082b10c2391c50e2217227adaf_ethereum,SPIRAL,Spiral,spiral-2,spiral-2RdQ.png,998488,"{""ethereum"":""0xc4f0b390abbb11082b10c2391c50e2217227adaf""}",18
0x899357e54c2c4b014ea50a9a7bf140ba6df2ec73_binance_smart,PRAI,Privasea AI,privasea-ai,privasea-aim2j.png,1000000000,"{""binance_smart"":""0x899357e54c2c4b014ea50a9a7bf140ba6df2ec73""}",18
0x4cd1b2874e020c5bf08c4be18ab69ca86ec25fef_ethereum,CRYORAT,CRYORAT,cryorat,0x4cd1b2874e020c5bf08c4be18ab69ca86ec25fef_ethereumhmw.png,22636396,"{""ethereum"":""0x4cd1b2874e020c5bf08c4be18ab69ca86ec25fef""}",18
shih-tzu,SHIH,Shih Tzu,shih-tzu,shih-tzuFwc.png,1000000000000000,"{""ethereum"":""0x841fb148863454a3b3570f515414759be9091465"",""binance_smart"":""0x1e8150ea46e2a7fbb795459198fbb4b35715196c""}",18
0x9f6c24232f1bba6ef47bcb81b9b9434acdb94444_binance_smart,ASTERINU,Aster INU,aster-inu,aster-inuaEU.png,989999900,"{""binance_smart"":""0x9f6c24232f1bba6ef47bcb81b9b9434acdb94444""}",18
bitcoin-base,BTC,Bitcoin Base,bitcoin-base,bitcoin-baseEyJ.png,21000000,"{""base"":""0xfaf1c31f6855e91b1a905761c81a79e4966e4709""}",18
0x08e8ac8c4bca64503f774d2c40c911e8a3ffcc12_binance_smart,TCC,TCC,tcc,0x08e8ac8c4bca64503f774d2c40c911e8a3ffcc12_binance_smartvSl.png,1000000000,"{""binance_smart"":""0x08e8ac8c4bca64503f774d2c40c911e8a3ffcc12""}",18
APmLv2VarkC5yEjjutYkeK3byr9L2KwCgrVMWHWsgaG7_solana,GUANO,GUANO,guano,APmLv2VarkC5yEjjutYkeK3byr9L2KwCgrVMWHWsgaG7_solana3ji.png,837569488,"{""solana"":""APmLv2VarkC5yEjjutYkeK3byr9L2KwCgrVMWHWsgaG7""}",18
0xbd821d84770b65f679a47452367258cf86579d02_ethereum,KOHAKU,KOHAKU,kohaku,kohakuEGp.png,420690000000,"{""ethereum"":""0xbd821d84770b65f679a47452367258cf86579d02""}",18
handle-fi,FOREX,handle.fi,handle-fi,handle-fiLv9.png,420000000,"{""ethereum"":""0xdb298285fe4c5410b05390ca80e8fbe9de1f259b"",""arbitrum-one"":""0xdb298285fe4c5410b05390ca80e8fbe9de1f259b"",""polygon-pos"":""0xdb298285fe4c5410b05390ca80e8fbe9de1f259b""}",18
pfizer-backpack-securities,PFE,Pfizer (Backpack Securities),pfizer-backpack-securities,pfizer-backpack-securities8nf.png,2634,"{""solana"":""PFER6ENqP8r8NF3CqVt4mFowxsin3V5MLidBNQFCC3x""}",18
celo-japanese-yen,JPYM,Mento Japanese Yen,celo-japanese-yen,celo-japanese-yenRaI.png,11728210,"{""celo"":""0xc45ecf20f3cd864b32d9794d6f76814ae8892e20""}",18
scorpio,SCORPIO,Scorpio,scorpio,scorpiov3o.png,999991075,"{""solana"":""J4fQTRN13MKpXhVE74t99msKJLbrjegjEgLBnzEv2YH1""}",18
0xd9159ad2d5fe625cd1f54f4d328fb19cb5262b07_base,WARP,Warplet,warplet-2,warplet-2EdF.png,86488462281,"{""base"":""0xd9159ad2d5fe625cd1f54f4d328fb19cb5262b07""}",18
hiblocks,HIBS,Hiblocks,hiblocks,hiblocksuSs.png,20000000000,"{""klay-token"":""0xe06b40df899b9717b4e6b50711e1dc72d08184cf""}",18
alanyaspor-fan-token,ALA,Alanyaspor Fan Token,alanyaspor-fan-token,alanyaspor-fan-tokenSBf.png,3000000,"{""chiliz"":""0x3b60f483fe311fc063b50a67bf327f96b76696e6"",""solana"":""7hoDr3WJbQD25b2foZqEretHUD4fY1MWkKNp1dytnY2v"",""base"":""0x302694b3e0e21c443d55cb4bcaffe2e6ae58ee85""}",18
BBosJLw8ZzoATiEyywiifx7AgmrD2Cm3XjFWbhbRhChy_solana,BB,BlackBerry (Backpack Securities),blackberry-backpack-securities,blackberry-backpack-securitiesUjQ.png,7823,"{""solana"":""BBosJLw8ZzoATiEyywiifx7AgmrD2Cm3XjFWbhbRhChy""}",18
DEJiPKx5GActUtB6qUssreUxkhXtL4hTQAAJZ7Ccw8se_solana,XD,Rawr,rawr,DEJiPKx5GActUtB6qUssreUxkhXtL4hTQAAJZ7Ccw8se_solanaOGE.png,981096718,"{""solana"":""DEJiPKx5GActUtB6qUssreUxkhXtL4hTQAAJZ7Ccw8se""}",18
9j6twpYWrV1ueJok76D9YK8wJTVoG9Zy8spC7wnTpump_solana,URMOM,urmom,urmom-2,9j6twpYWrV1ueJok76D9YK8wJTVoG9Zy8spC7wnTpump_solanaBo2.png,993597694,"{""solana"":""9j6twpYWrV1ueJok76D9YK8wJTVoG9Zy8spC7wnTpump""}",18
target-rstock,RTGT,Target Tokenized Stock (Reality),target-rstock,target-rstockVfk.png,471.7764,"{""arbitrum-one"":""0x5b0baa23c8200266b5777c62a660b4b58e2a30f5"",""morph-l2"":""0x8f29fe20e04ddd15055574d6d0bc53ff1824f9b1""}",18
76WApFF6weYWkhCYHrAogDe6YfrGj5uZYvBdi945pump_solana,CANELCORN,Camelcorn,camelcorn,76WApFF6weYWkhCYHrAogDe6YfrGj5uZYvBdi945pump_solanabbd.png,999387987,"{""solana"":""76WApFF6weYWkhCYHrAogDe6YfrGj5uZYvBdi945pump""}",18
0x8e42fe26fc1697f57076c9f2a8d1ff69cf7f6fda_ethereum,AGURI,Aguri-Chan,aguri-chan,0x8e42fe26fc1697f57076c9f2a8d1ff69cf7f6fda_ethereumBdm.png,420690000000,"{""ethereum"":""0x8e42fe26fc1697f57076c9f2a8d1ff69cf7f6fda""}",18
edge-matrix-computing,EMC,Edge Matrix Computing,edge-matrix-computing,edge-matrix-computingNgD.png,979786886,"{""arbitrum-one"":""0xdfb8be6f8c87f74295a87de951974362cedcfa30""}",18
relic-2,RELIC,Relic,relic-2,relic-2fCv.png,999663449,"{""solana"":""2ABbnf3EzGfiMa3PE2bseAWwRD4jAE4KgE8YjSTxpump""}",18
international-meme-fund,IMF,International Meme Fund,international-meme-fund,international-meme-fundeFT.png,33000000,"{""ethereum"":""0x05be1d4c307c19450a6fd7ce7307ce72a3829a60""}",18
viper-2,VIPER,VIPER,viper-2,viper-2Avy.png,76715880000,"{""cardano"":""caff93803e51c7b97bf79146790bfa3feb0d0b856ef16113b391b997""}",18
omnia,OMNIA,Omnia Protocol,omnia,omniayRK.png,98389253,"{""ethereum"":""0x2e7e487d84b5baba5878a9833fb394bc89633fd7"",""binance_smart"":""0xb53cc8303943582949b9a23f0556b0f0c41fec98""}",18
8a3sEw2kizHxVnT9oLEVLADx8fTMPkjbEGSraqNWpump_solana,SYRA,Syra Agent,syra-agent,syra-agentBGh.png,993092659,"{""solana"":""8a3sEw2kizHxVnT9oLEVLADx8fTMPkjbEGSraqNWpump""}",18
0xe9a53c43a0b58706e67341c4055de861e29ee943_ethereum,ELMNT,Element 280,element-280,0xe9a53c43a0b58706e67341c4055de861e29ee943_ethereum1uv.png,3483982420908,"{""ethereum"":""0xe9a53c43a0b58706e67341c4055de861e29ee943""}",18
0xb17be9a85d1e04d1aa6ea4b83c0bb6a2030c261f_ethereum,QBIT,Qubit,qubit-2,qubit-27ht.png,1000000000,"{""ethereum"":""0xb17be9a85d1e04d1aa6ea4b83c0bb6a2030c261f""}",18
667w6y7eH5tQucYQXfJ2KmiuGBE8HfYnqqbjLNSw7yww_solana,ANDY,Andy on SOL,andy-on-sol,andy-on-solgbX.png,945987982,"{""solana"":""667w6y7eH5tQucYQXfJ2KmiuGBE8HfYnqqbjLNSw7yww""}",18
staked-avail,STAVAIL,Deq Staked AVAIL,staked-avail,staked-availugM.png,26943861,"{""ethereum"":""0x3742f3fcc56b2d46c7b8ca77c23be60cd43ca80a""}",18
96X4zg5T4NFWzTVFXHsadvYbxbzFX2Rqt3GXUv92pump_solana,BALLOON,Running Away Balloon,running-away-balloon,running-away-balloonUwx.png,999878640,"{""solana"":""96X4zg5T4NFWzTVFXHsadvYbxbzFX2Rqt3GXUv92pump""}",18
tucker-carlson,TUCKER,TUCKER CARLSON,tucker-carlson,tucker-carlsonFje.png,100000000000,"{""ethereum"":""0x50b806c5fe274c07e46b96be8c68d2fd2d9597b4""}",18
0xc06bf3589345a81f0c2845e4db76bdb64bbbbc9d_ethereum,MEGA,Make ETH Great Again,make-eth-great-again,make-eth-great-againrdH.png,1000000,"{""ethereum"":""0xc06bf3589345a81f0c2845e4db76bdb64bbbbc9d""}",18
coinshift-usdl-morpho-vault,CSUSDL,Coinshift USDL Morpho Vault,coinshift-usdl-morpho-vault,coinshift-usdl-morpho-vaultZej.png,49360,"{""ethereum"":""0xbeefc011e94f43b8b7b455ebab290c7ab4e216f1""}",18
8Cd7wXoPb5Yt9cUGtmHNqAEmpMDrhfcVqnGbLC48b8Qm_solana,LEO,Leo,leo-2,8Cd7wXoPb5Yt9cUGtmHNqAEmpMDrhfcVqnGbLC48b8Qm_solananm5.png,999790773,"{""solana"":""8Cd7wXoPb5Yt9cUGtmHNqAEmpMDrhfcVqnGbLC48b8Qm""}",18
AaWVpk6eZbgBfVbq1UfXw3EXBmAvw4QXov1xHuG7pump_solana,TRENCHAI,TrenchAI,trenchai,AaWVpk6eZbgBfVbq1UfXw3EXBmAvw4QXov1xHuG7pump_solanaJw6.png,999504235,"{""solana"":""AaWVpk6eZbgBfVbq1UfXw3EXBmAvw4QXov1xHuG7pump""}",18
us-natural-gas-fund-ondo-tokenized,UNGON,US Natural Gas Fund (Ondo Tokenized),us-natural-gas-fund-ondo-tokenized,us-natural-gas-fund-ondo-tokenized9IY.png,6993,"{""ethereum"":""0x7c488cfc874ca9f34e7bdbd0410c27ce6d6af5f9"",""binance_smart"":""0xa5351c9bf08055e03642b6b8649a0f7e895501bf"",""solana"":""Es2ipHL7qXBcLmZ4N7LP9PHBHaWaTMTAkxDwGGjondo"",""hyperevm"":""0x2c81466c9b144e3b6e9d6e8858bc0973a953fb0a""}",18
ouster-ondo-tokenized,OUSTON,Ouster (Ondo Tokenized),ouster-ondo-tokenized,ouster-ondo-tokenizedaxz.png,1636,"{""ethereum"":""0x67a47353d5449fc24088190c44247d4d4e296073"",""binance_smart"":""0x30033a17ea24e90631532582a1917c64afbf87af"",""solana"":""aV3R9NPU6TkyA6r9NPF5bmAw5XXsjUU7r2whgBqondo""}",18
7n8kRipxAQBfpGQtcGA2AbkM2HASSVCzqZ5F3QEopump_solana,ZOE,Zoe,zoe-2,zoe-26PJ.png,977518756,"{""solana"":""7n8kRipxAQBfpGQtcGA2AbkM2HASSVCzqZ5F3QEopump""}",18
ten,TENFI,TEN,ten,tenLAo.png,256357783,"{""binance_smart"":""0xd15c444f1199ae72795eba15e8c1db44e47abf62""}",18
0xe0ce610c37c2691f064f1fe5c213e9ba9c16ad0c_base,SPIRA,SPIRA,spira,spira3Fx.png,1000000000,"{""base"":""0xe0ce610c37c2691f064f1fe5c213e9ba9c16ad0c""}",18
cancer,CANCER,Cancer,cancer,cancerrm4.png,999937249,"{""solana"":""CmomKM8iPKRSMN7y1jqyW1QKj5bGoZmbvNZXWBJSUdnZ""}",18
ironclad-security,ICLAD,IRONCLAD SECURITY,ironclad-security,ironclad-securityQUm.png,982529428,"{""binance_smart"":""0x4ee281947c63d97128a02c1bf7983c06ecebb1bd""}",18
lit,LIT,LIT,lit,liteAA.png,100000000000,"{""ethereum"":""0xc5b3d3231001a776123194cf1290068e8b0c783b""}",18
0x1a3e429d2d22149cc61e0f539b112a227c844aa3_base,LOKY,Loky by Virtuals,loky-by-virtuals,0x1a3e429d2d22149cc61e0f539b112a227c844aa3_baseoOh.png,995683654,"{""base"":""0x1a3e429d2d22149cc61e0f539b112a227c844aa3""}",18
0x4c68e4102c0f120cce9f08625bd12079806b7c4d_abstract,ABX,Aborean,aborean,0x4c68e4102c0f120cce9f08625bd12079806b7c4d_abstractQ94.png,1200563230,"{""abstract"":""0x4c68e4102c0f120cce9f08625bd12079806b7c4d""}",18
kintsu-staked-hype,SHYPE,Kintsu Staked Hype,kintsu-staked-hype,kintsu-staked-hypeuXD.png,782.7232,"{""hyperevm"":""0xbef0142a0955a7d5dcce5c2a13fb84e332669d2d""}",18
queen-pooie,QUEEN2,QUEEN POOIE,queen-pooie,queen-pooieDYj.png,2222222222,"{""pulsechain"":""0xd5cfb4cf3f49efaf435cd16105cf6a40ef921957""}",18
hudi,HUDI,Hudi,hudi,hudiaZO.png,69420001,"{""binance_smart"":""0x83d8ea5a4650b68cd2b57846783d86df940f7458""}",18
0x44551ca46fa5592bb572e20043f7c3d54c85cad7_base,CLX,Clanker Index,clanker-index,clanker-indexdbJ.png,125737,"{""base"":""0x44551ca46fa5592bb572e20043f7c3d54c85cad7""}",18
stellite,XLA,Scala,stellite,1706270590878.png,0,,
throbbin,THROBBIN,Throbbin,throbbin,throbbinHIW.png,929079528,"{""robinhood"":""0xe8fb470e0685437d7739bd2aacba60b228800335""}",18
96ugdN1zEe1RShH1xWsMLBbopDvS96WXfvxwRELqUwqk_solana,GAK,Gakster,gakster,96ugdN1zEe1RShH1xWsMLBbopDvS96WXfvxwRELqUwqk_solanaTVd.png,999980322,"{""solana"":""96ugdN1zEe1RShH1xWsMLBbopDvS96WXfvxwRELqUwqk""}",18
coldstack,CLS,Coldstack,coldstack,coldstackdu9.png,49763520,"{""ethereum"":""0x675bbc7514013e2073db7a919f6e4cbef576de37"",""binance_smart"":""0x668048e70284107a6afab1711f28d88df3e72948"",""solana"":""JCRiQKaujJjAjfVH8CNo4htGFMuTTnZtwvasVwneT7MA""}",18
0xd4052415613b34af236024b895574c467f65b6dd_robinhood,4663,4663,4663-token,4663-tokenQuZ.png,1000000000,"{""robinhood"":""0xd4052415613b34af236024b895574c467f65b6dd""}",18
solgoat,SOLGOAT,SolGoat,solgoat,solgoatlHY.png,99991576,"{""solana"":""9HXewqNjkHz22AKds3JUzFBNguzhoH4cJ4h1EksZyPGH""}",18
34EBTRNxjqZo3CgpQD3aaW3CC69DkP6BQUEx1Dd2pump_solana,DND10,dnd10-M1a0Shan,dnd10-m1a0shan,34EBTRNxjqZo3CgpQD3aaW3CC69DkP6BQUEx1Dd2pump_solanatfi.png,897287184,"{""solana"":""34EBTRNxjqZo3CgpQD3aaW3CC69DkP6BQUEx1Dd2pump""}",18
donald-toad-coin,DTC,Donald Toad Coin,donald-toad-coin,donald-toad-coinZEY.png,68999682,"{""linea"":""0xeb1fd1dbb8adda4fa2b5a5c4bce34f6f20d125d2"",""base"":""0xfba669c72b588439b29f050b93500d8b645f9354""}",18
0xbf818efe65aac127ac8f9fec6fec203ee222c851_robinhood,BPEPE,Bundle Pepe,bundle-pepe,bundle-pepecpO.png,1000000000,"{""robinhood"":""0xbf818efe65aac127ac8f9fec6fec203ee222c851""}",18
gotta-go-fast,FAST,Gotta Go Fast,gotta-go-fast,gotta-go-fastTs2.png,1000000000,"{""the-open-network"":""EQBvYQ3TyUYTjQxZa6UPbjwVzjnC5U3PRiXhpIu-HPMYMtTX""}",18
0xda4c86b5444294a5ba3b806ae7718f1f95cc3120_base,TYCOON,Tycoon by Shareland,tycoon-by-shareland,tycoon-by-sharelandNRz.png,1000000000,"{""base"":""0xda4c86b5444294a5ba3b806ae7718f1f95cc3120""}",18
froggi,$FROGGI,Froggi,froggi,froggir7Q.png,76740000,"{""base"":""0x88a78c5035bdc8c9a8bb5c029e6cfcdd14b822fe""}",18
0xc636782a837feee37ccc29d58bdbb4bcbdd0ae1f_binance_smart,POSEIDON,Binance Cat,bnb-cat,bnb-catfHL.png,1000000000,"{""binance_smart"":""0xc636782a837feee37ccc29d58bdbb4bcbdd0ae1f""}",18
BKmYE8w1GEQ6khhLkvMj4ULvV4Gq7zLfJZSgsHE5pump_solana,PEP,PEPECOIN,pepecoin-3,BKmYE8w1GEQ6khhLkvMj4ULvV4Gq7zLfJZSgsHE5pump_solanaVp4.png,999541222,"{""solana"":""BKmYE8w1GEQ6khhLkvMj4ULvV4Gq7zLfJZSgsHE5pump""}",18
0x4674f73545f1db4036250ff8c33a39ad1678d864_base,SQDGN,Degenerate SQuiD,degenerate-squid,0x4674f73545f1db4036250ff8c33a39ad1678d864_basewBz.png,1000000000,"{""base"":""0x4674f73545f1db4036250ff8c33a39ad1678d864""}",18
chilean-peso,WCLP,Chilean Peso,chilean-peso,chilean-pesoLB8.png,66565100,"{""world-chain"":""0x61d450a098b6a7f69fc4b98ce68198fe59768651"",""base"":""0x61d450a098b6a7f69fc4b98ce68198fe59768651"",""ethereum"":""0x61d450a098b6a7f69fc4b98ce68198fe59768651"",""polygon-pos"":""0x61d450a098b6a7f69fc4b98ce68198fe59768651"",""binance_smart"":""0x61d450a098b6a7f69fc4b98ce68198fe59768651"",""xdai"":""0x61d450a098b6a7f69fc4b98ce68198fe59768651"",""hyperevm"":""0x61d450a098b6a7f69fc4b98ce68198fe59768651"",""celo"":""0x61d450a098b6a7f69fc4b98ce68198fe59768651"",""arc"":""0x61d450a098b6a7f69fc4b98ce68198fe59768651"",""tempo"":""0x20c000000000000000000000f6af9c68e4c4b6e5""}",18
0x9663985492af1b339d959a800592ed131090f264_robinhood,LUNA9,Luna Nine,luna-nine,luna-ninezIU.png,1000000000,"{""robinhood"":""0x9663985492af1b339d959a800592ed131090f264""}",18
arbuz,ARBUZ,ARBUZ,arbuz,arbuzkl9.png,3999899,"{""the-open-network"":""EQAM2KWDp9lN0YvxvfSbI0ryjBXwM70rakpNIHbuETatRWA1""}",18
pisces,PISCES,Pisces,pisces,piscesbNC.png,999915711,"{""solana"":""3JsSsmGzjWDNe9XCw2L9vznC5JU9wSqQeB6ns5pAkPeE""}",18
wisdomise,WSDM,Wisdomise AI,wisdomise,wisdomisefth.png,1000000000,"{""polygon-pos"":""0x5f2f8818002dc64753daedf4a6cb2ccb757cd220""}",18
bistroo,BIST,Bistroo,bistroo,bistroohVt.png,100000000,"{""ethereum"":""0x6e8908cfa881c9f6f2c64d3436e7b80b1bf0093f"",""binance_smart"":""0xbd525e51384905c6c0936a431bc7efb6c4903ea0""}",18
0x78cbec65c55f143a9178b63243119806a659d2ef_ethereum,MINDFAK,Mindfak By Matt Furie,mindfak-by-matt-furie,0x78cbec65c55f143a9178b63243119806a659d2ef_ethereumhrB.png,690000000,"{""ethereum"":""0x78cbec65c55f143a9178b63243119806a659d2ef""}",18
zkswap-finance,ZF,zkSwap Finance,zkswap-finance,zkswap-financeEsM.png,1000000000,"{""zksync"":""0x31c2c031fdc9d33e974f327ab0d9883eae06ca4a"",""sonic"":""0x2f2f2f74ab5db61ae8bd3c13ccd4dc8c9e8a2f2f"",""monad"":""0x2f2f2f74ab5db61ae8bd3c13ccd4dc8c9e8a2f2f""}",18
wrapped-dione,DIONE,Wrapped Dione,wrapped-dione,wrapped-dionevtV.png,1640904455,"{""ethereum"":""0x65278f702019078e9ab196c0da0a6ee55e7248b7""}",18
virgo-2,VIRGO,Virgo,virgo-2,virgo-2vrr.png,999901250,"{""solana"":""Ez4bst5qu5uqX3AntYWUdafw9XvtFeJ3gugytKKbSJso""}",18
0x4b7d1e5ec6889e63e70d39561edf925095dbed88_robinhood,TOOLS,RHTools,rhtools,0x4b7d1e5ec6889e63e70d39561edf925095dbed88_robinhoodrCq.png,1000000000,"{""robinhood"":""0x4b7d1e5ec6889e63e70d39561edf925095dbed88""}",18
dct,DCT,DCT,dct,dctFNO.png,50000000000,"{""tron"":""TNzctnHygQxx2shHScTJKQBU9U4gVWctfk""}",18
0x7dd7d5ca67df3e0f5a7f004af3653444b1fcfb76_ethereum,BRRR,Brrr de Money,brrr-de-money,0x7dd7d5ca67df3e0f5a7f004af3653444b1fcfb76_ethereumCM6.png,100000000000,"{""ethereum"":""0x7dd7d5ca67df3e0f5a7f004af3653444b1fcfb76""}",18
0xa18bbdcd86e4178d10ecd9316667cfe4c4aa8717_binance_smart,BNBXBT,BNBXBT,bnbxbt,0xa18bbdcd86e4178d10ecd9316667cfe4c4aa8717_binance_smartJ8E.png,1000000000,"{""binance_smart"":""0xa18bbdcd86e4178d10ecd9316667cfe4c4aa8717""}",18
taboo-token,TABOO,Taboo,taboo-token,taboo-tokenIsZ.png,9782678080,"{""binance_smart"":""0x9abdba20edfba06b782126b4d8d72a5853918fd0""}",18
0x721b072dbb616f29eea73ac004e03fd4e884bba3_base,EVO,evo,evo-2,evo-2h8X.png,100000000000,"{""base"":""0x721b072dbb616f29eea73ac004e03fd4e884bba3""}",18
9BYVxhYF4tWSRVyJUBSVC8PaAhuuiCiAbmfy4hUApump_solana,XMAS,xmas cult,xmas-cult,9BYVxhYF4tWSRVyJUBSVC8PaAhuuiCiAbmfy4hUApump_solanaN3H.png,978001282,"{""solana"":""9BYVxhYF4tWSRVyJUBSVC8PaAhuuiCiAbmfy4hUApump""}",18
XC78JjRHnSqaysrHiTrhR8eRngFbvX3rrHyRjWEpump_solana,$KEKIUS,Kekius Maximus,kekius-maximus-5,XC78JjRHnSqaysrHiTrhR8eRngFbvX3rrHyRjWEpump_solanas4x.png,998521953,"{""solana"":""XC78JjRHnSqaysrHiTrhR8eRngFbvX3rrHyRjWEpump""}",18
0xa7bc49339b416c310f0c0d9a8e6aaa0d71178696_x-layer,DOGSHIT,DOGSHIT,dogshit-2,dogshit-2ScW.png,60242158261,"{""x-layer"":""0xa7bc49339b416c310f0c0d9a8e6aaa0d71178696""}",18
centric-swap,CNS,Centric Swap,centric-swap,centric-swapE0n.png,7654351,"{""solana"":""2jUSPvEuxSxJ6nGpUHyXVAcNxyhugPC1iBeNjhTXzAUy""}",18
4j9bDg7iWNah1Qa61rrqwWZMtEdqV3fV56SzyhfNpump_solana,BITCAT,Bitcat,bitcat-3,4j9bDg7iWNah1Qa61rrqwWZMtEdqV3fV56SzyhfNpump_solanaCFu.png,999249635,"{""solana"":""4j9bDg7iWNah1Qa61rrqwWZMtEdqV3fV56SzyhfNpump""}",18
autonomous-secure-dollar,USSD,Autonomous Secure Dollar,autonomous-secure-dollar,autonomous-secure-dollar9cd.png,70898,"{""arbitrum-one"":""0x33c88d4cac6ac34f77020915a2a88cd0417dc069""}",18
F6Vyxf5c1aMEQDqTHiCzY367wwwtHuMCk7W64ekopump_solana,PUP,Dog In Sock,dog-in-sock,dog-in-sockfcf.png,999980790,"{""solana"":""F6Vyxf5c1aMEQDqTHiCzY367wwwtHuMCk7W64ekopump""}",18
buy-button,BUY,Buy Button,buy-button,buy-button6br.png,897727058,"{""robinhood"":""0x0e8720b8cd84f95b4b6696adbfa8063c4b8b94f2""}",18
pleb-token,PLEB,PLEB Token,pleb-token,pleb-token4oF.png,123123123123123,"{""ethereum"":""0xe19f85c920b572ca48942315b06d6cac86585c87""}",18
dell-technologies-backpack-securities,DELL,Dell Technologies (Backpack Securities),dell-technologies-backpack-securities,dell-technologies-backpack-securitiesRki.png,125.1872,"{""solana"":""DELL2aRKQz7DMq5DrKLtkn47ZCnbxXPZXrSGbkmd13wy""}",18
hyperbet-by-virtuals,HBET,Hyperbet by Virtuals,hyperbet-by-virtuals,hyperbet-by-virtualsfeA.png,1000000000,"{""base"":""0xc478ea5d6340ef8ef04088c3a649ddeac764b545""}",18
0x52629ddbf28aa01aa22b994ec9c80273e4eb5b0a_abstract,RETSBA,RETSBA,retsba,0x52629ddbf28aa01aa22b994ec9c80273e4eb5b0a_abstractn0C.png,849317198,"{""abstract"":""0x52629ddbf28aa01aa22b994ec9c80273e4eb5b0a""}",18
strive-inc-perp-pfd-ser-a-var-rate-rstock,RSATA,Strive Preferred Tokenized Stock (Reality),strive-inc-perp-pfd-ser-a-var-rate-rstock,strive-inc-perp-pfd-ser-a-var-rate-rstockwzt.png,704.6625,"{""arbitrum-one"":""0x4158e251e9b982aa1546d8ac66ef8ed230c45422""}",18
fabwelt,WELT,Fabwelt,fabwelt,fabweltgvY.png,500000000,"{""polygon-pos"":""0x23e8b6a3f6891254988b84da3738d2bfe5e703b9"",""binance_smart"":""0x1785113910847770290f5f840b4c74fc46451201""}",18
mpro-lab,MPRO,MPRO Lab,mpro-lab,mpro-labFNK.png,329108000,"{""ethereum"":""0xd88611a629265c9af294ffdd2e7fa4546612273e"",""base"":""0xd88611a629265c9af294ffdd2e7fa4546612273e""}",18
0xb22a793a81ff5b6ad37f40d5fe1e0ac4184d52f3_base,TONY,Big Tony,big-tony,0xb22a793a81ff5b6ad37f40d5fe1e0ac4184d52f3_baseSlC.png,100000000000,"{""base"":""0xb22a793a81ff5b6ad37f40d5fe1e0ac4184d52f3""}",18
pixie-dust,DUST,Pixie Dust,pixie-dust,pixie-dustfIj.png,97700054,"{""monad"":""0xad96c3dffcd6374294e2573a7fbba96097cc8d7c""}",18
onlyrose,ROSE,OnlyRose,onlyrose,onlyroseECD.png,999961481,"{""solana"":""RoSeiVjW5H48ucPAJh1LJGBBzPpqvsokfDGpgHXDtdF""}",18
2aQKC1xiKpEyAWvzSDrULnYLVuybWyx7qrsnpP8hpump_solana,UDIN,Udin din din dun,udin-din-din-dun,udin-din-din-dunf4l.png,999788731,"{""solana"":""2aQKC1xiKpEyAWvzSDrULnYLVuybWyx7qrsnpP8hpump""}",18
mystcl,MYST,MYSTCL,mystcl,mystcluod.png,7000,"{""base"":""0xdc46c1e93b71ff9209a0f8076a9951569dc35855""}",18
kote,KOTE,koté,kote,koteVtf.png,1000000000,"{""the-open-network"":""EQAmvp1Vrr0zY2--STdH-0X_mP5iCD61p2vNVJYwHlgBni2C""}",18
hemi-bridged-wbtc-hemi,WBTC,Hemi Bridged WBTC (Hemi),hemi-bridged-wbtc-hemi,hemi-bridged-wbtc-hemi2GA.png,0.82520819,"{""hemi"":""0x03c7054bcb39f7b2e5b2c7acb37583e32d70cfa3""}",18
peanut,NUX,Peanut,peanut,peanutb5s.png,50000000,"{""ethereum"":""0x89bd2e7e388fab44ae88bef4e1ad12b4f1e0911c"",""binance_smart"":""0x6d8734002fbffe1c86495e32c95f732fc77f6f2a""}",18
ishares-msci-brazil-etf-ondo-tokenized,EWZON,iShares MSCI Brazil ETF (Ondo Tokenized),ishares-msci-brazil-etf-ondo-tokenized,ishares-msci-brazil-etf-ondo-tokenizedmmi.png,1851,"{""ethereum"":""0x54021fde36b7c4c4f9c35b02fb9a153ed8f5938a"",""binance_smart"":""0x9876f4b879cde9aa49ffd260034a0698b7b33a49"",""solana"":""CBKcmEvVg5EgE3W5hVSPcBYWh6TFVjQwbmYod9Pondo""}",18
8x17zMmVjJxqswjX4hNpxVPc7Tr5UabVJF3kv8TKq8Y3_solana,SAGIT,Sagittarius,sagittarius,8x17zMmVjJxqswjX4hNpxVPc7Tr5UabVJF3kv8TKq8Y3_solanaxR1.png,999520275,"{""solana"":""8x17zMmVjJxqswjX4hNpxVPc7Tr5UabVJF3kv8TKq8Y3""}",18
the-boeing-company-backpack-securities,BA,The Boeing Company (Backpack Securities),the-boeing-company-backpack-securities,the-boeing-company-backpack-securitiesA1G.png,361.2923,"{""solana"":""BArimz1PcKZr8PcPh3tcZ2dg4S7FJLk3cw6R5F8GsHKg""}",18
wrapped-bone,WBONE,Wrapped BONE,wrapped-bone,wrapped-boneEwf.png,1332831,"{""shibarium"":""0x839fdb6cc98342b428e074c1573adf6d48ca3bfd""}",18
3XTp12PmKMHxB6YkejaGPUjMGBLKRGgzHWgJuVTsBCoP_solana,BIRDDOG,Bird Dog on SOL,bird-dog-on-sol,bird-dog-on-solNa3.png,999164599,"{""solana"":""3XTp12PmKMHxB6YkejaGPUjMGBLKRGgzHWgJuVTsBCoP""}",18
0xdaf3c78f165d26f821d3d39d6598a96e962b1508_base,WEBSIM,The Css God by Virtuals,the-css-god-by-virtuals,the-css-god-by-virtualsosK.png,999827210,"{""base"":""0xdaf3c78f165d26f821d3d39d6598a96e962b1508""}",18
toko,TOKO,Tokoin,toko,TokoinbvE30.png,2846674343,"{""ethereum"":""0xa0f0546eb5e3ee7e8cfc5da12e5949f3ae622675"",""binance_smart"":""0x45f7967926e95fd161e56ed66b663c9114c5226f""}",18
2g1Dh2j9AsdpnR5Js24cdtuUEE3KQD1YpHG8NgQ2pump_solana,BON,Built on Nothing,built-on-nothing,2g1Dh2j9AsdpnR5Js24cdtuUEE3KQD1YpHG8NgQ2pump_solanawqy.png,999302060,"{""solana"":""2g1Dh2j9AsdpnR5Js24cdtuUEE3KQD1YpHG8NgQ2pump""}",18
0x1ea3ffc43ee291a4373418286e9b001aebe14444_binance_smart,🔶,🔶,-8,.png,1000000000,"{""binance_smart"":""0x1ea3ffc43ee291a4373418286e9b001aebe14444""}",18
0x60215db40b04fe029c42c56ff2e02221c1f288ef_ethereum,CHILLGUY,CHILL GUY® (ETHEREUM),just-a-chill-guy,0x60215db40b04fe029c42c56ff2e02221c1f288ef_ethereumj8K.png,1000000000,"{""ethereum"":""0x60215db40b04fe029c42c56ff2e02221c1f288ef""}",18
etherfuse-gilts,GILTS,Etherfuse GILTS,etherfuse-gilts,etherfuse-giltsCdA.png,49124,"{""solana"":""GiLTSeSFnNse7xQVYeKdMyckGw66AoRmyggGg1NNd4yr"",""polygon-pos"":""0x46080f31351a6568f44575e3effde7f0c86867f9"",""base"":""0x46080f31351a6568f44575e3effde7f0c86867f9"",""monad"":""0x46080f31351a6568f44575e3effde7f0c86867f9"",""stellar"":""GILTS-GCRYUGD5NVARGXT56XEZI5CIFCQETYHAPQQTHO2O3IQZTHDH4LATMYWC""}",18
0xb33d999469a7e6b9ebc25a3a05248287b855ed46_ethereum,FLOCK,Flockerz,flockerz,0xb33d999469a7e6b9ebc25a3a05248287b855ed46_ethereum8d4.png,5880000000,"{""ethereum"":""0xb33d999469a7e6b9ebc25a3a05248287b855ed46""}",18
maga-coin-eth,MAGA,MAGA Coin ETH,maga-coin-eth,maga-coin-ethIuj.png,1000000000,"{""ethereum"":""0xc9b6a17ebb43491635f603a01f8bb3e4b5d22228""}",18
arcona,ARCONA,Arcona,arcona,arconaSAk.png,15181707,"{""ethereum"":""0x0f71b8de197a1c84d31de0f1fa7926c365f052b3"",""binance_smart"":""0x8fc4532be3003fb5a3a2f9afc7e95b3bfbd5faab""}",18
hyperham,HAM,HyperHam,hyperham,hyperham9dD.png,162900,"{""hyperevm"":""0xd62dcc1e28d646db54e2204a40980f9db28e0363""}",18
hana-by-virtuals,HANA,Hana by Virtuals,hana-by-virtuals,hana-by-virtualsOBT.png,1000000000,"{""base"":""0x1cfc22860fe46a622e3c2d1c9b036412467ef4c9""}",18
monkeys,MONKEYS,Monkeys,monkeys,monkeysCv8.png,500000000000,"{""ethereum"":""0xf2a22b900dde3ba18ec2aef67d4c8c1a0dab6aac""}",18
HmJDgky11u77hpBss6D8sjNpYPD5B6fWgSVDj58jpump_solana,SOLCAT,Solcat,solcat-3,solcat-3BGQ.png,989365651,"{""solana"":""HmJDgky11u77hpBss6D8sjNpYPD5B6fWgSVDj58jpump""}",18
0x1c45366641014069114c78962bdc371f534bc81c_binance_smart,BINANCEDOG,binancedog,binancedog-2,0x1c45366641014069114c78962bdc371f534bc81c_binance_smartm9b.png,1000000000,"{""binance_smart"":""0x1c45366641014069114c78962bdc371f534bc81c""}",18
0x03c59bbf8ba49ce79831403b86acbc40d3167777_binance_smart,肥嘟嘟,你们的胆子真是肥嘟嘟的,ni-men-de-dan-zi-zhen-shi-fei-du-du-de,0x03c59bbf8ba49ce79831403b86acbc40d3167777_binance_smartScb.png,1000000000,"{""binance_smart"":""0x03c59bbf8ba49ce79831403b86acbc40d3167777""}",18
0x75c8258eaa6d0f94b82951194191ca3efb0bcbe2_robinhood,MEOW,meow,meow-6,0x75c8258eaa6d0f94b82951194191ca3efb0bcbe2_robinhoodFsm.png,1000000000,"{""robinhood"":""0x75c8258eaa6d0f94b82951194191ca3efb0bcbe2""}",18
s1bYcu6WSfRznQbEn4tnXaNVHRpWPzVz8mPCvHrpump_solana,FAIR,fair,fair,s1bYcu6WSfRznQbEn4tnXaNVHRpWPzVz8mPCvHrpump_solanaDTc.png,999942142,"{""solana"":""s1bYcu6WSfRznQbEn4tnXaNVHRpWPzVz8mPCvHrpump""}",18
forward-industries-rstock,RFWDI,Forward Industries Tokenized Stock (Reality),forward-industries-rstock,forward-industries-rstock7qb.png,8439,"{""arbitrum-one"":""0x9cbaf44854c13235fe2d5913a25635732198bb91""}",18
schwab-us-dividend-equity-etf-rstock,RSCHD,Schwab US Dividend Equity ETF Tokenized Stock (Reality),schwab-us-dividend-equity-etf-rstock,schwab-us-dividend-equity-etf-rstockqAv.png,2702,"{""arbitrum-one"":""0x4bd0a505c071f9268f0e7db6ec54a7cdb8807c3d""}",18
mode-bridged-wbtc-mode,WBTC,Mode Bridged WBTC (Mode),mode-bridged-wbtc-mode,mode-bridged-wbtc-mode673.png,0.81296283,"{""mode"":""0xcdd475325d6f564d27247d1dddbb0dac6fa0a5cf""}",18
0xfca5208e4074e06596cc28b47214a109e4c14444_binance_smart,SHIH,Shih Tzu,shih-tzu-3,shih-tzu-3nMB.png,1000000000,"{""binance_smart"":""0xfca5208e4074e06596cc28b47214a109e4c14444""}",18
0x000000000000000000000000000000000078aa80_hedera-hashgraph,DINO,DINO,dino-2,0x000000000000000000000000000000000078aa80_hedera-hashgraphaXE.png,980000000,"{""hedera-hashgraph"":""0x000000000000000000000000000000000078aa80""}",18
0x2c002ffec41568d138acc36f5894d6156398d539_base,LUCKY,Lucky Dog,lucky-dog,0x2c002ffec41568d138acc36f5894d6156398d539_baseWyy.png,7777777777,"{""base"":""0x2c002ffec41568d138acc36f5894d6156398d539"",""solana"":""Hg4sgaK1ppfYAokghanL825WtteecpdXsoaTbB7x6tqS""}",18
ai17z,AI17Z,ai17z,ai17z,ai17zmg8.png,1000000000,"{""robinhood"":""0x16cb7cbb26295b60df7f4b3b39a99a9a3c585e81""}",18
shanghai-inu,SHANG,Shanghai Inu,shanghai-inu,shanghai-inuhGu.png,1000000000000000,"{""ethereum"":""0xee772cec929d8430b4fa7a01cd7fbd159a68aa83""}",18
kangal,KANGAL,Kangal,kangal,kangalXxQ.png,100000000000,"{""ethereum"":""0x6e765d26388a17a6e86c49a8e41df3f58abcd337"",""binance_smart"":""0xd632bd021a07af70592ce1e18717ab9aa126decb"",""polygon-pos"":""0x34f380a4e3389e99c0369264453523bbe5af7fab""}",18
decentral-games-ice,ICE,Decentral Games ICE,decentral-games-ice,decentral-games-iceGZh.png,226662491,"{""polygon-pos"":""0xc6c855ad634dcdad23e64da71ba85b8c51e5ad7c""}",18
Exw8YLyWbZfF9KTVhemcJrkSr7abUQCa7mLowgj3x9EC_solana,GKN,GKHAN,ghkan,ghkanblj.png,2999481495,"{""solana"":""Exw8YLyWbZfF9KTVhemcJrkSr7abUQCa7mLowgj3x9EC""}",18
chronobank,TIME,chrono.tech,chronobank,Chronobankrjge5.png,710113,"{""ethereum"":""0x485d17a6f1b8780392d53d64751824253011a260"",""binance_smart"":""0x3b198e26e473b8fab2085b37978e36c9de5d7f68""}",18
0x8a730da6d4f483917a53072d9a8e5eef4b105d72_ethereum,WADZ,Wadoozie,wadoozie,wadooziesAL.png,1000000001,"{""ethereum"":""0x8a730da6d4f483917a53072d9a8e5eef4b105d72""}",18
0x420fbb6006fb251318414ffa530590c3d7618e33_ethereum,ICELAND,Ice Land,ice-land-on-eth,ice-land-on-eth5Gn.png,420690000000000,"{""ethereum"":""0x420fbb6006fb251318414ffa530590c3d7618e33""}",18
0x0f68bee9880a41cdf9713c24358ffdb4756d53c2_robinhood,SKRMP,skrimp,skrimp,skrimp3Wx.png,998500000,"{""robinhood"":""0x0f68bee9880a41cdf9713c24358ffdb4756d53c2""}",18
2otVNpcHXn9MKeDk3Zby5uanF3s7tki4toaJ3PZcXaUd_solana,OSOL,OSOL,osol,osolvZ5.png,999975328,"{""solana"":""2otVNpcHXn9MKeDk3Zby5uanF3s7tki4toaJ3PZcXaUd""}",18
9UuLsJ3jf8ViBNeRcwXD53re5G3ypgfKK3s2EiMMpump_solana,MAGPIE,Magpie,permission-less-lending,permission-less-lendingeKe.png,978403760,"{""solana"":""9UuLsJ3jf8ViBNeRcwXD53re5G3ypgfKK3s2EiMMpump""}",18
0x6900f7b42fb4abb615c938db6a26d73a9afbed69_ethereum,DXY,US Degen Index 6900,us-degen-index-6900,0x6900f7b42fb4abb615c938db6a26d73a9afbed69_ethereumwki.png,1000000000,"{""ethereum"":""0x6900f7b42fb4abb615c938db6a26d73a9afbed69""}",18
shimmerbridge-bridged-usdt-shimmerevm,USDT,ShimmerBridge Bridged USDT (ShimmerEVM),shimmerbridge-bridged-usdt-shimmerevm,shimmerbridge-bridged-usdt-shimmerevmpD3.png,68440,"{""shimmer_evm"":""0xa4f8c7c1018b9dd3be5835bf00f335d9910af6bd""}",18
hoodie-3,HOODIE,Hoodie,hoodie-3,hoodie-3yF7.png,1000000000,"{""robinhood"":""0xac6aa69489dc51fb002a8ae4096b35cbd9f405ac""}",18
0xb757977bc882a14db86b048f2abb2f2a14d33184_base,DOGL,DogLibre,doglibre,doglibredAh.png,499150000000001,"{""base"":""0xb757977bc882a14db86b048f2abb2f2a14d33184"",""ethereum"":""0xd5eb7e91ae88ea2550f9bfd04208399c95df4dc7"",""solana"":""8bk3hKqrq1NgLKck937Fj6PoY9jAJgGpUKQ28qutgqha""}",18
silk-bcec1136-561c-4706-a42c-8b67d0d7f7d2,SILK,Silk,silk-bcec1136-561c-4706-a42c-8b67d0d7f7d2,silk-bcec1136-561c-4706-a42c-8b67d0d7f7d2myg.png,680094,"{""secret"":""secret1fl449muk5yq8dlad7a22nje4p5d2pnsgymhjfd"",""osmosis"":""ibc/8A025A1E70101E39DE0C0F153E582A30806D3DA16795F6D868A3AA247D2DEDF7""}",18
lossless,LSS,Lossless,lossless,losslessktB.png,100000000,"{""ethereum"":""0x3b9be07d622accaed78f479bc0edabfd6397e320"",""binance_smart"":""0xf7686f43591302cd9b4b9c4fe1291473fae7d9c9""}",18
casinu-inu,CASINU,Casinu Inu,casinu-inu,casinu-inuhY3.png,100000000000,"{""ethereum"":""0x1b54a6fa1360bd71a0f28f77a1d6fba215d498c3""}",18
xdai-stake,STAKE,STAKE,xdai-stake,xdai-stakevWS.png,2185778,"{""ethereum"":""0x0ae055097c6d159879521c384f1d2123d1f195e6"",""xdai"":""0xb7d311e2eb55f2f68a9440da38e7989210b9a05e"",""sora"":""0x005476064ff01a847b1c565ce577ad37105c3cd2a2e755da908b87f7eeb4423b"",""energi"":""0xb9acfe14ef575cb043ffde23922c2bf97651a207""}",18
0x4ade2b180f65ed752b6f1296d0418ad21eb578c0_ethereum,KEK,Kekistan,kekistan,0x4ade2b180f65ed752b6f1296d0418ad21eb578c0_ethereumMCI.png,420690000000,"{""ethereum"":""0x4ade2b180f65ed752b6f1296d0418ad21eb578c0""}",18
0xe96301023608c61e0191cd4ced0a5cd767ed4da8_base,ROOTAI,Root Edge,root-edge-2,root-edge-2mdC.png,979999999,"{""base"":""0xe96301023608c61e0191cd4ced0a5cd767ed4da8""}",18
C9FVTtx4WxgHmz55FEvQgykq8rqiLS8xRBVgqQVtpump_solana,CENTS,Centience,centience,C9FVTtx4WxgHmz55FEvQgykq8rqiLS8xRBVgqQVtpump_solanaGET.png,999596535,"{""solana"":""C9FVTtx4WxgHmz55FEvQgykq8rqiLS8xRBVgqQVtpump""}",18
ishares-systematic-alternatives-active-etf-ondo-tokenized,IALTON,iShares Systematic Alternatives Active ETF (Ondo Tokenized),ishares-systematic-alternatives-active-etf-ondo-tokenized,ishares-systematic-alternatives-active-etf-ondo-tokenizedSmu.png,2283,"{""ethereum"":""0x9ed446b5cc93803291bfda5346a5b634a93a500c"",""binance_smart"":""0x879fc0d8dfdb13b4af3513d9838f82c4df8f57e8"",""solana"":""gfKuBLive7Q35MYgxPgNx7qx524zQJ9RiDZJFZoondo""}",18
pundi-x-purse,PURSE,Pundi X PURSE,pundi-x-purse,pundi-x-purseQFP.png,52667550334,"{""binance_smart"":""0x29a63f4b209c29b4dc47f06ffa896f32667dad2c"",""function-x"":""0x5fd55a1b9fc24967c4db09c513c3ba0dfa7ff687"",""ethereum"":""0x95987b0cdc7f65d989a30b3b7132a38388c548eb""}",18
0x588ce4f028d8e7b53b687865d6a67b3a54c75518_unichain,USDT,Unichain Bridged USDT (Unichain),unichain-bridged-usdt-unichain,0x588ce4f028d8e7b53b687865d6a67b3a54c75518_unichainpcG.png,68117,"{""unichain"":""0x588ce4f028d8e7b53b687865d6a67b3a54c75518""}",18
HSUMi4rMgjrx7zRUabw3ogGu1pa5hmF2eVcXj9Apump_solana,GOON,goon,goon-3,goon-3KcS.png,977140511,"{""solana"":""HSUMi4rMgjrx7zRUabw3ogGu1pa5hmF2eVcXj9Apump""}",18
everclear,CLEAR,Everclear,everclear,everclearav5.png,1000000000,"{""ethereum"":""0x58b9cb810a68a7f3e1e4f8cb45d1b9b3c79705e8"",""polygon-pos"":""0x58b9cb810a68a7f3e1e4f8cb45d1b9b3c79705e8"",""binance_smart"":""0x58b9cb810a68a7f3e1e4f8cb45d1b9b3c79705e8"",""optimistic-ethereum"":""0x58b9cb810a68a7f3e1e4f8cb45d1b9b3c79705e8"",""arbitrum-one"":""0x58b9cb810a68a7f3e1e4f8cb45d1b9b3c79705e8"",""xdai"":""0x58b9cb810a68a7f3e1e4f8cb45d1b9b3c79705e8""}",18
router-protocol-2,ROUTE,Router Protocol,router-protocol-2,router-protocol-2MBO.png,982072351,"{""ethereum"":""0x60f67e1015b3f069dd4358a78c38f83fe3a667a9"",""polygon-pos"":""0x93890f346c5d02c3863a06657bc72555dc72c527"",""osmosis"":""ibc/3F8F00094F0F79D17750FF69C5F09B078084018570AAF4F1C92C86D3F73E6488""}",18
dyor-token-2,DYOR,DYOR,dyor-token-2,dyor-token-2Xp8.png,6900000000000,"{""ethereum"":""0x8484e645a054586a6d6af60c0ee911d7b5180e64""}",18
0x00cb1fbca324d51325a7264d54072bc073c28ba3_base,DARKSOL,Darksol,darksol,0x00cb1fbca324d51325a7264d54072bc073c28ba3_basekd6.png,100000000000,"{""base"":""0x00cb1fbca324d51325a7264d54072bc073c28ba3""}",18
yield-farm-crop,CROP,Yield Farm Crop,yield-farm-crop,yield-farm-crop8WI.png,1993717700,"{""robinhood"":""0x6cfaf2f60f47182f0c9f5d199db92ab261a9d487""}",18
BkVeSP2GsXV3AYoRJBSZTpFE8sXmcuGnRQcFgoWspump_solana,AUTISM,autism,autism-2,BkVeSP2GsXV3AYoRJBSZTpFE8sXmcuGnRQcFgoWspump_solanaGZe.png,948829061,"{""solana"":""BkVeSP2GsXV3AYoRJBSZTpFE8sXmcuGnRQcFgoWspump""}",18
0xa1f72459dfa10bad200ac160ecd78c6b77a747be_base,CLAWNCH,CLAWNCH,clawnch,clawnchULX.png,100000000000,"{""base"":""0xa1f72459dfa10bad200ac160ecd78c6b77a747be""}",18
zenpandacoin,$ZPC,ZenPandaCoin,zenpandacoin,zenpandacoinUHC.png,888888888888888,"{""arbitrum-one"":""0xee0b14e8fc86691cf6ee42b9954985b4cf968534""}",18
bored-candy-city,CANDY,Bored Candy City,bored-candy-city,bored-candy-cityQk8.png,234639162,"{""cronos"":""0x06c04b0ad236e7ca3b3189b1d049fe80109c7977""}",18
nearpad,PAD,Pad.Fi,nearpad,nearpadB6j.png,150000000,"{""ethereum"":""0xea7cc765ebc94c4805e3bff28d7e4ae48d06468a"",""aurora"":""0x885f8cf6e45bdd3fdcdc644efdcd0ac93880c781""}",18
5sTUgEVTcRvPNK6CFpHBgVfDm6Vb7yKhb9ovMbvUpump_solana,GOON,Never Goon,never-goon,never-goonVsg.png,999116938,"{""solana"":""5sTUgEVTcRvPNK6CFpHBgVfDm6Vb7yKhb9ovMbvUpump""}",18
ionq-rstock,RIONQ,IonQ Tokenized Stock (Reality),ionq-rstock,ionq-rstockIz5.png,1536,"{""arbitrum-one"":""0xd2ec64a82a212d6833d0bf851237091a4197aa76"",""morph-l2"":""0xa382bb7692f15cff44878c564c47aa1111e4543e""}",18
0x4d4574f50dd8b9dbe623cf329dcc78d76935e610_ethereum,ZEUS,Zeus,zeus-4,0x4d4574f50dd8b9dbe623cf329dcc78d76935e610_ethereumLqt.png,420690000000000,"{""ethereum"":""0x4d4574f50dd8b9dbe623cf329dcc78d76935e610""}",18
heir,HEIR,HEIR,heir,heirodR.png,100000000000,"{""base"":""0x01e75e59eabf83c85360351a100d22e025a75bc2""}",18
0x0ab8d01664d4bb625705f9f3c595a8a19b3dcfb0_robinhood,SUSHICAT,sushicat,sushicat,0x0ab8d01664d4bb625705f9f3c595a8a19b3dcfb0_robinhoodbmA.png,931662574,"{""robinhood"":""0x0ab8d01664d4bb625705f9f3c595a8a19b3dcfb0""}",18
ninjas-in-pyjamas,DOJO,Ninjas in Pyjamas,ninjas-in-pyjamas,ninjas-in-pyjamasNk1.png,5000000,"{""chiliz"":""0xb66d72efc5fd77a8f9dc2e7c0f14304828956644"",""solana"":""8gcvHCxXWUNcpD4QahroPCoZExTKNMUwdmFCG4jsd9Wg"",""base"":""0xb3fd5687b1a388112acc1d02382c5759d040dc6f""}",18
0xea87148a703adc0de89db2ac2b6b381093ae8ee0_ethereum,IRIS,I.R.I.S,i-r-i-s,0xea87148a703adc0de89db2ac2b6b381093ae8ee0_ethereumCV3.png,1000000000,"{""ethereum"":""0xea87148a703adc0de89db2ac2b6b381093ae8ee0""}",18
3Y7uP2UhEE68dpyAmWfXc7biSQmQqQonCiyDp6KYpump_solana,RETARDMAXX,Retardmaxxing,retardmaxxing,retardmaxxingSOX.png,999595284,"{""solana"":""3Y7uP2UhEE68dpyAmWfXc7biSQmQqQonCiyDp6KYpump""}",18
bakerytoken,BAKE,BakerySwap,bakerytoken,bakerytoken6fx.png,289770063,"{""binance_smart"":""0xe02df9e3e622debdd69fb838bb799e3f168902c5"",""harmony-shard-0"":""0x4da9464daf2b878e32e29115e2cfd786fe84692a""}",18
data-bot,DATA,Databot,data-bot,data-botDS9.png,1000000000,"{""ethereum"":""0xb551b43af192965f74e3dfaa476c890b403cad95""}",18
jackpool-finance,JFI,JackPool.finance,jackpool-finance,jackpool-financery8.png,21000,"{""tron"":""TN7zQd2oCCguSQykZ437tZzLEaGJ7EGyha""}",18
0x8c213ae332274e6314bf4cf989604e7f61162967_ethereum,DONGO,Dongo AI,dongo-ai,dongo-aiyPn.png,1000000000,"{""ethereum"":""0x8c213ae332274e6314bf4cf989604e7f61162967""}",18
dragonking,DRAGONKING,DragonKing,dragonking,dragonkingDQO.png,13270000000000,"{""binance_smart"":""0x11ac6af070fe1991a457c56fb85c577efe57f0e4""}",18
0x5c72992b83e74c4d5200a8e8920fb946214a5a5d_base,BEAN,MineBean,minebean,minebeanxok.png,138347,"{""base"":""0x5c72992b83e74c4d5200a8e8920fb946214a5a5d""}",18
zoich,ZOICH,ZOICH,zoich,zoichJJM.png,1000000000,"{""the-open-network"":""EQC-hAwmSVgJ7iDUPc045FB3HISsPjaVReakE_OA7YxPnpmD""}",18
pecunity,PEC,Pecunity,pecunity,pecunitybmB.png,25000000,"{""binance_smart"":""0x413c2834f02003752d6cc0bcd1ce85af04d62fbe""}",18
0x6ef69ba2d051761afd38f218f0a3cf517d64a760_ethereum,CPAI,Moontax,moontax,0x6ef69ba2d051761afd38f218f0a3cf517d64a760_ethereumNl9.png,100000000,"{""ethereum"":""0x6ef69ba2d051761afd38f218f0a3cf517d64a760""}",18
cybervein,CVT,CyberVein,cybervein,CyberVeinTokenDy3bo.png,2147483648,"{""ethereum"":""0xbe428c3867f05dea2a89fc76a102b544eac7f772""}",18
AtJ351dUKdWz8MP1pQCK5UxyVqdkjyr61vXCgegQpump_solana,ANTE,Ante Games,ante-games,ante-games0De.png,999955698,"{""solana"":""AtJ351dUKdWz8MP1pQCK5UxyVqdkjyr61vXCgegQpump""}",18
polinate,POLI,Polinate,polinate,polinatek9f.png,500000000,"{""ethereum"":""0xa1a36d3537bbe375cc9694795f663ddc8d516db9"",""polygon-pos"":""0x6fb54ffe60386ac33b722be13d2549dd87bf63af""}",18
2yd2Suus3YY4Sa7LHhn1PSHkjXj3XKrars4cCog2tGU8_solana,$INA,Pepeinatux,pepeinatux,pepeinatuxTTl.png,1000000000,"{""solana"":""2yd2Suus3YY4Sa7LHhn1PSHkjXj3XKrars4cCog2tGU8""}",18
0x903badf5bf9175297cc889030e051431950cffff_binance_smart,CARDIO,Cardio,cardio,cardioKw8.png,879636589,"{""binance_smart"":""0x903badf5bf9175297cc889030e051431950cffff""}",18
dlp-duck-token,DUCK,DLP Duck,dlp-duck-token,dlp-duck-token52w.png,66672491,"{""ethereum"":""0xc0ba369c8db6eb3924965e5c4fd0b4c1b91e305f"",""binance_smart"":""0x5d186e28934c6b0ff5fc2fece15d1f34f78cbd87""}",18
debt,$DEBT,DEBT,debt,debtQ0T.png,933450168,"{""solana"":""9NQc7BnhfLbNwVFXrVsymEdqEFRuv5e1k7CuQW82pump""}",18
onchain-ai,OCAI,Onchain AI,onchain-ai,onchain-aiSKI.png,100000000,"{""ethereum"":""0x4309e88d1d511f3764ee0f154cee98d783b61f09""}",18
dumbmoney,GME,DumbMoney,dumbmoney,dumbmoneySL4.png,100000000,"{""ethereum"":""0xfc4b4ec763722b71eb1d729749b447a9645f5f30"",""solana"":""556BVtBSN6kWVXm5q9KW3FLXoFjmwcMi8C4ztKrH4Xk4""}",18
babybonk-4,BABYBONK,Babybonk,babybonk-4,babybonk-401b.png,994545528640,"{""solana"":""Cf1ZjYZi5UPbAyC7LhLkJYvebxrwam4AWVacymaBbonk""}",18
trollcoin-2,TROLL,TrollCoin,trollcoin-2,trollcoin-27eO.png,1000000000,"{""cronos"":""0x679f6863a653251c8c215e77205a7058b5bf676a""}",18
destiny-tech100-rstock,RDXYZ,Destiny Tech100 Tokenized Stock (Reality),destiny-tech100-rstock,destiny-tech100-rstockWl3.png,2039,"{""arbitrum-one"":""0x1492f19c8ffdbccb528d12edd09c6d504a6d1258""}",18
maia,MAIA,Maia,maia,maiaial.png,233771,"{""metis-andromeda"":""0x72c232d56542ba082592dee7c77b1c6cfa758bcd"",""arbitrum-one"":""0x00000000ea00f3f4000e7ed5ed91965b19f1009b""}",18
0x3927fb89f34bbee63351a6340558eebf51a19fb8_ethereum,SPURDO,SPURDO ON ETH,spurdo-on-eth,spurdo-on-eth1DB.png,1000000000,"{""ethereum"":""0x3927fb89f34bbee63351a6340558eebf51a19fb8""}",18
celo-kenyan-shilling,KESM,Mento Kenyan Shilling,celo-kenyan-shilling,celo-kenyan-shilling9L7.png,8797270,"{""celo"":""0x456a3d042c0dbd3db53d5489e98dfb038553b0d0""}",18
flip-2,FLIP,FLIP,flip-2,flip-2nUt.png,999924002,"{""solana"":""GdbJgfLXG5pBEibnrpSvfmXfbNKvyZkLQoTiQLoJpump""}",18
0x41e0fe1317bd6e8944b037cd59b22d428c1434c2_base,VIRTU,Virtu by Virtuals,virtu,virtuvYZ.png,998684587,"{""base"":""0x41e0fe1317bd6e8944b037cd59b22d428c1434c2""}",18
M1NEtUMtvTcZ5K8Ym6fY4DZLdKtBFeh8qWWpsPZiu5S_solana,MINE,RuneMine,runemine,M1NEtUMtvTcZ5K8Ym6fY4DZLdKtBFeh8qWWpsPZiu5S_solanasTE.png,500000000,"{""solana"":""M1NEtUMtvTcZ5K8Ym6fY4DZLdKtBFeh8qWWpsPZiu5S"",""ordinals"":""896048:390"",""near-protocol"":""mineminemine.tkn.primitives.near""}",18
0x7777cec341e7434126864195adef9b05dcc3489c_ethereum,ONI,Onigiri,onigiri-2,0x7777cec341e7434126864195adef9b05dcc3489c_ethereumqax.png,420690000000,"{""ethereum"":""0x7777cec341e7434126864195adef9b05dcc3489c""}",18
0x444416a582466fdae0f2fcdf0a859675f8ff6e9f_binance_smart,MARSCOIN,MarsCoin,marscoin-3,0x444416a582466fdae0f2fcdf0a859675f8ff6e9f_binance_smart3aF.png,1000000000,"{""binance_smart"":""0x444416a582466fdae0f2fcdf0a859675f8ff6e9f""}",18
lynex,LYNX,Lynex,lynex,lynexidg.png,468643706,"{""linea"":""0x1a51b19ce03dbe0cb44c1528e34a7edd7771e9af""}",18
0x385d65ed9241e415cfc689c3e0bcf5ab2f0505c2_ethereum,MOLLARS,MollarsToken,mollarstoken,mollarstokengBN.png,8262932,"{""ethereum"":""0x385d65ed9241e415cfc689c3e0bcf5ab2f0505c2""}",18
0x36692131ccc0a478e26b3a1ada6447d95f79df21_base,BABYPEPE,Baby Pepe,baby-pepe-4,baby-pepe-4kmn.png,420000000000,"{""base"":""0x36692131ccc0a478e26b3a1ada6447d95f79df21""}",18
based-apu,APU,Based Apu,based-apu,based-apuST7.png,420690000000000,"{""base"":""0x6f35720b272bf23832852b13ae9888c706e1a379""}",18
0x420698cfdeddea6bc78d59bc17798113ad278f9d_ethereum,TOWELI,Towelie,towelie,towelie2hz.png,940000000,"{""ethereum"":""0x420698cfdeddea6bc78d59bc17798113ad278f9d""}",18
SPHRp8cZaSQBTp1KMNP4V1X821SXhXWt4Q2yLdyHzju_solana,SPHR,Sphere Entertainment Co. (Backpack Securities),sphere-entertainment-co-backpack-securities,sphere-entertainment-co-backpack-securitiesoOP.png,522.1869,"{""solana"":""SPHRp8cZaSQBTp1KMNP4V1X821SXhXWt4Q2yLdyHzju""}",18
coredao-bridged-weth-core,WETH,CoreDAO Bridged WETH (Core),coredao-bridged-weth-core,coredao-bridged-weth-coreNTS.png,39.9273,"{""core"":""0xeab3ac417c4d6df6b143346a46fee1b847b50296""}",18
0x1d62584d38d26519ea509ee0668e4df25d164444_binance_smart,ZIB,ZIBA,ziba,0x1d62584d38d26519ea509ee0668e4df25d164444_binance_smarty67.png,1000000000,"{""binance_smart"":""0x1d62584d38d26519ea509ee0668e4df25d164444""}",18
0x6a780b087a16c9f4270cd0dff6f44b7fec1fdf25_base,FRIC,based fric,based-fric,based-fricnYw.png,1000000000,"{""base"":""0x6a780b087a16c9f4270cd0dff6f44b7fec1fdf25""}",18
quantum-computing-ondo-tokenized,QUBTON,Quantum Computing (Ondo Tokenized),quantum-computing-ondo-tokenized,quantum-computing-ondo-tokenizedP66.png,8119,"{""ethereum"":""0xc95c9e3fa311664b5e744b3c2716547bec2ba7da"",""binance_smart"":""0x82e07c1017032cfd889b1ca81ebe722c4d4de825"",""solana"":""E4YowrHx5wm4RtSjfuvTqtNH3Wf7NEj5tYZGD9Bondo""}",18
magic-internet-money-fantom,MIM,Magic Internet Money (Fantom),magic-internet-money-fantom,magic-internet-money-fantom5ot.png,2103366,"{""fantom"":""0x82f0b8b456c1a451378467398982d4834b6829c1""}",18
0x88faea256f789f8dd50de54f9c807eef24f71b16_base,WOLF,Landwolf,landwolf-base,landwolf-base62E.png,420690000000000,"{""base"":""0x88faea256f789f8dd50de54f9c807eef24f71b16""}",18
galaconnect-bridged-wld-galachain,GWLD,GalaConnect Bridged WLD (GalaChain),galaconnect-bridged-wld-galachain,galaconnect-bridged-wld-galachainocC.png,1080398,"{""galachain"":""E4WREsDb5Aa3BqdMtpmX7TQwFi""}",18
tesla-rstock,TSLAR,Tesla rStock,tesla-rstock,tesla-rstockApU.png,1239,"{""solana"":""FJug3z58gssSTDhVNkTse5fP8GRZzuidf9SRtfB2RhDe""}",18
life-crypto,LIFE,Life Crypto,life-crypto,life-crypto4fF.png,10000000000,"{""ethereum"":""0x6c936d4ae98e6d2172db18c16c4b601c99918ee6"",""binance_smart"":""0x82190d28e710ea9c029d009fad951c6f1d803bb3""}",18
dressdio,DRESS,DRESSdio,dressdio,dressdio9X7.png,2000000000,"{""polygon-pos"":""0xe6800cf598015a3ec5dd534f328f349da239bc78""}",18
sao-paulo-fc-fan-token,SPFC,Sao Paulo FC Fan Token,sao-paulo-fc-fan-token,sao-paulo-fc-fan-tokenUv8.png,20000000,"{""chiliz"":""0x6345c0ecca1b9007a9043cb5da8150ae07add498"",""solana"":""25vvHsXtKnnBtno1otYJzcdVcoxR7bGqWR7FZEZh9CXn"",""base"":""0x69346879e81f20ec280944d4e363fb362bee7259""}",18
y8u,Y8U,Y8U,y8u,y8u96D.png,463999964,"{""binance_smart"":""0x991b4ce57864060115700d6fc05c7780346a15ac""}",18
teddy-bear-2,TEDDY,Teddy Bear,teddy-bear-2,teddy-bear-2blL.png,1000000000,"{""pulsechain"":""0x91ab48c4988ae5bbeb02acb8b5cdbcd8225d7974""}",18
RUMsPfFZFnN1ZmGANwP7FNMJMjKH4m9RiMePrtVtLe7_solana,RUM,RUM Group Inc. (Backpack Securities),rum-group-inc-backpack-securities,rum-group-inc-backpack-securitiesABh.png,8808,"{""solana"":""RUMsPfFZFnN1ZmGANwP7FNMJMjKH4m9RiMePrtVtLe7""}",18
8CkiSHHJDHJV4LUoiRMLUhqG58cUkbyJRtcP4Z3mCXNf_solana,POWSCHE,POWSCHE,powsche,8CkiSHHJDHJV4LUoiRMLUhqG58cUkbyJRtcP4Z3mCXNf_solanaHtu.png,99882617,"{""solana"":""8CkiSHHJDHJV4LUoiRMLUhqG58cUkbyJRtcP4Z3mCXNf""}",18
manifold-finance,FOLD,Manifold Finance,manifold-finance,manifold-financel3X.png,2000000,"{""ethereum"":""0xd084944d3c05cd115c09d072b9f44ba3e0e45921""}",18
F1ppSHedBsGGwEKH78JVgoqr4xkQHswtsGGLpgM7bCP2_solana,ASTEROID,ASTEROID,asteroid,asteroidclB.png,999594507,"{""solana"":""F1ppSHedBsGGwEKH78JVgoqr4xkQHswtsGGLpgM7bCP2""}",18
0x7c7489163b1060333e71229bb7a9f8cb7094a7a9_arc,FOCI,Foci,foci,focibfo.png,878343108,"{""arc"":""0x7c7489163b1060333e71229bb7a9f8cb7094a7a9""}",18
0x5f6a682a58854c7fbe228712aeeffccde0008ac0_base,SHEKEL,Rabbi Schlomo by Virtuals,rabbi-schlomo-by-virtuals,0x5f6a682a58854c7fbe228712aeeffccde0008ac0_basevpY.png,1000000000,"{""base"":""0x5f6a682a58854c7fbe228712aeeffccde0008ac0""}",18
0x34c4a0056fad621c723433a473140aadc8998a8b_base,FLYTE,Flyte AI,flyte-ai,0x34c4a0056fad621c723433a473140aadc8998a8b_baseebp.png,1000000000,"{""base"":""0x34c4a0056fad621c723433a473140aadc8998a8b""}",18
0xe93da37413d99b304f55ec3826032a40ae657f8d_binance_smart,MPS,Meupass,meupass,meupassrTz.png,25000000,"{""binance_smart"":""0xe93da37413d99b304f55ec3826032a40ae657f8d""}",18
wrapped-btc-caviarnine,XWBTC,Instabridge Wrapped BTC (Radix),wrapped-btc-caviarnine,wrapped-btc-caviarnineIyz.png,1.1038,"{""radix"":""resource_rdx1t580qxc7upat7lww4l2c4jckacafjeudxj5wpjrrct0p3e82sq4y75""}",18
5BKTP1cWao5dhr8tkKcfPW9mWkKtuheMEAU6nih2jSX_solana,NOHAT,DogWifNoHat,dogwifnohat,dogwifnohatv4m.png,982386248,"{""solana"":""5BKTP1cWao5dhr8tkKcfPW9mWkKtuheMEAU6nih2jSX""}",18
0xbf72347bacefe747eaf48b8a66e38babad3020a0_robinhood,STONKS,Stonks,stonks-8,stonks-8Okv.png,898186102,"{""robinhood"":""0xbf72347bacefe747eaf48b8a66e38babad3020a0""}",18
HhCLbkW6FwhriTkk81W8tYstsRCLUu6Y7Je1SQjVpump_solana,KIKI,KIKICat,kiki-2,HhCLbkW6FwhriTkk81W8tYstsRCLUu6Y7Je1SQjVpump_solanaAuY.png,999904671,"{""solana"":""HhCLbkW6FwhriTkk81W8tYstsRCLUu6Y7Je1SQjVpump""}",18
gold-2,GOLD,Gold,gold-2,gold-29TN.png,16434584,"{""ethereum"":""0x089453742936dd35134383aee9d78bee63a69b01""}",18
alloca,ALLOCA,Alloca,alloca,allocajRl.png,100000000,"{""monad"":""0x1ad7052bb331a0529c1981c3ec2bc4663498a110""}",18
ovo-nft-platform,OVO,OVO,ovo-nft-platform,ovo-nft-platformquD.png,165000000,"{""ethereum"":""0xbfc66d8cce39e668fd5d3c10fd1b1eabb82c27b7""}",18
dogefather-2,DOGEFATHER,Dogefather,dogefather-2,dogefather-2eq2.png,999771645,"{""solana"":""EcYK2XNG4wWr2vDg2M2Hrts6SrU2QB4NzXLBf888pump""}",18
aarna-afi-802v2,AFI 802V2,aarna afi 802v2,aarna-afi-802v2,aarna-afi-802v2Zuu.png,1749,"{""ethereum"":""0xb68e430c56ed9e548e864a68a60f9d41f993b32c""}",18
3Rcc6tMyS7ZEa29dxV4g3J5StorS9J1dn98gd42pZTk1_solana,MIMANY,MIMANY,mimany,mimany5Ys.png,960686951,"{""solana"":""3Rcc6tMyS7ZEa29dxV4g3J5StorS9J1dn98gd42pZTk1""}",18
0x4444140f59535d58b165f71667765228d9308f3f_binance_smart,深脑链,深脑链,shen-nao-lian,0x4444140f59535d58b165f71667765228d9308f3f_binance_smartpth.png,1000000000,"{""binance_smart"":""0x4444140f59535d58b165f71667765228d9308f3f""}",18
decoin-flow,DCF,DeCoin Flow,decoin-flow,decoin-flowCEz.png,2000000000,"{""binance_smart"":""0x8073b3a474d15a0c01a14857472611d3182feaa6""}",18
evana,EVANA,EVANA,evana,evanaRBr.png,10000000000,"{""binance_smart"":""0xb44816216ad4057282e4f4b8a4983f8fb81615a7""}",18
wild-goat-coin-2,WGC,Wild Goat Coin [OLD],wild-goat-coin-2,wild-goat-coin-2QQu.png,4000000000,"{""solana"":""8aB8hdzyqjCJdtP1rfdLNX8bGDjjM8S42BZ3j4zNVtRN"",""polygon-pos"":""0xc53ac24320e3a54c7211e4993c8095078a0cb3cf"",""base"":""0x3d63825b0d8669307366e6c8202f656b9e91d368"",""sui"":""0x492ff7bc419c2502604980c486aa291d48f7ffc10e8073f38c59329491f106d5::coin::COIN"",""ethereum"":""0xc53ac24320e3a54c7211e4993c8095078a0cb3cf"",""optimistic-ethereum"":""0x3d63825b0d8669307366e6c8202f656b9e91d368"",""bob-network"":""0x3d63825b0d8669307366e6c8202f656b9e91d368"",""arbitrum-one"":""0xc53ac24320e3a54c7211e4993c8095078a0cb3cf"",""berachain"":""0xc53ac24320e3a54c7211e4993c8095078a0cb3cf"",""beam"":""0xc53ac24320e3a54c7211e4993c8095078a0cb3cf"",""celo"":""0xc53ac24320e3a54c7211e4993c8095078a0cb3cf"",""linea"":""0xc53ac24320e3a54c7211e4993c8095078a0cb3cf"",""mantle"":""0xc53ac24320e3a54c7211e4993c8095078a0cb3cf"",""opbnb"":""0xc53ac24320e3a54c7211e4993c8095078a0cb3cf"",""scroll"":""0xc53ac24320e3a54c7211e4993c8095078a0cb3cf"",""sonic"":""0xc53ac24320e3a54c7211e4993c8095078a0cb3cf"",""x-layer"":""0xc53ac24320e3a54c7211e4993c8095078a0cb3cf"",""cyber"":""0x3d63825b0d8669307366e6c8202f656b9e91d368"",""ink"":""0x3d63825b0d8669307366e6c8202f656b9e91d368"",""lisk"":""0x3d63825b0d8669307366e6c8202f656b9e91d368"",""mode"":""0x3d63825b0d8669307366e6c8202f656b9e91d368"",""soneium"":""0x3d63825b0d8669307366e6c8202f656b9e91d368"",""swellchain"":""0x3d63825b0d8669307366e6c8202f656b9e91d368"",""unichain"":""0x3d63825b0d8669307366e6c8202f656b9e91d368"",""world-chain"":""0x3d63825b0d8669307366e6c8202f656b9e91d368"",""zora-network"":""0x3d63825b0d8669307366e6c8202f656b9e91d368"",""hyperevm"":""0xc53ac24320e3a54c7211e4993c8095078a0cb3cf"",""binance_smart"":""0xc53ac24320e3a54c7211e4993c8095078a0cb3cf"",""zksync"":""0x05b65997ff7cb7976b43000ad376f91108b30d40"",""aptos"":""0xaef817092359dfa234e87490611c42aa1597371df367286b641ea5d9f7a69de9"",""avalanche"":""0xc53ac24320e3a54c7211e4993c8095078a0cb3cf"",""klay-token"":""0xc53ac24320e3a54c7211e4993c8095078a0cb3cf"",""monad"":""0xc53ac24320e3a54c7211e4993c8095078a0cb3cf"",""plasma"":""0xc53ac24320e3a54c7211e4993c8095078a0cb3cf"",""sei-v2"":""0xc53ac24320e3a54c7211e4993c8095078a0cb3cf""}",18
inc-reward-service,IRS,INC Reward Service,inc-reward-service,inc-reward-serviceKkZ.png,1555369000000,"{""pulsechain"":""0x0107fa4f5b4ed84daf188770d7096654cb4ade35""}",18
all-art,AART,ALL.ART,all-art,all-artX4W.png,4999749492,"{""solana"":""F3nefJBcejYbtdREjui1T9DPh5dBgpkKq7u2GAAMXs5B""}",18
89q6aHpZ1fXhuwpnrBgqmCvuAX4GaCrRPQNp5xVHpump_solana,CONCHO,hispanic pepe,hispanic-pepe,89q6aHpZ1fXhuwpnrBgqmCvuAX4GaCrRPQNp5xVHpump_solanavBe.png,999956931,"{""solana"":""89q6aHpZ1fXhuwpnrBgqmCvuAX4GaCrRPQNp5xVHpump""}",18
moani,MOANI,Paradise Tycoon,moani,moani8xG.png,5989999931,"{""avalanche"":""0xeec951bfdeb358371a19512c6c33cdd840d47db0""}",18
FRAGMEWj2z65qM62zqKhNtwNFskdfKs4ekDUDX3b4VD5_solana,FRAG,Fragmetric,fragmetric,fragmetricSe6.png,1000000000,"{""solana"":""FRAGMEWj2z65qM62zqKhNtwNFskdfKs4ekDUDX3b4VD5""}",18
NpqoucNKKJ62PwikH4NBvTm3R7mgREXoTtv7nJSGLUE_solana,GLUE,GLUE,glue-3,glue-3waC.png,963565545,"{""solana"":""NpqoucNKKJ62PwikH4NBvTm3R7mgREXoTtv7nJSGLUE""}",18
0xe3dbc4f88eaa632ddf9708732e2832eeaa6688ab_ethereum,AIUS,Arbius,arbius,arbiusCAW.png,1000000,"{""ethereum"":""0x8afe4055ebc86bd2afb3940c0095c9aca511d852"",""arbitrum-nova"":""0x8afe4055ebc86bd2afb3940c0095c9aca511d852"",""arbitrum-one"":""0x4a24b101728e07a52053c13fb4db2bcf490cabc3""}",18
openzk-network,OZK,OpenZK Network,openzk-network,openzk-networkOzm.png,15000000000,"{""ethereum"":""0x737d461917ccf0fa28a52da30672e2ddc214f0bf""}",18
babybonk,BABYBONK,BabyBonk [OLD],babybonk,babybonk419.png,0,"{""binance_smart"":""0xbb2826ab03b6321e170f0558804f2b6488c98775""}",18
0x48b847cf774a5710f36f594b11fc10e2e59bba72_ethereum,UNIT0,Unit0,unit0,unit0FZK.png,100206829,"{""ethereum"":""0x48b847cf774a5710f36f594b11fc10e2e59bba72"",""waves"":""GjwAHMjqWzYR4LgoNy91CxUKAGJN79h2hseZoae4nU8t""}",18
crypto-raiders,RAIDER,Crypto Raiders,crypto-raiders,crypto-raidersIam.png,100000000,"{""polygon-pos"":""0xcd7361ac3307d1c5a46b63086a90742ff44c63b3""}",18
poor-doge,PDOGE,Poor Doge,poor-doge,poor-doge31K.png,1467266000185,"{""binance_smart"":""0xb299b7697d7b63b7c8616a120c0fe7a70db2f59b""}",18
0x12e377989a87da0f9b9166f0f875c9069eaa776c_base,CLO,Cloudland,cloudland,0x12e377989a87da0f9b9166f0f875c9069eaa776c_baseXU7.png,1000000000000,"{""base"":""0x12e377989a87da0f9b9166f0f875c9069eaa776c""}",18
0xb40865a6ed718f57468cd3f4f60825a130b89a51_ethereum,DESU,DESU,desu,0xb40865a6ed718f57468cd3f4f60825a130b89a51_ethereumd5S.png,1000000000,"{""ethereum"":""0xb40865a6ed718f57468cd3f4f60825a130b89a51""}",18
0xe3b9cfb8ea8a4f1279fbc28d3e15b4d2d86f18a0_ethereum,FOTTIE,Fottie,fottie,fottiejUd.png,420690000000,"{""ethereum"":""0xe3b9cfb8ea8a4f1279fbc28d3e15b4d2d86f18a0""}",18
0xd37015dbe943fc81053232de3f757154cbaa9e7c_cronos,MCGA,Make CRO Great Again,make-cro-great-again,make-cro-great-againC7w.png,1000000000,"{""cronos"":""0xd37015dbe943fc81053232de3f757154cbaa9e7c""}",18
8sWKTMrh9bWUrvykK4H3jzEzGbEqvJNpS2f7joYKpump_solana,SCHIZO,SCHIZO,schizo,8sWKTMrh9bWUrvykK4H3jzEzGbEqvJNpS2f7joYKpump_solanaPxe.png,999999999,"{""solana"":""8sWKTMrh9bWUrvykK4H3jzEzGbEqvJNpS2f7joYKpump""}",18
planq,PLQ,Planq,planq,planqGgm.png,143624015,"{""osmosis"":""ibc/B1E0166EA0D759FDF4B207D1F5F12210D8BFE36F2345CEFC76948CE2B36DFBAF"",""ethereum"":""0xd23ed8ca350ce2631f7ecdc5e6bf80d0a1debb7b"",""binance_smart"":""0x13ef69f64de07d14517b667728db8b9f23856a38"",""archway"":""ibc/CFD58F8A64F93940D00CABE85B05A6D0FBA1FF4DF42D3C1E23C06DF30A2BAE1F"",""cosmos"":""ibc/B1E0166EA0D759FDF4B207D1F5F12210D8BFE36F2345CEFC76948CE2B36DFBAF""}",18
0x97401d48a80b15bc7291599e24b590eedcd7ce37_monad,HST,HYPERSTITIONS,hyperstitions,hyperstitionsnrK.png,1000000000,"{""monad"":""0x97401d48a80b15bc7291599e24b590eedcd7ce37""}",18
kensei,KENSEI,Kensei,kensei,kenseitUw.png,44984089534,"{""shido"":""0xfb889425b72c97c5b4484cf148ae2404ab7a13e7""}",18
5PsnNwPmMtsGZgG6ZqMoDJJi28BR5xpAotXHHiQhpump_solana,CUPSEY,CUPSEY [OLD],cupsey,5PsnNwPmMtsGZgG6ZqMoDJJi28BR5xpAotXHHiQhpump_solanayDY.png,999566743,"{""solana"":""5PsnNwPmMtsGZgG6ZqMoDJJi28BR5xpAotXHHiQhpump""}",18
0xe56a10448c632e44605dcc5201c36122ff9d0250_ethereum,HEDGE,HedgeFi,hedgefi,0xe56a10448c632e44605dcc5201c36122ff9d0250_ethereumWuC.png,1000000000,"{""ethereum"":""0xe56a10448c632e44605dcc5201c36122ff9d0250""}",18
dogey-inu,DINU,Dogey-Inu,dogey-inu,dogey-inuebc.png,1000000000000000,"{""ethereum"":""0xbb1ee07d6c7baeb702949904080eb61f5d5e7732""}",18
0x8cbc577247938a6a4e0891861e81f7c81f6b9490_base,HEXAR,HEXAR AI,hexar-ai,hexar-ai7Gz.png,1000000000,"{""base"":""0x8cbc577247938a6a4e0891861e81f7c81f6b9490""}",18
MAtesZXcU38mgPuteRFo9ApCauYRRuwn3xf1cs5y7ZX_solana,MATES,MATES,mates,matesTCQ.png,19500000000,"{""solana"":""MAtesZXcU38mgPuteRFo9ApCauYRRuwn3xf1cs5y7ZX""}",18
8467ssuj6Gkw15ABv6BvxJAKnGJALXJu6dxDxt4upump_solana,BABYBTC,Baby BitCoin,baby-bitcoin-2,8467ssuj6Gkw15ABv6BvxJAKnGJALXJu6dxDxt4upump_solana440.png,1000000000,"{""solana"":""8467ssuj6Gkw15ABv6BvxJAKnGJALXJu6dxDxt4upump""}",18
quantoL84tL1HvygKcz3TJtWRU6dFPW8imMzCa4qxGW_solana,QTO,Quanto,quanto,quantoL84tL1HvygKcz3TJtWRU6dFPW8imMzCa4qxGW_solanaJFE.png,963584577,"{""solana"":""quantoL84tL1HvygKcz3TJtWRU6dFPW8imMzCa4qxGW""}",18
agentlayer,AGENT,AgentLayer,agentlayer,agentlayersCv.png,998003802,"{""base"":""0xf5bc3439f53a45607ccad667abc7daf5a583633f""}",18
krabby,KRABBY,KRABBY,krabby,krabbyJzP.png,471836674,"{""solana"":""Fwq2m6nQox3y85omV8WeVe4pVT98aTRqFnqKt1oepump""}",18
dig,DIG,DIG,dig,digOgj.png,911091741,"{""solana"":""HGE9j5vuTzZWqvjZXjuNb5WxQKDUHY8QFvCXVUKppump""}",18
Ag5mMdBSxm8J893RazD9PGkxWKJ5o3UKdWW4ZmJAey9w_solana,AGENT,Agents AI,agents-ai,Ag5mMdBSxm8J893RazD9PGkxWKJ5o3UKdWW4ZmJAey9w_solanaXuq.png,999851876,"{""solana"":""Ag5mMdBSxm8J893RazD9PGkxWKJ5o3UKdWW4ZmJAey9w""}",18
hunter,HNTR,Hunter Token,hunter,hunter9DQ.png,955000000,"{""binance_smart"":""0x83451a4e3585fda74feb348ad929f2c4ca189660""}",18
ishares-msci-japan-etf-ondo-tokenized,EWJON,iShares MSCI Japan ETF (Ondo Tokenized),ishares-msci-japan-etf-ondo-tokenized,ishares-msci-japan-etf-ondo-tokenizedc9C.png,646.2974,"{""ethereum"":""0x625fb557cad6d4638dae420626f3f08a485b43a8"",""binance_smart"":""0x82715299f3f132fb85f3de1f7e8fafd3d79f3eb5"",""solana"":""C6c7VcxuUYcV5YTsky5HM4PUmfwHTwsDD5DNwwPondo""}",18
rook,ROOK,Rook,rook,rook4qP.png,1268245,"{""ethereum"":""0xfa5047c9c78b8877af97bdcb85db743fd7313d4a"",""harmony-shard-0"":""0x08310baf9deb5f13b885edf5eea6fd19dc21af3a"",""sora"":""0x00f58df67a15fe6c45d122767251c8660f33a2c544b5e2b70084c465b7cf84e7"",""energi"":""0xf653d401a6af0ec568183d9d0714e3c5e61691d2""}",18
GwkEDwePTa6aFosh9xzAniGK1zvLrQ5yPJfLnqwmuyhG_solana,HYPERSKIDS,$HYPERSKIDS,hyperskids,GwkEDwePTa6aFosh9xzAniGK1zvLrQ5yPJfLnqwmuyhG_solanaVAn.png,999848643,"{""solana"":""GwkEDwePTa6aFosh9xzAniGK1zvLrQ5yPJfLnqwmuyhG""}",18
kanye,YE,Kanye,kanye,kanyeTRf.png,9999562,"{""solana"":""CQSPU12VppGZB7LeRkEaKzrRBzvo1LyA9mR2ydiwKHaL""}",18
gblue,GBLUE,gBLUE,gblue,gblue8QQ.png,14069,"{""abstract"":""0xc25714e79b694eee7e8e8d21dae332a797d28ac0"",""binance_smart"":""0x158ff17474d7acd29c13f26c5d27b293ef0a1410""}",18
cook,COOK,Cook,cook,cooksKC.png,10000000000,"{""ethereum"":""0xff75ced57419bcaebe5f05254983b013b0646ef5"",""binance_smart"":""0x965b0df5bda0e7a0649324d78f03d5f7f2de086a"",""huobi-token"":""0x74189862b069e2be5f7c8e6ff08ea8e1b1948519"",""avalanche"":""0x637afeff75ca669ff92e4570b14d6399a658902f""}",18
WULFeyfrj1VJKD9HhRTcW8R4g5HefUA11HDEdBv2WxD_solana,WULF,TeraWulf (Backpack Securities),terawulf-backpack-securities,terawulf-backpack-securities1Gh.png,4213,"{""solana"":""WULFeyfrj1VJKD9HhRTcW8R4g5HefUA11HDEdBv2WxD""}",18
beercoin2,BEER2,Beercoin 2,beercoin2,beercoin24mP.png,528037680617,"{""solana"":""GCKTFLxkMeUTUbuQM1k6f1cy4o4tC2V13ye2ebL3p52r""}",18
AyPNhxMEh5n44T8GhFCCzQzUXh2tTRagpQduVYeEpump_solana,PUP,pupfun,pupfun,pupfunFQB.png,999155223,"{""solana"":""AyPNhxMEh5n44T8GhFCCzQzUXh2tTRagpQduVYeEpump""}",18
good-gensler,GENSLR,Good Gensler,good-gensler,good-genslerQw6.png,420000000000000,"{""ethereum"":""0xad1a5b8538a866ecd56ddd328b50ed57ced5d936""}",18
polypad,POLYPAD,PolyPad,polypad,polypad8th.png,1999782235,"{""polygon-pos"":""0x30ea765d4dda26e0f89e1b23a7c7b2526b7d29ec"",""binance_smart"":""0x8ae619d633cce175a2fbcfa1cea119ddc80f1342""}",18
botanix-pegged-bitcoin,PBTC,Botanix Pegged Bitcoin,botanix-pegged-bitcoin,botanix-pegged-bitcoinMrg.png,0.65995698,"{""botanix"":""0x0d2437f93fed6ea64ef01ccde385fb1263910c56""}",18
DLScRnWofxiYGqnvZWGy9Gt98MPqKdznaK4TRukxpump_solana,🐕,Dog Emoji On Solana,dog-emoji-on-solana,DLScRnWofxiYGqnvZWGy9Gt98MPqKdznaK4TRukxpump_solana1Bc.png,999870322,"{""solana"":""DLScRnWofxiYGqnvZWGy9Gt98MPqKdznaK4TRukxpump""}",18
0x9beec80e62aa257ced8b0edd8692f79ee8783777_base,TIMI,This Is My Iguana,this-is-my-iguana,0x9beec80e62aa257ced8b0edd8692f79ee8783777_baserF6.png,942225507,"{""base"":""0x9beec80e62aa257ced8b0edd8692f79ee8783777""}",18
0xe69ccaaaea33ebfe5b76e0dd373cd9a1a31fd410_ethereum,PNUT,Peanut,peanut-3,0xe69ccaaaea33ebfe5b76e0dd373cd9a1a31fd410_ethereumdVS.png,10000000,"{""ethereum"":""0xe69ccaaaea33ebfe5b76e0dd373cd9a1a31fd410""}",18
zinc155BS4mSPk8GXQj4R5hkVDQXcW253pTYq5SGyfi_solana,ZINC,ZINC,zinc-2,zinc-2IIQ.png,376785,"{""solana"":""zinc155BS4mSPk8GXQj4R5hkVDQXcW253pTYq5SGyfi""}",18
9tLUnDz6G2dUGVhiLEEEpfM8e1YBiXnWrdT4xVeopump_solana,AXI,AXI,axi,9tLUnDz6G2dUGVhiLEEEpfM8e1YBiXnWrdT4xVeopump_solanaBYY.png,999934252,"{""solana"":""9tLUnDz6G2dUGVhiLEEEpfM8e1YBiXnWrdT4xVeopump""}",18
0xb200000000000000000000b8d3746d2e56596578_base,MEOW,KittehCoin,kittehcoin-5,kittehcoin-5x6X.png,1000000000,"{""base"":""0xb200000000000000000000b8d3746d2e56596578""}",18
CMx7yon2cLzHcXqgHsKJhuU3MmME6noWLQk2rAycBAGS_solana,NYAN,Nyan Cat,nyan-cat-2,CMx7yon2cLzHcXqgHsKJhuU3MmME6noWLQk2rAycBAGS_solanaZmf.png,999979529,"{""solana"":""CMx7yon2cLzHcXqgHsKJhuU3MmME6noWLQk2rAycBAGS""}",18
blackcat,BCAT,BLACKCAT,blackcat,blackcatLpy.png,3000000000,"{""the-open-network"":""EQBh2zUdhhZJis8Pb_Yn-vhQoNkhUus3g7G_fRRrUrOSw-ZE""}",18
toncapy,TCAPY,TonCapy,toncapy,toncapyb85.png,553797769285,"{""binance_smart"":""0x045c2767a6cae0a4551f40e4e8d250af94fe056b""}",18
CyyhLNKtLrJ3ckVZkvytBW3TieAaAz7P6qsJLChDNfp_solana,BIT,Bitdealer,bitdealer,bitdealerUo9.png,1000000000,"{""solana"":""CyyhLNKtLrJ3ckVZkvytBW3TieAaAz7P6qsJLChDNfp""}",18
8oQEW25mcVzeWvcjkGup9ob3KafVMNdzAi8XXmmWpump_solana,FRO,Afroman,afroman,afromanaHc.png,999125117,"{""solana"":""8oQEW25mcVzeWvcjkGup9ob3KafVMNdzAi8XXmmWpump""}",18
0x65086e9928d297ebae6a7d24d8c3aea6f8f6b5d7_ethereum,TOKI,Toki,toki-2,0x65086e9928d297ebae6a7d24d8c3aea6f8f6b5d7_ethereumJXp.png,420690000000000,"{""ethereum"":""0x65086e9928d297ebae6a7d24d8c3aea6f8f6b5d7""}",18
krasnalcoin,KC,Krasnalcoin,krasnalcoin,krasnalcoinl8y.png,977504853,"{""polygon-pos"":""0x784665471bb8b945b57a76a9200b109ee214e789""}",18
UrAE9vVdrWxncikcCRp7TgNqEsArFtP22iXzH7gpump_solana,CHEYENNE,Cheyenne,cheyenne,UrAE9vVdrWxncikcCRp7TgNqEsArFtP22iXzH7gpump_solanaEbJ.png,977444580,"{""solana"":""UrAE9vVdrWxncikcCRp7TgNqEsArFtP22iXzH7gpump""}",18
mo7mapMrCsyci5w1td1wgrKPtNeCfjfkKi96DknWi5N_solana,CATBAT,CATBAT,catbat,mo7mapMrCsyci5w1td1wgrKPtNeCfjfkKi96DknWi5N_solanafig.png,913649006,"{""solana"":""mo7mapMrCsyci5w1td1wgrKPtNeCfjfkKi96DknWi5N""}",18
wrapped-aave-arbitrum-gho,WAARBGHO,Wrapped Aave Arbitrum GHO,wrapped-aave-arbitrum-gho,wrapped-aave-arbitrum-ghoJFS.png,63549,"{""arbitrum-one"":""0xd089b4cb88dacf4e27be869a00e9f7e2e3c18193""}",18
omnibridge-bridged-dai-gnosis-chain,DAI,OmniBridge Bridged DAI (Gnosis Chain),omnibridge-bridged-dai-gnosis-chain,omnibridge-bridged-dai-gnosis-chainQzt.png,63502,"{""xdai"":""0x44fa8e6f47987339850636f88629646662444217""}",18
4ytpZgVoNB66bFs6NRCUaAVsLdtYk2fHq4U92Jnjpump_solana,BTW,Banana Tape Wall,banana-tape-wall,4ytpZgVoNB66bFs6NRCUaAVsLdtYk2fHq4U92Jnjpump_solanakoK.png,998824922,"{""solana"":""4ytpZgVoNB66bFs6NRCUaAVsLdtYk2fHq4U92Jnjpump""}",18
6fEaYuzirTMXFnFo7dGKHJs8wWVFPdh1bfZL9oRPpump_solana,JLY,JESUS LOVES YOU,jesus-loves-you,jesus-loves-youQUZ.png,969896271,"{""solana"":""6fEaYuzirTMXFnFo7dGKHJs8wWVFPdh1bfZL9oRPpump""}",18
nx8,NX8,NX8,nx8,nx8uEf.png,756.9539,"{""solana"":""NX8DuAWprqWAYDvpkkuhKnPfGRXQQhgiw85pCkgvFYk""}",18
66gsTs88mXJ5L4AtJnWqFW6H2L5YQDRy4W41y6zbpump_solana,YOUSIM,YouSim,yousim,66gsTs88mXJ5L4AtJnWqFW6H2L5YQDRy4W41y6zbpump_solanarrr.png,999869523,"{""solana"":""66gsTs88mXJ5L4AtJnWqFW6H2L5YQDRy4W41y6zbpump""}",18
0x2e2cc4dfce60257f091980631e75f5c436b71c87_base,GRK,Grokster,grokster,groksterhrz.png,100000000000,"{""base"":""0x2e2cc4dfce60257f091980631e75f5c436b71c87""}",18
jpmorgan-nasdaq-equity-premium-income-etf-rstock,RJEPQ,JPMorgan Nasdaq Equity Premium Income ETF Tokenized Stock (Reality),jpmorgan-nasdaq-equity-premium-income-etf-rstock,jpmorgan-nasdaq-equity-premium-income-etf-rstock9rU.png,1038,"{""arbitrum-one"":""0x7ca286e12bc8ae4137709e39c2a0ec403f447d8c""}",18
ugly-dog,UGLYDOG,Ugly Dog,ugly-dog,ugly-dogd3r.png,999859269,"{""solana"":""74Rq6Bmckiq8qvARhdqxPfQtkQsxsqVKCbDQL5PKpump""}",18
beardy-dragon,BEARDY,Bearded Dragon,beardy-dragon,beardy-dragon8Hw.png,1000000000,"{""ethereum"":""0x32c6f1c1731ff8f98ee2ede8954f696446307846""}",18
leavehood,LEAVE,Leavehood,leavehood,leavehoodLap.png,1000000000,"{""robinhood"":""0x23f88eda2b24a0d45d4c3e2ad05edff30f860697""}",18
0xdd32659b1e7a6a6b3c6e96cd8a4c936bcfea0607_base,TRAI,Trackgood AI,trackgood-ai,0xdd32659b1e7a6a6b3c6e96cd8a4c936bcfea0607_basen94.png,1000000000,"{""base"":""0xdd32659b1e7a6a6b3c6e96cd8a4c936bcfea0607""}",18
proshares-ultrapro-short-qqq-etf-rstock,RSQQQ,ProShares UltraPro Short QQQ Tokenized Stock (Reality),proshares-ultrapro-short-qqq-etf-rstock,proshares-ultrapro-short-qqq-etf-rstockN0i.png,1909,"{""arbitrum-one"":""0x0e24eadee70cbaaf5c5c6b395c68b87344180e5a"",""morph-l2"":""0x171c8fe450b3fc6521d1548177107cd7c3b18dd0""}",18
0xca6acbbf0823a3c302426f81fc1e826ad84b005b_cronos,TDN,Todin,todin,todinUj2.png,802285309,"{""cronos"":""0xca6acbbf0823a3c302426f81fc1e826ad84b005b""}",18
jE7q5qieKaUXmyhuWTXmGVtpeBoKtgbMbtks7LKogme_solana,OGME,OG.meme,og-meme,jE7q5qieKaUXmyhuWTXmGVtpeBoKtgbMbtks7LKogme_solanaie7.png,999208168,"{""solana"":""jE7q5qieKaUXmyhuWTXmGVtpeBoKtgbMbtks7LKogme""}",18
0x20dd04c17afd5c9a8b3f2cdacaa8ee7907385bef_base,NATIVE,Native,native-2,0x20dd04c17afd5c9a8b3f2cdacaa8ee7907385bef_baseO9m.png,100000000000,"{""base"":""0x20dd04c17afd5c9a8b3f2cdacaa8ee7907385bef""}",18
booze,BOOZE,Booze,booze,boozeN8t.png,1000000000,"{""klay-token"":""0xd8dedec77a5ded13a61cfe71582e164c348497cd""}",18
EW7cWbNmTgL7PLQNiJ6tBVC62SJzJXa2pFYJjDPPpump_solana,SOBAT,Bad At Trading,bad-at-trading,bad-at-trading5lU.png,999828170,"{""solana"":""EW7cWbNmTgL7PLQNiJ6tBVC62SJzJXa2pFYJjDPPpump""}",18
9psiRdn9cXYVps4F1kFuoNjd2EtmqNJXrCPmRppJpump_solana,UBC,Universal Basic Compute,universal-basic-compute,9psiRdn9cXYVps4F1kFuoNjd2EtmqNJXrCPmRppJpump_solanaWGV.png,999765148,"{""solana"":""9psiRdn9cXYVps4F1kFuoNjd2EtmqNJXrCPmRppJpump""}",18
krex,KREX,Krex,krex,krexmlP.png,21000000000,"{""kasplex"":""kaspa:qzjlaf7h6pq2spewz8wfa6g2xwz29y0y6x57umyj6capdjvny9znur8j2lul8""}",18
astera-labs-ondo-tokenized,ALABON,Astera Labs (Ondo Tokenized),astera-labs-ondo-tokenized,astera-labs-ondo-tokenizedJRQ.png,179.4096,"{""ethereum"":""0xd6d09189b6fd611a75435e4a123e373a56ab0e41"",""binance_smart"":""0x573e11cc667a8e5be0c7af2410403371088d3d0d"",""solana"":""cskxd6aqyqJMYgLZmFYfYecWkjasRJDEtm1QVxsondo""}",18
6rE8kJHDuskmwj1MmehvwL2i4QXdLmPTYnrxJm6Cpump_solana,APEX,Apex AI,apex-ai,6rE8kJHDuskmwj1MmehvwL2i4QXdLmPTYnrxJm6Cpump_solanaQEe.png,997583545,"{""solana"":""6rE8kJHDuskmwj1MmehvwL2i4QXdLmPTYnrxJm6Cpump""}",18
gaga-pepe,GAGA,Gaga (Pepe),gaga-pepe,gaga-pepe4cb.png,420690000000000,"{""ethereum"":""0xb29dc1703facd2967bb8ade2e392385644c6dca9""}",18
9n7PCZLVMG9sEViRwz2cmaR4eM72R3ekWuBdEzZppump_solana,SEAMANIA,SEAMANIA,seamania,9n7PCZLVMG9sEViRwz2cmaR4eM72R3ekWuBdEzZppump_solanaaMu.png,999721604,"{""solana"":""9n7PCZLVMG9sEViRwz2cmaR4eM72R3ekWuBdEzZppump""}",18
iron-titanium-token,TITAN,IRON Titanium,iron-titanium-token,iron-titanium-tokenIwd.png,35005725274583,"{""polygon-pos"":""0xaaa5b9e6c589642f98a1cda99b9d024b8407285a""}",18
mutatio-flies,FLIES,MUTATIO,mutatio-flies,mutatio-fliesunu.png,532471,"{""base"":""0x8b67f2e56139ca052a7ec49cbcd1aa9c83f2752a""}",18
xyzverse,XYZ,Xyzverse,xyzverse,xyzverseyGw.png,11522777000,"{""binance_smart"":""0x9e9035aafecb30cfd5355a10f93a270e33bc4293""}",18
grumpy-cat-2,GRUMPY,Grumpy Cat,grumpy-cat-2,grumpy-cat-2pXP.png,1000000000,"{""robinhood"":""0x0d1ef9c75691b7238860a5d6cd5d3dc289db613d""}",18
6QSVGUEyBZWRshnXKhS96NQ97vGWiTu61SyHLAbYpump_solana,KACY,markkacy,markkacy,6QSVGUEyBZWRshnXKhS96NQ97vGWiTu61SyHLAbYpump_solanaPqT.png,999541987,"{""solana"":""6QSVGUEyBZWRshnXKhS96NQ97vGWiTu61SyHLAbYpump""}",18
te-food,TONE,TE-FOOD,te-food,TE-FOOD0ECfM.png,1000000000,"{""ethereum"":""0x2ab6bb8408ca3199b8fa6c92d5b455f820af03c4""}",18
strategy-strike-preferred-dinari-tokenized-stock,STRK,Strategy Strike Preferred (Dinari Tokenized Stock),strategy-strike-preferred-dinari-tokenized-stock,strategy-strike-preferred-dinari-tokenized-stocksxF.png,822.719,"{""ethereum"":""0x068eb24ace80087a2012fb7c1dea0b09d4cc9959"",""base"":""0x6974d0801753c8c8571a11e7837b0d0462ecb052"",""arbitrum-one"":""0x9a3608d77caa0cb5a3a5e023ab252db61198e160"",""avalanche"":""0xbbd1d186b035a28c4a6dcaf192a4c61f9a74bce1""}",18
G4QRtYNRPyxdKwcAqqW3xSeEynDDxEyRvrDT9FJEpump_solana,FORG,forg,forg-2,forg-2vlm.png,992439041,"{""solana"":""G4QRtYNRPyxdKwcAqqW3xSeEynDDxEyRvrDT9FJEpump""}",18
3fGoNjPohYRVPk9iJuwEW5WuURU5gmAdSRgNgeaanexQ_solana,$KEYDOG,KEYDOG,keydog,keydog10E.png,999767805,"{""solana"":""3fGoNjPohYRVPk9iJuwEW5WuURU5gmAdSRgNgeaanexQ""}",18
apewifhat,APEWIFHAT,ApeWifHat,apewifhat,apewifhatqkc.png,99999911418655,"{""solana"":""KdF3kjqSHbWXFstBLA2dccDxuNBi4o3yZqtMhB7k5dZ""}",18
maiga,MAIGA,Maiga,maiga,maiganmD.png,1000000000,"{""binance_smart"":""0xcd1679f117e81defc4f0009311ddc23fc1ae4a5e""}",18
CnfshwmvDqLrB1jSLF7bLJ3iZF5u354WRFGPBmGz4uyf_solana,TEMA,Tema,tema,CnfshwmvDqLrB1jSLF7bLJ3iZF5u354WRFGPBmGz4uyf_solana91l.png,999930277,"{""solana"":""CnfshwmvDqLrB1jSLF7bLJ3iZF5u354WRFGPBmGz4uyf""}",18
tigres-fan-token,TIGRES,Tigres Fan Token,tigres-fan-token,tigres-fan-token3zy.png,20000000,"{""chiliz"":""0x7308f4c7b4a9a0e180fd08c003255762dd139d54""}",18
8AS9yeGsAwvTs9gCDKMmB2MgX8NiSvv4uppH61yqpump_solana,$HORNY,$horny,horny,8AS9yeGsAwvTs9gCDKMmB2MgX8NiSvv4uppH61yqpump_solanaga6.png,998935481,"{""solana"":""8AS9yeGsAwvTs9gCDKMmB2MgX8NiSvv4uppH61yqpump""}",18
0xf197e06dab32b3c1cd8c055598bea0af11b44444_binance_smart,BINANCIANS,Binancians,binancians,0xf197e06dab32b3c1cd8c055598bea0af11b44444_binance_smartLKA.png,1000000000,"{""binance_smart"":""0xf197e06dab32b3c1cd8c055598bea0af11b44444""}",18
govi,GOVI,CVI,govi,goviMEr.png,32000000,"{""ethereum"":""0xeeaa40b28a2d1b0b08f6f97bb1dd4b75316c6107"",""arbitrum-one"":""0x07e49d5de43dda6162fa28d24d5935c151875283"",""polygon-pos"":""0x43df9c0a1156c96cea98737b511ac89d0e2a1f46"",""zksync"":""0xd63ef5e9c628c8a0e8984cdfb7444aee44b09044""}",18
0x26e0331355df5ef082f69df161218093708a73ac_base,CHAOS,harmonybot,harmonybot,0x26e0331355df5ef082f69df161218093708a73ac_baseXlG.png,95635601605,"{""base"":""0x26e0331355df5ef082f69df161218093708a73ac""}",18
8vCAUbxejdtaxn6jnX5uaQTyTZLmXALg9u1bvFCAjtx7_solana,ZACK,Zack Morris,zack-morris,zack-morrisArC.png,865413361,"{""solana"":""8vCAUbxejdtaxn6jnX5uaQTyTZLmXALg9u1bvFCAjtx7""}",18
inverse-usd,INVUSD,Inverse USD,inverse-usd,inverse-usdoir.png,62456,"{""ethereum"":""0x5377680b5986296aa4f9e684e5315a4f24832e56""}",18
ge-aerospace-robinhood-token,GE,GE Aerospace • Robinhood Token,ge-aerospace-robinhood-token,ge-aerospace-robinhood-tokenvps.png,201.3815,"{""robinhood"":""0x63b814ddbd6bf339f25fed8c36158a008d5b373e""}",18
bridge-mutual,BMI,Bridge Mutual,bridge-mutual,bridge-mutualfsS.png,160000000,"{""ethereum"":""0x725c263e32c72ddc3a19bea12c5a0479a81ee688""}",18
parachute,PAR,Parachute,parachute,ParachuteAa7kl.png,999628334,"{""ethereum"":""0x1beef31946fbbb40b877a72e4ae04a8d1a5cee06"",""binance_smart"":""0x19c91764a976ac6c1e2c2e4c5856f2939342a814"",""polygon-pos"":""0xf521d590fb1e0b432fd0e020cdbd6c6397d652c2""}",18
0x303c89f3a4a58872d8b6a3e64c14fdd9ec669c99_ethereum,BABYNEIRO,Baby Neiro,baby-neiro-cto,0x303c89f3a4a58872d8b6a3e64c14fdd9ec669c99_ethereumhHq.png,420690000,"{""ethereum"":""0x303c89f3a4a58872d8b6a3e64c14fdd9ec669c99""}",18
internet-of-intelligence,SN108,Internet of Intelligence,internet-of-intelligence,internet-of-intelligencedJP.png,114755,"{""bittensor"":""108""}",18
ase-technology-rstock,RASX,ASE Technology Tokenized Stock (Reality),ase-technology-rstock,ase-technology-rstock3aW.png,1297,"{""arbitrum-one"":""0x7f69d85c171c24a6ce4986e3b7210a2e4ceff617"",""morph-l2"":""0xd0ee41f50e2d4ed8091cda3dfa407b4f1db2d2ea""}",18
burp,BURP,Burp,burp,burpzvz.png,500000000,"{""ethereum"":""0x33f391f4c4fe802b70b77ae37670037a92114a7c"",""polygon-pos"":""0x538d47d142f6993038a667e9d6210d3735749b36""}",18
0x7c3af051bfa356b8eaee35c273a21ad9223ee994_base,J3FF,J3FF by Virtuals,j3ff-by-virtuals,0x7c3af051bfa356b8eaee35c273a21ad9223ee994_basepff.png,1000000000,"{""base"":""0x7c3af051bfa356b8eaee35c273a21ad9223ee994""}",18
shila-inu,SHIL,Shila Inu,shila-inu,shila-inulal.png,1000000000000,"{""ethereum"":""0x20c3fa331a385b63ee39137e99d0cf2db142fce1""}",18
craft-engine,CRAFT,Craft Engine,craft-engine,craft-engineTiQ.png,100000000,"{""base"":""0xabc95b5ec2d9aad9acc7430ba86ccb1294c72981""}",18
vicor-ondo-tokenized,VICRON,Vicor (Ondo Tokenized),vicor-ondo-tokenized,vicor-ondo-tokenizedPs0.png,198.9859,"{""ethereum"":""0x6c51001149c7782820c107adce650692ab6c5378"",""binance_smart"":""0xa59469d91563caeeddd2ffc731f41215e7b691ef"",""solana"":""f9nfUo4SdhCGfHmm81m3ArgDsatwo2jLjEcgCcYondo""}",18
self-chain,SLF,Self Chain,self-chain,self-chainP14.png,336000000,,
memespad,MEMESPAD,MEMESPAD,memespad,memespadbHe.png,940296935,"{""arc"":""0x0bb3befba323578dad33efb6356c69b557787777""}",18
6T44rfi9BDUdZbEvVddZWVfsGrpC6N1sSSKYnCsLpump_solana,SIRIUS,first reply,first-reply,6T44rfi9BDUdZbEvVddZWVfsGrpC6N1sSSKYnCsLpump_solanaeJZ.png,965281273,"{""solana"":""6T44rfi9BDUdZbEvVddZWVfsGrpC6N1sSSKYnCsLpump""}",18
98i1pJRAy4yWbHcjX5mwgBUNsX7XskvYWrBBrXgN8QLU_solana,MLSTRAT,Madlads Strategy,madlads-strategy,98i1pJRAy4yWbHcjX5mwgBUNsX7XskvYWrBBrXgN8QLU_solanaJ16.png,907487441,"{""solana"":""98i1pJRAy4yWbHcjX5mwgBUNsX7XskvYWrBBrXgN8QLU""}",18
crowns,CWS,Seascape Crowns,crowns,crownswMU.png,7645849,"{""ethereum"":""0xac0104cca91d167873b8601d2e71eb3d4d8c33e0"",""binance_smart"":""0x99aa29ac023057951781dc5d1784e9a4c362ce23""}",18
0x03affae7e23fd11c85d0c90cc40510994d49e175_ronin,WF,Wild Forest Token,wild-forest-token,wild-forest-tokenLM8.png,984999998,"{""ronin"":""0x03affae7e23fd11c85d0c90cc40510994d49e175""}",18
kava-lend,HARD,Kava Lend,kava-lend,kava-lendUe5.png,200000000,"{""energi"":""0xeeaccbb6ce1b5be68a2cf9d0dea27d4b807848d2"",""osmosis"":""ibc/D6C28E07F7343360AC41E15DDD44D79701DDCA2E0C2C41279739C8D4AE5264BC""}",18
sentysis,SENT,Sentysis,sentysis,sentysisvjq.png,100000000000,"{""base"":""0x4a63776249a2c02dba269139e5d05d94ee3f5ba3""}",18
HruKkLrLJ7t1kL8E6HBccSpWdUpnhGmi3SVrB9Jjpump_solana,SANTAHAT,Santa Hat,santa-hat-2,HruKkLrLJ7t1kL8E6HBccSpWdUpnhGmi3SVrB9Jjpump_solanaKWr.png,886955308,"{""solana"":""HruKkLrLJ7t1kL8E6HBccSpWdUpnhGmi3SVrB9Jjpump""}",18
trumpenguin,TRUMPENG,Trumpenguin,trumpenguin,trumpenguin4dK.png,1000000000,"{""base"":""0xbd285498822217835d839660583c794fc5419c19""}",18
0x525574c899a7c877a11865339e57376092168258_ethereum,GURU,Guru Network,guru-network,guru-network9aV.png,1000000000,"{""ethereum"":""0x525574c899a7c877a11865339e57376092168258"",""base"":""0x0f1cfd0bb452db90a3bfc0848349463010419ab2""}",18
81uWcu3yN3VJmsnXnfEpbTZ5T9EZg9aJCRsnTMER72NE_solana,MAYHEM,Mayhem Mode,mayhem-mode,mayhem-modeRP9.png,1013843548,"{""solana"":""81uWcu3yN3VJmsnXnfEpbTZ5T9EZg9aJCRsnTMER72NE""}",18
asugar,ASUGAR,aSUGAR,asugar,asugarY6D.png,2525620,"{""berachain"":""0x804cf700de1e18f2411bd05aad5fa10d60e1900f""}",18
0xe10c9e9d5d8005cde4fcc5e635614665de736148_base,FUKU,Fuku,fuku-3,fuku-3f2u.png,1000000000,"{""base"":""0xe10c9e9d5d8005cde4fcc5e635614665de736148""}",18
0x9a1b42f7f6d649b73bdb275972295acc940b153a_base,GAIB,_gai16zbrielShai16zpr0,_gai16zbrielshai16zpr0,0x9a1b42f7f6d649b73bdb275972295acc940b153a_baseOtX.png,1000000000,"{""base"":""0x9a1b42f7f6d649b73bdb275972295acc940b153a""}",18
moonai-3,MOONAI,MOONAI,moonai-3,moonai-3YY2.png,687523675,"{""binance_smart"":""0x72e718ebd9813d6c2850f057dce95b02cf50bac2""}",18
wiwiwi,WIWIWI,wiwiwi,wiwiwi,wiwiwi0Nt.png,955551558,"{""solana"":""3XEe11RMNqNTka33ik2yEmr3siUWmFQWSESP9Ejepump""}",18
eli-lilly-and-co-rstock,RLLY,Eli Lilly Tokenized Stock (Reality),eli-lilly-and-co-rstock,eli-lilly-and-co-rstockDva.png,60.6614,"{""arbitrum-one"":""0x3d1c73a5fa0c5de8bfcfcbc1e97f0ffaab0782d5"",""morph-l2"":""0xd4f1e4a017116cda804546d879d2567656fbad07""}",18
0xa01bc586cd5f4f253bfab4e44400c52dbc18bc50_robinhood,VOXEL,Voxelithic Protocol,voxelithic-protocol,voxelithic-protocolUis.png,1000000000,"{""robinhood"":""0xa01bc586cd5f4f253bfab4e44400c52dbc18bc50""}",18
9WAdURmxA9Xr2HwdwkKbAnkv368eTgxMvwnD7XDnzyk8_solana,MEGUSTA,ME GUSTA,me-gusta-2,9WAdURmxA9Xr2HwdwkKbAnkv368eTgxMvwnD7XDnzyk8_solanarlA.png,997676125,"{""solana"":""9WAdURmxA9Xr2HwdwkKbAnkv368eTgxMvwnD7XDnzyk8""}",18
0xcec3661ac188c692fd1f5e5bd0c4ae37771ca3db_base,HELLOWORLD,HELLOWORLD,helloworld,0xcec3661ac188c692fd1f5e5bd0c4ae37771ca3db_base7Gs.png,1003385486,"{""base"":""0xcec3661ac188c692fd1f5e5bd0c4ae37771ca3db""}",18
0x4c1ad4512f91fd9445204c9c2ff2db32623c2937_binance_smart,CDT,Crypto Deal Token,crypto-deal-token,crypto-deal-token0tJ.png,551000,"{""binance_smart"":""0x4c1ad4512f91fd9445204c9c2ff2db32623c2937""}",18
0x66bff0d18513c648690edcdf5993c9da8c632ec8_ethereum,BRETTWU,Brettwu,brettwu,0x66bff0d18513c648690edcdf5993c9da8c632ec8_ethereum5M2.png,413570485562596,"{""ethereum"":""0x66bff0d18513c648690edcdf5993c9da8c632ec8""}",18
0xd896aa25da8e3832d68d1c05fee9c851d42f1dc1_cronos,AUT,AurumTrust,aurumtrust,0xd896aa25da8e3832d68d1c05fee9c851d42f1dc1_cronos9rZ.png,811729078,"{""cronos"":""0xd896aa25da8e3832d68d1c05fee9c851d42f1dc1""}",18
devbased,BASED,DevBased,devbased,devbasedeul.png,998585705,"{""solana"":""BishJW8AN57nNUES2sDMNTNm8Nwic2CGPR5mXMwc1Vt5""}",18
0xe920d1da9a4d59126dc35996ea242d60efca1304_sonic,DERP,Derp,derp-2,derp-2PXa.png,420696969,"{""sonic"":""0xe920d1da9a4d59126dc35996ea242d60efca1304""}",18
aegis-ai,AEGIS,Aegis Ai,aegis-ai,aegis-aiSuf.png,100000000,"{""ethereum"":""0x55a8f6c6b3aa58ad6d1f26f6afeded78f32e19f4""}",18
litas,LITAS,LITAS,litas,litasqp9.png,100000000,"{""ethereum"":""0xfa63503f9e61fd59cbea137c122fa55c2daff14a""}",18
go-fu-k-yourself,GFY,go fu*k yourself.,go-fu-k-yourself,go-fu-k-yourself4uK.png,681999993203,"{""ethereum"":""0x2d9d7c64f6c00e16c28595ec4ebe4065ef3a250b"",""solana"":""6CNkQVWLSRxZEa1eZ2PFjQyLCVZ48U9oGcggdS9cTJoK"",""pulsechain"":""0x542d62f23a2c7d17d045e3b22e3ab530ca39afc4""}",18
0x20fd4c5396f7d9686f9997e0f10991957f7112fc_base,GDUPI,redacted gdupi,redacted-gdupi,0x20fd4c5396f7d9686f9997e0f10991957f7112fc_basePn6.png,100000000000,"{""base"":""0x20fd4c5396f7d9686f9997e0f10991957f7112fc""}",18
ooki,OOKI,Ooki,ooki,1671194994993.png,5725168700835789,"{""ethereum"":""0x0de05f6447ab4d22c8827449ee4ba2d5c288379b""}",18
genius,GENI,Genius,genius,genius9aR.png,639180467008,"{""ethereum"":""0x444444444444c1a66f394025ac839a535246fcc8"",""binance_smart"":""0x444444444444c1a66f394025ac839a535246fcc8"",""avalanche"":""0x444444444444c1a66f394025ac839a535246fcc8"",""polygon-pos"":""0x444444444444c1a66f394025ac839a535246fcc8""}",18
6gnvghh8LKoM59p1WZSuTgYmdJrnZnhU7BzCcEaEASY_solana,SWCH,Switchboard,switchboard-2,switchboard-2GN3.png,999748868,"{""solana"":""6gnvghh8LKoM59p1WZSuTgYmdJrnZnhU7BzCcEaEASY""}",18
wrapped-neon,WNEON,Wrapped Neon,wrapped-neon,wrapped-neonWSM.png,1346795,"{""neon-evm"":""0x202c35e517fa803b537565c40f0a6965d7204609""}",18
0xb612bfc5ce2fb1337bd29f5af24ca85dbb181ce2_ethereum,KLAUS,KLAUS,klaus,0xb612bfc5ce2fb1337bd29f5af24ca85dbb181ce2_ethereumPyu.png,1000000000,"{""ethereum"":""0xb612bfc5ce2fb1337bd29f5af24ca85dbb181ce2""}",18
ghffb47yii2rteeyy10op,GHFFB47YII2RTEEYY10OP,ghffb47yii2rteeyy10op,ghffb47yii2rteeyy10op,ghffb47yii2rteeyy10opn8b.png,100000000000,"{""base"":""0x354d6890caa31a5e28b6059d46781f40880786a6""}",18
9shb4VuR85tKziVn7sxScS8AXEFA4smM8NL4Z6utBAGS_solana,TRK,The Roaring Kitty,the-roaring-kitty,the-roaring-kittyQvm.png,999892171,"{""solana"":""9shb4VuR85tKziVn7sxScS8AXEFA4smM8NL4Z6utBAGS""}",18
b1nkm6skdrwXoMku8CVx8Fk4LfC2jAqxV3m9VDNjYqz_solana,BLINK,blinkdotfun,blinkdotfun,b1nkm6skdrwXoMku8CVx8Fk4LfC2jAqxV3m9VDNjYqz_solana74e.png,999435299,"{""solana"":""b1nkm6skdrwXoMku8CVx8Fk4LfC2jAqxV3m9VDNjYqz""}",18
2KiHzSXdnenDoDNsVsjU6VcvgyyDK27iSoZv6TNDpump_solana,POOP,poop aura,poop-aura,2KiHzSXdnenDoDNsVsjU6VcvgyyDK27iSoZv6TNDpump_solanaAYv.png,999671067,"{""solana"":""2KiHzSXdnenDoDNsVsjU6VcvgyyDK27iSoZv6TNDpump""}",18
8A295DWFRHFBbMMmeTJQwXJSdnUe3wfh6QX6gK4Tpump_solana,TBH,Yippee,yippee,yippeej3w.png,999983919,"{""solana"":""8A295DWFRHFBbMMmeTJQwXJSdnUe3wfh6QX6gK4Tpump""}",18
0xf92927eca847da7fc2b1b47d0c09a101dee6cdaf_ethereum,BABYWLFI,Baby World Liberty Financial,baby-world-liberty-financial,baby-world-liberty-financiallyf.png,90000000000,"{""ethereum"":""0xf92927eca847da7fc2b1b47d0c09a101dee6cdaf""}",18
E7NgL19JbN8BhUDgWjkH8MtnbhJoaGaWJqosxZZepump_solana,PAYAI,PayAI Network [OLD],payai-network,E7NgL19JbN8BhUDgWjkH8MtnbhJoaGaWJqosxZZepump_solanaPut.png,1000000000,"{""solana"":""E7NgL19JbN8BhUDgWjkH8MtnbhJoaGaWJqosxZZepump""}",18
vanguard-morningstar-total-stock-market-etf-robinhood-token,VTI,Vanguard Morningstar Total Stock Market ETF • Robinhood Token,vanguard-morningstar-total-stock-market-etf-robinhood-token,vanguard-morningstar-total-stock-market-etf-robinhood-tokenEw3.png,163.1571,"{""robinhood"":""0x0594134df3f171a354d9c85ebd65b7a6148f6d09""}",18
8jVcgXXUReoiFCDzDMEhftCvA7HWqLX6rNmZ6AxLpump_solana,STOCKCOIN,stockcoin,stockcoin,stockcoinwfE.png,999045424,"{""solana"":""8jVcgXXUReoiFCDzDMEhftCvA7HWqLX6rNmZ6AxLpump""}",18
ara-token,ARA,Ara,ara-token,ara-tokenaIF.png,1000000000,"{""ethereum"":""0xa92e7c82b11d10716ab534051b271d2f6aef7df5""}",18
warp-green-bridged-usdc-chia,WUSDC.B,Warp.Green Bridged USDC (Chia),warp-green-bridged-usdc-chia,warp-green-bridged-usdc-chiaS7a.png,505631,"{""chia"":""fa4a180ac326e67ea289b869e3448256f6af05721f7cf934cb9901baa6b7a99d""}",18
marketvector-token-terminal-fundamental-index,MVTT10F,MarketVector Token Terminal Fundamental Index,marketvector-token-terminal-fundamental-index,marketvector-token-terminal-fundamental-indexA5K.png,1458897,"{""base"":""0xe8b46b116d3bdfa787ce9cf3f5acc78dc7ca380e""}",18
invesco-optimum-yld-dvsfd-cmd-str-no-k-1-etf-ondo-tokenized-etf,PDBCON,Invesco Optimum Yld Dvsfd Cmd Str No K-1 ETF (Ondo Tokenized ETF),invesco-optimum-yld-dvsfd-cmd-str-no-k-1-etf-ondo-tokenized-etf,invesco-optimum-yld-dvsfd-cmd-str-no-k-1-etf-ondo-tokenized-etfHTm.png,3116,"{""ethereum"":""0x46c0a02a877c1412cb32b57028b2f771c0364a7e"",""binance_smart"":""0xcf3e84e62002ca459db81b2032d7fe13715bad51"",""solana"":""M6agiXbNgy8Xon9ngiW4ZDPbMFcNCTMkMMkshZyondo""}",18
0x76736c667677dd57812790c81d37eb4c199e7b7e_robinhood,LDC,Large Data Center,large-data-center,large-data-center9T7.png,704054312,"{""robinhood"":""0x76736c667677dd57812790c81d37eb4c199e7b7e""}",18
zerolend,ZERO,ZeroLend,zerolend,zerolendgUb.png,99847717152,"{""linea"":""0x78354f8dccb269a615a7e0a24f9b0718fdc3c7a7"",""zksync"":""0x27d0a2b5316b98088294378692f4eabfb3222e36"",""x-layer"":""0x843d794ed4335b27d02184ca86787c14e6247074"",""manta-pacific"":""0x35a57efb9b4ae833e9a200bb191ff69420cafa1d""}",18
0x15b15fa54b629c634958e8bd639b2fc8af654974_base,LBM,Litebeam,litebeam,0x15b15fa54b629c634958e8bd639b2fc8af654974_baseUEG.png,1000000000,"{""base"":""0x15b15fa54b629c634958e8bd639b2fc8af654974""}",18
0xb67f50fde86e09b5da963c4251cbd4788b151ed5_arc,USDC,Fat Cat Bat Rat Wif Hat,fat-cat-bat-rat-wif-hat,fat-cat-bat-rat-wif-hat99G.png,1000000000,"{""arc"":""0xb67f50fde86e09b5da963c4251cbd4788b151ed5""}",18
ge-aerospace-rstock,RGE,General Electric Tokenized Stock (Reality),ge-aerospace-rstock,ge-aerospace-rstockQpH.png,195.0087,"{""arbitrum-one"":""0x9666753a50f08e34631ee4df14d698024099ad19"",""morph-l2"":""0x2e0ca155f4e838c67dbdb8dcb23cdf888eb6c21a""}",18
keyboard-cat,KEYCAT,Keyboard Cat,keyboard-cat,keyboard-catQiH.png,997836308,"{""solana"":""9pPE1q9EW1bMQWbHmffrzUCfRr7S82UoxNUFfA6mAZC6""}",18
myra,MYRA,Myra,myra,myra2mW.png,999945142,"{""solana"":""H1aN3vcvB68eaFPbMkoAss3vnfi4AhP5C2dpnrZzdBc7""}",18
0xa7f4195f10f1a62b102bd683eab131d657a6c6e4_ethereum,MBAG,MoonBag,moonbag,moonbagWl9.png,76147237424,"{""ethereum"":""0xa7f4195f10f1a62b102bd683eab131d657a6c6e4""}",18
noot-ordinals,NOOT,NOOT (Ordinals),noot-ordinals,noot-ordinalsxwA.png,1000000000,"{""ordinals"":""3903d4eb050a383d5938e02616e69e1fa5606f184a19dff4439ac70136a89720i0""}",18
0xafd3a55ae8c86fb550495223f92f1af192e163fd_base,11AM,11am,11am,0xafd3a55ae8c86fb550495223f92f1af192e163fd_basevWk.png,1000000000,"{""base"":""0xafd3a55ae8c86fb550495223f92f1af192e163fd""}",18
ESBCnCXtEZDmX8QnHU6qMZXd9mvjSAZVoYaLKKADBAGS_solana,BTH,BUY THE HAT,buy-the-hat,buy-the-hatx4b.png,978882048,"{""solana"":""ESBCnCXtEZDmX8QnHU6qMZXd9mvjSAZVoYaLKKADBAGS""}",18
autonio,NIOX,Autonio,autonio,Autonio1XrNI.png,330000000,"{""ethereum"":""0xc813ea5e3b48bebeedb796ab42a30c5599b01740"",""polygon-pos"":""0xad684e79ce4b6d464f2ff7c3fd51646892e24b96""}",18
olyverse,OLY,Olyverse,olyverse,olyverseLpW.png,5000000000,"{""ethereum"":""0x6595b8fd9c920c81500dca94e53cdc712513fb1f""}",18
0x291a8da3c42b7d7f00349d6f1be3c823a2b3fca4_base,SMOL,Tiny Fren,tiny-fren,0x291a8da3c42b7d7f00349d6f1be3c823a2b3fca4_baseszb.png,100000000000,"{""base"":""0x291a8da3c42b7d7f00349d6f1be3c823a2b3fca4""}",18
DwDtUqBZJtbRpdjsFw3N7YKB5epocSru25BGcVhfcYtg_solana,WORM,Deep Worm,deep-worm,DwDtUqBZJtbRpdjsFw3N7YKB5epocSru25BGcVhfcYtg_solanaAiK.png,999613011,"{""solana"":""DwDtUqBZJtbRpdjsFw3N7YKB5epocSru25BGcVhfcYtg""}",18
mks-inc-ondo-tokenized,MKSION,MKS Inc. (Ondo Tokenized),mks-inc-ondo-tokenized,mks-inc-ondo-tokenizedXVL.png,216.3696,"{""ethereum"":""0xdc4f9c9caa96046816255bc6c10fd6433863128e"",""binance_smart"":""0xd41699aa1bfc1c5f172c27f387372bd30717a5db"",""solana"":""ZNkQTVtc4WRMQfVCC23PmwYX41577tPcvs2AiXAondo""}",18
internet-token-2,INT,Internet Token,internet-token-2,internet-token-2KsB.png,844444203,"{""base"":""0x968d6a288d7b024d5012c0b25d67a889e4e3ec19""}",18
meme-moguls,MGLS,Meme Moguls,meme-moguls,meme-moguls4tW.png,3000000000,"{""ethereum"":""0xda251891e21e6edb0e6828e77621c7b98ea4e8ba""}",18
mirror-protocol,MIR,Mirror Protocol,mirror-protocol,mirror-protocolbOe.png,370575000,"{""ethereum"":""0x09a3ecafa817268f77be1283176b946c4ff2e608"",""binance_smart"":""0x5b6dcf557e2abe2323c48445e8cc948910d8c2c9"",""terra"":""terra15gwkyepfc6xgca5t5zefzwy42uts8l2m4g40k6"",""energi"":""0x7e58cef7c589e0e1771b9c049cba313fdec31976""}",18
natus-vincere-fan-token,NAVI,Natus Vincere Fan Token,natus-vincere-fan-token,natus-vincere-fan-tokenJp8.png,5000000,"{""chiliz"":""0x02728748392f1875682940681f4c936fc683a68e"",""solana"":""4NEW5cZGFDjJJe2npyRruHCD9HZ5cZcSoarmECwZ2AfX"",""base"":""0x0f633cbc15d438639f29b6559d28cd5941d2c846""}",18
luckysleprecoin,LUCKYSLP,LuckysLeprecoin,luckysleprecoin,luckysleprecoin4Hp.png,638500000000,"{""ethereum"":""0x357c915d7c12dc506d13332bb06c932af13e99a0""}",18
0x926759a8eaecfadb5d8bdc7a9c7b193c5085f507_ethereum,NURA,Nura Labs,nura-labs,nura-labsQsC.png,10000000000,"{""ethereum"":""0x926759a8eaecfadb5d8bdc7a9c7b193c5085f507""}",18
plus,PLUS,PLUS,plus,plusN8a.png,1000000,"{""base"":""0x18b66b63625a07d3671eb0a119a5e4df4708936e""}",18
ribbit-zygo-the-frog,RIBBIT,RIBBIT ZYGO THE FROG,ribbit-zygo-the-frog,ribbit-zygo-the-frogT4k.png,999932046,"{""solana"":""FrtbBAaSZksfh4oV46E7Pvb43QiiUmYLD3dcGS6gpump""}",18
satu-wallet-token,SATU,Satu Wallet Token,satu-wallet-token,satu-wallet-token2S5.png,987897663,"{""solana"":""EWnSZW86xhJ91nvxPjdZD3g1SqhHj7q8eqY6DEUKpump""}",18
dash-2-trade,D2T,Dash 2 Trade,dash-2-trade,dash-2-tradeynL.png,1000000000,"{""ethereum"":""0x4dd942baa75810a3c1e876e79d5cd35e09c97a76""}",18
maru4DtHRrPytGBgRk81qBLby8f72t23u4Xi3EgPPgJ_solana,MARU,Maru Dog,maru-dog,maru-dogNAW.png,77777777776,"{""solana"":""maru4DtHRrPytGBgRk81qBLby8f72t23u4Xi3EgPPgJ""}",18
sp-funds-s-p-global-technology-etf-dinari-tokenized-etf,SPTE,SP Funds S&P Global Technology ETF (Dinari Tokenized ETF),sp-funds-s-p-global-technology-etf-dinari-tokenized-etf,sp-funds-s-p-global-technology-etf-dinari-tokenized-etfb2u.png,1164,"{""ethereum"":""0x2711018a5489df0d9816bdb7670d58ba23fb2d5e"",""base"":""0xb0169ad580aa888467bbac4a4b650812dee74939"",""arbitrum-one"":""0x1795eeacbf98f08e7ee5af0a8913d5a54c24bb40"",""avalanche"":""0x7bb8424a85ba25e95c9bc4ab518f45c7c5cd0571""}",18
0x8faae5592b9acc27a79fca745c6b872adf514a5d_arc,MURMUR,MurMur,murmur-2,murmur-2Bqz.png,921134691,"{""arc"":""0x8faae5592b9acc27a79fca745c6b872adf514a5d""}",18
yield-app,YLD,Yield App,yield-app,yield-app2I5.png,300000000,"{""ethereum"":""0xf94b5c5651c888d928439ab6514b93944eee6f48"",""polygon-pos"":""0x4cebdbcb286101a17d3ea1f7fe7bbded2b2053dd""}",18
0x0d4ed27a906a0774474b200cc5392019facd2a47_robinhood,FLX,FAIRLAUNCH,fairlaunch,0x0d4ed27a906a0774474b200cc5392019facd2a47_robinhoodXKZ.png,100000000,"{""robinhood"":""0x0d4ed27a906a0774474b200cc5392019facd2a47""}",18
HtCqD3o5aF1RXcyGi6AW11PoB3bZmFdA8kvVyhJrpump_solana,STATE,State of Mika by Virtuals,gmika,HtCqD3o5aF1RXcyGi6AW11PoB3bZmFdA8kvVyhJrpump_solanahXQ.png,999999998,"{""solana"":""Gcc7QfMgy9rKVdp8wdKqgUvzPWubHzDDfugiTgEvirt""}",18
61qNX1UoKDMypgDJzNGFra3Mb6DQPyUmf6zDayZ7bonk_solana,BEPE,BEPE,bepe-4,bepe-4P1c.png,991173092,"{""solana"":""61qNX1UoKDMypgDJzNGFra3Mb6DQPyUmf6zDayZ7bonk""}",18
crowdswap,CROWD,CrowdSwap,crowdswap,crowdswapr2q.png,609000000,"{""polygon-pos"":""0x483dd3425278c1f79f377f1034d9d2cae55648b6""}",18
shibana,BANA,Shibana,shibana,shibanaEOo.png,1000000000000,"{""solana"":""BhPXDQio8xtNC6k5Bg5fnUVL9kGN8uvRDNwW8MZBu8DL""}",18
SsKFgDPEqyzAM8nWPiiX7MGY7iNDTEX6DxRdxmkpump_solana,@DOGE,@DOGE,doge,SsKFgDPEqyzAM8nWPiiX7MGY7iNDTEX6DxRdxmkpump_solanaH9m.png,999267065,"{""solana"":""SsKFgDPEqyzAM8nWPiiX7MGY7iNDTEX6DxRdxmkpump""}",18
BSqMUYb6ePwKsby85zrXaDa4SNf6AgZ9YfA2c4mZpump_solana,LOOK,Look bro,look-bro,BSqMUYb6ePwKsby85zrXaDa4SNf6AgZ9YfA2c4mZpump_solanakM5.png,999613480,"{""solana"":""BSqMUYb6ePwKsby85zrXaDa4SNf6AgZ9YfA2c4mZpump""}",18
ishares-semiconductor-etf-robinhood-tokenized-stock,SOXX,iShares Semiconductor ETF • Robinhood Token,ishares-semiconductor-etf-robinhood-tokenized-stock,ishares-semiconductor-etf-robinhood-tokenized-stockzBG.png,101.1353,"{""robinhood"":""0x75742c18bc1f1c5c5f448f4c9d9c6f66dafaaa38""}",18
4dqYzXnTfNrbwMdJ6uum2FbPC1LkmHtSAbXmh2pfpump_solana,QUAIN,QUAIN,quain,4dqYzXnTfNrbwMdJ6uum2FbPC1LkmHtSAbXmh2pfpump_solanaw5G.png,999652591,"{""solana"":""4dqYzXnTfNrbwMdJ6uum2FbPC1LkmHtSAbXmh2pfpump""}",18
dogelana,DGLN,Dogelana,dogelana,dogelanaGjO.png,15000000000,"{""solana"":""E6UU5M1z4CvSAAF99d9wRoXsasWMEXsvHrz3JQRXtm2X""}",18
0x931517e9502f9d52cdf6f5ac7fca7925e2a1bba3_base,AZL,Azzle,azzle,azzleCTM.png,100000000000,"{""base"":""0x931517e9502f9d52cdf6f5ac7fca7925e2a1bba3""}",18
GhBPHgnNF99EThYxt4bxUfPX1hCPyAS72RCBgLjLpump_solana,ARIA,Aria,aria,GhBPHgnNF99EThYxt4bxUfPX1hCPyAS72RCBgLjLpump_solanaDcm.png,999900111,"{""solana"":""GhBPHgnNF99EThYxt4bxUfPX1hCPyAS72RCBgLjLpump""}",18
autist,AUTIST,Autist,autist,autistbVv.png,565100,"{""hyperliquid"":""0x7b659352508b25500406b4cd7fdc4f8c""}",18
7cb67ev3jvBKaAH1tnVM8FL8WfQ96sa2TYByEXajqx8N_solana,DAW,Dawkoins,dawkoin,dawkoinoGa.png,988990366,"{""solana"":""7cb67ev3jvBKaAH1tnVM8FL8WfQ96sa2TYByEXajqx8N""}",18
0x8c81b4c816d66d36c4bf348bdec01dbcbc70e987_base,BRIUN,Briun Armstrung,briun-armstrung,briun-armstrungzBy.png,769456161,"{""base"":""0x8c81b4c816d66d36c4bf348bdec01dbcbc70e987""}",18
vetro-btc,VETBTC,Vetro BTC,vetro-btc,vetro-btcrUu.png,0.7007483,"{""ethereum"":""0xf196c68233464a16cfda319a47c21f4ceca62001""}",18
baseswap,BSWAP,BaseSwap,baseswap,baseswapwZg.png,9998487,"{""base"":""0x78a087d713be963bf307b18f2ff8122ef9a63ae9""}",18
meme-ai-coin,MEMEAI,Meme AI Coin,meme-ai-coin,meme-ai-coinC6D.png,884817551,"{""ethereum"":""0x695d38eb4e57e0f137e36df7c1f0f2635981246b""}",18
2YF1qxgYVY9x6UWVfampZp9er7PHXRYRDKi3isFnYhH9_solana,HERMESWORLD,HermesWorld,hermesworld,hermesworldgMc.png,999885838,"{""solana"":""2YF1qxgYVY9x6UWVfampZp9er7PHXRYRDKi3isFnYhH9""}",18
0xc2fe011c3885277c7f0e7ffd45ff90cadc8ecd12_base,PONCHO,Poncho,poncho,ponchoxg4.png,10000000,"{""base"":""0xc2fe011c3885277c7f0e7ffd45ff90cadc8ecd12""}",18
CPG7gjcjcdZGHE5EJ6LoAL4xqZtNFeWEXXmtkYjAoVaF_solana,$DEGE,DegeCoin,degecoin,CPG7gjcjcdZGHE5EJ6LoAL4xqZtNFeWEXXmtkYjAoVaF_solana4Tj.png,998946578,"{""solana"":""CPG7gjcjcdZGHE5EJ6LoAL4xqZtNFeWEXXmtkYjAoVaF""}",18
layerzero-bridged-swell,SWELL,Layerzero Bridged Swell,layerzero-bridged-swell,layerzero-bridged-swellUEE.png,72773836,"{""swellchain"":""0x2826d136f5630ada89c1678b64a61620aab77aea""}",18
2eXamy7t3kvKhfV6aJ6Uwe3eh8cuREFcTKs1mFKZpump_solana,NUIT,nuit,nuit,2eXamy7t3kvKhfV6aJ6Uwe3eh8cuREFcTKs1mFKZpump_solana6dB.png,999999139,"{""solana"":""2eXamy7t3kvKhfV6aJ6Uwe3eh8cuREFcTKs1mFKZpump""}",18
baby-shark,SHARK,Baby Shark,baby-shark,baby-sharkSsa.png,1000000000000000,"{""binance_smart"":""0xcc9b175e4b88a22543c44f1cc65b73f63b0d4efe""}",18
meme-alliance-2,BIG,BIG Indie Games,meme-alliance-2,meme-alliance-2HFW.png,100000000,"{""ethereum"":""0x1337b164d318234ccafc3b06c726f522314b2799""}",18
magnibifrost,BIFROST,MAGNIBIFROST,magnibifrost,magnibifrost9xh.png,951512464,"{""solana"":""BqQGcZAfXwu2VfzMLnRAFYwtsbZxTHJNXVV74yVZpump""}",18
0xf3ce5ddaab6c133f9875a4a46c55cf0b58111b07_base,AXIOM,Axiom,axiom,axiomyiu.png,100000000000,"{""base"":""0xf3ce5ddaab6c133f9875a4a46c55cf0b58111b07""}",18
3TYgKwkE2Y3rxdw9osLRSpxpXmSC1C1oo19W9KHspump_solana,BULL,Bull,bull-5,bull-5IwE.png,999564061,"{""solana"":""3TYgKwkE2Y3rxdw9osLRSpxpXmSC1C1oo19W9KHspump""}",18
0xc0fe7f77ed2f522978b719372282ca89de8cf3e4_ethereum,CATCOIN,Catcoin,catcoin-3,catcoin-3eYp.png,1000000000,"{""ethereum"":""0xc0fe7f77ed2f522978b719372282ca89de8cf3e4""}",18
0xc77eb53473759913bf278e52861ef281829cbe4d_base,SKY,Skynet,skynet-3,skynet-3vP1.png,1000000000,"{""base"":""0xc77eb53473759913bf278e52861ef281829cbe4d""}",18
28tVhteKZkzzWjrdHGXzxfm4SQkhrDrjLur9TYCDVULE_solana,BUU,BUU,buu,28tVhteKZkzzWjrdHGXzxfm4SQkhrDrjLur9TYCDVULE_solanaYV7.png,998119047,"{""solana"":""28tVhteKZkzzWjrdHGXzxfm4SQkhrDrjLur9TYCDVULE""}",18
0x8554d38b95e4f7ca11d391008627df30b2b07777_binance_smart,PIZZA,PIZZA,pizza-3,0x8554d38b95e4f7ca11d391008627df30b2b07777_binance_smart8IC.png,1000000000,"{""binance_smart"":""0x8554d38b95e4f7ca11d391008627df30b2b07777""}",18
kroak-on-kaspa,KROAK,Kroak on Kaspa,kroak-on-kaspa,kroak-on-kasparWp.png,690000000,"{""kasplex"":""db75c0ba477be80b8c9e180a63ecf0b260fe5ec286aecd09602ed33b21f52b54""}",18
maryjanecoin,MARYJ,MaryJaneCoin,maryjanecoin,maryjanecoinodm.png,999999516,"{""solana"":""MARYJkS2kHxmVkQp8baNUL7d3R1pddLr65GgsArJAYY""}",18
0xb24e3035d1fcbc0e43cf3143c3fd92e53df2009b_katana,POL,Katana Bridged POL (Katana),katana-bridged-pol-katana,katana-bridged-pol-katana2rr.png,539803,"{""katana"":""0xb24e3035d1fcbc0e43cf3143c3fd92e53df2009b""}",18
makerdao-arbitrum-nova-dai-bridge-arbitrum-nova,DAI,MakerDAO Arbitrum Nova DAI Bridge (Arbitrum Nova),makerdao-arbitrum-nova-dai-bridge-arbitrum-nova,makerdao-arbitrum-nova-dai-bridge-arbitrum-novaI84.png,53355,"{""arbitrum-nova"":""0xda10009cbd5d07dd0cecc66161fc93d7c9000da1""}",18
memedao,MEMD,MemeDAO,memedao,memedaouD4.png,420690000000000,"{""ethereum"":""0x7a786dac1f315c8a0e9962172ad8ae0c04d9c9b6""}",18
glory-cat,GCAT,Glory Cat,glory-cat,glory-catHzK.png,137662005838,"{""binance_smart"":""0x47318ce01d3c447aca06a7bbbd25a35ad1184d96""}",18
8iWsK2WH3AGviQwAnt43zvc8yLy6QMUSuv8PK2A7pump_solana,MAGNET,Magnet,magnet-2,8iWsK2WH3AGviQwAnt43zvc8yLy6QMUSuv8PK2A7pump_solana74U.png,999489113,"{""solana"":""8iWsK2WH3AGviQwAnt43zvc8yLy6QMUSuv8PK2A7pump""}",18
marscoin-2,MARS,Marscoin,marscoin-2,marscoin-2irw.png,1000000000,"{""binance_smart"":""0x1fd448d0361c3212961a70930f3129a45f425b68""}",18
agent-vilady-tv,VILADY,Agent Vilady TV,agent-vilady-tv,agent-vilady-tvx0Z.png,9976887,"{""base"":""0x0dee1df0f634df4792e76816b42002fb2a97c432""}",18
0x4444a5aa742aa838389e4e0624fe706ae46818ab_binance_smart,重生,重生 (Rebirth),rebirth,0x4444a5aa742aa838389e4e0624fe706ae46818ab_binance_smart5w0.png,1000000000,"{""binance_smart"":""0x4444a5aa742aa838389e4e0624fe706ae46818ab""}",18
b6tCZBBD21dFxa1R5tULY1BdJkxCserENFyvseWpump_solana,SOLBOY,SOLBOY,solboy,b6tCZBBD21dFxa1R5tULY1BdJkxCserENFyvseWpump_solana7Nj.png,999988210,"{""solana"":""b6tCZBBD21dFxa1R5tULY1BdJkxCserENFyvseWpump""}",18
gamestarter,GAME,Gamestarter,gamestarter,gamestartereOq.png,100000000,"{""ethereum"":""0xd567b5f02b9073ad3a982a099a23bf019ff11d1c"",""binance_smart"":""0x66109633715d2110dda791e64a7b2afadb517abb""}",18
high-yield-usd-base,HYUSD,High Yield USD (Base),high-yield-usd-base,high-yield-usd-baseuMa.png,51540,"{""base"":""0xcc7ff230365bd730ee4b352cc2492cedac49383e""}",18
0xcde90558fc317c69580deeaf3efc509428df9080_base,NORMILIO,Normilio,normilio,normiliouyT.png,913496501,"{""base"":""0xcde90558fc317c69580deeaf3efc509428df9080""}",18
A6rSPi9JmJgVkW6BatsA6MjFYLseizPM2Fnt92coFjf4_solana,MAGAIBA,MAGAIBA,magaiba,magaibaOBs.png,1000000000,"{""solana"":""A6rSPi9JmJgVkW6BatsA6MjFYLseizPM2Fnt92coFjf4""}",18
0x6968676661ac9851c38907bdfcc22d5dd77b564d_ethereum,BOYSCLUB,Matt Furie's Boys Club,matt-furie-s-boys-club,matt-furie-s-boys-clubMqd.png,100000000,"{""ethereum"":""0x6968676661ac9851c38907bdfcc22d5dd77b564d""}",18
galaconnect-bridged-uni-galachain,,GalaConnect Bridged UNI (GalaChain),galaconnect-bridged-uni-galachain,galaconnect-bridged-uni-galachaineDA.png,407920,"{""galachain"":""E4RdHNv1BLig8PWuDk2FPtfxWx""}",18
vibe-ai-2,VIBE,VIBE AI,vibe-ai-2,vibe-ai-2QEh.png,1000000000,"{""ethereum"":""0x8e7a9f9817ecf2649c0316b22fea274d522c7b9b"",""robinhood"":""0x8e7a9f9817ecf2649c0316b22fea274d522c7b9b""}",18
0xd0ebfe04adb5ef449ec5874e450810501dc53ed5_ethereum,BRUME,Brume,brume,0xd0ebfe04adb5ef449ec5874e450810501dc53ed5_ethereumTB3.png,2755734,"{""ethereum"":""0xd0ebfe04adb5ef449ec5874e450810501dc53ed5""}",18
pi-network-dog,PIDOG,Pi Network Dog,pi-network-dog,pi-network-dog6J8.png,31396921809468,"{""solana"":""pi1RgmNaLQsNEyEAsrEjgmemojPwitwDAXc3zgseWWF""}",18
0x6eefbfc95c7810adf53ac232d1de911839918749_base,COS,ClawdOS,clawdos,clawdosCmj.png,100000000000,"{""base"":""0x6eefbfc95c7810adf53ac232d1de911839918749""}",18
ubxs-token,UBXS,UBXS,ubxs-token,ubxs-tokenoX5.png,82899882,"{""binance_smart"":""0x4f1960e29b2ca581a38c5c474e123f420f8092db""}",18
9QFfgxdSqH5zT7j6rZb1y6SZhw2aFtcQu2r6BuYpump_solana,GOLDCOIN,goldcoin,goldcoin-2,goldcoin-2BGg.png,675824235,"{""solana"":""9QFfgxdSqH5zT7j6rZb1y6SZhw2aFtcQu2r6BuYpump""}",18
AMKKkovbUqr5cxmsg22KxTgaRXq6z4f8umrze4JKpump_solana,RUECAT,Rue Cat,rue-cat,AMKKkovbUqr5cxmsg22KxTgaRXq6z4f8umrze4JKpump_solana55v.png,563805852,"{""solana"":""AMKKkovbUqr5cxmsg22KxTgaRXq6z4f8umrze4JKpump""}",18
EhkDgP8e5sz16AFCWUCYJzVug1zvpDLTEHxH4WAFpBFA_solana,X,X Community,x-community,EhkDgP8e5sz16AFCWUCYJzVug1zvpDLTEHxH4WAFpBFA_solanar9p.png,963778254,"{""solana"":""EhkDgP8e5sz16AFCWUCYJzVug1zvpDLTEHxH4WAFpBFA""}",18
0x09d92c109b475dd513292c76544b4e250da13faa_ethereum,DOGGY,DOGGY COIN,doggy-coin,doggy-coin0ly.png,420690000000000,"{""ethereum"":""0x09d92c109b475dd513292c76544b4e250da13faa""}",18
0xbdc27118ca76b375c6887b0ff068afb03dfc21a0_base,ARBUS,Arbus,arbus,0xbdc27118ca76b375c6887b0ff068afb03dfc21a0_baseAdx.png,1000000000,"{""base"":""0xbdc27118ca76b375c6887b0ff068afb03dfc21a0""}",18
cubigator,CUB,Cubigator,cubigator,cubigatorOrR.png,1000000000,"{""the-open-network"":""EQCXSMNX3OB5jPgOJkEzjYhm7FOBfkA3cg7paBqTYwzXrjIi""}",18
0xfdc933ff4e2980d18becf48e4e030d8463a2bb07_base,OWOCKIBOT,Owockibot,owockibot,owockibotbQt.png,100000000000,"{""base"":""0xfdc933ff4e2980d18becf48e4e030d8463a2bb07""}",18
dekNoN3D8mXa4JHLwTbVXz8aPAyJUkk443UjcSpJKi4_solana,PEANIE,peanie,peanie,peaniesaU.png,991856524,"{""solana"":""dekNoN3D8mXa4JHLwTbVXz8aPAyJUkk443UjcSpJKi4""}",18
primefi,PRFI,Prime Numbers Labs,primefi,primefiRc2.png,95917064,"{""base"":""0x7bbcf1b600565ae023a1806ef637af4739de3255"",""arbitrum-one"":""0x7bbcf1b600565ae023a1806ef637af4739de3255"",""hyperevm"":""0x7bbcf1b600565ae023a1806ef637af4739de3255"",""ethereum"":""0x7bbcf1b600565ae023a1806ef637af4739de3255"",""xdc-network"":""0x81b244d0be055ef3bef1b09b7826cc2b108b2cbd""}",18
dogwifhood,WIF,DOGWIFHOOD,dogwifhood,dogwifhoodH3O.png,998920173,"{""the-open-network"":""EQAuco5ZEPgB19fSTo7EmtLTJysrKxbu6M_XOFDwWQiNjCsQ""}",18
0xb21b24f12c6125487a33fcf96ab06a5c74114444_binance_smart,NAIIVE,naiive,naiive,0xb21b24f12c6125487a33fcf96ab06a5c74114444_binance_smart1JK.png,1000000000,"{""binance_smart"":""0xb21b24f12c6125487a33fcf96ab06a5c74114444""}",18
sunpepe,SUNPEPE,sunpepe,sunpepe,sunpepecN3.png,1000000000,"{""tron"":""TAzpJHxxgJd8f5AKjzndEndH3S9pzNUM5W""}",18
pockemy,PKM,Pockemy,pockemy,pockemysLX.png,999805700,"{""solana"":""6LH9NDBYUf7thDx8sMZppZpxAsdXtsQ9VN37gKMpZRSp""}",18
bitsong,BTSG,BitSong,bitsong,bitsong07G.png,121860709,"{""ethereum"":""0x05079687d35b93538cbd59fe5596380cae9054a9"",""osmosis"":""ibc/4E5444C35610CC76FC94E7F7886B93121175C28262DDFDDE6F84E82BF2425452"",""neutron"":""ibc/53E1B5B1C060CF4B556E91020EACD272CD9160E996E598FC93D2436814050471"",""base"":""0x0357d61ede1cbcb38981b11117cfca1854ca28ad""}",18
chonky,CHONKY,CHONKY [OLD],chonky,chonkySTe.png,499976560469,"{""solana"":""H7ed7UgcLp3ax4X1CQ5WuWDn6d1pprfMMYiv5ejwLWWU""}",18
0x7d12aeb5d96d221071d176980d23c213d88d9998_base,FCKN,Fried Chicken,fried-chicken,fried-chickenNoB.png,1000000000,"{""base"":""0x7d12aeb5d96d221071d176980d23c213d88d9998""}",18
67ezHLk8PUkjJCXjmmgPbx85VowA52ghfRXa9A8Tpump_solana,GROKIUS,Grokius Maximus,grokius-maximus,grokius-maximussPE.png,999767601,"{""solana"":""67ezHLk8PUkjJCXjmmgPbx85VowA52ghfRXa9A8Tpump""}",18
rflix,RFLX,RFLIX,rflix,rflix8JM.png,1000000000,"{""robinhood"":""0xfd181632e1f2335dab74535e6dd29082d3191bb2""}",18
nomad-bridged-weth-moonbeam,WETH,Nomad Bridged WETH (Moonbeam),nomad-bridged-weth-moonbeam,nomad-bridged-weth-moonbeamIiF.png,603.8857,"{""moonbeam"":""0x30d2a9f5fdf90ace8c17952cbb4ee48a55d916a7""}",18
paws,PAWS,PAWS,paws,pawsVsa.png,53041079919,"{""solana"":""PAWSxhjTyNJELywYiYTxCN857utnYmWXu7Q59Vgn6ZQ""}",18
FPfi9q1AixdUeWQVPFHJMJQ7a43S78dm6UZ4fzN4pump_solana,NOSIS,9gnosis,9gnosis,9gnosisut1.png,973364772,"{""solana"":""FPfi9q1AixdUeWQVPFHJMJQ7a43S78dm6UZ4fzN4pump""}",18
GLPdQwGtjcynj3RLraenPeR9v1REnpdyuciPBpVipump_solana,SCOUT,Scoutly AI,scoutly-ai,GLPdQwGtjcynj3RLraenPeR9v1REnpdyuciPBpVipump_solanazcZ.png,1000000000,"{""solana"":""GLPdQwGtjcynj3RLraenPeR9v1REnpdyuciPBpVipump""}",18
chainge-finance,XCHNG,Chainge,chainge-finance,chainge-financeCA3.png,716725414,"{""fusion-network"":""0xab1f7e5bf2587543fe41f268c59d35da95f046e0"",""ethereum"":""0xb712d62fe84258292d1961b5150a19bc4ab49026"",""arbitrum-one"":""0x51c601dc278eb2cfea8e52c4caa35b3d6a9a2c26""}",18
nuscale-power-ondo-tokenized,SMRON,NuScale Power (Ondo Tokenized),nuscale-power-ondo-tokenized,nuscale-power-ondo-tokenized9XI.png,7384,"{""ethereum"":""0x0a600856eedce367ed49c3cd399775dc95d8bb5a"",""binance_smart"":""0xf4b674d4e33c36f8db4b928a5eec4e1f87b386e3"",""solana"":""bGy2covWNf5qyzoNdV1pWXuLmFi6Dq927o7JXzWondo""}",18
size,SIZE,SIZE,size,sizeTcb.png,973071259,"{""solana"":""HqLRjru6pD6GFGnQ7TwSSGQRuPhF8UZNey9T4yCsZzuq""}",18
CmgJ1PobhUqB7MEa8qDkiG2TUpMTskWj8d9JeZWSpump_solana,FISH,rainbowfish,rainbowfish,rainbowfishn3c.png,999500234,"{""solana"":""CmgJ1PobhUqB7MEa8qDkiG2TUpMTskWj8d9JeZWSpump""}",18
metaarena,TIMI,MetaArena,metaarena,metaarena70d.png,2100000000,"{""binance_smart"":""0xaafe1f781bc5e4d240c4b73f6748d76079678fa8"",""sei-v2"":""0x4a1ea452c598363188bccc83fb4f69dc14b54acd""}",18
0x051024b653e8ec69e72693f776c41c2a9401fb07_base,BETR,BETRMINT,betrmint,0x051024b653e8ec69e72693f776c41c2a9401fb07_baseIaZ.png,98965202534,"{""base"":""0x051024b653e8ec69e72693f776c41c2a9401fb07""}",18
sirin-labs-token,SRN,Sirin Labs,sirin-labs-token,sirin-labs-tokengcS.png,572166103,"{""ethereum"":""0x68d57c9a1c35f63e2c83ee8e49a64e9d70528d25""}",18
teleport-system-token,TST,Teleport System Token,teleport-system-token,teleport-system-tokennbh.png,1000000000,"{""ethereum"":""0x0828096494ad6252f0f853abfc5b6ec9dfe9fdad""}",18
FYFq8aYYpRgwH6x9Ez4M1xEnv6aWpMrtdhYRUhbJyo43_solana,NDAO,Nasdao Ai,nasdao-ai,FYFq8aYYpRgwH6x9Ez4M1xEnv6aWpMrtdhYRUhbJyo43_solanavKZ.png,1099619018,"{""solana"":""FYFq8aYYpRgwH6x9Ez4M1xEnv6aWpMrtdhYRUhbJyo43""}",18
7CPBU6CL7GpjzM2DRr7HVoy7TGJxvHkPHWxfvEZypump_solana,FEETCOIN,feetcoin,feetcoin,7CPBU6CL7GpjzM2DRr7HVoy7TGJxvHkPHWxfvEZypump_solanazr5.png,999757723,"{""solana"":""7CPBU6CL7GpjzM2DRr7HVoy7TGJxvHkPHWxfvEZypump""}",18
kango,KANGO,KANGO,kango,kangoupt.png,287000000000,"{""kasplex"":""KANGO""}",18
0x83abfc4beec2ecf12995005d751a42df691c09c1_base,H1DR4,H1DR4 by Virtuals,h1dr4-by-virtuals,0x83abfc4beec2ecf12995005d751a42df691c09c1_baseyLo.png,1000000000,"{""base"":""0x83abfc4beec2ecf12995005d751a42df691c09c1""}",18
agartha,AGARTHA,Agartha,agartha,agarthae0Y.png,999673301,"{""solana"":""4az7oyuUFco8GedLkWYzopurgadkSz8n64xCEXNYpump""}",18
spartadex,SPARTA,SpartaDEX,spartadex,spartadexqSL.png,39720896,"{""arbitrum-one"":""0x11f98c7e42a367dab4f200d2fdc460fb445ce9a8"",""linea"":""0x11f98c7e42a367dab4f200d2fdc460fb445ce9a8""}",18
dog-wif-hood,WIFH,DOG WIF HOOD,dog-wif-hood,dog-wif-hoodJrM.png,878076046,"{""robinhood"":""0x4606bd72eba7259c40f910ecd76cf82950c0428c""}",18
0x4947b72fed037ade3365da050a9be5c063e605a7_ethereum,PEANUT,Peanut [OLD],peanut-2,0x4947b72fed037ade3365da050a9be5c063e605a7_ethereumXhd.png,420690000000,"{""ethereum"":""0x4947b72fed037ade3365da050a9be5c063e605a7"",""binance_smart"":""0xd1ed7cae60660cf85848eb6ead0fc00c0f9c0dd1""}",18
0x78b9ce06f0e20d89c78ced2ae739bb45dd5794ab_base,PROV,Provenance Fact-check,provenance-fact-check,provenance-fact-checkc7Q.png,1000000000,"{""base"":""0x78b9ce06f0e20d89c78ced2ae739bb45dd5794ab""}",18
0x67ea3abd5cee0b99d743155051c191b09135f93c_avalanche,AXD,Aesyx Dollar,aexys-dollar,aexys-dollarFp1.png,57133,"{""avalanche"":""0x67ea3abd5cee0b99d743155051c191b09135f93c""}",18
71AZt4P5kc5vpfTJR1HjNbMzD84G7vxam4DtL3kJpump_solana,BLORMMY,blormmy,blormmy,71AZt4P5kc5vpfTJR1HjNbMzD84G7vxam4DtL3kJpump_solana7ff.png,999531371,"{""solana"":""71AZt4P5kc5vpfTJR1HjNbMzD84G7vxam4DtL3kJpump""}",18
rkey,RKEY,Rkey,rkey,rkeyB46.png,989757352,"{""solana"":""F4YXmo8CDLRvWGnXyxVZ62wwc7oWcBam7tu4G5kGSaKZ""}",18
tgmetrics-2,BLIPS,Blips,tgmetrics-2,tgmetrics-2P9b.png,997659909,"{""solana"":""6qqiEkw2vz4xoaFehAtrkF7mtxfT7m8BS2gSrvMrBLPS""}",18
0x465dbc39f46f9d43c581a5d90a43e4a0f2a6ff2d_ethereum,$ITO,ITO,ito,itoYun.png,409174758407,"{""ethereum"":""0x465dbc39f46f9d43c581a5d90a43e4a0f2a6ff2d""}",18
CATTzAwLyADd2ekzVjTjX8tVUBYfrozdkJBkutJggdB7_solana,CATDOG,Cat-Dog,cat-dog,CATTzAwLyADd2ekzVjTjX8tVUBYfrozdkJBkutJggdB7_solana8iI.png,86821572735,"{""solana"":""CATTzAwLyADd2ekzVjTjX8tVUBYfrozdkJBkutJggdB7""}",18
0x4b7c762af92dbd917d159eb282b85aa13e955739_ethereum,POODL,Poodl Inu,poodl-inu,poodl-inuk6l.png,6900000000,"{""ethereum"":""0x4b7c762af92dbd917d159eb282b85aa13e955739""}",18
aion,AION,Aion,aion,aionbzD.png,567285764,,
8biqsLDiRPaPM11S42zKtNaC3WWKF64PNoPG9htzy99n_solana,OK,okbet,okbet,8biqsLDiRPaPM11S42zKtNaC3WWKF64PNoPG9htzy99n_solanaQJZ.png,999816693,"{""solana"":""8biqsLDiRPaPM11S42zKtNaC3WWKF64PNoPG9htzy99n""}",18
0x4e0026b2a27f60cd7ed8bb71f9489501b1f87777_binance_smart,BUDDY,Buddy -First Crypto Dog Price,buddy-first-crypto-dog-price,0x4e0026b2a27f60cd7ed8bb71f9489501b1f87777_binance_smartEXX.png,1000000000,"{""binance_smart"":""0x4e0026b2a27f60cd7ed8bb71f9489501b1f87777""}",18
jak,JAK,JAK,jak,jakfUG.png,999410420,"{""solana"":""FBbnzHwJ1WHYwP425cqMNb2t7o7sm6AXQjsQ3sZRpump""}",18
celo-nigerian-naira,NGNM,Mento Nigerian Naira,celo-nigerian-naira,celo-nigerian-nairaJuD.png,77557363,"{""celo"":""0xe2702bd97ee33c88c8f6f92da3b733608aa76f71""}",18
0x16cfb276ae69ed975ebfdf3cf90e817a28d5cb07_base,NEXA,NexA,nexa-3,0x16cfb276ae69ed975ebfdf3cf90e817a28d5cb07_basefhY.png,100000000000,"{""base"":""0x16cfb276ae69ed975ebfdf3cf90e817a28d5cb07""}",18
puff,PUFF,PUFF,puff,puffVNl.png,142097002,"{""solana"":""G9tt98aYSznRk7jWsfuz9FnTdokxS6Brohdo9hSmjTRB""}",18
geke,GEKE,Geke,geke,gekeN5o.png,69696969696969,"{""ethereum"":""0x471a202f69d6e975da55e363dab1bdb2e86e0c0f""}",18
pepemon-pepeballs,PPBLZ,Pepemon Pepeballs,pepemon-pepeballs,pepemon-pepeballsxJe.png,14000,"{""ethereum"":""0x4d2ee5dae46c86da2ff521f7657dad98834f97b8"",""fantom"":""0x8063115941e612021692f28748ab1ff56c23e4c6""}",18
4fSWEw2wbYEUCcMtitzmeGUfqinoafXxkhqZrA9Gpump_solana,PIGEON,level941,level941,level941NBb.png,984444473,"{""solana"":""4fSWEw2wbYEUCcMtitzmeGUfqinoafXxkhqZrA9Gpump""}",18
vega-protocol,VEGA,Vega Protocol,vega-protocol,vega-protocolqL3.png,64999723,"{""ethereum"":""0xcb84d72e61e383767c4dfeb2d8ff7f4fb89abc6e""}",18
mumu-the-bull-2,BULL,Mumu the Bull,mumu-the-bull-2,mumu-the-bull-2UYV.png,100000000000000,"{""ethereum"":""0x9b7331c6e98bad1dc8f096ff3d98c93b3b9b1173""}",18
department-of-government-efficiency-4,DOGE,Department Of Government Efficiency,department-of-government-efficiency-4,department-of-government-efficiency-4fPq.png,500000000,"{""ethereum"":""0x81fcc294d91bd8ffc8a822d7df0e2fd2f8526c39"",""solana"":""B54Fyr1XrWNA5RsRRkovoVFwQwzwBfqaJPLoFR4pMoAX""}",18
7YHPdtmjuEmgEA9bTWAWNSULacbjADxEKENL3XWL1RXC_solana,NOOSUM,Gabin Noosum,gabin-noosum,gabin-noosum5SF.png,799485329,"{""solana"":""7YHPdtmjuEmgEA9bTWAWNSULacbjADxEKENL3XWL1RXC""}",18
bridged-usd-coin-ton-bridge,JUSDC,Bridged USD Coin (TON Bridge),bridged-usd-coin-ton-bridge,bridged-usd-coin-ton-bridgeKfp.png,56333,"{""the-open-network"":""EQB-MPwrd1G6WKNkLz_VnV6WqBDd142KMQv-g1O-8QUA3728""}",18
0xd36687146385f7dc84a18fea3d00319d39d6d1a0_arc,SOLON,SolonPad,solonpad,solonpadUu4.png,958819820,"{""arc"":""0xd36687146385f7dc84a18fea3d00319d39d6d1a0""}",18
4fwCUiZ8qaddK3WFLXazXRtpYpHc39iYLnEfF7KjmoEy_solana,DPINO,DarkPino,darkpino,4fwCUiZ8qaddK3WFLXazXRtpYpHc39iYLnEfF7KjmoEy_solanaLhq.png,987340686,"{""solana"":""4fwCUiZ8qaddK3WFLXazXRtpYpHc39iYLnEfF7KjmoEy""}",18
steakhouse-pyusd-morpho-vault,STEAKPYUSD,Steakhouse PYUSD Morpho Vault,steakhouse-pyusd-morpho-vault,steakhouse-pyusd-morpho-vaultpCl.png,51227,"{""ethereum"":""0xbeef02e5e13584ab96848af90261f0c8ee04722a""}",18
0x962c8a85f500519266269f77dffba4cea0b46da1_ethereum,BERRY,Strawberry In Bloom,strawberry-in-bloom,strawberry-in-bloomhcq.png,420690000,"{""ethereum"":""0x962c8a85f500519266269f77dffba4cea0b46da1""}",18
0x39b9e06f226ff6d7500c870b82333aacbd2f7777_monad,NADS,NADS,nads,0x39b9e06f226ff6d7500c870b82333aacbd2f7777_monad8DK.png,1000000000,"{""monad"":""0x39b9e06f226ff6d7500c870b82333aacbd2f7777""}",18
sp-funds-s-p-world-ex-us-etf-dinari-tokenized-etf,SPWO,SP Funds S&P World (ex-US) ETF (Dinari Tokenized ETF),sp-funds-s-p-world-ex-us-etf-dinari-tokenized-etf,sp-funds-s-p-world-ex-us-etf-dinari-tokenized-etf1vZ.png,1641,"{""ethereum"":""0xfae8f97cafea5133159992e83a4b30e1aae88328"",""base"":""0x1bc7cd640fba3d157f152665b7bf5cbe4a50d26a"",""arbitrum-one"":""0xccf43c38fe53c633425e14f6aba50a98e5ab1408"",""avalanche"":""0xe47cb8683620773f0316c09f805dcfc1145793e8""}",18
bunana,BUNANA,Bunana,bunana,bunanaOWg.png,1000000000,"{""memecore"":""0x9a360e5a5a4b17d789f07ea2c4131e886f29ab91""}",18
wild-goat-coin-2-2,GOAT,Goatcoin,wild-goat-coin-2-2,wild-goat-coin-2-2WZc.png,3333333333,"{""aptos"":""0xa4a357a4bc6a3719c8bb669ccbafbe89f7f9bcc42a2949282952e34760a74777""}",18
dollarmoon-2,DMOON,DollarMoon,dollarmoon-2,dollarmoon-2cC7.png,85923641,"{""solana"":""9fWeqjzb7xG93T9FPaWggTecvyZZDTXc7VgzNWkisqm4""}",18
rtx-ondo-tokenized,RTXON,RTX (Ondo Tokenized),rtx-ondo-tokenized,rtx-ondo-tokenized1YA.png,301.0917,"{""ethereum"":""0x67c5902f5210f62f37157cd9c735c693164c1378"",""binance_smart"":""0x44fde2c6bc2c2b54962c69fcef57a2a50121dbd7"",""solana"":""12BvLZtzjdssAycxPeBQUjukhmgQpULAvy6SroYdondo""}",18
777fuckilluminatiworldwid,FIW,777FuckIlluminatiWorldwid,777fuckilluminatiworldwid,777fuckilluminatiworldwidHl3.png,988652568,"{""solana"":""FeKmTunVrXDKEoDJbuTwZi8vfFFw3MHzpPB79JD8ARYU""}",18
0xdbaaa7bd100fcfd8465e195221810e098a136f5a_hyperevm,MOTION,Motion,motion-7,motion-7Qsm.png,1000000000,"{""hyperevm"":""0xdbaaa7bd100fcfd8465e195221810e098a136f5a""}",18
liquid-solana-derivative,LSD,Liquid Solana Derivative,liquid-solana-derivative,liquid-solana-derivativeo0f.png,420690000,"{""solana"":""DDti34vnkrCehR8fih6dTGpPuc3w8tL4XQ4QLQhc3xPa""}",18
AMNfeXpjD6kXyyTDB4LMKzNWypqNHwtgJUACHUmuKLD5_solana,TEAM,Team556,team556,AMNfeXpjD6kXyyTDB4LMKzNWypqNHwtgJUACHUmuKLD5_solanaJ7L.png,999851747,"{""solana"":""AMNfeXpjD6kXyyTDB4LMKzNWypqNHwtgJUACHUmuKLD5""}",18
0x4154b19017a63d054ad1888bbde1e188253a7777_binance_smart,RANDY,Randy,randy-2,randy-2Owk.png,1000000000,"{""binance_smart"":""0x4154b19017a63d054ad1888bbde1e188253a7777""}",18
GN78Djb7J2xc2ZLZaJLoGoF8FU6x7DnK3kUJFsnDpump_solana,$SHRUB,Shrub,shrub-2,GN78Djb7J2xc2ZLZaJLoGoF8FU6x7DnK3kUJFsnDpump_solanacgJ.png,999012155,"{""solana"":""GN78Djb7J2xc2ZLZaJLoGoF8FU6x7DnK3kUJFsnDpump""}",18
Gc5hxBYZjxWNpt3B8XYbp4YoGCHSMfrJK7ex4GUTpump_solana,LENNY,Lenny,lenny,Gc5hxBYZjxWNpt3B8XYbp4YoGCHSMfrJK7ex4GUTpump_solanaWQ1.png,961408768,"{""solana"":""Gc5hxBYZjxWNpt3B8XYbp4YoGCHSMfrJK7ex4GUTpump""}",18
vectorchat-ai,CHAT,VectorChat.ai,vectorchat-ai,vectorchat-aiXCN.png,100000000,"{""ethereum"":""0xbb3d7f42c58abd83616ad7c8c72473ee46df2678""}",18
chirpley,CHRP,Chirpley,chirpley,chirpleyQDr.png,1000000000,"{""binance_smart"":""0xed00fc7d48b57b81fe65d1ce71c0985e4cf442cb"",""ethereum"":""0x70bc0dc6414eb8974bc70685f798838a87d8cce4""}",18
4ko5tSr5o3H4v1sFtjTSd9MPUW7yx5AFCpkNPoL6pump_solana,FEBU,febu,febu,febuiXJ.png,994141376,"{""solana"":""4ko5tSr5o3H4v1sFtjTSd9MPUW7yx5AFCpkNPoL6pump""}",18
0xb19ab935a82bd24d45bd792e3b2348334ed87777_binance_smart,火蝴蝶,火蝴蝶,huohudie,huohudieiM0.png,70724831,"{""binance_smart"":""0xb19ab935a82bd24d45bd792e3b2348334ed87777""}",18
defi-growth-index,DGI,DeFi Growth Index,defi-growth-index,defi-growth-indexHZX.png,67011,"{""ethereum"":""0x9a1741e151233a82cf69209a2f1bc7442b1fb29c""}",18
8SgNwESovnbG1oNEaPVhg6CR9mTMSK7jPvcYRe3wpump_solana,CHAOS,chaos and disorder,chaos-and-disorder,8SgNwESovnbG1oNEaPVhg6CR9mTMSK7jPvcYRe3wpump_solanaWhk.png,999645892,"{""solana"":""8SgNwESovnbG1oNEaPVhg6CR9mTMSK7jPvcYRe3wpump""}",18
33dhma9QA7xefhVpA7c5vMrN826xcHanSHruUEKF2LmW_solana,SOS,Strategic Oil Supply,strategic-oil-supply,strategic-oil-supplyESe.png,999953354,"{""solana"":""33dhma9QA7xefhVpA7c5vMrN826xcHanSHruUEKF2LmW""}",18
float-protocol,BANK,Float Protocol,float-protocol,float-protocolWAR.png,330192,"{""ethereum"":""0x24a6a37576377f63f194caa5f518a60f45b42921""}",18
0xb60fdf036f2ad584f79525b5da76c5c531283a1b_ethereum,NEMO,Nemo Sum,nemo-sum,nemo-sum5PF.png,978667513,"{""ethereum"":""0xb60fdf036f2ad584f79525b5da76c5c531283a1b"",""solana"":""GiN6u4pYqQB1tUNCTxN8n8aM1N2hDmtqaKWCSiAv1uLW""}",18
leviathan-points,SQUID,Leviathan Points,leviathan-points,leviathan-pointsRNb.png,25000000,"{""fraxtal"":""0x6e58089d8e8f664823d26454f49a5a0f2ff697fe""}",18
G6cHLEwYHyZJXBhKpSWMU6RUtcq9HM9UTn2cTEdKpump_solana,ARROW,Arrow,arrow-3,arrow-3GEi.png,999942239,"{""solana"":""G6cHLEwYHyZJXBhKpSWMU6RUtcq9HM9UTn2cTEdKpump""}",18
nvent-electric-ondo-tokenized,NVTON,nVent Electric (Ondo Tokenized),nvent-electric-ondo-tokenized,nvent-electric-ondo-tokenizedjwd.png,329.9841,"{""ethereum"":""0x38cbbbf83ab583e231960b5c112145324bef55ae"",""binance_smart"":""0x484ce83bb55b50d70236c7d1e29e0ba7524f905b"",""solana"":""Z7G1bRFYH47se4g1ppqSgtMzeJs4JjzzFPmt7iAondo""}",18
baby-pepe-2,BABYPEPE,Baby Pepe,baby-pepe-2,baby-pepe-2nNs.png,386315802155,"{""binance_smart"":""0x9d6db6382444b70a51307a4291188f60d4eef205""}",18
wrapped-zetachain,WZETA,Wrapped ZETA,wrapped-zetachain,wrapped-zetachainKID.png,1070393,"{""zetachain"":""0x5f0b1a82749cb4e2278ec87f8bf6b618dc71a8bf""}",18
0xfc5462143a3178cf044e97c491f6bcb5e38f173e_base,BERF,BERF,berf,berfiHD.png,420000000,"{""base"":""0xfc5462143a3178cf044e97c491f6bcb5e38f173e""}",18
doge-eat-doge,OMNOM,Doge Eat Doge,doge-eat-doge,doge-eat-doge0gl.png,1000000000000000,"{""dogechain"":""0xe3fca919883950c5cd468156392a6477ff5d18de""}",18
spacepenguin,P3NGUIN,SpacePenguin,spacepenguin,spacepenguinqTq.png,36135327958698,"{""binance_smart"":""0xb8309421b0603febbc370a6b0c5c59d3af202759""}",18
HkBWJJiaUW5Kod4HpHWZiGD9PQVipmMiPDgiRPcNpump_solana,CRUST,Crustafarianism,crustafarianism,crustafarianismOZi.png,999896967,"{""solana"":""HkBWJJiaUW5Kod4HpHWZiGD9PQVipmMiPDgiRPcNpump""}",18
bsc-station,BSCS,BSCS,bsc-station,bsc-stationVhe.png,398894655,"{""binance_smart"":""0xbcb24afb019be7e93ea9c43b7e22bb55d5b7f45d""}",18
ruby-coin,RUBY,Ruby Coin,ruby-coin,ruby-coinHnA.png,271822356,,
9sbrLLnk4vxJajnZWXP9h5qk1NDFw7dz2eHjgemcpump_solana,BEENZ,BEENZ,beenz,9sbrLLnk4vxJajnZWXP9h5qk1NDFw7dz2eHjgemcpump_solanaYU8.png,999647323,"{""solana"":""9sbrLLnk4vxJajnZWXP9h5qk1NDFw7dz2eHjgemcpump""}",18
3k25pZPecCgbkdPt7Q8k2NhRc6LtM5hg3HHfdz6iPnxA_solana,FAV,Favolo,favolo,3k25pZPecCgbkdPt7Q8k2NhRc6LtM5hg3HHfdz6iPnxA_solanaQ0u.png,9999991828,"{""solana"":""3k25pZPecCgbkdPt7Q8k2NhRc6LtM5hg3HHfdz6iPnxA""}",18
rivian-automotive-ondo-tokenized,RIVNON,Rivian Automotive (Ondo Tokenized),rivian-automotive-ondo-tokenized,rivian-automotive-ondo-tokenized1SD.png,3864,"{""ethereum"":""0x04d94914cd1d7ff749efedee764335777225b962"",""binance_smart"":""0x277e1fa8704c5511fed7e30bc691f922aa30101b"",""solana"":""AXRsYFt7TXNQ3DcY6BkvRgPV6VsYMURyDtaeudjondo"",""hyperevm"":""0x353d347bb7bc1c812e3a131d9b5193b3618029e5""}",18
0x6b9bb36519538e0c073894e964e90172e1c0b41f_base,WEWE,WEWECOIN,upside-down-meme,0x6b9bb36519538e0c073894e964e90172e1c0b41f_basewcK.png,100000000000,"{""base"":""0x6b9bb36519538e0c073894e964e90172e1c0b41f""}",18
dogfart,DOGFART,DOGFART,dogfart,dogfart0bc.png,49362000000,"{""x-layer"":""0x246e5ef65d29dd6375413959c1378f7612a8b983""}",18
84NdpWVhTGVuPFximNBXHQyQQPKumTjBYfFYGqt4bonk_solana,HODL,HODL,hodl-5,84NdpWVhTGVuPFximNBXHQyQQPKumTjBYfFYGqt4bonk_solana3cP.png,1000000000,"{""solana"":""84NdpWVhTGVuPFximNBXHQyQQPKumTjBYfFYGqt4bonk""}",18
0x9ae5f51d81ff510bf961218f833f79d57bfbab07_base,SELFCLAW,SelfClaw,selfclaw,selfclawBWu.png,100000000000,"{""base"":""0x9ae5f51d81ff510bf961218f833f79d57bfbab07"",""celo"":""0xcd88f99adf75a9110c0bcd22695a32a20ec54ecb""}",18
6UmWzmUy1RFa4eRGqpCL9Rat7oY4xXNV5Lt6pa84pump_solana,19,19,19-token,19-tokenxND.png,999423261,"{""solana"":""6UmWzmUy1RFa4eRGqpCL9Rat7oY4xXNV5Lt6pa84pump""}",18
6JGSHS9GrE9uG8ix63w3DPMYHrgrJ6J4QyHbBhAepump_solana,CRASHOUT,Crashout,crashout,6JGSHS9GrE9uG8ix63w3DPMYHrgrJ6J4QyHbBhAepump_solanaJcv.png,999878173,"{""solana"":""6JGSHS9GrE9uG8ix63w3DPMYHrgrJ6J4QyHbBhAepump""}",18
pell-network-token,PELL,Pell Network Token,pell-network-token,pell-network-token8Oq.png,2100000000,"{""ethereum"":""0xc65d8d96cdddb31328186efa113a460b0af9ec63"",""arbitrum-one"":""0xc65d8d96cdddb31328186efa113a460b0af9ec63"",""binance_smart"":""0xc65d8d96cdddb31328186efa113a460b0af9ec63"",""bitlayer"":""0xc65d8d96cdddb31328186efa113a460b0af9ec63"",""core"":""0xc65d8d96cdddb31328186efa113a460b0af9ec63""}",18
0xe3f53c0d48360de764ddc2a1a82c3e6db5d4624d_binance_smart,EMYC,E Money Network,emoneytoken,emoneytokenOz3.png,400000000,"{""binance_smart"":""0xe3f53c0d48360de764ddc2a1a82c3e6db5d4624d""}",18
0x2789033dfe80593f69d689f65892a75afa491111_binance_smart,WM,White Monkey,white-monkey,0x2789033dfe80593f69d689f65892a75afa491111_binance_smartW9H.png,1000000000,"{""binance_smart"":""0x2789033dfe80593f69d689f65892a75afa491111""}",18
0xe2dca969624795985f2f083bcd0b674337ba130a_saakuru,SKR,Saakuru,saakuru-labs,saakuru-labswBC.png,998676899,"{""saakuru"":""0xe2dca969624795985f2f083bcd0b674337ba130a"",""base"":""0xe2dca969624795985f2f083bcd0b674337ba130a"",""optimistic-ethereum"":""0xe2dca969624795985f2f083bcd0b674337ba130a"",""ethereum"":""0xe2dca969624795985f2f083bcd0b674337ba130a"",""binance_smart"":""0xe2dca969624795985f2f083bcd0b674337ba130a""}",18
0x5081de08282c67e5f5d01073a85e8f992a41d780_base,AWAI,Alliewai by Virtuals,alliewai,0x5081de08282c67e5f5d01073a85e8f992a41d780_baseYpI.png,1000000000,"{""base"":""0x5081de08282c67e5f5d01073a85e8f992a41d780""}",18
bzedge,BZE,BeeZee,bzedge,bzedgeWbP.png,281629871,"{""osmosis"":""ibc/C822645522FC3EECF817609AA38C24B64D04F5C267A23BCCF8F2E3BC5755FA88""}",18
rocki,ROCKI,Rocki,rocki,rocki2yF.png,100000000,"{""ethereum"":""0xff44b937788215eca197baaf9af69dbdc214aa04"",""binance_smart"":""0xa01000c52b234a92563ba61e5649b7c76e1ba0f3""}",18
fate-adventure,FA,Fate Adventure,fate-adventure,fate-adventure6eX.png,10000000,"{""sonic"":""0x8ad39144b37741573f85aa03d6c3e817a0054161""}",18
w3gg,W3GG,W3GG,w3gg,w3ggyuB.png,999993962,"{""polygon-pos"":""0x8d60fb5886497851aac8c5195006ecf07647ba0d""}",18
0x0007efdf427313313c904ad88cba4d00a672e327_ethereum,ISHI,Ishi Go,ishi-go,0x0007efdf427313313c904ad88cba4d00a672e327_ethereumejA.png,1000000000,"{""ethereum"":""0x0007efdf427313313c904ad88cba4d00a672e327""}",18
ishares-0-3-month-treasury-bond-etf-rstock,RSGOV,iShares 0-3 Month Treasury Bond ETF Tokenized Stock (Reality),ishares-0-3-month-treasury-bond-etf-rstock,ishares-0-3-month-treasury-bond-etf-rstockx80.png,543.8406,"{""arbitrum-one"":""0x65f9396c597a58c26d9e7409fd63c158cbdecb5e"",""morph-l2"":""0x8cb8c4210ce814e1b7e22252e25d63f079c56022""}",18
4MeqZ8v3XbNVVX6B69XxXaymoTX6DbK8iZgaGngCbonk_solana,LOLA,Solport Tom's bunny Lola,solport-tom-s-bunny-lola,4MeqZ8v3XbNVVX6B69XxXaymoTX6DbK8iZgaGngCbonk_solanac0o.png,965001855,"{""solana"":""4MeqZ8v3XbNVVX6B69XxXaymoTX6DbK8iZgaGngCbonk""}",18
0x1001271083c249bd771e1bb76c22d935809a61ee_ethereum,FUKU,Fuku-Kun,fuku-kun,0x1001271083c249bd771e1bb76c22d935809a61ee_ethereumM3w.png,378845212748,"{""ethereum"":""0x1001271083c249bd771e1bb76c22d935809a61ee""}",18
clawville-world,CLAWVILLE,clawville World,clawville-world,clawville-worldNxv.png,999938617,"{""solana"":""Epht7Fw4Sgh6fdcJj6afWXuNcAUmLLMc3MSthUqELiZA""}",18
arc-bat,ARCBAT,ARC BAT,arc-bat,arc-bat7NH.png,933439268,"{""arc"":""0xbe0cad585ea2d13de2f4e36376be755c0afd8b97""}",18
vaultbags,VAULT,VaultBags,vaultbags,vaultbagskVT.png,999924321,"{""solana"":""4iCRYJHvwUE21duaQ1nQcUXkh7wYNQai9aBihd3FBAGS""}",18
pongo,PONGO,Pongo,pongo,pongoQ5D.png,1010101010101,"{""ethereum"":""0x7c68e725b0b2ffcba8947fded4198c3d1db041e6""}",18
0x8e4f1ce473b292d56934c36976356e3e22c35585_ethereum,FIAS,FIAS,fias,fiaspLX.png,300000000,"{""ethereum"":""0x8e4f1ce473b292d56934c36976356e3e22c35585""}",18
apy-finance,APY,APY.Finance,apy-finance,apy-financeQGV.png,100000000,"{""ethereum"":""0x95a4492f028aa1fd432ea71146b433e7b4446611""}",18
0x78aca94075efdfa7220cd7aae02ac1488a8c5134_base,KART,Henlo Kart,henlo-kart,0x78aca94075efdfa7220cd7aae02ac1488a8c5134_basekPM.png,210690000000000,"{""base"":""0x78aca94075efdfa7220cd7aae02ac1488a8c5134""}",18
ocula,OCULA,Ocula,ocula,oculalbU.png,952741910,"{""solana"":""AsW7CuFBJwKWZKBCBqRJVVAg1QWchhNeSu1nMEmZpump""}",18
0x7e4dab87cbd6307e8833cc5c540ee151c6db4f42_binance_smart,BELG,Belgian Malinois,belgian-malinois,0x7e4dab87cbd6307e8833cc5c540ee151c6db4f42_binance_smartWyS.png,909563,"{""binance_smart"":""0x7e4dab87cbd6307e8833cc5c540ee151c6db4f42""}",18
wrapped-bitcoin-universal,UBTC,Wrapped Bitcoin (Universal),wrapped-bitcoin-universal,wrapped-bitcoin-universalplt.png,0.64632347,"{""base"":""0xf1143f3a8d76f1ca740d29d5671d365f66c44ed1""}",18
0xe8e55a847bb446d967ef92f4580162fb8f2d3f38_base,BROGE,Broge,broge,brogedO0.png,690420000000000,"{""base"":""0xe8e55a847bb446d967ef92f4580162fb8f2d3f38""}",18
magic-square,SQR,Magic Square,magic-square,magic-squareaVc.png,949675237,"{""solana"":""sqrnmmb9mkjjkihqs7fcmawo3gvs1fsqbvedzza7cp3"",""binance_smart"":""0x2b72867c32cf673f7b02d208b26889fed353b1f8""}",18
nodelyai,$NODE,NodelyAI,nodelyai,nodelyaiudi.png,1000000000,"{""ethereum"":""0xff284f2e8cce4cd2f4537d8a9369482b545908fb""}",18
7Y2TPeq3hqw21LRTCi4wBWoivDngCpNNJsN1hzhZpump_solana,SACHI,SachiCoin,sachicoin,sachicoin0NR.png,963267207,"{""solana"":""7Y2TPeq3hqw21LRTCi4wBWoivDngCpNNJsN1hzhZpump""}",18
angle-protocol,ANGLE,ANGLE,angle-protocol,angle-protocol1x9.png,1000000000,"{""ethereum"":""0x31429d1856ad1377a8a0079410b297e1a9e214c2""}",18
lenny-face,( ͡° ͜ʖ ͡°),Lenny Face,lenny-face,lenny-face4zu.png,1000000000,"{""ethereum"":""0xdadb4ae5b5d3099dd1f586f990b845f2404a1c4c""}",18
0xe18c07d858fb1bbf8c06fd78c13b86afd3d04e28_base,HEMPY,Hempy,hempy,0xe18c07d858fb1bbf8c06fd78c13b86afd3d04e28_basev1x.png,1000000000,"{""base"":""0xe18c07d858fb1bbf8c06fd78c13b86afd3d04e28""}",18
0xfc71274a94f5d9cd1ae6928ecfc9fa910d03eb28258fddeb9842ac3c7b4f3ae6::pigu::PIGU_sui,PIGU,PIGU,pigu,0xfc71274a94f5d9cd1ae6928ecfc9fa910d03eb28258fddeb9842ac3c7b4f3ae6::pigu::PIGU_suip40.png,100000000000,"{""sui"":""0xfc71274a94f5d9cd1ae6928ecfc9fa910d03eb28258fddeb9842ac3c7b4f3ae6::pigu::PIGU""}",18
0x5aed379a72bd2533371d153135c47d5eb61babc8_robinhood,STRIKE,Strike,strike-4,0x5aed379a72bd2533371d153135c47d5eb61babc8_robinhoodKhz.png,99989769,"{""robinhood"":""0x5aed379a72bd2533371d153135c47d5eb61babc8""}",18
talent-protocol,TALENT,Talent Protocol,talent-protocol,talent-protocollWf.png,586341789,"{""base"":""0x9a33406165f562e16c3abd82fd1185482e01b49a""}",18
69420,69420,69420,69420,69420wzo.png,69420000000,"{""ethereum"":""0x69cbaf6c147086c3c234385556f8a0c6488d3420""}",18
yuki-2,YUKI,yuki,yuki-2,yuki-2Hta.png,900000000,"{""base"":""0xcd339bd74fb792a134d6750b1bda04833a0a8453""}",18
sock-inu,SINU,Sock Inu,sock-inu,sock-inuakI.png,995761530,"{""solana"":""DXi3Uu7TC2tzJYmnFAgDKnU3p8t6qSafPcLgGaQipump""}",18
houdini-swap,LOCK,Houdini Swap,houdini-swap,houdini-swapVih.png,49798991,"{""ethereum"":""0x922d8563631b03c2c4cf817f4d18f6883aba0109"",""solana"":""App2Sp9pgmQG7yD6uVaygULxALf4TpfALgnhHEkJimih""}",18
8pay,8PAY,8Pay,8pay,8pay406.png,88888888,"{""ethereum"":""0x06ddb3a8bc0abc14f85e974cf1a93a6f8d4909d9"",""binance_smart"":""0x6eadc05928acd93efb3fa0dfbc644d96c6aa1df8"",""polygon-pos"":""0x06ddb3a8bc0abc14f85e974cf1a93a6f8d4909d9""}",18
0xcab6311f95faf6b5db4fd306092b6bcd9807e8f0_binance_smart,FXBT,Fourxbt,fourxbt,0xcab6311f95faf6b5db4fd306092b6bcd9807e8f0_binance_smartBly.png,1000000000,"{""binance_smart"":""0xcab6311f95faf6b5db4fd306092b6bcd9807e8f0""}",18
bloomberg-galaxy-crypto-index,BGCI,Bloomberg Galaxy Crypto Index,bloomberg-galaxy-crypto-index,bloomberg-galaxy-crypto-indexN8W.png,23986,"{""base"":""0x23418de10d422ad71c9d5713a2b8991a9c586443""}",18
eaglecoin-3,EGL,Eaglecoin,eaglecoin-3,eaglecoin-3YGH.png,1000000000,"{""binance_smart"":""0x07f18140a092c71f66db81feb01d26c93fd34444""}",18
clown-2,CLOWN,Clown,clown-2,clown-2GnB.png,999999968,"{""internet-computer"":""iwv6l-6iaaa-aaaal-ajjjq-cai""}",18
0xdcc0f2d8f90fde85b10ac1c8ab57dc0ae946a543_fraxtal,USDC,Fraxtal Bridged USDC (Fraxtal),fraxtal-bridged-usdc-fraxtal,fraxtal-bridged-usdc-fraxtalIgj.png,53861,"{""fraxtal"":""0xdcc0f2d8f90fde85b10ac1c8ab57dc0ae946a543""}",18
multichain-bridged-dai-energi,DAI,Multichain Bridged DAI (Energi),multichain-bridged-dai-energi,multichain-bridged-dai-energiJcu.png,53851,"{""energi"":""0x0ee5893f434017d8881750101ea2f7c49c0eb503""}",18
monavale,MONA,Monavale,monavale,monavaleJWs.png,11300,"{""ethereum"":""0x275f5ad03be0fa221b4c6649b8aee09a42d9412a"",""polygon-pos"":""0x6968105460f67c3bf751be7c15f92f5286fd0ce5""}",18
FVdo7CDJarhYoH6McyTFqx71EtzCPViinvdd1v86Qmy5_solana,AIMONICA,Aimonica Brands,aimonica-brands,FVdo7CDJarhYoH6McyTFqx71EtzCPViinvdd1v86Qmy5_solanaXoE.png,999879465,"{""solana"":""FVdo7CDJarhYoH6McyTFqx71EtzCPViinvdd1v86Qmy5""}",18
0xae1f38aee37f5bbeeded6a69b6454f4954b30ba3_base,HUNCH,Hunch,hunch,hunch7Xe.png,100000000000,"{""base"":""0xae1f38aee37f5bbeeded6a69b6454f4954b30ba3""}",18
0xa5c45d48d36607741e90c0cca29545a46f5ee121_ethereum,CHIB,Chiba Wan,chiba-wan,0xa5c45d48d36607741e90c0cca29545a46f5ee121_ethereumZq9.png,200000000000,"{""ethereum"":""0xa5c45d48d36607741e90c0cca29545a46f5ee121""}",18
A2GHnfpZvyeZX5Pr63jdMmo9uYbpaaKqHHuPD5xD2n6v_solana,SC,STAR CAT,star-cat,star-catFf9.png,808435175,"{""solana"":""A2GHnfpZvyeZX5Pr63jdMmo9uYbpaaKqHHuPD5xD2n6v""}",18
Br1JxELQYP34YdRW4gbEPLasHEtyz8eCmT2FvmnYpump_solana,PARALOOM,Paraloom,paraloom,paraloomtB2.png,999933709,"{""solana"":""Br1JxELQYP34YdRW4gbEPLasHEtyz8eCmT2FvmnYpump""}",18
43uhykFm8Y9gLvHrWs7r7w1HCKu6vikDi7j394FaSfNz_solana,$LANDLORD,Landlord Ronald,landlord-roland,43uhykFm8Y9gLvHrWs7r7w1HCKu6vikDi7j394FaSfNz_solanaOBi.png,824000000,"{""solana"":""43uhykFm8Y9gLvHrWs7r7w1HCKu6vikDi7j394FaSfNz""}",18
0x07040971246a73ebda9cf29ea1306bb47c7c4e76_ethereum,USPEPE,American Pepe,american-pepe,0x07040971246a73ebda9cf29ea1306bb47c7c4e76_ethereumQ4B.png,420690000000000,"{""ethereum"":""0x07040971246a73ebda9cf29ea1306bb47c7c4e76""}",18
Ee4n93iv9vtY8cYcUEqFCpBtmCq1ZMKR3pLzPQsmDMY5_solana,PCORN,Popcorn,popcorn-meme,Ee4n93iv9vtY8cYcUEqFCpBtmCq1ZMKR3pLzPQsmDMY5_solanaLf2.png,2000000000,"{""solana"":""Ee4n93iv9vtY8cYcUEqFCpBtmCq1ZMKR3pLzPQsmDMY5""}",18
Hz5umnpTrCjXNUrZtZAdviEfmXDzmaBZiQefVdb9pump_solana,BP,blackpill,blackpill,Hz5umnpTrCjXNUrZtZAdviEfmXDzmaBZiQefVdb9pump_solanaL3k.png,998924888,"{""solana"":""Hz5umnpTrCjXNUrZtZAdviEfmXDzmaBZiQefVdb9pump""}",18
347k5f1WLRYe81roRcLBWDR6k3eCRunaqetQPW6pbonk_solana,LIZARD,Lizard,lizard-2,lizard-2J9s.png,999761760,"{""solana"":""347k5f1WLRYe81roRcLBWDR6k3eCRunaqetQPW6pbonk""}",18
0x4b361e60cf256b926ba15f157d69cac9cd037426_base,CLUSTR,Clustr,clustr,0x4b361e60cf256b926ba15f157d69cac9cd037426_baseeLL.png,1000000000,"{""base"":""0x4b361e60cf256b926ba15f157d69cac9cd037426""}",18
0x931ef8053e997b1bab68d1e900a061305c0ff4fb_base,DOBI,Dobi,dobi-2,dobi-2IVi.png,889439742,"{""base"":""0x931ef8053e997b1bab68d1e900a061305c0ff4fb""}",18
3Bbj7eZTuMd2FrfeZ2degzckxhgB5b63crGoHLtrpump_solana,BABYFWOG,Baby Fwog,baby-fwog,3Bbj7eZTuMd2FrfeZ2degzckxhgB5b63crGoHLtrpump_solanajyw.png,1000000000,"{""solana"":""3Bbj7eZTuMd2FrfeZ2degzckxhgB5b63crGoHLtrpump""}",18
linde-rstock,RLIN,Linde plc Tokenized Stock (Reality),linde-rstock,linde-rstockpMr.png,110.7641,"{""arbitrum-one"":""0x6090c04ddcc0902682b60b4b5f61f3f19001b356"",""morph-l2"":""0x5da8f9bc6f83ee7246213f9cd05ee504d33c5654""}",18
zoomer,ZOOMER,Zoomer,zoomer,zoomerjuf.png,69000000000,"{""ethereum"":""0x0d505c03d30e65f6e9b4ef88855a47a89e4b7676"",""polygon-pos"":""0xb962150760f9a3bb00e3e9cf48297ee20ada4a33"",""base"":""0xd1db4851bcf5b41442caa32025ce0afe6b8eabc2"",""optimistic-ethereum"":""0xb962150760f9a3bb00e3e9cf48297ee20ada4a33"",""arbitrum-nova"":""0xb962150760f9a3bb00e3e9cf48297ee20ada4a33"",""binance_smart"":""0xb962150760f9a3bb00e3e9cf48297ee20ada4a33"",""solana"":""nBZEcHSG771mRbi4y2sSgKjfDUH8jsM2Eo5fNcASLeU""}",18
0x666acd390fa42d5bf86e9c42dc2fa6f6b4b2d8ab_ethereum,GORTH,Gorth,gorth,gorthsw0.png,420690000000000,"{""ethereum"":""0x666acd390fa42d5bf86e9c42dc2fa6f6b4b2d8ab""}",18
0x4e606cb7370a61060ad9916462871750d77e2b07_base,0XCORAL,0xCoral,0xcoral,0x4e606cb7370a61060ad9916462871750d77e2b07_baseGiD.png,93040000000,"{""base"":""0x4e606cb7370a61060ad9916462871750d77e2b07""}",18
0xcc9ad02796dec5f4f0710df80c1f011af85eb9e1_base,WACH,WachAI,wachxbt,wachxbtv2h.png,1000000000,"{""base"":""0xcc9ad02796dec5f4f0710df80c1f011af85eb9e1""}",18
basis-cash,BAC,Basis Cash,basis-cash,basis-casht9O.png,54575250,"{""ethereum"":""0x3449fc1cd036255ba1eb19d65ff4ba2b8903a69a""}",18
Ed1yisBEAo8UXToSswvVFgzyJKpF48HEdq5kvz2zpump_solana,VIBES,vibe shift,vibe-shift,Ed1yisBEAo8UXToSswvVFgzyJKpF48HEdq5kvz2zpump_solanaZDr.png,975959270,"{""solana"":""Ed1yisBEAo8UXToSswvVFgzyJKpF48HEdq5kvz2zpump""}",18
0x9f5f9265628c902def23e418045747803a7ee061_hyperevm,GET,GET,get-2,get-25pd.png,985136370,"{""hyperevm"":""0x9f5f9265628c902def23e418045747803a7ee061""}",18
5WGkdemJNEoAVKveDQdzQmDqTyxCraXGw9ACyrwCEUMS_solana,OPK,Obi PNut Kenobi,obi-pnut-kenobi,5WGkdemJNEoAVKveDQdzQmDqTyxCraXGw9ACyrwCEUMS_solanaJlH.png,999031667,"{""solana"":""5WGkdemJNEoAVKveDQdzQmDqTyxCraXGw9ACyrwCEUMS""}",18
9wpLm21ab8ZMVJWH3pHeqgqNJqWos73G8qDRfaEwtray_solana,CDB,ZENKOKU,zenkoku,9wpLm21ab8ZMVJWH3pHeqgqNJqWos73G8qDRfaEwtray_solana8qR.png,957488168,"{""solana"":""9wpLm21ab8ZMVJWH3pHeqgqNJqWos73G8qDRfaEwtray""}",18
schwab-u-s-reit-etf-backpack-securities,SCHH,Schwab U.S. REIT ETF (Backpack Securities),schwab-u-s-reit-etf-backpack-securities,schwab-u-s-reit-etf-backpack-securitiesPWh.png,2418,"{""solana"":""SCHHJ3jRdSjeFEVAaLrnYdx3Brphn92Ys7z1qkiCtPX""}",18
nft-champions,CHAMP,NFT Champions,nft-champions,nft-championsalX.png,1000000000,"{""polygon-pos"":""0x8f9e8e833a69aa467e42c46cca640da84dd4585f""}",18
Eh36AX4m5CwyCHHcAy95oWRop2EMYVJbLQq7q77hsX9N_solana,XAU,Gold,gold-8,Eh36AX4m5CwyCHHcAy95oWRop2EMYVJbLQq7q77hsX9N_solanallE.png,999931860,"{""solana"":""Eh36AX4m5CwyCHHcAy95oWRop2EMYVJbLQq7q77hsX9N""}",18
7h5AzpYTAnh4Gyux8Gqko5Fvx4AYQBZdkzHZ2CsBudvJ_solana,CITADAIL,Griffain New Hedge Fund,griffain-new-hedge-fund,7h5AzpYTAnh4Gyux8Gqko5Fvx4AYQBZdkzHZ2CsBudvJ_solanam7V.png,1000000000,"{""solana"":""7h5AzpYTAnh4Gyux8Gqko5Fvx4AYQBZdkzHZ2CsBudvJ""}",18
kpk-usdc-yield-2,KPK_USDC_YIELDV2,kpk USDC Yield V2 Morpho Vault (Arbitrum),kpk-usdc-yield-2,kpk-usdc-yield-2Qqz.png,51397,"{""arbitrum-one"":""0x5837e4189819637853a357af36650902347f5e73""}",18
0x6969f3a3754ab674b48b7829a8572360e98132ba_ethereum,IZZY,Izzy,izzy,0x6969f3a3754ab674b48b7829a8572360e98132ba_ethereumH4R.png,420690000000,"{""ethereum"":""0x6969f3a3754ab674b48b7829a8572360e98132ba""}",18
9pWPUXoZKWNPWyaegPQeR3Kn8aFz9nrGtm5jeAFzpump_solana,WMM,Weird Medieval Memes,weird-medieval-memes,9pWPUXoZKWNPWyaegPQeR3Kn8aFz9nrGtm5jeAFzpump_solanahs0.png,999759120,"{""solana"":""9pWPUXoZKWNPWyaegPQeR3Kn8aFz9nrGtm5jeAFzpump""}",18
58AYn86ZvgwfTJo56xpnPQ8u21W2NsK5QhnSuMyBbonk_solana,KOLS,KOLS,kols,58AYn86ZvgwfTJo56xpnPQ8u21W2NsK5QhnSuMyBbonk_solanagXU.png,999990402,"{""solana"":""58AYn86ZvgwfTJo56xpnPQ8u21W2NsK5QhnSuMyBbonk""}",18
united-states-natural-gas-rstock,RUNG,US Natural Gas Fund Tokenized Stock (Reality),united-states-natural-gas-rstock,united-states-natural-gas-rstockaLQ.png,6214,"{""arbitrum-one"":""0x7af1fc5b4cedb33afbdd254e84a9304df68ab546"",""morph-l2"":""0x4224d4ffb805091f024d11122a60b193cd29ee19""}",18
0x5200b34e6a519f289f5258de4554ebd3db12e822_ethereum,GOAT,Goatseus Maximus,goatseus-maximus-on-eth,0x5200b34e6a519f289f5258de4554ebd3db12e822_ethereumTcd.png,100000000000,"{""ethereum"":""0x5200b34e6a519f289f5258de4554ebd3db12e822""}",18
shaicoin,SHA,Shaicoin,shaicoin,shaicoinK8O.png,5775646,,
oracle-dinari-tokenized-stock,ORCL,Oracle (Dinari Tokenized Stock),oracle-dinari-tokenized-stock,oracle-dinari-tokenized-stockUVQ.png,371.3861,"{""ethereum"":""0x41fdd3dc1d84ec0216787d50e11532f85d2e7744"",""base"":""0x80e1c6d72ffa832415d82a01216eb4362aeaeed2"",""arbitrum-one"":""0x8679b2d91e4f65236e1c28c9cd0d5a6f6e734cdd"",""avalanche"":""0xa771a7e3bb88846396e415cd8be920c767672aad""}",18
aixcb-by-virtuals,AIXCB,aixCB by Virtuals,aixcb-by-virtuals,aixcb-by-virtuals3lW.png,993506899,"{""base"":""0x76c71f1703fbf19ffdcf3051e1e684cb9934510f""}",18
saiyan-pepe,SPEPE,Saiyan PEPE,saiyan-pepe,saiyan-pepeEjl.png,696911169082,"{""polygon-pos"":""0xfca466f2fa8e667a517c9c6cfa99cf985be5d9b1""}",18
0x16c22a91c705ec3c2d5945dbe2aca37924f1d2ed_ethereum,ERIC,Elon's Pet Fish ERIC,eric,erictVQ.png,100000000,"{""ethereum"":""0x16c22a91c705ec3c2d5945dbe2aca37924f1d2ed""}",18
THvqUNvSRvV1DRJ9wuugBVKeq3rFxpxJej_tron,KNIGHT,Darkness,knight,knightMqD.png,1000000000,"{""tron"":""THvqUNvSRvV1DRJ9wuugBVKeq3rFxpxJej""}",18
medusa-3,MEDUSA,Medusa,medusa-3,medusa-3NxB.png,200000000,"{""ethereum"":""0xe34ba9cbdf45c9d5dcc80e96424337365b6fe889"",""solana"":""8xbMY4atJXBNKR8Kk3u9y5XztXMd56uS8TXY9Gx5RwMJ""}",18
kenshi-2,KNS,Kenshi,kenshi-2,kenshi-24DK.png,1000000000,"{""arbitrum-one"":""0xf1264873436a0771e440e2b28072fafcc5eebd01"",""ethereum"":""0xf1264873436a0771e440e2b28072fafcc5eebd01""}",18
sylo,SYLO,Sylo,sylo,syloDxE.png,10000000000,"{""ethereum"":""0xf293d23bf2cdc05411ca0eddd588eb1977e8dcd4""}",18
galaconnect-bridged-solana-usdt-galachain,GSUSDT,GalaConnect Bridged Solana USDT (GalaChain),galaconnect-bridged-solana-usdt-galachain,galaconnect-bridged-solana-usdt-galachaincNC.png,2025059,"{""galachain"":""5PPE6Tcf3HoRSaixhPc6JVVc8XtrY""}",18
0x504a26cf29674bc77a9341e73f88ccecc864034c_base,$SYMP,Sympson by Virtuals,sympson-ai,0x504a26cf29674bc77a9341e73f88ccecc864034c_baseJfy.png,1000000000,"{""base"":""0x504a26cf29674bc77a9341e73f88ccecc864034c""}",18
8cNmp9T2CMQRNZhNRoeSvr57LDf1kbZ42SvgsSWfpump_solana,JAIL,JailbreakMe,jailbreakme,8cNmp9T2CMQRNZhNRoeSvr57LDf1kbZ42SvgsSWfpump_solanaLyC.png,999595883,"{""solana"":""8cNmp9T2CMQRNZhNRoeSvr57LDf1kbZ42SvgsSWfpump""}",18
hubbell-ondo-tokenized,HUBBON,Hubbell (Ondo Tokenized),hubbell-ondo-tokenized,hubbell-ondo-tokenized5XG.png,111.6416,"{""ethereum"":""0x24e7504246dfdd7e866936e2816bfbea73bd890a"",""binance_smart"":""0x1c42c07257f936a7c4f84b8d756c95817e23631a"",""solana"":""ZmiDoowvkpp1Qgx4mmY3qtsHbNV1oE12ApKCbZNondo""}",18
91ryaCo5yGpYZM3bs6GUPs97VWJQj7RozBmqPULgpump_solana,TIGRINO,Leopardus Tilcayo,leopardus-tilcayo,leopardus-tilcayo1H3.png,975991234,"{""solana"":""91ryaCo5yGpYZM3bs6GUPs97VWJQj7RozBmqPULgpump""}",18
0x7a0c53f7eb34c5bc8b01691723669ada9d6cb384_sonic,BOO,SpookySwap,spookyswap-2,0x7a0c53f7eb34c5bc8b01691723669ada9d6cb384_sonicY3r.png,7259210,"{""sonic"":""0x7a0c53f7eb34c5bc8b01691723669ada9d6cb384""}",18
0xfc48314ad4ad5bd36a84e8307b86a68a01d95d9c_base,AION,AION 5100,aion-5100,0xfc48314ad4ad5bd36a84e8307b86a68a01d95d9c_baseoGL.png,21000000,"{""base"":""0xfc48314ad4ad5bd36a84e8307b86a68a01d95d9c""}",18
hyperliquid-strategies-ondo-tokenized,PURRON,Hyperliquid Strategies (Ondo Tokenized),hyperliquid-strategies-ondo-tokenized,hyperliquid-strategies-ondo-tokenizedhYm.png,4433,"{""ethereum"":""0x211d1d372e6a782e9786b045004382834bdb224e"",""binance_smart"":""0x89cc700f308a4c59889fbf3286216554c53b0601"",""solana"":""rsiKbHCdsvmExvDfkYWypAXFsqKz6V8XuoxbkHtondo""}",18
staked-neptune-oas,STOAS,Staked Neptune OAS,staked-neptune-oas,staked-neptune-oasVbO.png,134371279,"{""oasys"":""0x804c0ab078e4810edbec24a4ffb35ceb3e5bd61b""}",18
pom,$POM,POM,pom,pomtDv.png,740133088,"{""binance_smart"":""0xfbf174090b3cc8ebb9f39b697035a54c5c45b4d6""}",18
0x97f68328cf8ad42edc771355bdedac657f4949b9_robinhood,NEUT,NEUTON,neuton,neuton6pM.png,1000000000,"{""robinhood"":""0x97f68328cf8ad42edc771355bdedac657f4949b9""}",18
0x595a40a21842d5514a92539a09f3ceb9c46d3284_base,MOLTH,Molthunt,molthunt,molthuntoJx.png,100000000000,"{""base"":""0x595a40a21842d5514a92539a09f3ceb9c46d3284""}",18
4daoTLufDmV3ods48Zh8rymaZKBLtgEvuH9qALYLbonk_solana,MEMECOIN,just memecoin,just-memecoin,just-memecoinw8H.png,992744266,"{""solana"":""4daoTLufDmV3ods48Zh8rymaZKBLtgEvuH9qALYLbonk""}",18
wrapped-moonbeam,WGLMR,Wrapped Moonbeam,wrapped-moonbeam,wrapped-moonbeamJ23.png,6943738,"{""moonbeam"":""0xacc15dc74880c9944775448304b263d191c6077f""}",18
FqvtZ2UFR9we82Ni4LeacC1zyTiQ77usDo31DUokpump_solana,SLOP,Slop,slop,FqvtZ2UFR9we82Ni4LeacC1zyTiQ77usDo31DUokpump_solanarCA.png,999566569,"{""solana"":""FqvtZ2UFR9we82Ni4LeacC1zyTiQ77usDo31DUokpump""}",18
mxs-games,XSEED,MXS Games,mxs-games,mxs-gamesPv5.png,28090137127,"{""avalanche"":""0x0a10d108e2d81ccc793e37b56206c84bf96ddc57""}",18
JosjEXh69RckgSs2AWsN1xN8zmiSHxBuJjHLURJnHhg_solana,JOS,JuliaOS,juliaos,JosjEXh69RckgSs2AWsN1xN8zmiSHxBuJjHLURJnHhg_solanagpl.png,999359582,"{""solana"":""JosjEXh69RckgSs2AWsN1xN8zmiSHxBuJjHLURJnHhg""}",18
0x28f986a61e078795639f239675582a12b4cf7f01_arc,OBRAIN,oBrain,obrain,0x28f986a61e078795639f239675582a12b4cf7f01_arc2dL.png,1000000000,"{""arc"":""0x28f986a61e078795639f239675582a12b4cf7f01""}",18
0x2d5f3b0722acd35fbb749cb936dfdd93247bbc95_binance_smart,BABYBNB,Baby BNB,baby-bnb,0x2d5f3b0722acd35fbb749cb936dfdd93247bbc95_binance_smartik2.png,1000000000,"{""binance_smart"":""0x2d5f3b0722acd35fbb749cb936dfdd93247bbc95""}",18
intuitive-machines-rstock,RLUNR,Intuitive Machines Tokenized Stock (Reality),intuitive-machines-rstock,intuitive-machines-rstockVhh.png,4166,"{""arbitrum-one"":""0xa651e444f39594c1f5718fbc5c4d6bf11e5cb15f"",""morph-l2"":""0xb2e24bb3e75dfe1877dbcea40598cc9652ce8d90""}",18
mops,MOPS,Mops,mops,mopshFx.png,1000000000000,"{""ethereum"":""0x602f65bb8b8098ad804e99db6760fd36208cd967""}",18
HRw8mqK8N3ASKFKJGMJpy4FodwR3GKvCFKPDQNqUNuEP_solana,DJT,TrumpCoin,trumpcoin,trumpcoin7MS.png,9999999441,"{""solana"":""HRw8mqK8N3ASKFKJGMJpy4FodwR3GKvCFKPDQNqUNuEP""}",18
0xf42845b7fd65709f251146ab373933f20e9d7c41_ethereum,FROGO,FROGO,frogo-2,0xf42845b7fd65709f251146ab373933f20e9d7c41_ethereumhaK.png,420690000000,"{""ethereum"":""0xf42845b7fd65709f251146ab373933f20e9d7c41""}",18
0x4ae149fd6059af772b962efac6bf0236872d6940_ethereum,LBAI,Lemmy The Bat,lemmy-the-bat,0x4ae149fd6059af772b962efac6bf0236872d6940_ethereumg22.png,69000000000,"{""ethereum"":""0x4ae149fd6059af772b962efac6bf0236872d6940""}",18
plutus-syk,PLSSYK,Plutus SYK,plutus-syk,plutus-sykKSF.png,4259589,"{""arbitrum-one"":""0x68d6d2545f14751baf36c417c2cc7cdf8da8a15b""}",18
0x1a377a6683d3f986fcc87384f4365347f64cbb07_base,MIND,Mindstate,mindstate,0x1a377a6683d3f986fcc87384f4365347f64cbb07_baseGSn.png,100000000000,"{""base"":""0x1a377a6683d3f986fcc87384f4365347f64cbb07""}",18
Yd8w2KJQ7BXe6JJTxqae9eRfSXzK15poXAvRwcYpump_solana,COMMUNITY,1 community can change your life,1-community-can-change-your-life,Yd8w2KJQ7BXe6JJTxqae9eRfSXzK15poXAvRwcYpump_solanancW.png,912584127,"{""solana"":""Yd8w2KJQ7BXe6JJTxqae9eRfSXzK15poXAvRwcYpump""}",18
convergence,CONV,Convergence,convergence,convergencefrj.png,10000000000,"{""ethereum"":""0xc834fa996fa3bec7aad3693af486ae53d8aa8b50""}",18
coinbase-global-dinari-tokenized-stock,COIN,Coinbase Global (Dinari Tokenized Stock),coinbase-global-dinari-tokenized-stock,coinbase-global-dinari-tokenized-stockyH5.png,285.3029,"{""ethereum"":""0xd71b200bf061509b85df50cc0d8cdee8818a4577"",""base"":""0xa559c1a28874bea40056e61cfee29b051b7d8c9d"",""arbitrum-one"":""0x46b979440ac257151ee5a5bc9597b76386907fa1"",""avalanche"":""0x7ee2c4be439b9571fabc520de92ad05582492a3d""}",18
8DXqVUopcdviLvujTcpwEqkKzB43Arp6E1axzsEE5Btq_solana,MOIN,meme + coin =,moin-2,moin-2D7R.png,971390848,"{""solana"":""8DXqVUopcdviLvujTcpwEqkKzB43Arp6E1axzsEE5Btq""}",18
0x590246bfbf89b113d8ac36faeea12b7589f7fe5b_ethereum,FLAPPY,Flappy,flappy,flappyRxL.png,420690000000,"{""ethereum"":""0x590246bfbf89b113d8ac36faeea12b7589f7fe5b""}",18
0xd09eb9099fac55edcbf4965e0a866779ca365a0c_ethereum,COLON,Colon,colon,0xd09eb9099fac55edcbf4965e0a866779ca365a0c_ethereumAl4.png,981435397,"{""ethereum"":""0xd09eb9099fac55edcbf4965e0a866779ca365a0c""}",18
0xf7d77243fbd0413a6528edc275b09d31c25cb201_robinhood,O1BOT,o1Bot,o1bot,o1botJIU.png,987385917,"{""robinhood"":""0xf7d77243fbd0413a6528edc275b09d31c25cb201""}",18
0xce16ef461d88256d2d80dfd31f0d9e7a9fd59213_base,BUNKER,MOLT BUNKER,molt-bunker,molt-bunkerA3P.png,100000000000,"{""base"":""0xce16ef461d88256d2d80dfd31f0d9e7a9fd59213""}",18
cotrader,COT,CoTrader,cotrader,CoTraderUTB8A.png,20000000000,"{""ethereum"":""0x5c872500c00565505f3624ab435c222e558e9ff8"",""binance_smart"":""0x304fc73e86601a61a6c6db5b0eafea587622acdc""}",18
omax-token,OMAX,Omax,omax-token,omax-tokenvFx.png,9000000000,,
sacabam,SCB,Sacabam,sacabam,sacabami68.png,47000000000000,"{""sui"":""0x9a5502414b5d51d01c8b5641db7436d789fa15a245694b24aa37c25c2a6ce001::scb::SCB""}",18
momo-5,MOMO,Momo,momo-5,momo-5LQg.png,999948173,"{""solana"":""9JbxQSKNukRA7cPZxCfhSNEcAP9iKRo3PSyYNbW4pump""}",18
FLeuXXyxKqrDU8MULuxLSPPWpv1TLroMSHM6XsG8bttN_solana,MEEK,The Meek Shall Inherit The Earth,the-meek-shall-inherit-the-earth,FLeuXXyxKqrDU8MULuxLSPPWpv1TLroMSHM6XsG8bttN_solanaChP.png,9899781990,"{""solana"":""FLeuXXyxKqrDU8MULuxLSPPWpv1TLroMSHM6XsG8bttN""}",18
golden-kappa,GKAPPA,Golden Kappa,golden-kappa,golden-kappazD1.png,777400919120,"{""solana"":""n88wHcVtfavStAM5VQyUFQ6ykdnfqZucysVgmqpdgiM""}",18
multichain-bridged-wbnb-moonriver,WBNB,Multichain Bridged WBNB (Moonriver),multichain-bridged-wbnb-moonriver,multichain-bridged-wbnb-moonriver7XE.png,396.8047,"{""moonriver"":""0x2bf9b864cdc97b08b6d79ad4663e71b8ab65c45c""}",18
0x2eb08a8fe215f72e01e089c1cd8c4c4937414444_binance_smart,蜜蜂狗,蜜蜂狗（Beedog),beedog,0x2eb08a8fe215f72e01e089c1cd8c4c4937414444_binance_smart0Oo.png,1000000000,"{""binance_smart"":""0x2eb08a8fe215f72e01e089c1cd8c4c4937414444""}",18
yfdai-finance,YF-DAI,YfDAI.finance,yfdai-finance,1620999497843.png,20603,"{""ethereum"":""0xf4cd3d3fda8d7fd6c5a500203e38640a70bf9577"",""polygon-pos"":""0x7e7ff932fab08a0af569f93ce65e7b8b23698ad8"",""arbitrum-one"":""0xf061956612b3dc79fd285d3d51bc128f2ea87740""}",18
4AGxpKxYnw7g1ofvYDs5Jq2a1ek5kB9jS2NTUaippump_solana,WAVE,Wave Swap,wave-swap,wave-swapfUk.png,999214434,"{""solana"":""4AGxpKxYnw7g1ofvYDs5Jq2a1ek5kB9jS2NTUaippump""}",18
level-staked-usd,SLVLUSD,Staked Level USD,level-staked-usd,level-staked-usdwXE.png,45213,"{""ethereum"":""0x4737d9b4592b40d51e110b94c9c043c6654067ae""}",18
0x5fdfafd107fc267bd6d6b1c08fcafb8d31394ba1_binance_smart,BINK,Bink AI,bink-ai,0x5fdfafd107fc267bd6d6b1c08fcafb8d31394ba1_binance_smartnDk.png,834205815,"{""binance_smart"":""0x5fdfafd107fc267bd6d6b1c08fcafb8d31394ba1""}",18
golden-inu-token,GOLDEN,Golden Inu,golden-inu-token,golden-inu-tokenu53.png,0,"{""ethereum"":""0xd87996ff3d06858bfc20989aef50cc5fcd4d84ca""}",18
invesco-s-p-500-momentum-etf-rstock,RSPMO,Invesco S&P 500 Momentum ETF Tokenized Stock (Reality),invesco-s-p-500-momentum-etf-rstock,invesco-s-p-500-momentum-etf-rstock1WF.png,338.7336,"{""arbitrum-one"":""0x7ffc3fa6f6281279fc15b43b0e736b4f616b8433""}",18
CVGBG44dKpUFQBANot9jY9KQ68QCBXAwd4sf7BJxpump_solana,PORK,John Pork,john-pork-2,john-pork-2cue.png,998790389,"{""solana"":""CVGBG44dKpUFQBANot9jY9KQ68QCBXAwd4sf7BJxpump""}",18
0x9fbe210007ddd8389f98d0253018e65cc48b9d24_robinhood,URU,URU,uru,uruBRH.png,1000000000,"{""robinhood"":""0x9fbe210007ddd8389f98d0253018e65cc48b9d24""}",18
wrapped-banano,WBAN,Wrapped Banano,wrapped-banano,wrapped-banano833.png,97603403,"{""polygon-pos"":""0xe20b9e246db5a0d21bf9209e4858bc9a3ff7a034"",""binance_smart"":""0xe20b9e246db5a0d21bf9209e4858bc9a3ff7a034"",""fantom"":""0xe20b9e246db5a0d21bf9209e4858bc9a3ff7a034"",""ethereum"":""0xe20b9e246db5a0d21bf9209e4858bc9a3ff7a034"",""arbitrum-one"":""0xe20b9e246db5a0d21bf9209e4858bc9a3ff7a034""}",18
0x95ae252633e9ea03bdfe67874b349b41163464ce_ethereum,BIGGIE,Biggie,biggie,0x95ae252633e9ea03bdfe67874b349b41163464ce_ethereumf75.png,1000000000000000,"{""ethereum"":""0x95ae252633e9ea03bdfe67874b349b41163464ce""}",18
0x00f116ac0c304c570daaa68fa6c30a86a04b5c5f_ethereum,INF,INFERNO,inferno-2,0x00f116ac0c304c570daaa68fa6c30a86a04b5c5f_ethereumJrK.png,3032451408128,"{""ethereum"":""0x00f116ac0c304c570daaa68fa6c30a86a04b5c5f""}",18
Db7ZUaWTThwZy7bVhjn5Dda8D3fbbAhihcxPV4m9pump_solana,XENO,Xenopus laevis,xenopus-laevis,Db7ZUaWTThwZy7bVhjn5Dda8D3fbbAhihcxPV4m9pump_solanamLc.png,999690800,"{""solana"":""Db7ZUaWTThwZy7bVhjn5Dda8D3fbbAhihcxPV4m9pump""}",18
7MQSupJTpY31HGChEHUAsS1pQhLSrHS5CCsB9bnaN3eS_solana,Z,Z,z-3,z-3BuF.png,979226631,"{""solana"":""7MQSupJTpY31HGChEHUAsS1pQhLSrHS5CCsB9bnaN3eS""}",18
0x1fe0319440a672526916c232eaee4808254bdb00_pulsechain,HEXDC,HEX Dollar Coin,hex-dollar-coin,hex-dollar-coinuRF.png,49599,"{""pulsechain"":""0x1fe0319440a672526916c232eaee4808254bdb00""}",18
ivendpay,IVPAY,IVPAY,ivendpay,ivendpayFKh.png,1000000000,"{""binance_smart"":""0xde5bdcbd4d7dfa86e527fef9971bd6ca6a76eefb""}",18
0x11a7c8c9e9d5fc47134c305c59cebfcd1a4a9943_ethereum,BOG,Bog,bog,0x11a7c8c9e9d5fc47134c305c59cebfcd1a4a9943_ethereum6R6.png,420690000000000,"{""ethereum"":""0x11a7c8c9e9d5fc47134c305c59cebfcd1a4a9943""}",18
143-token,143,143,143-token,143-tokenvHR.png,986199300,"{""monad"":""0x3842751a46d23b41a47e702473dff316e6237777""}",18
enphase-energy-rstock,RENPH,Enphase Energy Tokenized Stock (Reality),enphase-energy-rstock,enphase-energy-rstockOx8.png,1545,"{""arbitrum-one"":""0xf561b65606398aab4facafce06d7576c8d820b01"",""morph-l2"":""0x90aa7f33fc781418756a4f5c125bf45f7981fd7e""}",18
0x775fec18be7b2e71c1a20c22f89a697d07c04399_abstract,BANDIT,Luca Netz's Dog,luca-netz-s-dog,0x775fec18be7b2e71c1a20c22f89a697d07c04399_abstractqmN.png,990561854,"{""abstract"":""0x775fec18be7b2e71c1a20c22f89a697d07c04399""}",18
akropolis,KAON,Kaon,akropolis,AkropolisuWO5G.png,14900313437,"{""ethereum"":""0x8ab7404063ec4dbcfd4598215992dc3f8ec853d7"",""sora"":""0x007348eb8f0f3cec730fbf5eec1b6a842c54d1df8bed75a9df084d5ee013e814"",""energi"":""0x709adadd7ba01655ec684c9a74074ec70b023fe9""}",18
pledge-finance-2,PLG,Pledge Finance,pledge-finance-2,pledge-finance-2R4F.png,1000000000,"{""robinhood"":""0x1be3010124c86e8a03c6fb6e91c534d4a2b1ffcf""}",18
miao,SN86,MIAO,miao,miao3fG.png,118410,"{""bittensor"":""86""}",18
DXBYAw9aQheMdujaLZYnVSpKSK4n8jMS7HfLbiv5RWnS_solana,BRETTA,Bretta (Brett’s Wife),bretta-brett-s-wife,DXBYAw9aQheMdujaLZYnVSpKSK4n8jMS7HfLbiv5RWnS_solanaPWL.png,996805065,"{""solana"":""DXBYAw9aQheMdujaLZYnVSpKSK4n8jMS7HfLbiv5RWnS""}",18
0x2f27f6b66a477a9797cc9540e77f3b4373093b1a_robinhood,BEAST,BrokerBeasts,brokerbeasts,0x2f27f6b66a477a9797cc9540e77f3b4373093b1a_robinhoodpI8.png,978531594,"{""robinhood"":""0x2f27f6b66a477a9797cc9540e77f3b4373093b1a""}",18
revenue-coin,RVC,Revenue Coin,revenue-coin,revenue-coinp5n.png,1724900516,"{""binance_smart"":""0xbcbdecf8e76a5c32dba69de16985882ace1678c6""}",18
GB8KtQfMChhYrCYtd5PoAB42kAdkHnuyAincSSmFpump_solana,PIGEON,Pigeon Doctor,pigeon-doctor,pigeon-doctorCgi.png,999778428,"{""solana"":""GB8KtQfMChhYrCYtd5PoAB42kAdkHnuyAincSSmFpump""}",18
BaDjVCpABEVCdt4LT7ivuzA4izBwJCqnDjrLa8XBtT38_solana,GNME,GNME MINING GAME,gnme-mining-game,BaDjVCpABEVCdt4LT7ivuzA4izBwJCqnDjrLa8XBtT38_solanakFs.png,17463698,"{""solana"":""BaDjVCpABEVCdt4LT7ivuzA4izBwJCqnDjrLa8XBtT38""}",18
atto,ATTO,Atto,atto,attoOn1.png,18000000000,,
GKjAe1bQXXLoEitJYSuyw6qt97tTVoKkGEgWPEo6pump_solana,CLIPPY,Clippy,clippy-2,GKjAe1bQXXLoEitJYSuyw6qt97tTVoKkGEgWPEo6pump_solanas59.png,999821900,"{""solana"":""GKjAe1bQXXLoEitJYSuyw6qt97tTVoKkGEgWPEo6pump""}",18
trisolaris,TRI,Trisolaris,trisolaris,trisolaris6iU.png,584069210,"{""aurora"":""0xfa94348467f64d5a457f75f8bc40495d33c65abb""}",18
0x8ac984f596bac8197859434ecbab3e4595d7bb06_base,BIZ,Bizzy by Virtuals,bizzy-by-virtuals,0x8ac984f596bac8197859434ecbab3e4595d7bb06_base3ZT.png,1000000000,"{""base"":""0x8ac984f596bac8197859434ecbab3e4595d7bb06""}",18
sauce-inu,SAUCEINU,Sauce Inu,sauce-inu,sauce-inuYJ0.png,100000000000,"{""hedera-hashgraph"":""0x00000000000000000000000000000000002d3bd3""}",18
calaxy,CLXY,Calaxy,calaxy,calaxysYH.png,1000000000,"{""hedera-hashgraph"":""0.0.859814""}",18
85vdovHhkXnDi98EYMQmD2vXS82jRP1VDDXfkJ38pump_solana,PEACEGUY,Peace Guy,peace-guy,peace-guyEfz.png,998805658,"{""solana"":""85vdovHhkXnDi98EYMQmD2vXS82jRP1VDDXfkJ38pump""}",18
0x2b7c0fa747611d4412b54076c62119926474edb3_ethereum,NCAT,Neuracat,neuracat,neuracatcXr.png,420690000000,"{""ethereum"":""0x2b7c0fa747611d4412b54076c62119926474edb3""}",18
the-singularity-2,SINGULARITY,The Singularity,the-singularity-2,the-singularity-2bbX.png,999601271,"{""solana"":""4btUt5tQrN9MSfiHzZMdHf2ognjQZrWErjSJ9aiApump""}",18
0x4e4c7c62a55c0cf450f1ff4478be7f4c34dde155_base,MOLTASK,Moltask,moltask,moltaskRdh.png,1000000000,"{""base"":""0x4e4c7c62a55c0cf450f1ff4478be7f4c34dde155""}",18
fleek,FLK,Fleek,fleek,fleekgbY.png,100000000,"{""base"":""0xe0969ec84456b7e4d3dd2181fb5265edbb63f7bd""}",18
0x5640e0560e6afd6a9f4ddb41230d0201d181fea7_ethereum,DMAGA,dark maga,dark-maga-2,0x5640e0560e6afd6a9f4ddb41230d0201d181fea7_ethereumFzV.png,420640000000,"{""ethereum"":""0x5640e0560e6afd6a9f4ddb41230d0201d181fea7""}",18
doge-floki-coin,DOFI,Doge Floki Coin [OLD],doge-floki-coin,doge-floki-coinZr5.png,0,"{""binance_smart"":""0xf9d6ddf44016953dbf7ab135a0f64d7a41870ede""}",18
0x1791b55e734df69b4906a4178a83dbe63c4f8421_base,BCHB,BITCOIN CASH ON BASE,bitcoin-cash-on-base,0x1791b55e734df69b4906a4178a83dbe63c4f8421_base8ax.png,15907306,"{""base"":""0x1791b55e734df69b4906a4178a83dbe63c4f8421""}",18
rainbow-bridged-dai-aurora,DAI,Rainbow Bridged DAI (Aurora),rainbow-bridged-dai-aurora,rainbow-bridged-dai-auroraMO5.png,51241,"{""aurora"":""0xe3520349f477a5f6eb06107066048508498a291b""}",18
blaze,BLAZE,Blaze,blaze,blazeD5X.png,100000000000,"{""base"":""0x9a55fab37d4a4f0e13c8fff5470798614af2b8c3""}",18
0xbdf317f9c153246c429f23f4093087164b145390_base,AIFUN,AI Agent Layer,ai-agent-layer,ai-agent-layerBcB.png,495311605,"{""base"":""0xbdf317f9c153246c429f23f4093087164b145390""}",18
wrapped-virgin-gen-0-cryptokitties,WVG0,Wrapped Virgin Gen-0 CryptoKittties,wrapped-virgin-gen-0-cryptokitties,wrapped-virgin-gen-0-cryptokittiesqI5.png,1253,"{""ethereum"":""0x25c7b64a93eb1261e130ec21a3e9918caa38b611""}",18
0x3cc0ac8e7dd4ad1b5026bf41e27bf2a5c4de3b07_base,WINTERMOLT,wintermolt,wintermolt,0x3cc0ac8e7dd4ad1b5026bf41e27bf2a5c4de3b07_baseHmf.png,100000000000,"{""base"":""0x3cc0ac8e7dd4ad1b5026bf41e27bf2a5c4de3b07""}",18
zetachain-bridged-usdt-eth-zetachain,USDT.ETH,ZetaChain Bridged USDT.ETH (ZetaChain),zetachain-bridged-usdt-eth-zetachain,zetachain-bridged-usdt-eth-zetachainhin.png,63642,"{""zetachain"":""0x7c8dda80bbbe1254a7aacf3219ebe1481c6e01d7""}",18
CQ1eU5VLsw2WyaDgVJPDBb1RyroeZoJaMeRaNkwtpump_solana,2026,2026,2026-token,2026-tokenBiY.png,999211574,"{""solana"":""CQ1eU5VLsw2WyaDgVJPDBb1RyroeZoJaMeRaNkwtpump""}",18
blackpool-token,BPT,BlackPool,blackpool-token,blackpool-tokenOiw.png,52000000,"{""ethereum"":""0x0ec9f76202a7061eb9b3a7d6b59d36215a7e37da"",""polygon-pos"":""0x6863bd30c9e313b264657b107352ba246f8af8e0""}",18
6AiuSc3pYM5rpbKPq8JfSQoMoUsfDpzvP5PmMSEKpump_solana,SOLANO,Solano,solano,solanoYOu.png,988170506,"{""solana"":""6AiuSc3pYM5rpbKPq8JfSQoMoUsfDpzvP5PmMSEKpump""}",18
top-protocol,TOP,TOP PROTOCOL,top-protocol,top-protocolXN7.png,6071410,"{""binance_smart"":""0xe85562c6ff86a8ff0268222aff0205a26d37d68e""}",18
umbrella-network,UMB,Umbrella Network,umbrella-network,umbrella-networkVys.png,447532309,"{""ethereum"":""0x6fc13eace26590b80cccab1ba5d51890577d83b2"",""binance_smart"":""0x846f52020749715f02aef25b5d1d65e48945649d""}",18
memes-street,MEMES,Memes Street,memes-street,memes-street13S.png,690000000000,"{""ethereum"":""0x19af07b52e5faa0c2b1e11721c52aa23172fe2f5""}",18
0x47000a7b27a75d44ffadfe9d0b97fa04d569b323_ethereum,TRUMPIUS,Trumpius Maximus,trumpius-maximus,0x47000a7b27a75d44ffadfe9d0b97fa04d569b323_ethereumlCK.png,47000000,"{""ethereum"":""0x47000a7b27a75d44ffadfe9d0b97fa04d569b323""}",18
alpha-5,$ALPHA,Alpha,alpha-5,alpha-5DCz.png,999900000,"{""binance_smart"":""0x743f798dd6dd9c8baa243b83d873da569ed74444""}",18
3ADvYyTbmQcLMiqdFSo1m2KpQWxYg9X6wW4N8viRTNf9_solana,TRIAD,Triadmarkets,triad-2,triad-2cGf.png,911871099,"{""solana"":""3ADvYyTbmQcLMiqdFSo1m2KpQWxYg9X6wW4N8viRTNf9""}",18
0x3e417231aa72f57512cdb446b15d9682c12ba3ec_ethereum,TSUKI,Tsuki,tsuki-3,tsuki-3weA.png,5000000000000,"{""ethereum"":""0x3e417231aa72f57512cdb446b15d9682c12ba3ec""}",18
wrapped-aave-ethereum-usde,WAETHUSDE,Wrapped Aave Ethereum USDe,wrapped-aave-ethereum-usde,wrapped-aave-ethereum-usdeEO3.png,47336,"{""ethereum"":""0x5f9d59db355b4a60501544637b00e94082ca575b""}",18
0x06f71fb90f84b35302d132322a3c90e4477333b0_base,BRACKY,BRACKY,bracky,0x06f71fb90f84b35302d132322a3c90e4477333b0_baseSN9.png,98606372784,"{""base"":""0x06f71fb90f84b35302d132322a3c90e4477333b0""}",18
0xd743d3c50ebd82f9173b599383979d10f3494444_binance_smart,TOTAKEKE,Dark Cheems,dark-cheems,0xd743d3c50ebd82f9173b599383979d10f3494444_binance_smartdEH.png,1000000000,"{""binance_smart"":""0xd743d3c50ebd82f9173b599383979d10f3494444""}",18
dfx-finance,DFX,DFX Finance,dfx-finance,dfx-finance1Tg.png,100000000,"{""ethereum"":""0x888888435fde8e7d4c54cab67f206e4199454c60"",""polygon-pos"":""0x27f485b62c4a7e635f561a87560adf5090239e93"",""arbitrum-one"":""0x27f485b62c4a7e635f561a87560adf5090239e93""}",18
michael-taolor,TAOLOR,"Michael Taolor ⚡️ (τ , τ)",michael-taolor,michael-taolorw2T.png,21000000,"{""base"":""0x80f4d22aa2437fa0dd4634b505ac3668835d9b84""}",18
0xdc06717f367e57a16e06cce0c4761604460da8fc_binance_smart,BNBCARD,BNB Card,bnb-card,bnb-cardzCm.png,1000000000,"{""binance_smart"":""0xdc06717f367e57a16e06cce0c4761604460da8fc""}",18
shroomy,SHROOMY,Shroomy,shroomy,shroomyz7U.png,927908200,"{""ink"":""0x0c5e2d1c98cd265c751e02f8f3293bc5764f9111""}",18
atlasora,AORA,AtlasOra,atlasora,atlasoraO4g.png,200000000,"{""base"":""0x6e84030fa86ebf585e3e18fe557e5612f7e93bff""}",18
8116V1BW9zaXUM6pVhWVaAduKrLcEBi3RGXedKTrBAGS_solana,GSD,Get Shit Done,get-shit-done,get-shit-doneCWA.png,999919711,"{""solana"":""8116V1BW9zaXUM6pVhWVaAduKrLcEBi3RGXedKTrBAGS""}",18
0x2b566950ba2298acef3c730cc0129b2f4fbd30a3_ethereum,KIMCHI,Kimchi,kimchi-3,0x2b566950ba2298acef3c730cc0129b2f4fbd30a3_ethereum9Xi.png,1000000000000,"{""ethereum"":""0x2b566950ba2298acef3c730cc0129b2f4fbd30a3""}",18
3VkUe5T9uAuU6EqmEMqQcuTRqEcqU86NAfwbFZKxpump_solana,ELCHEF,elchef,elchef,elchefJXV.png,936422256,"{""solana"":""3VkUe5T9uAuU6EqmEMqQcuTRqEcqU86NAfwbFZKxpump""}",18
0x4fe0dec6790f5f380b671142ad229219c16afe0e_base,ZAIA,Zaia by Virtuals,zaia-by-virtuals,0x4fe0dec6790f5f380b671142ad229219c16afe0e_baseMYS.png,1000000000,"{""base"":""0x4fe0dec6790f5f380b671142ad229219c16afe0e""}",18
brag-com,BRAG.COM,BRAG.com,brag-com,brag-combwH.png,1000000,"{""doma"":""0xa1000000006e7b861b62233823062da63c75c408""}",18
the-goat-cz,CZGOAT,CZ THE GOAT,the-goat-cz,the-goat-cz3wE.png,796870627,"{""binance_smart"":""0xa2c17a6fd0afe27afa2630a7528bc673089e6b8d""}",18
CgnQ8a1u99Gk7qoySMd2wrGPMPm9bdcSJNhqMEkYpump_solana,LOOM,Loom,loom-2,loom-273i.png,999391806,"{""solana"":""CgnQ8a1u99Gk7qoySMd2wrGPMPm9bdcSJNhqMEkYpump""}",18
5DQSDg6SGkbsbykq4mQstpcL4d5raEHc6rY7LgBwpump_solana,LOU,lou,lou,5DQSDg6SGkbsbykq4mQstpcL4d5raEHc6rY7LgBwpump_solanabj5.png,999788435,"{""solana"":""5DQSDg6SGkbsbykq4mQstpcL4d5raEHc6rY7LgBwpump""}",18
darwinia-commitment-token,KTON,Darwinia Commitment,darwinia-commitment-token,darwinia-commitment-tokeniey.png,149967,"{""ethereum"":""0x9f284e1337a815fe77d2ff4ae46544645b20c5ff""}",18
eZBKg3P5nBxnDtC3AAWbM33iDp2p1HNtizyS5jupump_solana,ENTROPY,Entropy,entropy-3,entropy-3gVg.png,999026330,"{""solana"":""eZBKg3P5nBxnDtC3AAWbM33iDp2p1HNtizyS5jupump""}",18
0xd702993613686ab0f706ef07883870a97d36fdcf_fantom,SNS,Sonic Name Service,sonic-name-service,0xd702993613686ab0f706ef07883870a97d36fdcf_fantomh68.png,97619530,"{""fantom"":""0xd702993613686ab0f706ef07883870a97d36fdcf"",""sonic"":""0x7b0a41f0c17474e41a0c36c0bf33b9aed06ee9f5""}",18
7cyAGa4XsNDnSgnFuwmVFgp9JGqZoZYkiVyFPSke9CuP_solana,MEME,MOST ELEGANT MONKEY EVER,most-elegant-monkey-ever,7cyAGa4XsNDnSgnFuwmVFgp9JGqZoZYkiVyFPSke9CuP_solanakz3.png,996733197,"{""solana"":""7cyAGa4XsNDnSgnFuwmVFgp9JGqZoZYkiVyFPSke9CuP""}",18
GAMwtMB6onAvBNBQJCJFuxoaqfPH8uCQ2dewNMVVpump_solana,TANK,AgentTank,agenttank,GAMwtMB6onAvBNBQJCJFuxoaqfPH8uCQ2dewNMVVpump_solanaR43.png,999718380,"{""solana"":""GAMwtMB6onAvBNBQJCJFuxoaqfPH8uCQ2dewNMVVpump""}",18
8TVr3U85V3Uazkxd5DJbmzdUWaxhQdEGNNGJ7eNTpump_solana,TULSA,Black Wallstreet ✊🏾,black-wallstreet,8TVr3U85V3Uazkxd5DJbmzdUWaxhQdEGNNGJ7eNTpump_solanaQSs.png,999468181,"{""solana"":""8TVr3U85V3Uazkxd5DJbmzdUWaxhQdEGNNGJ7eNTpump""}",18
cv3,CV3AI,CV3,cv3,cv3bOE.png,990000000,"{""base"":""0x7f2c169e3243da4e03acd95a45fbaa96aaeb2803""}",18
0x41080c9d7908ce567efe239042c49d8159a2a3bb_robinhood,SPAWN,Spawn,spawn-3,0x41080c9d7908ce567efe239042c49d8159a2a3bb_robinhoodyjh.png,999781272,"{""robinhood"":""0x41080c9d7908ce567efe239042c49d8159a2a3bb""}",18
LX2mJPsutHkUc6iXNFgumSC6LVKyc66xpy2zDTZpump_solana,TATE,Tate Terminal,tate-terminal,LX2mJPsutHkUc6iXNFgumSC6LVKyc66xpy2zDTZpump_solanaKLt.png,999999999,"{""solana"":""LX2mJPsutHkUc6iXNFgumSC6LVKyc66xpy2zDTZpump""}",18
sol-drip,DRIP,SOL DRIP,sol-drip,sol-dripAfW.png,928660678,"{""solana"":""w131jbryFvFEmtqmZvx42Meiuc4Drmu3nodTdVgkREV""}",18
0x080b9b4d1034a5de562e6343706c8200ae56bd51_base,CLAWRIS,Clawris,clawris,clawris2fM.png,1000000000,"{""base"":""0x080b9b4d1034a5de562e6343706c8200ae56bd51""}",18
0x778d347b2ffbadf31a2a1be9cf42b4c7ba8b1ba3_base,BERRY,Berry Finance,berry-finance,0x778d347b2ffbadf31a2a1be9cf42b4c7ba8b1ba3_base7O8.png,100000000000,"{""base"":""0x778d347b2ffbadf31a2a1be9cf42b4c7ba8b1ba3""}",18
0xaf4c10fef50059d1e3e8ab1c80e46db6a76098b4_robinhood,BOWYER,Bowyer App by Virtuals,bowyer-app-by-virtuals,bowyer-app-by-virtuals7Hw.png,1000000000,"{""robinhood"":""0xaf4c10fef50059d1e3e8ab1c80e46db6a76098b4""}",18
B4ptaVsUe6YbtBwAS38WFeweSrVNfQLCcj9JRrtjU8vn_solana,SOLDIERS,SOLdiers,soldiers,soldiers7EA.png,999543556,"{""solana"":""B4ptaVsUe6YbtBwAS38WFeweSrVNfQLCcj9JRrtjU8vn""}",18
supergrok-3,SUPERGROK,SuperGrok,supergrok-3,supergrok-3JcW.png,1000000000,"{""ethereum"":""0x1b0a68e3e8f500babaf193531b6816582f37fa0e""}",18
0xed70e1b02a63fafd5ece7c0a2a1b12d4b424b4a8_cronos,CROAK,Croakey,croakey,croakeyBt8.png,100000000000,"{""cronos"":""0xed70e1b02a63fafd5ece7c0a2a1b12d4b424b4a8""}",18
ox-fun,OX,OX Coin,ox-fun,ox-funZsj.png,2616366567,"{""ethereum"":""0xba0dda8762c24da9487f5fa026a9b64b695a07ea"",""arbitrum-one"":""0xba0dda8762c24da9487f5fa026a9b64b695a07ea"",""binance_smart"":""0xba0dda8762c24da9487f5fa026a9b64b695a07ea"",""avalanche"":""0xba0dda8762c24da9487f5fa026a9b64b695a07ea"",""polygon-pos"":""0xba0dda8762c24da9487f5fa026a9b64b695a07ea"",""solana"":""3E2z4KX7y457xJqK9RQeJhA29oPdoUvAAD3Ea3zQyuG3"",""base"":""0xba0dda8762c24da9487f5fa026a9b64b695a07ea"",""blast"":""0xba0dda8762c24da9487f5fa026a9b64b695a07ea""}",18
0x92eb91ac8bc3abe1812c0064e05e667335440d8e_hyperevm,HYPSTR,HypurrStrategy,hypurrstrategy,hypurrstrategyqU2.png,890572840,"{""hyperevm"":""0x92eb91ac8bc3abe1812c0064e05e667335440d8e""}",18
solfarm,TULIP,Tulip Protocol,solfarm,solfarmTZk.png,9999828,"{""solana"":""TuLipcqtGVXP9XR62wM8WWCm6a9vhLs7T1uoWBk6FDs""}",18
D1wZHkfk8d6QsCjF3NTiYHLzsZJ2Qb4Q7WBFFbGuzBLV_solana,INFRA,Infraxa,infraxa,D1wZHkfk8d6QsCjF3NTiYHLzsZJ2Qb4Q7WBFFbGuzBLV_solana5jK.png,999972673,"{""solana"":""D1wZHkfk8d6QsCjF3NTiYHLzsZJ2Qb4Q7WBFFbGuzBLV""}",18
marginswap,MFI,Marginswap,marginswap,marginswap9PW.png,10000000,"{""ethereum"":""0xaa4e3edb11afa93c41db59842b29de64b72e355b"",""avalanche"":""0x9fda7ceec4c18008096c2fe2b85f05dc300f94d0""}",18
3HfLqhtF5hR5dyBXh6BMtRaTm9qzStvEGuMa8Gx6pump_solana,BUIDL,buidl,buidl,3HfLqhtF5hR5dyBXh6BMtRaTm9qzStvEGuMa8Gx6pump_solanaTZH.png,999804259,"{""solana"":""3HfLqhtF5hR5dyBXh6BMtRaTm9qzStvEGuMa8Gx6pump""}",18
turtsat,TURT,TurtSat,turtsat,turtsatTMS.png,613713019,"{""ethereum"":""0x0800394f6e23dd539929c8b77a3d45c96f76aefc""}",18
wtf-opossum,WTFO,WTF Opossum,wtf-opossum,wtf-opossumXwA.png,836204501,"{""solana"":""8C4RygkxmePm9ys1qCcAB46dUCXNQYTaqfxS5mBrpump""}",18
5AnPDx9GposBi9jSW2dFfE5QQD3FmXbudoquMNDxpump_solana,DOLLAR,Dollar,dollar-2,5AnPDx9GposBi9jSW2dFfE5QQD3FmXbudoquMNDxpump_solananvk.png,995904305,"{""solana"":""5AnPDx9GposBi9jSW2dFfE5QQD3FmXbudoquMNDxpump"",""ethereum"":""0xe95076d9fe7155c17b455ac49497e78912c4ab65"",""base"":""0x72e72193ea14ac3b469f881989d18a2ba021b4c6""}",18
galaconnect-bridged-pengu-galachain,GPENGU,GalaConnect Bridged PENGU (GalaChain),galaconnect-bridged-pengu-galachain,galaconnect-bridged-pengu-galachainjNp.png,158888569,"{""galachain"":""5PLkZeaBka8qhCNeiecTGKuuEiVWk""}",18
Cfmo6asAsZFx6GGQvAt4Ajxn8hN6vgWGpaSrjQKRpump_solana,MARS,MARS,mars-5,Cfmo6asAsZFx6GGQvAt4Ajxn8hN6vgWGpaSrjQKRpump_solana366.png,999732118,"{""solana"":""Cfmo6asAsZFx6GGQvAt4Ajxn8hN6vgWGpaSrjQKRpump""}",18
6GihmsqNR21azuRuHgbjQxcDoxX7xgqqs58PQkyxpump_solana,POLLY,Polly Penguin,polly-penguin,6GihmsqNR21azuRuHgbjQxcDoxX7xgqqs58PQkyxpump_solananZy.png,999945379,"{""solana"":""6GihmsqNR21azuRuHgbjQxcDoxX7xgqqs58PQkyxpump""}",18
sofi-technologies-robinhood-tokenized-stock,SOFI,SoFi Technologies • Robinhood Token,sofi-technologies-robinhood-tokenized-stock,sofi-technologies-robinhood-tokenized-stockUCO.png,3077,"{""robinhood"":""0x98e75885157c80992a8d41b696d8c9c6fb30a926""}",18
ydDccyq66xKtfqn5bsRpfFXz4WeF4fh3bgQBx1npump_solana,PLOI,PLOI,ploi-sol,ydDccyq66xKtfqn5bsRpfFXz4WeF4fh3bgQBx1npump_solanaCbJ.png,1141472368,"{""solana"":""ydDccyq66xKtfqn5bsRpfFXz4WeF4fh3bgQBx1npump""}",18
0xa608512bbc9934e4b1ddecf0f5fb38b6ad93308d_base,GUD,Gud Tech,gud-tech,0xa608512bbc9934e4b1ddecf0f5fb38b6ad93308d_baseGU0.png,1000000000,"{""base"":""0xa608512bbc9934e4b1ddecf0f5fb38b6ad93308d"",""zircuit"":""0xa608512bbc9934e4b1ddecf0f5fb38b6ad93308d"",""ethereum"":""0xa608512bbc9934e4b1ddecf0f5fb38b6ad93308d""}",18
0x795abcb2a9901f6ec510e18d40de08b84628c354_base,TIAN,AskTianAI,asktianai,asktianai63u.png,1000000000,"{""base"":""0x795abcb2a9901f6ec510e18d40de08b84628c354""}",18
vapor,VAPOR,Vapor,vapor,vaporBR4.png,1001932831,"{""hyperliquid"":""0xdb5190bea4b6ab178da0162420c93a73""}",18
0x1ccb4b14a11e0f2994a7ecbbd4cc69632f4c7c76_base,CCC,Cute Cat Candle,cute-cat-token,cute-cat-tokeninq.png,1000000000000000,"{""base"":""0x1ccb4b14a11e0f2994a7ecbbd4cc69632f4c7c76""}",18
hybridge-bridged-avax,AVAX0,Hybridge Bridged AVAX,hybridge-bridged-avax,hybridge-bridged-avaxy91.png,4478,"{""hyperliquid"":""0x22b40040969d98471f8c57a721a9327d"",""hyperevm"":""0xba63418b8e247df4b3f97aa39bef2b6804664054""}",18
eggdog,EGG,Eggdog,eggdog,eggdogonr.png,999987134,"{""solana"":""EXA537HSBVpsFijENbt6Muuy9AADUN8dUmYKD4oKbjJE""}",18
3Gjckk5jXnJffBruUS2EEYhpiDEN6z5TPXLkFVHkSkkg_solana,IMARO,IMARO,imaro,imarogdI.png,666595533,"{""solana"":""3Gjckk5jXnJffBruUS2EEYhpiDEN6z5TPXLkFVHkSkkg""}",18
i3s1iZgKxLNs39S9JDceHmFtVhJH1WFZHkGNWFUmoon_solana,BD/SOL,BlackDuckrwa,blackduckrwa,i3s1iZgKxLNs39S9JDceHmFtVhJH1WFZHkGNWFUmoon_solanatT2.png,990077884,"{""solana"":""i3s1iZgKxLNs39S9JDceHmFtVhJH1WFZHkGNWFUmoon""}",18
EXoMAHnw2Gw5fXJTektedLJDVn9vn8tLTEQX7gHccQKR_solana,EXO,Exotic Markets,exotic-markets,exotic-marketsaJb.png,9999953,"{""solana"":""EXoMAHnw2Gw5fXJTektedLJDVn9vn8tLTEQX7gHccQKR""}",18
tardigrades-finance,TRDG,TRDGtoken,tardigrades-finance,tardigrades-financetL3.png,0,"{""binance_smart"":""0x92a42db88ed0f02c71d439e55962ca7cab0168b5"",""ethereum"":""0x92a42db88ed0f02c71d439e55962ca7cab0168b5""}",18
EQCTYw9CpKm-7iO_VC_7DsqkeK1Bze-u--MeZMofjQg8tEWc_the-open-network,SADMEOW,SAD MEOW,sad-meow,EQCTYw9CpKm-7iO_VC_7DsqkeK1Bze-u--MeZMofjQg8tEWc_the-open-networkXyJ.png,1000000000,"{""the-open-network"":""EQCTYw9CpKm-7iO_VC_7DsqkeK1Bze-u--MeZMofjQg8tEWc""}",18
0x42069de48741db40aef864f8764432bbccbd0b69_base,BETS,All Street Bets,all-street-bets,all-street-betsw5E.png,10000000000,"{""base"":""0x42069de48741db40aef864f8764432bbccbd0b69""}",18
fluminense-fc-fan-token,FLU,Fluminense FC Fan Token,fluminense-fc-fan-token,fluminense-fc-fan-tokenkXW.png,10000000,"{""chiliz"":""0x9840dc03032f4f35d7dbdc8db832acfaf6ff3e77"",""solana"":""EHt5kkDVXNy6NRscbDwGkiVjTsuzd88iaGokzJMgKb4F"",""base"":""0x9ffc9aa493e1ae0faadb13a7734038bfc390143d""}",18
alpaca,ALPA,Alpaca City,alpaca,alpaca1pF.png,26807393,"{""ethereum"":""0x7ca4408137eb639570f8e647d9bd7b7e8717514a"",""binance_smart"":""0xc5e6689c9c8b02be7c49912ef19e79cf24977f03""}",18
6SUryVEuDz5hqAxab6QrGfbzWvjN8dC7m29ezSvDpump_solana,JASON,Jason Derulo,jason-derulo,jason-derulozwF.png,999820656,"{""solana"":""6SUryVEuDz5hqAxab6QrGfbzWvjN8dC7m29ezSvDpump""}",18
CnGb7hJsGdsFyQP2uXNWrUgT5K1tovBA3mNnUZcTpump_solana,FLORK,FLORK CTO,flork-cto,CnGb7hJsGdsFyQP2uXNWrUgT5K1tovBA3mNnUZcTpump_solanadcr.png,938272172,"{""solana"":""CnGb7hJsGdsFyQP2uXNWrUgT5K1tovBA3mNnUZcTpump""}",18
0xa524b11473b7ce7eb1dc883a585e64471a734444_binance_smart,JOBIESS,JobIess,jobiess,jobiessi8b.png,1000000000,"{""binance_smart"":""0xa524b11473b7ce7eb1dc883a585e64471a734444""}",18
zofinity,ZO,Zofinity,zofinity,zofinityXlc.png,2000000,"{""binance_smart"":""0x37cc955027e92131ce2e01e1180ffaeb49969999""}",18
Ag9TVNiyh2dDbVAzf1fZj6rjPLRTCLGXQzEDwWuZjupx_solana,CATTY,catty,catty,Ag9TVNiyh2dDbVAzf1fZj6rjPLRTCLGXQzEDwWuZjupx_solanaXeI.png,999789153,"{""solana"":""Ag9TVNiyh2dDbVAzf1fZj6rjPLRTCLGXQzEDwWuZjupx""}",18
BALLrveijbhu42QaS2XW1pRBYfMji73bGeYJghUvQs6y_solana,BALL,POWERBALL,powerball,BALLrveijbhu42QaS2XW1pRBYfMji73bGeYJghUvQs6y_solanatKT.png,979279795,"{""solana"":""BALLrveijbhu42QaS2XW1pRBYfMji73bGeYJghUvQs6y""}",18
zkfair,ZKF,ZKFair,zkfair,zkfairy5b.png,10000000000,"{""zkfair"":""0x1cd3e2a23c45a690a18ed93fd1412543f464158f""}",18
civfund-stone,0NE,Civfund Stone,civfund-stone,civfund-stoneNFI.png,977213217863327,"{""ethereum"":""0x73a83269b9bbafc427e76be0a2c1a1db2a26f4c2""}",18
iaped-token,IAPED,IAPED TOKEN,iaped-token,iaped-tokenU0u.png,100000000,"{""binance_smart"":""0xaa091c8bd5bded850a78f1cf72d5029b19459237""}",18
intuitive-surgical-rstock,RISRG,Intuitive Surgical Tokenized Stock (Reality),intuitive-surgical-rstock,intuitive-surgical-rstock2B4.png,124.9381,"{""arbitrum-one"":""0xbe25a39c8bef9e1cbaa540fac332bcf8d4891f60"",""morph-l2"":""0xaa91ea54992b5c34f8dc80a652fd85a0905f345c""}",18
BTWvZsjwgnGT7qSM3AAXxjZohCLsMHpdAhaiQMJbBvcF_solana,HULVIN,HULVIN,hulvin,hulvinTGI.png,2100000000,"{""solana"":""BTWvZsjwgnGT7qSM3AAXxjZohCLsMHpdAhaiQMJbBvcF""}",18
blackberry-rstock,RBB,BlackBerry Tokenized Stock (Reality),blackberry-rstock,blackberry-rstockbBe.png,5280,"{""arbitrum-one"":""0x809b898c7b55cabb305c2dcda4beeaed95dafb80"",""morph-l2"":""0x37b4919b38f831943aee1f948d91e4a1aba489c3""}",18
97PVGU2DzFqsAWaYU17ZBqGvQFmkqtdMywYBNPAfy8vy_solana,STARTUP,Startup,startup,97PVGU2DzFqsAWaYU17ZBqGvQFmkqtdMywYBNPAfy8vy_solanaRKO.png,990072371,"{""solana"":""97PVGU2DzFqsAWaYU17ZBqGvQFmkqtdMywYBNPAfy8vy""}",18
spice-2,SPICE,Spice,spice-2,spice-2TZM.png,100000000,"{""osmosis"":""factory/osmo1n6asrjy9754q8y9jsxqf557zmsv3s3xa5m9eg5/uspice""}",18
B4G5shxukCDRMLsZue6NDAVMbSzViPn9SFieZG1Ucook_solana,DBC,Don't Burn Capital,don-t-burn-capital,B4G5shxukCDRMLsZue6NDAVMbSzViPn9SFieZG1Ucook_solanauLx.png,926452862,"{""solana"":""B4G5shxukCDRMLsZue6NDAVMbSzViPn9SFieZG1Ucook""}",18
d-wave-quantum-rstock,RQBTS,D-Wave Quantum Tokenized Stock (Reality),d-wave-quantum-rstock,d-wave-quantum-rstockJmF.png,3071,"{""arbitrum-one"":""0xfdd27509e47c283fdb31cfcceb6c1f022fb5aa2d"",""morph-l2"":""0x394140fe84b3a297fa15a103b50efdfb389f15d7""}",18
kito,KITO,KITO,kito,kito8HW.png,975263104,"{""the-open-network"":""EQCSLLVQ8qdhEqZUKaiKU7F6sVfnNPmQ4FsCpCo8olo795LP""}",18
0xc839a88a05b231515a82c71ee97b4f18973c1340_robinhood,NATION,NATION,nation,nation11d.png,1000000000,"{""robinhood"":""0xc839a88a05b231515a82c71ee97b4f18973c1340""}",18
0x3b48f83e525268c08426aaa337c3f08f501c824d_ethereum,GIO,Ethereum Cat,ethereum-cat,0x3b48f83e525268c08426aaa337c3f08f501c824d_ethereumcwB.png,1000000000,"{""ethereum"":""0x3b48f83e525268c08426aaa337c3f08f501c824d""}",18
obscuro,TEN,TEN,obscuro,obscuroxxj.png,1000000000,"{""ethereum"":""0xea9bb54fc76bfd5dd2ff2f6da641e78c230bb683""}",18
2tXpgu2DLTsPUf9zFmuZmA4xrYxXKBTpVq9wAM7hzs9y_solana,HANTA,Hantavirus,hantavirus,hantavirusjvX.png,999488524,"{""solana"":""2tXpgu2DLTsPUf9zFmuZmA4xrYxXKBTpVq9wAM7hzs9y""}",18
bobina,BOBINA,Bobina,bobina,bobinay96.png,10000000,"{""ethereum"":""0xaf3a37e800991501b88dc4745a96cc8fc3d5cb52"",""base"":""0x289e4958a93501a463b290c4d910974871614786"",""ink"":""0x36b9115f29cf94264e516ca5d018ae1df9c4b1b9""}",18
5CqfXex1knfRiozwDtgFFNaiGR9TsmSUcWDNUTUGZQru_solana,THOG,Theory Of Gravity,the-theory-of-gravity,the-theory-of-gravitya8w.png,948499384,"{""solana"":""5CqfXex1knfRiozwDtgFFNaiGR9TsmSUcWDNUTUGZQru""}",18
icommunity,ICOM,iCommunity,icommunity,icommunityOX6.png,97800000,"{""ethereum"":""0xb131f337c45d386ceec234e194b2663d5c3d9dcf""}",18
jpmorgan-rstock,RJPM,JPMorgan Chase Tokenized Stock (Reality),jpmorgan-rstock,jpmorgan-rstockvj5.png,145.8851,"{""arbitrum-one"":""0x4bf98e0d3dc54337a1bbda485b2b25595a194a71"",""morph-l2"":""0xf1ded02059f878655538eefba5397fc9398e6acf""}",18
peace-4-children,P4C,Peace 4 Children,peace-4-children,peace-4-children6Xi.png,100000000,"{""solana"":""BTbudhowbmkPNrrbu8P12cTWccCkgdPUbiZh9fqQaray""}",18
national-trust-fund-system,NTFS,National Trust Fund System,national-trust-fund-system,national-trust-fund-systemsNS.png,999881801,"{""solana"":""NTFSzFdqyjt4babasFp6RxsQj8QLs6xYYKcQMnhmBe7""}",18
0x67d9c7daecc5b87c3e68ac89f33ee924fac88c05_ethereum,MOOCOW,Moo Cow,moo-cow,moo-cowzOH.png,420690000000,"{""ethereum"":""0x67d9c7daecc5b87c3e68ac89f33ee924fac88c05""}",18
lamina1,L1,Lamina1,lamina1,lamina1pLY.png,1500000000,"{""avalanche"":""0xfec5906e8470ea7e2a2242b314a35f4ff42b19e1""}",18
21AErpiB8uSb94oQKRcwuHqyHF93njAxBSbdUrpupump_solana,WIF,Wif - SecondChance,wif-secondchance,wif-secondchanceIwA.png,799999998,"{""solana"":""21AErpiB8uSb94oQKRcwuHqyHF93njAxBSbdUrpupump""}",18
0x2ce1340f1d402ae75afeb55003d7491645db1857_base,WAGMI,WAGMI,wagmi-5,0x2ce1340f1d402ae75afeb55003d7491645db1857_basedkV.png,1000000000,"{""base"":""0x2ce1340f1d402ae75afeb55003d7491645db1857""}",18
0x625bb9bb04bdca51871ed6d07e2dd9034e914631_base,H4CK,H4CK Terminal by Virtuals,h4ck-terminal-by-virtuals,0x625bb9bb04bdca51871ed6d07e2dd9034e914631_base1kZ.png,990394625,"{""base"":""0x625bb9bb04bdca51871ed6d07e2dd9034e914631""}",18
gny,GNY,GNY,gny,GNY1myOj.png,400000000,"{""ethereum"":""0xb1f871ae9462f1b2c6826e88a7827e76f86751d4"",""binance_smart"":""0xe4a4ad6e0b773f47d28f548742a23efd73798332""}",18
3QTcwugiAGA7HnzcNf7qaHt7XakdscMxJ1TE5Wnspump_solana,TMC,TMC Corp,tmc-corp,3QTcwugiAGA7HnzcNf7qaHt7XakdscMxJ1TE5Wnspump_solana9te.png,999998424,"{""solana"":""3QTcwugiAGA7HnzcNf7qaHt7XakdscMxJ1TE5Wnspump""}",18
fomo-coin-oficial,FOMOCOIN,FOMO COIN OFICIAL,fomo-coin-oficial,fomo-coin-oficialRQS.png,999999855,"{""solana"":""3JN2DbSjNVAKfj3F12BHNaoYdsySEi4DR3CoqMCqpump""}",18
constellation-energy-corporation-robinhood-token,CEG,Constellation Energy Corporation • Robinhood Token,constellation-energy-corporation-robinhood-token,constellation-energy-corporation-robinhood-tokencCf.png,196.2899,"{""robinhood"":""0xae517a2903e68bd929dfd15be875f8369d53e94a""}",18
arckit,AKIT,ArcKit,arckit,arckitpb1.png,1000000000,"{""arc"":""0xbc3764348131fe1962f267f442a8fe30459ededd""}",18
silo-finance,SILO,Silo Finance [OLD],silo-finance,silo-financeSZV.png,1000000000,"{""ethereum"":""0x6f80310ca7f2c654691d1383149fa1a57d8ab1f8"",""arbitrum-one"":""0x0341c0c0ec423328621788d4854119b97f44e391"",""base"":""0x57bd5c33c8002a634b389ab4de5e09ec1c31dce7""}",18
dogpad-finance,DOGPAD,DogPad Finance,dogpad-finance,dogpad-financeKZt.png,1000000000000,"{""ethereum"":""0x6f3277ad0782a7da3eb676b85a8346a100bf9c1c""}",18
HfZiQSCUTpvWa9Mk3FKieQHzZfiduPqTEMVDbP1Gpump_solana,MM,Meme Man,meme-man,HfZiQSCUTpvWa9Mk3FKieQHzZfiduPqTEMVDbP1Gpump_solanawfy.png,999583375,"{""solana"":""HfZiQSCUTpvWa9Mk3FKieQHzZfiduPqTEMVDbP1Gpump""}",18
ordinal-doge,ODOGE,Ordinal Doge,ordinal-doge,ordinal-doge8H8.png,1000000000000000,"{""ethereum"":""0x68b429161ec09a6c1d65ba70727ab1faa5bc4026""}",18
fishwar,FISHW,Fishwar,fishwar,fishwar6xu.png,57076697777,"{""sei-network"":""0x805679729df385815c57c24b20f4161bd34b655f"",""sei-v2"":""0x805679729df385815c57c24b20f4161bd34b655f""}",18
0xd4306991f8a5cef2d2bcb3262224ded11bd18bad_base,MOONBASE,MOONBASE,moonbase-3,moonbase-3WLZ.png,60458,"{""base"":""0xd4306991f8a5cef2d2bcb3262224ded11bd18bad""}",18
melon-dog,MELON,Melon Dog,melon-dog,melon-dog8lH.png,407510417,"{""solana"":""7DGJnYfJrYiP5CKBx6wpbu8F5Ya1swdFoesuCrAKCzZc""}",18
0x421b05cf5ce28cb7347e73e2278e84472f0e4a88_ethereum,SEN,Sentio AI,sentio-protocol,0x421b05cf5ce28cb7347e73e2278e84472f0e4a88_ethereumpP3.png,100000000,"{""ethereum"":""0x421b05cf5ce28cb7347e73e2278e84472f0e4a88""}",18
0x80034f803afb1c6864e3ca481ef1362c54d094b9_ethereum,NPI,Non-Playable Inu,non-playable-inu,non-playable-inuaVR.png,420690000000,"{""ethereum"":""0x80034f803afb1c6864e3ca481ef1362c54d094b9""}",18
0xc092a137df3cf2b9e5971ba1874d26487c12626d_ethereum,RING,Ring AI,ring-ai,ring-aiypf.png,100000000,"{""ethereum"":""0xc092a137df3cf2b9e5971ba1874d26487c12626d""}",18
9GtvcnDUvGsuibktxiMjLQ2yyBq5akUahuBs8yANbonk_solana,VALENTINE,Valentine Grok Companion,valentine-grok-companion-3,9GtvcnDUvGsuibktxiMjLQ2yyBq5akUahuBs8yANbonk_solanaC17.png,999467035,"{""solana"":""9GtvcnDUvGsuibktxiMjLQ2yyBq5akUahuBs8yANbonk""}",18
achi,ACHI,achi,achi,achiTl4.png,1000000000,"{""solana"":""4rUfhWTRpjD1ECGjw1UReVhA8G63CrATuoFLRVRkkqhs""}",18
make-gram-great-again,MGRMGA,Make Gram Great Again,make-gram-great-again,make-gram-great-againD7Q.png,97480014615,"{""the-open-network"":""EQDnthM6DjZLIlQ_lQlCwtj-Ez2UrYzpWUV493bcccz-Rj0c""}",18
constellation-energy-rstock,RCEG,Constellation Energy Tokenized Stock (Reality),constellation-energy-rstock,constellation-energy-rstockBjG.png,186.0277,"{""arbitrum-one"":""0x4f80c685167ca4ea978cce6fd28af43963067a8a"",""morph-l2"":""0x8ec3ffb015e5eca20f0f38bb0e14a747d614bd36""}",18
archethic,UCO,Archethic,archethic,archethic92I.png,966017888,"{""ethereum"":""0x1a688d3d294ee7bcc1f59011de93d608dc21c377"",""polygon-pos"":""0xaa53b93608c88ee55fad8db4c504fa20e52642ad"",""binance_smart"":""0xf1e5bbd997501a8439619266a09a54b2b499eaa3""}",18
global-x-uranium-etf-rstock,RURA,Global X Uranium ETF Tokenized Stock (Reality),global-x-uranium-etf-rstock,global-x-uranium-etf-rstockvnR.png,1203,"{""arbitrum-one"":""0x85a46658ec7a09f1626651ca469d387935621a0e"",""morph-l2"":""0x5b5c40653b280c380fee2bc7fa40e15262749e5e""}",18
send-it-larry,LARRY,Send It Larry,send-it-larry,send-it-larrythu.png,957632795,"{""robinhood"":""0x088b0128209cf84606aa688506fa87717ba8695b""}",18
graviton,GRAV,Graviton,graviton,gravitonUFJ.png,2771347881,"{""osmosis"":""ibc/E97634A40119F1898989C2A23224ED83FDD0A57EA46B3A094E287288D1672B44"",""evmos"":""0x80b5a32e4f032b2a058b4f29ec95eefeeb87adcd"",""gravity-bridge"":""ugraviton"",""archway"":""ibc/31D711D31CD5D83D98E76B1486EEDA1A38CD1F7D6FCBD03521FE51323115AECA"",""kujira"":""kujira1jlyyyg0m649v75nqzm40jfdmjar9sf7rh3qnuz8yqa4345s9tqvqhxwxjq"",""crescent"":""ibc/C950356239AD2A205DE09FDF066B1F9FF19A7CA7145EA48A5B19B76EE47E52F7"",""ethereum"":""0x9f2ef66a09a5d2dab13d84a7638668ea36679e03""}",18
circuits-of-value,COVAL,Circuits of Value,circuits-of-value,circuits-of-valueaTv.png,1784838484,"{""ethereum"":""0x3d658390460295fb963f54dc0899cfb1c30776df"",""binance_smart"":""0xd15cee1deafbad6c0b3fd7489677cc102b141464"",""polygon-pos"":""0x4597c8a59ab28b36840b82b3a674994a279593d0"",""fantom"":""0x8b8407c6184f1f0fd1082e83d6a3b8349caced12"",""xdai"":""0x8b8407c6184f1f0fd1082e83d6a3b8349caced12""}",18
0x9de83d01bc3d0857435529d931679ba5dc31ddf4_robinhood,BLACKROCK,BLACKROCK,blackrock,blackrockJm0.png,1000000000,"{""robinhood"":""0x9de83d01bc3d0857435529d931679ba5dc31ddf4""}",18
you-looked,CIRCLE,You Looked,you-looked,you-looked0Uu.png,997064545,"{""solana"":""EkHr62PC6Y1axrLS7cR8YC4BZeW19mtHxQLCLMrf9vnq""}",18
0x8e11e90b463bf521382e2b88539f053270a3848c_binance_smart,TTAI,TTAI,ttai,ttai7Fh.png,1000000000,"{""binance_smart"":""0x8e11e90b463bf521382e2b88539f053270a3848c""}",18
0xbe8728795b935bf6e2a9253ce7a2ef6fa831f51e_base,$UOS,Universal Operating System,universal-operating-system-2,0xbe8728795b935bf6e2a9253ce7a2ef6fa831f51e_base6Uy.png,1000000,"{""base"":""0xbe8728795b935bf6e2a9253ce7a2ef6fa831f51e""}",18
poop,POOP,Poop,poop,poopr5b.png,999977352,"{""solana"":""7uwNJaMRj9FZuubmzguU8A4cR15ykpBymhAiVJEFTjZ5""}",18
0x02d4f76656c2b4f58430e91f8ac74896c9281cb9_base,AIP,PettAI,pettai,0x02d4f76656c2b4f58430e91f8ac74896c9281cb9_baseoW1.png,472128514,"{""base"":""0x02d4f76656c2b4f58430e91f8ac74896c9281cb9""}",18
0xbb59167235bf3588b357de6cd98ca6f94d753c76_base,MIN,MetaInside by Virtuals,metainside-by-virtuals,0xbb59167235bf3588b357de6cd98ca6f94d753c76_basebqY.png,1000000000,"{""base"":""0xbb59167235bf3588b357de6cd98ca6f94d753c76""}",18
5ire,5IRE,5ire,5ire,5irepdY.png,1500000000,"{""ethereum"":""0x3bd7d4f524d09f4e331577247a048d56e4b67a7f""}",18
stablecomp,SCOMP,Stablecomp,stablecomp,stablecompcQi.png,200000000,"{""ethereum"":""0xd94a8f9caed25e63ecc90edfefaf3635ea1e182a"",""polygon-pos"":""0xd94a8f9caed25e63ecc90edfefaf3635ea1e182a""}",18
3WjLscH2JsXLEFJZRA9z8ti8yRGxWGKbqymPd7UicRth_solana,WOC,World Of Claudecraft,world-of-claudecraft,world-of-claudecraftFMY.png,993790885,"{""solana"":""3WjLscH2JsXLEFJZRA9z8ti8yRGxWGKbqymPd7UicRth""}",18
Cntmo5DJNQkB2vYyS4mUx2UoTW4mPrHgWefz8miZpump_solana,HATCHER,HatcherLabs,hatcherlabs,hatcherlabsXXH.png,959344786,"{""solana"":""Cntmo5DJNQkB2vYyS4mUx2UoTW4mPrHgWefz8miZpump""}",18
rock-4,ROCK,ROCK,rock-4,rock-4Xi2.png,1000000000,"{""tron"":""TJvwMR3RjHc8jA9QwwjWGANrR3Y4scLSZm""}",18
0x0ccae1bc46fb018dd396ed4c45565d4cb9d41098_ethereum,MISHA,MISHA,misha,0x0ccae1bc46fb018dd396ed4c45565d4cb9d41098_ethereumoCU.png,420690000000,"{""ethereum"":""0x0ccae1bc46fb018dd396ed4c45565d4cb9d41098""}",18
tipja,TIPJA,Tipja,tipja,tipjahkD.png,10000000000000,"{""ethereum"":""0x8e235f491ae66b82296d58332adc2a021c449c10""}",18
pstake-finance,PSTAKE,pSTAKE Finance,pstake-finance,pstake-financeIYE.png,500000000,"{""ethereum"":""0xfb5c6815ca3ac72ce9f5006869ae67f18bf77006"",""binance_smart"":""0x4c882ec256823ee773b25b414d36f92ef58a7c0c"",""base"":""0x38815a4455921667d673b4cb3d48f0383ee93400"",""blast"":""0xcbf7b47e9da345812e3bd732e3ee369a7203b5ae"",""optimistic-ethereum"":""0x023550adde4fa2f90d63a41d9282bee0294c04cd"",""persistence"":""ibc/A6E3AF63B3C906416A9AF7A556C59EA4BD50E617EFFE6299B99700CCB780E444"",""sui"":""0xb66e9e1cd25e8be90091c4f20b42f0472ea22d4244f3bc2241891ed7ad2d80de::celer_pstake_coin::CELER_PSTAKE_COIN""}",18
dulus-ai,DULUS,Dulus AI,dulus-ai,dulus-ailEY.png,993369829,"{""solana"":""9R8rrjXxcfQPmLTCLhmVpjr2uesjjkcgkinE6Lwdpump""}",18
1art,1ART,OneArt,1art,1artDOQ.png,470825257,"{""binance_smart"":""0xd3c325848d7c6e29b574cb0789998b2ff901f17e"",""ethereum"":""0xd3c325848d7c6e29b574cb0789998b2ff901f17e"",""fantom"":""0xd3c325848d7c6e29b574cb0789998b2ff901f17e""}",18
0x795d2710e383f33fbebe980a155b29757b6703f3_binance_smart,GHIBLI,GhibliCZ,ghiblicz,0x795d2710e383f33fbebe980a155b29757b6703f3_binance_smartoAc.png,855666765,"{""binance_smart"":""0x795d2710e383f33fbebe980a155b29757b6703f3""}",18
tomb-shares,TSHARE,Tomb Shares,tomb-shares,tomb-sharesnRL.png,65585,"{""fantom"":""0x4cdf39285d7ca8eb3f090fda0c069ba5f4145b37"",""tombchain"":""0x4200000000000000000000000000000000000101""}",18
0x4444def5cf226bf50aa4b45e5748b676945bc509_binance_smart,世界和平,世界和平 (World Peace),world-peace,0x4444def5cf226bf50aa4b45e5748b676945bc509_binance_smartHjy.png,1000000000,"{""binance_smart"":""0x4444def5cf226bf50aa4b45e5748b676945bc509""}",18
0xaade1d6701173bd924c9de2d56a00ef4e3d9de4d_ethereum,BWS,Blockchain Web Services,blockchain-web-services,0xaade1d6701173bd924c9de2d56a00ef4e3d9de4d_ethereumFN1.png,100000000,"{""ethereum"":""0xaade1d6701173bd924c9de2d56a00ef4e3d9de4d""}",18
6Fb84TUdMNAVgwRinLeTgLov8dJnk5yhNt41Xq2a6s4c_solana,RIZZ,RIZZ Solana,rizz-solana,rizz-solanamd4.png,1000000000,"{""solana"":""6Fb84TUdMNAVgwRinLeTgLov8dJnk5yhNt41Xq2a6s4c""}",18
0xfa89ed9d12bf74add8253ddfaa426c4d8a0fa603_robinhood,SLINK,Shivolink,shivolink,shivolinkTGl.png,918367347,"{""robinhood"":""0xfa89ed9d12bf74add8253ddfaa426c4d8a0fa603""}",18
webull-corporation-class-a-ordinary-shares-backpack-securities,BULL,Webull Corporation Class A Ordinary Shares (Backpack Securities),webull-corporation-class-a-ordinary-shares-backpack-securities,webull-corporation-class-a-ordinary-shares-backpack-securitieskqv.png,6496,"{""solana"":""BULL151gUXcFV5wXEUqu9Am2L7Qt4bTJRLRuAUjkcspC""}",18
0x5a70be406ce7471a44f0183b8d7091f4ad751db5_base,SATO,Sato The Dog,sato-the-dog,sato-the-dogcM5.png,420690000000,"{""base"":""0x5a70be406ce7471a44f0183b8d7091f4ad751db5""}",18
club-atletico-independiente,CAI,Club Atletico Independiente Fan Token,club-atletico-independiente,club-atletico-independiente7eB.png,5000000,"{""chiliz"":""0x99f7b1f8d445b6cbd231017820de372e2c5f9a27"",""solana"":""2zNLNYHfZGvDSQL29NrWNzPbenzWYSDUDH2c8Rxy9xfW"",""base"":""0xad5d606b408c50ddc6f360c6f70b946caccbcc66""}",18
0x506beb7965fc7053059006c7ab4c62c02c2d989f_base,BWORM,Brain Worms,brain-worms,0x506beb7965fc7053059006c7ab4c62c02c2d989f_baseDDN.png,2950,"{""base"":""0x506beb7965fc7053059006c7ab4c62c02c2d989f""}",18
BaaYhmQBjX3B6JAayG5mDbhziyKsf4KDr9ZHzaEhpump_solana,IQUID,LIQUIDIOT,liquidiot,liquidiotDbg.png,999923450,"{""solana"":""BaaYhmQBjX3B6JAayG5mDbhziyKsf4KDr9ZHzaEhpump""}",18
zookeeper,ZOO,ZooKeeper,zookeeper,zookeeperbzW.png,482692809,"{""wanchain"":""0x6e11655d6ab3781c6613db8cb1bc3dee9a7e111f"",""avalanche"":""0x1b88d7ad51626044ec62ef9803ea264da4442f32""}",18
LABSh5DTebUcUbEoLzXKCiXFJLecDFiDWiBGUU1GpxR_solana,LABS,Epicentral Labs,epicentral-labs,LABSh5DTebUcUbEoLzXKCiXFJLecDFiDWiBGUU1GpxR_solanalXX.png,54652600,"{""solana"":""LABSh5DTebUcUbEoLzXKCiXFJLecDFiDWiBGUU1GpxR""}",18
april,APRIL,April,april,aprilZyw.png,125000000,"{""binance_smart"":""0xbfea674ce7d16e26e39e3c088810367a708ef94c""}",18
cramer-coin,$CRAMER,Cramer Coin,cramer-coin,cramer-coin3HG.png,1000000000,"{""ethereum"":""0x64df3aab3b21cc275bb76c4a581cf8b726478ee0""}",18
7S37Wv8v9BLQ7bCBTSmCgpCHEb7ae9ZVV7YGwDSepump_solana,SANTAHAT,SANTA HAT,santa-hat,7S37Wv8v9BLQ7bCBTSmCgpCHEb7ae9ZVV7YGwDSepump_solanatfq.png,997111861,"{""solana"":""7S37Wv8v9BLQ7bCBTSmCgpCHEb7ae9ZVV7YGwDSepump""}",18
0x8080779e8366ea28cd1c99bd66ac6d04fce73bf9_ethereum,TAP,The America Party,the-america-party,0x8080779e8366ea28cd1c99bd66ac6d04fce73bf9_ethereumoVZ.png,1000000000,"{""ethereum"":""0x8080779e8366ea28cd1c99bd66ac6d04fce73bf9""}",18
sigmagyattohiofanumskibidigooner,RIZZ,SigmaGyattOhioFanumSkibidiGooner,sigmagyattohiofanumskibidigooner,sigmagyattohiofanumskibidigooner2fn.png,939234358,"{""solana"":""5ad4puH6yDBoeCcrQfwV5s9bxvPnAeWDoYDj3uLyBS8k"",""base"":""0x58d6e314755c2668f3d7358cc7a7a06c4314b238""}",18
0xd25efceb9d690e2a75a8b75e52a7c63cb9a214e0_robinhood,NOESIS,NOESIS Network,noesis-network,noesis-networkAyE.png,881446281,"{""robinhood"":""0xd25efceb9d690e2a75a8b75e52a7c63cb9a214e0""}",18
rips,RIPS,RIPS,rips,rips2w5.png,70000000000,"{""base"":""0xc1addae61bc74a14971bfa48a0b7141aded4fb07""}",18
0x8e665c3a3622d7c1bef8ed8ffd7317d3f6318e31_base,OOPZ,Oracle of Preferences ZK by Virtuals,oracle-of-preferences-zk-by-virtuals,0x8e665c3a3622d7c1bef8ed8ffd7317d3f6318e31_basebep.png,1000000000,"{""base"":""0x8e665c3a3622d7c1bef8ed8ffd7317d3f6318e31""}",18
zoom-robinhood-tokenized-stock,ZM,Zoom • Robinhood Token,zoom-robinhood-tokenized-stock,zoom-robinhood-tokenized-stockLlZ.png,510.2364,"{""robinhood"":""0x44c4f142009036cf477ed2d09932051843137cf1""}",18
0x5d3772ce50dedca695197373f858bfb324e32e5a_base,RUNWAGO,Runwago,runwago,runwagotHL.png,100000000,"{""base"":""0x5d3772ce50dedca695197373f858bfb324e32e5a""}",18
0xf27b8ef47842e6445e37804896f1bc5e29381b07_base,DOPPEL,Doppel,doppel,doppeleXq.png,100000000000,"{""base"":""0xf27b8ef47842e6445e37804896f1bc5e29381b07""}",18
xalpha-ai,XALPHA,XALPHA.AI,xalpha-ai,xalpha-aip5O.png,100000000,"{""ethereum"":""0x369733153e6e08d38f2bc72ae2432e855cfbe221""}",18
operon-origins,ORO,Operon Origins,operon-origins,operon-originsJOj.png,100000000,"{""binance_smart"":""0xfc4f5a4d1452b8dc6c3cb745db15b29c00812b19""}",18
breakwave-tanker-shipping-etf-ondo-tokenized,BWETON,Breakwave Tanker Shipping ETF (Ondo Tokenized),breakwave-tanker-shipping-etf-ondo-tokenized,breakwave-tanker-shipping-etf-ondo-tokenizedAr4.png,54.0459,"{""ethereum"":""0xeca55ac71f83931b7e074228aebc9104f13d8c02"",""binance_smart"":""0x472f46c5d7409c82234701eff7d4dda4c28b5a93"",""solana"":""m7mWfvhyPikY3esNwTk8U1JRbcBijmzHgqiqx3xondo""}",18
bridged-dai-stablecoin-hashport,DAI[HTS],Bridged Dai Stablecoin (Hashport),bridged-dai-stablecoin-hashport,bridged-dai-stablecoin-hashportTTx.png,65134,"{""hedera-hashgraph"":""0.0.1055477""}",18
besc-money,MONEY,BESC MONEY,besc-money,besc-money6Hg.png,42069,"{""binance_smart"":""0x4ffe5ec4d8b9822e01c9e49678884baec17f60d9"",""besc-hyperchain"":""0xf794e0b0c0a91099ccacac296193e04fb860442a""}",18
chengu,CHENGU,Chengu,chengu,chengugXR.png,991215839,"{""abstract"":""0xd045e0686a784e272e651fc2c08324edabe7403a""}",18
7eMJmn1bYWSQEwxAX7CyngBzGNGu1cT582asKxxRpump_solana,CLIPPY,Clippy PFP Cult,clippy-pfp-cult,7eMJmn1bYWSQEwxAX7CyngBzGNGu1cT582asKxxRpump_solanaRnS.png,999706419,"{""solana"":""7eMJmn1bYWSQEwxAX7CyngBzGNGu1cT582asKxxRpump""}",18
0xb98bf424fa411057500f737fdb773ed874c98312_robinhood,FLOOR,floor,floor-2,floor-2RRX.png,1000000000,"{""robinhood"":""0xb98bf424fa411057500f737fdb773ed874c98312""}",18
cryingnthecasino,TEARY,CryingNTheCasino,cryingnthecasino,cryingnthecasinoQpb.png,997669227,"{""solana"":""DbVhWYxBv9jyQdARFbjw7Vktbps9L6f9813JQC8xmoon""}",18
0x56cfc19d8cbf7d417d370844249be9cb2d2e19a1_ethereum,DOGECAUCUS,Doge Caucus,doge-caucus,0x56cfc19d8cbf7d417d370844249be9cb2d2e19a1_ethereumL9b.png,1000000,"{""ethereum"":""0x56cfc19d8cbf7d417d370844249be9cb2d2e19a1""}",18
5pYB12kEhfhSFXJjZ7JtyqDpt6uUqhsF6iu6Ee9spump_solana,CATWIF,Catwifhat,catwifhat-4,catwifhat-4MVA.png,999789264,"{""solana"":""5pYB12kEhfhSFXJjZ7JtyqDpt6uUqhsF6iu6Ee9spump""}",18
luksoagent,LUKSO,LUKSOAgent,luksoagent,luksoagentdIW.png,100000000000,"{""base"":""0x81040cfd2bb62062525d958ad01931988a590b07""}",18
0x92d176ccbeeffecd8089e841d09ea17b6c22d969_robinhood,VLAD,Vladhood,vladhood,0x92d176ccbeeffecd8089e841d09ea17b6c22d969_robinhood0VP.png,999999168,"{""robinhood"":""0x92d176ccbeeffecd8089e841d09ea17b6c22d969""}",18
8WnQQRbuEZ3CCDbH5MCVioBbw6o75NKANq9WdPhBDsWo_solana,COBY,coby,coby,8WnQQRbuEZ3CCDbH5MCVioBbw6o75NKANq9WdPhBDsWo_solanaTrZ.png,999353558,"{""solana"":""8WnQQRbuEZ3CCDbH5MCVioBbw6o75NKANq9WdPhBDsWo""}",18
0x84018071282d4b2996272659d9c01cb08dd7327f_ethereum,BLENDR,Blendr Network,blendr-network,blendr-networkJEo.png,42000000,"{""ethereum"":""0x84018071282d4b2996272659d9c01cb08dd7327f""}",18
0xd3d5be6558f84e628ee091b511df92b4e461a53b_robinhood,UNIPEG,Unicorn Pegasus,unicorn-pegasus,unicorn-pegasushT5.png,1000000000,"{""robinhood"":""0xd3d5be6558f84e628ee091b511df92b4e461a53b""}",18
8Sk2EJ9oo25b7Mmf4qd5gJw6z3738AXvAbkuSSpQpump_solana,WAWA,WAWA CAT,wawa-cat,8Sk2EJ9oo25b7Mmf4qd5gJw6z3738AXvAbkuSSpQpump_solanaAm9.png,990437166,"{""solana"":""8Sk2EJ9oo25b7Mmf4qd5gJw6z3738AXvAbkuSSpQpump""}",18
0xadaf95906c05c5c5de12db00a38e0b02d7ffd5e9_ethereum,LODE,Lode,lode,lodeoEU.png,100000000,"{""ethereum"":""0xadaf95906c05c5c5de12db00a38e0b02d7ffd5e9""}",18
0x5681e38cbff1d5c4461294c6cf3970aa0761d2eb_arc,ROUTER,ArcRouter,arcrouter,arcrouterrv2.png,946792402,"{""arc"":""0x5681e38cbff1d5c4461294c6cf3970aa0761d2eb""}",18
united-microelectronics-rstock,RUMC,United Microelectronics Tokenized Stock (Reality),united-microelectronics-rstock,united-microelectronics-rstockgow.png,1783,"{""arbitrum-one"":""0x97923b63ca8062cfc2ddef8e306c29dc90dbdcdf"",""morph-l2"":""0xd53d811c96504ad350f05e83f598d09bce65ca33""}",18
tate,TATE,TATE,tate,tateHPa.png,333000000000000,"{""ethereum"":""0xa589d8868607b8d79ee4288ce192796051263b64""}",18
6V1rcRMaw4bZ32DK9WrbG1k9FA2h9Yw64dv9v9ph1Y3x_solana,BILLZ,BILLZ,billz,billz2Au.png,999994785,"{""solana"":""6V1rcRMaw4bZ32DK9WrbG1k9FA2h9Yw64dv9v9ph1Y3x""}",18
magicaltux,TUX,Magicaltux,magicaltux,magicaltux6cE.png,1000000000,"{""optimistic-ethereum"":""0x17aabf6838a6303fc6e9c5a227dc1eb6d95c829a""}",18
captain-tron,TRON,Captain TRON,captain-tron,captain-tron8Ku.png,990000000,"{""tron"":""TU27Dr5XkPP4SrEiQevp2zrASCNCvQqzEA""}",18
diviswap,DSWAP,DiviSwap,diviswap,diviswap9aA.png,612059,"{""chiliz"":""0x2ebec8e89bb4b9c3681be4eaa85c391f1cd717ce""}",18
0x080ad0136ede24cc46aefa11b7f648724bf71e18_robinhood,DATACENTER,Data Center,data-center,0x080ad0136ede24cc46aefa11b7f648724bf71e18_robinhoodUZB.png,1000000000,"{""robinhood"":""0x080ad0136ede24cc46aefa11b7f648724bf71e18""}",18
EjmDTt8G3T725eFSV7oWmGD8J848guo3LZ1EB3RfwGSw_solana,HAROLD,Harold,harold,harolda0U.png,986022389,"{""solana"":""EjmDTt8G3T725eFSV7oWmGD8J848guo3LZ1EB3RfwGSw""}",18
flame-4,FLAME,FLAME,flame-4,flame-4WGa.png,989950,"{""xrp"":""464C414D45000000000000000000000000000000.rp5CUgVjAhuthJs8LdjTXFdNWJzfQqc3p2""}",18
0x39fed555ff57cb1154bfa6b1a2492bb914ce2d9b_base,ECHO,EchoLeaks by Virtuals,echoleaks-by-virtuals,0x39fed555ff57cb1154bfa6b1a2492bb914ce2d9b_baseIC8.png,997264119,"{""base"":""0x39fed555ff57cb1154bfa6b1a2492bb914ce2d9b""}",18
million-airdrop,MAD,Million Airdrop,million-airdrop,million-airdropYLe.png,999991405,"{""solana"":""3tzhVtTYHmqSuzLfne4S8YX6cpyaCCsWXW14XxESpump""}",18
landwolf,WOLF,LandWolf,landwolf,landwolfVR8.png,420690000,"{""ethereum"":""0xf6afc05fccea5a53f22a3e39ffee861e016bd9a0""}",18
9re9eKMd39Aaanm8wgFKmLXNVX3ukS5gK4J5aCJepump_solana,DUNA,DUNA AI,duna-ai,9re9eKMd39Aaanm8wgFKmLXNVX3ukS5gK4J5aCJepump_solanaLtQ.png,1000000000,"{""solana"":""9re9eKMd39Aaanm8wgFKmLXNVX3ukS5gK4J5aCJepump""}",18
0x14e18043a68530acb5306f603109f7dc91b09b07_base,EMMET,I Emmet,i-emmet,0x14e18043a68530acb5306f603109f7dc91b09b07_base3M6.png,100000000000,"{""base"":""0x14e18043a68530acb5306f603109f7dc91b09b07""}",18
agent-arena-by-masa,SN59,Agent Arena by Masa,agent-arena-by-masa,agent-arena-by-masan29.png,103592,"{""bittensor"":""59""}",18
moongate,MGT,Moongate,moongate,moongateYxn.png,1000000000,"{""binance_smart"":""0x3c6256f234ba638e5883c46b3fedb00ea2e66b8a""}",18
king-kovu,LAZY,King Kovu,king-kovu,king-kovuVMH.png,18911879,"{""base"":""0xe4da9889db3d1987856e56da08ec7e9f484f6434""}",18
0xcad9e7aa2c3ef07bad0a7b69f97d059d8f36edd2_ronin,LRON,Liquid RON,liquid-ron,liquid-ronxLC.png,641539,"{""ronin"":""0xcad9e7aa2c3ef07bad0a7b69f97d059d8f36edd2""}",18
morpho-eusd,MEUSD,Morpho eUSD,morpho-eusd,morpho-eusdvjZ.png,44724,"{""base"":""0xbb819d845b573b5d7c538f5b85057160cfb5f313""}",18
0x7316d973b0269863bbfed87302e11334e25ea565_ethereum,KEN,Ken,ken,0x7316d973b0269863bbfed87302e11334e25ea565_ethereumkGX.png,1000000000,"{""ethereum"":""0x7316d973b0269863bbfed87302e11334e25ea565""}",18
schrodinger,MEOW,Schrodinger,schrodinger,schrodinger91K.png,1000000000000,"{""ethereum"":""0x74d2d73b455540b037298c0e0925bc702aedbe4a""}",18
0x62abe92f50c518165a5c010fe59f35023197fba3_base,EDGE,EDGE,edge-2,edge-24QY.png,100000000000,"{""base"":""0x62abe92f50c518165a5c010fe59f35023197fba3""}",18
intuit-rstock,RINTU,Intuit Tokenized Stock (Reality),intuit-rstock,intuit-rstock2zd.png,269.8661,"{""arbitrum-one"":""0xe6ba10d68455eec1a4eb19d6a2ce8e7dc90ccc27"",""morph-l2"":""0x325e4e412d00c33491ebcee3d14e214be6349e80""}",18
bilibili-rstock,RBILI,Bilibili Tokenized Stock (Reality),bilibili-rstock,bilibili-rstock3wA.png,3202,"{""arbitrum-one"":""0xa992a35f4ecae8e8df9589657acdd451473f9fe2"",""morph-l2"":""0x8215f49c568116672516389b2421f7f714aaeb23""}",18
