id,symbol,name,slug,logo,total_supply,contract,decimals
origin-dollar,OUSD,Origin Dollar,origin-dollar,origin-dollarI8D.png,6091592,"{""ethereum"":""0x2a8e1e676ec238d8a992307b495b45b3feaa5e86"",""astar"":""0x29f6e49c6e3397c3a84f715885f9f233a441165c""}",18
slash-vision-labs,SVL,Slash Vision Labs,slash-vision-labs,slash-vision-labsLbn.png,10000000000,"{""mantle"":""0xabbeed1d173541e0546b38b1c0394975be200000""}",18
cryptex-finance,CTX,Cryptex Finance,cryptex-finance,cryptex-finance620.png,10000000,"{""ethereum"":""0x321c2fe4446c7c963dc41dd58879af648838f98d"",""base"":""0xbb22ff867f8ca3d5f2251b4084f6ec86d4666e14""}",18
coinbase-wrapped-ltc,CBLTC,Coinbase Wrapped LTC,coinbase-wrapped-ltc,coinbase-wrapped-ltc8gv.png,86277,"{""base"":""0xcb17c9db87b595717c857a08468793f5bab6445f""}",18
tethereum-3,T99,Tethereum,tethereum-3,tethereum-3rTs.png,10000000000,"{""binance_smart"":""0xf5f53af4595bab806e2522ca7a8bbcb70a9b3da8""}",18
usdx-money-usdx,USDX,Stables Labs USDX,usdx-money-usdx,usdx-money-usdxdaz.png,684555389,"{""binance_smart"":""0xf3527ef8de265eaa3716fb312c12847bfba66cef"",""ethereum"":""0xf3527ef8de265eaa3716fb312c12847bfba66cef"",""arbitrum-one"":""0xf3527ef8de265eaa3716fb312c12847bfba66cef"",""base"":""0xf3527ef8de265eaa3716fb312c12847bfba66cef""}",18
118_bittensor,SN118,Ditto,hodl-etf,hodl-etfli7.png,2837439,"{""bittensor"":""118""}",18
aleph,ALEPH,Aleph Cloud,aleph,alephlPD.png,500000000,"{""ethereum"":""0x27702a26126e0b3702af63ee09ac4d1a084ef628"",""binance_smart"":""0x82d2f8e02afb160dd5a480a617692e62de9038c4"",""avalanche"":""0xc0fbc4967259786c743361a5885ef49380473dcf"",""base"":""0xc0fbc4967259786c743361a5885ef49380473dcf""}",18
radio-caca,RACA,Radio Caca,radio-caca,radio-cacaZPT.png,415614823705,"{""ethereum"":""0x12bb890508c125661e03b09ec06e404bc9289040"",""binance_smart"":""0x12bb890508c125661e03b09ec06e404bc9289040"",""okex-chain"":""0x12bb890508c125661e03b09ec06e404bc9289040""}",18
0xff8104251e7761163fac3211ef5583fb3f8583d6_base,REPPO,REPPO,reppo,reppoBc2.png,1000000000,"{""base"":""0xff8104251e7761163fac3211ef5583fb3f8583d6""}",18
milady-cult-coin,CULT,Milady Cult Coin,milady-cult-coin,milady-cult-coinxCt.png,100000000000,"{""ethereum"":""0x0000000000c5dc95539589fbd24be07c6c14eca4""}",18
draggable-aktionariat-ag,DAKS,Draggable Aktionariat AG,draggable-aktionariat-ag,draggable-aktionariat-agYLW.png,800000,"{""ethereum"":""0x6f38e0f1a73c96cb3f42598613ea3474f09cb200""}",18
bountymarketcap,BMC,BountyMarketCap,bountymarketcap,bountymarketcapk6V.png,100000000,"{""ethereum"":""0xd945d2031b4c63c0e363304fb771f709b502dc0a""}",18
bluefin,BLUE,Bluefin,bluefin,bluefini98.png,1000000000,"{""sui"":""0xe1b45a0e641b9955a20aa0ad1c1f4ad86aad8afb07296d4085e349a50e90bdca::blue::BLUE""}",18
bitkan,KAN,KAN,bitkan,BitKanEpWw6.png,10000000000,"{""ethereum"":""0x1410434b0346f5be678d0fb554e5c7ab620f8f4a""}",18
strata-senior-usdat,SRUSDAT,Strata Senior USDat,strata-senior-usdat,strata-senior-usdatMAx.png,5768941,"{""ethereum"":""0xfaa9a0e1db9e22ae3a20b2b58a68dc24d053d066""}",18
augur-2,REPV2_YES_1,AUGUR,augur-2,augur-2kiM.png,6545760,"{""ethereum"":""0xcf6a0a7826fa124b7705d6f3c675ead76f1e540d""}",18
wrapped-mantle,WMNT,Wrapped Mantle,wrapped-mantle,wrapped-mantleakv.png,9313529,"{""mantle"":""0x78c1b0c915c4faa5fffa6cabf0219da63d7f4cb8""}",18
keyboard-cat-base,KEYCAT,Keyboard Cat (Base),keyboard-cat-base,keyboard-cat-baseIdr.png,10000000000,"{""base"":""0x9a26f5433671751c3276a065f57e5a02d2817973""}",18
omega-any-to-any,SN21,SN21 AdTAO,omega-any-to-any,omega-any-to-anyoN6.png,5303468,"{""bittensor"":""21""}",18
0xb9972ca7188e511174947e3936a5315ac7073277_robinhood,PROLOGUE,Prologue,prologue,prologuegED.png,1000000000,"{""robinhood"":""0xb9972ca7188e511174947e3936a5315ac7073277""}",18
0x3cbd513239d9e5538a4caed8ed53ef77009df473_binance_smart,ALD,ALD,ald,0x3cbd513239d9e5538a4caed8ed53ef77009df473_binance_smartFPm.png,1000000000,"{""binance_smart"":""0x3cbd513239d9e5538a4caed8ed53ef77009df473""}",18
49jdQxUkKtuvorvnwWqDzUoYKEjfgroTzHkQqXG9YFMj_solana,SOSANA,SOSANA,sosana,sosanalfh.png,88888888,"{""solana"":""49jdQxUkKtuvorvnwWqDzUoYKEjfgroTzHkQqXG9YFMj""}",18
strategy-inc-var-rt-ser-a-perp-stretch-preferred-stk-rstock,RSTRC,Strategy PP Variable Tokenized Stock (Reality),strategy-inc-var-rt-ser-a-perp-stretch-preferred-stk-rstock,strategy-inc-var-rt-ser-a-perp-stretch-preferred-stk-rstockX2C.png,59641,"{""arbitrum-one"":""0x04586dc15d791a9bc918f7183f0f1a3d490773c3""}",18
33_bittensor,SN33,ReadyAI,readyai,readyaiOVy.png,4921464,"{""bittensor"":""33""}",18
polariscloud-ai,SN49,PolarisCloud.ai,polariscloud-ai,polariscloud-aiKdy.png,2198971,"{""bittensor"":""49""}",18
HBoNJ5v8g71s2boRivrHnfSB5MVPLDHHyVjruPfhGkvL_solana,PURPE,PURPLE PEPE,purple-pepe,purple-pepeBVY.png,420690000000,"{""solana"":""HBoNJ5v8g71s2boRivrHnfSB5MVPLDHHyVjruPfhGkvL""}",18
alphawin,AWIN,AlphaWin,alphawin,alphawinQzV.png,100000000,"{""binance_smart"":""0x46b30db2c2fdc8925c891aa377e9e6f3bc5fe4f5""}",18
steem-dollars,SBD,Steem Dollars,steem-dollars,steem-dollarsj4v.png,9801650,,
0x6a6a57d1e94eb586c5b505a1c81434bda3d6ed97_robinhood,BABY,BabyCashCat,babycashcat,babycashcatw9x.png,1000000000,"{""robinhood"":""0x6a6a57d1e94eb586c5b505a1c81434bda3d6ed97""}",18
splinterlands,SPS,Splintershards,splinterlands,splinterlands5Zt.png,1327940171,"{""ethereum"":""0x00813e3421e1367353bfe7615c7f7f133c89df74"",""binance_smart"":""0x1633b7157e7638c4d6593436111bf125ee74703f""}",18
illuminaticoin,NATI,IlluminatiCoin,illuminaticoin,illuminaticoinC4X.png,33000000000000,"{""ethereum"":""0x0b9ae6b1d4f0eeed904d1cef68b9bd47499f3fff""}",18
0x49fb8ad7578148e17c3ef0c344ce23a66ed372c4_ethereum,TAOBOT,tao.bot,tao-bot,tao-botVPK.png,100000000,"{""ethereum"":""0x49fb8ad7578148e17c3ef0c344ce23a66ed372c4""}",18
trust-3,TRUST,TRUST,trust-3,trust-3bGB.png,100000000000,"{""hedera-hashgraph"":""0x0000000000000000000000000000000000a1db33""}",18
xpla,CONX,CONX,xpla,xplakWI.png,1999879416,"{""osmosis"":""ibc/95C9B5870F95E21A242E6AF9ADCB1F212EE4A8855087226C36FBE43FC41A77B8""}",18
partisia-blockchain,MPC,Partisia Blockchain,partisia-blockchain,partisia-blockchainVXX.png,615282344,,
0x451b42a15100c340ca12f7c66de06fac5ea2d751_robinhood,BOW,Longbow,longbow-2,0x451b42a15100c340ca12f7c66de06fac5ea2d751_robinhoodjl9.png,1000000000,"{""robinhood"":""0x451b42a15100c340ca12f7c66de06fac5ea2d751""}",18
kcc-bridged-weth-kucoin-community-chain,WETH,KCC Bridged WETH (Kucoin Community Chain),kcc-bridged-weth-kucoin-community-chain,kcc-bridged-weth-kucoin-community-chainBAD.png,2202,"{""kucoin-community-chain"":""0xf55af137a98607f7ed2efefa4cd2dfe70e4253b1""}",18
vnx-gold,VNXAU,VNX Gold,vnx-gold,vnx-goldzXA.png,44000,"{""ethereum"":""0x6d57b2e05f26c26b549231c866bdd39779e4a488"",""polygon-pos"":""0xc8bb8eda94931ca2f20ef43ea7dbd58e68400400"",""solana"":""9TPL8droGJ7jThsq4momaoz6uhTcvX2SeMqipoPmNa8R"",""tezos"":""KT1LSH97386CURN9FgRNqdQJoHaHY6e1vxUv"",""base"":""0xac3fe22294beaed9d1fd752323a6d06d12ff3098"",""etherlink"":""0x93f5475da60143c50e8be3fed10c143b0cf8b9e9""}",18
0x70bfd7f7eadf9b9827541272589a6b2bb760ae2e_conflux,AXCNH,AxCNH,axcnh,axcnholh.png,39128446,"{""conflux"":""0x70bfd7f7eadf9b9827541272589a6b2bb760ae2e"",""ethereum"":""0x2925ac3be7d585874b88ea51ed50add376ad8239""}",18
0x431a3bee82e2ca41e49895cbece5bb0f76a89b7a_binance_smart,AAPLB,Apple (bStocks Tokenized Stock),apple-bstocks-tokenized-stock,0x431a3bee82e2ca41e49895cbece5bb0f76a89b7a_binance_smartw8M.png,17509,"{""binance_smart"":""0x431a3bee82e2ca41e49895cbece5bb0f76a89b7a""}",18
metahero,HERO,Metahero,metahero,metahero2uJ.png,9995009019,"{""binance_smart"":""0xd40bedb44c081d2935eeba6ef5a3c8a31a1bbe13""}",18
4MMQY9bwkxxTtsK3W227Q5ABT6yFY8Pmn9Ze7wmAXKY8_solana,ALLINU,ALLINU,allinu,allinudYK.png,992901850,"{""solana"":""4MMQY9bwkxxTtsK3W227Q5ABT6yFY8Pmn9Ze7wmAXKY8""}",18
0x594daad7d77592a2b97b725a7ad59d7e188b5bfa_ethereum,APU,Apu Apustaja,apu-s-club,apu-s-club3wn.png,337888804223,"{""ethereum"":""0x594daad7d77592a2b97b725a7ad59d7e188b5bfa"",""solana"":""26s3UGB9hund1qspApy1zYgCritxAooGg7o63BMn89Yq"",""hyperliquid"":""0xf20a5f3285ec49d45360fa28d95d6ba3"",""base"":""0xb9926b3fbc5873db0182016d55727d5ae89e5efd"",""arbitrum-one"":""0x1f53b7aa6f4b36b7dfdedb4bc4a14747a19cf7b1""}",18
pact-2,PACT,PACT,pact-2,pact-2Np6.png,224573114948,"{""aptos"":""0xc546cc2dd26d9e9a4516b4514288bedf1085259fcb106b84b6469337f527fb92"",""ethereum"":""0x9102a20f4ad56026eeffa8e121b14a9f7575f43f"",""celo"":""0x2b9018ceb303d540bbf08de8e7de64fddd63396c""}",18
orbit-bridge-klaytn-wrapped-btc,OWBTC,Orbit Bridge Klaytn Wrapped BTC,orbit-bridge-klaytn-wrapped-btc,orbit-bridge-klaytn-wrapped-btcR0y.png,281.4709,"{""klay-token"":""0x16d0e1fbd024c600ca0380a4c5d57ee7a2ecbf9c""}",18
hydranet,HDN,Hydranet,hydranet,hydraneto4L.png,300000000,"{""arbitrum-one"":""0xb0f66bdb39acbb043308eb9dbe78f5bb47ea5430""}",18
unichain-bridged-weth-unichain,WETH,Unichain Bridged WETH (Unichain),unichain-bridged-weth-unichain,unichain-bridged-weth-unichainikI.png,2148,"{""unichain"":""0x4200000000000000000000000000000000000006""}",18
resistance-dog,REDO,Resistance Dog,resistance-dog,resistance-dogSIJ.png,100000000,"{""the-open-network"":""EQBZ_cafPyDr5KUTs0aNxh0ZTDhkpEZONmLJA2SNGlLm4Cko""}",18
0x311935cd80b76769bf2ecc9d8ab7635b2139cf82_base,SOL,Base Bridged SOL (Base),base-bridged-sol-base,0x311935cd80b76769bf2ecc9d8ab7635b2139cf82_baseg9z.png,47776,"{""base"":""0x311935cd80b76769bf2ecc9d8ab7635b2139cf82""}",18
ease-staked-nxm,STNXM,Ease Staked NXM,ease-staked-nxm,ease-staked-nxmt4A.png,112287,"{""ethereum"":""0x5b423e07dfba087d72840851f63a51cbe1967cda""}",18
beefy-finance,BIFI,Beefy,beefy-finance,beefy-financemth.png,80000,"{""binance_smart"":""0xca3f508b8e4dd382ee878a314789373d80a5190a"",""huobi-token"":""0x765277eebeca2e31912c9946eae1021199b39c61"",""avalanche"":""0xd6070ae98b8069de6b494332d1a1a81b6179d960"",""fantom"":""0xd6070ae98b8069de6b494332d1a1a81b6179d960"",""polygon-pos"":""0xfbdd194376de19a88118e84e279b977f165d01b8"",""harmony-shard-0"":""0x6ab6d61428fde76768d7b45d8bfeec19c6ef91a8"",""arbitrum-one"":""0x99c409e5f62e4bd2ac142f17cafb6810b8f0baae"",""celo"":""0x639a647fbe20b6c8ac19e48e2de44ea792c62c5c"",""moonriver"":""0x173fd7434b8b50df08e3298f173487ebdb35fd14"",""cronos"":""0xe6801928061cdbe32ac5ad0634427e140efd05f9"",""metis-andromeda"":""0xe6801928061cdbe32ac5ad0634427e140efd05f9"",""fuse"":""0x2bf9b864cdc97b08b6d79ad4663e71b8ab65c45c"",""aurora"":""0x218c3c3d49d0e7b37aff0d8bb079de36ae61a4c0"",""ethereum"":""0xb1f1ee126e9c96231cc3d3fad7c08b4cf873b1f1""}",18
DAWSx42bkWESmss99qtQdrBggRKCaB5bFVt3q2vcPzVo_solana,DAWS,Digital American Water Supply,digital-american-water-supply,digital-american-water-supplyrLe.png,376466663,"{""solana"":""DAWSx42bkWESmss99qtQdrBggRKCaB5bFVt3q2vcPzVo""}",18
astherus-staked-usdf,ASUSDF,Aster Staked USDF,astherus-staked-usdf,astherus-staked-usdfwaG.png,5591538,"{""binance_smart"":""0x917af46b3c3c6e1bb7286b9f59637fb7c65851fb""}",18
santiment,SAN,Santiment Network,santiment,santiment-network-tokenqsd.png,83337000,"{""ethereum"":""0x7c5a0ce9267ed19b22f8cae653f198e3e8daf098""}",18
71_bittensor,SN71,Leadpoet,kora,koraiav.png,4919935,"{""bittensor"":""71""}",18
9se6kma7LeGcQWyRBNcYzyxZPE3r9t9qWZ8SnjnN3jJ7_solana,LUNA,Luna by Virtuals,luna-by-virtuals,9se6kma7LeGcQWyRBNcYzyxZPE3r9t9qWZ8SnjnN3jJ7_solanaQ4M.png,1000000000,"{""solana"":""9se6kma7LeGcQWyRBNcYzyxZPE3r9t9qWZ8SnjnN3jJ7"",""base"":""0x55cd6469f597452b5a7536e2cd98fde4c1247ee4""}",18
iron-fish,IRON,Iron Fish,iron-fish,iron-fishZXj.png,76309122,,
0xeab49138ba2ea6dd776220fe26b7b8e446638956_base,SEND,Send,send-token-2,send-token-2gDh.png,976001663,"{""base"":""0xeab49138ba2ea6dd776220fe26b7b8e446638956""}",18
dinero-staked-eth,PXETH,Dinero Staked ETH,dinero-staked-eth,dinero-staked-etht7S.png,2151,"{""ethereum"":""0x04c154b66cb340f3ae24111cc767e0184ed00cc6""}",18
ika,IKA,Ika,ika,ikaIaW.png,10000000000,"{""sui"":""0x7262fb2f7a3a14c888c438a3cd9b912469a58cf60f367352c46584262e8299aa::ika::IKA""}",18
pepefork,PORK,PepeFork,pepefork,pepeforku3d.png,420690000000000,"{""ethereum"":""0xb9f599ce614feb2e1bbe58f180f370d05b39344e""}",18
proshares-ultrapro-qqq-ondo-tokenized,TQQQON,ProShares UltraPro QQQ (Ondo Tokenized),proshares-ultrapro-qqq-ondo-tokenized,proshares-ultrapro-qqq-ondo-tokenized0z3.png,70196,"{""ethereum"":""0xa45cd7ac9865b9539166ebaf2abc362df4736580"",""binance_smart"":""0xe42cfb20e00912409b77a602b5bdcff3c7acc5f4"",""solana"":""14W1itEkV7k1W819mLSknFTaMmkCtPokbF2tRkPUondo""}",18
circle-internet-group-robinhood-tokenized-stock,CRCL,Circle Internet Group • Robinhood Token,circle-internet-group-robinhood-tokenized-stock,circle-internet-group-robinhood-tokenized-stockTHT.png,69041,"{""robinhood"":""0xdf0992e440dd0be65bd8439b609d6d4366bf1cb5""}",18
cosanta,COSA,Cosanta,cosanta,cosantapYM.png,3204457,"{""binance_smart"":""0x5f980533b994c93631a639deda7892fc49995839""}",18
0x8143182a775c54578c8b7b3ef77982498866945d_ethereum,QUIL,Wrapped QUIL,wrapped-quil,wrapped-quilnZw.png,902285400,"{""ethereum"":""0x8143182a775c54578c8b7b3ef77982498866945d""}",18
everlyn,LYN,Everlyn,everlyn,everlynpTb.png,1000000000,"{""binance_smart"":""0x302dfaf2cdbe51a18d97186a7384e87cf599877d""}",18
handshake,HNS,Handshake,handshake,1584716158373.png,679773307,,
Fh7mLxtPAysdvHcMcJ37A3vc6WvBVh7JVDwxmwk6pump_solana,GBACK,GIVEBACK,giveback,givebackNw5.png,999899452,"{""solana"":""Fh7mLxtPAysdvHcMcJ37A3vc6WvBVh7JVDwxmwk6pump""}",18
mitosis-eol-bnb,MIBNB,Mitosis EOL BNB,mitosis-eol-bnb,mitosis-eol-bnb2eV.png,1386,"{""binance_smart"":""0xa5deb178c729e058018db8bd68a9ffb8418df42d""}",18
divo,DVO,Divo,divo,divoFTQ.png,6000000000,"{""polygon-pos"":""0x8708cceb45b218e93a4d2cfc95eb8250ab13fa9d""}",18
bridged-usd-coin-base,USDBC,Bridged USDC (Base),bridged-usd-coin-base,bridged-usd-coin-basevoQ.png,5667868,"{""base"":""0xd9aaec86b65d86f6a7b5b1b0c42ffa531710b6ca""}",18
kryll,KRL,KRYLL,kryll,KRYLLKqEui.png,49417348,"{""ethereum"":""0x464ebe77c293e473b48cfe96ddcf88fcf7bfdac0"",""base"":""0xdae49c25fad3a62a8e8bfb6da12c46be611f9f7a"",""arbitrum-one"":""0xf75ee6d319741057a82a88eeff1dbafab7307b69"",""optimistic-ethereum"":""0x2ed6222cb75e353b8789bec7bb443b7ec9022021""}",18
parcl,PRCL,Parcl,parcl,parclI2b.png,999994911,"{""solana"":""4LLbsb5ReP3yEtYzmXewyGjcir5uXtKFURtaEUVC2AHs""}",18
thala-apt,THAPT,Thala APT,thala-apt,thala-aptk6K.png,7075140,"{""aptos"":""0xfaf4e633ae9eb31366c9ca24214231760926576c7b625313b3688b5e900731f6::staking::ThalaAPT""}",18
0x26e550ac11b26f78a04489d5f20f24e3559f7dd9_ethereum,KEKIUS,Kekius Maximus,kekius-maximus,0x26e550ac11b26f78a04489d5f20f24e3559f7dd9_ethereumhZq.png,1000000000,"{""ethereum"":""0x26e550ac11b26f78a04489d5f20f24e3559f7dd9""}",18
104_bittensor,SN104,Masx.ai,masx-ai,masx-aiv2N.png,4393510,"{""bittensor"":""104""}",18
yieldnest-rwa-max,YNRWAX,YieldNest RWA MAX,yieldnest-rwa-max,yieldnest-rwa-maxRJy.png,8485882,"{""ethereum"":""0x01ba69727e2860b37bc1a2bd56999c1afb4c15d8""}",18
spiko-digital-assets-cash-carry-fund,SPKCC,Spiko Digital Assets Cash & Carry Fund,spiko-digital-assets-cash-carry-fund,spiko-digital-assets-cash-carry-fundcEv.png,5465825,"{""ethereum"":""0x4f33acf823e6eeb697180d553ce0c710124c8d59"",""polygon-pos"":""0x903d5990119bc799423e9c25c56518ba7dd19474"",""arbitrum-one"":""0x99f70a0e1786402a6796c6b0aa997ef340a5c6da"",""base"":""0xf695df6c0f3bb45918a7a82e83348fc59517734e"",""starknet"":""0x04bade88e79a6120f893d64e51006ac6853eceeefa1a50868d19601b1f0a567d""}",18
nero-chain,NERO,NERO Chain,nero-chain,nero-chaintcy.png,10000000000,,
oneoneone,SN111,Oneoneone,oneoneone,oneoneoneaMJ.png,4179390,"{""bittensor"":""111""}",18
8xzoj8mVmXtBQm6d2euJGFPvQ2QsTV5R8cdexi2qpump_solana,MOE,MOE,moe-4,8xzoj8mVmXtBQm6d2euJGFPvQ2QsTV5R8cdexi2qpump_solanazXL.png,948797179,"{""solana"":""8xzoj8mVmXtBQm6d2euJGFPvQ2QsTV5R8cdexi2qpump""}",18
0xb8d7710f7d8349a506b75dd184f05777c82dad0c_avalanche,ARENA,The Arena,the-arena,the-arenaFfP.png,9996125385,"{""avalanche"":""0xb8d7710f7d8349a506b75dd184f05777c82dad0c"",""robinhood"":""0x50832d74a7160e2f7d361f5e678e107d228b9aa6""}",18
0xf4c5015bbeaa89cb6c60b0ecafea05351533f4cd_robinhood,PORKU,HoodPork,hoodpork,hoodporkNe4.png,1000000000,"{""robinhood"":""0xf4c5015bbeaa89cb6c60b0ecafea05351533f4cd""}",18
mind-network,FHE,Mind Network,mind-network,mind-networkILp.png,1000000000,"{""ethereum"":""0xd55c9fb62e176a8eb6968f32958fefdd0962727e"",""binance_smart"":""0xd55c9fb62e176a8eb6968f32958fefdd0962727e""}",18
earthmeta-2,EMT,EarthMeta,earthmeta-2,earthmeta-2sR2.png,2100000000,"{""ethereum"":""0xeb7a9ad524ca0bcad732e971339990d112c2002c""}",18
polytrade,TRADE,Polytrade,polytrade,polytradeOyb.png,100000000,"{""ethereum"":""0x6e5970dbd6fc7eb1f29c6d2edf2bc4c36124c0c1"",""polygon-pos"":""0x692ac1e363ae34b6b489148152b12e2785a3d8d6"",""binance_smart"":""0xb75ba7ef520a5bd0a5d01108060be269642c4601"",""arbitrum-one"":""0xe22c452bd2ade15dfc8ad98286bc6bdf0c9219b7"",""base"":""0x72e1868f8eb8f9fb86455c10e72aa4b24774a5a3""}",18
4nV5gNwwP68zUDat26ySChREqVaQaLudfJBkSgEzpump_solana,BOBO,Bobo,bobo-coin-2,bobo-coin-2z3d.png,999992780,"{""solana"":""4nV5gNwwP68zUDat26ySChREqVaQaLudfJBkSgEzpump""}",18
8XtRWb4uAAJFMP4QQhoYYCWR6XXb7ybcCdiqPwz9s5WS_solana,ALON,Alon,alon,8XtRWb4uAAJFMP4QQhoYYCWR6XXb7ybcCdiqPwz9s5WS_solanagvE.png,989132736,"{""solana"":""8XtRWb4uAAJFMP4QQhoYYCWR6XXb7ybcCdiqPwz9s5WS""}",18
wisdomtree-floating-rate-treasury-fund-dinari-tokenized-etf,USFR,WisdomTree Floating Rate Treasury Fund (Dinari Tokenized ETF),wisdomtree-floating-rate-treasury-fund-dinari-tokenized-etf,wisdomtree-floating-rate-treasury-fund-dinari-tokenized-etfhcq.png,109707,"{""ethereum"":""0xaeb0a5d56de94479cda178977570fd9079500527"",""base"":""0x9f6e2ea64d90f586779ef859ffce18c8fa2fa4f4"",""arbitrum-one"":""0x9c46e1b70d447b770dbfc8d450543a431af6df3a"",""avalanche"":""0x549d49baf4c6f4437826e4e472c9dfab5e5cf58e""}",18
50484E4958000000000000000000000000000000.rDFXbW2ZZCG5WgPtqwNiA2xZokLMm9ivmN_xrp,PHNIX,PHNIX,phnix,50484E4958000000000000000000000000000000.rDFXbW2ZZCG5WgPtqwNiA2xZokLMm9ivmN_xrpFsa.png,589000000000,"{""xrp"":""50484E4958000000000000000000000000000000.rDFXbW2ZZCG5WgPtqwNiA2xZokLMm9ivmN""}",18
open-loot,OL,OPENLOOT,open-loot,open-lootv3d.png,5000000000,"{""ethereum"":""0x1f57da732a77636d913c9a75d685b26cc85dcc3a"",""binance_smart"":""0x3f160760535eb715d5809a26cf55408a2d9844c1""}",18
limitless-3,LMTS,Limitless,limitless-3,limitless-3pfe.png,1000000000,"{""base"":""0x9eadbe35f3ee3bf3e28180070c429298a1b02f93"",""hyperliquid"":""0x9534f3826032b8e9236893f7447cfd3a"",""hyperevm"":""0x588efaeea621b2fb8f2612fdb0ed7528d579c1fe""}",18
0x6d96f18f00b815b2109a3766e79f6a7ad7785624_base,PATIENCE,Patience Token,patience-token,0x6d96f18f00b815b2109a3766e79f6a7ad7785624_basexkj.png,7777777,"{""base"":""0x6d96f18f00b815b2109a3766e79f6a7ad7785624""}",18
layer3,L3,Layer3,layer3,layer3Nsy.png,3333333333,"{""ethereum"":""0x88909d489678dd17aa6d9609f89b0419bf78fd9a"",""solana"":""5k84VjAKoGPXa7ias1BNgKUrX7e61eMPWhZDqsiD4Bpe"",""base"":""0x46777c76dbbe40fabb2aab99e33ce20058e76c59"",""binance_smart"":""0x46777c76dbbe40fabb2aab99e33ce20058e76c59"",""arbitrum-one"":""0x46777c76dbbe40fabb2aab99e33ce20058e76c59"",""optimistic-ethereum"":""0x46777c76dbbe40fabb2aab99e33ce20058e76c59"",""polygon-pos"":""0x46777c76dbbe40fabb2aab99e33ce20058e76c59""}",18
fxn-token,FXN,f(x) Protocol,fxn-token,fxn-tokene64.png,1233959,"{""ethereum"":""0x365accfca291e7d3914637abf1f7635db165bb09""}",18
fakenews,SN66,FakeNews,fakenews,fakenewsXOz.png,5093770,"{""bittensor"":""66""}",18
mahina-token,MHNA,Mahina Token,mahina-token,mahina-tokenuBM.png,10000000000,"{""binance_smart"":""0xa7536d3c8b307f9c208ec84b54af0e38a4839a5e""}",18
steth-arm-lp-token,ARM-WETH-STETH,stETH ARM LP Token,steth-arm-lp-token,steth-arm-lp-tokenJOC.png,1852,"{""ethereum"":""0x85b78aca6deae198fbf201c82daf6ca21942acc6""}",18
micron-technology-backpack-securities,MU,Micron Technology (Backpack Securities),micron-technology-backpack-securities,micron-technology-backpack-securities6Fz.png,5096,"{""solana"":""MUxEsUKSMACyw5fZf68wxf5FLnZVhtU9CwH8uNNGay1""}",18
rainbow-bridged-frax-near-protocol,FRAX,Rainbow Bridged Frax (Near Protocol),rainbow-bridged-frax-near-protocol,rainbow-bridged-frax-near-protocol7q7.png,5486435,"{""near-protocol"":""853d955acef822db058eb8505911ed77f175b99e.factory.bridge.near""}",18
thetadrop,TDROP,ThetaDrop,thetadrop,thetadropziu.png,11050797860,"{""theta"":""0x1336739b05c7ab8a526d40dcc0d04a826b5f8b03""}",18
sperax,SPA,Sperax,sperax,speraxNa4.png,4954869111,"{""ethereum"":""0xb4a3b0faf0ab53df58001804dda5bfc6a3d59008"",""arbitrum-one"":""0x5575552988a3a80504bbaeb1311674fcfd40ad4b"",""binance_smart"":""0x1a9fd6ec3144da3dd6ea13ec1c25c58423a379b1""}",18
0x3722264ab15a1dfce5a5af89e6547f7949a8aba3_base,LFI,LienFi,lienfi,0x3722264ab15a1dfce5a5af89e6547f7949a8aba3_basem7Y.png,99999999998,"{""base"":""0x3722264ab15a1dfce5a5af89e6547f7949a8aba3""}",18
42cXQvAAr7hcPBPWAS4ocVtDyeJ4Fa6gRR2uG4gppump_solana,TBB,The Bitcoin Bull,the-bitcoin-bull,the-bitcoin-bull0sp.png,999998836,"{""solana"":""42cXQvAAr7hcPBPWAS4ocVtDyeJ4Fa6gRR2uG4gppump""}",18
broadcom-ondo-tokenized-stock,AVGOON,Broadcom (Ondo Tokenized Stock),broadcom-ondo-tokenized-stock,broadcom-ondo-tokenized-stockZjD.png,14930,"{""ethereum"":""0x0d54d4279b9e8c54cd8547c2c75a8ee81a0bcae8"",""binance_smart"":""0x0ed2e3180edf393e6bf8db124bd15ddd54de150a"",""solana"":""1FWZtdWN7y38BSXGzbs8D6Shk88oL9atDNgbVz9ondo""}",18
ishares-russell-2000-value-etf-ondo-tokenized-etf,IWNON,iShares Russell 2000 Value ETF (Ondo Tokenized ETF),ishares-russell-2000-value-etf-ondo-tokenized-etf,ishares-russell-2000-value-etf-ondo-tokenized-etfZWo.png,24710,"{""ethereum"":""0x9dcf7f739b8c0270e2fc0cc8d0dabe355a150dba"",""binance_smart"":""0xf54b94ea21e1da5d51ef00fd4502225e5394f874"",""solana"":""DX7g7WNjDpVzNK9CG81v7wb6ZbiNzYfkdzH2Xs5ondo""}",18
juventus-fan-token,JUV,Juventus Fan Token,juventus-fan-token,juventus-fan-tokenqk0.png,19956000,"{""chiliz"":""0xeaf368dadc22524def47e8a1c26bfc17ac16e6f5"",""solana"":""HE6bLNs16qgQo2jVSMXDSCnxQahjdVrww7qQPrHrZtEw"",""base"":""0x68504b889978f8f2a7ff0e29cdd8830856e4dcba""}",18
apple-robinhood-tokenized-stock,AAPL,Apple • Robinhood Token,apple-robinhood-tokenized-stock,apple-robinhood-tokenized-stockkJ5.png,15994,"{""robinhood"":""0xaf3d76f1834a1d425780943c99ea8a608f8a93f9""}",18
robinhood-bstocks-tokenized-stock,HOODB,Robinhood (bStocks Tokenized Stock),robinhood-bstocks-tokenized-stock,robinhood-bstocks-tokenized-stockwQR.png,47070,"{""binance_smart"":""0xa394dcea3fd3847fd793afbfd163e2e3858b7c65""}",18
neural3d,SN46,Instant Inference,neural3d,neural3d9nB.png,4889256,"{""bittensor"":""46""}",18
0xb5761f36fdfe2892f1b54bc8ee8babb2a1b698d3_binance_smart,RICE,Rice AI,rice-ai,rice-aimWp.png,1000000000,"{""binance_smart"":""0xb5761f36fdfe2892f1b54bc8ee8babb2a1b698d3"",""peaq"":""0x1190fb50226b54958e284bd674eff346936af885""}",18
0x2247b5a46bb79421a314ab0f0b67ffd11dd37ee4_etherlink,MBASIS,Midas mBASIS,midas-basis-trading-token,midas-basis-trading-tokenVP8.png,4358255,"{""etherlink"":""0x2247b5a46bb79421a314ab0f0b67ffd11dd37ee4"",""ethereum"":""0x2a8c22e3b10036f3aef5875d04f8441d4188b656"",""base"":""0x1c2757c1fef1038428b5bef062495ce94bbe92b2"",""plume-network"":""0x0c78ca789e826fe339de61934896f5d170b66d78""}",18
ready,READY,Ready Cards,ready,readyVtl.png,999991023,"{""solana"":""HKJHsYJHMVK5VRyHHk5GhvzY9tBAAtPvDkZfDH6RLDTd""}",18
cf-large-cap-index,LCAP,CF Large Cap Index,cf-large-cap-index,cf-large-cap-indexeXh.png,714582,"{""base"":""0x4da9a0f397db1397902070f93a4d6ddbc0e0e6e8"",""ink"":""0xe8245188db1efc91aef32e7aa4cf346b9a5830cf""}",18
nkn,NKN,NKN,nkn,NKNspMB5.png,805677049,"{""ethereum"":""0x5cf04716ba20127f1e2297addcf4b5035000c9eb""}",18
dextf,DEXTF,Memento,dextf,dextfVVx.png,100000000,"{""ethereum"":""0x5f64ab1544d28732f0a24f4713c2c8ec0da089f0"",""avalanche"":""0x03e8d118a1864c7dc53bf91e007ab7d91f5a06fa"",""zksync"":""0x9929bcac4417a21d7e6fc86f6dae1cc7f27a2e41"",""base"":""0xb69bbb15095c0949489fbb43951d2b750fa7fa89""}",18
bitcoin-usd-btcfi,BTCUSD,Bitcoin USD (BTCFi),bitcoin-usd-btcfi,bitcoin-usd-btcfiUnG.png,8507197,"{""bifrost-network"":""0x6906ccda405926fc3f04240187dd4fad5df6d555"",""base"":""0xe4b20925d9e9a62f1e492e15a81dc0de62804dd4""}",18
robinhood-markets-ondo-tokenized-stock,HOODON,Robinhood Markets (Ondo Tokenized Stock),robinhood-markets-ondo-tokenized-stock,robinhood-markets-ondo-tokenized-stockj8U.png,46344,"{""ethereum"":""0x998f02a9e343ef6e3e6f28700d5a20f839fd74e6"",""binance_smart"":""0x19601179a60f55ff6636f5d1a8b6671053bd60a8"",""solana"":""BVdXGvmgi6A9oAiwWvBvP76fyTqcCNRJMM7zMN6ondo"",""hyperevm"":""0xf1df92ac8e22763a16bf4bd9a966eebcd70fa5a3""}",18
altdeer,ALT,ALTDeer,altdeer,altdeeryDX.png,521000000,"{""binance_smart"":""0x2eb0d0586454f6d4b1bc00e9e79bf8aa2233c258""}",18
bluzelle,BLZ,Bluzelle,bluzelle,BluzelleT7gGr.png,500000000,"{""ethereum"":""0x5732046a883704404f284ce41ffadd5b007fd668"",""binance_smart"":""0x935a544bf5816e3a7c13db2efe3009ffda0acda2"",""energi"":""0x3fa2c976654a6ba6dcb1e532a4b1e31fd4dcd3b9"",""osmosis"":""ibc/63CDD51098FD99E04E5F5610A3882CBE7614C441607BA6FCD7F3A3C1CD5325F8""}",18
harvest-finance,FARM,Harvest Finance,harvest-finance,harvest-financer2B.png,690420,"{""ethereum"":""0xa0246c9032bc3a600820415ae600c6388619a14d"",""binance_smart"":""0x4b5c23cac08a567ecf0c1ffca8372a45a5d33743"",""energi"":""0xc59a4b20ea0f8a7e6e216e7f1b070247520a4514""}",18
altura,ALU,Altura,altura,1702990307270.png,1319920866,"{""binance_smart"":""0x8263cd1601fe73c066bf49cc09841f35348e3be0"",""base"":""0x91ad1b44913cd1b8241a4ff1e2eaa198da6bf4c9""}",18
0x3ad7dacb4573de5b01bf720cb4a86b296f05abb4_binance_smart,GD,Golden Dragon,golden-dragon,0x3ad7dacb4573de5b01bf720cb4a86b296f05abb4_binance_smartGLI.png,1369000000,"{""binance_smart"":""0x3ad7dacb4573de5b01bf720cb4a86b296f05abb4""}",18
alexgo,ALEX,ALEX Lab,alexgo,alexgout5.png,1000000000,"{""ethereum"":""0xa831a4e181f25d3b35949e582ff27cc44e703f37"",""stacks"":""SP102V8P0F7JX67ARQ77WEA3D3CFB5XW39REDT0AM.token-alex"",""mode"":""0xdfd0660032c2d0d38a9092a43d1669d6568caf71""}",18
quantoz-eurq,EURQ,Quantoz EURQ,quantoz-eurq,quantoz-eurqEbC.png,6000000,"{""ethereum"":""0x8df723295214ea6f21026eeeb4382d475f146f9f"",""xrp"":""EURQ.rDk1xiArDMjDqnrR2yWypwQAKg4mKnQYvs"",""polygon-pos"":""0xd571edb2ef29df10fcd6200fd6d0ed2389983db3"",""algorand"":""2768422954""}",18
usp-yield-optimized-stablecoin,USP,USP Yield Optimized Stablecoin,usp-yield-optimized-stablecoin,usp-yield-optimized-stablecoineww.png,4579478,"{""ethereum"":""0x098697ba3fee4ea76294c5d6a466a4e3b3e95fe6""}",18
goldzip-gold,XGZ,GoldZip Gold,goldzip-gold,goldzip-goldLcu.png,39000,"{""ethereum"":""0x69af64f409c08e9076bf7f3ed9db3a7409717161""}",18
0xaa242a47f4cc074e59cbc7d65309b1f21202aaa3_binance_smart,BTX,Beatswap,beatswap,beatswapZUi.png,1500000000,"{""binance_smart"":""0xaa242a47f4cc074e59cbc7d65309b1f21202aaa3""}",18
elevatefi,EFI,ElevateFi,elevatefi,elevatefiWV6.png,999999,"{""polygon-pos"":""0xae840deab9916d80fadf42e218119a6051468169""}",18
0xdee52f2ab639b6942b0d0f0565400b93b7a0fbe5_robinhood,HARMONIC,Harmonic Agent,harmonic-agent,harmonic-agent9hF.png,824418119,"{""robinhood"":""0xdee52f2ab639b6942b0d0f0565400b93b7a0fbe5""}",18
CTPoyCwkjMvoJwU4xvZZqoD8tiYk6yDchySiN5gGpump_solana,FONE,apeonfone,apeonfone,apeonfone75E.png,990115461,"{""solana"":""CTPoyCwkjMvoJwU4xvZZqoD8tiYk6yDchySiN5gGpump""}",18
30_bittensor,SN30,Bettensor,bettensor,bettensorOy0.png,5227142,"{""bittensor"":""30""}",18
32_bittensor,SN32,ItsAI,itsai,itsaiMKl.png,6147599,"{""bittensor"":""32""}",18
fc-porto,PORTO,FC Porto,fc-porto,fc-porto4BW.png,40000000,"{""binance_smart"":""0x49f2145d6366099e13b10fbf80646c0f377ee7f6""}",18
flow-bridged-pyusd-flow,USDF,Flow Bridged PYUSD (Flow),flow-bridged-pyusd-flow,flow-bridged-pyusd-flowpK4.png,5162714,"{""flow-evm"":""0x2aabea2058b5ac2d339b163c6ab6f2b6d53aabed""}",18
afreum,AFR,Afreum,afreum,afreumETj.png,7997338206,"{""stellar"":""AFR-GBX6YI45VU7WNAAKA3RBFDR3I3UKNFHTJPQ5F6KOOKSGYIAM4TRQN54W""}",18
wolfsafepoorpeople,WSPP,WolfSafePoorPeople,wolfsafepoorpeople,wolfsafepoorpeoplemu9.png,0,"{""binance_smart"":""0x46d502fac9aea7c5bc7b13c8ec9d02378c33d36f""}",18
0x97ad75064b20fb2b2447fed4fa953bf7f007a706_ethereum,BERASTONE,StakeStone Berachain Vault Token,stakestone-berachain-vault-token,stakestone-berachain-vault-tokenMHI.png,1906,"{""ethereum"":""0x97ad75064b20fb2b2447fed4fa953bf7f007a706""}",18
forest-road-usdfr,USDFR,Forest Road USDfr,forest-road-usdfr,forest-road-usdfriFF.png,5142566,"{""ethereum"":""0xcc07e7c4e5e35affd47b351e420a22c667d7f83d""}",18
solcasino-token,SCS,Solcasino Token,solcasino-token,solcasino-tokenl93.png,3068972636,"{""solana"":""SCSuPPNUSypLBsV4darsrYNg4ANPgaGhKhsA3GmMyjz""}",18
sandisk-rstock,RSNDK,SanDisk Tokenized Stock (Reality),sandisk-rstock,sandisk-rstockuFD.png,2993,"{""arbitrum-one"":""0xc78c5a7be0e8d72cdda205e53d1147aaacf5a075"",""morph-l2"":""0xf5634d07bfcd83152164629679076ec413a25688""}",18
0xf280b16ef293d8e534e370794ef26bf312694126_ethereum,ASTEROID,Asteroid Shiba,asteroid-shiba,0xf280b16ef293d8e534e370794ef26bf312694126_ethereumDU0.png,420690000000,"{""ethereum"":""0xf280b16ef293d8e534e370794ef26bf312694126""}",18
renbtc,RENBTC,renBTC,renbtc,renbtcX9x.png,302.0262,"{""ethereum"":""0xeb4c2781e4eba804ce9a9803c67d0893436bb27d"",""binance_smart"":""0xfce146bf3146100cfe5db4129cf6c82b0ef4ad8c"",""polygon-pos"":""0xdbf31df14b66535af65aac99c32e9ea844e14501"",""harmony-shard-0"":""0x41ca97b94d5dee79195856034d196ddfa0d43edd"",""sora"":""0x00438aac3a91cc6cee0c8d2f14e4bf7ec4512ca708b180cc0fda47b0eb1ad538""}",18
MukLDtJ8Cx9DxLbeyLRSWPSposTMWuwHANbuaudpump_solana,OTC,OTC,otc,otcNmS.png,676388825,"{""solana"":""MukLDtJ8Cx9DxLbeyLRSWPSposTMWuwHANbuaudpump""}",18
novatti-australian-digital-dollar,AUDD,Australian Digital Dollar,novatti-australian-digital-dollar,novatti-australian-digital-dollarrbg.png,7293360,"{""ethereum"":""0x4cce605ed955295432958d8951d0b176c10720d5"",""stellar"":""AUDD-GDC7X2MXTYSAKUUGAIQ7J7RPEIM7GXSAIWFYWWH4GLNFECQVJJLB2EEU"",""xrp"":""4155444400000000000000000000000000000000.rUN5Zxt3K1AnMRJgEWywDJT8QDMMeLH5ok"",""base"":""0x449b3317a6d1efb1bc3ba0700c9eaa4ffff4ae65"",""hedera-hashgraph"":""0x39ceba2b467fa987546000eb5d1373acf1f3a2e1"",""solana"":""AUDDttiEpCydTm7joUMbYddm72jAWXZnCpPZtDoxqBSw"",""xdc-network"":""0x9fe4e6321eeb7c4bc537570f015e4734b15002b8"",""redbelly-network"":""0x54a210e824b0f89da988e4b5586440ab354f0e46""}",18
vebetterdao,B3TR,VeBetterDAO,vebetterdao,vebetterdaoYQ5.png,467092269,"{""vechain"":""0x5ef79995fe8a89e0812330e4378eb2660cede699""}",18
wen-4,WEN,Wen,wen-4,1712557902954.png,727560456574,"{""solana"":""WENWENvqqNya429ubCdR81ZmD69brwQaaBYY6p3LCpk""}",18
staked-usd-coin,SUSD,Staked USD Coin,staked-usd-coin,staked-usd-coin8sM.png,7337982,"{""binance_smart"":""0xbe1922750760c4cae69edb6fe79a22ae9b62a23d""}",18
tokemak-2,AUTO,Auto Finance,tokemak-2,tokemak-2qns.png,100000000,"{""ethereum"":""0x1ec8eaa3f68261e793c48486b12092336a03c479""}",18
0x79bbf4508b1391af3a0f4b30bb5fc4aa9ab0e07c_base,ANON,Hey Anon,heyanon,0x79bbf4508b1391af3a0f4b30bb5fc4aa9ab0e07c_base1bz.png,20961084,"{""base"":""0x79bbf4508b1391af3a0f4b30bb5fc4aa9ab0e07c"",""sonic"":""0x79bbf4508b1391af3a0f4b30bb5fc4aa9ab0e07c"",""arbitrum-one"":""0x79bbf4508b1391af3a0f4b30bb5fc4aa9ab0e07c"",""iota-evm"":""0x79bbf4508b1391af3a0f4b30bb5fc4aa9ab0e07c"",""metis-andromeda"":""0x79bbf4508b1391af3a0f4b30bb5fc4aa9ab0e07c"",""ethereum"":""0x79bbf4508b1391af3a0f4b30bb5fc4aa9ab0e07c"",""kava"":""0x79bbf4508b1391af3a0f4b30bb5fc4aa9ab0e07c"",""solana"":""9McvH6w97oewLmPxqQEoHUAv3u5iYMyQ9AeZZhguYf1T"",""binance_smart"":""0x79bbf4508b1391af3a0f4b30bb5fc4aa9ab0e07c"",""avalanche"":""0x79bbf4508b1391af3a0f4b30bb5fc4aa9ab0e07c"",""hyperevm"":""0x79bbf4508b1391af3a0f4b30bb5fc4aa9ab0e07c"",""hyperliquid"":""0x5b56ac883c628df1fe24d463b3ac82ac"",""robinhood"":""0x79bbf4508b1391af3a0f4b30bb5fc4aa9ab0e07c""}",18
0x1c4cca7c5db003824208adda61bd749e55f463a3_base,GAME,GAME by Virtuals,game-by-virtuals,game-by-virtualsLZ2.png,1000000000,"{""base"":""0x1c4cca7c5db003824208adda61bd749e55f463a3""}",18
doginme,DOGINME,doginme,doginme,doginmec6r.png,67618060484,"{""base"":""0x6921b130d297cc43754afba22e5eac0fbf8db75b""}",18
spacex-prestocks-2,SPACEX,SpaceX PreStocks,spacex-prestocks-2,spacex-prestocks-2yKf.png,8742,"{""solana"":""PreANxuXjsy2pvisWWMNB6YaJNzr7681wJJr2rHsfTh""}",18
cumulus-encrypted-storage-system,CESS,CESS Network,cumulus-encrypted-storage-system,cumulus-encrypted-storage-systemAgV.png,10000000000,"{""binance_smart"":""0x0c78d4605c2972e5f989de9019de1fb00c5d3462""}",18
frankencoin-shares,FCS,Frankencoin Shares,frankencoin-shares,frankencoin-sharesXbH.png,3281,"{""ethereum"":""0xdb861830d9ae2d1fcf99fa0cfd3973de382b0b5b""}",18
lazio-fan-token,LAZIO,Lazio Fan Token,lazio-fan-token,lazio-fan-tokenYcN.png,40000000,"{""binance_smart"":""0x77d547256a2cd95f32f67ae0313e450ac200648d""}",18
melon,MLN,Enzyme,melon,1590945307582.png,3276750,"{""ethereum"":""0xec67005c4e498ec7f55e092bd1d35cbc47c91892"",""polygon-pos"":""0xa9f37d84c856fda3812ad0519dad44fa0a3fe207"",""arbitrum-one"":""0x8f5c1a99b1df736ad685006cb6adca7b7ae4b514""}",18
0x51363f073b1e4920fda7aa9e9d84ba97ede1560e_binance_smart,BOB,Build On BNB,build-on-bnb,0x51363f073b1e4920fda7aa9e9d84ba97ede1560e_binance_smartdvQ.png,420690000000000,"{""binance_smart"":""0x51363f073b1e4920fda7aa9e9d84ba97ede1560e""}",18
dexnet,DEXNET,DexNet,dexnet,dexnet1GD.png,3000000000,"{""binance_smart"":""0x39df92f325938c610f4e4a04f7b756145ebe8804""}",18
galeon,GALEON,Galeon,galeon,galeonECy.png,3931074356,"{""binance_smart"":""0x1d0ac23f03870f768ca005c84cbb6fb82aa884fd""}",18
0x348cc963411fb82cd6e0b64345714fec94f242cb_robinhood,GOOSE,Goose Token,goose-token,goose-token15w.png,1000000000,"{""robinhood"":""0x348cc963411fb82cd6e0b64345714fec94f242cb""}",18
galaxia,GXA,Galaxia,galaxia,galaxiakw9.png,7619439991,"{""klay-token"":""0xa80e96cceb1419f9bd9f1c67f7978f51b534a11b""}",18
mev-capital-weth,MCWETH,MEV Capital wETH,mev-capital-weth,mev-capital-wethITf.png,1729,"{""ethereum"":""0x9a8bc3b04b7f3d87cfc09ba407dced575f2d61d8""}",18
sectora,SECT,Sectora,sectora,sectoraVGh.png,50000000,"{""ethereum"":""0x8c9984b06281f1ca9416e493c2e602aab08513db""}",18
nem,XEM,NEM,nem,NEMoyBWF.png,8999999999,,
0xf25620f89d0e23a8ba7b11ab3235b66268794196_base,RISE,Infinity Rising,infinity-rising,infinity-risinglql.png,3000000000,"{""base"":""0xf25620f89d0e23a8ba7b11ab3235b66268794196"",""cardano"":""31bdb2d8ed6e2623e121b6db134a1491f4252b9ea87d928eb5290026496e66696e69747920526973696e67""}",18
stronghold-staked-sol,STRONGSOL,Stronghold Staked SOL,stronghold-staked-sol,stronghold-staked-solWY0.png,34481,"{""solana"":""strng7mqqc1MBJJV6vMzYbEqnwVGvKKGKedeCvtktWA""}",18
cets-on-gold,CETS,Cets On Gold,cets-on-gold,cets-on-goldfDs.png,1000000000,"{""binance_smart"":""0xb0c2ab5af4028461ace3f6e1c33a4ee1404e7777""}",18
vnx-swiss-franc,VCHF,VNX Swiss Franc,vnx-swiss-franc,vnx-swiss-francsvR.png,4069871,"{""ethereum"":""0x79d4f0232a66c4c91b89c76362016a1707cfbf4f"",""polygon-pos"":""0xcdb3867935247049e87c38ea270edd305d84c9ae"",""avalanche"":""0x228a48df6819ccc2eca01e2192ebafffdad56c19"",""solana"":""AhhdRu5YZdjVkKR3wbnUDaymVQL2ucjMQ63sZ3LFHsch"",""tezos"":""KT1LssxZqfQtRFv1CRkzX9E9gzap9iFrtWmq"",""arbitrum-one"":""0x02cea97794d2cfb5f560e1ff4e9c59d1bec75969"",""stellar"":""VCHF-GDXLSLCOPPHTWOQXLLKSVN4VN3G67WD2ENU7UMVAROEYVJLSPSEWXIZN"",""xrp"":""VCHF-rLPtwF4FZi8bNVmbQ8JgoDUooozhwMNXr3"",""fraxtal"":""0x418126bb59457afdba1ecf376f97400b4157425d"",""internet-computer"":""ly36x-wiaaa-aaaai-aqj7q-cai"",""q-mainnet"":""0x65b9d36281e97418793f3430793f88440dab68d7"",""celo"":""0xc5ebea9984c485ec5d58ca5a2d376620d93af871"",""base"":""0x1fca74d9ef54a6ac80ffe7d3b14e76c4330fd5d8""}",18
0x71b60b37f030d0cff949855b9d0405915057b116_cronos,CRONUS,CRONUS,cronus-2,0x71b60b37f030d0cff949855b9d0405915057b116_cronosPlM.png,993740056,"{""cronos"":""0x71b60b37f030d0cff949855b9d0405915057b116""}",18
pixels,PIXEL,Pixels,pixels,pixelsYdu.png,5000000000,"{""ethereum"":""0x3429d03c6f7521aec737a0bbf2e5ddcef2c3ae31"",""ronin"":""0x7eae20d11ef8c779433eb24503def900b9d28ad7""}",18
army-3,ARMY,XRP ARMY,army-3,army-3SaS.png,589000000,"{""xrp"":""41524D5900000000000000000000000000000000.rGG3wQ4kUzd7Jnmk1n5NWPZjjut62kCBfC""}",18
ufo-token-3,UFO,The Grays - UFO,ufo-token-3,ufo-token-35LN.png,999999999051,"{""pulsechain"":""0x49ed499433bee42dd34c169470fef2c8f9fae6e6""}",18
wrapped-iotex,WIOTX,Wrapped IoTex,wrapped-iotex,wrapped-iotexFy9.png,1137970276,"{""ethereum"":""0xa00744882684c3e4747faefd68d283ea44099d03"",""iotex"":""0xa00744882684c3e4747faefd68d283ea44099d03"",""energi"":""0x4fffe0168b04f039496ca5189f9596c22693a19c""}",18
evaa-protocol,EVAA,EVAA Protocol,evaa-protocol,evaa-protocolxKh.png,50000000,"{""the-open-network"":""EQBKMfjX_a_dsOLm-juxyVZytFP7_KKnzGv6J01kGc72gVBp"",""binance_smart"":""0xaa036928c9c0df07d525b55ea8ee690bb5a628c1""}",18
0x7e7ec10e7b55194714cfbc4daa14eaa4e423b774_binance_smart,CAI,CharacterX,characterx,characterxYfZ.png,100000000,"{""binance_smart"":""0x7e7ec10e7b55194714cfbc4daa14eaa4e423b774""}",18
eli-lilly-ondo-tokenized-stock,LLYON,Eli Lilly (Ondo Tokenized Stock),eli-lilly-ondo-tokenized-stock,eli-lilly-ondo-tokenized-stock94F.png,4322,"{""ethereum"":""0xf192957ae52db3eb088654403cc2eded014ae556"",""binance_smart"":""0x341d31b2be1fee9c00e395a62ba41837f4322eed"",""solana"":""eGGxZwNSfuNKRqQLKaz2hc4QkA2mau7skyxPdj7ondo""}",18
dragonswap,DRG,DragonSwap,dragonswap,dragonswapH2M.png,1000000000,"{""sei-v2"":""0x0a526e425809aea71eb279d24ae22dee6c92a4fe""}",18
0x1368ee9d1212ae5b26ff166049220051a9eebc42_hyperevm,HAKHYPE,Harmonix kHYPE,harmonix-khype,harmonix-khypeYIx.png,53769,"{""hyperevm"":""0x1368ee9d1212ae5b26ff166049220051a9eebc42""}",18
propchain,PROPC,Propchain,propchain,propchainkSA.png,63763337,"{""ethereum"":""0x9ff58067bd8d239000010c154c6983a325df138e""}",18
0xf44702b17d9abd53815f703e772f35e9c71a53af_robinhood,RAXOL,RAXOL,raxol,raxolaqB.png,1000000000,"{""robinhood"":""0xf44702b17d9abd53815f703e772f35e9c71a53af""}",18
applied-optoelectronics-bstocks-tokenized-stock,AAOIB,Applied Optoelectronics (bStocks Tokenized Stock),applied-optoelectronics-bstocks-tokenized-stock,applied-optoelectronics-bstocks-tokenized-stockNtA.png,42540,"{""binance_smart"":""0x10343ef7da3301493d7ecb647d68a288c6c1db2f""}",18
5dvXTZ5qwgafnHtwu3Ls3QrWx1U4LQsFeCuJgkk4QEC6_solana,EMBER,embercurve,embercurve,embercurvefrM.png,987792733,"{""solana"":""5dvXTZ5qwgafnHtwu3Ls3QrWx1U4LQsFeCuJgkk4QEC6""}",18
manchester-city-fan-token,CITY,Manchester City Fan Token,manchester-city-fan-token,manchester-city-fan-tokenF0j.png,19740000,"{""chiliz"":""0x7bd6242d775faef1d50b2aa18c2fbf329bddf295"",""solana"":""8WbNQtY7QmXMVKJFTSqFudierVZZtbuoyeepZEqJ1B2w"",""base"":""0x02300475d1edd5b2e88efdebd3ffb549110d8aa6""}",18
arbitrum-bridged-weth-arbitrum-nova,WETH,Arbitrum Bridged WETH (Arbitrum Nova),arbitrum-bridged-weth-arbitrum-nova,arbitrum-bridged-weth-arbitrum-novaFTI.png,1836,"{""arbitrum-nova"":""0x722e8bdd2ce80a4422e880164f2079488e115365""}",18
DQnkBM4eYYMnVE8Qy2K3BB7uts1fh2EwBVktEz6jpump_solana,DJI6930,DOWGE,dowge,DQnkBM4eYYMnVE8Qy2K3BB7uts1fh2EwBVktEz6jpump_solanaZbi.png,999943687,"{""solana"":""DQnkBM4eYYMnVE8Qy2K3BB7uts1fh2EwBVktEz6jpump""}",18
cratos,CRTS,Cratos,cratos,cratosDLb.png,96299900000,"{""ethereum"":""0x678e840C640F619E17848045D23072844224dD37"",""binance_smart"":""0x678e840c640f619e17848045d23072844224dd37""}",18
octaspace,OCTA,OctaSpace,octaspace,octaspaceujJ.png,44907921,"{""ethereum"":""0xfa704148d516b209d52c2d75f239274c8f8eaf1a"",""binance_smart"":""0xfa704148d516b209d52c2d75f239274c8f8eaf1a""}",18
math,MATH,MATH,math,math9nQ.png,200000000,"{""ethereum"":""0x08d967bb0134f2d07f7cfb6e246680c53927dd30"",""binance_smart"":""0xf218184af829cf2b0019f8e6f0b2423498a36983"",""arbitrum-one"":""0x99f40b01ba9c469193b360f72740e416b17ac332"",""base"":""0x9e81f6495ba29a6b4d48bddd042c0598fa8abc9f"",""solana"":""CaGa7pddFXS65Gznqwp42kBhkJQdceoFVT7AQYo8Jr8Q""}",18
4Cnk9EPnW5ixfLZatCPJjDB1PUtcRpVVgTQukm9epump_solana,DADDY,Daddy Tate,daddy-tate,daddy-tateHKt.png,599611408,"{""solana"":""4Cnk9EPnW5ixfLZatCPJjDB1PUtcRpVVgTQukm9epump""}",18
0xd7321801caae694090694ff55a9323139f043b88_robinhood,JUGGERNAUT,The Juggernaut,the-juggernaut,the-juggernautzEp.png,1000000000,"{""robinhood"":""0xd7321801caae694090694ff55a9323139f043b88""}",18
p2p-protocol,P2P,P2P Protocol,p2p-protocol,p2p-protocol8Jo.png,25799993,"{""solana"":""P2PXup1ZvMpCDkJn3PQxtBYgxeCSfH39SFeurGSmeta""}",18
neuberger-securitize-high-income-tokenized-fund,HINC,Neuberger Securitize High Income Tokenized Fund,neuberger-securitize-high-income-tokenized-fund,neuberger-securitize-high-income-tokenized-fund2BX.png,5000,"{""ethereum"":""0x015c477a4e2881c4b3bb8999f59ee4a04e812344"",""sui"":""0xbe8a78c90705d70c57fb4243f72873a303648e25e7b8d76d328fcae368df7b8d"",""avalanche"":""0xf5fa39a16449b1ee07aa52ae79c6b00567c59f83"",""solana"":""EuTtCw35R3BJnTmXCREctjCU9XTkZXsQjqnoNg7NwdnZ""}",18
bridged-usd-coin-scroll,USDC,Bridged USD Coin (Scroll),bridged-usd-coin-scroll,bridged-usd-coin-scrollAoA.png,4875786,"{""scroll"":""0x06efdbff2a14a7c8e15944d1f4a48f9f95f663a4""}",18
monbasecoin,MBC,MonbaseCoin,monbasecoin,monbasecoinBjx.png,189689181,"{""binance_smart"":""0x551faab1027cc50efaea5bed092e330475c3cd99""}",18
pepper,PEPPER,PEPPER,pepper,pepperBbC.png,8745680309696633,"{""chiliz"":""0x60f397acbcfb8f4e3234c659a3e10867e6fa6b67"",""base"":""0x5e985e4bca4664e985f3faf8140eba25b10e28c2"",""solana"":""GozPNCAseytzxCR3d2k8hTsTYkr4SDpuXy2RQAZFVx2g""}",18
marina-protocol,BAY,Marina Protocol,marina-protocol,marina-protocolcjs.png,1000000000,"{""binance_smart"":""0xa7bef5abd9265ab97ee43d2fc4a56e0ba25aca25""}",18
l2-standard-bridged-weth-abstract,WETH,L2 Standard Bridged WETH (Abstract),l2-standard-bridged-weth-abstract,l2-standard-bridged-weth-abstracttoZ.png,1794,"{""abstract"":""0x3439153eb7af838ad19d56e1571fbd09333c2809""}",18
omron,SN2,Omron,omron,omronFg3.png,5146666,"{""bittensor"":""2""}",18
scroll,SCR,Scroll,scroll,scrollgQK.png,1000000000,"{""scroll"":""0xd29687c813d741e2f938f4ac377128810e217b1b""}",18
oduwa-coin,OWC,Oduwa Coin,oduwa-coin,oduwa-coinzFe.png,21000000,,
1000pepper,1000PEPPER,1000PEPPER,1000pepper,1000pepperVBp.png,8745680309697,,
hashpack,PACK,HashPack,hashpack,hashpackW9m.png,1000000000,"{""hedera-hashgraph"":""0.0.4794920""}",18
0x7bbc63d01ca42491c3e084c941c3e86e55951404_0g,ST0G,Gimo Staked 0G,gimo-staked-0g,gimo-staked-0gxuO.png,14295856,"{""0g"":""0x7bbc63d01ca42491c3e084c941c3e86e55951404""}",18
hyperlend,HPL,HyperLend,hyperlend,1776505527402.png,1000000000,"{""hyperliquid"":""0x5e887f0c6c3deec190c36186bf23369f"",""hyperevm"":""0xbd6dab50f03a305a80037294fa8d1a9dc0cac91b""}",18
reactive-network,REACT,Reactive Network,reactive-network,reactive-networkkC2.png,2400000000,"{""ethereum"":""0x817162975186d4d53dbf5a7377dd45376e2d2fc5"",""base"":""0xedacc73ae9f73235934f72a43388404e4a2c4a24""}",18
semicon-bull-3x-etf-bstocks-tokenized-stock,SOXLB,Semicon Bull 3X ETF (bStocks Tokenized Stock),semicon-bull-3x-etf-bstocks-tokenized-stock,semicon-bull-3x-etf-bstocks-tokenized-stockztP.png,29270,"{""binance_smart"":""0xd97d097a89113fa59b76c572e5b2eb647e8eefaf""}",18
invesco-qqq-robinhood-tokenized-stock,QQQ,Invesco QQQ • Robinhood Token,invesco-qqq-robinhood-tokenized-stock,invesco-qqq-robinhood-tokenized-stockjMX.png,6371,"{""robinhood"":""0xd5f3879160bc7c32ebb4dc785f8a4f505888de68""}",18
konnect,KCT,Konnect,konnect,konnectxva.png,10000000000,"{""ethereum"":""0x63230728bc219d991d2995ce92e96c16fcf8beb6""}",18
112_bittensor,SN112,minotaur,minotaur-2,minotaur-24A2.png,2626494,"{""bittensor"":""112""}",18
radix,XRD,Radix,radix,radixYbP.png,13541459918,,
AyrQpt5xsVYiN4BqgZdd2tZJAWswT9yLUZmP1jKqpump_solana,JOBCOIN,JOBCOIN,jobcoin-2,AyrQpt5xsVYiN4BqgZdd2tZJAWswT9yLUZmP1jKqpump_solanabMz.png,999873406,"{""solana"":""AyrQpt5xsVYiN4BqgZdd2tZJAWswT9yLUZmP1jKqpump""}",18
bitrue-token,BTR,Bitrue Coin,bitrue-token,1643727250359.png,801307097,"{""ethereum"":""0xd433138d12beb9929ff6fd583dc83663eea6aaa5""}",18
oracle-xstock,ORCLX,Oracle xStock,oracle-xstock,oracle-xstockcCO.png,502711,"{""arbitrum-one"":""0x548308e91ec9f285c7bff05295badbd56a6e4971"",""ethereum"":""0x548308e91ec9f285c7bff05295badbd56a6e4971"",""binance_smart"":""0x548308e91ec9f285c7bff05295badbd56a6e4971"",""solana"":""XsjFwUPiLofddX5cWFHW35GCbXcSu1BCUGfxoQAQjeL""}",18
towns,TOWNS,Towns,towns,townsagw.png,10128333333,"{""ethereum"":""0x000000fa00b200406de700041cfc6b19bbfb4d13"",""base"":""0x00000000a22c618fd6b4d7e9a335c4b96b189a38"",""binance_smart"":""0x00000000bca93b25a6694ca3d2109d545988b13b""}",18
splendor,SPLD,Splendor,splendor,splendorwVH.png,26000000000,,
metronome,MET,Metronome,metronome,Metronomeq3pl2.png,14377915,"{""ethereum"":""0x2ebd53d035150f328bd754d6dc66b99b0edb89aa""}",18
desearch,SN22,Desearch,desearch,desearchANz.png,4938289,"{""bittensor"":""22""}",18
tesla-robinhood-tokenized-stock,TSLA,Tesla • Robinhood Token,tesla-robinhood-tokenized-stock,tesla-robinhood-tokenized-stock37t.png,12700,"{""robinhood"":""0x322f0929c4625ed5bad873c95208d54e1c003b2d""}",18
0x1ce0a25d13ce4d52071ae7e02cf1f6606f4c79d3_berachain,NECT,Nectar,nectar,nectarrcU.png,4717560,"{""berachain"":""0x1ce0a25d13ce4d52071ae7e02cf1f6606f4c79d3""}",18
galaxy-weth-quality,ETH:GWETHQ,Galaxy WETH Quality,galaxy-weth-quality,galaxy-weth-qualityoY4.png,1737,"{""ethereum"":""0x1878805799273d10ae96a58201a6f5254cf9824f""}",18
moonwell-flagship-usdc-morpho-vault,MWUSDC,Moonwell Flagship USDC (Morpho Vault),moonwell-flagship-usdc-morpho-vault,moonwell-flagship-usdc-morpho-vaultfb2.png,8640949,"{""base"":""0xc1256ae5ff1cf2719d4937adb3bbccab2e00a2ca""}",18
nebius-group-ondo-tokenized,NBISON,Nebius Group (Ondo Tokenized),nebius-group-ondo-tokenized,nebius-group-ondo-tokenizedgSF.png,19427,"{""ethereum"":""0xe4babaa960ba7d37860f3fe00d7b95d3868e8edc"",""binance_smart"":""0xee268780473e7a0e47bac41547c6e01512555a16"",""solana"":""DiRshqNDE68bWbGdLHm1GwQ76MvWQG3af6w1NdQondo""}",18
0x6245e67affa44a23077f0ea7f981a8dc743a0c47_robinhood,FRONG,frong,frong,0x6245e67affa44a23077f0ea7f981a8dc743a0c47_robinhoodw95.png,1000000000,"{""robinhood"":""0x6245e67affa44a23077f0ea7f981a8dc743a0c47""}",18
shapeshift-fox-token,FOX,ShapeShift FOX,shapeshift-fox-token,shapeshift-fox-tokenRTj.png,1000001337,"{""ethereum"":""0xc770eefad204b5180df6a14ee197d99d808ee52d"",""polygon-pos"":""0x65a05db8322701724c197af82c9cae41195b0aa8"",""xdai"":""0x21a42669643f45bc0e086b8fc2ed70c23d67509d"",""optimistic-ethereum"":""0xf1a0da3367bc7aa04f8d94ba57b862ff37ced174"",""arbitrum-one"":""0xf929de51d91c77e42f5090069e0ad7a09e513c73""}",18
79_bittensor,SN79,τaos,aos-2,aos-21gx.png,4833053,"{""bittensor"":""79""}",18
74_bittensor,SN74,Gittensor,gittensor,gittensorhqv.png,4786618,"{""bittensor"":""74""}",18
ca-htb,CA,Coupon Assets,ca-htb,ca-htbOg6.png,270000000,"{""ethereum"":""0x9ee8c380e1926730ad89e91665ff27063b13c90a""}",18
catecoin,CATE,CateCoin,catecoin,catecoinbFo.png,58439664433291,"{""binance_smart"":""0xe4fae3faa8300810c835970b9187c268f55d998f"",""ethereum"":""0x051fb509e4a775fabd257611eea1efaed8f91359"",""base"":""0x051fb509e4a775fabd257611eea1efaed8f91359""}",18
0xf8bc08092c06db6148114dcf82af881f1085f92b_robinhood,WOOD,Sherwood Protocol,sherwood-protocol,sherwood-protocoljP3.png,1000000000,"{""robinhood"":""0xf8bc08092c06db6148114dcf82af881f1085f92b""}",18
palm-ai,PALM,PaLM AI,palm-ai,palm-ai8NJ.png,77125967,"{""ethereum"":""0xf1df7305e4bab3885cab5b1e4dfc338452a67891""}",18
aspecta,ASP,Aspecta,aspecta,aspectaOV6.png,1000000000,"{""binance_smart"":""0xad8c787992428cd158e451aab109f724b6bc36de"",""solana"":""DJ7vji2BU7RjNgktPAKN4L42CiXTFHEt4Eeeyr5FiTmy""}",18
enosys-loans-cdp,CDP,Enosys Loans CDP,enosys-loans-cdp,enosys-loans-cdpY08.png,4679510,"{""flare-network"":""0x6cd3a5ba46fa254d4d2e3c2b37350ae337e94a0f""}",18
cygnus-2,CGN,Cygnus,cygnus-2,cygnus-2iN5.png,10000000000,"{""base"":""0x2e6c4bd1c947e195645d2b920b827498cfaa6766"",""binance_smart"":""0xb91855bda0557f2bc0c81e733f2f1c37e6c97e6a""}",18
amd-xstock,AMDX,AMD xStock,amd-xstock,amd-xstockR0j.png,352110,"{""ethereum"":""0x3522513e5f146a2006e2901b05f16b2821485e19"",""solana"":""XsXcJ6GZ9kVnjqGsjBnktRcuwMBmvKWh8S93RefZ1rF""}",18
perpetual-bitcoin,PB,Perpetual Bitcoin,perpetual-bitcoin,perpetual-bitcoinHZs.png,21000000,"{""pulsechain"":""0xb47fa3fda09e61a68a8089e1f4d0f44bd993e6b9""}",18
platon-network,LAT,PlatON Network,platon-network,platon-networkIS6.png,10250000000,,
nest-2,NEST,NEST,nest-2,nest-2SLS.png,1888234281,"{""hyperevm"":""0x07c57e32a3c29d5659bda1d3efc2e7bf004e3035""}",18
mamo,MAMO,Mamo,mamo,mamoGER.png,1000000000,"{""base"":""0x7300b37dfdfab110d83290a29dfb31b1740219fe""}",18
oracle-ondo-tokenized-stock,ORCLON,Oracle (Ondo Tokenized Stock),oracle-ondo-tokenized-stock,oracle-ondo-tokenized-stock8PI.png,32166,"{""ethereum"":""0x8a23c6baadb88512b30475c83df6a63881e33e1e"",""binance_smart"":""0x03e4bd1ea53f1da84513da0319d1f03dd1bbcf93"",""solana"":""GmDADFpfwjfzZq9MfCafMDTS69MgVjtzD7Fd9a4ondo"",""hyperevm"":""0x4775e99a13651b1d077c2fa04eb9bf007f684af5""}",18
roam-token,ROAM,ROAM Token,roam-token,roam-tokendOl.png,995631823,"{""solana"":""RoamA1USA8xjvpTJZ6RvvxyDRzNh6GCA1zVGKSiMVkn"",""binance_smart"":""0x3fefe29da25bea166fb5f6ade7b5976d2b0e586b""}",18
gigaeth,GETH,GIGAETH,gigaeth,gigaethsQT.png,1682,"{""hydration"":""0x8a598fe3e3a471ce865332e330d303502a0e2f52""}",18
genesysgo-shadow,SHDW,Shadow Token,genesysgo-shadow,1718960200771.png,169053485,"{""solana"":""SHDWyBxihqiCj6YekG2GUr7wqKLeLAMK1gHZck9pL6y""}",18
0x57b96d4af698605563a4653d882635da59bf11af_ethereum,RCH,RCH Token,rch-token,rch-tokenBue.png,27674923,"{""ethereum"":""0x57b96d4af698605563a4653d882635da59bf11af""}",18
88_bittensor,SN88,Sταking,staking-2,staking-25vQ.png,5233565,"{""bittensor"":""88""}",18
0x28d38df637db75533bd3f71426f3410a82041544_ethereum,PROMPT,Wayfinder,wayfinder,wayfinderEWi.png,1000000000,"{""ethereum"":""0x28d38df637db75533bd3f71426f3410a82041544"",""base"":""0x30c7235866872213f68cb1f08c37cb9eccb93452""}",18
matrixdock-silver,XAGM,Matrixdock Silver,matrixdock-silver,matrixdock-silverzaa.png,73047,"{""ethereum"":""0x123ffe0a3c62878dcbee2742227dc8990058d9e1"",""sui"":""0x64bddec0f898ccaa022b8a6e0a5f75d80f53177b87a9795dd15aefe9ac12ee6c::xagm::XAGM""}",18
rain-coin,RAIN,Rain Coin,rain-coin,rain-coinMdL.png,1000000,"{""polygon-pos"":""0x8e677ca17065ed74675bc27bcabadb7eef10a292"",""base"":""0x4e21eabf4fc4cf66f10a93395e4b0e2438de81a6"",""binance_smart"":""0x24b1c3f935dffcadb606920022ba8c703bb065d7"",""ethereum"":""0x59db93d135f16585ed90b8c942d4f8ae0dcfbfc0""}",18
diamond,DMD,Diamond,diamond,Diamondvoivy.png,4380000,,
spacechain-erc-20,SPC,SpaceChain (ERC-20),spacechain-erc-20,spacechain-erc-20YvX.png,603700901,"{""ethereum"":""0x86ed939b500e121c0c5f493f399084db596dad20""}",18
byteball,GBYTE,Obyte,byteball,ObyteRZUR2.png,1000000,"{""ethereum"":""0x31f69de127c8a0ff10819c0955490a4ae46fcc2a"",""binance_smart"":""0xeb34de0c4b2955ce0ff1526cdf735c9e6d249d09"",""polygon-pos"":""0xab5f7a0e20b0d056aed4aa4528c78da45be7308b"",""kava"":""0x0b93109d05ef330acd2c75148891cc61d20c3ef1""}",18
nvidia-coinbase-tokenized-stock,NVDAC,NVIDIA (Coinbase Tokenized Stock),nvidia-coinbase-tokenized-stock,nvidia-coinbase-tokenized-stockeKi.png,19323,"{""base"":""0xb20000000000000000000078ee7ce2fe4908108c""}",18
strategy-inc-robinhood-tokenized-stock,MSTR,Strategy Inc. • Robinhood Token,strategy-inc-robinhood-tokenized-stock,strategy-inc-robinhood-tokenized-stockA4I.png,27654,"{""robinhood"":""0xec262a75e413fafd0df80480274532c79d42da09""}",18
BUUB7DpQT1mcTrs55oXawgEbxm5khAozsbmyhMdRpump_solana,CINO,Private Aviation Finance Token,private-aviation-finance-token,BUUB7DpQT1mcTrs55oXawgEbxm5khAozsbmyhMdRpump_solanarLn.png,999905590,"{""solana"":""BUUB7DpQT1mcTrs55oXawgEbxm5khAozsbmyhMdRpump""}",18
sweatcoin,SWEAT,SWEAT,sweatcoin,sweatcoin6o2.png,19651336391,"{""ethereum"":""0xb4b9dc1c77bdbb135ea907fd5a08094d98883a35"",""near-protocol"":""token.sweat"",""solana"":""NSG17kiSApMumWjLbZ4BLx8biPaAxTk9tDCdy1Fb9ia"",""celo"":""0x718aa4f7f026fd16086c842a68ce9ef55203b54f"",""binance_smart"":""0x510ad22d8c956dcc20f68932861f54a591001283"",""base"":""0x227d920e20ebac8a40e7d6431b7d724bb64d7245"",""aptos"":""0x9aa4c03344444b53f4d9b1bca229ed2ac47504e3ea6cd0683ebdc0c5ecefd693::coin::T"",""sui"":""0xf0b202ef3e107ff4fc0142bbb9a607bf73b8f6460c5026d5c21c6f2e0a9a1083::coin::COIN"",""polygon-pos"":""0x0cc931c30f4fc7fa36d290a4cd8d94acd738826e"",""arbitrum-one"":""0xca7dec8550f43a5e46e3dfb95801f64280e75b27"",""optimistic-ethereum"":""0x38761749330c23d681d136e8ea3fc47d4bb93db3"",""avalanche"":""0x1e4c0e060fba7d62fa9fbb1aa624e58f796b4efe""}",18
artdra-coin,ARTDRA,ARTDRA Coin,artdra-coin,artdra-coinfOq.png,256000000,"{""the-open-network"":""EQBWRCWLXIijvKcgjjna2bWsRRP6IfVR7gNyGMsI5kQEHG8j""}",18
0x74836cc0e821a6be18e407e6388e430b689c66e9_binance_smart,JAGER,Jager Hunter,jager-hunter,jager-huntersL2.png,0,"{""binance_smart"":""0x74836cc0e821a6be18e407e6388e430b689c66e9""}",18
arowana,ARW,Arowana,arowana,arowanaAt9.png,500000000,"{""arbitrum-one"":""0x747952a59292a9b3862f3c59664b95e8b461ef45""}",18
0x50c42deacd8fc9773493ed674b675be577f2634b_sonic,WETH,Bridged Wrapped Ether (Sonic),bridged-wrapped-ether-sonic,bridged-wrapped-ether-sonicYGx.png,1669,"{""sonic"":""0x50c42deacd8fc9773493ed674b675be577f2634b""}",18
advanced-micro-devices-bstocks-tokenized-stock,AMDB,Advanced Micro Devices (bStocks Tokenized Stock),advanced-micro-devices-bstocks-tokenized-stock,advanced-micro-devices-bstocks-tokenized-stockrvf.png,7111,"{""binance_smart"":""0x75fd4cf6f8392e41e70391d60c90c0d5211603a1""}",18
tokocrypto,TKO,Tokocrypto,tokocrypto,tokocryptoeIK.png,500000000,"{""binance_smart"":""0x9f589e3eabe42ebc94a44727b3f3531c0c877809""}",18
zarp-stablecoin,ZARP,ZARP Stablecoin,zarp-stablecoin,zarp-stablecoincF9.png,74046009,"{""ethereum"":""0xb755506531786c8ac63b756bab1ac387bacb0c04"",""solana"":""dngKhBQM3BGvsDHKhrLnjvRKfY5Q7gEnYGToj9Lk8rk"",""base"":""0xb755506531786c8ac63b756bab1ac387bacb0c04"",""polygon-pos"":""0xb755506531786c8ac63b756bab1ac387bacb0c04""}",18
lumi-credits,LUMI,LUMI Credits,lumi-credits,lumi-creditsuKg.png,128000000,"{""tron"":""TDBNKiYQ8yfJtT5MDP3byu7f1npJuG2DBN""}",18
beets-staked-sonic,STS,Beets Staked Sonic,beets-staked-sonic,beets-staked-sonicSEw.png,98693469,"{""sonic"":""0xe5da20f15420ad15de0fa650600afc998bbe3955""}",18
tether-pulsechain,USDT,Pulsechain Bridged USDT (Pulsechain),tether-pulsechain,tether-pulsechainry2.png,4472998,"{""pulsechain"":""0x0cb6f5a34ad42ec934882a05265a7d5f59b51a2f""}",18
0x1c1a7e9142dd3eaa76b1047045b6e0e95848e814_robinhood,WAGIE,wagie wojaks,wagie-wojaks,0x1c1a7e9142dd3eaa76b1047045b6e0e95848e814_robinhoodpxq.png,21000000,"{""robinhood"":""0x1c1a7e9142dd3eaa76b1047045b6e0e95848e814""}",18
0xe2fc85bfb48c4cf147921fbe110cf92ef9f26f94_ethereum,XUSD,Staked Stream USD,staked-stream-usd,staked-stream-usdSSS.png,204313611,"{""ethereum"":""0xe2fc85bfb48c4cf147921fbe110cf92ef9f26f94"",""avalanche"":""0x94f9bb5c972285728dcee7eaece48bec2ff341ce"",""plasma"":""0x6eaf19b2fc24552925db245f9ff613157a7dbb4c""}",18
kraken-wrapped-hype,KHYPE,Kraken Wrapped HYPE,kraken-wrapped-hype,kraken-wrapped-hypeJq5.png,49577,"{""ink"":""0xad09cd20e513e4d8cb78036f77ab9afde8555929""}",18
okx-wrapped-sol,XSOL,OKX Wrapped SOL,okx-wrapped-sol,okx-wrapped-sols0g.png,36856,"{""x-layer"":""0x505000008de8748dbd4422ff4687a4fc9beba15b""}",18
startale-usd,USDSC,Startale USD,startale-usd,startale-usdfVJ.png,4476120,"{""soneium"":""0x3f99231dd03a9f0e7e3421c92b7b90fbe012985a""}",18
nest-treasury-vault,NTBILL,Nest Treasury Vault,nest-treasury-vault,nest-treasury-vaultgu8.png,4211510,"{""ethereum"":""0xe72fe64840f4ef80e3ec73a1c749491b5c938cb9"",""arbitrum-one"":""0xe72fe64840f4ef80e3ec73a1c749491b5c938cb9"",""plume-network"":""0xe72fe64840f4ef80e3ec73a1c749491b5c938cb9""}",18
4ikwYoNvoGEwtMbziUyYBTz1zRM6nmxspsfw9G7Bpump_solana,CRYPTO,Cryptocurrency Coin,cryptocurrency-coin,4ikwYoNvoGEwtMbziUyYBTz1zRM6nmxspsfw9G7Bpump_solanajUe.png,999943814,"{""solana"":""4ikwYoNvoGEwtMbziUyYBTz1zRM6nmxspsfw9G7Bpump"",""ethereum"":""0x78d11e37e890af4589fc9d0f6f884fd165c5aa0a""}",18
8Aq4fWMgPqJbF3w8w8PnLDRVUAFe4mzsCvPKxAArbonk_solana,REAL,Real,real-4,8Aq4fWMgPqJbF3w8w8PnLDRVUAFe4mzsCvPKxAArbonk_solana6rq.png,999998714,"{""solana"":""8Aq4fWMgPqJbF3w8w8PnLDRVUAFe4mzsCvPKxAArbonk""}",18
laqira-protocol,LQR,Laqira Protocol,laqira-protocol,laqira-protocolhGI.png,2500000000,"{""binance_smart"":""0xc4a1e7106d08b7ff947254b6d75cf2b877d55daf""}",18
0xef5997c2cf2f6c138196f8a6203afc335206b3c1_base,OWB,OWB,owb,0xef5997c2cf2f6c138196f8a6203afc335206b3c1_baseVay.png,1000000000,"{""base"":""0xef5997c2cf2f6c138196f8a6203afc335206b3c1""}",18
tsmc-bstocks-tokenized-stock,TSMB,TSMC (bStocks Tokenized Stock),tsmc-bstocks-tokenized-stock,tsmc-bstocks-tokenized-stock48m.png,9380,"{""binance_smart"":""0xab78b89b5bb00236be0b4b20704cbfa04efc711c""}",18
gvnr,GVNR,GVNR,gvnr,gvnrdeL.png,20000000,"{""ethereum"":""0xfc60fc0145d7330e5abcfc52af7b043a1ce18e7d""}",18
0xe9bc5c6a86caa44fd7b469bf3cc7c563e4f77777_binance_smart,MAX,Giggle Mascot,giggle-mascot,giggle-mascotumv.png,1000000000,"{""binance_smart"":""0xe9bc5c6a86caa44fd7b469bf3cc7c563e4f77777""}",18
idia,IDIA,Impossible Finance Launchpad,idia,idiaRwH.png,1000000000,"{""binance_smart"":""0x0b15ddf19d47e6a86a56148fb4afffc6929bcb89"",""moonriver"":""0x2d28aa28fa1e5e6bf121cf688309bf3faaae3c70"",""avalanche"":""0xfcaf13227dcbfa2dc2b1928acfca03b85e2d25dd"",""arbitrum-one"":""0x6db8b088c4d41d622b44cd81b900ba690f2d496c""}",18
wrapped-ronin,WRON,Wrapped Ronin,wrapped-ronin,wrapped-roninPdp.png,62921089,"{""ronin"":""0xe514d9deb7966c8be0ca922de8a064264ea6bcd4""}",18
seth2,SETH2,sETH2,seth2,seth2AMv.png,1654,"{""ethereum"":""0xfe2e637202056d30016725477c5da089ab0a043a""}",18
trustswap,SWAP,TrustSwap,trustswap,trustswapynE.png,99996043,"{""ethereum"":""0xcc4304a31d09258b0029ea7fe63d032f52e44efe"",""polygon-pos"":""0x3809dcdd5dde24b37abe64a5a339784c3323c44f"",""avalanche"":""0xc7b5d72c836e718cda8888eaf03707faef675079"",""binance_smart"":""0x94eafeeef7ffa66203fdc9349c54d601472a79dc"",""energi"":""0x324a1e5707f356218356c95cfe20d5d9b1440f30""}",18
tokenized-bny-mellon-global-short-dated-high-yield-bond-fund,HYBOND,Tokenized BNY Mellon Global Short-Dated High Yield Bond Fund,tokenized-bny-mellon-global-short-dated-high-yield-bond-fund,tokenized-bny-mellon-global-short-dated-high-yield-bond-fundAaZ.png,2547487,"{""ethereum"":""0x1204371ac0e5176f4b8c5b2f16c2bec551b6fc1a"",""binance_smart"":""0xb613ab1be4039a7d799ad968ba9e425b6bff4224""}",18
neon-exchange,NEX,Nash,neon-exchange,neon-exchangeF9h.png,50000000,"{""ethereum"":""0xe2dc070524a6e305ddb64d8513dc444b6a1ec845"",""neo"":""3a4acd3647086e7c44398aac0349802e6a171129"",""polygon-pos"":""0xa486c6bc102f409180ccb8a94ba045d39f8fc7cb""}",18
zer0zer0,00,00 Token,zer0zer0,zer0zer0uSJ.png,1000000000,"{""ethereum"":""0x881ba05de1e78f549cc63a8f6cabb1d4ad32250d"",""the-open-network"":""EQAefvvYy8aRTJgbsSprwWIBAKPd_ATcTBUo30RYkHwl1J0C""}",18
gridcoin,GRC,Gridcoin,gridcoin,GridcoinwdEmd.png,537310033,,
verasity,VRA,Verasity,verasity,Verasityvx3Dl.png,282309577452,"{""ethereum"":""0xf411903cbc70a74d22900a5de66a2dda66507255"",""binance_smart"":""0x1d58e204ca59328007469a614522903d69dc0a4c""}",18
netx,NETX,NetX,netx,netxO8b.png,30000000,"{""binance_smart"":""0x4c32964715e9a42f8d119bfa8917d57822d3adf1""}",18
gigadot,GDOT,GIGADOT,gigadot,gigadotNCD.png,3377024,"{""hydration"":""asset_registry%2F69""}",18
nacho-the-kat,NACHO,Nacho the Kat,nacho-the-kat,nacho-the-kateE0.png,287000000000,"{""kasplex"":""NACHO""}",18
0xf7d85ec4e7710f71992752eac2111312e73e9c9c_ethereum,FTUSD,Flying Tulip USD,flying-tulip-usd,flying-tulip-usdXtb.png,4361978,"{""ethereum"":""0xf7d85ec4e7710f71992752eac2111312e73e9c9c""}",18
0xc4f730335fb9e439ca5552f7b52b8e638c4245b0_robinhood,NOTE,Note Systems,note-systems,note-systems8JG.png,60000000,"{""robinhood"":""0xc4f730335fb9e439ca5552f7b52b8e638c4245b0""}",18
hathor,HTR,Hathor,hathor,hathorIRU.png,869464480,,
coldint,SN29,Coldint,coldint,coldintMop.png,5517788,"{""bittensor"":""29""}",18
zBTCug3er3tLyffELcvDNrKkCymbPWysGcWihESYfLg_solana,ZBTC,Zeus Network zBTC,zeus-netwok-zbtc,zeus-netwok-zbtcgLr.png,50.9705,"{""solana"":""zBTCug3er3tLyffELcvDNrKkCymbPWysGcWihESYfLg""}",18
aergo-2,HPP,House Party Protocol,aergo-2,aergo-29Q5.png,1700000000,"{""ethereum"":""0xe33fbe7584eb79e2673abe576b7ac8c0de62565c""}",18
zephyr-protocol,ZEPH,Zephyr Protocol,zephyr-protocol,zephyr-protocolKKN.png,12209711,,
arm-holdings-plc-ondo-tokenized-stock,ARMON,Arm Holdings plc (Ondo Tokenized Stock),arm-holdings-plc-ondo-tokenized-stock,arm-holdings-plc-ondo-tokenized-stocklUM.png,13914,"{""ethereum"":""0x5bf1b2a808598c0ef4af1673a5457d86fe6d7b3d"",""binance_smart"":""0x527c6436e1eaa4f2065cde4090f798cb5d031dd6"",""solana"":""15SsCZqCsM9fZGhTmP4rdJTPT9WGZKazDSsgeQ8ondo""}",18
9mV4WUukVsva5wYcYW4veo34CNDiF44sh3Ji65JNdvh5_solana,TRUNK,Elephant Money (TRUNK),elephant-money-trunk,9mV4WUukVsva5wYcYW4veo34CNDiF44sh3Ji65JNdvh5_solanaoWJ.png,121691098,"{""solana"":""9mV4WUukVsva5wYcYW4veo34CNDiF44sh3Ji65JNdvh5"",""binance_smart"":""0xdd325c38b12903b727d16961e61333f4871a70e0""}",18
hamilton-lane-senior-credit-opportunities-securitize-fund,HLSCOPE,Hamilton Lane Senior Credit Opportunities Securitize Fund,hamilton-lane-senior-credit-opportunities-securitize-fund,hamilton-lane-senior-credit-opportunities-securitize-fundiHE.png,3383,"{""polygon-pos"":""0x4c5ca366e26409845624e29b62c388a06961a792"",""optimistic-ethereum"":""0x720f86f4b5b5d5d0ea3e5718ec43071d4d05134b"",""ethereum"":""0xda2ffa104356688e74d9340519b8c17f00d7752e""}",18
defi-kingdoms,JEWEL,DeFi Kingdoms,defi-kingdoms,defi-kingdomsfnY.png,119434441,"{""harmony-shard-0"":""0x72cb10c6bfa5624dd07ef608027e366bd690048f"",""avalanche"":""0x997ddaa07d716995de90577c123db411584e5e46"",""metis-andromeda"":""0x17c09cfc96c865cf546d73365cedb6dc66986963""}",18
metfi-2,METFI,MetFi,metfi-2,metfi-2LkC.png,449515982,"{""binance_smart"":""0x3e7f1039896454b9cb27c53cc7383e1ab9d9512a""}",18
tsmc-xstock,TSMX,TSMC xStock,tsmc-xstock,tsmc-xstockYkU.png,245445,"{""ethereum"":""0x9e3bf4ecfc44eedd624f26656b6736a3f093b073"",""solana"":""XsafvsGtzFqqHgTnA3aPC83EAMkacU5mcGtcSayhpVV""}",18
ascend-3,ASCEND,Ascend,ascend-3,ascend-3Hki.png,22000000,"{""cardano"":""eb7a93ebc321647673490810f618b548d7c24aa64d30ae342dba70760014df10415343454e44""}",18
bitshares,BTS,BitShares,bitshares,BitSharesWtml9.png,2995060000,,
swell-network,SWELL,Swell,swell-network,swell-networkI96.png,8911256708,"{""ethereum"":""0x0a6e7ba5042b38349e437ec6db6214aec7b35676""}",18
tqqq-xstock,TQQQX,TQQQ xStock,tqqq-xstock,tqqq-xstockUD3.png,2161178,"{""arbitrum-one"":""0xfdddb57878ef9d6f681ec4381dcb626b9e69ac86"",""solana"":""XsjQP3iMAaQ3kQScQKthQpx9ALRbjKAjQtHg6TFomoc"",""binance_smart"":""0xfdddb57878ef9d6f681ec4381dcb626b9e69ac86"",""ethereum"":""0xfdddb57878ef9d6f681ec4381dcb626b9e69ac86""}",18
463SK47VkB7uE7XenTHKiVcMtxRsfNE2X4Q9wByaURVA_solana,TSUKI,Tsuki,tsuki,tsukieBK.png,949242972,"{""solana"":""463SK47VkB7uE7XenTHKiVcMtxRsfNE2X4Q9wByaURVA""}",18
axt-bstocks-tokenized-stock,AXTIB,AXT (bStocks Tokenized Stock),axt-bstocks-tokenized-stock,axt-bstocks-tokenized-stock6w2.png,49637,"{""binance_smart"":""0x9bdc8b470dbf89dbcb123587c6f5e49cca3463be""}",18
rainbow-3-2,RNBW,Rainbow,rainbow-3-2,rainbow-3-2iCx.png,1000000000,"{""base"":""0xa53887f7e7c1bf5010b8627f1c1ba94fe7a5d6e0""}",18
checkmate-2,CHECK,Checkmate,checkmate-2,checkmate-2Q6L.png,1000000000,"{""ethereum"":""0x9126236476efba9ad8ab77855c60eb5bf37586eb"",""base"":""0x9126236476efba9ad8ab77855c60eb5bf37586eb""}",18
minto,BTCMT,Minto,minto,mintonjQ.png,36900000,"{""huobi-token"":""0x410a56541bd912f9b60943fcb344f1e3d6f09567"",""binance_smart"":""0x410a56541bd912f9b60943fcb344f1e3d6f09567""}",18
doublezero-staked-sol,DZSOL,DoubleZero Staked SOL,doublezero-staked-sol,doublezero-staked-solRGM.png,651720,"{""solana"":""Gekfj7SL2fVpTDxJZmeC46cTYxinjB6gkAnb6EGT6mnn""}",18
wrapped-grx,WGRX,Wrapped GRX,wrapped-grx,wrapped-grxmH6.png,200403,"{""grx-chain"":""0x45c7287f897b3a79cd3f6e4f14b4ce568f023bd5""}",18
gold-dao,GOLDAO,Gold DAO,gold-dao,gold-daoXVz.png,678313717,"{""internet-computer"":""tyyy3-4aaaa-aaaaq-aab7a-cai""}",18
observer-coin,OBSR,Observer,observer-coin,observer-coinzmg.png,14000000000,"{""klay-token"":""0x3cb6be2fc6677a63cb52b07aed523f93f5a06cb4""}",18
baby-shark-universe,BSU,Baby Shark Universe,baby-shark-universe,baby-shark-universeBaa.png,850000000,"{""binance_smart"":""0x777bf78ad4546b61607a17bf4a1977dbbea98c28""}",18
bridged-tether-scroll,USDT,Scroll Bridged USDT (Scroll),bridged-tether-scroll,bridged-tether-scrollzXl.png,4201828,"{""scroll"":""0xf55bec9cafdbe8730f096aa55dad6d22d44099df""}",18
smardex,SDEX,SMARDEX,smardex,smardexpIW.png,9865760320,"{""ethereum"":""0x5de8ab7e27f6e7a1fff3e5b337584aa43961beef"",""binance_smart"":""0xfdc66a08b0d0dc44c17bbd471b88f49f50cdd20f"",""polygon-pos"":""0x6899face15c14348e1759371049ab64a3a06bfa6"",""arbitrum-one"":""0xabd587f2607542723b17f14d00d99b987c29b074"",""base"":""0xfd4330b0312fdeec6d4225075b82e00493ff2e3f"",""solana"":""9dzSzFvPsKDoY2gdWErsuz2H1o4tbzvgBhrNZ9cvkD2j""}",18
zoid-pay,ZPAY,ZoidPay,zoid-pay,zoid-payja7.png,699810703,"{""tomochain"":""0xe1a9a5fae06696d314994a9d6915c12a63ad055d""}",18
luxxcoin,LUX,Luxxcoin,luxxcoin,luxxcoindco.png,99999885549,"{""solana"":""3bSGpKYPut6RXDxp41nvb2GM7eR4kEmJExFFHoYkW3w2""}",18
0x0e04ca25b5cd15047946d89e21cbcdbae43a323b_ink,OTO,Otomate,otomate,0x0e04ca25b5cd15047946d89e21cbcdbae43a323b_inklEF.png,443911200,"{""ink"":""0x0e04ca25b5cd15047946d89e21cbcdbae43a323b""}",18
0x20024e485c0b22b42855589700721b28320a7777_robinhood,PRISM,Prism Assets,prism-assets,0x20024e485c0b22b42855589700721b28320a7777_robinhood5Bg.png,1000000000,"{""robinhood"":""0x20024e485c0b22b42855589700721b28320a7777""}",18
0x9ac9468e7e3e1d194080827226b45d0b892c77fd_ethereum,YEE,Yee Token,yee-token,yee-tokenr9O.png,1000000000,"{""ethereum"":""0x9ac9468e7e3e1d194080827226b45d0b892c77fd""}",18
metis-bridged-usdc-metis,M.USDC,Metis Bridged USDC (Metis Andromeda),metis-bridged-usdc-metis,metis-bridged-usdc-metisrjz.png,4162323,"{""metis-andromeda"":""0xea32a96608495e54156ae48931a7c20f0dcc1a21""}",18
0x6a567e68c805323525fe1649adb80b03cddf92c23d2629a6779f54192dffc13_starknet,XWBTC,Endur.Fi Staked WBTC,endur-fi-staked-wbtc,endur-fi-staked-wbtc399.png,47.5904,"{""starknet"":""0x06a567e68c805323525fe1649adb80b03cddf92c23d2629a6779f54192dffc13""}",18
stride-staked-atom,STATOM,Stride Staked Atom,stride-staked-atom,stride-staked-atomqy0.png,1190033,"{""evmos"":""0xc8b4d3e67238e38b20d38908646ff6f4f48de5ec"",""osmosis"":""ibc/C140AFD542AE77BD7DCC83F13FDD8C5E5BB8C4929785E6EC2F4C636F98F17901"",""secret"":""secret155w9uxruypsltvqfygh5urghd5v0zc6f9g69sq""}",18
0x772358ef6ed3e18bde1263f7d229601c5fa81875_ethereum,SNPAD,SNPad,snpad,snpad3U1.png,280000000,"{""ethereum"":""0x772358ef6ed3e18bde1263f7d229601c5fa81875""}",18
suins-token,NS,SuiNS Token,suins-token,suins-tokennQU.png,500000000,"{""sui"":""0x5145494a5f5100e645e4b0aa950fa6b68f614e8c59e17bc5ded3495123a79178::ns::NS""}",18
mileverse,MVC,MileVerse,mileverse,mileverseTyP.png,2881767831,"{""ethereum"":""0x581911b360b6eb3a14ef295a83a91dc2bce2d6f7""}",18
direxion-semiconductor-bear-3x-etf-bstocks-tokenized-stock,SOXSB,Direxion Semiconductor Bear 3X ETF (bStocks Tokenized Stock),direxion-semiconductor-bear-3x-etf-bstocks-tokenized-stock,direxion-semiconductor-bear-3x-etf-bstocks-tokenized-stocku32.png,138841,"{""binance_smart"":""0xe28cd11c99af2df76bb8ada4cd0ef3904378280f""}",18
oobit-2,OOB,Oobit,oobit-2,oobit-2wOm.png,990290263,"{""solana"":""oobQ3oX6ubRYMNMahG7VSCe8Z73uaQbAWFn6f22XTgo""}",18
nimiq-2,NIM,Nimiq,nimiq-2,NimiqlEPM9.png,14112042693,,
arrow-air,ARROW,Arrow Air,arrow-air,arrow-airs3k.png,100000000,"{""ethereum"":""0x736609d310b5f925531b5ad895925cb0586f6241""}",18
9mNjA6BizTwpvd4DS3o7BjwZ6aPM9DC2jLHS7JFGbonk_solana,SCAM,Scamcoin,scamcoin,9mNjA6BizTwpvd4DS3o7BjwZ6aPM9DC2jLHS7JFGbonk_solanadJq.png,999947194,"{""solana"":""9mNjA6BizTwpvd4DS3o7BjwZ6aPM9DC2jLHS7JFGbonk""}",18
avinoc,AVINOC,AVINOC,avinoc,avinocjC2.png,1000000000,"{""ethereum"":""0xf1ca9cb74685755965c7458528a36934df52a3ef""}",18
farcana,FAR,FAR Labs,farcana,farcana07Z.png,5000000000,"{""polygon-pos"":""0x5f32abeebd3c2fac1e7459a27e1ae9f1c16cccca"",""ethereum"":""0xf9fa60ef4f23f00cce403cc4d2c11baf4880a0d6"",""binance_smart"":""0xc44f9f08e524669e5deeebc9eb142c81edfad178""}",18
0x17ea10b6ae4fde59fdbf471bd28ab9710f508816_binance_smart,RLS,Rayls,rayls,raylsudo.png,9941472827,"{""binance_smart"":""0x17ea10b6ae4fde59fdbf471bd28ab9710f508816"",""ethereum"":""0xb5f7b021a78f470d31d762c1dda05ea549904fbd""}",18
bitcoin-gold,BTG,Bitcoin Gold,bitcoin-gold,bitcoin-goldOE4.png,17513924,,
6HHzBVkxtoz86Bjy2duaUw77hVfJzQkuoLizWeEMBLEM_solana,EMBLEM,Emblem Vault,agent-hustle-2,1776857818706.png,999994884,"{""solana"":""6HHzBVkxtoz86Bjy2duaUw77hVfJzQkuoLizWeEMBLEM""}",18
subvortex,SN7,SubVortex,subvortex,subvortex6rw.png,5389957,"{""bittensor"":""7""}",18
89_bittensor,SN89,InfiniteHash,infinitehash,infinitehashtVM.png,4409853,"{""bittensor"":""89""}",18
gaib,GAIB,GAIB,gaib,gaib5ar.png,1000000000,"{""ethereum"":""0xc19d38925f9f645337b1d1f37baf3c0647a48e50"",""binance_smart"":""0xc19d38925f9f645337b1d1f37baf3c0647a48e50""}",18
nav-coin,NAV,Navio,nav-coin,NavCoin88vg5.png,77077429,"{""binance_smart"":""0xbfef6ccfc830d3baca4f6766a0d4aaa242ca9f3d""}",18
ac-milan-fan-token,ACM,AC Milan Fan Token,ac-milan-fan-token,ac-milan-fan-tokennLA.png,19920000,"{""chiliz"":""0x062f6004fd0bf204d272ff115e5b84f7a01489d1"",""solana"":""H5qGPniSX2uCNtAnxr7RpdfFAZcGkr6dknjgpa1AKHe1"",""base"":""0x886edf4ce5d879667bb62271bb9d59227b689cdc""}",18
alpine-f1-team-fan-token,ALPINE,Alpine F1 Team Fan Token,alpine-f1-team-fan-token,alpine-f1-team-fan-token2fV.png,40000000,"{""binance_smart"":""0x287880ea252b52b63cc5f40a2d3e5a44aa665a76""}",18
marvell-technology-rstock,RMRVL,Marvell Technology Tokenized Stock (Reality),marvell-technology-rstock,marvell-technology-rstockUfY.png,14891,"{""arbitrum-one"":""0x0ee2b4c14e7d3016db60a25241d656a7cfb1d12b"",""morph-l2"":""0x86c03a4d544df4df380fb12cc034adaa3e48b765""}",18
4G86CMxGsMdLETrYnavMFKPhQzKTvDBYGMRAdVtr72nu_solana,$NAP,SNAP,snap-kero,snap-keroE60.png,1641524491226,"{""solana"":""4G86CMxGsMdLETrYnavMFKPhQzKTvDBYGMRAdVtr72nu""}",18
pundi-aifx,PUNDIAI,Pundi AI,pundi-aifx,pundi-aifxN9z.png,9000762,"{""ethereum"":""0x075f23b9cdfce2cc0ca466f4ee6cb4bd29d83bef"",""binance_smart"":""0x7a986ba67227acfab86385ff33436a80e2bb4cc5""}",18
ascend-staked-0g,A0G,Ascend Staked 0G,ascend-staked-0g,ascend-staked-0gP5S.png,12905778,"{""0g"":""0x4b3c2f55fa67679b382c979a082df1b32079b4cb""}",18
hemi-bitcoin,HEMIBTC,Hemi Bitcoin,hemi-bitcoin,hemi-bitcoinkLa.png,47.6461,"{""hemi"":""0xaa40c0c7644e0b2b224509571e10ad20d9c4ef28"",""ethereum"":""0x06ea695b91700071b161a434fed42d1dcbad9f00""}",18
3wtGGWZ8wLWW6BqtC5rxmkHdqvM62atUcGTH4cw3pump_solana,ALPHA,AlphaBlockAI,alphablockai,alphablockaiywD.png,999979125,"{""solana"":""3wtGGWZ8wLWW6BqtC5rxmkHdqvM62atUcGTH4cw3pump""}",18
coca-cola-ondo-tokenized-stock,KOON,Coca-Cola (Ondo Tokenized Stock),coca-cola-ondo-tokenized-stock,coca-cola-ondo-tokenized-stock0sh.png,45448,"{""ethereum"":""0x74a03d741226f738098c35da8188e57aca50d146"",""binance_smart"":""0x405f38b90bebf1259062cf29da299f3398662bcb"",""solana"":""e6G4pfFcrdKxJuZ4YXixRFfMbpMvgXG2Mjcus71ondo""}",18
finetuning,SN37,Aurelius,finetuning,finetuningP2O.png,4825802,"{""bittensor"":""37""}",18
0x30ae41d5f9988d359c733232c6c693c0e645c77e_ethereum,WAAC,Wrapped AyeAyeCoin,wrapped-ayeayecoin,wrapped-ayeayecoin0vE.png,6000000,"{""ethereum"":""0x30ae41d5f9988d359c733232c6c693c0e645c77e""}",18
djed,DJED,Djed,djed,djedKn8.png,4019107,"{""cardano"":""8db269c3ec630e06ae29f74bc39edd1f87c819f1056206e879a1cd61446a65644d6963726f555344""}",18
0xf8206a19fca5999425358de4e4cdefc7f5c5d4ca_ethereum,WIGL,Wigl,wigl,wiglLEO.png,448097218,"{""ethereum"":""0xf8206a19fca5999425358de4e4cdefc7f5c5d4ca""}",18
star-atlas-dao,POLIS,Star Atlas DAO,star-atlas-dao,star-atlas-daoxOW.png,360000000,"{""solana"":""poLisWXnNRwC6oBu1vHiuKQzFjGL4XDSu4g9qjz9qVk""}",18
0x26c5e01524d2e6280a48f2c50ff6de7e52e9611c_binance_smart,WSTETH,Wormhole Bridged wstETH (BSC),wormhole-bridged-wsteth-bsc,wormhole-bridged-wsteth-bscAs1.png,1189,"{""binance_smart"":""0x26c5e01524d2e6280a48f2c50ff6de7e52e9611c""}",18
zircuit,ZRC,Zircuit,zircuit,1732617863801.png,10000000000,"{""ethereum"":""0xfd418e42783382e86ae91e445406600ba144d162"",""zircuit"":""0xfd418e42783382e86ae91e445406600ba144d162"",""binance_smart"":""0xdac991621fd8048d9f235324780abd6c3ad26421""}",18
liquify-dao,LIQUIFY,LiquiFy Dao,liquify-dao,liquify-daoW3E.png,1000000000,"{""binance_smart"":""0xdc228dd2b3af4dde862155a1cb39498a7dfa41c6""}",18
55_bittensor,SN55,Precog,precog,precogntV.png,5328579,"{""bittensor"":""55""}",18
0x42778037d69350508cdd34d9fa17053970591101_ethereum,MARVIN,Marvin,marvin-3,0x42778037d69350508cdd34d9fa17053970591101_ethereumAQb.png,420690000000,"{""ethereum"":""0x42778037d69350508cdd34d9fa17053970591101""}",18
merit-2,SN73,Merit,merit-2,merit-2qJq.png,4177138,"{""bittensor"":""73""}",18
0xbb4fbe7e80f1d4c0e06428f80b4f26d9ee24b5d0_binance_smart,GCOW,GameCow,gamecow,gamecow48N.png,7813,"{""binance_smart"":""0xbb4fbe7e80f1d4c0e06428f80b4f26d9ee24b5d0""}",18
polyhedra-network,ZKJ,Polyhedra Network,polyhedra-network,polyhedra-networkhca.png,1000000000,"{""ethereum"":""0xc71b5f631354be6853efe9c3ab6b9590f8302e81"",""binance_smart"":""0xc71b5f631354be6853efe9c3ab6b9590f8302e81""}",18
0x13a466998ce03db73abc2d4df3bbd845ed1f28e7_avalanche,PHAR,Pharaoh,pharaoh-2,0x13a466998ce03db73abc2d4df3bbd845ed1f28e7_avalancheehn.png,530627729,"{""avalanche"":""0x13a466998ce03db73abc2d4df3bbd845ed1f28e7""}",18
0xd2a530170d71a9cfe1651fb468e2b98f7ed7456b_ethereum,AUDF,Forte AUD,forte-aud,forte-audecS.png,5651358,"{""ethereum"":""0xd2a530170d71a9cfe1651fb468e2b98f7ed7456b"",""avalanche"":""0xd2a530170d71a9cfe1651fb468e2b98f7ed7456b"",""polygon-pos"":""0xd2a530170d71a9cfe1651fb468e2b98f7ed7456b"",""base"":""0xd2a530170d71a9cfe1651fb468e2b98f7ed7456b""}",18
minutes-network-token,MNTX,Minutes Network Token,minutes-network-token,minutes-network-tokenDoM.png,93328737,"{""ethereum"":""0x5c697fee285b513711a816018dbb34dc0cfc4875""}",18
star-atlas,ATLAS,Star Atlas,star-atlas,star-atlasrot.png,36000000000,"{""solana"":""ATLASXmbPQxBUYbxPsV97usA3fPQYEqzQBUHgiFCUsXx""}",18
0xb1c2db5d6ca03fce73dbd304d320bf76c55ae1b1_ethereum,USG,Tangent USG,tangent-usg,tangent-usgBNy.png,43977175,"{""ethereum"":""0xb1c2db5d6ca03fce73dbd304d320bf76c55ae1b1""}",18
sundae-bar,SN121,Sundae_Bar,sundae-bar,sundae-bar2Nm.png,3150461,"{""bittensor"":""121""}",18
0x95af4af910c28e8ece4512bfe46f1f33687424ce_ethereum,MANYU,Manyu,manyu-2,0x95af4af910c28e8ece4512bfe46f1f33687424ce_ethereum1Dc.png,1000000000000000,"{""ethereum"":""0x95af4af910c28e8ece4512bfe46f1f33687424ce""}",18
openai-prestocks-2,OPENAI,OpenAI PreStocks,openai-prestocks-2,openai-prestocks-2FKM.png,1902,"{""solana"":""PreweJYECqtQwBtpxHL171nL2K6umo692gTm7Q3rpgF""}",18
amazon-robinhood-tokenized-stock,AMZN,Amazon • Robinhood Token,amazon-robinhood-tokenized-stock,amazon-robinhood-tokenized-stockA02.png,15534,"{""robinhood"":""0x12f190a9f9d7d37a250758b26824b97ce941bf54""}",18
apm-fashion,APM,apM Fashion,apm-fashion,apm-fashion8U5.png,10000000000,"{""binance_smart"":""0x72a22faa6a522c81a8f5d508381e18af3da0921e""}",18
CniPCE4b3s8gSUPhUiyMjXnytrEqUrMfSsnbBjLCpump_solana,PWEASE,Pwease,pwease,CniPCE4b3s8gSUPhUiyMjXnytrEqUrMfSsnbBjLCpump_solanaCRQ.png,999859975,"{""solana"":""CniPCE4b3s8gSUPhUiyMjXnytrEqUrMfSsnbBjLCpump""}",18
meta-coinbase-tokenized-stock,METAC,Meta (Coinbase Tokenized Stock),meta-coinbase-tokenized-stock,meta-coinbase-tokenized-stockGaV.png,5316,"{""base"":""0xb2000000000000000000008bc8786b856e61707c""}",18
0x3aab2285ddcddad8edf438c1bab47e1a9d05a9b4_linea,WBTC,Linea Bridged WBTC (Linea),linea-bridged-wbtc-linea,linea-bridged-wbtc-lineatjS.png,45.5737,"{""linea"":""0x3aab2285ddcddad8edf438c1bab47e1a9d05a9b4""}",18
suilend,SEND,Suilend,suilend,suilendxCM.png,100000000,"{""sui"":""0xb45fcfcc2cc07ce0702cc2d229621e046c906ef14d9b25e8e4d25f6e8763fef7::send::SEND""}",18
arsenal-fan-token,AFC,Arsenal Fan Token,arsenal-fan-token,arsenal-fan-tokenq2p.png,39266147,"{""chiliz"":""0x76088f3ed5dc655de9295d93868ec1eec654a615"",""solana"":""Dst93spXQEXxFzwYbFrQRnFYBYpw7AzB2QyALEeP4NGQ"",""base"":""0x580eda966a8129c3c01d149871b47fefcc599d28""}",18
soli-coin-2,SOLI,SOLI coin,soli-coin-2,soli-coin-2PXf.png,202104150,"{""ethereum"":""0x0eaddcbe240d7eeb1ba21f1eed48e58293969c6e""}",18
triple-plus,TPT,Triple Plus,triple-plus,triple-plusYJh.png,500000000,"{""polygon-pos"":""0x95f9b9beceb273815f7f22a5729924acf88050a6""}",18
that,THAT,THAT,that,thatiNv.png,3300000000,"{""polygon-pos"":""0xd2e57e7019a8faea8b3e4a3738ee5b269975008a"",""ethereum"":""0xd2e57e7019a8faea8b3e4a3738ee5b269975008a""}",18
0x289ff00235d2b98b0145ff5d4435d3e92f9540a6_ethereum,BOOE,Book of Ethereum,book-of-ethereum,book-of-ethereumbVu.png,100000000,"{""ethereum"":""0x289ff00235d2b98b0145ff5d4435d3e92f9540a6""}",18
0x0cc24c51bf89c00c5affbfcf5e856c25ecbdb48e_x-layer,XDOG,XDOG,xdog,xdogllf.png,1000000000,"{""x-layer"":""0x0cc24c51bf89c00c5affbfcf5e856c25ecbdb48e""}",18
Ge87EtsjwRQbHaqQmKRno69RFTwh9bfSsm99XNxTpump_solana,JIMOTHY,Jimothy The Raccoon,jimothy-the-raccoon,jimothy-the-raccoonEKp.png,999919897,"{""solana"":""Ge87EtsjwRQbHaqQmKRno69RFTwh9bfSsm99XNxTpump""}",18
football-fun,FUN,Sport.fun,football-fun,football-fun4uL.png,1000000000,"{""base"":""0x16ee7ecac70d1028e7712751e2ee6ba808a7dd92"",""solana"":""8cn4JeRLiHTtfX6maZAsipGGyyZPdEcos3s2X3Hw3BS6""}",18
0x77b0aa38451ccdc1b42587e2f80b9879a7f82356_robinhood,DOGO,DogBull,dogbull,dogbullCfV.png,1010000000,"{""robinhood"":""0x77b0aa38451ccdc1b42587e2f80b9879a7f82356""}",18
byteleap,SN128,ByteLeap,byteleap,sn1.png,4467524,"{""bittensor"":""128""}",18
amnis-aptos,AMAPT,Amnis Aptos,amnis-aptos,amnis-aptosDSH.png,25208968,"{""aptos"":""0x111ae3e5bc816a5e63c2da97d0aa3886519e0cd5e4b046659fa35796bd11542a::amapt_token::AmnisApt""}",18
gmcoin-2,GMCOIN,GMCoin,gmcoin-2,gmcoin-2XPs.png,80000000,"{""tron"":""1002357""}",18
0x65b3f4a4694b125ada8f9ebc2b79d6c7d4015d1b_ethereum,STK,Stoked,steam22,steam22BLF.png,100000000,"{""ethereum"":""0x468586fb630619df6865b62e9e4f6ecba738bbbd""}",18
supersui,SUPERSUI,superSUI,supersui,supersui0uI.png,3216219,"{""sui"":""0x790f258062909e3a0ffc78b3c53ac2f62d7084c3bab95644bdeb05add7250001::super_sui::SUPER_SUI""}",18
TX5eXdf8458bZ77fk8xdvUgiQmC3L93iv7_tron,PUSS,Puss,puss,TX5eXdf8458bZ77fk8xdvUgiQmC3L93iv7_tronE9B.png,1000000000,"{""tron"":""TX5eXdf8458bZ77fk8xdvUgiQmC3L93iv7""}",18
lockheed-ondo-tokenized-stock,LMTON,Lockheed (Ondo Tokenized Stock),lockheed-ondo-tokenized-stock,lockheed-ondo-tokenized-stockB8h.png,7356,"{""ethereum"":""0x691b126cf619707ed5d16cab1b27c000aa8de300"",""binance_smart"":""0xd09f7b75b9659b864c6f82bb00ff096f9d277998"",""solana"":""EoReHwUnGGekbXFHLj5rbCVKiwWqu32GrETMfw4ondo""}",18
scor,SCOR,Scor,scor,scordHR.png,4000000000,"{""base"":""0xd67ec255100ef200a439d09ff865fbaa2ad9c730"",""mantle"":""0x8ddb986b11c039a6cc1dbcabd62bae911b348f33""}",18
GMzuntWYJLpNuCizrSR7ZXggiMdDzTNiEmSNHHunpump_solana,DREAMS,Daydreams,daydreams,GMzuntWYJLpNuCizrSR7ZXggiMdDzTNiEmSNHHunpump_solanaiY2.png,999757735,"{""solana"":""GMzuntWYJLpNuCizrSR7ZXggiMdDzTNiEmSNHHunpump"",""starknet"":""0x04fcaf2a7b4a072fe57c59beee807322d34ed65000d78611c909a46fead07fb1"",""base"":""0x176383016bb310c9f1c180dc6729d5e28104e602""}",18
brain,SN90,Brain,brain,brainpCF.png,549680,"{""bittensor"":""90""}",18
dogeking,DOGEKING,DogeKing,dogeking,dogekingqfg.png,1000000000000000,"{""binance_smart"":""0x641ec142e67ab213539815f67e4276975c2f8d50""}",18
wanchain-bridged-usdc-cardano,USDC,Wanchain Bridged USDC (Cardano),wanchain-bridged-usdc-cardano,wanchain-bridged-usdc-cardanoeUB.png,3808765,"{""cardano"":""25c5de5f5b286073c593edfd77b48abc7a48e5a4f3d4cd9d428ff93555534443""}",18
rss3,RSS3,RSS3,rss3,rss3J6c.png,1000000000,"{""ethereum"":""0xc98d64da73a6616c42117b582e832812e7b8d57f"",""rss3-vsl"":""0x4200000000000000000000000000000000000042""}",18
8ZHE4ow1a2jjxuoMfyExuNamQNALv5ekZhsBn5nMDf5e_solana,MORI,MORI COIN,mori-coin,mori-coinc7w.png,996989104,"{""solana"":""8ZHE4ow1a2jjxuoMfyExuNamQNALv5ekZhsBn5nMDf5e""}",18
grok-2,GROK,Grok,grok-2,grok-2dMM.png,6593038543,"{""ethereum"":""0x8390a1da07e376ef7add4be859ba74fb83aa02d5""}",18
0x92e4b008161ac64a7d0c5e540f453f8e6b8bd8d7_robinhood,GOLDEN,Golden Kitty,golden-kitty,golden-kittyZcC.png,1000000000,"{""robinhood"":""0x92e4b008161ac64a7d0c5e540f453f8e6b8bd8d7""}",18
suku,SUKU,SUKU,suku,sukuarQ.png,1500000000,"{""ethereum"":""0x0763fdccf1ae541a5961815c0872a8c5bc6de4d7"",""polygon-pos"":""0x60ea918fc64360269da4efbda11d8fc6514617c6"",""solana"":""4DxUsKzkzPEsPd2QFrba4VYK5wQFKTEQia6TxpkFnubm""}",18
0x3d9be0ac1001cd81c32464276d863d2ffdca4967_binance_smart,HAEDAL,Haedal Protocol,haedal,haedal2pw.png,1000000000,"{""binance_smart"":""0x3d9be0ac1001cd81c32464276d863d2ffdca4967"",""sui"":""0x3a304c7feba2d819ea57c3542d68439ca2c386ba02159c740f7b406e592c62ea::haedal::HAEDAL""}",18
agave-token,AGVE,Agave,agave-token,agave-tokenYHA.png,100000,"{""xdai"":""0x3a97704a1b25f08aa230ae53b352e2e72ef52843"",""arbitrum-one"":""0x848e0ba28b637e8490d88bae51fa99c87116409b"",""ethereum"":""0x8b79656fc38a04044e495e22fad747126ca305c4""}",18
hxro,HXRO,HXRO,hxro,Hxro12gYd.png,1000000000,"{""ethereum"":""0x4bd70556ae3f8a6ec6c4080a0c327b24325438f3"",""energi"":""0xf25ef66291cc2469781fa18512d6b26431cb0747"",""solana"":""HxhWkVpk5NS4Ltg5nij2G671CKXFRKPK8vy271Ub4uEK""}",18
aftermath-staked-sui,AFSUI,Aftermath Staked SUI,aftermath-staked-sui,aftermath-staked-suitnO.png,2957999,"{""sui"":""0xf325ce1300e8dac124071d3152c5c5ee6174914f8bc2161e88329cf579246efc::afsui::AFSUI""}",18
HtTYHz1Kf3rrQo6AqDLmss7gq5WrkWAaXn3tupUZbonk_solana,KORI,Kori,kori,HtTYHz1Kf3rrQo6AqDLmss7gq5WrkWAaXn3tupUZbonk_solanaaDj.png,999863106,"{""solana"":""HtTYHz1Kf3rrQo6AqDLmss7gq5WrkWAaXn3tupUZbonk""}",18
tokenforge,TKFG,tokenforge,tokenforge,tokenforgesJ3.png,1000000000,"{""base"":""0xe9d139df6212fde346ec650e83039f322018f60d""}",18
vara-network,VARA,Vara Network,vara-network,vara-networkw0V.png,10004940847,,
amazon-bstocks-tokenized-stock,AMZNB,Amazon (bStocks Tokenized Stock),amazon-bstocks-tokenized-stock,amazon-bstocks-tokenized-stockk1h.png,14796,"{""binance_smart"":""0x1a4b499833a79a09ad7cf1d42d7dacf71e92eb00""}",18
fei-usd,FEI,Fei USD,fei-usd,fei-usdRJW.png,3975462,"{""ethereum"":""0x956f47f50a910163d8bf957cf5846d573e7f87ca""}",18
goldfinch,GFI,Goldfinch,goldfinch,goldfinchKUX.png,114285714,"{""ethereum"":""0xdab396ccf3d84cf2d07c4454e10c8a6f5b008d2b""}",18
boson-protocol,BOSON,Boson,boson-protocol,boson-protocolhSU.png,200000000,"{""ethereum"":""0xc477d038d5420c6a9e0b031712f61c5120090de9"",""polygon-pos"":""0x9b3b0703d392321ad24338ff1f846650437a43c9"",""base"":""0x2192607c3cba9ec3d490206d10d831e68e5f3c97"",""arbitrum-one"":""0x54b334d68cf5382fee7fbbe496fcf1e76d9ba000"",""optimistic-ethereum"":""0x647fe0cca3df596ba414c8c600d441bb3d10d616""}",18
spdr-gold-shares-ondo-tokenized,GLDON,SPDR Gold Shares (Ondo Tokenized),spdr-gold-shares-ondo-tokenized,spdr-gold-shares-ondo-tokenizedvtS.png,9744,"{""ethereum"":""0x423d42e505e64f99b6e277eb7ed324cc5606f139"",""binance_smart"":""0xfa9a1e901085e269f6d428f79cd5252d8b919344"",""solana"":""hWfiw4mcxT8rnNFkk6fsCQSxoxgZ9yVhB6tyeVcondo"",""hyperevm"":""0x95febdd6f447b5278c9b98743b4254eb02c6ea1d""}",18
CB9dDufT3ZuQXqqSfa1c5kY935TEreyBw9XJXxHKpump_solana,USDUC,Unstable Coin,unstable-coin,CB9dDufT3ZuQXqqSfa1c5kY935TEreyBw9XJXxHKpump_solana82U.png,999882292,"{""solana"":""CB9dDufT3ZuQXqqSfa1c5kY935TEreyBw9XJXxHKpump"",""ethereum"":""0xecedb6f8108b9f7bbf499da843dced6c2bb6e270"",""base"":""0xecedb6f8108b9f7bbf499da843dced6c2bb6e270"",""hyperevm"":""0x61ef9543f8919bb06e374b3bb58a17725e34f9d9"",""robinhood"":""0xbbb8ef3181661512ceab66e0b213c29211b24b6c""}",18
CARSsxWPkpQWvfyRBwfGMGvysJBHdHGfE46X5MNgmeta_solana,CARS,Rip Cars,rip-cars,rip-carspo3.png,38699657,"{""solana"":""CARSsxWPkpQWvfyRBwfGMGvysJBHdHGfE46X5MNgmeta""}",18
alltoscan,ATS,Alltoscan,alltoscan,alltoscanuvs.png,100000000,"{""binance_smart"":""0x75d8bb7fbd4782a134211dc350ba5c715197b81d""}",18
seth,SETH,sETH,seth,sETH6G86I.png,11580,"{""ethereum"":""0x5e74c9036fb86bd7ecdcb084a0673efc32ea31cb"",""optimistic-ethereum"":""0xe405de8f52ba7559f9df3c368500b6e6ae6cee49""}",18
renzo-restaked-sol,EZSOL,Renzo Restaked SOL,renzo-restaked-sol,renzo-restaked-soldc0.png,23492,"{""solana"":""ezSoL6fY1PVdJcJsUpe5CM3xkfmy3zoVCABybm5WtiC""}",18
nereus-token,NRS,Nereus,nereus-token,nereus-tokenMh8.png,1000000000,"{""polygon-pos"":""0x94615302bcb36309371ea7454f3e99a4002105de""}",18
impt,IMPT,IMPT,impt,imptME3.png,1644703580,"{""ethereum"":""0x04c17b9d3b29a78f7bd062a57cf44fc633e71f85""}",18
oracle-bstocks-tokenized-stock,ORCLB,Oracle (bStocks Tokenized Stock),oracle-bstocks-tokenized-stock,oracle-bstocks-tokenized-stockLHB.png,25790,"{""binance_smart"":""0x4684d9887fc1c71cba7bab8e88835cec217eb598""}",18
pingo,PINGO,PinGo,pingo,pingoezJ.png,1000000000,"{""the-open-network"":""EQCRWpQQmfSglpLp6D5Xebix50AStBxjfQQNkssFP_IsiQc3""}",18
omfgRBnxHsNJh6YeGbGAmWenNkenzsXyBXm3WDhmeta_solana,OMFG,Omnipair,omnipair,omfgRBnxHsNJh6YeGbGAmWenNkenzsXyBXm3WDhmeta_solanahSO.png,13799974,"{""solana"":""omfgRBnxHsNJh6YeGbGAmWenNkenzsXyBXm3WDhmeta""}",18
pmint,PMINT,pMINT,pmint,pmintgwv.png,20196016,"{""pulsechain"":""0xff640cbd35a618df1348d861b5e47f7eab05b422""}",18
2oGLxYuNBJRcepT1mEV6KnETaLD7Bf6qq3CM6skasBfe_solana,PUPS,Pups (Bitcoin),rune-pups,rune-pupsbEu.png,1000000000,"{""solana"":""2oGLxYuNBJRcepT1mEV6KnETaLD7Bf6qq3CM6skasBfe"",""ordinals"":""840000:41""}",18
swe-rizzo,SN45,Talisman AI,swe-rizzo,swe-rizzo434.png,4771481,"{""bittensor"":""45""}",18
cerebras-bstocks-tokenized-stock,CBRSB,Cerebras (bStocks Tokenized Stock),cerebras-bstocks-tokenized-stock,cerebras-bstocks-tokenized-stockqfG.png,19953,"{""binance_smart"":""0xe81c6bb0266cd68b4f17278531dd03ea1f12da4e""}",18
citrea-usd,CTUSD,Citrea USD,citrea-usd,citrea-usdYVQ.png,3642539,"{""citrea"":""0x8d82c4e3c936c7b5724a382a9c5a4e6eb7ab6d5d""}",18
0xb8d98a102b0079b69ffbc760c8d857a31653e56e_base,TOBY,Toby ToadGod,toby-toadgod,toby-toadgodWfm.png,419991597313720,"{""base"":""0xb8d98a102b0079b69ffbc760c8d857a31653e56e""}",18
pibble,PIB,Pibble,pibble,PibblexegmF.png,29648500893,"{""ethereum"":""0x1864ce27e9f7517047933caae530674e8c70b8a7"",""klay-token"":""0xafde910130c335fa5bd5fe991053e3e0a49dce7b""}",18
pht-stablecoin,PHT,PHT Stablecoin,pht-stablecoin,pht-stablecoinfBP.png,225011900,"{""polygon-pos"":""0xe75220cb014dfb2d354bb59be26d7458bb8d0706"",""tron"":""TXdN5fvFjCdqjWJRvWmBzSRLBN7JLYmmrs"",""ethereum"":""0xbe370ad45d44eb45174c4ec60b88839fef32c077""}",18
blub,BLUB,BLUB,blub,blubyyH.png,420690000000000,"{""sui"":""0xfa7ac3951fdca92c5200d468d31a365eb03b2be9936fde615e69f0c1274ad3a0::BLUB::BLUB""}",18
zar-universal,ZARU,ZAR Universal,zar-universal,zar-universaljI1.png,60552996,"{""solana"":""2WvREMqcoxtGuKTyyuzVMH7xDkeH8mY6phduvUofPRXN"",""ethereum"":""0xe205b4e7ac03e3f7b2060c3edf2171aa7126c0d5"",""base"":""0xe205b4e7ac03e3f7b2060c3edf2171aa7126c0d5"",""arc"":""0xe205b4e7ac03e3f7b2060c3edf2171aa7126c0d5""}",18
oly-2,OLY,OLY,oly-2,oly-2vF3.png,224983331,"{""ethereum"":""0x114c7f70be175b1c5a1740eabb8d33bb6dc8b675"",""robinhood"":""0x8e8266b11eaff21998b31c5ad258198e103e1fb0""}",18
ovr,OVR,Ovr,ovr,ovroXL.png,89893757,"{""ethereum"":""0x21bfbda47a0b4b5b1248c767ee49f7caa9b23697"",""binance_smart"":""0x7e35d0e9180bf3a1fc47b0d110be7a21a10b41fe"",""polygon-pos"":""0x1631244689ec1fecbdd22fb5916e920dfc9b8d30"",""base"":""0x27e3bc3a66e24cad043ac3d93a12a8070e3897ba""}",18
propbase,PROPS,Propbase,propbase,propbaseV0s.png,1200000000,"{""aptos"":""0xe50684a338db732d8fb8a3ac71c4b8633878bd0193bca5de2ebc852a83b35099::propbase_coin::props"",""base"":""0xd6aaf4d477999fa50c5a1aa35f708862113a73cc""}",18
gme,GME,GME,gme,gme93Z.png,6885137499,"{""solana"":""8wXtPeU6557ETkp9WHFY1n1EcU6NxDvbAggHGsMYiHsB""}",18
hims-hers-health-inc-robinhood-token,HIMS,"Hims & Hers Health, Inc. • Robinhood Token",hims-hers-health-inc-robinhood-token,hims-hers-health-inc-robinhood-tokenqWG.png,123257,"{""robinhood"":""0xccee82fe024c36fa15e1005ede3e9e4787e23d09""}",18
wrapped-0g,W0G,Wrapped 0G,wrapped-0g,wrapped-0g0V1.png,12139349,"{""0g"":""0x1cd0690ff9a693f5ef2dd976660a8dafc81a109c"",""ethereum"":""0x4c1dab3be86347977f3dfc4b9688224ef2272939"",""solana"":""gNyJyS9pQt33o4y4L3gdWZAF2XHgPrCBRQuaiCZStMe"",""base"":""0x23cd099eb438cca50349ee2bc809196b1ae00861"",""robinhood"":""0x4c1dab3be86347977f3dfc4b9688224ef2272939""}",18
0x5d102d1e69e77591d486aa4f663b3645151bbdf6_robinhood,VOLT,VOLT INU,volt-inu-3,volt-inu-30vy.png,298087818,"{""robinhood"":""0x5d102d1e69e77591d486aa4f663b3645151bbdf6""}",18
6UtY9iTZMQQ5QZVrbzFnNaJntV7oySm9k97mvwnuZcxr_solana,NEARKAT,NearKat,nearkat-2,nearkat-232F.png,999873971,"{""solana"":""6UtY9iTZMQQ5QZVrbzFnNaJntV7oySm9k97mvwnuZcxr""}",18
huobi-btc,HBTC,Huobi BTC,huobi-btc,huobi-btcti4.png,969.487,"{""ethereum"":""0x0316eb71485b0ab14103307bf65a021042c6d380"",""huobi-token"":""0x66a79d23e58475d2738179ca52cd0b41d73f0bea""}",18
nexora,NEX,Nexora,nexora,nexoraM4v.png,100000000,"{""ethereum"":""0x58412ae274f2764b71c66315d97662d47d930d94""}",18
0x491e6de43b55c8eae702edc263e32339da42f58c_blast,ESE,Eesee,eesee,eesee79N.png,805759332,"{""blast"":""0x491e6de43b55c8eae702edc263e32339da42f58c"",""ethereum"":""0x908ddb096bfb3acb19e2280aad858186ea4935c4"",""binance_smart"":""0x491e6de43b55c8eae702edc263e32339da42f58c""}",18
koinos,KOIN,Koinos,koinos,koinosxmJ.png,84849974,,
NomuBwKJEvJ8d4dsaq7NZoHaXWXzKcfke1c7Y8ruFYL_solana,NOMU,Nomu,nomu,NomuBwKJEvJ8d4dsaq7NZoHaXWXzKcfke1c7Y8ruFYL_solana0up.png,999999160,"{""solana"":""NomuBwKJEvJ8d4dsaq7NZoHaXWXzKcfke1c7Y8ruFYL""}",18
v-i-t-r-i-o-l-network,VIT,V.I.T.R.I.O.L. Network,v-i-t-r-i-o-l-network,v-i-t-r-i-o-l-networkMMG.png,720000000,"{""arbitrum-one"":""0x43397505ecec36ea4188c34cf504ca3ac7da32d6""}",18
0x91a2dae9699f0b82540b5886b0d8759c22820ba3_robinhood,MUSEBOOK,musebook,musebook,musebookZCn.png,100000000000,"{""robinhood"":""0x91a2dae9699f0b82540b5886b0d8759c22820ba3""}",18
wexo,WEXO,Wexo,wexo,wexotov.png,860676956,"{""ethereum"":""0xf31698ddad0d11160fe85c500397a470cd3d492e"",""base"":""0xac12f930318be4f9d37f602cbf89cd33e99aa9d4""}",18
sparkdex-staked-flr,STFLR,SparkDEX Staked FLR,sparkdex-staked-flr,sparkdex-staked-flrkS8.png,465063911,"{""flare-network"":""0x0988c6ba244a90c07a917ebe609eb3264be716ff""}",18
pfizer-ondo-tokenized-stock,PFEON,Pfizer (Ondo Tokenized Stock),pfizer-ondo-tokenized-stock,pfizer-ondo-tokenized-stockX9p.png,119782,"{""ethereum"":""0x06954faa913fa14c28eb1b2e459594f22f33f3de"",""binance_smart"":""0x8a83c31d6751833b4940b6e871c48d9a15a07b46"",""solana"":""Gwh9fPsX1qWATXy63vNaJnAFfwebWQtZaVmPko6ondo""}",18
0x76d36d44dc4595e8d2eb3ad745f175eda134284f_binance_smart,PNIC,Phoenic Token,phoenic-token,phoenic-tokenelD.png,5555000000,"{""binance_smart"":""0x76d36d44dc4595e8d2eb3ad745f175eda134284f"",""avalanche"":""0x4f3c5c53279536ffcfe8bcafb78e612e933d53c6""}",18
GoATEDLwYeDQXyzcFxAgeiQd5Amu4mewU4KmbjvUWGvH_solana,GOATED,GOATED,goated-2,GoATEDLwYeDQXyzcFxAgeiQd5Amu4mewU4KmbjvUWGvH_solanaVaM.png,992001084,"{""solana"":""GoATEDLwYeDQXyzcFxAgeiQd5Amu4mewU4KmbjvUWGvH""}",18
BfxhMerBkBhRUGn4tX5YrBRqLqN8VjvUXHhU7K9Fpump_solana,LYNK,LYNK,lynk-coin,BfxhMerBkBhRUGn4tX5YrBRqLqN8VjvUXHhU7K9Fpump_solana4SH.png,999835071,"{""solana"":""HZG1RVn4zcRM7zEFEVGYPGoPzPAWAj2AAdvQivfmLYNK""}",18
wrapped-super-oeth,WSUPEROETHB,Wrapped Super OETH,wrapped-super-oeth,wrapped-super-oethLuG.png,1178,"{""base"":""0x7fcd174e80f264448ebee8c88a7c4476aaf58ea6"",""plume-network"":""0x2de8a403f7a5c6c5161d4a129918ec9f0b653918""}",18
asml-holding-nv-ondo-tokenized-stock,ASMLON,ASML Holding NV (Ondo Tokenized Stock),asml-holding-nv-ondo-tokenized-stock,asml-holding-nv-ondo-tokenized-stockOtM.png,1883,"{""ethereum"":""0xe51ba774ebf6392c45bf1d9e6b334d07992460d3"",""binance_smart"":""0xb034f6cb52b7f2fd5a7eeeffca6b9adcd6b9a6f6"",""solana"":""1eLZPRsn8bAKmoxsqDMH9Q2m2k7GMNp6RLSQGm8ondo""}",18
CcLd8HTAKLWtQHatqPwBQjtuCA72FNB9E1ckRTEzpump_solana,ALTSZN,ALTSEASON,altseason,altseasonsZK.png,999954002,"{""solana"":""CcLd8HTAKLWtQHatqPwBQjtuCA72FNB9E1ckRTEzpump""}",18
bytomdao,BTM,BytomDAO,bytomdao,bytomdaoBWI.png,931520516,"{""ethereum"":""0x4951bec6f4dfc23935c0ec8af92f231f4c20ea03""}",18
0x1e3dbc0aad9671fdd31e58b2fcc6cf1ca9947994_binance_smart,WAI,World3,world3,world3dWf.png,1000000000,"{""binance_smart"":""0x1e3dbc0aad9671fdd31e58b2fcc6cf1ca9947994""}",18
world-of-dypians,WOD,World of Dypians,world-of-dypians,world-of-dypiansVCW.png,1000000000,"{""binance_smart"":""0xb994882a1b9bd98a71dd6ea5f61577c42848b0e8""}",18
bitmine-xstock,BMNRX,Bitmine xStock,bitmine-xstock,bitmine-xstockgqR.png,3976137,"{""ethereum"":""0xaeb681b69e5094e04d11bcef51a71358a374c3ed"",""solana"":""XsrBCwaH8c46xiqXBChzobgufRKxQxAWUWbndgBNzFn""}",18
the-digital-dinar,DINAR,The Digital Dinar,the-digital-dinar,the-digital-dinarqwy.png,17257340,"{""solana"":""AgCpt2wgiLaV29fmaFTZMuM4Hn59gwCArkiMj24zHTVb""}",18
43VWkd99HjqkhFTZbWBpMpRhjG469nWa7x7uEsgSH7We_solana,STNK,Stonks,stonks-4,43VWkd99HjqkhFTZbWBpMpRhjG469nWa7x7uEsgSH7We_solanameR.png,581876,"{""solana"":""43VWkd99HjqkhFTZbWBpMpRhjG469nWa7x7uEsgSH7We""}",18
green,GREEN,Green,green,greenp4T.png,47793297421,"{""ethereum"":""0xb2089a7069861c8d90c8da3aacab8e9188c0c531""}",18
teddy-bear,BEAR,TEDDY BEAR,teddy-bear,1730111787574.png,993400341683967,"{""pulsechain"":""0xd6c31ba0754c4383a41c0e9df042c62b5e918f6d""}",18
switch-token,SWITCH,Switch Token,switch-token,switch-tokenJMq.png,50000000000,"{""ethereum"":""0xb10cc888cb2cce7036f4c7ecad8a57da16161338""}",18
resupply,RSUP,Resupply,resupply,resupplyI3j.png,77416176,"{""ethereum"":""0x419905009e4656fdc02418c7df35b1e61ed5f726""}",18
western-digital-bstocks-tokenized-stock,WDCB,Western Digital (bStocks Tokenized Stock),western-digital-bstocks-tokenized-stock,western-digital-bstocks-tokenized-stocknOy.png,8393,"{""binance_smart"":""0xebe29695f8047c13d36e7a790ca8c1b239ffad1c""}",18
lantern-staked-sol,LANTERNSOL,Lantern Staked SOL,lantern-staked-sol,lantern-staked-solyyF.png,23135,"{""solana"":""LnTRntk2kTfWEY6cVB8K9649pgJbt6dJLS1Ns1GZCWg""}",18
extra-finance,EXTRA,Extra Finance,extra-finance,extra-financecWY.png,844535970,"{""optimistic-ethereum"":""0x2dad3a13ef0c6366220f989157009e501e7938f8"",""base"":""0x2dad3a13ef0c6366220f989157009e501e7938f8""}",18
0x1ea8deb921aa6015f4938010c848140b98108dd2_base,VAPI,vAPI Network,vapi-network,0x1ea8deb921aa6015f4938010c848140b98108dd2_base6ki.png,66261232,"{""base"":""0x1ea8deb921aa6015f4938010c848140b98108dd2""}",18
ramses,RAM,Ramses,ramses,ramsesLdM.png,243712891,"{""hyperevm"":""0x555570a286f15ebdfe42b66ede2f724aa1ab5555"",""robinhood"":""0x5173d45a1191ee33cbb7d8c7e65f21b04ed54802""}",18
agoric,BLD,Agoric,agoric,1705146485483.png,1073101297,"{""osmosis"":""ibc/2DA9C149E9AD2BD27FEFA635458FB37093C256C1A940392634A16BEA45262604"",""secret"":""secret1uxvpq889uxjcpj656yjjexsqa3zqm6ntkyjsjq"",""archway"":""ibc/8CB56C813A5C2387140BBEAABCCE797AFA0960C8D07B171F71A5188726CFED2C""}",18
unit-monad,UMON,Unit Monad,unit-monad,unit-monadUX7.png,100556077,"{""hyperliquid"":""0x58dae745c8c5fed4012f35ef39829c2d""}",18
areon-bridged-usdt-areon-network,USDT,Areum Bridged USDT (Areum Network),areon-bridged-usdt-areon-network,areon-bridged-usdt-areon-networkmJ3.png,3456424,"{""areon-network"":""0x7208c6b86299f1ebce8dd4122658e00bc0337e86""}",18
syndicate-3,SYND,Syndicate,syndicate-3,syndicate-3mlc.png,1000000000,"{""ethereum"":""0x1bab804803159ad84b8854581aa53ac72455614e"",""base"":""0x11dc28d01984079b7efe7763b533e6ed9e3722b9""}",18
penpie,PNP,Penpie,penpie,penpiefKQ.png,10000000,"{""ethereum"":""0x7dedbce5a2e31e4c75f87fea60bf796c17718715"",""arbitrum-one"":""0x2ac2b254bc18cd4999f64773a966e4f4869c34ee"",""binance_smart"":""0x5012c90f14d190607662ca8344120812aaa2639d"",""optimistic-ethereum"":""0xc4a65a93dd6cd9717551ebe827e8baee025d1d7e""}",18
rigoblock,GRG,RigoBlock,rigoblock,rigoblockwKo.png,7648911,"{""ethereum"":""0x4fbb350052bca5417566f188eb2ebce5b19bc964"",""arbitrum-one"":""0x7f4638a58c0615037decc86f1dae60e55fe92874"",""optimistic-ethereum"":""0xecf46257ed31c329f204eb43e254c609dee143b3"",""binance_smart"":""0x3d473c3ef4cd4c909b020f48477a2ee2617a8e3c"",""polygon-pos"":""0xbc0bea8e634ec838a2a45f8a43e7e16cd2a8ba99"",""base"":""0x09188484e1ab980daef53a9755241d759c5b7d60"",""unichain"":""0x03c2868c6d7fd27575426f395ee081498b1120dd""}",18
minima,MINIMA,Minima,minima,minimarbJ.png,999978154,,
tradr-2x-long-sndk-etf-bstocks-tokenized-stock,SNXXB,Tradr 2X Long SNDK ETF (bStocks Tokenized Stock),tradr-2x-long-sndk-etf-bstocks-tokenized-stock,tradr-2x-long-sndk-etf-bstocks-tokenized-stocku44.png,211939,"{""binance_smart"":""0x9e82e3da8f1115b73d24bb24113ab836ffdab6b6""}",18
ancient8,A8,Ancient8,ancient8,ancient8qdr.png,1000000000,"{""ethereum"":""0x3e5a19c91266ad8ce2477b91585d1856b84062df"",""ancient8"":""0xd812d616a7c54ee1c8e9c9cd20d72090bdf0d424""}",18
taler-2,TLO,TAU Lending Optimizer on Taler,taler-2,taler-2PQW.png,3441509,"{""ethereum"":""0x0f38f1ce62776d4a0038bc6cac66877a5687383b""}",18
kaskad,KSKD,Kaskad,kaskad,kaskadLP6.png,1000000000,"{""igra"":""0x16d92794f5b81d2cded0f0958779a410401e6435""}",18
kabosu,KABOSU,Kabosu,kabosu,kabosuE9Q.png,1000000000000000,"{""binance_smart"":""0x4a824ee819955a7d769e03fe36f9e0c3bd3aa60b""}",18
0xf2915d1e3c1b0c769d0c756ec43f1c1f6c99cd03_robinhood,ARROW,Arrow,arrow-2,arrow-22ek.png,10000000,"{""robinhood"":""0xf2915d1e3c1b0c769d0c756ec43f1c1f6c99cd03""}",18
coherent-bstocks-tokenized-stock,COHRB,Coherent (bStocks Tokenized Stock),coherent-bstocks-tokenized-stock,coherent-bstocks-tokenized-stock0Xu.png,10071,"{""binance_smart"":""0x5131859a059b2446abeefe0f5d313b3c54ff3d36""}",18
Hg5Ja55T5wESq4vyFoiVCMeHXtGyVA69X2UHq8hgpump_solana,BATON,baton,baton-3,baton-3z9n.png,998739451,"{""solana"":""Hg5Ja55T5wESq4vyFoiVCMeHXtGyVA69X2UHq8hgpump""}",18
EQDQEUr0LPi8m6D6F0Wrvuok7tZbAcr0yn2Y7hK291MMzMjM_the-open-network,HPO,Hipo Governance Token,hipo-governance-token,hipo-governance-tokenPgM.png,977282076,"{""the-open-network"":""EQDQEUr0LPi8m6D6F0Wrvuok7tZbAcr0yn2Y7hK291MMzMjM""}",18
mimo-parallel-governance-token,PRL,Parallel Governance,mimo-parallel-governance-token,mimo-parallel-governance-tokenZ6M.png,1000000000,"{""ethereum"":""0x6c0aeceedc55c9d55d8b99216a670d85330941c3"",""optimistic-ethereum"":""0xfd28f108e95f4d41daae9dbfff707d677985998e"",""fantom"":""0x1d1764f04de29da6b90ffbef372d1a45596c4855"",""sonic"":""0xfd28f108e95f4d41daae9dbfff707d677985998e"",""base"":""0xfd28f108e95f4d41daae9dbfff707d677985998e"",""polygon-pos"":""0x7790dd69aa10ed3f1271e41cd7222d2a7d2d5948"",""arbitrum-one"":""0xfd28f108e95f4d41daae9dbfff707d677985998e""}",18
alpaca-finance,ALPACA,Alpaca Finance,alpaca-finance,alpaca-finance9vr.png,151666338,"{""binance_smart"":""0x8f0528ce5ef7b51152a59745befdd91d97091d2f"",""fantom"":""0xad996a45fd2373ed0b10efa4a8ecb9de445a4302""}",18
PRVT6TB7uss3FrUd2D9xs2zqDBsa3GbMJMwCQsgmeta_solana,UMBRA,Umbra,umbra,umbragSe.png,27344360,"{""solana"":""PRVT6TB7uss3FrUd2D9xs2zqDBsa3GbMJMwCQsgmeta""}",18
ampleforth,AMPL,Ampleforth,ampleforth,Ampleforth7satU.png,2878885,"{""ethereum"":""0xd46ba6d942050d489dbd938a2c909a5d5039a161"",""near-protocol"":""77fba179c79de5b7653f68b5039af940ada60ce0.factory.bridge.near"",""harmony-shard-0"":""0xf2f5bf00cd952f3f980a02f5dce278cbff4dae05"",""binance_smart"":""0xdb021b1b247fe2f1fa57e0a87c748cc1e321f07f"",""avalanche"":""0x027dbca046ca156de9622cd1e2d907d375e53aa7"",""energi"":""0x79786ed8a70ccec6c7a31debc7fefc5119f9dc95""}",18
bridged-wrapped-ether-morph-l2,WETH,Bridged Wrapped Ether (Morph L2),bridged-wrapped-ether-morph-l2,bridged-wrapped-ether-morph-l25j7.png,1243,"{""morph-l2"":""0x5300000000000000000000000000000000000011""}",18
stader-maticx,MATICX,Stader MaticX,stader-maticx,stader-maticxkGW.png,25993094,"{""ethereum"":""0xf03a7eb46d01d9ecaa104558c732cf82f6b6b645"",""polygon-pos"":""0xfa68fb4628dff1028cfec22b4162fccd0d45efb6"",""manta-pacific"":""0x01d27580c464d5b3b26f78bee12e684901dbc02a""}",18
merlin-chain-bridged-wrapped-btc-merlin,WBTC,Merlin Chain Bridged Wrapped BTC (Merlin),merlin-chain-bridged-wrapped-btc-merlin,merlin-chain-bridged-wrapped-btc-merlinOO8.png,47.8384,"{""merlin-chain"":""0xf6d226f9dc15d9bb51182815b320d3fbe324e1ba""}",18
feg-token-2,FEG,FEED EVERY GORILLA,feg-token-2,feg-token-2f9z.png,96108686378,"{""ethereum"":""0xbededdf2ef49e87037c4fb2ca34d1ff3d3992a11"",""binance_smart"":""0xf3c7cecf8cbc3066f9a87b310cebe198d00479ac"",""base"":""0xf3c7cecf8cbc3066f9a87b310cebe198d00479ac""}",18
AY2Qidgrky4TFymeJKe36w5buY7QWK7TSd7obQLupump_solana,KRA,KiraKuru,kirakuru,AY2Qidgrky4TFymeJKe36w5buY7QWK7TSd7obQLupump_solanaPxp.png,999988381,"{""solana"":""AY2Qidgrky4TFymeJKe36w5buY7QWK7TSd7obQLupump""}",18
buy-the-dip,DIP,Buy the DIP,buy-the-dip,buy-the-dip0Ow.png,10000000000,,
aavegotchi,GHST,Aavegotchi,aavegotchi,aavegotchifQj.png,52747803,"{""ethereum"":""0x3f382dbd960e3a9bbceae22651e88158d2791550"",""polygon-pos"":""0x385eeac5cb85a38a9a07a70c73e0a3271cfb54a7"",""energi"":""0x4bd75f8c7e067ea9b6e2dfbecd99d805396bc5ff"",""base"":""0xcd2f22236dd9dfe2356d7c543161d4d260fd9bcb""}",18
nearly-993927.nearlytrade.near_near-protocol,NEARLY,NEARLY,nearly,nearlyUot.png,951779542,"{""near-protocol"":""nearly-993927.nearlytrade.near""}",18
DY9eMcfexuwBzwYVBGodT941AhK8e1ABcBifHvKjpump_solana,BIRTHDAY,BIRTHDAY,birthday,birthdaycz3.png,995878211,"{""solana"":""DY9eMcfexuwBzwYVBGodT941AhK8e1ABcBifHvKjpump""}",18
xram-liquid-staking-token,HYPERRAM,xRAM Liquid Staking Token,xram-liquid-staking-token,xram-liquid-staking-token5aw.png,57061401,"{""hyperevm"":""0x5555c2542836e7a6c8d3e133d5aa9773b65d5555""}",18
WingsAYbfs4qnEgcw8jpSvetqp8XHM3GkKvow54WLcd_solana,WINGS,Wingbits,wingbits,wingbitstxl.png,10000000000,"{""solana"":""WingsAYbfs4qnEgcw8jpSvetqp8XHM3GkKvow54WLcd""}",18
coinweb,CWEB,Coinweb,coinweb,coinwebduh.png,7597002817,"{""ethereum"":""0x505b5eda5e25a67e1c24a2bf1a527ed9eb88bf04""}",18
dollar-on-chain,DOC,Dollar On Chain,dollar-on-chain,dollar-on-chain9Vq.png,3347292,"{""rootstock"":""0xe700691da7b9851f2f35f8b8182c69c53ccad9db"",""arbitrum-one"":""0x2ad62eb9744c720364f6ac856360a43e8a2229b5""}",18
bridged-tether-starkgate,USDT,StarkGate Bridged USDT (StarkNet),bridged-tether-starkgate,bridged-tether-starkgatehg9.png,3317736,"{""starknet"":""0x068f5c6a61780768455de69077e07e89787839bf8166decfbf92b645209c0fb8""}",18
league-of-traders,LOT,League of Traders,league-of-traders,league-of-traderstar.png,1000000000,"{""binance_smart"":""0xbfe78de7d1c51e0868501d5fa3e88e674c79acdd""}",18
ishares-russell-2000-etf-ondo-tokenized-etf,IWMON,iShares Russell 2000 ETF (Ondo Tokenized ETF),ishares-russell-2000-etf-ondo-tokenized-etf,ishares-russell-2000-etf-ondo-tokenized-etfjG5.png,11630,"{""ethereum"":""0x070d79021dd7e841123cb0cf554993bf683c511d"",""binance_smart"":""0x500eafc69b68acd6f27064f9b75f1c7d91cc4d9f"",""solana"":""dvj2kKFSyjpnyYSYppgFdAEVfgjMEoQGi9VaV23ondo""}",18
HcfnJxLov6tY8i1dq9uYRRZKCvxADPpovcfkyXzdpump_solana,CHONKETHA,Chonketha the Wet Beaver,chonketha-the-wet-beaver,chonketha-the-wet-beaverl6T.png,999862962,"{""solana"":""HcfnJxLov6tY8i1dq9uYRRZKCvxADPpovcfkyXzdpump""}",18
cult-dao,CULT,Cult DAO,cult-dao,cult-daouom.png,4983113538604,"{""ethereum"":""0xf0f9d895aca5c8678f706fb8216fa22957685a13""}",18
brl1,BRL1,BRL1,brl1,brl1zpW.png,17242188,"{""polygon-pos"":""0x5c067c80c00ecd2345b05e83a3e758ef799c40b5""}",18
everscale,EVER,Everscale,everscale,everscalerfL.png,2117508291,"{""ethereum"":""0x29d578cec46b50fa5c88a99c6a4b70184c062953"",""binance_smart"":""0x0a7e7d210c45c4abba183c1d0551b53ad1756eca""}",18
tesla-rstock-2,RTSLA,Tesla Tokenized Stock (Reality),tesla-rstock-2,tesla-rstock-2tCY.png,8865,"{""arbitrum-one"":""0xf912911c9c8d5131929c758e66e6dc54e65cf3ba"",""morph-l2"":""0xa09c9598a7ef2be720cb8e6f0920561931323735""}",18
nolus,NLS,Nolus,nolus,noluslsb.png,922804695,"{""osmosis"":""ibc/D9AFCECDD361D38302AA66EB3BAC23B95234832C51D12489DC451FA2B7C72782"",""neutron"":""ibc/6C9E6701AC217C0FC7D74B0F7A6265B9B4E3C3CDA6E80AADE5F950A8F52F9972"",""ethereum"":""0xb34e17562e4f1f63a2d4cf684ed8bc124e519771"",""solana"":""B9Vhg6XrNswZvLdKgpKhZ9Fj9yV7j2RxQKUaq5fmuphv""}",18
xreserve-bridged-usdc-canton,USDCX,xReserve Bridged USDC (Canton),xreserve-bridged-usdc-canton,xreserve-bridged-usdc-cantonQ82.png,0,"{""canton-network"":""usdcx""}",18
72_bittensor,SN72,StreetVision by NATIX,streetvision-by-natix,streetvision-by-natixsKB.png,5002565,"{""bittensor"":""72""}",18
amaterasu-omikami,OMIKAMI,AMATERASU OMIKAMI,amaterasu-omikami,amaterasu-omikamiquX.png,999592217,"{""ethereum"":""0x9e18d5bab2fa94a6a95f509ecb38f8f68322abd3""}",18
polygon-hermez-bridged-usdt-x-layer,USDT,Polygon Hermez Bridged USDT (x Layer),polygon-hermez-bridged-usdt-x-layer,polygon-hermez-bridged-usdt-x-layerMqV.png,3274387,"{""x-layer"":""0x1e4a5963abfd975d8c9021ce480b42188849d41d""}",18
gamestop-robinhood-tokenized-stock,GME,GameStop • Robinhood Token,gamestop-robinhood-tokenized-stock,gamestop-robinhood-tokenized-stockYfK.png,129788,"{""robinhood"":""0x1b0e319c6a659f002271b69db8a7df2f911c153e""}",18
42_bittensor,SN42,Real-Time Data by Masa,real-time-data-by-masa,real-time-data-by-masaW38.png,5236920,"{""bittensor"":""42""}",18
qualcomm-ondo-tokenized-stock,QCOMON,Qualcomm (Ondo Tokenized Stock),qualcomm-ondo-tokenized-stock,qualcomm-ondo-tokenized-stockhic.png,17344,"{""ethereum"":""0xe3419710c1f77d44b4dab02316d3f048818c4e59"",""binance_smart"":""0xfbd4d681c92ead6af0e49950c8b2e47eeacbb2db"",""solana"":""hrmX7MV5hifoaBVjnrdpz698yABxrbBNAcWtWo9ondo""}",18
iaero,IAERO,iAero,iaero,iaeroQZ5.png,5607006,"{""base"":""0x81034fb34009115f215f5d5f564aac9ffa46a1dc""}",18
AywAYdNJnSLSXwKWYxDciPjqGRnwp4iZdQptuuQTpump_solana,MICHI,michi,michi,michiVSj.png,999999999,"{""solana"":""AywAYdNJnSLSXwKWYxDciPjqGRnwp4iZdQptuuQTpump""}",18
0x8b7dde054be9d180c1be7fae0874697374a49832_base,PROS,Wrapped PROS,wrapped-pros,wrapped-prosaii.png,4102322,"{""base"":""0x8b7dde054be9d180c1be7fae0874697374a49832""}",18
stader-bnbx,BNBX,Stader BNBx,stader-bnbx,stader-bnbxLxZ.png,2590,"{""binance_smart"":""0x1bdd3cf7f79cfb8edbb955f20ad99211551ba275""}",18
1Qf8gESP4i6CFNWerUSDdLKJ9U1LpqTYvjJ2MM4pain_solana,PAIN,Pain,pain,1Qf8gESP4i6CFNWerUSDdLKJ9U1LpqTYvjJ2MM4pain_solanawXj.png,9999844,"{""solana"":""1Qf8gESP4i6CFNWerUSDdLKJ9U1LpqTYvjJ2MM4pain""}",18
united-states-oil-fund-ondo-tokenized,USOON,United States Oil Fund (Ondo Tokenized),united-states-oil-fund-ondo-tokenized,united-states-oil-fund-ondo-tokenized1OF.png,22265,"{""ethereum"":""0x1f5fc5c3c8b0f15c7e21af623936ff2b210b6415"",""binance_smart"":""0x94174e3d1335db402dd03a092f7aa7ac2cb32be4"",""solana"":""rpydAzWdCy85HEmoQkH5PVxYtDYQWjmLxgHHadxondo"",""hyperevm"":""0xa4db50bb345151f3649539300523e83a8b8a6bc7""}",18
zen-ai,ZAI,Zen AI,zen-ai,zen-aiwwC.png,3057258046,"{""solana"":""8vwqxHGz1H4XxyKajr99Yxm65HjYNVtqtCNoM2yWb13e""}",18
0xb2000000000000000000002d0ba3164cc74f58b7_base,GOOGLC,Alphabet (Coinbase Tokenized Stock),alphabet-coinbase-tokenized-stock,alphabet-coinbase-tokenized-stockU7S.png,9391,"{""base"":""0xb2000000000000000000002d0ba3164cc74f58b7""}",18
vertcoin,VTC,Vertcoin,vertcoin,VertcoinQEGMr.png,74573243,,
swisscheese,SWCH,SwissCheese,swisscheese,swisscheese5pA.png,120000000,"{""polygon-pos"":""0x3ce1327867077b551ae9a6987bf10c9fd08edce1""}",18
humans-ai,HEART,Humans.ai,humans-ai,humans-ai7fw.png,7800000000,"{""ethereum"":""0x8fac8031e079f409135766c7d5de29cf22ef897c"",""osmosis"":""ibc/35CECC330D11DD00FACB555D07687631E0BC7D226260CC5F015F6D7980819533""}",18
most-wanted-2,MOST,Most Wanted,most-wanted-2,most-wanted-2wzl.png,1000000000,"{""pulsechain"":""0xe33a5ae21f93acec5cfc0b7b0fdbb65a0f0be5cc""}",18
jeff-3,JEFF,Jeff,jeff-3,jeff-3cCi.png,998404,"{""hyperliquid"":""0xfcf28885456bf7e7cbe5b7a25407c5bc"",""hyperevm"":""0x52e444545fbe9e5972a7a371299522f7871aec1f""}",18
9ezFthWrDUpSSeMdpLW6SDD9TJigHdc4AuQ5QN5bpump_solana,XERIS,XerisCoin,xeriscoin,9ezFthWrDUpSSeMdpLW6SDD9TJigHdc4AuQ5QN5bpump_solanaZb6.png,979794955,"{""solana"":""9ezFthWrDUpSSeMdpLW6SDD9TJigHdc4AuQ5QN5bpump""}",18
sato-2,SATO,Sato,sato-2,sato-2lhL.png,17747022,"{""ethereum"":""0x829f4b62eebe12af653b4dd4ffc480966f7d7f09""}",18
bitagent-rizzo,SN20,BitAgent - Rizzo,bitagent-rizzo,bitagent-rizzo6o1.png,4572059,"{""bittensor"":""20""}",18
swarm-bzz,BZZ,Swarm,swarm-bzz,swarm-bzzZdQ.png,63149438,"{""ethereum"":""0x19062190b1925b5b6689d7073fdfc8c2976ef8cb"",""xdai"":""0xdbf3ea6f5bee45c02255b2c26a16f300502f68da""}",18
palo-alto-networks-ondo-tokenized-stock,PANWON,Palo Alto Networks (Ondo Tokenized Stock),palo-alto-networks-ondo-tokenized-stock,palo-alto-networks-ondo-tokenized-stock4UV.png,7953,"{""ethereum"":""0x34bfdff25f0fda6d3ad0c33f1e06c0d40bd68885"",""binance_smart"":""0x0eaa1a75bd682a5669ab2371a559fbd039c6b9eb"",""solana"":""M7hVQomhw4Q2D2op3HvBrZjHu9SryjNvD5haEZ1ondo""}",18
0x3ac8e2c113d5d7824ac6ebe82a3c60b1b9d64444_binance_smart,客服小何,客服小何 (Customer Service Xiao He),customer-service-xiao-he,0x3ac8e2c113d5d7824ac6ebe82a3c60b1b9d64444_binance_smartxww.png,1000000000,"{""binance_smart"":""0x3ac8e2c113d5d7824ac6ebe82a3c60b1b9d64444""}",18
0xca79db4b49f608ef54a5cb813fbed3a6387bc645_hyperevm,USDXL,Last USD,last-usd,last-usdbVC.png,88000113067,"{""hyperevm"":""0xca79db4b49f608ef54a5cb813fbed3a6387bc645"",""hyperliquid"":""0xf448c3cad413cdf0feb1746d7b057967""}",18
xsushi,XSUSHI,xSUSHI,xsushi,xsushimwX.png,7796246,"{""ethereum"":""0x8798249c2e607446efb7ad49ec89dd1865ff4272""}",18
rarible,RARI,RARI,rarible,raribleyDZ.png,25000000,"{""ethereum"":""0xfca59cd816ab1ead66534d82bc21e7515ce441cf"",""energi"":""0x87ce5dde0595d9306db44dc0baa9703ace18c415"",""base"":""0xc61f9663e05fccd84d4d6c56a373093437ecb899""}",18
ast-spacemobile-ondo-tokenized,ASTSON,AST SpaceMobile (Ondo Tokenized),ast-spacemobile-ondo-tokenized,ast-spacemobile-ondo-tokenizeddoP.png,54322,"{""ethereum"":""0x0d1fa4e1e3719945899ef7b02840627df46af44a"",""binance_smart"":""0x45abf29515bc23f8c0ed2a06584444ce473a75fb"",""solana"":""B6ry9goGNvVbhq7gWHzs3p6emJ1gLaMhu4By9TTondo""}",18
comtech-gold,CGO,Comtech Gold,comtech-gold,comtech-goldtXq.png,24000,"{""xdc-network"":""xdc8f9920283470f52128bf11b0c14e798be704fd15""}",18
ishares-china-large-cap-etf-ondo-tokenized,FXION,iShares China Large-Cap ETF (Ondo Tokenized),ishares-china-large-cap-etf-ondo-tokenized,ishares-china-large-cap-etf-ondo-tokenizedPka.png,94771,"{""ethereum"":""0x2dd57b497c777d9825a5902114be81df98ede958"",""binance_smart"":""0x9b8e987e6fec8cf1380c4dca7071e2c7853aeea1"",""solana"":""CeFbGYXDmkyfo1TXXzzZ512mtnCCewNohu6V15vondo""}",18
vaultbridge-bridged-usdt-katana,VBUSDT,Vault Bridge Bridged USDT (Katana),vaultbridge-bridged-usdt-katana,vaultbridge-bridged-usdt-katanajha.png,3159975,"{""katana"":""0x2dca96907fde857dd3d816880a0df407eeb2d2f2""}",18
palantir-technologies-ondo-tokenized-stock,PLTRON,Palantir Technologies (Ondo Tokenized Stock),palantir-technologies-ondo-tokenized-stock,palantir-technologies-ondo-tokenized-stock4yQ.png,16690,"{""ethereum"":""0x0c666485b02f7a87d21add7aeb9f5e64975aa490"",""binance_smart"":""0x9351abd19f42101dd36025e495b98e910b255d78"",""solana"":""HfsnTS5qtdStwec9DfBrunRqnAMYMMz1kjv9Hu9ondo"",""hyperevm"":""0x039358ab6919159f6026ea4428595a5aaf12a35c""}",18
0xf1a7000000950c7ad8aff13118bb7ab561a448ee_ethereum,FLAY,Flayer,flayer,flayeroQl.png,1000000000,"{""ethereum"":""0xf1a7000000950c7ad8aff13118bb7ab561a448ee"",""base"":""0xf1a7000000950c7ad8aff13118bb7ab561a448ee"",""robinhood"":""0x667f0926022e6b9e9f67a9314ed5830be54346b2""}",18
hatom,HTM,Hatom,hatom,hatom14q.png,100006500,"{""elrond"":""HTM-f51d55""}",18
waddles-live,WADDLESLIV,WADDLES LIVE,waddles-live,waddles-liveBi4.png,891207742,"{""solana"":""CgozZUAkJXYYBEiCmbeECxkQzVihahtncDho7pX9pump""}",18
tao-private-network,SN65,True Performance Network,tao-private-network,tao-private-networkauc.png,4974969,"{""bittensor"":""65""}",18
numinous,SN6,Numinous,numinous,numinous3HB.png,4370000,,
0x788470b87b87b1815dd2119615a946825342ae01_base,PSC,PowerSnookerCoin,powersnookercoin,powersnookercoinAE2.png,600000000,"{""base"":""0x788470b87b87b1815dd2119615a946825342ae01""}",18
7oBYdEhV4GkXC19ZfgAvXpJWp2Rn9pm1Bx2cVNxFpump_solana,CAR,Central African Republic Meme,central-african-republic-meme,7oBYdEhV4GkXC19ZfgAvXpJWp2Rn9pm1Bx2cVNxFpump_solanapBQ.png,992957091,"{""solana"":""7oBYdEhV4GkXC19ZfgAvXpJWp2Rn9pm1Bx2cVNxFpump""}",18
bitcoin-bull-2,BTCBULL,Bitcoin Bull,bitcoin-bull-2,bitcoin-bull-2QaH.png,21000000000,"{""ethereum"":""0xc3f822e94c321dd3ee53ca46b78098ea79b7ec8d""}",18
astraai,ASTRA,AstraAI,astraai,astraaiTBh.png,10000000,"{""ethereum"":""0x0aa8a7d1fb4c64b3b1dcea9a7ade81c59c25b95b""}",18
ampleforth-governance-token,FORTH,Ampleforth Governance,ampleforth-governance-token,ampleforth-governance-tokenzy0.png,15297897,"{""ethereum"":""0x77fba179c79de5b7653f68b5039af940ada60ce0""}",18
0xb0415d55f2c87b7f99285848bd341c367feac1ea_ethereum,1R0R,R0AR Token,r0ar-token,r0ar-tokencS2.png,8495915241,"{""ethereum"":""0xb0415d55f2c87b7f99285848bd341c367feac1ea""}",18
HyDKNdnhZNVYQMruBevbNsUWruA9STmAQrS4srXApump_solana,ALLINDOGE,ALLINDOGE,allindoge,allindogesJO.png,992338450,"{""solana"":""HyDKNdnhZNVYQMruBevbNsUWruA9STmAQrS4srXApump""}",18
unilayer,LAYER,UniLayer,unilayer,unilayerKw1.png,40000000,"{""ethereum"":""0x0ff6ffcfda92c53f615a4a75d982f399c989366b"",""binance_smart"":""0xc2c23a86def9e9f5972a633b3d25f7ecbfa5e575"",""harmony-shard-0"":""0xe88699ad32d5a610987a3ba8519c06289549cca7""}",18
nanobyte,NBT,NanoByte,nanobyte,nanobyteadQ.png,9980050000,"{""ethereum"":""0x446f2a8a39cc730ef378be759a3c57f1a3fe824c"",""binance_smart"":""0x1d3437e570e93581bd94b2fd8fbf202d4a65654a""}",18
HZqjjeso24PDVdLsVJQyVb8kDnbo7HhXfY1Jane66o9C_solana,CDR,Cedar,cedar,HZqjjeso24PDVdLsVJQyVb8kDnbo7HhXfY1Jane66o9C_solanaidj.png,829392485,"{""solana"":""HZqjjeso24PDVdLsVJQyVb8kDnbo7HhXfY1Jane66o9C""}",18
microsoft-bstocks-tokenized-stock,MSFTB,Microsoft (bStocks Tokenized Stock),microsoft-bstocks-tokenized-stock,microsoft-bstocks-tokenized-stockkGs.png,5970,"{""binance_smart"":""0x80106cb3ead06659a5ad19df39d9b4733863b9b0""}",18
ai-network,AIN,AI Network,ai-network,ai-network6Su.png,700000000,"{""ethereum"":""0x3a810ff7211b40c4fa76205a14efe161615d0385"",""avalanche"":""0xd4423795fd904d9b87554940a95fb7016f172773"",""binance_smart"":""0xd4423795fd904d9b87554940a95fb7016f172773"",""base"":""0xd4423795fd904d9b87554940a95fb7016f172773"",""polygon-pos"":""0xd4423795fd904d9b87554940a95fb7016f172773"",""arbitrum-one"":""0xd4423795fd904d9b87554940a95fb7016f172773"",""optimistic-ethereum"":""0xd4423795fd904d9b87554940a95fb7016f172773""}",18
gemhub,GHUB,GemHUB,gemhub,gemhubsyK.png,1200000000,"{""klay-token"":""0x4836cc1f355bb2a61c210eaa0cd3f729160cd95e""}",18
qualcomm-bstocks-tokenized-stock,QCOMB,Qualcomm (bStocks Tokenized Stock),qualcomm-bstocks-tokenized-stock,qualcomm-bstocks-tokenized-stockRqr.png,16561,"{""binance_smart"":""0x5f7a56e877b9130608bf8be962621011182fefe1""}",18
monetrix-usd,USDM,Monetrix USD,monetrix-usd,monetrix-usdf96.png,3081365,"{""hyperevm"":""0xe2d2959f89b6389deb624bf076fe7d9e5401f377""}",18
leisuremeta,LM,LeisureMeta,leisuremeta,leisuremetaV3b.png,4668074832,"{""ethereum"":""0xc064f4f215b6a1e4e7f39bd8530c4de0fc43ee9d""}",18
yieldfi-vyusd,VYUSD,YieldFi vyUSD,yieldfi-vyusd,yieldfi-vyusdVgS.png,3327398,"{""ethereum"":""0x2e3c5e514eef46727de1fe44618027a9b70d92fc"",""sonic"":""0xf4f447e6afa04c9d11ef0e2fc0d7f19c24ee55de"",""optimistic-ethereum"":""0xf4f447e6afa04c9d11ef0e2fc0d7f19c24ee55de"",""base"":""0xf4f447e6afa04c9d11ef0e2fc0d7f19c24ee55de"",""arbitrum-one"":""0xf4f447e6afa04c9d11ef0e2fc0d7f19c24ee55de""}",18
roaland-core,ROA,ROACORE,roaland-core,roaland-core8Ut.png,949511321,"{""solana"":""5tB5D6DGJMxxHYmNkfJNG237x6pZGEwTzGpUUh62yQJ7""}",18
mysterium,MYST,Mysterium,mysterium,MysteriumYFdLn.png,32433365,"{""ethereum"":""0x4cf89ca06ad997bc732dc876ed2a7f26a9e7f361"",""polygon-pos"":""0x1379e8886a944d2d9d440b3d88df536aea08d9f3"",""binance_smart"":""0x2ff0b946a6782190c4fe5d4971cfe79f0b6e4df2""}",18
avici,AVICI,Avici,avici,avici1wz.png,12899504,"{""solana"":""BANKJmvhT8tiJRsBSS1n2HryMBPvT5Ze4HU95DUAmeta""}",18
0xbf3e53713a53e9c3d5d1ddc25dd2c65669244663_robinhood,PCC,Pussy Cat Club,pussy-cat-club,pussy-cat-club8JC.png,1000000000,"{""robinhood"":""0xbf3e53713a53e9c3d5d1ddc25dd2c65669244663""}",18
0x768be13e1680b5ebe0024c42c896e3db59ec0149_base,SKI,Ski Mask Dog,ski-mask-dog,ski-mask-dogmUy.png,1000000000,"{""base"":""0x768be13e1680b5ebe0024c42c896e3db59ec0149""}",18
aragon,ANT,Aragon,aragon,Aragon2LGB6.png,43192488,"{""ethereum"":""0xa117000000f279d81a1d3cc75430faa017fa5a2e"",""energi"":""0x4b3686eec98b2b89102f2830003097c7d4e1f691""}",18
win-3,WIN,Win,win-3,win-36jJ.png,46000000000,"{""ethereum"":""0xb10cb07ca2cdac77fbb5707f6690301f9d036f45""}",18
iren-ondo-tokenized-stock,IRENON,IREN (Ondo Tokenized Stock),iren-ondo-tokenized-stock,iren-ondo-tokenized-stock3nK.png,72251,"{""ethereum"":""0x0b59fdb1a233a7477ea14061004b9dd776e73cb3"",""binance_smart"":""0x8fd70ee385f470c8d6fda2d93a4e49c849bac6a6"",""solana"":""13QHuepdhtJ3urNsV9i1hdL8nQoca2G7ZaLzb5FYondo""}",18
kadena,KDA,Kadena,kadena,1705146070283.png,338586084,,
chain-games,CHAIN,Chain Games,chain-games,chain-gamesdP5.png,493499998,"{""ethereum"":""0xc4c2614e694cf534d407ee49f8e44d125e4681c4"",""polygon-pos"":""0xd55fce7cdab84d84f2ef3f99816d765a2a94a509"",""binance_smart"":""0x35de111558f691f77f791fb0c08b2d6b931a9d47"",""harmony-shard-0"":""0x84ec08c887dd8c14d389abe56e609379b7c5262e""}",18
edge,EDGE,Edge,edge,edgeTCU.png,59715295,"{""ethereum"":""0x4ec1b60b96193a64acae44778e51f7bff2007831""}",18
ishares-core-s-p-midcap-etf-ondo-tokenized-etf,IJHON,iShares Core S&P MidCap ETF (Ondo Tokenized ETF),ishares-core-s-p-midcap-etf-ondo-tokenized-etf,ishares-core-s-p-midcap-etf-ondo-tokenized-etfPxu.png,40490,"{""ethereum"":""0xfd50fc4e3686a8da814c5c3d6121d8ab98a537f0"",""binance_smart"":""0x167e93a849a0cc479769132552b99aa1cfa0948c"",""solana"":""cfPLN9WXD2BTkbZhRZMVXPmVSiRo44hJWRtnaC8ondo""}",18
hana-network,HANA,Hana Network,hana-network,hana-networkKQd.png,1000000000,"{""binance_smart"":""0x6261963ebe9ff014aad10ecc3b0238d4d04e8353""}",18
9i3NFMa9pqR3suCUhyX3nQE1dy6i5wXafDtppUxYpump_solana,CAT,Catcoin,catcoin-6,catcoin-6omI.png,999437148,"{""solana"":""9i3NFMa9pqR3suCUhyX3nQE1dy6i5wXafDtppUxYpump""}",18
0x0256b279d973c8d687264ac3eb36be09232d4474_avalanche,MYST,MyStandard,mystandard,0x0256b279d973c8d687264ac3eb36be09232d4474_avalancheFHq.png,995555953,"{""avalanche"":""0x0256b279d973c8d687264ac3eb36be09232d4474""}",18
coinbase-robinhood-tokenized-stock,COIN,Coinbase • Robinhood Token,coinbase-robinhood-tokenized-stock,coinbase-robinhood-tokenized-stockLfw.png,16196,"{""robinhood"":""0x6330d8c3178a418788df01a47479c0ce7ccf450b""}",18
wozx,WOZX,Efforce,wozx,wozxxOT.png,1000000000,"{""ethereum"":""0x34950ff2b487d9e5282c5ab342d08a2f712eb79f""}",18
republic-protocol,REN,Ren,republic-protocol,1592994156974.png,1000000000,"{""ethereum"":""0x408e41876cccdc0f92210600ef50372656052a38"",""near-protocol"":""408e41876cccdc0f92210600ef50372656052a38.factory.bridge.near"",""harmony-shard-0"":""0x451e129b6045b6e4f48e7247388f21163f7743b7"",""sora"":""0x00e8a7823b8207e4cab2e46cd10b54d1be6b82c284037b6ee76afd52c0dceba6"",""energi"":""0x83ab721c8b3dd30ad711460f666371366550c5a7""}",18
uranotoken,URANO,UranoToken,uranotoken,uranotokenf7g.png,1000000000,"{""arbitrum-one"":""0x5af01e4d2beff2b01a8f3992e875edd8d67469d2""}",18
dragonchain,DRGN,Dragonchain,dragonchain,DragonchainP7smz.png,433494437,"{""ethereum"":""0x419c4db4b9e25d6db2ad9691ccb832c8d9fda05e""}",18
compound-basic-attention-token,CBAT,cBAT,compound-basic-attention-token,compound-basic-attention-tokenELW.png,1440521311,"{""ethereum"":""0x6c8c6b02e7b2be14d4fa6022dfd6d75921d90e4e""}",18
0x350035555e10d9afaf1566aaebfced5ba6c27777_monad,CHOG,Chog,chog,0x350035555e10d9afaf1566aaebfced5ba6c27777_monadFTu.png,1000000000,"{""monad"":""0x350035555e10d9afaf1566aaebfced5ba6c27777""}",18
thetanuts-finance,NUTS,Thetanuts Finance,thetanuts-finance,thetanuts-financePzF.png,10000000000,"{""ethereum"":""0x23f3d4625aef6f0b84d50db1d53516e6015c0c9b""}",18
asd,ASD,AscendEx,asd,asd5AB.png,742983478,"{""ethereum"":""0xff742d05420b6aca4481f635ad8341f81a6300c2""}",18
radium,VAL,Validity,radium,1622724953744.png,9000000,"{""ethereum"":""0x6ee20f963c02bb532be6f0adb3386492244af621""}",18
drop-staked-atom,DATOM,Drop Staked ATOM,drop-staked-atom,drop-staked-atomjb7.png,1744570,"{""neutron"":""neutron1k6hr0f83e7un2wjf29cspk7j69jrnskk65k3ek2nj9dztrlzpj6q00rtsa""}",18
hara-token,HART,Hara,hara-token,hara-token63C.png,1200000000,"{""ethereum"":""0x52928c95c4c7e934e0efcfab08853a0e4558861d""}",18
onefootball-club,OFC,OneFootball Credits,onefootball-club,onefootball-club459.png,1000000000,"{""ethereum"":""0x9cb7a4ef0cae65b07362bc679a0b874041e3da53"",""base"":""0x752c5a95d202972e124390f30a50154409d3c858""}",18
wrapped-solana-universal,USOL,Wrapped Solana (Universal),wrapped-solana-universal,wrapped-solana-universalBFu.png,24419,"{""base"":""0x9b8df6e244526ab5f6e6400d331db28c8fdddb55"",""world-chain"":""0x9b8df6e244526ab5f6e6400d331db28c8fdddb55"",""arbitrum-one"":""0x9b8df6e244526ab5f6e6400d331db28c8fdddb55"",""katana"":""0x9b8df6e244526ab5f6e6400d331db28c8fdddb55""}",18
stryke,SYK,Stryke,stryke,stryke9HT.png,69152341,"{""arbitrum-one"":""0xacc51ffdef63fb0c014c882267c3a17261a5ed50""}",18
uncommon-goods,UNCOMMONGOODS,UNCOMMON•GOODS,uncommon-goods,uncommon-goodsm5U.png,158025005,"{""ordinals"":""1:0""}",18
buying,BUY,Buying.com,buying,buyingEMD.png,986800000,"{""ethereum"":""0x396ec402b42066864c406d1ac3bc86b575003ed8"",""algorand"":""137020565"",""binance_smart"":""0x40225c6277b29bf9056b4acb7ee1512cbff11671""}",18
0x6bd83abc39391af1e24826e90237c4bd3468b5d2_base,SLC,Silencio,silencio,silenciog4F.png,98797933055,"{""base"":""0x6bd83abc39391af1e24826e90237c4bd3468b5d2"",""peaq"":""0x5c3126bfb9a68a7021d461230127470b3824886b""}",18
heeboo,HEEBOO,HEEBOO,heeboo,heebookW6.png,1000000000,"{""solana"":""HeeBovJNKd27tQ6xkeP1dfSyTr8LyLwhJz9wfFTbPLEX""}",18
ussi,USSI,USSI,ussi,ussied2.png,2935335,"{""base"":""0x3a46ed8fceb6ef1ada2e4600a522ae7e24d2ed18""}",18
mantis-2,SN123,Mantis,mantis-2,mantis-2GTO.png,4192808,"{""bittensor"":""123""}",18
0x11ff37785b849f38117a7ab2dff766c056d8ba6d_base,CHARRED,Charred Treasures,charred-treasures,0x11ff37785b849f38117a7ab2dff766c056d8ba6d_baseVMd.png,1600000,"{""base"":""0x11ff37785b849f38117a7ab2dff766c056d8ba6d""}",18
aventus,AVT,Aventus,aventus,1660048065549.png,10600000,"{""ethereum"":""0x0d88ed6e74bbfd96b831231638b66c05571e824f""}",18
mainframe,MFT,Mainframe,mainframe,Mainframe5CubK.png,10000000000,"{""ethereum"":""0xdf2c7238198ad8b389666574f2d8bc411a4b7428"",""energi"":""0x9594e7431144e80178b1bc6849edcba7d2d5bb27""}",18
jetvoy,VOY,Jetvoy,jetvoy,jetvoyxvQ.png,100000000000,"{""base"":""0xe58b3ab1fb80304de37a507a2449fea64bf0b507""}",18
0x8ff92566f2e81bdd68edfaa8cde73942a723796b_robinhood,VEX,ProjectVex,projectvex,0x8ff92566f2e81bdd68edfaa8cde73942a723796b_robinhoodnxI.png,999999394,"{""robinhood"":""0x8ff92566f2e81bdd68edfaa8cde73942a723796b""}",18
brazilian-real,WBRL,Brazilian real,brazilian-real,brazilian-real6w7.png,15285662,"{""world-chain"":""0xd76f5faf6888e24d9f04bf92a0c8b921fe4390e0"",""ethereum"":""0xd76f5faf6888e24d9f04bf92a0c8b921fe4390e0"",""base"":""0xd76f5faf6888e24d9f04bf92a0c8b921fe4390e0"",""binance_smart"":""0xd76f5faf6888e24d9f04bf92a0c8b921fe4390e0"",""xdai"":""0xd76f5faf6888e24d9f04bf92a0c8b921fe4390e0"",""polygon-pos"":""0xd76f5faf6888e24d9f04bf92a0c8b921fe4390e0"",""celo"":""0xd76f5faf6888e24d9f04bf92a0c8b921fe4390e0"",""hyperevm"":""0xd76f5faf6888e24d9f04bf92a0c8b921fe4390e0"",""arc"":""0xd76f5faf6888e24d9f04bf92a0c8b921fe4390e0"",""tempo"":""0x20c000000000000000000000300f15a4e574af99""}",18
mu-digital-aznd,AZND,Mu Digital AZND,mu-digital-aznd,mu-digital-azndhls.png,16326376,"{""monad"":""0x4917a5ec9fcb5e10f47cbb197abe6ab63be81fe8""}",18
netmind-token,NMT,NetMind Token,netmind-token,netmind-tokenaXo.png,143468256,"{""binance_smart"":""0x03aa6298f1370642642415edc0db8b957783e8d6"",""ethereum"":""0x03aa6298f1370642642415edc0db8b957783e8d6""}",18
step-app-fitfi,FITFI,Step App,step-app-fitfi,step-app-fitfiqEG.png,4600000000,"{""avalanche"":""0x714f020c54cc9d104b6f4f6998c63ce2a31d1888"",""step-network"":""0xb58a9d5920af6ac1a9522b0b10f55df16686d1b6"",""binance_smart"":""0x7588df009c3d82378be6ab81f2108fa963c10fc8""}",18
perpetual-protocol,PERP,Perpetual Protocol,perpetual-protocol,perpetual-protocoleXE.png,150000000,"{""ethereum"":""0xbc396689893d065f41bc2c6ecbee5e0085233447"",""binance_smart"":""0x4e7f408be2d4e9d60f49a64b89bb619c84c7c6f5"",""xdai"":""0x7ecf26cd9a36990b8ea477853663092333f59979"",""arbitrum-one"":""0x753d224bcf9aafacd81558c32341416df61d3dac"",""optimistic-ethereum"":""0x9e1028f5f1d5ede59748ffcee5532509976840e0""}",18
69_bittensor,SN69,Herald,herald,heraldt9t.png,1608273,"{""bittensor"":""69""}",18
ceek-vr,CEEK,CEEK Smart VR,ceek-vr,ceekihB.png,1000000000,"{""ethereum"":""0xb056c38f6b7dc4064367403e26424cd2c60655e1"",""binance_smart"":""0xe0f94ac5462997d2bc57287ac3a3ae4c31345d66""}",18
world-strategic-oil-supply,WSOS,World Strategic Oil Supply,world-strategic-oil-supply,world-strategic-oil-supply7WD.png,999999761,"{""solana"":""wsosWQDzBHibcjJefnfjd7VHQcReZQhhUNTxxgmEhar""}",18
BorGY4ub2Fz4RLboGxnuxWdZts7EKhUTB624AFmfCgX_solana,$BORGY,BORGY,borgy,BorGY4ub2Fz4RLboGxnuxWdZts7EKhUTB624AFmfCgX_solana6XD.png,77576773959,"{""solana"":""BorGY4ub2Fz4RLboGxnuxWdZts7EKhUTB624AFmfCgX""}",18
evolve-pro,EVOP,Evolve PRO,evolve-pro,evolve-proqMt.png,50000000,"{""binance_smart"":""0xd3e261612e1d0076153c1d1c37585f7dec6aeca5"",""solana"":""4moccrdAg5Wj7piLTWwNDPRz1TGF9kbrQgdddXxbQQUi""}",18
binance-peg-eos,EOS,Binance-Peg EOS,binance-peg-eos,binance-peg-eosRka.png,17164526,"{""binance_smart"":""0x56b6fb708fc5732dec1afc8d8556423a2edccbd6""}",18
2GXmB95pGD3pHV4mzNq7YsmyiEmVYWQLptbwYqgdpump_solana,WNTV,Winternomics TV,winternomics-tv,2GXmB95pGD3pHV4mzNq7YsmyiEmVYWQLptbwYqgdpump_solanayah.png,999991336,"{""solana"":""2GXmB95pGD3pHV4mzNq7YsmyiEmVYWQLptbwYqgdpump""}",18
musd,MUSD,mStable USD,musd,musdkjy.png,2875949,"{""ethereum"":""0xe2f2a5c287993345a840db3b0845fbc70f5935a5""}",18
near-intents-bridged-eth,ETH,NEAR Intents Bridged ETH,near-intents-bridged-eth,near-intents-bridged-etho3B.png,1066,"{""near-protocol"":""eth.omft.near""}",18
wrapped-wdoge,WWDOGE,Wrapped WDOGE,wrapped-wdoge,wrapped-wdogeKCv.png,27711970,"{""dogechain"":""0xb7ddc6414bf4f5515b52d8bdd69973ae205ff101""}",18
0x3f15b50f4631ca33ebf06bef7b6f9ad2448d7777_binance_smart,WIN界,WIN界,win-jie,win-jievkB.png,1000000000,"{""binance_smart"":""0x3f15b50f4631ca33ebf06bef7b6f9ad2448d7777""}",18
stoneyield-usd,STUSD,StoneYield USD,stoneyield-usd,stoneyield-usdOXK.png,2894754,"{""binance_smart"":""0x806dd21af6de051fb811760a5768d04a99160eb9""}",18
0x501ebf66d76a96d4fb26ccead42957653e16b8b8_ethereum,EVAUSDT,evaUSDT,evausdt,evausdttVO.png,2875634,"{""ethereum"":""0x501ebf66d76a96d4fb26ccead42957653e16b8b8"",""avalanche"":""0x501ebf66d76a96d4fb26ccead42957653e16b8b8"",""base"":""0x501ebf66d76a96d4fb26ccead42957653e16b8b8"",""linea"":""0x501ebf66d76a96d4fb26ccead42957653e16b8b8"",""sonic"":""0x501ebf66d76a96d4fb26ccead42957653e16b8b8""}",18
clover-finance,CLV,Clover Finance,clover-finance,clover-financegDX.png,2000000000,"{""ethereum"":""0x80c62fe4487e1351b47ba49809ebd60ed085bf52"",""binance_smart"":""0x09e889bb4d5b474f561db0491c38702f367a4e4d""}",18
cisco-systems-ondo-tokenized-stock,CSCOON,Cisco Systems (Ondo Tokenized Stock),cisco-systems-ondo-tokenized-stock,cisco-systems-ondo-tokenized-stock55s.png,25116,"{""ethereum"":""0x980a1001ee94e54142b231f44c7ca7c9df71fbe1"",""binance_smart"":""0x34304f2f7cc487eb4186e6d69f5905a613474aa2"",""solana"":""7DWcZE1uVc8m2mf9pV8KNov28ET7HsvHkhrhgr9ondo""}",18
bridged-wbnb,WBNB,Bridged WBNB,bridged-wbnb,bridged-wbnbRCv.png,3633,"{""harmony-shard-0"":""0x673d2ec54e0a6580fc7e098295b70e3ce0350d03"",""conflux"":""0x94bd7a37d2ce24cc597e158facaa8d601083ffec"",""meter"":""0xf8bbb44e6fd13632d36fe09eb61820f9a44f5d74"",""theta"":""0xdff772186ace9b5513fb46d7b05b36efa0a4a20d"",""velas"":""0x65e66a61d0a8f1e686c2d6083ad611a10d84d97a"",""milkomeda-cardano"":""0xfbdd194376de19a88118e84e279b977f165d01b8""}",18
palantir-xstock,PLTRX,Palantir xStock,palantir-xstock,palantir-xstockaa3.png,989129,"{""arbitrum-one"":""0x6d482cec5f9dd1f05ccee9fd3ff79b246170f8e2"",""binance_smart"":""0x6d482cec5f9dd1f05ccee9fd3ff79b246170f8e2"",""ethereum"":""0x6d482cec5f9dd1f05ccee9fd3ff79b246170f8e2"",""solana"":""XsoBhf2ufR8fTyNSjqfU71DYGaE6Z3SUGAidpzriAA4""}",18
electra-protocol,XEP,Electra Protocol,electra-protocol,electra-protocol1Ox.png,29500005853,"{""binance_smart"":""0xb897d0a0f68800f8be7d69ffdd1c24b69f57bf3e"",""solana"":""2HmJ717Smn26MRn4PzmbGf29Z5d2nU6Jqre7HyELNsX3""}",18
0xb8f28c60dd8240141185a192fa4156a23e189305_ethereum,KYO,Kyo,kyo,kyoSPb.png,163570431,"{""ethereum"":""0xb8f28c60dd8240141185a192fa4156a23e189305"",""soneium"":""0xd8bf9997f46dcda1be57018ec8e7728e8f7c139a""}",18
connect-financial,CNFI,Connect Financial,connect-financial,1674723850732.png,108500000,"{""ethereum"":""0xeabb8996ea1662cad2f7fb715127852cd3262ae9"",""arbitrum-one"":""0x6f5401c53e2769c858665621d22ddbf53d8d27c5""}",18
creo-engine,CREO,Creo Engine,creo-engine,creo-engineJvI.png,788886600,"{""binance_smart"":""0x9521728bf66a867bc65a93ece4a543d817871eb7"",""ethereum"":""0xe636f94a71ec52cc61ef21787ae351ad832347b7"",""solana"":""Fg4TqUxx6E9L7Pya6fMUGzTD4s2jwSMzjrWeeBHvu7ZC""}",18
kyber-network,KNCL,Kyber Network Crystal Legacy,kyber-network,kyber-network8MH.png,11252857,"{""ethereum"":""0xdd974d5c2e2928dea5f71b9825b8b646686bd200"",""fantom"":""0x765277eebeca2e31912c9946eae1021199b39c61"",""harmony-shard-0"":""0x0a47d2dc4b7ee3d4d7fd471d993b0821621e1769""}",18
apple-coinbase-tokenized-stock,AAPLC,Apple (Coinbase Tokenized Stock),apple-coinbase-tokenized-stock,apple-coinbase-tokenized-stockDoE.png,8453,"{""base"":""0xb200000000000000000000c2e324d24d7eecd1fb""}",18
universe-3,UNIVERSE,UNIVERSE,universe-3,universe-33pd.png,10000000000,"{""ethereum"":""0xaf3f58c4f9baaf2f10a5e39da75b9f894f63087a""}",18
safemars,SAFEMARS,Safemars,safemars,safemarsf2Y.png,383336206950550,"{""binance_smart"":""0x3ad9594151886ce8538c1ff615efa2385a8c3a88""}",18
komodo,KMD,Komodo,komodo,1590945565884.png,140660565,,
drop-2,DROP,DROP,drop-2,drop-2snL.png,989057,"{""xrp"":""44524F5000000000000000000000000000000000.rszenFJoDdiGjyezQc8pME9KWDQH43Tswh""}",18
frax-price-index-share,FPIS,Frax Price Index Share,frax-price-index-share,frax-price-index-shareD1e.png,100000000,"{""ethereum"":""0xc2544a32872a91f4a553b404c6950e89de901fdb"",""binance_smart"":""0xd1738eb733a636d1b8665f48bc8a24da889c2562"",""arbitrum-one"":""0x3405e88af759992937b84e58f2fe691ef0eea320"",""fraxtal"":""0xfc00000000000000000000000000000000000004""}",18
exchangecoin,EXCC,ExchangeCoin,exchangecoin,exchangecoinTI0.png,32000000,,
tectum,TET,Tectum,tectum,tectumnzB.png,10000000,"{""ethereum"":""0x68a47fe1cf42eba4a030a10cd4d6a1031ca3ca0a""}",18
9raUVuzeWUk53co63M4WXLWPWE4Xc6Lpn7RS9dnkpump_solana,V2EX,V2EX,v2ex,9raUVuzeWUk53co63M4WXLWPWE4Xc6Lpn7RS9dnkpump_solanaOT7.png,999998558,"{""solana"":""9raUVuzeWUk53co63M4WXLWPWE4Xc6Lpn7RS9dnkpump""}",18
0x64712fbdf19ae8b5b3b6d0478750e3d5e1a17718_base,WAVE,Waveform by Virtuals,waveform-by-virtuals,waveform-by-virtualseEL.png,1000000000,"{""base"":""0x64712fbdf19ae8b5b3b6d0478750e3d5e1a17718""}",18
pipe-network,PIPE,Pipe Network,pipe-network,pipe-networkRj5.png,1000000000,"{""solana"":""7s9MoSt7VV1J3jVNnw2AyocsQDBdCkPYz5apQDPKy9i5""}",18
0xacd2c239012d17beb128b0944d49015104113650_ethereum,KARRAT,Karrat,karrat,karratMGT.png,1000000000,"{""ethereum"":""0xacd2c239012d17beb128b0944d49015104113650""}",18
ramp,RAMP,RAMP [OLD],ramp,rampWi6.png,121553509,"{""ethereum"":""0x33d0568941c0c64ff7e0fb4fba0b11bd37deed9f"",""binance_smart"":""0x8519ea49c997f50ceffa444d240fb655e89248aa"",""polygon-pos"":""0xaecebfcf604ad245eaf0d5bd68459c3a7a6399c2""}",18
tectonic,TONIC,Tectonic,tectonic,tectonic2Mo.png,500000000000000,"{""cronos"":""0xdd73dea10abc2bff99c60882ec5b2b81bb1dc5b2""}",18
mt-pelerin-shares,MPS,Mt Pelerin Shares,mt-pelerin-shares,mt-pelerin-shares7Tk.png,10000000,"{""ethereum"":""0x96c645d3d3706f793ef52c19bbace441900ed47d"",""xdai"":""0xfa57aa7beed63d03aaf85ffd1753f5f6242588fb""}",18
kpk-eth-prime,KPK_WETH_V2,kpk ETH Prime V2 Morpho Vault (Ethereum),kpk-eth-prime,kpk-eth-primeMOn.png,1010,"{""ethereum"":""0xbb50a5341368751024ddf33385ba8cf61fe65ff9""}",18
mxnb,MXNB,MXNB,mxnb,mxnbTpP.png,50418536,"{""ethereum"":""0xf197ffc28c23e0309b5559e7a166f2c6164c80aa"",""arbitrum-one"":""0xf197ffc28c23e0309b5559e7a166f2c6164c80aa"",""avalanche"":""0xf197ffc28c23e0309b5559e7a166f2c6164c80aa"",""polygon-pos"":""0xf197ffc28c23e0309b5559e7a166f2c6164c80aa"",""base"":""0xf197ffc28c23e0309b5559e7a166f2c6164c80aa""}",18
chevron-ondo-tokenized-stock,CVXON,Chevron (Ondo Tokenized Stock),chevron-ondo-tokenized-stock,chevron-ondo-tokenized-stockCEB.png,13083,"{""ethereum"":""0x8f3e41b378ae010c46d255f36bfc1d303b52dceb"",""binance_smart"":""0xd3113a0ad20a46f6a662c63fe8e637f7713e59c7"",""solana"":""7tgKziACteG26VjV5xKufojKxwTgCFyTwmWUmz5ondo""}",18
swipe,SXP,Solar,swipe,SwipeSlAAK.png,673393199,"{""ethereum"":""0x8ce9137d39326ad0cd6491fb5cc0cba0e089b6a9"",""binance_smart"":""0x47bead2563dcbf3bf2c9407fea4dc236faba485a"",""harmony-shard-0"":""0x77d046614710fddf5ca3e3ce85f4f09f7abc283c""}",18
altcoinist-token,ALTT,Altcoinist Token,altcoinist-token,altcoinist-tokengzD.png,1000000000,"{""base"":""0x1b5ce2a593a840e3ad3549a34d7b3dec697c114d""}",18
375aiUqZERLrB9sHtsArKr4nuWCgBrtqibUDBMGeLvZC_solana,EAT,375ai,375ai,375aiLXR.png,1000000000,"{""solana"":""375aiUqZERLrB9sHtsArKr4nuWCgBrtqibUDBMGeLvZC""}",18
0xcb20b537f5df50bccc00fe6a8eb4d57b14a89a03_ethereum,ORTA,Orta Chain,orta-chain,orta-chainL2Y.png,100000000,"{""ethereum"":""0xcb20b537f5df50bccc00fe6a8eb4d57b14a89a03""}",18
unisocks,SOCKS,Unisocks,unisocks,unisockstuc.png,298.9929,"{""ethereum"":""0x23b608675a2b2fb1890d3abbd85c5775c51691d5"",""pulsechain"":""0x23b608675a2b2fb1890d3abbd85c5775c51691d5""}",18
par-stablecoin,PAR,Parallel,par-stablecoin,par-stablecoinDtm.png,2240894,"{""ethereum"":""0x68037790a0229e9ce6eaa8a99ea92964106c4703"",""polygon-pos"":""0xe2aa7db6da1dae97c5f5c6914d285fbfcc32a128"",""fantom"":""0x13082681e8ce9bd0af505912d306403592490fc7""}",18
foxsy-ai,FOXSY,Foxsy AI,foxsy-ai,foxsy-aiHOe.png,1956684241,"{""elrond"":""FOXSY-5d5f3e"",""solana"":""CgGWS19zR5xTzgCEcW5Svsuon4hBZwzBwUFimoJStCf2""}",18
125_bittensor,SN125,8 Ball,8-ball,8-ballwzF.png,3244432,"{""bittensor"":""125""}",18
balanced-dollars,BNUSD,Balanced Dollars,balanced-dollars,balanced-dollarsjH8.png,2848171,"{""icon"":""cx88fd7df7ddff82f7cc735c871dc519838cb235bb"",""archway"":""ARCHWAY1L3M84NF7XAGKDRCCED2Y0G367XPHNEA5UQC3MWW3F83EH6H38NQQXNSXZ7""}",18
particl,PART,Particl,particl,ParticlKQ5xE.png,15929853,,
definity,DEFX,DeFinity,definity,definityM7D.png,171516755,"{""ethereum"":""0x5f474906637bdcda05f29c74653f6962bb0f8eda"",""binance_smart"":""0xbe4cb2c354480042a39350a0c6c26bf54786539f""}",18
session-token,SESH,Session Token,session-token,session-tokenWHM.png,240000000,"{""ethereum"":""0x10ea9e5303670331bdddfa66a4cea47dae4fcf3b"",""arbitrum-one"":""0x10ea9e5303670331bdddfa66a4cea47dae4fcf3b""}",18
applied-materials-bstocks-tokenized-stock,AMATB,Applied Materials (bStocks Tokenized Stock),applied-materials-bstocks-tokenized-stock,applied-materials-bstocks-tokenized-stockOOp.png,5083,"{""binance_smart"":""0xa304bd78e739c0f777202b3eb73ac3736d1df801""}",18
proshares-ultrapro-qqq-bstocks-tokenized-stock,TQQQB,ProShares UltraPro QQQ (bStocks Tokenized Stock),proshares-ultrapro-qqq-bstocks-tokenized-stock,proshares-ultrapro-qqq-bstocks-tokenized-stock9PX.png,33606,"{""binance_smart"":""0x462b5f13b7c7748279358962925c5de83bb9e598""}",18
8-bit-coin,COIN,8-Bit Coin,8-bit-coin,8-bit-coinA2r.png,100000000000,"{""solana"":""3xvLSHrLcM7246X1vu34cM9gNX741kQrzqj6T2HhLvXp""}",18
ibs-2,IBS,IBS,ibs-2,ibs-2470.png,20000000000,"{""polygon-pos"":""0xb9df5fda1c435cd4017a1f1f9111996520b64439""}",18
dexkit,KIT,DexKit,dexkit,dexkitFMp.png,10000000,"{""ethereum"":""0x7866e48c74cbfb8183cd1a929cd9b95a7a5cb4f4"",""binance_smart"":""0x314593fa9a2fa16432913dbccc96104541d32d11"",""polygon-pos"":""0x4d0def42cf57d6f27cd4983042a55dce1c9f853c"",""base"":""0x946f8b0ef009f3f5b1b35e6511a82a58b09d8d4e"",""arbitrum-one"":""0x9134283afaf6e1b45689ec0b0c82ff2b232bcb30""}",18
eastworld,SN94,Bitsota,eastworld,eastworldylx.png,1716715,"{""bittensor"":""94""}",18
jpmorgan-chase-ondo-tokenized-stock,JPMON,JPMorgan Chase (Ondo Tokenized Stock),jpmorgan-chase-ondo-tokenized-stock,jpmorgan-chase-ondo-tokenized-stocke77.png,8153,"{""ethereum"":""0x03c1ec4ca9dbb168e6db0def827c085999cbffaf"",""binance_smart"":""0x317bf42b43a394860718266dec445dcc9fd9da49"",""solana"":""E5Gczsavxcomqf6Cw1sGCKLabL1xYD2FzKxVoB4ondo""}",18
wrapped-xrp-universal,UXRP,Wrapped XRP (Universal),wrapped-xrp-universal,wrapped-xrp-universalO01.png,1822677,"{""base"":""0x2615a94df961278dcbc41fb0a54fec5f10a693ae"",""world-chain"":""0x2615a94df961278dcbc41fb0a54fec5f10a693ae"",""arbitrum-one"":""0x2615a94df961278dcbc41fb0a54fec5f10a693ae""}",18
foxify,FOX,Foxify,foxify,foxifyzy5.png,10321540,"{""sonic"":""0x261dfa2528dfa19011f10b168c856e02baaf0eb6""}",18
0x26a1fab310bd080542dc864647d05985360b16a5_flare-network,FLRETH,Flare Staked Ether,flare-staked-ether,flare-staked-etherSyP.png,939.7983,"{""flare-network"":""0x26a1fab310bd080542dc864647d05985360b16a5""}",18
sundog,SUNDOG,Sundog,sundog,sundogWgU.png,1000000000,"{""tron"":""TXL6rJbvmjD46zeN1JssfgxvSo99qC8MRT""}",18
bloom-energy-bstocks-tokenized-stock,BEB,Bloom Energy (bStocks Tokenized Stock),bloom-energy-bstocks-tokenized-stock,bloom-energy-bstocks-tokenized-stockUrc.png,9430,"{""binance_smart"":""0x5519de00f5388c17d886b97cb5d2d43a812a82bc""}",18
0xc84782858b7bef5d25182dbac956a6aa463aefe5_ethereum,PRD,PRDCTR,truth-2,truth-2oHZ.png,95000000000,"{""ethereum"":""0xc84782858b7bef5d25182dbac956a6aa463aefe5""}",18
suncontract,SNC,SunContract,suncontract,SunContractVBKJh.png,122707503,"{""ethereum"":""0xf4134146af2d511dd5ea8cdb1c4ac88c57d60404""}",18
broadcom-rstock,RAVGO,Broadcom Tokenized Stock (Reality),broadcom-rstock,broadcom-rstock0zL.png,7582,"{""arbitrum-one"":""0xb79b7b1022fd670f144c9d35af5492d8ba342f45"",""morph-l2"":""0x5eee3cbbd6d353f98005cd228110c6fccfc281ba""}",18
kraq-xstock,KRAQX,KRAQ xStock,kraq-xstock,kraq-xstockNRw.png,5061699,"{""ethereum"":""0x0ebe5fad0998765187fc695b75d4115c27c953a1"",""solana"":""XsAiRejKuvLAdq9KtedrMSrabz7SWdzKoVK6Qgac1Ki"",""the-open-network"":""EQBXEbNIl8MQREuu5NyVQmGxw2ZmTkLCUyCkz4-uu7oFUFVo""}",18
nest-wisdomtree-vault,NWISDOM,Nest WisdomTree Vault,nest-wisdomtree-vault,nest-wisdomtree-vaultc9r.png,2937400,"{""ethereum"":""0x29bf22381a5811dec89dc7b46a5ce57ad02c0240"",""plume-network"":""0x29bf22381a5811dec89dc7b46a5ce57ad02c0240""}",18
9Pfync3ejPC9eHqVzq3nYQJAhyhjqpnB9UsaSfLxpump_solana,KET,Ket,ket-3,ket-3N7e.png,999971661,"{""solana"":""9Pfync3ejPC9eHqVzq3nYQJAhyhjqpnB9UsaSfLxpump""}",18
0x15d36b6a28d8327abc7afabf0f106ae2c9af5c4d_robinhood,PARE,Pare,pare,0x15d36b6a28d8327abc7afabf0f106ae2c9af5c4d_robinhood1QI.png,1000000000,"{""robinhood"":""0x15d36b6a28d8327abc7afabf0f106ae2c9af5c4d""}",18
0xdc45b71d7203c2e8baafc43a19bca0eb993bb54e_robinhood,DARK,Darkwoods,darkwoods,darkwoodsYqT.png,905292076,"{""robinhood"":""0xdc45b71d7203c2e8baafc43a19bca0eb993bb54e""}",18
better-therapy,SN102,BetterTherapy,better-therapy,better-therapyetD.png,1503681,"{""bittensor"":""102""}",18
WFRGSWjaz8tbAxsJitmbfRuFV2mSNwy7BMWcCwaA28U_solana,WFRAGSOL,Wrapped fragSOL,wrapped-fragsol,wrapped-fragsoljXS.png,19893,"{""solana"":""WFRGSWjaz8tbAxsJitmbfRuFV2mSNwy7BMWcCwaA28U""}",18
sleepless-ai,AI,Sleepless AI,sleepless-ai,sleepless-aiIKm.png,1000000000,"{""binance_smart"":""0xbda011d7f8ec00f66c1923b049b94c67d148d8b2""}",18
magma-staked-monad,GMON,Magma Staked Monad,magma-staked-monad,magma-staked-monadIIj.png,70520340,"{""monad"":""0x8498312a6b3cbd158bf0c93abdcf29e6e4f55081""}",18
ebtc,EBTC,eBTC,ebtc,ebtcRw6.png,31.6138,"{""ethereum"":""0x661c70333aa1850ccdbae82776bb436a0fcfeefb""}",18
0xc56c7a0eaa804f854b536a5f3d5f49d2ec4b12b8_ethereum,GME,GME (Ethereum),game-stop,game-stopySl.png,411297452498,"{""ethereum"":""0xc56c7a0eaa804f854b536a5f3d5f49d2ec4b12b8""}",18
limusd,LIMUSD,limUSD,limusd,limusdknl.png,2605779,"{""hyperevm"":""0x1822bd335489d84abdd0779a7dcaeda0625e83c8""}",18
procter-gamble-ondo-tokenized-stock,PGON,Procter & Gamble (Ondo Tokenized Stock),procter-gamble-ondo-tokenized-stock,procter-gamble-ondo-tokenized-stock25u.png,18012,"{""ethereum"":""0x339ce23a355ed6d513dd3e1462975c4ecd86823a"",""binance_smart"":""0x400f1e257f86d25578a0928c94dc95115f09d5c9"",""solana"":""GZ8v4NdSG7CTRZqHMgNsTPRULeVi8CpdWd9wZY8ondo""}",18
rainicorn,$RAINI,Raini,rainicorn,rainicornX1T.png,500000000,"{""ethereum"":""0xeb953eda0dc65e3246f43dc8fa13f35623bdd5ed"",""binance_smart"":""0xeb953eda0dc65e3246f43dc8fa13f35623bdd5ed"",""fantom"":""0xe83dfaaafd3310474d917583ae9633b4f68fb036""}",18
celer-bridged-wbtc-conflux,WBTC,Celer Bridged WBTC (Conflux),celer-bridged-wbtc-conflux,celer-bridged-wbtc-confluxMsn.png,31.2157,"{""conflux"":""0x1f545487c62e5acfea45dcadd9c627361d1616d8""}",18
wojak-6,WOJAK,Wojak,wojak-6,wojak-6q4G.png,1000000000,"{""robinhood"":""0xace55fe98bab14366dd49ab5aa5df76aa11a3c6f""}",18
stability-world-ai,AIW,Stability World AI,stability-world-ai,stability-world-aiY7Z.png,10000000000,"{""binance_smart"":""0x0ea82a52da127bb06740b4b2b2863fefe9c34011""}",18
jesus-coin,JESUS,Jesus Coin,jesus-coin,jesus-coinhDx.png,777777777777777,"{""ethereum"":""0xba386a4ca26b85fd057ab1ef86e3dc7bdeb5ce70"",""solana"":""FQddEUoqKPnAsc4UTkAdAUV3LnCXoZEJMazguC1N11kC""}",18
sentinel,P2P,Sentinel,sentinel,sentinelw5V.png,35224635676,"{""osmosis"":""ibc/9712DBB13B9631EDFA9BF61B55F1B2D290B2ADB67E3A4EB3A875F3B6081B3B84""}",18
glue,WGLUE,Wrapped Glue,glue,glueNMA.png,988028021,"{""base"":""0x840b20fa3d48ac709fd841fcd878c3e8aabd7087"",""ethereum"":""0x840b20fa3d48ac709fd841fcd878c3e8aabd7087"",""binance_smart"":""0x840b20fa3d48ac709fd841fcd878c3e8aabd7087"",""avalanche"":""0x840b20fa3d48ac709fd841fcd878c3e8aabd7087"",""solana"":""CiuH3kcRXJhdikbZsjfpvFaMaGVSCmFodWcwizjhhXcY"",""glue"":""0x9a1691d500c54e1d79df2347d170987aa3e527ac""}",18
vooi,VOOI,VOOI,vooi,vooicSq.png,1000000000,"{""ethereum"":""0xb31561f0e2aac72406103b1926356d756f07a481"",""binance_smart"":""0x876cecb73c9ed1b1526f8e35c6a5a51a31bcf341"",""mantle"":""0xd81a4adea9932a6bdba0bdbc8c5fd4c78e5a09f1"",""robinhood"":""0xb47e8ad95ca1e0ba1c76768fe0f109d82b5fdcc4""}",18
pundu,PUNDU,Pundu,pundu,pundu3TK.png,995876028,"{""solana"":""WskzsKqEW3ZsmrhPAevfVZb6PuuLzWov9mJWZsfDePC""}",18
compliant-naira,CNGN,Compliant Naira,compliant-naira,compliant-nairaP8p.png,3554179384,"{""base"":""0xc930784d6e14e2fc2a1f49be1068dc40f24762d3"",""binance_smart"":""0xa8aea66b361a8d53e8865c62d142167af28af058"",""ethereum"":""0x17cdb2a01e7a34cbb3dd4b83260b05d0274c8dab"",""polygon-pos"":""0x52828daa48c1a9a06f37500882b42daf0be04c3b"",""solana"":""3jiqwBQVRC5zRwHyqvnkQurebJ5RNxg3F5fXMwaxgkv8"",""lisk"":""0xc7ab2c35ea37236e644c24a4e4a1911c082887c0""}",18
petrobras-ondo-tokenized-stock,PBRON,Petrobras (Ondo Tokenized Stock),petrobras-ondo-tokenized-stock,petrobras-ondo-tokenized-stockYGE.png,115961,"{""ethereum"":""0xd08ddb436e731f32455fe302723ee0fd2e9e8706"",""binance_smart"":""0x2b1d5cdecc356530a746c5754231efaeaca64022"",""solana"":""GRciFCqJ5y2hbiD6U5mGkohY65BZTXGuGUrCqf7ondo""}",18
fulcrom,FUL,Fulcrom,fulcrom,fulcromyb1.png,20000000000,"{""cronos"":""0x83afb1c32e5637acd0a452d87c3249f4a9f0013a"",""zksync"":""0xe593853b4d603d5b8f21036bb4ad0d1880097a6e"",""cronos-zkevm"":""0xfb3338e2ca713b344d6a45b36525c3db156e492f""}",18
derivadao,DDX,DerivaDAO,derivadao,derivadaoY2S.png,53235038,"{""ethereum"":""0x3a880652f47bfaa771908c07dd8673a787daed3a""}",18
united-states-oil-fund-robinhood-tokenized-stock,USO,United States Oil Fund • Robinhood Token,united-states-oil-fund-robinhood-tokenized-stock,united-states-oil-fund-robinhood-tokenized-stockzqD.png,17860,"{""robinhood"":""0xa30fa36db767ad9ed3f7a60fc79526fb4d56d344""}",18
0x68731d6f14b827bbcffbebb62b19daa18de1d79c_arbitrum-one,IDOS,IdOS,idos,idosBoB.png,1000000000,"{""arbitrum-one"":""0x68731d6f14b827bbcffbebb62b19daa18de1d79c""}",18
near-intents-bridged-usdt,USDT,NEAR Intents Bridged USDT,near-intents-bridged-usdt,near-intents-bridged-usdtoTH.png,2618523,"{""near-protocol"":""eth-0xdac17f958d2ee523a2206206994597c13d831ec7.omft.near""}",18
inter-milan-fan-token,INTER,Inter Milan Fan Token,inter-milan-fan-token,inter-milan-fan-tokenxcU.png,19728000,"{""chiliz"":""0x1b3385a26214057bb7e27c173ee2d14201752e73"",""solana"":""HagS3VmAuhx5QJnHcuMAJF4wwVDE58CiX5SFZCYFrVe"",""base"":""0x932ad1cd4a30a34ffca266a85ff7b3e883f6d5e2""}",18
maiar-dex,MEX,xExchange,maiar-dex,maiar-dexaIr.png,4075069798230,"{""elrond"":""mex-455c57""}",18
linea-bridged-wsteth-linea,WSTETH,Linea Bridged wstETH (Linea),linea-bridged-wsteth-linea,linea-bridged-wsteth-linea00u.png,775.9716,"{""linea"":""0xb5bedd42000b71fdde22d3ee8a79bd49a568fc8f""}",18
GvV7sFu6FHJsSVXfpG7xqFnWar3c7YkcC74rqe7Bpump_solana,RAGEGUY,Rage Guy,rage-guy,GvV7sFu6FHJsSVXfpG7xqFnWar3c7YkcC74rqe7Bpump_solanafM0.png,999713079,"{""solana"":""GvV7sFu6FHJsSVXfpG7xqFnWar3c7YkcC74rqe7Bpump""}",18
ishares-0-3-month-treasury-bond-etf-robinhood-tokenized-stock,SGOV,iShares 0-3 Month Treasury Bond ETF • Robinhood Token,ishares-0-3-month-treasury-bond-etf-robinhood-tokenized-stock,ishares-0-3-month-treasury-bond-etf-robinhood-tokenized-stockrpp.png,25788,"{""robinhood"":""0x92fd66527192e3e61d4ddd13322aa222de86f9b5""}",18
xelis,XEL,Xelis,xelis,xelispQA.png,6100901,,
rocket-lab-bstocks-tokenized-stock,RKLBB,Rocket Lab (bStocks Tokenized Stock),rocket-lab-bstocks-tokenized-stock,rocket-lab-bstocks-tokenized-stock79M.png,35069,"{""binance_smart"":""0xc8da12cbcce7c45180692a6420b0076e03a5179a""}",18
kintsu-staked-monad,SMON,Kintsu Staked Monad,kintsu-staked-monad,kintsu-staked-monadusH.png,67874532,"{""monad"":""0xa3227c5969757783154c60bf0bc1944180ed81b9""}",18
0x52b492a33e447cdb854c7fc19f1e57e8bfa1777d_base,PEPE,Based Pepe,based-pepe,0x52b492a33e447cdb854c7fc19f1e57e8bfa1777d_baserDO.png,420690000000000,"{""base"":""0x52b492a33e447cdb854c7fc19f1e57e8bfa1777d""}",18
coinbase-wrapped-hype,CBHYPE,Coinbase Wrapped HYPE,coinbase-wrapped-hype,coinbase-wrapped-hypeYdk.png,28888,"{""base"":""0xb200000000000000000000451d033a5000cb479e""}",18
oklo-inc-rstock,ROKLO,Oklo Tokenized Stock (Reality),oklo-inc-rstock,oklo-inc-rstockoW0.png,80170,"{""arbitrum-one"":""0x2c4f334f19fde70b80949a473b4ee68a28bcf02a"",""morph-l2"":""0x919e92942bb653e9d0b7b09feb966bfdc3e46254""}",18
asia-coin,ASIA,Asia Coin,asia-coin,asia-coinuaw.png,100000000,"{""ethereum"":""0xf519381791c03dd7666c142d4e49fd94d3536011"",""polygon-pos"":""0x50bcbc40306230713239ae1bddd5eefeeaa273dc"",""binance_smart"":""0xebaffc2d2ea7c66fb848c48124b753f93a0a90ec""}",18
wrapped-xtz,WXTZ,Wrapped XTZ,wrapped-xtz,wrapped-xtz6cu.png,7945188,"{""etherlink"":""0xc9b53ab2679f573e480d01e0f49e2b5cfb7a3eab"",""ethereum"":""0xc9b53ab2679f573e480d01e0f49e2b5cfb7a3eab"",""arbitrum-one"":""0x7424f00845777a06e21f0bd8873f814a8a814b2d"",""base"":""0x91f9cc2649ac70a071602cade9b0c1a5868af51d"",""binance_smart"":""0x91f9cc2649ac70a071602cade9b0c1a5868af51d""}",18
aeternity,AE,Aeternity,aeternity,Aeternity5F3Ip.png,536306702,"{""ethereum"":""0x5ca9a71b1d01849c0a95490cc00559717fcf0d1d""}",18
0xbfc94cd2b1e55999cfc7347a9313e88702b83d0f_etherlink,WBTC,Etherlink Bridged WBTC (Etherlink),etherlink-bridged-wbtc-etherlink,etherlink-bridged-wbtc-etherlinkH8H.png,30.3476,"{""etherlink"":""0xbfc94cd2b1e55999cfc7347a9313e88702b83d0f""}",18
indigo-dao-governance-token,INDY,Indigo Protocol,indigo-dao-governance-token,indigo-dao-governance-tokenNcK.png,35000000,"{""cardano"":""533bb94a8850ee3ccbe483106489399112b74c905342cb1792a797a0494e4459""}",18
morph-l2-bridged-usdt-morph-l2,USDT,Morph L2 Bridged USDT (Morph L2),morph-l2-bridged-usdt-morph-l2,morph-l2-bridged-usdt-morph-l2GA3.png,2578669,"{""morph-l2"":""0xc7d67a9cbb121b3b0b9c053dd9f469523243379a""}",18
osmosis-allsol,SOL,Osmosis allSOL,osmosis-allsol,osmosis-allsolYTD.png,21296,"{""osmosis"":""factory/osmo1n3n75av8awcnw4jl62n3l48e6e4sxqmaf97w5ua6ddu4s475q5qq9udvx4/alloyed/allSOL""}",18
piteas,PTS,Piteas,piteas,piteasF0T.png,100000000,"{""pulsechain"":""0x2a06a971fe6ffa002fd242d437e3db2b5cc5b433""}",18
alibaba-ondo-tokenized-stock,BABAON,Alibaba (Ondo Tokenized Stock),alibaba-ondo-tokenized-stock,alibaba-ondo-tokenized-stockmUt.png,24128,"{""ethereum"":""0x41765f0fcddc276309195166c7a62ae522fa09ef"",""binance_smart"":""0xd5964f3fcee8d649995ab88f04b8982539c282d2"",""solana"":""1zvb9ELBFShBCWKEk5jRTJAaPAwtVt7quEXx1X4ondo"",""hyperevm"":""0x799bf997b733cab2e1377d0411b63e35133991eb""}",18
0x0fb07c88bc6d195c196279523957c004eb868248_base,SPARK,SPARK,spark-5,0x0fb07c88bc6d195c196279523957c004eb868248_baseTer.png,1000000000,"{""base"":""0x0fb07c88bc6d195c196279523957c004eb868248""}",18
0x5b91e29ae5a71d9052620acb813d5ac25ec7a4a2_cronos-zkevm,VUSD,Veno USD,veno-usd,veno-usdl57.png,2593419,"{""cronos-zkevm"":""0x5b91e29ae5a71d9052620acb813d5ac25ec7a4a2""}",18
vanar-chain-2,VANRY,Vanar,vanar-chain-2,vanar-chain-2agB.png,10000000000,"{""base"":""0x07848a7b542a9cd856122c6c4ab9ec87c44f8b63""}",18
spiderswap,SPDR,SpiderSwap,spiderswap,spiderswapEEn.png,999908496,"{""solana"":""AT79ReYU9XtHUTF5vM6Q4oa9K8w7918Fp5SU7G1MDMQY""}",18
AZbem4s8iLJE5eniDZJ7c8q1ahbfMwWgCA8TxVW2tDUB_solana,VIBECOIN,Vibing Cat Coin,vibing-cat-coin,vibing-cat-coin1qp.png,999603672,"{""solana"":""AZbem4s8iLJE5eniDZJ7c8q1ahbfMwWgCA8TxVW2tDUB""}",18
palantir-technologies-robinhood-tokenized-stock,PLTR,Palantir Technologies • Robinhood Token,palantir-technologies-robinhood-tokenized-stock,palantir-technologies-robinhood-tokenized-stocklEY.png,13493,"{""robinhood"":""0x894e1ec2d74ffe5aef8dc8a9e84686accb964f2a""}",18
stau,STAU,STAU,stau,stautFz.png,10000000000,"{""polygon-pos"":""0x37c5ebfae4e4da225e9d8042b05063c4a2c94bb6""}",18
midas-mmev,MMEV,Midas mMEV,midas-mmev,midas-mmevafx.png,2213257,"{""ethereum"":""0x030b69280892c888670edcdcd8b69fd8026a0bf3"",""plume-network"":""0x7d611dc23267f508de90724731dc88ca28ef7473"",""etherlink"":""0x5542f82389b76c23f5848268893234d8a63fd5c8""}",18
sharp-token,SHARP,Sharp Token,sharp-token,sharp-tokenJ6C.png,68230000000,"{""polygon-pos"":""0xb36b62929762acf8a9cc27ecebf6d353ebb48244""}",18
106_bittensor,SN106,Nodexo,liquidity-provisioning,liquidity-provisioninga81.png,21000000,"{""bittensor"":""106""}",18
0xaa95f26e30001251fb905d264aa7b00ee9df6c18_ethereum,KENDU,Kendu,kendu-inu,kendu-inuVep.png,996647016443,"{""ethereum"":""0xaa95f26e30001251fb905d264aa7b00ee9df6c18"",""solana"":""2nnrviYJRLcf2bXAxpKTRXzccoDbwaP4vzuGUG75Jo45"",""base"":""0xef73611f98da6e57e0776317957af61b59e09ed7""}",18
2xaPstY4XqJ2gUA1mpph3XmvmPZGuTuJ658AeqX3gJ6F_solana,QUP,QUP Coin,qup-coin,2xaPstY4XqJ2gUA1mpph3XmvmPZGuTuJ658AeqX3gJ6F_solanaQSG.png,1999949856,"{""solana"":""2xaPstY4XqJ2gUA1mpph3XmvmPZGuTuJ658AeqX3gJ6F""}",18
velas,VLX,Velas,velas,1612783751354.png,2863637170,"{""ethereum"":""0x8c543aed163909142695f2d2acd0d55791a9edb9"",""binance_smart"":""0xe9c803f48dffe50180bd5b01dc04da939e3445fc""}",18
yummy,YUMMY,Yummy,yummy,yummy97E.png,1000000000000,"{""binance_smart"":""0xb003c68917bab76812797d1b8056822f48e2e4fe""}",18
pop-planet,P,PoP Planet,pop-planet,pop-planet6hT.png,1000000000,"{""binance_smart"":""0x810df4c7daf4ee06ae7c621d0680e73a505c9a06""}",18
microsoft-robinhood-tokenized-stock,MSFT,Microsoft • Robinhood Token,microsoft-robinhood-tokenized-stock,microsoft-robinhood-tokenized-stockeFM.png,4883,"{""robinhood"":""0xe93237c50d904957cf27e7b1133b510c669c2e74""}",18
brn-metaverse,BRN,BRN Metaverse,brn-metaverse,brn-metaverseGTR.png,28103647,"{""binance_smart"":""0x926ecc7687fcfb296e97a2b4501f41a6f5f8c214""}",18
0xaee5913ffd19dbca4fd1ef6f3925ed0414407d37_ethereum,YLAY,Yelay,yelay,yelaysv2.png,1000000000,"{""ethereum"":""0xaee5913ffd19dbca4fd1ef6f3925ed0414407d37""}",18
gauntlet-usdt-prime,GTUSDTP,Gauntlet USDT PRIME V2,gauntlet-usdt-prime,gauntlet-usdt-primeeuF.png,2445422,"{""ethereum"":""0xf3557ad5e984211ac8a0874a670344f2c3376471""}",18
nvidia-rstock-2,RNVDA,Nvidia Tokenized Stock (Reality),nvidia-rstock-2,nvidia-rstock-2UDd.png,10667,"{""arbitrum-one"":""0x0a85b6ebe3c150a1979a65656e304033d62b1e12"",""morph-l2"":""0x170e1bcf1224f71132515caf25fded22ec1c50f1""}",18
amazon-coinbase-tokenized-stock,AMZNC,Amazon (Coinbase Tokenized Stock),amazon-coinbase-tokenized-stock,amazon-coinbase-tokenized-stockKbD.png,9916,"{""base"":""0xb200000000000000000000d9192b6b456483c2e8""}",18
aave-usdc-sonic,ASONUSDC,Aave USDC (Sonic),aave-usdc-sonic,aave-usdc-sonic5pB.png,2496845,"{""sonic"":""0x578ee1ca3a8e1b54554da1bf7c583506c4cd11c6""}",18
yooshi,YOOSHI,YooShi,yooshi,1657634922451.png,1000000000000000,"{""binance_smart"":""0x02ff5065692783374947393723dba9599e59f591""}",18
zGh48JtNHVBb5evgoZLXwgPD2Qu4MhkWdJLGDAupump_solana,RETIRE,The Last Play,the-last-play,zGh48JtNHVBb5evgoZLXwgPD2Qu4MhkWdJLGDAupump_solana6hN.png,999793536,"{""solana"":""zGh48JtNHVBb5evgoZLXwgPD2Qu4MhkWdJLGDAupump""}",18
thought,THT,Thought,thought,thoughthNc.png,1420395763,,
hyperbeat-usdt,HBUSDT,Hyperbeat USDT,hyperbeat-usdt,hyperbeat-usdtCRT.png,2209543,"{""hyperevm"":""0x5e105266db42f78fa814322bce7f388b4c2e61eb""}",18
dhedge-dao,DHT,dHEDGE DAO,dhedge-dao,1611308099047.png,100000000,"{""ethereum"":""0xca1207647ff814039530d7d35df0e1dd2e91fa84"",""polygon-pos"":""0x8c92e38eca8210f4fcbf17f0951b198dd7668292"",""arbitrum-one"":""0x8038f3c971414fd1fc220ba727f2d4a0fc98cb65"",""optimistic-ethereum"":""0xaf9fe3b5ccdae78188b1f8b9a49da7ae9510f151"",""base"":""0x54bc229d1cb15f8b6415efeab4290a40bc8b7d84""}",18
HQ7DaoiUxzC2K1Dr7KXRHccNtXvEYgNvoUextXe8dmBh_solana,SLOTH,Slothana,slothana,slothanaJnz.png,1854696736,"{""solana"":""HQ7DaoiUxzC2K1Dr7KXRHccNtXvEYgNvoUextXe8dmBh""}",18
0x081599e4936d12c46bd48913b2329115cd26cbdd_ethereum,AUDM,Macropod,macropod,macropodKRj.png,3571071,"{""ethereum"":""0x081599e4936d12c46bd48913b2329115cd26cbdd"",""redbelly-network"":""0x081599e4936d12c46bd48913b2329115cd26cbdd"",""solana"":""CiYXBwHPrdNkMtxR8YEWKv78K6bQjFoEWhPQrZqEmubi"",""base"":""0xeded6ae915b129b67a4ad49901518f2736427063""}",18
stargate-bridged-usdt,USDT,Stargate Bridged USDT,stargate-bridged-usdt,stargate-bridged-usdtOwC.png,2474991,"{""somnia"":""0x67b302e35aef5eee8c32d934f5856869ef428330"",""plume-network"":""0xda6087e69c51e7d31b6dbad276a3c44703dfdcad"",""peaq"":""0xf4d9235269a96aadafc9adae454a0618ebe37949"",""xdc-network"":""0xcda5b77e2e2268d9e09c874c1b9a4c3f07b37555"",""hemi"":""0xbb0d083fb1be0a9f6157ec484b6c79e0a4e31c2e"",""fuse"":""0x3695dd1d1d43b794c0b13eb8be8419eb3ac22bf7"",""flare-network"":""0x0b38e83b86d491735feaa0a791f65c2b99535396"",""iota-evm"":""0xc1b8045a6ef2934cf0f78b0dbd489969fa9be7e4"",""mantle"":""0x201eba5cc46d216ce6dc03f6a759e8e766e956ae"",""metis-andromeda"":""0xbb06dca3ae6887fabf931640f67cab3e3a16f4dc"",""klay-token"":""0x9025095263d1e548dc890a7589a4c78038ac40ab"",""taiko"":""0x9c2dc7377717603eb92b2655c5f2e7997a4945bd"",""rari"":""0x362fae9a75b27bbc550aac28a7c1f96c8d483120"",""gravity-alpha"":""0x816e810f9f787d669fb71932deabf6c83781cd48"",""rootstock"":""0xaf368c91793cb22739386dfcbbb2f1a9e4bcbebf""}",18
H74CYmXgMkYHYuSRsZt6RJb4NYp2u72Vw8BS5huApump_solana,LMAO!,LMAO!,lmao,lmao4hZ.png,999010232,"{""solana"":""H74CYmXgMkYHYuSRsZt6RJb4NYp2u72Vw8BS5huApump""}",18
HCgvbV9Qcf9TVGPGKMGbVEj8WwwVD6HhTt5E2i3qkeN9_solana,METAV,METAVERSE,metaverse,HCgvbV9Qcf9TVGPGKMGbVEj8WwwVD6HhTt5E2i3qkeN9_solanahuL.png,1000000000,"{""solana"":""HCgvbV9Qcf9TVGPGKMGbVEj8WwwVD6HhTt5E2i3qkeN9""}",18
fuse-network-token,FUSE,Fuse,fuse-network-token,1616596026185.png,393212269,"{""ethereum"":""0x970b9bb2c0444f5e81e9d0efb84c8ccdcdcaf84d"",""binance_smart"":""0x5857c96dae9cf8511b08cb07f85753c472d36ea3"",""polygon-pos"":""0x6b021b3f68491974be6d4009fee61a4e3c708fd6"",""arbitrum-one"":""0x6b021b3f68491974be6d4009fee61a4e3c708fd6"",""xdai"":""0xd589f00fa2eb83367f732ab3cda92ee0940389cf"",""optimistic-ethereum"":""0xe453d6649643f1f460c371dc3d1da98f7922fe51"",""base"":""0x01facc69ec7360640aa5898e852326752801674a""}",18
prosper-2,PROS,Prosper,prosper-2,prosper-24BW.png,100000000,"{""ethereum"":""0x915424ac489433130d92b04096f3b96c82e92a9d"",""binance_smart"":""0x915424ac489433130d92b04096f3b96c82e92a9d"",""base"":""0x915424ac489433130d92b04096f3b96c82e92a9d""}",18
crazybunny,CRAZYBUNNY,CrazyBunny,crazybunny,crazybunnyQ63.png,0,"{""solana"":""2ncKzZN6b2GbwWZVxQ4Q7nRQZbzqaR61MXrp4J7VE4Zj""}",18
pip-3,PIP,PiP,pip-3,pip-3b6h.png,786094,"{""hyperliquid"":""0xe85f43e1f91e3c8cdf3acbd7e0855b8e"",""hyperevm"":""0x1bee6762f0b522c606dc2ffb106c0bb391b2e309""}",18
backed-ibta-treasury-bond-1-3yr,BIBTA,Backed IBTA $ Treasury Bond 1-3yr,backed-ibta-treasury-bond-1-3yr,backed-ibta-treasury-bond-1-3yrFQW.png,413968,"{""ethereum"":""0x52d134c6db5889fad3542a09eaf7aa90c0fdf9e4"",""xdai"":""0x52d134c6db5889fad3542a09eaf7aa90c0fdf9e4"",""polygon-pos"":""0x52d134c6db5889fad3542a09eaf7aa90c0fdf9e4"",""avalanche"":""0x52d134c6db5889fad3542a09eaf7aa90c0fdf9e4"",""binance_smart"":""0x52d134c6db5889fad3542a09eaf7aa90c0fdf9e4"",""base"":""0x52d134c6db5889fad3542a09eaf7aa90c0fdf9e4"",""arbitrum-one"":""0x52d134c6db5889fad3542a09eaf7aa90c0fdf9e4""}",18
aussie-dollar-token,AUDX,Aussie Dollar Token,aussie-dollar-token,aussie-dollar-tokenwDU.png,3548067,"{""ethereum"":""0xd687759f35bb747a29246a4b9495c8f52c49e00c"",""conflux"":""0x47a365e29697c700c75d58936b3d93a8a20a43c9"",""polygon-zkevm"":""0xd687759f35bb747a29246a4b9495c8f52c49e00c"",""polygon-pos"":""0xd687759f35bb747a29246a4b9495c8f52c49e00c"",""xdc-network"":""0xd687759f35bb747a29246a4b9495c8f52c49e00c"",""arbitrum-one"":""0xd687759f35bb747a29246a4b9495c8f52c49e00c"",""base"":""0xd687759f35bb747a29246a4b9495c8f52c49e00c"",""binance_smart"":""0xd687759f35bb747a29246a4b9495c8f52c49e00c"",""hyperevm"":""0xd687759f35bb747a29246a4b9495c8f52c49e00c"",""morph-l2"":""0xd687759f35bb747a29246a4b9495c8f52c49e00c"",""redbelly-network"":""0xd687759f35bb747a29246a4b9495c8f52c49e00c"",""solana"":""AUDXrwm6dhhAw4aaXPemvS5ZJR7am2KUZ2axLL9TVff4""}",18
mcdonald-s-ondo-tokenized-stock,MCDON,McDonald's (Ondo Tokenized Stock),mcdonald-s-ondo-tokenized-stock,mcdonald-s-ondo-tokenized-stockExX.png,10333,"{""ethereum"":""0x4c82c8cd9a218612dce60b156b73a36705645e3b"",""binance_smart"":""0x995add4ba29a628a57930a8a185c62ca044ec090"",""solana"":""EUbJjmDt8JA222M91bVLZs211siZ2jzbFArH9N3ondo""}",18
allo,RWA,Allo,allo,allovDl.png,10000000000,"{""binance_smart"":""0x9c8b5ca345247396bdfac0395638ca9045c6586e""}",18
0xa9f978c02915246e435c0bda9785aaaad3cc46d2_binance_smart,LFT,Lifeform,lifeform,lifeformxMD.png,1000000000,"{""binance_smart"":""0xa9f978c02915246e435c0bda9785aaaad3cc46d2""}",18
vai,VAI,Vai,vai,vaiHmh.png,1248781,"{""binance_smart"":""0x4bd17003473389a42daf6a0a729f6fdb328bbbd7""}",18
solrouter,ROUTER,Solrouter,solrouter,solrouterBke.png,999015036,"{""solana"":""6SjVTj1VGwFSXn7wEjwFm77LvACeTqB7sQUebYKX8Ds5""}",18
oasys,OAS,Oasys,oasys,oasysBDW.png,10000000000,,
0xb1d1f602034f7c4b242169b818200d07c117ffff_binance_smart,MIZU,MIZU KAPPA,mizu-kappa,mizu-kappaeXZ.png,1000000000,"{""binance_smart"":""0xb1d1f602034f7c4b242169b818200d07c117ffff""}",18
crypto-trading-fund,CTF,Crypto Trading Fund,crypto-trading-fund,crypto-trading-fundc3D.png,237915571,"{""polygon-pos"":""0x7b3bd12675c6b9d6993eb81283cb68e6eb9260b5"",""xrp"":""CTF.r9Xzi4KsSF1Xtr8WHyBmUcvfP9FzTyG5wp""}",18
bridged-usdc-immutable-zkevm,USDC,Bridged USDC (Immutable zkEVM),bridged-usdc-immutable-zkevm,bridged-usdc-immutable-zkevmiWR.png,2448314,"{""immutable"":""0x6de8acc0d406837030ce4dd28e7c08c5a96a30d2""}",18
0x2282c726f54c93193e6b8e5bf1b82303dc11d36e_ethereum,DAY,Dayhub,dayhyb,dayhybGUG.png,813353839,"{""ethereum"":""0x2282c726f54c93193e6b8e5bf1b82303dc11d36e""}",18
agant-gbp,GBPA,Agant GBP,agant-gbp,agant-gbpCSC.png,1850346,"{""ethereum"":""0xbbe6aab0ed76e90aea0d1cd978ec231c8adcdf8b"",""arc"":""0xbbe6aab0ed76e90aea0d1cd978ec231c8adcdf8b"",""base"":""0xbbe6aab0ed76e90aea0d1cd978ec231c8adcdf8b"",""solana"":""DYoCmA91VE8REbWNw3kM736PN7vv97qc2jr5wmUbuNtZ"",""tempo"":""0x20c0000000000000000000000a6da882d075a4c3""}",18
creator-2,SN98,ForeverMoney,creator-2,creator-2DY8.png,3721616,"{""bittensor"":""98""}",18
rainbow-bridged-usdc-aurora,USDC,Rainbow Bridged USDC (Aurora),rainbow-bridged-usdc-aurora,rainbow-bridged-usdc-auroralnY.png,2441255,"{""aurora"":""0xb12bfca5a55806aaf64e99521918a4bf0fc40802""}",18
ibm-ondo-tokenized-stock,IBMON,IBM (Ondo Tokenized Stock),ibm-ondo-tokenized-stock,ibm-ondo-tokenized-stockBas.png,10640,"{""ethereum"":""0x25d3f236b2d61656eebdea86ac6d42168e340011"",""binance_smart"":""0xe8ff70859ce4cbd72e4352b4fb45f5bf39d07464"",""solana"":""C8bZkgSxXkyT1RgxByp2teJ24hgimPLoyEYoNa9ondo""}",18
wrapped-terra,LUNC,Wrapped LUNC,wrapped-terra,wrapped-terraKRQ.png,251968276357,"{""ethereum"":""0xd2877702675e6ceb975b4a1dff9fb7baf4c91ea9"",""polygon-pos"":""0x24834bbec7e39ef42f4a75eaf8e5b6486d3f0e57"",""aurora"":""0xc4bdd27c33ec7daa6fcfd8532ddb524bf4038096""}",18
cheqd-network,CHEQ,CHEQD Network,cheqd-network,cheqd-networktlU.png,1277110445,"{""ethereum"":""0x70edf1c215d0ce69e7f16fd4e6276ba0d99d4de7"",""cosmos"":""ibc/07e2be32d224c2f0ea3267e0a4673c37b952f9c3c2cfe7916fba9079492bb4d6"",""osmosis"":""ibc/7A08C6F11EF0F59EB841B9F788A87EC9F2361C7D9703157EC13D940DC53031FA""}",18
eth-2x-flexible-leverage-index,ETH2X-FLI,Index Coop - ETH 2x Flexible Leverage Index,eth-2x-flexible-leverage-index,eth-2x-flexible-leverage-index0kQ.png,562567,"{""ethereum"":""0xaa6e8127831c9de45ae56bb1b0d4d4da6e5665bd""}",18
karat-galaxy,KARAT,KARAT Galaxy,karat-galaxy,karat-galaxyvbg.png,89148483,"{""binance_smart"":""0x57f2be3e97e7653a2e6d6bddda40160d202d5305""}",18
reddit-robinhood-tokenized-stock,RDDT,Reddit • Robinhood Token,reddit-robinhood-tokenized-stock,reddit-robinhood-tokenized-stock51a.png,16516,"{""robinhood"":""0x05b37fb53a299a1b874a619e1c4c404d52c36f4c""}",18
0x75689264a5e2dab1b27ddfb2b10592872139659a_cronos,LOAF,Loaf Token,loaf-token,loaf-tokenRgt.png,500000000,"{""cronos"":""0x75689264a5e2dab1b27ddfb2b10592872139659a""}",18
0x108876c3df3d893350e9b780563b3697aa3e7777_binance_smart,中国人能飞,中国人能飞火箭,zhong-guo-ren-neng-fei,0x108876c3df3d893350e9b780563b3697aa3e7777_binance_smartF53.png,1000000000,"{""binance_smart"":""0x108876c3df3d893350e9b780563b3697aa3e7777""}",18
GoLDppdjB1vDTPSGxyMJFqdnj134yH6Prg9eqsGDiw6A_solana,GOLD,GOLD,gold-11,gold-11OHR.png,576.2322,"{""solana"":""GoLDppdjB1vDTPSGxyMJFqdnj134yH6Prg9eqsGDiw6A""}",18
XkeTXo1125vz5H9svJpGiw4JvLbN8VmMu9cmMvspump_solana,DREGG,Dragon's Egg,dregg,dreggjd3.png,999834272,"{""solana"":""XkeTXo1125vz5H9svJpGiw4JvLbN8VmMu9cmMvspump""}",18
international-stable-currency,ISC,International Stable Currency,international-stable-currency,international-stable-currency6ky.png,1116456,"{""solana"":""J9BcrQfX4p9D1bvLzRNCbMDv8f44a9LFdeqNE4Yk2WMD""}",18
0x23fe903be385832fd7bb82bf1fee93f696278888_binance_smart,DORA,DORA,dora-2,0x23fe903be385832fd7bb82bf1fee93f696278888_binance_smartmJ9.png,1000000000,"{""binance_smart"":""0x23fe903be385832fd7bb82bf1fee93f696278888""}",18
0xfd36fa88bb3fea8d1264fc89d70723b6a2b56958_ethereum,WXTM,Wrapped MinoTari,wrapped-minotari,0xfd36fa88bb3fea8d1264fc89d70723b6a2b56958_ethereum3sC.png,1215620397,"{""ethereum"":""0xfd36fa88bb3fea8d1264fc89d70723b6a2b56958""}",18
airian,AIR,AIRian,airian,airianAyb.png,1000000000,"{""ethereum"":""0x294b9da569c0d694870239813bbe7b5824fd2339""}",18
not-pixel,PX,Not Pixel,not-pixel,not-pixelZMt.png,213998916,"{""the-open-network"":""EQB420yQsZobGcy0VYDfSKHpG2QQlw-j1f_tPu1J488I__PX""}",18
evausdc,EVAUSDC,evaUSDC,evausdc,evausdcQ2j.png,2406237,"{""ethereum"":""0x741bd193b6b40f8703d2e116fd1965421f290f58"",""avalanche"":""0x741bd193b6b40f8703d2e116fd1965421f290f58"",""sonic"":""0x741bd193b6b40f8703d2e116fd1965421f290f58"",""linea"":""0x741bd193b6b40f8703d2e116fd1965421f290f58"",""base"":""0x741bd193b6b40f8703d2e116fd1965421f290f58""}",18
predictions,PRDT,Predictions,predictions,predictions2nI.png,60000000,"{""binance_smart"":""0x854b5f2bfcc5b7cd05d6259cf5d035af57cfa301""}",18
serum,SRM,Serum,serum,serumLKN.png,9992470398,"{""ethereum"":""0x476c5e26a75bd202a9683ffd34359c0cc15be0ff"",""solana"":""SRMuApVNdxXokk5GT7XD5cUUgXMBCoAz2LHeuAoKWRt"",""tomochain"":""0xc01643ac912b6a8ffc50cf8c1390934a6142bc91"",""energi"":""0x83af4137ed450f4765a72831dd938b5203f5d2fb""}",18
dexalot,ALOT,Dexalot,dexalot,dexalotqvr.png,100000000,"{""avalanche"":""0x093783055f9047c2bff99c4e414501f8a147bc69"",""arbitrum-one"":""0x9d5a383581882750ce27f84c72f017b378edb736"",""base"":""0x9d5a383581882750ce27f84c72f017b378edb736"",""binance_smart"":""0x9d5a383581882750ce27f84c72f017b378edb736""}",18
energy-2,$NRG,Energy,energy-2,energy-2oEk.png,981663147,"{""solana"":""9f52wiW2zrt2497HroMHtZtuj7VzWu4AsEusmW3pump""}",18
leverup-mon,LVMON,LeverUp MON,leverup-mon,leverup-mon7XC.png,70035462,"{""monad"":""0x91b81bfbe3a747230f0529aa28d8b2bc898e6d56""}",18
fxarbusdtry,FXARBUSDTRY,FXArbUSDTRY,fxarbusdtry,fxarbusdtryRq1.png,27407903,"{""ethereum"":""0x633748335ee5b33dea9fc25c9ecc6f92270c713f""}",18
chain-key-usdc,CKUSDC,Chain-key Bridged USDC (ICP),chain-key-usdc,chain-key-usdcQoh.png,2414497,"{""internet-computer"":""xevnm-gaaaa-aaaar-qafnq-cai""}",18
0xbc9e7b1c5c0081f4ae85e71ec95703d3dec9ffad_robinhood,BUCKET,Bucket Shop,bucket-shop,bucket-shoph2Q.png,979438152,"{""robinhood"":""0xbc9e7b1c5c0081f4ae85e71ec95703d3dec9ffad""}",18
ethichub,ETHIX,Ethix,ethichub,ethichubFT3.png,100000000,"{""ethereum"":""0xfd09911130e6930bf87f2b0554c44f400bd80d3e"",""xdai"":""0xec3f3e6d7907acda3a7431abd230196cda3fbb19"",""celo"":""0x9995cc8f20db5896943afc8ee0ba463259c931ed""}",18
Hh3oTaqDCKKfdBgsQEvxp9sUwyNf8x9qmKqEMLBWpump_solana,HODL,HODL,hodl-7,hodl-7Ypf.png,999940467,"{""solana"":""Hh3oTaqDCKKfdBgsQEvxp9sUwyNf8x9qmKqEMLBWpump""}",18
aleph-zero,AZERO,Aleph Zero,aleph-zero,aleph-zerowRg.png,520000000,,
dingocoin,DINGO,Dingocoin,dingocoin,dingocoinSO3.png,117796740633,"{""solana"":""6VYF5jXq6rfq4QRgGMG6co7b1Ev1Lj7KSbHBxfQ9e1L3"",""binance_smart"":""0x9b208b117b2c4f76c1534b6f006b033220a681a4""}",18
91_bittensor,SN91,tensorprox,tensorprox,tensorproxnUn.png,1459574,"{""bittensor"":""91""}",18
plume-usd,PUSD,Plume USD,plume-usd,plume-usdIk9.png,2354787,"{""ethereum"":""0xdddd73f5df1f0dc31373357beac77545dc5a6f3f"",""plume-network"":""0xdddd73f5df1f0dc31373357beac77545dc5a6f3f""}",18
0x394d38f807ee0027a182216f5e67a15ae441fa2e_arc,FAZE,Faze,faze,0x394d38f807ee0027a182216f5e67a15ae441fa2e_arc9IM.png,1000000000,"{""arc"":""0x394d38f807ee0027a182216f5e67a15ae441fa2e""}",18
0x0c862c4aff0c87f3b4e93350ecf2dd6ada0c5400_ethereum,ZRT,ZRDAO Token,zrdao-token,zrdao-tokenT1G.png,2100000000,"{""ethereum"":""0x0c862c4aff0c87f3b4e93350ecf2dd6ada0c5400""}",18
roundhill-memory-etf-ondo-tokenized,DRAMON,Roundhill Memory ETF (Ondo Tokenized),roundhill-memory-etf-ondo-tokenized,roundhill-memory-etf-ondo-tokenizedwrY.png,38336,"{""ethereum"":""0xdb5a8f5b4c17f2ee2e7192a150687e48eb3c415d"",""binance_smart"":""0x087b5761b161429013d41ea54cd2fb6022a21564"",""solana"":""oXeD5ZesXfJQ3mxtuZdMaccUsWrE8r1SnpYRP2Bondo""}",18
apraemio,APRA,Apraemio,apraemio,apraemiolxx.png,1000000000,"{""binance_smart"":""0x0c4ac8952c28e2e7fe22033c8d2f1263372d301d""}",18
0xa1832f7f4e534ae557f9b5ab76de54b1873e498b_binance_smart,BID,CreatorBid,creatorbid,creatorbidvGg.png,1000000000,"{""binance_smart"":""0xa1832f7f4e534ae557f9b5ab76de54b1873e498b"",""base"":""0xa1832f7f4e534ae557f9b5ab76de54b1873e498b""}",18
xiiid,XIIID,XIIID,xiiid,xiiidA9S.png,10000000000,"{""solana"":""AtNfXEt9vSZtHovxVYKXrfFwATfddmeMvApugZzcdWiQ""}",18
harmonix-finance,HAR,Harmonix Finance,harmonix-finance,harmonix-financeXXB.png,1000000000,"{""hyperevm"":""0x391121d817da42ed3434d281aedbbcc416a2af18"",""hyperliquid"":""0x9325025f805731935c1df7f97e654cda""}",18
0x64fcc3a02eeeba05ef701b7eed066c6ebd5d4e51_base,SPECTRA,Spectra,spectra-finance,0x64fcc3a02eeeba05ef701b7eed066c6ebd5d4e51_base6jU.png,732156185,"{""base"":""0x64fcc3a02eeeba05ef701b7eed066c6ebd5d4e51"",""arbitrum-one"":""0x64fcc3a02eeeba05ef701b7eed066c6ebd5d4e51"",""optimistic-ethereum"":""0x248f43b622ce2f35a14db3fc528284730b619cd5"",""ethereum"":""0x6a89228055c7c28430692e342f149f37462b478b""}",18
0x4c981f3ff786cdb9e514da897ab8a953647dae2ace9679e8358eec1e3e8871ac::dmc::DMC_sui,DMC,DeLorean,delorean,0x4c981f3ff786cdb9e514da897ab8a953647dae2ace9679e8358eec1e3e8871ac::dmc::DMC_suiNTq.png,12800000000,"{""sui"":""0x4c981f3ff786cdb9e514da897ab8a953647dae2ace9679e8358eec1e3e8871ac::dmc::DMC"",""solana"":""DmcqxT7WXgXhq2LHURQ2h8GA5PeCBuMTLeyaj6MXhf3p""}",18
publicai,PUBLIC,PublicAI,publicai,publicaiCbR.png,1000000000,"{""near-protocol"":""token.publicailab.near"",""binance_smart"":""0x87aa6aeb62ff128aaa96e275d7b24cd12a72aba1""}",18
AY1Ww6MxwC3cCiyrandHqLrp4FXvzgcwQTZpJ2FEpump_solana,AMIKO,Amiko,amiko,AY1Ww6MxwC3cCiyrandHqLrp4FXvzgcwQTZpJ2FEpump_solanavvO.png,999997572,"{""solana"":""AY1Ww6MxwC3cCiyrandHqLrp4FXvzgcwQTZpJ2FEpump""}",18
axondao-governance-token-2,AXGT,AxonDAO Governance Token,axondao-governance-token-2,axondao-governance-token-23q3.png,719799874,"{""ethereum"":""0x6112c3509a8a787df576028450febb3786a2274d""}",18
69G8CpUVZAxbPMiEBrfCCCH445NwFxH6PzVL693Xpump_solana,XAVIER,Xavier: Renegade Angel,xavier-renegade-angel,69G8CpUVZAxbPMiEBrfCCCH445NwFxH6PzVL693Xpump_solanaINa.png,999888071,"{""solana"":""69G8CpUVZAxbPMiEBrfCCCH445NwFxH6PzVL693Xpump"",""ethereum"":""0x69b1ac639c0153b8eae75e4c19a176d07071683c""}",18
3oKUDGkNqbfKKrYNALjCX3kPsvDTjawnsf9v4dkneUC7_solana,SEC,SECcash,seccash,seccash8l6.png,999883307,"{""solana"":""3oKUDGkNqbfKKrYNALjCX3kPsvDTjawnsf9v4dkneUC7""}",18
rna-2,SN117,RNA,rna-2,rna-2Cib.png,2742935,"{""bittensor"":""117""}",18
beam,BEAM,BEAM,beam,BEAMi2LIw.png,262800000,"{""ethereum"":""0xe5acbb03d73267c03349c76ead672ee4d941f499""}",18
balance-tokens,BALN,Balanced,balance-tokens,balance-tokens5fw.png,26486829,"{""icon"":""cxf61cd5a45dc9f91c15aa65831a30a90d59a09619"",""binance_smart"":""0x94cf269d63c4140ed481cb0b149dae03c4620cdf"",""solana"":""BH4TZqN9TXnkjiLEQZ9xuXo85YaGoonM4PHpcjHEoTAx"",""sui"":""0x3ae6be8e58c0e0715764971b750709e67c6de33e38bbecafe25b5f3dd5080a39::balanced_token::BALANCED_TOKEN"",""optimistic-ethereum"":""0xd336c74b840f9962cf2c666f8666d6d61ec24440"",""avalanche"":""0x542245f2b93b30994a4670121541b38226f1208c"",""injective"":""inj10207z3hn49q2w59tl8e3ctwhet7wqg9neey0nj"",""arbitrum-one"":""0xac7952d30850c9d214b0f44cbe213781b4dacf05"",""base"":""0x76e118fa6839ddad531411b8cc7a9dcdfd7d4fb0""}",18
kyve-network,KYVE,KYVE Network,kyve-network,kyve-networkt0E.png,1273837967,"{""osmosis"":""ibc/613BF0BF2F2146AE9941E923725745E931676B2C14E9768CD609FA0849B2AE13"",""base"":""0xad13bce42394add02e6c215a40e582309b7975c7""}",18
reserve-ai-capacity-and-neocloud-dtf,NEOCLOUD,Reserve AI Capacity & Neocloud DTF,reserve-ai-capacity-and-neocloud-dtf,reserve-ai-capacity-and-neocloud-dtfgL4.png,32770,"{""binance_smart"":""0xf571fe3f0d74521bc7310b111faea931c748f27b""}",18
french-connection-finance,ZYPTO,Zypto Token,french-connection-finance,french-connection-financeD0s.png,893449218,"{""ethereum"":""0x7a65cb87f596caf31a4932f074c59c0592be77d7"",""binance_smart"":""0xb838fb4edc798d0d8ff3b4e3caa9ffe318c620b7"",""base"":""0xde184c7228430cca03a4a5792234a6fc99728ef1""}",18
0x0a26c80be4e060e688d7c23addb92cbb5d2c9eca_ethereum,NOX,NONOS,nonos-2,0x0a26c80be4e060e688d7c23addb92cbb5d2c9eca_ethereumkHo.png,795782898,"{""ethereum"":""0x0a26c80be4e060e688d7c23addb92cbb5d2c9eca""}",18
100_bittensor,SN100,Plaτform,pla-form,pla-formqly.png,1916436,"{""bittensor"":""100""}",18
9AvytnUKsLxPxFHFqS6VLxaxt5p6BhYNr53SD2Chpump_solana,67,The Official 67 Coin,the-official-67-coin,9AvytnUKsLxPxFHFqS6VLxaxt5p6BhYNr53SD2Chpump_solanaKt8.png,999579720,"{""solana"":""9AvytnUKsLxPxFHFqS6VLxaxt5p6BhYNr53SD2Chpump""}",18
pocketcoin,PKOIN,Pocketcoin,pocketcoin,pocketcoinDXD.png,12289450,,
nuvola-digital,NVL,Nuvola Digital,nuvola-digital,nuvola-digitalFI6.png,21000000,"{""cardano"":""5b26e685cc5c9ad630bde3e3cd48c694436671f3d25df53777ca60ef""}",18
6dX5M8DY6VTFtVRX5yzWn9RE4MkJTyoAVbAodk6cpump_solana,GEOM,GEOM,geom,geomC75.png,998755167,"{""solana"":""6dX5M8DY6VTFtVRX5yzWn9RE4MkJTyoAVbAodk6cpump""}",18
liquidlaunch,LIQD,LiquidLaunch,liquidlaunch,liquidlaunchdLw.png,1198919051,"{""hyperliquid"":""0xa043053570d42d6f553896820dfd42b6"",""hyperevm"":""0x1ecd15865d7f8019d546f76d095d9c93cc34edfa""}",18
yuru-coin,YURU,YURU COIN,yuru-coin,yuru-coiny07.png,9390439,"{""solana"":""mm7g78aMJZv8QB4Q15qbsM3UQJZWof85vwC2NSxRh2Q""}",18
vexanium,VEX,Vexanium,vexanium,VexaniumxaPcA.png,1103837998,,
somnium-space-cubes,CUBE,Somnium Space CUBEs,somnium-space-cubes,somnium-space-cubesM9d.png,40054279,"{""ethereum"":""0xdf801468a808a32656d2ed2d2d80b72a129739f4"",""polygon-pos"":""0x276c9cbaa4bdf57d7109a41e67bd09699536fa3d""}",18
numbers-protocol,NUM,Numbers Protocol,numbers-protocol,numbers-protocolv5b.png,914075317,"{""ethereum"":""0x3496b523e5c00a4b4150d6721320cddb234c3079"",""binance_smart"":""0xeceb87cf00dcbf2d4e2880223743ff087a995ad9""}",18
0x3e17ee3b1895dd1a7cf993a89769c5e029584444_binance_smart,FREEDOM OF MONEY,Freedom of Money,freedom-of-money,freedom-of-moneyhKN.png,1000000000,"{""binance_smart"":""0x3e17ee3b1895dd1a7cf993a89769c5e029584444""}",18
bitcoin-diamond,BCD,Bitcoin Diamond,bitcoin-diamond,bitcoin-diamondSyi.png,188156898,,
mongol-nft,MNFT,Mongol NFT,mongol-nft,mongol-nft05l.png,134469384000,"{""ethereum"":""0x3235b13708f178af6f110de7177ed5de10c1093d"",""polygon-pos"":""0x3235b13708f178af6f110de7177ed5de10c1093d"",""binance_smart"":""0x3235b13708f178af6f110de7177ed5de10c1093d""}",18
mythos,MYTH,Mythos,mythos,mythosSuN.png,1000000000,"{""ethereum"":""0xba41ddf06b7ffd89d1267b5a93bfef2424eb2003"",""avalanche"":""0x9b9fd410d5f01a6a60acf4678a5a99d8027fa5a7"",""base"":""0x9b9fd410d5f01a6a60acf4678a5a99d8027fa5a7""}",18
termmax,TMX,TermMax,termmax,termmaxQIH.png,1000000000,"{""ethereum"":""0x3c2f61f2e27c865981d2e7aaf6b2cdf823030039"",""binance_smart"":""0x3c2f61f2e27c865981d2e7aaf6b2cdf823030039""}",18
UWUy7J86LUiBv5SjAUZ53LMGhtnqvbQ7QNSSkyupump_solana,UWU,Unicorn,unicorn-3-2,unicorn-3-22TP.png,999999254,"{""solana"":""UWUy7J86LUiBv5SjAUZ53LMGhtnqvbQ7QNSSkyupump""}",18
AMjzRn1TBQwQfNAjHFeBb7uGbbqbJB7FzXAnGgdFPk6K_solana,SOLCEX,SolCex,solcex,solcexZg3.png,998477965,"{""solana"":""AMjzRn1TBQwQfNAjHFeBb7uGbbqbJB7FzXAnGgdFPk6K""}",18
0x2a846aaaf896ef393ccb76398c1d96ea97374444_binance_smart,BORT,BORT,bort,0x2a846aaaf896ef393ccb76398c1d96ea97374444_binance_smartUkz.png,1000000000,"{""binance_smart"":""0x2a846aaaf896ef393ccb76398c1d96ea97374444""}",18
reserve-ai-photonics-dtf,PHOTON,Reserve AI Photonics DTF,reserve-ai-photonics-dtf,reserve-ai-photonics-dtfr7r.png,24093,"{""binance_smart"":""0xa0fe4e0aeca5479705ce996615b2eacb6b6a10fb""}",18
0x00000000000000000000000000000000007872cb_hedera-hashgraph,GIB,༼ つ ◕_◕ ༽つ,_,0x00000000000000000000000000000000007872cb_hedera-hashgraphgJT.png,980000000,"{""hedera-hashgraph"":""0x00000000000000000000000000000000007872cb""}",18
stat,STAT,STAT,stat,statm35.png,96918328,"{""ethereum"":""0x4fc15c91a9c4a9efb404174464687e8e128730c2""}",18
cronos-zkevm-bridged-usdc-cronos-zkevm,USDC,Cronos zkEVM Bridged USDC (Cronos zkEVM),cronos-zkevm-bridged-usdc-cronos-zkevm,cronos-zkevm-bridged-usdc-cronos-zkevm5rN.png,2250123,"{""cronos-zkevm"":""0xaa5b845f8c9c047779bedf64829601d8b264076c""}",18
aktionariat-switzerlend-ag-shares,LENDS,Aktionariat Switzerlend AG Shares,aktionariat-switzerlend-ag-shares,aktionariat-switzerlend-ag-shareswgT.png,27277,"{""ethereum"":""0x343324f53cbeee3ee6d171f2a20f005964c98047""}",18
multi-asset-investment-vehicle,MAIV,Multi Asset Investment Vehicle,multi-asset-investment-vehicle,multi-asset-investment-vehicle3mH.png,10000000000,"{""ethereum"":""0x39903a1a6f289a67e0de94096915c4ccd506ab2a""}",18
invesco-qqq-rstock,RQQQ,Invesco QQQ ETF Tokenized Stock (Reality),invesco-qqq-rstock,invesco-qqq-rstockGYw.png,2990,"{""arbitrum-one"":""0x6760e0064eee21c89c21f6c00b752e37cb1cd6de"",""morph-l2"":""0x2148d65fa844e8326af7beb0c2614d5641a9fae5""}",18
8vGr1eX9vfpootWiUPYa5kYoGx9bTuRy2Xc4dNMrpump_solana,FAPCOIN,Fapcoin,fapcoin-4,8vGr1eX9vfpootWiUPYa5kYoGx9bTuRy2Xc4dNMrpump_solana9lx.png,990627780,"{""solana"":""8vGr1eX9vfpootWiUPYa5kYoGx9bTuRy2Xc4dNMrpump""}",18
arm-bstocks-tokenized-stock,ARMB,Arm (bStocks Tokenized Stock),arm-bstocks-tokenized-stock,arm-bstocks-tokenized-stockqr3.png,7281,"{""binance_smart"":""0xd42a79ebb7f527f40faecd196ffb47ad5e8d6f8c""}",18
solaxy,SOLX,Solaxy,solaxy,solaxye1Z.png,82999999899,"{""ethereum"":""0xe0b7ad7f8f26e2b00c8b47b5df370f15f90fcf48""}",18
taiwan-semiconductor-rstock,RTSM,Taiwan Semiconductor Manufacturing Tokenized Stock (Reality),taiwan-semiconductor-rstock,taiwan-semiconductor-rstockRjt.png,4711,"{""arbitrum-one"":""0x5a313745bc19509ec7bc8b7e2937e9f0bf0e2dcc"",""morph-l2"":""0xbc370d30d75978d8d54dd66794b4d7feb7d4c419""}",18
bellscoin,BELLS,Bellscoin,bellscoin,bellscointMG.png,61010553,,
checkerchain-2,SN87,CheckerChain,checkerchain-2,checkerchain-2w25.png,1521003,"{""bittensor"":""87""}",18
0x5f980dcfc4c0fa3911554cf5ab288ed0eb13dba3_base,GITLAWB,Gitlawb,gitlawb,gitlawbLWT.png,100000000000,"{""base"":""0x5f980dcfc4c0fa3911554cf5ab288ed0eb13dba3""}",18
tatsu,TATSU,Tatsu,tatsu,tatsuJj1.png,1000000,"{""ethereum"":""0x92f419fb7a750aed295b0ddf536276bf5a40124f""}",18
m2-global-wealth-limited-mmx,MMX,MMX,m2-global-wealth-limited-mmx,m2-global-wealth-limited-mmx9Xy.png,499841160,"{""ethereum"":""0x614da3b37b6f66f7ce69b4bbbcf9a55ce6168707"",""solana"":""8bd3PSBp15xbjjCJzEJDrQDPiBTXgAJtgoxTcmXxytWL"",""polygon-pos"":""0x95a62521c655e7a24a3919aa1f99764c05b7ec4e""}",18
9999FVbjHioTcoJpoBiSjpxHW6xEn3witVuXKqBh2RFQ_solana,SLERF,Slerf,slerf-2,slerf-2Xhn.png,999989168,"{""solana"":""9999FVbjHioTcoJpoBiSjpxHW6xEn3witVuXKqBh2RFQ""}",18
ethos-reserve-note,ERN,Ethos Reserve Note,ethos-reserve-note,ethos-reserve-noteD2s.png,2199388,"{""optimistic-ethereum"":""0xc5b001dc33727f8f26880b184090d3e252470d45"",""ethereum"":""0x91a69021b0baef3445e51726458a0ce601471846"",""binance_smart"":""0xce1e3cc1950d2aaeb47de04de2dec2dc86380e0a"",""avalanche"":""0x08d58f06ddfa9b99ae651f68232014be3914c5cd"",""fantom"":""0xce1e3cc1950d2aaeb47de04de2dec2dc86380e0a"",""arbitrum-one"":""0xa334884bf6b0a066d553d19e507315e839409e62"",""base"":""0xa334884bf6b0a066d553d19e507315e839409e62"",""linea"":""0xa334884bf6b0a066d553d19e507315e839409e62"",""polygon-pos"":""0xc3a9a54c043f348027fffaac0f2f996123a19bf4""}",18
amc-entertainment-holdings-inc-robinhood-token,AMC,"AMC Entertainment Holdings, Inc. • Robinhood Token",amc-entertainment-holdings-inc-robinhood-token,amc-entertainment-holdings-inc-robinhood-tokenS9I.png,780552,"{""robinhood"":""0x05a3d1cd21d0c88145e82600e62e7e496e0f222b""}",18
0x03832767bdf9a8ef007449942125ad605acfadb8_hyperevm,SWAP,HyperSwap,hyperswap,hyperswapS26.png,92629993,"{""hyperevm"":""0x03832767bdf9a8ef007449942125ad605acfadb8""}",18
spinezMPKxkBpf4Q9xET2587fehM3LuKe4xoAoXtSjR_solana,SPINE,SpineDAO Token,spinedao-token,spinedao-tokenc57.png,999989908,"{""solana"":""spinezMPKxkBpf4Q9xET2587fehM3LuKe4xoAoXtSjR""}",18
my-lovely-coin,MLC,My Lovely Coin,my-lovely-coin,my-lovely-coin2YR.png,235097253,"{""polygon-pos"":""0x0566c506477cd2d8df4e0123512dbc344bd9d111"",""solana"":""8Up6R3g6qdpsApu8DUCtajSAWANxSty2eQmSjCSGSHH6"",""binance_smart"":""0xe8db8733c5badf634f86d6ef894ffdbf0e85b7c2""}",18
adappter-token,ADP,Adappter,adappter-token,adappter-tokenHXO.png,10000000000,"{""ethereum"":""0xc314b0e758d5ff74f63e307a86ebfe183c95767b""}",18
rock-dao,ROCK,ROCK DAO,rock-dao,rock-daoeQO.png,5368779479,"{""tron"":""TZ3c6bmoqVeq9YEEBMSNrBLq2rHJ1vR8Nc""}",18
0x514d8e8099286a13486ef6c525c120f51c239b52_base,OBT,Orbiter Finance,orbiter-finance,orbiter-financezns.png,10000000000,"{""base"":""0x514d8e8099286a13486ef6c525c120f51c239b52"",""arbitrum-one"":""0x1cd9a56c8c2ea913c70319a44da75e99255aa46f"",""ethereum"":""0x4af322ff4a6f2858f6b51e546b9ec499654493c5"",""binance_smart"":""0xcef5b397051fc92026249670e918c0ad7b8585e4""}",18
myro,MYRO,MYRO,myro,myroR1Y.png,999981490,"{""solana"":""Bm3dgkZrjH7eaz1GBH1R2ZHkp7nZUoPNJhjekoxepump""}",18
zkverify,VFY,zkVerify,zkverify,zkverifyrRW.png,1000000000,"{""base"":""0xa749de6c28262b7ffbc5de27dc845dd7ecd2b358""}",18
rif-us-dollar,USDRIF,RIF US Dollar,rif-us-dollar,rif-us-dollarB1S.png,2179902,"{""rootstock"":""0x3a15461d8ae0f0fb5fa2629e9da7d66a794a6e37"",""arbitrum-one"":""0x8eef5ed361c6823156d936209e23a8e0349e5c61""}",18
cofinex-2,CNX,Cofinex,cofinex-2,cofinex-2d9e.png,500000000,"{""binance_smart"":""0xdea0b8ad5806d8be6ea38ba4e5fc36118808eb04""}",18
netflix-bstocks-tokenized-stock,NFLXB,Netflix (bStocks Tokenized Stock),netflix-bstocks-tokenized-stock,netflix-bstocks-tokenized-stock7aA.png,32114,"{""binance_smart"":""0xd6829ea836b6fa224d099d40e54b31262f874631""}",18
daddy-doge,DADDYDOGE,Daddy Doge,daddy-doge,daddy-dogeVN5.png,1000000000000000,"{""binance_smart"":""0x7cce94c0b2c8ae7661f02544e62178377fe8cf92""}",18
doubt,DOUBT,DOUBT,doubt,doubtLjX.png,950000000,"{""pulsechain"":""0x6ba0876e30cce2a9afc4b82d8bd8a8349df4ca96""}",18
arc,ARC,ARC,arc,1653317557331.png,1030000000,"{""ethereum"":""0x672fdba7055bddfa8fd6bd45b1455ce5eb97f499"",""base"":""0x61ca70b867a48265e553a7fbb81bfe44fada7ae6""}",18
0x44b28991b167582f18ba0259e0173176ca125505_ethereum,UPEG,Unipeg,unipeg,unipeg5Is.png,10000,"{""ethereum"":""0x44b28991b167582f18ba0259e0173176ca125505""}",18
ayflow,AYFLOW,ayFLOW,ayflow,ayflowPaF.png,49857271,"{""flow-evm"":""0xcbf9a7753f9d2d0e8141ebb36d99f87acef98597""}",18
synatra-staked-usdc,YUSD,Synatra Staked USDC,synatra-staked-usdc,synatra-staked-usdcANy.png,1253900,"{""solana"":""yUSDX7W89jXWn4zzDPLnhykDymSjQSmpaJ8e4fjC1fg""}",18
lumiwave-protocol,LWP,LumiWave Protocol,lumiwave-protocol,lumiwave-protocolkuu.png,809234940,,
0x972a7a92d92796a98801a8818bcf91f1648f2f68_ethereum,WGNK,Wrapped Gonka,wrapped-gonka,wrapped-gonkaWLx.png,8941214,"{""ethereum"":""0x972a7a92d92796a98801a8818bcf91f1648f2f68""}",18
8RVBk8vxLiUHueLUW1f4izFVqN3nWippLhkohKg6EGkS_solana,KNOTS,KNOTS,knots,knotsUsO.png,1000000000,"{""solana"":""8RVBk8vxLiUHueLUW1f4izFVqN3nWippLhkohKg6EGkS""}",18
127_bittensor,SN127,Cel AI,cel-ai,cel-aiaFk.png,3063340,"{""bittensor"":""127""}",18
galaconnect-bridged-wbtc-galachain,GWBTC,GalaConnect Bridged WBTC (GalaChain),galaconnect-bridged-wbtc-galachain,galaconnect-bridged-wbtc-galachaincFV.png,260.2876,"{""galachain"":""zeUS5n2SFmcSN6DJDdQMCLhF4Rz""}",18
mcdonald-s-xstock,MCDX,McDonald's xStock,mcdonald-s-xstock,mcdonald-s-xstock4Es.png,300112,"{""arbitrum-one"":""0x80a77a372c1e12accda84299492f404902e2da67"",""solana"":""XsqE9cRRpzxcGKDXj1BJ7Xmg4GRhZoyY1KpmGSxAWT2"",""binance_smart"":""0x80a77a372c1e12accda84299492f404902e2da67"",""ethereum"":""0x80a77a372c1e12accda84299492f404902e2da67""}",18
xen-crypto,XEN,XEN Crypto,xen-crypto,xen-cryptoDWI.png,429497647721501,"{""ethereum"":""0x06450dee7fd2fb8e39061434babcfc05599a6fb8"",""avalanche"":""0xc0c5aa69dbe4d6dddfbc89c0957686ec60f24389"",""ethereumpow"":""0x2ab0e9e4ee70fff1fb9d67031e44f6410170d00e""}",18
book-2,STUFF,STUFF.io,book-2,book-2Xjc.png,10000000000,"{""cardano"":""51a5e236c4de3af2b8020442e2a26f454fda3b04cb621c1294a0ef34424f4f4b""}",18
7BMb4jNt2tQG81jX7W22H2h2UyL4SW9QJgz25HRhpump_solana,LOULOU,LOULOU,loulou,7BMb4jNt2tQG81jX7W22H2h2UyL4SW9QJgz25HRhpump_solanaF4g.png,1000000000,"{""solana"":""7BMb4jNt2tQG81jX7W22H2h2UyL4SW9QJgz25HRhpump""}",18
financie-token,FNCT,Financie Token,financie-token,financie-tokenJ1t.png,20000000000,"{""ethereum"":""0x8af78f0c818302164f73b2365fe152c2d1fe80e1"",""polygon-pos"":""0x13590c53df63b52e159328c5b4ffb5f6dc5163c0""}",18
PerPsCe2SJ7Q25CN4R5TTX4fmBdmknE2hQmqCt96fHL_solana,PERPSPAD,perpspad,perpspad,perpspadzYz.png,733804447,"{""solana"":""PerPsCe2SJ7Q25CN4R5TTX4fmBdmknE2hQmqCt96fHL""}",18
unit-solana,USOL,Unit Solana,unit-solana,unit-solanaaYo.png,17665,"{""hyperevm"":""0x068f321fa8fb9f0d135f290ef6a3e2813e1c8a29"",""hyperliquid"":""0x49b67c39f5566535de22b29b0e51e685""}",18
0xb614bfdf9edc39b330bbf9c3c5bcd0473eee2f6d4e21748629cc367869ece627_aptos,STAPT,Hyperion Staked Aptos,hyperion-staked-aptos,hyperion-staked-aptosj4i.png,2209229,"{""aptos"":""0xb614bfdf9edc39b330bbf9c3c5bcd0473eee2f6d4e21748629cc367869ece627""}",18
nokia-bstocks-tokenized-stock,NOKB,Nokia (bStocks Tokenized Stock),nokia-bstocks-tokenized-stock,nokia-bstocks-tokenized-stockWa6.png,202847,"{""binance_smart"":""0x7c4d7a180d737dd5a70d8065a90e6746a69c37ea""}",18
rainbow-bridged-dai-near-protocol,DAI,Rainbow Bridged DAI (Near Protocol),rainbow-bridged-dai-near-protocol,rainbow-bridged-dai-near-protocolseu.png,2130198,"{""near-protocol"":""6b175474e89094c44da98b954eedeac495271d0f.factory.bridge.near""}",18
herbcoin,HERB,HERBCOIN,herbcoin,herbcoinMoM.png,100000000,,
0x45510db2481353178db5abb87c96805fadad0724_ethereum,FTMX,FTMTOKEN,ftmtoken,0x45510db2481353178db5abb87c96805fadad0724_ethereum2zu.png,645000000,"{""ethereum"":""0x45510db2481353178db5abb87c96805fadad0724""}",18
wrapped-xdc,WXDC,Wrapped XDC,wrapped-xdc,wrapped-xdcjgC.png,65277984,"{""xdc-network"":""0x951857744785e80e2de051c32ee7b25f9c458c42""}",18
aave-v3-lusd,ALUSD,Aave v3 LUSD,aave-v3-lusd,aave-v3-lusdckN.png,2112042,"{""ethereum"":""0x3fe6a295459fae07df8a0cecc36f37160fe86aa9"",""arbitrum-one"":""0x8ffdf2de812095b1d19cb146e4c004587c0a0692"",""optimistic-ethereum"":""0x8eb270e296023e9d92081fdf967ddd7878724424""}",18
pumpbtc-2,PUMP,PumpBTC,pumpbtc-2,pumpbtc-2xnK.png,1000000000,"{""binance_smart"":""0xb7c0007ab75350c582d5eab1862b872b5cf53f0c""}",18
truflation,TRUF,TRUF.Network,truflation,truflationv7r.png,1000000000,"{""ethereum"":""0x243c9be13faba09f945ccc565547293337da0ad7"",""arbitrum-one"":""0xb59c8912c83157a955f9d715e556257f432c35d7"",""base"":""0xb59c8912c83157a955f9d715e556257f432c35d7"",""solana"":""TRUFoUAg3rKEtcFxxeeuVm6Dc4Er55McRXMSgPk3hZ4""}",18
walmart-ondo-tokenized-stock,WMTON,Walmart (Ondo Tokenized Stock),walmart-ondo-tokenized-stock,walmart-ondo-tokenized-stockJ6C.png,20125,"{""ethereum"":""0x82106347ddbb23ce44cf4ce4053ef1adf8b9323b"",""binance_smart"":""0xa7d1e886acf66ec0656df2decb4b7c893a3bab4c"",""solana"":""LZddqAqKqJW9oMZSjTxCUmbmzBRQtv9gMkD9hZ3ondo""}",18
rei-network,REI,REI Network,rei-network,rei-networktmV.png,1000000000,,
naws-ai,NAWS,NAWS.AI,naws-ai,naws-aiBin.png,10000000000,"{""binance_smart"":""0x726a54e04f394b6e44e58a2d7cb0fec61361d10e""}",18
0x3ffeea07a27fab7ad1df5297fa75e77a43cb5790_ethereum,PEIPEI,PeiPei,peipeicoin-vip,peipeicoin-vipcNe.png,420688546828664,"{""ethereum"":""0x3ffeea07a27fab7ad1df5297fa75e77a43cb5790""}",18
hawk-2,HAWK,Hawk,hawk-2,hawk-2QGX.png,80000000000,"{""binance_smart"":""0xe846d164b88ed2e1209609fea3cf7a3d89d70d2d""}",18
zeus-network,ZEUS,Zeus Network,zeus-network,zeus-networkGJf.png,999985995,"{""solana"":""ZEUS1aR7aX8DFFJf5QjWj2ftDDdNTroMNGo8YoQm3Gq"",""binance_smart"":""0xa2be3e48170a60119b5f0400c65f65f3158fbeee""}",18
permission-coin,ASK,Permission Coin,permission-coin,permission-coincOi.png,100000000000,"{""polygon-pos"":""0xaa3717090cddc9b227e49d0d84a28ac0a996e6ff"",""base"":""0xbb146326778227a8498b105a18f84e0987a684b4""}",18
hsuite,HSUITE,HubSuite,hsuite,hsuiteboF.png,38271824539,"{""hedera-hashgraph"":""0.0.786931""}",18
bemo-staked-ton,STTON,bemo Staked TON,bemo-staked-ton,bemo-staked-tonXuo.png,1168758,"{""the-open-network"":""EQDNhy-nxYFgUqzfUzImBEP67JqsyMIcyk2S5_RwNNEYku0k""}",18
pluton,PLU,Pluton,pluton,Plutonv67nj.png,14000000,"{""ethereum"":""0xd8912c10681d8b21fd3742244f44658dba12264e""}",18
groyper-3,GROYP,Groyper,groyper-3,groyper-30kB.png,48950536,"{""the-open-network"":""EQAtwo6qMNwtr0iTA9eKVZ32cuACFJ0VKd78GrBWOe83-X1P""}",18
0xd221812de1bd094f35587ee8e174b07b6167d9af_celo,WETH,Celo Bridged WETH (Celo),celo-bridged-weth-celo,celo-bridged-weth-celo1ZW.png,779.1426,"{""celo"":""0xd221812de1bd094f35587ee8e174b07b6167d9af""}",18
aptusd,APTUSD,aptUSD,aptusd,aptusdsge.png,2099383,"{""ethereum"":""0x093df218d70ea6036afa26704a1c70d12010b908""}",18
kpk-eth-yield,KPK_ETH_YIELDV2,kpk ETH Yield V2 Morpho Vault (Ethereum),kpk-eth-yield,kpk-eth-yield6kd.png,758.4339,"{""ethereum"":""0x5dbf760b4fd0cddde0366b33aeb338b2a6d77725""}",18
0x07696dcab55e62cfef953666b29fe1970518cb00_ethereum,WPRL,PearlBridge Bridged WPRL (Ethereum),wrapped-pearl,0x07696dcab55e62cfef953666b29fe1970518cb00_ethereumf9d.png,2020669,"{""ethereum"":""0x07696dcab55e62cfef953666b29fe1970518cb00""}",18
plearn,PLN,PLEARN,plearn,plearnxqj.png,343969587,"{""binance_smart"":""0xbe0d3526fc797583dada3f30bc390013062a048b""}",18
BcHEaaTCvycPwwsJ9yQTXdHP9X2gCLkznDbZ8VySpump_solana,JOTCHUA,Jotchua,jotchua,jotchuaR3I.png,999831534,"{""solana"":""BcHEaaTCvycPwwsJ9yQTXdHP9X2gCLkznDbZ8VySpump""}",18
aurory,AURY,Aurory,aurory,auroryB2m.png,100000000,"{""solana"":""AURYydfxJib1ZkTir1Jn1J9ECYUtjb6rKQVmtYaixWPP"",""arbitrum-one"":""0x11bf4f05eb28b802ed3ab672594decb20ffe2313""}",18
0x38f9bf9dce51833ec7f03c9dc218197999999999_ethereum,NYA,Nya,nya,nyab6J.png,36830899415102,"{""ethereum"":""0x38f9bf9dce51833ec7f03c9dc218197999999999"",""binance_smart"":""0x38f9bf9dce51833ec7f03c9dc218197999999999"",""base"":""0x38f9bf9dce51833ec7f03c9dc218197999999999"",""polygon-pos"":""0x38f9bf9dce51833ec7f03c9dc218197999999999"",""optimistic-ethereum"":""0x38f9bf9dce51833ec7f03c9dc218197999999999"",""arbitrum-one"":""0x38f9bf9dce51833ec7f03c9dc218197999999999"",""avalanche"":""0x38f9bf9dce51833ec7f03c9dc218197999999999""}",18
gxchain,GXC,GXChain,gxchain,GXChain1v8cx.png,100000000,,
flurry,FLURRY,Flurry Finance,flurry,flurryVpi.png,9984547180,"{""ethereum"":""0x60f63b76e2fc1649e57a3489162732a90acf59fe"",""binance_smart"":""0x47c9bcef4fe2dbcdf3abf508f147f1bbe8d4fef2""}",18
3iC63FgnB7EhcPaiSaC51UkVweeBDkqu17SaRyy2pump_solana,RAIN,Rainmaker,rainmaker,3iC63FgnB7EhcPaiSaC51UkVweeBDkqu17SaRyy2pump_solanaFoA.png,999999602,"{""solana"":""3iC63FgnB7EhcPaiSaC51UkVweeBDkqu17SaRyy2pump""}",18
dora-factory-2,DORA,Dora Factory,dora-factory-2,dora-factory-2IlH.png,1000000000,"{""ethereum"":""0x4957805230831401caad5b690aa138143b711358""}",18
unchain-x,UNX,Unchain X,unchain-x,unchain-xPhh.png,9880635140,"{""binance_smart"":""0x4f0572ca0bf96f5ae17b7062d97cea3f35bdea6f""}",18
mezo,MEZO,MEZO,mezo,mezo1as.png,1000000000,"{""mezo"":""0x7b7c000000000000000000000000000000000001"",""ethereum"":""0x8e4cbbcc33db6c0a18561fde1f6ba35906d4848b"",""base"":""0x8e4cbbcc33db6c0a18561fde1f6ba35906d4848b""}",18
oort,OORT,OORT,oort,oortxXK.png,1998900000,"{""binance_smart"":""0x5651fa7a726b9ec0cad00ee140179912b6e73599"",""ethereum"":""0x5651fa7a726b9ec0cad00ee140179912b6e73599""}",18
78_bittensor,SN78,Umi,loosh,looshWMm.png,1433655,"{""bittensor"":""78"",""base"":""0x6e2feee56bc5f0db2104ab1dac2cf1fb0334eb49"",""robinhood"":""0x6e2feee56bc5f0db2104ab1dac2cf1fb0334eb49""}",18
dolz-io,DOLZ,DOLZ.io,dolz-io,dolz-iomwf.png,757132526,"{""polygon-pos"":""0x6ab4e20f36ca48b61ecd66c0450fdf665fa130be"",""ethereum"":""0xe939f011a3d8fc0aa874c97e8156053a903d7176"",""base"":""0x8102b2864eade51a1c36497747132af689824b59""}",18
EQA1EIDrR33zgL21rwDIfGo7h4ETWieentUvg7jIT-3aP5GG_the-open-network,FRT,FORT Token,fort-token,EQA1EIDrR33zgL21rwDIfGo7h4ETWieentUvg7jIT-3aP5GG_the-open-networkWv1.png,494251,"{""the-open-network"":""EQA1EIDrR33zgL21rwDIfGo7h4ETWieentUvg7jIT-3aP5GG""}",18
pepsico-ondo-tokenized-stock,PEPON,PepsiCo (Ondo Tokenized Stock),pepsico-ondo-tokenized-stock,pepsico-ondo-tokenized-stockkfd.png,15657,"{""ethereum"":""0x3ce219d498d807317f840f4cb0f03fa27dd65046"",""binance_smart"":""0xf99f8f3a95257d82006183bd524efa7aacc9ef7a"",""solana"":""gud6b3fYekjhMG5F818BALwbg2vt4JKoow59Md9ondo""}",18
iousdt,IOUSDT,iotube Bridged USDT (IoTeX),iousdt,iousdtX9c.png,2071468,"{""iotex"":""0x6fbcdc1169b5130c59e72e51ed68a84841c98cd1""}",18
3B1ijcocM5EDga6XxQ7JLW7weocQPWWjuhBYG8Vepump_solana,BP,Barking Puppy,barking-puppy,3B1ijcocM5EDga6XxQ7JLW7weocQPWWjuhBYG8Vepump_solanaYFW.png,973957735,"{""solana"":""3B1ijcocM5EDga6XxQ7JLW7weocQPWWjuhBYG8Vepump""}",18
sk-hynix-backpack-securities,SKHY,SK Hynix (Backpack Securities),sk-hynix-backpack-securities,sk-hynix-backpack-securitiesfrq.png,10643,"{""solana"":""SKHYhSjuRWHgikq8eRKbtBbpABgJSkd7ytQV14i9EQ3""}",18
stakewise,SWISE,StakeWise,stakewise,stakewiseOsP.png,1000000000,"{""ethereum"":""0x48c3399719b582dd63eb5aadf12a40b4c3f52fa2""}",18
herculis-gold-coin,XAUH,Herculis Gold Coin,herculis-gold-coin,herculis-gold-coin4H9.png,15500,"{""ethereum"":""0xa9b17f572341219703bc951725bdb3ca756b1a65"",""tron"":""TJ9x3d4v8Cot4zFLYj8rkH3ZVSaEiXtjyC"",""the-open-network"":""EQCMk4_OujCnk46jApHnIRbmTtYTkSmfujV9X8Ye0qvsHVKh""}",18
billion-dollar-cat-runes,BILLY,Billy (Bitcoin),billion-dollar-cat-runes,billion-dollar-cat-runes3pW.png,1000000000,"{""ordinals"":""845764:84"",""solana"":""BDCs2xEqzXyRpp9P6uPDnAvERpLKBfzHPEzbe3BfCxDY""}",18
kiboshib,KIBSHI,KiboShib,kiboshib,kiboshibKiz.png,1000000000000,"{""ethereum"":""0x02e7f808990638e9e67e1f00313037ede2362361"",""arbitrum-one"":""0xf525e73bdeb4ac1b0e741af3ed8a8cbb43ab0756"",""base"":""0xc7dcca0a3e69bd762c8db257f868f76be36c8514"",""solana"":""BxBkTCHsrcYChcwB459CAGPX9x4fWSVnmzqh5efgUN1R""}",18
0x3010ccb5419f1ef26d40a7cd3f0d707a0fa127dc_ethereum,GEMS,Gems VIP,gems-vip,gems-vipdD9.png,837927748,"{""ethereum"":""0x3010ccb5419f1ef26d40a7cd3f0d707a0fa127dc""}",18
amd-robinhood-tokenized-stock,AMD,AMD • Robinhood Token,amd-robinhood-tokenized-stock,amd-robinhood-tokenized-stockNQG.png,3244,"{""robinhood"":""0x86923f96303d656e4aa86d9d42d1e57ad2023fdc""}",18
0xa156048aa84d13b1de40dfa8288d28b2593fc35c_robinhood,XBOW,Crossbow Finance,crossbow-finance,crossbow-financea1t.png,877221437,"{""robinhood"":""0xa156048aa84d13b1de40dfa8288d28b2593fc35c""}",18
forest-protocol,FOREST,Forest Protocol,forest-protocol,forest-protocolJxc.png,1000000000,"{""ethereum"":""0x8d33f0ae6d111212d9d64b0821c7cf09e6270c27"",""binance_smart"":""0x11cf6bf6d87cb0eb9c294fd6cbfec91ee3a1a7d0""}",18
D25bi7oHQjqkVrzbfuM6k2gzVNHTSpBLhtakDCzCCDUB_solana,ANONCOIN,Anoncoin,anoncoin-2,D25bi7oHQjqkVrzbfuM6k2gzVNHTSpBLhtakDCzCCDUB_solana86W.png,974484877,"{""solana"":""D25bi7oHQjqkVrzbfuM6k2gzVNHTSpBLhtakDCzCCDUB""}",18
intel-robinhood-tokenized-stock,INTC,Intel • Robinhood Token,intel-robinhood-tokenized-stock,intel-robinhood-tokenized-stockGN3.png,17451,"{""robinhood"":""0xc72b96e0e48ecd4dc75e1e45396e26300bc39681""}",18
0x44bb111010dfffb3695f9a1b66aa879976199e7b_wemix-network,USDC.E,WEMIX3.0 Bridged USDC (WEMIX3.0 DPoS),wemix3-0-bridged-usdc-wemix3-0-dpos,wemix3-0-bridged-usdc-wemix3-0-dposiPI.png,2057944,"{""wemix-network"":""0x44bb111010dfffb3695f9a1b66aa879976199e7b""}",18
wrapped-rbnt,WRBNT,Wrapped RBNT,wrapped-rbnt,wrapped-rbnt0kx.png,1792541263,"{""redbelly-network"":""0x6ed1f491e2d31536d6561f6bdb2adc8f092a6076"",""ethereum"":""0xb45ffb51984d626ee758b336c61cf20990c6bf13"",""solana"":""AKbyFYEgueHwS7V4S3gXsWpGJZvv3f7WMkRMFdrenSG1""}",18
GoADAwux19tGxb3W4ykPzZz8p5JCSYaxBRpuW7s9pump_solana,OCTO,Octo Protocol,octo-protocol,octo-protocolpla.png,933827589,"{""solana"":""GoADAwux19tGxb3W4ykPzZz8p5JCSYaxBRpuW7s9pump""}",18
zenon-2,ZNN,Zenon,zenon-2,zenon-2T8X.png,13204544,"{""ethereum"":""0xb2e96a63479c2edd2fd62b382c89d5ca79f572d3""}",18
bridged-usdt-core,USDT,CoreDAO Bridged USDT (Core),bridged-usdt-core,bridged-usdt-core2NH.png,2043515,"{""core"":""0x900101d06a7426441ae63e9ab3b9b0f63be145f1""}",18
0xb48c6b24f36307c7a1f2a9281e978a9ef2902ba5_ethereum,IMU,Immunefi,immunefi,immunefiXRm.png,10000000000,"{""ethereum"":""0xb48c6b24f36307c7a1f2a9281e978a9ef2902ba5""}",18
dither,DITH,Dither,dither,ditherxy8.png,99991824,"{""solana"":""E1kvzJNxShvvWTrudokpzuc789vRiDXfXG3duCuY6ooE""}",18
niza-global-2,NIZA,Niza Global,niza-global-2,niza-global-2rjE.png,2500000000,"{""binance_smart"":""0x3065930e06307eecf872304299ce9be2a2f6bce0"",""ethereum"":""0x373f323d21b38004d17386c18680c57657f78040"",""base"":""0xa9500acbd7de8a0e456af645937350393251c0ed""}",18
Ax8PSfCXxmxb8C8kYTzN5CPpTe6PyeZfFf8rrXNCjupx_solana,MM,Milk Money,milk-money,Ax8PSfCXxmxb8C8kYTzN5CPpTe6PyeZfFf8rrXNCjupx_solanatnR.png,999955306,"{""solana"":""Ax8PSfCXxmxb8C8kYTzN5CPpTe6PyeZfFf8rrXNCjupx""}",18
soex,SOEX,SOEX,soex,soex858.png,800000000,"{""the-open-network"":""EQCPrad8ocDuIp4bAbGbxdA7BWdWE2Gs4OiAL7Yrrtu6BQMI""}",18
tesla-coinbase-tokenized-stocks,TSLAC,Tesla (Coinbase Tokenized Stocks),tesla-coinbase-tokenized-stocks,tesla-coinbase-tokenized-stockssYe.png,5485,"{""base"":""0xb2000000000000000000001e800a7f5189430cd0""}",18
full-moon,FM,Full Moon,full-moon,full-moonumO.png,20000000000,"{""cronos"":""0x37888159581ac2cdea5fb9c3ed50265a19ede8dd""}",18
126_bittensor,SN126,Poker44,poker44,poker449xY.png,1534210,"{""bittensor"":""126""}",18
galaxy-usdc-quality-base,BASEETH:GUSDCQ,Galaxy USDC Quality (Base),galaxy-usdc-quality-base,galaxy-usdc-quality-basekKw.png,1997540,"{""base"":""0x1e9e47583f15d45a10df48c0b1846e0492c795d7""}",18
canto,CANTO,CANTO,canto,1675237128869.png,1000000000,"{""canto"":""0x826551890dc65655a0aceca109ab11abdbd7a07b"",""ethereum"":""0x56c03b8c4fa80ba37f5a7b60caaaef749bb5b220"",""osmosis"":""ibc/47CAF2DB8C016FAC960F33BC492FD8E454593B65CC59D70FA9D9F30424F9C32F""}",18
G8aVC4nk5oPWzTHp4PDm3kAuixCebv9WRQMD93h9pump_solana,RWA,Real World AI,real-world-ai,G8aVC4nk5oPWzTHp4PDm3kAuixCebv9WRQMD93h9pump_solanaYk4.png,964977585,"{""solana"":""G8aVC4nk5oPWzTHp4PDm3kAuixCebv9WRQMD93h9pump""}",18
0xdc247546a6551117c8ea82db2cc0ad6e048e5f6e_ethereum,LUSH,LushAI,lush-ai,lush-aiciL.png,19660584819,"{""ethereum"":""0xec9333e7dadeebf82d290d6cb12e66cc30ce46b0"",""base"":""0x5319419caf59a446f2f129a5876a5e6b490d6610""}",18
novo-nordisk-ondo-tokenized-stock,NVOON,Novo Nordisk (Ondo Tokenized Stock),novo-nordisk-ondo-tokenized-stock,novo-nordisk-ondo-tokenized-stock7o9.png,52806,"{""ethereum"":""0x28151f5888833d3d767c4d6945a0ee50d1b193e3"",""binance_smart"":""0x08a513779f46ffb7a34f16094a94016d010128a8"",""solana"":""GeV7S8vjP8qdYZpdGv2Xi6e7MUMCk8NAAp2z7g5ondo""}",18
gamestop-xstock,GMEX,Gamestop xStock,gamestop-xstock,gamestop-xstockF6P.png,4811690,"{""arbitrum-one"":""0xe5f6d3b2405abdfe6f660e63202b25d23763160d"",""solana"":""Xsf9mBktVB9BSU5kf4nHxPq5hCBJ2j2ui3ecFGxPRGc"",""binance_smart"":""0xe5f6d3b2405abdfe6f660e63202b25d23763160d"",""ethereum"":""0xe5f6d3b2405abdfe6f660e63202b25d23763160d""}",18
persistence,XPRT,Persistence One,persistence,1705146753802.png,272137831,"{""osmosis"":""ibc/A0CC0CF735BFB30E730C70019D4218A1244FF383503FF7579C9201AB93CA9293"",""base"":""0xc7edf7b7b3667a06992508e7b156eff794a9e1c8"",""ethereum"":""0xd454b59f16d42667be2fa55292d16647e27f40c4"",""optimistic-ethereum"":""0xc7edf7b7b3667a06992508e7b156eff794a9e1c8"",""blast"":""0xc7edf7b7b3667a06992508e7b156eff794a9e1c8"",""persistence"":""persistence/uxprt""}",18
tarot-2,TAROT,Tarot,tarot-2,tarot-2ACu.png,100000000,"{""fantom"":""0xb7c2ddb1ebac1056231ef22c1b0a13988537a274"",""ethereum"":""0xa10bf0aba0c7953f279c4cb8192d3b5de5ea56e8"",""optimistic-ethereum"":""0x1f514a61bcde34f94bc39731235690ab9da737f7"",""arbitrum-one"":""0x13278cd824d33a7adb9f0a9a84aca7c0d2deebf7"",""canto"":""0xcac45583c6990b6d0981f4707f00eb6a00214617"",""binance_smart"":""0x982e609643794a31a07f5c5b142dd3a9cf0690be"",""kava"":""0x2e4c7bf66d0484e44fea0ec273b85a00af92b2e3"",""avalanche"":""0x5ecfec22aa950cb5a3b4fd7249dc30b2bd160f18"",""polygon-pos"":""0xb092e1bf50f518b3ebf7ed26a40015183ae36ac2"",""base"":""0xf544251d25f3d243a36b07e7e7962a678f952691"",""mantle"":""0x981bd9f77c8aafc14ebc86769503f86a3cc29af5"",""zksync"":""0x7f2fd959013eec5144269ac6edd0015cb10968fc""}",18
SNS8DJbHc34nKySHVhLGMUUE72ho6igvJaxtq9T3cX3_solana,SNS,Solana Name Service,solana-name-service,SNS8DJbHc34nKySHVhLGMUUE72ho6igvJaxtq9T3cX3_solanafy5.png,9999794038,"{""solana"":""SNS8DJbHc34nKySHVhLGMUUE72ho6igvJaxtq9T3cX3""}",18
dogebonk,DOBO,DogeBonk,dogebonk,dogebonktWs.png,1000000000000000,"{""binance_smart"":""0xae2df9f730c54400934c06a17462c41c08a06ed8""}",18
vaiot,VAI,VAIOT,vaiot,vaiot5Gh.png,400000000,"{""ethereum"":""0xd13cfd3133239a3c73a9e535a5c4dadee36b395c""}",18
candles,SN31,Candles,candles,candleslr2.png,1562748,"{""bittensor"":""31""}",18
mev-capital-usual-boosted-usdc-morpho-vault,USUALUSDC+,MEV Capital Usual Boosted USDC Morpho Vault,mev-capital-usual-boosted-usdc-morpho-vault,mev-capital-usual-boosted-usdc-morpho-vaulthgj.png,1777102,"{""ethereum"":""0xd63070114470f685b75b74d60eec7c1113d33a3d""}",18
magic-internet-money-arbitrum,MIM,Magic Internet Money (Arbitrum),magic-internet-money-arbitrum,magic-internet-money-arbitrumu0o.png,63750053,"{""arbitrum-one"":""0xfea7a6a0b346362bf88a9e4a88416b77a57d6c2a""}",18
XSTuo1fV7HHMhs4BYiwtrWSLsMCJNrooH2AssWTYZqP_solana,XST,XST,xst,xst1f4.png,999991497,"{""solana"":""XSTuo1fV7HHMhs4BYiwtrWSLsMCJNrooH2AssWTYZqP""}",18
rocketx,RVF,RocketX Exchange,rocketx,1674735456523.png,77265310,"{""ethereum"":""0x2fb652314c3d850e9049057bbe9813f1eee882d3"",""binance_smart"":""0x267e0c7456df5254492127ea7b2e14e556b492b8"",""polygon-pos"":""0x2ce13e4199443fdfff531abb30c9b6594446bbc7""}",18
0xea2e0887dc584a16433d49c49295809ac5c0da8e_base,YUNAI,Yunai by Virtuals,yunai,yunai8vX.png,1000000000,"{""base"":""0xea2e0887dc584a16433d49c49295809ac5c0da8e""}",18
etherfi-liquid-reserve,LIQUIDRESERVE,EtherFi Liquid Reserve,etherfi-liquid-reserve,etherfi-liquid-reserveu59.png,1930159,"{""optimistic-ethereum"":""0xca5921df65e2e1b0b98ae91c0187ba80d4124898""}",18
0x7abc8a5768e6be61a6c693a6e4eacb5b60602c4d_ethereum,CXT,Covalent X Token,covalent-x-token,covalent-x-tokenlxA.png,1000000000,"{""ethereum"":""0x7abc8a5768e6be61a6c693a6e4eacb5b60602c4d"",""base"":""0xb1e1f3cc2b6fe4420c1ac82022b457018eb628ff""}",18
0x8d1612b4b78ebf08cfbf01a04fa270ccbb0509a2_robinhood,RKST,rocket strategy,rocket-strategy,rocket-strategyhhz.png,857404126,"{""robinhood"":""0x8d1612b4b78ebf08cfbf01a04fa270ccbb0509a2""}",18
regent-coin,REGENT,Regent Coin,regent-coin,regent-coincnv.png,2900000,"{""binance_smart"":""0x4ffa143ce16a24215e8df96c0cef5677a7b91ee4""}",18
celer-bridged-weth-conflux,WETH,Celer Bridged WETH (Conflux),celer-bridged-weth-conflux,celer-bridged-weth-confluxiPw.png,738.4728,"{""conflux"":""0xa47f43de2f9623acb395ca4905746496d2014d57""}",18
0x95c9b514566fbd224dc2037f5914eb8ab91c9201_binance_smart,PTB,Portal to Bitcoin,portal-to-bitcoin,portal-to-bitcoinP6D.png,5258400000,"{""binance_smart"":""0x95c9b514566fbd224dc2037f5914eb8ab91c9201"",""ethereum"":""0x30a25cc9c9eade4d4d9e9349be6e68c3411367d3""}",18
anduril-prestocks-2,ANDURIL,Anduril PreStocks,anduril-prestocks-2,anduril-prestocks-2YMM.png,11806,"{""solana"":""PresTj4Yc2bAR197Er7wz4UUKSfqt6FryBEdAriBoQB""}",18
curve-fi-frax-usdc,CRVFRAX,Curve.fi FRAX/USDC,curve-fi-frax-usdc,curve-fi-frax-usdc7Xh.png,1962567,"{""ethereum"":""0x3175df0976dfa876431c2e9ee6bc45b65d3473cc""}",18
0xdbff7c6d368904680706804645cafa4defa3c224_zksync,TEVA,Tevaera,tevaera,0xdbff7c6d368904680706804645cafa4defa3c224_zksyncCep.png,4000000000,"{""zksync"":""0xdbff7c6d368904680706804645cafa4defa3c224"",""base"":""0x00309d634d11541b857f927be91ad2f0bd78894c""}",18
0xa0084063ea01d5f09e56ef3ff6232a9e18b0bacd_ethereum,CYDX,CyberDEX,cyberdex,cyberdexzgl.png,1600000000,"{""ethereum"":""0xa0084063ea01d5f09e56ef3ff6232a9e18b0bacd""}",18
0x975faed559b45feb8a5c5ceb940e614302947777_binance_smart,招财猫,Zhao Cai Mao,zhao-cai-mao,zhao-cai-maomua.png,1000000000,"{""binance_smart"":""0x975faed559b45feb8a5c5ceb940e614302947777""}",18
hermetica-usdh,USDH,Hermetica USDh,hermetica-usdh,hermetica-usdhBWX.png,1984381,"{""stacks"":""SPN5AKG35QZSK2M8GAMR4AFX45659RJHDW353HSG.usdh-token-v1""}",18
