id,symbol,name,slug,logo,total_supply,contract,decimals
QcNnhASrCxLpkqndMvLJmBu8HAkdViZzdipBAoypump_solana,SHIMMY,Trump Official Dance Move,trump-official-dance-move,QcNnhASrCxLpkqndMvLJmBu8HAkdViZzdipBAoypump_solanarDP.png,998420054,"{""solana"":""QcNnhASrCxLpkqndMvLJmBu8HAkdViZzdipBAoypump""}",18
CK7UwtyYTo4CmBohCF9RhF6mCNDxnLMcZsCqouP9pump_solana,TODD,todd,todd,CK7UwtyYTo4CmBohCF9RhF6mCNDxnLMcZsCqouP9pump_solanakHR.png,989478844,"{""solana"":""CK7UwtyYTo4CmBohCF9RhF6mCNDxnLMcZsCqouP9pump""}",18
0xccb00cb269a62dc0c2021c3d699a564e8a868f48_base,RATTHEW,ratthew,ratthew,ratthewTtx.png,1000000000,"{""base"":""0xccb00cb269a62dc0c2021c3d699a564e8a868f48""}",18
yape,YAPE,YAPE,yape,yapeyvt.png,18845272,"{""binance_smart"":""0x556a9f6bc439599f30b57cf14cbce05afa20f704""}",18
tickeron,TICKERON,Tickeron,tickeron,tickeron13x.png,874945152,"{""solana"":""HUWzPAUYLgAMWbP8MiQctEUDjqgp5dzQDVw61xpA1Xdc""}",18
bS532krUcXBMNqXURPtGqYA7dhEsenYe2z9QKkcEASY_solana,CPX,CapIX Protocol,capix-protocol,capix-protocolxgA.png,999979301,"{""solana"":""bS532krUcXBMNqXURPtGqYA7dhEsenYe2z9QKkcEASY""}",18
DK9nBUMfdu4XprPRWeh8f6KnQiGWD8Z4xz3yzs9gpump_solana,GOLD,Gold,gold-10,gold-10L3l.png,999886956,"{""solana"":""DK9nBUMfdu4XprPRWeh8f6KnQiGWD8Z4xz3yzs9gpump""}",18
E4pa6gJTn9DTjmyDRF5rAXGG9YbXFCCUFZFxQCimpump_solana,MCEN,Main Character Energy,main-character-energy,E4pa6gJTn9DTjmyDRF5rAXGG9YbXFCCUFZFxQCimpump_solanapR9.png,998114170,"{""solana"":""E4pa6gJTn9DTjmyDRF5rAXGG9YbXFCCUFZFxQCimpump""}",18
GcmsHHG41giJYACYKrdxZp3kdKMZfg1UB7LaYzCzPxLJ_solana,SUPFRIEND,Superfriend,superfriend,GcmsHHG41giJYACYKrdxZp3kdKMZfg1UB7LaYzCzPxLJ_solanavzo.png,999869928,"{""solana"":""GcmsHHG41giJYACYKrdxZp3kdKMZfg1UB7LaYzCzPxLJ""}",18
metafight-token,MFT,MetaFight Token,metafight-token,metafight-tokenFaa.png,100000000,"{""base"":""0xb372dc09d8d84e1246760ee9d279e504a89f5684""}",18
GZxrdsiXEuGBkUbhAov394489CtiF9LMA7g5HsdVpump_solana,KINTON,kinton the frog,kinton-the-frog,kinton-the-frogvKn.png,999809004,"{""solana"":""GZxrdsiXEuGBkUbhAov394489CtiF9LMA7g5HsdVpump""}",18
4J4W2tdq8gLLEdrq62HqCAbpPAci8SSQdSVvy6uLpump_solana,COPE,Cult of Pepe,cult-of-pepe,4J4W2tdq8gLLEdrq62HqCAbpPAci8SSQdSVvy6uLpump_solanact7.png,998107139,"{""solana"":""4J4W2tdq8gLLEdrq62HqCAbpPAci8SSQdSVvy6uLpump""}",18
irvus-token,IRVUS,IRVUS TOKEN,irvus-token,irvus-tokenSNH.png,928829647,"{""base"":""0x31eda2dfd01c9c65385cce6099b24b06ef3ae831""}",18
CuM7jCNGFLQpFfnV7ZeUUbBpRWnCsPgTaNj6fgq4pump_solana,THE,the coin,the-coin,the-coinTnC.png,984164871,"{""solana"":""CuM7jCNGFLQpFfnV7ZeUUbBpRWnCsPgTaNj6fgq4pump""}",18
8VJ51bdE3xorQ1zB7FEa8CsHdM4kw77xCFiCgbnL2qbT_solana,ANON,Anonymous,anonymous,anonymouswDO.png,999808421,"{""solana"":""8VJ51bdE3xorQ1zB7FEa8CsHdM4kw77xCFiCgbnL2qbT""}",18
0x9dc4600891e452cc8305b888c85f3e51cb19966b_hyperevm,PLUSH,Plush,plush,plush8Q6.png,1000000000,"{""hyperevm"":""0x9dc4600891e452cc8305b888c85f3e51cb19966b""}",18
3G1yVFfKzZxsvTnAnJMQzZBtyTpfWUTY6G7685nRjups_solana,BUBBLE,The Bubbleheads,the-bubbleheads,3G1yVFfKzZxsvTnAnJMQzZBtyTpfWUTY6G7685nRjups_solanau8a.png,999727000,"{""solana"":""3G1yVFfKzZxsvTnAnJMQzZBtyTpfWUTY6G7685nRjups""}",18
4RYtJLcaGKMkYbodJ7X8QYPd2SnRWRvSVWMxfzwRpump_solana,DOLLARCOIN,will go to $1,will-go-to-1,will-go-to-1u45.png,999590429,"{""solana"":""4RYtJLcaGKMkYbodJ7X8QYPd2SnRWRvSVWMxfzwRpump""}",18
7MDApufGNAKDDTcM3hrUpUfZ8jcaXdaoSZy1sQdRpump_solana,DALE,Dale,dale,daleQIp.png,999638879,"{""solana"":""7MDApufGNAKDDTcM3hrUpUfZ8jcaXdaoSZy1sQdRpump""}",18
964ssiZnVnZJrjCDvCbBuwgsozW13gmGtJdPWTAwpump_solana,MIYA,Miya,miya,964ssiZnVnZJrjCDvCbBuwgsozW13gmGtJdPWTAwpump_solanaVFH.png,977560856,"{""solana"":""964ssiZnVnZJrjCDvCbBuwgsozW13gmGtJdPWTAwpump""}",18
0x58d0d7fdb00855dfffb387481b115baf6ba28127_robinhood,YIELDFY,Yieldfy by Virtuals,yieldfy-by-virtuals,0x58d0d7fdb00855dfffb387481b115baf6ba28127_robinhooduaS.png,1000000000,"{""robinhood"":""0x58d0d7fdb00855dfffb387481b115baf6ba28127""}",18
chief-troll-officer,CTO,Chief Troll Officer,chief-troll-officer,chief-troll-officer0jP.png,991780700,"{""ethereum"":""0x45e412e1878080815d6d51d47b83d17869433459""}",18
taker-protocol,TAKER,Taker Protocol,taker-protocol,taker-protocolRdR.png,1000000000,"{""binance_smart"":""0xc19539eb93444523ec8f1432624924d2e6226546""}",18
BrYANThKaAbjZZH5XWLrw26NzMbfUNmBwbZiMe4Fj5Mk_solana,BRYAN,DrPepe.ai,drpepe-ai,drpepe-aiMaL.png,888871658906968,"{""solana"":""BrYANThKaAbjZZH5XWLrw26NzMbfUNmBwbZiMe4Fj5Mk""}",18
yoA2CoHk6HRNtFuTP1kVt5xkcvG7mr5raQ5zuNxpump_solana,ISLANDS,Islands,islands,islandsf6J.png,877921391,"{""solana"":""yoA2CoHk6HRNtFuTP1kVt5xkcvG7mr5raQ5zuNxpump""}",18
0x44441412b008cb20f06685780fd5aaf916cba63d_binance_smart,TRUST ME BRO,trust me bro,trust-me-bro,0x44441412b008cb20f06685780fd5aaf916cba63d_binance_smart1jG.png,1000000000,"{""binance_smart"":""0x44441412b008cb20f06685780fd5aaf916cba63d""}",18
trump-media-technology-rstock,RDJT,Trump Media & Technology Group Tokenized Stock (Reality),trump-media-technology-rstock,trump-media-technology-rstockWGP.png,1494,"{""arbitrum-one"":""0x0caa929a69a43aa8f4dd3497044870259526f39b""}",18
3JVxH5QT9z3v7Gi2z4K4N69Bma6PHj8uovX8tYdQpump_solana,YELPE,Yellow Pepe,yellow-pepe,3JVxH5QT9z3v7Gi2z4K4N69Bma6PHj8uovX8tYdQpump_solanabfC.png,999402389,"{""solana"":""3JVxH5QT9z3v7Gi2z4K4N69Bma6PHj8uovX8tYdQpump""}",18
0xfb4729659eef22bfc1c2b680f6f873f8147aaaab_robinhood,ROBIN,Robin,robin-2,robin-2QRS.png,879046478,"{""robinhood"":""0xfb4729659eef22bfc1c2b680f6f873f8147aaaab""}",18
bepe-2,BEPE,BEPE,bepe-2,bepe-2Kap.png,1200000000,"{""chia"":""ccda69ff6c44d687994efdbee30689be51d2347f739287ab4bb7b52344f8bf1d"",""base"":""0xbb5cbdae23c5368557cc9a32337863eecf03cf9f""}",18
battlefly,GFLY,BattleFly,battlefly,battleflyGmg.png,5447838,"{""arbitrum-one"":""0x872bad41cfc8ba731f811fea8b2d0b9fd6369585""}",18
2zE5rJ2ctXMz9hVbk1AvJa78X7mh3kuR728SNzGXTEeu_solana,TAOLIE,TAOlie Coin,taolie-coin,taolie-coinQGF.png,999995088,"{""solana"":""7dLJnm2NzHPMwB7mJL7azhyMLqs4ZzKYkkhr3ob72Gwo""}",18
3RZqq6kMpvziK7Z3m4EVs6DConpnPEnZeb9PmrtEpump_solana,ELVIS,ELVIS,elvis,3RZqq6kMpvziK7Z3m4EVs6DConpnPEnZeb9PmrtEpump_solanacv2.png,1000000000,"{""solana"":""3RZqq6kMpvziK7Z3m4EVs6DConpnPEnZeb9PmrtEpump""}",18
amped-finance,AMPED,Amped Finance,amped-finance,amped-financeZ4N.png,100000000,"{""lightlink"":""0x99ed8c89d6ed3a05e73bfa0ce0213bb942061a65"",""sonic"":""0x4cae73a23078e7a94d1e828fa3baba5080c04fca"",""ethereum"":""0x761adda96819c4b31640679cd784594766f2681f"",""base"":""0x99ed8c89d6ed3a05e73bfa0ce0213bb942061a65"",""hyperevm"":""0x99ed8c89d6ed3a05e73bfa0ce0213bb942061a65""}",18
khorus,KHO,Khorus,khorus,khorusu5p.png,1000000000,"{""binance_smart"":""0x44cf455dec530bb165bf218b4af1b559664117cb""}",18
8mTu8AW8co1QzHHRnvVZnknUaRsEmxdhjCTCJFeZpump_solana,ZEUS,Ansems Dog,ansems-dog,ansems-dogKy6.png,999871110,"{""solana"":""8mTu8AW8co1QzHHRnvVZnknUaRsEmxdhjCTCJFeZpump""}",18
real-estate-crypto-crowfunding,RECC,Real Estate Crypto Crowfunding,real-estate-crypto-crowfunding,real-estate-crypto-crowfundingyJ5.png,971968486,"{""solana"":""3SkjMkrpkqngCCMd3sVU2EuKMVRLTfHEykbzTyrVwBLV""}",18
lenny-face-2,LENNY,Lenny Face,lenny-face-2,lenny-face-2pb7.png,1000000000,"{""robinhood"":""0x9f05acc63880878a6cf8c805b5b2c94c2a74fe48""}",18
4yCuUMPFvaqxK71CK6SZc3wmtC2PDpDN9mcBzUkepump_solana,BOF,Balls of Fate,balls-of-fate,4yCuUMPFvaqxK71CK6SZc3wmtC2PDpDN9mcBzUkepump_solanaPP1.png,999793054,"{""solana"":""4yCuUMPFvaqxK71CK6SZc3wmtC2PDpDN9mcBzUkepump""}",18
animus,ANIMUS,Animus,animus,animusKYh.png,1000000000,"{""binance_smart"":""0x06e08a9bfb83e0e791cd1f24535ada4fa4094444""}",18
arcloak,ARCLOAK,Arcloak,arcloak,arcloakAQS.png,1000000000,"{""arc"":""0x797abf94a828776f082c56e33e5ec432e1d27033""}",18
socialcrab,SCRB,SocialCrab,socialcrab,socialcrabUDS.png,999940649,"{""solana"":""EsXKXmYAHgmTX1QTf7vL6V9XNrVEJz5KGntwMEmrcBLV""}",18
kogin-by-virtuals,KOGIN,Kogin by Virtuals,kogin-by-virtuals,kogin-by-virtualsusH.png,902212520,"{""base"":""0x2941d526e22406c5d6f273e281899cfc042a7332"",""ronin"":""0x86d4b36f073746eeddda6e3ce1bcfa5e18a12714""}",18
asml-holding-dinari-tokenized-stock,ASML,ASML Holding (Dinari Tokenized Stock),asml-holding-dinari-tokenized-stock,asml-holding-dinari-tokenized-stockIzf.png,7.1357,"{""ethereum"":""0xe888c87f50c2f326b5d5f33571de1204fe9d68e6"",""base"":""0x94659ba5f3a5dbbd2a648616fe7bb400ca06fc1c"",""arbitrum-one"":""0xf0f9a47ed3806b3149d76e56698e22d4ce2d9b97"",""avalanche"":""0xe888c87f50c2f326b5d5f33571de1204fe9d68e6""}",18
7MiLCuSZfLoTAK7S7CztrLV75kC3rfJULEmDNUx5pump_solana,STARECAT,Starecat,starecat-2,7MiLCuSZfLoTAK7S7CztrLV75kC3rfJULEmDNUx5pump_solanaUau.png,999095392,"{""solana"":""7MiLCuSZfLoTAK7S7CztrLV75kC3rfJULEmDNUx5pump""}",18
0x7a5c7be8478f4a65c9264bdc684f8e9e0aae4444_binance_smart,RIDER,Seal the Night Rider,seal-the-night-rider,0x7a5c7be8478f4a65c9264bdc684f8e9e0aae4444_binance_smartpLN.png,1000000000,"{""binance_smart"":""0x7a5c7be8478f4a65c9264bdc684f8e9e0aae4444""}",18
0x9fbb27bf81efded7b134d40aca9d49d6134368cb_ethereum,ASTROID,Astroid,astroid,astroid40x.png,1000000000,"{""ethereum"":""0x9fbb27bf81efded7b134d40aca9d49d6134368cb""}",18
0x0176eea5ec1bf7420617a80a046547793ad4c147_ronin,$KANSTAR,KANSTAR,kanstar,kanstarKGH.png,1000000000,"{""ronin"":""0x0176eea5ec1bf7420617a80a046547793ad4c147""}",18
first-trust-global-tactical-commodity-strategy-fund-ondo-tokenized-stock,FTGCON,First Trust Global Tactical Commodity Strategy Fund (Ondo Tokenized Stock),first-trust-global-tactical-commodity-strategy-fund-ondo-tokenized-stock,first-trust-global-tactical-commodity-strategy-fund-ondo-tokenized-stock4XE.png,428.7159,"{""ethereum"":""0xacf3fecaa787f268351a86409c3bd3b96ef924fb"",""binance_smart"":""0xe96f94e10f1265dcc15f83d251f1f6758d2cd67d"",""solana"":""ivBnfPTyuHDNWmMSnbavckhJK6SHZW8h77nZKsEondo""}",18
9b2FQBXgUZTpZk4PNfJa2sNPK3qf6kS4PxnQQmWpoa5E_solana,WUKONG,Wukong,wukong,9b2FQBXgUZTpZk4PNfJa2sNPK3qf6kS4PxnQQmWpoa5E_solanaj7P.png,2704503268,"{""solana"":""9b2FQBXgUZTpZk4PNfJa2sNPK3qf6kS4PxnQQmWpoa5E""}",18
56sDqbDNaRwP6HK1o9wpYtzE5PAkNePsQe52oPx1pump_solana,PONKEI,Ponkei - The Chinese Ponke,ponkei-the-chinese-ponke,56sDqbDNaRwP6HK1o9wpYtzE5PAkNePsQe52oPx1pump_solana4d0.png,999913939,"{""solana"":""56sDqbDNaRwP6HK1o9wpYtzE5PAkNePsQe52oPx1pump""}",18
0x53206bf5b6b8872c1bb0b3c533e06fde2f7e22e4_ethereum,BLEPE,Blepe,blepe,blepeqNf.png,1000000000,"{""ethereum"":""0x53206bf5b6b8872c1bb0b3c533e06fde2f7e22e4""}",18
alphabet-astock,AGOOGL,Alphabet aStock,alphabet-astock,alphabet-astock3uE.png,38.6989,"{""arbitrum-one"":""0xbde676cdf5564ef64ccd8555aa9b56867d8d1ad5"",""monad"":""0xbde676cdf5564ef64ccd8555aa9b56867d8d1ad5"",""ethereum"":""0xbde676cdf5564ef64ccd8555aa9b56867d8d1ad5"",""base"":""0xbde676cdf5564ef64ccd8555aa9b56867d8d1ad5"",""robinhood"":""0xbde676cdf5564ef64ccd8555aa9b56867d8d1ad5"",""binance_smart"":""0xbde676cdf5564ef64ccd8555aa9b56867d8d1ad5""}",18
american-ai-fund,AAIF,American AI Fund,american-ai-fund,american-ai-fundzsv.png,999956494,"{""solana"":""DyrxUUW9ZHYDo3JVyXX4DBGxQeyagWerbrrGT5KqAAiF""}",18
4cat,4CAT,4cat,4cat,4catpKy.png,1000000000,"{""binance_smart"":""0xa5b977667117877d06e0e74bd6d85cf7e241ffff""}",18
cloudflare-rstock,RNET,Cloudflare Tokenized Stock (Reality),cloudflare-rstock,cloudflare-rstocko4T.png,37.735,"{""arbitrum-one"":""0x320981e217aa26eb72c35b291898bc8a4011274f"",""morph-l2"":""0x21ceb45c0a173b6fd9a0d23b381eaf8bee24f991""}",18
0x5bebf2b9ca7f25983b0cbe2a9e681804da034558_binance_smart,BABYCHEEMS,Baby Cheems,baby-cheems,0x5bebf2b9ca7f25983b0cbe2a9e681804da034558_binance_smartpFv.png,420000000000000,"{""binance_smart"":""0x5bebf2b9ca7f25983b0cbe2a9e681804da034558""}",18
0x589864a9892b1a736ae70a91824ab4dc591fd8cd_base,GIB,Gibape,gibape,gibapeegm.png,852686695,"{""base"":""0x589864a9892b1a736ae70a91824ab4dc591fd8cd""}",18
0x5f992abf5bc1725f6b0dfd116031c31aebb54444_binance_smart,OID,OID,oid,oid8Hy.png,1000000000,"{""binance_smart"":""0x5f992abf5bc1725f6b0dfd116031c31aebb54444""}",18
mad-pepe,MADPEPE,Mad Pepe,mad-pepe,mad-pepeZz4.png,375200000000000,"{""binance_smart"":""0x8bfca09e5877ea59f85883d13a6873334b937d41""}",18
3hRfeCUc3NuSEuZfsLBpi2X6AUcF3jRKbCdPrpKpmoon_solana,ONE,Found One,found-one,found-oneMGb.png,927777514,"{""solana"":""3hRfeCUc3NuSEuZfsLBpi2X6AUcF3jRKbCdPrpKpmoon""}",18
0x3e2cf3aec80adcffcae3436938934be970894066_robinhood,FROGE,FROGE,froge-3,0x3e2cf3aec80adcffcae3436938934be970894066_robinhoodKUT.png,1000000000,"{""robinhood"":""0x3e2cf3aec80adcffcae3436938934be970894066""}",18
0x2bd8880e7424dfb94597429de7253de73694de01_base,GIA,Gia by DexFi,gia-by-dexfi,0x2bd8880e7424dfb94597429de7253de73694de01_base0ki.png,100000000000,"{""base"":""0x2bd8880e7424dfb94597429de7253de73694de01""}",18
0x95af148dcdc6b36b977addf7ea2599c5e0483263_ethereum,HACHI,Hachiko Inu,hachiko-inu-meme,hachiko-inu-memeZA6.png,1000000000000000,"{""ethereum"":""0x95af148dcdc6b36b977addf7ea2599c5e0483263""}",18
the-unfettered-souls,SOULS,Unfettered Ecosystem,the-unfettered-souls,the-unfettered-souls5qW.png,2250000000,"{""polygon-pos"":""0xaa4fbc6809a8e1924520fc85282ac4c76a7671d7"",""linea"":""0xec859566fc5d7ed84ac823509f3f7db06c461b20""}",18
0x9e6d6124287360cc110044d1f1d7d04a0954eb317c76cf7927244bef0706b113::SCUBA::SCUBA_sui,SCUBA,Scuba Dog,scuba-dog,0x9e6d6124287360cc110044d1f1d7d04a0954eb317c76cf7927244bef0706b113::SCUBA::SCUBA_suiqsO.png,1000000000,"{""sui"":""0x9e6d6124287360cc110044d1f1d7d04a0954eb317c76cf7927244bef0706b113::SCUBA::SCUBA""}",18
classic-usd,USC,Classic USD,classic-usd,classic-usdbt2.png,13957,"{""ethereum-classic"":""0xde093684c796204224bc081f937aa059d903c52a"",""polygon-pos"":""0x131409b31bf446737dd04353d43dacada544b6fa""}",18
0xf395680803b269b62702554723e05b373171b07b_base,BRATT,Son of Brett,son-of-brett,son-of-brett6tG.png,10000000,"{""base"":""0xf395680803b269b62702554723e05b373171b07b""}",18
nucor-rstock,RNUE,Nucor Tokenized Stock (Reality),nucor-rstock,nucor-rstockZWS.png,54.9119,"{""arbitrum-one"":""0xbd792aa0ded7de1acbdb96755a3cd79ea44156c7"",""morph-l2"":""0x0b026915db848ec9eba94a3a8e47085c459df516""}",18
sint-truidense-voetbalvereniging-fan-token,STV,Sint-Truidense Voetbalvereniging Fan Token,sint-truidense-voetbalvereniging-fan-token,sint-truidense-voetbalvereniging-fan-tokencbG.png,999000,"{""chiliz"":""0x71bc882c60b9efdf85d0e1a28fc86f0bd822132f"",""solana"":""5RhF74yi3uGHjzUjVBqtkCAbsNg8PM6KgL7B85UYM2SN"",""base"":""0xc2c139f89a3e4af9072519cfd650085007ee73c1""}",18
xvgava,XVGAVA,XVGAVA,xvgava,xvgavaRf8.png,10000000000,"{""avalanche"":""0xe061aa40be525a13296cb4bf69f513242349d708""}",18
openvecta,VECTA,OpenVecta,openvecta,openvectam6X.png,999792679,"{""solana"":""4VBvCEMrPEU6yYF43pdahJafdHGaRxtMtKENqYpnpump""}",18
6Xx8p2WmY1Uk2GD35uxhEyuniNrVEeSu3CUThb8Upump_solana,ALETHEIA,Aletheia,aletheia,6Xx8p2WmY1Uk2GD35uxhEyuniNrVEeSu3CUThb8Upump_solanayyH.png,999650681,"{""solana"":""6Xx8p2WmY1Uk2GD35uxhEyuniNrVEeSu3CUThb8Upump""}",18
jriiULJQwgqdU48hTv1eKqK4ipCiCWBnP9CZbonpump_solana,ELXAI,ELIXIR AI,elixir-ai,elixir-aipc4.png,999999964,"{""solana"":""jriiULJQwgqdU48hTv1eKqK4ipCiCWBnP9CZbonpump""}",18
0xccae4fe9719a6b492803613a0a7f2832944a4630_base,BEAN,Lil Bean,lil-bean,lil-beanP9y.png,1000000000,"{""base"":""0xccae4fe9719a6b492803613a0a7f2832944a4630""}",18
6bdTRHhdZenJQYLTxaYc8kH74GBNP9DoGhPnCjfypump_solana,FOG,fog,fog,fog2h3.png,999047733,"{""solana"":""6bdTRHhdZenJQYLTxaYc8kH74GBNP9DoGhPnCjfypump""}",18
wally-the-whale,WALLY,Wally The Whale,wally-the-whale,wally-the-whale5T4.png,1000000000000,"{""solana"":""Fo6tfAkXj74X6j8hati8SxtwZHHcdGeqXVUPLP9Abvqu""}",18
0xc07d28f8e9d9b5644676196afe14af09e1c79afd_binance_smart,HODL,HoldOn4DearLife,holdon4dearlife,0xc07d28f8e9d9b5644676196afe14af09e1c79afd_binance_smartL2V.png,979559164,"{""binance_smart"":""0xc07d28f8e9d9b5644676196afe14af09e1c79afd""}",18
7X9H2VvwRMJqLBUwZEN9CMptFESdyJ7Fp2SjLyNDpump_solana,MC,Merry Christmas,merry-christmas,7X9H2VvwRMJqLBUwZEN9CMptFESdyJ7Fp2SjLyNDpump_solanaEdR.png,959690861,"{""solana"":""7X9H2VvwRMJqLBUwZEN9CMptFESdyJ7Fp2SjLyNDpump""}",18
hyperfly,FLY,HyperFly,hyperfly,hyperfly9Sq.png,1199833778,"{""hyperliquid"":""0x55db85bd0938b111d0f78a98173fd99a""}",18
FtSRgyCEhKTc1PPgEAXvuHN3NyiP6LS9uyB28KCN3CAP_solana,CAPTCHA,Captcha (captcha.social),captcha-captcha-social,captcha-captcha-socialLvL.png,999545379,"{""solana"":""FtSRgyCEhKTc1PPgEAXvuHN3NyiP6LS9uyB28KCN3CAP""}",18
y1k9ZRqLwKLbyUe5LfQf53jYXeSyvrFi7URt4FWpump_solana,PDF,Pissing Dog Farts,pissing-dog-farts,y1k9ZRqLwKLbyUe5LfQf53jYXeSyvrFi7URt4FWpump_solanabbJ.png,984321224,"{""solana"":""y1k9ZRqLwKLbyUe5LfQf53jYXeSyvrFi7URt4FWpump""}",18
mp-materials-dinari-tokenized-stock,MP,MP Materials (Dinari Tokenized Stock),mp-materials-dinari-tokenized-stock,mp-materials-dinari-tokenized-stockN5N.png,281.4199,"{""ethereum"":""0x751ef3bc42413194e41540403419de5f585b1fbc"",""base"":""0x7dcada74c7c8d5847436f94058b10ccc310ebf21"",""arbitrum-one"":""0x9f4cf3f16389993df36c4064ac4e4bca6227d402"",""avalanche"":""0x751ef3bc42413194e41540403419de5f585b1fbc""}",18
0x3c5fdf0ee37d62c774025599e3b692d027746e24_base,BONKEY,Bonkey,bonkey,0x3c5fdf0ee37d62c774025599e3b692d027746e24_base20P.png,889438888,"{""base"":""0x3c5fdf0ee37d62c774025599e3b692d027746e24""}",18
intuitive-machines-robinhood-tokenized-stock,LUNR,Intuitive Machines • Robinhood Token,intuitive-machines-robinhood-tokenized-stock,intuitive-machines-robinhood-tokenized-stocklXB.png,777.098,"{""robinhood"":""0xa5d4968421ba94814be3b136b15cf422101ac1a3""}",18
franklin-bitcoin-etf-dinari-tokenized-etf,EZBC,Franklin Bitcoin ETF (Dinari Tokenized ETF),franklin-bitcoin-etf-dinari-tokenized-etf,franklin-bitcoin-etf-dinari-tokenized-etffU1.png,263.0964,"{""ethereum"":""0xc4c6213024d9adc5132707942905918df7fbbbe8"",""base"":""0xd45a01a729a0d4ccbe1523e58eb4ff8bdc3607d7"",""arbitrum-one"":""0xa6f344abc6e2501b2b303fcbba99cd89f136b5fb"",""avalanche"":""0xe62fba58e9fa515cfd6610429d047cde596c9768""}",18
mckesson-rstock,RMCK,McKesson Tokenized Stock (Reality),mckesson-rstock,mckesson-rstockJkx.png,15.165,"{""arbitrum-one"":""0x481b1bde68b86fcf91e350fe2fed19eb1128c032"",""morph-l2"":""0x611c7c51390ef6b916238a6bcfdfd3d616e9b6dd""}",18
GASfLqDbE8c9w8mjKknxaHeDMmdy9usGwM1GwzVJpump_solana,MOUNTAIN,The Mountain,the-mountain,the-mountain0He.png,965388720,"{""solana"":""GASfLqDbE8c9w8mjKknxaHeDMmdy9usGwM1GwzVJpump""}",18
there-will-be-signs-2,SIGNS,There Will Be Signs,there-will-be-signs-2,there-will-be-signs-2Wa1.png,964849824,"{""solana"":""EVGzmSnoMSg57cE73kPZHTf1hkp2n7CUSDtybJhiTWBS""}",18
dobi,DOBI,DOBI,dobi,dobixJO.png,1000000000,"{""solana"":""GzQzkt2B4Jr6whWVBF7XqkzWvoUy1jEd5z9tczzGg1rH""}",18
owl1,OWL1,Owl1,owl1,owl1V1f.png,1000000000,"{""base"":""0xb2000000000000000000004453ac8d91a9348b01""}",18
FjbRf3EcoG13CKrpif9c2BuJuyy3T7r6dsp9LKMvpump_solana,MONKEY,Escaped Lab Monkeys,escaped-lab-monkeys,FjbRf3EcoG13CKrpif9c2BuJuyy3T7r6dsp9LKMvpump_solanawri.png,932937500,"{""solana"":""FjbRf3EcoG13CKrpif9c2BuJuyy3T7r6dsp9LKMvpump""}",18
gigafly,GIGAFLY,GIGAFLY,gigafly,gigaflyHda.png,1000000000,"{""solana"":""CCSEV1P3YmCmRofbY86Hr6jgb87V35vkjh5Ui2e6pump""}",18
7io8XEMRMoQoCvD3phKR2QR5EeoMmJnYM1dsjVdYpump_solana,AUTO,Auton ai,auton-ai,auton-aiQUM.png,999830421,"{""solana"":""7io8XEMRMoQoCvD3phKR2QR5EeoMmJnYM1dsjVdYpump""}",18
FEj9JuKq7JMLtvZF3EetVNd5ufU2vPA4ZDiVGaUbiRkj_solana,ALBEMARLE,Albemarle Meme Token,albemarle-meme-token,albemarle-meme-tokenyYw.png,99997004,"{""solana"":""FEj9JuKq7JMLtvZF3EetVNd5ufU2vPA4ZDiVGaUbiRkj""}",18
amphenol-ondo-tokenized,APHON,Amphenol (Ondo Tokenized),amphenol-ondo-tokenized,amphenol-ondo-tokenizeddDc.png,74.6455,"{""ethereum"":""0xd9c1b5df94063177cf168680b695a417919ae1ae"",""binance_smart"":""0x70afc3a600f843d2018df16b0b316e4bc9c603e9"",""solana"":""fFTZ9Jckm2X811mdqRBS4ckMz5bRAJVjH4Jwofwondo""}",18
3dejiWxvpL6QH63rBE38fSrVbna8pVrKbmbPPDke7wuH_solana,PCAT,psyopcat,psyopcat-2,psyopcat-2lFl.png,998956101,"{""solana"":""3dejiWxvpL6QH63rBE38fSrVbna8pVrKbmbPPDke7wuH""}",18
FKZWwdAxhAhf6kiKM5Jwk1vDjJqxxM3jdanexwS66LxM_solana,GOATSE,GOATSE,goatse,FKZWwdAxhAhf6kiKM5Jwk1vDjJqxxM3jdanexwS66LxM_solana2h9.png,0,"{""solana"":""FKZWwdAxhAhf6kiKM5Jwk1vDjJqxxM3jdanexwS66LxM""}",18
AaV3hry7G3kLTAmM1dKwxDiqfGuPCtuSvvQCcozRpump_solana,CRISP,CRISPR,crispr,AaV3hry7G3kLTAmM1dKwxDiqfGuPCtuSvvQCcozRpump_solanazZ6.png,997804480,"{""solana"":""AaV3hry7G3kLTAmM1dKwxDiqfGuPCtuSvvQCcozRpump""}",18
Hk8qqvyYU5gfAB5QCZCcJq3gR3TZ8LtvNmA1EM3bpump_solana,BABYCUPSEY,Baby Cupsey,baby-cupsey,baby-cupsey905.png,998979466,"{""solana"":""Hk8qqvyYU5gfAB5QCZCcJq3gR3TZ8LtvNmA1EM3bpump""}",18
DFy12AkbxKnR2s2gaYz1AvxgxqGDrMEjjzK1GG3Ypump_solana,CHOCCY,Choccy Milk Cat,choccy-milk-cat,DFy12AkbxKnR2s2gaYz1AvxgxqGDrMEjjzK1GG3Ypump_solanaRIm.png,999463615,"{""solana"":""DFy12AkbxKnR2s2gaYz1AvxgxqGDrMEjjzK1GG3Ypump""}",18
qubix,QBX,Qubix,qubix,qubixU0B.png,999958106,"{""solana"":""8uaVkhc4hrZHZB3GaJmzKHA7vWRrebMv5QQ82C1WtoFu""}",18
0x2c664910222be7b7e203753c59a9667cbe282828_tomochain,RABBIT,RabbitSwap,rabbitswap-2,rabbitswap-2mwo.png,1000000000,"{""tomochain"":""0x2c664910222be7b7e203753c59a9667cbe282828""}",18
h,H,H,h,hVsD.png,119982794,"{""hyperliquid"":""0x52a110041682dbf38277c80a72eecba6""}",18
mbx,MBX,MAGABABY,mbx,mbxr4z.png,1000000000000,"{""binance_smart"":""0x4781c5482f7a66d0f706663bf4d73f6d3b92d4a6""}",18
verizon-rstock,RVZ,Verizon Tokenized Stock (Reality),verizon-rstock,verizon-rstockbXQ.png,303.7326,"{""arbitrum-one"":""0xa81cfe62b2a0e16e85300ed3ad414f43038375f3"",""morph-l2"":""0x06773b45fc44aee7646569d84a762fdeda734484""}",18
3YHnXHivm9DiiUtbHNr49mkBctBFy4ksX3PAa3AApump_solana,VAULT,Vault Terminal,vault-terminal,3YHnXHivm9DiiUtbHNr49mkBctBFy4ksX3PAa3AApump_solana3Ry.png,963575584,"{""solana"":""3YHnXHivm9DiiUtbHNr49mkBctBFy4ksX3PAa3AApump""}",18
KnrmAHo1wW2fGqVXcSZSpo6kmiKam5vNbDByrURpump_solana,CONVO,Convo,convo,KnrmAHo1wW2fGqVXcSZSpo6kmiKam5vNbDByrURpump_solanaDW1.png,1000000000,"{""solana"":""KnrmAHo1wW2fGqVXcSZSpo6kmiKam5vNbDByrURpump""}",18
676YgDtdAekpjYwNvLSLFPkBooVxBqJVpgxxoHJPpump_solana,PIGWIF,pig wif hat,pig-wif-hat,676YgDtdAekpjYwNvLSLFPkBooVxBqJVpgxxoHJPpump_solanasmY.png,999965234,"{""solana"":""676YgDtdAekpjYwNvLSLFPkBooVxBqJVpgxxoHJPpump""}",18
galaconnect-bridged-crv-galachain,GCRV,GalaConnect Bridged CRV (GalaChain),galaconnect-bridged-crv-galachain,galaconnect-bridged-crv-galachain0NC.png,2812246,"{""galachain"":""E3gMyU5WJyByoU3vfGH2erNL9r""}",18
cathena-gold,CGO,Cathena Gold,cathena-gold,cathena-goldcvh.png,110782881325,"{""elrond"":""CGO-5e9528""}",18
EG1Y8goUGa7y4iRYRgLgwBmSHc4Lxc91qL35cdDNBiRc_solana,PUNK3493,PUNK3493,punk3493,EG1Y8goUGa7y4iRYRgLgwBmSHc4Lxc91qL35cdDNBiRc_solanaqKP.png,998511630,"{""solana"":""EG1Y8goUGa7y4iRYRgLgwBmSHc4Lxc91qL35cdDNBiRc""}",18
6Hebn672FvMSq61mo4HYq86QgLHgBUm6y8A9bXGppump_solana,BATON,BATON,baton-2,baton-2WyH.png,956254727,"{""solana"":""6Hebn672FvMSq61mo4HYq86QgLHgBUm6y8A9bXGppump""}",18
pepe-in-hood,PEPE,Pepe in Hood,pepe-in-hood,pepe-in-hoodRZR.png,999986011,"{""robinhood"":""0xcdcabf520be369123c36796f9e53680c657f08f0""}",18
Fa7mkzDfzkgU2iQrwzpAvrpQoLFnMM85qnZCdaK4agQR_solana,OMG,OH MY GOD,oh-my-god,Fa7mkzDfzkgU2iQrwzpAvrpQoLFnMM85qnZCdaK4agQR_solanaQyI.png,649991231,"{""solana"":""Fa7mkzDfzkgU2iQrwzpAvrpQoLFnMM85qnZCdaK4agQR""}",18
5eycqvLdZGfPUFcwsk6pzWJDkq9yAGYXxDP5jJTWpump_solana,SHITCOIN,Live On Toilet Until 50M,live-on-toilet-until-50m,live-on-toilet-until-50m4Xk.png,999999584,"{""solana"":""5eycqvLdZGfPUFcwsk6pzWJDkq9yAGYXxDP5jJTWpump""}",18
0x36c7d74a2df5e65b7c2fe2d1a70e52da3df1bb07_base,BLARP,blarp,blarp,0x36c7d74a2df5e65b7c2fe2d1a70e52da3df1bb07_basejbG.png,100000000000,"{""base"":""0x36c7d74a2df5e65b7c2fe2d1a70e52da3df1bb07""}",18
project-dojo,DOJO,Project Dojo,project-dojo,project-dojoUW6.png,1000000000,"{""ethereum"":""0x34bc13de8e5124a7c47d4b7ff7c5ade6ee34faba""}",18
8PVFdKx7fX1FmmoASfTu5CUPEWuD1WY73Z24UTgCpump_solana,MPUP,MoonPup,moonpup,8PVFdKx7fX1FmmoASfTu5CUPEWuD1WY73Z24UTgCpump_solanaoit.png,999470134,"{""solana"":""8PVFdKx7fX1FmmoASfTu5CUPEWuD1WY73Z24UTgCpump""}",18
govworld,GOV,GovWorld,govworld,govworldd4x.png,100000000,"{""binance_smart"":""0xcc7a91413769891de2e9ebbfc96d2eb1874b5760""}",18
0x4d58608eff50b691a3b76189af2a7a123df1e9ba_base,$BOYS,Boysclubbase,boysclubbase,boysclubbasedUI.png,100000000,"{""base"":""0x4d58608eff50b691a3b76189af2a7a123df1e9ba""}",18
FaUKsgcuqAd9sCaFz3if7ia1DasaxVoNPTXWFs2GScWN_solana,DC,DONALDCAT,donaldcat,donaldcatXMe.png,964202347,"{""solana"":""FaUKsgcuqAd9sCaFz3if7ia1DasaxVoNPTXWFs2GScWN""}",18
ishares-gold-trust-st0x-tokenized-etf,WTIAU,iShares Gold Trust (ST0x Tokenized ETF),ishares-gold-trust-st0x-tokenized-etf,ishares-gold-trust-st0x-tokenized-etfWow.png,168.8705,"{""base"":""0x1e46d7efef64a833afb1cd49299a7ad5b439f4d8""}",18
cloudai,CLOUD,CloudAI,cloudai,cloudaiiFQ.png,1000000000,"{""base"":""0x2425598dd959e47a294a737ee4104316864817cf""}",18
albemarle-rstock,RALB,Albemarle Tokenized Stock (Reality),albemarle-rstock,albemarle-rstockzlN.png,119.6787,"{""arbitrum-one"":""0x3466c829ae70bfd7ea7c91433479e9dbea40668a"",""morph-l2"":""0xe0718dcf8be5a94440dbd144ebce30ca9692556f""}",18
0x2328434559f7dec44373822cf68052de0d671b7f_ethereum,SIMON,Simon the Gator,simon-the-gator,0x2328434559f7dec44373822cf68052de0d671b7f_ethereumR6p.png,690000000,"{""ethereum"":""0x2328434559f7dec44373822cf68052de0d671b7f""}",18
0xff9c8aad2629d1be9833fd162a87ab7ce1d68fdc_base,KRETT,Brett Killer,brett-killer,brett-killerKbB.png,420690000000,"{""base"":""0xff9c8aad2629d1be9833fd162a87ab7ce1d68fdc""}",18
0xd0924fa4c6ba194294a414d0fb826739ded98b24_base,AIBRK,aibrk,aibrk,aibrknBE.png,1000000000,"{""base"":""0xd0924fa4c6ba194294a414d0fb826739ded98b24""}",18
matrixetf,MDF,MatrixETF,matrixetf,matrixetf0mc.png,1000000000,"{""ethereum"":""0x1a57367c6194199e5d9aea1ce027431682dfb411"",""solana"":""ALQ9KMWjFmxVbew3vMkJj3ypbAKuorSgGst6svCHEe2z""}",18
hood-morning,HM,Hood Morning,hood-morning,hood-morning2RA.png,1000000000,"{""robinhood"":""0x5788116f4fe1820bf499c26fc7203630bf2d020f""}",18
vera,VERA,Vera,vera,veraNrc.png,1000000000,"{""ethereum"":""0xd7f0cc50ad69408ae58be033f4f85d2367c2e468"",""binance_smart"":""0x4a0a3902e091cdb3aec4279a6bfac50297f0a79e""}",18
smol-dodo,$DOD,Smol dodo,smol-dodo,smol-dodoyyT.png,999924200,"{""solana"":""3aTpfof6xw6GZAxKXFdX4fGn5BBK2MXdPT8rS4WUpump""}",18
8a5NY9MAdY3NjKsgPUYfqoZcmGKdZkotrjWgZM1dpump_solana,SOLBOX,SolBox,solbox,8a5NY9MAdY3NjKsgPUYfqoZcmGKdZkotrjWgZM1dpump_solana5HQ.png,1000000000,"{""solana"":""8a5NY9MAdY3NjKsgPUYfqoZcmGKdZkotrjWgZM1dpump""}",18
official-capybara-coin,CAPYBARA,Official Capybara coin,official-capybara-coin,official-capybara-coinhBe.png,999933182,"{""solana"":""8qipLp9tPMkhGaf6qW3BzVzyjba1QztZooCzZAw7pump""}",18
union-pacific-corporation-ondo-tokenized,UNPON,Union Pacific Corporation (Ondo Tokenized),union-pacific-corporation-ondo-tokenized,union-pacific-corporation-ondo-tokenizedB3P.png,46.8821,"{""ethereum"":""0x39930751d4569f7dd45d1ba46e82cd3680ec2e0a"",""binance_smart"":""0xfe9aa194e3c4604f3872f220eb41c33a287fcd90"",""solana"":""EvsME8gdnEwPLbTnhrGVDwrY35zBuB8hEGCq59Hondo""}",18
GQJPirLnGWTgJc4MtFTDiQ5G4y2Q8MjZW9fCpREyF41y_solana,RAJU,Raju the Elephant,raju-the-elephant,GQJPirLnGWTgJc4MtFTDiQ5G4y2Q8MjZW9fCpREyF41y_solanaZLG.png,999960196,"{""solana"":""GQJPirLnGWTgJc4MtFTDiQ5G4y2Q8MjZW9fCpREyF41y""}",18
nomad,NOM,Nomad,nomad,nomadzTL.png,1000000000,"{""base"":""0x6776caccfdcd0dfd5a38cb1d0b3b39a4ca9283ce""}",18
BorBvxBN9oDk232U6WQvUwkyxoxBCcJsBkQg1iWbpump_solana,WAGMI,WAGMI,wagmi-7,wagmi-7fkm.png,999778707,"{""solana"":""BorBvxBN9oDk232U6WQvUwkyxoxBCcJsBkQg1iWbpump""}",18
bao-finance,BAO,Bao Finance,bao-finance,bao-financesB5.png,984370975064,"{""ethereum"":""0x374cb8c27130e2c9e04f44303f3c8351b9de61c1"",""energi"":""0x04cb6ed1d4cef27b2b0d42d628f57ee223d6beee""}",18
RoARruzbesVGAZgCzSoQCEdyVWytvzLbyNaxXBF7dnF_solana,ROAR,Russian Oil Asset Reserve,russian-oil-asset-reserve,russian-oil-asset-reserve2fT.png,999926586,"{""solana"":""RoARruzbesVGAZgCzSoQCEdyVWytvzLbyNaxXBF7dnF""}",18
GLiB37nqnPDghvVHFS9CJ21c5BDUQxSJS3BXBWduVoPm_solana,CHEDDA,Chedda,chedda-2,chedda-2LJT.png,999992527,"{""solana"":""GLiB37nqnPDghvVHFS9CJ21c5BDUQxSJS3BXBWduVoPm""}",18
ARea51UmRfn22Ds7KwFZirSMEEn1gtBdrhW4zLeveeV1_solana,AALIEN,Anon Alien,anon-alien,ARea51UmRfn22Ds7KwFZirSMEEn1gtBdrhW4zLeveeV1_solanatH9.png,999949213,"{""solana"":""ARea51UmRfn22Ds7KwFZirSMEEn1gtBdrhW4zLeveeV1""}",18
0x8b48e9da0501a3556a961463fcf39bb426501d0d_robinhood,ROBO,ROBO_BROKERS,robo_brokers,0x8b48e9da0501a3556a961463fcf39bb426501d0d_robinhoodOl1.png,804677679,"{""robinhood"":""0x8b48e9da0501a3556a961463fcf39bb426501d0d""}",18
0x8b9abdd229ec0c4a28e01b91aacdc5daafc25c2b_binance_smart,STAR10,Ronaldinho Coin,ronaldinho-coin,0x8b9abdd229ec0c4a28e01b91aacdc5daafc25c2b_binance_smart0Yf.png,1000000000,"{""binance_smart"":""0x8b9abdd229ec0c4a28e01b91aacdc5daafc25c2b"",""solana"":""8hCYPHGC73UxC7gqLDMBHQvgVmtQ6fryCq49tJMCP55D""}",18
sparklife,SPS,Sparklife,sparklife,sparklifeguj.png,10000000000,"{""binance_smart"":""0x8033064fe1df862271d4546c281afb581ee25c4a""}",18
degen-hours,SLEEP,Degen Hours,degen-hours,degen-hours85O.png,10000000000,"{""avalanche"":""0x2f0ec0ed7d746936f1aeac5702816d38329ee9e6""}",18
3wppuwUMAGgxnX75Aqr4W91xYWaN6RjxjCUFiPZUpump_solana,BANGERS,X Bangers,x-bangers,x-bangersYPO.png,981928869,"{""solana"":""3wppuwUMAGgxnX75Aqr4W91xYWaN6RjxjCUFiPZUpump""}",18
0xfb60b8266243d994eaa7499fca71d4ffe76c08d7_base,FIN,Finwizz by Virtuals,finwizz,0xfb60b8266243d994eaa7499fca71d4ffe76c08d7_baseDij.png,1000000000,"{""base"":""0xfb60b8266243d994eaa7499fca71d4ffe76c08d7""}",18
jw-token,JWT,JW Token,jw-token,jw-tokenhSc.png,1999999,"{""solana"":""JWmDeJQwXBmTinz7EQVmMMBpjXNU3yHTEQY7Bhy9UD4""}",18
CB8afe6zJDGoCoSHx2iJACqemTUjgpvKKLTa86qMpump_solana,LMEOW,Laughing Meow,laughing-meow,laughing-meowCBP.png,999503991,"{""solana"":""CB8afe6zJDGoCoSHx2iJACqemTUjgpvKKLTa86qMpump""}",18
3t1bNt1RoXZvrPDZp8SXEaaQarZRBFf7W6mi9Eb8BAGS_solana,UTK,UNITE THE KINGDOM,unite-the-kingdom,unite-the-kingdomPDD.png,823376697,"{""solana"":""3t1bNt1RoXZvrPDZp8SXEaaQarZRBFf7W6mi9Eb8BAGS""}",18
0x23d6645c66ebb25a68aa2862357eac378a274444_binance_smart,马喽,马喽 (Malou),malou-2,0x23d6645c66ebb25a68aa2862357eac378a274444_binance_smartYVb.png,1000000000,"{""binance_smart"":""0x23d6645c66ebb25a68aa2862357eac378a274444""}",18
CLEjjvLaGoQjGxu1N3iVvjaCxDVtEZv4YJ3pSoAYpump_solana,SHIRO,Longcat,longcat-2,CLEjjvLaGoQjGxu1N3iVvjaCxDVtEZv4YJ3pSoAYpump_solanaEQS.png,999596771,"{""solana"":""CLEjjvLaGoQjGxu1N3iVvjaCxDVtEZv4YJ3pSoAYpump""}",18
9fXiyxqYWy9rQeT1zaiU29nuTP7mtnPMQjPoti3wpump_solana,BUFO,BUFO,bufo,bufoCHO.png,804503675,"{""solana"":""9fXiyxqYWy9rQeT1zaiU29nuTP7mtnPMQjPoti3wpump""}",18
3M2vepByfZTG6xUSmFidvSCFzHWFoVw7cPvyRDnUpump_solana,$KOLT,KOLT,kolt,3M2vepByfZTG6xUSmFidvSCFzHWFoVw7cPvyRDnUpump_solanatm7.png,999993051,"{""solana"":""3M2vepByfZTG6xUSmFidvSCFzHWFoVw7cPvyRDnUpump""}",18
usbt-token,USBT,USBT Token,usbt-token,usbt-tokenysX.png,1015000,"{""tron"":""TK9y3cDCtVBQEdjTUWw1iuPZZKTxnuFWrH""}",18
Ta1wrnVmwJ25RpE4KN7z4YNMvBhSKgi4U6uu9xEtime_solana,KAWZ,Kawz,kawz,Ta1wrnVmwJ25RpE4KN7z4YNMvBhSKgi4U6uu9xEtime_solanacVK.png,94227,"{""solana"":""Ta1wrnVmwJ25RpE4KN7z4YNMvBhSKgi4U6uu9xEtime""}",18
lovebit,LB,LoveBit,lovebit,lovebitrQf.png,210000000000000,"{""binance_smart"":""0x8613d52d74a48883a51badf8b25ab066714087da""}",18
6CVd9hqv9sBHAEiCVXNyiNrG3CzxXbMDGJ9MA6Mgpump_solana,PAGO,Pago,pago,pago002.png,999868808,"{""solana"":""6CVd9hqv9sBHAEiCVXNyiNrG3CzxXbMDGJ9MA6Mgpump""}",18
0x694200465963898a9fef06a5b778d9e65721685c_ethereum,GECKY,Gecky,gecky,0x694200465963898a9fef06a5b778d9e65721685c_ethereumSIB.png,69420000,"{""ethereum"":""0x694200465963898a9fef06a5b778d9e65721685c""}",18
EPD8jj7bVhNh3o7Wx1XZ39aaacSki8p2ABaN61yhUnBh_solana,🐂🀄️,ANSEM ARMY,ansem-army,ansem-armylWk.png,999596892,"{""solana"":""EPD8jj7bVhNh3o7Wx1XZ39aaacSki8p2ABaN61yhUnBh""}",18
GX7jJ2E86ndix3B1V3Q2GVahukiDf9eUip2yBmPmpump_solana,VALENTINELESS,VALENTINELESS,valentineless,GX7jJ2E86ndix3B1V3Q2GVahukiDf9eUip2yBmPmpump_solana80A.png,998736611,"{""solana"":""GX7jJ2E86ndix3B1V3Q2GVahukiDf9eUip2yBmPmpump""}",18
wrapped-dor,WDOR,Wrapped DOR,wrapped-dor,wrapped-dorUlg.png,25000000,"{""base"":""0x38a7c0416164faa29d207c9cf2273a5b80210aed""}",18
9kvTPjemayUL7XKPyjhqavbcLtY5VP2ha1G5vPuppump_solana,FITCOIN,Fitcoin,fitcoin-2,9kvTPjemayUL7XKPyjhqavbcLtY5VP2ha1G5vPuppump_solanap38.png,998736886,"{""solana"":""9kvTPjemayUL7XKPyjhqavbcLtY5VP2ha1G5vPuppump""}",18
sovra-ai-by-virtuals,SOVRA,Sovra Ai by Virtuals,sovra-ai-by-virtuals,sovra-ai-by-virtualsCoq.png,1000000000,"{""base"":""0x0c63a8c18deca4f0687616e1774918546727833f""}",18
first-solar-rstock,RFSLR,First Solar Tokenized Stock (Reality),first-solar-rstock,first-solar-rstockuP7.png,73.839,"{""arbitrum-one"":""0xa5c43262ebb339be9264383a119cf5e36f1c057f""}",18
6cNcXWqYvK9nhD1TsjJ1ZH1KATXcaPaRJtZPHyVkJoBs_solana,JOBS,x402jobs,x402jobs,x402jobsoiR.png,999972818,"{""solana"":""6cNcXWqYvK9nhD1TsjJ1ZH1KATXcaPaRJtZPHyVkJoBs""}",18
herd,HERD,羊群币 (Herd),herd,herdKfS.png,1000000000,"{""binance_smart"":""0x5d0ae9223533db48f32ae0aa3845eedf20894444""}",18
doge-rocket,ROCKET,DOGE ROCKET,doge-rocket,doge-rocketrbt.png,1000000000,"{""binance_smart"":""0x4a1c76b8e8b347e1852352ea931bfe649fc64444""}",18
9BZJXtmfPpkHnM57gHEx5Pc9oQhLhJtr4mhCsNtttTts_solana,APES,PRIMEAPE,primeape,9BZJXtmfPpkHnM57gHEx5Pc9oQhLhJtr4mhCsNtttTts_solanauno.png,999763327,"{""solana"":""9BZJXtmfPpkHnM57gHEx5Pc9oQhLhJtr4mhCsNtttTts""}",18
bejibun,BJBN,Bejibun,bejibun,bejibun6Yj.png,999067192,"{""solana"":""CQhbNnCGKfDaKXt8uE61i5DrBYJV7NPsCDD9vQgypump""}",18
5X61PKDGt6Fjg6hRxyFiaN61CDToHEeE2gJhDgL9pump_solana,WHITEFISH,The White Fish,the-white-fish,the-white-fishWdo.png,998635910,"{""solana"":""5X61PKDGt6Fjg6hRxyFiaN61CDToHEeE2gJhDgL9pump""}",18
0x949c255362e21042b26cf6a6b54cbb218b50090c_ethereum,HARIKO,Inu Hariko,inu-hariko,0x949c255362e21042b26cf6a6b54cbb218b50090c_ethereumNL2.png,1000000000,"{""ethereum"":""0x949c255362e21042b26cf6a6b54cbb218b50090c""}",18
crying-cat-2,CRYINGCAT,Crying Cat,crying-cat-2,crying-cat-2ZxN.png,931942755,"{""robinhood"":""0x4f0d7ea112547af5dad59959d98b6a8ee3355bcc""}",18
0x7f65323e468939073ef3b5287c73f13951b0ff5b_base,BLUE,Blue,blue-3,0x7f65323e468939073ef3b5287c73f13951b0ff5b_baseXqB.png,967293575,"{""base"":""0x7f65323e468939073ef3b5287c73f13951b0ff5b""}",18
BdTEJq3yEp68SNmeBfqBbDDy7nbSGftkDhDkVef6pump_solana,FARM,This is a Farm,this-is-a-farm,BdTEJq3yEp68SNmeBfqBbDDy7nbSGftkDhDkVef6pump_solanaBs7.png,998637328,"{""solana"":""BdTEJq3yEp68SNmeBfqBbDDy7nbSGftkDhDkVef6pump""}",18
paypal-holdings-dinari-tokenized-stock,PYPL,Paypal Holdings (Dinari Tokenized Stock),paypal-holdings-dinari-tokenized-stock,paypal-holdings-dinari-tokenized-stockf3D.png,230.6485,"{""ethereum"":""0x961ca9d6e644b5509654f3d5a250bb03f2e702b6"",""base"":""0xd6558a27008788041fd9b9e013e649bcab329218"",""arbitrum-one"":""0x5b6424769823e82a1829b0a8bcaf501bffd90d25"",""avalanche"":""0x2f6e0db24ac68b966364c04a1d74c2b2fa1a118a""}",18
0xb8b1af593dc37b33a2c87c8db1c9051fc32858b7_berachain,RAMEN,Ramen,ramen,0xb8b1af593dc37b33a2c87c8db1c9051fc32858b7_berachainvuy.png,91834580,"{""berachain"":""0xb8b1af593dc37b33a2c87c8db1c9051fc32858b7""}",18
suissma-ai-by-virtuals,SUISS,SUISSMA AI by Virtuals,suissma-ai-by-virtuals,suissma-ai-by-virtuals9x7.png,1000000000,"{""base"":""0x0f1a9f3b8b971ac72a2d362cf2858f21fb799601""}",18
2LzLh5pHg3nDQz6goTLAvDXfDbSBgAR8qem3bdXdpump_solana,JUICE,JUICE,juice-3,juice-3I6q.png,956768732,"{""solana"":""2LzLh5pHg3nDQz6goTLAvDXfDbSBgAR8qem3bdXdpump""}",18
DGagMywvLG3DwffZHX4eWWE6svnoJpiod3dSNBDwpump_solana,JUSTICE,Justice for Pnut and Fred,justice-for-pnut-and-fred,DGagMywvLG3DwffZHX4eWWE6svnoJpiod3dSNBDwpump_solanaLtL.png,979999999,"{""solana"":""DGagMywvLG3DwffZHX4eWWE6svnoJpiod3dSNBDwpump""}",18
0x8216e8143902a8fe0b676006bc25eb23829c123d_base,WOW,Wow,wow-2,wow-2E2v.png,1000000000,"{""base"":""0x8216e8143902a8fe0b676006bc25eb23829c123d""}",18
aave-ghost-cat,GHOSTCAT,Aave Ghost Cat,aave-ghost-cat,aave-ghost-catQPD.png,999984548,"{""solana"":""BVdbH7PLTSQxBssqvWTxVDoA8qfsztdVtMsZQSS9CScZ""}",18
thermo-fisher-scientific-ondo-tokenized-stock,TMOON,Thermo Fisher Scientific (Ondo Tokenized Stock),thermo-fisher-scientific-ondo-tokenized-stock,thermo-fisher-scientific-ondo-tokenized-stock3EY.png,19.267,"{""ethereum"":""0x60808f2a0d035e16f57e9043842bd1bfbda24fa2"",""binance_smart"":""0xbcf7d958791152128710565a5fc6f68342ed71c8"",""solana"":""T699bgtXQw4CJ59rQ4VzLsupVQUzoL5RmuhHnKrondo""}",18
influenceher,INFLU,InfluenceHer,influenceher,influenceher00u.png,982772610,"{""ethereum"":""0x7a097173f1c9e78d84800381c1da649b688cd823""}",18
techtide,TTD,TechTide,techtide,techtideAV3.png,1000000000,"{""base"":""0xfdf1291381eda71ca17fc18901f8a252f05c470d""}",18
EUB1eZBt4m3X4FbperWnKGJdvLsuLMu2YmJix5yjpump_solana,K-HOME,bus house,bus-house,bus-houseuuC.png,953861915,"{""solana"":""EUB1eZBt4m3X4FbperWnKGJdvLsuLMu2YmJix5yjpump""}",18
5i6piokrXbNKxgzY17WAgoJhoEGYVULGQ2zgekyXpump_solana,BUTTPLUG,Inflatable Buttplug,inflatable-buttplug,5i6piokrXbNKxgzY17WAgoJhoEGYVULGQ2zgekyXpump_solanaXcg.png,999198367,"{""solana"":""5i6piokrXbNKxgzY17WAgoJhoEGYVULGQ2zgekyXpump""}",18
usaid,USAID,USAID,usaid,usaidIzD.png,998838613,"{""solana"":""6P8ixuqGZpfyHAxyxbU4a31vsMiFiCQjBzVV58gPpump""}",18
Em9zr2tgSmGgRbz3kxyQeRXjRi9oc13wMu6cKam4zWFW_solana,NAMI,Thief Cat,thief,thiefKz6.png,950852146,"{""solana"":""Em9zr2tgSmGgRbz3kxyQeRXjRi9oc13wMu6cKam4zWFW""}",18
particle-2,PRTCLE,Particle,particle-2,particle-2Vhj.png,1000002527955,"{""xdai"":""0xb5d592f85ab2d955c25720ebe6ff8d4d1e1be300""}",18
cave,CAVE,CaveWorld,cave,caveqQC.png,100000000,"{""solana"":""4SZjjNABoqhbd4hnapbvoEPEqT8mnNkfbEoAwALf1V8t""}",18
0x729f75aff28c726e32403e80cef2afb518cfbfa7_base,WABASEURC,Wrapped Aave Base EURC,wrapped-aave-base-eurc,wrapped-aave-base-eurcRgf.png,11633,"{""base"":""0x729f75aff28c726e32403e80cef2afb518cfbfa7""}",18
6f41LGHuU2HVV67ao9GwJ6kv2jNUz9HL6FJPVYcJpump_solana,PEMDAS,Chad Grammatical Model Launch,chad-grammatical-model-launch,6f41LGHuU2HVV67ao9GwJ6kv2jNUz9HL6FJPVYcJpump_solana1rn.png,998382050,"{""solana"":""6f41LGHuU2HVV67ao9GwJ6kv2jNUz9HL6FJPVYcJpump""}",18
9VxExA1iRPbuLLdSJ2rB3nyBxsyLReT4aqzZBMaBaY1p_solana,REVS,Revshare,revshare,9VxExA1iRPbuLLdSJ2rB3nyBxsyLReT4aqzZBMaBaY1p_solanaUcu.png,561898606,"{""solana"":""9VxExA1iRPbuLLdSJ2rB3nyBxsyLReT4aqzZBMaBaY1p""}",18
abbvie-rstock,RABBV,AbbVie Tokenized Stock (Reality),abbvie-rstock,abbvie-rstockpAo.png,47.9902,"{""arbitrum-one"":""0x8c9869577b7c75220eba236dc797a66dbc780d91"",""morph-l2"":""0x0a5fff112aec59aeff284bb24bbf979f691efad6""}",18
elderglade,ELDE,Elderglade,elderglade,eldergladeqbJ.png,400000000,"{""binance_smart"":""0x799a290f9cc4085a0ce5b42b5f2c30193a7a872b"",""klay-token"":""0x8755d2e532b1559454689bf0e8964bd78b187ff6""}",18
0xa4874f62c8826e19cf8691bcabd02fe1a0b7401f_robinhood,VLADDOG,VladDog,vladdog,vladdogekl.png,918920652,"{""robinhood"":""0xa4874f62c8826e19cf8691bcabd02fe1a0b7401f""}",18
0x5ff46696d6e4896137acb1628b06e28c10ee9634_ethereum,JANNY,Janny,janny,jannystF.png,2631603629,"{""ethereum"":""0x5ff46696d6e4896137acb1628b06e28c10ee9634""}",18
ranger-ai,RANGER,Ranger AI,ranger-ai,ranger-aizMm.png,1000000000,"{""robinhood"":""0xf132bd1d1770d42cf4ec8659b9077d0d1c197cc1""}",18
0x98d59767cd1335071a4e9b9d3482685c915131e8_base,DREAM,DREAM,dream-2,0x98d59767cd1335071a4e9b9d3482685c915131e8_baseKvm.png,996902801,"{""base"":""0x98d59767cd1335071a4e9b9d3482685c915131e8""}",18
oddysey-ai,ODDYSEY,Oddysey AI,oddysey-ai,oddysey-aixUW.png,950000000,"{""robinhood"":""0xa2ceac1db81d7f0acc7eaa6018e6f9b4d33849cb""}",18
0xaea742f80922f7c94b8fd91686c9dfbdfe90d9e6_base,PREDI,Predi by Virtuals,predi,predigSu.png,925037800,"{""base"":""0xaea742f80922f7c94b8fd91686c9dfbdfe90d9e6""}",18
sense4fit,SFIT,Sense4FIT,sense4fit,sense4fitxlG.png,611835507,"{""elrond"":""SFIT-aebc90""}",18
amazon-astock,AAMZN,Amazon aStock,amazon-astock,amazon-astockM6h.png,50.2677,"{""arbitrum-one"":""0x06f272082339a90e81e1dcb8ab892fd1a8c5e4c0"",""monad"":""0x06f272082339a90e81e1dcb8ab892fd1a8c5e4c0"",""ethereum"":""0x06f272082339a90e81e1dcb8ab892fd1a8c5e4c0"",""base"":""0x06f272082339a90e81e1dcb8ab892fd1a8c5e4c0"",""robinhood"":""0x06f272082339a90e81e1dcb8ab892fd1a8c5e4c0"",""binance_smart"":""0x06f272082339a90e81e1dcb8ab892fd1a8c5e4c0""}",18
kumadex-token,DKUMA,KumaDex Token,kumadex-token,kumadex-tokenZqM.png,1446978433,"{""ethereum"":""0x3f5dd1a1538a4f9f82e543098f01f22480b0a3a8""}",18
toly,TOLY,Toly,toly,toly2bZ.png,1000000000,"{""solana"":""GgJJRwLg9NzFQ97o1CJLGLp1KLSUMBwFc6eQNVEr4fbW""}",18
BMocPvavt5CLXvJpQohTRbg17WhPMfkFxibHEQpSpump_solana,$BANE,bane,bane,BMocPvavt5CLXvJpQohTRbg17WhPMfkFxibHEQpSpump_solanaqq8.png,998805615,"{""solana"":""BMocPvavt5CLXvJpQohTRbg17WhPMfkFxibHEQpSpump""}",18
vedao,WEVE,veDAO,vedao,vedaoarp.png,434748864,"{""fantom"":""0x911da02c1232a3c3e1418b834a311921143b04d7""}",18
schwab-us-dividend-equity-etf-robinhood-token,SCHD,Schwab US Dividend Equity ETF • Robinhood Token,schwab-us-dividend-equity-etf-robinhood-token,schwab-us-dividend-equity-etf-robinhood-tokenpMm.png,379.971,"{""robinhood"":""0xd63abb2c13d7a8421a8017a712802053568e3c1d""}",18
0xb4d4ff3fcbd6965962a79229aa94631d394217cb_base,BRAT,Brat,brat,0xb4d4ff3fcbd6965962a79229aa94631d394217cb_basexyo.png,1000000000,"{""base"":""0xb4d4ff3fcbd6965962a79229aa94631d394217cb""}",18
0xf4b7b9ab55a2eeb3bd6123b8f45b0abffd5089c7_ethereum,SHIB,Strategic Hub for Innovation in Blockchain,strategic-hub-for-innovation-in-blockchain,0xf4b7b9ab55a2eeb3bd6123b8f45b0abffd5089c7_ethereumfgM.png,94957400,"{""ethereum"":""0xf4b7b9ab55a2eeb3bd6123b8f45b0abffd5089c7""}",18
HJ88bA3HJKgKfDUWEoTqTvvhMng5E6RSAMjwTetCvibe_solana,VIBE,Vibe,vibe-4,vibe-4YbB.png,990724967,"{""solana"":""HJ88bA3HJKgKfDUWEoTqTvvhMng5E6RSAMjwTetCvibe""}",18
shibarium-name-service,SNS,Shibarium Name Service,shibarium-name-service,shibarium-name-servicedDq.png,100000000000,"{""ethereum"":""0xea4a2327e75252517535fd013b7c6706609819db""}",18
HiNkp9CdKqTgPtB6WnnrrUAu9YwQqnrvT6Ceuxoypump_solana,ACCELERANDO,Accelerando,accelerando,HiNkp9CdKqTgPtB6WnnrrUAu9YwQqnrvT6Ceuxoypump_solanaHdw.png,972030373,"{""solana"":""HiNkp9CdKqTgPtB6WnnrrUAu9YwQqnrvT6Ceuxoypump""}",18
EkVYMGehJKAFowTQpGoxiCpDTRNEoGanwvNUYXhqpump_solana,ROSSCOIN,Rosscoin,rosscoin,EkVYMGehJKAFowTQpGoxiCpDTRNEoGanwvNUYXhqpump_solanalVl.png,998159283,"{""solana"":""EkVYMGehJKAFowTQpGoxiCpDTRNEoGanwvNUYXhqpump""}",18
senti-ai,SENTI,Senti AI,senti-ai,senti-aiXjH.png,99370321124,"{""binance_smart"":""0xee20edd0cd31b499796b4dc9db5fd0eb6bb17961""}",18
virgin-galactic-rstock,RSPCE,Virgin Galactic Tokenized Stock (Reality),virgin-galactic-rstock,virgin-galactic-rstocktsi.png,4289,"{""arbitrum-one"":""0x1152c930e38064853ae0289429d44b1e1988fbdf"",""morph-l2"":""0x72d865649f0a2d995c8d974f623bf16c48f32ee8""}",18
relend-usdc,REUSDC,Relend USDC,relend-usdc,relend-usdctzj.png,701776,"{""ethereum"":""0x0f359fd18bda75e9c49bc027e7da59a4b01bf32a""}",18
J4x1EMmQjF6WEzXq2tUtzY89x5aMhYz5CzfevcJEpump_solana,BOUNTYWORK,Bountywork,bountywork,bountyworkul6.png,999578531,"{""solana"":""J4x1EMmQjF6WEzXq2tUtzY89x5aMhYz5CzfevcJEpump""}",18
0x30c9c51e06faa8cc71e4c101a69a9ed8d01ee91a_robinhood,HOODER,HooderScan,hooderscan,0x30c9c51e06faa8cc71e4c101a69a9ed8d01ee91a_robinhoodTmx.png,1000000000,"{""robinhood"":""0x30c9c51e06faa8cc71e4c101a69a9ed8d01ee91a""}",18
tGSHqcbojd4uSmirz9iXHvuRBBFwbHaDjSatbuupump_solana,CHRONOEFFE,Chronoeffector,chronoeffector,tGSHqcbojd4uSmirz9iXHvuRBBFwbHaDjSatbuupump_solana6IU.png,996111591,"{""solana"":""tGSHqcbojd4uSmirz9iXHvuRBBFwbHaDjSatbuupump""}",18
ten-on-arc,,TEN,ten-on-arc,ten-on-arcFlu.png,1000000000,"{""arc"":""0xc662d327a6a3ee01d5b4d0e2d5253c3058f59ba1""}",18
mbd-financials,MBD,MBD Financials,mbd-financials,mbd-financials2GK.png,40000000000,"{""binance_smart"":""0xf899e83e6c6df1a0d4887cf0209193aa97236322"",""ethereum"":""0xaaf449bf8a33a32575c31ba8cbb90612dd95acfa""}",18
29xJEmh5sMo2DqapmcK7UardZP4B88qJZCZ2BGwa3mJ7_solana,SOLPAC,Solpaca,solpaca,solpacaJ2M.png,0,"{""solana"":""29xJEmh5sMo2DqapmcK7UardZP4B88qJZCZ2BGwa3mJ7""}",18
B8zW7B8T7ntCiiRYw18jrFu9MBqMZVk9pP7nYyT5iBLV_solana,HUCH,Huch,huch,B8zW7B8T7ntCiiRYw18jrFu9MBqMZVk9pP7nYyT5iBLV_solanaB64.png,999898175,"{""solana"":""B8zW7B8T7ntCiiRYw18jrFu9MBqMZVk9pP7nYyT5iBLV""}",18
5qmykKi3zkM1sGvcMNgj4bqy68qvpLqR9fQWWrtfpump_solana,NAZAREAI,NazareAI,nazareai,5qmykKi3zkM1sGvcMNgj4bqy68qvpLqR9fQWWrtfpump_solanawap.png,999608457,"{""solana"":""5qmykKi3zkM1sGvcMNgj4bqy68qvpLqR9fQWWrtfpump""}",18
6Ra49aqZTbEurJB1UQgAj1TjvbqajGP5um7gsTym8tWm_solana,HUHCAT,Huh cat,huh-cat,huh-cat4E0.png,99991431,"{""solana"":""6Ra49aqZTbEurJB1UQgAj1TjvbqajGP5um7gsTym8tWm""}",18
9LAjk5F4rFetELE4CygcBbZ5hYc2QhRrbJjfm5Q26jWM_solana,DAVIDO,Timeless Davido,timeless-davido,timeless-davido87o.png,999996105,"{""solana"":""9LAjk5F4rFetELE4CygcBbZ5hYc2QhRrbJjfm5Q26jWM""}",18
regeneron-pharmaceuticals-ondo-tokenized,REGNON,Regeneron Pharmaceuticals (Ondo Tokenized),regeneron-pharmaceuticals-ondo-tokenized,regeneron-pharmaceuticals-ondo-tokenized02n.png,16.9493,"{""ethereum"":""0x33ac34da58168de69ce74a66fbad81a88f974bd5"",""binance_smart"":""0x30bd85fd4286c5c9857679f5b188f737b4a7b8c0"",""solana"":""E86mX2yb3HLbJM6gRtZQ6dCYmLh6MSDZadu9SCPondo""}",18
HfXLMuSCHvsuYHRLekyW88oiz1LJvRerKh4QH1y5f8xk_solana,CHIBI,chibi,chibi,chibight.png,899507381,"{""solana"":""HfXLMuSCHvsuYHRLekyW88oiz1LJvRerKh4QH1y5f8xk""}",18
invesco-qqq-astock,AQQQ,Invesco QQQ aStock,invesco-qqq-astock,invesco-qqq-astockdqY.png,16.6908,"{""arbitrum-one"":""0x1446501e886c7f830db9b494a1890cbccc072f57"",""monad"":""0x1446501e886c7f830db9b494a1890cbccc072f57"",""ethereum"":""0x1446501e886c7f830db9b494a1890cbccc072f57"",""base"":""0x1446501e886c7f830db9b494a1890cbccc072f57"",""robinhood"":""0x1446501e886c7f830db9b494a1890cbccc072f57"",""binance_smart"":""0x1446501e886c7f830db9b494a1890cbccc072f57""}",18
burning-jup,BURN,Burning Jup,burning-jup,burning-jupn1g.png,97338909,"{""solana"":""AnRZ2wegdibrTSTZZbsF3JxwkGU5EMDYXnaRtSRyjups""}",18
0x10a7a84c91988138f8dbbc82a23b02c8639e2552_base,ROXY,ROXY FROG,roxy-frog,roxy-frog08Y.png,8464530457,"{""base"":""0x10a7a84c91988138f8dbbc82a23b02c8639e2552""}",18
eteecy,ETEECY,eteecy,eteecy,eteecy6jV.png,1000000000,"{""base"":""0x3f25e0bc5c28604178d25f65e9f35248edd43637""}",18
EAvKa9kGRMcQ44Eg3MPbXUP8ZEpfxgd5dToHBRF8m8ui_solana,PEPEWIFHAT,Pepewifhat,pepewifhat-3,pepewifhat-32Bs.png,999353103,"{""solana"":""EAvKa9kGRMcQ44Eg3MPbXUP8ZEpfxgd5dToHBRF8m8ui""}",18
united-sts-brent-oil-fd-lp-unit-rstock,RBNO,US Brent Oil Fund Tokenized Stock (Reality),united-sts-brent-oil-fd-lp-unit-rstock,united-sts-brent-oil-fd-lp-unit-rstock9Hn.png,198.1508,"{""arbitrum-one"":""0x7b6692428841fa42978b6d4ef4e47370f169f85a"",""morph-l2"":""0x4017c0f18c0de480be63187b9289b33c18da53bb""}",18
0xace3c5adc456de444501d91c12b0b03f902eb250_robinhood,NRV,Nerve,nerve-2,nerve-2Htu.png,10000000,"{""robinhood"":""0xace3c5adc456de444501d91c12b0b03f902eb250""}",18
kriyadex,KDX,Kriya,kriyadex,kriyadexfnE.png,96020298,"{""sui"":""0x3b68324b392cee9cd28eba82df39860b6b220dc89bdd9b21f675d23d6b7416f1::kdx::KDX""}",18
0x89fd2d8fd8d937f55c89b7da3ceed44fa27e4a81_ethereum,BUG,Bug,bug,0x89fd2d8fd8d937f55c89b7da3ceed44fa27e4a81_ethereumaAF.png,414735305534637,"{""ethereum"":""0x89fd2d8fd8d937f55c89b7da3ceed44fa27e4a81""}",18
9jUb38tuMqsCe328tM7kxFEm3wRpbo3MbXPJoFiTpump_solana,LAND,the real goal,the-real-goal,9jUb38tuMqsCe328tM7kxFEm3wRpbo3MbXPJoFiTpump_solanaLUi.png,999081433,"{""solana"":""9jUb38tuMqsCe328tM7kxFEm3wRpbo3MbXPJoFiTpump""}",18
Bt9tUAuuoJTihrLvgK1kWErBJduaGEeQbF2VhAPHtYm4_solana,MONA,Mona,mona-cat,Bt9tUAuuoJTihrLvgK1kWErBJduaGEeQbF2VhAPHtYm4_solanabAx.png,8566833,"{""solana"":""Bt9tUAuuoJTihrLvgK1kWErBJduaGEeQbF2VhAPHtYm4""}",18
meta-astock,AMETA,Meta aStock,meta-astock,meta-astockt4j.png,17.0798,"{""arbitrum-one"":""0xa1847139cbd660abc2f7b889d7cbcf18c56407fb"",""monad"":""0xa1847139cbd660abc2f7b889d7cbcf18c56407fb"",""ethereum"":""0xa1847139cbd660abc2f7b889d7cbcf18c56407fb"",""base"":""0xa1847139cbd660abc2f7b889d7cbcf18c56407fb"",""robinhood"":""0xa1847139cbd660abc2f7b889d7cbcf18c56407fb"",""binance_smart"":""0xa1847139cbd660abc2f7b889d7cbcf18c56407fb""}",18
6kJhG826LGowg7zG6PLd6tg7mqvVSdq2WzHhsfc7pump_solana,POPO,Popo,popo-2,6kJhG826LGowg7zG6PLd6tg7mqvVSdq2WzHhsfc7pump_solanaF9i.png,999527481,"{""solana"":""6kJhG826LGowg7zG6PLd6tg7mqvVSdq2WzHhsfc7pump""}",18
94Sm8joZMSRzpQmcNVn5zZpgnRLN2DBesJYDXwuNpump_solana,OMO,omo,omo,omo9P2.png,983145994,"{""solana"":""94Sm8joZMSRzpQmcNVn5zZpgnRLN2DBesJYDXwuNpump""}",18
0xa3c1b11a1c788f41b7e3bd3afc45cdec87d31afb_ethereum,WABUU,Wabuu,wabuu,0xa3c1b11a1c788f41b7e3bd3afc45cdec87d31afb_ethereumsM5.png,420690000000,"{""ethereum"":""0xa3c1b11a1c788f41b7e3bd3afc45cdec87d31afb""}",18
J3mTHLJ3GMcz9ycfvUji5HzeuTvmUQjQSdzChsS5pump_solana,SOLBISCUIT,Solana Horse,solana-horse,J3mTHLJ3GMcz9ycfvUji5HzeuTvmUQjQSdzChsS5pump_solanamBW.png,999921314,"{""solana"":""J3mTHLJ3GMcz9ycfvUji5HzeuTvmUQjQSdzChsS5pump""}",18
citrea-bridged-usdt,USDT.E,Citrea Bridged USDT (Citrea),citrea-bridged-usdt,citrea-bridged-usdt1N9.png,16383,"{""citrea"":""0x9f3096bac87e7f03dc09b0b416eb0df837304dc4""}",18
0x846e57af29fd21391919318a044191b8725822c2_ethereum,ETHARDIO,ETHARDIO,ethardio,0x846e57af29fd21391919318a044191b8725822c2_ethereumwR7.png,1000000000,"{""ethereum"":""0x846e57af29fd21391919318a044191b8725822c2""}",18
5KCGJJpRMtbydUDTAoc5MoRPnqmJNNDaFwvBDdSG6daC_solana,HIGHER,My Pronouns Are High/er,my-pronouns-are-high-er,my-pronouns-are-high-erzlf.png,1000000000,"{""solana"":""5KCGJJpRMtbydUDTAoc5MoRPnqmJNNDaFwvBDdSG6daC""}",18
59Vaf6t5viekuPJ1ehPL3hRC8DXxPGLTFfM2t8tgpump_solana,FARTDADDY,FARTDADDY,fartdaddy,59Vaf6t5viekuPJ1ehPL3hRC8DXxPGLTFfM2t8tgpump_solanafKE.png,999542737,"{""solana"":""59Vaf6t5viekuPJ1ehPL3hRC8DXxPGLTFfM2t8tgpump""}",18
0x48d41fc014865c32be82c50ee647b6a4bfab38a8_ethereum,KUMANEENE,Kumaneene,kumaneene,0x48d41fc014865c32be82c50ee647b6a4bfab38a8_ethereumvc8.png,1000000000000000,"{""ethereum"":""0x48d41fc014865c32be82c50ee647b6a4bfab38a8""}",18
the-runner-2,SAMBA,The Runner,the-runner-2,the-runner-2hFN.png,999686845,"{""solana"":""G3jQqZfjcKfHkYePhXBqGb3vUBQPxXvfFvz6gHsNpump""}",18
0x966edb33649dd33c0dbc915ddf31cd41a07e7a4f_base,BONKEY,BONKEY,bonkey-2,bonkey-2RXK.png,1000000000,"{""base"":""0x966edb33649dd33c0dbc915ddf31cd41a07e7a4f""}",18
fundrise-innovation-fund-ondo-tokenized,VCXON,Fundrise Innovation Fund (Ondo Tokenized),fundrise-innovation-fund-ondo-tokenized,fundrise-innovation-fund-ondo-tokenized7rd.png,414.9326,"{""ethereum"":""0x8b935eb2c98b597577359def9b18b4ae1523e6cf"",""binance_smart"":""0xc8206bb42ec019f7e7ea060ed887e9f5bb53cbb0"",""solana"":""esgtAV7yKf7Ei3Q92VmXcEGkoqY2UqCHzZvCWhgondo""}",18
proshares-ultrapro-qqq-dinari-tokenized-etf,TQQQ,ProShares UltraPro QQQ (Dinari Tokenized ETF),proshares-ultrapro-qqq-dinari-tokenized-etf,proshares-ultrapro-qqq-dinari-tokenized-etfQZU.png,152.6604,"{""ethereum"":""0xf7248e588f88655d4a5230c4cec2db2cf4438ff0"",""base"":""0x525dcb13b0caf29f30f93305a5cbd10314815408"",""arbitrum-one"":""0x63ad78a6e2db3322d16943fc65e71a0010571521"",""avalanche"":""0xfa73a951a3380243a074db5494d36a5c96da7a4a""}",18
q29umWshmh2fmm1CdRb4cBKhqtW9xX25ezNQi7Bpump_solana,NUNU,nunu,nunu,q29umWshmh2fmm1CdRb4cBKhqtW9xX25ezNQi7Bpump_solanaAYx.png,999700554,"{""solana"":""q29umWshmh2fmm1CdRb4cBKhqtW9xX25ezNQi7Bpump""}",18
spacecatch,CATCH,SpaceCatch,spacecatch,spacecatch6dl.png,100000000,"{""arbitrum-one"":""0xbc4c97fb9befaa8b41448e1dfcc5236da543217f""}",18
4PYijC1Xas63cxdoYnUg7SQgcg23UgNNcPmvbj6KNUSz_solana,BSCREENER,BelieveScreener,believescreener,believescreenerH0H.png,999575222,"{""solana"":""4PYijC1Xas63cxdoYnUg7SQgcg23UgNNcPmvbj6KNUSz""}",18
7qBKePC5SqZKDRNsbNhqD6Y6S8JW2CM3KoRv3ztDpump_solana,$MAMA,Screaming Hyrax,screaming-hyrax,7qBKePC5SqZKDRNsbNhqD6Y6S8JW2CM3KoRv3ztDpump_solanaIyZ.png,998625496,"{""solana"":""7qBKePC5SqZKDRNsbNhqD6Y6S8JW2CM3KoRv3ztDpump""}",18
first-trust-exch-traded-fund-2-nasdaq-cybersecurity-etf-rstock,RCIBR,First Trust NASDAQ Cybersecurity ETF Tokenized Stock (Reality),first-trust-exch-traded-fund-2-nasdaq-cybersecurity-etf-rstock,first-trust-exch-traded-fund-2-nasdaq-cybersecurity-etf-rstockyyU.png,120.368,"{""arbitrum-one"":""0xdb9709ce674c9c4e2993dcc15693fb036c6f07e4"",""morph-l2"":""0x899bb6aeaa8130c394d7d3b4455e212b55246c2e""}",18
dogstock,DSTOCK,Dogstock,dogstock,dogstockjfk.png,999119687283,"{""solana"":""FhhXCnCbxBQ4nX4a4PBTuYG3gbETWixoNejQkPKJbonk""}",18
0x2fd23a21c52fff0535328a7177da1fb31b8a819e_ethereum,SΞR,Strategic ETH Reserve,strategic-eth-reserve,0x2fd23a21c52fff0535328a7177da1fb31b8a819e_ethereum75V.png,100000000,"{""ethereum"":""0x2fd23a21c52fff0535328a7177da1fb31b8a819e""}",18
C4j1kRxLhWzHCDEffhJQtEnfR7B1PKRhQHpmWpFzAUSA_solana,RIAL,RIAL,rial,rialZH7.png,999999997,"{""solana"":""C4j1kRxLhWzHCDEffhJQtEnfR7B1PKRhQHpmWpFzAUSA""}",18
outlanders,LAND,Outlanders,outlanders,outlandersjeD.png,2000000000,"{""binance_smart"":""0x1e34fcc9a67e05d4beed8c6a70f98c3e4d1e1e96""}",18
0xec2a4820026e737e039f545cb070be338cb23df2_ethereum,CLANKER,Clanker,clanker-2,0xec2a4820026e737e039f545cb070be338cb23df2_ethereumG77.png,89882911607,"{""ethereum"":""0xec2a4820026e737e039f545cb070be338cb23df2""}",18
J7CSUzsM2VfBUaeaer5aGVVLzzUoizBWF1vQX2NLpump_solana,MICROWAVED,MICROWAVED,microwaved,J7CSUzsM2VfBUaeaer5aGVVLzzUoizBWF1vQX2NLpump_solanaVzZ.png,999469419,"{""solana"":""J7CSUzsM2VfBUaeaer5aGVVLzzUoizBWF1vQX2NLpump""}",18
5a5iV4jTaxyPP4mMeeRfZStz6tYQ65p2CKTNygdRpump_solana,EARLY,imnotwrongimearly,imnotwrongimearly,5a5iV4jTaxyPP4mMeeRfZStz6tYQ65p2CKTNygdRpump_solanaYGQ.png,998732778,"{""solana"":""5a5iV4jTaxyPP4mMeeRfZStz6tYQ65p2CKTNygdRpump""}",18
xociety,XO,Xociety,xociety,xocietybcm.png,5000000000,"{""sui"":""0x90f9eb95f62d31fbe2179313547e360db86d88d2399103a94286291b63f469ba::xo::XO""}",18
matr1x,MAX,Matr1x,matr1x,matr1xIFl.png,800000000,"{""ethereum"":""0xb7109df1a93f8fe2b8162c6207c9b846c1c68090"",""polygon-pos"":""0xbed0b9240bdbcc8e33f66d2ca650a5ef60a5bab0""}",18
kub-bridged-usdc-kub,USDC.E,KUB Bridged USDC (KUB),kub-bridged-usdc-kub,kub-bridged-usdc-kub3rT.png,12338,"{""bitkub-chain"":""0x31929a0fd776f971c5dd14bf03e1f9ff69d9c91c""}",18
mirrorstage,MS,mirrorstage,mirrorstage,mirrorstage5Ty.png,999661826,"{""solana"":""AbVVstroW1r3XZ2t4YbUYyBYyfpuYCr6d2kaYQnXDWhG""}",18
0xacf8c17cf8cbcff88c6cd36aad1cccf29781bdbb_robinhood,STOX,StoxFi,stoxfi,stoxfiogN.png,1000000000,"{""robinhood"":""0xacf8c17cf8cbcff88c6cd36aad1cccf29781bdbb""}",18
5zy77ie2LVoLaMDy2h4SAvPCo3uc8Zno85YGZDZjpump_solana,NICK,nick,nick,5zy77ie2LVoLaMDy2h4SAvPCo3uc8Zno85YGZDZjpump_solanaw0B.png,998575814,"{""solana"":""5zy77ie2LVoLaMDy2h4SAvPCo3uc8Zno85YGZDZjpump""}",18
5XFeFezwgZvSdG2N69FPBuz98uFpfBCkFcXQXSiGpump_solana,FIREBALL,Fireball,fireball-3,fireball-3Nxc.png,839423828,"{""solana"":""5XFeFezwgZvSdG2N69FPBuz98uFpfBCkFcXQXSiGpump""}",18
solana-cat,SOLCAT,Solana Cat,solana-cat,solana-catG7a.png,996051668,"{""solana"":""84Y6h6XoaLAD1zxoQ2CDhcZYRpNsSBKsXULCnpjXpump""}",18
GiSC3EA7C2kZwESb53cJybcmeRRExM4gqzV5UTz9pump_solana,BTCWIZ,Bitcoin Wizard Mascot,bitcoin-wizard-mascot,GiSC3EA7C2kZwESb53cJybcmeRRExM4gqzV5UTz9pump_solanaa9V.png,998725748,"{""solana"":""GiSC3EA7C2kZwESb53cJybcmeRRExM4gqzV5UTz9pump""}",18
0xd6175692026bcd7cb12a515e39cf0256ef35cb86_ethereum,BONZI,Bonzi,bonzi,0xd6175692026bcd7cb12a515e39cf0256ef35cb86_ethereumcvp.png,1000000000,"{""ethereum"":""0xd6175692026bcd7cb12a515e39cf0256ef35cb86""}",18
7uCHQdxAz2ojRgEpXRHas1nJAeTTo9b7JWNgpXXi9D9p_solana,CATF,The Blinking AI Cat - Catfather,the-blinking-ai-cat-catfather,7uCHQdxAz2ojRgEpXRHas1nJAeTTo9b7JWNgpXXi9D9p_solanaldK.png,987065493,"{""solana"":""7uCHQdxAz2ojRgEpXRHas1nJAeTTo9b7JWNgpXXi9D9p""}",18
williams-rstock,RWMB,Williams Tokenized Stock (Reality),williams-rstock,williams-rstockmCJ.png,194.907,"{""arbitrum-one"":""0x32729b3f31e84d261e146fc0ab0b320e63d2f7b1"",""morph-l2"":""0x5895047feca93c193e1c3c0e9c219a8253bc390b""}",18
sag3-ai-by-virtuals,SAG3,SAG3.ai by Virtuals,sag3-ai-by-virtuals,sag3-ai-by-virtualsZq2.png,999960274,"{""solana"":""Gx5dX1pM5aCQn8wtXEmEHSUia3W57Jq7qdu7kKsHvirt""}",18
FFgfStKwuF3DSxEeogA69FNkPrkb7XDA5Tw29TBEpump_solana,$GNZ,gAInzy,gainzy,FFgfStKwuF3DSxEeogA69FNkPrkb7XDA5Tw29TBEpump_solanavsz.png,999349159,"{""solana"":""FFgfStKwuF3DSxEeogA69FNkPrkb7XDA5Tw29TBEpump""}",18
3ooAahNToKYqPicvJ2npU6uyWvoqJEhHptq6wBC6pump_solana,NONG YAN,น้องยาน (Nong Yan),nong-yan,nong-yanYXD.png,999839412,"{""solana"":""3ooAahNToKYqPicvJ2npU6uyWvoqJEhHptq6wBC6pump""}",18
bloodloop,$BLS,BloodLoop,bloodloop,bloodloopYnX.png,350000000,"{""avalanche"":""0x46b9144771cb3195d66e4eda643a7493fadcaf9d""}",18
babycate,BABYCATE,BabyCate,babycate,babycatesnW.png,690000000000,"{""binance_smart"":""0x76b560b628f74bf192be09f0449abef8e456be79""}",18
5jFJCvNgg8ytGWBygoquaUC6bMZyr7C5jmGHECBzrxR5_solana,DVINCI,Davinci Jeremie,davinci-jeremie,5jFJCvNgg8ytGWBygoquaUC6bMZyr7C5jmGHECBzrxR5_solanaory.png,999918881,"{""solana"":""5jFJCvNgg8ytGWBygoquaUC6bMZyr7C5jmGHECBzrxR5""}",18
liora,LIORA,Liora,liora,liorabKO.png,1000000000,"{""tron"":""TW8617uDAUBe3mGeGZo5mkaV8RhN6YfozN""}",18
SUhzKcEZdShM9ifMb7kDKwAdjy6R9MogwG4fWiZtime_solana,MERT,mert's minutes,mert-s-minutes,SUhzKcEZdShM9ifMb7kDKwAdjy6R9MogwG4fWiZtime_solanacLE.png,97111,"{""solana"":""SUhzKcEZdShM9ifMb7kDKwAdjy6R9MogwG4fWiZtime""}",18
0x6668d4a6605a27e5ee51eda040581155eddc6666_base,WMSTER,White Monster,white-monster,white-monsterabZ.png,799975411738,"{""base"":""0x6668d4a6605a27e5ee51eda040581155eddc6666""}",18
teradyne-inc-robinhood-token,TER,"Teradyne, Inc. • Robinhood Token",teradyne-inc-robinhood-token,teradyne-inc-robinhood-tokenFyF.png,28.3937,"{""robinhood"":""0x2778c5024d5ca2cdb0f8ead671ffc69963adcd9c""}",18
EiVMQrvdDYK77eK6N6cyh5sGBe5Y1MQWVA7YaURVpump_solana,AINTI,AIntivirus,aintivirus,EiVMQrvdDYK77eK6N6cyh5sGBe5Y1MQWVA7YaURVpump_solanaF2s.png,999735375,"{""solana"":""EiVMQrvdDYK77eK6N6cyh5sGBe5Y1MQWVA7YaURVpump""}",18
0x1d547f9d0890ee5abfb49d7d53ca19df85da4444_binance_smart,B4,Build4,build4,0x1d547f9d0890ee5abfb49d7d53ca19df85da4444_binance_smartcZo.png,1000000000,"{""binance_smart"":""0x1d547f9d0890ee5abfb49d7d53ca19df85da4444""}",18
beefy-escrowed-sonic,BES,Beefy-escrowed Sonic,beefy-escrowed-sonic,beefy-escrowed-soniciYC.png,384088,"{""sonic"":""0x871a101dcf22fe4fe37be7b654098c801cba1c88""}",18
0xeda8db2f0f8f00f0aedd6fdd756402ed86cd002f_ethereum,OPM,OpMentis,opmentis,0xeda8db2f0f8f00f0aedd6fdd756402ed86cd002f_ethereumUsX.png,100000000,"{""ethereum"":""0xeda8db2f0f8f00f0aedd6fdd756402ed86cd002f""}",18
4vKEwZ2ZHmHFuQEE69emXV2Zq1EKeJYVCESsMqydpump_solana,SPERG,Bloomsperg Terminal,bloomsperg-terminal,4vKEwZ2ZHmHFuQEE69emXV2Zq1EKeJYVCESsMqydpump_solanatOg.png,1000000000,"{""solana"":""4vKEwZ2ZHmHFuQEE69emXV2Zq1EKeJYVCESsMqydpump""}",18
anchat,ANCHAT,AnChat,anchat,anchatwHk.png,906399797,"{""solana"":""EZGb7aaSbCHbE6DcfynezKRc9Bkzxs8stP97H6WEpump""}",18
0x8578a8716013c390b95db73065922f512783e2cf_ethereum,VIVEK,Head of D.O.G.E,head-of-d-o-g-e,0x8578a8716013c390b95db73065922f512783e2cf_ethereumXQb.png,10000000,"{""ethereum"":""0x8578a8716013c390b95db73065922f512783e2cf""}",18
coupang-ondo-tokenized-stocks,CPNGON,Coupang (Ondo Tokenized Stock),coupang-ondo-tokenized-stocks,coupang-ondo-tokenized-stockskBo.png,895.405,"{""ethereum"":""0xfa9f0bf8baa9a3d5e0a8e5c0aeaf186acabef63d"",""binance_smart"":""0x19904bc04c09e5d29ed216ddd105bdf103a0ba2d"",""solana"":""NKyzy31w2J7odLb2CW3Ft4fpKXkW3LBt1pvpkVLondo""}",18
ELdqGtj2MhejZzudGfz7b798si2Av5Asuw9ryEQSpump_solana,$SCARF,Dogwifscarf,dogwifscarf-2,ELdqGtj2MhejZzudGfz7b798si2Av5Asuw9ryEQSpump_solanauYz.png,999721278,"{""solana"":""ELdqGtj2MhejZzudGfz7b798si2Av5Asuw9ryEQSpump""}",18
statera,STA,Statera,statera,stateraNCG.png,78098811,"{""ethereum"":""0xa7de087329bfcda5639247f96140f9dabe3deed1"",""fantom"":""0x89d5e71e275b4be094df9551627bcf4e3b24ce22""}",18
0x1a475d06d967aeb686c98de80d079d72097aeacf_base,BRETT2.0,Brett 2.0,brett-2-0,brett-2-0ie5.png,975166547,"{""base"":""0x885129e35d247b01c4485ef6b48564d0ebc8c362""}",18
eggnuke,EGG,EggNuke,eggnuke,eggnukeCr2.png,464843195,"{""binance_smart"":""0xf2730645213c43d8affbb4deb9b4c1abc4e74444""}",18
sp-funds-dow-jones-global-sukuk-etf-dinari-tokenized-etf,SPSK,SP Funds Dow Jones Global Sukuk ETF (Dinari Tokenized ETF),sp-funds-dow-jones-global-sukuk-etf-dinari-tokenized-etf,sp-funds-dow-jones-global-sukuk-etf-dinari-tokenized-etf6Bw.png,703.6897,"{""ethereum"":""0x9c879a1c2021bd0594750c148f37176395be0b8f"",""base"":""0x9fd7bc3de3c1dd6041efbcbac43250da7b718a43"",""arbitrum-one"":""0xa213072a726062aca3c07839b7e531f101740c5c"",""avalanche"":""0x32b8db6e2b71a01c64d93cb7d3ed522ecba396af""}",18
32jSCpTYmLze3jj9ruqtLmPPBRtag9ud5YbsJwcfRcVM_solana,URS,Uranus,uranus-3,32jSCpTYmLze3jj9ruqtLmPPBRtag9ud5YbsJwcfRcVM_solanaShS.png,996326289,"{""solana"":""32jSCpTYmLze3jj9ruqtLmPPBRtag9ud5YbsJwcfRcVM""}",18
0xd2d576903f590c93050e695097b026dd3e9582b5_ethereum,SCAMMAN,Scam Altman,scam-altman-2,scam-altman-2FUy.png,1000000000,"{""ethereum"":""0xd2d576903f590c93050e695097b026dd3e9582b5""}",18
0x81f91fe59ee415735d59bd5be5cca91a0ea4fa69_base,FPEPE,Based Father Pepe,based-father-pepe,based-father-pepe0Rr.png,886437801,"{""base"":""0x81f91fe59ee415735d59bd5be5cca91a0ea4fa69""}",18
9wBNNCXg8pb4SZpTY868CEr74S25Qy1JmGHFwo9F37dC_solana,SUGAR,Sugar Bush the Squirrel,sugar-bush-the-squirrel,9wBNNCXg8pb4SZpTY868CEr74S25Qy1JmGHFwo9F37dC_solanaGKV.png,998388378,"{""solana"":""9wBNNCXg8pb4SZpTY868CEr74S25Qy1JmGHFwo9F37dC""}",18
algonfx,ALG,Algon Trade,algonfx,algonfx8R7.png,955396451,"{""solana"":""ATygpFdY1KUVn5YLB1CU6L9Xg5Z1FAY9qimtEae3wBLV""}",18
BBSAW49Sru7jiSajWVKTSWs39psrjjHbMMtWGWTJBAGS_solana,TERRA,Terraformation,terraformation,terraformationRqQ.png,982475944,"{""solana"":""BBSAW49Sru7jiSajWVKTSWs39psrjjHbMMtWGWTJBAGS""}",18
1-dollar-sol-coin,$1,$1,1-dollar-sol-coin,1-dollar-sol-coinu5q.png,999764581,"{""solana"":""4UTEFQjNMvfQF5NT8mVfXdMAKoL7hS7i9U4mMVAzpump""}",18
grin,GRIN,Grin,grin,Grin4eQnF.png,242349180,,
uranium-energy-rstock,RUEC,Uranium Energy Tokenized Stock (Reality),uranium-energy-rstock,uranium-energy-rstockunI.png,1427,"{""arbitrum-one"":""0xf7bd66faa048640252a13479aaf4729ce759a7e5"",""morph-l2"":""0x97de6638af13bc329c185bfe8a902f0b8a626cf7""}",18
wrapped-bouncebit,WBB,Wrapped BounceBit,wrapped-bouncebit,wrapped-bouncebit6jH.png,1094385,"{""bouncebit"":""0xf4c20e5004c6fdcdda920bdd491ba8c98a9c5863""}",18
marutaro-2,$MARU,Marutaro,marutaro-2,marutaro-2RHN.png,9698701631,"{""ethereum"":""0x7afd0d633e0a2b1db97506d97cadc880c894eca9""}",18
0x4122a43daecd13cfb2543ad339470fd87bc11111_x-layer,OKIE,OKIE,okie,okie8Ie.png,1000000000,"{""x-layer"":""0x4122a43daecd13cfb2543ad339470fd87bc11111""}",18
global-x-artificial-intelligence-technology-etf-ondo-tokenized,AIQON,Global X Artificial Intelligence & Technology ETF (Ondo Tokenized),global-x-artificial-intelligence-technology-etf-ondo-tokenized,global-x-artificial-intelligence-technology-etf-ondo-tokenized8rE.png,184.0039,"{""ethereum"":""0x2a5ae1bde731cb8732fd762073dd0bbe151360b9"",""binance_smart"":""0x333932f15e6e14f4a630163d3224548a721ddfa4"",""solana"":""uwh6Z6c2F8WZfUSK1A8VBfA9AwJKN5T2bvQwVFLondo""}",18
0x71b672323fe2c01f9807af59a788001e5b9aa5ed_robinhood,MUSE,MUSE,muse-3,muse-3O8B.png,918367347,"{""robinhood"":""0x71b672323fe2c01f9807af59a788001e5b9aa5ed""}",18
CdqUsAfihtKntBsXPrFaovYyr642zKmZmLxzwWQfsoar_solana,MIXOOR,Mixoor,mixoor,mixoorQiT.png,59999375,"{""solana"":""CdqUsAfihtKntBsXPrFaovYyr642zKmZmLxzwWQfsoar""}",18
DkmmVCUaBAcYjecqMdX7NdNQFCfb6uh1yQq9HEP8pump_solana,ANSEMIUS,Ansemius Bulleus,ansemius-bulleus,ansemius-bulleusc6I.png,999637059,"{""solana"":""DkmmVCUaBAcYjecqMdX7NdNQFCfb6uh1yQq9HEP8pump""}",18
a-new-internet-money-era,ANIME,A New Internet Money Era,a-new-internet-money-era,a-new-internet-money-eraqah.png,974248276,"{""solana"":""GRkAQsphKwc5PPMmi2bLT2aG9opmnHqJPN7spmjLpump""}",18
GNYLexaKyy7GHX8wiKVCmohNcuh6fvtrFkPsbVypump_solana,HOODRAT,hood rat,hood-rat,GNYLexaKyy7GHX8wiKVCmohNcuh6fvtrFkPsbVypump_solanac1r.png,999394507,"{""solana"":""GNYLexaKyy7GHX8wiKVCmohNcuh6fvtrFkPsbVypump""}",18
FgJReZeYfmKZeWrCaGYL8gLnUixwBhjdHuRknC6ypump_solana,DOGGO,Dancing Dog,dancing-dog-2,dancing-dog-2cL3.png,967998204,"{""solana"":""FgJReZeYfmKZeWrCaGYL8gLnUixwBhjdHuRknC6ypump""}",18
Gst1mHM4sqEgUeZVNLRaDhVZBKngsnpch4abiVyGpump_solana,CRAB,CRAB,crab,Gst1mHM4sqEgUeZVNLRaDhVZBKngsnpch4abiVyGpump_solanaI2U.png,999603637,"{""solana"":""Gst1mHM4sqEgUeZVNLRaDhVZBKngsnpch4abiVyGpump""}",18
6Z6qeAuA45G8RrxG7hjZVdPHn1rNHtedJy9WAXg9pump_solana,TILLY,Tilly,tilly,tillydeX.png,999521129,"{""solana"":""6Z6qeAuA45G8RrxG7hjZVdPHn1rNHtedJy9WAXg9pump""}",18
CFhgTUXw7of3PYdbw3YrPeE9EVzVGo435i8FEmd8dr6w_solana,CLOOTS,CryptoLoots,cryptoloots,cryptoloots1yl.png,984104507,"{""solana"":""CFhgTUXw7of3PYdbw3YrPeE9EVzVGo435i8FEmd8dr6w""}",18
HTPHknF5rBNCuZ1qK3muJA6Yo1HEhZj722oSESJnPBiw_solana,SOLALA,Solala,solala,solalaJbU.png,460957851,"{""solana"":""HTPHknF5rBNCuZ1qK3muJA6Yo1HEhZj722oSESJnPBiw""}",18
robodog,ASTRO,ROBODOG,robodog,robodogIwP.png,1000000000,"{""robinhood"":""0x145ea700b2f8b8414eb8f6dddcd022b6690aa50a""}",18
B2BsVuodH2eBGRnFckRYYW6yjur7Tn8cCxaSE2Xrnj5V_solana,BEE,Bee,bee,B2BsVuodH2eBGRnFckRYYW6yjur7Tn8cCxaSE2Xrnj5V_solanancP.png,999998351,"{""solana"":""B2BsVuodH2eBGRnFckRYYW6yjur7Tn8cCxaSE2Xrnj5V""}",18
0xc7f380530c789f61dff8b022874e5185076cc1fb_ethereum,GPECTRA,Pectra Giraffe,pectra-giraffe,0xc7f380530c789f61dff8b022874e5185076cc1fb_ethereum5Nm.png,420690000000,"{""ethereum"":""0xc7f380530c789f61dff8b022874e5185076cc1fb""}",18
Es4RvTdJNyJZ3iCDvQ2vnd1QhB49dWB8Pug4kbrNBAGS_solana,HOLD,HoldFlow,holdflow,holdflowVLf.png,1000000000,"{""solana"":""Es4RvTdJNyJZ3iCDvQ2vnd1QhB49dWB8Pug4kbrNBAGS""}",18
0x787b7b7117848c1f9fc79a8fa543202c231c1edb_base,CRYPTICPOET,crypticpoet,crypticpoet,crypticpoetEY1.png,1000000000,"{""base"":""0x787b7b7117848c1f9fc79a8fa543202c231c1edb""}",18
kittehcoin-3,MEOW,KittehCoin,kittehcoin-3,kittehcoin-32Pv.png,1000000000,"{""binance_smart"":""0xf4fb971d07776d3b9be8cb8be8e3ce18053d4444""}",18
home-depot-rstock,RHD,Home Depot Tokenized Stock (Reality),home-depot-rstock,home-depot-rstockIB0.png,53.3376,"{""arbitrum-one"":""0xc33aa9abdaadb74933d4d29c26d21e43992d6ba1"",""morph-l2"":""0x553f1e5bc687273de506bd8560e587f371919430""}",18
HibC3jm1oq2jVzMR2NSX7xdCNnsGLQ13yK8FEkmhpump_solana,BRUV,bruv,bruv-2,bruv-252k.png,998744003,"{""solana"":""HibC3jm1oq2jVzMR2NSX7xdCNnsGLQ13yK8FEkmhpump""}",18
HRwo5GY87abyVy5tzW3g1RtgjrnxUEtWfDL7ftpjpump_solana,ICM,Internet Capital Memes,internet-capital-memes,internet-capital-memesws8.png,990446491,"{""solana"":""HRwo5GY87abyVy5tzW3g1RtgjrnxUEtWfDL7ftpjpump""}",18
wrapped-aptos-universal,UAPT,Wrapped Aptos (Universal),wrapped-aptos-universal,wrapped-aptos-universal6iS.png,14989,"{""base"":""0x9c0e042d65a2e1ff31ac83f404e5cb79f452c337""}",18
4tnZ57E3oWjaZKSQY1iwgqiD8ivAGk5TambivhTYpump_solana,GMEBULL,The Gamestop Bull,the-gamestop-bull,the-gamestop-bull5aj.png,999631429,"{""solana"":""4tnZ57E3oWjaZKSQY1iwgqiD8ivAGk5TambivhTYpump""}",18
visionaire,VISIONAIRE,Visionaire,visionaire,visionaireycO.png,998569017,"{""solana"":""YBnTi7GSU2E8vwcoqVcKCRurFafbSRcNfG3kPFRWQuv""}",18
arca-os,ARCA,Arca OS,arca-os,arca-osDGg.png,904785785,"{""arc"":""0xcc5c8d46666f107a052538b9b1c1834d1e006911""}",18
GiRrLzdan5Gz31ngH4zgxk6ybYaryNVCSLdAJyn1pump_solana,SALARYCAT,Salary Cat,salary-cat,salary-cat5SS.png,965454822,"{""solana"":""GiRrLzdan5Gz31ngH4zgxk6ybYaryNVCSLdAJyn1pump""}",18
0x10ac13e54218470eed360d13a38c2bbafacb6167_base,POLLO,Pollo,pollo,0x10ac13e54218470eed360d13a38c2bbafacb6167_baseZof.png,1000000000,"{""base"":""0x10ac13e54218470eed360d13a38c2bbafacb6167""}",18
CXPLyc3EX8WySgEXLbjhuA7vy8EKQokVJYQuJm2jpump_solana,SENTAI,SENTAI,sentai-2,CXPLyc3EX8WySgEXLbjhuA7vy8EKQokVJYQuJm2jpump_solana0EK.png,999994169,"{""solana"":""CXPLyc3EX8WySgEXLbjhuA7vy8EKQokVJYQuJm2jpump"",""iotex"":""0xeaaf0e6be5b33ee472e93ac7c1fcc10f57186986""}",18
psyopcoin,PSYOP,PsyopCoin,psyopcoin,psyopcoinBRh.png,99959363227,"{""solana"":""EFkiR1hE91BkqbxA3YxvYuvDxXTTEMea3zQs8ndbyTQY""}",18
CwbpyHPZJ133hgWQvd1hZA4ZxjQu3mL7WRxEhmqQYkCB_solana,ONEZEROS,One & Zeros,one-zeros,CwbpyHPZJ133hgWQvd1hZA4ZxjQu3mL7WRxEhmqQYkCB_solanahDP.png,965499592,"{""solana"":""CwbpyHPZJ133hgWQvd1hZA4ZxjQu3mL7WRxEhmqQYkCB""}",18
shell-dinari-tokenized-stock,SHEL,Shell (Dinari Tokenized Stock),shell-dinari-tokenized-stock,shell-dinari-tokenized-stockB1c.png,125.546,"{""ethereum"":""0x3b08dc547cd35e84381823ced2c440b99fdecf82"",""base"":""0x1ab39ab68efb874327c48aec577df05a81392c20"",""arbitrum-one"":""0x4896872230338da3c44e50630a354983b4d32e26"",""avalanche"":""0x751d24d3b6657328623d88bc196efaf11ff1bb29""}",18
planz,Z,PLANZ,planz,planz8T6.png,100000000,"{""oasys"":""0xc683da627ff9fd56740c72a703528861c33d3b3a""}",18
9XkR8j3ygnygzAcQaURpyE9e5kDb1gqAbJZxAwzZpump_solana,FLOCKY,FLOCKY,flocky,9XkR8j3ygnygzAcQaURpyE9e5kDb1gqAbJZxAwzZpump_solanaur5.png,997671971,"{""solana"":""9XkR8j3ygnygzAcQaURpyE9e5kDb1gqAbJZxAwzZpump""}",18
aliens-3,ALIENS,aliens,aliens-3,aliens-3ecO.png,999429435,"{""solana"":""2bC3x29ZNtJDP4W2bw7H7WNeWxVTwCEG2T7GTq59RoCv""}",18
4LHBp4xYs3suKjkCuo1qaNaxufWd4Bdp6QYsBJZNpump_solana,SAMI,sami-openlife,sami-openlife,sami-openlifetkD.png,972417854,"{""solana"":""4LHBp4xYs3suKjkCuo1qaNaxufWd4Bdp6QYsBJZNpump""}",18
0xb48d34dd8b53324cb8525461c8e548522db885ec_robinhood,SLUICE,Sluice,sluice,sluicedLY.png,1000000000,"{""robinhood"":""0xb48d34dd8b53324cb8525461c8e548522db885ec""}",18
0x8d8f709357203b4933af3ac410cc521c5680611f_robinhood,MONEYDOG,Money Dog,money-dog,money-dogGqG.png,1000000000,"{""robinhood"":""0x8d8f709357203b4933af3ac410cc521c5680611f""}",18
FwzpNxnabjZvc8QCnV6qPEBKxqLxSyjobc5Etdgxpump_solana,ALR,ALRIS AGENT,alris-agent,FwzpNxnabjZvc8QCnV6qPEBKxqLxSyjobc5Etdgxpump_solanaG4q.png,998240435,"{""solana"":""FwzpNxnabjZvc8QCnV6qPEBKxqLxSyjobc5Etdgxpump""}",18
0xee2ddd7128c291b027712eca157b3ff31a55a05a_robinhood,PRIV,PrivatumRH,privatumrh,privatumrhuE3.png,1000000000,"{""robinhood"":""0xee2ddd7128c291b027712eca157b3ff31a55a05a""}",18
GZcVdxXSenrKgnkAKCj9Yp7ConTB4poGfBohFVpupump_solana,NOSEY,Nosey,nosey,GZcVdxXSenrKgnkAKCj9Yp7ConTB4poGfBohFVpupump_solanaxMX.png,998560865,"{""solana"":""GZcVdxXSenrKgnkAKCj9Yp7ConTB4poGfBohFVpupump""}",18
matrix-win,MATRIX,Matrix.Win,matrix-win,matrix-windDP.png,217643394,"{""ethereum"":""0xf2fc894381792ded27a7f08d9f0f246363cbe1ea""}",18
CuWmZpqoVgJQuo3YVQqR6zrV3eojQfXuRmuPtQUzpump_solana,SPURDO,Spurdo Spärde,spurdo-sparde-3,CuWmZpqoVgJQuo3YVQqR6zrV3eojQfXuRmuPtQUzpump_solanaGkM.png,999994566,"{""solana"":""CuWmZpqoVgJQuo3YVQqR6zrV3eojQfXuRmuPtQUzpump""}",18
hyve,HYVE,Hyve,hyve,1654783388123.png,100000000,"{""ethereum"":""0xd794dd1cada4cf79c9eebaab8327a1b0507ef7d4"",""binance_smart"":""0xf6565a97dc832d93dc83b75ee9aa5c7e8ecb0f9d"",""fantom"":""0x90b89e881961e1053aeaddba13217d56f747349a"",""polygon-pos"":""0x61aee582896064ecd5d85d66a32ddeb5574a699d""}",18
0x79349edd0b8e83ffaa1af2e6ba0c8ce87731c267_ethereum,WCD,WcDonalds,wcdonalds,wcdonaldsDuO.png,10000000000,"{""ethereum"":""0x79349edd0b8e83ffaa1af2e6ba0c8ce87731c267""}",18
0x09fd8577a5d4a7202d41aa3040f4247df4ea2d98_robinhood,FLAMINGO,Flamingo,flamingo,0x09fd8577a5d4a7202d41aa3040f4247df4ea2d98_robinhoodftd.png,1000000000,"{""robinhood"":""0x09fd8577a5d4a7202d41aa3040f4247df4ea2d98""}",18
HALHrqgt8WX3Zi6PjJEBBDiJWMbPxfGEBkjavoCQpump_solana,RMT,Remint,remint,HALHrqgt8WX3Zi6PjJEBBDiJWMbPxfGEBkjavoCQpump_solanaxMs.png,999549717,"{""solana"":""HALHrqgt8WX3Zi6PjJEBBDiJWMbPxfGEBkjavoCQpump""}",18
0x75570e1189ffc1d63b3417cdf0889f87cd3e9bd1_base,BUNNY,Based Bunny,based-bunny,based-bunnyHut.png,1000000000,"{""base"":""0x75570e1189ffc1d63b3417cdf0889f87cd3e9bd1""}",18
48TqCgU8zC2H5tWshNriY2bWHDULSTSvdgL4iP1Fpump_solana,HOLO,holo,holo,holowNK.png,997403682,"{""solana"":""48TqCgU8zC2H5tWshNriY2bWHDULSTSvdgL4iP1Fpump""}",18
rob-banks,BANKS,Rob Banks,rob-banks,rob-banksN2I.png,21000000000,"{""base"":""0x14b2f229097df3c92b43ea871860e3fae08d7f06""}",18
0xdddf7ab756c35b4d0537825497e6932780710241_robinhood,$GARRI,GARRI,garri,garrihTn.png,1000000000,"{""robinhood"":""0xdddf7ab756c35b4d0537825497e6932780710241""}",18
vsDLJBTQZTFcnvrosoA49Czqy9qZGu4tgjh768wpump_solana,BUILT,Built Different,built-different,vsDLJBTQZTFcnvrosoA49Czqy9qZGu4tgjh768wpump_solanaCiJ.png,997812493,"{""solana"":""vsDLJBTQZTFcnvrosoA49Czqy9qZGu4tgjh768wpump""}",18
HSznAnNhSFgyRWiZh4m7pBmtjHsSLi4Dbmjp18zppump_solana,GAYTES,Pill Gaytes,pill-gaytes,pill-gaytesB43.png,999547702,"{""solana"":""HSznAnNhSFgyRWiZh4m7pBmtjHsSLi4Dbmjp18zppump""}",18
VjMa3mzfBgCyKRTQHg8pSuZRKCvKF8zMqVXQMU3pump_solana,BST,Blue Signing Token,blue-signing-token,VjMa3mzfBgCyKRTQHg8pSuZRKCvKF8zMqVXQMU3pump_solana8Jm.png,997984255,"{""solana"":""VjMa3mzfBgCyKRTQHg8pSuZRKCvKF8zMqVXQMU3pump""}",18
koi,KOI,KOI,koi,koi3eQ.png,1000000000,"{""solana"":""6fdCC8xfrXNy6PmNaVcxdEY5XNCTAha2V54zYYnmBCey""}",18
scan,SCAN,SCAN,scan,scanVQx.png,1000000000,"{""base"":""0x20429f731096e359910921994a267d32ef576720""}",18
planktos,PLANK,Planktos,planktos,planktosEYI.png,1000000000,"{""solana"":""DVuaDuQdPZ6H49inC2Xoyx7BpLAAJTPPChSfHuGpy8X4""}",18
9DZvu8yahirm6NagRa7Cm484VbUwZYKRm3xvpMrbpump_solana,PUFF,No1 tiktok cat,no1-tiktok-cat,9DZvu8yahirm6NagRa7Cm484VbUwZYKRm3xvpMrbpump_solanazIB.png,997786290,"{""solana"":""9DZvu8yahirm6NagRa7Cm484VbUwZYKRm3xvpMrbpump""}",18
silverback,BACK,Silverback,silverback,silverbackIzN.png,1000000000,"{""base"":""0x558881c4959e9cf961a7e1815fcd6586906babd2""}",18
clover-health-investments-corp-robinhood-token,CLOV,"Clover Health Investments, Corp. • Robinhood Token",clover-health-investments-corp-robinhood-token,clover-health-investments-corp-robinhood-tokenGdJ.png,2773,"{""robinhood"":""0x62200915e7deab1ec7f79fb246dadbb80eacddd0""}",18
heropanda,HPDA,HeroPanda,heropanda,heropandalft.png,995075797,"{""solana"":""5bx4ttYasp3nRe51vytPgkdsTNveby2zTWTsd89epump""}",18
booking-holdings-rstock,RBKNG,Booking Tokenized Stock (Reality),booking-holdings-rstock,booking-holdings-rstock8V8.png,75.1226,"{""arbitrum-one"":""0x792f5c85256c02c0f95babc49794d670a9a66a57"",""morph-l2"":""0xd767012661c5c8a490ebc9696f36ae8ae9b4395e""}",18
0x7db552eeb6b77a6babe6e0a739b5382cd653cc3e_monad,GMONAD,GMONAD,gmonad-3,gmonad-3Fnn.png,100000000000,"{""monad"":""0x7db552eeb6b77a6babe6e0a739b5382cd653cc3e""}",18
Eqpvgps4py3nDkgvRnVGv7JsSwBF3oa3i1Zvaszqpump_solana,FUR,Furfication,furfication,Eqpvgps4py3nDkgvRnVGv7JsSwBF3oa3i1Zvaszqpump_solana4Vx.png,998184271,"{""solana"":""Eqpvgps4py3nDkgvRnVGv7JsSwBF3oa3i1Zvaszqpump""}",18
safix,SFX,SAFIX,safix,safixY4s.png,1000000000,"{""robinhood"":""0x0a574aae41da077713ba32aa05ca151c8759e2f6""}",18
GvRf47WPg9uaYcyXEs5UxHL2D39P7yTByBDrQcyMk5wg_solana,ZEUZ,Zeuz,zeuz,GvRf47WPg9uaYcyXEs5UxHL2D39P7yTByBDrQcyMk5wg_solanaNUz.png,1000000000,"{""solana"":""GvRf47WPg9uaYcyXEs5UxHL2D39P7yTByBDrQcyMk5wg""}",18
2MpjiarUbQnJaWbnypSaeoA3ks58Qv4YamXjtKBxbonk_solana,MONEY,Money Printer,money-printer,2MpjiarUbQnJaWbnypSaeoA3ks58Qv4YamXjtKBxbonk_solanaMqK.png,999500566,"{""solana"":""2MpjiarUbQnJaWbnypSaeoA3ks58Qv4YamXjtKBxbonk""}",18
good-games-guild,GGG,Good Games Guild,good-games-guild,good-games-guildNBm.png,100000000,"{""binance_smart"":""0xd8047afecb86e44eff3add991b9f063ed4ca716b""}",18
217dt9idH1Q9UXT8rjpknnyFggizXUVD2r5EZNjopump_solana,AICOIN,AICOIN,aicoin-4,aicoin-4Ymf.png,999737669,"{""solana"":""217dt9idH1Q9UXT8rjpknnyFggizXUVD2r5EZNjopump""}",18
pebu,PEBU,PEBU,pebu,pebuQHK.png,1000000000,"{""memecore"":""0xdccc87758ca93473bbbf0b7cd26b962d73d7dd4f""}",18
Gvu9p88rVTRTdzz2UzMYkKRobfTWDyBHJGH5G29boop_solana,FARM2,FARM2,farm2,Gvu9p88rVTRTdzz2UzMYkKRobfTWDyBHJGH5G29boop_solana8Ub.png,1000000000,"{""solana"":""Gvu9p88rVTRTdzz2UzMYkKRobfTWDyBHJGH5G29boop""}",18
0xcff4429d8a323dd6b64b79a4460bec6d531fcfa8_base,SAI,Saitoshi by Virtuals,saitoshi-by-virtuals,0xcff4429d8a323dd6b64b79a4460bec6d531fcfa8_basevR7.png,1000000000,"{""base"":""0xcff4429d8a323dd6b64b79a4460bec6d531fcfa8""}",18
celuvplay,CELB,CeluvPlay,celuvplay,celuvplayh99.png,5000000000,"{""binance_smart"":""0xda67fbf4e6fa4bb78f62533b7264e1b13295fdf3""}",18
0xba1cc6e3f1c5f937497e4e196196e7535e6a8e63_base,YMACH,YieldMachine by Virtuals,yieldmachine,0xba1cc6e3f1c5f937497e4e196196e7535e6a8e63_base74C.png,1000000000,"{""base"":""0xba1cc6e3f1c5f937497e4e196196e7535e6a8e63""}",18
code-sprout,SPROUT,Code Sprout,code-sprout,code-sproutXwc.png,1000000000,"{""binance_smart"":""0xa5facea9066644731e4fcfbf7532207ee41c4444""}",18
0x93893878af23f5c817fe338a6dc7858d5d608bf7_base,MAGNUS,Magnus Opus by Virtuals,magnus-opus-by-virtuals,0x93893878af23f5c817fe338a6dc7858d5d608bf7_baseh5P.png,1000000000,"{""base"":""0x93893878af23f5c817fe338a6dc7858d5d608bf7""}",18
ERPtViqckt1zqpS2abUx67CgLcP54CkhBPYz3yRUpump_solana,YEP,yepcat,yepcat,yepcatnMb.png,998926591,"{""solana"":""ERPtViqckt1zqpS2abUx67CgLcP54CkhBPYz3yRUpump""}",18
GgzJWhQWTpv2VHqvJnx5uEWQzNkfQSncDEWUdgQk4fvh_solana,JIN,JinPeng,jinpeng,GgzJWhQWTpv2VHqvJnx5uEWQzNkfQSncDEWUdgQk4fvh_solanaUB1.png,852560045,"{""solana"":""GgzJWhQWTpv2VHqvJnx5uEWQzNkfQSncDEWUdgQk4fvh""}",18
0xc7ab2c545aa6f0ce5571120f84a9abbc9f4736db_binance_smart,KEY,KEY,key-2,key-2Xzw.png,97000000,"{""binance_smart"":""0xc7ab2c545aa6f0ce5571120f84a9abbc9f4736db""}",18
EKgUxSq2ucFYwaoGfwz3sUpqDepky2vSfpr7jCEGpump_solana,COOPERINU,cooper inu,cooper-inu,cooper-inuqxD.png,245563974,"{""solana"":""EKgUxSq2ucFYwaoGfwz3sUpqDepky2vSfpr7jCEGpump""}",18
0xc654721fbf1f374fd9ffa3385bba2f4932a6af55_avalanche,JUICY,JUICY,juicy,0xc654721fbf1f374fd9ffa3385bba2f4932a6af55_avalancheE4C.png,1000000000,"{""avalanche"":""0xc654721fbf1f374fd9ffa3385bba2f4932a6af55""}",18
9s96G11xGsHczudfJqKQzQxzvubQgJXSySJ1wRgxpump_solana,BTCBANK,Bitcoin Bank,bitcoin-bank,bitcoin-banku1G.png,999876725,"{""solana"":""9s96G11xGsHczudfJqKQzQxzvubQgJXSySJ1wRgxpump""}",18
B37KG7jHv1TkhJwe9xTuLuQyzTXvgQjAmBaxLeCrpump_solana,AISCII,AISCII,aiscii,aiscii2Rt.png,1000000000,"{""solana"":""B37KG7jHv1TkhJwe9xTuLuQyzTXvgQjAmBaxLeCrpump""}",18
nest-institutional-vault,NINSTO,Nest Institutional Vault,nest-institutional-vault,nest-institutional-vaultuDZ.png,11598,"{""ethereum"":""0xbfc5770631641719cd1cf809d8325b146aed19de"",""plume-network"":""0xbfc5770631641719cd1cf809d8325b146aed19de""}",18
0x436b0fe70c84402a531fd0989ceecf5caa80244c_base,VCTRAI,Victorai by Virtuals,victorai-by-virtuals,0x436b0fe70c84402a531fd0989ceecf5caa80244c_baseTHQ.png,1000000000,"{""base"":""0x436b0fe70c84402a531fd0989ceecf5caa80244c""}",18
EQDwn0ybVxffrio20TST41lvRurPPPfrYH_djGxAExlL7XD0_the-open-network,MAXIMUS,Maximus,maximus-2,maximus-2O6t.png,1000000000,"{""the-open-network"":""EQDwn0ybVxffrio20TST41lvRurPPPfrYH_djGxAExlL7XD0""}",18
3dCCbYca3jSgRdDiMEeV5e3YKNzsZAp3ZVfzUsbb4be4_solana,BUTT,Buttercat,buttercat,3dCCbYca3jSgRdDiMEeV5e3YKNzsZAp3ZVfzUsbb4be4_solana0gq.png,999995159,"{""solana"":""3dCCbYca3jSgRdDiMEeV5e3YKNzsZAp3ZVfzUsbb4be4""}",18
E9SmMCvtLfitMwkLzkduwgN8ZYcfepiELLQ8d1SApump_solana,E=MC²,Exponential Marketcap,exponential-marketcap,exponential-marketcapafW.png,999503500,"{""solana"":""E9SmMCvtLfitMwkLzkduwgN8ZYcfepiELLQ8d1SApump""}",18
EfqR6H3knDCgYq7QLtwjRAC5wPzustQvkzNTAMzUvirt_solana,NYX,Nyx by Virtuals,nyx-by-virtuals,EfqR6H3knDCgYq7QLtwjRAC5wPzustQvkzNTAMzUvirt_solanaVeC.png,999989685,"{""solana"":""EfqR6H3knDCgYq7QLtwjRAC5wPzustQvkzNTAMzUvirt""}",18
0x0d11e308e40c15e1181aed4f4bbfc4744e9deeed_robinhood,PYRE,PYRE,pyre,0x0d11e308e40c15e1181aed4f4bbfc4744e9deeed_robinhoodEIk.png,960855011,"{""robinhood"":""0x0d11e308e40c15e1181aed4f4bbfc4744e9deeed""}",18
thales-ai,THALES,Thales AI,thales-ai,thales-aicMx.png,999557160,"{""solana"":""7yn2PRbB96TgcCkkMK4zD6vvMth6Co5B5Nma6XvPpump""}",18
0x54ea4f36dff50a75658087a141464d2c44b8837f_binance_smart,CORGI,Corgi Inu,corgi-inu-2,corgi-inu-2Rji.png,1000000000,"{""binance_smart"":""0x54ea4f36dff50a75658087a141464d2c44b8837f""}",18
0xaec613188b1e178d42a05d352044d54854c3196a_ethereum,DESCI,SUI Desci Agents,sui-desci-agents,sui-desci-agents2XV.png,1000000000,"{""ethereum"":""0xaec613188b1e178d42a05d352044d54854c3196a""}",18
hashlink,HLINK,Hashlink,hashlink,hashlinkaNF.png,100000000000,"{""base"":""0x870ca00dbb2789f37ef684d6de4f7bb9a6b3cb07""}",18
RoAFTaaY51FvFTiEaiVYbg8bjFnGkBMzEor85JwVibe_solana,ROAF,Russian Oil Asset Fund,russian-oil-asset-fund,russian-oil-asset-fundou9.png,999999869,"{""solana"":""RoAFTaaY51FvFTiEaiVYbg8bjFnGkBMzEor85JwVibe""}",18
GP7m3USdHDSrNoUzsZqZTboKaJiabFQShzgV2RkFnZyh_solana,FSJAL,fsjal,fsjal,fsjalFIa.png,1000000000,"{""solana"":""GP7m3USdHDSrNoUzsZqZTboKaJiabFQShzgV2RkFnZyh""}",18
tidal-finance,TIDAL,Tidal Finance,tidal-finance,tidal-finance7FB.png,19838000001,"{""ethereum"":""0x29cbd0510eec0327992cd6006e63f9fa8e7f33b7"",""polygon-pos"":""0xb41ec2c036f8a42da384dde6ada79884f8b84b26""}",18
3krWsXrweUbpsDJ9NKiwzNJSxLQKdPJNGzeEU5MZKkrb_solana,DLORD,DORK LORD COIN,dork-lord-coin,dork-lord-coineas.png,999998521,"{""solana"":""3krWsXrweUbpsDJ9NKiwzNJSxLQKdPJNGzeEU5MZKkrb""}",18
ishares-russell-2000-etf-rstock,RIWM,iShares Russell 2000 ETF Tokenized Stock (Reality),ishares-russell-2000-etf-rstock,ishares-russell-2000-etf-rstockKiB.png,41.7329,"{""arbitrum-one"":""0xbd6af2ae887ecd0c81dc20362230cf02839764ae"",""morph-l2"":""0x60c1ba209ffdad648015077acd4c28e9fc7f8c66""}",18
don-pepex,PEPEX,Don PepeX,don-pepex,don-pepexhUz.png,1000000000,"{""base"":""0xe031b0cd88ca5d41d13db188e4bfc6c0cfa3e5a2""}",18
0x25e879aabbd1f29002b0ec5e46e2e47dbbe74444_binance_smart,鼠鼠我啊,鼠鼠我啊,shushuwoa,0x25e879aabbd1f29002b0ec5e46e2e47dbbe74444_binance_smart8pk.png,1000000000,"{""binance_smart"":""0x25e879aabbd1f29002b0ec5e46e2e47dbbe74444""}",18
johnson-johnson-dinari-tokenized-stock,JNJ,Johnson & Johnson (Dinari Tokenized Stock),johnson-johnson-dinari-tokenized-stock,johnson-johnson-dinari-tokenized-stockrcW.png,45.8853,"{""ethereum"":""0x97e4db79d2924f1c5ce2a821e7d5b111f9925e70"",""base"":""0xab754c3998ba88e789329f250d90ea35fc87aea6"",""arbitrum-one"":""0x50e2b96f958133cbda56d1a62d156e812fe97828"",""avalanche"":""0x6e60710690274a39cd53c0b1591a56e4dbdb9285""}",18
9fEXUmPnDJYAXpoZ9nWi1gQZPwzVKdf8g9fYXW6Epump_solana,TUKI,tuki,tuki,9fEXUmPnDJYAXpoZ9nWi1gQZPwzVKdf8g9fYXW6Epump_solanakl4.png,997786720,"{""solana"":""9fEXUmPnDJYAXpoZ9nWi1gQZPwzVKdf8g9fYXW6Epump""}",18
EecSMXvvhszENGs7SAWMejLgBHBAhCvkMDWY88JR7hog_solana,BANNED,BANNED,banned,EecSMXvvhszENGs7SAWMejLgBHBAhCvkMDWY88JR7hog_solanaCxQ.png,999587508,"{""solana"":""EecSMXvvhszENGs7SAWMejLgBHBAhCvkMDWY88JR7hog""}",18
2N9BXbRtyZM4YHzj9wvteW1Nuq6B5DzDwh57dDmZpump_solana,PAIN,Max Pain,max-pain,max-painSmS.png,999654788,"{""solana"":""2N9BXbRtyZM4YHzj9wvteW1Nuq6B5DzDwh57dDmZpump""}",18
0x45d89b2f5ef959a1bff96668b9ccce1e13ff4444_binance_smart,光源,光源 (Light Source),light-source,0x45d89b2f5ef959a1bff96668b9ccce1e13ff4444_binance_smartAh6.png,1000000000,"{""binance_smart"":""0x45d89b2f5ef959a1bff96668b9ccce1e13ff4444""}",18
FF4dN8Qy8NNF88HRgMA3TkbRVZ8PTXWXZCZJb59X3Sbg_solana,CAN,Canwifhat,canwifhat,canwifhatXUx.png,100000000,"{""solana"":""FF4dN8Qy8NNF88HRgMA3TkbRVZ8PTXWXZCZJb59X3Sbg""}",18
6qBR7sk15ZVdt1vx6j1JgtkuurK8WrapugFptWQCyzL6_solana,PYGOSCELIS,Pygoscelis kerguelensis,pygoscelis-kerguelensis,pygoscelis-kerguelensisLdB.png,965689570,"{""solana"":""6qBR7sk15ZVdt1vx6j1JgtkuurK8WrapugFptWQCyzL6""}",18
0xad913dcd987fe54ce823e4b755f90598cd62bb15_ethereum,MFERS,MFERS,mfers,mfersp8K.png,100000000,"{""ethereum"":""0xad913dcd987fe54ce823e4b755f90598cd62bb15""}",18
ishares-1-3-year-treasury-bond-etf-robinhood-token,SHY,iShares 1-3 Year Treasury Bond ETF • Robinhood Token,ishares-1-3-year-treasury-bond-etf-robinhood-token,ishares-1-3-year-treasury-bond-etf-robinhood-tokenr0A.png,141.777,"{""robinhood"":""0xbe274710bf3d9567e1b290ef6a5f9f90ca016fd8""}",18
AaRLHCvt6G8e3dbxLvN6BQi2S34Lvv3eeBjKNzc2QZB9_solana,PREDIC,PredicTools,predictools,predictoolssyn.png,999581631,"{""solana"":""AaRLHCvt6G8e3dbxLvN6BQi2S34Lvv3eeBjKNzc2QZB9""}",18
BAGWtYQm6kei9M9hoVcY3pqXxeiGZ1poGoq51io5mJS6_solana,POB,Proof Of Bagwork,proof-of-bagwork,proof-of-bagworklLI.png,999640772,"{""solana"":""BAGWtYQm6kei9M9hoVcY3pqXxeiGZ1poGoq51io5mJS6""}",18
0xdbe9a8897f73ee91fc2e1e27f9b50a72f9fe5a43_robinhood,VLAD,CAPTAIN ROBINHOOD,captain-robinhood,captain-robinhoodIqk.png,1000000000,"{""robinhood"":""0xdbe9a8897f73ee91fc2e1e27f9b50a72f9fe5a43""}",18
0xe215f9575e2fafff8d0d3f9c6866ac656bd25bd9_binance_smart,DUCKY,Ducky,ducky-2,0xe215f9575e2fafff8d0d3f9c6866ac656bd25bd9_binance_smartCe0.png,1000000000,"{""binance_smart"":""0xe215f9575e2fafff8d0d3f9c6866ac656bd25bd9""}",18
ninja-protocol,NINJA,Ninja Protocol,ninja-protocol,ninja-protocolwlE.png,19996500,"{""solana"":""FgX1WD9WzMU3yLwXaFSarPfkgzjLb2DZCqmkx9ExpuvJ""}",18
0xbb87dc5daac59d6e11ea2461ca69543f4b844444_binance_smart,KORICO,Korico,korico-2,korico-2JGe.png,993134377,"{""binance_smart"":""0xbb87dc5daac59d6e11ea2461ca69543f4b844444""}",18
pepons,PEPONS,Pepons,pepons,peponsE1h.png,1000000000,"{""robinhood"":""0x851babfe94e3ffa5a6d9c3c0dd9f27b7bf0175f6""}",18
pigeon-tech,GOVAI,Pigeon Tech [OLD],pigeon-tech,pigeon-tech5Jp.png,999834275,"{""solana"":""4kHu4VktgzpZW9i8LEsHZrNLJcTV98nGhyZE5JSEpump""}",18
vecno,VE,Vecno,vecno,vecnoE6l.png,50005783,,
9v9gJt4EymZh9iHLpGGGgX5eXQFMsmg7GKR9Z2xfVeix_solana,FUUU,FUUUUUUUUUUUUUU,fuuuuuuuuuuuuuu,9v9gJt4EymZh9iHLpGGGgX5eXQFMsmg7GKR9Z2xfVeix_solanavMU.png,941690164,"{""solana"":""9v9gJt4EymZh9iHLpGGGgX5eXQFMsmg7GKR9Z2xfVeix""}",18
0x9462bb84993c606a9d70758d655f30f96d304444_binance_smart,WUWEI,無為 (Wu Wei),wu-wei,0x9462bb84993c606a9d70758d655f30f96d304444_binance_smartjlV.png,1000000000,"{""binance_smart"":""0x9462bb84993c606a9d70758d655f30f96d304444""}",18
0xb2000000000000000000001b0d6290f211117201_base,BLUECHIP,BLUECHIP,bluechip-2,bluechip-2rcV.png,1000000000,"{""base"":""0xb2000000000000000000001b0d6290f211117201""}",18
0xce90c0cca5659b7852eb176ff55ef85b732f4444_binance_smart,BULL,BULL,bull-4,0xce90c0cca5659b7852eb176ff55ef85b732f4444_binance_smartxc1.png,1000000000,"{""binance_smart"":""0xce90c0cca5659b7852eb176ff55ef85b732f4444""}",18
the-great-white,GREATWHITE,The Great White,the-great-white,the-great-whiteb2Y.png,999731213,"{""solana"":""AkgVdEH24cWSdzTf735SWESjsz4Y13m1u6AZcEmfpump""}",18
grok-inu,GROKINU,Grok Inu,grok-inu,grok-inuzN7.png,0,"{""binance_smart"":""0xd08b9e557d1f64c8dd50a168453ea302a83e47fc""}",18
yupfun-token,YUPFUN,YUPFUN Token,yupfun-token,yupfun-tokeniGw.png,999670599,"{""solana"":""4cp9JPLZBEAvw6KQbfxnQEEVHVd7wne1gD8FEZKupump""}",18
0xedc62851ef24928d934024f69bb073a305090663_robinhood,IMAGINE,Imagine,imagine-3,imagine-3M6u.png,1000000000,"{""robinhood"":""0xedc62851ef24928d934024f69bb073a305090663""}",18
E7ENfG7EA1oGAtgZiaL8YL3THoSwu72LbsYmpN6n5ZXw_solana,CRAZYPEPE,CrazyPepe,crazypepe-2,crazypepe-2ywV.png,420690000000000,"{""solana"":""E7ENfG7EA1oGAtgZiaL8YL3THoSwu72LbsYmpN6n5ZXw""}",18
BQpGv6LVWG1JRm1NdjerNSFdChMdAULJr3x9t2Swpump_solana,FOMO3D.FUN,FOMO 3D,fomo-3d,BQpGv6LVWG1JRm1NdjerNSFdChMdAULJr3x9t2Swpump_solanaZ5p.png,990566094,"{""solana"":""BQpGv6LVWG1JRm1NdjerNSFdChMdAULJr3x9t2Swpump""}",18
D3QiRT12vKBpj87h99ufQFz4mCpbPC7JVy1U6NRKpump_solana,PLANKTON,plankton,plankton-2,D3QiRT12vKBpj87h99ufQFz4mCpbPC7JVy1U6NRKpump_solanapkc.png,998101187,"{""solana"":""D3QiRT12vKBpj87h99ufQFz4mCpbPC7JVy1U6NRKpump""}",18
3QrGcwFSKXiKetD5ixzZa7H4zHPuTg8grrH7s5Mzpump_solana,WHALEGURU,The Whale Guru,the-whale-guru,the-whale-guruqcQ.png,999261822,"{""solana"":""3QrGcwFSKXiKetD5ixzZa7H4zHPuTg8grrH7s5Mzpump""}",18
4mWTS6KztDEoMu2uqsnbgbeGRh6chjq7Fbpmbr1Ypump_solana,TOPLESS,Topless,topless,topless9OI.png,998364281,"{""solana"":""4mWTS6KztDEoMu2uqsnbgbeGRh6chjq7Fbpmbr1Ypump""}",18
leia,LEIA,Leia,leia,leiado9.png,999911368,"{""solana"":""9EPYaNqzJLSPSFH9aKSxn2EaJoxHS1oqt7pVBR3yivt""}",18
palantir-technologies-dinari-tokenized-stock,PLTR,Palantir Technologies (Dinari Tokenized Stock),palantir-technologies-dinari-tokenized-stock,palantir-technologies-dinari-tokenized-stockh3B.png,60.6575,"{""ethereum"":""0xa5a5710877caa36587f458af803e7312bb7ae934"",""base"":""0x4439039df7b1215a5fecc54beda747b5c0048fdb"",""arbitrum-one"":""0x157187a8e2215bb2ef86d38c17ebb3286b5ba53d"",""avalanche"":""0x9662bfbae559e6b959fd02064c0eadef0d330737""}",18
FabjHjc1druUQoHVtudpNiCpnf73rtLzMkRM1b5NSbb6_solana,D/ACC,D/ACC,d-acc-2,FabjHjc1druUQoHVtudpNiCpnf73rtLzMkRM1b5NSbb6_solanazFX.png,99809404,"{""solana"":""FabjHjc1druUQoHVtudpNiCpnf73rtLzMkRM1b5NSbb6""}",18
72h2cpj8YU7aUJW3NFMjxfqGTh6hXnUrovMC4gKqyFPM_solana,SONIC,Sonic Solana,sonic-solana,72h2cpj8YU7aUJW3NFMjxfqGTh6hXnUrovMC4gKqyFPM_solanarLF.png,999965031,"{""solana"":""72h2cpj8YU7aUJW3NFMjxfqGTh6hXnUrovMC4gKqyFPM""}",18
6veQU7HDdXV5DC2Eqhnri5q71gkMzG73qKkSSudnpump_solana,DUST,Never Sell Your Dust,never-sell-your-dust,never-sell-your-dusthAF.png,998095896,"{""solana"":""6veQU7HDdXV5DC2Eqhnri5q71gkMzG73qKkSSudnpump""}",18
gaelium,GAEL,Gaelium,gaelium,gaeliumrjR.png,85964000,,
GJqCjtgEwqdFWVRsDs8JXKFoTeRVZeHs1RL4ccvrpump_solana,OILINU,oil inu,oil-inu,oil-inubwj.png,999050450,"{""solana"":""GJqCjtgEwqdFWVRsDs8JXKFoTeRVZeHs1RL4ccvrpump""}",18
DE8NNksD5m3Kd4ohJAzTwJHLss9zbXdNUegEoL4QxD4C_solana,DUCKY,DuckyDuck,duckyduck,DE8NNksD5m3Kd4ohJAzTwJHLss9zbXdNUegEoL4QxD4C_solanaGjb.png,199691142,"{""solana"":""DE8NNksD5m3Kd4ohJAzTwJHLss9zbXdNUegEoL4QxD4C""}",18
reisa,REISA,Reisa,reisa,reisaUvD.png,970692467,"{""robinhood"":""0xa856a5edaf82e4e310499d73bad2cc67dd672372""}",18
pizza-gram,PIZZA,Pizza Gram,pizza-gram,pizza-grammdS.png,6000,"{""the-open-network"":""EQDoqIKkOevVZukmf1L8nGhcjlha4sfvgl8GIRpTj_b53HyR""}",18
PD11M8MB8qQUAiWzyEK4JwfS8rt7Set6av6a5JYpump_solana,AICRYNODE,AI Crystal Node,ai-crystal-node,PD11M8MB8qQUAiWzyEK4JwfS8rt7Set6av6a5JYpump_solanajdt.png,998611964,"{""solana"":""PD11M8MB8qQUAiWzyEK4JwfS8rt7Set6av6a5JYpump""}",18
9yBr75m6TBZzQqHeh1ztfv454pmqAiAvHUHdpPQcpump_solana,LONGAI,Longevity AI,longevity-ai,9yBr75m6TBZzQqHeh1ztfv454pmqAiAvHUHdpPQcpump_solanah7x.png,877657943,"{""solana"":""9yBr75m6TBZzQqHeh1ztfv454pmqAiAvHUHdpPQcpump""}",18
7uJrMsDN2Wxdc3VAq1iK9N5AHaTA7wUpbm1wqRonpump_solana,$BETH,Beth,beth,7uJrMsDN2Wxdc3VAq1iK9N5AHaTA7wUpbm1wqRonpump_solanax0F.png,989554808,"{""solana"":""7uJrMsDN2Wxdc3VAq1iK9N5AHaTA7wUpbm1wqRonpump""}",18
0x78525f54e46d2821ec59bfae27201058881b4444_binance_smart,BULLS,Bulls,bulls-3,bulls-3Q78.png,1000000000,"{""binance_smart"":""0x78525f54e46d2821ec59bfae27201058881b4444""}",18
F9mWjEo9y7KqreRTb1pUL7UZHQXLfoUJpy431jx9imR3_solana,SANTAPEPE,Santa Pepe,santa-pepe,F9mWjEo9y7KqreRTb1pUL7UZHQXLfoUJpy431jx9imR3_solanaZG7.png,988995765,"{""solana"":""F9mWjEo9y7KqreRTb1pUL7UZHQXLfoUJpy431jx9imR3""}",18
5qmL9rCSfZ7pBYAsaoeG8SP76ZELeRCK8XtMmYZvpump_solana,WIBWOB,WibWob,wibwob,5qmL9rCSfZ7pBYAsaoeG8SP76ZELeRCK8XtMmYZvpump_solanagpw.png,982285619,"{""solana"":""5qmL9rCSfZ7pBYAsaoeG8SP76ZELeRCK8XtMmYZvpump""}",18
Fo9wJVqWYXEgsG3UKekvK1R7YVewyUGodRfBrmjaBAGS_solana,CFX,Chain-Fox,chain-fox-2,Fo9wJVqWYXEgsG3UKekvK1R7YVewyUGodRfBrmjaBAGS_solanaEzm.png,999879944,"{""solana"":""Fo9wJVqWYXEgsG3UKekvK1R7YVewyUGodRfBrmjaBAGS""}",18
forky-2,FORKY,Forky,forky-2,forky-2Q95.png,1000000000,"{""binance_smart"":""0x3e2242cb2fc1465822a0bb81ca2fe1f633a45757""}",18
giga-cat,GCAT,Giga Cat,giga-cat,giga-catR9w.png,1000000000,"{""base"":""0xe4fc328ae212232efc5f5dd0e0b1537cd055d715""}",18
0x4b61e2f1bbdee6d746209a693156952936f1702c_base,LAMBOW,Based Lambow,based-lambow,based-lambowUmS.png,1000000000,"{""base"":""0x4b61e2f1bbdee6d746209a693156952936f1702c"",""abstract"":""0xab38dbeac4554ede9e8c1bbdaa0b40a487b1cef1""}",18
0x1c2a482970ae6b6e5052a7a184c8aef19e0840be_robinhood,AMD,Advanced Micro Dog,advanced-micro-dog,0x1c2a482970ae6b6e5052a7a184c8aef19e0840be_robinhoodMc0.png,1000000000,"{""robinhood"":""0x1c2a482970ae6b6e5052a7a184c8aef19e0840be""}",18
boeing-rstock,RBA,Boeing Tokenized Stock (Reality),boeing-rstock,boeing-rstockrTy.png,59.5144,"{""arbitrum-one"":""0xda7ff55652a2583ec7656a45d3235870bd34efa6"",""morph-l2"":""0xb210df0e7dfbdebaaefb351a5fa34e8f8b8984c0""}",18
EArkn8uVf8YLfpF2eCdkCvDaPYpQuJzKXxaCnyxXc2P7_solana,SMURF,Real Smurf Cat-шайлушай,real-smurf-cat-2,real-smurf-cat-2Kyn.png,1000000000,"{""solana"":""EArkn8uVf8YLfpF2eCdkCvDaPYpQuJzKXxaCnyxXc2P7""}",18
pepe-king-prawn,PEPE,Pepe King Prawn,pepe-king-prawn,pepe-king-prawnHin.png,100000000,"{""ethereum"":""0x51a59a02ba906194285e81eb1f98ffa28e7cf4c9""}",18
ton-dog,TDOG,TON DOG,ton-dog,ton-dog9x2.png,994638354,"{""the-open-network"":""EQD4XTXWJewuNtnhKGTkZaP0wsLvQyNgkVXcPLW5zPTQdykb""}",18
palo-alto-networks-inc-robinhood-token,PANW,"Palo Alto Networks, Inc. • Robinhood Token",palo-alto-networks-inc-robinhood-token,palo-alto-networks-inc-robinhood-tokenKwz.png,29.686,"{""robinhood"":""0xb039597ed45cba7b6e2fb9e8be51802969cee5be""}",18
spacex-st0x-tokenized-stock,WTSPCX,SpaceX (ST0x Tokenized Stock),spacex-st0x-tokenized-stock,spacex-st0x-tokenized-stockHcd.png,73.263,"{""base"":""0x19f89aaef8a93f38a974beca9776f09ab844887f""}",18
4oERTdtSCns3Zrxv2HJ8fw6Y6rticaRcu8GVGTgXpump_solana,TASTECOIN,Tastecoin,tastecoin,tastecoinr9w.png,999751473,"{""solana"":""4oERTdtSCns3Zrxv2HJ8fw6Y6rticaRcu8GVGTgXpump""}",18
HcbsqQC3sn2LMwbjVafiEd8nJ2ATZHH2wXH4xqV2pump_solana,PEACE,Peace Frog,peace-frog-2,peace-frog-259M.png,999861200,"{""solana"":""HcbsqQC3sn2LMwbjVafiEd8nJ2ATZHH2wXH4xqV2pump""}",18
BgV8qdfkjCDLPuDwhDaJGpgJj5XeYJeKwhG7E2bkpump_solana,PAPERCLIPS,Paperclip AI,paperclip-ai,BgV8qdfkjCDLPuDwhDaJGpgJj5XeYJeKwhG7E2bkpump_solana9ev.png,951798321,"{""solana"":""BgV8qdfkjCDLPuDwhDaJGpgJj5XeYJeKwhG7E2bkpump""}",18
000-capital,000,000 Capital,000-capital,000-capitalcs3.png,1000000000,"{""solana"":""CVU6QRwpHz94UGyPFFehm1G1sFYRH7xDk9UhZ9RApump""}",18
6Gci64E133ZSQ8VCMrfWQb9ekVNAwHzRobqt4vkjbonk_solana,BAP,bapcat,bapcat,bapcat2Ng.png,419871878,"{""solana"":""6Gci64E133ZSQ8VCMrfWQb9ekVNAwHzRobqt4vkjbonk""}",18
reddit-dinari-tokenized-stock,RDDT,Reddit (Dinari Tokenized Stock),reddit-dinari-tokenized-stock,reddit-dinari-tokenized-stockUP8.png,78.7244,"{""ethereum"":""0xac20315350d7b59cbe846144f5eb8a6d1df1f5fc"",""base"":""0xa17c0e96c8b5e39b6fd670f01d7f021f66b930cd"",""arbitrum-one"":""0x97ec5dada8262bd922bffd54a93f5a11efe0b136"",""avalanche"":""0xcfd31115179878659849381bd8b9405849bdc865""}",18
0x48164ea5df090e80a0eaee1147e466ea28669221_base,MOB,Marvin On Base,marvin-on-base,marvin-on-basesLy.png,1500000000000,"{""base"":""0x7e72d6410803c40e73806f2a72e3eade5d075cc0""}",18
0x2ad3d80c917ddbf08acc04277f379e00e4d75395_base,COW,Cow,cow,0x2ad3d80c917ddbf08acc04277f379e00e4d75395_baseENl.png,974823810,"{""base"":""0x2ad3d80c917ddbf08acc04277f379e00e4d75395""}",18
lemonbob,LEMONBOB,lemonbob,lemonbob,lemonbobrV9.png,957418130,"{""solana"":""CF7JzBmY5sbGWbFw27Rfpja5BqpZVJ9pY1G4vXjJpump""}",18
mybit,MYB,MyBit,mybit,mybit-token6Ta.png,179998249,"{""ethereum"":""0x5d60d8d7ef6d37e16ebabc324de3be57f135e0bc""}",18
3Tf3RD5t45wQJF8uEYVXpR2M4wBiCaSNwUWENzVGpump_solana,MEOWPIN,Meowpin,meowpin,meowpinKnq.png,999864435,"{""solana"":""3Tf3RD5t45wQJF8uEYVXpR2M4wBiCaSNwUWENzVGpump""}",18
nora-brazil-real,BRS,Nora Brazilian Real Stablecoin,nora-brazil-real,nora-brazil-realC3C.png,60124,"{""ethereum"":""0x0000006238e3c7797ae71827da303560bae1b125"",""solana"":""BRSxQRUaGswjLs7ewcH7uXj3r7SgmfKSSLLXyCKHZtUo"",""base"":""0x0000006238e3c7797ae71827da303560bae1b125"",""polygon-pos"":""0x0000006238e3c7797ae71827da303560bae1b125""}",18
0xaa4b6a79df257e50e0079cd812a92262ee3951b0_robinhood,SUSHICAT,Sushi Cat,sushi-cat,0xaa4b6a79df257e50e0079cd812a92262ee3951b0_robinhoodZJp.png,1000000000,"{""robinhood"":""0xaa4b6a79df257e50e0079cd812a92262ee3951b0""}",18
BbiFLmfnbZPhm6hUCo78h5kAoAtwsXSHYjvDUHeNbonk_solana,SOMETHING,Believe In Something,believe-in-something-4,believe-in-something-4Pfg.png,999207822,"{""solana"":""BbiFLmfnbZPhm6hUCo78h5kAoAtwsXSHYjvDUHeNbonk""}",18
life-if,LIFE,Life If...,life-if,life-ifn4n.png,999482447,"{""solana"":""C4yDhKwkikpVGCQWD9BT2SJyHAtRFFnKPDM9Nyshpump""}",18
unitedhealth-rstock,RUNH,UnitedHealth Tokenized Stock (Reality),unitedhealth-rstock,unitedhealth-rstockR4G.png,48.8759,"{""arbitrum-one"":""0x52ae8a587889fb9450648e427d53766953b475ff"",""morph-l2"":""0x7f6e735701cc39ef9377b326a20e0959b2b18047""}",18
essentia,ESS,Essentia,essentia,Essentiaz7GK3.png,1755313373,"{""ethereum"":""0xfc05987bd2be489accf0f509e44b0145d68240f7""}",18
GAYCVRGZH2tHms1c5sCprE2JEbuz8tJ9ZxCNUX1cKwWR_solana,USA,Official USA Token,official-usa-token,GAYCVRGZH2tHms1c5sCprE2JEbuz8tJ9ZxCNUX1cKwWR_solanaTIG.png,19998736,"{""solana"":""GAYCVRGZH2tHms1c5sCprE2JEbuz8tJ9ZxCNUX1cKwWR""}",18
node3SHFNF7h6N9jbztfVcXrZcvAJdns1xAV8CbYFLG_solana,LIGMA,Ligma Node,ligma-node,ligma-nodeH0M.png,1000000000,"{""solana"":""node3SHFNF7h6N9jbztfVcXrZcvAJdns1xAV8CbYFLG""}",18
BUZFom1YPnAZVYSccbpddBmFYmHcS4Xtc3JQG5cFpump_solana,SOOTCASE,I like my sootcase,i-like-my-sootcase,BUZFom1YPnAZVYSccbpddBmFYmHcS4Xtc3JQG5cFpump_solanaIIy.png,1000000000,"{""solana"":""BUZFom1YPnAZVYSccbpddBmFYmHcS4Xtc3JQG5cFpump""}",18
tokyo-games-token,TGT,Tokyo Games Token,tokyo-games-token,tokyo-games-tokenn0k.png,1000000000,"{""immutable"":""0x0fa1d8ffa9b414abf0f47183e088bddc32e084f3"",""binance_smart"":""0x6c58e4a513d3a8062e57f41a1442e003af14ebb5""}",18
D3RjWyMW3uoobJPGUY4HHjFeAduCPCvRUDtWzZ1b2EpE_solana,SHELLRAISER,Shellraiser,shellraiser,shellraiser5Pe.png,1000000000,"{""solana"":""D3RjWyMW3uoobJPGUY4HHjFeAduCPCvRUDtWzZ1b2EpE""}",18
BiAQHYo5Y1umMRbuupdoksKuk6pVbQEHs8fJf8UYpump_solana,SASHA,Sasha,sasha,sashaqCv.png,962029116,"{""solana"":""BiAQHYo5Y1umMRbuupdoksKuk6pVbQEHs8fJf8UYpump""}",18
klef,KLEF,Klef,klef,klefuMP.png,999785422,"{""solana"":""9jVRLpzqYQBBhVejgtvCrBnivng62fjWrHxePh79pump""}",18
family-coin,FAMILY,Family coin,family-coin,family-coinpyJ.png,1000000000,"{""robinhood"":""0x40e836f547653691b74c0d68fff60befe36cb024""}",18
riddle-by-virtuals,RIDDLE,Riddle by Virtuals,riddle-by-virtuals,riddle-by-virtualsi5Z.png,1000000000,"{""base"":""0x05f1279957d62fc675399df1088f9c11c64c2b19""}",18
GdCN7rQA5egc8SU2Bc2kKB2kMwELneQZJVSt8gGBpump_solana,CAGE,The cage is all I know,the-cage-is-all-i-know,the-cage-is-all-i-knowcSD.png,981344997,"{""solana"":""GdCN7rQA5egc8SU2Bc2kKB2kMwELneQZJVSt8gGBpump""}",18
baby-cat,BABYCAT,Baby Cat,baby-cat,baby-catxzQ.png,0,"{""binance_smart"":""0x546d499689e0d4101c7ea774a61e312d1ad72352""}",18
0x749216618ac66ea41ee4cabf5229d83d74f04586_robinhood,FOOMS,fooms,fooms,fooms0Sf.png,967143759,"{""robinhood"":""0x749216618ac66ea41ee4cabf5229d83d74f04586""}",18
rino,RINO,Rino,rino,rinoTGP.png,420690000000000,"{""ethereum"":""0x616254b3c79639f89e756495ac687735b27b5e17""}",18
6PaVHw2HR6ybTvPMXkLcGUF2A6Hiy857k8PQXkTnpump_solana,PLEB,pleb,pleb-2,6PaVHw2HR6ybTvPMXkLcGUF2A6Hiy857k8PQXkTnpump_solana3iL.png,955054215,"{""solana"":""6PaVHw2HR6ybTvPMXkLcGUF2A6Hiy857k8PQXkTnpump""}",18
6d2Wze1KMUxQ28sFLrH9DKfgBXpUJSJYZaRbufucvBLV_solana,LOS,ANALOS,analos-2,6d2Wze1KMUxQ28sFLrH9DKfgBXpUJSJYZaRbufucvBLV_solanaLSI.png,994194818,"{""solana"":""6d2Wze1KMUxQ28sFLrH9DKfgBXpUJSJYZaRbufucvBLV""}",18
the-cult-of-yots,YOTS,The Cult of YOTS,the-cult-of-yots,the-cult-of-yotsDZf.png,999910459,"{""solana"":""3f9LEP4RNM1yq5VnCD1LYMvq7FZis5tfGqyZMsiRpump""}",18
sterling-infrastructure-inc-rstock,RSTRL,Sterling Infrastructure Tokenized Stock (Reality),sterling-infrastructure-inc-rstock,sterling-infrastructure-inc-rstockfrQ.png,22.182,"{""arbitrum-one"":""0xbff8f9a92213ec04e4124d0441a31686cbe3eb62""}",18
wCtiCRJz69a5Mqkk2nHmvQwBGQCrUvM8fELoFGqpump_solana,BILLBOARD,BILLBOARD,billboard,wCtiCRJz69a5Mqkk2nHmvQwBGQCrUvM8fELoFGqpump_solanaUW7.png,937445155,"{""solana"":""wCtiCRJz69a5Mqkk2nHmvQwBGQCrUvM8fELoFGqpump""}",18
0x38da67e7256e2eec878b6d83a6fb6a4564c98e2d_base,MANYU,Based Manyu,based-manyu,0x38da67e7256e2eec878b6d83a6fb6a4564c98e2d_basedsD.png,1000000000,"{""base"":""0x38da67e7256e2eec878b6d83a6fb6a4564c98e2d""}",18
JAB57kZjbmqcmaRtgmbeoeGtCjnotLowKGSCfgBMpump_solana,JASPER,Jasper,jasper,JAB57kZjbmqcmaRtgmbeoeGtCjnotLowKGSCfgBMpump_solana7I3.png,999574227,"{""solana"":""JAB57kZjbmqcmaRtgmbeoeGtCjnotLowKGSCfgBMpump""}",18
pjn,PJN,PJN,pjn,pjnvlo.png,999667847,"{""solana"":""AyCao1LJJKrabYw4ZRLtXTtUiWxE2M34Eqi4Xkx3pump""}",18
AX8b9A79uDBTKDQoWTzq3NaD1FN4JEDGKR2yTQGhcwjo_solana,PIPEIQ,PipeIQ,pipeiq,AX8b9A79uDBTKDQoWTzq3NaD1FN4JEDGKR2yTQGhcwjo_solanaF0U.png,999811277,"{""solana"":""AX8b9A79uDBTKDQoWTzq3NaD1FN4JEDGKR2yTQGhcwjo""}",18
0xb933d4ff5a0e7bfe6ab7da72b5dce2259030252f_base,LEONAI,Leonardo AI,leonardo-ai,0xb933d4ff5a0e7bfe6ab7da72b5dce2259030252f_baseoli.png,1000000000,"{""base"":""0xb933d4ff5a0e7bfe6ab7da72b5dce2259030252f""}",18
hodl-4,BRUVS,OnlyBruvs,hodl-4,hodl-4FQj.png,999810048,"{""solana"":""8N9cKkE93grPT2ALLTQ992wwhTNXoqycsCg9Jj5wHiyW""}",18
block-ondo-tokenized-stocks,XYZON,Block (Ondo Tokenized Stock),block-ondo-tokenized-stocks,block-ondo-tokenized-stocksdfg.png,153.3238,"{""ethereum"":""0x6cc41275ef02b4eeccc04fc4424849a96f3272aa"",""binance_smart"":""0xe778a2e5d953c82eb9475cf3b87654226a867344"",""solana"":""BWxe2FVciUbwrCUZQPUKiREBh5LmVa5AiUqNLAkondo""}",18
8HyG5qPSp1M5Ez8KvL67NktTyCtHvr6Xn87b2UHNpump_solana,MOODANG,Moo Dang,moo-dang,moo-dangQYe.png,989946923,"{""solana"":""8HyG5qPSp1M5Ez8KvL67NktTyCtHvr6Xn87b2UHNpump""}",18
trade-internet-trends,TIT,Trade Internet Trends,trade-internet-trends,trade-internet-trends4A8.png,983387463,"{""solana"":""5xhJC2F2q8Mgk1DYaMBTxNY8t8xDE7cdgTcv5cevpump""}",18
8Vte25yt28L8BfLXm8DrzjSYEyaKX8yry6hRKRmX7FGd_solana,UPTOBER,Uptober,uptober-5,uptober-5pVK.png,972459309,"{""solana"":""8Vte25yt28L8BfLXm8DrzjSYEyaKX8yry6hRKRmX7FGd""}",18
0x17931cfc3217261ce0fa21bb066633c463ed8634_base,BASED,BASEDChad,basedchad,basedchadR7Z.png,1000000000,"{""base"":""0x17931cfc3217261ce0fa21bb066633c463ed8634""}",18
7iX4yQ4zTraFSRXEGpF89emA9xGrhgv6jX57dMENpump_solana,BRAINROT,brainrot,brainrot-3,brainrot-3vzH.png,999694487,"{""solana"":""7iX4yQ4zTraFSRXEGpF89emA9xGrhgv6jX57dMENpump""}",18
charged-particles,IONX,Charged Particles,charged-particles,charged-particlesoRv.png,100000000,"{""ethereum"":""0x02d3a27ac3f55d5d91fb0f52759842696a864217"",""mode"":""0x77e7bcfee826b12cd498faa9831d7055b7478272"",""polygon-pos"":""0x01b317bc5ed573faa112ef64dd029f407cecb155""}",18
kevin-3,KEVIN,KEVIN,kevin-3,kevin-3doT.png,970666975,"{""base"":""0xd461a534af11ef58e9f9add73129a1f45485a8dc""}",18
0xbe29e78b18066b3bf7c70523371e0169350f6f53_base,ZORBY,ZORBY,zorby,0xbe29e78b18066b3bf7c70523371e0169350f6f53_baseBd1.png,1000000000,"{""base"":""0xbe29e78b18066b3bf7c70523371e0169350f6f53""}",18
allstate-rstock,RALL,Allstate Tokenized Stock (Reality),allstate-rstock,allstate-rstock8qp.png,50.5603,"{""arbitrum-one"":""0x83374f10815e5b9a8cff1d2b8c677ebffceebbf0"",""morph-l2"":""0x49036eec74014f4a25eb8e2e4463917745ba87d5""}",18
4rbQrrtXcBgK7ohsy83Y58pEbybt2YywGcTT8vpbpump_solana,SHIGGA,the black sheep,the-black-sheep,4rbQrrtXcBgK7ohsy83Y58pEbybt2YywGcTT8vpbpump_solanayrL.png,998151760,"{""solana"":""4rbQrrtXcBgK7ohsy83Y58pEbybt2YywGcTT8vpbpump""}",18
trip-com-rstock,RTCOM,Trip.com Group Tokenized Stock (Reality),trip-com-rstock,trip-com-rstockKlb.png,288.8356,"{""arbitrum-one"":""0x2bdffefc6877bf0e2df31cf24b13306df0dd0453"",""morph-l2"":""0x364c365406025bfcafef234d289580a9dc34424e""}",18
0x7a136d669246f16fba6aad42b33b5983b60c4444_binance_smart,ZYGO,Zygo The Frog,zygo-the-frog-2,zygo-the-frog-26Oj.png,374939146,"{""binance_smart"":""0x7a136d669246f16fba6aad42b33b5983b60c4444""}",18
birdflu,$BIRDFLU,BIRDFLU,birdflu,birdfluF42.png,999748992,"{""solana"":""EUxS8Kqvbe8zDr8bG1RYtgjVNzEhMTG6B6H3WwrCHfwA""}",18
reactor-3,ARC,Reactor,reactor-3,reactor-3KO0.png,933299640,"{""base"":""0x5a4342f4268a731f4459cd0be22d4744a86d635d""}",18
0xf857b2764095b9a5f57c3e71f82f297fe4e45334_base,DEFAI,DeFAI,defai,defai18t.png,1000000000,"{""base"":""0xf857b2764095b9a5f57c3e71f82f297fe4e45334""}",18
0xcd45e9d812f2052df1f320e442c2336489e167b9_robinhood,RH,Robinhood Names,robinhood-names,robinhood-names3sj.png,980040000,"{""robinhood"":""0xcd45e9d812f2052df1f320e442c2336489e167b9""}",18
wallitelli,WALLI,Wallitelli,wallitelli,wallitelliOko.png,1000000000,"{""binance_smart"":""0xc6a031fd206c72c614db391590f48a5ed9b2f9dc""}",18
0x425087bf4969f45818c225ae30f8560ce518582e_ethereum,LFDOG,lifedog,lifedog,0x425087bf4969f45818c225ae30f8560ce518582e_ethereumOUU.png,952000000,"{""ethereum"":""0x425087bf4969f45818c225ae30f8560ce518582e""}",18
xtblock-token,XTT-B20,XTblock,xtblock-token,xtblock-tokenMog.png,350000000,"{""binance_smart"":""0x70b6c6a555507ee4ac91c15e5c80b7dc8ff3b489""}",18
aerovironment-inc-robinhood-token,AVAV,"AeroVironment, Inc. • Robinhood Token",aerovironment-inc-robinhood-token,aerovironment-inc-robinhood-tokenxmi.png,80.935,"{""robinhood"":""0xf6290b5e7c26502e2da514c31509849718ea76a5""}",18
0x85e92213fca84aa99adbac5049d8426984d64444_binance_smart,BSTR,BigStrategy Inc,bigstrategy-inc,bigstrategy-incALJ.png,1000000000,"{""binance_smart"":""0x85e92213fca84aa99adbac5049d8426984d64444""}",18
son-2,SON,SON,son-2,son-2OEF.png,999822861,"{""solana"":""Hnv13n2QUnaZm4a54o96Nx6e9Ysr2t3qB3CVauD8pump""}",18
0x70ef0df8b656403fc8c632c52661f19fc9934471_ethereum,SKULL,Wolf Skull,wolf-skull-2,0x70ef0df8b656403fc8c632c52661f19fc9934471_ethereumzfi.png,420690000000,"{""ethereum"":""0x70ef0df8b656403fc8c632c52661f19fc9934471""}",18
0xa85bd69ea5492e42bb912a82b4feed6fe10d5e12_robinhood,LEAK,THE LEAK,the-leak,the-leakNux.png,1000000000,"{""robinhood"":""0xa85bd69ea5492e42bb912a82b4feed6fe10d5e12""}",18
5s7tf6ih2CEZf7ZPNkJAtcknAq9DL5GsWHMMT3Jdpump_solana,STAKE,Staked Bank,staked-bank,staked-bankCLJ.png,824894168,"{""solana"":""5s7tf6ih2CEZf7ZPNkJAtcknAq9DL5GsWHMMT3Jdpump""}",18
fame-mma,FAME,Fame MMA,fame-mma,fame-mmaQeE.png,6502887433,"{""binance_smart"":""0x28ce223853d123b52c74439b10b43366d73fd3b5""}",18
spdr-dow-jones-industrial-average-etf-trust-rstock,RDIA,State Street SPDR Dow Jones Industrial Average ETF Trust Tokenized Stock (Reality),spdr-dow-jones-industrial-average-etf-trust-rstock,spdr-dow-jones-industrial-average-etf-trust-rstockeXT.png,21.9514,"{""arbitrum-one"":""0xab4d506f5535644ea446ad11b1e4a71b9a2b1372""}",18
JCcd7NmyHVmiuycHP6drEesBSZhZUJXhBMbhxq42RNg3_solana,WRT,World Rebuilding Trust,world-rebuilding-trust,world-rebuilding-trustvAi.png,999927650,"{""solana"":""JCcd7NmyHVmiuycHP6drEesBSZhZUJXhBMbhxq42RNg3""}",18
TrUPjEqGpUph6sMJX8C3yYja9u4RcVUGTCkGG4xLrjG_solana,$TRAIMP,Trump AI,trump-ai,TrUPjEqGpUph6sMJX8C3yYja9u4RcVUGTCkGG4xLrjG_solanasvw.png,983056799,"{""solana"":""TrUPjEqGpUph6sMJX8C3yYja9u4RcVUGTCkGG4xLrjG""}",18
solana-stock-index,SSX,Solana Stock Index,solana-stock-index,solana-stock-indexOws.png,982037243,"{""solana"":""2EyNf2PCNT7eQ9ag1RDXw3qn3Cy22WdTA9T6HKDebonk""}",18
steakhut-finance,STEAK,SteakHut Finance,steakhut-finance,steakhut-financeHvn.png,4999998,"{""avalanche"":""0xb279f8dd152b99ec1d84a489d32c35bc0c7f5674""}",18
bow-2,BOW,BOW,bow-2,bow-244V.png,868555482,"{""robinhood"":""0x9fb101579e716b2571ab069c2718cd06b69ffdd7""}",18
8CzPPqenpfRXvjE5DHfE3kMDgJhHwWZ1WXRzs44KsamW_solana,YAPSTER,YAPSTER,yapster,8CzPPqenpfRXvjE5DHfE3kMDgJhHwWZ1WXRzs44KsamW_solanayUm.png,915483632,"{""solana"":""8CzPPqenpfRXvjE5DHfE3kMDgJhHwWZ1WXRzs44KsamW""}",18
nonchalant-horse,HORSE,Nonchalant Horse,nonchalant-horse,nonchalant-horseTj7.png,929296318,"{""solana"":""89gZQFtEe3RJctXghdbEmht8SV2vQvcN4DNyjmappump""}",18
6TUJXvuUrS4rnnm8LmG23AZYsWQavY9SpeAG3Cdjbonk_solana,JOE,Joe,joe-2,6TUJXvuUrS4rnnm8LmG23AZYsWQavY9SpeAG3Cdjbonk_solanae5B.png,998186114,"{""solana"":""6TUJXvuUrS4rnnm8LmG23AZYsWQavY9SpeAG3Cdjbonk""}",18
cub-finance,CUB,Cub Finance,cub-finance,cub-financetlf.png,35085152,"{""binance_smart"":""0x50d809c74e0b8e49e7b4c65bb3109abe3ff4c1c1""}",18
koru,KORU,Koru,koru,koruPmz.png,365211147,"{""solana"":""D1mM9THeoBEa2xBbRHpinBPc9x6rDeKUYzMvcUDzpump""}",18
EQGG5muKhviWmWJwy4Fi9TeeNpJUX7RpHAwkQMnTAyAj_solana,ICC,Indian Call Center,indian-call-center,indian-call-centeropu.png,899412312,"{""solana"":""EQGG5muKhviWmWJwy4Fi9TeeNpJUX7RpHAwkQMnTAyAj""}",18
qyzQwsyTYhAEGvonp5mcDaRSFuesDH4pfyRymLfpump_solana,IAM,I am become billionaire,i-am-become-billionaire,i-am-become-billionaireAcu.png,999896264,"{""solana"":""qyzQwsyTYhAEGvonp5mcDaRSFuesDH4pfyRymLfpump""}",18
CvjSaRcTmcrfutekYzrBEEdTWx1RmRTWDToqtXmCpump_solana,LAPEACE,Lapeace,lapeace,lapeace8JB.png,955166375,"{""solana"":""CvjSaRcTmcrfutekYzrBEEdTWx1RmRTWDToqtXmCpump""}",18
beat-matchmaker,BEAT,Beat Matchmaker,beat-matchmaker,beat-matchmakergSE.png,100000000,"{""ethereum"":""0xc7290af237d1d3f6b207b7acb3dd186b868da500""}",18
FqveHfaf96iTjA3KgX1W5LWPnLFYv8EfUf6TQSWPpump_solana,EXO,Exodus AI,exodus-ai,FqveHfaf96iTjA3KgX1W5LWPnLFYv8EfUf6TQSWPpump_solanamXe.png,988365090,"{""solana"":""FqveHfaf96iTjA3KgX1W5LWPnLFYv8EfUf6TQSWPpump""}",18
fnDj6iuSBBruq1GX5GQwxGa3MvAxiJbnPBSvHt4pump_solana,ILYSM,iloveyousomatcha,iloveyousomatcha,fnDj6iuSBBruq1GX5GQwxGa3MvAxiJbnPBSvHt4pump_solana0t3.png,999870485,"{""solana"":""fnDj6iuSBBruq1GX5GQwxGa3MvAxiJbnPBSvHt4pump""}",18
JCe4cq9bqL1238wfFjfFQ316PrS2sASKkesLYEyCpump_solana,MINIDOGE,Minidoge,minidoge-2,JCe4cq9bqL1238wfFjfFQ316PrS2sASKkesLYEyCpump_solanadeU.png,999355269,"{""solana"":""JCe4cq9bqL1238wfFjfFQ316PrS2sASKkesLYEyCpump""}",18
pancake-bunny,BUNNY,Pancake Bunny,pancake-bunny,pancake-bunnyjBX.png,15274248,"{""binance_smart"":""0xc9849e6fdb743d08faee3e34dd2d1bc69ea11a51""}",18
3VFnDoACa991DYe987w354sbvmhqjjzC4Z31SoZepump_solana,FAUCI,Dr. Death,dr-death,dr-deathHRF.png,964370841,"{""solana"":""3VFnDoACa991DYe987w354sbvmhqjjzC4Z31SoZepump""}",18
7wz31sC5z979UMtiqrtxsYYQ6bJzpjUTgPsZvXuZhso_solana,SHIB,SHIB ON SOLANA,shib-on-solana,shib-on-solanau07.png,999985088,"{""solana"":""7wz31sC5z979UMtiqrtxsYYQ6bJzpjUTgPsZvXuZhso""}",18
0x5ab5f320d8a3de4967fbed6d0678ad71683f53c7_robinhood,TRASH,Trash,trash,0x5ab5f320d8a3de4967fbed6d0678ad71683f53c7_robinhoodLSr.png,1000000000,"{""robinhood"":""0x5ab5f320d8a3de4967fbed6d0678ad71683f53c7""}",18
0x203482b132906cc52edda230f0adcf899d5a7777_binance_smart,小蚂蚁,小蚂蚁 (Little Ant),xiaomayi,xiaomayinQj.png,567961377,"{""binance_smart"":""0x203482b132906cc52edda230f0adcf899d5a7777""}",18
the-big-short,SHORTCOIN,The Big Short,the-big-short,the-big-shortFvi.png,998103405,"{""solana"":""Abub8cRJviGWsv1qWjkR1wHqNdYjRenoaZxroFxbpump""}",18
0x60ed5ce0d66554ac63edd35f4f91181f747ae8c6_abstract,$PICO,Pico,pico-2,0x60ed5ce0d66554ac63edd35f4f91181f747ae8c6_abstractmpT.png,1000000000,"{""abstract"":""0x60ed5ce0d66554ac63edd35f4f91181f747ae8c6""}",18
gomble,GM,Gomble,gomble,gomblesMe.png,1000000000,"{""binance_smart"":""0xd8002d4bd1d50136a731c141e3206d516e6d3b3d""}",18
hodlerrewards,REWARD,HodlerRewards,hodlerrewards,hodlerrewardsQg6.png,176874441,"{""elrond"":""REWARD-cf6eac""}",18
ztx,ZTX,ZTX,ztx,ztxMVE.png,10000000000,"{""arbitrum-one"":""0x1c43d05be7e5b54d506e3ddb6f0305e8a66cd04e""}",18
DtWz93pDUZe5cYqBFmZjXq1wzZqZPygCeox5d3ajpump_solana,POPGOAT,Goatseus Poppimus,goatseus-poppimus,DtWz93pDUZe5cYqBFmZjXq1wzZqZPygCeox5d3ajpump_solanaw5b.png,997573539,"{""solana"":""DtWz93pDUZe5cYqBFmZjXq1wzZqZPygCeox5d3ajpump""}",18
F1uB7phqFVuyzsFoXWkcwNoCY3KJGFNsFLyeSoQYpump_solana,TITAN,K-9 Killed in Shootout,k-9-killed-in-shootout,F1uB7phqFVuyzsFoXWkcwNoCY3KJGFNsFLyeSoQYpump_solanaNFZ.png,975556208,"{""solana"":""F1uB7phqFVuyzsFoXWkcwNoCY3KJGFNsFLyeSoQYpump""}",18
0x5a858d94011566f7d53f92feb54aff9ee3785db1_ethereum,FEFE,Fefe,fefe,fefe4w4.png,420690000000,"{""ethereum"":""0x5a858d94011566f7d53f92feb54aff9ee3785db1""}",18
0xef82ddc566653699b89c3afe123559a75aaa2976_robinhood,SI,Superior Inu,superior-inu,superior-inuJDJ.png,1000000000,"{""robinhood"":""0xef82ddc566653699b89c3afe123559a75aaa2976""}",18
0xd4f5fabd1763bbf52bd3b17cd445db6f9f836bd4_base,ISTAR,ISTARAI by Virtuals,istarai-by-virtuals,0xd4f5fabd1763bbf52bd3b17cd445db6f9f836bd4_baseHSS.png,995923133,"{""base"":""0xd4f5fabd1763bbf52bd3b17cd445db6f9f836bd4""}",18
good-morning-5,GM,good morning,good-morning-5,good-morning-5Y8V.png,999737685,"{""solana"":""9RaBDMwL2hcmah5yzXjBLiiYxHiBbd2jSEH3q6KCpump""}",18
3X36yhq35MJnt2JjwodeFDfv2MFPb99RC53yUyNrpump_solana,SKULL,Pepe SKULL,pepe-skull,pepe-skullNzE.png,999968621,"{""solana"":""3X36yhq35MJnt2JjwodeFDfv2MFPb99RC53yUyNrpump""}",18
0xd554e75f85cb1fcb5b6640b55779d566ac60de9f_robinhood,FROGGY,Froggy,froggy-3,froggy-3f3b.png,1000000000,"{""robinhood"":""0xd554e75f85cb1fcb5b6640b55779d566ac60de9f""}",18
D3DmEyC5p7LLkvEmtQX58EwGk5LmjqRJVNRmULRLpump_solana,BULL,Bullcoin,bullcoin,D3DmEyC5p7LLkvEmtQX58EwGk5LmjqRJVNRmULRLpump_solanahaP.png,998360201,"{""solana"":""D3DmEyC5p7LLkvEmtQX58EwGk5LmjqRJVNRmULRLpump""}",18
GYTd9XbZTfwicCV28LGkwiDF4DgpXTTAi2UeCajfpump_solana,NAV,Navigator AI,navigator-ai,GYTd9XbZTfwicCV28LGkwiDF4DgpXTTAi2UeCajfpump_solanardN.png,999345670,"{""solana"":""GYTd9XbZTfwicCV28LGkwiDF4DgpXTTAi2UeCajfpump""}",18
kohl-s-corporation-robinhood-token,KSS,Kohl's Corporation • Robinhood Token,kohl-s-corporation-robinhood-token,kohl-s-corporation-robinhood-tokenPrp.png,617.0976,"{""robinhood"":""0x12e3c047bf9aecaf9ddc98c05c31bfd1dd043993""}",18
EBjCSRYrGJzQtqgyddaH95LWU3sw8YMjK8CgwNoWpump_solana,MOONVEMBER,MOONVEMBER,moonvember,moonvemberhj7.png,998347210,"{""solana"":""EBjCSRYrGJzQtqgyddaH95LWU3sw8YMjK8CgwNoWpump""}",18
CQ6VXxQYD1nH1SobagiQDbhND3SLEKhqSxHCPaavBoLD_solana,BOLD,BOLD,bold-2,CQ6VXxQYD1nH1SobagiQDbhND3SLEKhqSxHCPaavBoLD_solanamWH.png,999439339,"{""solana"":""CQ6VXxQYD1nH1SobagiQDbhND3SLEKhqSxHCPaavBoLD""}",18
utgard,UTG,Utgard,utgard,utgardYYu.png,599961956,"{""solana"":""FPZsqAgtwf58GmJMctZGSu9RaXiGAmQLL6ZtKUUewm7k""}",18
cypher-2,CYPR,Cypher,cypher-2,cypher-2f7H.png,975842479,"{""base"":""0xd262a4c7108c8139b2b189758e8d17c3dfc91a38""}",18
0x8e859dbdfbfd2df6a99870e2871eaa58e8784e05_robinhood,NEST,Nest,nest-4,nest-4pIq.png,978994399,"{""robinhood"":""0x8e859dbdfbfd2df6a99870e2871eaa58e8784e05""}",18
7ursFQJE7UykT95cMCBErzq5sqEq9AJ6q11cWzAqMp5_solana,COUGH,Coughing Cat,coughing-cat-2,coughing-cat-2TuL.png,961248738,"{""solana"":""7ursFQJE7UykT95cMCBErzq5sqEq9AJ6q11cWzAqMp5""}",18
0xac941d7a4c48f9896f60354c494afb3ed31ac21b_base,SAUL,Saul GoodAI,saul-goodai,0xac941d7a4c48f9896f60354c494afb3ed31ac21b_basenE5.png,1000000000,"{""base"":""0xac941d7a4c48f9896f60354c494afb3ed31ac21b""}",18
0x8c32bcfc720fec35443748a96030ce866d0665ff_base,LATENIGHTONBASE,latenightonbase,latenightonbase,0x8c32bcfc720fec35443748a96030ce866d0665ff_baseMKf.png,999785335,"{""base"":""0x8c32bcfc720fec35443748a96030ce866d0665ff""}",18
7LtgzCmSpGocBajm84WghiWbu1NcvQxdqLQtUXFSXgvU_solana,GRUG,GRUG,grug,grugDxP.png,969988807,"{""solana"":""7LtgzCmSpGocBajm84WghiWbu1NcvQxdqLQtUXFSXgvU""}",18
Pz7zD359jya1s9jzp72inqfmKF13ziuJv6HzVfkpump_solana,WHITEDOLPHIN,The White Dolphin,the-white-dolphin,the-white-dolphinFTD.png,962582669,"{""solana"":""Pz7zD359jya1s9jzp72inqfmKF13ziuJv6HzVfkpump""}",18
0x407eca46ff515cde14410cdc868c7f82e8c4f41d_ethereum,MARS,MARS,mars-4,0x407eca46ff515cde14410cdc868c7f82e8c4f41d_ethereum168.png,1000000000,"{""ethereum"":""0x407eca46ff515cde14410cdc868c7f82e8c4f41d""}",18
FJLz7hP4EXVMVnRBtP77V4k55t2BfXuajKQp1gcwpump_solana,XRPB-SOL,Ripplebids,ripplebids,ripplebidspk2.png,998627551,"{""solana"":""FJLz7hP4EXVMVnRBtP77V4k55t2BfXuajKQp1gcwpump""}",18
Gtas1jTXjD4EpYqDFKk7cEaArFSdaUXKu6bGhbSvpump_solana,RUG,Mascot of the Trenches,mascot-of-the-trenches,Gtas1jTXjD4EpYqDFKk7cEaArFSdaUXKu6bGhbSvpump_solanag3H.png,999096920,"{""solana"":""Gtas1jTXjD4EpYqDFKk7cEaArFSdaUXKu6bGhbSvpump""}",18
netcoin-2,NET,Netcoin,netcoin-2,netcoin-2Ezt.png,20945126,"{""solana"":""7nFYpHyhDgzg3ioU2JFko5kaVwm6bjkL4MtbUiVAiYbJ""}",18
ishares-silver-trust-dinari-tokenized-etf,SLV,iShares Silver Trust (Dinari Tokenized ETF),ishares-silver-trust-dinari-tokenized-etf,ishares-silver-trust-dinari-tokenized-etf5q2.png,200.9959,"{""ethereum"":""0x73aaf1c699b189b24c7e4d7f06bbe6647de1e9e0"",""base"":""0x45ddb88a59fb834b43bfe064c7b70a714c78b6d6"",""arbitrum-one"":""0xcc7ffe5e5b172e56eac98d9e77ab9f5436831e94"",""avalanche"":""0x73aaf1c699b189b24c7e4d7f06bbe6647de1e9e0"",""hyperevm"":""0x73aaf1c699b189b24c7e4d7f06bbe6647de1e9e0""}",18
GsEbfbyjjnYZGMSkXhoxrqTyrzdYC5AFcCisS51JEGEE_solana,LEPER,LEPER,leper,GsEbfbyjjnYZGMSkXhoxrqTyrzdYC5AFcCisS51JEGEE_solananTM.png,890925264,"{""solana"":""GsEbfbyjjnYZGMSkXhoxrqTyrzdYC5AFcCisS51JEGEE""}",18
0xcfafecd0b8e866a0626166667bb652bec9d14444_binance_smart,BNBET,BNBet,bnbet,bnbet6cC.png,1000000000,"{""binance_smart"":""0xcfafecd0b8e866a0626166667bb652bec9d14444""}",18
0x9704d2adbc02c085ff526a37ac64872027ac8a50_base,BSOP,Bsop,bsop,0x9704d2adbc02c085ff526a37ac64872027ac8a50_baseUJh.png,1000000000,"{""base"":""0x9704d2adbc02c085ff526a37ac64872027ac8a50""}",18
burnieai,ROAST,BurnieAI,burnieai,burnieaiCws.png,1000000000,"{""base"":""0x06fe6d0ec562e19cfc491c187f0a02ce8d5083e4""}",18
3QGGLYLu251jE9Ra8jkGtuHb773xYciXeqqvUgNTGimE_solana,███,Redacted Terminal,redacted-terminal,3QGGLYLu251jE9Ra8jkGtuHb773xYciXeqqvUgNTGimE_solanad3R.png,1099497383,"{""solana"":""3QGGLYLu251jE9Ra8jkGtuHb773xYciXeqqvUgNTGimE""}",18
pinterest-ondo-tokenized,PINSON,Pinterest (Ondo Tokenized),pinterest-ondo-tokenized,pinterest-ondo-tokenizedF0W.png,550.3077,"{""ethereum"":""0xc017c622cd05698580e2decd0f97d4a17dab70f9"",""binance_smart"":""0xcfd1f0df84300ea1a4e2ba5238043a2fa5a7237c"",""solana"":""sxyg1VTSzy5zYANUK7hntNtmFAWoXGJq95AcHuVondo""}",18
0x5537a24ad7e8d68aec165dcff6d2f8c23605417f_base,EYE,Eye Future by Virtuals,eye-future-by-virtuals,0x5537a24ad7e8d68aec165dcff6d2f8c23605417f_basetYN.png,1000000000,"{""base"":""0x5537a24ad7e8d68aec165dcff6d2f8c23605417f""}",18
ballerina-cappuccina-3,BALLERINA,Ballerina Cappuccina,ballerina-cappuccina-3,ballerina-cappuccina-3wnT.png,999863908,"{""solana"":""C2T1CBTjajVGnHvVz5sFbw2JBq7ZtqUD63HGq4Cwpump""}",18
0x314ad0f11422842d28b4f950a64cd40fafb029fd_robinhood,PURSER,Purserfi,purserfi,0x314ad0f11422842d28b4f950a64cd40fafb029fd_robinhoodkIq.png,918367347,"{""robinhood"":""0x314ad0f11422842d28b4f950a64cd40fafb029fd""}",18
mongodb-robinhood-tokenized-stock,MDB,MongoDB • Robinhood Token,mongodb-robinhood-tokenized-stock,mongodb-robinhood-tokenized-stockX4G.png,31.7434,"{""robinhood"":""0xddf2266b79abf0b48898959b0ed6e6adf512be74""}",18
34VWJ7PPwcPpYEqTGJQXo8qaMJYoP8VKuBGHPG3ypump_solana,MEMELESS,MEMELESS COIN,memeless-coin,memeless-coinYLj.png,997004136,"{""solana"":""34VWJ7PPwcPpYEqTGJQXo8qaMJYoP8VKuBGHPG3ypump""}",18
CpdKgsZMtZ54FK5vbyLq5wNyH2uRmSxi8AtEAADipump_solana,IT,It Coin,it-coin,it-coin7fm.png,974207575,"{""solana"":""CpdKgsZMtZ54FK5vbyLq5wNyH2uRmSxi8AtEAADipump""}",18
t1-energy-inc-robinhood-token,TE,T1 Energy Inc. • Robinhood Token,t1-energy-inc-robinhood-token,t1-energy-inc-robinhood-tokenASo.png,2851,"{""robinhood"":""0xb1969f6604ca1ae7a2cd3f1827876e914594ca2d""}",18
EYBMhikmdqUs6j5p9mv1tfPY3HszsCyYeRpwme6Bpump_solana,VOXIE,VOXIE,voxie,voxieQmR.png,938949744,"{""solana"":""EYBMhikmdqUs6j5p9mv1tfPY3HszsCyYeRpwme6Bpump""}",18
CCpTDK9dDdmvcQtpPrv6zDBWXgjqq5LrJHidJW7Jpump_solana,$ZBEC,ZEBECIAN,zebecian,CCpTDK9dDdmvcQtpPrv6zDBWXgjqq5LrJHidJW7Jpump_solanankT.png,999147311,"{""solana"":""CCpTDK9dDdmvcQtpPrv6zDBWXgjqq5LrJHidJW7Jpump""}",18
fartcoincro,PFFT,FartcoinCRO,fartcoincro,fartcoincropbr.png,957512800,"{""cronos"":""0x45bd9349554eed8550186353a2ac4495ffdd0307""}",18
rizz-3,RIZZ,RIZZ,rizz-3,rizz-3j5C.png,499971858,"{""solana"":""mMKSMNrRT764ZWNgfZyFXxHe5WuTa6ee3peD7sbRiZz""}",18
0xa57a1aba8a208df94eab6b5c12ac932286111f06_hyperevm,KEK,Ancient Egyptian GOD,ancient-egyptian-god,ancient-egyptian-godoAD.png,1000000000,"{""hyperevm"":""0xa57a1aba8a208df94eab6b5c12ac932286111f06""}",18
wilson-lo-siento,WILSON,Wilson Lo Siento,wilson-lo-siento,wilson-lo-sientoAPF.png,999622794,"{""solana"":""3bzeQJqDPfQQbxJ6VmtMkXyyQEJrj9HS1SMvHR1Hpump""}",18
0x9e9df3ffed68dc7b4ddcf12233f38d4f235c7725_robinhood,REVENUE,Revenue,revenue,revenueTvq.png,1000000000,"{""robinhood"":""0x9e9df3ffed68dc7b4ddcf12233f38d4f235c7725""}",18
GEKjZKJZgQTCbi9evTW2GmhyamH3sq6Lid9dQMWqEcCY_solana,WONDER,Wonder Sites,wonder-sites,GEKjZKJZgQTCbi9evTW2GmhyamH3sq6Lid9dQMWqEcCY_solanarM2.png,971827545,"{""solana"":""GEKjZKJZgQTCbi9evTW2GmhyamH3sq6Lid9dQMWqEcCY""}",18
circuit-llm,CIRC,Circuit LLM,circuit-llm,circuit-llm4FY.png,999966260,"{""solana"":""8fQgfsRnRkKSeNUhevT7wp8mhNvMSJdLn1fJi4oVpump""}",18
yaka,YAKA,YAKA,yaka,yaka58I.png,801597200,"{""sei-network"":""0x51121bcae92e302f19d06c193c95e1f7b81a444b"",""sei-v2"":""0x51121bcae92e302f19d06c193c95e1f7b81a444b""}",18
vortano,VRTN,VORTANO,vortano,vortano6Nj.png,1000000000,"{""robinhood"":""0xe81dc008231035c91f09633c541394b9ddf53673""}",18
camell,CAMT,CAMELL,camell,camellI6V.png,1000000000,"{""tron"":""TTLVdtBYipLVqVbPaaQb2Zbcubbpddtxu7""}",18
coral-finance,CORL,Coral Finance,coral-finance,coral-financed8Z.png,1000000000,"{""binance_smart"":""0xfd9a3f94bec6b08711d90ff69cbba42fac96b45a""}",18
snapcat,SNAPCAT,Snapcat,snapcat,snapcatps9.png,10000000,"{""solana"":""ELnAjNJJRBaG9MnnZqUXLsbBjkVA19szcduNeD5RCqdo""}",18
DfAwMXCmAyxt19Q1QxjHyS2ggskVwCnFaYSqgTF9pump_solana,SHDZ,dogwithSHDZ,dogwithshdz,DfAwMXCmAyxt19Q1QxjHyS2ggskVwCnFaYSqgTF9pump_solanaejG.png,1000000000,"{""solana"":""DfAwMXCmAyxt19Q1QxjHyS2ggskVwCnFaYSqgTF9pump""}",18
3H7kMWRa7WfrpBGcyMpiAxkjBCc7k1pDShjQLDHJpump_solana,SD,Shark Dog,shark-dog,shark-dog2MT.png,1000000000,"{""solana"":""3H7kMWRa7WfrpBGcyMpiAxkjBCc7k1pDShjQLDHJpump""}",18
0x7f19c5adb254601178bebcc5353a719dbc1b119a_fantom,TOONA,toona,toona,0x7f19c5adb254601178bebcc5353a719dbc1b119a_fantomvGn.png,943884258,"{""fantom"":""0x7f19c5adb254601178bebcc5353a719dbc1b119a"",""sonic"":""0xf4f9c50455c698834bb645089dbaa89093b93838""}",18
7qpKH1bkvoZPDGbtmjHa9opCGnzfeycD34iuDrJBpump_solana,BOB,BOB,bob-2,7qpKH1bkvoZPDGbtmjHa9opCGnzfeycD34iuDrJBpump_solana2fp.png,1000000000,"{""solana"":""7qpKH1bkvoZPDGbtmjHa9opCGnzfeycD34iuDrJBpump""}",18
we-will-huddle,HUDDLE,We Will Huddle,we-will-huddle,we-will-huddleR7w.png,990983038,"{""abstract"":""0x143bd0eac0a811aac43e8aae5d28b624b6b63489""}",18
G2zYxmCbGqmJPA2w5jitxthuFSj1kvpa5D1CJoembonk_solana,ROCKY,good boy rocky,good-boy-rocky,good-boy-rockyhvw.png,999374415,"{""solana"":""G2zYxmCbGqmJPA2w5jitxthuFSj1kvpa5D1CJoembonk""}",18
0xb2ee01f57aebd6e268934ed9dc47b01be760867d_base,AGORA,Agora by Virtuals,agora-by-virtuals,0xb2ee01f57aebd6e268934ed9dc47b01be760867d_baseSW8.png,1000000000,"{""base"":""0xb2ee01f57aebd6e268934ed9dc47b01be760867d""}",18
jade-protocol-2,JADE,JADE Protocol,jade-protocol-2,jade-protocol-2vMY.png,523670,"{""solana"":""Cvx1KNrtcSu7nxC26gH2MNNLNXpEqAXni5YEuSStfJfh""}",18
coinbase-tokenized-stock-defichain,DCOIN,Coinbase Tokenized Stock Defichain,coinbase-tokenized-stock-defichain,coinbase-tokenized-stock-defichainT3J.png,79588,,
0x9988d876d7500646534e2d91b382b1ac4c5a4444_binance_smart,BOGE,BNB DOGE,bnb-doge,bnb-doge0FX.png,1000000000,"{""binance_smart"":""0x9988d876d7500646534e2d91b382b1ac4c5a4444""}",18
H4SFaUnxrZRoFnhBeotZnuqw4mfVtJ2nCvGrPmQupump_solana,HOTMOM,Hot Mom,hot-mom,hot-momanW.png,978472969,"{""solana"":""H4SFaUnxrZRoFnhBeotZnuqw4mfVtJ2nCvGrPmQupump""}",18
polaris-share,POLA,Polaris Share,polaris-share,polaris-shareNKW.png,4599999999,"{""ethereum"":""0xc691bc298a304d591ad9b352c7a8d216de9f2ced""}",18
CMkj12qHC9RjAUs1MED38Bt7gfyP3TbEpa1mcBno3RUY_solana,AURA,Aurascope,aurascope,CMkj12qHC9RjAUs1MED38Bt7gfyP3TbEpa1mcBno3RUY_solanaUWu.png,999890264,"{""solana"":""CMkj12qHC9RjAUs1MED38Bt7gfyP3TbEpa1mcBno3RUY""}",18
8tKWk9c3o8sbvcqTBePv2B99ZTthMdXAhSVRQ1zApump_solana,WORTH,"one life, its worth an attempt",one-life-its-worth-an-attempt,one-life-its-worth-an-attempthqC.png,999664593,"{""solana"":""8tKWk9c3o8sbvcqTBePv2B99ZTthMdXAhSVRQ1zApump""}",18
4M4ypzyZA7Sp2weYEMfnWuJ6wBVpNaMgaGTanmTspump_solana,PT,Penguin Tariff,penguin-tariff,4M4ypzyZA7Sp2weYEMfnWuJ6wBVpNaMgaGTanmTspump_solanaeQH.png,999907122,"{""solana"":""4M4ypzyZA7Sp2weYEMfnWuJ6wBVpNaMgaGTanmTspump""}",18
0x70131b713a5d0e9d900feca15d0e1348658e4444_binance_smart,NOTIFAI,NotifAi News,notifai-news,notifai-newskJh.png,1000000000,"{""binance_smart"":""0x70131b713a5d0e9d900feca15d0e1348658e4444""}",18
0x7a0bc0f5de87be3b2fe00546df583668b2994444_binance_smart,CBNB,Community of BNB,community-of-bnb,0x7a0bc0f5de87be3b2fe00546df583668b2994444_binance_smartjYd.png,1000000000,"{""binance_smart"":""0x7a0bc0f5de87be3b2fe00546df583668b2994444""}",18
2yoTWgHH8KjyXKi2zrRZmA6AbZGa9zztnE8EFCboxWTe_solana,X1000,X1000,x1000,2yoTWgHH8KjyXKi2zrRZmA6AbZGa9zztnE8EFCboxWTe_solanaXHX.png,8999988945,"{""solana"":""2yoTWgHH8KjyXKi2zrRZmA6AbZGa9zztnE8EFCboxWTe""}",18
0x122b03fbd590826ffcfbed4cf53b251e914520e1_hyperevm,TERMINAL,Terminal,terminal-2,0x122b03fbd590826ffcfbed4cf53b251e914520e1_hyperevmNIM.png,1000000000,"{""hyperevm"":""0x122b03fbd590826ffcfbed4cf53b251e914520e1""}",18
0xbb2db41e62abf596b7f8ca7bd4733a7b357f5ab9_base,METACADEMAX,MetacadeMax,metacademax,metacademaxPUa.png,1000000000,"{""base"":""0xbb2db41e62abf596b7f8ca7bd4733a7b357f5ab9""}",18
0x8aaf9fa1ee649eade46201394a9b8e06312f0f17_base,BOOF,Boofus by Virtuals,boofus-by-virtuals,0x8aaf9fa1ee649eade46201394a9b8e06312f0f17_basetHh.png,1000000000,"{""base"":""0x8aaf9fa1ee649eade46201394a9b8e06312f0f17""}",18
5eMfXSYdssCpnu63WtPprjbbR5YBJmSEnZGRvtuppump_solana,POLY,Poly,poly,5eMfXSYdssCpnu63WtPprjbbR5YBJmSEnZGRvtuppump_solanapSj.png,999065761,"{""solana"":""5eMfXSYdssCpnu63WtPprjbbR5YBJmSEnZGRvtuppump""}",18
maga-dog,ATLAS,MAGA DOG,maga-dog,maga-dog42R.png,999048397,"{""solana"":""D4n99BqHGvdL3ExyvdETV6Y4rWXkf2WwRxhaV1Epump""}",18
4AKYKa4JLKQau7m8B7hmFdN8ur1SvqUDqJt6D44Npump_solana,CONVICTION,conviction,conviction,4AKYKa4JLKQau7m8B7hmFdN8ur1SvqUDqJt6D44Npump_solana1Fd.png,999918024,"{""solana"":""4AKYKa4JLKQau7m8B7hmFdN8ur1SvqUDqJt6D44Npump""}",18
0x93d5b8c53ee763c2c4522bf0d958ce51af4360ae_arc,REGI,Registrai,registrai,registraiKfq.png,950509640,"{""arc"":""0x93d5b8c53ee763c2c4522bf0d958ce51af4360ae""}",18
aigov,OLIVIA,AIGOV,aigov,aigovCHJ.png,928810354,"{""solana"":""2fdtCHuvyLcD2q86XZGFmYbDux9ZbbUgMmFhzChqmoon""}",18
2s8AT36jzHfYDnkT1rTTFZti7EkVHhXon6ptAi8cpump_solana,$STEVE,STEVE,steve,steve1dK.png,999550389,"{""solana"":""2s8AT36jzHfYDnkT1rTTFZti7EkVHhXon6ptAi8cpump""}",18
DKqgMMtEiAMXR8iz4tpVXgnmL8Bgzbu4XPyUrZWrpump_solana,RUCK,ruck,ruck,ruckFoU.png,994553255,"{""solana"":""DKqgMMtEiAMXR8iz4tpVXgnmL8Bgzbu4XPyUrZWrpump""}",18
CxpGDVrX2rA6penHD2zhopPYNMXAtXutizWSktwytZ18_solana,ZALA,Z△L△ △I,z-l-i,z-l-ihps.png,988954708,"{""solana"":""CxpGDVrX2rA6penHD2zhopPYNMXAtXutizWSktwytZ18""}",18
0xd0593df7a9a99ae03b46437c5f20c339bc02fc37_binance_smart,BABYASTER,Baby Aster,baby-aster,0xd0593df7a9a99ae03b46437c5f20c339bc02fc37_binance_smartLJV.png,420000000000000,"{""binance_smart"":""0xd0593df7a9a99ae03b46437c5f20c339bc02fc37""}",18
0x433cde5a82b5e0658da3543b47a375dffd126eb6_polygon-pos,GOON,GOON,goon-2,goon-2RAN.png,1000000000,"{""polygon-pos"":""0x433cde5a82b5e0658da3543b47a375dffd126eb6""}",18
Vrb3u5yd9R9X8utxyBo2TKqdGpzU9RzkzEjd9Tupump_solana,HALLOWEEN,PUMP Halloween Cult 🎃,pump-halloween-cult,pump-halloween-cultbRH.png,999227171,"{""solana"":""Vrb3u5yd9R9X8utxyBo2TKqdGpzU9RzkzEjd9Tupump""}",18
privata,PRIVATA,PRIVATA,privata,privatabzk.png,1000000000,"{""hyperevm"":""0x993ec0a5882935825de3498e6e27517875330999""}",18
kenji-2,KENJI,Kenji,kenji-2,kenji-24jc.png,998145766,"{""solana"":""HE7cSSzHMebBJtd4ujWxY1qE5NT639GSMJpc7vDkenji""}",18
4XQvdipJBdrb5hUgUrbZPPFmp6BCav41n55dc7KDYW3m_solana,ENG,England Coin,england-coin,england-coinHaL.png,999231304,"{""solana"":""4XQvdipJBdrb5hUgUrbZPPFmp6BCav41n55dc7KDYW3m""}",18
3oY5NnNAbnRK4eNzPWZFmtAWVW4RNumpni4XtGarpump_solana,MOBI,Mobi The Gorilla,mobi-the-gorilla,mobi-the-gorillaRhz.png,960313340,"{""solana"":""3oY5NnNAbnRK4eNzPWZFmtAWVW4RNumpni4XtGarpump""}",18
Dhu2cTaaCFnws87gh1hBMPcsANKoThjHhCBxcjgAjups_solana,ILY,"There is no cap, ILY",token-there-is-no-cap-ily,Dhu2cTaaCFnws87gh1hBMPcsANKoThjHhCBxcjgAjups_solanarDV.png,999644516,"{""solana"":""Dhu2cTaaCFnws87gh1hBMPcsANKoThjHhCBxcjgAjups""}",18
walrus-the-tusk,$TUSK,Walrus the tusk,walrus-the-tusk,walrus-the-tuskrOH.png,8999921425,"{""sui"":""0x1fc50c2a9edf1497011c793cb5c88fd5f257fd7009e85a489392f388b1118f82::tusk::TUSK""}",18
0x40d09d1c989fcb3a68623fe1c1acb3b769e0d237_ethereum,BOSSBURGER,Boss Burger,boss-burger,0x40d09d1c989fcb3a68623fe1c1acb3b769e0d237_ethereumHuB.png,1000000000,"{""ethereum"":""0x40d09d1c989fcb3a68623fe1c1acb3b769e0d237""}",18
7E2iF4WFs5biCtkAVFCBPEdnpg7t2D19VzxjxEPvpump_solana,CAP,Cap,cap-3,7E2iF4WFs5biCtkAVFCBPEdnpg7t2D19VzxjxEPvpump_solana3nq.png,999504626,"{""solana"":""7E2iF4WFs5biCtkAVFCBPEdnpg7t2D19VzxjxEPvpump""}",18
7nePAcJhg88s1KFJptgaBvzYgHaUDzddgU65Etvtpump_solana,NIRE,NotInRetardEducation,notinretardeducation,notinretardeducation6I9.png,987824552,"{""solana"":""7nePAcJhg88s1KFJptgaBvzYgHaUDzddgU65Etvtpump""}",18
0x9ea59db651a3c79a8d52a394a49da8e9a214d6ae_ethereum,BALLS,Big Balls,big-balls,0x9ea59db651a3c79a8d52a394a49da8e9a214d6ae_ethereum9qn.png,1000000000,"{""ethereum"":""0x9ea59db651a3c79a8d52a394a49da8e9a214d6ae""}",18
tesla-astock,ATSLA,Tesla aStock,tesla-astock,tesla-astock9oB.png,28.8468,"{""arbitrum-one"":""0x10fad4a60adb421f8f5ca6f9f2eaf2dbc110e146"",""monad"":""0x10fad4a60adb421f8f5ca6f9f2eaf2dbc110e146"",""ethereum"":""0x10fad4a60adb421f8f5ca6f9f2eaf2dbc110e146"",""base"":""0x10fad4a60adb421f8f5ca6f9f2eaf2dbc110e146"",""robinhood"":""0x10fad4a60adb421f8f5ca6f9f2eaf2dbc110e146"",""binance_smart"":""0x10fad4a60adb421f8f5ca6f9f2eaf2dbc110e146""}",18
maxlinear-robinhood-tokenized-stock,MXL,MaxLinear • Robinhood Token,maxlinear-robinhood-tokenized-stock,maxlinear-robinhood-tokenized-stockGUT.png,99.606,"{""robinhood"":""0x48961813349333209994750ffa89b3c5c22ec969""}",18
0x53229609f907be495704fca99ad0835c5f3abd3a_ethereum,RINTARO,Rintaro,rintaro,0x53229609f907be495704fca99ad0835c5f3abd3a_ethereumS6F.png,420690000000,"{""ethereum"":""0x53229609f907be495704fca99ad0835c5f3abd3a""}",18
FTggXu7nYowpXjScSw7BZjtZDXywLNjK88CGhydDGgMS_solana,REX,no internet,no-internet,FTggXu7nYowpXjScSw7BZjtZDXywLNjK88CGhydDGgMS_solanasKl.png,998575305,"{""solana"":""FTggXu7nYowpXjScSw7BZjtZDXywLNjK88CGhydDGgMS""}",18
verizon-ondo-tokenized,VZON,Verizon (Ondo Tokenized),verizon-ondo-tokenized,verizon-ondo-tokenizedjFL.png,224.2212,"{""ethereum"":""0x0e3d889d5b857c3e6eb361b9c9ae35bb7ddbd254"",""binance_smart"":""0xa3b089c886e6d721f49def8e050f3b9d4362560b"",""solana"":""igu1coP6n3GPaWmbd8J9Z7UAyLpV254uQFFNfydondo""}",18
9enS2VasgRxzT2QVkhjfVJAtrVJGB9MSYTSvUpf2pump_solana,UFO,UFO Token,ufo-token-2,ufo-token-2p7I.png,998933883,"{""solana"":""9enS2VasgRxzT2QVkhjfVJAtrVJGB9MSYTSvUpf2pump""}",18
AfyDiEptGHEDgD69y56XjNSbTs23LaF1YHANVKnWpump_solana,TKNZ,TKNZ.FUN,tknz-fun,tknz-fun3U9.png,999617506,"{""solana"":""AfyDiEptGHEDgD69y56XjNSbTs23LaF1YHANVKnWpump""}",18
the-4th-pillar,FOUR,4th Pillar FOUR,the-4th-pillar,1692689795936.png,400000000,"{""ethereum"":""0x4730fb1463a6f1f44aeb45f6c5c422427f37f4d0"",""binance_smart"":""0xd882739fca9cbae00f3821c4c65189e2d7e26147"",""solana"":""DAtU322C23YpoZyWBm8szk12QyqHa9rUQe1EYXzbm1JE"",""polygon-pos"":""0x48cbc913de09317df2365e6827df50da083701d5""}",18
0x3009b6833f8925b7985c2408c49160dd1ab317ca_ethereum,RIZO,Haha Yes Hedgehog,haha-yes-hedgehog,0x3009b6833f8925b7985c2408c49160dd1ab317ca_ethereumgUA.png,420690000000,"{""ethereum"":""0x3009b6833f8925b7985c2408c49160dd1ab317ca""}",18
0x6969e5cfe7578ac5f06d313c1a25578927a5bbc9_ethereum,MORTI,Morti,morti,0x6969e5cfe7578ac5f06d313c1a25578927a5bbc9_ethereumwpr.png,690000000,"{""ethereum"":""0x6969e5cfe7578ac5f06d313c1a25578927a5bbc9""}",18
12XbSPVc5hmWjKUzf5ExTysM2pEL3tM953YkMXmLWkGd_solana,ASSAI,ASSAI,assai,12XbSPVc5hmWjKUzf5ExTysM2pEL3tM953YkMXmLWkGd_solanaOx3.png,999198864,"{""solana"":""12XbSPVc5hmWjKUzf5ExTysM2pEL3tM953YkMXmLWkGd""}",18
C9jkxMsjYhaZN6CiMqEbUfEc87kqf8dN15xmwTUWpump_solana,CLAWAPI,ClawAPIs,clawapis,clawapiseOy.png,999844173,"{""solana"":""C9jkxMsjYhaZN6CiMqEbUfEc87kqf8dN15xmwTUWpump""}",18
27265MRQFxz2LSTnn4mNTmcz1HJsjJVBST1cozxzpump_solana,MIND,Mind Zero,mind-zero,27265MRQFxz2LSTnn4mNTmcz1HJsjJVBST1cozxzpump_solanaVjL.png,999059636,"{""solana"":""27265MRQFxz2LSTnn4mNTmcz1HJsjJVBST1cozxzpump""}",18
the-pea-guy-by-virtuals,PEAGUY,The Pea Guy by Virtuals,the-pea-guy-by-virtuals,the-pea-guy-by-virtualsAhC.png,910085083,"{""base"":""0x44e1c6bc3a4d2058ee3f290bcb27c4da8c5b2e3e""}",18
2YDMeite4gKusVQGAXvQPnbEXwkLKm2pUz8CTqHBpump_solana,MOM,Museum Of Memes,museum-of-memes,museum-of-memesmE4.png,998917382,"{""solana"":""2YDMeite4gKusVQGAXvQPnbEXwkLKm2pUz8CTqHBpump""}",18
0x3513e4a7d27d18c2c894d98bc5a55406360b9ba3_base,PHAI,Pharmachain AI,pharmachain-ai,pharmachain-aiaHA.png,1000000000,"{""base"":""0x3513e4a7d27d18c2c894d98bc5a55406360b9ba3""}",18
spredd,SPRDD,SPREDD,spredd,spreddrr8.png,999643823,"{""base"":""0xac0e8f7e3df7239f5d0f0ae55cf85962d007cc5f""}",18
quantum-computing-rstock,RQUBT,Quantum Computing Tokenized Stock (Reality),quantum-computing-rstock,quantum-computing-rstock3vs.png,1296,"{""arbitrum-one"":""0x65636726185f0ca193eaa43840b24286df9218e3"",""morph-l2"":""0x19ff47152ff9c0788e075f7c82a70ffaaa3f641c""}",18
yieldmax-mstr-option-income-strategy-etf-dinari-tokenized-etf,MSTY,YieldMax MSTR Option Income Strategy ETF (Dinari Tokenized ETF),yieldmax-mstr-option-income-strategy-etf-dinari-tokenized-etf,yieldmax-mstr-option-income-strategy-etf-dinari-tokenized-etf6uT.png,657.9442,"{""ethereum"":""0x2b90d50e10a03c8fef583a90322c9a747cf84085"",""base"":""0xd1b55162ddacfe6a29bdb3c7d37141ee4bc2c598"",""arbitrum-one"":""0xc9418591233d3dd0652c9c96891895b6f67f0712"",""avalanche"":""0x2b90d50e10a03c8fef583a90322c9a747cf84085""}",18
ambarella-inc-robinhood-token,AMBA,"Ambarella, Inc. • Robinhood Token",ambarella-inc-robinhood-token,ambarella-inc-robinhood-tokenuIp.png,149.569,"{""robinhood"":""0x99d9d8663545151603863c5acbd6fc3218899009""}",18
atua-ai,TUA,Atua AI,atua-ai,atua-aij8p.png,5000000000,"{""binance_smart"":""0x36b2269fd151208a4bfc3dea503e0a6f2485fa78"",""ethereum"":""0x791a5c2261823dbf69b27b63e851b7745532cfa2""}",18
0x5119b761c43ee153b5464d83fda4361512f15835_binance_smart,YBNB,Yellow BNB 4,yellow-bnb-4,0x5119b761c43ee153b5464d83fda4361512f15835_binance_smartrIr.png,917254312,"{""binance_smart"":""0x5119b761c43ee153b5464d83fda4361512f15835""}",18
frontfanz-2,FANX,FrontFanz,frontfanz-2,frontfanz-2vMM.png,497793318,"{""ethereum"":""0x3ac81633a291f342b62e7de5d00eb02924032e06"",""polygon-pos"":""0xb58458c52b6511dc723d7d6f3be8c36d7383b4a8""}",18
baby-troll,BABYTROLL,Baby Troll,baby-troll,baby-trollWJx.png,0,"{""binance_smart"":""0x6ec07dbd9311975b8002079d70c6f6d9e3e1ee5c""}",18
Fu4jQQpUnECSVQrVfeeVPpQpXQffM75LL328EJPtpump_solana,SYMX,SYMBaiEX,symbaiex,Fu4jQQpUnECSVQrVfeeVPpQpXQffM75LL328EJPtpump_solanaDc0.png,999433465,"{""solana"":""Fu4jQQpUnECSVQrVfeeVPpQpXQffM75LL328EJPtpump""}",18
poggers,$POGGERS,Poggers,poggers,poggersgwx.png,984628200,"{""solana"":""3ywqi49rbrsgyNoyBDngQKKjqFTMxCrZXF2NgnYDqGo4""}",18
broadcom-astock,AAVGO,Broadcom aStock,broadcom-astock,broadcom-astockcuZ.png,29.8334,"{""arbitrum-one"":""0x4dfbcd033662bc41de8996886e751613c2b8e8e5"",""monad"":""0x4dfbcd033662bc41de8996886e751613c2b8e8e5"",""ethereum"":""0x4dfbcd033662bc41de8996886e751613c2b8e8e5"",""base"":""0x4dfbcd033662bc41de8996886e751613c2b8e8e5"",""robinhood"":""0x4dfbcd033662bc41de8996886e751613c2b8e8e5"",""binance_smart"":""0x4dfbcd033662bc41de8996886e751613c2b8e8e5""}",18
HjjmgBxtnu7soQfbyQAi3ZJAo8MPAA9rn6EPN2K9bonk_solana,DALE,The Surfing Frenchie,the-surfing-frenchie,HjjmgBxtnu7soQfbyQAi3ZJAo8MPAA9rn6EPN2K9bonk_solanandp.png,998739424,"{""solana"":""HjjmgBxtnu7soQfbyQAi3ZJAo8MPAA9rn6EPN2K9bonk""}",18
0xca4f53e6117623992126a9a45ce61682fe8678df_ethereum,POPPY,Poppy,poppy-2,0xca4f53e6117623992126a9a45ce61682fe8678df_ethereummf8.png,100000000,"{""ethereum"":""0xca4f53e6117623992126a9a45ce61682fe8678df""}",18
talis,TALIS,Talis,talis,talisaYh.png,987610656,"{""robinhood"":""0xd5d26bac627e8d9b67517be63dd418acb3a2d8e2""}",18
CuPrcDMz7CmzMeH8oGpmPXCTQfDmit2pgEE9UM1Dpump_solana,IMPERFECT,the imperfect coin,the-imperfect-coin,the-imperfect-coinlLy.png,990885091,"{""solana"":""CuPrcDMz7CmzMeH8oGpmPXCTQfDmit2pgEE9UM1Dpump""}",18
0xba5ede8d98ab88cea9f0d69918dde28dc23c2553_base,NORMUS,Normus,normus,normusKkK.png,1000000000,"{""base"":""0xba5ede8d98ab88cea9f0d69918dde28dc23c2553""}",18
wrapped-corinthians-kayen,WSCCP,Wrapped Corinthians (Kayen),wrapped-corinthians-kayen,wrapped-corinthians-kayen2rV.png,331351,"{""chiliz"":""0x89c2b844da2b9b12ee704e2b544cec064a9243a2""}",18
toge,TOGE,TOGE,toge,togeFdO.png,100000000000,"{""the-open-network"":""EQAR7L4ntuBUMY0KYAApsqRLD5CePfY0gtM14l6hOLvneBel""}",18
10-figs,FIGS,10 figs,10-figs,10-figsl5O.png,10,"{""solana"":""DpeJ6CkihBJzSNvgMcB9e56NT6Qiu2HL3nAGwYWUJESt""}",18
awesomex,AWX,AwesomeX,awesomex,awesomexsz8.png,1562341412705,"{""ethereum"":""0xa99afcc6aa4530d01dfff8e55ec66e4c424c048c""}",18
anime-token,ANI,Anime,anime-token,anime-token27i.png,68995933,"{""binance_smart"":""0xac472d0eed2b8a2f57a6e304ea7ebd8e88d1d36f"",""ethereum"":""0x75cb71325a44fb102a742626b723054acb7e1394"",""solana"":""AnimeXV38KBcwkdf8sQ3XES9pW6BiyCQPLUHvCrpTXgi""}",18
B8vV6An7xFF3bARB1cmU7TMfKNjjes2WvY7jWqiRc6K6_solana,POS,PengyOS,pengyos,pengyosvQe.png,998111902,"{""solana"":""B8vV6An7xFF3bARB1cmU7TMfKNjjes2WvY7jWqiRc6K6""}",18
0x891502ba08132653151f822a3a430198f1844115_base,BLUE,Blue Guy,blue-guy,0x891502ba08132653151f822a3a430198f1844115_baseO5D.png,1000000000,"{""base"":""0x891502ba08132653151f822a3a430198f1844115""}",18
0x5ba9bfffb868859064c33d4f995a0828b2b1d2d3_binance_smart,XLAB,Dexlab,dexlab-3,dexlab-3zVd.png,5000000000000,"{""binance_smart"":""0x5ba9bfffb868859064c33d4f995a0828b2b1d2d3"",""solana"":""XLnpFRQ3rSWupCRjuQfx74mgVoT3ezVJKE1CogRZxhH""}",18
apes-together-strong,APES,Apes Together Strong,apes-together-strong,apes-together-strongsTR.png,908111239,"{""solana"":""ChNrhBZwGtn1ZRsrdzcuBqiKTYfVViCPZqJdsgBHpump""}",18
diamond-hands-3,HODL,Diamond Hands,diamond-hands-3,diamond-hands-3SVj.png,999210847,"{""solana"":""5wJPNcDnxD2W24A7Xo5KdPsZo3aGGhV6LeTorbs8pump""}",18
0x5855da52aeb60a73088967a2d90c4891984a0465_base,ICCM,ICCM,iccm,iccmKIu.png,1000000000,"{""base"":""0x5855da52aeb60a73088967a2d90c4891984a0465""}",18
0x2206182a4264bce0663681448b24fc6781fc8e40_berachain,BULLA,Bulla,bulla-4,bulla-49kg.png,9999999999,"{""berachain"":""0x2206182a4264bce0663681448b24fc6781fc8e40""}",18
bigbear-ai-holdings-ondo-tokenized-stocks,BBAION,BigBear.ai Holdings (Ondo Tokenized Stock),bigbear-ai-holdings-ondo-tokenized-stocks,bigbear-ai-holdings-ondo-tokenized-stocksx5O.png,3741,"{""ethereum"":""0x1b8d3e59b31981385c066ee0916ec964628ff1f9"",""binance_smart"":""0x7ba995f1662a01f3be0dc299ce94bb7e9c7075f5"",""solana"":""YXE7mph6XhsgnyezkMEcTuohSuWhbLWfwx2Hh6mondo""}",18
SLAYg2S24PSaBc2Bs916E4PPbpiwNz3YmngLG6EKAc3_solana,SOLAYA,Solaya,solaya,SLAYg2S24PSaBc2Bs916E4PPbpiwNz3YmngLG6EKAc3_solana1wZ.png,924516774,"{""solana"":""SLAYg2S24PSaBc2Bs916E4PPbpiwNz3YmngLG6EKAc3""}",18
5YxXvio26Mv2RfZEYMPVcStKRVMG7TTjcWJjYjjGpump_solana,DARKHORSE,Dark Horse,dark-horse,dark-horse1zg.png,997520031,"{""solana"":""5YxXvio26Mv2RfZEYMPVcStKRVMG7TTjcWJjYjjGpump""}",18
0xe4b4c008ff36e3c50c4299c223504a480de9c833_ethereum,SS,Secret Society,secret-society,secret-societyVIK.png,10000000,"{""ethereum"":""0xe4b4c008ff36e3c50c4299c223504a480de9c833""}",18
2Zaq3WyDJj2ZkMcuqUiTBfAXCjqZtqihxcwUdwv9dyHA_solana,PEPE,Next Gen PEPE,next-gen-pepe,next-gen-pepeIEf.png,981723181,"{""solana"":""2Zaq3WyDJj2ZkMcuqUiTBfAXCjqZtqihxcwUdwv9dyHA""}",18
0x2896bf7bb2d4004ec18ac0c2cb92251646904444_binance_smart,SYNAP,Synap,synap,0x2896bf7bb2d4004ec18ac0c2cb92251646904444_binance_smartQJq.png,990048800,"{""binance_smart"":""0x2896bf7bb2d4004ec18ac0c2cb92251646904444""}",18
0x3e66c9a569efcf704391b54fd1eebd8ca0556960_ethereum,FUBAO,Fu Bao,fu-bao,0x3e66c9a569efcf704391b54fd1eebd8ca0556960_ethereumgj6.png,500250000000000,"{""ethereum"":""0x3e66c9a569efcf704391b54fd1eebd8ca0556960""}",18
sap-se-rstock,RSAP,SAP Tokenized Stock (Reality),sap-se-rstock,sap-se-rstockFdd.png,50.6409,"{""arbitrum-one"":""0x08f1b9ca8ff7f4da543b61a21702bf2323a18c65"",""morph-l2"":""0x2f3689ea3cb1229557c37f64934f75fb968aa8e8""}",18
J6Zh9N6AKkFySTpQD3wMbpoetPpwohvuq5YgVWKvpump_solana,SIGMEW,sigmew,sigmew,sigmewDfd.png,996778940,"{""solana"":""J6Zh9N6AKkFySTpQD3wMbpoetPpwohvuq5YgVWKvpump""}",18
nNcqotFpBF7hsAqbNs1v2cYWeMnaKjFc3D2gHoQpump_solana,MILKERS,milkers,milkers,milkers6Kq.png,999047031,"{""solana"":""nNcqotFpBF7hsAqbNs1v2cYWeMnaKjFc3D2gHoQpump""}",18
7sYAhEucFNkme29jHqSeFYNenAgD8krH9KmJeUs8Un43_solana,HYLX,HyperSwap AI,hyperswap-ai,7sYAhEucFNkme29jHqSeFYNenAgD8krH9KmJeUs8Un43_solana8Ze.png,991137408,"{""solana"":""7sYAhEucFNkme29jHqSeFYNenAgD8krH9KmJeUs8Un43""}",18
FP9axFNBC1V68BLTDqtWAP6vVVqP9daNr57wmx4Tpump_solana,GOONER,Gooner,gooner,goonerEN3.png,996823998,"{""solana"":""FP9axFNBC1V68BLTDqtWAP6vVVqP9daNr57wmx4Tpump""}",18
CvwWh9NVQJ12KJ3xqe5SzWAvdohdfD8sePo8STQApump_solana,VOYAGE,Voyager AI,voyager-ai,CvwWh9NVQJ12KJ3xqe5SzWAvdohdfD8sePo8STQApump_solanaa3O.png,999359610,"{""solana"":""CvwWh9NVQJ12KJ3xqe5SzWAvdohdfD8sePo8STQApump""}",18
curly,CURLY,Curly,curly,curlycP4.png,973914210,"{""solana"":""4gWDfyqELKDoVv1xv3NczHEpMgWDg5kDXZMHmvsypump""}",18
6U48jtR53ZK3E1MozLrpwJDTrtj74uuFhMGNzGY18YPu_solana,SHARKI,Sharki,sharki,sharkiv5l.png,989276921,"{""solana"":""6U48jtR53ZK3E1MozLrpwJDTrtj74uuFhMGNzGY18YPu""}",18
smartpractice,SMRT,SmartPractice,smartpractice,smartpracticel5d.png,999675615,"{""solana"":""HPePUpxriuXvUYkm9qUn1CaQeN5Z7yNL46XUTytWthvm""}",18
846XGqAnEhKFwc3QL2e5PQhSRvEbn9KspuxJ3nhY92kh_solana,PEPE,PEPE GOLD,pepe-gold,pepe-goldrql.png,997875393,"{""solana"":""846XGqAnEhKFwc3QL2e5PQhSRvEbn9KspuxJ3nhY92kh""}",18
0x0fd122a924c4528a78a8141bddd38a0e5ba35fa5_base,CREATOR,CreatorDAO,creatordao,0x0fd122a924c4528a78a8141bddd38a0e5ba35fa5_baseCWI.png,1000000000,"{""base"":""0x0fd122a924c4528a78a8141bddd38a0e5ba35fa5""}",18
0xf5bac7e015c03c2082409f0ddeb272c57e6be439_base,TESSERA,Tessera,tessera,tesseraDaI.png,1000000000,"{""base"":""0xf5bac7e015c03c2082409f0ddeb272c57e6be439""}",18
swingby,SWINGBY,Swingby,swingby,1597322441425.png,1000000000,"{""ethereum"":""0x8287c7b963b405b7b8d467db9d79eec40625b13a"",""binance"":""SWINGBY-888"",""binance_smart"":""0x71de20e0c4616e7fcbfdd3f875d568492cbe4739""}",18
usmeme,USM,USMeme,usmeme,usmemeYoR.png,99502138238,"{""near-protocol"":""usmeme.tg""}",18
0x42069e779838929495ed0152ffc27145ce5c7f98_ethereum,SPURDO,Spurdo,spurdo-2,0x42069e779838929495ed0152ffc27145ce5c7f98_ethereumyEq.png,420690000000000,"{""ethereum"":""0x42069e779838929495ed0152ffc27145ce5c7f98""}",18
DVguBpgnixDwVcM654YiaLCMNiY2cdUYJXJK3u9Gpump_solana,SILVER,silver coin,silver-coin-2,silver-coin-2ebS.png,999719317,"{""solana"":""DVguBpgnixDwVcM654YiaLCMNiY2cdUYJXJK3u9Gpump""}",18
3Yie9s6iuEmk8aiXYC19xaq2iccTuFzyfKBWv6gFpump_solana,NORA,NORA,nora,3Yie9s6iuEmk8aiXYC19xaq2iccTuFzyfKBWv6gFpump_solanay7w.png,999393840,"{""solana"":""3Yie9s6iuEmk8aiXYC19xaq2iccTuFzyfKBWv6gFpump""}",18
zebi,ZCO,Zebi,zebi,ZebimVz4b.png,500000000,"{""ethereum"":""0x2008e3057bd734e10ad13c9eae45ff132abc1722""}",18
silicon-motion-technology-corporation-ads-robinhood-token,SIMO,Silicon Motion Technology Corporation ADS • Robinhood Token,silicon-motion-technology-corporation-ads-robinhood-token,silicon-motion-technology-corporation-ads-robinhood-tokenhsF.png,37.894,"{""robinhood"":""0x77e655e37f4d913fb9540e0d541d824171a60e81""}",18
hood4663-2,HOOD,HOOD4663,hood4663-2,hood4663-2uEh.png,1000000000,"{""robinhood"":""0x499dc58539ba6869ee15b6c2a3c3c07f1ac4995f""}",18
meta-monopoly,MONOPOLY,Meta Monopoly,meta-monopoly,meta-monopolyXh8.png,1000000000,"{""ethereum"":""0x7d4a7be025652995364e0e232063abd9e8d65e6e""}",18
55WZGGCwE66xnCxBcAxKSNT49wzeaHhT9jE2xWSXpump_solana,MIKA,Mika Grok Companion,mika-grok-companion,mika-grok-companionAnN.png,998782043,"{""solana"":""55WZGGCwE66xnCxBcAxKSNT49wzeaHhT9jE2xWSXpump""}",18
He4FyrMqmDBP2yUk3UL4HLmgeUkcfhy1gcXuZPxtheBx_solana,TIAI,TITAN AI,titan-ai,He4FyrMqmDBP2yUk3UL4HLmgeUkcfhy1gcXuZPxtheBx_solanayKl.png,999930614,"{""solana"":""He4FyrMqmDBP2yUk3UL4HLmgeUkcfhy1gcXuZPxtheBx""}",18
6V4QLouv2HTbae34hBjLgW5Qc3kdquqFLBsDS3scR1CH_solana,GRODT,Get Rich or Die Trying,get-rich-or-die-trying,6V4QLouv2HTbae34hBjLgW5Qc3kdquqFLBsDS3scR1CH_solanazNV.png,999999998,"{""solana"":""6V4QLouv2HTbae34hBjLgW5Qc3kdquqFLBsDS3scR1CH""}",18
9MT9TEqxJQcSYjzBhXJzQvQa7rvjPLN7FyamYvZpump_solana,MECHAZILLA,Mechazilla for Scale,mechazilla-for-scale,mechazilla-for-scaleDsD.png,996806202,"{""solana"":""9MT9TEqxJQcSYjzBhXJzQvQa7rvjPLN7FyamYvZpump""}",18
bitfloki,BFLOKI,bitFloki,bitfloki,bitflokiA17.png,390000000000,"{""binance_smart"":""0x79cdc9ca057e16dffd45bd803491f328f49e1762""}",18
0x3afd2f72675e7d5ca6ea7b8fd17dd03e548f6b1d_ethereum,VITA,Vita.fun,vita-fun,0x3afd2f72675e7d5ca6ea7b8fd17dd03e548f6b1d_ethereum57m.png,10000,"{""ethereum"":""0x3afd2f72675e7d5ca6ea7b8fd17dd03e548f6b1d""}",18
3h1H6gNEGRsKCV76FDJTQaN9g1LNkGPPX3XmKdispump_solana,KORI,pomkori,pomkori,3h1H6gNEGRsKCV76FDJTQaN9g1LNkGPPX3XmKdispump_solanaRNf.png,998922801,"{""solana"":""3h1H6gNEGRsKCV76FDJTQaN9g1LNkGPPX3XmKdispump""}",18
0xe778fd9a8d074e4a808092896b33fe3d3452c125_ethereum,FROGGER,FROGGER,frogger,0xe778fd9a8d074e4a808092896b33fe3d3452c125_ethereumrvC.png,1000000000,"{""ethereum"":""0xe778fd9a8d074e4a808092896b33fe3d3452c125""}",18
EQC2GgCSJ6BNfug2ZgIrJIydrJhyIovfoLU31N-MnT5uV-9S_the-open-network,MEXCREWN,MexCrewn,mexcrewn,mexcrewnxaV.png,100000000,"{""the-open-network"":""EQC2GgCSJ6BNfug2ZgIrJIydrJhyIovfoLU31N-MnT5uV-9S""}",18
GF8ysB8rF9WjhrK5uVhRReubJtWpPzbztB7gVfAgsurg_solana,YONA,Yona,yona,yonapNA.png,999988940,"{""solana"":""GF8ysB8rF9WjhrK5uVhRReubJtWpPzbztB7gVfAgsurg""}",18
0xe6c854488811fbd6472b684360ad5c393c7bae8f_base,BID,bid.launch,bid-launch,bid-launchMAu.png,1000000000,"{""base"":""0xe6c854488811fbd6472b684360ad5c393c7bae8f""}",18
67xmJC4zGwmiqFBW6d6Fu3o4vkGEHxs9KKixbHuBpump_solana,FOMOCAT,fomocat,fomocat,fomocat7Ct.png,840081498,"{""solana"":""67xmJC4zGwmiqFBW6d6Fu3o4vkGEHxs9KKixbHuBpump""}",18
meta-doge,METADOGE,Meta Doge,meta-doge,meta-dogejPD.png,1000000000000000,"{""ethereum"":""0x8530b66ca3ddf50e0447eae8ad7ea7d5e62762ed"",""binance_smart"":""0x8530b66ca3ddf50e0447eae8ad7ea7d5e62762ed""}",18
0x7528bd0f620d1568c307cc8d5db481a29e8d4e37_binance_smart,P33L,THE P33L,the-p33l,the-p33lx2o.png,1000000000,"{""binance_smart"":""0x7528bd0f620d1568c307cc8d5db481a29e8d4e37"",""ethereum"":""0x7528bd0f620d1568c307cc8d5db481a29e8d4e37""}",18
EFY8GToe4HrmpYrRpfRUgNEPmfVnUbZrsUhd2mJQpump_solana,JEWELS,Jewels Da Goat,jewels-da-goat,EFY8GToe4HrmpYrRpfRUgNEPmfVnUbZrsUhd2mJQpump_solanaBO9.png,998742447,"{""solana"":""EFY8GToe4HrmpYrRpfRUgNEPmfVnUbZrsUhd2mJQpump""}",18
E95sJahssFKUk6jcWYbyfmjtcCsr4Z226HD9Qbjupump_solana,HOPPY,Rocket Frog,rocket-frog,rocket-frogFGm.png,998882899,"{""solana"":""E95sJahssFKUk6jcWYbyfmjtcCsr4Z226HD9Qbjupump""}",18
HkrchFiWgRuPTdmNvqrPRLANDdeuuCTQERaB2dJSpump_solana,BABEL,Babel,babel,HkrchFiWgRuPTdmNvqrPRLANDdeuuCTQERaB2dJSpump_solana3SL.png,1000000000,"{""solana"":""HkrchFiWgRuPTdmNvqrPRLANDdeuuCTQERaB2dJSpump""}",18
77KhqraBouiU91KRchLPY8DYbVtfsH4nSBgHCd4UAwBY_solana,BUTTCOIN,BUTTCOIN,buttcoin-3,77KhqraBouiU91KRchLPY8DYbVtfsH4nSBgHCd4UAwBY_solanaqYc.png,998776236,"{""solana"":""77KhqraBouiU91KRchLPY8DYbVtfsH4nSBgHCd4UAwBY""}",18
5mjbjHRb327yvcWUc5WPywhCbYi32pqUqxPUCtpipBLV_solana,RUNNIT,Runnit,runnit,5mjbjHRb327yvcWUc5WPywhCbYi32pqUqxPUCtpipBLV_solanaJgO.png,983866557,"{""solana"":""5mjbjHRb327yvcWUc5WPywhCbYi32pqUqxPUCtpipBLV""}",18
xgr,XGR,XGR,xgr,xgr2rT.png,6626062326,,
HEHT1eKNsTnuMAQaSM4ac8r3ynckmquxA3hUun5Npump_solana,FLOW,Flow Agent,flow-agent,HEHT1eKNsTnuMAQaSM4ac8r3ynckmquxA3hUun5Npump_solanabgh.png,999579356,"{""solana"":""HEHT1eKNsTnuMAQaSM4ac8r3ynckmquxA3hUun5Npump""}",18
0x732a1a9f7471ba4c153155be56a22e5888888888_binance_smart,SPCX,SPCX,spcx,0x732a1a9f7471ba4c153155be56a22e5888888888_binance_smart2sW.png,12500000,"{""binance_smart"":""0x732a1a9f7471ba4c153155be56a22e5888888888""}",18
robinhood-dinari-tokenized-stock,HOOD,Robinhood (Dinari Tokenized Stock),robinhood-dinari-tokenized-stock,robinhood-dinari-tokenized-stockswf.png,86.1962,"{""ethereum"":""0xcc195aa6859fbbe792b9e0b18c74c00a0e90c1f8"",""base"":""0x0c9b4fbff1971b5b1d7b50b1f3483cc5007c4621"",""arbitrum-one"":""0x0753d920a5e37b0bf2114a7b4a71d46f66ce4b30"",""avalanche"":""0xc0fb7203304217e947506e55b8e8c9ee825e6e9f""}",18
3dQugtW8ne2PHcjoGFek2j8Ht7o87jKqaSPNWuC2pump_solana,THRT,Threat Research & History Trail,threat-research-history-trail,threat-research-history-trailEf9.png,989740093,"{""solana"":""3o2ySLzzvf94VwGnqhNqxHx3Bq4NNimTVr9UKuksTHRT""}",18
0x361d8623dc1d91e04ebc148687719aace282249a_ronin,$KOKU,Koku The Shikoku,koku-the-shikoku,koku-the-shikokuzqA.png,1000000000,"{""ronin"":""0x361d8623dc1d91e04ebc148687719aace282249a""}",18
0x218d0dc56476b05f131bd6cc82b80c7b052fa9b1_robinhood,BELL,Openbell,openbell,0x218d0dc56476b05f131bd6cc82b80c7b052fa9b1_robinhoodeqT.png,1000000000,"{""robinhood"":""0x218d0dc56476b05f131bd6cc82b80c7b052fa9b1""}",18
unicorn-7,UNICORN,Unicorn,unicorn-7,unicorn-7m8a.png,1000000000,"{""robinhood"":""0xfeacef09be172634bd8cadc2429b92eb4ed73799""}",18
linkhash,LHX,LinkHash,linkhash,linkhashVoF.png,999996194,"{""solana"":""9LrT8gAKJ5qUJA1wJoQRrVfapJGrNnU2ca5UYiJipump""}",18
invesco-phlx-semiconductor-etf-ondo-tokenized,SOXQON,Invesco PHLX Semiconductor ETF (Ondo Tokenized),invesco-phlx-semiconductor-etf-ondo-tokenized,invesco-phlx-semiconductor-etf-ondo-tokenizedl10.png,99.6793,"{""ethereum"":""0x4032d3076974b89238adfe61085ec57fc4522646"",""binance_smart"":""0x15688f10470dfddcb4e2d60cd2acfd3ec418317a"",""solana"":""io3eLhnjT1a94JpzAUMWKqwMYHZRwvtGXjkkXsPondo""}",18
the-first-crypto-dog,BUDDY,The first crypto Dog,the-first-crypto-dog,the-first-crypto-dogWHt.png,967448646,"{""solana"":""7MYegHoqDGhWdvrnxeuiAEndgG6qcs1N3W5v6SXspump""}",18
G4ZgRBCFYMEm3JmFRg29epeTTWrWt8kbhjgsY8BFpump_solana,PEGECOIN,Pege,pege,G4ZgRBCFYMEm3JmFRg29epeTTWrWt8kbhjgsY8BFpump_solanaHip.png,998204907,"{""solana"":""G4ZgRBCFYMEm3JmFRg29epeTTWrWt8kbhjgsY8BFpump""}",18
wowo,WOWO,WOWO,wowo,wowonSu.png,949017100,"{""radix"":""resource_rdx1t4kc5ljyrwlxvg54s6gnctt7nwwgx89h9r2gvrpm369s23yhzyyzlx""}",18
0x43c451d8102337ccf399b0f6ebf63837075d9689_base,VERTEX,AI VERTEX by Virtuals,ai-vertex-by-virtuals,0x43c451d8102337ccf399b0f6ebf63837075d9689_base1Ug.png,1000000000,"{""base"":""0x43c451d8102337ccf399b0f6ebf63837075d9689""}",18
4RwVoEESmPWWXG1wJGgpbapYsRdfB2Q3mVHkYXtLbonk_solana,JOJO,JOJO,jojo-3,4RwVoEESmPWWXG1wJGgpbapYsRdfB2Q3mVHkYXtLbonk_solanaGIT.png,999832462,"{""solana"":""4RwVoEESmPWWXG1wJGgpbapYsRdfB2Q3mVHkYXtLbonk""}",18
B9zze29or7CJs1nBrigSCWSibfxvkmieFXcGg5cxbonk_solana,DREAM,Dreamsync,dreamsync,B9zze29or7CJs1nBrigSCWSibfxvkmieFXcGg5cxbonk_solanafRp.png,999858301,"{""solana"":""B9zze29or7CJs1nBrigSCWSibfxvkmieFXcGg5cxbonk""}",18
0xe76a12bcd2f0e6d3db9f9012321642198e6cbd1b_robinhood,RH4,rh4.cpu,rh4-cpu,rh4-cpuG9W.png,1000000000,"{""robinhood"":""0xe76a12bcd2f0e6d3db9f9012321642198e6cbd1b""}",18
8Y5MwnUM19uqhnsrFnKijrmn33CmHBTUoedXtTGDpump_solana,BASEDD,BASEDD House,basedd-house,basedd-houseWnm.png,999601217,"{""solana"":""8Y5MwnUM19uqhnsrFnKijrmn33CmHBTUoedXtTGDpump""}",18
JAuN3RKZR9KSKdmBCH83VXGmTvkbobuLrawZ5G3upump_solana,MONK,MONK,monk-2,monk-2ifm.png,988543733,"{""solana"":""JAuN3RKZR9KSKdmBCH83VXGmTvkbobuLrawZ5G3upump""}",18
rig-token,RIG,RIG TOKEN,rig-token,rig-tokenpwr.png,100000000,"{""binance_smart"":""0x06f5f4875652e9aa871bfeb444bb80e2b2071d7a""}",18
memes,MEMES,MEMES,memes,memesuOc.png,123000000000,"{""the-open-network"":""EQACQgOerREZ0dzqmDfyRYSryrNJCQbdNL8pxxgICenLElMM""}",18
HGTXnhgyast5fJKhMcE4VgyeEVWhYKEsHxpZtpjhrYqA_solana,UTCC,Utopian Contributor Coin,utopian-contributor-coin,HGTXnhgyast5fJKhMcE4VgyeEVWhYKEsHxpZtpjhrYqA_solanaSak.png,996925893,"{""solana"":""HGTXnhgyast5fJKhMcE4VgyeEVWhYKEsHxpZtpjhrYqA""}",18
Gh8yeA9vH5Fun7J6esFH3mV65cQTBpxk9Z5XpzU7pump_solana,RHUN,Rhun Capital,rhun-capital,Gh8yeA9vH5Fun7J6esFH3mV65cQTBpxk9Z5XpzU7pump_solanaAYQ.png,999724459,"{""solana"":""Gh8yeA9vH5Fun7J6esFH3mV65cQTBpxk9Z5XpzU7pump""}",18
8ZEfp4PkEMoGFgphvxKJrDySfS3T73DBfxKCdAsPpump_solana,8,8,8-token,8-tokenvED.png,998702492,"{""solana"":""8ZEfp4PkEMoGFgphvxKJrDySfS3T73DBfxKCdAsPpump""}",18
okratech-token,ORT,Okratech,okratech-token,okratech-token9rx.png,874000000,"{""binance_smart"":""0x9e711221b34a2d4b8f552bd5f4a6c4e7934920f7""}",18
3aqXuwp6HuVXs9vdD9Gpg4dzJaUx443RjK7GXzphpump_solana,FRANK,Frank Ocean,frank-ocean,frank-oceanYNs.png,960930738,"{""solana"":""3aqXuwp6HuVXs9vdD9Gpg4dzJaUx443RjK7GXzphpump""}",18
kattana,KTN,Kattana,kattana,kattanagHT.png,10000000,"{""ethereum"":""0x491e136ff7ff03e6ab097e54734697bb5802fc1c"",""binance_smart"":""0xdae6c2a48bfaa66b43815c5548b10800919c993e""}",18
F14hCmEKjcaXobNE2fMdRX9EcetC2oNuiZVjpce1iohE_solana,TURT,Turtle on Speed,turtle-on-speed,F14hCmEKjcaXobNE2fMdRX9EcetC2oNuiZVjpce1iohE_solanaRdW.png,998818651,"{""solana"":""F14hCmEKjcaXobNE2fMdRX9EcetC2oNuiZVjpce1iohE""}",18
arista-networks-rstock,RANET,Arista Networks Tokenized Stock (Reality),arista-networks-rstock,arista-networks-rstock2Jl.png,49.7203,"{""arbitrum-one"":""0x022aa996eef50567fb3e0eb9c081ee265bc180a6"",""morph-l2"":""0xa757cb8047b2c3543c73678bc66f25a557fd0720""}",18
5Psvm4XSKDzFyXykWeYxWUPFgJDfT4EWQMa6mabCbonk_solana,DONK,donk on bonk,donk-on-bonk,5Psvm4XSKDzFyXykWeYxWUPFgJDfT4EWQMa6mabCbonk_solanaBug.png,68907536888,"{""solana"":""5Psvm4XSKDzFyXykWeYxWUPFgJDfT4EWQMa6mabCbonk""}",18
7W4geAJyy7hxuPXESMMBaW8Zi4MbhVN9uvt6BJ2SEPAV_solana,NYX,Nyx Eternal,nyx-eternal,7W4geAJyy7hxuPXESMMBaW8Zi4MbhVN9uvt6BJ2SEPAV_solanaVBf.png,978468955,"{""solana"":""7W4geAJyy7hxuPXESMMBaW8Zi4MbhVN9uvt6BJ2SEPAV""}",18
9Yn6bnF3eKLqocUVMxduh7WWqgQZ8DvWQDYTX9Ncpump_solana,ZKSL,zkSealevel,zksl,9Yn6bnF3eKLqocUVMxduh7WWqgQZ8DvWQDYTX9Ncpump_solanaifV.png,968559594,"{""solana"":""9Yn6bnF3eKLqocUVMxduh7WWqgQZ8DvWQDYTX9Ncpump""}",18
HrTofxQLFCF86icrLQ81KRLsYM2iWVZEsKtunwVz7qNe_solana,$HUSKY,Husky,husky-2,HrTofxQLFCF86icrLQ81KRLsYM2iWVZEsKtunwVz7qNe_solanakDW.png,998787695,"{""solana"":""HrTofxQLFCF86icrLQ81KRLsYM2iWVZEsKtunwVz7qNe""}",18
0xbe445f5ef7edb8829203ab0a3298d9eff4560616_ethereum,$RIPPER,Bush Ripper,bush-ripper,0xbe445f5ef7edb8829203ab0a3298d9eff4560616_ethereum1GQ.png,420690000000,"{""ethereum"":""0xbe445f5ef7edb8829203ab0a3298d9eff4560616""}",18
odie-on-sol,ODIE,Odie,odie-on-sol,odie-on-solhuf.png,984917412,"{""solana"":""DEhDXhtUFuz6Uodhde3rznGbVbdiECahp1kTHnFpsna3""}",18
5NHd3MsP6dXi9r1saPkeB2DoZyXLvPiqv4n9J54Cpump_solana,DANNY,Degen Danny,degen-danny,degen-danny63g.png,1000000000,"{""solana"":""5NHd3MsP6dXi9r1saPkeB2DoZyXLvPiqv4n9J54Cpump""}",18
brainblast,BRAIN,Brainblast,brainblast,brainblastWze.png,978659908,"{""solana"":""7qSrCNchoiFxtxikTJm8x892tGdrtNgsaghfcnDBpump""}",18
BykkD9369RvXuEDbR7pTRz49b7cfLRTzHgSVoqK8gc15_solana,WCC,White Coffee Cat,white-coffee-cat,white-coffee-catv5m.png,999959149,"{""solana"":""BykkD9369RvXuEDbR7pTRz49b7cfLRTzHgSVoqK8gc15""}",18
cronos-army,CA,Cronos Army,cronos-army,cronos-armyxMn.png,941266207,"{""cronos"":""0x444075ea64d69bf5002ae1a7f44642e46f8b56d4"",""binance_smart"":""0x66daa21e4a2199f80dbbb6c7e6a4ebb4ca0e46ce""}",18
fetchr,FETCHR,FETCHR,fetchr,fetchrMcP.png,918988171,"{""solana"":""HUtnmegDSBQ823ceAaDX6GemXZ4UUgy2eNLnY5Tepump""}",18
BLiFF7FoZrs9AMnZnn8dXn89wybGiFgQtpRDqMsdLQF_solana,BLIFFY,Bliffy,bliffy,bliffy0fW.png,21000000000,"{""solana"":""BLiFF7FoZrs9AMnZnn8dXn89wybGiFgQtpRDqMsdLQF""}",18
2f2vJQzG1TXCDJ45r8ALGYXvBkQSsow1X4XPUL21pump_solana,ASTRO,Astro Markets,astro-markets,astro-markets0Jl.png,988908559,"{""solana"":""2f2vJQzG1TXCDJ45r8ALGYXvBkQSsow1X4XPUL21pump""}",18
tokeo,TOKE,Tokeo,tokeo,tokeoUKQ.png,100000000,"{""cardano"":""375df3f2fb44d3c42b3381a09edd4ea2303a57ada32b5308c0774ee0""}",18
paribus,PBX,Paribus,paribus,paribusn2t.png,9282289336,"{""ethereum"":""0xd528cf2e081f72908e086f8800977df826b5a483"",""arbitrum-one"":""0xbad58ed9b5f26a002ea250d7a60dc6729a4a2403"",""cardano"":""cc8d1b026353022abbfcc2e1e71159f9e308d9c6e905ac1db24c7fb650617269627573""}",18
0xbbf81ddc9fb90cf9146b495ce0546a3460fd1769_base,BRAZA,BRAZA by Virtuals,braza-by-virtuals,0xbbf81ddc9fb90cf9146b495ce0546a3460fd1769_basen6m.png,1000000000,"{""base"":""0xbbf81ddc9fb90cf9146b495ce0546a3460fd1769""}",18
0x4e229ee3aea5047dc070b07483d8975485dd4444_binance_smart,币安时代,币安时代 (Binance Era),binance-era,binance-era1Ug.png,1000000000,"{""binance_smart"":""0x4e229ee3aea5047dc070b07483d8975485dd4444""}",18
6CRayr4GnspC1GUDLs693oPk7AoDSXLXSx9kskgupump_solana,SHARK,SharkPool,sharkpool,sharkpoolJ6l.png,999307113,"{""solana"":""6CRayr4GnspC1GUDLs693oPk7AoDSXLXSx9kskgupump""}",18
solamander,SOLY,Solamander,solamander,solamanderTV3.png,999172141,"{""solana"":""CUwif1FiX5b3bwwb2n5Bm35AixvnR8LJjGUVmEwNZNgR""}",18
CmUnSFZCKUFGs2L8eZGQukAj833Y8r2SiJav55Nnrihd_solana,KARMA/SOL,Karma,chad-4,CmUnSFZCKUFGs2L8eZGQukAj833Y8r2SiJav55Nnrihd_solana2U4.png,1000000000,"{""solana"":""CmUnSFZCKUFGs2L8eZGQukAj833Y8r2SiJav55Nnrihd""}",18
EG6WeiR2DymUVVjNHEU4MEJXmWnzXJhk3JerRy4gpump_solana,SNAIL,a slow runner,a-slow-runner,a-slow-runnerkjZ.png,995763643,"{""solana"":""EG6WeiR2DymUVVjNHEU4MEJXmWnzXJhk3JerRy4gpump""}",18
TKaPzvnXD9Tb2E5XHb54vwDCyHz2LbKAnc_tron,USDWON,Won Chang,won-chang,TKaPzvnXD9Tb2E5XHb54vwDCyHz2LbKAnc_tronLLR.png,1000000000,"{""tron"":""TKaPzvnXD9Tb2E5XHb54vwDCyHz2LbKAnc""}",18
roundhill-memory-etf-st0x-tokenized-etf,WTDRAM,Roundhill Memory ETF (ST0x Tokenized ETF),roundhill-memory-etf-st0x-tokenized-etf,roundhill-memory-etf-st0x-tokenized-etfIIv.png,163.7553,"{""base"":""0x1a91df4a970ebab1bb4af32eb6d10509028ee4b8""}",18
tren-protocol-token,TREN,TREN Protocol Token,tren-protocol-token,tren-protocol-tokenFxn.png,1000000000,"{""base"":""0xa77e22bfaee006d4f9dc2c20d7d337b05125c282""}",18
celsius-robinhood-tokenized-stock,CELH,Celsius • Robinhood Token,celsius-robinhood-tokenized-stock,celsius-robinhood-tokenized-stockJIc.png,382.126,"{""robinhood"":""0x8cf07c5a878945185d327aaa6e33faa95f95e7bf""}",18
dogwifouthat,WIFOUT,dogwifouthat,dogwifouthat,dogwifouthatiHu.png,1000000000,"{""solana"":""2ioyweEeV4xJCkFJvh868X9iP3L6Q31MVCawfbJLRTHq""}",18
GUfyGEF62BUUqj5f5PveZknhBQMWWFSXm2jqAdikpump_solana,MUSK,elon musk,elon-musk,elon-muskDzp.png,999142984,"{""solana"":""GUfyGEF62BUUqj5f5PveZknhBQMWWFSXm2jqAdikpump""}",18
7VYXBSQa79BuBrutcdKMXJodT8TLS7aDv6chaF3sbonk_solana,WOJAK,Wojak,wojak-2,wojak-2smE.png,997106556,"{""solana"":""7VYXBSQa79BuBrutcdKMXJodT8TLS7aDv6chaF3sbonk""}",18
wendy-s-astock,AWEN,Wendy's aStock,wendy-s-astock,wendy-s-astockpWN.png,1656,"{""arbitrum-one"":""0x4644fd1eab16a21969b4c16be8a2d5c986033f2a"",""monad"":""0x4644fd1eab16a21969b4c16be8a2d5c986033f2a"",""ethereum"":""0x4644fd1eab16a21969b4c16be8a2d5c986033f2a"",""base"":""0x4644fd1eab16a21969b4c16be8a2d5c986033f2a"",""robinhood"":""0x4644fd1eab16a21969b4c16be8a2d5c986033f2a"",""binance_smart"":""0x4644fd1eab16a21969b4c16be8a2d5c986033f2a""}",18
65YnRAiThkUda2czNFXVuMaCTiNpiq3LLLWbtGTLpump_solana,ALIENS,Aliens.GOV,aliens-gov,aliens-govtLW.png,999608519,"{""solana"":""65YnRAiThkUda2czNFXVuMaCTiNpiq3LLLWbtGTLpump""}",18
ballerina-cappuccina-2,BALLERINA,Ballerina Cappuccina,ballerina-cappuccina-2,ballerina-cappuccina-2OGH.png,999165634,"{""solana"":""8wdL6Htn346sjpmosDm3gCJXkDbWBbeCc3LmYRNApump""}",18
0x42069f39c71816cea208451598425b492dd2b380_ethereum,GOOMPY,Goompy,goompy,0x42069f39c71816cea208451598425b492dd2b380_ethereumaI9.png,420690000000,"{""ethereum"":""0x42069f39c71816cea208451598425b492dd2b380""}",18
2J5Dpp57RsjLBkJrEvyrAQpg8qWvgadUeJR4Ln7bpump_solana,GNOME,Gnome,gnome-2,2J5Dpp57RsjLBkJrEvyrAQpg8qWvgadUeJR4Ln7bpump_solanaC7i.png,997619738,"{""solana"":""2J5Dpp57RsjLBkJrEvyrAQpg8qWvgadUeJR4Ln7bpump""}",18
zrvL3iuAqoBdfwAmaUYrYcS8UjUk6LbKrexT7aepump_solana,PIM,PIM PIMLING,pim-pimling,zrvL3iuAqoBdfwAmaUYrYcS8UjUk6LbKrexT7aepump_solanaLHL.png,746740369,"{""solana"":""zrvL3iuAqoBdfwAmaUYrYcS8UjUk6LbKrexT7aepump""}",18
H1hcBegR2A6b2mCGqhH5zA4sTZvMxrqT4v3fHY1kpump_solana,ZB,ZeroByte,zerobyte,H1hcBegR2A6b2mCGqhH5zA4sTZvMxrqT4v3fHY1kpump_solanaoWt.png,999057689,"{""solana"":""H1hcBegR2A6b2mCGqhH5zA4sTZvMxrqT4v3fHY1kpump""}",18
EUdQbKfHucJe99GVt3HQMUZCQtWtvXFyjvrqDWctpump_solana,FOOTCOIN,footcoin,footcoin,EUdQbKfHucJe99GVt3HQMUZCQtWtvXFyjvrqDWctpump_solanav5R.png,1000000000,"{""solana"":""EUdQbKfHucJe99GVt3HQMUZCQtWtvXFyjvrqDWctpump""}",18
He2EL8hzZKZEQPZw3TvHCRoBeuh4rQzCBxvv3uCCpump_solana,RETARD,RETARD AI,retard-ai,He2EL8hzZKZEQPZw3TvHCRoBeuh4rQzCBxvv3uCCpump_solanadu8.png,989862948,"{""solana"":""He2EL8hzZKZEQPZw3TvHCRoBeuh4rQzCBxvv3uCCpump""}",18
6f8V8b9eG5Bhy8iVedzdrX7LyoQKk1Ag6G56XHfYpump_solana,JANRO,Janro The Rat,janro-the-rat,6f8V8b9eG5Bhy8iVedzdrX7LyoQKk1Ag6G56XHfYpump_solanayTh.png,999797112,"{""solana"":""6f8V8b9eG5Bhy8iVedzdrX7LyoQKk1Ag6G56XHfYpump""}",18
0x696733ce8f387c7a648443d9e21c6c1ee8519b94_ethereum,SUKI,SUKI,suki,0x696733ce8f387c7a648443d9e21c6c1ee8519b94_ethereum1AW.png,183789475,"{""ethereum"":""0x696733ce8f387c7a648443d9e21c6c1ee8519b94""}",18
79HZeHkX9A5WfBg72ankd1ppTXGepoSGpmkxW63wsrHY_solana,$UOS,Universal Operating System [OLD],universal-operating-system,79HZeHkX9A5WfBg72ankd1ppTXGepoSGpmkxW63wsrHY_solana2Wu.png,999944333,"{""solana"":""79HZeHkX9A5WfBg72ankd1ppTXGepoSGpmkxW63wsrHY""}",18
zoo-crypto-world,ZOO,ZOO Crypto World,zoo-crypto-world,zoo-crypto-worldyME.png,108323385,"{""binance_smart"":""0x1d229b958d5ddfca92146585a8711aecbe56f095""}",18
y7WrhyUxATe9xMmdQKGp2pcgZYZPie8wsZuCV1oUkcj_solana,CHWY,CHEWY,chewy,chewyzgt.png,0,"{""solana"":""y7WrhyUxATe9xMmdQKGp2pcgZYZPie8wsZuCV1oUkcj""}",18
xoe,XOE,XOE,xoe,xoeXbJ.png,1000000000,"{""base"":""0xb455c23dec25fcf98e46e6a87bf3de67134c6e7f""}",18
octofi,OCTO,OctoFi,octofi,octofioQ5.png,800000,"{""ethereum"":""0x7240ac91f01233baaf8b064248e80feaa5912ba3"",""fantom"":""0x639a647fbe20b6c8ac19e48e2de44ea792c62c5c""}",18
0xe63d9cb1b85cb34b9e48770d727d2240922d4444_binance_smart,以和为贵,以和为贵 (Yi He Wei Gui),yi-he-wei-gui,yi-he-wei-gui5h6.png,1000000000,"{""binance_smart"":""0xe63d9cb1b85cb34b9e48770d727d2240922d4444""}",18
blockfirm,BLOCKFIRM,BLOCKFIRM,blockfirm,blockfirmQPU.png,955589713,"{""solana"":""HBBzqNDkkjrBJh8a72t5qQAkXXzdSacD6sFStnTPpump""}",18
abrdn-physical-palladium-shares-etf-dinari-tokenized-etf,PALL,abrdn Physical Palladium Shares ETF (Dinari Tokenized ETF),abrdn-physical-palladium-shares-etf-dinari-tokenized-etf,abrdn-physical-palladium-shares-etf-dinari-tokenized-etfOCa.png,476.065,"{""ethereum"":""0x328a9bc033b22de0b82762c49762ce1440b45d4b"",""base"":""0x314936e9cdc0df06941d2e84949a58e0f5f82e6a"",""arbitrum-one"":""0x7a2abf0543674ba1bb618b1e88118e8a4fefab48"",""avalanche"":""0xaa020a49da3cc1d4c2273072ea27d5518ac2341f""}",18
Gv8mfuosgCKCj9tPs9VWS1GzETemr69Lnr2jwjbWpump_solana,HSM,Heart Sparkle Mermaid,heart-sparkle-mermaid,Gv8mfuosgCKCj9tPs9VWS1GzETemr69Lnr2jwjbWpump_solanax4o.png,998984061,"{""solana"":""Gv8mfuosgCKCj9tPs9VWS1GzETemr69Lnr2jwjbWpump""}",18
old-bitcoin,BC,Old Bitcoin,old-bitcoin,old-bitcoin8yO.png,21000000,"{""ethereum"":""0xe03b2642a5111ad0efc0cbce766498c2dd562ae9""}",18
CJUrENDAuSm4FxxziUgftnUJqqXjm4VL1zhJgwXupump_solana,HENRY,The Man from the Future,the-man-from-the-future,the-man-from-the-futureqFh.png,999360490,"{""solana"":""CJUrENDAuSm4FxxziUgftnUJqqXjm4VL1zhJgwXupump""}",18
tbag,TBAG,TBAG,tbag,tbagfxK.png,1000000000,"{""linea"":""0x67454b41baf8d29751cc64f60e3c62b5634567a4""}",18
0xa2b58640b13b39bf67b94d710205d8f683d46a7f_ethereum,DILEM,DilemmAI,dilemmai,dilemmaiGPC.png,171078,"{""ethereum"":""0xa2b58640b13b39bf67b94d710205d8f683d46a7f""}",18
tshot-token,TSHOT,TSHOT Token,tshot-token,tshot-tokenRvz.png,82468,"{""flow-evm"":""0xc618a7356fcf601f694c51578cd94144deaee690""}",18
AXzueZQiCjJStGPuGTYt1jyJdG7pcSwjVorWmpN9vm1i_solana,FROX,Frox,frox,AXzueZQiCjJStGPuGTYt1jyJdG7pcSwjVorWmpN9vm1i_solana27r.png,999565852,"{""solana"":""AXzueZQiCjJStGPuGTYt1jyJdG7pcSwjVorWmpN9vm1i""}",18
acton,ACTON,Acton,acton,actonYb7.png,100000000,"{""the-open-network"":""EQBrE_gHNIgXiYHoAxtFMFeA07xNtYWpWc7bqkgQh4S-bZ8t""}",18
H1pRLTGu9Q3Kv6ziV9DCvTxNQA2vAVocYuGb41wZ1FBk_solana,BPAD,BelievePad,believepad,H1pRLTGu9Q3Kv6ziV9DCvTxNQA2vAVocYuGb41wZ1FBk_solanaumd.png,997246582,"{""solana"":""H1pRLTGu9Q3Kv6ziV9DCvTxNQA2vAVocYuGb41wZ1FBk""}",18
upside-down-cat,USDC,UpSide Down Cat,upside-down-cat,upside-down-catNdp.png,981277236,"{""solana"":""F3UfckxLPtCmFQZ8WDkDsYiwDHFzpdFrC1sfNkEofJH1""}",18
HootvhN1jGXQk8APL2fD1StHqu9eWZJbMmfdutf9hnLV_solana,HOOT,HOOT Solana,hoot-solana,HootvhN1jGXQk8APL2fD1StHqu9eWZJbMmfdutf9hnLV_solanaqxR.png,999039070,"{""solana"":""HootvhN1jGXQk8APL2fD1StHqu9eWZJbMmfdutf9hnLV""}",18
iluminary-token,ILMT,iLuminary Token,iluminary-token,iluminary-tokenyZJ.png,139368333,"{""binance_smart"":""0x98a0a245ef9a96cf28f1ebf1a3b3bc562ed8d783""}",18
institutional-usd-yield-vault,EXAUSD,Institutional USD Yield Vault,institutional-usd-yield-vault,institutional-usd-yield-vaultsSO.png,34776201,"{""base"":""0xdddff4be1a90cd6f05ce1e977c674ff3aa556c97""}",18
FwZxfG6WHcAAJD5ShYZZQNQCNgtrw2oniQhoDXR5pump_solana,IRLCOIN,in real life coin,in-real-life-coin,FwZxfG6WHcAAJD5ShYZZQNQCNgtrw2oniQhoDXR5pump_solanarBE.png,998080871,"{""solana"":""FwZxfG6WHcAAJD5ShYZZQNQCNgtrw2oniQhoDXR5pump""}",18
0x70bb8bcfafcf60446d5071d4427da8e99f0168aa_ethereum,BIRDEI,Birdei,birdei,0x70bb8bcfafcf60446d5071d4427da8e99f0168aa_ethereum4TN.png,1000000000,"{""ethereum"":""0x70bb8bcfafcf60446d5071d4427da8e99f0168aa""}",18
dungeonswap,DND,DungeonSwap,dungeonswap,dungeonswapBQA.png,5889223,"{""binance_smart"":""0x14c358b573a4ce45364a3dbd84bbb4dae87af034""}",18
rigetti-computing-robinhood-tokenized-stock,RGTI,Rigetti Computing • Robinhood Token,rigetti-computing-robinhood-tokenized-stock,rigetti-computing-robinhood-tokenized-stockH4s.png,608.821,"{""robinhood"":""0x284358abc07f9359f19f4b5b4ac91901be2597ba""}",18
2fZTwhbLg3xPquk8CqS3KKYbrNMbhKj7Q5zBKuT2pump_solana,$KEK,$KEK,kek-2,2fZTwhbLg3xPquk8CqS3KKYbrNMbhKj7Q5zBKuT2pump_solanavY7.png,999558357,"{""solana"":""2fZTwhbLg3xPquk8CqS3KKYbrNMbhKj7Q5zBKuT2pump""}",18
0x8c23e759ca0822beeff603bacaceb16d84e9a1cf_base,AAAI,AAAI_agent by Virtuals,aaai_agent-by-virtuals,0x8c23e759ca0822beeff603bacaceb16d84e9a1cf_baseE9Y.png,1000000000,"{""base"":""0x8c23e759ca0822beeff603bacaceb16d84e9a1cf""}",18
trade-pools,POOLS,Trade Pools,trade-pools,trade-poolssNy.png,1000000000,"{""robinhood"":""0x7fe3778b2520a5868fb8bc16fea0f33dd9e7122a""}",18
FFvp48WygUSxCCNP3n9Zu5G7F2yatwXQHbpD2Mkkpump_solana,SKIBIDI,Skibidi Toilet,skibidi-toilet-3,skibidi-toilet-38B9.png,992698994,"{""solana"":""FFvp48WygUSxCCNP3n9Zu5G7F2yatwXQHbpD2Mkkpump""}",18
coded,CODED,Coded,coded,codedBVs.png,997867777,"{""solana"":""2Se6tpGxjBPvuvk93LphyvUKVk7M8J5LMQkKEf4Gpump""}",18
FY7EieWUE7ifbQoABC73w6bxjuRtc53PdJAnojQ3pump_solana,LORIA,New Truth Terminal,new-truth-terminal,FY7EieWUE7ifbQoABC73w6bxjuRtc53PdJAnojQ3pump_solanasZ5.png,997552642,"{""solana"":""FY7EieWUE7ifbQoABC73w6bxjuRtc53PdJAnojQ3pump""}",18
HEPvyunjSoiua8rAWZVMjgZ5TLp9vMQ61iGQh2u7pump_solana,XOGE,Xoge,xoge,xogeWjj.png,999423053,"{""solana"":""HEPvyunjSoiua8rAWZVMjgZ5TLp9vMQ61iGQh2u7pump""}",18
0xb3a1146f8dba4f5940480764f204047d8ce0794286c8e5bdc1c111ca2a2ea8ae::bullshark::BULLSHARK_sui,BSHARK,BULLSHARK,bullshark,bullsharkqLl.png,1000000000,"{""sui"":""0xb3a1146f8dba4f5940480764f204047d8ce0794286c8e5bdc1c111ca2a2ea8ae::bullshark::BULLSHARK""}",18
BDbhJUMgQBQ1bJTKhSS9NsxZdfaiBG6Hgp8qNKpc3YSX_solana,TUCKER,Pnut's Dog,pnut-s-dog,BDbhJUMgQBQ1bJTKhSS9NsxZdfaiBG6Hgp8qNKpc3YSX_solanafTL.png,991942065,"{""solana"":""BDbhJUMgQBQ1bJTKhSS9NsxZdfaiBG6Hgp8qNKpc3YSX""}",18
HJUfqXoYjC653f2p33i84zdCC3jc4EuVnbruSe5kpump_solana,LOGOS,LOGOSAI,logosai,HJUfqXoYjC653f2p33i84zdCC3jc4EuVnbruSe5kpump_solana2pE.png,999590816,"{""solana"":""HJUfqXoYjC653f2p33i84zdCC3jc4EuVnbruSe5kpump""}",18
6TcoT3vcexjsMuuLvS9DhBUrVVcoqBMHEppQGQLMpump_solana,BNTY,Bounty,bounty-3,6TcoT3vcexjsMuuLvS9DhBUrVVcoqBMHEppQGQLMpump_solanaGxB.png,999335331,"{""solana"":""6TcoT3vcexjsMuuLvS9DhBUrVVcoqBMHEppQGQLMpump""}",18
vladdy,VLAD,vladdy,vladdy,vladdyN9d.png,899776750,"{""robinhood"":""0xa9038d2c4e798d10dd46c2fdb1f72c9b397bbdad""}",18
cipher-digital-rstock,RCIFR,Cipher Mining Tokenized Stock (Reality),cipher-digital-rstock,cipher-digital-rstock8GR.png,740.4938,"{""arbitrum-one"":""0x409b1c1c984b43ad2d5ee55af16d31edbb4214eb"",""morph-l2"":""0x8ce220fe96c3d46d4e62d0f9f6957af540b229a4""}",18
3pKf5xsDUU5BTWzDUaS3XfiGPi1ihcvoP68pXpU1bonk_solana,PROPHECY,The Bonk Prophecy,the-bonk-prophecy,the-bonk-prophecyRlw.png,954029882,"{""solana"":""3pKf5xsDUU5BTWzDUaS3XfiGPi1ihcvoP68pXpU1bonk""}",18
brightspring-health-services-inc-rstock,RBTSG,BrightSpring Health Services Tokenized Stock (Reality),brightspring-health-services-inc-rstock,brightspring-health-services-inc-rstockjGH.png,178.5076,"{""arbitrum-one"":""0xe9009f61109930a0f3bdbfcc08e11308f328ea0c"",""morph-l2"":""0x10cac3797bef19a567a29ce5cc0fcb031c07f1e6""}",18
HmTi3CQfKfXWbn1tNoiAxH7GzMV7L3tDAmPWabZEBAGS_solana,P0,p0 Systems,p0-systems,p0-systemsNWr.png,999930401,"{""solana"":""HmTi3CQfKfXWbn1tNoiAxH7GzMV7L3tDAmPWabZEBAGS""}",18
snakes-game,SNAKES,Snakes Game,snakes-game,snakes-gameU2Y.png,10000000000,"{""solana"":""FuvFLtx68uGjhr4GWET8JTskC7s3R7MM4Feg8toyzFvf""}",18
7R88oQWwoFwMqb2ryrozDMvN3jNnWqrMB3ytKxNybonk_solana,SWOGE,Swole Chad Doge,swole-chad-doge,swole-chad-doged5W.png,999609648,"{""solana"":""7R88oQWwoFwMqb2ryrozDMvN3jNnWqrMB3ytKxNybonk""}",18
8JvDVZK6CHFhwwBUgZcEy18i1xXQzAHfimYarmoobrrr_solana,DEPLOYR,Deployr,deployr,deployrc0e.png,97494105,"{""solana"":""8JvDVZK6CHFhwwBUgZcEy18i1xXQzAHfimYarmoobrrr""}",18
0x1868c380e1d7883126dfe6c5ab2908fb2f944974_base,ARVOS,Arvos AI,arvos-ai,0x1868c380e1d7883126dfe6c5ab2908fb2f944974_baseibL.png,1000000000,"{""base"":""0x1868c380e1d7883126dfe6c5ab2908fb2f944974""}",18
like,LIKE,Like,like,likefCm.png,999961951,"{""solana"":""4iVvLBgRrseDETfKptbybua9h523s7wtKLcNcy1ppump""}",18
DLYQBXkRo43Ct96fd9Cr7y5tZP5yQKUBLMTZU92epump_solana,67COIN,67coin,67coin-2,67coin-2AOE.png,988945243,"{""solana"":""DLYQBXkRo43Ct96fd9Cr7y5tZP5yQKUBLMTZU92epump""}",18
tdzUKGeAchLRzpYBzmBWEGaoP7E8EQ8hPv8Eqi8pump_solana,MEERKAT,The Meerkat Meme,the-meerkat-meme,tdzUKGeAchLRzpYBzmBWEGaoP7E8EQ8hPv8Eqi8pump_solana1OT.png,998867313,"{""solana"":""tdzUKGeAchLRzpYBzmBWEGaoP7E8EQ8hPv8Eqi8pump""}",18
0x05a5b4e217004eb84c6787e0ecbe7a46cfd94cdd_base,LAÏKA,Laïka,laika-4,0x05a5b4e217004eb84c6787e0ecbe7a46cfd94cdd_baseOJc.png,799929928,"{""base"":""0x05a5b4e217004eb84c6787e0ecbe7a46cfd94cdd""}",18
0xce7c3b5e058c196a0eaaa21f8e4bf8c2c07c2935_binance_smart,BOOM,Boom,boom-2,boom-21E1.png,1000000000,"{""binance_smart"":""0xce7c3b5e058c196a0eaaa21f8e4bf8c2c07c2935""}",18
incoin-2,IN,Incoin,incoin-2,incoin-2NrU.png,999699336,"{""solana"":""8469NEfLJC7oRBEQzpkBfYhQqw8chhMXkn7YwAotjupx""}",18
5Nu2hLo3ffU4fs2yVtsCvAT7ymysuYs5NSFRpvLMVSBi_solana,BABYSHIRO,Baby Shiro Neko,baby-shiro-neko,5Nu2hLo3ffU4fs2yVtsCvAT7ymysuYs5NSFRpvLMVSBi_solana0jC.png,999555804,"{""solana"":""5Nu2hLo3ffU4fs2yVtsCvAT7ymysuYs5NSFRpvLMVSBi""}",18
0x097b1b242d3ed90e191c5f83a62f41abe16f6ceb_base,TOKITO,Tokito,tokito,0x097b1b242d3ed90e191c5f83a62f41abe16f6ceb_baseTxU.png,991641202,"{""base"":""0x097b1b242d3ed90e191c5f83a62f41abe16f6ceb""}",18
celestica-inc-robinhood-token,CLS,"Celestica, Inc. • Robinhood Token",celestica-inc-robinhood-token,celestica-inc-robinhood-tokenkRR.png,27.032,"{""robinhood"":""0xbf449977089c718c004a66c554b26b94ef3ad4de""}",18
2TAi8XLzDJ8btNTQp7WtCvhGuMnWzkFddr1PhYf6pump_solana,SHRIMPS,The Shrimp Army,the-shrimp-army,the-shrimp-armyLJ5.png,945936631,"{""solana"":""2TAi8XLzDJ8btNTQp7WtCvhGuMnWzkFddr1PhYf6pump""}",18
0x7ce89243cc0d9e746609c57845eccbd9bb4b7315_ethereum,LILY,Lily's Coin,lily-s-coin,lily-s-coinIT2.png,16800000,"{""ethereum"":""0x7ce89243cc0d9e746609c57845eccbd9bb4b7315"",""solana"":""Co5WwGeZfpfqGE1tUyAp1SBjcmumoY9sNN99MXRbX98K""}",18
monezycoin,MZC,MonezyCoin,monezycoin,monezycoinQZN.png,98993979,"{""solana"":""Gh5uaxSHkdvRpmuYrZDkXEeNCYcWKdkVDsWYjx5ae9Am""}",18
poseidon-3,POSEIDON,Poseidon,poseidon-3,poseidon-3pC3.png,999995086,"{""solana"":""JCV8BB8Zde8ukroWKTjLSENSWEj42kBkENjjws2Rh6vP""}",18
0x462dff4be800c77a61e69dc2ea6010e4237f674d_robinhood,SWARM,swarmboard,swarmboard,0x462dff4be800c77a61e69dc2ea6010e4237f674d_robinhoodvjt.png,1000000000,"{""robinhood"":""0x462dff4be800c77a61e69dc2ea6010e4237f674d""}",18
Hrh6QCmnGjtq3gqg4xZzncXS7wAWeVmu7SCRfQ4N5H6S_solana,$RICH,Rich,rich-2,Hrh6QCmnGjtq3gqg4xZzncXS7wAWeVmu7SCRfQ4N5H6S_solanatyC.png,187488380,"{""solana"":""Hrh6QCmnGjtq3gqg4xZzncXS7wAWeVmu7SCRfQ4N5H6S""}",18
tism-2,TISM,tism,tism-2,tism-2vdN.png,986875466,"{""solana"":""2qqJLwt3DyYCjMVPKbfEmXSrHJqaVvaR4AbgfDXDbonk""}",18
C4u9GYmTvtaGa1a7q6iijn5DK2GYe78fqEeoPwrpump_solana,WAPE,Whatever Ape,whatever-ape,C4u9GYmTvtaGa1a7q6iijn5DK2GYe78fqEeoPwrpump_solanaKk1.png,997788035,"{""solana"":""C4u9GYmTvtaGa1a7q6iijn5DK2GYe78fqEeoPwrpump""}",18
CoARSp4P9Yr7MEnKMZE7chyAkK3mNbPFyArdQeMm9a1G_solana,COAR,Chinese Oil Asset Reserve,chinese-oil-asset-reserve,chinese-oil-asset-reserveLUQ.png,999960311,"{""solana"":""CoARSp4P9Yr7MEnKMZE7chyAkK3mNbPFyArdQeMm9a1G""}",18
spurdo-sparde,SPURDO,Spurdo Spärde,spurdo-sparde,spurdo-spardeDWq.png,3329793517,"{""solana"":""8HJ81sHVsmJMzm6XBfTgywWQXwQTmVdmXaQHm7htGPH2""}",18
1VHpwkbT3TZ7VjqwrAxvPbQCg2HkBNMrPW2WsQspump_solana,GLP1,GLP1,glp1,1VHpwkbT3TZ7VjqwrAxvPbQCg2HkBNMrPW2WsQspump_solanaFGX.png,999593523,"{""solana"":""1VHpwkbT3TZ7VjqwrAxvPbQCg2HkBNMrPW2WsQspump""}",18
burger-money,BURGERS,Burger Money,burger-money,burger-moneyIcO.png,84180315756,"{""base"":""0x06a05043eb2c1691b19c2c13219db9212269ddc5""}",18
gooby,GOOBY,Gooby,gooby,goobyayL.png,985906836,"{""solana"":""G9b9Lt78x5JXhFLeDY4ZAfMkWWugnbsfKBR2qipJWXaT""}",18
0x99da649a42c59f7c547c06c6c273f1a3b2bc4444_binance_smart,踏空人生,踏空人生,takongrensheng,0x99da649a42c59f7c547c06c6c273f1a3b2bc4444_binance_smartYrk.png,1000000000,"{""binance_smart"":""0x99da649a42c59f7c547c06c6c273f1a3b2bc4444""}",18
acm-research-ondo-tokenized,ACMRON,ACM Research (Ondo Tokenized),acm-research-ondo-tokenized,acm-research-ondo-tokenizedxAO.png,118.529,"{""ethereum"":""0x8379c5595b8148a9968bee6d8110b2b4a627a9dd"",""binance_smart"":""0xc5efd0c3a8ff6d9816da7b56625ab4c398eb9e08"",""solana"":""nkbH2doD7nU4CkKVwzmd6UV4d2AaGy24NHzsh6tondo""}",18
tiger-inc,MEOW,"Tiger, Inc.",tiger-inc,tiger-incxUD.png,1000000000,"{""robinhood"":""0x2e9c3b1c6e7703d1784b2b8f80ef4e99d76b3e56""}",18
dogecoin-2,DOGE2,Dogecoin 2.0,dogecoin-2,dogecoin-2rlj.png,100000000,"{""binance_smart"":""0x3780e00d4c60887af38345ccd44f7617dbfb10a0""}",18
8c3JdTcEqy9XdUJ36NAns7XVDfh356nWxvwcMYKNpump_solana,SCRIBBLI,Scribblification,scribblification,scribblificationjoC.png,815962795,"{""solana"":""8c3JdTcEqy9XdUJ36NAns7XVDfh356nWxvwcMYKNpump""}",18
5SXx7DqZAwnYwRxhBdkcV78RdJrzvCJjRxLmoXdbpump_solana,VERA,Vera AI,vera-ai,5SXx7DqZAwnYwRxhBdkcV78RdJrzvCJjRxLmoXdbpump_solanaQSj.png,999021150,"{""solana"":""5SXx7DqZAwnYwRxhBdkcV78RdJrzvCJjRxLmoXdbpump""}",18
7JofsgKgD3MerQDa7hEe4dfkY3c3nMnsThZzUuYyTFpE_solana,GRIN,Cheshire Grin,cheshire-grin,7JofsgKgD3MerQDa7hEe4dfkY3c3nMnsThZzUuYyTFpE_solanaal7.png,998977998,"{""solana"":""7JofsgKgD3MerQDa7hEe4dfkY3c3nMnsThZzUuYyTFpE""}",18
biontech-se-rstock,RBNTX,BioNTech SE Tokenized Stock (Reality),biontech-se-rstock,biontech-se-rstock3Wd.png,100.8167,"{""arbitrum-one"":""0x1714d9e04ec4c088f18a6cff220d44705dcdc265"",""morph-l2"":""0x8ff0aef4f0358c67afeea02db816b72161a900d3""}",18
ionic-protocol,ION,Ionic Protocol,ionic-protocol,ionic-protocolxcZ.png,1000000000,"{""mode"":""0x18470019bf0e94611f15852f7e93cf5d65bc34ca"",""base"":""0x3ee5e23eee121094f1cfc0ccc79d6c809ebd22e5"",""optimistic-ethereum"":""0x887d1c6a4f3548279c2a8a9d0fa61b5d458d14fc""}",18
445ksMigJLms4mw29DQkXs8aWBG4S8Z2kTBCtGhd5nGd_solana,GLMPS,Glympse,glympse,445ksMigJLms4mw29DQkXs8aWBG4S8Z2kTBCtGhd5nGd_solanaKNV.png,999909433,"{""solana"":""445ksMigJLms4mw29DQkXs8aWBG4S8Z2kTBCtGhd5nGd""}",18
5oUzkFsCFMJJ23Z6Ghev5m7FjE6TtrqZJXUS7V5Smoon_solana,RICH,GET RICH QUICK,get-rich-quick,get-rich-quickf6K.png,999613510,"{""solana"":""5oUzkFsCFMJJ23Z6Ghev5m7FjE6TtrqZJXUS7V5Smoon""}",18
7PzU4m13VqkdgWcserfBdxX4cAPQXaZuFNuKarnT1deV_solana,VIBECODER,Vibe Coding Meta,vibe-coding-meta,7PzU4m13VqkdgWcserfBdxX4cAPQXaZuFNuKarnT1deV_solanaGo5.png,969736740,"{""solana"":""7PzU4m13VqkdgWcserfBdxX4cAPQXaZuFNuKarnT1deV""}",18
sap-ondo-tokenized,SAPON,SAP (Ondo Tokenized),sap-ondo-tokenized,sap-ondo-tokenizedC7Q.png,47.1929,"{""ethereum"":""0xcafd1c0ee8b392cb446e3e745a4adeff7a861995"",""binance_smart"":""0x111f6f2b9f1c5f3ec841690e1deec606086727da"",""solana"":""bjbrNi96mXAzgvxSuGJ2SRJ5U4N8agbG7wUAKAjondo""}",18
2JHrkVb5NwQEKRgLbBu9CyrG7F7SmvJyLW1NkpdP8WWR_solana,WWR,World Water Reserve,world-water-reserve,world-water-reserveg7R.png,999426969,"{""solana"":""2JHrkVb5NwQEKRgLbBu9CyrG7F7SmvJyLW1NkpdP8WWR""}",18
Fe3sEB1cAt4TsETqmaopPQBto5o8TsY2W2NTw6H9pump_solana,ZEUS,ZEUS,zeus-3,zeus-3rLt.png,999761457,"{""solana"":""Fe3sEB1cAt4TsETqmaopPQBto5o8TsY2W2NTw6H9pump""}",18
BUDXpnu7opuGuJkQZdet9nAxSzb67MLJpkzJmaKkpump_solana,HYPU,Hyper Utility,hyper-utility,hyper-utility5LG.png,928770715,"{""solana"":""BUDXpnu7opuGuJkQZdet9nAxSzb67MLJpkzJmaKkpump""}",18
0xd9375cc6d571817e65017ab94de6f927ebbb4444_binance_smart,牛马,牛马打工人,niu-ma-da-gong-ren,niu-ma-da-gong-renOnb.png,1000000000,"{""binance_smart"":""0xd9375cc6d571817e65017ab94de6f927ebbb4444""}",18
39Mzpdw7NDGiXmZZGWiCdR6Nzoc7muWuYkPsVDV4pump_solana,MEME,MPX6900,mpx6900,39Mzpdw7NDGiXmZZGWiCdR6Nzoc7muWuYkPsVDV4pump_solanaehI.png,999593498,"{""solana"":""39Mzpdw7NDGiXmZZGWiCdR6Nzoc7muWuYkPsVDV4pump""}",18
0x7f5b95eeba26c385baa9a15646fe683fea5684df_base,BERRYBOY,Berryboy,berryboy,berryboyPol.png,1000000000,"{""base"":""0x7f5b95eeba26c385baa9a15646fe683fea5684df""}",18
5aUemPEExdpnRYwrHTsALeQgDFda63dAP5bNnSdgbonk_solana,気,Chi,chi-2,chi-2e5K.png,999555644,"{""solana"":""5aUemPEExdpnRYwrHTsALeQgDFda63dAP5bNnSdgbonk""}",18
5vSuxSJhyGXD4wNTrXS4P1gWmLUjCc3zLkE7rE8Pbonk_solana,VALENTINE,Valentine Grok Companion,valentine-grok-companion,valentine-grok-companionvzw.png,745775949,"{""solana"":""5vSuxSJhyGXD4wNTrXS4P1gWmLUjCc3zLkE7rE8Pbonk""}",18
ishares-broad-usd-high-yield-corporate-bond-etf-dinari-tokenized-etf,USHY,iShares Broad USD High Yield Corporate Bond ETF (Dinari Tokenized ETF),ishares-broad-usd-high-yield-corporate-bond-etf-dinari-tokenized-etf,ishares-broad-usd-high-yield-corporate-bond-etf-dinari-tokenized-etflFr.png,268.646,"{""ethereum"":""0xd16acb3147bcafd8469ffb288f45db52cc04ae68"",""base"":""0xd194fdcbc9b98d829f7a35fde25feef8f8e41ef1"",""arbitrum-one"":""0xeb32d26ab45b5c6cfe6c924adf00f8d5953dadf3"",""avalanche"":""0x636b63003fa40e4c00d7d7f1315ae73cae5da782""}",18
0x999903502c1c7fea3591fb17315544c6bdde7699_ethereum,XAU,XAU9999,xau9999,xau99996eG.png,1000000000000000,"{""ethereum"":""0x999903502c1c7fea3591fb17315544c6bdde7699""}",18
5T17aqgJ8cM39SNuVBu2LK2cq5MWUpZxcQnnuwNjpump_solana,LIZARD,Official Lizard Coin,official-lizard-coin,official-lizard-coinwGd.png,998826009,"{""solana"":""5T17aqgJ8cM39SNuVBu2LK2cq5MWUpZxcQnnuwNjpump""}",18
pow,POW,pow,pow,powQnf.png,1000000000,"{""robinhood"":""0x86a24426d1fc5dfdee454120af3ecc3cc552789b""}",18
HJ2n2a3YK1LTBCRbS932cTtmXw4puhgG8Jb2WcpEpump_solana,CYCLE,Cycle,cycle,HJ2n2a3YK1LTBCRbS932cTtmXw4puhgG8Jb2WcpEpump_solanaKTO.png,890846148,"{""solana"":""HJ2n2a3YK1LTBCRbS932cTtmXw4puhgG8Jb2WcpEpump""}",18
66LPmREAYBqPeyidL7LMW7RaJjKbfADbuUMsqatkpump_solana,FORK,Fork Chain,fork-chain,66LPmREAYBqPeyidL7LMW7RaJjKbfADbuUMsqatkpump_solanaA75.png,999076316,"{""solana"":""66LPmREAYBqPeyidL7LMW7RaJjKbfADbuUMsqatkpump""}",18
0x5d54725b48d2c8badf5f6046c71c3ffb73e26228_base,BOOKIE,Bookie AI,bookie-ai-by-virtuals,0x5d54725b48d2c8badf5f6046c71c3ffb73e26228_basexGn.png,1000000000,"{""base"":""0x5d54725b48d2c8badf5f6046c71c3ffb73e26228""}",18
0x893643f9e232e4e857f278d61641c955589a7a37_ethereum,WOKE,Woke Mind Virus,woke-mind-virus,0x893643f9e232e4e857f278d61641c955589a7a37_ethereumQZj.png,1000000000,"{""ethereum"":""0x893643f9e232e4e857f278d61641c955589a7a37""}",18
dork-2,DORK,DORK,dork-2,dork-2Jfw.png,1000000000,"{""the-open-network"":""EQBbIiA9g8eohAbE9-gCCjlAqz3_i5EyvCW0daegABESATqU""}",18
CbouD8khLcz1Y1QngvRtQufUimSRKpHkvGn6y1n8pump_solana,UTILITY,Utility Coin,utility-coin-2,utility-coin-26ye.png,979394469,"{""solana"":""CbouD8khLcz1Y1QngvRtQufUimSRKpHkvGn6y1n8pump""}",18
HuSyZB3ChbYngnQPSBWtmqceqKDUzghHCqppVf1Mpump_solana,TADC,The Amazing Digital Circus,the-amazing-digital-circus,HuSyZB3ChbYngnQPSBWtmqceqKDUzghHCqppVf1Mpump_solanavzq.png,999197826,"{""solana"":""HuSyZB3ChbYngnQPSBWtmqceqKDUzghHCqppVf1Mpump""}",18
HEZ6KcNNUKaWvUCBEe4BtfoeDHEHPkCHY9JaDNqrpump_solana,LETHE,Lethe,lethe,HEZ6KcNNUKaWvUCBEe4BtfoeDHEHPkCHY9JaDNqrpump_solanas3V.png,974904806,"{""solana"":""HEZ6KcNNUKaWvUCBEe4BtfoeDHEHPkCHY9JaDNqrpump""}",18
D67BSPqECWv8GEozzFT4KCMtT9aFkswK5fC3oeBBbonk_solana,USEFUL,USEFUL COIN,useful-coin-3,useful-coin-3Qpj.png,59945847,"{""solana"":""D67BSPqECWv8GEozzFT4KCMtT9aFkswK5fC3oeBBbonk""}",18
jkGKKj3MinQg8nkcWZBid6XxeSnn75Xoy9AqkqLBAGS_solana,BAG,catwifbag,catwifbag-2,jkGKKj3MinQg8nkcWZBid6XxeSnn75Xoy9AqkqLBAGS_solanaZZG.png,999201125,"{""solana"":""jkGKKj3MinQg8nkcWZBid6XxeSnn75Xoy9AqkqLBAGS""}",18
GeUX5oxR86Uge9T81NC7JXdRZ9rBhtbKCMN8WhZPpump_solana,PARROT,Party Parrot,party-parrot-2,GeUX5oxR86Uge9T81NC7JXdRZ9rBhtbKCMN8WhZPpump_solana5Y0.png,998235662,"{""solana"":""GeUX5oxR86Uge9T81NC7JXdRZ9rBhtbKCMN8WhZPpump""}",18
SNApmcWQqj3Ny2YFkQmkELQnNgaXRu6KmnYSPiFZcLn_solana,BLOB,Blob Network,solsnap,solsnape7g.png,99897135,"{""solana"":""SNApmcWQqj3Ny2YFkQmkELQnNgaXRu6KmnYSPiFZcLn""}",18
9mAnyxAq8JQieHT7Lc47PVQbTK7ZVaaog8LwAbFzBAGS_solana,WATER,TeamWater,teamwater,9mAnyxAq8JQieHT7Lc47PVQbTK7ZVaaog8LwAbFzBAGS_solana7dA.png,999287695,"{""solana"":""9mAnyxAq8JQieHT7Lc47PVQbTK7ZVaaog8LwAbFzBAGS""}",18
0x17c5ac827ec8c4ec55b6e572f6d22c151c302c2f_ethereum,DOGENARII,Dogenarii coin,dogenarii-coin-2,0x17c5ac827ec8c4ec55b6e572f6d22c151c302c2f_ethereum4mY.png,1000000000,"{""ethereum"":""0x17c5ac827ec8c4ec55b6e572f6d22c151c302c2f""}",18
0xd6c9383d1030c3ca802632e139880d6f99604444_binance_smart,高手,高手 (A Pro),a-pro,a-proCnN.png,1000000000,"{""binance_smart"":""0xd6c9383d1030c3ca802632e139880d6f99604444""}",18
AD8ra3bPosVujHQDofATvPciT1Q9xY4DLEgXbGzopump_solana,AIDEN,Aiden Guo,aiden-guo,AD8ra3bPosVujHQDofATvPciT1Q9xY4DLEgXbGzopump_solana0oV.png,990791665,"{""solana"":""AD8ra3bPosVujHQDofATvPciT1Q9xY4DLEgXbGzopump""}",18
0xa4fb6e1781fbcc921df51352af4cc83ff6c1308f_ethereum,DOGE,Department Of Government Efficiency,department-of-government-efficiency-2,0xa4fb6e1781fbcc921df51352af4cc83ff6c1308f_ethereumIs9.png,420000000000,"{""ethereum"":""0xa4fb6e1781fbcc921df51352af4cc83ff6c1308f""}",18
the-cooper-companies-inc-rstock,RCOO,The Cooper Companies Tokenized Stock (Reality),the-cooper-companies-inc-rstock,the-cooper-companies-inc-rstock2f5.png,176.251,"{""arbitrum-one"":""0xbda448d75136162066181c1a4fcd8aa01f1fd5bd"",""morph-l2"":""0xc694a1ced95c39ab78979c2f4c22509640e5637e""}",18
DZvFAebHx4tGwchGmF2uSDhD21s88uNG1JPGKnrnoRhB_solana,JONATHAN,WORLDS OLDEST ANIMAL,worlds-oldest-animal,worlds-oldest-animalEeF.png,999650823,"{""solana"":""DZvFAebHx4tGwchGmF2uSDhD21s88uNG1JPGKnrnoRhB""}",18
cooper-2,COOPER,Cooper,cooper-2,cooper-2DbQ.png,972187904,"{""robinhood"":""0x19f862c0cf83a9f65b19c37fd1f4fd5bacb097ae""}",18
state-street-technology-select-sector-spdr-etf-robinhood-tokenized-stock,XLK,State Street Technology Select Sector SPDR ETF • Robinhood Token,state-street-technology-select-sector-spdr-etf-robinhood-tokenized-stock,state-street-technology-select-sector-spdr-etf-robinhood-tokenized-stockWLG.png,50.5757,"{""robinhood"":""0x15cd20759ce7f3285c29a319de2d1a2e098c6f43""}",18
dog-on-wire,DOW,Dog on Wire,dog-on-wire,dog-on-wirexTS.png,981372449,"{""robinhood"":""0x20aa6e63076ee856f46bb31f7d30e60b335b11e9""}",18
ovutZfkUMXRBEH4hAXJE42j2GK3Az9ZjTdbG5taWoKe_solana,AWOKE,Awoke,awoke-2,ovutZfkUMXRBEH4hAXJE42j2GK3Az9ZjTdbG5taWoKe_solanaJK2.png,999881,"{""solana"":""ovutZfkUMXRBEH4hAXJE42j2GK3Az9ZjTdbG5taWoKe""}",18
delusional-coin,DELULU,Delusional Coin,delusional-coin,delusional-coinuL8.png,999698706,"{""solana"":""BDWvvvKUS9c3C4Rz1w9tk5uD519CzD2f6n7zBk2Bbonk""}",18
FiBSKnRpjNHChN1BANpr3dsVFQuuHhETMen4xUDgpump_solana,TOMMY,TOMMY,tommy,FiBSKnRpjNHChN1BANpr3dsVFQuuHhETMen4xUDgpump_solanalIp.png,1000000000,"{""solana"":""FiBSKnRpjNHChN1BANpr3dsVFQuuHhETMen4xUDgpump""}",18
platinum-rstock,PPLTR,Platinum rStock,platinum-rstock,platinum-rstock5Pd.png,572.9755,"{""solana"":""EtTQ2QRyf33bd6B2uk7nm1nkinrdGKza66EGdjEY4s7o""}",18
AFk1RUr18RCFjhKHQN7ufxPBiQYWjXifAw4y4n44jups_solana,PRICELESS,Priceless,priceless,pricelessu4A.png,98867304,"{""solana"":""AFk1RUr18RCFjhKHQN7ufxPBiQYWjXifAw4y4n44jups""}",18
songjam-by-virtuals,SANG,Songjam by Virtuals,songjam-by-virtuals,songjam-by-virtualsxve.png,1000000000,"{""base"":""0x4ff4d349caa028bd069bbe85fa05253f96176741""}",18
0x7b8d415f5239ae5e0f485971529b4f798e63b0b4_base,BLUBI,Blubi,blubi,blubi2VD.png,1000000000,"{""base"":""0x7b8d415f5239ae5e0f485971529b4f798e63b0b4""}",18
2KK4YMi24Tqo6tDn8mzYWkNdGjG3ufdXBjmLv7Fapump_solana,VOID,the void,the-void-2,2KK4YMi24Tqo6tDn8mzYWkNdGjG3ufdXBjmLv7Fapump_solanasjK.png,999055391,"{""solana"":""2KK4YMi24Tqo6tDn8mzYWkNdGjG3ufdXBjmLv7Fapump""}",18
46vV3ZpFNLZn1CDRYnAvqPsdW5ejEYn9GK9kPcZFpump_solana,HONSE,honse,honse,honseaWy.png,967058744,"{""solana"":""46vV3ZpFNLZn1CDRYnAvqPsdW5ejEYn9GK9kPcZFpump""}",18
0x6dd4e9e85b96d4cb8a0c16c8a9b097e1c9205617_base,CTDA,PokPok Agent Brain by Virtuals,pokpok-agent-brain-by-virtuals,pokpok-agent-brain-by-virtualsv2M.png,1000000000,"{""base"":""0x6dd4e9e85b96d4cb8a0c16c8a9b097e1c9205617""}",18
JYPzbZpgYgit2mtfU5cmcuhWJaB7KTdtfBvfJrepump_solana,POPWIF,popcatwifhat,popcatwifhat,JYPzbZpgYgit2mtfU5cmcuhWJaB7KTdtfBvfJrepump_solanaHzr.png,997383075,"{""solana"":""JYPzbZpgYgit2mtfU5cmcuhWJaB7KTdtfBvfJrepump""}",18
7NoFtDpmQvE9JsRv7o6zgYZJBEcixWumJaZsDoyrpump_solana,XINGXING,星星,xing-xing-3,xing-xing-3T83.png,984449110,"{""solana"":""7NoFtDpmQvE9JsRv7o6zgYZJBEcixWumJaZsDoyrpump""}",18
2TvUVvuQeVcUwVFp6WVy61wwpnSMG6kNzYpdvEkMpump_solana,MEAT,Meat Proxy Official,meat-proxy-official,meat-proxy-official2Hj.png,971798928,"{""solana"":""2TvUVvuQeVcUwVFp6WVy61wwpnSMG6kNzYpdvEkMpump""}",18
0x99f5359b422a47e4482b938979d5af9202531ea4_robinhood,HFARM,Hoodfarm,hoodfarm,hoodfarmz3r.png,1000000000,"{""robinhood"":""0x99f5359b422a47e4482b938979d5af9202531ea4""}",18
Akd634sRBJQWKgosKCYDKQdxNuZr5J7r2VZ2Fwxmv6Zx_solana,CHAD,CHAD,chad-5,Akd634sRBJQWKgosKCYDKQdxNuZr5J7r2VZ2Fwxmv6Zx_solanacp6.png,995776356,"{""solana"":""Akd634sRBJQWKgosKCYDKQdxNuZr5J7r2VZ2Fwxmv6Zx""}",18
2qT8JVotQ2C1gKbqpuqNatkpSBWxiKHbXkCyTqH9pump_solana,SOLUNA,soluna,soluna-2,soluna-2b8G.png,999563671,"{""solana"":""2qT8JVotQ2C1gKbqpuqNatkpSBWxiKHbXkCyTqH9pump""}",18
0x2acd6a246157bf51636d06a83200f8923e7eb864_base,NODE,noderzz by Virtuals,noderzz-by-virtuals,0x2acd6a246157bf51636d06a83200f8923e7eb864_base4fR.png,1000000000,"{""base"":""0x2acd6a246157bf51636d06a83200f8923e7eb864""}",18
based-baby,BBB,Based Baby,based-baby,based-babyb7I.png,100000000000,"{""base"":""0xd5b70ed3f2ba01bfaaa3beb09e31fe11f833b85f""}",18
tempus-ai-inc-robinhood-token,TEM,"Tempus AI, Inc. • Robinhood Token",tempus-ai-inc-robinhood-token,tempus-ai-inc-robinhood-tokenk24.png,124.4,"{""robinhood"":""0xb1cc0ec7db69cf43539119814df40071b9d61793""}",18
axt-inc-robinhood-token,AXTI,AXT Inc • Robinhood Token,axt-inc-robinhood-token,axt-inc-robinhood-token5Nl.png,118.302,"{""robinhood"":""0x141eea040c2250eec0314e336975e81f85f6585e""}",18
BYMCXiiA4om347ChR4t6bYHzkKJwnULLAg72BeDdpump_solana,LORE,Lore,lore,BYMCXiiA4om347ChR4t6bYHzkKJwnULLAg72BeDdpump_solanaNC8.png,998588381,"{""solana"":""BYMCXiiA4om347ChR4t6bYHzkKJwnULLAg72BeDdpump""}",18
8uz7r3yQq8xnwBfWCoQGAftyYKgUz8wMQWod884nerf4_solana,ESP,Spain Coin,spain-coin,spain-coinnVl.png,999999061,"{""solana"":""8uz7r3yQq8xnwBfWCoQGAftyYKgUz8wMQWod884nerf4""}",18
29TWWr9Lk9wr4yhzNvJb7qgrmftTzvHgG1C5AKwspump_solana,EGG,THE EGG,the-egg,the-eggQk9.png,999416625,"{""solana"":""29TWWr9Lk9wr4yhzNvJb7qgrmftTzvHgG1C5AKwspump""}",18
Acud16jqA9j1Hc83JrHYeiN2BpK8LYYQ1h6FGnYrpump_solana,KOVU,Red Siberian Husky,red-siberian-husky,Acud16jqA9j1Hc83JrHYeiN2BpK8LYYQ1h6FGnYrpump_solanapfA.png,999070347,"{""solana"":""Acud16jqA9j1Hc83JrHYeiN2BpK8LYYQ1h6FGnYrpump""}",18
7XeR2pjfqocWAVmV3fefcCPgZNE4eByV2vgdcjs9pump_solana,BUNNIE,Bunnie,bunnie-2,bunnie-24mD.png,999637497,"{""solana"":""7XeR2pjfqocWAVmV3fefcCPgZNE4eByV2vgdcjs9pump""}",18
7Rtegu95FZZ2KX3zA37LU1ypicxu6pBysNEagFwhpump_solana,AAAHHM,Plankton in Pain,plankton-in-pain,7Rtegu95FZZ2KX3zA37LU1ypicxu6pBysNEagFwhpump_solanasX6.png,999940638,"{""solana"":""7Rtegu95FZZ2KX3zA37LU1ypicxu6pBysNEagFwhpump""}",18
jQxGhh5r78RVp8Q5yAcjoy6ing5tFx5BSHV2nprP3cu_solana,UFUN,ufunapp,ufundotapp,jQxGhh5r78RVp8Q5yAcjoy6ing5tFx5BSHV2nprP3cu_solanaUKW.png,999349977,"{""solana"":""jQxGhh5r78RVp8Q5yAcjoy6ing5tFx5BSHV2nprP3cu""}",18
HP6ypiCX4yjzSxpfJExEcydSU1BiuuvGhgrKCLKopump_solana,FRACTAL,xFractal,xfractal,HP6ypiCX4yjzSxpfJExEcydSU1BiuuvGhgrKCLKopump_solanaAqo.png,998767583,"{""solana"":""HP6ypiCX4yjzSxpfJExEcydSU1BiuuvGhgrKCLKopump""}",18
2XEm27fupa295SSXpmD8coakcFpCJn3huMsH5V77ZixP_solana,BTM,BitMeme,bitmeme-2,2XEm27fupa295SSXpmD8coakcFpCJn3huMsH5V77ZixP_solanaiOb.png,88832295552,"{""solana"":""2XEm27fupa295SSXpmD8coakcFpCJn3huMsH5V77ZixP""}",18
prime-usdc,JVHHUSDC,jvhhVault,prime-usdc,prime-usdc2gy.png,9401,"{""base"":""0x5e03f8965e2957291b3c6990c6cb9023c36d3d30""}",18
sprott-uranium-miners-etf-ondo-tokenized,URNMON,Sprott Uranium Miners ETF (Ondo Tokenized),sprott-uranium-miners-etf-ondo-tokenized,sprott-uranium-miners-etf-ondo-tokenizedIw9.png,202.9091,"{""ethereum"":""0xa65db7879774bd6758abaf583a91177afd96d5a3"",""binance_smart"":""0xca626a74420aaaf285987da23d829f9159ab867c"",""solana"":""hieZTEZNBU67bMGULK9hWCB9h5jBPKdpRWiXpwkondo""}",18
FZRh6uAar3gEJb53ruHNjHibCPqiGHghfGiSRVeFpump_solana,CB,ChickenBanana,chicken-banana,FZRh6uAar3gEJb53ruHNjHibCPqiGHghfGiSRVeFpump_solanax2S.png,999929229,"{""solana"":""FZRh6uAar3gEJb53ruHNjHibCPqiGHghfGiSRVeFpump""}",18
aurora-innovation-inc-robinhood-token,AUR,"Aurora Innovation, Inc. • Robinhood Token",aurora-innovation-inc-robinhood-token,aurora-innovation-inc-robinhood-token1d2.png,1764,"{""robinhood"":""0x373c06c4f7bde527d7dae4ba169e42b55e393ced""}",18
48UE1jHd1YRR2EpTnRXi6dA15eboq92jm1YusW2epump_solana,OOF,oof oof CTO,oof-oof-cto,48UE1jHd1YRR2EpTnRXi6dA15eboq92jm1YusW2epump_solanaQBy.png,975052104,"{""solana"":""48UE1jHd1YRR2EpTnRXi6dA15eboq92jm1YusW2epump""}",18
BD3zHHcK6aqz1RVBawMyhp5DfXFaDYaBXzwBH8cEpump_solana,CEDAR,Cedar the Goat,cedar-the-goat,BD3zHHcK6aqz1RVBawMyhp5DfXFaDYaBXzwBH8cEpump_solanaV1W.png,998547793,"{""solana"":""BD3zHHcK6aqz1RVBawMyhp5DfXFaDYaBXzwBH8cEpump""}",18
safegrok,SAFEGROK,SafeGrok,safegrok,safegrokrkX.png,0,"{""binance_smart"":""0xe0edfb2d674188d3fea36a38f39e6cd8a14e28e0""}",18
0xafc4867779e03b81bebe62ec587f55e00cd02dc1_binance_smart,100¥,100¥,100-token,0xafc4867779e03b81bebe62ec587f55e00cd02dc1_binance_smartPDS.png,949997,"{""binance_smart"":""0xafc4867779e03b81bebe62ec587f55e00cd02dc1""}",18
B2oEUCmCGktPXPkQEzFTPYjnWpUPCotqzaT2eoPopump_solana,IF,wat if,wat-if,B2oEUCmCGktPXPkQEzFTPYjnWpUPCotqzaT2eoPopump_solanaNVd.png,999301398,"{""solana"":""B2oEUCmCGktPXPkQEzFTPYjnWpUPCotqzaT2eoPopump""}",18
energy-fuels-ondo-tokenized,UUUUON,Energy Fuels (Ondo Tokenized),energy-fuels-ondo-tokenized,energy-fuels-ondo-tokenizedZuN.png,888.53,"{""ethereum"":""0xf14d47aed45e16bf1f6e06904ac7f852fce6cdf4"",""binance_smart"":""0xd2c06fef2ca2375a9c7ceb4abca9dbc2ab6af981"",""solana"":""ey16y4Bk92zmPSvbRznuv3RioAXbVreBkQxrKGDondo""}",18
361pUXTPohPEgcnCVm7DUvNziizK37gVxLN3cw9Vpump_solana,CHORUZ,Choruz AI,choruz-ai,361pUXTPohPEgcnCVm7DUvNziizK37gVxLN3cw9Vpump_solanaQTn.png,999738933,"{""solana"":""361pUXTPohPEgcnCVm7DUvNziizK37gVxLN3cw9Vpump""}",18
solabrador-2,SOBER,Solabrador,solabrador-2,solabrador-2DjW.png,1000000000,"{""solana"":""8agCopCHWdpj7mHk3JUWrzt8pHAxMiPX5hLVDJh9TXWv""}",18
0xd928a068d2b90798373a470c9d9ba562322acdef_robinhood,PURR,Purr Cat,purr-cat,purr-catYNv.png,999999695,"{""robinhood"":""0xd928a068d2b90798373a470c9d9ba562322acdef""}",18
AScrhkW2GohYy57rek2YVRc4J9UyXwmbAbEEKkoFpump_solana,PUB,Pure Unadulterated Bliss,pure-unadulterated-bliss,AScrhkW2GohYy57rek2YVRc4J9UyXwmbAbEEKkoFpump_solanaFQA.png,999722832,"{""solana"":""AScrhkW2GohYy57rek2YVRc4J9UyXwmbAbEEKkoFpump""}",18
aok,AOK,AOK,aok,aokwHU.png,1000000000,,
iRTXNKLbt9ojybsGx1CJpdM4Ze6ErWVQX1A8cUc3MYx_solana,IRT,International Rebuilding Trust,international-rebuilding-trust,international-rebuilding-trusttzs.png,999962884,"{""solana"":""iRTXNKLbt9ojybsGx1CJpdM4Ze6ErWVQX1A8cUc3MYx""}",18
celer-bridged-wavax-linea,WAVAX,Celer Bridged WAVAX (Linea),celer-bridged-wavax-linea,celer-bridged-wavax-linea9xY.png,864.5903,"{""linea"":""0x5471ea8f739dd37e9b81be9c5c77754d8aa953e4""}",18
EDavhezsuNnhdoAKPExWaMtnuhq6FVqoBYnyFEJLLBqC_solana,XIAO,Xiaojie,xiaojie,xiaojiexIC.png,669962550,"{""solana"":""EDavhezsuNnhdoAKPExWaMtnuhq6FVqoBYnyFEJLLBqC""}",18
7ifX7okDF3Q5equtyFo5BkwZyeKY1hGcZCmkZQ5upump_solana,SAME,Same Coin,same-coin,same-coinMe2.png,998780681,"{""solana"":""7ifX7okDF3Q5equtyFo5BkwZyeKY1hGcZCmkZQ5upump""}",18
5QvAeS2Un6ZoNjyKthGYo2ZpbcVP3diTMejyA48NEHTE_solana,PERSOA,Persoa.ai,persoa-ai,5QvAeS2Un6ZoNjyKthGYo2ZpbcVP3diTMejyA48NEHTE_solanawnL.png,957009692,"{""solana"":""5QvAeS2Un6ZoNjyKthGYo2ZpbcVP3diTMejyA48NEHTE""}",18
invesco-s-p-500-momentum-etf-robinhood-tokenized-stock,SPMO,Invesco S&P 500 Momentum ETF • Robinhood Token,invesco-s-p-500-momentum-etf-robinhood-tokenized-stock,invesco-s-p-500-momentum-etf-robinhood-tokenized-stockVGA.png,64.942,"{""robinhood"":""0xad622320e520de39e72d41ef07438c3fd3354875""}",18
osean,OSEAN,Osean,osean,osean5wN.png,980000000,"{""binance_smart"":""0x722cb8e411d40942c0f581b919ecce3e4d759602"",""ethereum"":""0x50d5118fb90d572b9d42ba65e0addc4900867809""}",18
0x9acb099a6460dead936fe7e591d2c875ae4d84b8_ethereum,TOKABU,Tokabu,tokabu,tokabuWs1.png,0,"{""ethereum"":""0x9acb099a6460dead936fe7e591d2c875ae4d84b8""}",18
0x66884fed1315ad291d63a2012545ae350b527777_binance_smart,7,7,7-token,0x66884fed1315ad291d63a2012545ae350b527777_binance_smart1Gt.png,515457212,"{""binance_smart"":""0x66884fed1315ad291d63a2012545ae350b527777""}",18
atlantis-aqua-token,AQUA,Atlantis AQUA Token,atlantis-aqua-token,atlantis-aqua-tokenrm1.png,5599064,"{""sonic"":""0x9138a8733dce2e877f430b7500e3c229ad7599d9""}",18
ms-paint,PAINT,MS Paint,ms-paint,ms-paintocp.png,1000000000,"{""solana"":""8x9c5qa4nvakKo5wHPbPa5xvTVMKmS26w4DRpCQLCLk3""}",18
0x04175b1f982b8c8444f238ac0aae59f029e21099_base,BNXR,BankrX,bankrx,0x04175b1f982b8c8444f238ac0aae59f029e21099_baseg4r.png,100000000000,"{""base"":""0x04175b1f982b8c8444f238ac0aae59f029e21099""}",18
EBCqxfSMVSJPDGFLcf2yAfQoeLJRD1z8VbEUemZSbonk_solana,SHIYO,shiyo,shiyo,EBCqxfSMVSJPDGFLcf2yAfQoeLJRD1z8VbEUemZSbonk_solanaZyp.png,999176489,"{""solana"":""EBCqxfSMVSJPDGFLcf2yAfQoeLJRD1z8VbEUemZSbonk""}",18
0x535887989b9edffb63b1fd5c6b99a4d45443b49a_ethereum,TRUMP47,47th POTUS,47th-potus,0x535887989b9edffb63b1fd5c6b99a4d45443b49a_ethereumN0W.png,1000000000,"{""ethereum"":""0x535887989b9edffb63b1fd5c6b99a4d45443b49a""}",18
AA8nmXa7fwfYjYtKEaKwkcCKJL5UmkvXYXE7NVmspump_solana,ZERO,ZERO,zero-3,AA8nmXa7fwfYjYtKEaKwkcCKJL5UmkvXYXE7NVmspump_solanauAG.png,998339901,"{""solana"":""AA8nmXa7fwfYjYtKEaKwkcCKJL5UmkvXYXE7NVmspump""}",18
9nXSvn8bUmboPdgA4qnmtzxQdgjXWquK6sYaCFLRgPs1_solana,ONKEY,onkey,onkey,onkeygUG.png,935874265,"{""solana"":""9nXSvn8bUmboPdgA4qnmtzxQdgjXWquK6sYaCFLRgPs1""}",18
HPHau8yipXRgJShyhFxBpeaAfCc5rzkb3KduuRErzZPh_solana,JEET,Jeetjail,jeetjail,HPHau8yipXRgJShyhFxBpeaAfCc5rzkb3KduuRErzZPh_solanapX5.png,99492666523,"{""solana"":""HPHau8yipXRgJShyhFxBpeaAfCc5rzkb3KduuRErzZPh""}",18
B9r1YcdKPg6AmTb4RaFJtucjocozVKJ3gpAcRp7PQ6kE_solana,SMG,Solana Money Glitch,solana-money-glitch,B9r1YcdKPg6AmTb4RaFJtucjocozVKJ3gpAcRp7PQ6kE_solanaeN5.png,774886770,"{""solana"":""B9r1YcdKPg6AmTb4RaFJtucjocozVKJ3gpAcRp7PQ6kE""}",18
ixfi,IXFI,IXFI,ixfi,ixfiqX4.png,4885100000,"{""ethereum"":""0xeb32e776b75707487d044c5b75462a11f72b905c""}",18
culosui,CULO,CULOSUI,culosui,culosuixT7.png,1000000000,"{""sui"":""0xf33bdc280faf4bd0411cac82173b5744b7a40e4b9abc0ad6f51a495c060faf77::culo::CULO""}",18
