id,symbol,name,slug,logo,total_supply,contract,decimals
2gDmuxpWCKK37VPoAAi3Ts3BvKrchBVGY3VcwAgsgkJs_solana,BSC-USDT,BSC-USDT,2gDmuxpWCKK37VPoAAi3Ts3BvKrchBVGY3VcwAgsgkJs_solana,bsc.png,219999847,"{""solana"":""2gDmuxpWCKK37VPoAAi3Ts3BvKrchBVGY3VcwAgsgkJs""}",18
X6xxPu48zUHNUTTuo6HrqqY3227p9ns6kXFKHZmpump_solana,WOTF,World Oil Trust Fund,X6xxPu48zUHNUTTuo6HrqqY3227p9ns6kXFKHZmpump_solana,wot.png,999987888,"{""solana"":""X6xxPu48zUHNUTTuo6HrqqY3227p9ns6kXFKHZmpump""}",18
5Cq3o3x443BMiHa5ykhrrEJjgH85NGdE8uFEA9mwJTRw_solana,ERC20-USDT,ERC20-USDT,5Cq3o3x443BMiHa5ykhrrEJjgH85NGdE8uFEA9mwJTRw_solana,erc.png,219000000,"{""solana"":""5Cq3o3x443BMiHa5ykhrrEJjgH85NGdE8uFEA9mwJTRw""}",18
84oHWhZhQTKrTQ78KnYmNxxoPwqGcbTz6sKVrEL52ESY_solana,ERC20-USDT,ERC20-USDT,84oHWhZhQTKrTQ78KnYmNxxoPwqGcbTz6sKVrEL52ESY_solana,erc.png,219000888,"{""solana"":""84oHWhZhQTKrTQ78KnYmNxxoPwqGcbTz6sKVrEL52ESY""}",18
ZQDwN18jG3a76eUejYbJvcEm66QQ4sDZrRGtyd5pump_solana,GOIF,GOIF,ZQDwN18jG3a76eUejYbJvcEm66QQ4sDZrRGtyd5pump_solana,goi.png,999988761,"{""solana"":""ZQDwN18jG3a76eUejYbJvcEm66QQ4sDZrRGtyd5pump""}",18
0x1794f2bb542c28c4cf14872c39c2e31f740dd102_binance_smart,TFUSD,Treuhand Finanzgruppe USD,0x1794f2bb542c28c4cf14872c39c2e31f740dd102_binance_smart,tfu.png,216992923,"{""binance_smart"":""0x1794f2bb542c28c4cf14872c39c2e31f740dd102""}",18
wMhg5DyajdeSZsqiDYVqEimZuKy517jShyALTRPpump_solana,NTDA,NTDA,wMhg5DyajdeSZsqiDYVqEimZuKy517jShyALTRPpump_solana,ntd.png,999988877,"{""solana"":""wMhg5DyajdeSZsqiDYVqEimZuKy517jShyALTRPpump""}",18
Gcouss4giwZHXbNaQgZG2RrdCjsSnwcEFhNXa4xApump_solana,VSOF,VSOF,Gcouss4giwZHXbNaQgZG2RrdCjsSnwcEFhNXa4xApump_solana,vso.png,999987858,"{""solana"":""Gcouss4giwZHXbNaQgZG2RrdCjsSnwcEFhNXa4xApump""}",18
4f31GNJXkZdWwtJgxtkkP4YtrnpL61gxwd8eT8UZqbRX_solana,RLUSD,Ripple USD,4f31GNJXkZdWwtJgxtkkP4YtrnpL61gxwd8eT8UZqbRX_solana,rlu.png,209999806,"{""solana"":""4f31GNJXkZdWwtJgxtkkP4YtrnpL61gxwd8eT8UZqbRX""}",18
0xa41a51eae67625058a4d0d64082c160240917777_binance_smart,GM,GREEN MORNING,0xa41a51eae67625058a4d0d64082c160240917777_binance_smart,gm.png,1000000000,"{""binance_smart"":""0xa41a51eae67625058a4d0d64082c160240917777""}",18
XxfCRkqo9evoypqN2DC8bLXVBKVJR2FpXoPEhW2pump_solana,SARP,Strategic American Protocol,XxfCRkqo9evoypqN2DC8bLXVBKVJR2FpXoPEhW2pump_solana,sar.png,999989295,"{""solana"":""XxfCRkqo9evoypqN2DC8bLXVBKVJR2FpXoPEhW2pump""}",18
0x22ae3d9a738471f405169af055d31c687087d4c7_ethereum,PST,PayFi Strategy Token,0x22ae3d9a738471f405169af055d31c687087d4c7_ethereum,pst.png,180606546,"{""ethereum"":""0x22ae3d9a738471f405169af055d31c687087d4c7""}",18
9ivuoJSHNHJ126m5TsH3HRXKovHx9M1c43KH26FmBpqh_solana,CASHCAT,Cash Cat,9ivuoJSHNHJ126m5TsH3HRXKovHx9M1c43KH26FmBpqh_solana,cas.png,999999999,"{""solana"":""9ivuoJSHNHJ126m5TsH3HRXKovHx9M1c43KH26FmBpqh""}",18
Ce4avGGdze2jh6hZYZxKsjroLVAm29fD3DcRSEjepump_solana,GOIF,Global Oil Institution Fund,Ce4avGGdze2jh6hZYZxKsjroLVAm29fD3DcRSEjepump_solana,goi.png,999989106,"{""solana"":""Ce4avGGdze2jh6hZYZxKsjroLVAm29fD3DcRSEjepump""}",18
mxWmKY3wrLZDjxnUGXXphvJHXv5jUXkWhMtJwR1pump_solana,Agency,Agency,mxWmKY3wrLZDjxnUGXXphvJHXv5jUXkWhMtJwR1pump_solana,age.png,999987884,"{""solana"":""mxWmKY3wrLZDjxnUGXXphvJHXv5jUXkWhMtJwR1pump""}",18
HtdaVFFhH5m9Zu3bLyAFAtyvB6yAKKmDTA9iTMMpump_solana,USDF,United States Dividend Fund,HtdaVFFhH5m9Zu3bLyAFAtyvB6yAKKmDTA9iTMMpump_solana,usd.png,999989519,"{""solana"":""HtdaVFFhH5m9Zu3bLyAFAtyvB6yAKKmDTA9iTMMpump""}",18
BbbgXYhjDYj6nxu1CyhXgq9kRVX3amaSex4HiZXfpump_solana,NTDA,NTDA,BbbgXYhjDYj6nxu1CyhXgq9kRVX3amaSex4HiZXfpump_solana,ntd.png,999734856,"{""solana"":""BbbgXYhjDYj6nxu1CyhXgq9kRVX3amaSex4HiZXfpump""}",18
V6ngLx9auEpPmq99MaSKgSd8MwwSGYAijrTToMapump_solana,WOTF,World Oil Trust Fund🔥,V6ngLx9auEpPmq99MaSKgSd8MwwSGYAijrTToMapump_solana,wot.png,999988668,"{""solana"":""V6ngLx9auEpPmq99MaSKgSd8MwwSGYAijrTToMapump""}",18
HE2kCYoqisUpFCjVa6QDat8Aqrn4DWkxaRbF7CPpump_solana,ATFS,American Trust Fund System,HE2kCYoqisUpFCjVa6QDat8Aqrn4DWkxaRbF7CPpump_solana,atf.png,999989796,"{""solana"":""HE2kCYoqisUpFCjVa6QDat8Aqrn4DWkxaRbF7CPpump""}",18
YcTTWyBCmJKbJykYoJ5pSFe7dfmxfa2KHdMY6N7pump_solana,NTDA,National Trump Digital Accounts,YcTTWyBCmJKbJykYoJ5pSFe7dfmxfa2KHdMY6N7pump_solana,ntd.png,999987932,"{""solana"":""YcTTWyBCmJKbJykYoJ5pSFe7dfmxfa2KHdMY6N7pump""}",18
647X13ffjpM8uJgpgQ9xfkJF81vwxvrganF52zmSpump_solana,NTDA,NTDA,647X13ffjpM8uJgpgQ9xfkJF81vwxvrganF52zmSpump_solana,ntd.png,999987869,"{""solana"":""647X13ffjpM8uJgpgQ9xfkJF81vwxvrganF52zmSpump""}",18
JBdbUXf61G3TEsWQidr1gHWabrZg6JeAzmj1KfSTSNSV_solana,ADA,Cardano,JBdbUXf61G3TEsWQidr1gHWabrZg6JeAzmj1KfSTSNSV_solana,ada.png,999999999,"{""solana"":""JBdbUXf61G3TEsWQidr1gHWabrZg6JeAzmj1KfSTSNSV""}",18
6gRiAmtUSF4Lo2CwQwfQgdyPHVwAzg4S7EsRZyW5zWpb_solana,ACE,Fusionist,6gRiAmtUSF4Lo2CwQwfQgdyPHVwAzg4S7EsRZyW5zWpb_solana,ace.png,999999999,"{""solana"":""6gRiAmtUSF4Lo2CwQwfQgdyPHVwAzg4S7EsRZyW5zWpb""}",18
6BZrWBjPAVUBNNZ18ZwGJs1qLaDoDXTb2UX5wj5DDHzj_solana,DEXE,DeXe,6BZrWBjPAVUBNNZ18ZwGJs1qLaDoDXTb2UX5wj5DDHzj_solana,dex.png,100000000,"{""solana"":""6BZrWBjPAVUBNNZ18ZwGJs1qLaDoDXTb2UX5wj5DDHzj""}",18
V18osKQKdJ12qpZ2V9GpvGN3pYTpX8XzjYp1d3Gpump_solana,DOTF,DOTF,V18osKQKdJ12qpZ2V9GpvGN3pYTpX8XzjYp1d3Gpump_solana,dot.png,999989748,"{""solana"":""V18osKQKdJ12qpZ2V9GpvGN3pYTpX8XzjYp1d3Gpump""}",18
Cr8eEvK7L9yJCjyCxYoGhmMsvudVdWttdgRqJ8fapump_solana,DOTf,DOTF,Cr8eEvK7L9yJCjyCxYoGhmMsvudVdWttdgRqJ8fapump_solana,dot.png,999989160,"{""solana"":""Cr8eEvK7L9yJCjyCxYoGhmMsvudVdWttdgRqJ8fapump""}",18
E6DtSNn1QypA6rM5qvkQanQ1zyidff2wYU3R5FhLpump_solana,NTDA,NTDA,E6DtSNn1QypA6rM5qvkQanQ1zyidff2wYU3R5FhLpump_solana,ntd.png,999978528,"{""solana"":""E6DtSNn1QypA6rM5qvkQanQ1zyidff2wYU3R5FhLpump""}",18
FvujKLhFE8gvDib2jeAvA5c167mt1ancs2kcFX6pump_solana,USDF,United States Dividend Fund,FvujKLhFE8gvDib2jeAvA5c167mt1ancs2kcFX6pump_solana,usd.png,999967458,"{""solana"":""FvujKLhFE8gvDib2jeAvA5c167mt1ancs2kcFX6pump""}",18
DM2SYxtg6udnzkAZsV8k33xGGebDFzsQfXKPVRQCn6UB_solana,AIN,Infinity Ground,DM2SYxtg6udnzkAZsV8k33xGGebDFzsQfXKPVRQCn6UB_solana,ain.png,999999999,"{""solana"":""DM2SYxtg6udnzkAZsV8k33xGGebDFzsQfXKPVRQCn6UB""}",18
66E2JRT7dtrBhtt71dWQTiWPtTdG7X1TirPYuGgBxqqK_solana,NEXO,Nexo,66E2JRT7dtrBhtt71dWQTiWPtTdG7X1TirPYuGgBxqqK_solana,nex.png,210000000,"{""solana"":""66E2JRT7dtrBhtt71dWQTiWPtTdG7X1TirPYuGgBxqqK""}",18
CdFyj9YUCjWW4gQwHRdMUhnvXVb7PCqwfPspoUfpump_solana,UDR,UNITED DIVIDEND RESERVE,CdFyj9YUCjWW4gQwHRdMUhnvXVb7PCqwfPspoUfpump_solana,udr.png,999988877,"{""solana"":""CdFyj9YUCjWW4gQwHRdMUhnvXVb7PCqwfPspoUfpump""}",18
0xf9e29e70f3552f2189b84f84a4229e3966f07777_binance_smart,GIWA,GIWA,0xf9e29e70f3552f2189b84f84a4229e3966f07777_binance_smart,giw.png,1000000000,"{""binance_smart"":""0xf9e29e70f3552f2189b84f84a4229e3966f07777""}",18
3dHT2vB9N6xAGvUEwZgvPNzuE2yAqgkJJnjpkjPhpump_solana,VSOF,Vanguard Strategic Oil Fund,3dHT2vB9N6xAGvUEwZgvPNzuE2yAqgkJJnjpkjPhpump_solana,vso.png,999989236,"{""solana"":""3dHT2vB9N6xAGvUEwZgvPNzuE2yAqgkJJnjpkjPhpump""}",18
0x6631ee651da438db2be611b5a44dfe2ca04590c5_polygon-pos,A,A,0x6631ee651da438db2be611b5a44dfe2ca04590c5_polygon-pos,a.png,172990083,"{""polygon-pos"":""0x6631ee651da438db2be611b5a44dfe2ca04590c5""}",18
U42F9t1VjKM4jqdytcMvfdPtxKXoKpRnV1YcQerpump_solana,NTDA,NTDA,U42F9t1VjKM4jqdytcMvfdPtxKXoKpRnV1YcQerpump_solana,ntd.png,999989598,"{""solana"":""U42F9t1VjKM4jqdytcMvfdPtxKXoKpRnV1YcQerpump""}",18
0x386bf5d829a8e24311120bebec1d7aec32930b01_binance_smart,LEAF,LEAF TOKEN,0x386bf5d829a8e24311120bebec1d7aec32930b01_binance_smart,lea.png,100000000,"{""binance_smart"":""0x386bf5d829a8e24311120bebec1d7aec32930b01""}",18
0x9fd454111d1d41351c1dfa729d5beced35cedb54_binance_smart,RASUN,RASUN,0x9fd454111d1d41351c1dfa729d5beced35cedb54_binance_smart,ras.png,100000000,"{""binance_smart"":""0x9fd454111d1d41351c1dfa729d5beced35cedb54""}",18
6wRvemXYti9XkvKuoMXfJiC1hWeZHDUY74AKxniW4ZsH_solana,MARSCOIN,MarsCoin,6wRvemXYti9XkvKuoMXfJiC1hWeZHDUY74AKxniW4ZsH_solana,mar.png,999999999,"{""solana"":""6wRvemXYti9XkvKuoMXfJiC1hWeZHDUY74AKxniW4ZsH""}",18
AvUDXeMZJzJBNLg6Xz2oQQAB8wv5YhpBCPpwA8gUMRpf_solana,H,Humanity,AvUDXeMZJzJBNLg6Xz2oQQAB8wv5YhpBCPpwA8gUMRpf_solana,h.png,999999999,"{""solana"":""AvUDXeMZJzJBNLg6Xz2oQQAB8wv5YhpBCPpwA8gUMRpf""}",18
42mCobyUBcVMX9CXp77HKx2bCJmm6M3KdpBp9Gqapump_solana,DOTF,Digital Oil Trust Fund,42mCobyUBcVMX9CXp77HKx2bCJmm6M3KdpBp9Gqapump_solana,dot.png,999983705,"{""solana"":""42mCobyUBcVMX9CXp77HKx2bCJmm6M3KdpBp9Gqapump""}",18
3aDDk7wDuNvujvr4AqsVfYZcoKQn5EkXAVqXcdxhpump_solana,NTDA,NTDA,3aDDk7wDuNvujvr4AqsVfYZcoKQn5EkXAVqXcdxhpump_solana,ntd.png,999996718,"{""solana"":""3aDDk7wDuNvujvr4AqsVfYZcoKQn5EkXAVqXcdxhpump""}",18
8TC93eg35bVJShh7CAcoXNhDCKWnmsdLN39z9Ywkpump_solana,WSOS,WSOS,8TC93eg35bVJShh7CAcoXNhDCKWnmsdLN39z9Ywkpump_solana,wso.png,999934262,"{""solana"":""8TC93eg35bVJShh7CAcoXNhDCKWnmsdLN39z9Ywkpump""}",18
0xf4a87f0a376a535549c4b66629eb2cc896227777_binance_smart,CT,Concrete Token,0xf4a87f0a376a535549c4b66629eb2cc896227777_binance_smart,ct.png,1000000000,"{""binance_smart"":""0xf4a87f0a376a535549c4b66629eb2cc896227777""}",18
6DWHBW3R5NE2LUShJRbvDyi9GZ8Hz4EFFRgcfP3apump_solana,WOTF,World Oil Trust Fund🔥,6DWHBW3R5NE2LUShJRbvDyi9GZ8Hz4EFFRgcfP3apump_solana,wot.png,999971517,"{""solana"":""6DWHBW3R5NE2LUShJRbvDyi9GZ8Hz4EFFRgcfP3apump""}",18
0x6cd3025f851f36e74937d4e652f6ae9d4b2e88cf_binance_smart,ARKIE,Arkie,0x6cd3025f851f36e74937d4e652f6ae9d4b2e88cf_binance_smart,0x6cd3025f851f36e74937d4e652f6ae9d4b2e88cf_binance_smartcZH.png,6000000,"{""binance_smart"":""0x6cd3025f851f36e74937d4e652f6ae9d4b2e88cf""}",18
CbczjQ839FRFqtm2ketqdh4GC77invzcZKCWxfTYpv4Y_solana,CAKE,PancakeSwap,CbczjQ839FRFqtm2ketqdh4GC77invzcZKCWxfTYpv4Y_solana,cak.png,99999999,"{""solana"":""CbczjQ839FRFqtm2ketqdh4GC77invzcZKCWxfTYpv4Y""}",18
DpdRpnpL4WGGaixzqXpKbctXzYQuCS6DRoWXdTzS8zna_solana,ADI,ADI,DpdRpnpL4WGGaixzqXpKbctXzYQuCS6DRoWXdTzS8zna_solana,adi.png,21000000,"{""solana"":""DpdRpnpL4WGGaixzqXpKbctXzYQuCS6DRoWXdTzS8zna""}",18
0x8d65744527f55d0b2338350912d5c99a81ddf0e2_binance_smart,Pro,Pro Token,0x8d65744527f55d0b2338350912d5c99a81ddf0e2_binance_smart,pro.png,14715192,"{""binance_smart"":""0x8d65744527f55d0b2338350912d5c99a81ddf0e2""}",18
CufXL4wse1FRH28g9uEcqwTR2roU48HLFYjmDizpump_solana,USPR,United States Power Reserve,CufXL4wse1FRH28g9uEcqwTR2roU48HLFYjmDizpump_solana,usp.png,999967156,"{""solana"":""CufXL4wse1FRH28g9uEcqwTR2roU48HLFYjmDizpump""}",18
0xadf25e81ecec4f3c0a1d064efb31f6d4acc8d04a_base,KOTAEMON,KOTAEMON github.com/cinnamon/KOTAEMON,0xadf25e81ecec4f3c0a1d064efb31f6d4acc8d04a_base,kot.png,1000000000,"{""base"":""0xadf25e81ecec4f3c0a1d064efb31f6d4acc8d04a""}",18
XGF4LygVsa8BFjLRar41GFnQQfoTgnSuo7yA5kmpump_solana,XBC,Xpress Bridge Currency,XGF4LygVsa8BFjLRar41GFnQQfoTgnSuo7yA5kmpump_solana,xbc.png,999980744,"{""solana"":""XGF4LygVsa8BFjLRar41GFnQQfoTgnSuo7yA5kmpump""}",18
0x59523e38727c2f4e6dabe89db938779058f2adaf_binance_smart,AUV,AUV,0x59523e38727c2f4e6dabe89db938779058f2adaf_binance_smart,auv.png,768370,"{""binance_smart"":""0x59523e38727c2f4e6dabe89db938779058f2adaf""}",18
5JGPBKZaiu2XAZz8Uu2peRzHGoY9Q9faajgWWm54xYXm_solana,XMR,Monero,5JGPBKZaiu2XAZz8Uu2peRzHGoY9Q9faajgWWm54xYXm_solana,xmr.png,300000,"{""solana"":""5JGPBKZaiu2XAZz8Uu2peRzHGoY9Q9faajgWWm54xYXm""}",18
0x2078f336fdd260f708bec4a20c82b063274e1b23_ethereum,fwWBTC,Few Wrapped Wrapped BTC,0x2078f336fdd260f708bec4a20c82b063274e1b23_ethereum,fww.png,1591,"{""ethereum"":""0x2078f336fdd260f708bec4a20c82b063274e1b23""}",18
k9fKQWRdiGWHuseL1cM9mzpoG1DfemCqEy2iB93pump_solana,NTDA,NTDA,k9fKQWRdiGWHuseL1cM9mzpoG1DfemCqEy2iB93pump_solana,ntd.png,999981084,"{""solana"":""k9fKQWRdiGWHuseL1cM9mzpoG1DfemCqEy2iB93pump""}",18
4fJX8zTAcTEpiFjswfwtczLHvEALfBd95oH6Wz8vpump_solana,NTDA,NTDA,4fJX8zTAcTEpiFjswfwtczLHvEALfBd95oH6Wz8vpump_solana,ntd.png,999989134,"{""solana"":""4fJX8zTAcTEpiFjswfwtczLHvEALfBd95oH6Wz8vpump""}",18
EXkaLWE88Z651qBjmVY4uaCDMgv13xYSmgCDkqSwAXH2_solana,DOG,Dog (Bitcoin),EXkaLWE88Z651qBjmVY4uaCDMgv13xYSmgCDkqSwAXH2_solana,dog.png,100000000000,"{""solana"":""EXkaLWE88Z651qBjmVY4uaCDMgv13xYSmgCDkqSwAXH2""}",18
HKcn49jfMj7z2C5K9zonNoq4Vmv2pNyJcuiSCwEDsaN8_solana,ENA,Ethena,HKcn49jfMj7z2C5K9zonNoq4Vmv2pNyJcuiSCwEDsaN8_solana,ena.png,999999999,"{""solana"":""HKcn49jfMj7z2C5K9zonNoq4Vmv2pNyJcuiSCwEDsaN8""}",18
waW5EVqWFtDVpwoudzYQxCoP8DCFUz91trdyg2Zpump_solana,GOIF,Global Oil Institution Fund,waW5EVqWFtDVpwoudzYQxCoP8DCFUz91trdyg2Zpump_solana,goi.png,999989257,"{""solana"":""waW5EVqWFtDVpwoudzYQxCoP8DCFUz91trdyg2Zpump""}",18
HLeJq748fmGSq64WjYGokdBsbVX3pPRb5HJPURPPVPz2_solana,CC,Canton Network,HLeJq748fmGSq64WjYGokdBsbVX3pPRb5HJPURPPVPz2_solana,cc.png,1000000000,"{""solana"":""HLeJq748fmGSq64WjYGokdBsbVX3pPRb5HJPURPPVPz2""}",18
0x1c92077f8096e2ded176f30cb2ac43f44954ad1f_binance_smart,ORACLE,Oracle,0x1c92077f8096e2ded176f30cb2ac43f44954ad1f_binance_smart,ora.png,1000000000,"{""binance_smart"":""0x1c92077f8096e2ded176f30cb2ac43f44954ad1f""}",18
HHcDJ6xZq7rEJAYo82KMwAPZjLGZkSUvTCPnTLhapump_solana,DOTF,Digital Oil Trust Fund,HHcDJ6xZq7rEJAYo82KMwAPZjLGZkSUvTCPnTLhapump_solana,dot.png,999970020,"{""solana"":""HHcDJ6xZq7rEJAYo82KMwAPZjLGZkSUvTCPnTLhapump""}",18
0x9f3a911bb29480457b944998708f757e36f17777_binance_smart,GM,GREEN MORNING,0x9f3a911bb29480457b944998708f757e36f17777_binance_smart,gm.png,1000000000,"{""binance_smart"":""0x9f3a911bb29480457b944998708f757e36f17777""}",18
0x8e4733bdabcf7d4afc3d14f0dd46c9bf52fb0fce9e4b996c939e195b8bc891d9_initia,INIT,Initia Native Token,0x8e4733bdabcf7d4afc3d14f0dd46c9bf52fb0fce9e4b996c939e195b8bc891d9_initia,ini.png,1000000000,"{""initia"":""0x8e4733bdabcf7d4afc3d14f0dd46c9bf52fb0fce9e4b996c939e195b8bc891d9""}",18
0xb146fcdbea3b4b54fb47c03e4f44893dd63e7777_binance_smart,CT,Concrete,0xb146fcdbea3b4b54fb47c03e4f44893dd63e7777_binance_smart,ct.png,1000000000,"{""binance_smart"":""0xb146fcdbea3b4b54fb47c03e4f44893dd63e7777""}",18
0xc8f5ae05a2612fc29353d10948b9bbc95ada276a_binance_smart,ME,Me Token,0xc8f5ae05a2612fc29353d10948b9bbc95ada276a_binance_smart,me.png,99999999,"{""binance_smart"":""0xc8f5ae05a2612fc29353d10948b9bbc95ada276a""}",18
0xa4d2ff91b94c3a21711cc607c0287454354a7777_binance_smart,币安链能飞,Bnb大涨，币安链能飞,0xa4d2ff91b94c3a21711cc607c0287454354a7777_binance_smart,.png,1000000000,"{""binance_smart"":""0xa4d2ff91b94c3a21711cc607c0287454354a7777""}",18
bnbf4WnVdqpWDEhM3J5XrF4hkNqoQLSDagmucu1pump_solana,NTDA,NTDA,bnbf4WnVdqpWDEhM3J5XrF4hkNqoQLSDagmucu1pump_solana,ntd.png,999970860,"{""solana"":""bnbf4WnVdqpWDEhM3J5XrF4hkNqoQLSDagmucu1pump""}",18
4k6BAAXRskUNpx8bK94m6KnARp1KPZWL1p79A18y97Po_solana,XMR,Monero,4k6BAAXRskUNpx8bK94m6KnARp1KPZWL1p79A18y97Po_solana,xmr.png,300000,"{""solana"":""4k6BAAXRskUNpx8bK94m6KnARp1KPZWL1p79A18y97Po""}",18
ozhbwEQGt9L6a7nLrhV1BawiW3C6YJvunHudNH5pump_solana,VSOF,VSOF,ozhbwEQGt9L6a7nLrhV1BawiW3C6YJvunHudNH5pump_solana,vso.png,999975789,"{""solana"":""ozhbwEQGt9L6a7nLrhV1BawiW3C6YJvunHudNH5pump""}",18
0x29a294f8fe285dfb259705213e375ecb7fcf9d9b_ethereum,fwUSDR,Few Wrapped Ring USD,0x29a294f8fe285dfb259705213e375ecb7fcf9d9b_ethereum,fwu.png,100004761,"{""ethereum"":""0x29a294f8fe285dfb259705213e375ecb7fcf9d9b""}",18
B2rQTgxBRgXXUnV9Bos9Cxq1ZY1JV8nhPNzYqp193vXw_solana,WOFI,World Oil Fund Institution,B2rQTgxBRgXXUnV9Bos9Cxq1ZY1JV8nhPNzYqp193vXw_solana,wof.png,999999999,"{""solana"":""B2rQTgxBRgXXUnV9Bos9Cxq1ZY1JV8nhPNzYqp193vXw""}",18
KD5g2jWMwp7C2BM3XH2gXM7CrH1CxVHGu5ZkppzpTLg_solana,002,002,KD5g2jWMwp7C2BM3XH2gXM7CrH1CxVHGu5ZkppzpTLg_solana,002.png,1000000,"{""solana"":""KD5g2jWMwp7C2BM3XH2gXM7CrH1CxVHGu5ZkppzpTLg""}",18
6nDPnm99tUBzff3WuWrDH8odYqHZHMA4TrDw5HYjpump_solana,WOTF,World Oil Trust Fund,6nDPnm99tUBzff3WuWrDH8odYqHZHMA4TrDw5HYjpump_solana,wot.png,999973086,"{""solana"":""6nDPnm99tUBzff3WuWrDH8odYqHZHMA4TrDw5HYjpump""}",18
8iYfNM8SpcuAM3KFZcHf7tPHqgf6ZSXiRErg83N1pump_solana,NTDA,NTDA,8iYfNM8SpcuAM3KFZcHf7tPHqgf6ZSXiRErg83N1pump_solana,ntd.png,999967057,"{""solana"":""8iYfNM8SpcuAM3KFZcHf7tPHqgf6ZSXiRErg83N1pump""}",18
0xb3b34f032923dea2ee8476df26894e8fa9eb7f54_binance_smart,J1USD,J1USD,0xb3b34f032923dea2ee8476df26894e8fa9eb7f54_binance_smart,j1u.png,100000000,"{""binance_smart"":""0xb3b34f032923dea2ee8476df26894e8fa9eb7f54""}",18
q2m2NTGtuG7S9To9deBAPp4stsQM3y7Eu3yGj4Ppump_solana,UDR,UNITED DIVIDEND RESERVE,q2m2NTGtuG7S9To9deBAPp4stsQM3y7Eu3yGj4Ppump_solana,udr.png,999938267,"{""solana"":""q2m2NTGtuG7S9To9deBAPp4stsQM3y7Eu3yGj4Ppump""}",18
0x750605d2482f286840f30e1512f4f158dc917777_binance_smart,BI,Binance Inu,0x750605d2482f286840f30e1512f4f158dc917777_binance_smart,bi.png,1000000000,"{""binance_smart"":""0x750605d2482f286840f30e1512f4f158dc917777""}",18
5L6SG49fdzLjFSS3Rq9Rk2F6oQiWFKMz7S11cXwFMKUC_solana,PEAQ,peaq,5L6SG49fdzLjFSS3Rq9Rk2F6oQiWFKMz7S11cXwFMKUC_solana,pea.png,4437178112,"{""solana"":""5L6SG49fdzLjFSS3Rq9Rk2F6oQiWFKMz7S11cXwFMKUC""}",18
4f3GBrtkjUdZW5nanMStY849YYJVVDVfjkigS2V3YU7h_solana,ALGO,Algorand,4f3GBrtkjUdZW5nanMStY849YYJVVDVfjkigS2V3YU7h_solana,alg.png,999999999,"{""solana"":""4f3GBrtkjUdZW5nanMStY849YYJVVDVfjkigS2V3YU7h""}",18
At8bi5YmjjGreHRGsgLEFZbZJRrjzLcw4p8c7czgNF42_solana,UNI,Uniswap,At8bi5YmjjGreHRGsgLEFZbZJRrjzLcw4p8c7czgNF42_solana,uni.png,21000000,"{""solana"":""At8bi5YmjjGreHRGsgLEFZbZJRrjzLcw4p8c7czgNF42""}",18
H3n2DwsS9pqY6NvYWNQh1XQFRHLHCwtyTRVvbCcHK2uS_solana,ONG,Ontology Gas,H3n2DwsS9pqY6NvYWNQh1XQFRHLHCwtyTRVvbCcHK2uS_solana,ong.png,999999999,"{""solana"":""H3n2DwsS9pqY6NvYWNQh1XQFRHLHCwtyTRVvbCcHK2uS""}",18
0x7ff60d286b95795c738ba7d7b6eab70b843c4607_binance_smart,DGC,DeFiGoldCoin,0x7ff60d286b95795c738ba7d7b6eab70b843c4607_binance_smart,dgc.png,21000000,"{""binance_smart"":""0x7ff60d286b95795c738ba7d7b6eab70b843c4607""}",18
0x04bdc30bd1ae7c0822ed38221ddffc1ca4097717_eni,ALK,AILink Protocol,0x04bdc30bd1ae7c0822ed38221ddffc1ca4097717_eni,alk.png,10000000000,"{""eni"":""0x04bdc30bd1ae7c0822ed38221ddffc1ca4097717""}",18
0xb0057b2d33a98120b5986d4577f42f7d3754aa3a_binance_smart,BTD,BTD,0xb0057b2d33a98120b5986d4577f42f7d3754aa3a_binance_smart,btd.png,101000,"{""binance_smart"":""0xb0057b2d33a98120b5986d4577f42f7d3754aa3a""}",18
Cj9KUBzHMK6shrNTmRZThUHK5mCaYWQzFx5DYTNi9E21_solana,ENA,Ethena,Cj9KUBzHMK6shrNTmRZThUHK5mCaYWQzFx5DYTNi9E21_solana,ena.png,999999999,"{""solana"":""Cj9KUBzHMK6shrNTmRZThUHK5mCaYWQzFx5DYTNi9E21""}",18
0x18d0e455b3491e09210292d3953157a4bf104444_binance_smart,比特币,比特币,0x18d0e455b3491e09210292d3953157a4bf104444_binance_smart,0x18d0e455b3491e09210292d3953157a4bf104444_binance_smartEFu.png,1000000000,"{""binance_smart"":""0x18d0e455b3491e09210292d3953157a4bf104444""}",18
0x31872b7e2b0f856035381f86c195dbef1059028c_binance_smart,KO,KO,0x31872b7e2b0f856035381f86c195dbef1059028c_binance_smart,ko.png,1000000000,"{""binance_smart"":""0x31872b7e2b0f856035381f86c195dbef1059028c""}",18
FvpqozavpwPHDsTFRXtbW6qkkqguzBqhVPWWd6XsYNCu_solana,ARB,ARB,FvpqozavpwPHDsTFRXtbW6qkkqguzBqhVPWWd6XsYNCu_solana,arb.png,999999994,"{""solana"":""FvpqozavpwPHDsTFRXtbW6qkkqguzBqhVPWWd6XsYNCu""}",18
6yP3NczssPkRcZcf578Rzcb496xUuTAm1NtpQXgqKicJ_solana,GIGGLE,Giggle Fund,6yP3NczssPkRcZcf578Rzcb496xUuTAm1NtpQXgqKicJ_solana,gig.png,2100000,"{""solana"":""6yP3NczssPkRcZcf578Rzcb496xUuTAm1NtpQXgqKicJ""}",18
HFi896LaVue6juFZQ4sC34gnHxrmUvxxHzsR4HMtpump_solana,SARP,Strategic American Protocol,HFi896LaVue6juFZQ4sC34gnHxrmUvxxHzsR4HMtpump_solana,sar.png,999971643,"{""solana"":""HFi896LaVue6juFZQ4sC34gnHxrmUvxxHzsR4HMtpump""}",18
eth_3crvcrypto2_0xc4ad29ba4b3c580e6d59105fff484999997675ff,3CrvCrypto2,Curve Tricrypto Pool,eth_3crvcrypto2_0xc4ad29ba4b3c580e6d59105fff484999997675ff,eth_3crvcrypto2_0xc4ad29ba4b3c580e6d59105fff484999997675ff.png,56283.42058891505,"{""ethereum"":""0xc4ad29ba4b3c580e6d59105fff484999997675ff""}",18
4qZBH27FusDUT6UizXBoc1TUPsprYfvg3f5aACi9pump_solana,XRPN🔥,EVERNORTHXRP,4qZBH27FusDUT6UizXBoc1TUPsprYfvg3f5aACi9pump_solana,xrp.png,999969487,"{""solana"":""4qZBH27FusDUT6UizXBoc1TUPsprYfvg3f5aACi9pump""}",18
9bYvicWgQyNy8RrnJNXUXjrSFqEvDEVfFL4eVxDGez2W_solana,PONS,Pons,9bYvicWgQyNy8RrnJNXUXjrSFqEvDEVfFL4eVxDGez2W_solana,pon.png,999999999,"{""solana"":""9bYvicWgQyNy8RrnJNXUXjrSFqEvDEVfFL4eVxDGez2W""}",18
HsRNc2jvn7LenzhasSXJgNHvq7jhsVqNTVJemgj2pump_solana,SARP,SARP,HsRNc2jvn7LenzhasSXJgNHvq7jhsVqNTVJemgj2pump_solana,sar.png,999988963,"{""solana"":""HsRNc2jvn7LenzhasSXJgNHvq7jhsVqNTVJemgj2pump""}",18
0xcefbf00b3732fe91e46989037e4b2564a4fc7777_binance_smart,逆袭人生,NIXI,0xcefbf00b3732fe91e46989037e4b2564a4fc7777_binance_smart,.png,1000000000,"{""binance_smart"":""0xcefbf00b3732fe91e46989037e4b2564a4fc7777""}",18
0xea855bd71b2eda900cbe78b1f421a5e2c61d7777_binance_smart,GSTOCK,Gstock,0xea855bd71b2eda900cbe78b1f421a5e2c61d7777_binance_smart,gst.png,1000000000,"{""binance_smart"":""0xea855bd71b2eda900cbe78b1f421a5e2c61d7777""}",18
89x86Bx9rLGgrchyHw3S3avmykVKUEVsy2o9rrA1wYkP_solana,CATE,Catecoin (cate.meme),89x86Bx9rLGgrchyHw3S3avmykVKUEVsy2o9rrA1wYkP_solana,cat.png,999999999,"{""solana"":""89x86Bx9rLGgrchyHw3S3avmykVKUEVsy2o9rrA1wYkP""}",18
FgQZ2k8pyg45xrfVzK1sAgr34tpb8xXJbsLgkfqTpump_solana,IOF,Institutional Oil Fund,FgQZ2k8pyg45xrfVzK1sAgr34tpb8xXJbsLgkfqTpump_solana,iof.png,999966365,"{""solana"":""FgQZ2k8pyg45xrfVzK1sAgr34tpb8xXJbsLgkfqTpump""}",18
0x6b175474e89094c44da98b954eedeac495271d0f_pulsechain,DAI,Dai Stablecoin,dai-on-pulsechain,dai-on-pulsechainZTN.png,44362724767,"{""pulsechain"":""0x6b175474e89094c44da98b954eedeac495271d0f""}",18
APSC5sfjQYDXkePbRMigktQgDx5JZrMsseCASzL9pump_solana,WOAR,World Oil Asset Reserve,APSC5sfjQYDXkePbRMigktQgDx5JZrMsseCASzL9pump_solana,woa.png,999935250,"{""solana"":""APSC5sfjQYDXkePbRMigktQgDx5JZrMsseCASzL9pump""}",18
4eeEismW2HTqXr2tXg44bgpfrb7zGDVPXMEkuoGK7jjh_solana,BULLA,Bulla,4eeEismW2HTqXr2tXg44bgpfrb7zGDVPXMEkuoGK7jjh_solana,bul.png,999999999,"{""solana"":""4eeEismW2HTqXr2tXg44bgpfrb7zGDVPXMEkuoGK7jjh""}",18
8nkE5LGhh2xQtzzNWLSWKYM9Hcr529EnUzDT9P76pump_solana,IOF,Institutional Oil Fund,8nkE5LGhh2xQtzzNWLSWKYM9Hcr529EnUzDT9P76pump_solana,iof.png,999965490,"{""solana"":""8nkE5LGhh2xQtzzNWLSWKYM9Hcr529EnUzDT9P76pump""}",18
0xe029b7225c5b363f21d7888a453d432ee5ad7777_binance_smart,中国人能飞,中国人能飞火箭,0xe029b7225c5b363f21d7888a453d432ee5ad7777_binance_smart,.png,1000000000,"{""binance_smart"":""0xe029b7225c5b363f21d7888a453d432ee5ad7777""}",18
7M4viLJEbafr8zxwGMbywbjG3dnpKCR3sfyVUtMnpump_solana,AROS,AROS,7M4viLJEbafr8zxwGMbywbjG3dnpKCR3sfyVUtMnpump_solana,aro.png,999992758,"{""solana"":""7M4viLJEbafr8zxwGMbywbjG3dnpKCR3sfyVUtMnpump""}",18
0xf7c736310a1a89b82257443960b372af74632dfe_binance_smart,ONE,ONE Token,0xf7c736310a1a89b82257443960b372af74632dfe_binance_smart,one.png,150000000,"{""binance_smart"":""0xf7c736310a1a89b82257443960b372af74632dfe""}",18
ALPA1yxN9s8rHdWzpiZGFKQfCJQSVx6vQfU2x4eLejgy_solana,SKY,Sky,ALPA1yxN9s8rHdWzpiZGFKQfCJQSVx6vQfU2x4eLejgy_solana,sky.png,999999999,"{""solana"":""ALPA1yxN9s8rHdWzpiZGFKQfCJQSVx6vQfU2x4eLejgy""}",18
BqkRr9jrKpMK4ChMmAiwbuSTUSH17oVh3STb8VmYpump_solana,NTDA,National Trump Digital Accounts,BqkRr9jrKpMK4ChMmAiwbuSTUSH17oVh3STb8VmYpump_solana,ntd.png,999958391,"{""solana"":""BqkRr9jrKpMK4ChMmAiwbuSTUSH17oVh3STb8VmYpump""}",18
0x701add4311e85c1f9c1549319fe2c476bc8a1b8b_binance_smart,GOT,GOLDEN PACT,0x701add4311e85c1f9c1549319fe2c476bc8a1b8b_binance_smart,got.png,110216576,"{""binance_smart"":""0x701add4311e85c1f9c1549319fe2c476bc8a1b8b""}",18
5Pb14rnBcYQvn8L8jFveqBocFAi7SMpi2WUiE52Xpump_solana,WSOS,World Strategic Oil Supply,5Pb14rnBcYQvn8L8jFveqBocFAi7SMpi2WUiE52Xpump_solana,wso.png,999890574,"{""solana"":""5Pb14rnBcYQvn8L8jFveqBocFAi7SMpi2WUiE52Xpump""}",18
0xa8f8726ab4759f7aa15eeb2bb952d24a4e7c7777_binance_smart,XDP,Doppler Finance,0xa8f8726ab4759f7aa15eeb2bb952d24a4e7c7777_binance_smart,xdp.png,1000000000,"{""binance_smart"":""0xa8f8726ab4759f7aa15eeb2bb952d24a4e7c7777""}",18
34dm57cS2nMrDWfcTyQn7XMVRY6hMYjHwaQGkf9Jpump_solana,XRPN,EVERNORTHXRP,34dm57cS2nMrDWfcTyQn7XMVRY6hMYjHwaQGkf9Jpump_solana,xrp.png,999941505,"{""solana"":""34dm57cS2nMrDWfcTyQn7XMVRY6hMYjHwaQGkf9Jpump""}",18
iPbgGs6ToYZWvBbDPdoDe9xxeaDbPatHGpZn5eXpump_solana,NTDA,NTDA,iPbgGs6ToYZWvBbDPdoDe9xxeaDbPatHGpZn5eXpump_solana,ntd.png,999958196,"{""solana"":""iPbgGs6ToYZWvBbDPdoDe9xxeaDbPatHGpZn5eXpump""}",18
0x443bddf5690fb13d3de3885865f8ba33d5ffc1ee_x-layer,XP,XpTest,0x443bddf5690fb13d3de3885865f8ba33d5ffc1ee_x-layer,xp.png,1050000,"{""x-layer"":""0x443bddf5690fb13d3de3885865f8ba33d5ffc1ee""}",18
5ndxUPCiE6UBq8TSiuUT7M2eph7QmhLRbG9HSh3KJnb5_solana,SAND,The Sandbox,5ndxUPCiE6UBq8TSiuUT7M2eph7QmhLRbG9HSh3KJnb5_solana,san.png,999999999,"{""solana"":""5ndxUPCiE6UBq8TSiuUT7M2eph7QmhLRbG9HSh3KJnb5""}",18
0xbbd97e3ff9a67e9bdfe39afd1f00d9bfbf3c7777_binance_smart,BAPE,BAPE,0xbbd97e3ff9a67e9bdfe39afd1f00d9bfbf3c7777_binance_smart,0xbbd97e3ff9a67e9bdfe39afd1f00d9bfbf3c7777_binance_smartkuj.png,1000000000,"{""binance_smart"":""0xbbd97e3ff9a67e9bdfe39afd1f00d9bfbf3c7777""}",18
7174WCmCvWJxwHrB89CbKmUGE6VDXYfw4YpXNReapump_solana,AROS,AROS,7174WCmCvWJxwHrB89CbKmUGE6VDXYfw4YpXNReapump_solana,aro.png,999928054,"{""solana"":""7174WCmCvWJxwHrB89CbKmUGE6VDXYfw4YpXNReapump""}",18
DJHuEHtfYBmqRLxVwU7VRVKsApKkYQuHRWTixZeWpump_solana,XRPN,EVERNORTHXRP,DJHuEHtfYBmqRLxVwU7VRVKsApKkYQuHRWTixZeWpump_solana,xrp.png,999929027,"{""solana"":""DJHuEHtfYBmqRLxVwU7VRVKsApKkYQuHRWTixZeWpump""}",18
638pDz2BDc1GA3bCoBjKZoRRzx2PYdSuqPMM1wYpump_solana,NTDA,NTDA,638pDz2BDc1GA3bCoBjKZoRRzx2PYdSuqPMM1wYpump_solana,ntd.png,999922504,"{""solana"":""638pDz2BDc1GA3bCoBjKZoRRzx2PYdSuqPMM1wYpump""}",18
u5vXnPNUzvqGtAg3SXKtA3mEdPX4XZvp9hgQWQKpump_solana,XDP,Doppler Finance,u5vXnPNUzvqGtAg3SXKtA3mEdPX4XZvp9hgQWQKpump_solana,xdp.png,999769227,"{""solana"":""u5vXnPNUzvqGtAg3SXKtA3mEdPX4XZvp9hgQWQKpump""}",18
9MR3G8hnPA7GNNEenWciQbsSfUq1emmpVjpFWUpwpNk4_solana,PIN,PinLink,9MR3G8hnPA7GNNEenWciQbsSfUq1emmpVjpFWUpwpNk4_solana,pin.png,999999999,"{""solana"":""9MR3G8hnPA7GNNEenWciQbsSfUq1emmpVjpFWUpwpNk4""}",18
0x46d73dee442a7ba2c1c6948a1114acbf69d76ccd_ethereum,fwXAUt,Few Wrapped Tether Gold,0x46d73dee442a7ba2c1c6948a1114acbf69d76ccd_ethereum,fwx.png,14264,"{""ethereum"":""0x46d73dee442a7ba2c1c6948a1114acbf69d76ccd""}",18
0xdbb64ec2a453a612d0cc5001b6f15b0200000000_binance_smart,杀零狗,杀零狗,0xdbb64ec2a453a612d0cc5001b6f15b0200000000_binance_smart,.png,0,"{""binance_smart"":""0xdbb64ec2a453a612d0cc5001b6f15b0200000000""}",18
0xd5df4d260d7a0145f655bcbf3b398076f21016c7_binance_smart,AOP,Ark Of Panda,0xd5df4d260d7a0145f655bcbf3b398076f21016c7_binance_smart,aop.png,2000000000,"{""binance_smart"":""0xd5df4d260d7a0145f655bcbf3b398076f21016c7""}",18
jJ8w86fZVCKN9oLszqSohFLPe5MkFdChBCkxxUEpump_solana,OURA,Oura,jJ8w86fZVCKN9oLszqSohFLPe5MkFdChBCkxxUEpump_solana,our.png,999934718,"{""solana"":""jJ8w86fZVCKN9oLszqSohFLPe5MkFdChBCkxxUEpump""}",18
7i2cMCAszEjD97MNaD8nMpCvRHRr8hyUeXWyZPjePjbX_solana,VTHO,VeThor Token,7i2cMCAszEjD97MNaD8nMpCvRHRr8hyUeXWyZPjePjbX_solana,vth.png,99999999999,"{""solana"":""7i2cMCAszEjD97MNaD8nMpCvRHRr8hyUeXWyZPjePjbX""}",18
VU5JH7XnnQAjAUW9YUZRUr2DBRRX4kJjxJyMUv5pump_solana,USWR,United States Water Reserve,VU5JH7XnnQAjAUW9YUZRUr2DBRRX4kJjxJyMUv5pump_solana,usw.png,999946203,"{""solana"":""VU5JH7XnnQAjAUW9YUZRUr2DBRRX4kJjxJyMUv5pump""}",18
JAmkEo12SEX4jjdJUmsSuGN3h4qSfPmQsnoRL7ijpump_solana,USDF,USDF,JAmkEo12SEX4jjdJUmsSuGN3h4qSfPmQsnoRL7ijpump_solana,usd.png,999914719,"{""solana"":""JAmkEo12SEX4jjdJUmsSuGN3h4qSfPmQsnoRL7ijpump""}",18
9CasHMRGKFVnwoPhdXgNakWeRNcaEmNBebmCEhLSpump_solana,NTDA,National Trump Digital Accounts,9CasHMRGKFVnwoPhdXgNakWeRNcaEmNBebmCEhLSpump_solana,ntd.png,999962003,"{""solana"":""9CasHMRGKFVnwoPhdXgNakWeRNcaEmNBebmCEhLSpump""}",18
0x95669a6589a81a6704bab1020722d0c405841885_ethereum,GIVE,Give,0x95669a6589a81a6704bab1020722d0c405841885_ethereum,0x95669a6589a81a6704bab1020722d0c405841885_ethereumiCd.png,2240390338,"{""ethereum"":""0x95669a6589a81a6704bab1020722d0c405841885""}",18
8f1s4geCH5RGdNryihNLSw9xg9ZijUrHmCke7BLApump_solana,ELPEPE,ELPEPE,8f1s4geCH5RGdNryihNLSw9xg9ZijUrHmCke7BLApump_solana,elp.png,999928273,"{""solana"":""8f1s4geCH5RGdNryihNLSw9xg9ZijUrHmCke7BLApump""}",18
0x1150d3eccc19e24298da04dbc5fa025d210eeeee_fonchain,EBN,Extensible Bitcoin Network,0x1150d3eccc19e24298da04dbc5fa025d210eeeee_fonchain,ebn.png,40000,"{""fonchain"":""0x1150d3eccc19e24298da04dbc5fa025d210eeeee""}",18
EhFkgQofoV8jkdoyFCNWojVVhX2nQdG6MKvqZ2zkhNU5_solana,LUNC,Terra Classic,EhFkgQofoV8jkdoyFCNWojVVhX2nQdG6MKvqZ2zkhNU5_solana,lun.png,999999999999,"{""solana"":""EhFkgQofoV8jkdoyFCNWojVVhX2nQdG6MKvqZ2zkhNU5""}",18
2c53V43buEjxwMZTWMbjiZ3z5bnweYMvXpagMC2Ppump_solana,Holdoween,Holdoween,2c53V43buEjxwMZTWMbjiZ3z5bnweYMvXpagMC2Ppump_solana,hol.png,999932827,"{""solana"":""2c53V43buEjxwMZTWMbjiZ3z5bnweYMvXpagMC2Ppump""}",18
0x51c065005b11e4bb1d9ea7831d45f65e0fbb7351_polygon-pos,TT,TT,0x51c065005b11e4bb1d9ea7831d45f65e0fbb7351_polygon-pos,tt.png,191505098,"{""polygon-pos"":""0x51c065005b11e4bb1d9ea7831d45f65e0fbb7351""}",18
8WaXvkcw2AnCK71xT7oL4UvEM6T3SraUBDh89RBGquGr_solana,LUNC,Terra Classic,8WaXvkcw2AnCK71xT7oL4UvEM6T3SraUBDh89RBGquGr_solana,lun.png,999999999999,"{""solana"":""8WaXvkcw2AnCK71xT7oL4UvEM6T3SraUBDh89RBGquGr""}",18
JDAB2Ax3ZB2AbNyZwHUDBiWQ1JwmcgAZxSoYTUMpump_solana,XBC,Xpress Bridge Currency,JDAB2Ax3ZB2AbNyZwHUDBiWQ1JwmcgAZxSoYTUMpump_solana,xbc.png,999989328,"{""solana"":""JDAB2Ax3ZB2AbNyZwHUDBiWQ1JwmcgAZxSoYTUMpump""}",18
0xe4cc60d4ab7bf0a09ac37390beb4c529c1177777_binance_smart,ATLAS,ATLAS,0xe4cc60d4ab7bf0a09ac37390beb4c529c1177777_binance_smart,atl.png,1000000000,"{""binance_smart"":""0xe4cc60d4ab7bf0a09ac37390beb4c529c1177777""}",18
0x1557e0cbeb70d8692f1d30f79e32079b2f888888_binance_smart,IDN,IDN Encrypted Network,0x1557e0cbeb70d8692f1d30f79e32079b2f888888_binance_smart,idn.png,210000000,"{""binance_smart"":""0x1557e0cbeb70d8692f1d30f79e32079b2f888888""}",18
AGBuP12RvNQQrFicjGgH8o7SnrXJAWVm7z7uLWWNVe25_solana,100x,100x,AGBuP12RvNQQrFicjGgH8o7SnrXJAWVm7z7uLWWNVe25_solana,100.png,1000000000,"{""solana"":""AGBuP12RvNQQrFicjGgH8o7SnrXJAWVm7z7uLWWNVe25""}",18
0x41b481c3d2e3960f8f312212adfeecf6ce7c35ef_base,GURU,Gurubot,0x41b481c3d2e3960f8f312212adfeecf6ce7c35ef_base,gur.png,1000000000,"{""base"":""0x41b481c3d2e3960f8f312212adfeecf6ce7c35ef""}",18
3bNwW6PrQJBGXTiE6peXL3org95Eiheqy9Nsci4fpump_solana,GOIF,GOIF,3bNwW6PrQJBGXTiE6peXL3org95Eiheqy9Nsci4fpump_solana,goi.png,999995311,"{""solana"":""3bNwW6PrQJBGXTiE6peXL3org95Eiheqy9Nsci4fpump""}",18
4xz9ugbX2hrrubDNA11u7npx9x5WC2ZxV8739ds1Rxfa_solana,PIN,PinLink,4xz9ugbX2hrrubDNA11u7npx9x5WC2ZxV8739ds1Rxfa_solana,pin.png,999999999,"{""solana"":""4xz9ugbX2hrrubDNA11u7npx9x5WC2ZxV8739ds1Rxfa""}",18
0xc600674dfeb0131fa6f41072cb6a0af4532378d7_eni,NKT,NKT,0xc600674dfeb0131fa6f41072cb6a0af4532378d7_eni,nkt.png,21000000,"{""eni"":""0xc600674dfeb0131fa6f41072cb6a0af4532378d7""}",18
0xaa4de3b6196ea6d1b5c4ed3980ed908888888888_binance_smart,LYX,LYX Ecosystem,0xaa4de3b6196ea6d1b5c4ed3980ed908888888888_binance_smart,lyx.png,1000000000,"{""binance_smart"":""0xaa4de3b6196ea6d1b5c4ed3980ed908888888888""}",18
0xb10cb07ca2cdac77fbb5707f6690301f9d036f45_base,WIN,Win,0xb10cb07ca2cdac77fbb5707f6690301f9d036f45_base,win.png,2000010000,"{""base"":""0xb10cb07ca2cdac77fbb5707f6690301f9d036f45""}",18
3i5xUxZm4gYN8gZMSZd3xhMxVS3vdGn33ETjK3g9ADhY_solana,Joe,Joe,3i5xUxZm4gYN8gZMSZd3xhMxVS3vdGn33ETjK3g9ADhY_solana,joe.png,999999666,"{""solana"":""3i5xUxZm4gYN8gZMSZd3xhMxVS3vdGn33ETjK3g9ADhY""}",18
0xc9bef791701d868f34bd7f918f169af72ccb83bc_polygon-pos,JZT,Jztcoin,0xc9bef791701d868f34bd7f918f169af72ccb83bc_polygon-pos,jzt.png,1000000000,"{""polygon-pos"":""0xc9bef791701d868f34bd7f918f169af72ccb83bc""}",18
CuzswvFqgDiW4DnPnjzSQkGSRnfqMS5W3Ln16P98TMez_solana,BFC,Bifrost,CuzswvFqgDiW4DnPnjzSQkGSRnfqMS5W3Ln16P98TMez_solana,bfc.png,999999999,"{""solana"":""CuzswvFqgDiW4DnPnjzSQkGSRnfqMS5W3Ln16P98TMez""}",18
0x3afe8330ba5d271729dd0e3b9df3c4c04f79b7f2_binance_smart,LHC,LHC,0x3afe8330ba5d271729dd0e3b9df3c4c04f79b7f2_binance_smart,lhc.png,1000000000,"{""binance_smart"":""0x3afe8330ba5d271729dd0e3b9df3c4c04f79b7f2""}",18
0xadfd5d65e6bd144fd3906f3bfc64db49f308dbef_base,ODOO,ODOO github.com/odoo/ODOO,0xadfd5d65e6bd144fd3906f3bfc64db49f308dbef_base,odo.png,1000000000,"{""base"":""0xadfd5d65e6bd144fd3906f3bfc64db49f308dbef""}",18
HkkY4d5JjhNsiC5Rm4Ws6DSh2yevfaVaVEiUDgE4AnxD_solana,Cassie,Cassie The Chimpanzee,HkkY4d5JjhNsiC5Rm4Ws6DSh2yevfaVaVEiUDgE4AnxD_solana,cas.png,1000000000,"{""solana"":""HkkY4d5JjhNsiC5Rm4Ws6DSh2yevfaVaVEiUDgE4AnxD""}",18
0x7c7104ac8a1de8a3df616b41ef5e71d5ce57ae5e_binance_smart,XZ,XZCoin,0x7c7104ac8a1de8a3df616b41ef5e71d5ce57ae5e_binance_smart,xz.png,21000000,"{""binance_smart"":""0x7c7104ac8a1de8a3df616b41ef5e71d5ce57ae5e""}",18
fsVEUmzgn6UcE5SshkpxY1Wk1KmfKgX2vZfJozTpump_solana,DOTF,Digital Oil Trust Fund,fsVEUmzgn6UcE5SshkpxY1Wk1KmfKgX2vZfJozTpump_solana,dot.png,999930681,"{""solana"":""fsVEUmzgn6UcE5SshkpxY1Wk1KmfKgX2vZfJozTpump""}",18
7YoMsBnus71F2dFjmUFgnCAXJnm4XKm1Rv6ismgmpump_solana,T5K,Trump 5000,7YoMsBnus71F2dFjmUFgnCAXJnm4XKm1Rv6ismgmpump_solana,t5k.png,999989082,"{""solana"":""7YoMsBnus71F2dFjmUFgnCAXJnm4XKm1Rv6ismgmpump""}",18
2mPPQ4YpuprzopE4qSob9kKqY5jUuLd189XP5ed7pump_solana,USDF,United States Dividend Fund,2mPPQ4YpuprzopE4qSob9kKqY5jUuLd189XP5ed7pump_solana,usd.png,999918780,"{""solana"":""2mPPQ4YpuprzopE4qSob9kKqY5jUuLd189XP5ed7pump""}",18
0x194b302a4b0a79795fb68e2adf1b8c9ec5ff8d1f_binance_smart,wkeyDAO,WebKey DAO,0x194b302a4b0a79795fb68e2adf1b8c9ec5ff8d1f_binance_smart,0x194b302a4b0a79795fb68e2adf1b8c9ec5ff8d1f_binance_smartBTe.png,106734684,"{""binance_smart"":""0x194b302a4b0a79795fb68e2adf1b8c9ec5ff8d1f""}",18
8usrZV5qKXcnuocpEqbbdDX9XBv8ckegDVuzFtuypump_solana,UDR,UDR,8usrZV5qKXcnuocpEqbbdDX9XBv8ckegDVuzFtuypump_solana,udr.png,999923298,"{""solana"":""8usrZV5qKXcnuocpEqbbdDX9XBv8ckegDVuzFtuypump""}",18
7LvcoJQ6bNusDEGTfLC5cJmdJ5kPcB62aJdpUYzWpump_solana,VSOF,Vanguard Strategic Oil Fund,7LvcoJQ6bNusDEGTfLC5cJmdJ5kPcB62aJdpUYzWpump_solana,vso.png,999889892,"{""solana"":""7LvcoJQ6bNusDEGTfLC5cJmdJ5kPcB62aJdpUYzWpump""}",18
0x37e94fc028903e74275478b65160d6d2c0e8880b_binance_smart,AIW3,AIW3,0x37e94fc028903e74275478b65160d6d2c0e8880b_binance_smart,aiw.png,1000000000,"{""binance_smart"":""0x37e94fc028903e74275478b65160d6d2c0e8880b""}",18
CDSMNcCDrEvtD8bhUfUpEJmtT5dUAARgSmyBEWAtpump_solana,OURA,Oura,CDSMNcCDrEvtD8bhUfUpEJmtT5dUAARgSmyBEWAtpump_solana,our.png,999935514,"{""solana"":""CDSMNcCDrEvtD8bhUfUpEJmtT5dUAARgSmyBEWAtpump""}",18
0x71967d91abfbf96796238e70092c85878fc85999_binance_smart,SPR,Satoshi Protocol Token,0x71967d91abfbf96796238e70092c85878fc85999_binance_smart,spr.png,2100000,"{""binance_smart"":""0x71967d91abfbf96796238e70092c85878fc85999""}",18
0xea84d4bb67ef9c915e2cd34f5a82803bbdb88888_binance_smart,DPG,DPG,0xea84d4bb67ef9c915e2cd34f5a82803bbdb88888_binance_smart,dpg.png,200000000,"{""binance_smart"":""0xea84d4bb67ef9c915e2cd34f5a82803bbdb88888""}",18
Ev4EFH5n7heVV8GmNYLGERDJLN4JYJan5BHePVLpYRDN_solana,PEXRA,PexraFun,Ev4EFH5n7heVV8GmNYLGERDJLN4JYJan5BHePVLpYRDN_solana,pex.png,1000000000,"{""solana"":""Ev4EFH5n7heVV8GmNYLGERDJLN4JYJan5BHePVLpYRDN""}",18
0x4829a1d1fb6ded1f81d26868ab8976648baf9893_binance_smart,RTX,RateX,0x4829a1d1fb6ded1f81d26868ab8976648baf9893_binance_smart,rtx.png,50690793,"{""binance_smart"":""0x4829a1d1fb6ded1f81d26868ab8976648baf9893""}",18
57xYYd6pZPzAa1PPbKKsCkHZaTqakyAtHfLbudAmpump_solana,SEC,SECcash,57xYYd6pZPzAa1PPbKKsCkHZaTqakyAtHfLbudAmpump_solana,sec.png,999911443,"{""solana"":""57xYYd6pZPzAa1PPbKKsCkHZaTqakyAtHfLbudAmpump""}",18
0xd1debf19263c4a3214dfea974449a027d00a979c_binance_smart,SUN,SUN,0xd1debf19263c4a3214dfea974449a027d00a979c_binance_smart,sun.png,2362406,"{""binance_smart"":""0xd1debf19263c4a3214dfea974449a027d00a979c""}",18
0x6b998441f7349a7bfdbb2a6d61a6d5f9acb90de8_polygon-pos,ATH,Aegis,0x6b998441f7349a7bfdbb2a6d61a6d5f9acb90de8_polygon-pos,ath.png,1707024,"{""polygon-pos"":""0x6b998441f7349a7bfdbb2a6d61a6d5f9acb90de8""}",18
hjDh7hGwBbDHWdtvKphbQf1zyBpi4KiovXGQLaepump_solana,WSOS,World Strategic Oil Supply,hjDh7hGwBbDHWdtvKphbQf1zyBpi4KiovXGQLaepump_solana,wso.png,999809075,"{""solana"":""hjDh7hGwBbDHWdtvKphbQf1zyBpi4KiovXGQLaepump""}",18
0x9c23942ca2c35e06d1d20747f33705983a18d2ab_binance_smart,v$,Vow Dollar BSC,0x9c23942ca2c35e06d1d20747f33705983a18d2ab_binance_smart,v.png,111777406,"{""binance_smart"":""0x9c23942ca2c35e06d1d20747f33705983a18d2ab""}",18
HMnnQbihHhHfRCQqhXv6aCR1ZPpnTeczYEHmK75Cpump_solana,UDR,UDR,HMnnQbihHhHfRCQqhXv6aCR1ZPpnTeczYEHmK75Cpump_solana,udr.png,999936071,"{""solana"":""HMnnQbihHhHfRCQqhXv6aCR1ZPpnTeczYEHmK75Cpump""}",18
D5SdxmGmVsDKMizEZtBagz3ECk3eucwe7LYeAANpump_solana,GOIF,GOIF,D5SdxmGmVsDKMizEZtBagz3ECk3eucwe7LYeAANpump_solana,goi.png,999989510,"{""solana"":""D5SdxmGmVsDKMizEZtBagz3ECk3eucwe7LYeAANpump""}",18
7xj6Dp2wZq6mSfGMsrAy4JgpSihw1WDb5caik29Bv6Mz_solana,XDC,XDC Network,7xj6Dp2wZq6mSfGMsrAy4JgpSihw1WDb5caik29Bv6Mz_solana,xdc.png,1000000000,"{""solana"":""7xj6Dp2wZq6mSfGMsrAy4JgpSihw1WDb5caik29Bv6Mz""}",18
0x40aaf75454036bed56f3266ccf18f6b7befd6aca_base,CDXR,Codex,0x40aaf75454036bed56f3266ccf18f6b7befd6aca_base,0x40aaf75454036bed56f3266ccf18f6b7befd6aca_basecz5.png,1671000700,"{""base"":""0x40aaf75454036bed56f3266ccf18f6b7befd6aca""}",18
0x40aaf75454036bed56f3266ccf18f6b7befd6aca_ethereum,CDXR,Codex,0x40aaf75454036bed56f3266ccf18f6b7befd6aca_ethereum,0x40aaf75454036bed56f3266ccf18f6b7befd6aca_ethereumemh.png,1671150600,"{""ethereum"":""0x40aaf75454036bed56f3266ccf18f6b7befd6aca""}",18
Eg7yVBUr2wqc93mfyS9Xug8ZSZiLequkXC18GJiYYSwD_solana,XDC,XDC Network,Eg7yVBUr2wqc93mfyS9Xug8ZSZiLequkXC18GJiYYSwD_solana,xdc.png,1000000000,"{""solana"":""Eg7yVBUr2wqc93mfyS9Xug8ZSZiLequkXC18GJiYYSwD""}",18
0x33b49f2264e85bb124d2730dc180182717d436ae_arbitrum-one,Dory,Dory,0x33b49f2264e85bb124d2730dc180182717d436ae_arbitrum-one,dor.png,370112,"{""arbitrum-one"":""0x33b49f2264e85bb124d2730dc180182717d436ae""}",18
75rSXVkKj9TLeoqiSeaLGP2y6YfKwnxpHYNbN89zpump_solana,USDF,United States Dividend Fund,75rSXVkKj9TLeoqiSeaLGP2y6YfKwnxpHYNbN89zpump_solana,usd.png,999875663,"{""solana"":""75rSXVkKj9TLeoqiSeaLGP2y6YfKwnxpHYNbN89zpump""}",18
9tZZs7GNHWKorhDLGdr9VoFE45PWzHLFQQKc4Ji3JaSa_solana,CTSI,Cartesi,9tZZs7GNHWKorhDLGdr9VoFE45PWzHLFQQKc4Ji3JaSa_solana,cts.png,999999999,"{""solana"":""9tZZs7GNHWKorhDLGdr9VoFE45PWzHLFQQKc4Ji3JaSa""}",18
0xd52729b55a66200fb02b2ec9204b7ce42c789d6b_binance_smart,AGA,AGA,0xd52729b55a66200fb02b2ec9204b7ce42c789d6b_binance_smart,aga.png,21000000,"{""binance_smart"":""0xd52729b55a66200fb02b2ec9204b7ce42c789d6b""}",18
0xadfed227b6274a124b12b740e21ef07794164155_base,BACKGROUNDMUSIC,BACKGROUNDMUSIC github.com/kyleneideck/BACKGROUNDMUSIC,0xadfed227b6274a124b12b740e21ef07794164155_base,bac.png,1000000000,"{""base"":""0xadfed227b6274a124b12b740e21ef07794164155""}",18
0xa302d3aa0a00267683572039deb274009cb07777_binance_smart,XDP,Doppler,0xa302d3aa0a00267683572039deb274009cb07777_binance_smart,xdp.png,10000000000,"{""binance_smart"":""0xa302d3aa0a00267683572039deb274009cb07777""}",18
0x8ac96df1d3dbd7c99a54cb4e50599ce129015e50_binance_smart,SLC,StarLink,0x8ac96df1d3dbd7c99a54cb4e50599ce129015e50_binance_smart,slc.png,11442801,"{""binance_smart"":""0x8ac96df1d3dbd7c99a54cb4e50599ce129015e50""}",18
FvsXDudY3LR1AgEk4eEucAQkkH7pASwLDrT36f1gYBD1_solana,FLOCK,FLock.io,FvsXDudY3LR1AgEk4eEucAQkkH7pASwLDrT36f1gYBD1_solana,flo.png,999999999,"{""solana"":""FvsXDudY3LR1AgEk4eEucAQkkH7pASwLDrT36f1gYBD1""}",18
F4wW1GXt4JngViut5ZZtLLibkiCV4ZTow2netBbMpump_solana,UDR,UDR,F4wW1GXt4JngViut5ZZtLLibkiCV4ZTow2netBbMpump_solana,udr.png,999726680,"{""solana"":""F4wW1GXt4JngViut5ZZtLLibkiCV4ZTow2netBbMpump""}",18
0xadff244243173a462eda0c120a5e05bcf494311e_base,UBLOCK,UBLOCK github.com/gorhill/UBLOCK,0xadff244243173a462eda0c120a5e05bcf494311e_base,ubl.png,1000000000,"{""base"":""0xadff244243173a462eda0c120a5e05bcf494311e""}",18
0x75a320c97205dd2e70e09085d1408c73a73d4d8f_binance_smart,INKY,Inkryptus,0x75a320c97205dd2e70e09085d1408c73a73d4d8f_binance_smart,ink.png,18874192,"{""binance_smart"":""0x75a320c97205dd2e70e09085d1408c73a73d4d8f""}",18
0x7cc151c2ee1016d7b586fb818759b6ae07719999_binance_smart,SAC,ShadowsClaw,0x7cc151c2ee1016d7b586fb818759b6ae07719999_binance_smart,sac.png,9189354,"{""binance_smart"":""0x7cc151c2ee1016d7b586fb818759b6ae07719999""}",18
8JHfQU7XbT5e4SUFfBDdMxAWCPzL9YMU97Vdmh9gURPp_solana,DODO,DODO,8JHfQU7XbT5e4SUFfBDdMxAWCPzL9YMU97Vdmh9gURPp_solana,dod.png,999999999,"{""solana"":""8JHfQU7XbT5e4SUFfBDdMxAWCPzL9YMU97Vdmh9gURPp""}",18
0xc3952be70cd284504a65e4dd93150783578e7777_binance_smart,BI,Binance Inu,0xc3952be70cd284504a65e4dd93150783578e7777_binance_smart,bi.png,1000000000,"{""binance_smart"":""0xc3952be70cd284504a65e4dd93150783578e7777""}",18
0xadfcd749636648e3b3963dc5e9af4c3fd45bc697_base,ESBUILD,ESBUILD github.com/evanw/ESBUILD,0xadfcd749636648e3b3963dc5e9af4c3fd45bc697_base,esb.png,1000000000,"{""base"":""0xadfcd749636648e3b3963dc5e9af4c3fd45bc697""}",18
DAmv9CkrsdtNsYgzW8BZCEoo5vn8FsFKKpPoUwqpump_solana,USWR,United States Water Reserve,DAmv9CkrsdtNsYgzW8BZCEoo5vn8FsFKKpPoUwqpump_solana,usw.png,999900358,"{""solana"":""DAmv9CkrsdtNsYgzW8BZCEoo5vn8FsFKKpPoUwqpump""}",18
BTC.rvYAfWj5gh67oV6fW32ZzP3Aw4Eubs59B_xrp,BTC,BTC,BTC.rvYAfWj5gh67oV6fW32ZzP3Aw4Eubs59B_xrp,btc.png,329.7107,"{""xrp"":""BTC.rvYAfWj5gh67oV6fW32ZzP3Aw4Eubs59B""}",18
0x7f0172b75d3823d8af04fee3a3f6a14abd68efe1_binance_smart,fwWBNB,Few Wrapped Wrapped BNB,0x7f0172b75d3823d8af04fee3a3f6a14abd68efe1_binance_smart,fww.png,34731,"{""binance_smart"":""0x7f0172b75d3823d8af04fee3a3f6a14abd68efe1""}",18
ZKT2c96kadjwSb6cDn3orSp7zU2B1QmpMTe7B9Fpump_solana,NTDA,National Trump Digital Accounts,ZKT2c96kadjwSb6cDn3orSp7zU2B1QmpMTe7B9Fpump_solana,ntd.png,999710010,"{""solana"":""ZKT2c96kadjwSb6cDn3orSp7zU2B1QmpMTe7B9Fpump""}",18
0x9f10a122a921d25fa9084955c87c3fcab103267f_binance_smart,DeAI-T,DeAI-T,0x9f10a122a921d25fa9084955c87c3fcab103267f_binance_smart,dea.png,44797787,"{""binance_smart"":""0x9f10a122a921d25fa9084955c87c3fcab103267f""}",18
0xe766023f5a0fa6ce91b9f98d327771437dfca077_binance_smart,AGX,AEGIS X,0xe766023f5a0fa6ce91b9f98d327771437dfca077_binance_smart,agx.png,2223910,"{""binance_smart"":""0xe766023f5a0fa6ce91b9f98d327771437dfca077""}",18
HRmm3gh9GdGXUjiqSedpi4bYHX66p6p2FTTmoNc4pump_solana,IOF,IOF,HRmm3gh9GdGXUjiqSedpi4bYHX66p6p2FTTmoNc4pump_solana,iof.png,999972127,"{""solana"":""HRmm3gh9GdGXUjiqSedpi4bYHX66p6p2FTTmoNc4pump""}",18
CWYeLrcFNyHNYT7ao9q9xBSVYqkRRxGEKnkMVKompump_solana,AORP,American Oil Relief Program,CWYeLrcFNyHNYT7ao9q9xBSVYqkRRxGEKnkMVKompump_solana,aor.png,999769459,"{""solana"":""CWYeLrcFNyHNYT7ao9q9xBSVYqkRRxGEKnkMVKompump""}",18
0x284567a85a34ffe6b9e961a2d1c22403fa16245c_binance_smart,MOSS,MOSS,0x284567a85a34ffe6b9e961a2d1c22403fa16245c_binance_smart,mos.png,1000000000,"{""binance_smart"":""0x284567a85a34ffe6b9e961a2d1c22403fa16245c""}",18
0x0339f5459fc690ac85f1782e15782a151b4a9e1b_robinhood,WALLET,Wallet,0x0339f5459fc690ac85f1782e15782a151b4a9e1b_robinhood,0x0339f5459fc690ac85f1782e15782a151b4a9e1b_robinhoodc38.png,1000000000,"{""robinhood"":""0x0339f5459fc690ac85f1782e15782a151b4a9e1b""}",18
Et44nuUcsdzhuDvob71YtF4mYGpFMgUuawzDf6cpump_solana,OURA,Oura,Et44nuUcsdzhuDvob71YtF4mYGpFMgUuawzDf6cpump_solana,our.png,999757072,"{""solana"":""Et44nuUcsdzhuDvob71YtF4mYGpFMgUuawzDf6cpump""}",18
0xadf40491d185db435355c0f1d4ff159e1e04789e_base,SPLEETER,SPLEETER github.com/deezer/SPLEETER,0xadf40491d185db435355c0f1d4ff159e1e04789e_base,spl.png,1000000000,"{""base"":""0xadf40491d185db435355c0f1d4ff159e1e04789e""}",18
5nVh1y1PUGkxdZFPycprHo5pHJWLWYXuZk8KirBkpump_solana,AMERICA,america.gov,5nVh1y1PUGkxdZFPycprHo5pHJWLWYXuZk8KirBkpump_solana,ame.png,999772887,"{""solana"":""5nVh1y1PUGkxdZFPycprHo5pHJWLWYXuZk8KirBkpump""}",18
gAmaZzYCVQM2apTDBnqRXN6eZyg2KcFu9NhUwP3pump_solana,IOF,IOF,gAmaZzYCVQM2apTDBnqRXN6eZyg2KcFu9NhUwP3pump_solana,iof.png,999893512,"{""solana"":""gAmaZzYCVQM2apTDBnqRXN6eZyg2KcFu9NhUwP3pump""}",18
0x4ec71f5f62244e27e886f3d742ae8871037a1111_binance_smart,CNHK,CNHK,0x4ec71f5f62244e27e886f3d742ae8871037a1111_binance_smart,cnh.png,90000000,"{""binance_smart"":""0x4ec71f5f62244e27e886f3d742ae8871037a1111""}",18
FJKdw5WdYUmcAHyHq1BgKDAJXP4oVY67PdJxn1S6SK4w_solana,short,BigShort,FJKdw5WdYUmcAHyHq1BgKDAJXP4oVY67PdJxn1S6SK4w_solana,sho.png,999999862,"{""solana"":""FJKdw5WdYUmcAHyHq1BgKDAJXP4oVY67PdJxn1S6SK4w""}",18
neJzh2HnhHHoK2SLn5N9NoZ8n4zvxtryzPkEzWCpump_solana,USWR,United States Water Reserve,neJzh2HnhHHoK2SLn5N9NoZ8n4zvxtryzPkEzWCpump_solana,usw.png,999910315,"{""solana"":""neJzh2HnhHHoK2SLn5N9NoZ8n4zvxtryzPkEzWCpump""}",18
95_bittensor,SN95,Unknown,95_bittensor,sn9.png,2622671,"{""bittensor"":""95""}",18
6bcjVdK2k9AS3cH4wEzc5x61myRLLAEkTSxwzVygpump_solana,ELPEPE,ELPEPE,6bcjVdK2k9AS3cH4wEzc5x61myRLLAEkTSxwzVygpump_solana,elp.png,999833904,"{""solana"":""6bcjVdK2k9AS3cH4wEzc5x61myRLLAEkTSxwzVygpump""}",18
HKauLS52KyKQXqsV3BGcE1uAkxgMhxpzcGJWJzhPtca_solana,WOJAK,Wojak,HKauLS52KyKQXqsV3BGcE1uAkxgMhxpzcGJWJzhPtca_solana,woj.png,1000000000,"{""solana"":""HKauLS52KyKQXqsV3BGcE1uAkxgMhxpzcGJWJzhPtca""}",18
B5EusUqdKcoGc48E9tVCv8JHGtH13XRMdttYsmdpDNyK_solana,CT,Concrete,B5EusUqdKcoGc48E9tVCv8JHGtH13XRMdttYsmdpDNyK_solana,ct.png,999999862,"{""solana"":""B5EusUqdKcoGc48E9tVCv8JHGtH13XRMdttYsmdpDNyK""}",18
HpwztxqyBNjYsXTtXNEDSx6GNKciJmdjW4xbPX4fGgQ8_solana,VORTA,Vorta Markets,HpwztxqyBNjYsXTtXNEDSx6GNKciJmdjW4xbPX4fGgQ8_solana,vor.png,1000000000,"{""solana"":""HpwztxqyBNjYsXTtXNEDSx6GNKciJmdjW4xbPX4fGgQ8""}",18
BzdBpbuSHNpkVhjkvod9GhQJA6pJA27bZct4R51pump_solana,SARP,Strategic American Protocol,BzdBpbuSHNpkVhjkvod9GhQJA6pJA27bZct4R51pump_solana,sar.png,999683962,"{""solana"":""BzdBpbuSHNpkVhjkvod9GhQJA6pJA27bZct4R51pump""}",18
0x98f48c38f999022bad14b9ac1760d0cd72aeeca2_robinhood,VRAX,Commander Vrax,0x98f48c38f999022bad14b9ac1760d0cd72aeeca2_robinhood,vra.png,1000000000,"{""robinhood"":""0x98f48c38f999022bad14b9ac1760d0cd72aeeca2""}",18
3SL37E9THpjQ9UWAEZt9baVyiCUNPqGpZnq1fMRAbATM_solana,XDP,Doppler. Finance,3SL37E9THpjQ9UWAEZt9baVyiCUNPqGpZnq1fMRAbATM_solana,xdp.png,1000000000,"{""solana"":""3SL37E9THpjQ9UWAEZt9baVyiCUNPqGpZnq1fMRAbATM""}",18
0x1ccd78902e626a18f9a49eee06e87f41b198d0ea_binance_smart,ATG,All Things Grow,0x1ccd78902e626a18f9a49eee06e87f41b198d0ea_binance_smart,atg.png,2100000000,"{""binance_smart"":""0x1ccd78902e626a18f9a49eee06e87f41b198d0ea""}",18
0x88cb762635408db93e0970a8d41b7c4692cc6ab3_ethereum,fwEURC,Few Wrapped Euro Coin,0x88cb762635408db93e0970a8d41b7c4692cc6ab3_ethereum,fwe.png,20833546,"{""ethereum"":""0x88cb762635408db93e0970a8d41b7c4692cc6ab3""}",18
SFXkaZsBHmJ7J2YdxH41DB5GPQ6GuN3PFUsZ25npump_solana,WOTF,WOTF,SFXkaZsBHmJ7J2YdxH41DB5GPQ6GuN3PFUsZ25npump_solana,wot.png,999727370,"{""solana"":""SFXkaZsBHmJ7J2YdxH41DB5GPQ6GuN3PFUsZ25npump""}",18
0xadf2102dc0cef14d3f1395fb233bb7e9c80642d3_base,FISH-SPEECH,FISH-SPEECH github.com/fishaudio/FISH-SPEECH,0xadf2102dc0cef14d3f1395fb233bb7e9c80642d3_base,fis.png,1000000000,"{""base"":""0xadf2102dc0cef14d3f1395fb233bb7e9c80642d3""}",18
0xadf19fd0d1a4494bf91451a351267f0daf20f046_base,TOBETOPJAVAER,TOBETOPJAVAER github.com/hollischuang/TOBETOPJAVAER,0xadf19fd0d1a4494bf91451a351267f0daf20f046_base,tob.png,1000000000,"{""base"":""0xadf19fd0d1a4494bf91451a351267f0daf20f046""}",18
0xecd794149128e7344154d8993fc0186d57de7777_binance_smart,狴犴,狴犴（bian）监狱的代称，CZ的守护神。,0xecd794149128e7344154d8993fc0186d57de7777_binance_smart,.png,1000000000,"{""binance_smart"":""0xecd794149128e7344154d8993fc0186d57de7777""}",18
8ZBGz8qU1xHZVYdzDYUHBzFmKiqwLaeico6NRS2apump_solana,CRAWL,CRAWLNET,8ZBGz8qU1xHZVYdzDYUHBzFmKiqwLaeico6NRS2apump_solana,cra.png,999834121,"{""solana"":""8ZBGz8qU1xHZVYdzDYUHBzFmKiqwLaeico6NRS2apump""}",18
C9ag8NBq3VtrbcpZcxQbT2mNCzkKJHwcLiCzPaykpump_solana,ATFS,American Trust Fund System,C9ag8NBq3VtrbcpZcxQbT2mNCzkKJHwcLiCzPaykpump_solana,atf.png,999832620,"{""solana"":""C9ag8NBq3VtrbcpZcxQbT2mNCzkKJHwcLiCzPaykpump""}",18
6d55uwGsSa8h6vcciXgLq56gMh8i5WwciG8Ji4o1FFWo_solana,swordcat,cat wif sword,6d55uwGsSa8h6vcciXgLq56gMh8i5WwciG8Ji4o1FFWo_solana,swo.png,999999862,"{""solana"":""6d55uwGsSa8h6vcciXgLq56gMh8i5WwciG8Ji4o1FFWo""}",18
0xa605d1b98f3f26eed3267bade68cb8382136d89e_binance_smart,MRX,Mirex,0xa605d1b98f3f26eed3267bade68cb8382136d89e_binance_smart,mrx.png,27000000,"{""binance_smart"":""0xa605d1b98f3f26eed3267bade68cb8382136d89e""}",18
0x6a09a43aa154b82e6c9dc6aaa8faf8cbcffdb021_binance_smart,URNA,URNA,0x6a09a43aa154b82e6c9dc6aaa8faf8cbcffdb021_binance_smart,urn.png,63000000,"{""binance_smart"":""0x6a09a43aa154b82e6c9dc6aaa8faf8cbcffdb021""}",18
0x4cb0f56cc6d56d8b06059ee3b59a54a6910ed336_binance_smart,CONS,CONS,0x4cb0f56cc6d56d8b06059ee3b59a54a6910ed336_binance_smart,con.png,500000,"{""binance_smart"":""0x4cb0f56cc6d56d8b06059ee3b59a54a6910ed336""}",18
0xd34a99bc0f67ae1bbd63c660e6d0b0dd03e263b7_ethereum,VIBE,Vibe Coins,0xd34a99bc0f67ae1bbd63c660e6d0b0dd03e263b7_ethereum,vib.png,3142513,"{""ethereum"":""0xd34a99bc0f67ae1bbd63c660e6d0b0dd03e263b7""}",18
0xe44d996ff1c6d9720c13c45431e665afa9f88888_binance_smart,GD,Golden Dragon,0xe44d996ff1c6d9720c13c45431e665afa9f88888_binance_smart,gd.png,100000000,"{""binance_smart"":""0xe44d996ff1c6d9720c13c45431e665afa9f88888""}",18
TNkakCYwNtggwz8WbWhskvonCXNMQ5mqbc_tron,波场人生,波场人生,TNkakCYwNtggwz8WbWhskvonCXNMQ5mqbc_tron,.png,1000000000,"{""tron"":""TNkakCYwNtggwz8WbWhskvonCXNMQ5mqbc""}",18
0x3cf98f15368cb6335ec33cbb22cd5fcd122f7777_binance_smart,天秤,天秤,0x3cf98f15368cb6335ec33cbb22cd5fcd122f7777_binance_smart,.png,1000000000,"{""binance_smart"":""0x3cf98f15368cb6335ec33cbb22cd5fcd122f7777""}",18
0xadf028a66d696bd121e2a8623a368de828025616_base,WEBRTC,WEBRTC github.com/webrtc-rs/WEBRTC,0xadf028a66d696bd121e2a8623a368de828025616_base,web.png,1000000000,"{""base"":""0xadf028a66d696bd121e2a8623a368de828025616""}",18
TRFe3hT5oYhjSZ6f3ji5FJ7YCfrkWnHRvh_tron,ETH,Ethereum,TRFe3hT5oYhjSZ6f3ji5FJ7YCfrkWnHRvh_tron,eth.png,7611,"{""tron"":""TRFe3hT5oYhjSZ6f3ji5FJ7YCfrkWnHRvh""}",18
0xa0b86991c6218b36c1d19d4a2e9eb0ce3606eb48_pulsechain,USDC,USD Coin,0xa0b86991c6218b36c1d19d4a2e9eb0ce3606eb48_pulsechain,usd.png,28477675087,"{""pulsechain"":""0xa0b86991c6218b36c1d19d4a2e9eb0ce3606eb48""}",18
0xecfc0d2c129e3633ee2a791270dff9e6fa6a0c01_binance_smart,FUA,FUA,0xecfc0d2c129e3633ee2a791270dff9e6fa6a0c01_binance_smart,fua.png,3000000,"{""binance_smart"":""0xecfc0d2c129e3633ee2a791270dff9e6fa6a0c01""}",18
0xbd965230588eaa536de6aa45e8ebbc01638535e0_ethereum,MOTO,Motoswap,0xbd965230588eaa536de6aa45e8ebbc01638535e0_ethereum,mot.png,10000000000,"{""ethereum"":""0xbd965230588eaa536de6aa45e8ebbc01638535e0""}",18
0xc4a11aaf6ea915ed7ac194161d2fc9384f15bff2_ethereum,WTON,Wrapped TON,0xc4a11aaf6ea915ed7ac194161d2fc9384f15bff2_ethereum,wto.png,53309162,"{""ethereum"":""0xc4a11aaf6ea915ed7ac194161d2fc9384f15bff2""}",18
Hsyt82zDkC3w3d3JLYKE75Gw6bBnMW56VpZUCxrpump_solana,x7,x7,Hsyt82zDkC3w3d3JLYKE75Gw6bBnMW56VpZUCxrpump_solana,x7.png,999885503,"{""solana"":""Hsyt82zDkC3w3d3JLYKE75Gw6bBnMW56VpZUCxrpump""}",18
0xe0080d2f853ecddbd81a643dc10da075df26fd3f_optimistic-ethereum,ETHFI,ether.fi governance token,0xe0080d2f853ecddbd81a643dc10da075df26fd3f_optimistic-ethereum,eth.png,27825781,"{""optimistic-ethereum"":""0xe0080d2f853ecddbd81a643dc10da075df26fd3f""}",18
ZKwxwde872pFx2EaEF4SefAf3zi5hvuWmP89kuhpump_solana,WAIF,World AI Fund,ZKwxwde872pFx2EaEF4SefAf3zi5hvuWmP89kuhpump_solana,wai.png,999727792,"{""solana"":""ZKwxwde872pFx2EaEF4SefAf3zi5hvuWmP89kuhpump""}",18
0x49ddee75d588b79a3eb1225dd386644eeeeeaf08_polygon-pos,EBCC,EBCC_coin,0x49ddee75d588b79a3eb1225dd386644eeeeeaf08_polygon-pos,ebc.png,800000000,"{""polygon-pos"":""0x49ddee75d588b79a3eb1225dd386644eeeeeaf08""}",18
G134ka2E47hTBDQExmwg6GmucAfz9yryZLR7HoSBkhr5_solana,EDEL,Edel,G134ka2E47hTBDQExmwg6GmucAfz9yryZLR7HoSBkhr5_solana,ede.png,999999999,"{""solana"":""G134ka2E47hTBDQExmwg6GmucAfz9yryZLR7HoSBkhr5""}",18
GWx5qCuDdNkdmtuMqw5Bs1Mx4AusehYg3gckgk2pump_solana,XRPN,EVERNORTHXRP,GWx5qCuDdNkdmtuMqw5Bs1Mx4AusehYg3gckgk2pump_solana,xrp.png,999759708,"{""solana"":""GWx5qCuDdNkdmtuMqw5Bs1Mx4AusehYg3gckgk2pump""}",18
0xadf3a252a72066965b03af9f850613bee13bb575_base,ADGUARDHOME,ADGUARDHOME github.com/adguardteam/ADGUARDHOME,0xadf3a252a72066965b03af9f850613bee13bb575_base,adg.png,1000000000,"{""base"":""0xadf3a252a72066965b03af9f850613bee13bb575""}",18
eth_a3crv_0xfd2a8fa60abd58efe3eee34dd494cd491dc14900,a3Crv,Curve Aave Pool,eth_a3crv_0xfd2a8fa60abd58efe3eee34dd494cd491dc14900,a3c.png,16857148.065816157,"{""ethereum"":""0xfd2a8fa60abd58efe3eee34dd494cd491dc14900""}",18
0xe877ae9a2f792d5afa9359a79cdbb9506f05bf7f_arbitrum-one,IFN,Infini,0xe877ae9a2f792d5afa9359a79cdbb9506f05bf7f_arbitrum-one,ifn.png,100000000,"{""arbitrum-one"":""0xe877ae9a2f792d5afa9359a79cdbb9506f05bf7f""}",18
0xed4e6fb80514a45a3d4e38dfcbb355f89ecf8ee7_ethereum,CHAIN,Chainalysis,0xed4e6fb80514a45a3d4e38dfcbb355f89ecf8ee7_ethereum,cha.png,100000000,"{""ethereum"":""0xed4e6fb80514a45a3d4e38dfcbb355f89ecf8ee7""}",18
0xadfb57901218e06fe7891d3a912330936613fd0c_base,LEETCODE-GO,LEETCODE-GO github.com/halfrost/LEETCODE-GO,0xadfb57901218e06fe7891d3a912330936613fd0c_base,lee.png,1000000000,"{""base"":""0xadfb57901218e06fe7891d3a912330936613fd0c""}",18
A3MNEUT56HhQdbuaacaPjw4cihGNaW1cSjfEaJpepump_solana,CROW,CROW,A3MNEUT56HhQdbuaacaPjw4cihGNaW1cSjfEaJpepump_solana,cro.png,998985830,"{""solana"":""A3MNEUT56HhQdbuaacaPjw4cihGNaW1cSjfEaJpepump""}",18
0xf4c13d631450de6b12a19829e37c8e2826891dc4_ethereum,avUSD,avUSD,0xf4c13d631450de6b12a19829e37c8e2826891dc4_ethereum,avu.png,18628889,"{""ethereum"":""0xf4c13d631450de6b12a19829e37c8e2826891dc4""}",18
0x8adf1c44c6cb7c04cd12c63108e0037922fb603c_arc,ARGUS,Argus,0x8adf1c44c6cb7c04cd12c63108e0037922fb603c_arc,arg.png,1000000000,"{""arc"":""0x8adf1c44c6cb7c04cd12c63108e0037922fb603c""}",18
0x64e8bee350c0ba7c7601f7eca7f61ab965148b51_robinhood,pHODO,PREMIUM House of Doge Inc.,0x64e8bee350c0ba7c7601f7eca7f61ab965148b51_robinhood,0x64e8bee350c0ba7c7601f7eca7f61ab965148b51_robinhoodFTI.png,85680750,"{""robinhood"":""0x64e8bee350c0ba7c7601f7eca7f61ab965148b51""}",18
0xadf94c3f6fd1d4b8dfdb8921ea3065b584bf6442_base,SOCIAL-APP,SOCIAL-APP github.com/bluesky-social/SOCIAL-APP,0xadf94c3f6fd1d4b8dfdb8921ea3065b584bf6442_base,soc.png,1000000000,"{""base"":""0xadf94c3f6fd1d4b8dfdb8921ea3065b584bf6442""}",18
0x8105743e8a19c915a604d7d9e7aa3a060a4c2c32_binance_smart,ARTX,Ultiland,0x8105743e8a19c915a604d7d9e7aa3a060a4c2c32_binance_smart,0x8105743e8a19c915a604d7d9e7aa3a060a4c2c32_binance_smartAYH.png,122850890,"{""binance_smart"":""0x8105743e8a19c915a604d7d9e7aa3a060a4c2c32""}",18
1fRVDg4E8vUPBpAW32rc8HYaq6NneY7XZZ6SREHpump_solana,NTDA,National Trump Digital Accounts,1fRVDg4E8vUPBpAW32rc8HYaq6NneY7XZZ6SREHpump_solana,ntd.png,999989501,"{""solana"":""1fRVDg4E8vUPBpAW32rc8HYaq6NneY7XZZ6SREHpump""}",18
0x5a86828efd322bfb16d93cfed16ee9bc14940d7f_robinhood,QUOTRON,QUOTRONS,0x5a86828efd322bfb16d93cfed16ee9bc14940d7f_robinhood,0x5a86828efd322bfb16d93cfed16ee9bc14940d7f_robinhoodOw7.png,4444,"{""robinhood"":""0x5a86828efd322bfb16d93cfed16ee9bc14940d7f""}",18
0xcb5f86c253629989c79e0751e0147f91e281b4f1_binance_smart,5ECO,5ECO,0xcb5f86c253629989c79e0751e0147f91e281b4f1_binance_smart,5ec.png,21000000,"{""binance_smart"":""0xcb5f86c253629989c79e0751e0147f91e281b4f1""}",18
0xadf3bb8fa4f8b40940fc8cc21ed9a0e6d65717d1_base,PARALLEL-HASHMAP,PARALLEL-HASHMAP github.com/greg7mdp/PARALLEL-HASHMAP,0xadf3bb8fa4f8b40940fc8cc21ed9a0e6d65717d1_base,par.png,1000000000,"{""base"":""0xadf3bb8fa4f8b40940fc8cc21ed9a0e6d65717d1""}",18
0xcc78a0acdf847a2c1714d2a925bb4477df5d48a6_pulsechain,ATROPA,Atropa,0xcc78a0acdf847a2c1714d2a925bb4477df5d48a6_pulsechain,0xcc78a0acdf847a2c1714d2a925bb4477df5d48a6_pulsechain5K5.png,534939469,"{""pulsechain"":""0xcc78a0acdf847a2c1714d2a925bb4477df5d48a6""}",18
0xb1985f7f020e111bafac5d8e86936e6606f17777_binance_smart,伯乐,千里马常有而伯乐不常有,0xb1985f7f020e111bafac5d8e86936e6606f17777_binance_smart,.png,1000000000,"{""binance_smart"":""0xb1985f7f020e111bafac5d8e86936e6606f17777""}",18
4rLBMrgFm2ksY2exr5hxrfDe8iXdE7DWeEXij9tapump_solana,ELPEPE,ELPEPE,4rLBMrgFm2ksY2exr5hxrfDe8iXdE7DWeEXij9tapump_solana,elp.png,999697649,"{""solana"":""4rLBMrgFm2ksY2exr5hxrfDe8iXdE7DWeEXij9tapump""}",18
0x4168253d740edfa77de31dadd8532e228de83f15_binance_smart,NVB2,NovaBank2,0x4168253d740edfa77de31dadd8532e228de83f15_binance_smart,nvb.png,2121408,"{""binance_smart"":""0x4168253d740edfa77de31dadd8532e228de83f15""}",18
45fovVL9hNrrrVVVoqaDTnV11NQvzh5L6PMQmRBUpump_solana,GOIF,GOIF,45fovVL9hNrrrVVVoqaDTnV11NQvzh5L6PMQmRBUpump_solana,goi.png,999717046,"{""solana"":""45fovVL9hNrrrVVVoqaDTnV11NQvzh5L6PMQmRBUpump""}",18
97vgTn4wpGUWgYfqSjtfTU1aHnEDFK1gbEZxnorGjRcx_solana,PARASITE,Parasite,97vgTn4wpGUWgYfqSjtfTU1aHnEDFK1gbEZxnorGjRcx_solana,par.png,1000000000,"{""solana"":""97vgTn4wpGUWgYfqSjtfTU1aHnEDFK1gbEZxnorGjRcx""}",18
6jihf4GHEyfEeqaJXwnvryaSTJeYxgswNNR1ay6MCeDS_solana,BLUAI,Bluwhale,6jihf4GHEyfEeqaJXwnvryaSTJeYxgswNNR1ay6MCeDS_solana,blu.png,999999999,"{""solana"":""6jihf4GHEyfEeqaJXwnvryaSTJeYxgswNNR1ay6MCeDS""}",18
GpdVgxdQmFkRgRXiwiUoLucngAS7y2TzPyskJ9k8hDzz_solana,XDP,Doppler Finance,GpdVgxdQmFkRgRXiwiUoLucngAS7y2TzPyskJ9k8hDzz_solana,xdp.png,1000000000,"{""solana"":""GpdVgxdQmFkRgRXiwiUoLucngAS7y2TzPyskJ9k8hDzz""}",18
xorcaYqbXUNz3474ubUMJAdu2xgPsew3rUCe5ughT3N_solana,xORCA,Staked Orca,xorcaYqbXUNz3474ubUMJAdu2xgPsew3rUCe5ughT3N_solana,xor.png,5696893,"{""solana"":""xorcaYqbXUNz3474ubUMJAdu2xgPsew3rUCe5ughT3N""}",18
CfQChdS5RgUd9FJwg5cYDh56MWWrMKvGuvKDaQg4VFUy_solana,WHX,WHX,CfQChdS5RgUd9FJwg5cYDh56MWWrMKvGuvKDaQg4VFUy_solana,whx.png,100000000,"{""solana"":""CfQChdS5RgUd9FJwg5cYDh56MWWrMKvGuvKDaQg4VFUy""}",18
0xd9d3dad2efed7ee99f1363fac549f5e476f19a5a_binance_smart,喵喵币,喵喵币,0xd9d3dad2efed7ee99f1363fac549f5e476f19a5a_binance_smart,.png,696969696969,"{""binance_smart"":""0xd9d3dad2efed7ee99f1363fac549f5e476f19a5a""}",18
0xcf0e0225215ae96fa6eb71b5a67cbbe6ed5a7777_binance_smart,CSC,Cubus Store Coin,0xcf0e0225215ae96fa6eb71b5a67cbbe6ed5a7777_binance_smart,csc.png,1000000000,"{""binance_smart"":""0xcf0e0225215ae96fa6eb71b5a67cbbe6ed5a7777""}",18
76R3Mbb3w66VQg7u7tQHoCMqq6QofD59bncoZKnpump_solana,NTDA,National Trump Digital Accounts,76R3Mbb3w66VQg7u7tQHoCMqq6QofD59bncoZKnpump_solana,ntd.png,999694187,"{""solana"":""76R3Mbb3w66VQg7u7tQHoCMqq6QofD59bncoZKnpump""}",18
3xFK86Ri8pLUWpHRW3j21BTexC3aiBVbHzBSA5FvEzRp_solana,MOVR,Moonriver,3xFK86Ri8pLUWpHRW3j21BTexC3aiBVbHzBSA5FvEzRp_solana,mov.png,21000000,"{""solana"":""3xFK86Ri8pLUWpHRW3j21BTexC3aiBVbHzBSA5FvEzRp""}",18
AWof251XpdZS4kq8TKeQmUNtFiCcW8Jy7DgPPau3pump_solana,Frogodile,Frogodile,AWof251XpdZS4kq8TKeQmUNtFiCcW8Jy7DgPPau3pump_solana,fro.png,999704559,"{""solana"":""AWof251XpdZS4kq8TKeQmUNtFiCcW8Jy7DgPPau3pump""}",18
0xb0ad9c2313b9719ea0ccd43d7e7e1fd07e7cbd90_binance_smart,DBT,Destroy is Building Token,0xb0ad9c2313b9719ea0ccd43d7e7e1fd07e7cbd90_binance_smart,dbt.png,1000000000,"{""binance_smart"":""0xb0ad9c2313b9719ea0ccd43d7e7e1fd07e7cbd90""}",18
eth_yvstecrv_0xdcd90c7f6324cfa40d7169ef80b12031770b4325,yvsteCrv,stETH Curve yVault 2.0,eth_yvstecrv_0xdcd90c7f6324cfa40d7169ef80b12031770b4325,eth_yvstecrv_0xdcd90c7f6324cfa40d7169ef80b12031770b4325.png,5923.38989220291,"{""ethereum"":""0xdcd90c7f6324cfa40d7169ef80b12031770b4325""}",18
ms2h8PXByzqfc48dpf1my1NZYXRngcd73kg8NCipump_solana,SARP,Strategic American Protocol,ms2h8PXByzqfc48dpf1my1NZYXRngcd73kg8NCipump_solana,sar.png,999737042,"{""solana"":""ms2h8PXByzqfc48dpf1my1NZYXRngcd73kg8NCipump""}",18
0x31138562aeb9706c7612e85d789581a21b5980a2_binance_smart,SENT,Sentient,0x31138562aeb9706c7612e85d789581a21b5980a2_binance_smart,sen.png,715979365,"{""binance_smart"":""0x31138562aeb9706c7612e85d789581a21b5980a2""}",18
0xd723f2aea80d1620864ac059f34f168fa223b2f1_binance_smart,KXG,KXG,0xd723f2aea80d1620864ac059f34f168fa223b2f1_binance_smart,kxg.png,21000000,"{""binance_smart"":""0xd723f2aea80d1620864ac059f34f168fa223b2f1""}",18
GGRkLD8KS2Jn49LHviNphGJRnspUnWNUUGQGu3TbYxMr_solana,AKE,AKEDO,GGRkLD8KS2Jn49LHviNphGJRnspUnWNUUGQGu3TbYxMr_solana,ake.png,999999998,"{""solana"":""GGRkLD8KS2Jn49LHviNphGJRnspUnWNUUGQGu3TbYxMr""}",18
B4zT99CWzjuxFT3jiVnWmhFNzKwpeWtbzguwwqzGpump_solana,GTA6,GTA VI,B4zT99CWzjuxFT3jiVnWmhFNzKwpeWtbzguwwqzGpump_solana,gta.png,998079790,"{""solana"":""B4zT99CWzjuxFT3jiVnWmhFNzKwpeWtbzguwwqzGpump""}",18
HVZxZsC2Z4Gbshi2NarNuUvvcE5ssrhJqqv5xZxBrzmm_solana,GPS,GoPlus Security,HVZxZsC2Z4Gbshi2NarNuUvvcE5ssrhJqqv5xZxBrzmm_solana,gps.png,999999999,"{""solana"":""HVZxZsC2Z4Gbshi2NarNuUvvcE5ssrhJqqv5xZxBrzmm""}",18
hACTC5hxchxXWUELZffyepwn8dbTpMnTLZQNfozpump_solana,NTDA,NTDA,hACTC5hxchxXWUELZffyepwn8dbTpMnTLZQNfozpump_solana,ntd.png,999762496,"{""solana"":""hACTC5hxchxXWUELZffyepwn8dbTpMnTLZQNfozpump""}",18
BTC.BTC_thorchain,BTC,Bitcoin,BTC.BTC_thorchain,btc.png,186.6969,"{""thorchain"":""BTC.BTC""}",18
0x7af3eeb03894c5150abac3e8b2ab6fb427a17777_binance_smart,FOMO人生,FOMO金库,0x7af3eeb03894c5150abac3e8b2ab6fb427a17777_binance_smart,fom.png,1000000000,"{""binance_smart"":""0x7af3eeb03894c5150abac3e8b2ab6fb427a17777""}",18
H3VaSZ3GrXzoDPsRt9wi5WgkWdLE2whozPW6EW282NHx_solana,GWEI,ETHGas,H3VaSZ3GrXzoDPsRt9wi5WgkWdLE2whozPW6EW282NHx_solana,gwe.png,999999999,"{""solana"":""H3VaSZ3GrXzoDPsRt9wi5WgkWdLE2whozPW6EW282NHx""}",18
8v9AuozrifAbeiaHQQzhdtXPQBxGbpJkZ5nNSjGtYZDc_solana,XDP,Doppler Finance,8v9AuozrifAbeiaHQQzhdtXPQBxGbpJkZ5nNSjGtYZDc_solana,xdp.png,1000000000,"{""solana"":""8v9AuozrifAbeiaHQQzhdtXPQBxGbpJkZ5nNSjGtYZDc""}",18
3P6WB3hifQ9Z38Ja5qNuaETkgstJUWmP6vf58aYupump_solana,CIGR,CIGR,3P6WB3hifQ9Z38Ja5qNuaETkgstJUWmP6vf58aYupump_solana,cig.png,964817155,"{""solana"":""3P6WB3hifQ9Z38Ja5qNuaETkgstJUWmP6vf58aYupump""}",18
0xe93307b8faa1c9d5cae6f9fe96f91549fb651a20_arbitrum-one,OTM,Ontomir Chain,0xe93307b8faa1c9d5cae6f9fe96f91549fb651a20_arbitrum-one,otm.png,10000000000,"{""arbitrum-one"":""0xe93307b8faa1c9d5cae6f9fe96f91549fb651a20""}",18
eth_alusd3crv-f_0x43b4fdfd4ff969587185cdb6f0bd875c5fc83f8c,alUSD3CRV-f,Curve.fi Factory USD Metapool: Alchemix USD,eth_alusd3crv-f_0x43b4fdfd4ff969587185cdb6f0bd875c5fc83f8c,alu.png,15339822.015688254,"{""ethereum"":""0x43b4fdfd4ff969587185cdb6f0bd875c5fc83f8c""}",18
0xadfa25cb0f21e83a23c07d29a7bf30ab731d1918_base,CODEFORMER,CODEFORMER github.com/sczhou/CODEFORMER,0xadfa25cb0f21e83a23c07d29a7bf30ab731d1918_base,cod.png,1000000000,"{""base"":""0xadfa25cb0f21e83a23c07d29a7bf30ab731d1918""}",18
0x9ad80d42264b90552bf5237782661a8d6a054ba8_base,SI,Super Inu,0x9ad80d42264b90552bf5237782661a8d6a054ba8_base,si.png,1000000000,"{""base"":""0x9ad80d42264b90552bf5237782661a8d6a054ba8""}",18
E3aXB7kscdZvwBeDfjmzqk2Cro4ZbLwmSg5xACrpump_solana,WWR,World Water Reserve,E3aXB7kscdZvwBeDfjmzqk2Cro4ZbLwmSg5xACrpump_solana,wwr.png,999698682,"{""solana"":""E3aXB7kscdZvwBeDfjmzqk2Cro4ZbLwmSg5xACrpump""}",18
9QuKojjaafxXmNCdNvVFiFXfKkeDM46zd9x5smRpump_solana,WOTF,World Oil Trust Fund,9QuKojjaafxXmNCdNvVFiFXfKkeDM46zd9x5smRpump_solana,wot.png,999871563,"{""solana"":""9QuKojjaafxXmNCdNvVFiFXfKkeDM46zd9x5smRpump""}",18
0x64ef9a4993a7370309e404a64e7293233ed580f6_binance_smart,RAS,RAS Token,0x64ef9a4993a7370309e404a64e7293233ed580f6_binance_smart,ras.png,142857000,"{""binance_smart"":""0x64ef9a4993a7370309e404a64e7293233ed580f6""}",18
0x5849fd68a097b3ee7d87ce88a0fcbb76857648ff_arc,ARCMAN,Arc-man,0x5849fd68a097b3ee7d87ce88a0fcbb76857648ff_arc,arc.png,1000000000,"{""arc"":""0x5849fd68a097b3ee7d87ce88a0fcbb76857648ff""}",18
4kk3b1ARLQzUXZJCVq3T9m5B6N67k9rYmG2HRFhiQjV9_solana,XDP,Doppler Finance,4kk3b1ARLQzUXZJCVq3T9m5B6N67k9rYmG2HRFhiQjV9_solana,xdp.png,1000000000,"{""solana"":""4kk3b1ARLQzUXZJCVq3T9m5B6N67k9rYmG2HRFhiQjV9""}",18
0x53e3ba715f8050d84d1bee69dec8152eead1c375_binance_smart,XMT,XMART Token,0x53e3ba715f8050d84d1bee69dec8152eead1c375_binance_smart,xmt.png,100000000,"{""binance_smart"":""0x53e3ba715f8050d84d1bee69dec8152eead1c375""}",18
BbpbBWepb4ZACWRMuN4F1zpsabbL37L4wfBUEH7pump_solana,PONTES,PONTES,BbpbBWepb4ZACWRMuN4F1zpsabbL37L4wfBUEH7pump_solana,pon.png,999796369,"{""solana"":""BbpbBWepb4ZACWRMuN4F1zpsabbL37L4wfBUEH7pump""}",18
WCyQExB6xD9GYiMRYRRkBSa5jii5NaqW9fdiPPopump_solana,WOTF,World Oil Trust Fund,WCyQExB6xD9GYiMRYRRkBSa5jii5NaqW9fdiPPopump_solana,wot.png,999749927,"{""solana"":""WCyQExB6xD9GYiMRYRRkBSa5jii5NaqW9fdiPPopump""}",18
eth_ecrv_0xa3d87fffce63b53e0d54faa1cc983b7eb0b74a9c,eCrv,Curve sETH Pool,eth_ecrv_0xa3d87fffce63b53e0d54faa1cc983b7eb0b74a9c,eth_ecrv_0xa3d87fffce63b53e0d54faa1cc983b7eb0b74a9c.png,6080.362646862752,"{""ethereum"":""0xa3d87fffce63b53e0d54faa1cc983b7eb0b74a9c""}",18
tYLAYuNEJbuvDzuERBHSHAeVFZTgkkSLPwrRwHzpump_solana,USDF,United States Dividend Fund,tYLAYuNEJbuvDzuERBHSHAeVFZTgkkSLPwrRwHzpump_solana,usd.png,999639699,"{""solana"":""tYLAYuNEJbuvDzuERBHSHAeVFZTgkkSLPwrRwHzpump""}",18
0xcf25d38c0adca458aea8bd57687a2b33a2d84444_binance_smart,Virus2027,Virus2027,0xcf25d38c0adca458aea8bd57687a2b33a2d84444_binance_smart,vir.png,1000000000,"{""binance_smart"":""0xcf25d38c0adca458aea8bd57687a2b33a2d84444""}",18
saRUeyhHiX5LqsXyi2UJhNMttPVVJhP4TPJGFLRpump_solana,XDP,Doppler Finance,saRUeyhHiX5LqsXyi2UJhNMttPVVJhP4TPJGFLRpump_solana,xdp.png,999708194,"{""solana"":""saRUeyhHiX5LqsXyi2UJhNMttPVVJhP4TPJGFLRpump""}",18
F26YEWSxqSwYMZ9YPpti1GQLQASL2VE9reBprNkcpump_solana,SEC,SEC,F26YEWSxqSwYMZ9YPpti1GQLQASL2VE9reBprNkcpump_solana,sec.png,999832361,"{""solana"":""F26YEWSxqSwYMZ9YPpti1GQLQASL2VE9reBprNkcpump""}",18
0x85d81efa50ed3d0aa3d3c3eee3ca633333333333_binance_smart,MYTH,MYTH,0x85d81efa50ed3d0aa3d3c3eee3ca633333333333_binance_smart,myt.png,21000000,"{""binance_smart"":""0x85d81efa50ed3d0aa3d3c3eee3ca633333333333""}",18
dfxQsZjikuu5DGXPgX7yEpRog74HT5cJgytT3i5iLtw_solana,DFX,DFX,dfxQsZjikuu5DGXPgX7yEpRog74HT5cJgytT3i5iLtw_solana,dfx.png,298786060,"{""solana"":""dfxQsZjikuu5DGXPgX7yEpRog74HT5cJgytT3i5iLtw""}",18
0xbd9ad2bebaa82e659f1b18ee3e15fee1e0dc4da6_binance_smart,魔法时代,魔法时代,0xbd9ad2bebaa82e659f1b18ee3e15fee1e0dc4da6_binance_smart,.png,21000000,"{""binance_smart"":""0xbd9ad2bebaa82e659f1b18ee3e15fee1e0dc4da6""}",18
0x82df39c0114890d20fad4567c4dfcd1158caaaaa_binance_smart,Lobster,Lobster,0x82df39c0114890d20fad4567c4dfcd1158caaaaa_binance_smart,lob.png,4000000,"{""binance_smart"":""0x82df39c0114890d20fad4567c4dfcd1158caaaaa""}",18
0xb87115abd36649401032cdb6116bcbd32bc47777_binance_smart,OURA,Oura,0xb87115abd36649401032cdb6116bcbd32bc47777_binance_smart,our.png,500000,"{""binance_smart"":""0xb87115abd36649401032cdb6116bcbd32bc47777""}",18
0x08c5dd8b64ec620aa31914bba13984b57e40c30b_base,XAUG,Lydia Gold,0x08c5dd8b64ec620aa31914bba13984b57e40c30b_base,xau.png,3215,"{""base"":""0x08c5dd8b64ec620aa31914bba13984b57e40c30b""}",18
0x5cf079cb73073f2988e7a3c4c538f02788a0452d_binance_smart,GPC,GPC,0x5cf079cb73073f2988e7a3c4c538f02788a0452d_binance_smart,gpc.png,100000000,"{""binance_smart"":""0x5cf079cb73073f2988e7a3c4c538f02788a0452d""}",18
3ZLekZYq2qkZiSpnSvabjit34tUkjSwD1JFuW9as9wBG_solana,wNEAR,Wrapped NEAR fungible token,3ZLekZYq2qkZiSpnSvabjit34tUkjSwD1JFuW9as9wBG_solana,3ZLekZYq2qkZiSpnSvabjit34tUkjSwD1JFuW9as9wBG_solanamD6.png,2777185,"{""solana"":""3ZLekZYq2qkZiSpnSvabjit34tUkjSwD1JFuW9as9wBG""}",18
0x0a4d87f0b646f29aeaed09a2573ad1ff74bbba62_binance_smart,MC,MC Token,0x0a4d87f0b646f29aeaed09a2573ad1ff74bbba62_binance_smart,mc.png,120000000,"{""binance_smart"":""0x0a4d87f0b646f29aeaed09a2573ad1ff74bbba62""}",18
0x717145436934e478ec36595f5d8cc7136c87ec4a_ethereum,fwBMNRon,Few Wrapped BitMine Immersion Technologies (Ondo Tokenized),0x717145436934e478ec36595f5d8cc7136c87ec4a_ethereum,fwb.png,509730,"{""ethereum"":""0x717145436934e478ec36595f5d8cc7136c87ec4a""}",18
0x986058ec93756e57b4e55b406dd0bee24bcd95e3_binance_smart,ATM,ATM,0x986058ec93756e57b4e55b406dd0bee24bcd95e3_binance_smart,atm.png,210000000,"{""binance_smart"":""0x986058ec93756e57b4e55b406dd0bee24bcd95e3""}",18
HyAHdJW6SwaumxGN5x9o8f3LNyFAgF9Kf8pNfhu4rP5B_solana,SHOP,Shopify,HyAHdJW6SwaumxGN5x9o8f3LNyFAgF9Kf8pNfhu4rP5B_solana,sho.png,100000,"{""solana"":""HyAHdJW6SwaumxGN5x9o8f3LNyFAgF9Kf8pNfhu4rP5B""}",18
keS4m2DA4rgqX6wjwbDcEbVRXbV6Fx6n15B9LPFpump_solana,DAWS,Digital American Water Supply,keS4m2DA4rgqX6wjwbDcEbVRXbV6Fx6n15B9LPFpump_solana,daw.png,999825826,"{""solana"":""keS4m2DA4rgqX6wjwbDcEbVRXbV6Fx6n15B9LPFpump""}",18
HH8vhoWGog35jPENWEZyo53yY81xYWrLhBuRcDevUnDB_solana,AIRPAD,AirPad,HH8vhoWGog35jPENWEZyo53yY81xYWrLhBuRcDevUnDB_solana,air.png,1000000000,"{""solana"":""HH8vhoWGog35jPENWEZyo53yY81xYWrLhBuRcDevUnDB""}",18
HKZDfZnkHZxd9agRDNPyDv4iT6LmAurJnpRtj9wpump_solana,MISTAKE,Make No Mistakes,HKZDfZnkHZxd9agRDNPyDv4iT6LmAurJnpRtj9wpump_solana,mis.png,963005103,"{""solana"":""HKZDfZnkHZxd9agRDNPyDv4iT6LmAurJnpRtj9wpump""}",18
GyoajrzaKhtxNhqXcddVrhRmGsw5Mxi8UaCUjNT9sHUG_solana,JPYC,JPY Coin,GyoajrzaKhtxNhqXcddVrhRmGsw5Mxi8UaCUjNT9sHUG_solana,jpy.png,999999838,"{""solana"":""GyoajrzaKhtxNhqXcddVrhRmGsw5Mxi8UaCUjNT9sHUG""}",18
0x347ad43dbf351d3e53aa055bc388f89652f66666_binance_smart,RMD,RMD,0x347ad43dbf351d3e53aa055bc388f89652f66666_binance_smart,rmd.png,21000000,"{""binance_smart"":""0x347ad43dbf351d3e53aa055bc388f89652f66666""}",18
0xb0f70c0bd6fd87dbeb7c10dc692a2a6106817072_ethereum,BTC.b,Bitcoin,0xb0f70c0bd6fd87dbeb7c10dc692a2a6106817072_ethereum,btc.png,148.3022,"{""ethereum"":""0xb0f70c0bd6fd87dbeb7c10dc692a2a6106817072""}",18
0x8c337d94aad2cbc24f966d2b747fec1c80e97d12_ethereum,fwWAVAX,Few Wrapped Wrapped AVAX,0x8c337d94aad2cbc24f966d2b747fec1c80e97d12_ethereum,fww.png,1115066,"{""ethereum"":""0x8c337d94aad2cbc24f966d2b747fec1c80e97d12""}",18
0x9e1148bc3665a9f7c35f313d89c0432c34928aef_hyperevm,fwWHYPE,Few Wrapped Wrapped HYPE,0x9e1148bc3665a9f7c35f313d89c0432c34928aef_hyperevm,fww.png,136358,"{""hyperevm"":""0x9e1148bc3665a9f7c35f313d89c0432c34928aef""}",18
UHbZxMHpoCsZ7h2nrwTVtPqko7EajTwetrYtxBrpump_solana,JEANPHIL,Jean Phil,UHbZxMHpoCsZ7h2nrwTVtPqko7EajTwetrYtxBrpump_solana,jea.png,999681250,"{""solana"":""UHbZxMHpoCsZ7h2nrwTVtPqko7EajTwetrYtxBrpump""}",18
m9pz6ZzFXN8MWtbwk8csbhEZfGHamC7VEiWD1Rppump_solana,NTDA,National Trump Digital Accounts,m9pz6ZzFXN8MWtbwk8csbhEZfGHamC7VEiWD1Rppump_solana,ntd.png,999701093,"{""solana"":""m9pz6ZzFXN8MWtbwk8csbhEZfGHamC7VEiWD1Rppump""}",18
G7UJPfu4Xh4Lv5H1ETmwn1Q9uMScw3GSFgBqzKppump_solana,AORP,American Oil Relief Program,G7UJPfu4Xh4Lv5H1ETmwn1Q9uMScw3GSFgBqzKppump_solana,aor.png,999108799,"{""solana"":""G7UJPfu4Xh4Lv5H1ETmwn1Q9uMScw3GSFgBqzKppump""}",18
0xadfc90bc7f798c14a6450fb547a89307c670f3a6_base,EXO,EXO github.com/exo-explore/EXO,0xadfc90bc7f798c14a6450fb547a89307c670f3a6_base,exo.png,1000000000,"{""base"":""0xadfc90bc7f798c14a6450fb547a89307c670f3a6""}",18
0xadfd64ac5e073a97153a7befd5a16e5d4afd22a5_base,COMPOSE,COMPOSE github.com/docker/COMPOSE,0xadfd64ac5e073a97153a7befd5a16e5d4afd22a5_base,com.png,1000000000,"{""base"":""0xadfd64ac5e073a97153a7befd5a16e5d4afd22a5""}",18
AxUhyn6CZJ3ztm8N5ASZbniuz4G1Z2K3u4ppq27pump_solana,AORP,American Oil Relief Program,AxUhyn6CZJ3ztm8N5ASZbniuz4G1Z2K3u4ppq27pump_solana,aor.png,999763325,"{""solana"":""AxUhyn6CZJ3ztm8N5ASZbniuz4G1Z2K3u4ppq27pump""}",18
0xc4ae7165b8923558528b1067cb4bed45dc249bf6_ethereum,fwMSTRon,Few Wrapped MicroStrategy (Ondo Tokenized),0xc4ae7165b8923558528b1067cb4bed45dc249bf6_ethereum,fwm.png,100705,"{""ethereum"":""0xc4ae7165b8923558528b1067cb4bed45dc249bf6""}",18
424348414D500000000000000000000000000000.rhYhn7s6z4HAfuJm7ehuSE7wxepRoUPwpi_xrp,BCHAMP,BCHAMP,424348414D500000000000000000000000000000.rhYhn7s6z4HAfuJm7ehuSE7wxepRoUPwpi_xrp,bch.png,1000000000,"{""xrp"":""424348414D500000000000000000000000000000.rhYhn7s6z4HAfuJm7ehuSE7wxepRoUPwpi""}",18
HwTc5fndG2kMgESiwntTxjoYRpiiSvFQHwVpTCempump_solana,RICH,RICH OFF GTA 6,HwTc5fndG2kMgESiwntTxjoYRpiiSvFQHwVpTCempump_solana,ric.png,999535030,"{""solana"":""HwTc5fndG2kMgESiwntTxjoYRpiiSvFQHwVpTCempump""}",18
3YctFnSKjqujVdMuNp22d9ZcCgyXxgbtcGmNSzg3WZgw_solana,XDP,Doppler Finance,3YctFnSKjqujVdMuNp22d9ZcCgyXxgbtcGmNSzg3WZgw_solana,xdp.png,1000000000,"{""solana"":""3YctFnSKjqujVdMuNp22d9ZcCgyXxgbtcGmNSzg3WZgw""}",18
0x6a3adfc5abd415e12bece98b465a65200104a4f1_binance_smart,AICDN,Web3.0 ecology,0x6a3adfc5abd415e12bece98b465a65200104a4f1_binance_smart,aic.png,1000000000,"{""binance_smart"":""0x6a3adfc5abd415e12bece98b465a65200104a4f1""}",18
0x173462f5eb7ca0d1ab6aaea846fefe85a28029e2_grx-chain,USDT,USDT GRX,0x173462f5eb7ca0d1ab6aaea846fefe85a28029e2_grx-chain,usd.png,11000000,"{""grx-chain"":""0x173462f5eb7ca0d1ab6aaea846fefe85a28029e2""}",18
0xc839b8f4f6ded0cae5531a603b78ede6ca677777_binance_smart,羊必火,羊必火,0xc839b8f4f6ded0cae5531a603b78ede6ca677777_binance_smart,.png,1000000000,"{""binance_smart"":""0xc839b8f4f6ded0cae5531a603b78ede6ca677777""}",18
5GgRAEmv8ZxF2PR5hY72Qs5x1bnQ6UK2RbTPoqJ3wSwW_solana,PAXG,PAX Gold,5GgRAEmv8ZxF2PR5hY72Qs5x1bnQ6UK2RbTPoqJ3wSwW_solana,pax.png,2581,"{""solana"":""5GgRAEmv8ZxF2PR5hY72Qs5x1bnQ6UK2RbTPoqJ3wSwW""}",18
0x45569bc5b81880aae344845186e7a6c5b5d4bb07_base,TRUMP,TRUMP,0x45569bc5b81880aae344845186e7a6c5b5d4bb07_base,tru.png,100000000000,"{""base"":""0x45569bc5b81880aae344845186e7a6c5b5d4bb07""}",18
44kr4HLAjfJxzszqqrB8AtMvhqb62JV3CsmLxWF9a3oq_solana,BLESS,Bless,44kr4HLAjfJxzszqqrB8AtMvhqb62JV3CsmLxWF9a3oq_solana,ble.png,999999999,"{""solana"":""44kr4HLAjfJxzszqqrB8AtMvhqb62JV3CsmLxWF9a3oq""}",18
0xca6a49144f6c636393a25e91932e13701009eb07_base,OpenAI,OpenAI,0xca6a49144f6c636393a25e91932e13701009eb07_base,ope.png,100000000000,"{""base"":""0xca6a49144f6c636393a25e91932e13701009eb07""}",18
0xd20fb09a49a8e75fef536a2dbc68222900287bac_binance_smart,PRL,Perle,0xd20fb09a49a8e75fef536a2dbc68222900287bac_binance_smart,prl.png,90000001,"{""binance_smart"":""0xd20fb09a49a8e75fef536a2dbc68222900287bac""}",18
0xaa3711cc599a23056df390e8a492e869f83cae96_arc,ARCMAN,Arc-man,0xaa3711cc599a23056df390e8a492e869f83cae96_arc,arc.png,1000000000,"{""arc"":""0xaa3711cc599a23056df390e8a492e869f83cae96""}",18
0x301d651a47e2193eda6890c07d99917a29702ae6_binance_smart,RGE,RWA Globase,0x301d651a47e2193eda6890c07d99917a29702ae6_binance_smart,rge.png,210000000,"{""binance_smart"":""0x301d651a47e2193eda6890c07d99917a29702ae6""}",18
0x3a51dae2dc3d901a2cefed3ad128116bf31c7777_binance_smart,暴躁牛,暴躁牛,0x3a51dae2dc3d901a2cefed3ad128116bf31c7777_binance_smart,0x3a51dae2dc3d901a2cefed3ad128116bf31c7777_binance_smartx9n.png,1000000000,"{""binance_smart"":""0x3a51dae2dc3d901a2cefed3ad128116bf31c7777""}",18
0x5766a021d591566f009377f4ec840edf4bcc4b07_base,GM,Green Morning,0x5766a021d591566f009377f4ec840edf4bcc4b07_base,gm.png,100000000000,"{""base"":""0x5766a021d591566f009377f4ec840edf4bcc4b07""}",18
7ErcmayUs9k6wwRcgEuwUCdserdQTDsDZjMjbBKP6bHe_solana,势不可挡,AI智能下跌回购对冲协议,7ErcmayUs9k6wwRcgEuwUCdserdQTDsDZjMjbBKP6bHe_solana,.png,1000000002,"{""solana"":""7ErcmayUs9k6wwRcgEuwUCdserdQTDsDZjMjbBKP6bHe""}",18
0x6181a161fa887b2f48cfcdb90be76b9adb9b7777_binance_smart,猫王,猫王,0x6181a161fa887b2f48cfcdb90be76b9adb9b7777_binance_smart,.png,1000000000,"{""binance_smart"":""0x6181a161fa887b2f48cfcdb90be76b9adb9b7777""}",18
0x3637aa60b2f1fac4d6dfe3fe2726d5c85dee7777_binance_smart,次第花开,次第花开,0x3637aa60b2f1fac4d6dfe3fe2726d5c85dee7777_binance_smart,.png,1000000000,"{""binance_smart"":""0x3637aa60b2f1fac4d6dfe3fe2726d5c85dee7777""}",18
0x7d6ba87fb76c82896db24aa29608268ac0e4db07_base,Muse,Muse,0x7d6ba87fb76c82896db24aa29608268ac0e4db07_base,mus.png,100000000000,"{""base"":""0x7d6ba87fb76c82896db24aa29608268ac0e4db07""}",18
0x1c90a02c39c274ed47d973693830c26be0cb6b07_base,Muse,Muse,0x1c90a02c39c274ed47d973693830c26be0cb6b07_base,mus.png,100000000000,"{""base"":""0x1c90a02c39c274ed47d973693830c26be0cb6b07""}",18
0xfda3609b3cc3612921945bc4f0f9ee5625592b07_base,Base,Base,0xfda3609b3cc3612921945bc4f0f9ee5625592b07_base,bas.png,100000000000,"{""base"":""0xfda3609b3cc3612921945bc4f0f9ee5625592b07""}",18
0x0862188c5b71ee33538f38fc49ad582959169b07_base,OpenAI,OpenAI,0x0862188c5b71ee33538f38fc49ad582959169b07_base,ope.png,100000000000,"{""base"":""0x0862188c5b71ee33538f38fc49ad582959169b07""}",18
0xadf11a532448fa500827ce858f0706c1d5ff5418_base,INFLUXDB,INFLUXDB github.com/influxdata/INFLUXDB,0xadf11a532448fa500827ce858f0706c1d5ff5418_base,inf.png,1000000000,"{""base"":""0xadf11a532448fa500827ce858f0706c1d5ff5418""}",18
0x59ffbc2c3b47549b204b350427b31fdefd76bb07_base,Muse,Muse,0x59ffbc2c3b47549b204b350427b31fdefd76bb07_base,mus.png,100000000000,"{""base"":""0x59ffbc2c3b47549b204b350427b31fdefd76bb07""}",18
iXAMi6AfDGqwc5fQVZ9oBPGUgWVDFFkt6xKCxpppump_solana,SPAX,SpaxKova,iXAMi6AfDGqwc5fQVZ9oBPGUgWVDFFkt6xKCxpppump_solana,spa.png,999360762,"{""solana"":""iXAMi6AfDGqwc5fQVZ9oBPGUgWVDFFkt6xKCxpppump""}",18
CNY.rKiCet8SdvWxPXnAgYarFUXMh1zCPz432Y_xrp,CNY,CNY,CNY.rKiCet8SdvWxPXnAgYarFUXMh1zCPz432Y_xrp,cny.png,65507095,"{""xrp"":""CNY.rKiCet8SdvWxPXnAgYarFUXMh1zCPz432Y""}",18
0xadf5035ec60aa9bdb503c85e6e6f28924ff72308_base,DREAM-TEXTURES,DREAM-TEXTURES github.com/carson-katri/DREAM-TEXTURES,0xadf5035ec60aa9bdb503c85e6e6f28924ff72308_base,dre.png,1000000000,"{""base"":""0xadf5035ec60aa9bdb503c85e6e6f28924ff72308""}",18
0x112c6cd364b29ff1e08444ce78b900961f457f3a_binance_smart,友谊使者,友谊使者,0x112c6cd364b29ff1e08444ce78b900961f457f3a_binance_smart,.png,900000000000,"{""binance_smart"":""0x112c6cd364b29ff1e08444ce78b900961f457f3a""}",18
nktiJ91NxzY8Dq1JB6YvZq97bpCiELxrRgBzwKupump_solana,VSOF,Vanguard Strategic Oil Fund,nktiJ91NxzY8Dq1JB6YvZq97bpCiELxrRgBzwKupump_solana,vso.png,998920085,"{""solana"":""nktiJ91NxzY8Dq1JB6YvZq97bpCiELxrRgBzwKupump""}",18
0x7859dfc99f4db48e1aecd8cb1a42f1ba0b0a7012_robinhood,GENIE,GENIE AI,0x7859dfc99f4db48e1aecd8cb1a42f1ba0b0a7012_robinhood,gen.png,1000000000,"{""robinhood"":""0x7859dfc99f4db48e1aecd8cb1a42f1ba0b0a7012""}",18
0x6ad349d70e58c266caf0745dddcdb90f13071b07_base,Base,Base,0x6ad349d70e58c266caf0745dddcdb90f13071b07_base,bas.png,100000000000,"{""base"":""0x6ad349d70e58c266caf0745dddcdb90f13071b07""}",18
Ymw4Zu3x5qQRowAEoEFgxrPaDKrbnjvrmppAVCUpump_solana,MAGACOIN,MAGA Coin,Ymw4Zu3x5qQRowAEoEFgxrPaDKrbnjvrmppAVCUpump_solana,mag.png,996939104,"{""solana"":""Ymw4Zu3x5qQRowAEoEFgxrPaDKrbnjvrmppAVCUpump""}",18
0x12bfe0251eb64c6e26d1a264673593d6164ca213_binance_smart,$KAMIRAI,Kamirai,0x12bfe0251eb64c6e26d1a264673593d6164ca213_binance_smart,0x12bfe0251eb64c6e26d1a264673593d6164ca213_binance_smartjSu.png,888888888888,"{""binance_smart"":""0x12bfe0251eb64c6e26d1a264673593d6164ca213""}",18
DS8nzMM3Mf5j5gWbCUGw9Sx6Q52Aaaw2sbijxsZWc51X_solana,MIDTERM,2026 MIDTERMS,DS8nzMM3Mf5j5gWbCUGw9Sx6Q52Aaaw2sbijxsZWc51X_solana,mid.png,2100000,"{""solana"":""DS8nzMM3Mf5j5gWbCUGw9Sx6Q52Aaaw2sbijxsZWc51X""}",18
0x51f1afc16e154d1601e61eca21d8af4897f1e840_binance_smart,US,Talus Token,0x51f1afc16e154d1601e61eca21d8af4897f1e840_binance_smart,us.png,501025563,"{""binance_smart"":""0x51f1afc16e154d1601e61eca21d8af4897f1e840""}",18
TtQTjEjbqKbNn97fVc7jAYrubu43hB5QNCZpJ7aa57K_solana,JPYC,JPY Coin,TtQTjEjbqKbNn97fVc7jAYrubu43hB5QNCZpJ7aa57K_solana,jpy.png,999999862,"{""solana"":""TtQTjEjbqKbNn97fVc7jAYrubu43hB5QNCZpJ7aa57K""}",18
4v59vAgC6dL63dA3ih6mZcaxnoH6tQ8YRvW33jbWpump_solana,ATFS,American Trust Fund System,4v59vAgC6dL63dA3ih6mZcaxnoH6tQ8YRvW33jbWpump_solana,atf.png,999675760,"{""solana"":""4v59vAgC6dL63dA3ih6mZcaxnoH6tQ8YRvW33jbWpump""}",18
0x43c934a845205f0b514417d757d7235b8f53f1b9_binance_smart,XLM,Stellar,0x43c934a845205f0b514417d757d7235b8f53f1b9_binance_smart,xlm.png,43380000,"{""binance_smart"":""0x43c934a845205f0b514417d757d7235b8f53f1b9""}",18
0xa04fec6ffdd70615e9f509c5ad8f8a430fe97995_binance_smart,ARC,ARC,0xa04fec6ffdd70615e9f509c5ad8f8a430fe97995_binance_smart,arc.png,79474000,"{""binance_smart"":""0xa04fec6ffdd70615e9f509c5ad8f8a430fe97995""}",18
0x82bbe7f1864279fc9604267509d6bae946333919_binance_smart,RT,[invalid],0x82bbe7f1864279fc9604267509d6bae946333919_binance_smart,rt.png,100000000,"{""binance_smart"":""0x82bbe7f1864279fc9604267509d6bae946333919""}",18
eth_frax3crv-f_0xd632f22692fac7611d2aa1c0d552930d43caed3b,FRAX3CRV-f,Curve.fi Factory USD Metapool: Frax,eth_frax3crv-f_0xd632f22692fac7611d2aa1c0d552930d43caed3b,fra.png,8845232.716149054,"{""ethereum"":""0xd632f22692fac7611d2aa1c0d552930d43caed3b""}",18
0x832bcced5bd431b31663576490344ea1c0bea295_base,EUR,EURO,0x832bcced5bd431b31663576490344ea1c0bea295_base,0x832bcced5bd431b31663576490344ea1c0bea295_baseBQn.png,8000000,"{""base"":""0x832bcced5bd431b31663576490344ea1c0bea295""}",18
0xadf4d5b9d7e54e3e85b667ed613a285bce36b821_base,AI-HEDGE-FUND,AI-HEDGE-FUND github.com/virattt/AI-HEDGE-FUND,0xadf4d5b9d7e54e3e85b667ed613a285bce36b821_base,aih.png,1000000000,"{""base"":""0xadf4d5b9d7e54e3e85b667ed613a285bce36b821""}",18
0xafeab3b85b6a56cf5f02317f0f7a23340eb983d7_x-layer,xBETH,OKX Wrapped Staked ETH,0xafeab3b85b6a56cf5f02317f0f7a23340eb983d7_x-layer,xbe.png,3165,"{""x-layer"":""0xafeab3b85b6a56cf5f02317f0f7a23340eb983d7""}",18
H2iVejo3yWhRnxsZEoLi3MhLMZNmv4S5TzPEuBcMpump_solana,ZEC,ZEC,H2iVejo3yWhRnxsZEoLi3MhLMZNmv4S5TzPEuBcMpump_solana,zec.png,999717824,"{""solana"":""H2iVejo3yWhRnxsZEoLi3MhLMZNmv4S5TzPEuBcMpump""}",18
0x4621a0baa0b5d97aae77704cf2a84dabe78a4fed_arc,ARCOON,Arcoon,0x4621a0baa0b5d97aae77704cf2a84dabe78a4fed_arc,arc.png,1000000000,"{""arc"":""0x4621a0baa0b5d97aae77704cf2a84dabe78a4fed""}",18
0x31d19b3633ebdb60dc9d690b3e9eb1fff61a7777_binance_smart,Asian games,Asian games,0x31d19b3633ebdb60dc9d690b3e9eb1fff61a7777_binance_smart,asi.png,1000000000,"{""binance_smart"":""0x31d19b3633ebdb60dc9d690b3e9eb1fff61a7777""}",18
0x16aa672dda63f5acd0de098c04c4a3e957d1eeee_x-layer,TAPEOUTX,TapeOut X,0x16aa672dda63f5acd0de098c04c4a3e957d1eeee_x-layer,tap.png,1000000000,"{""x-layer"":""0x16aa672dda63f5acd0de098c04c4a3e957d1eeee""}",18
0xadf95fcc403e968187fba47a4a46109a7b2c5da1_base,LUX,LUX github.com/iawia002/LUX,0xadf95fcc403e968187fba47a4a46109a7b2c5da1_base,lux.png,1000000000,"{""base"":""0xadf95fcc403e968187fba47a4a46109a7b2c5da1""}",18
5ZZvRN54byC1S9JJuzwTWnkYCuXuC3BeriJAuaMhtJqD_solana,SNOWMOON,snowmoon,5ZZvRN54byC1S9JJuzwTWnkYCuXuC3BeriJAuaMhtJqD_solana,sno.png,1000000002,"{""solana"":""5ZZvRN54byC1S9JJuzwTWnkYCuXuC3BeriJAuaMhtJqD""}",18
6nScawK7SDhYXi7hjoTk3s1nTVUKK9ZNLK9bJLRKp3r7_solana,RICE,RICE AI,6nScawK7SDhYXi7hjoTk3s1nTVUKK9ZNLK9bJLRKp3r7_solana,ric.png,999999999,"{""solana"":""6nScawK7SDhYXi7hjoTk3s1nTVUKK9ZNLK9bJLRKp3r7""}",18
0xb41c7ac9d46a980f8bdf1894b392a2a07ec9992a_robinhood,RBD,RobinDog,0xb41c7ac9d46a980f8bdf1894b392a2a07ec9992a_robinhood,rbd.png,1000000000,"{""robinhood"":""0xb41c7ac9d46a980f8bdf1894b392a2a07ec9992a""}",18
0xd5c43cda2c20940282d21e466946ba143caf663b_binance_smart,BNFC,BNFC,0xd5c43cda2c20940282d21e466946ba143caf663b_binance_smart,bnf.png,210000000,"{""binance_smart"":""0xd5c43cda2c20940282d21e466946ba143caf663b""}",18
0xf263cc32caed261a819713f3dcc494a96c3e5111_binance_smart,1Piece,OnePiece,0xf263cc32caed261a819713f3dcc494a96c3e5111_binance_smart,0xf263cc32caed261a819713f3dcc494a96c3e5111_binance_smartnWm.png,100000000000,"{""binance_smart"":""0xf263cc32caed261a819713f3dcc494a96c3e5111""}",18
qfaAwPjUmKsgGdQ8mmCdxWoiw4xZmwXtGL7f7ttpump_solana,GTA 6 Coin,GTA6,qfaAwPjUmKsgGdQ8mmCdxWoiw4xZmwXtGL7f7ttpump_solana,gta.png,996415206,"{""solana"":""qfaAwPjUmKsgGdQ8mmCdxWoiw4xZmwXtGL7f7ttpump""}",18
DNkpwswQHBmqKcJzkM7ySwz9mGc6woDVDAo6c1Fpump_solana,WIAF,World AI Fund,DNkpwswQHBmqKcJzkM7ySwz9mGc6woDVDAo6c1Fpump_solana,wia.png,999335607,"{""solana"":""DNkpwswQHBmqKcJzkM7ySwz9mGc6woDVDAo6c1Fpump""}",18
0xadfe990d271d83a0829323131b95828542454908_base,SPOTUBE,SPOTUBE github.com/krtirtho/SPOTUBE,0xadfe990d271d83a0829323131b95828542454908_base,spo.png,1000000000,"{""base"":""0xadfe990d271d83a0829323131b95828542454908""}",18
8KxCoCnWVriTiKH1yxEm2Js1nY1VSvg5cqWX2seFuaKt_solana,PAID,Paid,8KxCoCnWVriTiKH1yxEm2Js1nY1VSvg5cqWX2seFuaKt_solana,pai.png,1000000000,"{""solana"":""8KxCoCnWVriTiKH1yxEm2Js1nY1VSvg5cqWX2seFuaKt""}",18
0x3e10342a181dc243810774b2a481cd75974e7777_binance_smart,星链,星链,0x3e10342a181dc243810774b2a481cd75974e7777_binance_smart,.png,1000000000,"{""binance_smart"":""0x3e10342a181dc243810774b2a481cd75974e7777""}",18
0xadf53c24eeba057ea87b4c01f92f46c401a5dc75_base,LLDAP,LLDAP github.com/lldap/LLDAP,0xadf53c24eeba057ea87b4c01f92f46c401a5dc75_base,lld.png,1000000000,"{""base"":""0xadf53c24eeba057ea87b4c01f92f46c401a5dc75""}",18
0xfa5b8323b462013cf2f7eb5503a1d68ca4271111_binance_smart,$海贼王,$海贼王,0xfa5b8323b462013cf2f7eb5503a1d68ca4271111_binance_smart,.png,1000000000,"{""binance_smart"":""0xfa5b8323b462013cf2f7eb5503a1d68ca4271111""}",18
0xa7cef888cd72f47495603dc98621e177bdad6b07_base,XDP,Doppler,0xa7cef888cd72f47495603dc98621e177bdad6b07_base,xdp.png,100000000000,"{""base"":""0xa7cef888cd72f47495603dc98621e177bdad6b07""}",18
0x41c8044fb5ba79d3032afa660868dfdfa3f17777_x-layer,X,AI Xplosion,0x41c8044fb5ba79d3032afa660868dfdfa3f17777_x-layer,x.png,1000000000,"{""x-layer"":""0x41c8044fb5ba79d3032afa660868dfdfa3f17777""}",18
0x0df25a91a6d7a7af201bcfdc721aa9cbe7611010_binance_smart,HPA,HashPortAI,0x0df25a91a6d7a7af201bcfdc721aa9cbe7611010_binance_smart,hpa.png,1000000000,"{""binance_smart"":""0x0df25a91a6d7a7af201bcfdc721aa9cbe7611010""}",18
0xeeee3eaba61d9be2124379c28d12f70418576b07_binance_smart,英雄回归,英雄回归,0xeeee3eaba61d9be2124379c28d12f70418576b07_binance_smart,.png,300000000,"{""binance_smart"":""0xeeee3eaba61d9be2124379c28d12f70418576b07""}",18
Jc1v3WXDvhdhxR2wpUcxzFiqAN5PumQhbzDPL5upump_solana,TRUMP5000,TRUMP5000,Jc1v3WXDvhdhxR2wpUcxzFiqAN5PumQhbzDPL5upump_solana,tru.png,996367717,"{""solana"":""Jc1v3WXDvhdhxR2wpUcxzFiqAN5PumQhbzDPL5upump""}",18
0xadfff89aeecf0aeb8a46efabc8ad049bc4a32efb_base,GPT-SOVITS,GPT-SOVITS github.com/rvc-boss/GPT-SOVITS,0xadfff89aeecf0aeb8a46efabc8ad049bc4a32efb_base,gpt.png,1000000000,"{""base"":""0xadfff89aeecf0aeb8a46efabc8ad049bc4a32efb""}",18
0xc0feb88a884cd445704d8cc580e756335f5b06da_binance_smart,VEC,VEC,0xc0feb88a884cd445704d8cc580e756335f5b06da_binance_smart,vec.png,1000000,"{""binance_smart"":""0xc0feb88a884cd445704d8cc580e756335f5b06da""}",18
5UnCqzKKcmPBDdheWE9Ch7J9fD65tVgqTCkdEE2Vpump_solana,Duo,iPhone Duo,5UnCqzKKcmPBDdheWE9Ch7J9fD65tVgqTCkdEE2Vpump_solana,duo.png,999252607,"{""solana"":""5UnCqzKKcmPBDdheWE9Ch7J9fD65tVgqTCkdEE2Vpump""}",18
0x5eca7e3da51ab758021c3765d147a7fcc7666666_binance_smart,COCO,COCO AI,0x5eca7e3da51ab758021c3765d147a7fcc7666666_binance_smart,coc.png,500000000,"{""binance_smart"":""0x5eca7e3da51ab758021c3765d147a7fcc7666666""}",18
8rHDtJB63cJ9ti5E2k6MaQqcYUYfEW2JBuZYMVJypump_solana,ELPEPE,ELPEPE,8rHDtJB63cJ9ti5E2k6MaQqcYUYfEW2JBuZYMVJypump_solana,elp.png,999699381,"{""solana"":""8rHDtJB63cJ9ti5E2k6MaQqcYUYfEW2JBuZYMVJypump""}",18
EQANcW45W0Tp91bzvHayaPO6-6hf1Lm4XlWZ4rN6L5ofPWdb_the-open-network,ATF,AI Trading Forex,EQANcW45W0Tp91bzvHayaPO6-6hf1Lm4XlWZ4rN6L5ofPWdb_the-open-network,atf.png,10862996109,"{""the-open-network"":""EQANcW45W0Tp91bzvHayaPO6-6hf1Lm4XlWZ4rN6L5ofPWdb""}",18
0x0fd1ebe9200dc1e587b8ee82ccbd2a13413532f2_binance_smart,PEPGEM,PEPGEM,0x0fd1ebe9200dc1e587b8ee82ccbd2a13413532f2_binance_smart,pep.png,100000000,"{""binance_smart"":""0x0fd1ebe9200dc1e587b8ee82ccbd2a13413532f2""}",18
0xd82f2be06c24a6040f8bc84e6790d288ed865c4e_binance_smart,币安支付,币安支付,0xd82f2be06c24a6040f8bc84e6790d288ed865c4e_binance_smart,.png,9000000000000,"{""binance_smart"":""0xd82f2be06c24a6040f8bc84e6790d288ed865c4e""}",18
yvusdt-0x7da96a3891add058ada2e826306d812c638d87a7,YVUSDT,Yearn YVUSDT v2,yvusdt-0x7da96a3891add058ada2e826306d812c638d87a7,yvusdt-0x7da96a3891add058ada2e826306d812c638d87a7XhS.png,6812576.261132,"{""ethereum"":""0x7da96a3891add058ada2e826306d812c638d87a7""}",18
0xadfd54cb2997d3a0077f0aafbd8ebbf9ac10b99c_base,CHEAT.SH,CHEAT.SH github.com/chubin/CHEAT.SH,0xadfd54cb2997d3a0077f0aafbd8ebbf9ac10b99c_base,che.png,1000000000,"{""base"":""0xadfd54cb2997d3a0077f0aafbd8ebbf9ac10b99c""}",18
0xadf5814f0ba9e691815c95008880be76e8a81e15_base,YESPLAYMUSIC,YESPLAYMUSIC github.com/qier222/YESPLAYMUSIC,0xadf5814f0ba9e691815c95008880be76e8a81e15_base,yes.png,1000000000,"{""base"":""0xadf5814f0ba9e691815c95008880be76e8a81e15""}",18
0x93d0379121efeaa4b2a829be2294c76624e67777_binance_smart,Community,Community,0x93d0379121efeaa4b2a829be2294c76624e67777_binance_smart,com.png,1000000000,"{""binance_smart"":""0x93d0379121efeaa4b2a829be2294c76624e67777""}",18
xtPQUDjXe3idjizfPchzX5AkX4s5W7iYmxop69Cpump_solana,GTA 6 Coin,GTA6,xtPQUDjXe3idjizfPchzX5AkX4s5W7iYmxop69Cpump_solana,gta.png,996819588,"{""solana"":""xtPQUDjXe3idjizfPchzX5AkX4s5W7iYmxop69Cpump""}",18
0xa7cb8bd6c6fcbfcbc61a41566864ba49109b7777_binance_smart,pPOLY,Paimon Polymarket SPV Token,0xa7cb8bd6c6fcbfcbc61a41566864ba49109b7777_binance_smart,ppo.png,600000,"{""binance_smart"":""0xa7cb8bd6c6fcbfcbc61a41566864ba49109b7777""}",18
TPYmHEhy5n8TCEfYGqW2rPxsghSfzghPDn_tron,USDD,Decentralized USD,TPYmHEhy5n8TCEfYGqW2rPxsghSfzghPDn_tron,usd.png,7128287,"{""tron"":""TPYmHEhy5n8TCEfYGqW2rPxsghSfzghPDn""}",18
0x292723d4b455e8f272cde97376f68849b9f27777_binance_smart,DOG,DOG,0x292723d4b455e8f272cde97376f68849b9f27777_binance_smart,dog.png,1000000000,"{""binance_smart"":""0x292723d4b455e8f272cde97376f68849b9f27777""}",18
umfFX5o3mTxAfkq5DkZ96Fqkyr7JezEo6fjCcW9pump_solana,DOTF,Digital Oil Trust Fund🔥,umfFX5o3mTxAfkq5DkZ96Fqkyr7JezEo6fjCcW9pump_solana,dot.png,999573953,"{""solana"":""umfFX5o3mTxAfkq5DkZ96Fqkyr7JezEo6fjCcW9pump""}",18
0x3abb4d1f2e15cb49211c033f2876985698807777_binance_smart,蝴蝶勇士,蝴蝶勇士,0x3abb4d1f2e15cb49211c033f2876985698807777_binance_smart,.png,1000000000,"{""binance_smart"":""0x3abb4d1f2e15cb49211c033f2876985698807777""}",18
2V4z1cyMEW6zRgD5txzqdXvyPGYiutmPbU129szq3fjp_solana,NTDA,National Trump Digital Accounts,2V4z1cyMEW6zRgD5txzqdXvyPGYiutmPbU129szq3fjp_solana,ntd.png,1000000000,"{""solana"":""2V4z1cyMEW6zRgD5txzqdXvyPGYiutmPbU129szq3fjp""}",18
qPNNr5vz1k713DQDbLB6nvgoQp5UgvqiWHADaDtpump_solana,SPX,SPX38F,qPNNr5vz1k713DQDbLB6nvgoQp5UgvqiWHADaDtpump_solana,spx.png,999577713,"{""solana"":""qPNNr5vz1k713DQDbLB6nvgoQp5UgvqiWHADaDtpump""}",18
0xadf9bd2aa5a29c52bf5cd73af54a9383b46146ab_base,GF,GF github.com/gogf/GF,0xadf9bd2aa5a29c52bf5cd73af54a9383b46146ab_base,gf.png,1000000000,"{""base"":""0xadf9bd2aa5a29c52bf5cd73af54a9383b46146ab""}",18
CJMihkPYswa3k6az9SUbepjKnkJQ6KWpGG5p9qW9n7NV_solana,LIKE,I LIKE THIS COIN,CJMihkPYswa3k6az9SUbepjKnkJQ6KWpGG5p9qW9n7NV_solana,lik.png,9999551219,"{""solana"":""CJMihkPYswa3k6az9SUbepjKnkJQ6KWpGG5p9qW9n7NV""}",18
0xd28e716fa02543962b3129f9e4d919c65f434444_binance_smart,Libra,Libra,0xd28e716fa02543962b3129f9e4d919c65f434444_binance_smart,0xd28e716fa02543962b3129f9e4d919c65f434444_binance_smartyDd.png,1000000000,"{""binance_smart"":""0xd28e716fa02543962b3129f9e4d919c65f434444""}",18
0x63c12667638f2ae6fc6ae09b43d98ec84a8586ea_robinhood,wsNET,Wrapped Staked NET,0x63c12667638f2ae6fc6ae09b43d98ec84a8586ea_robinhood,wsn.png,5626,"{""robinhood"":""0x63c12667638f2ae6fc6ae09b43d98ec84a8586ea""}",18
DbDn9bXm63UGRuzAWrY55mPWr4ji5dWsY1vrM2cBbUjM_solana,VET,VeChain,DbDn9bXm63UGRuzAWrY55mPWr4ji5dWsY1vrM2cBbUjM_solana,vet.png,999999999,"{""solana"":""DbDn9bXm63UGRuzAWrY55mPWr4ji5dWsY1vrM2cBbUjM""}",18
0xe0b8304a0a1a6154627622d23b42e15d3cbf1931_binance_smart,Bella,Bella,0xe0b8304a0a1a6154627622d23b42e15d3cbf1931_binance_smart,bel.png,2100000000,"{""binance_smart"":""0xe0b8304a0a1a6154627622d23b42e15d3cbf1931""}",18
0x5733507868f46d96907132f98431dceef67c69cc_robinhood,AGE,Agemica,0x5733507868f46d96907132f98431dceef67c69cc_robinhood,age.png,1000000000,"{""robinhood"":""0x5733507868f46d96907132f98431dceef67c69cc""}",18
MGiRSNvBiVC5iK7Nub6VuCEadyYcfaHsRXKhJgopump_solana,SARP,Strategic American Protocol,MGiRSNvBiVC5iK7Nub6VuCEadyYcfaHsRXKhJgopump_solana,sar.png,999632259,"{""solana"":""MGiRSNvBiVC5iK7Nub6VuCEadyYcfaHsRXKhJgopump""}",18
qjB5BHSTtECHufnFFQx3iiT4M6VH6tQydE9o8CZpump_solana,zmr,zmr,qjB5BHSTtECHufnFFQx3iiT4M6VH6tQydE9o8CZpump_solana,zmr.png,971930646,"{""solana"":""qjB5BHSTtECHufnFFQx3iiT4M6VH6tQydE9o8CZpump""}",18
BbB2Wa1hYrnZvnviH4vEcBK945NncAQePNHvShhH7RF_solana,BEAT,Audiera,BbB2Wa1hYrnZvnviH4vEcBK945NncAQePNHvShhH7RF_solana,bea.png,10000000,"{""solana"":""BbB2Wa1hYrnZvnviH4vEcBK945NncAQePNHvShhH7RF""}",18
0x14f6a94909c407854390aa2d2462a3095d317777_binance_smart,旺柴,WangChai,0x14f6a94909c407854390aa2d2462a3095d317777_binance_smart,0x14f6a94909c407854390aa2d2462a3095d317777_binance_smartlaM.png,1000000000,"{""binance_smart"":""0x14f6a94909c407854390aa2d2462a3095d317777""}",18
EP35Q2V85uAx1t4i7zEn2AGDpKZNfa1kKPp31QZ9pump_solana,NIKE,Just Do It,EP35Q2V85uAx1t4i7zEn2AGDpKZNfa1kKPp31QZ9pump_solana,nik.png,996809992,"{""solana"":""EP35Q2V85uAx1t4i7zEn2AGDpKZNfa1kKPp31QZ9pump""}",18
0xa6344a67780e2da01928fefd9e558d792d7986dc_binance_smart,AIGO,AIGO,0xa6344a67780e2da01928fefd9e558d792d7986dc_binance_smart,aig.png,11433022,"{""binance_smart"":""0xa6344a67780e2da01928fefd9e558d792d7986dc""}",18
vbRRqTLGebhBimm74daWhpFLhnNzfndpzBSMRcHpump_solana,NTDA,National Trump Digital Accounts,vbRRqTLGebhBimm74daWhpFLhnNzfndpzBSMRcHpump_solana,ntd.png,999535654,"{""solana"":""vbRRqTLGebhBimm74daWhpFLhnNzfndpzBSMRcHpump""}",18
0x24e07cef48724b008e597b9fddb7c4b2217a8b50_binance_smart,X,X,0x24e07cef48724b008e597b9fddb7c4b2217a8b50_binance_smart,x.png,1000000000,"{""binance_smart"":""0x24e07cef48724b008e597b9fddb7c4b2217a8b50""}",18
ETH.ETH_thorchain,ETH,Ethereum,ETH.ETH_thorchain,eth.png,2358,"{""thorchain"":""ETH.ETH""}",18
0xdc84096074269d8f304d476124101249d105b60d_binance_smart,FSP,FSP,0xdc84096074269d8f304d476124101249d105b60d_binance_smart,fsp.png,100000000,"{""binance_smart"":""0xdc84096074269d8f304d476124101249d105b60d""}",18
euCp8XCuZ25TiXL7narNw4LyQTFUb1MhouEykR8pump_solana,Holdoween,Holdoween,euCp8XCuZ25TiXL7narNw4LyQTFUb1MhouEykR8pump_solana,hol.png,999546494,"{""solana"":""euCp8XCuZ25TiXL7narNw4LyQTFUb1MhouEykR8pump""}",18
0x4f6d0cc5d0af3293570245581075901d0c488bf0_binance_smart,牛能飞,牛能飞,0x4f6d0cc5d0af3293570245581075901d0c488bf0_binance_smart,.png,900000000000,"{""binance_smart"":""0x4f6d0cc5d0af3293570245581075901d0c488bf0""}",18
0x4e8277ab31e4956b2cd48449793a57656dfc03d2_binance_smart,NPL,Napoleon Token V2,0x4e8277ab31e4956b2cd48449793a57656dfc03d2_binance_smart,npl.png,0,"{""binance_smart"":""0x4e8277ab31e4956b2cd48449793a57656dfc03d2""}",18
ZwMy8Sw8JgG84rtvoAeqCkYP5LxHLoFFJz2LACgpump_solana,Ukrnafta,Official Ukrainian oil,ZwMy8Sw8JgG84rtvoAeqCkYP5LxHLoFFJz2LACgpump_solana,ukr.png,999140089,"{""solana"":""ZwMy8Sw8JgG84rtvoAeqCkYP5LxHLoFFJz2LACgpump""}",18
0x63401cdd577478f9389a1683e866a937f072d1c2_ethereum,AGL,Apex Gold Ledger,0x63401cdd577478f9389a1683e866a937f072d1c2_ethereum,agl.png,1000000000,"{""ethereum"":""0x63401cdd577478f9389a1683e866a937f072d1c2""}",18
nheVhBEu7aQgtZLbtLkzvZEhhQh9fctKXWWFPd8pump_solana,Pokémon,Pokémon,nheVhBEu7aQgtZLbtLkzvZEhhQh9fctKXWWFPd8pump_solana,pok.png,995341187,"{""solana"":""nheVhBEu7aQgtZLbtLkzvZEhhQh9fctKXWWFPd8pump""}",18
FyYmoWG6V1Qb2d3RcvZdDmv4En9AhGDDKtZiNt9wpump_solana,CLAUDIA,CLAUDIA,FyYmoWG6V1Qb2d3RcvZdDmv4En9AhGDDKtZiNt9wpump_solana,cla.png,999224962,"{""solana"":""FyYmoWG6V1Qb2d3RcvZdDmv4En9AhGDDKtZiNt9wpump""}",18
9dmAc5UW7NErYMajTbqLjjMydCjBN8NEFGzMEPez2qvV_solana,INUINK,Inuink,9dmAc5UW7NErYMajTbqLjjMydCjBN8NEFGzMEPez2qvV_solana,inu.png,1000000001,"{""solana"":""9dmAc5UW7NErYMajTbqLjjMydCjBN8NEFGzMEPez2qvV""}",18
8p6LETQaWnFGTeXmox66JHhemoj6Gvd5rjZjTXVBpump_solana,YouTube,YouTube,8p6LETQaWnFGTeXmox66JHhemoj6Gvd5rjZjTXVBpump_solana,you.png,995918659,"{""solana"":""8p6LETQaWnFGTeXmox66JHhemoj6Gvd5rjZjTXVBpump""}",18
2mPcXGKM5gfg9zYT6bD8jR8gVer5yivcQKVUr71spump_solana,MEMED,Merica Memed,2mPcXGKM5gfg9zYT6bD8jR8gVer5yivcQKVUr71spump_solana,mem.png,999231988,"{""solana"":""2mPcXGKM5gfg9zYT6bD8jR8gVer5yivcQKVUr71spump""}",18
XBX2T2XDxp316rzqfni2sgXgDZnwpKCQafXAVuwpump_solana,MAGA,MAGA Cyborg,XBX2T2XDxp316rzqfni2sgXgDZnwpKCQafXAVuwpump_solana,mag.png,999224534,"{""solana"":""XBX2T2XDxp316rzqfni2sgXgDZnwpKCQafXAVuwpump""}",18
0xf756c6e7d137a68d6d649254f7d4da74fd487777_binance_smart,雷神,雷神,0xf756c6e7d137a68d6d649254f7d4da74fd487777_binance_smart,.png,1000000000,"{""binance_smart"":""0xf756c6e7d137a68d6d649254f7d4da74fd487777""}",18
yAzVpRi4z6s7waMmhDaAi8uVNPoEqUpR2NPnp1Epump_solana,ROBINHOOD,Robinhood Coin,yAzVpRi4z6s7waMmhDaAi8uVNPoEqUpR2NPnp1Epump_solana,rob.png,999459856,"{""solana"":""yAzVpRi4z6s7waMmhDaAi8uVNPoEqUpR2NPnp1Epump""}",18
ZYemUp3SaJieuSdXexgxESqJDdXkgHrx1q9BYjUpump_solana,BEAST,OFFICIAL MrBEAST COIN,ZYemUp3SaJieuSdXexgxESqJDdXkgHrx1q9BYjUpump_solana,bea.png,992612392,"{""solana"":""ZYemUp3SaJieuSdXexgxESqJDdXkgHrx1q9BYjUpump""}",18
0xdb953299588b7a7c38044bcd004b4b1892026333_binance_smart,AiFi,Ai DeFi,0xdb953299588b7a7c38044bcd004b4b1892026333_binance_smart,aif.png,21000000,"{""binance_smart"":""0xdb953299588b7a7c38044bcd004b4b1892026333""}",18
GTBxUiw6wJdmmkCGZgRHLyYxqu1vG4KtRpeox6yDpump_solana,JEANPHIL,Jean Phil,GTBxUiw6wJdmmkCGZgRHLyYxqu1vG4KtRpeox6yDpump_solana,jea.png,1000000000,"{""solana"":""GTBxUiw6wJdmmkCGZgRHLyYxqu1vG4KtRpeox6yDpump""}",18
0x4c18406fa690faa53e5efa899a971557251af72d_polygon-pos,IDL,InfinityDAO,0x4c18406fa690faa53e5efa899a971557251af72d_polygon-pos,0x4c18406fa690faa53e5efa899a971557251af72d_polygon-posCMa.png,19458485,"{""polygon-pos"":""0x4c18406fa690faa53e5efa899a971557251af72d""}",18
FcxpVmkFNsmwyEDKyu9RWsqEa1TsopPF2DinqzZGpump_solana,GTA 6 Coin,GTA6,FcxpVmkFNsmwyEDKyu9RWsqEa1TsopPF2DinqzZGpump_solana,gta.png,978079952,"{""solana"":""FcxpVmkFNsmwyEDKyu9RWsqEa1TsopPF2DinqzZGpump""}",18
0x87359b7d78b03bd81b567bf425263b453c73eeee_x-layer,STARLINK,starlink cat,0x87359b7d78b03bd81b567bf425263b453c73eeee_x-layer,sta.png,1000000000,"{""x-layer"":""0x87359b7d78b03bd81b567bf425263b453c73eeee""}",18
0x3eba984a652e4278a14dcff018125cb0db1c05f6_binance_smart,Q币,Q币,0x3eba984a652e4278a14dcff018125cb0db1c05f6_binance_smart,q.png,900000000000,"{""binance_smart"":""0x3eba984a652e4278a14dcff018125cb0db1c05f6""}",18
Ahe3X5iu7qUkkJUmsZiEGm4LT3tHpYoNTuGoiaG1pump_solana,GTA 6,GTA6 Coin Solana,Ahe3X5iu7qUkkJUmsZiEGm4LT3tHpYoNTuGoiaG1pump_solana,gta.png,995873402,"{""solana"":""Ahe3X5iu7qUkkJUmsZiEGm4LT3tHpYoNTuGoiaG1pump""}",18
cUSLxRksR25SivXe6eKFV1G1SM3QuV1CXXS2H7npump_solana,MrBeast,MrBeast Coin,cUSLxRksR25SivXe6eKFV1G1SM3QuV1CXXS2H7npump_solana,mrb.png,999354305,"{""solana"":""cUSLxRksR25SivXe6eKFV1G1SM3QuV1CXXS2H7npump""}",18
Yq21TXmHSLPRmvMq7YmN6vEjXDi2cXvnbDomvhRpump_solana,MAGACOIN,MAGA Coin,Yq21TXmHSLPRmvMq7YmN6vEjXDi2cXvnbDomvhRpump_solana,mag.png,996878684,"{""solana"":""Yq21TXmHSLPRmvMq7YmN6vEjXDi2cXvnbDomvhRpump""}",18
6qsnrda2Q2KtR6dT1Z1nNA4c7jXrreJfwfkEXU26pump_solana,MarsCoin,MarsCoin,6qsnrda2Q2KtR6dT1Z1nNA4c7jXrreJfwfkEXU26pump_solana,mar.png,996481287,"{""solana"":""6qsnrda2Q2KtR6dT1Z1nNA4c7jXrreJfwfkEXU26pump""}",18
0xc9de0f3e08162312528ff72559db82590b481800_cronos,SOL,SOL,0xc9de0f3e08162312528ff72559db82590b481800_cronos,sol.png,48410,"{""cronos"":""0xc9de0f3e08162312528ff72559db82590b481800""}",18
0x6b145a008f722a46417145bef76a1ed294c3ffff_binance_smart,sirius,sirius,0x6b145a008f722a46417145bef76a1ed294c3ffff_binance_smart,sir.png,1000000000,"{""binance_smart"":""0x6b145a008f722a46417145bef76a1ed294c3ffff""}",18
0xca518ba0ef1fff5cfe8845e347afdfa3519dd0a6_polygon-pos,CAAI,ChatApex AI,0xca518ba0ef1fff5cfe8845e347afdfa3519dd0a6_polygon-pos,caa.png,5626989,"{""polygon-pos"":""0xca518ba0ef1fff5cfe8845e347afdfa3519dd0a6""}",18
BbatKHiLhXTWMGi1ur2vSqCN89XTwHHe9eqcfTGXpump_solana,NTDA,National Trump Digital Accounts,BbatKHiLhXTWMGi1ur2vSqCN89XTwHHe9eqcfTGXpump_solana,ntd.png,996554576,"{""solana"":""BbatKHiLhXTWMGi1ur2vSqCN89XTwHHe9eqcfTGXpump""}",18
0xfae7f370f5f0e65c53beab0a5d71481170588888_binance_smart,ERA,ERA,0xfae7f370f5f0e65c53beab0a5d71481170588888_binance_smart,era.png,210000000,"{""binance_smart"":""0xfae7f370f5f0e65c53beab0a5d71481170588888""}",18
bX45zZDw77r6To2jRzMaxVJp94J2iMzYuWEKZVBpump_solana,XBC,Xpress Bridge Currency,bX45zZDw77r6To2jRzMaxVJp94J2iMzYuWEKZVBpump_solana,xbc.png,999561355,"{""solana"":""bX45zZDw77r6To2jRzMaxVJp94J2iMzYuWEKZVBpump""}",18
dAG7BtFqUkSj5E7GerZy8CsKquGPTMsvy359kYKpump_solana,CATE,Catecoin,dAG7BtFqUkSj5E7GerZy8CsKquGPTMsvy359kYKpump_solana,cat.png,999348898,"{""solana"":""dAG7BtFqUkSj5E7GerZy8CsKquGPTMsvy359kYKpump""}",18
HR2imhxym5TSq4nvUyNa63u3wjpX4FWgEMTHSBQLpump_solana,PONS,PONS,HR2imhxym5TSq4nvUyNa63u3wjpX4FWgEMTHSBQLpump_solana,pon.png,996410288,"{""solana"":""HR2imhxym5TSq4nvUyNa63u3wjpX4FWgEMTHSBQLpump""}",18
0xb9ce0dd29c91e02d4620f57a66700fc5e41d6d15_cronos,XRP,XRP,0xb9ce0dd29c91e02d4620f57a66700fc5e41d6d15_cronos,xrp.png,3790001,"{""cronos"":""0xb9ce0dd29c91e02d4620f57a66700fc5e41d6d15""}",18
8azkp6qLmjxVQmxgLWKR4tBEuEuZQ2wU8DsTaJrspump_solana,WSOS,World Strategic Oil Supply,8azkp6qLmjxVQmxgLWKR4tBEuEuZQ2wU8DsTaJrspump_solana,wso.png,996847667,"{""solana"":""8azkp6qLmjxVQmxgLWKR4tBEuEuZQ2wU8DsTaJrspump""}",18
0x70bf3e2b75d8832d7f790a87fffc1fa9d63dc5bb_x-layer,DOGSHIT,DOGSHIT,0x70bf3e2b75d8832d7f790a87fffc1fa9d63dc5bb_x-layer,dog.png,210000000000,"{""x-layer"":""0x70bf3e2b75d8832d7f790a87fffc1fa9d63dc5bb""}",18
0xee3a657a3c447d58f4c9c0153dd5a07f159ee09f_binance_smart,币安链能飞,币安链能飞,0xee3a657a3c447d58f4c9c0153dd5a07f159ee09f_binance_smart,.png,900000000027,"{""binance_smart"":""0xee3a657a3c447d58f4c9c0153dd5a07f159ee09f""}",18
Qe7Mg7QC6y6qERcmLwwpcJJsz3dYnew29zSe4qkpump_solana,BARRON,Official Barron Trump,Qe7Mg7QC6y6qERcmLwwpcJJsz3dYnew29zSe4qkpump_solana,bar.png,994916248,"{""solana"":""Qe7Mg7QC6y6qERcmLwwpcJJsz3dYnew29zSe4qkpump""}",18
0xadf52088bdabbdd9077a0ed70e18226d75bd8d34_base,SERVER,SERVER github.com/bitwarden/SERVER,0xadf52088bdabbdd9077a0ed70e18226d75bd8d34_base,ser.png,1000000000,"{""base"":""0xadf52088bdabbdd9077a0ed70e18226d75bd8d34""}",18
6h6udY1u5AXQia56N8sp21apbbSBZff388bJsNStpump_solana,Ansemmas,Ansemmas,6h6udY1u5AXQia56N8sp21apbbSBZff388bJsNStpump_solana,ans.png,996478883,"{""solana"":""6h6udY1u5AXQia56N8sp21apbbSBZff388bJsNStpump""}",18
0xadf22f30a03f83ebec9db63a534490028e3838f6_base,JAN,JAN github.com/janhq/JAN,0xadf22f30a03f83ebec9db63a534490028e3838f6_base,jan.png,1000000000,"{""base"":""0xadf22f30a03f83ebec9db63a534490028e3838f6""}",18
UTM3Ub28s6JKWVjcCr2Z4n5cWtdCXnGZq9H3EZ1pump_solana,BARRON,Official Barron Trump,UTM3Ub28s6JKWVjcCr2Z4n5cWtdCXnGZq9H3EZ1pump_solana,bar.png,994803476,"{""solana"":""UTM3Ub28s6JKWVjcCr2Z4n5cWtdCXnGZq9H3EZ1pump""}",18
0x1d80392d12caaaf9e333bb0bb7f021eacf297fe6_binance_smart,pPOLY,Paimon Polymarket SPV Token,0x1d80392d12caaaf9e333bb0bb7f021eacf297fe6_binance_smart,ppo.png,322581,"{""binance_smart"":""0x1d80392d12caaaf9e333bb0bb7f021eacf297fe6""}",18
GH1jp9kVm23gx5CeY8LfLhghyGk3oeytae1qZPbhpump_solana,Robinhood,HOOD,GH1jp9kVm23gx5CeY8LfLhghyGk3oeytae1qZPbhpump_solana,rob.png,999280525,"{""solana"":""GH1jp9kVm23gx5CeY8LfLhghyGk3oeytae1qZPbhpump""}",18
z3tA19ndchhhJwCS78j19b338NCyaC9dQ3azrMtpump_solana,100x,100x Coin,z3tA19ndchhhJwCS78j19b338NCyaC9dQ3azrMtpump_solana,100.png,998899754,"{""solana"":""z3tA19ndchhhJwCS78j19b338NCyaC9dQ3azrMtpump""}",18
GtCToMycmxSbXzLpuQZVvM4QUGV5nHGLfRU3auhVpump_solana,MrBeast,MrBeast Coin,GtCToMycmxSbXzLpuQZVvM4QUGV5nHGLfRU3auhVpump_solana,mrb.png,995165368,"{""solana"":""GtCToMycmxSbXzLpuQZVvM4QUGV5nHGLfRU3auhVpump""}",18
5TQ5psDs5iiEVU3VrrWkX7H8aXXZhQDyuyUkm16epump_solana,MrBeast,MrBeast Coin,5TQ5psDs5iiEVU3VrrWkX7H8aXXZhQDyuyUkm16epump_solana,mrb.png,995173866,"{""solana"":""5TQ5psDs5iiEVU3VrrWkX7H8aXXZhQDyuyUkm16epump""}",18
hd8543JY8sqr8Pk6aamWXzofafeBYERpK1nVMmUpump_solana,MrBeast,MrBeast Coin,hd8543JY8sqr8Pk6aamWXzofafeBYERpK1nVMmUpump_solana,mrb.png,995993238,"{""solana"":""hd8543JY8sqr8Pk6aamWXzofafeBYERpK1nVMmUpump""}",18
0xd7883d6d01453b4fd54541c11d85049d9b78367c_binance_smart,币安资本,币安资本,0xd7883d6d01453b4fd54541c11d85049d9b78367c_binance_smart,.png,9000000000000,"{""binance_smart"":""0xd7883d6d01453b4fd54541c11d85049d9b78367c""}",18
0xb558965915e4191a3450c9d27acd8c3b9ee47777_binance_smart,51X,51吃瓜网官方首发Meme,0xb558965915e4191a3450c9d27acd8c3b9ee47777_binance_smart,51x.png,1000000000,"{""binance_smart"":""0xb558965915e4191a3450c9d27acd8c3b9ee47777""}",18
0x19ef250285b0f632bc17fafa67c7efecf0d3b864_binance_smart,NOBEL,NOBEL,0x19ef250285b0f632bc17fafa67c7efecf0d3b864_binance_smart,nob.png,6666,"{""binance_smart"":""0x19ef250285b0f632bc17fafa67c7efecf0d3b864""}",18
0xadf1cdae27b2f3df38ade6b0e40231b97eceee1c_base,WHISPER,WHISPER github.com/openai/WHISPER,0xadf1cdae27b2f3df38ade6b0e40231b97eceee1c_base,whi.png,1000000000,"{""base"":""0xadf1cdae27b2f3df38ade6b0e40231b97eceee1c""}",18
65BvSxzrvoe7FWp4vjA3gZekxy3osEZFiKLZNhjpump_solana,PUMP,Pump,65BvSxzrvoe7FWp4vjA3gZekxy3osEZFiKLZNhjpump_solana,pum.png,996131525,"{""solana"":""65BvSxzrvoe7FWp4vjA3gZekxy3osEZFiKLZNhjpump""}",18
0x7870cf61ae150f078fbf56810e7577e14ea895e3_binance_smart,中国人能飞,中国人能飞,0x7870cf61ae150f078fbf56810e7577e14ea895e3_binance_smart,.png,9000000000000,"{""binance_smart"":""0x7870cf61ae150f078fbf56810e7577e14ea895e3""}",18
0xadf0753f52c2b4f750f74b9a3ff701b237dc49be_base,REQWEST,REQWEST github.com/seanmonstar/REQWEST,0xadf0753f52c2b4f750f74b9a3ff701b237dc49be_base,req.png,1000000000,"{""base"":""0xadf0753f52c2b4f750f74b9a3ff701b237dc49be""}",18
0x4206931337dc273a630d328da6441786bfad668f_ethereum,DOGE,Dogecoin,0x4206931337dc273a630d328da6441786bfad668f_ethereum,0x4206931337dc273a630d328da6441786bfad668f_ethereumPDd.png,55219805,"{""ethereum"":""0x4206931337dc273a630d328da6441786bfad668f""}",18
0x69032d25f7f89ccdc1519c87e414e514f18e29a3_binance_smart,SKC,SKC,0x69032d25f7f89ccdc1519c87e414e514f18e29a3_binance_smart,skc.png,210000000000,"{""binance_smart"":""0x69032d25f7f89ccdc1519c87e414e514f18e29a3""}",18
0x779a0ae3a81562e87196e4a5c993384678e0fbe5_binance_smart,EPS,Epsilon,0x779a0ae3a81562e87196e4a5c993384678e0fbe5_binance_smart,eps.png,1000000,"{""binance_smart"":""0x779a0ae3a81562e87196e4a5c993384678e0fbe5""}",18
0x3c5cd672b204ba0fc48e93b98c0922920a87912d_base,BSW,Lydia,0x3c5cd672b204ba0fc48e93b98c0922920a87912d_base,bsw.png,10000000,"{""base"":""0x3c5cd672b204ba0fc48e93b98c0922920a87912d""}",18
0xf2179e3ce2c20bd66989bc75a94df19983c22673_binance_smart,OSK,OSK,0xf2179e3ce2c20bd66989bc75a94df19983c22673_binance_smart,osk.png,167549,"{""binance_smart"":""0xf2179e3ce2c20bd66989bc75a94df19983c22673""}",18
0xc9650cba0e9a432f523db5e89d1165e8fe8c7b07_base,boar,boar,0xc9650cba0e9a432f523db5e89d1165e8fe8c7b07_base,boa.png,100000000000,"{""base"":""0xc9650cba0e9a432f523db5e89d1165e8fe8c7b07""}",18
ARu7EhAG3YszUXnzmaiQfLyevzyLumfCgLGUYzJopump_solana,Community,Community Coin,ARu7EhAG3YszUXnzmaiQfLyevzyLumfCgLGUYzJopump_solana,com.png,999119202,"{""solana"":""ARu7EhAG3YszUXnzmaiQfLyevzyLumfCgLGUYzJopump""}",18
0x91499b9a40ce10c04ddfcea1cd4fbea06f390b07_base,Muse,Muse,0x91499b9a40ce10c04ddfcea1cd4fbea06f390b07_base,mus.png,100000000000,"{""base"":""0x91499b9a40ce10c04ddfcea1cd4fbea06f390b07""}",18
jVFLcgPGcDrVt4X7rDVk58DRYP5HWth8WTksujZpump_solana,WSOS,World Strategic Oil Supply,jVFLcgPGcDrVt4X7rDVk58DRYP5HWth8WTksujZpump_solana,wso.png,999266920,"{""solana"":""jVFLcgPGcDrVt4X7rDVk58DRYP5HWth8WTksujZpump""}",18
0xf1070fd43cd11af8da18ff4edfb1a18279cd6f67_base,CAS,Caspius,0xf1070fd43cd11af8da18ff4edfb1a18279cd6f67_base,cas.png,1000000000,"{""base"":""0xf1070fd43cd11af8da18ff4edfb1a18279cd6f67""}",18
EDNXLoCSBmhoHZPPXSdS2y5Ztp5Sydpy5NeDh8Mfpump_solana,ChatGPT-6,OpenAI,EDNXLoCSBmhoHZPPXSdS2y5Ztp5Sydpy5NeDh8Mfpump_solana,cha.png,994791828,"{""solana"":""EDNXLoCSBmhoHZPPXSdS2y5Ztp5Sydpy5NeDh8Mfpump""}",18
DLXQr4ZUFuvAdCkE4Ei9pMPYVdV9kngtmDx7Mb6Hpump_solana,Claude,Claude,DLXQr4ZUFuvAdCkE4Ei9pMPYVdV9kngtmDx7Mb6Hpump_solana,cla.png,996047360,"{""solana"":""DLXQr4ZUFuvAdCkE4Ei9pMPYVdV9kngtmDx7Mb6Hpump""}",18
0xe3be72de42deba561de439a1f458ac9837d6d273_binance_smart,DACT,DAC Quantum Chain,0xe3be72de42deba561de439a1f458ac9837d6d273_binance_smart,dac.png,1000000000,"{""binance_smart"":""0xe3be72de42deba561de439a1f458ac9837d6d273""}",18
0xdb6f1f098b55e36b036603c8e54663a8d907d6e1_binance_smart,BEE,BEE,0xdb6f1f098b55e36b036603c8e54663a8d907d6e1_binance_smart,bee.png,239296303,"{""binance_smart"":""0xdb6f1f098b55e36b036603c8e54663a8d907d6e1""}",18
4N4DnNo3qpPks9aQCkcWkzoir8tnvT6diS4TnnZibonk_solana,KITTY,Hello Kitty,4N4DnNo3qpPks9aQCkcWkzoir8tnvT6diS4TnnZibonk_solana,kit.png,999513087,"{""solana"":""4N4DnNo3qpPks9aQCkcWkzoir8tnvT6diS4TnnZibonk""}",18
7jyGbzZje84AMYDoXeGzcv7j3x5bTck2EcrSsCzpump_solana,Holdoween,Holdoween,7jyGbzZje84AMYDoXeGzcv7j3x5bTck2EcrSsCzpump_solana,hol.png,998832458,"{""solana"":""7jyGbzZje84AMYDoXeGzcv7j3x5bTck2EcrSsCzpump""}",18
Dym73H6r4ztuCo3gKdsDqv16NCexyt19CdRiy2A9pump_solana,GTA6,GTA VI,Dym73H6r4ztuCo3gKdsDqv16NCexyt19CdRiy2A9pump_solana,gta.png,996663923,"{""solana"":""Dym73H6r4ztuCo3gKdsDqv16NCexyt19CdRiy2A9pump""}",18
cewSp1NJDcSgrzEsFfWuoQgarHBeVx2NQ334HJxpump_solana,AORP,American Oil Relief Program,cewSp1NJDcSgrzEsFfWuoQgarHBeVx2NQ334HJxpump_solana,aor.png,999259611,"{""solana"":""cewSp1NJDcSgrzEsFfWuoQgarHBeVx2NQ334HJxpump""}",18
5pM2dWD2qp28ALYDb7ZCi46VwgrcZeoArJyCJaWpump_solana,Claude,Claude,5pM2dWD2qp28ALYDb7ZCi46VwgrcZeoArJyCJaWpump_solana,cla.png,994224751,"{""solana"":""5pM2dWD2qp28ALYDb7ZCi46VwgrcZeoArJyCJaWpump""}",18
0xebe516a20238f79dc20b07ead6768e08891ed309_base,THEO,THEO,0xebe516a20238f79dc20b07ead6768e08891ed309_base,the.png,54366635,"{""base"":""0xebe516a20238f79dc20b07ead6768e08891ed309""}",18
scib8odLL4KtDcCQJnwoBfkwudRwkYcKrkbbiLEpump_solana,EVO,Evorum,scib8odLL4KtDcCQJnwoBfkwudRwkYcKrkbbiLEpump_solana,evo.png,999172125,"{""solana"":""scib8odLL4KtDcCQJnwoBfkwudRwkYcKrkbbiLEpump""}",18
0x76198caaa0e132fb76713fa76dae31fa0c4230bd_binance_smart,WTBC,Wrapped Trust Bitcoin,0x76198caaa0e132fb76713fa76dae31fa0c4230bd_binance_smart,wtb.png,6997,"{""binance_smart"":""0x76198caaa0e132fb76713fa76dae31fa0c4230bd""}",18
0xf1ee5017d5d77d0714a73c19692aad5426d62f79_arc,TOLLY,Tolly,0xf1ee5017d5d77d0714a73c19692aad5426d62f79_arc,tol.png,1000000000,"{""arc"":""0xf1ee5017d5d77d0714a73c19692aad5426d62f79""}",18
FC9azaSAsbk825vD3KieU7eLgLgKHwexF979bfepump_solana,WOTF,World Oil Trust Fund,FC9azaSAsbk825vD3KieU7eLgLgKHwexF979bfepump_solana,wot.png,999454768,"{""solana"":""FC9azaSAsbk825vD3KieU7eLgLgKHwexF979bfepump""}",18
0xadff0b30640d295514bc3159ad725431aadbe788_base,CANVAS-CONFETTI,CANVAS-CONFETTI github.com/catdad/CANVAS-CONFETTI,0xadff0b30640d295514bc3159ad725431aadbe788_base,can.png,1000000000,"{""base"":""0xadff0b30640d295514bc3159ad725431aadbe788""}",18
322kf1dAfyPsR1tStLBvBtQD3mg2gPJLQ9NWNQ6B4BGx_solana,COCKROACH,cockroach,322kf1dAfyPsR1tStLBvBtQD3mg2gPJLQ9NWNQ6B4BGx_solana,coc.png,1000000000,"{""solana"":""322kf1dAfyPsR1tStLBvBtQD3mg2gPJLQ9NWNQ6B4BGx""}",18
0xc9c8050639c4cc0df159e0e47020d6e392191407_binance_smart,MOS,MOS Token,0xc9c8050639c4cc0df159e0e47020d6e392191407_binance_smart,mos.png,932302,"{""binance_smart"":""0xc9c8050639c4cc0df159e0e47020d6e392191407""}",18
XimfBGwFa5UUacvcnvgrhfzR3LsTiAZGEPmq657pump_solana,ATF,ATF,XimfBGwFa5UUacvcnvgrhfzR3LsTiAZGEPmq657pump_solana,atf.png,999278378,"{""solana"":""XimfBGwFa5UUacvcnvgrhfzR3LsTiAZGEPmq657pump""}",18
8THNBiTtfmSKNmVUJbPr9JhwHsZpZyPiYvcRkPYdpump_solana,OpenAI,OpenAI,8THNBiTtfmSKNmVUJbPr9JhwHsZpZyPiYvcRkPYdpump_solana,ope.png,996040883,"{""solana"":""8THNBiTtfmSKNmVUJbPr9JhwHsZpZyPiYvcRkPYdpump""}",18
73oPS4T4LRytzsMykSxseDgsktatW9PvGZDU4MuiaXGX_solana,JASMY,JasmyCoin,73oPS4T4LRytzsMykSxseDgsktatW9PvGZDU4MuiaXGX_solana,jas.png,999999999,"{""solana"":""73oPS4T4LRytzsMykSxseDgsktatW9PvGZDU4MuiaXGX""}",18
yvusdc-0x5f18c75abdae578b483e5f43f12a39cf75b973a9,YVUSDC,Yearn YVUSDC v2,yvusdc-0x5f18c75abdae578b483e5f43f12a39cf75b973a9,yvusdc-0x5f18c75abdae578b483e5f43f12a39cf75b973a9re5.png,4038664.660096,"{""ethereum"":""0x5f18c75abdae578b483e5f43f12a39cf75b973a9""}",18
0x99d11bb9bc5f1ee15a817934f33643dee41026d5_polygon-pos,MEBT,MEBT,0x99d11bb9bc5f1ee15a817934f33643dee41026d5_polygon-pos,0x99d11bb9bc5f1ee15a817934f33643dee41026d5_polygon-posQFR.png,1469600,"{""polygon-pos"":""0x99d11bb9bc5f1ee15a817934f33643dee41026d5""}",18
2GsbPfFTaNWcpVn9Nij44wDdWyZA5EazhYHN5dffGVvY_solana,AXIS,Axis Robotics,2GsbPfFTaNWcpVn9Nij44wDdWyZA5EazhYHN5dffGVvY_solana,axi.png,100000000000,"{""solana"":""2GsbPfFTaNWcpVn9Nij44wDdWyZA5EazhYHN5dffGVvY""}",18
FgfXTYNoykL39omQ8eyZmRuXxTeW8DnDRzDPE3FiBKMD_solana,ZC,zipcoin,FgfXTYNoykL39omQ8eyZmRuXxTeW8DnDRzDPE3FiBKMD_solana,zc.png,999999685,"{""solana"":""FgfXTYNoykL39omQ8eyZmRuXxTeW8DnDRzDPE3FiBKMD""}",18
of48mmTfnvZsAvybX1dPtVHWbMFQbkESw5mL2vYpump_solana,d/acc,Defensive Accelerationism,of48mmTfnvZsAvybX1dPtVHWbMFQbkESw5mL2vYpump_solana,dac.png,991788552,"{""solana"":""of48mmTfnvZsAvybX1dPtVHWbMFQbkESw5mL2vYpump""}",18
6nRpajGA7H5HasYawxj21Ruh88xhorMFW9tdbc94pump_solana,USA250,America 250,6nRpajGA7H5HasYawxj21Ruh88xhorMFW9tdbc94pump_solana,usa.png,997871629,"{""solana"":""6nRpajGA7H5HasYawxj21Ruh88xhorMFW9tdbc94pump""}",18
8t5C4AWDg4CroMChxdo7rG2e8nJM31QG2GG7Czx9X7x2_solana,SNDK,Sand Kitten,8t5C4AWDg4CroMChxdo7rG2e8nJM31QG2GG7Czx9X7x2_solana,snd.png,1000000000,"{""solana"":""8t5C4AWDg4CroMChxdo7rG2e8nJM31QG2GG7Czx9X7x2""}",18
0xbc118beaa1c84c4a404f96349e50285718467777_binance_smart,羊头,羊头→Flap首个托底协议模板,0xbc118beaa1c84c4a404f96349e50285718467777_binance_smart,.png,1000000000,"{""binance_smart"":""0xbc118beaa1c84c4a404f96349e50285718467777""}",18
0x214447e0173a1435829d0cccfdc4f55d7db6ba76_binance_smart,AIdo,AIdo,0x214447e0173a1435829d0cccfdc4f55d7db6ba76_binance_smart,aid.png,21000000,"{""binance_smart"":""0x214447e0173a1435829d0cccfdc4f55d7db6ba76""}",18
0x13920fe6467e9e3c852b8d365a036c995f0f7777_binance_smart,GM,GREEN MORNING,0x13920fe6467e9e3c852b8d365a036c995f0f7777_binance_smart,0x13920fe6467e9e3c852b8d365a036c995f0f7777_binance_smartTec.png,1000000000,"{""binance_smart"":""0x13920fe6467e9e3c852b8d365a036c995f0f7777""}",18
38CqdxjLaZH6Yv4bBEbz1dr1GgctCF23rjbU5qmUYqrq_solana,CT,City Protocol,38CqdxjLaZH6Yv4bBEbz1dr1GgctCF23rjbU5qmUYqrq_solana,ct.png,100000000000,"{""solana"":""38CqdxjLaZH6Yv4bBEbz1dr1GgctCF23rjbU5qmUYqrq""}",18
0xadf4d22a0abe1da8299c83ea227e97566b27fefb_base,GFPGAN,GFPGAN github.com/tencentarc/GFPGAN,0xadf4d22a0abe1da8299c83ea227e97566b27fefb_base,gfp.png,1000000000,"{""base"":""0xadf4d22a0abe1da8299c83ea227e97566b27fefb""}",18
hkKPBbzRqJPy9agMrUv1KuavFkbxzjPjBgm4L4wpump_solana,THEKING,Accelerationism KING,hkKPBbzRqJPy9agMrUv1KuavFkbxzjPjBgm4L4wpump_solana,the.png,999194282,"{""solana"":""hkKPBbzRqJPy9agMrUv1KuavFkbxzjPjBgm4L4wpump""}",18
0xadffee7e64e18d926b55dba71de870187d8f68a8_base,REACT-PDF,REACT-PDF github.com/diegomura/REACT-PDF,0xadffee7e64e18d926b55dba71de870187d8f68a8_base,rea.png,1000000000,"{""base"":""0xadffee7e64e18d926b55dba71de870187d8f68a8""}",18
3Pjh1SpTHQ4TmEf9pA6X7MZmcBDynKoLFA9pA2uFpump_solana,GTA 6 Coin,GTA6,3Pjh1SpTHQ4TmEf9pA6X7MZmcBDynKoLFA9pA2uFpump_solana,gta.png,995235127,"{""solana"":""3Pjh1SpTHQ4TmEf9pA6X7MZmcBDynKoLFA9pA2uFpump""}",18
0x12d6ee75578afa6c5401e39c8a61aecca856515f_binance_smart,NXPRO,NXPRO,0x12d6ee75578afa6c5401e39c8a61aecca856515f_binance_smart,nxp.png,1300000000,"{""binance_smart"":""0x12d6ee75578afa6c5401e39c8a61aecca856515f""}",18
3nm1s5FJxGBgNnF9hppdnNphKwVD15Acvg8ptHqupump_solana,Minecraft,Minecraft,3nm1s5FJxGBgNnF9hppdnNphKwVD15Acvg8ptHqupump_solana,min.png,994907246,"{""solana"":""3nm1s5FJxGBgNnF9hppdnNphKwVD15Acvg8ptHqupump""}",18
CWsyVkoRHbywhL17QtNZTMhXaRrh4AcBb5GurXqmreLS_solana,JUMP,Jumper,CWsyVkoRHbywhL17QtNZTMhXaRrh4AcBb5GurXqmreLS_solana,jum.png,100000000000,"{""solana"":""CWsyVkoRHbywhL17QtNZTMhXaRrh4AcBb5GurXqmreLS""}",18
0xe0ab66985c8d18fba4cbc080024341750e997777_binance_smart,TITAN,TITAN,0xe0ab66985c8d18fba4cbc080024341750e997777_binance_smart,tit.png,1000000000,"{""binance_smart"":""0xe0ab66985c8d18fba4cbc080024341750e997777""}",18
XQvhv6qRSPV2DjYnTCPB8uRKn7qZHyrXsTsHDw7pump_solana,DANGR,Dangote Refinery,XQvhv6qRSPV2DjYnTCPB8uRKn7qZHyrXsTsHDw7pump_solana,dan.png,999241651,"{""solana"":""XQvhv6qRSPV2DjYnTCPB8uRKn7qZHyrXsTsHDw7pump""}",18
0x0422f966bf8e978075a97d47ef4c7efd3563fa51_binance_smart,HBAR,Binance-Peg Hedera,0x0422f966bf8e978075a97d47ef4c7efd3563fa51_binance_smart,hba.png,40800100,"{""binance_smart"":""0x0422f966bf8e978075a97d47ef4c7efd3563fa51""}",18
Fo5SNCBMxyTNtEugmv1e8VYDyevwCKNMpgY2wwsuh1kz_solana,SI,Super Inu,Fo5SNCBMxyTNtEugmv1e8VYDyevwCKNMpgY2wwsuh1kz_solana,si.png,999999932,"{""solana"":""Fo5SNCBMxyTNtEugmv1e8VYDyevwCKNMpgY2wwsuh1kz""}",18
BtsyyhDuNyfWjQg9z4LtWehV1dR8J9KjdMDfABDpump_solana,AROS,American Reserved Oil Supply,BtsyyhDuNyfWjQg9z4LtWehV1dR8J9KjdMDfABDpump_solana,aro.png,999284975,"{""solana"":""BtsyyhDuNyfWjQg9z4LtWehV1dR8J9KjdMDfABDpump""}",18
0xadf361282efcb411886f39c080fedea0007f7f4c_base,PYTEST,PYTEST github.com/pytest-dev/PYTEST,0xadf361282efcb411886f39c080fedea0007f7f4c_base,pyt.png,1000000000,"{""base"":""0xadf361282efcb411886f39c080fedea0007f7f4c""}",18
6_bittensor,SN6,Infinite Games,6_bittensor,sn6.png,5753446,"{""bittensor"":""6""}",18
0x4be35ec329343d7d9f548d42b0f8c17fffe07db4_binance_smart,USDT.z,Tether USD Bridged ZED20,0x4be35ec329343d7d9f548d42b0f8c17fffe07db4_binance_smart,0x4be35ec329343d7d9f548d42b0f8c17fffe07db4_binance_smartNDV.png,27500000000,"{""binance_smart"":""0x4be35ec329343d7d9f548d42b0f8c17fffe07db4""}",18
iHvRL3BooUqiEzeigZHtx2SJ6M5bkbJpiAHg2f8pump_solana,Arrow,Arrow Finance,iHvRL3BooUqiEzeigZHtx2SJ6M5bkbJpiAHg2f8pump_solana,arr.png,999398576,"{""solana"":""iHvRL3BooUqiEzeigZHtx2SJ6M5bkbJpiAHg2f8pump""}",18
4zWNzT8Luxfk7PgyWysqMfmPxpQFyZ7xmzgfKAYGpump_solana,SpaceX,SpaceX,4zWNzT8Luxfk7PgyWysqMfmPxpQFyZ7xmzgfKAYGpump_solana,spa.png,995954820,"{""solana"":""4zWNzT8Luxfk7PgyWysqMfmPxpQFyZ7xmzgfKAYGpump""}",18
7M3gDRgozcumFsiTeXwjB8cYxpg7Q9R7rH7rkw2Fpump_solana,CRIME,Crime onchain,7M3gDRgozcumFsiTeXwjB8cYxpg7Q9R7rH7rkw2Fpump_solana,cri.png,899936635,"{""solana"":""7M3gDRgozcumFsiTeXwjB8cYxpg7Q9R7rH7rkw2Fpump""}",18
0xcc1d84aefe7853aaf0c38cacefd8740cda235134_binance_smart,大红袍,大红袍,0xcc1d84aefe7853aaf0c38cacefd8740cda235134_binance_smart,.png,21000000,"{""binance_smart"":""0xcc1d84aefe7853aaf0c38cacefd8740cda235134""}",18
0x62ae276763000ea7e2af539cc9abfa809cb27777_binance_smart,羊来,羊来,0x62ae276763000ea7e2af539cc9abfa809cb27777_binance_smart,.png,1000000000,"{""binance_smart"":""0x62ae276763000ea7e2af539cc9abfa809cb27777""}",18
0x3766cf12211f2ec589e857b2fe7ed19cf1d7bbf4_ethereum,fwAAVE,Few Wrapped Aave Token,0x3766cf12211f2ec589e857b2fe7ed19cf1d7bbf4_ethereum,fwa.png,22053,"{""ethereum"":""0x3766cf12211f2ec589e857b2fe7ed19cf1d7bbf4""}",18
0x741ad3622d941ff36e653e7b89a3809acbb9ffff_binance_smart,BNBDXS,币安之光,0x741ad3622d941ff36e653e7b89a3809acbb9ffff_binance_smart,bnb.png,1000000000,"{""binance_smart"":""0x741ad3622d941ff36e653e7b89a3809acbb9ffff""}",18
R4D1eKQ6FBfmy23TrqRkhUrjEroJEGeHJnvLsJTpump_solana,REGULARS,regulars,R4D1eKQ6FBfmy23TrqRkhUrjEroJEGeHJnvLsJTpump_solana,reg.png,999174279,"{""solana"":""R4D1eKQ6FBfmy23TrqRkhUrjEroJEGeHJnvLsJTpump""}",18
3w67HTHBF7Q92F9rCikgNsvYS4X7AyVUSGDpsLcMpump_solana,MRBEAST,MrBeast,3w67HTHBF7Q92F9rCikgNsvYS4X7AyVUSGDpsLcMpump_solana,mrb.png,972940850,"{""solana"":""3w67HTHBF7Q92F9rCikgNsvYS4X7AyVUSGDpsLcMpump""}",18
0x1943a30216e25d27a6aeb7829d62e7aafe6fb9c7_binance_smart,fwQQQB,Few Wrapped Invesqo QQQ,0x1943a30216e25d27a6aeb7829d62e7aafe6fb9c7_binance_smart,fwq.png,5279,"{""binance_smart"":""0x1943a30216e25d27a6aeb7829d62e7aafe6fb9c7""}",18
Ax5dAamJPeuaLpFUzs9FdcpoUhHDcxyjPzxCJQidjups_solana,MINI,Minirouter.sh,Ax5dAamJPeuaLpFUzs9FdcpoUhHDcxyjPzxCJQidjups_solana,min.png,1000000000,"{""solana"":""Ax5dAamJPeuaLpFUzs9FdcpoUhHDcxyjPzxCJQidjups""}",18
zo4tbYTT3Uk2pkYGmeXKUyWRN4CH5o4hYU6z7mspump_solana,GOAF,Global Oil Asset Fund,zo4tbYTT3Uk2pkYGmeXKUyWRN4CH5o4hYU6z7mspump_solana,goa.png,999267964,"{""solana"":""zo4tbYTT3Uk2pkYGmeXKUyWRN4CH5o4hYU6z7mspump""}",18
0x6c228dbc67d5bb73aae1522d54afb74778047777_binance_smart,Babydog,宝贝狗,0x6c228dbc67d5bb73aae1522d54afb74778047777_binance_smart,bab.png,1000000000,"{""binance_smart"":""0x6c228dbc67d5bb73aae1522d54afb74778047777""}",18
0xadfad78e22497576efe6a678e7c7926ee8dfe5ec_base,SA-TOKEN,SA-TOKEN github.com/dromara/SA-TOKEN,0xadfad78e22497576efe6a678e7c7926ee8dfe5ec_base,sat.png,1000000000,"{""base"":""0xadfad78e22497576efe6a678e7c7926ee8dfe5ec""}",18
2AudYNuUH44TwW9MFYYCqyPDXQe4bWoo3vHbHA8KQE9y_solana,AKE,AKEDO,2AudYNuUH44TwW9MFYYCqyPDXQe4bWoo3vHbHA8KQE9y_solana,ake.png,999999999,"{""solana"":""2AudYNuUH44TwW9MFYYCqyPDXQe4bWoo3vHbHA8KQE9y""}",18
HDarZ7DPH2q5qNFVF9eAoovJi74b6UkzinGmh2juNwFC_solana,Nintendo,Nintendo,HDarZ7DPH2q5qNFVF9eAoovJi74b6UkzinGmh2juNwFC_solana,nin.png,1000000000,"{""solana"":""HDarZ7DPH2q5qNFVF9eAoovJi74b6UkzinGmh2juNwFC""}",18
0x5b6727f343289bc69ba1e8d6589f0c7d6eafc468_ethereum,fwCOINon,Few Wrapped Coinbase (Ondo Tokenized),0x5b6727f343289bc69ba1e8d6589f0c7d6eafc468_ethereum,fwc.png,21142,"{""ethereum"":""0x5b6727f343289bc69ba1e8d6589f0c7d6eafc468""}",18
0xadfdb1da570f84d0f21b41cd6a40d8155a66948c_base,CHOKIDAR,CHOKIDAR github.com/paulmillr/CHOKIDAR,0xadfdb1da570f84d0f21b41cd6a40d8155a66948c_base,cho.png,1000000000,"{""base"":""0xadfdb1da570f84d0f21b41cd6a40d8155a66948c""}",18
0xb9a1e52f3ed678b01ff5e256fde43f26f9c01ba3_base,HOME,Homebase,0xb9a1e52f3ed678b01ff5e256fde43f26f9c01ba3_base,hom.png,100000000000,"{""base"":""0xb9a1e52f3ed678b01ff5e256fde43f26f9c01ba3""}",18
0xa921267c56b3a57696d6fd7949c9fad0a8e0c177_anubis,A,Bridged A,0xa921267c56b3a57696d6fd7949c9fad0a8e0c177_anubis,a.png,3879424,"{""anubis"":""0xa921267c56b3a57696d6fd7949c9fad0a8e0c177""}",18
0x6567c4cacd97c7b12c0fd4f2fd1f58862def7777_binance_smart,矿泉水,water,0x6567c4cacd97c7b12c0fd4f2fd1f58862def7777_binance_smart,.png,1000000000,"{""binance_smart"":""0x6567c4cacd97c7b12c0fd4f2fd1f58862def7777""}",18
FBRjUrWBsr9Jq2hnrhF9Hc7qiFnyLBUz9xbDhq5Bbkrh_solana,BDAG,BlockDAG Network,FBRjUrWBsr9Jq2hnrhF9Hc7qiFnyLBUz9xbDhq5Bbkrh_solana,bda.png,99999999999,"{""solana"":""FBRjUrWBsr9Jq2hnrhF9Hc7qiFnyLBUz9xbDhq5Bbkrh""}",18
CSRRgTwf9o5KLgguS2M16aEAhV5PUUzfshrAAQ8opump_solana,RETARDIO,RETARDIO,CSRRgTwf9o5KLgguS2M16aEAhV5PUUzfshrAAQ8opump_solana,ret.png,1000000000,"{""solana"":""CSRRgTwf9o5KLgguS2M16aEAhV5PUUzfshrAAQ8opump""}",18
Ud82P4tVz18MjkJEkKY8wXutBxh8BX9KTv9tNWjpump_solana,TRUMP5000,TRUMP5000,Ud82P4tVz18MjkJEkKY8wXutBxh8BX9KTv9tNWjpump_solana,tru.png,996868047,"{""solana"":""Ud82P4tVz18MjkJEkKY8wXutBxh8BX9KTv9tNWjpump""}",18
9pKKVy9Vo9BdbQ1UNfQCxUJMH92RTurDGWoPX5tnpump_solana,MrBeast,MrBeast Coin,9pKKVy9Vo9BdbQ1UNfQCxUJMH92RTurDGWoPX5tnpump_solana,mrb.png,994917543,"{""solana"":""9pKKVy9Vo9BdbQ1UNfQCxUJMH92RTurDGWoPX5tnpump""}",18
0x996409c0702aea856a7ca808edc80a1eff646451_binance_smart,RPO,Alpro RPRO,0x996409c0702aea856a7ca808edc80a1eff646451_binance_smart,rpo.png,10000000000,"{""binance_smart"":""0x996409c0702aea856a7ca808edc80a1eff646451""}",18
cNbENeAaB9CTHzZNWdwaUqrKAeeQXFzzGeKWT4epump_solana,SAI,Sairium,cNbENeAaB9CTHzZNWdwaUqrKAeeQXFzzGeKWT4epump_solana,sai.png,999222074,"{""solana"":""cNbENeAaB9CTHzZNWdwaUqrKAeeQXFzzGeKWT4epump""}",18
CRg3tKntdnGsLRx2HGMTYzcpf7Cz6dCuUjEYKGvbpump_solana,GTA 6 Coin,GTA6,CRg3tKntdnGsLRx2HGMTYzcpf7Cz6dCuUjEYKGvbpump_solana,gta.png,997628294,"{""solana"":""CRg3tKntdnGsLRx2HGMTYzcpf7Cz6dCuUjEYKGvbpump""}",18
0x41147a7f0565c0bf298e4cf5c5d58b23fb1f8f4c_arbitrum-one,ELTCS,Elastics,0x41147a7f0565c0bf298e4cf5c5d58b23fb1f8f4c_arbitrum-one,elt.png,100000000,"{""arbitrum-one"":""0x41147a7f0565c0bf298e4cf5c5d58b23fb1f8f4c""}",18
0x6030aa9a37fa94dd96e09209ef2a4fd859d54444_binance_smart,MODA,MODA,0x6030aa9a37fa94dd96e09209ef2a4fd859d54444_binance_smart,0x6030aa9a37fa94dd96e09209ef2a4fd859d54444_binance_smartZaa.png,1000000000,"{""binance_smart"":""0x6030aa9a37fa94dd96e09209ef2a4fd859d54444""}",18
bRwgPi7vKjn4uabXwBu43UYS8yAiQLuWigfyVjBpump_solana,INSTA,insta.fan,bRwgPi7vKjn4uabXwBu43UYS8yAiQLuWigfyVjBpump_solana,ins.png,995772913,"{""solana"":""bRwgPi7vKjn4uabXwBu43UYS8yAiQLuWigfyVjBpump""}",18
5GHThMhzDimJADXTps9JRnGEmgQSqNhQkWjdquGbpump_solana,OpenAI,OpenAI,5GHThMhzDimJADXTps9JRnGEmgQSqNhQkWjdquGbpump_solana,ope.png,996143817,"{""solana"":""5GHThMhzDimJADXTps9JRnGEmgQSqNhQkWjdquGbpump""}",18
CHyPGNd9d7enSG9MiFfbLaYN7PcP8Z7V4Jp2RH73pump_solana,GTA 6 Coin,GTA6,CHyPGNd9d7enSG9MiFfbLaYN7PcP8Z7V4Jp2RH73pump_solana,gta.png,995312503,"{""solana"":""CHyPGNd9d7enSG9MiFfbLaYN7PcP8Z7V4Jp2RH73pump""}",18
0xd9d12f43918363cea1c0b62d16f1f81b8eae91e0_polygon-pos,AURA,Auralith,0xd9d12f43918363cea1c0b62d16f1f81b8eae91e0_polygon-pos,aur.png,9731344,"{""polygon-pos"":""0xd9d12f43918363cea1c0b62d16f1f81b8eae91e0""}",18
0xf465ba490f05dbd6f9b1e21f1b1ffb78fb627777_binance_smart,Bull Coin,Bull Coin,0xf465ba490f05dbd6f9b1e21f1b1ffb78fb627777_binance_smart,bul.png,1000000000,"{""binance_smart"":""0xf465ba490f05dbd6f9b1e21f1b1ffb78fb627777""}",18
ZSg34KeCm3BwAhGQJ3sS6YjNVd69h65PZEhDcpHpump_solana,USTD,United States Tariff Dividend,ZSg34KeCm3BwAhGQJ3sS6YjNVd69h65PZEhDcpHpump_solana,ust.png,998970624,"{""solana"":""ZSg34KeCm3BwAhGQJ3sS6YjNVd69h65PZEhDcpHpump""}",18
9a8PquAAAoo51TABtasHSXMbm3CPSRnkxZfn6F8Dpump_solana,MINESTOCK,MINESTOCK,9a8PquAAAoo51TABtasHSXMbm3CPSRnkxZfn6F8Dpump_solana,min.png,999365835,"{""solana"":""9a8PquAAAoo51TABtasHSXMbm3CPSRnkxZfn6F8Dpump""}",18
HaUvojyBE24AUAqUafcpsrHY8QsDpMhxXCMnxoDHzk6C_solana,Encycloped,Encyclopedia Cosmologica,HaUvojyBE24AUAqUafcpsrHY8QsDpMhxXCMnxoDHzk6C_solana,enc.png,999999807,"{""solana"":""HaUvojyBE24AUAqUafcpsrHY8QsDpMhxXCMnxoDHzk6C""}",18
0xfd29a71163b09dc0235331b55105095f84f87777_binance_smart,躺赢,躺赢,0xfd29a71163b09dc0235331b55105095f84f87777_binance_smart,.png,1000000000,"{""binance_smart"":""0xfd29a71163b09dc0235331b55105095f84f87777""}",18
5iUHt6dc2EevP2d3vAR1RiX2ixsMBodty3xpYuJtpump_solana,GTA 6 Coin,GTA6,5iUHt6dc2EevP2d3vAR1RiX2ixsMBodty3xpYuJtpump_solana,gta.png,995350574,"{""solana"":""5iUHt6dc2EevP2d3vAR1RiX2ixsMBodty3xpYuJtpump""}",18
0xadfccc35f42435fe1bb907db65c8e6b66fcf6eee_base,PYSCRIPT,PYSCRIPT github.com/pyscript/PYSCRIPT,0xadfccc35f42435fe1bb907db65c8e6b66fcf6eee_base,pys.png,1000000000,"{""base"":""0xadfccc35f42435fe1bb907db65c8e6b66fcf6eee""}",18
0x281e82d3437c4d67cd2ef29d687633b4b77ce9e4_robinhood,swordcat,cat wif sword,0x281e82d3437c4d67cd2ef29d687633b4b77ce9e4_robinhood,swo.png,1000000000,"{""robinhood"":""0x281e82d3437c4d67cd2ef29d687633b4b77ce9e4""}",18
FistYrwYZW1fcyxDhc2c6spq4MTEtYXCbg44ZYhkiJmz_solana,GM,GREEN MORNING,FistYrwYZW1fcyxDhc2c6spq4MTEtYXCbg44ZYhkiJmz_solana,gm.png,1000000001,"{""solana"":""FistYrwYZW1fcyxDhc2c6spq4MTEtYXCbg44ZYhkiJmz""}",18
EprCL3UMk9wABAM2A6ZNfhwfpmpJS8BweVDxPPPfpump_solana,MrBeast,MrBeast Coin,EprCL3UMk9wABAM2A6ZNfhwfpmpJS8BweVDxPPPfpump_solana,mrb.png,996613837,"{""solana"":""EprCL3UMk9wABAM2A6ZNfhwfpmpJS8BweVDxPPPfpump""}",18
0x0ff9072a1ead154d92c2d2fef16afba6028ce2b2_robinhood,OPTIMUS,Optimus,0x0ff9072a1ead154d92c2d2fef16afba6028ce2b2_robinhood,0x0ff9072a1ead154d92c2d2fef16afba6028ce2b2_robinhoodxfk.png,1000000000,"{""robinhood"":""0x0ff9072a1ead154d92c2d2fef16afba6028ce2b2""}",18
AFQ2ZXyAhhz2Qgy9w6rrdbXruyeKdVfhysjdWxuypump_solana,UDR,UNITED DIVIDEND RESERVE,AFQ2ZXyAhhz2Qgy9w6rrdbXruyeKdVfhysjdWxuypump_solana,udr.png,983427788,"{""solana"":""AFQ2ZXyAhhz2Qgy9w6rrdbXruyeKdVfhysjdWxuypump""}",18
0x8321fdc811c5605ff411ee8ab008433fe0545d99_binance_smart,Rocket,Rocket,0x8321fdc811c5605ff411ee8ab008433fe0545d99_binance_smart,roc.png,100000000000,"{""binance_smart"":""0x8321fdc811c5605ff411ee8ab008433fe0545d99""}",18
BTANMZotmTU6oP39oSh4wcomeDnT1jhoGWLcdCh6pump_solana,MrBeast,MrBeast Coin,BTANMZotmTU6oP39oSh4wcomeDnT1jhoGWLcdCh6pump_solana,mrb.png,995226740,"{""solana"":""BTANMZotmTU6oP39oSh4wcomeDnT1jhoGWLcdCh6pump""}",18
0x79fe47d95b9f4d0dcdc68d3ca453ce89cb0913ff_robinhood,DUCAT,Ducat,0x79fe47d95b9f4d0dcdc68d3ca453ce89cb0913ff_robinhood,duc.png,1000000000,"{""robinhood"":""0x79fe47d95b9f4d0dcdc68d3ca453ce89cb0913ff""}",18
SNsQuFSt929byLKNgxcVnV6wbssd3ZSDSVzDjDFpump_solana,AMC,A MEME COIN,SNsQuFSt929byLKNgxcVnV6wbssd3ZSDSVzDjDFpump_solana,amc.png,994705605,"{""solana"":""SNsQuFSt929byLKNgxcVnV6wbssd3ZSDSVzDjDFpump""}",18
0x22c2267df0e522fdffcf6d6ab65d953e67b6af1b_binance_smart,币安协议,币安协议,0x22c2267df0e522fdffcf6d6ab65d953e67b6af1b_binance_smart,.png,1000000000000,"{""binance_smart"":""0x22c2267df0e522fdffcf6d6ab65d953e67b6af1b""}",18
0xadf27b9539ef122f4f5a03e5b07ec95b8f734fe0_base,ANDRORAT,ANDRORAT github.com/karma9874/ANDRORAT,0xadf27b9539ef122f4f5a03e5b07ec95b8f734fe0_base,and.png,1000000000,"{""base"":""0xadf27b9539ef122f4f5a03e5b07ec95b8f734fe0""}",18
4mS5JinFf5f1GCr5K2MRLgQiu95ifd4X763Uhj2Ypump_solana,UDR,UNITED DIVIDEND RESERVE,4mS5JinFf5f1GCr5K2MRLgQiu95ifd4X763Uhj2Ypump_solana,udr.png,998325572,"{""solana"":""4mS5JinFf5f1GCr5K2MRLgQiu95ifd4X763Uhj2Ypump""}",18
0x26bfefbad1bc1f6979ad92e544171f0b600c8888_binance_smart,钻石,钻石,0x26bfefbad1bc1f6979ad92e544171f0b600c8888_binance_smart,.png,1000000000,"{""binance_smart"":""0x26bfefbad1bc1f6979ad92e544171f0b600c8888""}",18
RU2vqydWChKqLw8XvqYHVknBb8gjZ7EM7LyzWwMpump_solana,BARRON TRU,BARRON TRUMP,RU2vqydWChKqLw8XvqYHVknBb8gjZ7EM7LyzWwMpump_solana,bar.png,994665639,"{""solana"":""RU2vqydWChKqLw8XvqYHVknBb8gjZ7EM7LyzWwMpump""}",18
0xbf1fdc20fbe85c3a58e0124e242662a1952293f9_arc,PP,Peach People,0xbf1fdc20fbe85c3a58e0124e242662a1952293f9_arc,pp.png,1000000000,"{""arc"":""0xbf1fdc20fbe85c3a58e0124e242662a1952293f9""}",18
CXftqTcKJ2L528AmUcJBKAfChum34ViLTYx9GGh4pump_solana,MetaMuse,MetaMuse,CXftqTcKJ2L528AmUcJBKAfChum34ViLTYx9GGh4pump_solana,met.png,995377428,"{""solana"":""CXftqTcKJ2L528AmUcJBKAfChum34ViLTYx9GGh4pump""}",18
Z5VkHyd13egwhqcRGwWgHGacVApXVa4hvN3zrvjpump_solana,ConConAI,ConConAI,Z5VkHyd13egwhqcRGwWgHGacVApXVa4hvN3zrvjpump_solana,con.png,999109465,"{""solana"":""Z5VkHyd13egwhqcRGwWgHGacVApXVa4hvN3zrvjpump""}",18
Yu7maiN1tYCiZ7Gd1tHKJHmJBxAWoUQPHwpHDirpump_solana,Beast,MrBeast,Yu7maiN1tYCiZ7Gd1tHKJHmJBxAWoUQPHwpHDirpump_solana,bea.png,994760327,"{""solana"":""Yu7maiN1tYCiZ7Gd1tHKJHmJBxAWoUQPHwpHDirpump""}",18
J7x22apXmzcyqLcuQ8SPu8ScGMoJo4AQhQgAcL9bmoNM_solana,JUMP,Jumper,J7x22apXmzcyqLcuQ8SPu8ScGMoJo4AQhQgAcL9bmoNM_solana,jum.png,100000000000,"{""solana"":""J7x22apXmzcyqLcuQ8SPu8ScGMoJo4AQhQgAcL9bmoNM""}",18
0x81cf4e1ac4c3f076197d609c6bb607a916f0fb07_base,中国人能飞,中国人能飞火箭,0x81cf4e1ac4c3f076197d609c6bb607a916f0fb07_base,.png,100000000000,"{""base"":""0x81cf4e1ac4c3f076197d609c6bb607a916f0fb07""}",18
HTmQz7My6MehV7bjhJ6jde8nDND1yvsz68d24LP7YgUQ_solana,GP,RuneScape Gold,HTmQz7My6MehV7bjhJ6jde8nDND1yvsz68d24LP7YgUQ_solana,gp.png,1000000000,"{""solana"":""HTmQz7My6MehV7bjhJ6jde8nDND1yvsz68d24LP7YgUQ""}",18
8NKftrY5p8pnD8gNxQ7jUxZsuwTs1oqtxj9fQn9rpump_solana,MrBeast,MrBeast Coin,8NKftrY5p8pnD8gNxQ7jUxZsuwTs1oqtxj9fQn9rpump_solana,mrb.png,996201930,"{""solana"":""8NKftrY5p8pnD8gNxQ7jUxZsuwTs1oqtxj9fQn9rpump""}",18
eth_ankrcrv_0xaa17a236f2badc98ddc0cf999abb47d47fc0a6cf,ankrCrv,Curve aETH Pool,eth_ankrcrv_0xaa17a236f2badc98ddc0cf999abb47d47fc0a6cf,ank.png,1306.6924994128744,"{""ethereum"":""0xaa17a236f2badc98ddc0cf999abb47d47fc0a6cf""}",18
uFBoo8UNpsbEo17EnUbyXJdUeADCnSu5USCL6nmpump_solana,TRUMPx,TRUMPx,uFBoo8UNpsbEo17EnUbyXJdUeADCnSu5USCL6nmpump_solana,tru.png,994413228,"{""solana"":""uFBoo8UNpsbEo17EnUbyXJdUeADCnSu5USCL6nmpump""}",18
0xe1ed729ead2f59dbf643e011b606335f03fc5606_binance_smart,TFI,TreFi,0xe1ed729ead2f59dbf643e011b606335f03fc5606_binance_smart,tfi.png,18235873,"{""binance_smart"":""0xe1ed729ead2f59dbf643e011b606335f03fc5606""}",18
fe4rieSDg8hrRoCAUeq56wefzgquV3M61XbGRcPpump_solana,GTA 6 Coin,GTA6,fe4rieSDg8hrRoCAUeq56wefzgquV3M61XbGRcPpump_solana,gta.png,994996895,"{""solana"":""fe4rieSDg8hrRoCAUeq56wefzgquV3M61XbGRcPpump""}",18
g5HcfeC8ZFpcndFXagrFb7ioG9CcRWDigSNgmhBpump_solana,GTA 6 Coin,GTA6,g5HcfeC8ZFpcndFXagrFb7ioG9CcRWDigSNgmhBpump_solana,gta.png,994587097,"{""solana"":""g5HcfeC8ZFpcndFXagrFb7ioG9CcRWDigSNgmhBpump""}",18
0x70f2eadf1ca1969ff42b0c78e9da519e8937cbaf_binance_smart,EDGE,Edge,0x70f2eadf1ca1969ff42b0c78e9da519e8937cbaf_binance_smart,edg.png,6819465,"{""binance_smart"":""0x70f2eadf1ca1969ff42b0c78e9da519e8937cbaf""}",18
0xce385bfe3c0702c72542f2bdc161245128187777_binance_smart,SI,Super Inu,0xce385bfe3c0702c72542f2bdc161245128187777_binance_smart,si.png,1000000000,"{""binance_smart"":""0xce385bfe3c0702c72542f2bdc161245128187777""}",18
2Vt5vwcSbJySAkbmWaD5DBLRoCq3B4GeAPCtBw6duAjc_solana,Tesla,Tesla,2Vt5vwcSbJySAkbmWaD5DBLRoCq3B4GeAPCtBw6duAjc_solana,tes.png,995128318,"{""solana"":""2Vt5vwcSbJySAkbmWaD5DBLRoCq3B4GeAPCtBw6duAjc""}",18
saoJ912scgZTR4dGjDFqNMv2sHqLGip1SiEHMBmp9Gq_solana,PEXRA,PexraFun,saoJ912scgZTR4dGjDFqNMv2sHqLGip1SiEHMBmp9Gq_solana,pex.png,999999926,"{""solana"":""saoJ912scgZTR4dGjDFqNMv2sHqLGip1SiEHMBmp9Gq""}",18
Bbi9wUEDhqjC9dxA7nCQXrvEwvLaf3x8voCrjisPpmji_solana,AXIS,Axis Robotics,Bbi9wUEDhqjC9dxA7nCQXrvEwvLaf3x8voCrjisPpmji_solana,axi.png,100000000000,"{""solana"":""Bbi9wUEDhqjC9dxA7nCQXrvEwvLaf3x8voCrjisPpmji""}",18
Hp6sX5xLpCLWC85pBXU6Kj2uSrc2fkW2sYY8o4Ypevt1_solana,BMW,BMW Coin,Hp6sX5xLpCLWC85pBXU6Kj2uSrc2fkW2sYY8o4Ypevt1_solana,bmw.png,995071968,"{""solana"":""Hp6sX5xLpCLWC85pBXU6Kj2uSrc2fkW2sYY8o4Ypevt1""}",18
9fJAWKQpkY93hfuZxrHfh5wEh2AV9vjkWNQfzfbziHd2_solana,PUMPE,Pumpkin Pepe,9fJAWKQpkY93hfuZxrHfh5wEh2AV9vjkWNQfzfbziHd2_solana,pum.png,1000000000,"{""solana"":""9fJAWKQpkY93hfuZxrHfh5wEh2AV9vjkWNQfzfbziHd2""}",18
0xf81afef268aca40717e0adcae7c41514327cfaab_arc,FAZE,Faze,0xf81afef268aca40717e0adcae7c41514327cfaab_arc,faz.png,1000000000,"{""arc"":""0xf81afef268aca40717e0adcae7c41514327cfaab""}",18
0x79eca93c7cb2fd682586986c5e499ccd0897626a_robinhood,MEME,A Meme Coin,0x79eca93c7cb2fd682586986c5e499ccd0897626a_robinhood,mem.png,1000000000,"{""robinhood"":""0x79eca93c7cb2fd682586986c5e499ccd0897626a""}",18
yVN5eHMMhKBchTUELDibuxjzzN84MiRQ61iSEBRpump_solana,GTA 6 Coin,GTA6,yVN5eHMMhKBchTUELDibuxjzzN84MiRQ61iSEBRpump_solana,gta.png,994751305,"{""solana"":""yVN5eHMMhKBchTUELDibuxjzzN84MiRQ61iSEBRpump""}",18
G7k8YPnJL6jKmA1H5Pt9sPLXhcd6YXjexHgmRQ4zpump_solana,TOKEN2049,TOKEN2049,G7k8YPnJL6jKmA1H5Pt9sPLXhcd6YXjexHgmRQ4zpump_solana,tok.png,986074328,"{""solana"":""G7k8YPnJL6jKmA1H5Pt9sPLXhcd6YXjexHgmRQ4zpump""}",18
0xadf0bed4f5f90354ba5bd0a9b05d50029eb30cf5_base,ANT-DESIGN,ANT-DESIGN github.com/ant-design/ANT-DESIGN,0xadf0bed4f5f90354ba5bd0a9b05d50029eb30cf5_base,ant.png,1000000000,"{""base"":""0xadf0bed4f5f90354ba5bd0a9b05d50029eb30cf5""}",18
sP38YWRCGt4XNNwbwvHdK8kYcbMSkv87nw9SGkDpump_solana,RICH,RICH OFF GTA 6,sP38YWRCGt4XNNwbwvHdK8kYcbMSkv87nw9SGkDpump_solana,ric.png,999025409,"{""solana"":""sP38YWRCGt4XNNwbwvHdK8kYcbMSkv87nw9SGkDpump""}",18
0xb7626098b26172c26d29f3d0da8c2773684a256c_binance_smart,杠杆美光,杠杆美光科技,0xb7626098b26172c26d29f3d0da8c2773684a256c_binance_smart,.png,1000000000000,"{""binance_smart"":""0xb7626098b26172c26d29f3d0da8c2773684a256c""}",18
n1Y1Rb21sfRgSdMq5BURR4rWVySghQ7Nhf7kpAYpump_solana,GTA 6 Coin,GTA6,n1Y1Rb21sfRgSdMq5BURR4rWVySghQ7Nhf7kpAYpump_solana,gta.png,995030421,"{""solana"":""n1Y1Rb21sfRgSdMq5BURR4rWVySghQ7Nhf7kpAYpump""}",18
Gh1a4SpFtW2Gg5LvQmV732Np4bXCMg3TcoE8d1pgevC8_solana,AXIS,Axis Robotics,Gh1a4SpFtW2Gg5LvQmV732Np4bXCMg3TcoE8d1pgevC8_solana,axi.png,100000000000,"{""solana"":""Gh1a4SpFtW2Gg5LvQmV732Np4bXCMg3TcoE8d1pgevC8""}",18
rxczFZFvzksquCazjtv9vtEBYW7q4SwiqXkzBcw8NFW_solana,NFW,NFW,rxczFZFvzksquCazjtv9vtEBYW7q4SwiqXkzBcw8NFW_solana,nfw.png,1000000000,"{""solana"":""rxczFZFvzksquCazjtv9vtEBYW7q4SwiqXkzBcw8NFW""}",18
EicWvteVi2fWepEzS3FYWsnuPoP6caZfjnKqNvydLjCH_solana,LIT,Lighter,EicWvteVi2fWepEzS3FYWsnuPoP6caZfjnKqNvydLjCH_solana,lit.png,857382,"{""solana"":""EicWvteVi2fWepEzS3FYWsnuPoP6caZfjnKqNvydLjCH""}",18
0x59cd31a3607055e6e2d635f6c17a59d789a17777_binance_smart,招财猫,全新托底+销毁分红+强大生态,0x59cd31a3607055e6e2d635f6c17a59d789a17777_binance_smart,.png,1000000000,"{""binance_smart"":""0x59cd31a3607055e6e2d635f6c17a59d789a17777""}",18
101_bittensor,SN101,Unknown,101_bittensor,sn1.png,2582266,"{""bittensor"":""101""}",18
9nCNxguyDMjtYwuUXyo3o6rvTnqvWn68v9L2BmMopump_solana,GTA 6,GTA6 Coin Solana,9nCNxguyDMjtYwuUXyo3o6rvTnqvWn68v9L2BmMopump_solana,gta.png,995483829,"{""solana"":""9nCNxguyDMjtYwuUXyo3o6rvTnqvWn68v9L2BmMopump""}",18
0xccfb3e8b1772bd3a9fc62deaf75127adad597777_binance_smart,苹果人生,苹果人生,0xccfb3e8b1772bd3a9fc62deaf75127adad597777_binance_smart,.png,1000000000,"{""binance_smart"":""0xccfb3e8b1772bd3a9fc62deaf75127adad597777""}",18
4SoQ8UkWfeDH47T56PA53CZCeW4KytYCiU65CwBWoJUt_solana,MNT,Mantle,4SoQ8UkWfeDH47T56PA53CZCeW4KytYCiU65CwBWoJUt_solana,mnt.png,4734274,"{""solana"":""4SoQ8UkWfeDH47T56PA53CZCeW4KytYCiU65CwBWoJUt""}",18
Dvg2qppV1P24Ab2rzuMd8ARpYcr8V7V9Ey4KjC69mB1V_solana,CT,City Protocol,Dvg2qppV1P24Ab2rzuMd8ARpYcr8V7V9Ey4KjC69mB1V_solana,ct.png,100000000000,"{""solana"":""Dvg2qppV1P24Ab2rzuMd8ARpYcr8V7V9Ey4KjC69mB1V""}",18
6sXzcNzDk8x4Atcee6vv25iw5bLyg8mLJRtVhwM8Kgan_solana,LUCKY99,LUCKY99,6sXzcNzDk8x4Atcee6vv25iw5bLyg8mLJRtVhwM8Kgan_solana,luc.png,1000000000,"{""solana"":""6sXzcNzDk8x4Atcee6vv25iw5bLyg8mLJRtVhwM8Kgan""}",18
0xed6a144a9b4269f4474d2cb042db78c1c0711092_robinhood,TSUKI,TSUKI,0xed6a144a9b4269f4474d2cb042db78c1c0711092_robinhood,tsu.png,1000000000,"{""robinhood"":""0xed6a144a9b4269f4474d2cb042db78c1c0711092""}",18
DLGRpmkMGr7J4KD1xR5x2XjaGeQH64PLFQkyxNNSpump_solana,TCG,The Collector Group,DLGRpmkMGr7J4KD1xR5x2XjaGeQH64PLFQkyxNNSpump_solana,tcg.png,1000000000,"{""solana"":""DLGRpmkMGr7J4KD1xR5x2XjaGeQH64PLFQkyxNNSpump""}",18
dJD8jNeCnq2kYkZPbJSdbRHAV9gNGnmpGJzQGarpump_solana,HOOD,Robinhood,dJD8jNeCnq2kYkZPbJSdbRHAV9gNGnmpGJzQGarpump_solana,hoo.png,995817540,"{""solana"":""dJD8jNeCnq2kYkZPbJSdbRHAV9gNGnmpGJzQGarpump""}",18
0xadfb57b5153c752b87512a3a0255085b95ec21b5_base,ITCHAT,ITCHAT github.com/littlecodersh/ITCHAT,0xadfb57b5153c752b87512a3a0255085b95ec21b5_base,itc.png,1000000000,"{""base"":""0xadfb57b5153c752b87512a3a0255085b95ec21b5""}",18
DU1cDyferBdWDtGcWTfFNF1668R7nWAWQUKDCLDbFobe_solana,Louis Vitn,Louis Vuitton,DU1cDyferBdWDtGcWTfFNF1668R7nWAWQUKDCLDbFobe_solana,lou.png,994762728,"{""solana"":""DU1cDyferBdWDtGcWTfFNF1668R7nWAWQUKDCLDbFobe""}",18
0x923cbbe402ab9adb85fbe04edad056dc35447777_binance_smart,CZ,CZ,0x923cbbe402ab9adb85fbe04edad056dc35447777_binance_smart,cz.png,1000000000,"{""binance_smart"":""0x923cbbe402ab9adb85fbe04edad056dc35447777""}",18
457d4dJsbDBowCphtVmKH7JiJWhsRaw9nG76GrBKpump_solana,NVIDIA,NVIDIA,457d4dJsbDBowCphtVmKH7JiJWhsRaw9nG76GrBKpump_solana,nvi.png,995615997,"{""solana"":""457d4dJsbDBowCphtVmKH7JiJWhsRaw9nG76GrBKpump""}",18
0x526b322fb720ae9065f310b691b787e2c226bdee_robinhood,VRAX,Commander Vrax,0x526b322fb720ae9065f310b691b787e2c226bdee_robinhood,vra.png,1000000000,"{""robinhood"":""0x526b322fb720ae9065f310b691b787e2c226bdee""}",18
59ghWWYRg8wrWLkTPkt2G1CE3WUpxZZ1G5PPdZdwpump_solana,MrBeast,MrBeast Coin,59ghWWYRg8wrWLkTPkt2G1CE3WUpxZZ1G5PPdZdwpump_solana,mrb.png,994962589,"{""solana"":""59ghWWYRg8wrWLkTPkt2G1CE3WUpxZZ1G5PPdZdwpump""}",18
FA7X2YG4q6L5nAZbWjyc8X5auG27uGpYgGwPBBx5pump_solana,Newscum,Gevin Newscum,FA7X2YG4q6L5nAZbWjyc8X5auG27uGpYgGwPBBx5pump_solana,new.png,991572886,"{""solana"":""FA7X2YG4q6L5nAZbWjyc8X5auG27uGpYgGwPBBx5pump""}",18
Gh7RHpfvzubiz1SevSxHQosa75vv8zfdWf7niGQxTLAb_solana,JUMP,Jumper,Gh7RHpfvzubiz1SevSxHQosa75vv8zfdWf7niGQxTLAb_solana,jum.png,100000000000,"{""solana"":""Gh7RHpfvzubiz1SevSxHQosa75vv8zfdWf7niGQxTLAb""}",18
2NaqUyHPkULiHg6TKfwuZnvrh678tUHqqTvkazjPpump_solana,JEANPHIL,Jean Phil,2NaqUyHPkULiHg6TKfwuZnvrh678tUHqqTvkazjPpump_solana,jea.png,999684443,"{""solana"":""2NaqUyHPkULiHg6TKfwuZnvrh678tUHqqTvkazjPpump""}",18
0xf646056792b97d58b04ff71dc771c506bd9f5344_ethereum,CHAIN,Chainalysis,0xf646056792b97d58b04ff71dc771c506bd9f5344_ethereum,cha.png,100000000,"{""ethereum"":""0xf646056792b97d58b04ff71dc771c506bd9f5344""}",18
5Dbr3BDnbc9fMEEdT49d8X1XyzkR61C9hFSVAqB3pump_solana,adidas,adidas,5Dbr3BDnbc9fMEEdT49d8X1XyzkR61C9hFSVAqB3pump_solana,adi.png,995502509,"{""solana"":""5Dbr3BDnbc9fMEEdT49d8X1XyzkR61C9hFSVAqB3pump""}",18
3Dgwn5E7H5a8k6iGrz3qirkaJqUaJrKHEZ2xPcLRpump_solana,knightcat,Knight Cat,3Dgwn5E7H5a8k6iGrz3qirkaJqUaJrKHEZ2xPcLRpump_solana,kni.png,1000000000,"{""solana"":""3Dgwn5E7H5a8k6iGrz3qirkaJqUaJrKHEZ2xPcLRpump""}",18
D7uneejj16Wehftz7uUK9uqeWisWgaYwsscu2EF8a7EN_solana,CWD,Clashworld,D7uneejj16Wehftz7uUK9uqeWisWgaYwsscu2EF8a7EN_solana,cwd.png,1000000000,"{""solana"":""D7uneejj16Wehftz7uUK9uqeWisWgaYwsscu2EF8a7EN""}",18
0xeacad6c99965cde0f31513dd72de79fa24610767_binance_smart,MSC,MetaSwap,0xeacad6c99965cde0f31513dd72de79fa24610767_binance_smart,msc.png,100000,"{""binance_smart"":""0xeacad6c99965cde0f31513dd72de79fa24610767""}",18
0x78f6b58b27cba5648ad1cd04de2d918c0d8c91b0_robinhood,MARTIANS,TheMarsSociety,0x78f6b58b27cba5648ad1cd04de2d918c0d8c91b0_robinhood,mar.png,1000000000,"{""robinhood"":""0x78f6b58b27cba5648ad1cd04de2d918c0d8c91b0""}",18
ZfC1L7GE8n645Txp2VxSBSBh8ueiF4qnPQxmBHApump_solana,POKEMON,Pokemon,ZfC1L7GE8n645Txp2VxSBSBh8ueiF4qnPQxmBHApump_solana,pok.png,998145726,"{""solana"":""ZfC1L7GE8n645Txp2VxSBSBh8ueiF4qnPQxmBHApump""}",18
0x47accd13264d8f954105256faac8376ce6a55999_ethereum,SEND,send,0x47accd13264d8f954105256faac8376ce6a55999_ethereum,0x47accd13264d8f954105256faac8376ce6a55999_ethereumc0y.png,1000000000,"{""ethereum"":""0x47accd13264d8f954105256faac8376ce6a55999""}",18
eNBcJZ2yWFs45326ifVxaHWtszPTwCdmgHzH2pTpump_solana,ECTF,E-Commerce Trust Fund,eNBcJZ2yWFs45326ifVxaHWtszPTwCdmgHzH2pTpump_solana,ect.png,999974455,"{""solana"":""eNBcJZ2yWFs45326ifVxaHWtszPTwCdmgHzH2pTpump""}",18
0x7ddef360f3c2db4cc41c3967984fefa2598cc9a6_binance_smart,xOPAI,Paimon Tradable OpenAI SPV Token,0x7ddef360f3c2db4cc41c3967984fefa2598cc9a6_binance_smart,xop.png,270000,"{""binance_smart"":""0x7ddef360f3c2db4cc41c3967984fefa2598cc9a6""}",18
rZzNc8pfprXgbHBdF6rQNNLCAPc4ZcRKJuhhscPpump_solana,NPC,NPCs,rZzNc8pfprXgbHBdF6rQNNLCAPc4ZcRKJuhhscPpump_solana,npc.png,999008714,"{""solana"":""rZzNc8pfprXgbHBdF6rQNNLCAPc4ZcRKJuhhscPpump""}",18
0xadff8cc6287a2702342ee219b0c4a3c4f54bd463_base,THE-ALGORITHM,THE-ALGORITHM github.com/twitter/THE-ALGORITHM,0xadff8cc6287a2702342ee219b0c4a3c4f54bd463_base,the.png,1000000000,"{""base"":""0xadff8cc6287a2702342ee219b0c4a3c4f54bd463""}",18
DqzVdS8tQQysTwTynmixnhj3KKqqjrYNhft1S5n22YTC_solana,XDP,Doppler Finance,DqzVdS8tQQysTwTynmixnhj3KKqqjrYNhft1S5n22YTC_solana,xdp.png,999999862,"{""solana"":""DqzVdS8tQQysTwTynmixnhj3KKqqjrYNhft1S5n22YTC""}",18
ACnXGZwP4DKHEcYMmX1TQv2wCpwWdQog9iZ4G1Tpump_solana,HuntBoden,Hunter Boden2028,ACnXGZwP4DKHEcYMmX1TQv2wCpwWdQog9iZ4G1Tpump_solana,hun.png,994960230,"{""solana"":""ACnXGZwP4DKHEcYMmX1TQv2wCpwWdQog9iZ4G1Tpump""}",18
0xadf48c585bae3f798713478c7efd54b06d8a652a_base,NANOGPT,NANOGPT github.com/karpathy/NANOGPT,0xadf48c585bae3f798713478c7efd54b06d8a652a_base,nan.png,1000000000,"{""base"":""0xadf48c585bae3f798713478c7efd54b06d8a652a""}",18
0x3f5c9ae8f41a1d4a0ffd0fde4cb007c0d2034e22_robinhood,PEVL,Pevlunora,0x3f5c9ae8f41a1d4a0ffd0fde4cb007c0d2034e22_robinhood,0x3f5c9ae8f41a1d4a0ffd0fde4cb007c0d2034e22_robinhoodHdt.png,100000000000,"{""robinhood"":""0x3f5c9ae8f41a1d4a0ffd0fde4cb007c0d2034e22""}",18
Fhd3UCjJWHg9TCcY9SmSskW13S6uqZ2MfTCUvJ9spump_solana,Gemini,Google Gemini,Fhd3UCjJWHg9TCcY9SmSskW13S6uqZ2MfTCUvJ9spump_solana,gem.png,995977148,"{""solana"":""Fhd3UCjJWHg9TCcY9SmSskW13S6uqZ2MfTCUvJ9spump""}",18
FqehuF8kstPSkQ4RKiFejfuye6GW6DnZxVLVMzG3QeDY_solana,PEXRA,PexraFun,FqehuF8kstPSkQ4RKiFejfuye6GW6DnZxVLVMzG3QeDY_solana,pex.png,1000000000,"{""solana"":""FqehuF8kstPSkQ4RKiFejfuye6GW6DnZxVLVMzG3QeDY""}",18
0x4cb4f86763b563248bf076539af23c93d2cf7777_binance_smart,富贵人生,富贵人生,0x4cb4f86763b563248bf076539af23c93d2cf7777_binance_smart,.png,1000000000,"{""binance_smart"":""0x4cb4f86763b563248bf076539af23c93d2cf7777""}",18
TFuEe2QMB8J1rfwNhAwjRSwoFivMcU5N75_tron,TEM,TronEnergyMarket,TFuEe2QMB8J1rfwNhAwjRSwoFivMcU5N75_tron,tem.png,7316334,"{""tron"":""TFuEe2QMB8J1rfwNhAwjRSwoFivMcU5N75""}",18
9X8q7MgEE75Z1XQ7ZmSiSoR83sVV3JResZD4X8bZpump_solana,LoL,League of Legends,9X8q7MgEE75Z1XQ7ZmSiSoR83sVV3JResZD4X8bZpump_solana,lol.png,994307048,"{""solana"":""9X8q7MgEE75Z1XQ7ZmSiSoR83sVV3JResZD4X8bZpump""}",18
0x305f588be13df792c16d3776fb2ce9b4b8697777_binance_smart,币安飞蝶,币安飞蝶,0x305f588be13df792c16d3776fb2ce9b4b8697777_binance_smart,.png,1000000000,"{""binance_smart"":""0x305f588be13df792c16d3776fb2ce9b4b8697777""}",18
taoC6xyv2v8tDLcev4uaGUgV4vdQsWJrGft2kcBRrBY_solana,TAO,Bittensor,taoC6xyv2v8tDLcev4uaGUgV4vdQsWJrGft2kcBRrBY_solana,tao.png,9395,"{""solana"":""taoC6xyv2v8tDLcev4uaGUgV4vdQsWJrGft2kcBRrBY""}",18
ETH.USDC-0XA0B86991C6218B36C1D19D4A2E9EB0CE3606EB48_thorchain,USDC,ETH.USDC-0XA0B86991C6218B36C1D19D4A2E9EB0CE3606EB48,ETH.USDC-0XA0B86991C6218B36C1D19D4A2E9EB0CE3606EB48_thorchain,usd.png,2835921,"{""thorchain"":""ETH.USDC-0XA0B86991C6218B36C1D19D4A2E9EB0CE3606EB48""}",18
FuZHNBgKBETpau1Dhx8B8aQJAEqN5JC7vQCnX9nzMQ5E_solana,XDP,Doppler Finance,FuZHNBgKBETpau1Dhx8B8aQJAEqN5JC7vQCnX9nzMQ5E_solana,xdp.png,100000000000,"{""solana"":""FuZHNBgKBETpau1Dhx8B8aQJAEqN5JC7vQCnX9nzMQ5E""}",18
JCBKzD7mbu1xzggur1eQqPKcAqYMdJYYTzs3WCaG1xFq_solana,VRAX,Commander Vrax,JCBKzD7mbu1xzggur1eQqPKcAqYMdJYYTzs3WCaG1xFq_solana,vra.png,99999993891,"{""solana"":""JCBKzD7mbu1xzggur1eQqPKcAqYMdJYYTzs3WCaG1xFq""}",18
5VDWyVb9qhpEBNm49rASZ6q2j3sX6V4bivNuMSF4p68j_solana,XDP,Doppler Finance,5VDWyVb9qhpEBNm49rASZ6q2j3sX6V4bivNuMSF4p68j_solana,xdp.png,100000000000,"{""solana"":""5VDWyVb9qhpEBNm49rASZ6q2j3sX6V4bivNuMSF4p68j""}",18
0xea97916a096fdeb204a7300c2c47ebbe76587777_binance_smart,屎壳郎 BANK,屎壳郎BANK,0xea97916a096fdeb204a7300c2c47ebbe76587777_binance_smart,ban.png,1000000000,"{""binance_smart"":""0xea97916a096fdeb204a7300c2c47ebbe76587777""}",18
CH28EiaP5kGk3t6jxHwjvMZj66zT33ACnhV1zn49XM5Z_solana,ASI,Artificial Super Inu,CH28EiaP5kGk3t6jxHwjvMZj66zT33ACnhV1zn49XM5Z_solana,asi.png,1000000000,"{""solana"":""CH28EiaP5kGk3t6jxHwjvMZj66zT33ACnhV1zn49XM5Z""}",18
0x32708538a107253b51a735a724330a23106ca4ca_ethereum,01,01,0x32708538a107253b51a735a724330a23106ca4ca_ethereum,0x32708538a107253b51a735a724330a23106ca4ca_ethereum6OI.png,11491122,"{""ethereum"":""0x32708538a107253b51a735a724330a23106ca4ca""}",18
0xcf9f47937af27a19b656dbcc462e1f99ec999999_binance_smart,YH,YH,0xcf9f47937af27a19b656dbcc462e1f99ec999999_binance_smart,yh.png,21000000,"{""binance_smart"":""0xcf9f47937af27a19b656dbcc462e1f99ec999999""}",18
0x1a911bb954daa9cb38513423075be74450351e18_robinhood,MONITOR,The Situation,0x1a911bb954daa9cb38513423075be74450351e18_robinhood,0x1a911bb954daa9cb38513423075be74450351e18_robinhoodtru.png,1000000000,"{""robinhood"":""0x1a911bb954daa9cb38513423075be74450351e18""}",18
0xef91c1eae97edcd429a5ad197753a6c3e4214444_binance_smart,一,一,0xef91c1eae97edcd429a5ad197753a6c3e4214444_binance_smart,.png,1000000000,"{""binance_smart"":""0xef91c1eae97edcd429a5ad197753a6c3e4214444""}",18
CMjaqyFqCASYE4hgu1fnqzv8yxzAV1QjYGHfqL7cpump_solana,Mario,Super Mario Coin,CMjaqyFqCASYE4hgu1fnqzv8yxzAV1QjYGHfqL7cpump_solana,mar.png,994707400,"{""solana"":""CMjaqyFqCASYE4hgu1fnqzv8yxzAV1QjYGHfqL7cpump""}",18
0xc31037492bf8bb5e2b6cfdb7d0c234ae69b26f2b_binance_smart,操蛋的人生,操蛋的人生,0xc31037492bf8bb5e2b6cfdb7d0c234ae69b26f2b_binance_smart,.png,210000000,"{""binance_smart"":""0xc31037492bf8bb5e2b6cfdb7d0c234ae69b26f2b""}",18
J3oZKqSeZe4RPmnAskaswxHofcQDCucjJmEedXVp5SjH_solana,HOOKED,Hooked,J3oZKqSeZe4RPmnAskaswxHofcQDCucjJmEedXVp5SjH_solana,hoo.png,1000000000,"{""solana"":""J3oZKqSeZe4RPmnAskaswxHofcQDCucjJmEedXVp5SjH""}",18
gzhu5SgsGKBf9MabUZ6ikhtWwdiX3XAdB6wJwLFpump_solana,SAI,Sairium,gzhu5SgsGKBf9MabUZ6ikhtWwdiX3XAdB6wJwLFpump_solana,sai.png,999049931,"{""solana"":""gzhu5SgsGKBf9MabUZ6ikhtWwdiX3XAdB6wJwLFpump""}",18
0x8e07d2ffa9bcffefec05d7268d07bacd16c5aa67_ethereum,fwNVDAon,0x8e07d2ffa9bcffefec05d7268d07bacd16c5aa67,0x8e07d2ffa9bcffefec05d7268d07bacd16c5aa67_ethereum,fwn.png,11609,"{""ethereum"":""0x8e07d2ffa9bcffefec05d7268d07bacd16c5aa67""}",18
DvdmEnztCmXwBnAbedD48XVGZJSxq31zNvnyftXdpump_solana,pill,pill,DvdmEnztCmXwBnAbedD48XVGZJSxq31zNvnyftXdpump_solana,pil.png,1000000000,"{""solana"":""DvdmEnztCmXwBnAbedD48XVGZJSxq31zNvnyftXdpump""}",18
0xd34ce4430ee40823d73c18d228f5465c3e67d4f9_binance_smart,TaiJi,TaiJi,0xd34ce4430ee40823d73c18d228f5465c3e67d4f9_binance_smart,tai.png,21000000,"{""binance_smart"":""0xd34ce4430ee40823d73c18d228f5465c3e67d4f9""}",18
BnDxjVVQUAkG4yxd5oj43eVWnXnPMX7uTxrr6j3Ypump_solana,MrBeast,MrBeast Coin,BnDxjVVQUAkG4yxd5oj43eVWnXnPMX7uTxrr6j3Ypump_solana,mrb.png,998699941,"{""solana"":""BnDxjVVQUAkG4yxd5oj43eVWnXnPMX7uTxrr6j3Ypump""}",18
AVL58Mn5u4LkPFAauKWrS2mLkGMeimyeCZGZvrW8pump_solana,SI,Super Intelligence,AVL58Mn5u4LkPFAauKWrS2mLkGMeimyeCZGZvrW8pump_solana,si.png,986617007,"{""solana"":""AVL58Mn5u4LkPFAauKWrS2mLkGMeimyeCZGZvrW8pump""}",18
ChQY9KmYmNMHdDCztFNmdvUmtPB2uuVt3pEVSUD1pump_solana,MRBEAST,MrBeast,ChQY9KmYmNMHdDCztFNmdvUmtPB2uuVt3pEVSUD1pump_solana,mrb.png,980823788,"{""solana"":""ChQY9KmYmNMHdDCztFNmdvUmtPB2uuVt3pEVSUD1pump""}",18
0x2556f7f8d82ebcdd7b821b0981c38d9da9439cdd_pulsechain,dOWN,dOWN,0x2556f7f8d82ebcdd7b821b0981c38d9da9439cdd_pulsechain,dow.png,1111111111,"{""pulsechain"":""0x2556f7f8d82ebcdd7b821b0981c38d9da9439cdd""}",18
0x40bd44f364bce2b3f842462041cdd9356aedf0c6_robinhood,PRIORS,Priors Agents,0x40bd44f364bce2b3f842462041cdd9356aedf0c6_robinhood,0x40bd44f364bce2b3f842462041cdd9356aedf0c6_robinhoodUQC.png,1000000000,"{""robinhood"":""0x40bd44f364bce2b3f842462041cdd9356aedf0c6""}",18
9jA6RqDwCKNofR4nybgE8PsexWj6oVstzL1G96p3pump_solana,USA250,America 250,9jA6RqDwCKNofR4nybgE8PsexWj6oVstzL1G96p3pump_solana,usa.png,998250117,"{""solana"":""9jA6RqDwCKNofR4nybgE8PsexWj6oVstzL1G96p3pump""}",18
0x28d6e839fa2e3185041a113dab8714f9a0c12326_base,SI BASE,Super Inu Base,0x28d6e839fa2e3185041a113dab8714f9a0c12326_base,sib.png,100000000000,"{""base"":""0x28d6e839fa2e3185041a113dab8714f9a0c12326""}",18
0x7036e5bc60c12588c7a6a0756823f1ed5e6e24e4_arc,EXIT,EXIT LIQUIDITY,0x7036e5bc60c12588c7a6a0756823f1ed5e6e24e4_arc,exi.png,1000000000,"{""arc"":""0x7036e5bc60c12588c7a6a0756823f1ed5e6e24e4""}",18
0x2416785ab6b6baf34fe09ae89ff4697c99d10463_binance_smart,中国人能飞,中国人能飞,0x2416785ab6b6baf34fe09ae89ff4697c99d10463_binance_smart,.png,900000000000,"{""binance_smart"":""0x2416785ab6b6baf34fe09ae89ff4697c99d10463""}",18
0x186c561db134466a444a6aa75f9ecb0b3d93ffff_binance_smart,LBD,LBD,0x186c561db134466a444a6aa75f9ecb0b3d93ffff_binance_smart,lbd.png,1000000000,"{""binance_smart"":""0x186c561db134466a444a6aa75f9ecb0b3d93ffff""}",18
yGZEp4MLeRSYzqyKSmRWH2ug74UxiyqbGfT8LzFpump_solana,MEMED,Merica Memed,yGZEp4MLeRSYzqyKSmRWH2ug74UxiyqbGfT8LzFpump_solana,mem.png,994562878,"{""solana"":""yGZEp4MLeRSYzqyKSmRWH2ug74UxiyqbGfT8LzFpump""}",18
0xa0d75c866ae7e97cffe075b2da78c45399f17777_x-layer,OEWAN,OEWAN,0xa0d75c866ae7e97cffe075b2da78c45399f17777_x-layer,oew.png,1000000000,"{""x-layer"":""0xa0d75c866ae7e97cffe075b2da78c45399f17777""}",18
9eWz1Zd3S9zkequHBVySy2RiN1f92eN2KWBL4j1o1urK_solana,AXIS,Axis Robotics,9eWz1Zd3S9zkequHBVySy2RiN1f92eN2KWBL4j1o1urK_solana,axi.png,100000000000,"{""solana"":""9eWz1Zd3S9zkequHBVySy2RiN1f92eN2KWBL4j1o1urK""}",18
SeMgfmop2GcNNikqvMSSnzPvFLBJk5gRpvm1uVBpump_solana,4Chan,4ChanToken,SeMgfmop2GcNNikqvMSSnzPvFLBJk5gRpvm1uVBpump_solana,4ch.png,994703063,"{""solana"":""SeMgfmop2GcNNikqvMSSnzPvFLBJk5gRpvm1uVBpump""}",18
4cUKzTFun2ptVPYSoY9nYQavFz8tGz42SPuDdgVypump_solana,GTA 6 Coin,GTA6,4cUKzTFun2ptVPYSoY9nYQavFz8tGz42SPuDdgVypump_solana,gta.png,995672066,"{""solana"":""4cUKzTFun2ptVPYSoY9nYQavFz8tGz42SPuDdgVypump""}",18
6udp7qmWhm8FHu87RQmCtD9df3Ue4asVLSMCnUGnAVxe_solana,JUMP,Jumper,6udp7qmWhm8FHu87RQmCtD9df3Ue4asVLSMCnUGnAVxe_solana,jum.png,100000000000,"{""solana"":""6udp7qmWhm8FHu87RQmCtD9df3Ue4asVLSMCnUGnAVxe""}",18
9tib9sVufn3qCxnwszbGgfg396Jr9RcBUMsXnKGBrK4A_solana,JUMP,Jumper,9tib9sVufn3qCxnwszbGgfg396Jr9RcBUMsXnKGBrK4A_solana,jum.png,100000000000,"{""solana"":""9tib9sVufn3qCxnwszbGgfg396Jr9RcBUMsXnKGBrK4A""}",18
0x3fcd140c68d067c6a71ca328a90fe8d688b81e18_robinhood,SI,Shiba Inu,0x3fcd140c68d067c6a71ca328a90fe8d688b81e18_robinhood,0x3fcd140c68d067c6a71ca328a90fe8d688b81e18_robinhoodLB9.png,1000000000,"{""robinhood"":""0x3fcd140c68d067c6a71ca328a90fe8d688b81e18""}",18
bBRmuDQHPh2NpsF4xiFuiAATT6WNk28Fpp1doDapump_solana,NTDA,NTDA,bBRmuDQHPh2NpsF4xiFuiAATT6WNk28Fpp1doDapump_solana,ntd.png,999046357,"{""solana"":""bBRmuDQHPh2NpsF4xiFuiAATT6WNk28Fpp1doDapump""}",18
LcHYT1CUZth5xAuxJriBGDLPgSt3twnpeZmRYRkpump_solana,$1,Trumpcoin,LcHYT1CUZth5xAuxJriBGDLPgSt3twnpeZmRYRkpump_solana,1.png,994587471,"{""solana"":""LcHYT1CUZth5xAuxJriBGDLPgSt3twnpeZmRYRkpump""}",18
8SX9eAR8DEQ5DCspHUruA1dCJVAjyxRXJ9GX875JuB8h_solana,XDP,Doppler Finance,8SX9eAR8DEQ5DCspHUruA1dCJVAjyxRXJ9GX875JuB8h_solana,xdp.png,100000000000,"{""solana"":""8SX9eAR8DEQ5DCspHUruA1dCJVAjyxRXJ9GX875JuB8h""}",18
iHkzDmsmXj8JCCkTiBEm99FLvXemvq8VMx9nz2Cpump_solana,XDP,Doppler Finance,iHkzDmsmXj8JCCkTiBEm99FLvXemvq8VMx9nz2Cpump_solana,xdp.png,996554466,"{""solana"":""iHkzDmsmXj8JCCkTiBEm99FLvXemvq8VMx9nz2Cpump""}",18
0xcfb287565201763743a77c556dca44a673d0a777_polygon-pos,RISE,RISE Token,0xcfb287565201763743a77c556dca44a673d0a777_polygon-pos,ris.png,3764330185,"{""polygon-pos"":""0xcfb287565201763743a77c556dca44a673d0a777""}",18
4NBTf8PfLH4oLFnwf3knv46FY9i5oXjDxffCetXRpump_solana,YzY,Yeezy Coin,4NBTf8PfLH4oLFnwf3knv46FY9i5oXjDxffCetXRpump_solana,4NBTf8PfLH4oLFnwf3knv46FY9i5oXjDxffCetXRpump_solanaW98.png,995127884,"{""solana"":""4NBTf8PfLH4oLFnwf3knv46FY9i5oXjDxffCetXRpump""}",18
0x54f16bd3996169914c84dbb2a16635100cf48a0a_base,PEPTAI,Peptai,0x54f16bd3996169914c84dbb2a16635100cf48a0a_base,0x54f16bd3996169914c84dbb2a16635100cf48a0a_baseE3d.png,10000000,"{""base"":""0x54f16bd3996169914c84dbb2a16635100cf48a0a""}",18
6CKSVqyRaf8S49TitxwqrR1JVC6XgnuVVpiisDCb3Gv_solana,JUMP,Jumper,6CKSVqyRaf8S49TitxwqrR1JVC6XgnuVVpiisDCb3Gv_solana,jum.png,100000000000,"{""solana"":""6CKSVqyRaf8S49TitxwqrR1JVC6XgnuVVpiisDCb3Gv""}",18
ZzDu2GC34N7TdDtdUxzc4sGRvti51Eqv5VmzQA5pump_solana,PHI,PHI,ZzDu2GC34N7TdDtdUxzc4sGRvti51Eqv5VmzQA5pump_solana,phi.png,998892761,"{""solana"":""ZzDu2GC34N7TdDtdUxzc4sGRvti51Eqv5VmzQA5pump""}",18
3JgFwoYV74f6LwWjQWnr3YDPFnmBdwQfNyubv99jqUoq_solana,wPOND,POND COIN - WARPED,3JgFwoYV74f6LwWjQWnr3YDPFnmBdwQfNyubv99jqUoq_solana,3JgFwoYV74f6LwWjQWnr3YDPFnmBdwQfNyubv99jqUoq_solanadPK.png,27774958619796,"{""solana"":""3JgFwoYV74f6LwWjQWnr3YDPFnmBdwQfNyubv99jqUoq""}",18
XnoCTLKrdkmiLhHQFeYTs9vpGyWgFoWLGbYKWr4pump_solana,MAGACOIN,MAGA Coin,XnoCTLKrdkmiLhHQFeYTs9vpGyWgFoWLGbYKWr4pump_solana,mag.png,996010675,"{""solana"":""XnoCTLKrdkmiLhHQFeYTs9vpGyWgFoWLGbYKWr4pump""}",18
BXoHJddsWJLHtAopeiSbKUSELsu8hSFMs8baGMDkpump_solana,CRAWL,CRAWLNET,BXoHJddsWJLHtAopeiSbKUSELsu8hSFMs8baGMDkpump_solana,cra.png,989603778,"{""solana"":""BXoHJddsWJLHtAopeiSbKUSELsu8hSFMs8baGMDkpump""}",18
E9bu3g16RYbN3WwVSWVNtJKLrsSxjJMJSN2TrGo3Hdfv_solana,AXIS,Axis Robotics,E9bu3g16RYbN3WwVSWVNtJKLrsSxjJMJSN2TrGo3Hdfv_solana,axi.png,100000000000,"{""solana"":""E9bu3g16RYbN3WwVSWVNtJKLrsSxjJMJSN2TrGo3Hdfv""}",18
0x0ce9145e8ed68f1bea0b7088d96459f107c18b25_robinhood,FLAPPY,Flappy Cat,0x0ce9145e8ed68f1bea0b7088d96459f107c18b25_robinhood,0x0ce9145e8ed68f1bea0b7088d96459f107c18b25_robinhoodBAi.png,1000000000,"{""robinhood"":""0x0ce9145e8ed68f1bea0b7088d96459f107c18b25""}",18
0xd8348b96c8f23e1e24c0f40f495823c98f8e7777_binance_smart,币安股票,币安股票QQ 714815163,0xd8348b96c8f23e1e24c0f40f495823c98f8e7777_binance_smart,.png,1000000000,"{""binance_smart"":""0xd8348b96c8f23e1e24c0f40f495823c98f8e7777""}",18
0x15d0e0c55a3e7ee67152ad7e89acf164253ff68d_base,HYPE,HYPE,0x15d0e0c55a3e7ee67152ad7e89acf164253ff68d_base,hyp.png,27420,"{""base"":""0x15d0e0c55a3e7ee67152ad7e89acf164253ff68d""}",18
0xb84df8a4659bb12917ea90ce19bfc9d87b8dec2b_ethereum,fwSOL,Few Wrapped Wrapped SOL,0xb84df8a4659bb12917ea90ce19bfc9d87b8dec2b_ethereum,fws.png,20382,"{""ethereum"":""0xb84df8a4659bb12917ea90ce19bfc9d87b8dec2b""}",18
3yhsQKMeFDo3FN5vxRZnEvvr9cN67aU9qwrMrpURgHVU_solana,DORA,DORA,3yhsQKMeFDo3FN5vxRZnEvvr9cN67aU9qwrMrpURgHVU_solana,dor.png,998571101,"{""solana"":""3yhsQKMeFDo3FN5vxRZnEvvr9cN67aU9qwrMrpURgHVU""}",18
0x00541ab4c72593734aa09bdd66b29818faff1111_binance_smart,LV,LV,0x00541ab4c72593734aa09bdd66b29818faff1111_binance_smart,lv.png,2100000,"{""binance_smart"":""0x00541ab4c72593734aa09bdd66b29818faff1111""}",18
0xe1850dd20349cdac18c597d80130e837b6de0d1d_ethereum,fwCOW,Few Wrapped CoW Protocol Token,0xe1850dd20349cdac18c597d80130e837b6de0d1d_ethereum,fwc.png,15196593,"{""ethereum"":""0xe1850dd20349cdac18c597d80130e837b6de0d1d""}",18
0xd6a4f5aadd88eba9a170acf67f737bd488142857_binance_smart,STY,SWAN TREASURY,0xd6a4f5aadd88eba9a170acf67f737bd488142857_binance_smart,sty.png,9999990,"{""binance_smart"":""0xd6a4f5aadd88eba9a170acf67f737bd488142857""}",18
oUZbi3Lae8oUBBmCS8Nv4tzjgbJ6nqWh2ZLwaf7tmCS_solana,MetaMask,MetaMask,oUZbi3Lae8oUBBmCS8Nv4tzjgbJ6nqWh2ZLwaf7tmCS_solana,met.png,1000000000,"{""solana"":""oUZbi3Lae8oUBBmCS8Nv4tzjgbJ6nqWh2ZLwaf7tmCS""}",18
aK8ZiGSrHrK3rAUmnWC4MGt49pDHQsXCz124QFRpump_solana,GOLDEN,Golden Kitty,aK8ZiGSrHrK3rAUmnWC4MGt49pDHQsXCz124QFRpump_solana,gol.png,998957327,"{""solana"":""aK8ZiGSrHrK3rAUmnWC4MGt49pDHQsXCz124QFRpump""}",18
0xadf204f1bdf11c9e293a7e9bd096c264171e98be_base,GRAFANA,GRAFANA github.com/grafana/GRAFANA,0xadf204f1bdf11c9e293a7e9bd096c264171e98be_base,gra.png,1000000000,"{""base"":""0xadf204f1bdf11c9e293a7e9bd096c264171e98be""}",18
UuixLakpdyvT54pM7CPxHqX5o8KDyY3cBL1syExpump_solana,ConConAI,ConConAI,UuixLakpdyvT54pM7CPxHqX5o8KDyY3cBL1syExpump_solana,con.png,999069379,"{""solana"":""UuixLakpdyvT54pM7CPxHqX5o8KDyY3cBL1syExpump""}",18
CQbGbMW5xnyGvFCgevPsxu1RwpiuWojKquk7GWh9pump_solana,MrBeast,MrBeast Coin,CQbGbMW5xnyGvFCgevPsxu1RwpiuWojKquk7GWh9pump_solana,mrb.png,994843395,"{""solana"":""CQbGbMW5xnyGvFCgevPsxu1RwpiuWojKquk7GWh9pump""}",18
0x6dc3bcecee446633cf9c95736c07d18d9cc046c4_binance_smart,MS,MS,0x6dc3bcecee446633cf9c95736c07d18d9cc046c4_binance_smart,ms.png,1000000000,"{""binance_smart"":""0x6dc3bcecee446633cf9c95736c07d18d9cc046c4""}",18
Ehc1F8gmT6LEAcKinBexJzwAoisaAB69JNAhX8XFjymC_solana,HOOKED,Hooked,Ehc1F8gmT6LEAcKinBexJzwAoisaAB69JNAhX8XFjymC_solana,hoo.png,1000000000,"{""solana"":""Ehc1F8gmT6LEAcKinBexJzwAoisaAB69JNAhX8XFjymC""}",18
ETH.USDT-0XDAC17F958D2EE523A2206206994597C13D831EC7_thorchain,USDT,ETH.USDT-0XDAC17F958D2EE523A2206206994597C13D831EC7,ETH.USDT-0XDAC17F958D2EE523A2206206994597C13D831EC7_thorchain,usd.png,2372702,"{""thorchain"":""ETH.USDT-0XDAC17F958D2EE523A2206206994597C13D831EC7""}",18
0x5317c0d077d2eeb639448939b930d49c4984b63b_robinhood,COPPERINU,Copper Inu,0x5317c0d077d2eeb639448939b930d49c4984b63b_robinhood,0x5317c0d077d2eeb639448939b930d49c4984b63b_robinhoodBgr.png,1000000000,"{""robinhood"":""0x5317c0d077d2eeb639448939b930d49c4984b63b""}",18
0xa570b979b6f05ab16d6673cc199315eaa94a9999_binance_smart,月亮,月亮,0xa570b979b6f05ab16d6673cc199315eaa94a9999_binance_smart,.png,1000000000,"{""binance_smart"":""0xa570b979b6f05ab16d6673cc199315eaa94a9999""}",18
8Xvnuz78L3gmAAZNJnjJ4BqsrzXWLkvpQcv6CXN8KfNM_solana,SI,Super Intelligence,8Xvnuz78L3gmAAZNJnjJ4BqsrzXWLkvpQcv6CXN8KfNM_solana,si.png,1000000000,"{""solana"":""8Xvnuz78L3gmAAZNJnjJ4BqsrzXWLkvpQcv6CXN8KfNM""}",18
wdkQMek5errSMDKCiUeqbAaBbwqwbFu8VjFo8m2pump_solana,MRBEAST,MrBeast,wdkQMek5errSMDKCiUeqbAaBbwqwbFu8VjFo8m2pump_solana,mrb.png,999046974,"{""solana"":""wdkQMek5errSMDKCiUeqbAaBbwqwbFu8VjFo8m2pump""}",18
7qKngjGSdrjPWX7y1SRQaoC51ePfJ3zMgneThbS4pump_solana,HOTBOT,Hot Bot,7qKngjGSdrjPWX7y1SRQaoC51ePfJ3zMgneThbS4pump_solana,hot.png,974576684,"{""solana"":""7qKngjGSdrjPWX7y1SRQaoC51ePfJ3zMgneThbS4pump""}",18
BEBVfXZ8uCxRBuunEbW9wcq9r7W9ySNo14oJBJkDgpZx_solana,BE,Bloom Energy - Backpack Securities,BEBVfXZ8uCxRBuunEbW9wcq9r7W9ySNo14oJBJkDgpZx_solana,be.png,8035,"{""solana"":""BEBVfXZ8uCxRBuunEbW9wcq9r7W9ySNo14oJBJkDgpZx""}",18
3FCniHrVe1RVxYCHQxrS912P5XEC9jpkkbn1hCcTXiKU_solana,REVENUE,RevenueFamily,3FCniHrVe1RVxYCHQxrS912P5XEC9jpkkbn1hCcTXiKU_solana,rev.png,1000000000,"{""solana"":""3FCniHrVe1RVxYCHQxrS912P5XEC9jpkkbn1hCcTXiKU""}",18
0x8da85a4f2aaca3ed310a10dc76cc37d2d42e7777_binance_smart,信念,信念,0x8da85a4f2aaca3ed310a10dc76cc37d2d42e7777_binance_smart,.png,1000000000,"{""binance_smart"":""0x8da85a4f2aaca3ed310a10dc76cc37d2d42e7777""}",18
0x378a50eac56f45fb74e4ce7f1962dbca33515c14_robinhood,MCD,Meridian Capital,0x378a50eac56f45fb74e4ce7f1962dbca33515c14_robinhood,0x378a50eac56f45fb74e4ce7f1962dbca33515c14_robinhoodyv9.png,18600000,"{""robinhood"":""0x378a50eac56f45fb74e4ce7f1962dbca33515c14""}",18
FJSQerYdgSEy9yAK9hD39YevvSKYJbryrABGCA9ppump_solana,OpenAI,OpenAI,FJSQerYdgSEy9yAK9hD39YevvSKYJbryrABGCA9ppump_solana,ope.png,995609761,"{""solana"":""FJSQerYdgSEy9yAK9hD39YevvSKYJbryrABGCA9ppump""}",18
CZJfrAmMs5Cz4H22PWzfqTJu5FkP7Q2Vvx1oPVL9pump_solana,AGENTCAT,Agent Cat,CZJfrAmMs5Cz4H22PWzfqTJu5FkP7Q2Vvx1oPVL9pump_solana,age.png,993276198,"{""solana"":""CZJfrAmMs5Cz4H22PWzfqTJu5FkP7Q2Vvx1oPVL9pump""}",18
0x0598075dc4d1c9484daa80c62313aad39fc77777_binance_smart,TLS,Test Liquid Staking,0x0598075dc4d1c9484daa80c62313aad39fc77777_binance_smart,0x0598075dc4d1c9484daa80c62313aad39fc77777_binance_smart8ug.png,1000000000,"{""binance_smart"":""0x0598075dc4d1c9484daa80c62313aad39fc77777""}",18
bt3VpUSESiGupgNm9jerFARaYqWHC8D1ejEBTocpump_solana,ELONCOIN,Elon Coin,bt3VpUSESiGupgNm9jerFARaYqWHC8D1ejEBTocpump_solana,elo.png,994696507,"{""solana"":""bt3VpUSESiGupgNm9jerFARaYqWHC8D1ejEBTocpump""}",18
tzkcsDeyriKViFgMpyLGnSheFhm939GMXJuASJvpump_solana,all/in,all/in,tzkcsDeyriKViFgMpyLGnSheFhm939GMXJuASJvpump_solana,all.png,996505267,"{""solana"":""tzkcsDeyriKViFgMpyLGnSheFhm939GMXJuASJvpump""}",18
0x2026a3fcb9f2d2317085ab59bd666b64dd81eeee_x-layer,STERLING,Sterling,0x2026a3fcb9f2d2317085ab59bd666b64dd81eeee_x-layer,ste.png,1000000000,"{""x-layer"":""0x2026a3fcb9f2d2317085ab59bd666b64dd81eeee""}",18
tUN5zAESx7r5gkRMqvM1aNJGyuyWHTTPbrN39cWpump_solana,HEISENBERG,Heisenberg,tUN5zAESx7r5gkRMqvM1aNJGyuyWHTTPbrN39cWpump_solana,hei.png,993969853,"{""solana"":""tUN5zAESx7r5gkRMqvM1aNJGyuyWHTTPbrN39cWpump""}",18
0xd0ca71118ca21d674f9018a53026a38a0ab54dbf_robinhood,DUCAT,Ducat,0xd0ca71118ca21d674f9018a53026a38a0ab54dbf_robinhood,duc.png,50655,"{""robinhood"":""0xd0ca71118ca21d674f9018a53026a38a0ab54dbf""}",18
0x8d74ee82f21949e20870ecaa470349f448d891f3_ethereum,fwMSFTon,Few Wrapped Microsoft (Ondo Tokenized),0x8d74ee82f21949e20870ecaa470349f448d891f3_ethereum,fwm.png,4221,"{""ethereum"":""0x8d74ee82f21949e20870ecaa470349f448d891f3""}",18
0xf7d664ad6a18ce948dd12e38efb6884a68488888_binance_smart,牛气冲天,牛气冲天,0xf7d664ad6a18ce948dd12e38efb6884a68488888_binance_smart,.png,210000000,"{""binance_smart"":""0xf7d664ad6a18ce948dd12e38efb6884a68488888""}",18
0x52090044b98bacba07693b464e11cbdf69313351_robinhood,PPORT,PositionPort,0x52090044b98bacba07693b464e11cbdf69313351_robinhood,ppo.png,100000000000,"{""robinhood"":""0x52090044b98bacba07693b464e11cbdf69313351""}",18
2AVjqmGbMqg7rSyHVv2deVdggsBgBtu1Bi69BUvE5WRv_solana,SPEC,Spec,2AVjqmGbMqg7rSyHVv2deVdggsBgBtu1Bi69BUvE5WRv_solana,spe.png,1000000000,"{""solana"":""2AVjqmGbMqg7rSyHVv2deVdggsBgBtu1Bi69BUvE5WRv""}",18
0x7107a4501492f71cac93b3bdf50eae3acbf2c743_binance_smart,IFP,Inclusive Finance Protocol,0x7107a4501492f71cac93b3bdf50eae3acbf2c743_binance_smart,ifp.png,43006,"{""binance_smart"":""0x7107a4501492f71cac93b3bdf50eae3acbf2c743""}",18
0x51d05c51c07077e74c613e2151d7daef15b9605d_ethereum,fwGOOGLon,Few Wrapped Alphabet Class A (Ondo Tokenized),0x51d05c51c07077e74c613e2151d7daef15b9605d_ethereum,fwg.png,6395,"{""ethereum"":""0x51d05c51c07077e74c613e2151d7daef15b9605d""}",18
eth_yvcurve-lusd_0x5fa5b62c8af877cb37031e0a3b2f34a78e3c56a6,yvCurve-LUSD,Curve LUSD Pool yVault,eth_yvcurve-lusd_0x5fa5b62c8af877cb37031e0a3b2f34a78e3c56a6,yvc.png,1895621.12679259,"{""ethereum"":""0x5fa5b62c8af877cb37031e0a3b2f34a78e3c56a6""}",18
ARMbSB1MBRQrY6PNMao1HdQ431VafC6JRJCsGZ2Yv3iJ_solana,ARM,Arm Holdings - Backpack Securities,ARMbSB1MBRQrY6PNMao1HdQ431VafC6JRJCsGZ2Yv3iJ_solana,arm.png,7066,"{""solana"":""ARMbSB1MBRQrY6PNMao1HdQ431VafC6JRJCsGZ2Yv3iJ""}",18
C2VoDG2butN5wCyCduNiFc2RQzRVJtcg4d3gqmthpump_solana,MrBeast,MrBeast Coin,C2VoDG2butN5wCyCduNiFc2RQzRVJtcg4d3gqmthpump_solana,mrb.png,994884704,"{""solana"":""C2VoDG2butN5wCyCduNiFc2RQzRVJtcg4d3gqmthpump""}",18
0x0c9535416fd3b772646c4575e0664fd65afeeeee_x-layer,IGNIX,IGNIX,0x0c9535416fd3b772646c4575e0664fd65afeeeee_x-layer,ign.png,1000000000,"{""x-layer"":""0x0c9535416fd3b772646c4575e0664fd65afeeeee""}",18
0xd108c815d0d093cf54a9e24632a362e7b7ebe064_ethereum,fwSKY,Few Wrapped SKY Governance Token,0xd108c815d0d093cf54a9e24632a362e7b7ebe064_ethereum,fws.png,22205048,"{""ethereum"":""0xd108c815d0d093cf54a9e24632a362e7b7ebe064""}",18
7ZqT2CqiNSgbncHHnPjFe6p1thXV88JgG5qepXPUnE9r_solana,www,world wide web,7ZqT2CqiNSgbncHHnPjFe6p1thXV88JgG5qepXPUnE9r_solana,www.png,1000000000,"{""solana"":""7ZqT2CqiNSgbncHHnPjFe6p1thXV88JgG5qepXPUnE9r""}",18
0x72f735d41b6dd22c6e5c54f06c51cea68efcb819_ethereum,fwAAPLon,Few Wrapped Apple (Ondo Tokenized),0x72f735d41b6dd22c6e5c54f06c51cea68efcb819_ethereum,fwa.png,6397,"{""ethereum"":""0x72f735d41b6dd22c6e5c54f06c51cea68efcb819""}",18
GX7CLZ3NkwCEZMZNPPFWMo9RL6Nff1wR5tLTLxUmHgj4_solana,MEME,Meme Industries,GX7CLZ3NkwCEZMZNPPFWMo9RL6Nff1wR5tLTLxUmHgj4_solana,mem.png,999999936,"{""solana"":""GX7CLZ3NkwCEZMZNPPFWMo9RL6Nff1wR5tLTLxUmHgj4""}",18
oEW8nfAXWBqkWmGSEVa8HqF2u4CNAn5n1Auh4tmpump_solana,FILLED,filled.cards,oEW8nfAXWBqkWmGSEVa8HqF2u4CNAn5n1Auh4tmpump_solana,fil.png,999147705,"{""solana"":""oEW8nfAXWBqkWmGSEVa8HqF2u4CNAn5n1Auh4tmpump""}",18
0xde9c70b0faea34707a888d6daa933b8d5635f05e_robinhood,DUCAT,Ducat,0xde9c70b0faea34707a888d6daa933b8d5635f05e_robinhood,duc.png,1000000000,"{""robinhood"":""0xde9c70b0faea34707a888d6daa933b8d5635f05e""}",18
0xd9c4aa38ae229d4af2d1b5ce06b91a6f43017777_binance_smart,KK,夸克,0xd9c4aa38ae229d4af2d1b5ce06b91a6f43017777_binance_smart,kk.png,1000000000,"{""binance_smart"":""0xd9c4aa38ae229d4af2d1b5ce06b91a6f43017777""}",18
927KQ64XtX53qYfJEhSnBBxqaj5DpiHqT4MscGVHpump_solana,GOIF,Global Oil Institution Fund,927KQ64XtX53qYfJEhSnBBxqaj5DpiHqT4MscGVHpump_solana,goi.png,983926297,"{""solana"":""927KQ64XtX53qYfJEhSnBBxqaj5DpiHqT4MscGVHpump""}",18
h9e6RY7xmbYyV3xNp34a2GJyN3sGxKUCwjyiUFkpump_solana,HEISENBERG,Heisenberg,h9e6RY7xmbYyV3xNp34a2GJyN3sGxKUCwjyiUFkpump_solana,hei.png,993985183,"{""solana"":""h9e6RY7xmbYyV3xNp34a2GJyN3sGxKUCwjyiUFkpump""}",18
BKzTtgn5th95fAF6m6XcDq211kzaUqwCnsqtWrE2gFWX_solana,IDX,ideax,BKzTtgn5th95fAF6m6XcDq211kzaUqwCnsqtWrE2gFWX_solana,idx.png,890000000,"{""solana"":""BKzTtgn5th95fAF6m6XcDq211kzaUqwCnsqtWrE2gFWX""}",18
pjHAdwFceSYWgEecSBc9wVHwYAyeKD8HFm7FajLpump_solana,Claude,Claude,pjHAdwFceSYWgEecSBc9wVHwYAyeKD8HFm7FajLpump_solana,cla.png,996008707,"{""solana"":""pjHAdwFceSYWgEecSBc9wVHwYAyeKD8HFm7FajLpump""}",18
0xbb8041a8d875234c952bd92b102f8861565e7777_binance_smart,XCHAT,Chat with Anyone,0xbb8041a8d875234c952bd92b102f8861565e7777_binance_smart,xch.png,1000000000,"{""binance_smart"":""0xbb8041a8d875234c952bd92b102f8861565e7777""}",18
0xadf3d2a3bd2d3fd3ef8a6249516966f7fe01f85e_base,DRIZZLE-ORM,DRIZZLE-ORM github.com/drizzle-team/DRIZZLE-ORM,0xadf3d2a3bd2d3fd3ef8a6249516966f7fe01f85e_base,dri.png,1000000000,"{""base"":""0xadf3d2a3bd2d3fd3ef8a6249516966f7fe01f85e""}",18
XU438yQcHEf5bGAZ3pHqXhbZPqotoapdanjnhj1pump_solana,AROS,AROS,XU438yQcHEf5bGAZ3pHqXhbZPqotoapdanjnhj1pump_solana,aro.png,999989890,"{""solana"":""XU438yQcHEf5bGAZ3pHqXhbZPqotoapdanjnhj1pump""}",18
6aK5YeYgnRFwkyyxKL1miHq31oxV251iGv4EHJ6rcDKF_solana,CT,Concrete,6aK5YeYgnRFwkyyxKL1miHq31oxV251iGv4EHJ6rcDKF_solana,ct.png,1000000000,"{""solana"":""6aK5YeYgnRFwkyyxKL1miHq31oxV251iGv4EHJ6rcDKF""}",18
0xadfdc50dd391249ed45949bc98ca1994a259cecb_base,ETCHER,ETCHER github.com/balena-io/ETCHER,0xadfdc50dd391249ed45949bc98ca1994a259cecb_base,etc.png,1000000000,"{""base"":""0xadfdc50dd391249ed45949bc98ca1994a259cecb""}",18
0x73375f4eb7521f4c3c2a298d1edaeaf199d90965_robinhood,VRAX,Commander Vrax,0x73375f4eb7521f4c3c2a298d1edaeaf199d90965_robinhood,vra.png,1000000000,"{""robinhood"":""0x73375f4eb7521f4c3c2a298d1edaeaf199d90965""}",18
0x7c46508f0937a0c8fb4c34fa20fef70ec9a6bbbb_binance_smart,short,BigShort,0x7c46508f0937a0c8fb4c34fa20fef70ec9a6bbbb_binance_smart,sho.png,11997367528,"{""binance_smart"":""0x7c46508f0937a0c8fb4c34fa20fef70ec9a6bbbb""}",18
0xb17d901469b9208b17d916112988a3fed19b5ca1_pulsechain,WBTC,Wrapped BTC from Ethereum,0xb17d901469b9208b17d916112988a3fed19b5ca1_pulsechain,wbt.png,23.657,"{""pulsechain"":""0xb17d901469b9208b17d916112988a3fed19b5ca1""}",18
0x1eca20cfa4af2e2fa2f4ce2bf8d97bfa184fd4d7_robinhood,SENTRY,Sentry,0x1eca20cfa4af2e2fa2f4ce2bf8d97bfa184fd4d7_robinhood,0x1eca20cfa4af2e2fa2f4ce2bf8d97bfa184fd4d7_robinhoodGeA.png,1000000000,"{""robinhood"":""0x1eca20cfa4af2e2fa2f4ce2bf8d97bfa184fd4d7""}",18
0xaaeca41d0595a521043fac4245e518d2c6aaeb07_base,Muse,Muse,0xaaeca41d0595a521043fac4245e518d2c6aaeb07_base,mus.png,100000000000,"{""base"":""0xaaeca41d0595a521043fac4245e518d2c6aaeb07""}",18
WnFL5YYoGzCskdFxowXBv2j4cjT5xcD6iNdD8dWpump_solana,GTA 6 Coin,GTA6,WnFL5YYoGzCskdFxowXBv2j4cjT5xcD6iNdD8dWpump_solana,gta.png,995154737,"{""solana"":""WnFL5YYoGzCskdFxowXBv2j4cjT5xcD6iNdD8dWpump""}",18
eth_hbtccrv_0xb19059ebb43466c323583928285a49f558e572fd,hbtcCrv,Curve HBTC Pool,eth_hbtccrv_0xb19059ebb43466c323583928285a49f558e572fd,eth_hbtccrv_0xb19059ebb43466c323583928285a49f558e572fd.png,44.4830776190689,"{""ethereum"":""0xb19059ebb43466c323583928285a49f558e572fd""}",18
N7Q5fYX7YRnDQksfdBKnoUb3awm92n7QNAD35X3Rq1X_solana,NOK,Nokia Oyj - Backpack Securities,N7Q5fYX7YRnDQksfdBKnoUb3awm92n7QNAD35X3Rq1X_solana,nok.png,189316,"{""solana"":""N7Q5fYX7YRnDQksfdBKnoUb3awm92n7QNAD35X3Rq1X""}",18
dyamKS2H9Xs9poe4HEb9qs5QYrjayu1Kas9fAhLpump_solana,AROS,AROS,dyamKS2H9Xs9poe4HEb9qs5QYrjayu1Kas9fAhLpump_solana,aro.png,996912860,"{""solana"":""dyamKS2H9Xs9poe4HEb9qs5QYrjayu1Kas9fAhLpump""}",18
PrekqLJvJ3qVdXmBGDiexvwUTF4rLFDa6HWS4HJbw9S_solana,NEURALINK,Neuralink PreStocks,PrekqLJvJ3qVdXmBGDiexvwUTF4rLFDa6HWS4HJbw9S_solana,neu.png,4996,"{""solana"":""PrekqLJvJ3qVdXmBGDiexvwUTF4rLFDa6HWS4HJbw9S""}",18
GFPSV2er2VxXvQHAGj3rLKG7rk2QyBPrxcjGafEK2TCD_solana,XDP,Doppler Finance,GFPSV2er2VxXvQHAGj3rLKG7rk2QyBPrxcjGafEK2TCD_solana,xdp.png,999999929,"{""solana"":""GFPSV2er2VxXvQHAGj3rLKG7rk2QyBPrxcjGafEK2TCD""}",18
DfjGFb6SyKaW48jWwD2bM2ghNqfbXJgakQrpjpZpump_solana,TRUMPx,TRUMPx,DfjGFb6SyKaW48jWwD2bM2ghNqfbXJgakQrpjpZpump_solana,tru.png,994379742,"{""solana"":""DfjGFb6SyKaW48jWwD2bM2ghNqfbXJgakQrpjpZpump""}",18
AvfpaXSGvxytWChhRaJvKmfEV7BCsLn5rh378PQEAWvQ_solana,AXIS,Axis Robotics,AvfpaXSGvxytWChhRaJvKmfEV7BCsLn5rh378PQEAWvQ_solana,axi.png,100000000000,"{""solana"":""AvfpaXSGvxytWChhRaJvKmfEV7BCsLn5rh378PQEAWvQ""}",18
Cq8qMTPkwfNMUFonqEWe6BLmL7E4TVtZKyHp9VNopump_solana,Apple,Apple,Cq8qMTPkwfNMUFonqEWe6BLmL7E4TVtZKyHp9VNopump_solana,app.png,995960329,"{""solana"":""Cq8qMTPkwfNMUFonqEWe6BLmL7E4TVtZKyHp9VNopump""}",18
0x89d8cb38067b55f820f29a9e12d0ce18682a2bfc_base,STONX,Stonx,0x89d8cb38067b55f820f29a9e12d0ce18682a2bfc_base,sto.png,1000000000,"{""base"":""0x89d8cb38067b55f820f29a9e12d0ce18682a2bfc""}",18
VemjKdE3RQAyVdkG8fkRKgUgjz5ZupWcPq79SBepump_solana,Axiom,Official Axiom Coin,VemjKdE3RQAyVdkG8fkRKgUgjz5ZupWcPq79SBepump_solana,axi.png,994862464,"{""solana"":""VemjKdE3RQAyVdkG8fkRKgUgjz5ZupWcPq79SBepump""}",18
1HchZjXpgU2pceX24cmRsfjtbf6TwErspscg9hhpump_solana,GRUMPY,Grumpy Cat,1HchZjXpgU2pceX24cmRsfjtbf6TwErspscg9hhpump_solana,gru.png,992495659,"{""solana"":""1HchZjXpgU2pceX24cmRsfjtbf6TwErspscg9hhpump""}",18
8RNUw4N655VSrZKuhGdywhbSMDTrheguFPfxbpE2NZHQ_solana,PURR,Hypurr,8RNUw4N655VSrZKuhGdywhbSMDTrheguFPfxbpE2NZHQ_solana,pur.png,969995083,"{""solana"":""8RNUw4N655VSrZKuhGdywhbSMDTrheguFPfxbpE2NZHQ""}",18
GFomi1wYAu27cxia7Xb1HSWP1G46giTGTogAq78q5eP6_solana,supercycle,supercycle,GFomi1wYAu27cxia7Xb1HSWP1G46giTGTogAq78q5eP6_solana,sup.png,1000000000,"{""solana"":""GFomi1wYAu27cxia7Xb1HSWP1G46giTGTogAq78q5eP6""}",18
0x4154550f4db74dc38d1fe98e1f3f28ed6dad627d_base,jEUR,Jarvis Synthetic Euro,0x4154550f4db74dc38d1fe98e1f3f28ed6dad627d_base,jeu.png,1618409,"{""base"":""0x4154550f4db74dc38d1fe98e1f3f28ed6dad627d""}",18
0x9c050abfb654079053c27a54e7e7606a419da9cc_binance_smart,M/usdt,MemeCore,0x9c050abfb654079053c27a54e7e7606a419da9cc_binance_smart,mus.png,1000000000000,"{""binance_smart"":""0x9c050abfb654079053c27a54e7e7606a419da9cc""}",18
CBVxspGhpr97HGYr1CbNYKDnT36Dxw3mMz1FfsvApump_solana,MrBeast,MrBeast Coin,CBVxspGhpr97HGYr1CbNYKDnT36Dxw3mMz1FfsvApump_solana,mrb.png,994477948,"{""solana"":""CBVxspGhpr97HGYr1CbNYKDnT36Dxw3mMz1FfsvApump""}",18
0x08ba319b414ea1e1d92315cb514c03fdc03f890e_binance_smart,币安国庆,币安国庆,0x08ba319b414ea1e1d92315cb514c03fdc03f890e_binance_smart,.png,1000000000000,"{""binance_smart"":""0x08ba319b414ea1e1d92315cb514c03fdc03f890e""}",18
0x5d01b8174a661600cf4f016bea9b073557847777_binance_smart,自由鸭,FreeDuck,0x5d01b8174a661600cf4f016bea9b073557847777_binance_smart,.png,1000000000,"{""binance_smart"":""0x5d01b8174a661600cf4f016bea9b073557847777""}",18
0x8e1a32170cd668f39bf918a28fc53323993c2666_binance_smart,还在呢,HZN,0x8e1a32170cd668f39bf918a28fc53323993c2666_binance_smart,.png,1000000000,"{""binance_smart"":""0x8e1a32170cd668f39bf918a28fc53323993c2666""}",18
0x37f5b13345c6723e17ce45d388c9c4f7ad8342c3_robinhood,NEO,neo.fun,0x37f5b13345c6723e17ce45d388c9c4f7ad8342c3_robinhood,0x37f5b13345c6723e17ce45d388c9c4f7ad8342c3_robinhood6sK.png,999960000,"{""robinhood"":""0x37f5b13345c6723e17ce45d388c9c4f7ad8342c3""}",18
BKQrbiEqNyuVZd6finhzdpsTz8FrzPvoDAYvTcSBpump_solana,Games,Rockstar Games,BKQrbiEqNyuVZd6finhzdpsTz8FrzPvoDAYvTcSBpump_solana,gam.png,995185994,"{""solana"":""BKQrbiEqNyuVZd6finhzdpsTz8FrzPvoDAYvTcSBpump""}",18
WUug4MTXCKGRwmpu3phpQNA8AXdAECMoCHruxFrpump_solana,Ansem,Ansem,WUug4MTXCKGRwmpu3phpQNA8AXdAECMoCHruxFrpump_solana,ans.png,996656455,"{""solana"":""WUug4MTXCKGRwmpu3phpQNA8AXdAECMoCHruxFrpump""}",18
0xadf55e4bc92b14619b9d3e94400c5fb64fcfa6e8_base,UNION,UNION github.com/unionlabs/UNION,0xadf55e4bc92b14619b9d3e94400c5fb64fcfa6e8_base,uni.png,1000000000,"{""base"":""0xadf55e4bc92b14619b9d3e94400c5fb64fcfa6e8""}",18
0x76cf788606f3d968b93b8a243d0e185c974ee407_robinhood,hOHM,Origami hOHM,0x76cf788606f3d968b93b8a243d0e185c974ee407_robinhood,hoh.png,186807736,,
BdBDyDJvT9rNNhJ1dTrGGrutUQaYJjdzrb22eKUvpdVL_solana,POTUS,President Of The Unites States,BdBDyDJvT9rNNhJ1dTrGGrutUQaYJjdzrb22eKUvpdVL_solana,pot.png,1000000000,"{""solana"":""BdBDyDJvT9rNNhJ1dTrGGrutUQaYJjdzrb22eKUvpdVL""}",18
0x5fd86da9b05abe396fe9d02a4a213a7c00556503_binance_smart,MRNAB,Moderna,0x5fd86da9b05abe396fe9d02a4a213a7c00556503_binance_smart,mrn.png,8972,"{""binance_smart"":""0x5fd86da9b05abe396fe9d02a4a213a7c00556503""}",18
tV78ZRfwvyv8KNEAjBkz3A2BR2rVKe3H7vUNfaopump_solana,B&amp;M,Barani and Malu,tV78ZRfwvyv8KNEAjBkz3A2BR2rVKe3H7vUNfaopump_solana,bam.png,1000000000,"{""solana"":""tV78ZRfwvyv8KNEAjBkz3A2BR2rVKe3H7vUNfaopump""}",18
0xf177d86a28b520e3e396e4f3b96cd8e72d7dabd8_robinhood,UNI,Uniswap,0xf177d86a28b520e3e396e4f3b96cd8e72d7dabd8_robinhood,uni.png,185385,"{""robinhood"":""0xf177d86a28b520e3e396e4f3b96cd8e72d7dabd8""}",18
0x4206931337dc273a630d328da6441786bfad668f_binance_smart,DOGE,Dogecoin,0x4206931337dc273a630d328da6441786bfad668f_binance_smart,0x4206931337dc273a630d328da6441786bfad668f_binance_smartJO6.png,17726080,"{""binance_smart"":""0x4206931337dc273a630d328da6441786bfad668f""}",18
4SnKwnz6DyagftnFqdxsvWvehrcbEDhxmmXNQk2Jpump_solana,Joby,Free Joby,4SnKwnz6DyagftnFqdxsvWvehrcbEDhxmmXNQk2Jpump_solana,job.png,1000000000,"{""solana"":""4SnKwnz6DyagftnFqdxsvWvehrcbEDhxmmXNQk2Jpump""}",18
0xff130b022ad6fc7a6e7150e62a417aa498d1e767_binance_smart,POTATO,POTATO,0xff130b022ad6fc7a6e7150e62a417aa498d1e767_binance_smart,pot.png,88888,"{""binance_smart"":""0xff130b022ad6fc7a6e7150e62a417aa498d1e767""}",18
NQ5hSuXQZrbnrwcDVk2qN73njjd3E3v3badYHnj5thF_solana,IONQ,IonQ - Backpack Securities,NQ5hSuXQZrbnrwcDVk2qN73njjd3E3v3badYHnj5thF_solana,ion.png,37717,"{""solana"":""NQ5hSuXQZrbnrwcDVk2qN73njjd3E3v3badYHnj5thF""}",18
DioisRY2M15WKza2te7pCvEAe7B1EVp4N1ZrM6tn52Sp_solana,HAMSTER,Hamster,DioisRY2M15WKza2te7pCvEAe7B1EVp4N1ZrM6tn52Sp_solana,ham.png,1000000000,"{""solana"":""DioisRY2M15WKza2te7pCvEAe7B1EVp4N1ZrM6tn52Sp""}",18
0xadfa7304f6e6d73018be826a7683319ceaa3be19_base,VEGETA,VEGETA github.com/tsenart/VEGETA,0xadfa7304f6e6d73018be826a7683319ceaa3be19_base,veg.png,1000000000,"{""base"":""0xadfa7304f6e6d73018be826a7683319ceaa3be19""}",18
9fUi5PupTifV9wEmXH94UDSXTdBtrajwRbPgzQgqu1k6_solana,Nailoong,奶龙,9fUi5PupTifV9wEmXH94UDSXTdBtrajwRbPgzQgqu1k6_solana,nai.png,1000000001,"{""solana"":""9fUi5PupTifV9wEmXH94UDSXTdBtrajwRbPgzQgqu1k6""}",18
0xadfca161276c3db2721981bb0f7feb1b22d79931_base,BUSTER,BUSTER github.com/dessant/BUSTER,0xadfca161276c3db2721981bb0f7feb1b22d79931_base,bus.png,1000000000,"{""base"":""0xadfca161276c3db2721981bb0f7feb1b22d79931""}",18
0x1d9a01e4f005037d7df51ee692f9e225b11880d0_robinhood,LLMA,LLAMA,0x1d9a01e4f005037d7df51ee692f9e225b11880d0_robinhood,llm.png,1000000000,"{""robinhood"":""0x1d9a01e4f005037d7df51ee692f9e225b11880d0""}",18
0x008df4b3e857d06c4603aeb11f267ccd32ce2005_robinhood,ROBINHOOD,Robinhood,0x008df4b3e857d06c4603aeb11f267ccd32ce2005_robinhood,0x008df4b3e857d06c4603aeb11f267ccd32ce2005_robinhoodZhe.png,1000000000,"{""robinhood"":""0x008df4b3e857d06c4603aeb11f267ccd32ce2005""}",18
ETH.WBTC-0X2260FAC5E5542A773AA44FBCFEDF7C193BC2C599_thorchain,WBTC,ETH.WBTC-0X2260FAC5E5542A773AA44FBCFEDF7C193BC2C599,ETH.WBTC-0X2260FAC5E5542A773AA44FBCFEDF7C193BC2C599_thorchain,wbt.png,18.8533,"{""thorchain"":""ETH.WBTC-0X2260FAC5E5542A773AA44FBCFEDF7C193BC2C599""}",18
0xb03058b8a39f3967df08d833682c1c99b29821b1_robinhood,WALL,TheCardWall,0xb03058b8a39f3967df08d833682c1c99b29821b1_robinhood,wal.png,2222000000,"{""robinhood"":""0xb03058b8a39f3967df08d833682c1c99b29821b1""}",18
6PwsXztra9NFURSwrnHATc4cxoJ3UqY3zQtrmC7iawno_solana,PEXRA,PexraFun,6PwsXztra9NFURSwrnHATc4cxoJ3UqY3zQtrmC7iawno_solana,pex.png,999999942,"{""solana"":""6PwsXztra9NFURSwrnHATc4cxoJ3UqY3zQtrmC7iawno""}",18
jaL923JNK4ikDh2vV1868zd2orztGSyg6C5Avbhpump_solana,GTA 6 Coin,GTA6,jaL923JNK4ikDh2vV1868zd2orztGSyg6C5Avbhpump_solana,gta.png,994930518,"{""solana"":""jaL923JNK4ikDh2vV1868zd2orztGSyg6C5Avbhpump""}",18
HsprHxBRgiVaQdRf3TnKNuZZtaX9JUSPgMFdAkk6pump_solana,GATO,GTA6CAT,HsprHxBRgiVaQdRf3TnKNuZZtaX9JUSPgMFdAkk6pump_solana,gat.png,990397800,"{""solana"":""HsprHxBRgiVaQdRf3TnKNuZZtaX9JUSPgMFdAkk6pump""}",18
0x78e8cf657742e10eac8f64007615aa741fc76414_base,USDL,USDL Stablecoin,0x78e8cf657742e10eac8f64007615aa741fc76414_base,0x78e8cf657742e10eac8f64007615aa741fc76414_baseFGz.png,1561201,"{""base"":""0x78e8cf657742e10eac8f64007615aa741fc76414""}",18
0xbc2068f308a97ac86cef0ce334d146e5f8449b91_binance_smart,BNBSZN,BNB Season,0xbc2068f308a97ac86cef0ce334d146e5f8449b91_binance_smart,bnb.png,1000000000,"{""binance_smart"":""0xbc2068f308a97ac86cef0ce334d146e5f8449b91""}",18
0xf7fc0e5ad8fc95b0c4ae59db1ff068bc64417777_binance_smart,健康天使,健康天使,0xf7fc0e5ad8fc95b0c4ae59db1ff068bc64417777_binance_smart,.png,1000000000,"{""binance_smart"":""0xf7fc0e5ad8fc95b0c4ae59db1ff068bc64417777""}",18
0xc803a5090c76d7978382b0d3017ec01814793a8d_binance_smart,币安时代,币安时代,0xc803a5090c76d7978382b0d3017ec01814793a8d_binance_smart,.png,900000000000,"{""binance_smart"":""0xc803a5090c76d7978382b0d3017ec01814793a8d""}",18
0xadf9afd4fa1dfef7a06a7cd56140af14a4dc2860_base,MONGO,MONGO github.com/mongodb/MONGO,0xadf9afd4fa1dfef7a06a7cd56140af14a4dc2860_base,mon.png,1000000000,"{""base"":""0xadf9afd4fa1dfef7a06a7cd56140af14a4dc2860""}",18
GQgpzXBbJsqeMuTtNdBpbnicyTQ6dRgSaoKeaNipump_solana,RLUSD,Ripple USD,GQgpzXBbJsqeMuTtNdBpbnicyTQ6dRgSaoKeaNipump_solana,rlu.png,992754438,"{""solana"":""GQgpzXBbJsqeMuTtNdBpbnicyTQ6dRgSaoKeaNipump""}",18
0xb936cab857514bb917431cc8e2b7f1da5caa7777_binance_smart,Nailoong,奶龙,0xb936cab857514bb917431cc8e2b7f1da5caa7777_binance_smart,nai.png,1000000000,"{""binance_smart"":""0xb936cab857514bb917431cc8e2b7f1da5caa7777""}",18
95qfL3yjR8yffMCHjfauxB6JDFBqQjtTjcAwv692s73p_solana,JUMP,Jumper,95qfL3yjR8yffMCHjfauxB6JDFBqQjtTjcAwv692s73p_solana,jum.png,100000000000,"{""solana"":""95qfL3yjR8yffMCHjfauxB6JDFBqQjtTjcAwv692s73p""}",18
Us5JCsdrW3Cd2KsgH1iVyDzVyDfkhj4ozsYLmpzpump_solana,TRUMPx,TRUMPx,Us5JCsdrW3Cd2KsgH1iVyDzVyDfkhj4ozsYLmpzpump_solana,tru.png,995112769,"{""solana"":""Us5JCsdrW3Cd2KsgH1iVyDzVyDfkhj4ozsYLmpzpump""}",18
BSC.BNB_thorchain,BNB,BSC.BNB,BSC.BNB_thorchain,bnb.png,1966,"{""thorchain"":""BSC.BNB""}",18
CRWVJeR2yEZuDUKYfGuKCHvLz8ywn4LGvovHfy5WiFmi_solana,CRWV,CoreWeave - Backpack Securities,CRWVJeR2yEZuDUKYfGuKCHvLz8ywn4LGvovHfy5WiFmi_solana,crw.png,17318,"{""solana"":""CRWVJeR2yEZuDUKYfGuKCHvLz8ywn4LGvovHfy5WiFmi""}",18
0x500d3787253fd3600f92dfc13dbbb5089af9bcdb_binance_smart,$PEPE2,NEXT PEPE,0x500d3787253fd3600f92dfc13dbbb5089af9bcdb_binance_smart,pep.png,1000000000000,"{""binance_smart"":""0x500d3787253fd3600f92dfc13dbbb5089af9bcdb""}",18
0xe15b133698a9e847d58036336179fc2045a47777_binance_smart,太空狗,Qq聊天群:682341674,0xe15b133698a9e847d58036336179fc2045a47777_binance_smart,.png,1000000000,"{""binance_smart"":""0xe15b133698a9e847d58036336179fc2045a47777""}",18
DY468VySeu6zgnjSEMLLQfrrFShtgHUA9NrrJ59zcUE1_solana,SPEED,SPEED GANG,DY468VySeu6zgnjSEMLLQfrrFShtgHUA9NrrJ59zcUE1_solana,spe.png,1000000000,"{""solana"":""DY468VySeu6zgnjSEMLLQfrrFShtgHUA9NrrJ59zcUE1""}",18
0x2ba0f44bdfc17fba30eda9cdbecb908ca45b043b_arc,CRCL,Circle Internet Group • Arc Token,0x2ba0f44bdfc17fba30eda9cdbecb908ca45b043b_arc,0x2ba0f44bdfc17fba30eda9cdbecb908ca45b043b_arc6BL.png,18648,"{""arc"":""0x2ba0f44bdfc17fba30eda9cdbecb908ca45b043b""}",18
0x877014e21c32fea108b6a1f45f367efc9a2d9b9f_base,alUSDb,Alchemic USD Base,0x877014e21c32fea108b6a1f45f367efc9a2d9b9f_base,alu.png,1527558,"{""base"":""0x877014e21c32fea108b6a1f45f367efc9a2d9b9f""}",18
PEPEqnuuCDbBC89p1u9vpnP1KQ2oj1xTcQBsjt9X55m_solana,PEPE,Pepe,PEPEqnuuCDbBC89p1u9vpnP1KQ2oj1xTcQBsjt9X55m_solana,pep.png,353603571786,"{""solana"":""PEPEqnuuCDbBC89p1u9vpnP1KQ2oj1xTcQBsjt9X55m""}",18
0x7cda39ada05752c7fa4fe414bcf8652dbe18fae9_binance_smart,Nailoong,Nailoong,0x7cda39ada05752c7fa4fe414bcf8652dbe18fae9_binance_smart,nai.png,9000000000000,"{""binance_smart"":""0x7cda39ada05752c7fa4fe414bcf8652dbe18fae9""}",18
0xd48e565561416de59da1050ed70b8d75e8ef28f9_fluent,USDnr,Nerona USD,0xd48e565561416de59da1050ed70b8d75e8ef28f9_fluent,usd.png,1519150,"{""fluent"":""0xd48e565561416de59da1050ed70b8d75e8ef28f9""}",18
0xf5ed4e9fb91f19d2e7f9d485f8d812c679eedd50_binance_smart,CZ,赤子,0xf5ed4e9fb91f19d2e7f9d485f8d812c679eedd50_binance_smart,cz.png,1000000,"{""binance_smart"":""0xf5ed4e9fb91f19d2e7f9d485f8d812c679eedd50""}",18
0x88880a896b82919dacc5e918c582363cb5708888_robinhood,LOTS,LOTS,0x88880a896b82919dacc5e918c582363cb5708888_robinhood,lot.png,1000000000,"{""robinhood"":""0x88880a896b82919dacc5e918c582363cb5708888""}",18
8Hk7KK1gtebqe6RAs4AJRRST3ThaFhqsfGMv6pUxjCCV_solana,CLAUDECHAN,Claudechan,8Hk7KK1gtebqe6RAs4AJRRST3ThaFhqsfGMv6pUxjCCV_solana,cla.png,1000000000,"{""solana"":""8Hk7KK1gtebqe6RAs4AJRRST3ThaFhqsfGMv6pUxjCCV""}",18
GNzxm2mA9ahwsUgswE2zqUcJqqWagWDGVGKjxtZeTynz_solana,JUMP,Jumper,GNzxm2mA9ahwsUgswE2zqUcJqqWagWDGVGKjxtZeTynz_solana,jum.png,100000000000,"{""solana"":""GNzxm2mA9ahwsUgswE2zqUcJqqWagWDGVGKjxtZeTynz""}",18
0x5fe8334ed809901dee273998c6ff2f9547377777_binance_smart,宝贝屎壳郎,蝴蝶首个自动分红屎壳郎金库,0x5fe8334ed809901dee273998c6ff2f9547377777_binance_smart,0x5fe8334ed809901dee273998c6ff2f9547377777_binance_smartc7R.png,1000000000,"{""binance_smart"":""0x5fe8334ed809901dee273998c6ff2f9547377777""}",18
CuLtK7Yd1pXkS4YroD5ffzrSvoiVhQrUFhUXBxVtpump_solana,SpaceX,SpaceX,CuLtK7Yd1pXkS4YroD5ffzrSvoiVhQrUFhUXBxVtpump_solana,spa.png,995710518,"{""solana"":""CuLtK7Yd1pXkS4YroD5ffzrSvoiVhQrUFhUXBxVtpump""}",18
8Whb5CZswL22acTfoymkvLkSEJNFGAqKHumBe2RAmg3b_solana,AXIS,Axis Robotics,8Whb5CZswL22acTfoymkvLkSEJNFGAqKHumBe2RAmg3b_solana,axi.png,100000000000,"{""solana"":""8Whb5CZswL22acTfoymkvLkSEJNFGAqKHumBe2RAmg3b""}",18
0xf2fca2fb19b006a93e84211a179f8a287b8c5ccf_robinhood,HLCAT,Hoodleaf Cat,0xf2fca2fb19b006a93e84211a179f8a287b8c5ccf_robinhood,hlc.png,100000000000,"{""robinhood"":""0xf2fca2fb19b006a93e84211a179f8a287b8c5ccf""}",18
BaCCszbfHPYZ5DtoxFZuU4eD4aqde9BiSTfjcCvFKAA5_solana,AXIS,Axis Robotics,BaCCszbfHPYZ5DtoxFZuU4eD4aqde9BiSTfjcCvFKAA5_solana,axi.png,100000000000,"{""solana"":""BaCCszbfHPYZ5DtoxFZuU4eD4aqde9BiSTfjcCvFKAA5""}",18
3yoUJZa1Xyojb7r1JaqCmRF4MqUUnBFHyfHKcPVHpump_solana,Nasduck,Nasduck,3yoUJZa1Xyojb7r1JaqCmRF4MqUUnBFHyfHKcPVHpump_solana,nas.png,999117434,"{""solana"":""3yoUJZa1Xyojb7r1JaqCmRF4MqUUnBFHyfHKcPVHpump""}",18
AznQHuzyocZYUHWqszxs6cJtS8WwEuhzPzJoqYXTpump_solana,SARP,Strategic American Protocol,AznQHuzyocZYUHWqszxs6cJtS8WwEuhzPzJoqYXTpump_solana,sar.png,982598458,"{""solana"":""AznQHuzyocZYUHWqszxs6cJtS8WwEuhzPzJoqYXTpump""}",18
8TDzS6riLub2RCyz2DBKgu9UrUTNLZjmAAyZTeAApump_solana,Google,Google,8TDzS6riLub2RCyz2DBKgu9UrUTNLZjmAAyZTeAApump_solana,goo.png,995186051,"{""solana"":""8TDzS6riLub2RCyz2DBKgu9UrUTNLZjmAAyZTeAApump""}",18
0x9862d6478cb8098645815ff27f91efbc659f7777_binance_smart,BINF,bInference,0x9862d6478cb8098645815ff27f91efbc659f7777_binance_smart,bin.png,1000000000,"{""binance_smart"":""0x9862d6478cb8098645815ff27f91efbc659f7777""}",18
0x621913e2869cfd085e46997a51060d3694b07777_binance_smart,Pi币人生,freedom of pi,0x621913e2869cfd085e46997a51060d3694b07777_binance_smart,pi.png,1000000000,"{""binance_smart"":""0x621913e2869cfd085e46997a51060d3694b07777""}",18
0x32ac8c1d7672667d5ebdea22935f7b06fc8d496f_robinhood,HOOD,HOOD,0x32ac8c1d7672667d5ebdea22935f7b06fc8d496f_robinhood,0x32ac8c1d7672667d5ebdea22935f7b06fc8d496f_robinhoodNMp.png,13056,"{""robinhood"":""0x32ac8c1d7672667d5ebdea22935f7b06fc8d496f""}",18
0x0f43374670bd7533cdb9d0b9d8294a8820350389_base,ZC,zipcoin,0x0f43374670bd7533cdb9d0b9d8294a8820350389_base,zc.png,1000000000000,"{""base"":""0x0f43374670bd7533cdb9d0b9d8294a8820350389""}",18
BT7R7huRc3tEXYT3YN7Xvc3z3uwLF1yDwkShQkmKhtNe_solana,e/acc,Effective Accelerationism,BT7R7huRc3tEXYT3YN7Xvc3z3uwLF1yDwkShQkmKhtNe_solana,eac.png,999999919,"{""solana"":""BT7R7huRc3tEXYT3YN7Xvc3z3uwLF1yDwkShQkmKhtNe""}",18
wwUHHHczcMXDi6omKaLx2k1fpRkovuSt3vgVXeFpump_solana,TRUMPx,TRUMPx,wwUHHHczcMXDi6omKaLx2k1fpRkovuSt3vgVXeFpump_solana,tru.png,994778392,"{""solana"":""wwUHHHczcMXDi6omKaLx2k1fpRkovuSt3vgVXeFpump""}",18
H1kXUqEPkQNNeNjGNN5tuHf3nsQK2vB1jUA9c4RggpUf_solana,ATTN,Attention Mine,H1kXUqEPkQNNeNjGNN5tuHf3nsQK2vB1jUA9c4RggpUf_solana,att.png,100000000,"{""solana"":""H1kXUqEPkQNNeNjGNN5tuHf3nsQK2vB1jUA9c4RggpUf""}",18
w43no5vhUjVuvBvPXUVth3oCCymQgPgLfcCAgW8pump_solana,100x,100x,w43no5vhUjVuvBvPXUVth3oCCymQgPgLfcCAgW8pump_solana,100.png,994676239,"{""solana"":""w43no5vhUjVuvBvPXUVth3oCCymQgPgLfcCAgW8pump""}",18
0x2ef9bdc46c5a3663695d2caec03c152176fea098_binance_smart,star,starcoin,0x2ef9bdc46c5a3663695d2caec03c152176fea098_binance_smart,sta.png,1000000000,"{""binance_smart"":""0x2ef9bdc46c5a3663695d2caec03c152176fea098""}",18
3gBm1WtNhJ5TUt4ApJuRkDYrdgaJecefmjcMbdWhaouf_solana,BNBINU,BNBINU,3gBm1WtNhJ5TUt4ApJuRkDYrdgaJecefmjcMbdWhaouf_solana,bnb.png,1000000000,"{""solana"":""3gBm1WtNhJ5TUt4ApJuRkDYrdgaJecefmjcMbdWhaouf""}",18
0xa1ed61902f13e162305f59e1b2475e269e647777_binance_smart,VIRUS,VIRUS,0xa1ed61902f13e162305f59e1b2475e269e647777_binance_smart,0xa1ed61902f13e162305f59e1b2475e269e647777_binance_smartkc7.png,1000000000,"{""binance_smart"":""0xa1ed61902f13e162305f59e1b2475e269e647777""}",18
0x51dd8687ecc330e337e62acbf931dc251802ffff_ethereum,BTE,Bitreum,0x51dd8687ecc330e337e62acbf931dc251802ffff_ethereum,bte.png,1000000000,"{""ethereum"":""0x51dd8687ecc330e337e62acbf931dc251802ffff""}",18
5oA7W5u9zsiLYXL5EcaBHwQ1thZ2dvHN4RLToxyfJQu6_solana,BANDIT,🔥The PumpFun Heist,5oA7W5u9zsiLYXL5EcaBHwQ1thZ2dvHN4RLToxyfJQu6_solana,ban.png,1000000000,"{""solana"":""5oA7W5u9zsiLYXL5EcaBHwQ1thZ2dvHN4RLToxyfJQu6""}",18
JE8zmsKRivXggZsJxXHBdCkako85YawNtU5hqS4upump_solana,PAX,Paxton Pengu,JE8zmsKRivXggZsJxXHBdCkako85YawNtU5hqS4upump_solana,JE8zmsKRivXggZsJxXHBdCkako85YawNtU5hqS4upump_solanaYQN.png,1000000000,"{""solana"":""JE8zmsKRivXggZsJxXHBdCkako85YawNtU5hqS4upump""}",18
0xadfd49bbe91a530b8fd81e983b20ae8b56834bc1_base,INSTAPY,INSTAPY github.com/instapy/INSTAPY,0xadfd49bbe91a530b8fd81e983b20ae8b56834bc1_base,ins.png,1000000000,"{""base"":""0xadfd49bbe91a530b8fd81e983b20ae8b56834bc1""}",18
3bz2JSpucvsK2W2AdcQsmAMV45Eg75o4mdNr5rgj9bHD_solana,PEXRA,PexraFun,3bz2JSpucvsK2W2AdcQsmAMV45Eg75o4mdNr5rgj9bHD_solana,pex.png,1000000000,"{""solana"":""3bz2JSpucvsK2W2AdcQsmAMV45Eg75o4mdNr5rgj9bHD""}",18
6ZYq5wyvUAA2ZuaZjQEn9Y8C4LGcpeKe9M9r1fLpump_solana,BEAST,OFFICIAL MrBEAST COIN,6ZYq5wyvUAA2ZuaZjQEn9Y8C4LGcpeKe9M9r1fLpump_solana,bea.png,995294848,"{""solana"":""6ZYq5wyvUAA2ZuaZjQEn9Y8C4LGcpeKe9M9r1fLpump""}",18
0xafe9817b4c223994f3477c3dbdaca434643d7777_binance_smart,盘古之家,盘古之家,0xafe9817b4c223994f3477c3dbdaca434643d7777_binance_smart,.png,1000000000,"{""binance_smart"":""0xafe9817b4c223994f3477c3dbdaca434643d7777""}",18
BNyLeY7Nffia7cuyjWG4sSfEJzmjyosaWz27432TkwFX_solana,VRAX,Commander Vrax,BNyLeY7Nffia7cuyjWG4sSfEJzmjyosaWz27432TkwFX_solana,vra.png,1000000000,"{""solana"":""BNyLeY7Nffia7cuyjWG4sSfEJzmjyosaWz27432TkwFX""}",18
0xafdc93ae51e4d9640534f4e44789561c182cdab9_robinhood,EQMODE,Equity Mode,0xafdc93ae51e4d9640534f4e44789561c182cdab9_robinhood,eqm.png,100000000000,"{""robinhood"":""0xafdc93ae51e4d9640534f4e44789561c182cdab9""}",18
0x39a4199fcba7d9fecbba5974c23444065ba1bb07_base,OpenAI,OpenAI,0x39a4199fcba7d9fecbba5974c23444065ba1bb07_base,ope.png,100000000000,"{""base"":""0x39a4199fcba7d9fecbba5974c23444065ba1bb07""}",18
EHmZM5QD7NFpu6hm3o8yYSA6EhYYunHL21fzN2ucpump_solana,Coinomi,Coinomi wallet$,EHmZM5QD7NFpu6hm3o8yYSA6EhYYunHL21fzN2ucpump_solana,coi.png,999816494,"{""solana"":""EHmZM5QD7NFpu6hm3o8yYSA6EhYYunHL21fzN2ucpump""}",18
9VTJJ2TsQoKMp7o9y7G2j16SECLmVNJw7K9orWnBjo2V_solana,GM,GREEN MORNING,9VTJJ2TsQoKMp7o9y7G2j16SECLmVNJw7K9orWnBjo2V_solana,gm.png,1000000000,"{""solana"":""9VTJJ2TsQoKMp7o9y7G2j16SECLmVNJw7K9orWnBjo2V""}",18
0x6fbc7ae9ffe8942b00e339ebbed26f2ff0507777_binance_smart,中本聪,Satoshi Nakamoto,0x6fbc7ae9ffe8942b00e339ebbed26f2ff0507777_binance_smart,.png,1000000000,"{""binance_smart"":""0x6fbc7ae9ffe8942b00e339ebbed26f2ff0507777""}",18
0xca7a1e31b36779cf32acb18714ab26982cf36b05_base,CATALYST,CATALYST,0xca7a1e31b36779cf32acb18714ab26982cf36b05_base,cat.png,1000000,"{""base"":""0xca7a1e31b36779cf32acb18714ab26982cf36b05""}",18
H4KUxsEgCp2yDpFvyDuGM5k6XevSKKrrKUxZ3Zr6nyJc_solana,COCKROACH,cockroach,H4KUxsEgCp2yDpFvyDuGM5k6XevSKKrrKUxZ3Zr6nyJc_solana,coc.png,985792764,"{""solana"":""H4KUxsEgCp2yDpFvyDuGM5k6XevSKKrrKUxZ3Zr6nyJc""}",18
0xadf6dc831662fb5c7862f3f6704699d4547139fa_base,NOTCURSES,NOTCURSES github.com/dankamongmen/NOTCURSES,0xadf6dc831662fb5c7862f3f6704699d4547139fa_base,not.png,1000000000,"{""base"":""0xadf6dc831662fb5c7862f3f6704699d4547139fa""}",18
GtRpEu9vvFeRhxYuVPuSBv4pdGxfrVUEzptGXGFKDNZr_solana,USOS,United States Oil Supply,GtRpEu9vvFeRhxYuVPuSBv4pdGxfrVUEzptGXGFKDNZr_solana,uso.png,999999999,"{""solana"":""GtRpEu9vvFeRhxYuVPuSBv4pdGxfrVUEzptGXGFKDNZr""}",18
0xb57a96ceee0b6f9872ed5d7d57f853e67be06f0f_ethereum,ABX,Allbridge Recovery Token,0xb57a96ceee0b6f9872ed5d7d57f853e67be06f0f_ethereum,abx.png,1971692,"{""ethereum"":""0xb57a96ceee0b6f9872ed5d7d57f853e67be06f0f""}",18
0xba1d3bd2886d613be2e931258d5a92d6fd77ffff_binance_smart,五爷,五爷,0xba1d3bd2886d613be2e931258d5a92d6fd77ffff_binance_smart,.png,1000000000,"{""binance_smart"":""0xba1d3bd2886d613be2e931258d5a92d6fd77ffff""}",18
9ZmkKpVR3NdUcCmG5NByMHBzvjuqGnYpCPYu4zSSBtJv_solana,TERMINAL,Agency Terminal,9ZmkKpVR3NdUcCmG5NByMHBzvjuqGnYpCPYu4zSSBtJv_solana,ter.png,1000000000,"{""solana"":""9ZmkKpVR3NdUcCmG5NByMHBzvjuqGnYpCPYu4zSSBtJv""}",18
0x5886e4d8d6a41a5ea2f3f77f23d7a7e942d581f1_ethereum,KLIK,Klik,0x5886e4d8d6a41a5ea2f3f77f23d7a7e942d581f1_ethereum,0x5886e4d8d6a41a5ea2f3f77f23d7a7e942d581f1_ethereumLMn.png,1000000000,"{""ethereum"":""0x5886e4d8d6a41a5ea2f3f77f23d7a7e942d581f1""}",18
0xb585a63a398965304924c75c2537aae3f0fb464e_robinhood,Collatz,Collatz,0xb585a63a398965304924c75c2537aae3f0fb464e_robinhood,col.png,1000000000,"{""robinhood"":""0xb585a63a398965304924c75c2537aae3f0fb464e""}",18
SQQQAa3gUxgnqcEsdjPA4RQNQBgB97TnG2hJhk2WaGE_solana,SQQQ,ProShares UltraPro Short QQQ - Backpack Securities,SQQQAa3gUxgnqcEsdjPA4RQNQBgB97TnG2hJhk2WaGE_solana,sqq.png,41939,"{""solana"":""SQQQAa3gUxgnqcEsdjPA4RQNQBgB97TnG2hJhk2WaGE""}",18
0x964a234fb71b0d1cd19e580f2c7d1f7538519988_binance_smart,BLUES,BLUES,0x964a234fb71b0d1cd19e580f2c7d1f7538519988_binance_smart,blu.png,10000000000,"{""binance_smart"":""0x964a234fb71b0d1cd19e580f2c7d1f7538519988""}",18
HX4k9ZJ5TUPAfDYCwekrSd7niqJz9koshyPMSNYhpump_solana,UDR,UDR,HX4k9ZJ5TUPAfDYCwekrSd7niqJz9koshyPMSNYhpump_solana,udr.png,992025285,"{""solana"":""HX4k9ZJ5TUPAfDYCwekrSd7niqJz9koshyPMSNYhpump""}",18
tt77Y1jWCR6NnTF3HDQjLV6gVP4RxSbJNf3CS3kpump_solana,HRP,Hormuz Reserve Protocol,tt77Y1jWCR6NnTF3HDQjLV6gVP4RxSbJNf3CS3kpump_solana,hrp.png,996770154,"{""solana"":""tt77Y1jWCR6NnTF3HDQjLV6gVP4RxSbJNf3CS3kpump""}",18
CNoykve56NVz4y7jV1fBcx4jB6xkcv8kiL2ELigeVSWz_solana,HOOKED,Hooked,CNoykve56NVz4y7jV1fBcx4jB6xkcv8kiL2ELigeVSWz_solana,hoo.png,999999832,"{""solana"":""CNoykve56NVz4y7jV1fBcx4jB6xkcv8kiL2ELigeVSWz""}",18
0x8cf263adfd88d72597a251908378a782a4e97aaf_robinhood,knightcat,Knight Cat,0x8cf263adfd88d72597a251908378a782a4e97aaf_robinhood,kni.png,1000000000,"{""robinhood"":""0x8cf263adfd88d72597a251908378a782a4e97aaf""}",18
0x985c6c2a7b35a3cd8ce0bc576b614c7c254ef782_binance_smart,SDM,SDM Token,0x985c6c2a7b35a3cd8ce0bc576b614c7c254ef782_binance_smart,sdm.png,626083,"{""binance_smart"":""0x985c6c2a7b35a3cd8ce0bc576b614c7c254ef782""}",18
EhxGFdrH9NygyvGi5G79y9fqRoexbh5DLcu2TKAdAsZy_solana,こゆき,Koyuki,EhxGFdrH9NygyvGi5G79y9fqRoexbh5DLcu2TKAdAsZy_solana,.png,1000000000,"{""solana"":""EhxGFdrH9NygyvGi5G79y9fqRoexbh5DLcu2TKAdAsZy""}",18
hoot-8ecf65.launchpad.justhoot.near_near-protocol,HOOT,Hoot Test 4 (DO NOT SNIPE),hoot-8ecf65.launchpad.justhoot.near_near-protocol,hoo.png,1000000000,"{""near-protocol"":""hoot-8ecf65.launchpad.justhoot.near""}",18
8vCj18RvpjTvubAGAcNPK4DKFgeKQtP7TL6dgXrgv3MD_solana,闪身步,闪身步,8vCj18RvpjTvubAGAcNPK4DKFgeKQtP7TL6dgXrgv3MD_solana,.png,1000000001,"{""solana"":""8vCj18RvpjTvubAGAcNPK4DKFgeKQtP7TL6dgXrgv3MD""}",18
0x35fb99a1134ced9600374e95199dcc9bead0a531_robinhood,HOODIE,HOODIE,0x35fb99a1134ced9600374e95199dcc9bead0a531_robinhood,0x35fb99a1134ced9600374e95199dcc9bead0a531_robinhood2Xw.png,1000000000,"{""robinhood"":""0x35fb99a1134ced9600374e95199dcc9bead0a531""}",18
0xc60ba256b44334a0cd2c7242e98b88f031abb006_robinhood,V4,Programmable,0xc60ba256b44334a0cd2c7242e98b88f031abb006_robinhood,v4.png,1000000000,"{""robinhood"":""0xc60ba256b44334a0cd2c7242e98b88f031abb006""}",18
HmAeDSq9ANTp3sToUUijC64QYXrVkS9RyJyc3H2spump_solana,Beast,MrBeast,HmAeDSq9ANTp3sToUUijC64QYXrVkS9RyJyc3H2spump_solana,bea.png,992896308,"{""solana"":""HmAeDSq9ANTp3sToUUijC64QYXrVkS9RyJyc3H2spump""}",18
0x977689834cb1822ea31d80307303a76aaa313368_robinhood,MBG,Makan Bergizi Gratis,0x977689834cb1822ea31d80307303a76aaa313368_robinhood,mbg.png,21000000,"{""robinhood"":""0x977689834cb1822ea31d80307303a76aaa313368""}",18
NFLX7qV57zuVxCoHy3s1jiGZyALraLNwttbxdvmYJLJ_solana,NFLX,Netflix - Backpack Securities,NFLX7qV57zuVxCoHy3s1jiGZyALraLNwttbxdvmYJLJ_solana,nfl.png,19571,"{""solana"":""NFLX7qV57zuVxCoHy3s1jiGZyALraLNwttbxdvmYJLJ""}",18
0x990c71fdfa761bcf500ac8753f775ff7fb1b4444_binance_smart,9,714,0x990c71fdfa761bcf500ac8753f775ff7fb1b4444_binance_smart,9.png,1000000000,"{""binance_smart"":""0x990c71fdfa761bcf500ac8753f775ff7fb1b4444""}",18
0xa4b0320fe6158823ce73a26300176747670b5555_binance_smart,CATE,Catecoin,0xa4b0320fe6158823ce73a26300176747670b5555_binance_smart,cat.png,1000000000,"{""binance_smart"":""0xa4b0320fe6158823ce73a26300176747670b5555""}",18
0x10897a25ded3b3f7d8cb9736fccf22c0ef5a414e_robinhood,U,µToken,0x10897a25ded3b3f7d8cb9736fccf22c0ef5a414e_robinhood,0x10897a25ded3b3f7d8cb9736fccf22c0ef5a414e_robinhood6El.png,1000000000,"{""robinhood"":""0x10897a25ded3b3f7d8cb9736fccf22c0ef5a414e""}",18
0xadf1147e58a4154f2a7a2fc20315953db40066c3_base,GOLANGCI-LINT,GOLANGCI-LINT github.com/golangci/GOLANGCI-LINT,0xadf1147e58a4154f2a7a2fc20315953db40066c3_base,gol.png,1000000000,"{""base"":""0xadf1147e58a4154f2a7a2fc20315953db40066c3""}",18
0x355c11826d33ac0cce61f4c1f71eef9363707777_binance_smart,osbook,osbook,0x355c11826d33ac0cce61f4c1f71eef9363707777_binance_smart,0x355c11826d33ac0cce61f4c1f71eef9363707777_binance_smarto7X.png,1000000000,"{""binance_smart"":""0x355c11826d33ac0cce61f4c1f71eef9363707777""}",18
RENzhrJQgmAnfcLhU1U5XwAMc6TC15UA6jCbPBaasnj_solana,IREN,IREN - Backpack Securities,RENzhrJQgmAnfcLhU1U5XwAMc6TC15UA6jCbPBaasnj_solana,ire.png,30849,"{""solana"":""RENzhrJQgmAnfcLhU1U5XwAMc6TC15UA6jCbPBaasnj""}",18
7m8bhnNszB99NLpCimWtME1Bf2MF61n91kjWcVNpump_solana,N1VEC,Vecto1r Cat,7m8bhnNszB99NLpCimWtME1Bf2MF61n91kjWcVNpump_solana,n1v.png,992228022,"{""solana"":""7m8bhnNszB99NLpCimWtME1Bf2MF61n91kjWcVNpump""}",18
EA2WjSdRfUoMfgewNCQuEyZKPuHWFwsSboxeABwSwjfh_solana,FIX6900,Fantasy Index 6900,EA2WjSdRfUoMfgewNCQuEyZKPuHWFwsSboxeABwSwjfh_solana,fix.png,1000000000,"{""solana"":""EA2WjSdRfUoMfgewNCQuEyZKPuHWFwsSboxeABwSwjfh""}",18
GmP6YKgq9cMJxiFh2LocAZo9S7rFiiZKpMS8iVfdpump_solana,OMNIPHX,OMNIPHOENIX,GmP6YKgq9cMJxiFh2LocAZo9S7rFiiZKpMS8iVfdpump_solana,omn.png,1000000000,"{""solana"":""GmP6YKgq9cMJxiFh2LocAZo9S7rFiiZKpMS8iVfdpump""}",18
r5YEd5MA8qrqqCuqqj2pCFmyT3hCwVGw3N7a4qxpump_solana,HOOD,Robinhood,r5YEd5MA8qrqqCuqqj2pCFmyT3hCwVGw3N7a4qxpump_solana,hoo.png,994189802,"{""solana"":""r5YEd5MA8qrqqCuqqj2pCFmyT3hCwVGw3N7a4qxpump""}",18
0x6ac4f55966f82ee3047550e288feb908c44fdae5_polygon-pos,FIN,CASHDESK,0x6ac4f55966f82ee3047550e288feb908c44fdae5_polygon-pos,fin.png,1577728,"{""polygon-pos"":""0x6ac4f55966f82ee3047550e288feb908c44fdae5""}",18
CJZaHX5RQbvKrRyMoUU9D3jyvXj8Yy7QLLmcKvoopump_solana,Pumpkinu,Pumpkinu,CJZaHX5RQbvKrRyMoUU9D3jyvXj8Yy7QLLmcKvoopump_solana,pum.png,1000000000,"{""solana"":""CJZaHX5RQbvKrRyMoUU9D3jyvXj8Yy7QLLmcKvoopump""}",18
0x55d1f1879969bdbb9960d269974564c58dbc3238_morph-l2,BGB,BitgetToken,0x55d1f1879969bdbb9960d269974564c58dbc3238_morph-l2,bgb.png,641414,"{""morph-l2"":""0x55d1f1879969bdbb9960d269974564c58dbc3238""}",18
0x3348a84ba66cd5f9b36c2c3fd7ad1c31dd583333_binance_smart,零号病毒,零号病毒,0x3348a84ba66cd5f9b36c2c3fd7ad1c31dd583333_binance_smart,.png,0,"{""binance_smart"":""0x3348a84ba66cd5f9b36c2c3fd7ad1c31dd583333""}",18
vSsdqBkNyid6XsD2KM8c8tv9H7TSFZRreug2yqkpump_solana,FOMO,fomo,vSsdqBkNyid6XsD2KM8c8tv9H7TSFZRreug2yqkpump_solana,fom.png,996640647,"{""solana"":""vSsdqBkNyid6XsD2KM8c8tv9H7TSFZRreug2yqkpump""}",18
0x4fa7c69a7b69f8bc48233024d546bc299d6b03bf_binance_smart,quq,quq,0x4fa7c69a7b69f8bc48233024d546bc299d6b03bf_binance_smart,0x4fa7c69a7b69f8bc48233024d546bc299d6b03bf_binance_smartNzh.png,1000000000,"{""binance_smart"":""0x4fa7c69a7b69f8bc48233024d546bc299d6b03bf""}",18
0xfbc64764aee3afb6502015421872cd56a2d642f2_binance_smart,牛马人生,牛马人生,0xfbc64764aee3afb6502015421872cd56a2d642f2_binance_smart,.png,9000000000000,"{""binance_smart"":""0xfbc64764aee3afb6502015421872cd56a2d642f2""}",18
3wrWTghXejqxxvkosRyVymwDiEBx7kn3RhKigz8EEKki_solana,SGI,Super Gooner Intelligence,3wrWTghXejqxxvkosRyVymwDiEBx7kn3RhKigz8EEKki_solana,sgi.png,1000000000,"{""solana"":""3wrWTghXejqxxvkosRyVymwDiEBx7kn3RhKigz8EEKki""}",18
B6AhAi28xyTd4LVHAmG5UXZmEGxB3gpySsJkfUhUTFmf_solana,HOOKED,Hooked,B6AhAi28xyTd4LVHAmG5UXZmEGxB3gpySsJkfUhUTFmf_solana,hoo.png,1000000000,"{""solana"":""B6AhAi28xyTd4LVHAmG5UXZmEGxB3gpySsJkfUhUTFmf""}",18
WXMRyRZhsa19ety5erZhHg4N3xj3EVN92u94422teJp_solana,wXMR,Wrapped Monero,WXMRyRZhsa19ety5erZhHg4N3xj3EVN92u94422teJp_solana,wxm.png,2315,"{""solana"":""WXMRyRZhsa19ety5erZhHg4N3xj3EVN92u94422teJp""}",18
45eGkPaZVJ1SnQHskb4dJ5GiePcVif94hFk1Tzzfpump_solana,MrBeast,MrBeast Coin,45eGkPaZVJ1SnQHskb4dJ5GiePcVif94hFk1Tzzfpump_solana,mrb.png,996058254,"{""solana"":""45eGkPaZVJ1SnQHskb4dJ5GiePcVif94hFk1Tzzfpump""}",18
0xc38aedc6add67b13f0ed105540e3d4d1faa62a1f_binance_smart,Pulse,Market,0xc38aedc6add67b13f0ed105540e3d4d1faa62a1f_binance_smart,pul.png,1000000,"{""binance_smart"":""0xc38aedc6add67b13f0ed105540e3d4d1faa62a1f""}",18
0x04cc671f5678902a0d8c7c8ddae64d0d6928bfee_robinhood,PWPLT,PawPilot,0x04cc671f5678902a0d8c7c8ddae64d0d6928bfee_robinhood,0x04cc671f5678902a0d8c7c8ddae64d0d6928bfee_robinhoodtCo.png,100000000000,"{""robinhood"":""0x04cc671f5678902a0d8c7c8ddae64d0d6928bfee""}",18
8DNoP9vWPob5hXMxRa12sbgmmQ5pgvcHwbwF4wnGpump_solana,ChatGPT,ChatGPT,8DNoP9vWPob5hXMxRa12sbgmmQ5pgvcHwbwF4wnGpump_solana,cha.png,995922691,"{""solana"":""8DNoP9vWPob5hXMxRa12sbgmmQ5pgvcHwbwF4wnGpump""}",18
0x001b7c514063de4c1a7ba26271f0d1ee7802423b_robinhood,宝拉,Polar,0x001b7c514063de4c1a7ba26271f0d1ee7802423b_robinhood,.png,1000000000,"{""robinhood"":""0x001b7c514063de4c1a7ba26271f0d1ee7802423b""}",18
0xfa4f58fd46fae74490a9d4cd69ed3eaf1b7d7777_binance_smart,币安支付,Binance Pay,0xfa4f58fd46fae74490a9d4cd69ed3eaf1b7d7777_binance_smart,.png,1000000000,"{""binance_smart"":""0xfa4f58fd46fae74490a9d4cd69ed3eaf1b7d7777""}",18
ZesMGYmokFiEuDvNzWeMhB7jxF6eUW8c512vwSKSTNK_solana,🎒,Just a Backpack,ZesMGYmokFiEuDvNzWeMhB7jxF6eUW8c512vwSKSTNK_solana,.png,1000000000,"{""solana"":""ZesMGYmokFiEuDvNzWeMhB7jxF6eUW8c512vwSKSTNK""}",18
3amQiG6z4GAuFmcPEtyQUKRr1KuroVh7tr5K877ewWue_solana,CATGPT,CatGPT,3amQiG6z4GAuFmcPEtyQUKRr1KuroVh7tr5K877ewWue_solana,cat.png,1000000000,"{""solana"":""3amQiG6z4GAuFmcPEtyQUKRr1KuroVh7tr5K877ewWue""}",18
0x791229e3ebd6cfdc3d8157f48722684173c29ad9_robinhood,SLVR,Slvr,0x791229e3ebd6cfdc3d8157f48722684173c29ad9_robinhood,0x791229e3ebd6cfdc3d8157f48722684173c29ad9_robinhoodzUX.png,36506,"{""robinhood"":""0x791229e3ebd6cfdc3d8157f48722684173c29ad9""}",18
0x81749e7258f9e577f61f49abeeb426b70f561b89_cronos,PAXG,Paxos Gold,0x81749e7258f9e577f61f49abeeb426b70f561b89_cronos,pax.png,300,"{""cronos"":""0x81749e7258f9e577f61f49abeeb426b70f561b89""}",18
0x6918d22e2ac59ec9a1510f6a1764eaf91547d6a8_binance_smart,GX,归墟,0x6918d22e2ac59ec9a1510f6a1764eaf91547d6a8_binance_smart,gx.png,100000,"{""binance_smart"":""0x6918d22e2ac59ec9a1510f6a1764eaf91547d6a8""}",18
0x6cb626c895381f8af4f580392c3d6cf8dd331a22_binance_smart,CMSN,Cmsn,0x6cb626c895381f8af4f580392c3d6cf8dd331a22_binance_smart,cms.png,1737,"{""binance_smart"":""0x6cb626c895381f8af4f580392c3d6cf8dd331a22""}",18
0x3ad46a43fdb1b91ed5245325ba1562c4d3c19fdf_robinhood,CASHDOG,Cash Dog,0x3ad46a43fdb1b91ed5245325ba1562c4d3c19fdf_robinhood,cas.png,1000000000,"{""robinhood"":""0x3ad46a43fdb1b91ed5245325ba1562c4d3c19fdf""}",18
0x0e920821464625cf661a4dcedeb6406e1b48ffff_binance_smart,SPX001,SPACEBOX,0x0e920821464625cf661a4dcedeb6406e1b48ffff_binance_smart,spx.png,1000000000,"{""binance_smart"":""0x0e920821464625cf661a4dcedeb6406e1b48ffff""}",18
0x7ffa0e19aa4e252f8d5ee08933e9d880a7aaebd8_arc,LONG,LONG,0x7ffa0e19aa4e252f8d5ee08933e9d880a7aaebd8_arc,lon.png,1000000000,"{""arc"":""0x7ffa0e19aa4e252f8d5ee08933e9d880a7aaebd8""}",18
9dSMwFfPezQ8WPcW1uZV7ns4rcviEj2LssSAg75WBLXd_solana,Aiden,The Day Trader,9dSMwFfPezQ8WPcW1uZV7ns4rcviEj2LssSAg75WBLXd_solana,aid.png,979705940,"{""solana"":""9dSMwFfPezQ8WPcW1uZV7ns4rcviEj2LssSAg75WBLXd""}",18
EX9XVFuE7VDs4dUG8vdtaAtkBH9uxdhQQaComMiughLx_solana,BI,Binance Inu,EX9XVFuE7VDs4dUG8vdtaAtkBH9uxdhQQaComMiughLx_solana,bi.png,999999984,"{""solana"":""EX9XVFuE7VDs4dUG8vdtaAtkBH9uxdhQQaComMiughLx""}",18
DBySUgc4HtaDwXeHwsa952tQZLf8seruF4k2ieRPpvoc_solana,AXIS,Axis Robotics,DBySUgc4HtaDwXeHwsa952tQZLf8seruF4k2ieRPpvoc_solana,axi.png,100000000000,"{""solana"":""DBySUgc4HtaDwXeHwsa952tQZLf8seruF4k2ieRPpvoc""}",18
0xeb86cabc07cf2461acef551eee1fe522facc4f7f_x-layer,OKS,OKS,0xeb86cabc07cf2461acef551eee1fe522facc4f7f_x-layer,oks.png,21000000,"{""x-layer"":""0xeb86cabc07cf2461acef551eee1fe522facc4f7f""}",18
0x37844c70e005a02824f1bf612fffa064f96a3033_robinhood,STKDOG,StockTokenDog,0x37844c70e005a02824f1bf612fffa064f96a3033_robinhood,0x37844c70e005a02824f1bf612fffa064f96a3033_robinhoodmMC.png,100000000000,"{""robinhood"":""0x37844c70e005a02824f1bf612fffa064f96a3033""}",18
GECsLFEUEk3kTbsvBGcAkv4ZGP3doJpo7R9eWMHMD3xs_solana,JUMP,Jumper,GECsLFEUEk3kTbsvBGcAkv4ZGP3doJpo7R9eWMHMD3xs_solana,jum.png,100000000000,"{""solana"":""GECsLFEUEk3kTbsvBGcAkv4ZGP3doJpo7R9eWMHMD3xs""}",18
0xde7fdc32ebca4795a1634c91d4f1d42c641703b9_robinhood,ANYR,Anyroute,0xde7fdc32ebca4795a1634c91d4f1d42c641703b9_robinhood,any.png,1000000000,"{""robinhood"":""0xde7fdc32ebca4795a1634c91d4f1d42c641703b9""}",18
EF8JDLzCvqH11wPWKgU5Wj7tLZyZWDfTAk9iF459pump_solana,USA250,America 250,EF8JDLzCvqH11wPWKgU5Wj7tLZyZWDfTAk9iF459pump_solana,usa.png,995304521,"{""solana"":""EF8JDLzCvqH11wPWKgU5Wj7tLZyZWDfTAk9iF459pump""}",18
BDqeKTm7e69NUwrcwrZDqmLDREsGFmc9aanfpyaMS3oK_solana,JACK,JACK,BDqeKTm7e69NUwrcwrZDqmLDREsGFmc9aanfpyaMS3oK_solana,jac.png,999999940,"{""solana"":""BDqeKTm7e69NUwrcwrZDqmLDREsGFmc9aanfpyaMS3oK""}",18
0xc3de830ea07524a0761646a6a4e4be0e114a3c83_base,UNI,Uniswap,0xc3de830ea07524a0761646a6a4e4be0e114a3c83_base,uni.png,133448,"{""base"":""0xc3de830ea07524a0761646a6a4e4be0e114a3c83""}",18
0xadf0e9720dda45c332a6a75e9a33e5ef37a8ce0f_base,CHUMSKY,CHUMSKY github.com/zesterer/CHUMSKY,0xadf0e9720dda45c332a6a75e9a33e5ef37a8ce0f_base,chu.png,1000000000,"{""base"":""0xadf0e9720dda45c332a6a75e9a33e5ef37a8ce0f""}",18
0x1b87b0a6a3776d3b10351cd7005081fe08a05ea2_fonchain,火箭,Rocket,0x1b87b0a6a3776d3b10351cd7005081fe08a05ea2_fonchain,.png,210000000,"{""fonchain"":""0x1b87b0a6a3776d3b10351cd7005081fe08a05ea2""}",18
5QWipx7csbcyqUHC43tjMWxLhL3G4FutTpnNKEN5efVQ_solana,CT,City Protocol,5QWipx7csbcyqUHC43tjMWxLhL3G4FutTpnNKEN5efVQ_solana,ct.png,100000000000,"{""solana"":""5QWipx7csbcyqUHC43tjMWxLhL3G4FutTpnNKEN5efVQ""}",18
0xff84785bb0ec44c992a796e0c444e406ca9d4838_arc,AF,Arcflow,0xff84785bb0ec44c992a796e0c444e406ca9d4838_arc,af.png,1000000000,"{""arc"":""0xff84785bb0ec44c992a796e0c444e406ca9d4838""}",18
qptxT4qQsv1RirnZKtQ6Kb9se7e7bDv76CvQjcTpump_solana,MrBeast,MrBeast,qptxT4qQsv1RirnZKtQ6Kb9se7e7bDv76CvQjcTpump_solana,mrb.png,997719849,"{""solana"":""qptxT4qQsv1RirnZKtQ6Kb9se7e7bDv76CvQjcTpump""}",18
0xc58e6a3fd3658e82752a3a04cbc723a2edbe7777_binance_smart,SafeX,SafeX,0xc58e6a3fd3658e82752a3a04cbc723a2edbe7777_binance_smart,saf.png,1000000000,"{""binance_smart"":""0xc58e6a3fd3658e82752a3a04cbc723a2edbe7777""}",18
0x73c2de14c7fa0a57cc2d9722b959ea70b881ffe4_robinhood,BOOMER,Boomer,0x73c2de14c7fa0a57cc2d9722b959ea70b881ffe4_robinhood,0x73c2de14c7fa0a57cc2d9722b959ea70b881ffe4_robinhood2ot.png,1000000000,"{""robinhood"":""0x73c2de14c7fa0a57cc2d9722b959ea70b881ffe4""}",18
C6YyGisqmf2Wmd2UGwzsTdsJcoeupxkHradv4yXfpump_solana,VSOF,VSOF,C6YyGisqmf2Wmd2UGwzsTdsJcoeupxkHradv4yXfpump_solana,vso.png,981786945,"{""solana"":""C6YyGisqmf2Wmd2UGwzsTdsJcoeupxkHradv4yXfpump""}",18
2zCo6bUowJMvr89ajxuWsPadAqJ2F9akCkxumNsSdgsL_solana,xBTC,xBTC,2zCo6bUowJMvr89ajxuWsPadAqJ2F9akCkxumNsSdgsL_solana,xbt.png,519188,"{""solana"":""2zCo6bUowJMvr89ajxuWsPadAqJ2F9akCkxumNsSdgsL""}",18
5CqkawbaZazdhVRgkzDnpKB8o89wWuB6wnmCYKKZpump_solana,SI,Super Intelligence,5CqkawbaZazdhVRgkzDnpKB8o89wWuB6wnmCYKKZpump_solana,si.png,974852082,"{""solana"":""5CqkawbaZazdhVRgkzDnpKB8o89wWuB6wnmCYKKZpump""}",18
0xadf0d31463cb2f2a88dbf0bcb22964a7d5960c25_base,PRISMA,PRISMA github.com/prisma/PRISMA,0xadf0d31463cb2f2a88dbf0bcb22964a7d5960c25_base,pri.png,1000000000,"{""base"":""0xadf0d31463cb2f2a88dbf0bcb22964a7d5960c25""}",18
0x74ccd8416cbc4e4a864176c2707bc1434819ef0f_robinhood,HOOKR,Hookr.fun,0x74ccd8416cbc4e4a864176c2707bc1434819ef0f_robinhood,hoo.png,1000000000,"{""robinhood"":""0x74ccd8416cbc4e4a864176c2707bc1434819ef0f""}",18
0xc6bff31bbfa84d3c05ad61d8ec47be8b31517777_binance_smart,Marvin,The Martian Dog,0xc6bff31bbfa84d3c05ad61d8ec47be8b31517777_binance_smart,mar.png,1000000000,"{""binance_smart"":""0xc6bff31bbfa84d3c05ad61d8ec47be8b31517777""}",18
0x5052595736decf786f08680c7199e78d5b71dd56_binance_smart,币安能飞,币安能飞,0x5052595736decf786f08680c7199e78d5b71dd56_binance_smart,.png,10000000000000,"{""binance_smart"":""0x5052595736decf786f08680c7199e78d5b71dd56""}",18
0xb87ef3e09fc5a0b75e805a7c883ba39eb2f8ab07_base,Muse,Muse,0xb87ef3e09fc5a0b75e805a7c883ba39eb2f8ab07_base,mus.png,100000000000,"{""base"":""0xb87ef3e09fc5a0b75e805a7c883ba39eb2f8ab07""}",18
0x7f129314373451f54a9edbda701d4475745f95d3_robinhood,VECTIS,VECTIS,0x7f129314373451f54a9edbda701d4475745f95d3_robinhood,vec.png,1000000000,"{""robinhood"":""0x7f129314373451f54a9edbda701d4475745f95d3""}",18
0x7694c19f9a5a50bc985ea704a99835dec16e8bd1_arc,ASTOCK,ArcStocks,0x7694c19f9a5a50bc985ea704a99835dec16e8bd1_arc,ast.png,1000000000,"{""arc"":""0x7694c19f9a5a50bc985ea704a99835dec16e8bd1""}",18
DoGEV7LASBkQbibMc5k5vKnTZoMg423GpJ5QtJEGfm7R_solana,DOGE,Dogecoin,DoGEV7LASBkQbibMc5k5vKnTZoMg423GpJ5QtJEGfm7R_solana,dog.png,11866236,"{""solana"":""DoGEV7LASBkQbibMc5k5vKnTZoMg423GpJ5QtJEGfm7R""}",18
5cg6QnabuagTDFyqt6GmYjsYaLmcPc7X4WCoeCS3pump_solana,Meta,Meta,5cg6QnabuagTDFyqt6GmYjsYaLmcPc7X4WCoeCS3pump_solana,met.png,995434241,"{""solana"":""5cg6QnabuagTDFyqt6GmYjsYaLmcPc7X4WCoeCS3pump""}",18
0x9ba8555fd5dca3cec5d0297040efe40ed3bbd726_binance_smart,AQT,AQT,0x9ba8555fd5dca3cec5d0297040efe40ed3bbd726_binance_smart,aqt.png,100000000,"{""binance_smart"":""0x9ba8555fd5dca3cec5d0297040efe40ed3bbd726""}",18
cbADAmv9issuPfhFwyQG3xac4DGPd1LDSt1oz7vwJsg_solana,cbADA,Coinbase Wrapped ADA,cbADAmv9issuPfhFwyQG3xac4DGPd1LDSt1oz7vwJsg_solana,cba.png,4503406,"{""solana"":""cbADAmv9issuPfhFwyQG3xac4DGPd1LDSt1oz7vwJsg""}",18
0xc08083d41d9c1728255f1cb736dca1eb955ec907_arc,COOL,usdc is cool,0xc08083d41d9c1728255f1cb736dca1eb955ec907_arc,coo.png,1000000000,"{""arc"":""0xc08083d41d9c1728255f1cb736dca1eb955ec907""}",18
GYSnYtmWWrzyN6ugmtT4oTWJRmEvjWW47jjRn6Z5wdGV_solana,COCKROACH,cockroach,GYSnYtmWWrzyN6ugmtT4oTWJRmEvjWW47jjRn6Z5wdGV_solana,coc.png,1000000000,"{""solana"":""GYSnYtmWWrzyN6ugmtT4oTWJRmEvjWW47jjRn6Z5wdGV""}",18
EaxAUcXxNnVwcqm2BBocbows7D1XVY2Q63V38NEypump_solana,GTA 6 Coin,GTA6,EaxAUcXxNnVwcqm2BBocbows7D1XVY2Q63V38NEypump_solana,gta.png,997843968,"{""solana"":""EaxAUcXxNnVwcqm2BBocbows7D1XVY2Q63V38NEypump""}",18
0x11116f6fc6145fe83e1e11f363210f90e2761111_binance_smart,TAIYI,TaiYi Token,0x11116f6fc6145fe83e1e11f363210f90e2761111_binance_smart,tai.png,21000000,"{""binance_smart"":""0x11116f6fc6145fe83e1e11f363210f90e2761111""}",18
0xe10261efa6fd4d6d21d16e0eca6bc2afe8cf14aa_binance_smart,XZEC,XZEC,0xe10261efa6fd4d6d21d16e0eca6bc2afe8cf14aa_binance_smart,xze.png,2100000,"{""binance_smart"":""0xe10261efa6fd4d6d21d16e0eca6bc2afe8cf14aa""}",18
0xfeec77e6206ce5d184ba749211ac26f3dfab806c_ethereum,fwAZTEC,Few Wrapped AZTEC,0xfeec77e6206ce5d184ba749211ac26f3dfab806c_ethereum,fwa.png,62410321,"{""ethereum"":""0xfeec77e6206ce5d184ba749211ac26f3dfab806c""}",18
0xd431e0257154b255628fc3a0a6b2ea940eb27777_binance_smart,MERA,MARSERA,0xd431e0257154b255628fc3a0a6b2ea940eb27777_binance_smart,mer.png,1000000000,"{""binance_smart"":""0xd431e0257154b255628fc3a0a6b2ea940eb27777""}",18
0x9732dadf0af107404b865eba399aed57bd743333_binance_smart,金牛,GOLDEN BULL,0x9732dadf0af107404b865eba399aed57bd743333_binance_smart,.png,21000000,"{""binance_smart"":""0x9732dadf0af107404b865eba399aed57bd743333""}",18
H4ffkcN73hjnB3fxcs3ksjG6DjxguhSuCm6rpGyb6VqM_solana,TRENCHDOTS,trenchdots.fun,H4ffkcN73hjnB3fxcs3ksjG6DjxguhSuCm6rpGyb6VqM_solana,tre.png,1000000000,"{""solana"":""H4ffkcN73hjnB3fxcs3ksjG6DjxguhSuCm6rpGyb6VqM""}",18
0xe19e00a3c3dd67ba49575dc7fabbe568ac35914a_robinhood,SIF,Super Intelligent factory,0xe19e00a3c3dd67ba49575dc7fabbe568ac35914a_robinhood,sif.png,1000000000,"{""robinhood"":""0xe19e00a3c3dd67ba49575dc7fabbe568ac35914a""}",18
0x46ddcc662a045770ce1e264819542c9617547777_binance_smart,BANK,BNB BANK,0x46ddcc662a045770ce1e264819542c9617547777_binance_smart,0x46ddcc662a045770ce1e264819542c9617547777_binance_smarto5C.png,1000000000,"{""binance_smart"":""0x46ddcc662a045770ce1e264819542c9617547777""}",18
E9xL7DnFZ8fKpcGBb1KaaJSkgq8C2WjssMbQzEb8bqHw_solana,CT,City Protocol,E9xL7DnFZ8fKpcGBb1KaaJSkgq8C2WjssMbQzEb8bqHw_solana,ct.png,100000000000,"{""solana"":""E9xL7DnFZ8fKpcGBb1KaaJSkgq8C2WjssMbQzEb8bqHw""}",18
EuCMwTkZnjFxaYnH7f9wa39GT2GE3j2MCAGUYijppump_solana,SAI,Super AI,EuCMwTkZnjFxaYnH7f9wa39GT2GE3j2MCAGUYijppump_solana,sai.png,983045272,"{""solana"":""EuCMwTkZnjFxaYnH7f9wa39GT2GE3j2MCAGUYijppump""}",18
0xb78afd7a8ece14007e35fe0f1e2b3a774f8714c8_robinhood,SI,Stonk Inu,0xb78afd7a8ece14007e35fe0f1e2b3a774f8714c8_robinhood,si.png,1000000000,"{""robinhood"":""0xb78afd7a8ece14007e35fe0f1e2b3a774f8714c8""}",18
EJw6NpSbL7phPo3Rg2YLhHJs8iwpHz1AUPCgb8ws6tKT_solana,AI,Artificial Inu,EJw6NpSbL7phPo3Rg2YLhHJs8iwpHz1AUPCgb8ws6tKT_solana,ai.png,999999936,"{""solana"":""EJw6NpSbL7phPo3Rg2YLhHJs8iwpHz1AUPCgb8ws6tKT""}",18
0x4e5195469a0360f5dfe811730c9ccacff0a0feee_robinhood,r33,xRAM Liquid Staking Token,0x4e5195469a0360f5dfe811730c9ccacff0a0feee_robinhood,0x4e5195469a0360f5dfe811730c9ccacff0a0feee_robinhood6YJ.png,22073995,"{""robinhood"":""0x4e5195469a0360f5dfe811730c9ccacff0a0feee""}",18
0x817997ca8394e26cce3de3a076a4889b27dbf9de_stable,WgUSDT,Wrapped gUSDT,0x817997ca8394e26cce3de3a076a4889b27dbf9de_stable,0x817997ca8394e26cce3de3a076a4889b27dbf9de_stableN30.png,1064444,"{""stable"":""0x817997ca8394e26cce3de3a076a4889b27dbf9de""}",18
LihFw8UA4t9nSbMaPzKurp4kq5qpKjGp6AnjEfA7QQ4_solana,RAMP,Ramp Capital LLC,LihFw8UA4t9nSbMaPzKurp4kq5qpKjGp6AnjEfA7QQ4_solana,ram.png,1000000000,"{""solana"":""LihFw8UA4t9nSbMaPzKurp4kq5qpKjGp6AnjEfA7QQ4""}",18
0xcaf66eb2c00d206d741a654face34768cf2a7777_binance_smart,BI,Binance Inu,0xcaf66eb2c00d206d741a654face34768cf2a7777_binance_smart,bi.png,1000000000,"{""binance_smart"":""0xcaf66eb2c00d206d741a654face34768cf2a7777""}",18
7ssJZGFT3twGqeYA1kvpoMWwZYvMZvrMEbjRaWgg46BL_solana,BUTTHOLE,BUTTHOLE,7ssJZGFT3twGqeYA1kvpoMWwZYvMZvrMEbjRaWgg46BL_solana,but.png,1000000000,"{""solana"":""7ssJZGFT3twGqeYA1kvpoMWwZYvMZvrMEbjRaWgg46BL""}",18
0xc2400658ba8911f535300c626e3168060c871666_binance_smart,BUDDY,BUDDY,0xc2400658ba8911f535300c626e3168060c871666_binance_smart,bud.png,1000000000,"{""binance_smart"":""0xc2400658ba8911f535300c626e3168060c871666""}",18
0xf6af8b63e7f585e568cb3c3f8cf5a3ca0c50921f_robinhood,PAID,Paid,0xf6af8b63e7f585e568cb3c3f8cf5a3ca0c50921f_robinhood,pai.png,1000000000,"{""robinhood"":""0xf6af8b63e7f585e568cb3c3f8cf5a3ca0c50921f""}",18
avaxGHCq3T7hoxd73oY2KY9hJSTaeMibXvHy5KNzh5D_solana,AVAX,AVAX,avaxGHCq3T7hoxd73oY2KY9hJSTaeMibXvHy5KNzh5D_solana,ava.png,94854,"{""solana"":""avaxGHCq3T7hoxd73oY2KY9hJSTaeMibXvHy5KNzh5D""}",18
7KEPApdbBMByrmqihz3bht2uMhFQcatjfSFQCKq66kH3_solana,DARK,DarkSwap,7KEPApdbBMByrmqihz3bht2uMhFQcatjfSFQCKq66kH3_solana,dar.png,1000000000,"{""solana"":""7KEPApdbBMByrmqihz3bht2uMhFQcatjfSFQCKq66kH3""}",18
9GUgY6xKNEM5JCRcapr86od9KxZ6V5y1EdyQ9ENKmz4i_solana,Anon,Anon,9GUgY6xKNEM5JCRcapr86od9KxZ6V5y1EdyQ9ENKmz4i_solana,ano.png,1000000000,"{""solana"":""9GUgY6xKNEM5JCRcapr86od9KxZ6V5y1EdyQ9ENKmz4i""}",18
0xabffa443547b34ab6c3b3173d26e233900527777_binance_smart,TRUMAN,Truman World,0xabffa443547b34ab6c3b3173d26e233900527777_binance_smart,tru.png,1000000000,"{""binance_smart"":""0xabffa443547b34ab6c3b3173d26e233900527777""}",18
