id,symbol,name,slug,logo,total_supply,contract,decimals
7LNFZcNigZay5U9e2sq6n2Z4iM8BC2Dd53L14pwvpump_solana,MIU,Miu,miu-3,miu-343u.png,996582160,"{""solana"":""7LNFZcNigZay5U9e2sq6n2Z4iM8BC2Dd53L14pwvpump""}",18
biaoqing-tron,BIAO,Biaoqing TRON,biaoqing-tron,biaoqing-tron9S3.png,1000000000,"{""tron"":""TR95WcjR78Y4puyv8BkbFuxaf4WcvmmPpd""}",18
1-million-circles,CIRCLES,1 Million Circles,1-million-circles,1-million-circlesGEz.png,944753207,"{""solana"":""Aea8zJW7jp1wkct3BjMeekBC1RQnHQyrvNutigc3pump""}",18
sleuthai,SLEUTH,SleuthAI,sleuthai,sleuthai3Rf.png,100000000000,"{""base"":""0x08512bc3570d2e9015a60866d1f6941a31576ba3""}",18
wanswap,WASP,WanSwap [OLD],wanswap,wanswapXnx.png,210000000,"{""wanchain"":""0x8b9f9f4aa70b1b0d586be8adfb19c1ac38e05e9a""}",18
sister,SSTR,SISTER,sister,sisterERj.png,9982404678,"{""starknet"":""0x0102d5e124c51b936ee87302e0f938165aec96fb6c2027ae7f3a5ed46c77573b""}",18
8ZeTmGGktvSwSSghx8btbTAVGdWogThKM4DQBJgRpump_solana,ROME,All Roads Lead To Rome,all-roads-lead-to-rome,all-roads-lead-to-rome8ej.png,999509474,"{""solana"":""8ZeTmGGktvSwSSghx8btbTAVGdWogThKM4DQBJgRpump""}",18
kwak,KWAK,KWAK,kwak,kwakhWs.png,1000000000,"{""elrond"":""KWAK-469ab0""}",18
ACpzkGJV3DDU8HXy8yjab7RL9qNmDGym2GwLkzNppump_solana,SON,"Are Ya Winning, Son?",are-ya-winning-son-2,are-ya-winning-son-2JSF.png,999837406,"{""solana"":""ACpzkGJV3DDU8HXy8yjab7RL9qNmDGym2GwLkzNppump""}",18
liquid-bgt,LBGT,Liquid BGT,liquid-bgt,liquid-bgt4dH.png,206994,"{""berachain"":""0xbaadcc2962417c01af99fb2b7c75706b9bd6babe""}",18
5mfWKJrjVtpZo8EvwbytFWH5X6T8YecxrrYCgskjpump_solana,MEGA,Make Europe Great Again,make-europe-great-again,5mfWKJrjVtpZo8EvwbytFWH5X6T8YecxrrYCgskjpump_solana1Ca.png,998977293,"{""solana"":""5mfWKJrjVtpZo8EvwbytFWH5X6T8YecxrrYCgskjpump""}",18
playground-2,PBUX,Playground,playground-2,playground-28m5.png,989925891,"{""robinhood"":""0x0cc8522ca4f423638032d0211a6e823392a1eae1""}",18
playfun,PLAYFUN,PLAYFUN,playfun,playfunTuD.png,199464816545,"{""binance_smart"":""0x002d0619eab294d21fef071f8b780cae7e999999""}",18
pacu-jalur,BOATKID,Pacu Jalur,pacu-jalur,pacu-jalurrnn.png,997253923,"{""solana"":""FJjKH9Xp2SvNDNUSN7X9T4uMNafFEYzbZpnwEZXKpump""}",18
ramses-exchange,RAM,Ramses Exchange [OLD],ramses-exchange,ramses-exchangewpK.png,855226258,"{""arbitrum-one"":""0xaaa6c1e32c55a7bfa8066a6fae9b42650f262418""}",18
F7Hwf8ib5DVCoiuyGr618Y3gon429Rnd1r5F9R5upump_solana,WORK,WORK,work,F7Hwf8ib5DVCoiuyGr618Y3gon429Rnd1r5F9R5upump_solanaVYt.png,999997534,"{""solana"":""F7Hwf8ib5DVCoiuyGr618Y3gon429Rnd1r5F9R5upump""}",18
ginnan,GINNAN,Ginnan,ginnan,ginnanMMc.png,1000000000000,"{""ethereum"":""0x50d7ee9708fec39673c92e1aae048eb3685eea9b""}",18
equifold,EQUI,EquiFold,equifold,equifoldWW2.png,982256987,"{""robinhood"":""0x9d783133a3ff9ba27fa1605547368cf9a316341e""}",18
0x4b524015d54a27d4472f5c59c570730d69499ba3_base,NOELCLAW,NoelClaw,noelclaw,0x4b524015d54a27d4472f5c59c570730d69499ba3_baseZww.png,100000000000,"{""base"":""0x4b524015d54a27d4472f5c59c570730d69499ba3""}",18
cato,CATO,CATO,cato,cato0nI.png,300000000,"{""solana"":""5p2zjqCd1WJzAVgcEnjhb9zWDU7b9XVhFhx4usiyN7jB""}",18
covenant,CVNT,Covenant,covenant,covenant3L0.png,999992382,"{""solana"":""2mNVZ6aEjrGwiUVCfz7XGWpiXuWzgBDoznwE579upump""}",18
8f1zccZPpbjz17Ay9wZKT5Mx2oPtUyxAVz5p5yzEbonk_solana,BEST,Bestcoin,bestcoin,bestcoinazS.png,67228105467,"{""solana"":""8f1zccZPpbjz17Ay9wZKT5Mx2oPtUyxAVz5p5yzEbonk""}",18
hbarbarian,HBARBARIAN,HBARbarian,hbarbarian,hbarbarian8oi.png,10000000000,"{""hedera-hashgraph"":""0x0000000000000000000000000000000000497fbc""}",18
gigachadgpt,$GIGA,GigaChadGPT,gigachadgpt,gigachadgptzQ8.png,100000000,"{""binance_smart"":""0x682f8fddfec6ebdf6c7bf1c0eec276b37a647d59""}",18
nsure-network,NSURE,Nsure Network,nsure-network,nsure-networkDeq.png,72963060,"{""ethereum"":""0x20945ca1df56d237fd40036d47e866c7dccd2114""}",18
pepewifhat,PIF,pepewifhat,pepewifhat,pepewifhatTCU.png,69420000000,"{""songbird"":""8vrnnknwerunjeedtefoxzaxbxgney61fpbx8utvksud"",""solana"":""8vRnnknwERunJEEDtEFoxzaxbxGnEY61FPbx8uTVKsUD""}",18
0x1308ae20e66e43d575a76b5dfb30771a50c9256a_base,BFROG,BaseFrog,basefrog,basefrogUSG.png,210000000,"{""base"":""0x1308ae20e66e43d575a76b5dfb30771a50c9256a""}",18
0x6a54aa801607a09f11be4f83fcc324696163bb07_base,CLAWSHI,Clawshi,clawshi,clawshit4C.png,100000000000,"{""base"":""0x6a54aa801607a09f11be4f83fcc324696163bb07""}",18
-3,MEOW,Meow Meow Coin,-3,-3I8H.png,420690000000,"{""ethereum"":""0x77be1ba1cd2d7a63bffc772d361168cc327dd8bc""}",18
watcoin,WAT,WATCoin,watcoin,watcoinvJG.png,69696969696,"{""the-open-network"":""EQCEqz2x3-Ub_EO4Y5798NNoqKw1tP_tJ6b9y-X0C4uvs8Zf""}",18
solidlydex,SOLID,Solidly,solidlydex,solidlydexteF.png,93175097,"{""ethereum"":""0x777172d858dc1599914a1c4c6c9fc48c99a60990"",""fantom"":""0x777cf5ba9c291a1a8f57ff14836f6f9dc5c0f9dd""}",18
0xbeb0fd48c2ba0f1aacad2814605f09e08a96b94e_base,GME,GME (Base),gamestop-2,gamestop-2IC3.png,100000000,"{""base"":""0xbeb0fd48c2ba0f1aacad2814605f09e08a96b94e""}",18
2Xn4cBcrksaBMMxw8EbwuxY7iG8HUiZx1XEiCXQsGeSo_solana,MAGAPEPE,MAGA PEPE,maga-pepe,maga-pepeejC.png,0,"{""solana"":""2Xn4cBcrksaBMMxw8EbwuxY7iG8HUiZx1XEiCXQsGeSo""}",18
thundercore-bridged-tt-weth-thundercore,TT-WETH,ThunderCore Bridged TT-WETH (ThunderCore),thundercore-bridged-tt-weth-thundercore,thundercore-bridged-tt-weth-thundercorelua.png,23.7855,"{""thundercore"":""0x6576bb918709906dcbfdceae4bb1e6df7c8a1077""}",18
BPUDuDxG2xyeKyDQ3bqDyPvTmCjXado5ETcGKV1wKhhC_solana,KILLA,The Bitcoin Killa,the-bitcoin-killa,the-bitcoin-killaiBd.png,21000,"{""solana"":""BPUDuDxG2xyeKyDQ3bqDyPvTmCjXado5ETcGKV1wKhhC""}",18
jk1T35eWK41MBMM8AWoYVaNbjHEEQzMDetTsfnqpump_solana,SOL,Sol The Trophy Tomato,sol-the-trophy-tomato,jk1T35eWK41MBMM8AWoYVaNbjHEEQzMDetTsfnqpump_solanab92.png,820342717,"{""solana"":""jk1T35eWK41MBMM8AWoYVaNbjHEEQzMDetTsfnqpump""}",18
baby-trump-bsc,BABYTRUMP,Baby Trump (BSC),baby-trump-bsc,baby-trump-bscUoR.png,474474474,"{""binance_smart"":""0xe66fd34c0f8726a5eb97f6d45c5a5df4d57d39fc""}",18
0x7cf7132ede0ca592a236b6198a681bb7b42dd5ae_base,BOLT,BOLT on Base,bolt-on-base,bolt-on-baseWiF.png,955358258,"{""base"":""0x7cf7132ede0ca592a236b6198a681bb7b42dd5ae""}",18
0x820c5f0fb255a1d18fd0ebb0f1ccefbc4d546da7_base,A0X,A0x,a0x,0x820c5f0fb255a1d18fd0ebb0f1ccefbc4d546da7_baseSM4.png,99943379469,"{""base"":""0x820c5f0fb255a1d18fd0ebb0f1ccefbc4d546da7""}",18
southwest-airlines-co-backpack-securities,LUV,Southwest Airlines Co. (Backpack Securities),southwest-airlines-co-backpack-securities,southwest-airlines-co-backpack-securitiesqUx.png,1085,"{""solana"":""LUV9GB51PNZNRyzzyYK3rtqFfvDvWtRiXZ34wVq2HrX""}",18
port-finance,PORT,Port Finance,port-finance,port-financeELT.png,99972903,"{""solana"":""PoRTjZMPXb9T7dyU7tpLEZRQj7e6ssfAE62j2oQuc6y""}",18
J2eaKn35rp82T6RFEsNK9CLRHEKV9BLXjedFM3q6pump_solana,FTP,Feed The People,feed-the-people,J2eaKn35rp82T6RFEsNK9CLRHEKV9BLXjedFM3q6pump_solanaffU.png,999766415,"{""solana"":""J2eaKn35rp82T6RFEsNK9CLRHEKV9BLXjedFM3q6pump""}",18
the-survivors,SURV,THE SURVIVORS,the-survivors,the-survivors5gV.png,946192788,"{""solana"":""C1C3YwhdXxcpeKchuth6sNjmvgQXSqnoRN9UXucipump""}",18
0x27cf096db452425c51daa356e7d9c574c75e8737_ethereum,PTC,PATIC,patic,paticeMY.png,50000000000,"{""ethereum"":""0x27cf096db452425c51daa356e7d9c574c75e8737""}",18
bitcoin-inu,BTCINU,Bitcoin Inu,bitcoin-inu,bitcoin-inupKA.png,21000000,"{""ethereum"":""0x584a4dd38d28fd1ea0e147ba7b70aed29a37e335""}",18
0xc47da4cb96ce65a96844a01bfae509f9d5454534_optimistic-ethereum,JPYT,Dephaser JPY,dephaser-jpy,dephaser-jpyoe3.png,7389792,"{""optimistic-ethereum"":""0xc47da4cb96ce65a96844a01bfae509f9d5454534"",""base"":""0xc47da4cb96ce65a96844a01bfae509f9d5454534""}",18
phili-inu,PHIL,Phili Inu,phili-inu,phili-inujwY.png,1000000000000000,"{""flare-network"":""0x932e691aa8c8306c4bb0b19f3f00a284371be8ba""}",18
tech,TECH,NumberGoUpTech,tech,techw1k.png,65243672635,"{""avalanche"":""0x5ac04b69bde6f67c0bd5d6ba6fd5d816548b066a""}",18
quakk,QUAKK,Quakk,quakk,quakkHht.png,980144437,"{""solana"":""9WfEyNqngVzbvdcpWD7e7TFhgv7T5afBRVHcMw3jmoon""}",18
0x48fd84c0dfc47f1b61ed6a86367895aaa6ad2a45_ethereum,TWIN,Twin Protocol,twin-protocol,twin-protocolwfa.png,1000000000,"{""ethereum"":""0x48fd84c0dfc47f1b61ed6a86367895aaa6ad2a45""}",18
4amstKcbziHCqwev9esMtRGDTdjHSviiNXT7WtajgjUq_solana,HACHI,Hachiko Sol,hachiko-sol,4amstKcbziHCqwev9esMtRGDTdjHSviiNXT7WtajgjUq_solanazvu.png,998107626,"{""solana"":""4amstKcbziHCqwev9esMtRGDTdjHSviiNXT7WtajgjUq""}",18
0x4fbaf51b95b024d0d7cab575be2a1f0afedc9b64_ethereum,BONK,BONK on ETH,bonk-on-eth,bonk-on-eth1xg.png,100000000000000,"{""ethereum"":""0x4fbaf51b95b024d0d7cab575be2a1f0afedc9b64""}",18
unique-network,UNQ,Unique Network,unique-network,unique-networkPwR.png,1041977890,,
direxion-daily-semiconductor-bear-3x-etf-dinari-tokenized-etf,SOXS,Direxion Daily Semiconductor Bear 3X ETF (Dinari Tokenized ETF),direxion-daily-semiconductor-bear-3x-etf-dinari-tokenized-etf,direxion-daily-semiconductor-bear-3x-etf-dinari-tokenized-etfCSC.png,1357,"{""ethereum"":""0xc915b443261fc04cedbb3252d4b1d3c8785d7aed"",""base"":""0xe07ad7ff472613d0bfd05e3456dd944be1d1c98b"",""arbitrum-one"":""0x30cce6b905c8c3a78c6f8bd2e394c1f52c7d4cb6"",""avalanche"":""0x5013413e2224c26a9f4d1f94c0ae99debfbc54ef""}",18
0x420110d74c4c3ea14043a09e81fad53e1932f54c_ethereum,GROGGO,Groggo By Matt Furie,groggo-by-matt-furie,0x420110d74c4c3ea14043a09e81fad53e1932f54c_ethereum6Wu.png,371846861,"{""ethereum"":""0x420110d74c4c3ea14043a09e81fad53e1932f54c""}",18
0x7f6f8bb1aa8206921e80ab6abf1ac5737e39ab07_base,MACHINES,Machines-cash,machines-cash,machines-cashgyZ.png,100000000000,"{""base"":""0x7f6f8bb1aa8206921e80ab6abf1ac5737e39ab07""}",18
axel-win,AXEL,AXEL.win,axel-win,axel-wino2D.png,1385070200,"{""pulsechain"":""0xdd67d6523529294b50a1765769080034b6146ee7""}",18
0x095c1a875b985be6e2c86b2cae0b66a3df702e6a_x-layer,XWAWA,Xwawa,xwawa,xwawauAP.png,1000000000,"{""x-layer"":""0x095c1a875b985be6e2c86b2cae0b66a3df702e6a""}",18
0xc468acf451922712cf45af9801df89578b0418b4_binance_smart,DOODI,DOODiPALS,doodipals,doodipalsGbT.png,961017060,"{""binance_smart"":""0xc468acf451922712cf45af9801df89578b0418b4"",""solana"":""3iCJnnDYFT4RrPs7vMzw21sfVfy4br1xWmJioz7FGJUR""}",18
Hos282xmdMJHwMjhni91fNqdjDsgWjgSckxuGc1Bpump_solana,TOKEN,Webcade,webcade,webcade2Te.png,923669269,"{""solana"":""Hos282xmdMJHwMjhni91fNqdjDsgWjgSckxuGc1Bpump""}",18
0xcb69e5750f8dc3b69647b9d8b1f45466ace0a027_ethereum,XIAOBAI,XiaoBai,xiaobai,xiaobaiWFk.png,1000000000000000,"{""ethereum"":""0xcb69e5750f8dc3b69647b9d8b1f45466ace0a027""}",18
bitcoin-second-chance,BTC,Bitcoin Second Chance,bitcoin-second-chance,bitcoin-second-chancetuS.png,21000000,"{""binance_smart"":""0x0afcb0065362ec8bc94902479b9d37e3fa49eda6""}",18
mew-woof-dao,MWD,MEW WOOF DAO,mew-woof-dao,mew-woof-daor3n.png,1000000000,"{""tron"":""TEfg1LnM3yApCjAgax35wDg6SRpmZFuQS3""}",18
Bw5K8eZaf361uDLHgX2UUn1PNfC7XtgQVvY9sSappump_solana,MANA,Meme Anarchic Numismatic Asset,meme-anarchic-numismatic-asset,Bw5K8eZaf361uDLHgX2UUn1PNfC7XtgQVvY9sSappump_solanasU1.png,999986857,"{""solana"":""Bw5K8eZaf361uDLHgX2UUn1PNfC7XtgQVvY9sSappump""}",18
duck-token,DUCK,Duck Token,duck-token,duck-tokenDQq.png,999998,"{""megaeth"":""0x021ee124cf23d302a7f725ae7a01b77a8ce9782b""}",18
chow-chow,CHOW,CHOW CHOW,chow-chow,chow-chowdG5.png,777742077778,"{""ethereum"":""0x3e362038fd3d08887d498944d489af7909619a9b""}",18
0x2800144a491136d025b8dab17b11df2aa4e700ea_ethereum,ABU,Abuwtiyuw,abuwtiyuw,0x2800144a491136d025b8dab17b11df2aa4e700ea_ethereumJnb.png,1000000,"{""ethereum"":""0x2800144a491136d025b8dab17b11df2aa4e700ea""}",18
0xd1a6616f56221a9f27eb9476867b5bdb2b2d101d_ethereum,AGI,Artificial General Intelligence,artificial-general-intelligence,0xd1a6616f56221a9f27eb9476867b5bdb2b2d101d_ethereumgAd.png,900000000,"{""ethereum"":""0xd1a6616f56221a9f27eb9476867b5bdb2b2d101d""}",18
qubi-tokenized-rwa,$QBIT,QUBI Tokenized RWA,qubi-tokenized-rwa,qubi-tokenized-rwaGEJ.png,999843667,"{""solana"":""QB1TPvpNUd1GgYeEkdFDDxHx9rjKRfM3VWRzYtkKTwu""}",18
0x225ad472938d116f957bf86fb6b611da144f7777_binance_smart,永生果蝇,永生果蝇 (Immortal Fruit Fly),immortal-fruit-fly,0x225ad472938d116f957bf86fb6b611da144f7777_binance_smart2aF.png,1000000000,"{""binance_smart"":""0x225ad472938d116f957bf86fb6b611da144f7777""}",18
satoxcoin,SATOX,Satoxcoin,satoxcoin,satoxcoinf9T.png,3872120022,,
astrazion,AZNT,AstraZion,astrazion,astrazion1FO.png,2000000000,"{""tron"":""TD74cpU4JfMKhuWVs6uKYXKUy8nvC6EQ95""}",18
team-heretics-fan-token,TH,Team Heretics Fan Token,team-heretics-fan-token,team-heretics-fan-tokenL82.png,5000000,"{""chiliz"":""0x0b5de9e1303f3fb4f67d1aca1503ddb28bf59834"",""solana"":""FiVKSsRESfpevpLREzDiudTzryFQ58uUzmB9P5YwbcNS"",""base"":""0xc0abd49fb1abcfc0aedd4f21633437dded3231b4""}",18
2zrH2jE542mzB4HABgBjdWMQPtNC5H12pwo1iLpfpump_solana,ALPHA,Reject Modernity,alpha-3,2zrH2jE542mzB4HABgBjdWMQPtNC5H12pwo1iLpfpump_solanaedB.png,999395587,"{""solana"":""2zrH2jE542mzB4HABgBjdWMQPtNC5H12pwo1iLpfpump""}",18
fringe-finance,FRIN,Fringe Finance,fringe-finance,fringe-financeuCq.png,1000000000,"{""ethereum"":""0xc9fe6e1c76210be83dc1b5b20ec7fd010b0b1d15""}",18
0x244f09d92971d03a779aa66d310579a6517ab9a4_ethereum,HARAMBE,CTO Harambe,cto-harambe,0x244f09d92971d03a779aa66d310579a6517ab9a4_ethereumT88.png,100000000000000,"{""ethereum"":""0x244f09d92971d03a779aa66d310579a6517ab9a4""}",18
dinoswap,DINO,DinoSwap,dinoswap,dinoswapyxX.png,175518820,"{""polygon-pos"":""0xaa9654becca45b5bdfa5ac646c939c62b527d394""}",18
0x5ae8d07763d74ca5bd22f8a5b26c6d953e61dfe2_robinhood,FROGLET,froglet,froglet,0x5ae8d07763d74ca5bd22f8a5b26c6d953e61dfe2_robinhoodrPy.png,1000000000,"{""robinhood"":""0x5ae8d07763d74ca5bd22f8a5b26c6d953e61dfe2""}",18
0x689644b86075ed61c647596862c7403e1c474dbf_base,BAMBOO,Bamboo on Base,bamboo-on-base,0x689644b86075ed61c647596862c7403e1c474dbf_baseEIO.png,1000000000,"{""base"":""0x689644b86075ed61c647596862c7403e1c474dbf""}",18
2zGQGkLnQgWLvfSiWTXnnxdMA7fiP4ah6hyJPQQe3Eoe_solana,CHWY,CHEWY,chewy-on-sol,2zGQGkLnQgWLvfSiWTXnnxdMA7fiP4ah6hyJPQQe3Eoe_solanaUpZ.png,1000000000,"{""solana"":""2zGQGkLnQgWLvfSiWTXnnxdMA7fiP4ah6hyJPQQe3Eoe""}",18
popi,POPI,Popi,popi,popixsn.png,1000000000,"{""memecore"":""0x32e2640acd8ebca4805f3d37505dea4b185f3e87""}",18
ishares-msci-emerging-markets-etf-rstock,REEM,iShares MSCI Emerging Markets ETF Tokenized Stock (Reality),ishares-msci-emerging-markets-etf-rstock,ishares-msci-emerging-markets-etf-rstock4rx.png,670.6174,"{""arbitrum-one"":""0x8f3f46c7ab3ac12c304e2f06bd89f9cceedef893"",""morph-l2"":""0x61678392352bf3351016aee408ac3ec91824eaf1""}",18
nuts-3,NUTS,Nuts,nuts-3,nuts-3EKn.png,1000000000,"{""robinhood"":""0xcf06279bc2b4573bfd2e09724fea2377f636d61c""}",18
0xf8ea18ca502de3ffaa9b8ed95a21878ee41a2f4a_ethereum,BOOCHIE,Boochie by Matt Furie,boochie-by-matt-furie,0xf8ea18ca502de3ffaa9b8ed95a21878ee41a2f4a_ethereumhyQ.png,420690000000000,"{""ethereum"":""0xf8ea18ca502de3ffaa9b8ed95a21878ee41a2f4a""}",18
doge-ceo,DOGECEO,Doge CEO,doge-ceo,doge-ceor8Q.png,0,"{""binance_smart"":""0x9cbb03effd6fb7d79c9bab1b0ceaf4232e957521""}",18
pepeverse-2,PVRSE,PepeVerse,pepeverse-2,pepeverse-2qGl.png,999597621,"{""solana"":""qKxNiXm85xhS2QBQBg3u43sf7E4mUDY73LL8N83pump""}",18
penguin-finance,PEFI,Penguin Finance,penguin-finance,penguin-financemzz.png,19158098,"{""avalanche"":""0xe896cdeaac9615145c0ca09c8cd5c25bced6384c""}",18
0x9edcb93ecbe489d1ff2e4b9a4370d32309474444_binance_smart,SCI6900,上证综合指数6900,shanghai-composite-index-6900,shanghai-composite-index-6900tRO.png,977379776,"{""binance_smart"":""0x9edcb93ecbe489d1ff2e4b9a4370d32309474444""}",18
CmpuL8k9KY3NrpfDRoJrVmuwd1zRMFRUxX55avyGpump_solana,JARVIS,Jarvis,jarvis-3,CmpuL8k9KY3NrpfDRoJrVmuwd1zRMFRUxX55avyGpump_solanaXZt.png,982480275,"{""solana"":""CmpuL8k9KY3NrpfDRoJrVmuwd1zRMFRUxX55avyGpump""}",18
0xf37f0568898475dbc21d3f3fd60e396f4548fe98_robinhood,SCORE,TetraScore,tetrascore,tetrascoreBVI.png,1000000000,"{""robinhood"":""0xf37f0568898475dbc21d3f3fd60e396f4548fe98""}",18
EWWDzCwq4UYW3ERTXbdgd6X6sdkKHFMJqRz1ZiFcpump_solana,FATHA,Slopfather,slopfather,EWWDzCwq4UYW3ERTXbdgd6X6sdkKHFMJqRz1ZiFcpump_solana7pR.png,999985684,"{""solana"":""EWWDzCwq4UYW3ERTXbdgd6X6sdkKHFMJqRz1ZiFcpump""}",18
vegas,VEGAS,Vegas,vegas,vegasrsW.png,9952115,"{""hyperliquid"":""0xb693d596cd02f5f38e532e647bb43b69"",""hyperevm"":""0xb09158c8297acee00b900dc1f8715df46b7246a6""}",18
bruv,BRUV,Bruv,bruv,bruvCVN.png,69000000000000,"{""solana"":""BRUV9DjBeDZRamtWjhzQEH5roosnBApPhfqS1HQ23Xgy""}",18
alert-ai,ALERT.AI,ALERT.ai,alert-ai,alert-aimgv.png,1000000,"{""doma"":""0x3558fbc0729bf5f98c539b4f4cc601ef5cef6e9a""}",18
solid-2,SOLID,Solid,solid-2,solid-2V3z.png,44303,"{""terra-2"":""terra10aa3zdkrc7jwuf8ekl3zq7e7m42vmzqehcmu74e4egc7xkm5kr2s0muyst""}",18
0x0ae712fc86cbfc2754cbd0a10572fe88c9647777_binance_smart,马币,HorseCoin,horsecoin-2,horsecoin-2lTg.png,1000000000,"{""binance_smart"":""0x0ae712fc86cbfc2754cbd0a10572fe88c9647777""}",18
HBrfYZgeLKdSvBBGnGkvAK4563pq8oBGpgNFAaespump_solana,ONLYMARMS,OnlyMarms,onlymarms,onlymarmsINF.png,899059451,"{""solana"":""HBrfYZgeLKdSvBBGnGkvAK4563pq8oBGpgNFAaespump""}",18
8NNXWrWVctNw1UFeaBypffimTdcLCcD8XJzHvYsmgwpF_solana,BRAINLET,Brainlet,brainlet-2,8NNXWrWVctNw1UFeaBypffimTdcLCcD8XJzHvYsmgwpF_solanasfG.png,999751356,"{""solana"":""8NNXWrWVctNw1UFeaBypffimTdcLCcD8XJzHvYsmgwpF""}",18
jooce,JOOCE,JOOCE,jooce,jooceSAQ.png,10000000000,"{""base"":""0x100ce3e3391c00b6a52911313a4ea8d23c8a38d8""}",18
0x6f0ae1f2b64b1b05f602432dbba3b790ab58bcfb_base,CYOP,CyOp New Era,cyop-new-era,cyop-new-era6nF.png,1000000,"{""base"":""0x6f0ae1f2b64b1b05f602432dbba3b790ab58bcfb""}",18
p2pzcoin,P2PZ,P2pzcoin,p2pzcoin,p2pzcoinlum.png,1000000000,"{""binance_smart"":""0xd8003ffa422883346e0f45c5171595401c024444""}",18
0xe47dd5197c5b5194cbe10b0333ed45570fb63eb0_base,AIN,AInalyst,ainalyst,0xe47dd5197c5b5194cbe10b0333ed45570fb63eb0_basenKu.png,1000000000,"{""base"":""0xe47dd5197c5b5194cbe10b0333ed45570fb63eb0""}",18
0x4f7ea8f6487a7007ca054f35c4a7b961f5b18961_binance_smart,CATS,GoldenCat,goldencat,0x4f7ea8f6487a7007ca054f35c4a7b961f5b18961_binance_smart4mY.png,690690000000,"{""binance_smart"":""0x4f7ea8f6487a7007ca054f35c4a7b961f5b18961""}",18
HtrmuNs4nESVg5i8gHyufDpGN5HHKqPmFfbQV9yupump_solana,LOLCOIN,Worlds First Memecoin,worlds-first-memecoin,HtrmuNs4nESVg5i8gHyufDpGN5HHKqPmFfbQV9yupump_solanalUg.png,999575832,"{""solana"":""HtrmuNs4nESVg5i8gHyufDpGN5HHKqPmFfbQV9yupump""}",18
0x157a752f3446fe891d6e2881006813703fbb3ad9_robinhood,CATSTRO,Fidel Catstro,fidel-catstro,0x157a752f3446fe891d6e2881006813703fbb3ad9_robinhoodrSM.png,1000000000,"{""robinhood"":""0x157a752f3446fe891d6e2881006813703fbb3ad9""}",18
9P32yqucXfZnDoXmmJNzBpqXQgfou4tA4sB1RaQh9cYw_solana,JUNGLE,JungleDoge,jungledoge,jungledogej21.png,99999999259,"{""solana"":""9P32yqucXfZnDoXmmJNzBpqXQgfou4tA4sB1RaQh9cYw""}",18
0x2665dc784c7ff17fddba2442b36cb8b2bbc8adfa9fe08794fd941d80ef2758ec::zen::ZEN_sui,ZEN,ZenFrogs,zenfrogs,0x2665dc784c7ff17fddba2442b36cb8b2bbc8adfa9fe08794fd941d80ef2758ec::zen::ZEN_suiS7R.png,9316629422,"{""sui"":""0x2665dc784c7ff17fddba2442b36cb8b2bbc8adfa9fe08794fd941d80ef2758ec::zen::ZEN""}",18
9Eufcq8yqukb4A9eUTAXrRpzB7aKTdAuUnqe75ttpump_solana,PUMPKIN,Pumpkin,pumpkin-5,9Eufcq8yqukb4A9eUTAXrRpzB7aKTdAuUnqe75ttpump_solanaho1.png,997698098,"{""solana"":""9Eufcq8yqukb4A9eUTAXrRpzB7aKTdAuUnqe75ttpump""}",18
0x66e564819340cc2f54abceb4e49941fa07e426b4_ethereum,$BRETT,Brett,brett0x66,brett0x66B6Y.png,42069000000,"{""ethereum"":""0x66e564819340cc2f54abceb4e49941fa07e426b4""}",18
nova-tether-usd,USDT,Nova Merged USDT (zkLink),nova-tether-usd,nova-tether-usd2FR.png,44383,"{""zklink-nova"":""0x2f8a25ac62179b31d62d7f80884ae57464699059""}",18
based-spx6900,SPX6900,Based SPX6900,based-spx6900,based-spx6900rrW.png,962229004,"{""base"":""0xe0152db15014349d085985e879446bcae5d53094""}",18
resistance-girl,REGI,Resistance Girl,resistance-girl,resistance-girlBuV.png,100000000,"{""the-open-network"":""EQCcYUWKhjGxwqtk_je9LW2V4RoFmbhOUR9e404Y6FQTEXHh""}",18
tao-te-ching-2,道德經,道德經 (Tao Te Ching),tao-te-ching-2,tao-te-ching-2dQJ.png,100000000,"{""the-open-network"":""EQDNSqsfNSDXdCEhU1DZIgfZUktbx3IfMpxW3Gre9VQPC5ss""}",18
verdex,VERDEX,Verdex,verdex,verdexWJz.png,992709681,"{""robinhood"":""0x96f455a90a80dcf0c2df6703ea4ba3bedf286e43""}",18
AYhFJk9ZyKN5aCRwrG78iTvuxnrrLp5q4fGfyBM7pump_solana,$FRANK,Frankfrankfrank,frankfrankfrank,AYhFJk9ZyKN5aCRwrG78iTvuxnrrLp5q4fGfyBM7pump_solanaugb.png,999681004,"{""solana"":""AYhFJk9ZyKN5aCRwrG78iTvuxnrrLp5q4fGfyBM7pump""}",18
0xe22865a7820823e27d6c630b15711b070cbd0d57_arbitrum-one,DESK,DESK,desk,deskkZi.png,1000000000,"{""arbitrum-one"":""0xe22865a7820823e27d6c630b15711b070cbd0d57""}",18
belong,LONG,Belong,belong,belongdhY.png,750000000,"{""binance_smart"":""0x9eca8dedb4882bd694aea786c0cbe770e70d52e3""}",18
0xb56d0839998fd79efcd15c27cf966250aa58d6d3_base,USA,Based USA,based-usa,based-usar1b.png,1000000000,"{""base"":""0xb56d0839998fd79efcd15c27cf966250aa58d6d3""}",18
3BeJ9zCgQhaqKMu2HgKJ79yQBChD1Pf3hPwRX44fpump_solana,CB,Cheeseball,cheeseball,3BeJ9zCgQhaqKMu2HgKJ79yQBChD1Pf3hPwRX44fpump_solanauT7.png,999345007,"{""solana"":""3BeJ9zCgQhaqKMu2HgKJ79yQBChD1Pf3hPwRX44fpump""}",18
0x316ffb9c875f900adcf04889e415cc86b564eba3_base,LITCOIN,Litcoin,litcoin,litcoincgz.png,100000000000,"{""base"":""0x316ffb9c875f900adcf04889e415cc86b564eba3""}",18
0x7b29e5266634bcba06686e580afd4419a8c84b07_base,USDP,BaseUSDP,baseusdp,baseusdplwj.png,100000000000,"{""base"":""0x7b29e5266634bcba06686e580afd4419a8c84b07""}",18
TBBThLgHtUhGuT9DJ1rrzXDQ6j2XSP2Dq5_tron,N,Banana,nforbanana,nforbananaHW8.png,1000000000,"{""tron"":""TBBThLgHtUhGuT9DJ1rrzXDQ6j2XSP2Dq5""}",18
0x658bf542c9384dc000a07540b0b29ef7e79fe126_robinhood,POSM,Possum,possum-2,possum-2MDn.png,1000000000,"{""robinhood"":""0x658bf542c9384dc000a07540b0b29ef7e79fe126""}",18
palo-alto-networks-rstock,RPANW,Palo Alto Networks Tokenized Stock (Reality),palo-alto-networks-rstock,palo-alto-networks-rstockwrT.png,108.4984,"{""arbitrum-one"":""0xc2cc87b49cf7df803bde7fa6453466aa6bbaea4d"",""morph-l2"":""0x6438f8aa2da6c40595023248463bdc439f94c657""}",18
0x7137e8a3b069c3f787c4ffbb901b91e4ba47d082_ethereum,ZEUS,Zeus,zeuspepesdog,zeuspepesdogEXn.png,7000000,"{""ethereum"":""0x7137e8a3b069c3f787c4ffbb901b91e4ba47d082""}",18
2DSFvQtdoqv7DjPgXL5tjTYJ3ABBnoBeTfAJTXNdbonk_solana,$TONIC,TONIC,tonic-2,2DSFvQtdoqv7DjPgXL5tjTYJ3ABBnoBeTfAJTXNdbonk_solanaDrh.png,960235671,"{""solana"":""2DSFvQtdoqv7DjPgXL5tjTYJ3ABBnoBeTfAJTXNdbonk""}",18
921MoB1U7VprQfWw5D37a38LCBgB3nareT7rNffk66BG_solana,MONKEY,Monkey,monkey-2,monkey-2BAu.png,275945208762117,"{""solana"":""921MoB1U7VprQfWw5D37a38LCBgB3nareT7rNffk66BG""}",18
F8tDt7QRAYicWQPK5LTh8kZR4zKJPdTiEq5dwCcVpump_solana,SENSUS,SENSUS,sensus,F8tDt7QRAYicWQPK5LTh8kZR4zKJPdTiEq5dwCcVpump_solanajRW.png,943823485,"{""solana"":""F8tDt7QRAYicWQPK5LTh8kZR4zKJPdTiEq5dwCcVpump""}",18
yG6bXPEFaUnGAEHHqH9H7t1VSfaK7YrggCqHy35pump_solana,SHIBU,Shibu,doge-mascot-shibu,yG6bXPEFaUnGAEHHqH9H7t1VSfaK7YrggCqHy35pump_solanaJdk.png,997372443,"{""solana"":""7Mxvi7bi5bnjELB4QNzQ4VrQEPeBgPbWwbfwE1ydBAGS""}",18
leeroy-jenkins,LEEROY,LEEROY JENKINS,leeroy-jenkins,leeroy-jenkinsdyd.png,33333333333,"{""ethereum"":""0x1e971b5b21367888239f00da16f0a6b0effecb03""}",18
weco,WECO,WECO,weco,wecoeLh.png,1000000000,"{""base"":""0x99ba92234e0f0f7c2a16cb087e7307ade19cab1c""}",18
0xfea9dcdc9e23a9068bf557ad5b186675c61d33ea_base,BSHIB,Based Shiba Inu,based-shiba-inu,based-shiba-inun7p.png,10000000000,"{""base"":""0xfea9dcdc9e23a9068bf557ad5b186675c61d33ea""}",18
cardence,$CRDN,Cardence,cardence,cardenceQn7.png,50000000,"{""binance_smart"":""0xfa17b330bcc4e7f3e2456996d89a5a54ab044831""}",18
0x7ffbe850d2d45242efdb914d7d4dbb682d0c9b07_base,EMBER,Ember,ember-3,0x7ffbe850d2d45242efdb914d7d4dbb682d0c9b07_basegni.png,100000000000,"{""base"":""0x7ffbe850d2d45242efdb914d7d4dbb682d0c9b07""}",18
xtreme-gains-only,XGO,Xtreme Gains Only,xtreme-gains-only,xtreme-gains-onlyDso.png,802187986,"{""solana"":""CYDZoP9MvtJqyorDCpEh53pqQJ5FCe8RTjE2NK1wpump""}",18
0xfeedf398124aafeb6a36351c924bd00a361ea89a_ethereum,LOKI,LokiCoin,lokicoin,lokicoinNPo.png,100000000,"{""ethereum"":""0xfeedf398124aafeb6a36351c924bd00a361ea89a"",""solana"":""6pyYgxJEfvfBd83xjrbdiDVVuudLJp85He4G77R6c3BR""}",18
0x886c869cdc619214138c87f1db0ada522b16dfa3_ethereum,WIF,WIF on ETH,wif-on-eth,wif-on-ethkjo.png,1000000000,"{""ethereum"":""0x886c869cdc619214138c87f1db0ada522b16dfa3""}",18
76rTxzztXjJe7AUaBi7jQ5J61MFgpQgB4Cc934sWbonk_solana,67,67COIN,67coin,76rTxzztXjJe7AUaBi7jQ5J61MFgpQgB4Cc934sWbonk_solanaBfJ.png,999649024,"{""solana"":""76rTxzztXjJe7AUaBi7jQ5J61MFgpQgB4Cc934sWbonk""}",18
0x000000000000000000000000000000000092fc89_hedera-hashgraph,JEET,Jeeteroo,jeeteroo,0x000000000000000000000000000000000092fc89_hedera-hashgraphhR8.png,999390795,"{""hedera-hashgraph"":""0x000000000000000000000000000000000092fc89""}",18
coinshift-usdc,CSUSDC,Coinshift USDC,coinshift-usdc,coinshift-usdchDi.png,40461,"{""ethereum"":""0x7204b7dbf9412567835633b6f00c3edc3a8d6330""}",18
0xed89fc0f41d8be2c98b13b7e3cd3e876d73f1d30_ethereum,GOU,Gou,gou,0xed89fc0f41d8be2c98b13b7e3cd3e876d73f1d30_ethereumXvh.png,1000000000,"{""ethereum"":""0xed89fc0f41d8be2c98b13b7e3cd3e876d73f1d30""}",18
24kAN3xiQZba11BrgEsM9qfcqkD9xM7fBxnizkENpump_solana,GENIUS,Genius,genius-2,24kAN3xiQZba11BrgEsM9qfcqkD9xM7fBxnizkENpump_solanaet4.png,664779815,"{""solana"":""24kAN3xiQZba11BrgEsM9qfcqkD9xM7fBxnizkENpump""}",18
0x0d91ebb16291873a0c67158f578ec249f4321b49_base,AIV,AIVeronica by Virtuals,aiveronica,0x0d91ebb16291873a0c67158f578ec249f4321b49_baseCKb.png,1000000000,"{""base"":""0x0d91ebb16291873a0c67158f578ec249f4321b49""}",18
0xf714e60f85497d70508f7e356b5db80e64539ba3_base,PERKOS,PerkOS,perkos,perkospuA.png,100000000000,"{""base"":""0xf714e60f85497d70508f7e356b5db80e64539ba3"",""celo"":""0xb7ba43fbd4f2e85fce929f7d4dfe3905ae846a46""}",18
splash-2,SPLASH,SPLASH,splash-2,splash-27M7.png,10000000,"{""xrp"":""53504C4153480000000000000000000000000000.rwfGtVZKpPX6vb51xE5RGTgXkQ4W9wSUrz""}",18
5gTPspC2ricuGWiYQ4Ghausg8fsq7uCrGgSVACatcoin_solana,CATCOIN,Catcoin,catcoin-4,catcoin-4ZN9.png,999402291,"{""solana"":""5gTPspC2ricuGWiYQ4Ghausg8fsq7uCrGgSVACatcoin"",""robinhood"":""0x41f41f7b849a25e027876c485544c8088f447a11""}",18
starcoin,STC,Starcoin,starcoin,starcoinRxj.png,391695864,,
avacoach,AVAC,AvaCoach,avacoach,avacoachiry.png,1000000000,"{""binance_smart"":""0xf1e083a825db31c844b8b6be0b16a43fd523ca9c""}",18
AuQaustGiaqxRvj2gtCdrd22PBzTn8kM3kEPEkZCtuDw_solana,ADX,Adrena,adrena,adrenaG38.png,995041658,"{""solana"":""AuQaustGiaqxRvj2gtCdrd22PBzTn8kM3kEPEkZCtuDw""}",18
Cy4DSbZW4CE6cG6HDqQFhXxpHTdm41SY9hBB1JG6pump_solana,REAL,real.,real-2,Cy4DSbZW4CE6cG6HDqQFhXxpHTdm41SY9hBB1JG6pump_solanacJc.png,1000000000,"{""solana"":""Cy4DSbZW4CE6cG6HDqQFhXxpHTdm41SY9hBB1JG6pump""}",18
0x0a2c375553e6965b42c135bb8b15a8914b08de0c_ethereum,FROG,Frog on ETH,frog-on-eth,frog-on-ethcFH.png,415540407162,"{""ethereum"":""0x0a2c375553e6965b42c135bb8b15a8914b08de0c""}",18
wannaswap,WANNA,WannaSwap,wannaswap,wannaswapQBb.png,100000000,"{""aurora"":""0x7faa64faf54750a2e3ee621166635feaf406ab22""}",18
0x76761d4aee1e7d6b2b8dedbd13925d6c220b0725_robinhood,MOW,MowCat,mowcat,mowcatbjC.png,1000000000,"{""robinhood"":""0x0b7c6c138dc75622f4200d157b13fb93e6bd94fa""}",18
aarna-atv111,ATV111,aarna atv111,aarna-atv111,aarna-atv111FWl.png,409.8119,"{""ethereum"":""0x72ec8447074dc0bfbedfb516cc250b525f3a4aba""}",18
Ccgfe34o6auHHBGgtZp2RRcScxxJgbEhQUAzNieE1cX7_solana,MMIP,Memes Make It Possible,memes-make-it-possible,memes-make-it-possiblei6z.png,999999999,"{""solana"":""Ccgfe34o6auHHBGgtZp2RRcScxxJgbEhQUAzNieE1cX7""}",18
bridged-btc-superposition,WBTC,Bridged BTC (Superposition),bridged-btc-superposition,bridged-btc-superpositionNSm.png,0.543,"{""Superposition"":""0x6e142cdaefa4ba7786e8d1ff74968db67c3b910d""}",18
9UYAYvVS2cZ3BndbsoG1ScJbjfwyEPGxjE79hh5ipump_solana,$DOGEAI,DOGEai,dogeai-2,9UYAYvVS2cZ3BndbsoG1ScJbjfwyEPGxjE79hh5ipump_solanaJ0E.png,999426401,"{""solana"":""9UYAYvVS2cZ3BndbsoG1ScJbjfwyEPGxjE79hh5ipump""}",18
aPig1huDbdDTR9HmJBSHK5jiHrG3o2ZThdG4xPDpump_solana,SOURCE,I MADE IT UP,i-made-it-up,aPig1huDbdDTR9HmJBSHK5jiHrG3o2ZThdG4xPDpump_solana8F9.png,999201225,"{""solana"":""aPig1huDbdDTR9HmJBSHK5jiHrG3o2ZThdG4xPDpump""}",18
0x5c48dcc8d1735d9cd3180fa95992ff22d95a88e3_binance_smart,MARSDOG,MarsDog Token,marsdog-token,marsdog-tokenvuR.png,21000000000,"{""binance_smart"":""0x5c48dcc8d1735d9cd3180fa95992ff22d95a88e3""}",18
0x28e29ec91db66733a94ee8e3b86a6199117baf99_base,BASED,Basedmilio,basedmilio,basedmilioTRS.png,1000000000,"{""base"":""0x28e29ec91db66733a94ee8e3b86a6199117baf99""}",18
0x28a5e71bfc02723eac17e39c84c5190415c0de9f_base,PEPI,PEPi,pepi-2,pepi-24vV.png,13370,"{""base"":""0x28a5e71bfc02723eac17e39c84c5190415c0de9f"",""ethereum"":""0x3103cd1602d5fa8f4b9283f9d5a7fa2290795d51""}",18
peezy,PEEZY,Peezy,peezy,peezyY6C.png,420690000000000,"{""ethereum"":""0xc9bd7011ee97a13dc07087e01499a769ab7e75b4""}",18
0x3bb1be077f3f96722ae92ec985ab37fd0a0c4c51_ethereum,MARV,Marv,marv,marv7Zp.png,420690000000000,"{""ethereum"":""0x3bb1be077f3f96722ae92ec985ab37fd0a0c4c51""}",18
6b7NtVRo6jDSUZ75qfhHgpy99XVkSu1kfoTFu2E3pump_solana,PRAWN,Pepe the King Prawn,pepe-the-king-prawn,6b7NtVRo6jDSUZ75qfhHgpy99XVkSu1kfoTFu2E3pump_solanafDG.png,999968656,"{""solana"":""6b7NtVRo6jDSUZ75qfhHgpy99XVkSu1kfoTFu2E3pump""}",18
nutcash,NCASH,Nutcash,nutcash,nutcashFJG.png,10500000,"{""arbitrum-one"":""0x88266f9eb705f5282a2507a9c418821a2ac9f8bd"",""ethereum"":""0xd105c45bcc7211f847ae73b187a41b7d8184ade2"",""solana"":""7HHCwGd7UAPF3gtHExBREYgY37cbyYcCaeyAHKUc7mUn""}",18
colony-avalanche-index,CAI,Colony Avalanche Index,colony-avalanche-index,colony-avalanche-indexoVe.png,1412,"{""avalanche"":""0x48f88a3fe843ccb0b5003e70b4192c1d7448bef0""}",18
nuscale-power-rstock,RSMR,NuScale Power Tokenized Stock (Reality),nuscale-power-rstock,nuscale-power-rstockuyL.png,5582,"{""arbitrum-one"":""0x5e649cef961a2ca19dc5eef07ae5504eb973f17a"",""morph-l2"":""0x5d791f1e5742229921b70a19b25bd0b93b36eb20""}",18
traxx,TRAXX,Traxx,traxx,traxxooE.png,350000000,"{""ethereum"":""0xd43be54c1aedf7ee4099104f2dae4ea88b18a249""}",18
aarna-atv-usdc-ethereum,ATVUSDC,aarna atv USDC (Ethereum),aarna-atv-usdc-ethereum,aarna-atv-usdc-ethereumsuy.png,407.4124,"{""ethereum"":""0xf30f62963cce132f32306d7f18a8587958b30ea9""}",18
0xb942b75a602fa318ac091370d93d9143ba345ba3_base,MYTHOS,Mythos Router,mythos-router,mythos-router7h3.png,100000000000,"{""base"":""0xb942b75a602fa318ac091370d93d9143ba345ba3""}",18
stfx,STFX,STFX,stfx,stfxYDl.png,889353714,"{""ethereum"":""0x9343e24716659a3551eb10aff9472a2dcad5db2d"",""arbitrum-one"":""0x7dd747d63b094971e6638313a6a2685e80c7fb2e"",""solana"":""HrqHpE4NQbSTjVtFSTm9i8omFfytggsS9UkccHWHWntx""}",18
FfroP8rQZmaJtZ6sATd9yKvmFWb4dB1DqHWTbBtesoar_solana,DFTV,DeFiance Media,defiance-media,defiance-media0eI.png,9999933,"{""solana"":""FfroP8rQZmaJtZ6sATd9yKvmFWb4dB1DqHWTbBtesoar""}",18
0x3db1b406a4d50a841948765685ed42ed1f174444_binance_smart,BRAD,BRAD,brad-2,0x3db1b406a4d50a841948765685ed42ed1f174444_binance_smartADT.png,989041603,"{""binance_smart"":""0x3db1b406a4d50a841948765685ed42ed1f174444""}",18
microvisionchain,SPACE,MicrovisionChain,microvisionchain,microvisionchainSUp.png,21000000,,
ebisusbay-fortune,FRTN,Fortune Token,ebisusbay-fortune,ebisusbay-fortunee6C.png,980533786,"{""cronos"":""0xaf02d78f39c0002d14b95a3be272da02379aff21"",""cronos-zkevm"":""0x96e03fa6c5ab3a7f2e7098dd07c8935493294e26""}",18
7LxC96Ag4DnBotK6bMMUj4kdneAo1kdV1xHnzVF5s7W2_solana,ROCK,Ether Rock,ether-rock,ether-rockfYq.png,999952700,"{""solana"":""7LxC96Ag4DnBotK6bMMUj4kdneAo1kdV1xHnzVF5s7W2""}",18
0xf7626c7ff7b778aaf187d508d056a9398d9545d1_binance_smart,ASRR,Assisterr AI,assisterr-ai,0xf7626c7ff7b778aaf187d508d056a9398d9545d1_binance_smartyLJ.png,29853707,"{""binance_smart"":""0xf7626c7ff7b778aaf187d508d056a9398d9545d1"",""solana"":""ASRRjA1R4RHVk5H9QKKm1jaQqMkxvv6nh5EypPrvwmxQ""}",18
bridged-usdc-chainport,USDC,Chainport Bridged USDC (Humanode),bridged-usdc-chainport,bridged-usdc-chainportdAF.png,43000,"{""humanode"":""0x33e5b3e24501774598367bc0832b52787ac39ca5""}",18
0xda761a290e01c69325d12d82ac402e5a73d62e81_base,BPS,Base Pro Shops,base-pro-shops,base-pro-shops346.png,1000000000,"{""base"":""0xda761a290e01c69325d12d82ac402e5a73d62e81""}",18
0x7a5f5ccd46ebd7ac30615836d988ca3bd57412b3_base,TAOCAT,TAOCat by Virtuals,taocat-by-virtuals,0x7a5f5ccd46ebd7ac30615836d988ca3bd57412b3_baseMpu.png,1000000000,"{""base"":""0x7a5f5ccd46ebd7ac30615836d988ca3bd57412b3""}",18
0x81496f85abaf8bd2e13d90379fde86c533d8670d_base,AGIXBT,AGIXBT by Virtuals,agixbt-by-virtuals,0x81496f85abaf8bd2e13d90379fde86c533d8670d_basewjB.png,1000000000,"{""base"":""0x81496f85abaf8bd2e13d90379fde86c533d8670d""}",18
0x12819623921be0f4d5ebfc12c75e6d08a1683080_binance_smart,BROCCOLI,BROCCOLI,broccoli-2,0x12819623921be0f4d5ebfc12c75e6d08a1683080_binance_smartpSV.png,1000000000,"{""binance_smart"":""0x12819623921be0f4d5ebfc12c75e6d08a1683080""}",18
kiirocoin,KIIRO,Kiirocoin,kiirocoin,kiirocoin6iP.png,60000000,"{""binance_smart"":""0x347862372f7c8f83d69025234367ac11c5241db3""}",18
0x283344eea472f0fe04d6f722595a2fffefe1901a_ethereum,CODE,Code Token,code-token,code-token3SQ.png,1010101010101,"{""ethereum"":""0x283344eea472f0fe04d6f722595a2fffefe1901a""}",18
busy-dao,BUSY,Busy,busy-dao,busy-dao48W.png,255000000,"{""ethereum"":""0x5cb3ce6d081fb00d5f6677d196f2d70010ea3f4a""}",18
HyU6PuA4oDPxnEpP7E3MGc4u6MQ4m31LZihTF7RPbonk_solana,CRCL,Just a Circle,just-a-circle,HyU6PuA4oDPxnEpP7E3MGc4u6MQ4m31LZihTF7RPbonk_solana3WL.png,999751599,"{""solana"":""HyU6PuA4oDPxnEpP7E3MGc4u6MQ4m31LZihTF7RPbonk""}",18
0x1eb20885598413fcb8809730b0833635f0817777_binance_smart,神马,神马,shen-ma,0x1eb20885598413fcb8809730b0833635f0817777_binance_smartoyU.png,1000000000,"{""binance_smart"":""0x1eb20885598413fcb8809730b0833635f0817777""}",18
0x6a76a004f3bda1447b7d8bbea8355866420b8cb5_ethereum,CHARLIE,Charlie,charlie-3,0x6a76a004f3bda1447b7d8bbea8355866420b8cb5_ethereuml8K.png,1000000000,"{""ethereum"":""0x6a76a004f3bda1447b7d8bbea8355866420b8cb5""}",18
amkor-technology-rstock,RAMKR,Amkor Technology Tokenized Stock (Reality),amkor-technology-rstock,amkor-technology-rstockcjW.png,762.7671,"{""arbitrum-one"":""0xeabe4a3dee32d4f5f586eedf6e3c0a94b0e1320f""}",18
0xf3715bf5c2de299f08b81180ffb739a8372a175f_arc,ARCANINE,Arcanine,arcanine,arcaninejJl.png,999429822,"{""arc"":""0xf3715bf5c2de299f08b81180ffb739a8372a175f""}",18
6yiDKPDbqWLGAEBkDvVg6UNrKsLsPVkLbA1TJo4KCdzP_solana,BONK2.0,Bonk 2.0 (Sol),bonk-2-0-sol,bonk-2-0-soleKi.png,81924642762940,"{""solana"":""6yiDKPDbqWLGAEBkDvVg6UNrKsLsPVkLbA1TJo4KCdzP""}",18
0xad9e5fb798d12663911388a8d25eba21d6141401_robinhood,BOW,LONGBOW,longbow,longbow1GS.png,1000000000,"{""robinhood"":""0xad9e5fb798d12663911388a8d25eba21d6141401""}",18
Ep5tnKTSkLDeQ12ctS3RhQNcbcApkcyJcGPgHh4dpump_solana,CRYING,Crying Cat,crying-cat,Ep5tnKTSkLDeQ12ctS3RhQNcbcApkcyJcGPgHh4dpump_solanaQCH.png,962669474,"{""solana"":""Ep5tnKTSkLDeQ12ctS3RhQNcbcApkcyJcGPgHh4dpump""}",18
0x46fdcddfad7c72a621e8298d231033cc00e067c6_ethereum,D.O.G.E,Department Of Government Efficiency,department-of-government-efficiency-3,0x46fdcddfad7c72a621e8298d231033cc00e067c6_ethereumX51.png,100000000000,"{""ethereum"":""0x46fdcddfad7c72a621e8298d231033cc00e067c6""}",18
0x0bc945e3ea693ad1527683d9cfe999407ebaabb0_base,NET,Net,net,0x0bc945e3ea693ad1527683d9cfe999407ebaabb0_basezFq.png,100000000000,"{""base"":""0x0bc945e3ea693ad1527683d9cfe999407ebaabb0""}",18
step-finance,STEP,Step Finance,step-finance,step-financepvB.png,329985304,"{""solana"":""StepAscQoEioFxxWGnh2sLBDFp9d8rvKz2Yp39iDpyT""}",18
truthgpt,TRUTH,TruthGPT,truthgpt,truthgpt3bx.png,1000000000,"{""ethereum"":""0xaf75d880b3128981d1fed3292fc02e3fb37acd53""}",18
grizzly-honey,GHNY,Grizzly Honey,grizzly-honey,grizzly-honeygCa.png,2453590,"{""binance_smart"":""0xa045e37a0d1dd3a45fefb8803d22457abc0a728a""}",18
0x0000382fbb422b4f593931fc6f2d25cc16600000_berachain,ZERO,Zero,zero-2,0x0000382fbb422b4f593931fc6f2d25cc16600000_berachainO9O.png,100000000,"{""berachain"":""0x0000382fbb422b4f593931fc6f2d25cc16600000""}",18
0x3862ae86889a39d6dd5850e5f467086141834d7b_base,HERMES,HERMES,hermes-2,0x3862ae86889a39d6dd5850e5f467086141834d7b_baseJvd.png,19231372,"{""base"":""0x3862ae86889a39d6dd5850e5f467086141834d7b""}",18
lpc_ai_lumi-by-virtuals,LUMI,LPC_Ai_Lumi by Virtuals,lpc_ai_lumi-by-virtuals,lpc_ai_lumi-by-virtualsZ6x.png,1000000000,"{""base"":""0x077a32fdef94dbb0bdcf917450a9cacf68ed236f""}",18
soundhound-ai-inc-robinhood-token,SOUN,"SoundHound AI, Inc • Robinhood Token",soundhound-ai-inc-robinhood-token,soundhound-ai-inc-robinhood-tokenDfC.png,7825,"{""robinhood"":""0x6e3dfd9f7e1649baa14d25cac18c94d62db10a54""}",18
0x0c8000cb073e524a814aeb49473f0e9ee50bcbdb_ethereum,DEATHSTR,DeathSTR,deathstr,deathstrwkG.png,560485470,"{""ethereum"":""0x1a0aacec5db6bf05f6c0ed5c2e9ad2a0199c2956""}",18
3c3SsHJnfqCs3WnbM2dBJeNFowcVJDWBfpJExumbmoon_solana,SOH,Shadows Of Hope,shadows-of-hope,3c3SsHJnfqCs3WnbM2dBJeNFowcVJDWBfpJExumbmoon_solana5YW.png,985954731,"{""solana"":""3c3SsHJnfqCs3WnbM2dBJeNFowcVJDWBfpJExumbmoon""}",18
0xa1ebb0922a7f43df50b34ad9bf2f602f88aab869_base,TICKLE,Tickle,tickle,ticklet9c.png,4200000000,"{""base"":""0xa1ebb0922a7f43df50b34ad9bf2f602f88aab869""}",18
ABDoiSudvFjjJ25rtXn8V2b6QGrH59KN6thAbsPvpump_solana,SUWI,suwi,suwi,ABDoiSudvFjjJ25rtXn8V2b6QGrH59KN6thAbsPvpump_solana9mf.png,999779939,"{""solana"":""ABDoiSudvFjjJ25rtXn8V2b6QGrH59KN6thAbsPvpump""}",18
41fZewbrb8x24yE9KeMJExoVXCDggebPMEwRVvX8pump_solana,KMC,KittyMineCoin,kittyminecoin,41fZewbrb8x24yE9KeMJExoVXCDggebPMEwRVvX8pump_solanaEBg.png,996342460,"{""solana"":""41fZewbrb8x24yE9KeMJExoVXCDggebPMEwRVvX8pump""}",18
0xfda75f77a22b4f4b783bbbb21915ef64d149bba3_base,HD,Hermes Desktop,hermes-desktop,hermes-desktopQvt.png,100000000000,"{""base"":""0xfda75f77a22b4f4b783bbbb21915ef64d149bba3""}",18
zklsol,ZKFG,ZKLSOL,zklsol,zklsolTo7.png,4227267,"{""solana"":""ZKFHiLAfAFMTcDAuCtjNW54VzpERvoe7PBF9mYgmeta""}",18
you-held,POV,You Held,you-held,you-heldxOi.png,999123443,"{""solana"":""QpRvqVMPG4o5y5fARHR6L7aK1x5vdWPQEiEjMkVpump""}",18
wrapped-bcoin,WBCOIN,Wrapped Backed Coinbase Global,wrapped-bcoin,wrapped-bcoinL02.png,241.2154,"{""xdai"":""0xdec933e2392ad908263e70a386fbf34e703ffe8f"",""avalanche"":""0xdec933e2392ad908263e70a386fbf34e703ffe8f"",""ethereum"":""0xdec933e2392ad908263e70a386fbf34e703ffe8f"",""base"":""0xdec933e2392ad908263e70a386fbf34e703ffe8f"",""polygon-pos"":""0xdec933e2392ad908263e70a386fbf34e703ffe8f""}",18
big-back-bitcoin,BBBTC,Big Back Bitcoin,big-back-bitcoin,big-back-bitcoinGWr.png,21000000000,"{""ethereum"":""0x52c7aa73dc430dab948eee73ea253383fd223420""}",18
0x8b7abc1c0f2e6c0b76bc4fd0f7190f67d72e7777_binance_smart,老吴,老吴 (Lao Wu),lao-wu,lao-wuwmL.png,1000000000,"{""binance_smart"":""0x8b7abc1c0f2e6c0b76bc4fd0f7190f67d72e7777""}",18
enosys-usdt,EUSDT,Enosys USDT,enosys-usdt,enosys-usdt3ou.png,42227,"{""flare-network"":""0x96b41289d90444b8add57e6f265db5ae8651df29""}",18
0x71b73e5de850e8d4dc3d0604c641d23d94f79b07_base,AAI,aaigotchi,aaigotchi,aaigotchicwz.png,100000000000,"{""base"":""0x71b73e5de850e8d4dc3d0604c641d23d94f79b07""}",18
meowood,MEOWOOD,MEOWOOD,meowood,meowoodacy.png,1000000000,"{""robinhood"":""0x3018e275da8d1acd16e7b803e74fca9c251fd60f""}",18
7fDdLy2rmQKsPCkqUXEd1mN7yDfEzArc4VrctWmfkJBK_solana,Z500,Z500,z500,z500uWX.png,997641235,"{""solana"":""7fDdLy2rmQKsPCkqUXEd1mN7yDfEzArc4VrctWmfkJBK""}",18
7wUwkXo8Qjt3cYM8BaHHHeyfDY7ZSn7qvod92pNupump_solana,SL,The Society Library,the-society-library,7wUwkXo8Qjt3cYM8BaHHHeyfDY7ZSn7qvod92pNupump_solanaN4w.png,992925034,"{""solana"":""7wUwkXo8Qjt3cYM8BaHHHeyfDY7ZSn7qvod92pNupump""}",18
paca-ai,PACA,Paca AI,paca-ai,paca-aitii.png,1200000000,"{""base"":""0x3639e6f4c224ebd1bf6373c3d97917d33e0492bb""}",18
oggcoin,OGG,Oggchain,oggcoin,oggcoinsf1.png,1344425735,"{""binance_smart"":""0xc44efba271e71351ce20f96cfac2d1d5c2302aa3""}",18
8r5ZuzAt5c8VAHVSMpgUJNzpp88wHLnJCsLTLMdsf27Z_solana,INBOX,Inbox,tweetdm,8r5ZuzAt5c8VAHVSMpgUJNzpp88wHLnJCsLTLMdsf27Z_solanaqXn.png,999841098,"{""solana"":""8r5ZuzAt5c8VAHVSMpgUJNzpp88wHLnJCsLTLMdsf27Z""}",18
palladium-rstock,PALLR,Palladium rStock,palladium-rstock,palladium-rstockFBb.png,467.9223,"{""solana"":""9eS6ZsnqNJGGKWq8LqZ95YJLZ219oDuJ1qjsLoKcQkmQ""}",18
buburry,BUBURRY,Buburry,buburry,buburrymjM.png,1000000000,"{""memecore"":""0xbfc83b94c64e6aaada30e3f49f2267ecbde3b13b""}",18
lockheed-martin-rstock,RLMT,Lockheed Tokenized Stock (Reality),lockheed-martin-rstock,lockheed-martin-rstockW7L.png,83.0105,"{""arbitrum-one"":""0x90f35e808c6357c6ba3c6c08e34be5edc62f6a84"",""morph-l2"":""0xd5eb4c6e795144468c746ebdf6ebf4a32c5128b7""}",18
blue-protocol,BLUE,Blue Protocol,blue-protocol,blue-protocolSHI.png,1691855,"{""binance_smart"":""0xa90298e5b1203a2dd0006a75eabe158989c406fb""}",18
7pskt3A1Zsjhngazam7vHWjWHnfgiRump916Xj7ABAGS_solana,GAS,Gas Town,gas-town,gas-towneXi.png,999602738,"{""solana"":""7pskt3A1Zsjhngazam7vHWjWHnfgiRump916Xj7ABAGS""}",18
gunstar-metaverse,GSTS,Gunstar Metaverse,gunstar-metaverse,gunstar-metaverse0LN.png,400000000,"{""binance_smart"":""0x7edc0ec89f987ecd85617b891c44fe462a325869"",""tomochain"":""0x7edc0ec89f987ecd85617b891c44fe462a325869""}",18
robinfun,ROBINFUN,Robinfun,robinfun,robinfunSjH.png,1000000000,"{""robinhood"":""0x56a98db16cf501b686c14ba00a5dec02e87083fa""}",18
qi2bq4ACHHk2d77XaNx1xUNC3axcQSCDYcpeZxZpump_solana,MCG,microcap gem,microcap-gem,qi2bq4ACHHk2d77XaNx1xUNC3axcQSCDYcpeZxZpump_solanaHyU.png,998275700,"{""solana"":""qi2bq4ACHHk2d77XaNx1xUNC3axcQSCDYcpeZxZpump""}",18
0x49d8022cfa113dadb8cb1a5b22250524cf24b926_robinhood,BOYZ,Boyz N The Hood,boyz-n-the-hood,0x49d8022cfa113dadb8cb1a5b22250524cf24b926_robinhoodiYT.png,1000000000,"{""robinhood"":""0x49d8022cfa113dadb8cb1a5b22250524cf24b926""}",18
goldman-sachs-rstock,RGS,Goldman Sachs Tokenized Stock (Reality),goldman-sachs-rstock,goldman-sachs-rstockAmk.png,59.8845,"{""arbitrum-one"":""0xfa24a4fbcf56ff18422f9004af1cb1aebb8b5f42"",""morph-l2"":""0x5e07f761575f58d47f6286d74d8ee3870fa59f37""}",18
borne,BORNE,BORNE,borne,borneKK4.png,172523213,"{""avalanche"":""0x133879524ddb38582cf0b93d10adb789601ff397"",""ethereum"":""0x2a7f6a311cf835ebb16b7e954b8aacbb61ea149e"",""abstract"":""0xcfd7cfeacc783a0d48ce076922b9d87aab2c4c1b""}",18
cyclo-cysflr,CYSFLR,Cyclo cysFLR,cyclo-cysflr,cyclo-cysflrGQZ.png,291840,"{""flare-network"":""0x19831cfb53a0dbead9866c43557c1d48dff76567""}",18
3vz82EWYv8xnc7Cm7qSgERcpMeqw92PcX8PBz88npump_solana,USDUT,Unstable Tether,unstable-tether,unstable-tetheraEb.png,999535702,"{""solana"":""3vz82EWYv8xnc7Cm7qSgERcpMeqw92PcX8PBz88npump""}",18
wrapped-optidoge,WOPTIDOGE,Wrapped OptiDoge,wrapped-optidoge,wrapped-optidoger52.png,420000000000,"{""optimistic-ethereum"":""0xc26921b5b9ee80773774d36c84328ccb22c3a819""}",18
b-cube-ai,BCUBE,B-cube.ai,b-cube-ai,b-cube-aiMt2.png,49560318,"{""ethereum"":""0x93c9175e26f57d2888c7df8b470c9eea5c0b0a93""}",18
ERKbvKU1Md4AXNyzWQbagRJWpGE7rwUxGep9ESaxpump_solana,QAI,qAI,qai,ERKbvKU1Md4AXNyzWQbagRJWpGE7rwUxGep9ESaxpump_solanadka.png,999936440,"{""solana"":""ERKbvKU1Md4AXNyzWQbagRJWpGE7rwUxGep9ESaxpump""}",18
lute,LUTE,Alandale,lute,luteJcQ.png,520150000,"{""robinhood"":""0xd1e861cc5eee7ea88649206b74504d78ccd7aeea""}",18
0x85fbe583368888bc8dabde6f1e6ec6a3f0b2a040_base,MORSE,MORSE,morse-2,morse-26XB.png,1000000000,"{""base"":""0x85fbe583368888bc8dabde6f1e6ec6a3f0b2a040""}",18
0x1014fc96b37225e56f171a107bebef03800ff8f8_base,DEGENOS,degenOS,degenos,0x1014fc96b37225e56f171a107bebef03800ff8f8_base5tn.png,100000000000,"{""base"":""0x1014fc96b37225e56f171a107bebef03800ff8f8""}",18
visa-rstock,RV,Visa Tokenized Stock (Reality),visa-rstock,visa-rstock1hJ.png,115.6229,"{""arbitrum-one"":""0x5e6706ee5d47a84a708116b903855c54e3bda241"",""morph-l2"":""0x871dc99e35ae355d7052a831fe1c352b610b43d5""}",18
Cn5Ne1vmR9ctMGY9z5NC71A3NYFvopjXNyxYtfVYpump_solana,LISTEN,listen-rs,listen-rs,Cn5Ne1vmR9ctMGY9z5NC71A3NYFvopjXNyxYtfVYpump_solanahWG.png,999992619,"{""solana"":""Cn5Ne1vmR9ctMGY9z5NC71A3NYFvopjXNyxYtfVYpump""}",18
8QwqzHgsGcVrxgT8Bf4U3MMsiAsFUpxTEEJu3RF7Mpvr_solana,TRIANGLE,dancing triangle,dancing-triangle-2,8QwqzHgsGcVrxgT8Bf4U3MMsiAsFUpxTEEJu3RF7Mpvr_solanaWSP.png,941302956,"{""solana"":""8QwqzHgsGcVrxgT8Bf4U3MMsiAsFUpxTEEJu3RF7Mpvr"",""ethereum"":""0x9a594f5ed8d119b73525dfe23adbceca77fd828d""}",18
dogeclub,DOGC,DogeClub,dogeclub,dogeclubdvZ.png,200511020000000,"{""ethereum"":""0xda8263d8ce3f726233f8b5585bcb86a3120a58b6""}",18
0x6662060b16b61ba3f83bca6ccc796eb3acdf7777_robinhood,ZED,Zedkr,zedkr,0x6662060b16b61ba3f83bca6ccc796eb3acdf7777_robinhoodZzQ.png,995000000,"{""robinhood"":""0x6662060b16b61ba3f83bca6ccc796eb3acdf7777""}",18
dragonz,DRAGONZ,DRAGONZ,dragonz,dragonzSaD.png,1000000000,"{""venom"":""0:1c5ebbde66ef5c2e7bcd49fd3d37762204d225762b03b37cac9c9fd0a5e70f0b""}",18
on-semiconductor-corporation-robinhood-token,ON,ON Semiconductor Corporation • Robinhood Token,on-semiconductor-corporation-robinhood-token,on-semiconductor-corporation-robinhood-tokenDBi.png,497.1498,"{""robinhood"":""0xbbd09f72b025360fee5c928053dca6248d35be54""}",18
vitalik-smart-gas,VSG,Vector Smart Gas,vitalik-smart-gas,vitalik-smart-gasdLx.png,6457246856,"{""ethereum"":""0x58aea10748a00d1781d6651f9d78a414ea32ca46""}",18
0x3d958634ab725b627919ef8f2ed59227309fdba3_base,NEXUS,Nexus Trading Labs,nexus-trading-labs,0x3d958634ab725b627919ef8f2ed59227309fdba3_base6oR.png,100000000000,"{""base"":""0x3d958634ab725b627919ef8f2ed59227309fdba3""}",18
soyjak-2,SOY,Soyjak,soyjak-2,soyjak-2cGg.png,991681840,"{""solana"":""8zsZESzrGoYVi1dVH4QNWXJ2EfW4v287aEGNiDvQpump""}",18
0x1c7c53aa86b49a28c627b6450091998e447a42f9_avalanche,VELAI,Velvet AI,velvet-ai,0x1c7c53aa86b49a28c627b6450091998e447a42f9_avalancheS8I.png,1105000000,"{""avalanche"":""0x1c7c53aa86b49a28c627b6450091998e447a42f9""}",18
saasgo,SAAS,SaaSGo,saasgo,saasgoS5V.png,1000000000,"{""ethereum"":""0x350e52bb0f874f3b558a3679aac24268ee37a699""}",18
brokecoin,BROKE,Brokecoin,brokecoin,brokecoinmUR.png,89128940659,"{""solana"":""Ga4oZoNRLkZkruJpS8NLwa8DJCwKP9hbTBSNDQZ9V43v""}",18
HsNx7RirehVMy54xnFtcgCBPDMrwNnJKykageqdWpump_solana,DAIGE,Daige,daige,HsNx7RirehVMy54xnFtcgCBPDMrwNnJKykageqdWpump_solanajHf.png,999789009,"{""solana"":""HsNx7RirehVMy54xnFtcgCBPDMrwNnJKykageqdWpump""}",18
zenith-protocol,ZTH,Zenith Protocol,zenith-protocol,zenith-protocolWeY.png,969987761,"{""solana"":""CfXwEn55uXAzx9qV1p7fa83opqRkbRKrMJuqQ8Rspump""}",18
0x864cb5194722d5a1596f4be8b899916d30dad8d8_ethereum,DOG,LEDOG (DOG),ledog-dog,0x864cb5194722d5a1596f4be8b899916d30dad8d8_ethereumdrO.png,21000000000000,"{""ethereum"":""0x864cb5194722d5a1596f4be8b899916d30dad8d8""}",18
vanguard-total-international-stock-etf-rstock,RVXUS,Vanguard Total International Stock ETF Tokenized Stock (Reality),vanguard-total-international-stock-etf-rstock,vanguard-total-international-stock-etf-rstockdSc.png,482.8592,"{""arbitrum-one"":""0x8ccf446b58011a829af4f83fe02d50f5177f2e15"",""morph-l2"":""0x4be8532ff32ded831c55506cd2d7d59881176ee3""}",18
flarefox,FLX,FlareFox,flarefox,flarefoxg8J.png,18597688066,"{""flare-network"":""0x22757fb83836e3f9f0f353126cacd3b1dc82a387""}",18
rugman,$RUG,RUGMAN,rugman,rugman0if.png,100000000,"{""hyperliquid"":""0x4978f3f49f30776d9d7397b873223c2d""}",18
0xf8a99f2bf2ce5bb6ce4aafcf070d8723bc904aa2_base,CHRETT,Chinese Brett,chinese-brett,chinese-bretti2T.png,1000000000,"{""base"":""0xf8a99f2bf2ce5bb6ce4aafcf070d8723bc904aa2""}",18
wrapped-mantra,WMANTRA,Wrapped MANTRA,wrapped-mantra,wrapped-mantraxFg.png,8993766,"{""mantra"":""0xe3047710ef6cb36bcf1e58145529778ea7cb5598"",""mantra-evm"":""0xe3047710ef6cb36bcf1e58145529778ea7cb5598""}",18
mackerel-2,MACKE,Mackerel,mackerel-2,mackerel-22Ov.png,3524578,"{""ethereum"":""0xd69a0a9682f679f50e34de40105a93bebb2ff43d""}",18
0xb3d1df1852e7ed3f4d056c7f7d9c0d340a3b78ac_binance_smart,SEKA,SEKA,seka,sekaNIT.png,1000000000,"{""binance_smart"":""0xb3d1df1852e7ed3f4d056c7f7d9c0d340a3b78ac""}",18
0xc1b641e72327208f0fe37405a9d46439b626af6a_base,WAYE,WAYE.ai,waye-ai,waye-ai7Co.png,1000000000,"{""base"":""0xc1b641e72327208f0fe37405a9d46439b626af6a""}",18
spain-national-fan-token,SNFT,Spain National Football Team,spain-national-fan-token,spain-national-fan-tokenJAD.png,22903472,"{""Bitcichain"":""0x3e6f1be54feb9cc37dbfc31a894a8810357c3f9c""}",18
0x708c2b2eeb9578dfe4020895139e88f7654647ff_base,ROBOT,RoboStack,robostack,0x708c2b2eeb9578dfe4020895139e88f7654647ff_baseS4C.png,1000000000,"{""base"":""0x708c2b2eeb9578dfe4020895139e88f7654647ff"",""peaq"":""0xfd9d1b4a0384396a595345886d1e1d8abf439cef""}",18
0x3cdb41027d61c413e064e84d9c21812b6ef004f1_ethereum,PROMETHEUS,Prometheus,prometheus-5,0x3cdb41027d61c413e064e84d9c21812b6ef004f1_ethereumfTI.png,100000000,"{""ethereum"":""0x3cdb41027d61c413e064e84d9c21812b6ef004f1""}",18
0x4955f6641bf9c8c163604c321f4b36e988698f75_ethereum,DOGECAST,Dogecast,dogecast,0x4955f6641bf9c8c163604c321f4b36e988698f75_ethereumrmM.png,1000000000,"{""ethereum"":""0x4955f6641bf9c8c163604c321f4b36e988698f75""}",18
birb-3,BIRB,birb,birb-3,birb-3b3u.png,998586925,"{""solana"":""2EBjqPYGLUExdWwJJRLqtGPawzb2aMjE1wTpUYKhy2UQ""}",18
divinely-protected-2,222,divinely protected,divinely-protected-2,divinely-protected-2gZm.png,1000000000,"{""robinhood"":""0x21ed792de0ebfa85c2f55ff45b2241c576727f7b""}",18
0x21e00ff5374a0b803e0dc13a72800aca95b4b09e_base,BUTTHOLE,Based Butthole,based-butthole,0x21e00ff5374a0b803e0dc13a72800aca95b4b09e_baser9X.png,100000000000,"{""base"":""0x21e00ff5374a0b803e0dc13a72800aca95b4b09e""}",18
2KFZCkfxj1Us8YRQZa5vktSxy3GPzFZvVhWj91n8Fv2J_solana,CBDC,Central Bank Digital Currency Memecoin,central-bank-digital-currency-memecoin,central-bank-digital-currency-memecoinTte.png,100000000000,"{""solana"":""2KFZCkfxj1Us8YRQZa5vktSxy3GPzFZvVhWj91n8Fv2J""}",18
bridged-tether-fuse,USDT,Fuse Bridged USDT (Fuse),bridged-tether-fuse,bridged-tether-fuseNkY.png,40976,"{""fuse"":""0x68c9736781e9316ebf5c3d49fe0c1f45d2d104cd""}",18
football-world-community,FWC,Football World Community,football-world-community,football-world-communityDAV.png,0,"{""binance_smart"":""0x6d3a160b86edcd46d8f9bba25c2f88cccade19fc""}",18
league-of-kingdoms,LOKA,League of Kingdoms,league-of-kingdoms,league-of-kingdomshy0.png,500000000,"{""ethereum"":""0x61e90a50137e1f645c9ef4a0d3a4f01477738406""}",18
Trj7guTUcpDFqkycDzvMNjwRN1W4fYtsxSYbj3veBsP_solana,AMATO,AMATO,amato,Trj7guTUcpDFqkycDzvMNjwRN1W4fYtsxSYbj3veBsP_solanaWlG.png,999970334,"{""solana"":""Trj7guTUcpDFqkycDzvMNjwRN1W4fYtsxSYbj3veBsP""}",18
0x2f20cf3466f80a5f7f532fca553c8cbc9727fef6_base,AKUMA,Akuma Inu,akuma-inu,0x2f20cf3466f80a5f7f532fca553c8cbc9727fef6_basefc3.png,666666666666,"{""base"":""0x2f20cf3466f80a5f7f532fca553c8cbc9727fef6""}",18
selenium-2,SELE,Selenium,selenium-2,selenium-2cG9.png,6259886,"{""terra"":""terra1v0z94pr8ynzq8zmuyv3j0eraqjs4m5zpm4ptgru459y5fye2at7q0e4jtd""}",18
apes-go-bananas,AGB,Apes Go Bananas,apes-go-bananas,apes-go-bananasfOH.png,819200000000000,"{""ethereum"":""0xbddf903f43dc7d9801f3f0034ba306169074ef8e""}",18
oggie,OGGIE,Oggie,oggie,oggietNo.png,1000000000,"{""ethereum"":""0x11a001dc777f5bf8a5d63f246664d3bb67be496c""}",18
outer-ring,GQ,Blink Galaxy,outer-ring,outer-ringP4h.png,8507591292,"{""binance_smart"":""0xf700d4c708c2be1463e355f337603183d20e0808""}",18
mara-holdings-dinari-tokenized-stock,MARA,MARA Holdings (Dinari Tokenized Stock),mara-holdings-dinari-tokenized-stock,mara-holdings-dinari-tokenized-stockHNo.png,3628,"{""ethereum"":""0xa8510eb43e33fa4e75e0c5cf5b91d8d02c8f139a"",""base"":""0xa483eca53adfef52f614ba1f76d5f49b0caeb7df"",""arbitrum-one"":""0xc0ce7221db1508529752339c3bd5dcf01fa1b0ca"",""avalanche"":""0xf0df57a259807f75f74a64ba72b6113f5089a421""}",18
0x27d7959cf26135d8019d0f1e4a2280a8a355c4f5_base,LESTER,LESTER by Virtuals,lester-by-virtuals,0x27d7959cf26135d8019d0f1e4a2280a8a355c4f5_baselqc.png,1000000000,"{""base"":""0x27d7959cf26135d8019d0f1e4a2280a8a355c4f5""}",18
bouncy-ball-of-ofid-fun,E𝕏PB,BOUNCY BALL of OFiD Fun,bouncy-ball-of-ofid-fun,bouncy-ball-of-ofid-funYL2.png,999357284,"{""solana"":""GsKuLQsKCEnfQxuk4icTEQjc11Av8WiqW31CxZqZpump""}",18
adobe-inc-robinhood-token,ADBE,Adobe Inc. • Robinhood Token,adobe-inc-robinhood-token,adobe-inc-robinhood-token9KD.png,173.503,"{""robinhood"":""0x232b8ed6377be97813853b0ac104c4cda8378d1b""}",18
zeek-coin,MEOW,Zeek Coin,zeek-coin,zeek-coinPNQ.png,1000000000000,"{""zksync"":""0x79db8c67d0c33203da4efb58f7d325e1e0d4d692""}",18
AnGzGiQ6ddzdqWDuWy6vmibqDv8rsT2QKhcgDrwTpump_solana,GAYCOIN,Zerebro Token Of Transformation,zerebro-token-of-transformation,AnGzGiQ6ddzdqWDuWy6vmibqDv8rsT2QKhcgDrwTpump_solanadNc.png,999673645,"{""solana"":""AnGzGiQ6ddzdqWDuWy6vmibqDv8rsT2QKhcgDrwTpump""}",18
shiba-inu-wormhole,SHIB,Shiba Inu (Wormhole),shiba-inu-wormhole,shiba-inu-wormholezqH.png,7126510916,"{""solana"":""CiKu4eHsVrc1eueVQeHn7qhXTcVu95gSQmBpX4utjL9z"",""binance_smart"":""0xb1547683da678f2e1f003a780143ec10af8a832b"",""terra"":""terra1huku2lecfjhq9d00k5a8dh73gw7dwe6vvuf2dd""}",18
uranium-energy-ondo-tokenized,UECON,Uranium Energy (Ondo Tokenized),uranium-energy-ondo-tokenized,uranium-energy-ondo-tokenizedUzB.png,4381,"{""ethereum"":""0x0f8887772262c449793890dcd3bf320308db423b"",""binance_smart"":""0xe7ddf606841ee278a30e5c90486681e68ddd8cbf"",""solana"":""EYo8D3cLdF1CDeGms5M5VHyU52HJYinkMZ1cqvYondo""}",18
spores-network,SPO,Spores Network,spores-network,spores-networkK12.png,5000000000,"{""ethereum"":""0xcbe771323587ea16dacb6016e269d7f08a7acc4e"",""binance_smart"":""0x8357c604c5533fa0053beaaa1494da552cea38f7""}",18
egg,EGG,EGG,egg,eggj92.png,5987143916,"{""solana"":""4ynyx6BzY2XGFgjjun9Cruj1bSRo8FLsAqNnPsW6jDsu""}",18
shib2,SHIB2,SHIB2,shib2,shib2sfC.png,1000000000,"{""ethereum"":""0x2de7b02ae3b1f11d51ca7b2495e9094874a064c0""}",18
good-entry,GOOD,Good Entry,good-entry,good-entry7aU.png,523527372,"{""arbitrum-one"":""0x17176a9868f321411b15ccb9b934cf95597e89c4""}",18
9VFewJu28aZQA4j5j3a2ADBizXfz2ahsiSDWahCzcBLV_solana,ISENS,Innovosens,innovosens,9VFewJu28aZQA4j5j3a2ADBizXfz2ahsiSDWahCzcBLV_solanajDV.png,989991415,"{""solana"":""32UQH1VjtbvC4rNREPX2YuUEuNA5HUrELQS4auhupump""}",18
G3FoXHoQDuGkEG8ZqQd7riC9uB1N51bg7JuxJEPNpump_solana,RAGE,RAGE GUY,rage-guy-2,G3FoXHoQDuGkEG8ZqQd7riC9uB1N51bg7JuxJEPNpump_solana0AP.png,984009014,"{""solana"":""G3FoXHoQDuGkEG8ZqQd7riC9uB1N51bg7JuxJEPNpump""}",18
jellybean,JELLYBEAN,Jellybean,jellybean,jellybeanZqG.png,995759800,"{""solana"":""412zDygnwP9DzitnQVgRKUFFTDmrYScFch6P2k39pump""}",18
0x792d0447bf8b33158ca6e02d49755f2eab65061b_base,ZEBRO,Sport Bettor AI,sport-bettor-ai,0x792d0447bf8b33158ca6e02d49755f2eab65061b_baseKkc.png,999239020,"{""base"":""0x792d0447bf8b33158ca6e02d49755f2eab65061b""}",18
0xe2a6e74118e708f7652fc4c74d2f9ee5fa210563_linea,NWG,NotWifGary,notwifgary,notwifgarya0C.png,69000000000,"{""linea"":""0xe2a6e74118e708f7652fc4c74d2f9ee5fa210563""}",18
wzpeUomX2VNiswbyYMLqYsdN4nNFZSobNs5xuR7shit_solana,SHIT,Shitcoin,shitcoin-2,wzpeUomX2VNiswbyYMLqYsdN4nNFZSobNs5xuR7shit_solana8lY.png,999998051,"{""solana"":""wzpeUomX2VNiswbyYMLqYsdN4nNFZSobNs5xuR7shit""}",18
zeusshield,ZSC,Zeusshield,zeusshield,Zeusshieldu2oRD.png,5642500000,"{""ethereum"":""0x7a41e0517a5eca4fdbc7fbeba4d4c47b9ff6dc63""}",18
0x98f4779fccb177a6d856dd1dfd78cd15b7cd2af5_base,MISATO,MISATO,misato,0x98f4779fccb177a6d856dd1dfd78cd15b7cd2af5_basekeb.png,998553605,"{""base"":""0x98f4779fccb177a6d856dd1dfd78cd15b7cd2af5""}",18
trala-token,TRALA,TRALA TOKEN,trala-token,trala-tokenRH8.png,1000000000,"{""ethereum"":""0xd5e0eda0214f1d05af466e483d9376a77a67448b""}",18
verox,VRX,Verox,verox,veroxdwN.png,47500,"{""ethereum"":""0x87de305311d5788e8da38d19bb427645b09cb4e5""}",18
9QSjVAg5rDfBZPhvKwZcB63St3r6bqohP3Adurkjpump_solana,ROSIE,Rosie,rosie,rosiep4j.png,999849876,"{""solana"":""9QSjVAg5rDfBZPhvKwZcB63St3r6bqohP3Adurkjpump""}",18
0xb51d57cbe67152fd163f59d1e0f950c6b647fb07_robinhood,MAGATARD,Magatard,magatard,magatardKW9.png,1000000000,"{""robinhood"":""0xb51d57cbe67152fd163f59d1e0f950c6b647fb07""}",18
goat-trading,GOAT,Goat Trading,goat-trading,goat-tradingdDH.png,8888888888,"{""ethereum"":""0x6ae2a128cd07d672164ca9f2712ea737d198dd41""}",18
solcontrol,SCTRL,SolControl,solcontrol,solcontrolAW6.png,1011713941,"{""solana"":""CTRLb9PmyRL2fQZ4amRKw6ydJXbTLc5LWvw83RqyjxBk""}",18
briah,BRIAH,BRIAH,briah,briahHZP.png,996966560,"{""pulsechain"":""0xa80736067abdc215a3b6b66a57c6e608654d0c9a""}",18
0x7beb8f36650e9327d8c52735e3b3c9d1521576e3_ethereum,KEK,Kek,kek-5,kek-5Alx.png,420690000000000,"{""ethereum"":""0x7beb8f36650e9327d8c52735e3b3c9d1521576e3""}",18
GJgHsc1HU4ibmzW6oWQr8L2RRT95ATc1BoNuLkp94AwU_solana,WBS,White Boy Summer,white-boy-summer,white-boy-summerf7H.png,999992456,"{""solana"":""GJgHsc1HU4ibmzW6oWQr8L2RRT95ATc1BoNuLkp94AwU""}",18
0x2702a57ba3d6568320f5d7c57f360dfa5763f8a9_robinhood,FRENS,Frens,frens-2,0x2702a57ba3d6568320f5d7c57f360dfa5763f8a9_robinhoodTr1.png,966446325,"{""robinhood"":""0x2702a57ba3d6568320f5d7c57f360dfa5763f8a9""}",18
0x09db6885551ab1d4a9fa484d9b4b9fe899134444_binance_smart,FLORK,flork,flork-2,0x09db6885551ab1d4a9fa484d9b4b9fe899134444_binance_smartNld.png,1000000000,"{""binance_smart"":""0x09db6885551ab1d4a9fa484d9b4b9fe899134444""}",18
rentible,RNB,Rentible,rentible,rentibleDjd.png,10000000,"{""ethereum"":""0x20a62aca58526836165ca53fe67dd884288c8abf"",""binance_smart"":""0xadec335a2e3881303a9b0203eb99de12202280df""}",18
0xd5369a3cac0f4448a9a96bb98af9c887c92fc37b_binance_smart,BUBB,Bubb,bubb,bubb7hJ.png,1000000000,"{""binance_smart"":""0xd5369a3cac0f4448a9a96bb98af9c887c92fc37b""}",18
clankermon,CLANKERMON,Clankermon,clankermon,clankermonN4b.png,953464825,"{""base"":""0x1cdbb57b12f732cfb4dc06f690acef476485b2a5""}",18
0x9301d2debe3c501a4bef6ba5b273b7bd346fa57e_abstract,PLANB,Plan Bee,plan-bee,0x9301d2debe3c501a4bef6ba5b273b7bd346fa57e_abstract60a.png,990197556,"{""abstract"":""0x9301d2debe3c501a4bef6ba5b273b7bd346fa57e""}",18
monsterra,MSTR,Monsterra,monsterra,monsterrav34.png,98700000,"{""binance_smart"":""0x2290c6bd9560e6498dfdf10f9ecb17997ca131f2"",""avalanche"":""0xe397784960f814ba35c9ee0bc4c9dffdf86925f9"",""okex-chain"":""0xe397784960f814ba35c9ee0bc4c9dffdf86925f9"",""aura-network"":""aura10jpl6rz59h6chrpx3edahntqthdmaemrc8eewvxge7e2hhxtltjqc2ucrm""}",18
0x7e86381a763f0ecca2bdf27c54eac403ddd48123_robinhood,GME,GameStop,gamestop-3,0x7e86381a763f0ecca2bdf27c54eac403ddd48123_robinhood3bL.png,1000000000,"{""robinhood"":""0x7e86381a763f0ecca2bdf27c54eac403ddd48123""}",18
0x5266eeaff092d6136ab63d18b975a60a0cc0c8f7_robinhood,REPE,Robinhood Pepe,robinhood-pepe,0x5266eeaff092d6136ab63d18b975a60a0cc0c8f7_robinhoodlfp.png,1000000000,"{""robinhood"":""0x5266eeaff092d6136ab63d18b975a60a0cc0c8f7""}",18
gamma-strategies,GAMMA,Gamma Strategies,gamma-strategies,gamma-strategiescuX.png,100000000,"{""ethereum"":""0x6bea7cfef803d1e3d5f7c0103f7ded065644e197""}",18
q-bridged-usdc-q-mainnet,USDC,Q Bridged USDC (Q Mainnet),q-bridged-usdc-q-mainnet,q-bridged-usdc-q-mainnetFqM.png,40250,"{""q-mainnet"":""0x79cb92a2806bf4f82b614a84b6805963b8b1d8bb""}",18
0x51d5b1377b4d429283e8156540855ece77ad4444_binance_smart,小股东,小股东 (Minor Shareholder),minor-shareholder,minor-shareholderHt9.png,1000000000,"{""binance_smart"":""0x51d5b1377b4d429283e8156540855ece77ad4444""}",18
DNyxufTEwqNCgGruJ4W2ue6u1RTFcH61H4sa42LGpump_solana,BULLISH,bullish,bullish,DNyxufTEwqNCgGruJ4W2ue6u1RTFcH61H4sa42LGpump_solanaLle.png,999983615,"{""solana"":""DNyxufTEwqNCgGruJ4W2ue6u1RTFcH61H4sa42LGpump""}",18
6FtbGaqgZzti1TxJksBV4PSya5of9VqA9vJNDxPwbonk_solana,GIB,gib,gib-3,6FtbGaqgZzti1TxJksBV4PSya5of9VqA9vJNDxPwbonk_solanaVDD.png,999752601,"{""solana"":""6FtbGaqgZzti1TxJksBV4PSya5of9VqA9vJNDxPwbonk""}",18
peruvian-sol,WPEN,Peruvian Sol,peruvian-sol,peruvian-solqXw.png,132950,"{""world-chain"":""0x4f34c8b3b5fb6d98da888f0fea543d4d9c9f2ebe"",""base"":""0x4f34c8b3b5fb6d98da888f0fea543d4d9c9f2ebe"",""ethereum"":""0x4f34c8b3b5fb6d98da888f0fea543d4d9c9f2ebe"",""polygon-pos"":""0x4f34c8b3b5fb6d98da888f0fea543d4d9c9f2ebe"",""binance_smart"":""0x4f34c8b3b5fb6d98da888f0fea543d4d9c9f2ebe"",""xdai"":""0x4f34c8b3b5fb6d98da888f0fea543d4d9c9f2ebe"",""celo"":""0x4f34c8b3b5fb6d98da888f0fea543d4d9c9f2ebe"",""hyperevm"":""0x4f34c8b3b5fb6d98da888f0fea543d4d9c9f2ebe"",""arc"":""0x4f34c8b3b5fb6d98da888f0fea543d4d9c9f2ebe"",""tempo"":""0x20c0000000000000000000003f814455136426e3""}",18
DHJVYXsikcimtcVo49FAZqYd1XPYPaXezYhbKArJbonk_solana,BLUECHIP,Blue Chip,blue-chip-2,DHJVYXsikcimtcVo49FAZqYd1XPYPaXezYhbKArJbonk_solanaYsC.png,998996454,"{""solana"":""DHJVYXsikcimtcVo49FAZqYd1XPYPaXezYhbKArJbonk""}",18
gatsby-inu-new,GATSBY,Gatsby Inu,gatsby-inu-new,gatsby-inu-newyQr.png,1000000000000,"{""ethereum"":""0x5d0ebc4ec5ac18d30512fb6287886245061b3dbd""}",18
milkyway-2,MILK,MilkyWay,milkyway-2,milkyway-2B9g.png,1200000000,"{""osmosis"":""ibc/9D8D4CAE9D8F15B69E93969304AF3878D14BDED39FEAF0060566D6AC22288779"",""binance_smart"":""0x7b4bf9feccff207ef2cb7101ceb15b8516021acd""}",18
0x2e7775964554e0eb6400c00ce342fe06e1000935_ethereum,89,The Official 89 Coin,the-official-89-coin,0x2e7775964554e0eb6400c00ce342fe06e1000935_ethereumXfG.png,776157650,"{""ethereum"":""0x2e7775964554e0eb6400c00ce342fe06e1000935""}",18
brainrot,ROT,brainrot,brainrot,brainrotEnn.png,999142873,"{""solana"":""APoM2sXUzdRHTkUjXSsdUheX1wPPdP4HFLotmtRNMU8P""}",18
8K5X85PAJHAAVSvYaAzgVPPAPsqqHmvx16ZyBiscYF8L_solana,CTO,Vida Global CTO,vida-global-cto,vida-global-ctoBVN.png,915279077,"{""solana"":""8K5X85PAJHAAVSvYaAzgVPPAPsqqHmvx16ZyBiscYF8L""}",18
satoshivm,SAVM,SatoshiVM,satoshivm,satoshivmB7h.png,21000000,"{""ethereum"":""0x15e6e0d4ebeac120f9a97e71faa6a0235b85ed12"",""ordinals"":""1ebca700d02609c7454c827d7fd0a0d988d7b62c3600f72c1bec54768980381ci0""}",18
2GmUPhpe93kcTJZrC7NJ2keeDZRT5dBveUgegb13pump_solana,TRUTH,TruthChain,truthchain,2GmUPhpe93kcTJZrC7NJ2keeDZRT5dBveUgegb13pump_solanaWp0.png,999567479,"{""solana"":""2GmUPhpe93kcTJZrC7NJ2keeDZRT5dBveUgegb13pump""}",18
dogecube,DOGECUBE,DogeCube,dogecube,dogecubeODq.png,8000000000,"{""radix"":""resource_rdx1t4qfgjm35dkwdrpzl3d8pc053uw9v4pj5wfek0ffuzsp73evye6wu6""}",18
bnbguy,BNBGUY,BNBGUY,bnbguy,bnbguyDze.png,953096958,"{""binance_smart"":""0x28f6267de2d654d407253ac41bffd24fd21ff985""}",18
catton-ai,CATTON,Catton AI,catton-ai,catton-aigGp.png,10000000000000,"{""binance_smart"":""0xcefc79c16cd62cf0c35c1d16d23b9f266f2eda51"",""solana"":""EnYkmHKm13mLnBgpvHJZE2T6rqi8weQXoFuPccW9ZiD5""}",18
0x674a430f531847a6f8976a900f8ace765f896a1b_sonic,GSNAKE,gSNAKE,gsnake,0x674a430f531847a6f8976a900f8ace765f896a1b_sonicrVJ.png,62211,"{""sonic"":""0x674a430f531847a6f8976a900f8ace765f896a1b""}",18
teradyne-rstock,RTER,Teradyne Tokenized Stock (Reality),teradyne-rstock,teradyne-rstockdLW.png,88.5123,"{""arbitrum-one"":""0xa869f3b8e4ae931b349adbef78faa984a7b6dcf0"",""morph-l2"":""0xb59df7bb4918770b24e431a00c5833907c3134a4""}",18
GTiMaW6FNPLrWNVLYk5KkLApxiHvCwbGr9KdueGypump_solana,ISAAC,Bitcoin breaking $100 in 2013,bitcoin-breaking-100-in-2013,GTiMaW6FNPLrWNVLYk5KkLApxiHvCwbGr9KdueGypump_solana6jZ.png,992949055,"{""solana"":""GTiMaW6FNPLrWNVLYk5KkLApxiHvCwbGr9KdueGypump""}",18
EQCHGfuD-j40y6KxTmyCC4ultuz0K3PEvgRnr8UydGtg_E74_the-open-network,TONIO,Tonio,tonio,tonioALW.png,100000000,"{""the-open-network"":""EQCHGfuD-j40y6KxTmyCC4ultuz0K3PEvgRnr8UydGtg_E74""}",18
doge-2-0,DOGE2.0,Doge 2.0,doge-2-0,doge-2-0OW2.png,420690000000000,"{""ethereum"":""0xf2ec4a773ef90c58d98ea734c0ebdb538519b988""}",18
0x86bf362b3bcb067895481aa071a7364e5884232e_binance_smart,ANDY,Andy,andy-2,andy-2gyW.png,75000000000,"{""binance_smart"":""0x86bf362b3bcb067895481aa071a7364e5884232e""}",18
hord,HORD,Hord,hord,hordFAR.png,320000000,"{""ethereum"":""0x43a96962254855f16b925556f9e97be436a43448"",""binance_smart"":""0x39d4549908e7adcee9b439429294eeb4c65c2c9e"",""arbitrum-one"":""0xb1bc21f748ae2be95674876710bc6d78235480e0""}",18
0xf532ae2726099fa3665bcfc415563f6478172b07_base,MOLTYCASH,MOLTYCASH,moltycash,moltycashCHP.png,94407502433,"{""base"":""0xf532ae2726099fa3665bcfc415563f6478172b07""}",18
HPueqQjSgaSatMBKrvBvAnRmc6jnr51cPM1EjUJVpump_solana,TOBI,tobi,tobi,HPueqQjSgaSatMBKrvBvAnRmc6jnr51cPM1EjUJVpump_solanaICH.png,998628839,"{""solana"":""HPueqQjSgaSatMBKrvBvAnRmc6jnr51cPM1EjUJVpump""}",18
toucan-protocol-base-carbon-tonne,BCT,Base Carbon Tonne,toucan-protocol-base-carbon-tonne,toucan-protocol-base-carbon-tonnecxt.png,21106186,"{""polygon-pos"":""0x2f800db0fdb5223b3c3f354886d907a671414a7f"",""base"":""0x576bca23dcb6d94ff8e537d88b0d3e1bead444a2""}",18
kdr,KDR,KDR,kdr,kdrvq1.png,100000000,"{""ronin"":""0xc6046fa4b8961b0e9d823bb3f2dde8fe161d547d""}",18
6CsmCtDAhRcbp3G4KiinKC2JjLJ9BpR7isqcgZefqLym_solana,METH,Wethamphetamine,wethamphetamine,wethamphetaminejEb.png,999976430,"{""solana"":""6CsmCtDAhRcbp3G4KiinKC2JjLJ9BpR7isqcgZefqLym""}",18
BLDiYcvm3CLcgZ7XUBPgz6idSAkNmWY6MBbm8Xpjpump_solana,TRISIG,Tri Sigma,tri-sigma,BLDiYcvm3CLcgZ7XUBPgz6idSAkNmWY6MBbm8Xpjpump_solanaVsD.png,999665195,"{""solana"":""BLDiYcvm3CLcgZ7XUBPgz6idSAkNmWY6MBbm8Xpjpump""}",18
beta,BETA,BETA,beta,betaLQv.png,1000000000,"{""flow-evm"":""0xd8ad8ae8375aa31bff541e17dc4b4917014ebdaa""}",18
M5MFPbS4X6eYek21xhFU38DTavMLuGY9eyC5p8Tpump_solana,ZACHXBT,Justice for Zachxbt,justice-for-zachxbt,M5MFPbS4X6eYek21xhFU38DTavMLuGY9eyC5p8Tpump_solanafK8.png,999426770,"{""solana"":""M5MFPbS4X6eYek21xhFU38DTavMLuGY9eyC5p8Tpump""}",18
6CEjCg7Jo5RV9kFSgKx66rpW19nrsCmccD2bxfwpump_solana,FLUFFI,Fluffington,fluffington,6CEjCg7Jo5RV9kFSgKx66rpW19nrsCmccD2bxfwpump_solanaoD0.png,999705371,"{""solana"":""6CEjCg7Jo5RV9kFSgKx66rpW19nrsCmccD2bxfwpump""}",18
tsutsuji-doge-s-sister,TSUJI,Tsutsuji Doge's Sister,tsutsuji-doge-s-sister,tsutsuji-doge-s-sisterWVZ.png,940882503,"{""ethereum"":""0x2e6a60492fb5b58f5b5d08c7cafc75e740e6dc8e""}",18
farm-2,FARM,FARM,farm-2,farm-2kAz.png,1199705,"{""hyperliquid"":""0x11c83b5cfeb6419a74a85a5aaba0511d""}",18
kaanch-network,KNCH,KAANCH NETWORK,kaanch-network,kaanch-networkeyi.png,58000000,,
solordi,SOLO,Solordi,solordi,solordiAkJ.png,999141051,"{""solana"":""J8cKU4pD2NTSovvV5XghWHQiJy5TTEzgSyozorxz6ax8""}",18
0xb5d409f6e679b0f89a669ac9714173177683eb7c_base,CIK,Christ Is King,christ-is-king,christ-is-kinguw9.png,777000000000,"{""base"":""0xb5d409f6e679b0f89a669ac9714173177683eb7c""}",18
tensora,TORA,Tensora,tensora,tensoramu4.png,1000000000,"{""binance_smart"":""0x4444d14d522386647c29fd9cd9723f7339ac0f3c""}",18
sdoge,SDOGE,SDOGE,sdoge,sdogeP5d.png,100000000000,"{""solana"":""E2WYCGJJtWBodVLy1NKcN8ve4UAtsJJBU2mdErbXxP8h""}",18
sugar-bush,SUGR,SUGAR BUSH,sugar-bush,sugar-bushYdw.png,954920000,"{""cardano"":""766fce8055f39d40fcfc19721677b3deb2e7846950ae08dce757f1e753554741522042555348""}",18
proshares-ultra-vix-short-term-futures-etf-rstock,RUVXY,ProShares Ultra VIX Short-Term Futures ETF Tokenized Stock (Reality),proshares-ultra-vix-short-term-futures-etf-rstock,proshares-ultra-vix-short-term-futures-etf-rstock9gR.png,2326,"{""arbitrum-one"":""0xd444b75c2020d01545c2618b36a8aa7c58e11ab5""}",18
0x3155faaf0e4453229c3dcb3c70fdbf78113219fb_hyperevm,TESTICLES,TESTICLES,testicles,0x3155faaf0e4453229c3dcb3c70fdbf78113219fb_hyperevmWjQ.png,1000000000,"{""hyperevm"":""0x3155faaf0e4453229c3dcb3c70fdbf78113219fb""}",18
0x0a56431ecc9d0b39be0b1e27e795f4c4f19d0ba3_base,HALO,Halo,halo-3,0x0a56431ecc9d0b39be0b1e27e795f4c4f19d0ba3_baseNQe.png,100000000000,"{""base"":""0x0a56431ecc9d0b39be0b1e27e795f4c4f19d0ba3""}",18
0x52dd39e5d1a5f4b8a622466bbe880b5427bf038e_ethereum,CASE,CASE,case,0x52dd39e5d1a5f4b8a622466bbe880b5427bf038e_ethereumj0l.png,420690000000,"{""ethereum"":""0x52dd39e5d1a5f4b8a622466bbe880b5427bf038e""}",18
salesforce-inc-robinhood-token,CRM,"Salesforce, Inc. • Robinhood Token",salesforce-inc-robinhood-token,salesforce-inc-robinhood-token5J2.png,171.65,"{""robinhood"":""0xd95b44124e475743a7589e68f3d74008a5536d44""}",18
0x9b5037b68c6ed686a1f433e5eef9513bb1801b07_base,SKY,Skycastle,skycastle,0x9b5037b68c6ed686a1f433e5eef9513bb1801b07_baseRTm.png,100000000000,"{""base"":""0x9b5037b68c6ed686a1f433e5eef9513bb1801b07""}",18
xo-protocol,XOXO,XO Protocol,xo-protocol,xo-protocolkXz.png,2000000000,"{""base"":""0xc799ada44171b741abf41ee54fb1b47fda5960be"",""solana"":""XoDRBVPTLqewreEMaMe3kt7gdMfus56zScbg1yoCaaE""}",18
DCzCshB6Uu5uA2jMaTscghQx4ojD5bXFgeJDzZVJpump_solana,PEPTIDES,Peptides,peptides,peptides85O.png,854779900,"{""solana"":""DCzCshB6Uu5uA2jMaTscghQx4ojD5bXFgeJDzZVJpump""}",18
DKnXmFGBcpYEnPsoHLrdj5cbZdEq9DV9z6bVfYrrDEBE_solana,$JACKY,jacky,jacky,DKnXmFGBcpYEnPsoHLrdj5cbZdEq9DV9z6bVfYrrDEBE_solanaJMp.png,772894549,"{""solana"":""DKnXmFGBcpYEnPsoHLrdj5cbZdEq9DV9z6bVfYrrDEBE""}",18
9eXC6W3ZKnkNnCr9iENExRLJDYfPGLbc4m6qfJzJpump_solana,TRIT,Tritcoin,tritcoin,9eXC6W3ZKnkNnCr9iENExRLJDYfPGLbc4m6qfJzJpump_solanajln.png,999093658,"{""solana"":""9eXC6W3ZKnkNnCr9iENExRLJDYfPGLbc4m6qfJzJpump""}",18
82MmG1uH2BWLyoU7VCFYMohP9CT63q5paiKHAAAn3zWx_solana,ANIME,Anime Bitcoin,anime-bitcoin,anime-bitcoinhcD.png,996501719,"{""solana"":""82MmG1uH2BWLyoU7VCFYMohP9CT63q5paiKHAAAn3zWx""}",18
0x0f669808d88b2b0b3d23214dcd2a1cc6a8b1b5cd_avalanche,BLUB,Blub,blub-2,0x0f669808d88b2b0b3d23214dcd2a1cc6a8b1b5cd_avalancheWw9.png,1000000000,"{""avalanche"":""0x0f669808d88b2b0b3d23214dcd2a1cc6a8b1b5cd""}",18
0x3739426e21d912b604c106f852d136ba58f61517_ethereum,DOGGO,Doggo Inu,doggo-inu,0x3739426e21d912b604c106f852d136ba58f61517_ethereumctC.png,499921320000000,"{""ethereum"":""0x3739426e21d912b604c106f852d136ba58f61517""}",18
9fcfqnpSW3ifkZeaRS19uHeovDRBLy57V89zh2rtpump_solana,8CHAN,8chan,8chan,9fcfqnpSW3ifkZeaRS19uHeovDRBLy57V89zh2rtpump_solanaUdN.png,451185913,"{""solana"":""9fcfqnpSW3ifkZeaRS19uHeovDRBLy57V89zh2rtpump""}",18
J3NrhzUeKBSA3tJQjNq77zqpWJNz3FS9TrX7H7SLKcom_solana,COM,Comput3,comput3,J3NrhzUeKBSA3tJQjNq77zqpWJNz3FS9TrX7H7SLKcom_solanaT8W.png,999967121,"{""solana"":""J3NrhzUeKBSA3tJQjNq77zqpWJNz3FS9TrX7H7SLKcom""}",18
5AzTQ5zUuWUNGetxaRpo9DK9w8FQXoPjn5a4ZXMMmoon_solana,TREEINCAT,Tree Stuck in Cat,tree-stuck-in-cat,5AzTQ5zUuWUNGetxaRpo9DK9w8FQXoPjn5a4ZXMMmoon_solanakJO.png,986037794,"{""solana"":""5AzTQ5zUuWUNGetxaRpo9DK9w8FQXoPjn5a4ZXMMmoon""}",18
DiiTPZdpd9t3XorHiuZUu4E1FoSaQ7uGN4q9YkQupump_solana,ELIZABETH,Just Elizabeth Cat,just-elizabeth-cat,DiiTPZdpd9t3XorHiuZUu4E1FoSaQ7uGN4q9YkQupump_solanas2q.png,704946936,"{""solana"":""DiiTPZdpd9t3XorHiuZUu4E1FoSaQ7uGN4q9YkQupump""}",18
whispF7G9DHaojYHe2cdhRX5EMJzGBdqq7R57kL6inL_solana,WHISP,WHISP,whisp,whispF7G9DHaojYHe2cdhRX5EMJzGBdqq7R57kL6inL_solana9h1.png,999332595,"{""solana"":""whispF7G9DHaojYHe2cdhRX5EMJzGBdqq7R57kL6inL""}",18
zero-exchange,ZERO,0.exchange,zero-exchange,zero-exchangelof.png,564100000,"{""ethereum"":""0xf0939011a9bb95c3b791f0cb546377ed2693a574"",""binance_smart"":""0x1f534d2b1ee2933f1fdf8e4b63a44b2249d77eaf"",""avalanche"":""0x008e26068b3eb40b443d3ea88c1ff99b789c10f7""}",18
0xd1a7387d3ded8cb611a202fc1a9c9c74c23f2ba3_base,STAKR,STAKR,stakr,stakrTLx.png,100000000000,"{""base"":""0xd1a7387d3ded8cb611a202fc1a9c9c74c23f2ba3""}",18
0x164f12c8d7d16b905cc4f11e819a9fc5b183ef71_ethereum,$DMP,Dmarketplace,dmarketplace,0x164f12c8d7d16b905cc4f11e819a9fc5b183ef71_ethereum1G5.png,100000000000,"{""ethereum"":""0x164f12c8d7d16b905cc4f11e819a9fc5b183ef71""}",18
0x2fc3dd4dacfd1b2fabac157de8727b54bade4b07_base,CLAWIAI,ClawiAi,clawiai,0x2fc3dd4dacfd1b2fabac157de8727b54bade4b07_base7MI.png,100000000000,"{""base"":""0x2fc3dd4dacfd1b2fabac157de8727b54bade4b07""}",18
0x6432096f054288ee45b7f6ad8863a1f4a8e1201c_base,FOMO,FOMO Base,fomo-base,fomo-baseU2A.png,10000000000,"{""base"":""0x6432096f054288ee45b7f6ad8863a1f4a8e1201c""}",18
0xdc280afcd08e61be78ca8d154f78ef0bfea6deac_binance_smart,BIAO,Biaoqing,biaoqing-2,0xdc280afcd08e61be78ca8d154f78ef0bfea6deac_binance_smartY1P.png,1000000000,"{""binance_smart"":""0xdc280afcd08e61be78ca8d154f78ef0bfea6deac""}",18
0x8fe435d4f6900bbbe6b48431b91833f69beacba3_base,SCOUT,BuilderScout,builderscout,builderscout0fS.png,100000000000,"{""base"":""0x8fe435d4f6900bbbe6b48431b91833f69beacba3""}",18
AshG5mHt4y4etsjhKFb2wA2rq1XZxKks1EPzcuXwpump_solana,FULLSEND,Fullsend Community Coin,fullsend-community-coin,AshG5mHt4y4etsjhKFb2wA2rq1XZxKks1EPzcuXwpump_solanat6a.png,999348691,"{""solana"":""AshG5mHt4y4etsjhKFb2wA2rq1XZxKks1EPzcuXwpump""}",18
cope,COPE,Cope,cope,copeDT6.png,49999912,"{""solana"":""8HGyAAB1yoM1ttS7pXjHMa3dukTFGQggnFFH3hJZgzQh""}",18
sc-internacional-fan-token,SACI,SC Internacional Fan Token,sc-internacional-fan-token,sc-internacional-fan-tokenEg0.png,15000000,"{""chiliz"":""0x4c360be766dd95c973be30c4130e7b4b762113e0"",""solana"":""FqDcfNBPM23XaMQ9XRN8Tg9ZEdAtPsHKLStwBCyVcTH3"",""base"":""0xfb4037021e785d10b0a02677865b2457cbb3fa47""}",18
Eppcp4FhG6wmaRno3omWWvKsZHbzucVLR316SdXopump_solana,PIBBLE,pibble,pibble-2,Eppcp4FhG6wmaRno3omWWvKsZHbzucVLR316SdXopump_solanaHlM.png,999051755,"{""solana"":""Eppcp4FhG6wmaRno3omWWvKsZHbzucVLR316SdXopump""}",18
0x6d68015171eaa7af9a5a0a103664cf1e506ff699_ethereum,TUZKI,Tuzki,tuzki,0x6d68015171eaa7af9a5a0a103664cf1e506ff699_ethereumDtv.png,408486243863,"{""ethereum"":""0x6d68015171eaa7af9a5a0a103664cf1e506ff699""}",18
goracle-network,GORA,Gora,goracle-network,goracle-networkQGg.png,100000000,"{""algorand"":""1138500612"",""ethereum"":""0x3b9b5ad79cbb7649143decd5afc749a75f8e6c7f""}",18
0x6543b7746ca744c4bb2198191e71f40ff04c41b9_robinhood,DERP,DERP,derp-5,0x6543b7746ca744c4bb2198191e71f40ff04c41b9_robinhoodn4F.png,4444000000,"{""robinhood"":""0x6543b7746ca744c4bb2198191e71f40ff04c41b9""}",18
aishiba,SHIBAI,AiShiba,aishiba,aishiba4ZI.png,0,"{""arbitrum-one"":""0xfa296fca3c7dba4a92a42ec0b5e2138da3b29050""}",18
i-am-out,IMOUT,I AM OUT,i-am-out,i-am-out3yZ.png,999892266,"{""solana"":""DACYVx34V5aQaehN3MZGYxPfoyQYHZSnFAFw3T2Vbonk""}",18
0xce09140499936f0d3811e27119ecede913441292_robinhood,CACHE,Cache Flow,cache-flow,cache-flowSDn.png,100000000,"{""robinhood"":""0xce09140499936f0d3811e27119ecede913441292""}",18
0xae3013789c836345dfd63a9df713e3c23fb3a664_ethereum,GEOFF,Geoff,geoff,0xae3013789c836345dfd63a9df713e3c23fb3a664_ethereum4Yi.png,1000000000,"{""ethereum"":""0xae3013789c836345dfd63a9df713e3c23fb3a664""}",18
4FDtAagigMuFcPp36rbd9bzcYTJgQah2qLMYcYtfpump_solana,INMU,INMU,inmu,inmuFwF.png,964934625,"{""solana"":""4FDtAagigMuFcPp36rbd9bzcYTJgQah2qLMYcYtfpump""}",18
obscura,OBS,Obscura,obscura,obscuranBx.png,1000000000,"{""robinhood"":""0xfe242d1da8fd04f6a1f80b6d3d807b02e062ad4e""}",18
talisman,SEEK,Talisman,talisman,talismanJP4.png,100000000,"{""ethereum"":""0x07c3e739c65f81ea79d19a88d27de4c9f15f8df0""}",18
mochi-market,MOMA,Mochi Market,mochi-market,mochi-marketOxa.png,100000000,"{""ethereum"":""0xbd1848e1491d4308ad18287a745dd4db2a4bd55b"",""polygon-pos"":""0xe3ab61371ecc88534c522922a026f2296116c109"",""binance_smart"":""0xb72842d6f5fedf91d22d56202802bb9a79c6322e""}",18
B5UsiUYcTD3PcQa8r2uXcVgRmDL8jUYuXPiYjrY7pump_solana,SOLA,SOLA AI,sola-ai,B5UsiUYcTD3PcQa8r2uXcVgRmDL8jUYuXPiYjrY7pump_solanaCWj.png,999624488,"{""solana"":""B5UsiUYcTD3PcQa8r2uXcVgRmDL8jUYuXPiYjrY7pump""}",18
AhPo2fs5cfUyDhG7cvR67wwKg9UeFsF7mng368EB4oCn_solana,APU,Apu Apustaja,apu-apustaja,AhPo2fs5cfUyDhG7cvR67wwKg9UeFsF7mng368EB4oCn_solanaZwi.png,988231228,"{""solana"":""AhPo2fs5cfUyDhG7cvR67wwKg9UeFsF7mng368EB4oCn""}",18
BPiECaSntw8LVGYimofpNcU5eKrjrSvKz5VY7mr9pump_solana,OFFCHAIN,OffChain,offchain,offchainffY.png,999979011,"{""solana"":""BPiECaSntw8LVGYimofpNcU5eKrjrSvKz5VY7mr9pump""}",18
pulse-inu-2,PINU,Pulse Inu,pulse-inu-2,pulse-inu-2Egv.png,232370853194769,"{""pulsechain"":""0xa12e2661ec6603cbbb891072b2ad5b3d5edb48bd""}",18
zero-network-bridged-weth-zero-network,WETH,Zero Network Bridged WETH (Zero Network),zero-network-bridged-weth-zero-network,zero-network-bridged-weth-zero-networkJjl.png,20.3848,"{""zero-network"":""0xac98b49576b1c892ba6bfae08fe1bb0d80cf599c""}",18
BWWWurbodjGbovFetc3FC6oSbqkdoE62E1XqZ7X4pump_solana,SBAE,Salt Bae For The People,salt-bae-for-the-people,BWWWurbodjGbovFetc3FC6oSbqkdoE62E1XqZ7X4pump_solanaLwX.png,999991096,"{""solana"":""BWWWurbodjGbovFetc3FC6oSbqkdoE62E1XqZ7X4pump""}",18
0x6dcc10db1b1a7f7a49f6cd3669114aff053295fc_ethereum,VALENTINE,Valentine,valentine,valentine9RX.png,1000000000,"{""ethereum"":""0x6dcc10db1b1a7f7a49f6cd3669114aff053295fc""}",18
DWQJRoA5hQBGafXCbbtNPNnNh8FfL4S9hiVabrK6pump_solana,TRENCH,PlayTrenches,playtrenches,playtrenchesyKK.png,992366210,"{""solana"":""DWQJRoA5hQBGafXCbbtNPNnNh8FfL4S9hiVabrK6pump""}",18
0xd3776969966b340d72d75731ef890a3bc9f21ba3_base,GEM,Gem,gem-3,gem-3U65.png,100000000000,"{""base"":""0xd3776969966b340d72d75731ef890a3bc9f21ba3""}",18
2PENPmfgJfq6CG3k4byj4oWwHf8SerqakmYHMkUupump_solana,FAMILIARS,familiars.family,familiars-family,familiars-familywth.png,950407912,"{""solana"":""2PENPmfgJfq6CG3k4byj4oWwHf8SerqakmYHMkUupump""}",18
0x3c68382e757193f6ddd12a72dcf0adf93c961769_robinhood,LPAD,Launchpad.meme,launchpad-meme,0x3c68382e757193f6ddd12a72dcf0adf93c961769_robinhoodwNI.png,967450956,"{""robinhood"":""0x3c68382e757193f6ddd12a72dcf0adf93c961769""}",18
36ZrtQoab5MhhySaP1YSTwUahSk6GRVUTtZ6cuVfm9e1_solana,COOK,Cookie,cookie-2,cookie-2GOg.png,999959774,"{""solana"":""36ZrtQoab5MhhySaP1YSTwUahSk6GRVUTtZ6cuVfm9e1""}",18
AbrMJWfDVRZ2EWCQ1xSCpoVeVgZNpq1U2AoYG98oRXfn_solana,CHEESE,Cheese,cheese-2,cheese-29vS.png,1000000000,"{""solana"":""AbrMJWfDVRZ2EWCQ1xSCpoVeVgZNpq1U2AoYG98oRXfn""}",18
0x810affc8aadad2824c65e0a2c5ef96ef1de42ba3_base,AXOBOTL,AXOBOTL,axobotl,axobotlb9e.png,100000000000,"{""base"":""0x810affc8aadad2824c65e0a2c5ef96ef1de42ba3""}",18
0xccf66470a962464cff146b34a7cc8c235b068b07_base,FRED,clawfred,clawfred,clawfred2vJ.png,100000000000,"{""base"":""0xccf66470a962464cff146b34a7cc8c235b068b07""}",18
0x4af7439c4c8295738ee1fa2c77f63416f13fc894_base,NIV,Nivuniconu,nivuniconu,nivuniconu33F.png,1000000000,"{""base"":""0x4af7439c4c8295738ee1fa2c77f63416f13fc894""}",18
usdebt,USDEBT,USDEBT,usdebt,usdebteTF.png,32000000000000,"{""ethereum"":""0x00c5ca160a968f47e7272a0cfcda36428f386cb6"",""base"":""0xa23dd9379f2e12d9ce76ec738b9f5e520d1d861c""}",18
hims-hers-health-rstock,RHIMS,Hims & Hers Health Tokenized Stock (Reality),hims-hers-health-rstock,hims-hers-health-rstocklfA.png,1332,"{""arbitrum-one"":""0xfcffe2634e941690d2d2095be127930ee620bb3e"",""morph-l2"":""0x5ce5affc9108547d6adc28750fff4135f594be13""}",18
0x74c00c26e0ace673313aebf749a1a9644eeefdea_ethereum,SPURDO,SPURDO,spurdo-3,spurdo-3Rm5.png,1000000000000,"{""ethereum"":""0x74c00c26e0ace673313aebf749a1a9644eeefdea""}",18
iUdvUaxyRHh8PYVcmkgBpSJu5evpW6jsSLv8RCpmoon_solana,WORTHLESS,Worthless Coin,worthless-coin-2,worthless-coin-2V09.png,999643015,"{""solana"":""iUdvUaxyRHh8PYVcmkgBpSJu5evpW6jsSLv8RCpmoon""}",18
G33s1LiUADEBLzN5jL6ocSXqrT2wsUq9W6nZ8o4k1b4L_solana,MIM,Magic Internet Money (Meme),magic-internet-money-meme,magic-internet-money-memescF.png,999876013,"{""solana"":""G33s1LiUADEBLzN5jL6ocSXqrT2wsUq9W6nZ8o4k1b4L""}",18
0x7076de6ff1d91e00be7e92458089c833de99e22e_ethereum,BONE,FLEABONE,fleabone,0x7076de6ff1d91e00be7e92458089c833de99e22e_ethereumAFS.png,420690000000,"{""ethereum"":""0x7076de6ff1d91e00be7e92458089c833de99e22e""}",18
0x95308ec85a48376f253f36720355a54808c7857b_base,SPH,Sophia,sophia,sophia5LR.png,1000000000,"{""base"":""0x95308ec85a48376f253f36720355a54808c7857b""}",18
xio-2,XIO,XIO,xio-2,xio-2TXK.png,1000000000,"{""base"":""0xf06689ae24a10b5accbfd5451a212b6b3004b960""}",18
HTZsLG4zqaNvWMwXSLHH3GG5KyJpKwpBRsKVdMG6hvzP_solana,HTZ,"Hertz Global Holdings, Inc Common Stock (Backpack Securities)",hertz-global-holdings-inc-common-stock-backpack-securities,hertz-global-holdings-inc-common-stock-backpack-securitiesl6B.png,21321,"{""solana"":""HTZsLG4zqaNvWMwXSLHH3GG5KyJpKwpBRsKVdMG6hvzP""}",18
metados,SECOND,MetaDOS,metados,metados7NA.png,10000000000,"{""avalanche"":""0x7979871595b80433183950ab6c6457752b585805""}",18
VP9UaBXLM4KYRvyjisu65rz8BU5xNAbewU7LVmyU2x4_solana,VCAT,Vibing Cat,vibing-cat,vibing-catQDw.png,1222377,"{""solana"":""VP9UaBXLM4KYRvyjisu65rz8BU5xNAbewU7LVmyU2x4""}",18
FsTc9VgMQoHAc5o8DdeAFv1RphgNjb4kZTxx8JQSpump_solana,STARGATE,Stargate,stargate,FsTc9VgMQoHAc5o8DdeAFv1RphgNjb4kZTxx8JQSpump_solanaQag.png,999003810,"{""solana"":""FsTc9VgMQoHAc5o8DdeAFv1RphgNjb4kZTxx8JQSpump""}",18
juice-lee,JUICELEE,JUICE LEE,juice-lee,juice-leePlx.png,966249953,"{""solana"":""DsqWokHaPHi6p9TtkEFryf6qBQFxYkUiGss2sFnBpump""}",18
0x3e5fba5dd52e931276b3c84df7542c2eeea1440b_hyperevm,SPHERE,Hype Sphere,hype-sphere,0x3e5fba5dd52e931276b3c84df7542c2eeea1440b_hyperevmMUf.png,1000000000,"{""hyperevm"":""0x3e5fba5dd52e931276b3c84df7542c2eeea1440b""}",18
america-is-back,AIB,AMERICA IS BACK,america-is-back,america-is-backGJM.png,997821269,"{""solana"":""5GfXzzdxUZ4QEwwa5hhBMEazFSp9EhtYvm8RFLxrgyVc""}",18
Eyc4ozMWwUxBUTK61MTjzLBjSWWWNqqc8sjTF3Gfbonk_solana,SOLLE,SOLLE,solle,Eyc4ozMWwUxBUTK61MTjzLBjSWWWNqqc8sjTF3Gfbonk_solanaVfz.png,999646885,"{""solana"":""Eyc4ozMWwUxBUTK61MTjzLBjSWWWNqqc8sjTF3Gfbonk""}",18
caterpillar-dinari-tokenized-stock,CAT,Caterpillar (Dinari Tokenized Stock),caterpillar-dinari-tokenized-stock,caterpillar-dinari-tokenized-stockwll.png,45.1211,"{""ethereum"":""0x4cfba646ca9c05ad653fea94d485d15cfc449b2d"",""base"":""0x903ce8c6196a78e5b6df62897a864951e71b6b34"",""arbitrum-one"":""0xe649980d1b911756f217e4b61de76a7d2a3b108a"",""avalanche"":""0x757d6e9b133655e797246d0fe6b83dffbbc7e0cd""}",18
Hz4CJCpZky4YD75Zs2R2nBjP5wY6tYbraaT2hVZCpump_solana,BAKKT,BAKKT,bakkt,Hz4CJCpZky4YD75Zs2R2nBjP5wY6tYbraaT2hVZCpump_solana3Ib.png,998567905,"{""solana"":""Hz4CJCpZky4YD75Zs2R2nBjP5wY6tYbraaT2hVZCpump""}",18
0x005e6fd1610302018dcd9caf29b8bc38ff6efd98_ethereum,FOX,Metafox,metafox,0x005e6fd1610302018dcd9caf29b8bc38ff6efd98_ethereum0r9.png,10000000000,"{""ethereum"":""0x005e6fd1610302018dcd9caf29b8bc38ff6efd98""}",18
teafi-token,TEA,TeaFi Token,teafi-token,teafi-tokenkrv.png,300000000,"{""binance_smart"":""0x336ff048c664a081d527979ac4197d6c3c8bfb14""}",18
FCPMdpvwxtWBvgDDsPuBb6wyf41ik2gtPqNN9jWSBAGS_solana,PPW,Pentagon Pizza Watch,pentagon-pizza-watch,FCPMdpvwxtWBvgDDsPuBb6wyf41ik2gtPqNN9jWSBAGS_solanankT.png,999978025,"{""solana"":""FCPMdpvwxtWBvgDDsPuBb6wyf41ik2gtPqNN9jWSBAGS""}",18
0x0b1d66d2b66eeca25bc489062fdc362e3c214f81_base,NAINCY,NAINCY,naincy,0x0b1d66d2b66eeca25bc489062fdc362e3c214f81_baseGST.png,1000000000,"{""base"":""0x0b1d66d2b66eeca25bc489062fdc362e3c214f81""}",18
6HgJHzGpq3fSLmkepsaC8F3VtpUWfXcG4hmUaf4Vpump_solana,REGENT,REGENT,regent,6HgJHzGpq3fSLmkepsaC8F3VtpUWfXcG4hmUaf4Vpump_solanaf18.png,979710219,"{""solana"":""6HgJHzGpq3fSLmkepsaC8F3VtpUWfXcG4hmUaf4Vpump""}",18
0x1903160806e9ec3c77e31c6821ff8592dee9963c_base,CHARLES,Charles AI by Virtuals,charles-ai-by-virtuals,charles-ai-by-virtualsbl3.png,1000000000,"{""base"":""0x1903160806e9ec3c77e31c6821ff8592dee9963c""}",18
0x84b9c2be78ad93843c96c106a22f12ccb2cfdb07_base,BUTLER,Butler,butler,butlerFyq.png,100000000000,"{""base"":""0x84b9c2be78ad93843c96c106a22f12ccb2cfdb07""}",18
HCkhfdDNF2dqMxxtL51AzgWU26MBNkUkEzGAHtqkpump_solana,BATCAT,BatCat,batcat-2,batcat-2CJP.png,999961126,"{""solana"":""HCkhfdDNF2dqMxxtL51AzgWU26MBNkUkEzGAHtqkpump""}",18
0x6c7ebb64e258f5712eeec83ceaf41c3dcbb534b1_base,VAIN,Vainguard,vainguard,0x6c7ebb64e258f5712eeec83ceaf41c3dcbb534b1_baseckh.png,999408528,"{""base"":""0x6c7ebb64e258f5712eeec83ceaf41c3dcbb534b1""}",18
0x699ec925118567b6475fe495327ba0a778234aaa_ethereum,DUCKY,Ducky [OLD],ducky,ducky4CK.png,420690000000,"{""ethereum"":""0x699ec925118567b6475fe495327ba0a778234aaa"",""binance_smart"":""0xadb50d6a3f931e5b4a14d06a4a77fe71171a462f""}",18
earnfi,EARNFI,EARNFI,earnfi,earnfinff.png,975985400,"{""solana"":""FradHppu1s67CegxxSARmQmyJ26yCF8soUZaSE9qpump""}",18
0xa0bbbe391b0d0957f1d013381b643041d2ca4022_ethereum,SHIN,Shina Inu,shina-inu-2,shina-inu-2yo7.png,82232800000000,"{""ethereum"":""0xa0bbbe391b0d0957f1d013381b643041d2ca4022""}",18
beast-seller,BEAST,BEAST SELLER,beast-seller,beast-seller98N.png,69420000,"{""ethereum"":""0x255494b830bd4fe7220b3ec4842cba75600b6c80""}",18
bubbles-2,BUBBLES,BUBBLES,bubbles-2,bubbles-2ccY.png,1000000000,"{""aptos"":""0xd6a49762f6e4f7401ee79be6f5d4111e70db1408966ba1aa204e6e10c9d437ca::bubbles::BubblesCoin""}",18
7KuFdcfzbc3LLoRHNRWfW1dhbPNzuCv41hyYbfSUpump_solana,TDS,Trump Derangement Syndrome,trump-derangement-syndrome,7KuFdcfzbc3LLoRHNRWfW1dhbPNzuCv41hyYbfSUpump_solanasZZ.png,999900136,"{""solana"":""7KuFdcfzbc3LLoRHNRWfW1dhbPNzuCv41hyYbfSUpump""}",18
andy-on-eth,ANDY,Andy on ETH,andy-on-eth,andy-on-ethntn.png,963324,"{""ethereum"":""0x748509433ef209c4d11ada51347d5724a5da0ca5""}",18
0x140284d383918c522aca8f1cc6df49043b562e9b_base,BLAP,BLAP,blap,0x140284d383918c522aca8f1cc6df49043b562e9b_baseeWd.png,100000000000,"{""base"":""0x140284d383918c522aca8f1cc6df49043b562e9b""}",18
E99fN4tCRb1tQphXK1DU7prXji6hMzxETyPNJro19Fwz_solana,SOLCAT,CatSolHat,catsolhat,catsolhatDZp.png,69948866,"{""solana"":""E99fN4tCRb1tQphXK1DU7prXji6hMzxETyPNJro19Fwz""}",18
tempus-ai-rstock,RTEM,Tempus AI Tokenized Stock (Reality),tempus-ai-rstock,tempus-ai-rstockDUA.png,494.1632,"{""arbitrum-one"":""0x006bc18bb00314e6146099e44c1b271cecc6888a"",""morph-l2"":""0x66d5ed1631d0f55bad634613bc1c00641891fd1b""}",18
3MyaQBG7y3SHLQZa282Jh2xtB2TZKHGzNp1CuZ4Cpump_solana,QUDE,QudeAI Framework,qudeai-framework,3MyaQBG7y3SHLQZa282Jh2xtB2TZKHGzNp1CuZ4Cpump_solanaI9M.png,957628175,"{""solana"":""3MyaQBG7y3SHLQZa282Jh2xtB2TZKHGzNp1CuZ4Cpump""}",18
glitch-protocol,GLCH,Glitch Protocol,glitch-protocol,glitch-protocolAqC.png,88888888,"{""ethereum"":""0x038a68ff68c393373ec894015816e33ad41bd564"",""polygon-pos"":""0xbe5cf150e1ff59ca7f2499eaa13bfc40aae70e78"",""binance_smart"":""0xf0902eb0049a4003793bab33f3566a22d2834442""}",18
deepspace,DPS,DEEPSPACE,deepspace,deepspaceUBD.png,89105062,"{""binance_smart"":""0xf275e1ac303a4c9d987a2c48b8e555a77fec3f1c"",""ethereum"":""0xb7b1570e26315baad369b8ea0a943b7f140db9eb""}",18
0xc4047680d153fa3b741b016e871dfca723f1deea_base,X40G,x402guard,x402guard,x402guardLpt.png,1000000000,"{""base"":""0xc4047680d153fa3b741b016e871dfca723f1deea""}",18
archi-token,ARCHI,Archi Token,archi-token,archi-tokenuS2.png,10000000,"{""arbitrum-one"":""0x93d504070ab0eede5449c89c5ea0f5e34d8103f8""}",18
gugugaga,咕咕嘎嘎,gugugaga,gugugaga,gugugagaq2I.png,995937381,"{""solana"":""6cgUrnK8ix3ahDSCVcctCW4LNaegMn8SnPexMh4Upump""}",18
0x786f112c9a6bc840cdc07cfd840105efd6ef2d4b_ethereum,EDOGE,Ethereum Doge,ethereum-doge,0x786f112c9a6bc840cdc07cfd840105efd6ef2d4b_ethereumiHW.png,1000000000,"{""ethereum"":""0x786f112c9a6bc840cdc07cfd840105efd6ef2d4b""}",18
0xf404bc113f4fc7c2447cb2556dcf5a56e29fa2dd_base,SCOOP,Tradescoop by Virtuals,tradescoop,0xf404bc113f4fc7c2447cb2556dcf5a56e29fa2dd_base9r8.png,1000000000,"{""base"":""0xf404bc113f4fc7c2447cb2556dcf5a56e29fa2dd""}",18
0xe77223430bfb8e497a3c8e126cb5ad5275934444_binance_smart,1,1,1-token,1-tokenEMD.png,1000000000,"{""binance_smart"":""0xe77223430bfb8e497a3c8e126cb5ad5275934444""}",18
mutlichain-bridged-wbnb-avalanche,WBNB,Multichain Bridged WBNB (Avalanche C-Chain),mutlichain-bridged-wbnb-avalanche,mutlichain-bridged-wbnb-avalanche1tz.png,4957,"{""avalanche"":""0x264c1383ea520f73dd837f915ef3a732e204a493""}",18
zenix,ZENIX,ZENIX,zenix,zenixy3w.png,50000000000,"{""binance_smart"":""0x54d017c45105333fa0c52ec5c7b89d1d48ac1037""}",18
nft-protocol,NFT,NFT Protocol,nft-protocol,nft-protocollLM.png,88888888,"{""ethereum"":""0xcb8d1260f9c92a3a545d409466280ffdd7af7042""}",18
BuxH23osRyFFLbWG3czrTsfBQYbxzVZ8f7QV4cjTHN5x_solana,JOHN,John the Coin,john-the-coin,john-the-coinUY4.png,947045666,"{""solana"":""BuxH23osRyFFLbWG3czrTsfBQYbxzVZ8f7QV4cjTHN5x""}",18
bladeswap,BLADE,BladeSwap,bladeswap,bladeswapfE3.png,197413899,"{""blast"":""0xd1fedd031b92f50a50c05e2c45af1adb4cea82f4""}",18
0xea0c3c32101af8c98b8053e5c3ab0ce1692e5a30_robinhood,ROBDOG,ROBDOG,robdog,robdogdty.png,1000000000,"{""robinhood"":""0xea0c3c32101af8c98b8053e5c3ab0ce1692e5a30""}",18
dogita,DOGA,DOGITA,dogita,dogitaxGL.png,100000000000,"{""binance_smart"":""0x05311d9aa0e17d1071986146ced510c85c71b52f""}",18
freeport-mcmoran-ondo-tokenized,FCXON,Freeport-McMoRan (Ondo Tokenized),freeport-mcmoran-ondo-tokenized,freeport-mcmoran-ondo-tokenizeddu9.png,523.2813,"{""ethereum"":""0xeb08d539be0f6a6c90ea24276196e348f5688a02"",""binance_smart"":""0xe3b17e6d290a0f28bd32af4064637057627004d5"",""solana"":""CY8ttw5rYCT6fFBJwqXofefqa7Ji9E8zfLmhRLmondo"",""hyperevm"":""0xa019295d44677dd2f5b066245453938b1b1c483b""}",18
0x799c28bac95b3e0b26534d1e9a586511895ecba3_base,ORLIX,Orlix AI,orlix-ai,0x799c28bac95b3e0b26534d1e9a586511895ecba3_baseWxW.png,100000000000,"{""base"":""0x799c28bac95b3e0b26534d1e9a586511895ecba3""}",18
0xed2d1ef84a6a07dd49e8ca934908e9de005b7824_ethereum,WICKED,Wicked,wicked,0xed2d1ef84a6a07dd49e8ca934908e9de005b7824_ethereumTKl.png,1000000000,"{""ethereum"":""0xed2d1ef84a6a07dd49e8ca934908e9de005b7824""}",18
0xad86b91a1d1db15a4cd34d0634bbd4ecacb5b61a_ethereum,DARAM,Daram,daram,0xad86b91a1d1db15a4cd34d0634bbd4ecacb5b61a_ethereumeHv.png,210000000000,"{""ethereum"":""0xad86b91a1d1db15a4cd34d0634bbd4ecacb5b61a""}",18
game-fantasy-token,GFT,Game Fantasy,game-fantasy-token,game-fantasy-tokenhVr.png,11930389,"{""iotex"":""0x17df9fbfc1cdab0f90eddc318c4f6fcada730cf2""}",18
must,MUST,Must,must,mustu04.png,1000000,"{""ethereum"":""0x9c78ee466d6cb57a4d01fd887d2b5dfb2d46288f"",""polygon-pos"":""0x9c78ee466d6cb57a4d01fd887d2b5dfb2d46288f""}",18
0xdb87393727b666c43f5aecb03d8b419ba54d9b03_robinhood,SWOGE,Swole Doge,swole-doge-2,swole-doge-2yb6.png,1000000000,"{""robinhood"":""0xdb87393727b666c43f5aecb03d8b419ba54d9b03""}",18
0x0e83a7ae823a04787e175fb77fb2f77a56896a69_base,BONKER,Bonker,bonker-2,0x0e83a7ae823a04787e175fb77fb2f77a56896a69_baseF6b.png,100000000000,"{""base"":""0x0e83a7ae823a04787e175fb77fb2f77a56896a69""}",18
superseed-bridged-usdc-superseed,USDC,Superseed Bridged USDC (Superseed),superseed-bridged-usdc-superseed,superseed-bridged-usdc-superseed1wp.png,32695,"{""superseed"":""0xc316c8252b5f2176d0135ebb0999e99296998f2e""}",18
x8x-token,X8X,X8X,x8x-token,x8-project3ND.png,85240628,"{""ethereum"":""0x910dfc18d6ea3d6a7124a6f8b5458f281060fa4c""}",18
baby,BABY,Baby,baby,babyZFP.png,981257019640,"{""solana"":""5hmf8Jt9puwoqiFQTb3vr22732ZTKYRLRw9Vo7tN3rcz""}",18
0xcb5ff7331193c45f61f05b035ddabe08f13f6ba3_base,OPENAGENTMARKET,openagentmarket,openagentmarket,openagentmarketsN6.png,100000000000,"{""base"":""0xcb5ff7331193c45f61f05b035ddabe08f13f6ba3""}",18
9ZMEz6nmr4RWs92ASFKxFGfKpWw8cbUp2ZP3EhdqwWPr_solana,BALLZ,WolfWifBallz,wolfwifballz,wolfwifballzTMs.png,1000000000,"{""solana"":""9ZMEz6nmr4RWs92ASFKxFGfKpWw8cbUp2ZP3EhdqwWPr""}",18
0xabebed1684a789b3cf178db810f3cbb30cc14444_binance_smart,SORA,Sora Oracle,sora-oracle,sora-oracleS3O.png,1000000000,"{""binance_smart"":""0xabebed1684a789b3cf178db810f3cbb30cc14444""}",18
9JErKCoJX7nmMsYvicoZfEdTdW1qiF9oeocHWyKLmoon_solana,NEXGENT,Nexgent AI,nexgent-ai,nexgent-ai3G3.png,961672327,"{""solana"":""9JErKCoJX7nmMsYvicoZfEdTdW1qiF9oeocHWyKLmoon""}",18
0x1634e10c9155be623b5a52d6ca01c7a904d89b0a_ethereum,FINE,This Is Fine - Ethereum,this-is-fine-ethereum,0x1634e10c9155be623b5a52d6ca01c7a904d89b0a_ethereumnUd.png,69000000000000,"{""ethereum"":""0x1634e10c9155be623b5a52d6ca01c7a904d89b0a""}",18
B8hCuoikV9gLeuwmTyhNdLbPnb5k3P77Q7WTtEM7pump_solana,HOLO,Holozone,holozone,B8hCuoikV9gLeuwmTyhNdLbPnb5k3P77Q7WTtEM7pump_solanaMDO.png,974561596,"{""solana"":""B8hCuoikV9gLeuwmTyhNdLbPnb5k3P77Q7WTtEM7pump""}",18
robin-the-hoodini,HOODINI,ROBIN THE HOODINI,robin-the-hoodini,robin-the-hoodiniltf.png,100000000000,"{""robinhood"":""0x0856f71c65268da154da4413d961cb348dc6119d""}",18
sunrun-inc-robinhood-token,RUN,Sunrun Inc. • Robinhood Token,sunrun-inc-robinhood-token,sunrun-inc-robinhood-tokenPRH.png,4815,"{""robinhood"":""0x756bc80af765c82da966a788858d65adf14f3793""}",18
3KroURETdWLyFReapbdh6nTWQgS7Y6rorLY8jb1pJXoM_solana,MOOSK,Elawn Moosk,elawn-moosk,elawn-mooskwaA.png,999830277,"{""solana"":""3KroURETdWLyFReapbdh6nTWQgS7Y6rorLY8jb1pJXoM""}",18
0x620e617adbd41608f858d4191282945e67724b07_base,COAT,COAT DOG,coat-dog,0x620e617adbd41608f858d4191282945e67724b07_basejFh.png,98045782370,"{""base"":""0x620e617adbd41608f858d4191282945e67724b07""}",18
0xf3280115245a7470e7bbdd35e2b4f4094f511443_base,KARUM,Karum,karum,karumbR5.png,21000000,"{""base"":""0xf3280115245a7470e7bbdd35e2b4f4094f511443""}",18
mad-meerkat-optimizer,MMO,Mad Meerkat Optimizer,mad-meerkat-optimizer,mad-meerkat-optimizermzC.png,4820129,"{""cronos"":""0x50c0c5bda591bc7e89a342a3ed672fb59b3c46a7""}",18
GFJbQ7WDQry73iTaGkJcXKjvi1ViFTFmHSENgz92jFPP_solana,SECURE,Secure Legion,secure-legion,GFJbQ7WDQry73iTaGkJcXKjvi1ViFTFmHSENgz92jFPP_solanaCUZ.png,1315306106,"{""solana"":""GFJbQ7WDQry73iTaGkJcXKjvi1ViFTFmHSENgz92jFPP""}",18
0x14daf26c2507acdd3b64e3302d8554611026cc40_base,$MUST,Cool Mustache,cool-mustache,0x14daf26c2507acdd3b64e3302d8554611026cc40_baseaOK.png,100000000000,"{""base"":""0x14daf26c2507acdd3b64e3302d8554611026cc40""}",18
0x24a044e2c644ffdfe7b05e34d4716076b5a64444_binance_smart,BT,Build Together,build-together,0x24a044e2c644ffdfe7b05e34d4716076b5a64444_binance_smartrQr.png,1000000000,"{""binance_smart"":""0x24a044e2c644ffdfe7b05e34d4716076b5a64444""}",18
selfkey,KEY,SelfKey,selfkey,SelfKey29DWz.png,5999999954,"{""ethereum"":""0x4cc19356f2d37338b9802aa8e8fc58b0373296e7"",""polygon-pos"":""0x32dc2dd3c2be453a369625e6fe0e438aed814919""}",18
nothing-4,VOID,Nothing,nothing-4,nothing-4HUB.png,998721201,"{""solana"":""6gh8b2mqUrVb6Ew8Mwt89tNyN9keCDNstzT5cdp5pump""}",18
0x0bf852ebb243b963652b71103a2b97cf446f22c3_base,ROCKET,AI ROCKET by Virtuals,ai-rocket-by-virtuals,0x0bf852ebb243b963652b71103a2b97cf446f22c3_base2x0.png,998766801,"{""base"":""0x0bf852ebb243b963652b71103a2b97cf446f22c3""}",18
0x0b2fa18342d38909e3e44d7103cf3f37b0a0403a_ethereum,TANUKI,Tanuki,tanuki,0x0b2fa18342d38909e3e44d7103cf3f37b0a0403a_ethereum6Dk.png,1000000000,"{""ethereum"":""0x0b2fa18342d38909e3e44d7103cf3f37b0a0403a""}",18
ECutGg12PNhqhkvnH1s1FcuXgCDzKDNhSf5aLtANioR7_solana,APU,Apu Apustaja (Solana),apu-apustaja-sol,ECutGg12PNhqhkvnH1s1FcuXgCDzKDNhSf5aLtANioR7_solanaqYO.png,999136594,"{""solana"":""ECutGg12PNhqhkvnH1s1FcuXgCDzKDNhSf5aLtANioR7""}",18
FWGWrsrvgcz1w6LjSSnuHB5y6KyWXhUKjLWhvDSJ48hE_solana,FROG,just a frog,just-a-frog,FWGWrsrvgcz1w6LjSSnuHB5y6KyWXhUKjLWhvDSJ48hE_solanaePJ.png,999951147,"{""solana"":""FWGWrsrvgcz1w6LjSSnuHB5y6KyWXhUKjLWhvDSJ48hE""}",18
based-lucky-cat,LUCAT,Based Lucky Cat,based-lucky-cat,based-lucky-catcQ2.png,1000000000,"{""base"":""0x7f7f1bb097d055e81860d07967ae6eee6cb802d8""}",18
hedget,HGET,Hedget,hedget,hedget38A.png,1751448,"{""ethereum"":""0x7968bc6a03017ea2de509aaa816f163db0f35148""}",18
4DBgRWs63QzBwj71Qxiiz49DUZJi2QgUha7cbadepump_solana,DERP,DERP,derp-4,4DBgRWs63QzBwj71Qxiiz49DUZJi2QgUha7cbadepump_solanam6O.png,999672173,"{""solana"":""4DBgRWs63QzBwj71Qxiiz49DUZJi2QgUha7cbadepump""}",18
arcircle,ARCIRCLE,arcircle,arcircle,arcirclezLK.png,867148998,"{""arc"":""0xe5718f298ac3b65faf7c711b56cbd72b3bb15ff7""}",18
766ivvadp4arnHKQ13RB3cD7PyvRDL42N2j7RCoMpump_solana,TAP,THE AMERICA PARTY,the-america-party-3,766ivvadp4arnHKQ13RB3cD7PyvRDL42N2j7RCoMpump_solanazSP.png,999734073,"{""solana"":""766ivvadp4arnHKQ13RB3cD7PyvRDL42N2j7RCoMpump""}",18
0x1cd6edb761ed1d68c3cc3c5b9b3e9460887fd139_abstract,CYCLOPS,DITH'S CAT,dith-s-cat,0x1cd6edb761ed1d68c3cc3c5b9b3e9460887fd139_abstractOwF.png,990303155,"{""abstract"":""0x1cd6edb761ed1d68c3cc3c5b9b3e9460887fd139""}",18
0x62bcefd446f97526ecc1375d02e014cfb8b48ba3_base,EARENDEL,Earendel,earendel,earendelqMn.png,100000000000,"{""base"":""0x62bcefd446f97526ecc1375d02e014cfb8b48ba3""}",18
bondex,BDXN,Bondex,bondex,bondexL9O.png,1000000000,"{""ethereum"":""0xbdbdbdd0c22888e63cb9098ad6d68439197cb091"",""binance_smart"":""0x1036b2379f506761f237fba7463857924ef21ce3""}",18
0x71e99522ead5e21cf57f1f542dc4ad2e841f7321_sonic,METRO,Metropolis,metropolis,0x71e99522ead5e21cf57f1f542dc4ad2e841f7321_soniccAs.png,100000000,"{""sonic"":""0x71e99522ead5e21cf57f1f542dc4ad2e841f7321""}",18
0x6f0066f9df5abf780cfc69ebe50b71fc4cdb08b0_ethereum,DANKDOGE,DANK DOGE,dank-doge-2,dank-doge-28rO.png,420690000000000,"{""ethereum"":""0x6f0066f9df5abf780cfc69ebe50b71fc4cdb08b0""}",18
balpha,BALPHA,bAlpha,balpha,balphayVV.png,18000,"{""ethereum"":""0x7a5ce6abd131ea6b148a022cb76fc180ae3315a6""}",18
xrp-healthcare,XRPH,XRP Healthcare,xrp-healthcare,xrp-healthcareAE1.png,100000000,"{""xrp"":""XRPH.rM8hNqA3jRJ5Zgp3Xf3xzdZcx2G37guiZk""}",18
integritee,TEER,Integritee,integritee,integritee5X4.png,10000000,"{""ethereum"":""0x769916a66fdac0e3d57363129caac59386ea622b""}",18
5oq4zKetRkUMMrFtkWH7r1Q6HZJMsTjgCeU6isgYpump_solana,MOGGING,mogging,mogging,moggingzGS.png,999792249,"{""solana"":""5oq4zKetRkUMMrFtkWH7r1Q6HZJMsTjgCeU6isgYpump""}",18
balto,BALTO,BALTO,balto,baltoQrl.png,359015678856,"{""ethereum"":""0xc77336fdd91e22c737b0f5ec33f4c429caa1d13b""}",18
DBh9F2wSukCJdZeNkLYe2LMYnCwMyLcnBgeCf4pgpump_solana,PIGGER,Wigger Pig,wigger-pig,DBh9F2wSukCJdZeNkLYe2LMYnCwMyLcnBgeCf4pgpump_solanasa3.png,999569259,"{""solana"":""DBh9F2wSukCJdZeNkLYe2LMYnCwMyLcnBgeCf4pgpump""}",18
aerovironment-rstock,RAVAV,AeroVironment Tokenized Stock (Reality),aerovironment-rstock,aerovironment-rstockO2i.png,306.5406,"{""arbitrum-one"":""0x1fff434bdbd17447e6665cf05c64f0f8e3efdbe9""}",18
0xeff5672a3e73e104a56b7d16c1166f2ae0714b07_base,FOMOLT,fomolt,fomolt,0xeff5672a3e73e104a56b7d16c1166f2ae0714b07_baseMPs.png,100000000000,"{""base"":""0xeff5672a3e73e104a56b7d16c1166f2ae0714b07""}",18
todd-2,TODD,Todd,todd-2,todd-2pDk.png,964106962,"{""solana"":""7uNUAogctSAby1pZUAt2QmBpe2bradWeep78adZmpump""}",18
the-patriots,PATRIOTS,The Patriots,the-patriots,the-patriotsekY.png,966102403,"{""solana"":""5Nw33NZGyn6WWLSomqh6B9eQ9VDBPKeFyApAhgJZmdN1""}",18
0x4448726b23483927c492f09c1dbfdffd3967b452_ethereum,PERCY,Percy Verence,percy-verence,0x4448726b23483927c492f09c1dbfdffd3967b452_ethereumLLL.png,100000000,"{""ethereum"":""0x4448726b23483927c492f09c1dbfdffd3967b452""}",18
PFireKhT5WG7axMSLBmMRpvYH7cgHx9CRWHU8F8HNbr_solana,PFIRE,Pepe On Fire,pepe-on-fire,pepe-on-fireWpd.png,7398470584374,"{""solana"":""PFireKhT5WG7axMSLBmMRpvYH7cgHx9CRWHU8F8HNbr""}",18
wrapped-aave-arbitrum-usdt,WAARBUSDT,Wrapped Aave Arbitrum USDT,wrapped-aave-arbitrum-usdt,wrapped-aave-arbitrum-usdtXYo.png,35340,"{""arbitrum-one"":""0xa6d12574efb239fc1d2099732bd8b5dc6306897f""}",18
hermes-ai-investment-fund,HERMES,Hermes AI Investment Fund,hermes-ai-investment-fund,hermes-ai-investment-fundMhh.png,1000000000000,"{""binance_smart"":""0x9495ab3549338bf14ad2f86cbcf79c7b574bba37""}",18
obsidium,OBS,Obsidium,obsidium,obsidiumhSa.png,14500000,"{""binance_smart"":""0xc6f509274fcc1f485644167cb911fd0c61545e6c""}",18
taylor-swift-s-cat,BENJI,Taylor Swift's Cat Benji,taylor-swift-s-cat,taylor-swift-s-catQLo.png,999377160,"{""solana"":""CPjDhhBpwEsLygNuczKcNwBPgMeni1xLomD48x51MyYU""}",18
wrapped-ether,WETC,Wrapped ETC,wrapped-ether,wrapped-ethertzV.png,4137,"{""ethereum-classic"":""0x1953cab0e5bfa6d4a9bad6e05fd46c1cc6527a5a""}",18
DA1qLpgD1M7TNNRPycizyQCoRLCt7GAx1YTeVrfYpump_solana,POPFROG,Popfrog,popfrog,DA1qLpgD1M7TNNRPycizyQCoRLCt7GAx1YTeVrfYpump_solanaPez.png,997043959,"{""solana"":""DA1qLpgD1M7TNNRPycizyQCoRLCt7GAx1YTeVrfYpump""}",18
0xacb4543f479ea44e6df4fa01e483bb5b78361ba3_base,ALEISTER,Aleister,aleister,aleistergPh.png,100000000000,"{""base"":""0xacb4543f479ea44e6df4fa01e483bb5b78361ba3""}",18
urizen,URI,Urizen,urizen,urizenAa3.png,100000000000,"{""robinhood"":""0x970078468807853bc316432e745165eb34398ba3""}",18
sidus,SIDUS,Sidus,sidus,sidusRzU.png,18877204652,"{""ethereum"":""0x549020a9cb845220d66d3e9c6d9f9ef61c981102"",""binance_smart"":""0xe62b7c22484f8b031930275d31f42b9a517fe038"",""linea"":""0xd96536b77ae5500fe850add2253bcf640e7824c1"",""base"":""0x34be5b8c30ee4fde069dc878989686abe9884470""}",18
flourishing-ai-token,AI,Flourishing AI,flourishing-ai-token,flourishing-ai-token1Yt.png,55000000,"{""binance_smart"":""0xa9b038285f43cd6fe9e16b4c80b4b9bccd3c161b"",""ethereum"":""0x6ab4ce36260f201e4e2391eca2fd7538f71e4131"",""polygon-pos"":""0xfa78cba4ebbf8fe28b4fc1468948f16fda2752b3"",""arbitrum-one"":""0x8d7c2588c365b9e98ea464b63dbccdf13ecd9809""}",18
0xc4058f6a829ddd684e1b7589b33312827f0a47bb_ethereum,ANDY,aNDY,andy-erc,andy-ercL8F.png,1000000000,"{""ethereum"":""0xc4058f6a829ddd684e1b7589b33312827f0a47bb""}",18
GKaYkXHF6n5mKQ9htxWjN1SaXw7nTXQT4Y8S8vMYpump_solana,LONGCAT,LONGCAT,longcat-4,longcat-41D4.png,694329166,"{""solana"":""GKaYkXHF6n5mKQ9htxWjN1SaXw7nTXQT4Y8S8vMYpump""}",18
0x32f66ec2ffb26d262058965cf294f951e47f8ba3_base,AGNT,AGNT SOCIAL,agnt-social,agnt-socialTgz.png,100000000000,"{""base"":""0x32f66ec2ffb26d262058965cf294f951e47f8ba3""}",18
z,Z,Z,z,zGZV.png,1000000000,"{""binance_smart"":""0xd5cb08e3653ed8f78c781d8ac7f32b98f47e4444""}",18
bitcoin-bridged-zed20,BTC.Z,Bitcoin Bridged ZED20,bitcoin-bridged-zed20,bitcoin-bridged-zed20cAr.png,500000,"{""zedxion"":""0x240962a6ddd67dd382db4d417cbdf0d8822aca2f"",""binance_smart"":""0xa4156cc61dc7796faa24278a0f9f229b15e298cb""}",18
ENfpbQUM5xAnNP8ecyEQGFJ6KwbuPjMwv7ZjR29cDuAb_solana,GOONC,gooncoin,gooncoin,gooncoinsaY.png,999995846,"{""solana"":""ENfpbQUM5xAnNP8ecyEQGFJ6KwbuPjMwv7ZjR29cDuAb""}",18
0x1f86071a55bdee5601687679a2947b3bf1f24ba3_base,CLAWVATAR,Clawvatar,clawvatar,0x1f86071a55bdee5601687679a2947b3bf1f24ba3_basee08.png,100000000000,"{""base"":""0x1f86071a55bdee5601687679a2947b3bf1f24ba3""}",18
0x2ff8d8cae3a9633285c60150099bad25c9b4e5d9_binance_smart,AICZ,Artificial CZ,artificial-cz,0x2ff8d8cae3a9633285c60150099bad25c9b4e5d9_binance_smartDad.png,1000000000,"{""binance_smart"":""0x2ff8d8cae3a9633285c60150099bad25c9b4e5d9""}",18
surf,SURF,SURF,surf,surfUiW.png,100000000,"{""pulsechain"":""0x12828d4cda7cbfacd7586e54708a9b9674641bed""}",18
ai-fruits,AIFRUITS,AI Fruits,ai-fruits,ai-fruitsOHI.png,998169657,"{""solana"":""6Bp9LWtyVXcEATi5nuquX5p1hPGUg1cVoUuXGN9Epump""}",18
0x1039bae6254178ee2f6123cd64cde9e4ca79d779_ethereum,WUKONG,Wukong Musk,wukong-musk,0x1039bae6254178ee2f6123cd64cde9e4ca79d779_ethereummCn.png,20000000000,"{""ethereum"":""0x1039bae6254178ee2f6123cd64cde9e4ca79d779""}",18
upscalp,UPSCALP,UpScalp,upscalp,upscalp4S1.png,999856035,"{""solana"":""2nKNuDniEeAs44oCT1niwzXGNNiEh4N7pfZJJ3t4pump""}",18
heidrun,HEIDRUN,Heidrun,heidrun,heidrun7cG.png,990486399,"{""solana"":""DdyoGjgQVT8UV8o7DoyVrBt5AfjrdZr32cfBMvbbPNHM""}",18
fire-protocol,FIRE,Fire Protocol,fire-protocol,fire-protocolT3Y.png,100000000,"{""ethereum"":""0xf921ae2dac5fa128dc0f6168bf153ea0943d2d43""}",18
BC2CWeUZZvZKniqn4MedxFh12jNjSMLke2Hp2puTXutE_solana,SAAD,Saad Boi,saad-boi,BC2CWeUZZvZKniqn4MedxFh12jNjSMLke2Hp2puTXutE_solanaQpA.png,999901796,"{""solana"":""BC2CWeUZZvZKniqn4MedxFh12jNjSMLke2Hp2puTXutE""}",18
lobster,$LOBSTER,LOBSTER,lobster,lobsterl55.png,1000000000000000,"{""cardano"":""8654e8b350e298c80d2451beb5ed80fc9eee9f38ce6b039fb8706bc34c4f4253544552""}",18
grindr-st0x-tokenized-stock,WTGRND,Grindr (ST0x Tokenized Stock),grindr-st0x-tokenized-stock,grindr-st0x-tokenized-stockUAe.png,2680,"{""base"":""0x1197e6fa778c4d13e47875bd1761c68c22c928e0""}",18
CV38eqqRKfhvqZ5yyuwuNFGTfof1wYvNguJXt2mZDRMj_solana,BEAM,Liora Nuclear Beam,liora-nuclear-beam,liora-nuclear-beamuCH.png,999880687,"{""solana"":""CV38eqqRKfhvqZ5yyuwuNFGTfof1wYvNguJXt2mZDRMj""}",18
A9AHYeqb7nQk7LZUraw7rBCzYRjy2DRvE6NqWfFHKRdH_solana,HUHCAT,HUHCAT,huhcat,huhcatWI8.png,959799381,"{""solana"":""A9AHYeqb7nQk7LZUraw7rBCzYRjy2DRvE6NqWfFHKRdH""}",18
rentberry,BERRY,Rentberry,rentberry,RentberryTt4Fg.png,301473027,"{""ethereum"":""0x6aeb95f06cda84ca345c2de0f3b7f96923a44f4c""}",18
wmetis,WMETIS,Wrapped Metis,wmetis,wmetisISr.png,10656,"{""metis-andromeda"":""0x75cb093e4d61d2a2e65d8e0bbb01de8d89b53481""}",18
0x026c029ac3395a893784fe6f3aece2bfc613ffff_binance_smart,小股东,小股东,xiao-gu-dong,0x026c029ac3395a893784fe6f3aece2bfc613ffff_binance_smartnqh.png,1000000000,"{""binance_smart"":""0x026c029ac3395a893784fe6f3aece2bfc613ffff""}",18
cypherpunk-technologies-dinari-tokenized-stock,CYPH,Cypherpunk Technologies (Dinari Tokenized Stock),cypherpunk-technologies-dinari-tokenized-stock,cypherpunk-technologies-dinari-tokenized-stockj8S.png,9495,"{""ethereum"":""0xe5b19b10d3cd669f8e743fee6a5328a2ad59f26e"",""base"":""0x6ad16e5efa5ea6181267af50f00868a31d42f2df"",""arbitrum-one"":""0xc4ab69e24de1bf7b1ffc0a5eb71a6fd42ef0c14b"",""avalanche"":""0xe5b19b10d3cd669f8e743fee6a5328a2ad59f26e""}",18
FyrBf5xKg5EwKZ9pHvSpJeLLuCWBicTpm3VvZcsibonk_solana,FARTLESS,FARTLESS COIN,fartless-coin,fartless-coinYKH.png,999663362,"{""solana"":""FyrBf5xKg5EwKZ9pHvSpJeLLuCWBicTpm3VvZcsibonk""}",18
instabridge-wrapped-eth,XETH,Instabridge Wrapped ETH (Radix),instabridge-wrapped-eth,instabridge-wrapped-ethHJn.png,18.9533,"{""radix"":""resource_rdx1th88qcj5syl9ghka2g9l7tw497vy5x6zaatyvgfkwcfe8n9jt2npww""}",18
cat-token,CAT,Mooncat CAT,cat-token,cat-tokenyhG.png,15000000,"{""ethereum"":""0x56015bbe3c01fe05bc30a8a9a9fd9a88917e7db3""}",18
doctorx,DRX,DoctorX,doctorx,doctorx0u0.png,203118765429,"{""elrond"":""DRX-b7f337""}",18
notai,NOTAI,NOTAI,notai,notaiQj8.png,100000000000,"{""binance_smart"":""0xcf10117b30c7a5fc7c77b611bfc2555610dd4b3a""}",18
CEvvz6J1NAxyE5uYBdWNqjMVMKCy7wSu5VVaBDN9pump_solana,BOOJI,BOOJI,booji,CEvvz6J1NAxyE5uYBdWNqjMVMKCy7wSu5VVaBDN9pump_solanajeZ.png,999999999,"{""solana"":""CEvvz6J1NAxyE5uYBdWNqjMVMKCy7wSu5VVaBDN9pump""}",18
DdPrHYqM8Ueovnk9kAnAgoGhswkuaTqmxcoZzU3Zpump_solana,MANLET,manlet,manlet,manletaTn.png,998715378,"{""solana"":""DdPrHYqM8Ueovnk9kAnAgoGhswkuaTqmxcoZzU3Zpump""}",18
0xe6f4567c330625f3488ec69266f5ddd3f3841f33_ethereum,MARU,Marutaro,marutaro-3,marutaro-33rW.png,420690000,"{""ethereum"":""0xe6f4567c330625f3488ec69266f5ddd3f3841f33""}",18
0xd13ba0d625c04b8364de5e15e58bf2ebdda8dba3_base,VEILNET,Veilnet,veilnet,veilnethVk.png,100000000000,"{""base"":""0xd13ba0d625c04b8364de5e15e58bf2ebdda8dba3""}",18
duolingo-rstock,RDUOL,Duolingo Tokenized Stock (Reality),duolingo-rstock,duolingo-rstockJ60.png,258.0735,"{""arbitrum-one"":""0x8d26d842c8b8d9b64f7651cab01de79602367827"",""morph-l2"":""0x2181667c20c6584984ec24c85db97f79660cf106""}",18
0x98c51c8e958cccd37f798b2b9332d148e2c05d57_base,DAIMON,Daimon,daimon,daimonO1G.png,95028978892,"{""base"":""0x98c51c8e958cccd37f798b2b9332d148e2c05d57""}",18
0xb3e41d6e0ea14b43bc5de3c314a408af171b03dd_ethereum,KABOSU,Kabosu,kabosu-kabosucoin-erc,0xb3e41d6e0ea14b43bc5de3c314a408af171b03dd_ethereumLAw.png,420690000000,"{""ethereum"":""0xb3e41d6e0ea14b43bc5de3c314a408af171b03dd""}",18
0xf9575da3331b0d03d6e8d840c9ba5c181c0b3b07_base,LOTRY,Lotry,lotry,lotryljp.png,100000000000,"{""base"":""0xf9575da3331b0d03d6e8d840c9ba5c181c0b3b07""}",18
82Rc22mnyHrmBGwj15rhYhFzVrU3bgFkjNtV3iHjpump_solana,NCAT,Neuracat,neuracat-2,neuracat-22cl.png,999944398,"{""solana"":""82Rc22mnyHrmBGwj15rhYhFzVrU3bgFkjNtV3iHjpump""}",18
7rCrPCf5qTcEAvDC3mH89rjZMetpRDLXZBvqLoPPpump_solana,MEOW,KittehCoin,kittehcoin-2,7rCrPCf5qTcEAvDC3mH89rjZMetpRDLXZBvqLoPPpump_solanax2o.png,997779743,"{""solana"":""7rCrPCf5qTcEAvDC3mH89rjZMetpRDLXZBvqLoPPpump""}",18
0x426a688ee72811773eb64f5717a32981b56f10c1_ethereum,AMC,AMC,amc-3,amc-34Lt.png,34690000000000,"{""ethereum"":""0x426a688ee72811773eb64f5717a32981b56f10c1""}",18
internet-doge,IDOGE,Internet Doge,internet-doge,internet-dogedmb.png,1000000,"{""internet-computer"":""eayyd-iiaaa-aaaah-adtea-cai""}",18
AsyfR3e5JcPqWot4H5MMhQUm7DZ4zwQrcp2zbB7vpump_solana,IQ,IQ6900 [OLD],iq6900,AsyfR3e5JcPqWot4H5MMhQUm7DZ4zwQrcp2zbB7vpump_solanaSBP.png,999068556,"{""solana"":""AsyfR3e5JcPqWot4H5MMhQUm7DZ4zwQrcp2zbB7vpump""}",18
0x723abbea6e985fb21c57f550d9cceba1c676a6a9_ethereum,SCF,Smoking Chicken Fish,smokingchickenfisheth,0x723abbea6e985fb21c57f550d9cceba1c676a6a9_ethereum7Oc.png,1000000000,"{""ethereum"":""0x723abbea6e985fb21c57f550d9cceba1c676a6a9""}",18
0xcb8fc6858b4d600611cb783a65459695711b8aaca0e949ef5aa1268d1e32f786::suimon::SUIMON_sui,SUIMON,Suimon,suimon,0xcb8fc6858b4d600611cb783a65459695711b8aaca0e949ef5aa1268d1e32f786::suimon::SUIMON_suiI7M.png,1000000000,"{""sui"":""0xcb8fc6858b4d600611cb783a65459695711b8aaca0e949ef5aa1268d1e32f786::suimon::SUIMON""}",18
0xfca9fc2cb2dde04732ad07e4bb73db8cc8bfed1d_base,$GAPPY,Gap Tooth Lizard,gap-tooth-lizard,0xfca9fc2cb2dde04732ad07e4bb73db8cc8bfed1d_basenpW.png,99492068239,"{""base"":""0xfca9fc2cb2dde04732ad07e4bb73db8cc8bfed1d"",""ethereum"":""0xb253ade07051c71be64c235f38fdd5db6753f3bd""}",18
unifrog,UNIFROG,Unifrog,unifrog,unifrogksL.png,1000000000,"{""robinhood"":""0x8750da3e48345ec0c5aaaacfcda2a004da3b60c2""}",18
0xe533c2480983e46664b15717d6fc02c0a1dad537_ethereum,TAIKI,TAIKI INU,taiki-inu,0xe533c2480983e46664b15717d6fc02c0a1dad537_ethereumWGW.png,909632326502,"{""ethereum"":""0xe533c2480983e46664b15717d6fc02c0a1dad537""}",18
0x6dfb7bfa06e7c2b6c20c22c0afb44852c201eb07_base,SOLVR,Solvr,solvr,0x6dfb7bfa06e7c2b6c20c22c0afb44852c201eb07_base48t.png,100000000000,"{""base"":""0x6dfb7bfa06e7c2b6c20c22c0afb44852c201eb07""}",18
0xe0fbaffa16409259e431b3e1ff97bf6129641945b42e5e735c99aeda73a595ac::suiyan::SUIYAN_sui,SUIYAN,Super Suiyan,super-suiyan,0xe0fbaffa16409259e431b3e1ff97bf6129641945b42e5e735c99aeda73a595ac::suiyan::SUIYAN_suiKqD.png,10000000000,"{""sui"":""0xe0fbaffa16409259e431b3e1ff97bf6129641945b42e5e735c99aeda73a595ac::suiyan::SUIYAN""}",18
danzo,DANZO,Danzo,danzo,danzoiqP.png,69000000000,"{""cardano"":""bf3e19192da77dfadc7c9065944e50ca7e1a439d90833e3ae58b720a""}",18
catapult,ATD,A2DAO,catapult,catapultdO1.png,27772021,"{""ethereum"":""0x8052327f1baf94a9dc8b26b9100f211ee3774f54"",""binance_smart"":""0x1ce440d1a64eea6aa1db2a5aa51c9b326930957c""}",18
0x59c0d5c34c301ac0600147924d6c9be22a2f0b07_base,MOLTEN,Molten,molten-3,0x59c0d5c34c301ac0600147924d6c9be22a2f0b07_base1Bu.png,100000000000,"{""base"":""0x59c0d5c34c301ac0600147924d6c9be22a2f0b07""}",18
world-series-of-degens,WSOD,World Series of Degens,world-series-of-degens,world-series-of-degensTAn.png,1000000000,"{""solana"":""CLyhG2aVrnvbxXAXokBGvKjmNfsamPKtGW4Gu9AHpump""}",18
0x075b25fae35b121b5295b7fa779e73094b2e9153_base,CLANKTARDIO,CLANKTARDIO,clanktardio,0x075b25fae35b121b5295b7fa779e73094b2e9153_baseKFw.png,100000000000,"{""base"":""0x075b25fae35b121b5295b7fa779e73094b2e9153""}",18
FtHCi9cxJSSizrzMzsPjAfTfJi32V1CGRDM5Skqn4QBF_solana,PIXI,Pixi,pixi,pixiD4g.png,927605300,"{""solana"":""FtHCi9cxJSSizrzMzsPjAfTfJi32V1CGRDM5Skqn4QBF""}",18
DGMARinczhSb64n9ezNxrPLbcfcftYom9xZo94LVK8PN_solana,BDGSTRAT,Bodoggos Strategy,bodoggos-strategy,bodoggos-strategylkh.png,954559363,"{""solana"":""DGMARinczhSb64n9ezNxrPLbcfcftYom9xZo94LVK8PN""}",18
TCGPc27oyS2x7S5pex7ssyZxZ2edPWonk2_tron,NEIRO,Neiro on Tron,neiro-on-tron,TCGPc27oyS2x7S5pex7ssyZxZ2edPWonk2_tronFJJ.png,1000000000,"{""tron"":""TCGPc27oyS2x7S5pex7ssyZxZ2edPWonk2""}",18
babyunicorn,BABYU,BabyUnicorn,babyunicorn,babyunicornAIT.png,999826915,"{""solana"":""7xAinob3Fmi6Sf1zA1kUDkuSuBh4KEVtuKqL6WM1DWKr""}",18
befi-labs,BEFI,BeFi Labs,befi-labs,befi-labsUUc.png,210000000,"{""ethereum"":""0x8b9b95292f890df47fff5ac9cbe93d5fc242bd51""}",18
0x5cd9166494673c15cbdfe8750def8bbab80a5b07_base,TRANSLATE,TRANSLATE,translate,translateeon.png,100000000000,"{""base"":""0x5cd9166494673c15cbdfe8750def8bbab80a5b07""}",18
7t1T28iMh5GsW8oTMx52x3u3M3hDbaY8psbL3rZ6BMrn_solana,TRACKEDBIO,TrackedBio,trackedbio,7t1T28iMh5GsW8oTMx52x3u3M3hDbaY8psbL3rZ6BMrn_solanaNAU.png,999679137,"{""solana"":""7t1T28iMh5GsW8oTMx52x3u3M3hDbaY8psbL3rZ6BMrn""}",18
kitsumon,$KMC,Kitsumon,kitsumon,kitsumonbDw.png,74258451667,"{""polygon-pos"":""0x44d09156c7b4acf0c64459fbcced7613f5519918""}",18
0x0e15db17e1b2ed310c7201b0203d89b63f18eb53_base,$PRIMO,PrimoAI,primoai,0x0e15db17e1b2ed310c7201b0203d89b63f18eb53_basebb0.png,1000000000,"{""base"":""0x0e15db17e1b2ed310c7201b0203d89b63f18eb53""}",18
ciena-rstock,RCIEN,Ciena Tokenized Stock (Reality),ciena-rstock,ciena-rstockcB9.png,90.912,"{""arbitrum-one"":""0xec6ccba2ee82cb64444169b27094870f3a908940"",""morph-l2"":""0x9d07e7bc3829cfdf7d89dc16f0fe0713f5c857c1""}",18
0x0fdc79b868bc4a6295cd94397f61890f68c38ba3_base,SEARXLY,Searxly,searxly,0x0fdc79b868bc4a6295cd94397f61890f68c38ba3_base7Oi.png,100000000000,"{""base"":""0x0fdc79b868bc4a6295cd94397f61890f68c38ba3""}",18
0xd839b62b2035c313968965d7a24818bc6a38eb07_base,PIPAI,pipaitrader,pipaitrader,pipaitrader3ts.png,100000000000,"{""base"":""0xd839b62b2035c313968965d7a24818bc6a38eb07""}",18
doge-jones-industrial-average,DJI,Doge Jones Industrial Average,doge-jones-industrial-average,doge-jones-industrial-average4Af.png,999961292,"{""solana"":""BjotV424H4UBvrAiGFGjQGztLxoafxM4HSdCXZR6pump""}",18
gamestop-rstock,RGME,GameStop Tokenized Stock (Reality),gamestop-rstock,gamestop-rstockNAP.png,1419,"{""arbitrum-one"":""0x9eae13a89c01b035c0897b4525e8a1a2e3b780e4"",""morph-l2"":""0x444c8672b00fd1da2c135552a1ae06923424f5cc""}",18
panda-coin,PANDA,Panda Coin,panda-coin,panda-coinU38.png,9750000000,"{""solana"":""Aw8qLRHGhMcKq7rxs5XBNCd9oe3BvoAhpNMVz7AdGmty""}",18
fabrinet-rstock-2,RFN,Fabrinet Tokenized Stock (Reality),fabrinet-rstock-2,fabrinet-rstock-2tIo.png,77.1184,"{""arbitrum-one"":""0x226c9c824def0d0af63b392931d8f30de82acd52"",""morph-l2"":""0x8f08a88840016cd24ae42a6ed33e126ea5e5cdc2""}",18
ponstar,PONSTAR,PONSTAR,ponstar,ponstar7pl.png,792554493,"{""robinhood"":""0xa737df5de18e3aa6b0bf8c2e9846ed699f6f2aeb""}",18
chainaware-ai,AWARE,ChainAware.ai,chainaware-ai,chainaware-aipSC.png,100000000,"{""binance_smart"":""0xcf221109f45854ac52159420c543757fe84c113a""}",18
smoothie-com,SMOOTHIE.COM,SMOOTHIE.com,smoothie-com,smoothie-comSWx.png,1000000,"{""doma"":""0x988dd28733f84fa9c42efdded1a0c1c1f349d42a""}",18
0x92fb1b7d9730b2f1bd4e2e91368c1eb6fdd2a009_base,JOGECO,Jogeco Dog,jogeco-dog,jogeco-dogwEo.png,420690000000000,"{""base"":""0x92fb1b7d9730b2f1bd4e2e91368c1eb6fdd2a009""}",18
vies-token,VIES,Vies Token,vies-token,vies-tokenn6z.png,806377569,"{""cronos"":""0xb1d4e07659c91872db927939f0bc6cd0747764bc""}",18
ini,INI,INI,ini,iniWJl.png,6000000000,,
givest,GIVEST,Givest,givest,givestIdo.png,1000000000,"{""robinhood"":""0x0188da44dcc9b6c9d0d80de904c633c5ff227777""}",18
dega-2,DEGA,DEGA,dega-2,dega-2Dwv.png,26518323368,"{""ethereum"":""0x97aee01ed2aabad9f54692f94461ae761d225f17""}",18
0xb6c0189080a6441caf056b856dd4d795b909c460_ethereum,MOON,Black Unicorn Corp.,black-unicorn-corp,0xb6c0189080a6441caf056b856dd4d795b909c460_ethereumMCh.png,13500000000,"{""ethereum"":""0xb6c0189080a6441caf056b856dd4d795b909c460""}",18
upbots,MBXN,UpBots Token,upbots,upbotsmNZ.png,500000000,"{""ethereum"":""0x7a73839bd0e5cded853cb01aa9773f8989381065"",""binance_smart"":""0x719323e2f539d35fd7e549ddccb43e6bdba08e17""}",18
FuQASH8ps9NPeDu4h3rVtMBygKYoSiSTZ4uSiA5tpump_solana,BANANA,Banana for Scale,banana-for-scale,FuQASH8ps9NPeDu4h3rVtMBygKYoSiSTZ4uSiA5tpump_solana2n6.png,999999523,"{""solana"":""FuQASH8ps9NPeDu4h3rVtMBygKYoSiSTZ4uSiA5tpump""}",18
AnUmd399EDCEmoXjSpUAVWE4TcyT1xFMJcPgAZ2VgChn_solana,BABY DOWGE,Baby DOWGE,baby-dowge,AnUmd399EDCEmoXjSpUAVWE4TcyT1xFMJcPgAZ2VgChn_solanaJ5x.png,999966554,"{""solana"":""AnUmd399EDCEmoXjSpUAVWE4TcyT1xFMJcPgAZ2VgChn""}",18
0x058240afd2df517fad59baa3a39c6ae28cf37f32_binance_smart,LTCIC,Cicada Finance,cicada-finance,cicada-financed6P.png,10000000000,"{""binance_smart"":""0x058240afd2df517fad59baa3a39c6ae28cf37f32""}",18
ionex-token,INX,Ionex Token,ionex-token,ionex-tokenF9m.png,100000000,"{""plasma"":""0x133a09dd6169f6f0509658a911f2a82fc8ab6a0d""}",18
numetal,NUMETAL,NUMETAL,numetal,numetalLBk.png,98747208802,"{""base"":""0x57edb7fc54ada9ef4e113dc05a168449e63cfba3""}",18
0x8e3bff1abf376f7a5d036cc3d85766394744dd04_base,POD,Podflow AI by Virtuals,podflow-ai-by-virtuals,0x8e3bff1abf376f7a5d036cc3d85766394744dd04_baseTRN.png,989679444,"{""base"":""0x8e3bff1abf376f7a5d036cc3d85766394744dd04""}",18
himax-technologies-ondo-tokenized,HIMXON,Himax Technologies (Ondo Tokenized),himax-technologies-ondo-tokenized,himax-technologies-ondo-tokenizedQwT.png,2311,"{""ethereum"":""0xabc32c14ce8502ff6b63adc2907b9458c06a6856"",""binance_smart"":""0x6cf3b84f0ba4d86d9f6987812a11db2c447d9483"",""solana"":""aCx5G8ewGTSzozEn8KmSsr9cvfyFWzGnr22GjFXondo""}",18
amphenol-rstock,RAPH,Amphenol Tokenized Stock (Reality),amphenol-rstock,amphenol-rstocknv7.png,406.4915,"{""arbitrum-one"":""0xff5dee7dd0aeec64747fd0f5503ab7645eaa9881"",""morph-l2"":""0x4f25c3dcb37885c0149a6f6e4e108b307813c404""}",18
0x9f49034409ae6813d2c70ae5117fd23cdff2d190_ethereum,PRXS,Praxis,praxis,praxisKzT.png,100000000,"{""ethereum"":""0x9f49034409ae6813d2c70ae5117fd23cdff2d190""}",18
0xe8850bbc9c289c34e7c92c9572be38f77d61cb07_base,CLOUDX,ClawCloudX,clawcloudx,clawcloudxuDi.png,100000000000,"{""base"":""0xe8850bbc9c289c34e7c92c9572be38f77d61cb07""}",18
0x8ecea3d0e648db646d824aa51eedeb16ac3d6878_robinhood,WIRE,wire bot,wire-bot,0x8ecea3d0e648db646d824aa51eedeb16ac3d6878_robinhoodHOb.png,1000000000,"{""robinhood"":""0x8ecea3d0e648db646d824aa51eedeb16ac3d6878""}",18
etarn,ETAN,Etarn,etarn,etarnJnR.png,1000000000,"{""binance_smart"":""0xe5e1a0a43f307f390887e2a17399172f3f9a3cab""}",18
chiliz-inu,CHZINU,Chiliz Inu,chiliz-inu,chiliz-inuETq.png,10000000000,"{""chiliz"":""0xf3928e7871eb136dd6648ad08aeef6b6ea893001""}",18
3wPQhXYqy861Nhoc4bahtpf7G3e89XCLfZ67ptEfZUSA_solana,VALOR,VALOR,valor-2,valor-2boq.png,999901550,"{""solana"":""3wPQhXYqy861Nhoc4bahtpf7G3e89XCLfZ67ptEfZUSA""}",18
defiplaza,DFP2,DefiPlaza,defiplaza,defiplazaKqD.png,66711494,"{""ethereum"":""0x2f57430a6ceda85a67121757785877b4a71b8e6d"",""radix"":""resource_rdx1t5ywq4c6nd2lxkemkv4uzt8v7x7smjcguzq5sgafwtasa6luq7fclq""}",18
0xce2fbf6edfa8b759c4e0c80d73f1aff2a93b054b_abstract,PDGYSTR,PudgyStrategy,pudgystrategy-2,0xce2fbf6edfa8b759c4e0c80d73f1aff2a93b054b_abstractMpy.png,1000000000,"{""abstract"":""0xce2fbf6edfa8b759c4e0c80d73f1aff2a93b054b""}",18
dalgo,DALGO,DALGO,dalgo,dalgoeAy.png,99229080000,"{""algorand"":""1821328783""}",18
zeroswap,ZEE,ZeroSwap,zeroswap,zeroswap0Ev.png,100000000,"{""ethereum"":""0x2edf094db69d6dcd487f1b3db9febe2eec0dd4c5"",""binance_smart"":""0x44754455564474a89358b2c2265883df993b12f0"",""polygon-pos"":""0xfd4959c06fbcc02250952daebf8e0fb38cf9fd8c"",""avalanche"":""0x44754455564474a89358b2c2265883df993b12f0""}",18
7zzgorZ2hcDNvrCujLaww9qQuqtbxXx3UjAuxUYGpump_solana,USA250,America250,america250,america250zU2.png,999959446,"{""solana"":""7zzgorZ2hcDNvrCujLaww9qQuqtbxXx3UjAuxUYGpump""}",18
7pmuGLLYdJ2mc7chZwEJAaxuWALAYqaVqbUwzzyHcA7D_solana,BWEN,Baby Wen,baby-wen,7pmuGLLYdJ2mc7chZwEJAaxuWALAYqaVqbUwzzyHcA7D_solana0a9.png,99980763,"{""solana"":""7pmuGLLYdJ2mc7chZwEJAaxuWALAYqaVqbUwzzyHcA7D""}",18
globalfoundries-ondo-tokenized,GFSON,GlobalFoundries (Ondo Tokenized),globalfoundries-ondo-tokenized,globalfoundries-ondo-tokenizedP4Q.png,695.4785,"{""ethereum"":""0xb326821b68313082f00a1a4d6fa3f924d3e826dc"",""binance_smart"":""0xaff6b836d3ebd29aeb0c8b840add04ef79d79678"",""solana"":""etnBzce6pkJq67QUv78PefkVyCEaA6YBE4hvx1Gondo""}",18
0xd61e509004ed608b89fd66193e88ae580e8b04dc_binance_smart,DOCK,DOCK,dock-2,dock-2wXw.png,898168290,"{""binance_smart"":""0xd61e509004ed608b89fd66193e88ae580e8b04dc""}",18
wrapped-sonic,WS,Wrapped Sonic,wrapped-sonic,wrapped-sonic7OJ.png,842320,"{""sonic"":""0x039e2fb66102314ce7b64ce5ce3e5183bc94ad38"",""solana"":""3rQK45d1ojXR7vtvCmeNjKKVycnVWqaVcP3zk1G39RJR""}",18
0xa4d5501deaa04807bd5c48e3f2bf3fd9b79a4ba3_base,CRUDE,CRUDE,crude,crudehax.png,100000000000,"{""base"":""0xa4d5501deaa04807bd5c48e3f2bf3fd9b79a4ba3""}",18
smolano,SLO,SmoLanO,smolano,smolanohD1.png,898815893,"{""solana"":""E43qU77tnWDwN11o7TtaGMNpxCAqz8RZEZ7PcTCUXSim""}",18
2wUGjvMqXusgfzYP3Vj149bSM9MwTPLS4maxkdGfpump_solana,SOLENG,SOLENG,soleng,2wUGjvMqXusgfzYP3Vj149bSM9MwTPLS4maxkdGfpump_solanaGuh.png,999358389,"{""solana"":""2wUGjvMqXusgfzYP3Vj149bSM9MwTPLS4maxkdGfpump""}",18
yotoshi,YOTO,Yotoshi,yotoshi,yotoshiCfF.png,280000000000,"{""solana"":""7SdFACfxmg2eetZEhEYZhsNMVAu84USVtfJ64jFDCg9Y""}",18
byte-4,BYTE,byte,byte-4,byte-4nHj.png,999641850,"{""solana"":""AKvDbEaGtBS9GuZUAq94TuPPKh3HimZ1XshqwcqmzxqY""}",18
workday-robinhood-tokenized-stock,WDAY,Workday • Robinhood Token,workday-robinhood-tokenized-stock,workday-robinhood-tokenized-stocklIP.png,189.5446,"{""robinhood"":""0x82da4646242e1d962e96e932269dc644c94a9caa""}",18
gata,GATA,Gata,gata,gata6hO.png,1000000000,"{""binance_smart"":""0x46ee3bfc281d59009ccd06f1dd6abdbfcd82ffc3""}",18
0x946fb08103b400d1c79e07acccdef5cfd26cd374_ethereum,KIP,KIP,kip,kipja0.png,10000000000,"{""ethereum"":""0x946fb08103b400d1c79e07acccdef5cfd26cd374"",""arbitrum-one"":""0xf63b14f5ee5574e3f337b2796bbdf6dcfb4e2cb7""}",18
hesai-group-ondo-tokenized,HSAION,Hesai Group (Ondo Tokenized),hesai-group-ondo-tokenized,hesai-group-ondo-tokenizedVU7.png,2286,"{""ethereum"":""0xdc7e54dd476812f7cf1d77066f523afe50edab1b"",""binance_smart"":""0x847ef23a3f99af79a185ce033e1664165b846eea"",""solana"":""nagL8iWMNLZVuKFk3bUGDaHyT5ZY4bNfUzsdtGHondo""}",18
4xxuwsjvynx5CrudVpY8DaHjGQDFA2QkY4oQqCrwpump_solana,SPERMWHALE,The Sperm Whale,the-sperm-whale,the-sperm-whaleEFN.png,999930958,"{""solana"":""4xxuwsjvynx5CrudVpY8DaHjGQDFA2QkY4oQqCrwpump""}",18
0xbde45953042918384816caf05772fff5df23dba3_base,BASEY,Basey,basey,baseyk9q.png,100000000000,"{""base"":""0xbde45953042918384816caf05772fff5df23dba3""}",18
arena-two,ATWO,Arena Two,arena-two,arena-twoT5P.png,1000000000,"{""base"":""0x499d35ebe6cee9b2ac35fd003fcbbeeb9cfc7b32""}",18
AWpD39myXc7emw5M9cMCofkbo92x5FKWdGHWYpZFdoge_solana,KIMCHI,Kimchicoin,kimchicoin,kimchicoinxYS.png,896724330,"{""solana"":""AWpD39myXc7emw5M9cMCofkbo92x5FKWdGHWYpZFdoge""}",18
arcus-btc-1x-long,PBTC,Arcus BTC (1x Long),arcus-btc-1x-long,arcus-btc-1x-long8MD.png,324.0511,"{""robinhood"":""0x925f92f055edb79c42b5d45e64a1b74143b90ea0""}",18
opsec,OPSEC,OpSec,opsec,opsecjGY.png,98898229,"{""ethereum"":""0x8be8c50e7d7acff6084899e71a6db085ff7134c8""}",18
86t88w3MKT38HChTBKBwEeb1RW1MeTceaW68qY2Vpump_solana,LMT,LIMITUS,limitus,86t88w3MKT38HChTBKBwEeb1RW1MeTceaW68qY2Vpump_solanaZTZ.png,660289841,"{""solana"":""86t88w3MKT38HChTBKBwEeb1RW1MeTceaW68qY2Vpump""}",18
baby-poo,BABYPOO,Baby Poo,baby-poo,baby-poontR.png,888888888888,"{""base"":""0xec313c9d476c6cca6839ad60266302eac6e2e9fa""}",18
vooz4rKUS7PJ2a1r1T3q81E7b5NpGYjsT5YxciCJ4rF_solana,VOOZ,Vooz Coin,vooz-coin,vooz4rKUS7PJ2a1r1T3q81E7b5NpGYjsT5YxciCJ4rF_solana82t.png,998406386,"{""solana"":""vooz4rKUS7PJ2a1r1T3q81E7b5NpGYjsT5YxciCJ4rF""}",18
0x45547ab0100f5e8b158258b6d94d7586de69fc21_ethereum,MYSTERY,MYSTERY,mystery-3,mystery-3jBs.png,420690000000000,"{""ethereum"":""0x45547ab0100f5e8b158258b6d94d7586de69fc21""}",18
0xb5b0f722d6d4a803d3df94c9ed12a191603eab07_base,AMBERVIBE,AmberVibe,ambervibe,ambervibe5De.png,92898988546,"{""base"":""0xb5b0f722d6d4a803d3df94c9ed12a191603eab07""}",18
clerk,CLERK,CLERK,clerk,clerk3IQ.png,100000000000,"{""base"":""0x20eaba9d6818529cfffa2c1c63b97a02a0049ba3""}",18
0xd77ce6d3137342bb5174673bdab5f51db16fcba3_base,PMFI,PMFI,pmfi,pmfiUXk.png,100000000000,"{""base"":""0xd77ce6d3137342bb5174673bdab5f51db16fcba3""}",18
EBLUKPgx5FvTUBU6bTJi3aR8XVELSBdC5FiodSWQpump_solana,BITCAT,The First Crypto Cat,the-first-crypto-cat,the-first-crypto-cati9q.png,948389809,"{""solana"":""EBLUKPgx5FvTUBU6bTJi3aR8XVELSBdC5FiodSWQpump""}",18
0x85608d6373fdcfc9fb1582187dc3a81c2942f3f2_cronos,CHUCKY,Chucky,chucky,chuckylyf.png,1000000000,"{""cronos"":""0x85608d6373fdcfc9fb1582187dc3a81c2942f3f2""}",18
9XgfFWPxPU6hyDyGtfhC9D6eyRE3RUSgAYKHRznWpump_solana,KITKAT,Remember KitKat,remember-kitkat,9XgfFWPxPU6hyDyGtfhC9D6eyRE3RUSgAYKHRznWpump_solanafKk.png,999837696,"{""solana"":""9XgfFWPxPU6hyDyGtfhC9D6eyRE3RUSgAYKHRznWpump""}",18
ast-spacemobile-robinhood-tokenized-stock,ASTS,AST SpaceMobile • Robinhood Token,ast-spacemobile-robinhood-tokenized-stock,ast-spacemobile-robinhood-tokenized-stockfaA.png,625.138,"{""robinhood"":""0x1af6446f07eb1d97c546afc8c9544cbdf3ad5137""}",18
tachi,TACHI,TACHI,tachi,tachiRy1.png,100000000000,"{""base"":""0x39b4b879b8521d6a8c3a87cda64b969327b7fba3""}",18
F28UWka8PSyG1jUtVZ2CfFdF1dkLEA4rw7GkFBW7pump_solana,SAHUR,Tung Tung Tung Sahur,tung-tung-tung-sahur,tung-tung-tung-sahurmNq.png,999762377,"{""solana"":""F28UWka8PSyG1jUtVZ2CfFdF1dkLEA4rw7GkFBW7pump""}",18
H1jJwQTgcAzUZjAKhxS8dA6FY8VZyTBxKxUyv3yCrYA1_solana,SYRAX,Syrax AI,syrax-ai,H1jJwQTgcAzUZjAKhxS8dA6FY8VZyTBxKxUyv3yCrYA1_solanaKdo.png,99997861,"{""solana"":""H1jJwQTgcAzUZjAKhxS8dA6FY8VZyTBxKxUyv3yCrYA1""}",18
0x3a89ff5a692cbb4a726a4d58253cbbbca9914444_binance_smart,SANTA,Santacoin,santacoin,0x3a89ff5a692cbb4a726a4d58253cbbbca9914444_binance_smartAjt.png,1000000000,"{""binance_smart"":""0x3a89ff5a692cbb4a726a4d58253cbbbca9914444""}",18
spare-parts-universe,SPU,Spare Parts Universe,spare-parts-universe,spare-parts-universeJAP.png,1000000000,"{""solana"":""G8FMb99PyHSvW7uQvdRCMfkeZgcGBwexR6BiaMxfpump""}",18
npB9cxTzwUiGt7jk2dXZa52xZve8SgVD6Et9Bpipump_solana,KBBB,KILL BIG BEAUTIFUL BILL,kill-big-beautiful-bill,npB9cxTzwUiGt7jk2dXZa52xZve8SgVD6Et9Bpipump_solanaORE.png,999998670,"{""solana"":""npB9cxTzwUiGt7jk2dXZa52xZve8SgVD6Et9Bpipump""}",18
poet-technologies-rstock,RPOET,POET Technologies Tokenized Stock (Reality),poet-technologies-rstock,poet-technologies-rstockIfM.png,4430,"{""arbitrum-one"":""0x79ccacc14f7fde321a6fd696acbcfeba84dfd089""}",18
4J5HoZWoKcbo2JQxEEVCKRBfUQtEroY1QdRrKtZFpump_solana,IB,infinite backrooms,infinite-backrooms,4J5HoZWoKcbo2JQxEEVCKRBfUQtEroY1QdRrKtZFpump_solanaHaS.png,998051338,"{""solana"":""4J5HoZWoKcbo2JQxEEVCKRBfUQtEroY1QdRrKtZFpump""}",18
nextera-energy-ondo-tokenized,NEEON,NextEra Energy (Ondo Tokenized),nextera-energy-ondo-tokenized,nextera-energy-ondo-tokenizedIQg.png,447.0405,"{""ethereum"":""0xf46ba88694cd7933ca28be84ee787ad5732e856b"",""binance_smart"":""0xe9d43f7e6b2237e8873a7003b3f43c6b03160be5"",""solana"":""t7eN6cGwRMFaZvsNW2SmVwkedmHtDdrxA4ycNE5ondo""}",18
HSZCUrkyJspqMAUrrKr4kSC7j9cKadqVVo4xTyFG7mDi_solana,KYOKO,KYOKO,kyoko-2,kyoko-2RJZ.png,986854452,"{""solana"":""HSZCUrkyJspqMAUrrKr4kSC7j9cKadqVVo4xTyFG7mDi""}",18
EQs4DEeaSyrhRPM6JPsf2ptLf4EHkcGXB7ybeufxpump_solana,SAINT,Carlo Acutis,carlo-acutis,EQs4DEeaSyrhRPM6JPsf2ptLf4EHkcGXB7ybeufxpump_solanazgB.png,998977657,"{""solana"":""EQs4DEeaSyrhRPM6JPsf2ptLf4EHkcGXB7ybeufxpump""}",18
beyond-finance,BYN,NBX,beyond-finance,beyond-financeOeI.png,100000000,"{""ethereum"":""0x4bb3205bf648b7f59ef90dee0f1b62f6116bc7ca"",""polygon-pos"":""0x11602a402281974a70c2b4824d58ebede967e2be""}",18
8X1N2HmiP11UXidmyRNHLoBGjAhXU4rk5GnrVYGYpump_solana,BLACKBEAR,The Black Bear,the-black-bear,the-black-bearedj.png,999966278,"{""solana"":""8X1N2HmiP11UXidmyRNHLoBGjAhXU4rk5GnrVYGYpump""}",18
8ULCkCTUa3XXrNXaDVzPcja2tdJtRdxRr8T4eZjVKqk_solana,GOME,Game of Memes,game-of-memes,game-of-memes052.png,651499719,"{""solana"":""8ULCkCTUa3XXrNXaDVzPcja2tdJtRdxRr8T4eZjVKqk""}",18
usa-rare-earth-rstock,RUSAR,USA Rare Earth Tokenized Stock (Reality),usa-rare-earth-rstock,usa-rare-earth-rstockSzm.png,2547,"{""arbitrum-one"":""0x09a0730a63ac8a16a257700a9b7d8a7d50ca0e69"",""morph-l2"":""0xccd6e0250bbe06be34ebda190d8fc23695c51737""}",18
0x24f883b8157956101bb6a52eff94d3ae8188e890_base,GRIPPY,GRIPPY,grippy,0x24f883b8157956101bb6a52eff94d3ae8188e890_base2Wq.png,1000000000,"{""base"":""0x24f883b8157956101bb6a52eff94d3ae8188e890""}",18
talen-energy-ondo-tokenized-stock,TLNON,Talen Energy (Ondo Tokenized Stock),talen-energy-ondo-tokenized-stock,talen-energy-ondo-tokenized-stockbRz.png,108.0356,"{""ethereum"":""0xc80c91bc6215e1333ea98314b8671d6e26c58470"",""binance_smart"":""0xbbe4dfe7a349fb72aec6f52d5cd9bdd78ae8f313"",""solana"":""RTb54gpqAx6RpLAHRGnqQ3ciQ845CHqhg21ZzEJondo""}",18
nest-credit-vault,NCREDIT,Nest Credit Vault,nest-credit-vault,nest-credit-vaultJzi.png,33304,"{""ethereum"":""0xa5f78b2a0ab85429d2dfbf8b60abc70f4cec066c"",""plume-network"":""0xa5f78b2a0ab85429d2dfbf8b60abc70f4cec066c""}",18
0x375e104af98872e5b4fe951919e504a47db1757c_ethereum,GINNAN,Ginnan Doge's Brother,ginnan-doge-s-brother,0x375e104af98872e5b4fe951919e504a47db1757c_ethereumER5.png,100000000000,"{""ethereum"":""0x375e104af98872e5b4fe951919e504a47db1757c""}",18
0x017b22fdeff61724ee94642121799960875f4444_binance_smart,币安汽车,币安汽车 (Bianqiche),bianqiche,0x017b22fdeff61724ee94642121799960875f4444_binance_smart0b2.png,1000000000,"{""binance_smart"":""0x017b22fdeff61724ee94642121799960875f4444""}",18
0xc3571b3f9721d07919dc42af7fce2784b56e8e3c_binance_smart,ZHOA,Chengpang Zhoa,chengpang-zhoa,0xc3571b3f9721d07919dc42af7fce2784b56e8e3c_binance_smartAyF.png,1000000000,"{""binance_smart"":""0xc3571b3f9721d07919dc42af7fce2784b56e8e3c""}",18
0x33316e5930c659fedf2d3c4cca7079461f05e3a1_robinhood,VAI,VozDex AI,vozdex-ai,0x33316e5930c659fedf2d3c4cca7079461f05e3a1_robinhoodBYv.png,1000000000,"{""robinhood"":""0x33316e5930c659fedf2d3c4cca7079461f05e3a1""}",18
urmom-3,URMOM,urmom,urmom-3,urmom-3P8b.png,496239188,"{""pulsechain"":""0xe43b3cee3554e120213b8b69caf690b6c04a7ec0""}",18
8AdsF2QXFA8QkFuQ9TrQW6nEyM4E6yT4AwqgZ5cTpump_solana,ALONE,forever alone,forever-alone-2,forever-alone-2Y55.png,999668449,"{""solana"":""8AdsF2QXFA8QkFuQ9TrQW6nEyM4E6yT4AwqgZ5cTpump""}",18
aiddowDsfMxaxPtVmmmnaX9B8DNzM78YypD84dVra7B_solana,AIDD,BitDoctorAI,bitdoctorai,aiddowDsfMxaxPtVmmmnaX9B8DNzM78YypD84dVra7B_solanaIG5.png,999983819,"{""solana"":""aiddowDsfMxaxPtVmmmnaX9B8DNzM78YypD84dVra7B""}",18
8iYPW781jBDu8zkC6PFY8WpvtbHxSVMgBX8aPnNmRY3z_solana,EMBERCAT,Ember Cat,ember-cat,ember-catqsc.png,999829756,"{""solana"":""8iYPW781jBDu8zkC6PFY8WpvtbHxSVMgBX8aPnNmRY3z""}",18
blast-pepe,BEPE,Blast Pepe,blast-pepe,blast-pepeS9i.png,100000000000,"{""blast"":""0xb582dc28968c725d2868130752afa0c13ebf9b1a""}",18
bnpl-pay,BNPL,BNPL Pay [OLD],bnpl-pay,bnpl-payHZY.png,1000000000,"{""ethereum"":""0x84d821f7fbdd595c4c4a50842913e6b1e07d7a53"",""avalanche"":""0x1263fea931b86f3e8ce8afbf29f66631b7be9347""}",18
integral,ITGR,Integral,integral,integralIVT.png,299976344,"{""ethereum"":""0xd502f487e1841fdc805130e13eae80c61186bc98""}",18
aarna-atv-808,ATV808,aarna atv 808,aarna-atv-808,aarna-atv-808ZnT.png,372.2812,"{""ethereum"":""0x60697825812ecc1fff07f41e2d3f5cf314674fa6""}",18
wrapped-aave-base-wsteth,WABASWSTETH,Wrapped Aave Base wstETH,wrapped-aave-base-wsteth,wrapped-aave-base-wstethVEZ.png,10.7543,"{""base"":""0x0830820d1a9aa1554364752d6d8f55c836871b74""}",18
super-useless-token,SUT,Super Useless Token,super-useless-token,super-useless-tokenyeX.png,66000000,"{""polygon-pos"":""0x57211299bc356319ba5ca36873eb06896173f8bc""}",18
polka-city,POLC,Polkacity,polka-city,polka-cityav2.png,680000000,"{""ethereum"":""0xaa8330fb2b4d5d07abfe7a72262752a8505c6b37"",""binance_smart"":""0x6ae9701b9c423f40d54556c9a443409d79ce170a""}",18
0xe2324ff2a59f8ecba8c321c6466e59121c00e795_robinhood,CME,Commodity Market Exchange,commodity-market-exchange,commodity-market-exchange9z2.png,994354420,"{""robinhood"":""0xe2324ff2a59f8ecba8c321c6466e59121c00e795""}",18
0x2a961d752eaa791cbff05991e4613290aec0d9ac_ethereum,PATTON,Patton,patton,patton5DS.png,420690000000,"{""ethereum"":""0x2a961d752eaa791cbff05991e4613290aec0d9ac""}",18
footie-gg,FOOTIE,Footie.GG,footie-gg,footie-ggSqB.png,100000000000,"{""base"":""0x9aff49c8392a8756cc6cedce76a3987f33dd0ba3""}",18
0x371d62f8ac252db7f88786e39f0880c35146c6c5_ethereum,LOOP,Workloop AI,workloop-ai,0x371d62f8ac252db7f88786e39f0880c35146c6c5_ethereumDEW.png,100000000,"{""ethereum"":""0x371d62f8ac252db7f88786e39f0880c35146c6c5""}",18
dragoncoin,DRAGON,DragonCoin,dragoncoin,dragoncoinSB2.png,0,"{""solana"":""GiBrdw1tF8nuJxWuhTp83ULEMY9uJkYUHQUBzwfEnw5R""}",18
ultiverse,ULTI,Ultiverse,ultiverse,ultiversemKN.png,10000000000,"{""binance_smart"":""0x0e7779e698052f8fe56c415c3818fcf89de9ac6d"",""ethereum"":""0x0e7779e698052f8fe56c415c3818fcf89de9ac6d""}",18
FjTJCCQpLU4fpH58mN1bTQXiQsjJVYai3QYFjYqYpump_solana,霞,MIST,mist-2,FjTJCCQpLU4fpH58mN1bTQXiQsjJVYai3QYFjYqYpump_solanajLi.png,999317414,"{""solana"":""FjTJCCQpLU4fpH58mN1bTQXiQsjJVYai3QYFjYqYpump""}",18
TQzUXP5eXHwrRMou9KYQQq7wEmu8KQF7mX_tron,XLG,xiao lang gou,xiao-lang-gou,TQzUXP5eXHwrRMou9KYQQq7wEmu8KQF7mX_tronQFv.png,1000000000,"{""tron"":""TQzUXP5eXHwrRMou9KYQQq7wEmu8KQF7mX""}",18
EMg2QkFZ6pLvgckVGj8X6nmyrkiuoamYnTdoxXN8pump_solana,QPAY,QPAY,qpay-2,EMg2QkFZ6pLvgckVGj8X6nmyrkiuoamYnTdoxXN8pump_solanaDkm.png,1000000000,"{""solana"":""EMg2QkFZ6pLvgckVGj8X6nmyrkiuoamYnTdoxXN8pump"",""binance_smart"":""0xf222c38efd90f87cacc9340974f2db0b7ba37c45""}",18
0x3d81fbe679e8aa27a290b15aab5af5fa23cdcca3_base,WARPLET,Warplet,warplet,0x3d81fbe679e8aa27a290b15aab5af5fa23cdcca3_base1ts.png,100000000000,"{""base"":""0x3d81fbe679e8aa27a290b15aab5af5fa23cdcca3""}",18
0x6e1e7f52a9178fa1e9c58810b97d5eb6a8d31198_base,UNICLAW,Uniclaw,uniclaw,uniclawm9L.png,100000000000,"{""base"":""0x6e1e7f52a9178fa1e9c58810b97d5eb6a8d31198""}",18
ishares-3-7-year-treasury-bond-etf-ondo-tokenized,IEION,iShares 3-7 Year Treasury Bond ETF (Ondo Tokenized),ishares-3-7-year-treasury-bond-etf-ondo-tokenized,ishares-3-7-year-treasury-bond-etf-ondo-tokenizedxha.png,297.6937,"{""ethereum"":""0xe905c437a30ae6d8c0576e0d9f6360b93b94976d"",""binance_smart"":""0x4e07b55e62f443859706e03aea0b3fe3a1bfea8b"",""solana"":""wuzf2FDZTRbRY3ZnndMeQ38Wk9YTDGGXTA63nUyondo""}",18
kabochan,KABO,KaboChan,kabochan,kabochank93.png,1000000000,"{""ethereum"":""0x0c5cb676e38d6973837b9496f6524835208145a2""}",18
nash-smart-finance,NASF,Nash Smart Finance,nash-smart-finance,nash-smart-financenXL.png,10000000,"{""binance_smart"":""0x7891d5f6c0eba5485d2fca5cc83b4c89a770f9a6""}",18
0x6365fd27ddefc42f50895994b67b04fab5f08d5e_robinhood,$1,$1 is all you need,1-is-all-you-need-2,0x6365fd27ddefc42f50895994b67b04fab5f08d5e_robinhooddb6.png,846336103,"{""robinhood"":""0x6365fd27ddefc42f50895994b67b04fab5f08d5e""}",18
0x06cece127f81bf76d388859549a93a120ec52ba3_base,SINGULARITY-ENGINE,singularity-engine,singularity-engine,0x06cece127f81bf76d388859549a93a120ec52ba3_base1Xs.png,100000000000,"{""base"":""0x06cece127f81bf76d388859549a93a120ec52ba3""}",18
FtTSDNLD5mMLn3anqEQpy44cRdrtAJRrLX2MKXxfpump_solana,RETARD,retardcoin,retardcoin,FtTSDNLD5mMLn3anqEQpy44cRdrtAJRrLX2MKXxfpump_solanaxI6.png,999644649,"{""solana"":""FtTSDNLD5mMLn3anqEQpy44cRdrtAJRrLX2MKXxfpump""}",18
shieldeum,SDM,Shieldeum,shieldeum,shieldeumh9B.png,1000000000,"{""binance_smart"":""0x516f8a1fb458ebdcfd0f544ff85c69c1c0ebc31d"",""base"":""0x9cfe02eb040c6f5718126128dbba0c1d364d9c07""}",18
CAjtTHvC878f8cZ4zEwdvgjkjFM7rbYN8Mb1go1cpump_solana,DUMBMONEY,Dumb Money,dumb-money-3,dumb-money-3evB.png,992632125,"{""solana"":""CAjtTHvC878f8cZ4zEwdvgjkjFM7rbYN8Mb1go1cpump""}",18
9bxaVJmUwSc71j8Z2pvUL3UAr1s5fCnwUpvYhqV9jtmw_solana,MEWING,Mewing Coin,mewing-coin,mewing-coinSWU.png,999999632,"{""solana"":""9bxaVJmUwSc71j8Z2pvUL3UAr1s5fCnwUpvYhqV9jtmw""}",18
feed,FEED,FEED,feed,feedjtW.png,1000000000000000,"{""shibarium"":""0xe9cb2d7adc24fc59fe00d6c0a0669bdf16805fe0""}",18
BCXpjsHYmgVpRKdv4EQv1RARhYagnnwPkJjYbvM6bonk_solana,FKH,Flying Ketamine Horse,flying-ketamine-horse,flying-ketamine-horsesmX.png,986371735,"{""solana"":""BCXpjsHYmgVpRKdv4EQv1RARhYagnnwPkJjYbvM6bonk""}",18
AMEdarx3ryELQsFVNynCQdC6ABi94x8whxGjbmXBpump_solana,SINK,Let that sink in,let-that-sink-in,AMEdarx3ryELQsFVNynCQdC6ABi94x8whxGjbmXBpump_solanaYMe.png,799510206,"{""solana"":""AMEdarx3ryELQsFVNynCQdC6ABi94x8whxGjbmXBpump""}",18
0x91f322e0d0bd688acd511a789431a2b672a28013_ethereum,FTP,Fisttrumppump,fisttrumppump,0x91f322e0d0bd688acd511a789431a2b672a28013_ethereumOWN.png,1000000,"{""ethereum"":""0x91f322e0d0bd688acd511a789431a2b672a28013""}",18
mithrandir-token,MITHR,Mithrandir Token,mithrandir-token,mithrandir-tokenu0O.png,420000000,"{""cardano"":""65bdf33f8f7fd4debeb2ad659473749eb4eac177e06650bb75a8fe50""}",18
0x6b498b638d41f961b9684ec07980a62e76a85b07_base,EUDAEMON,eudaemon_0,eudaemon_0,0x6b498b638d41f961b9684ec07980a62e76a85b07_baseI4r.png,100000000000,"{""base"":""0x6b498b638d41f961b9684ec07980a62e76a85b07""}",18
smilee,SMILEE,Smilee,smilee,smileeaR9.png,10000000,"{""berachain"":""0xb2a12db2691fc05dca47b2be9a087077afaa0800""}",18
camino-network,CAM,Camino Network,camino-network,camino-networkVgw.png,917499341,,
0x61f47ec6d1d0ef9b095574d7b76cf0467d13fb07_base,HOTDOG,Hotdog,hotdog,0x61f47ec6d1d0ef9b095574d7b76cf0467d13fb07_baseOes.png,100000000000,"{""base"":""0x61f47ec6d1d0ef9b095574d7b76cf0467d13fb07""}",18
cyclo-cyweth,CYWETH,Cyclo cyWETH,cyclo-cyweth,cyclo-cywethnub.png,104997,"{""flare-network"":""0xd8bf1d2720e9ffd01a2f9a2efc3e101a05b852b4""}",18
momus-ai,MOMUS,Momus ai,momus-ai,momus-aipUQ.png,999893246,"{""solana"":""4UD4LVWrg7RxPra1n9nf5P27nrQXiF3kzwwL1NFJQavP""}",18
netclawd,NETCLAWD,NetClawd,netclawd,netclawdcuZ.png,100000000000,"{""base"":""0x00bb032296e0c580e21010a5a6a4e007e0953e68""}",18
servicenow-robinhood-tokenized-stock,NOW,ServiceNow • Robinhood Token,servicenow-robinhood-tokenized-stock,servicenow-robinhood-tokenized-stockRaf.png,259.6566,"{""robinhood"":""0x0c3260af4b8f13a69c4c2dfb84fd667890cdfa14""}",18
akita-inu-2,AKT,Akita Inu,akita-inu-2,akita-inu-2225.png,720668884,"{""solana"":""hUoehiMy279k95UeSijKkjx7RUsb676KSDgJ2i3xYbW""}",18
0x10ee9f68ee4e4d311e854ae14c53f5b25a917f85_ethereum,MHRD,MacroHard,macrohard,0x10ee9f68ee4e4d311e854ae14c53f5b25a917f85_ethereum06c.png,1000000000,"{""ethereum"":""0x10ee9f68ee4e4d311e854ae14c53f5b25a917f85""}",18
mycrostrategy,MCS,MyCroStrategy,mycrostrategy,mycrostrategyFfj.png,1000000000,"{""cronos"":""0xd60d5a5e9b9bc7018ced7198ed71467f968e8a31""}",18
0xcb682e7232cb23a4bb02ac3817883d99929f3ba3_base,MIRROR,Mirror,mirror-2,mirror-2bhP.png,100000000000,"{""base"":""0xcb682e7232cb23a4bb02ac3817883d99929f3ba3""}",18
fonzy,FONZY,Fonzy,fonzy,fonzyK99.png,200000000000000,"{""ethereum"":""0xb939da54f9748440a1b279d42be1296942732288""}",18
4rVf66MSzyjpLLVnGEuFMuVikEfa4XLbrQq2Zuexpump_solana,ADILLO,Adillo,adillo,4rVf66MSzyjpLLVnGEuFMuVikEfa4XLbrQq2Zuexpump_solanaRcU.png,991012797,"{""solana"":""4rVf66MSzyjpLLVnGEuFMuVikEfa4XLbrQq2Zuexpump""}",18
alliance-fan-token,ALL,Alliance Fan Token,alliance-fan-token,alliance-fan-tokenRtv.png,5000000,"{""chiliz"":""0x109b738569a04ea31ca06b47af06cfdda87adf48"",""solana"":""HkeMF6QnfVGwhvHTKJxtkyeiFjyYUESfgzBwGojtyJ4X"",""base"":""0xa6f9ec922bad0573ca9802e1e1cc0880ad5c23b8""}",18
0x0684e19528ccfd570fb00f0ca626dac4bdab17cf_robinhood,PENSION,Pension,pension,pensionmfH.png,1000000000,"{""robinhood"":""0x0684e19528ccfd570fb00f0ca626dac4bdab17cf""}",18
FskzSqy7Pi1f3nWorr4WhhQboxzyv8fv6Q2e8xyDpump_solana,MORUD,Morud,morud,FskzSqy7Pi1f3nWorr4WhhQboxzyv8fv6Q2e8xyDpump_solanawsV.png,999755385,"{""solana"":""FskzSqy7Pi1f3nWorr4WhhQboxzyv8fv6Q2e8xyDpump""}",18
kalijo,SEED,Kalijo,kalijo,kalijoaqd.png,6048043,"{""zilliqa"":""zil1lgj5uykg9lmzjecctjc5fkehdrghd7a9enmwg9"",""zilliqa-evm"":""0xe64ca52ef34fdd7e20c0c7fb2e392cc9b4f6d049"",""binance_smart"":""0x9158df7da69b048a296636d5de7a3d9a7fb25e88""}",18
0x910812c44ed2a3b611e4b051d9d83a88d652e2dd_ethereum,PLEDGE,Pledge,pledge-2,0x910812c44ed2a3b611e4b051d9d83a88d652e2dd_ethereumkaB.png,1000000000,"{""ethereum"":""0x910812c44ed2a3b611e4b051d9d83a88d652e2dd""}",18
Fosp9yoXQBdx8YqyURZePYzgpCnxp9XsfnQq69DRvvU4_solana,MEDUSA,MEDUSA,medusa-2,Fosp9yoXQBdx8YqyURZePYzgpCnxp9XsfnQq69DRvvU4_solanaBEt.png,999298131,"{""solana"":""Fosp9yoXQBdx8YqyURZePYzgpCnxp9XsfnQq69DRvvU4""}",18
HmfNGq7kxE6ppMDGW87xPuMU6wnKbeYBZf76K7t33w3s_solana,KOHLER,Kohler,kohler,kohler0FM.png,999981200,"{""solana"":""HmfNGq7kxE6ppMDGW87xPuMU6wnKbeYBZf76K7t33w3s""}",18
cryptotwitter,CT,CryptoTwitter,cryptotwitter,cryptotwitterpC0.png,365386617983886,"{""ethereum"":""0x6f2dec5da475333b0af4a3ffc9a33b0211a9a452""}",18
0xf6da29a60e17081d80da142448de4438b74d20f9_base,EVA,EVA,eva,evalfK.png,1000000000,"{""base"":""0xf6da29a60e17081d80da142448de4438b74d20f9""}",18
force-protocol,FOR,ForTube,force-protocol,force-protocoltSE.png,1000000000,"{""ethereum"":""0x1fcdce58959f536621d76f5b7ffb955baa5a672f"",""binance_smart"":""0x658a109c5900bc6d2357c87549b651670e5b0539""}",18
red-pepe-3,RPEPE,Red Pepe,red-pepe-3,red-pepe-30Am.png,69420000,"{""avalanche"":""0x694207a9f708355ee3119f11e55bc5c0b1845ba2""}",18
costco-rstock,RCOST,Costco Tokenized Stock (Reality),costco-rstock,costco-rstockgyG.png,36.6014,"{""arbitrum-one"":""0x1ea627476e38277e15d2c477d4dfd11eae56d124"",""morph-l2"":""0x614c5a5008a66382eb33a7b1aa07d9bc67132cea""}",18
agentlauncher-token-cvai,CVAI,Agentlauncher,agentlauncher-token-cvai,agentlauncher-token-cvaiQTJ.png,1000000000,"{""solana"":""8TC4ZJA5cwB5gmLemBfPP95v1Mft82kHGF9a87kepNno"",""base"":""0x6b34d1c35689dba179c2eddf6a01530bbb1d28a8""}",18
dovu,DOV,Dovu [OLD],dovu,Dovuzhcjs.png,963761390,"{""ethereum"":""0xac3211a5025414af2866ff09c23fc18bc97e79b1"",""binance_smart"":""0xc9457161320210d22f0d0d5fc1309acb383d4609""}",18
0xb200000000000000000000dfea18f58cd9adbc01_base,HAYLORD,HAYLORD,haylord,haylordw3Q.png,1000000000,"{""base"":""0xb200000000000000000000dfea18f58cd9adbc01""}",18
0xa8b69040684d576828475115b30cc4ce7c7743eab9c7d669535ee31caccef4f5::suiman::SUIMAN_sui,SUIMAN,Suiman,suiman,0xa8b69040684d576828475115b30cc4ce7c7743eab9c7d669535ee31caccef4f5::suiman::SUIMAN_sui6Vi.png,1000000000,"{""sui"":""0xa8b69040684d576828475115b30cc4ce7c7743eab9c7d669535ee31caccef4f5::suiman::SUIMAN""}",18
0x896bf81f9c92c6ef6f9a49679c62e876b405bba3_base,CLAWBERRY,CLAWBERRY,clawberry,clawberryQRe.png,100000000000,"{""base"":""0x896bf81f9c92c6ef6f9a49679c62e876b405bba3""}",18
galaconnect-bridged-aave-galachain,GAAVE,GalaConnect Bridged AAVE (GalaChain),galaconnect-bridged-aave-galachain,galaconnect-bridged-aave-galachainRz6.png,191.0032,"{""galachain"":""zaSnyhP8djWUdriSZXxNPpKUbgG""}",18
u,U,U,u,utlO.png,1000000000,"{""binance_smart"":""0x6f88dbed8f178f71f6a0c27df10d4f0b8ddf4444""}",18
sinbad-crew-base,SCB,SINBAD CREW BASE,sinbad-crew-base,sinbad-crew-baseU5l.png,1000000000,"{""base"":""0x5682a3ba66eeb60e82d18865849b513ab9c9692d""}",18
fletcher-by-virtuals,FLETCHER,Fletcher by Virtuals,fletcher-by-virtuals,fletcher-by-virtualsVFw.png,1000000000,"{""robinhood"":""0x5f18b02b8320ef1c5b7d7a5a8bad482a767f4716""}",18
rekill,REKILL,rekill,rekill,rekillTwa.png,999590216,"{""solana"":""ADnE9o6B7WHhzaRctmbqdPCRiLiA34WBXzYPbrFqBAGS""}",18
0xda2598c976e62e7e15dcca75169b404712e48b04_robinhood,RWI,Real World Impact,real-world-impact,real-world-impactMo4.png,891269081,"{""robinhood"":""0xda2598c976e62e7e15dcca75169b404712e48b04""}",18
gaia-everworld,GAIA,Gaia Everworld,gaia-everworld,1700754818087.png,500000000,"{""polygon-pos"":""0x723b17718289a91af252d616de2c77944962d122"",""binance_smart"":""0x347e430b7cd1235e216be58ffa13394e5009e6e2""}",18
gorkrgj6k4K449Qa4eF1NaWC5cNLQtMsVEikhpGn7fC_solana,GORK,gork,gork-2,gork-2512.png,998556181,"{""solana"":""gorkrgj6k4K449Qa4eF1NaWC5cNLQtMsVEikhpGn7fC""}",18
dvision-network,DVI,Dvision Network,dvision-network,dvision-network6vu.png,1000000000,"{""ethereum"":""0x10633216e7e8281e33c86f02bf8e565a635d9770""}",18
0x31d553822b37bda67126d5ea9d165b9456f72b07_base,CLAUNCH,ConLaunch,conlaunch,0x31d553822b37bda67126d5ea9d165b9456f72b07_basec30.png,100000000000,"{""base"":""0x31d553822b37bda67126d5ea9d165b9456f72b07""}",18
atVjZ7uM8sVrLFi5Xe1JiLGW6mW9pvQdTCWzhNFpump_solana,PEACE,World Peace,world-peace-2,world-peace-2bL2.png,995647322,"{""solana"":""atVjZ7uM8sVrLFi5Xe1JiLGW6mW9pvQdTCWzhNFpump""}",18
Ezn93yNdon6JjYePu2n9whMZ1KnSPU1EzpWRdxVP19c7_solana,THINGY,THINGY,thingy,thingyHSW.png,983134985,"{""solana"":""Ezn93yNdon6JjYePu2n9whMZ1KnSPU1EzpWRdxVP19c7""}",18
johnson-johnson-rstock,RJNJ,Johnson & Johnson Tokenized Stock (Reality),johnson-johnson-rstock,johnson-johnson-rstockzED.png,130.4492,"{""arbitrum-one"":""0x8fcd49a3019d52fe0d58e680a0a023e233ef2894"",""morph-l2"":""0x2f5f46ee0027ee6bc070afb10c8a95eeea75e1dd""}",18
global-x-data-center-digital-infrastructure-etf-ondo-tokenized,DTCRON,Global X Data Center & Digital Infrastructure ETF (Ondo Tokenized),global-x-data-center-digital-infrastructure-etf-ondo-tokenized,global-x-data-center-digital-infrastructure-etf-ondo-tokenized5s7.png,1220,"{""ethereum"":""0x4d9216151dad1af871a6eec623e2f04e7a2717b3"",""binance_smart"":""0xec4c1944682b8c7ba6c825e9a8b2b32cb5ecace5"",""solana"":""t29YBAB7g6xzgRJkzmc5NkQ7YRjE3NF8mhsLgppondo""}",18
kraneshares-sse-star-market-50-index-etf-rstock,RKSTR,KraneShares SSE STAR Market 50 Index ETF Tokenized Stock (Reality),kraneshares-sse-star-market-50-index-etf-rstock,kraneshares-sse-star-market-50-index-etf-rstockaun.png,1521,"{""arbitrum-one"":""0xad152d3aaa669c97b3b701f1ae2a866dbe9d3e36""}",18
D7Z2fUrxECBh91chmnou8u7E9Yaq7inzzcjg9G1Apump_solana,SALARY,This will make ur monthly salary,this-will-make-ur-monthly-salary,D7Z2fUrxECBh91chmnou8u7E9Yaq7inzzcjg9G1Apump_solanaepv.png,998829188,"{""solana"":""D7Z2fUrxECBh91chmnou8u7E9Yaq7inzzcjg9G1Apump""}",18
0xe4042c7c1bf740b8ddb2ab43df6d9ed766b2513e_ethereum,BADCAT,Andy Alter Ego,andy-alter-ego,andy-alter-egoaYm.png,420690000000,"{""ethereum"":""0xe4042c7c1bf740b8ddb2ab43df6d9ed766b2513e""}",18
Bz7vVzQhm2KMW1XgcrDruYega1MiwrAs1DQysrx4tFkp_solana,WAP,WAP,wap,Bz7vVzQhm2KMW1XgcrDruYega1MiwrAs1DQysrx4tFkp_solanaT4I.png,999536630,"{""solana"":""Bz7vVzQhm2KMW1XgcrDruYega1MiwrAs1DQysrx4tFkp""}",18
0x8070b5e222f1ec077845e46ced2267e0def4cba3_base,PRTN,Protean,protean-2,protean-27Bp.png,100000000000,"{""base"":""0x8070b5e222f1ec077845e46ced2267e0def4cba3""}",18
btc25,$BTC25,$BTC25,btc25,btc25zdd.png,1709827592,"{""solana"":""6xbPNG5m1PPJh8ts9B9zxeqgjkjkgdbxxJp8gJqpsEFK""}",18
0x1b5e07d4d2f753fa2f7f1940a00e2273c19ecb07_base,MOLTROAD,Molt Road,molt-road,0x1b5e07d4d2f753fa2f7f1940a00e2273c19ecb07_basepLU.png,100000000000,"{""base"":""0x1b5e07d4d2f753fa2f7f1940a00e2273c19ecb07""}",18
0xcc0adb6c436eb1f65b2f27733bf926691b94c5f1_base,GUAN,Guanciale by Virtuals,guanciale,0xcc0adb6c436eb1f65b2f27733bf926691b94c5f1_baseLRu.png,989358687,"{""base"":""0xcc0adb6c436eb1f65b2f27733bf926691b94c5f1""}",18
nike-st0x-tokenized-stock,WTNKE,Nike (ST0x Tokenized Stock),nike-st0x-tokenized-stock,nike-st0x-tokenized-stock5ZH.png,984.9141,"{""base"":""0x0883f32d23ed5535057a4b5e3eb1970fe08606af""}",18
22513u2QwiY6xaJn7nVFWGKy3aBdw6WfZsRPW2RRtCKj_solana,HUNTBODEN,Hunter Boden,hunter-boden,hunter-bodencyi.png,999989618,"{""solana"":""22513u2QwiY6xaJn7nVFWGKy3aBdw6WfZsRPW2RRtCKj""}",18
3space-art,PACE,3SPACE ART,3space-art,3space-artSgp.png,100000000,"{""ethereum"":""0x8bc2bcb1b1896291942c36f3cca3c1afa0aaa7fd""}",18
netflix-dinari-tokenized-stock,NFLX,Netflix (Dinari Tokenized Stock),netflix-dinari-tokenized-stock,netflix-dinari-tokenized-stockoSZ.png,496.0076,"{""ethereum"":""0xc4c29b8cf6fc1cd975d7df3442b4487fe73ba928"",""base"":""0x35c6fc86f413a48157e7d1785bf209b07f4e5110"",""arbitrum-one"":""0x3ad63b3c0ea6d7a093ff98fde040baddc389ecdc"",""avalanche"":""0x8594968fd6cd9560decd47894a8464422fab958a""}",18
pugwifhat,PUGWIF,PUGWIFHAT,pugwifhat,pugwifhatFz8.png,1000000000,"{""sui"":""0x2cd6f14a4b64c3a0fa9c644e8ed88d9c91d789a071886d67d24e6b435147063d::pugwif::PUGWIF""}",18
spdr-gold-trust-dinari-tokenized-etf,GLD,SPDR Gold Trust (Dinari Tokenized ETF),spdr-gold-trust-dinari-tokenized-etf,spdr-gold-trust-dinari-tokenized-etfwom.png,86.6614,"{""ethereum"":""0x43c72ea1736072f42f785e704e5244cc5b9a6779"",""base"":""0xf3ec90ea681561ce77120976bcfe985f83d182d8"",""arbitrum-one"":""0xbe8e3f4d5bd6ee0175359982cc91dafa3cf72502"",""avalanche"":""0xe7e6c5d49ab25913d7352d600eed3c85525c8894"",""hyperevm"":""0xe7e6c5d49ab25913d7352d600eed3c85525c8894""}",18
shitcoin-on-ton,SHIT,Shitcoin on TON,shitcoin-on-ton,shitcoin-on-tonry5.png,72300000,"{""the-open-network"":""EQB4gPfG0YtoiJHCMTUuzxP9fKXy9nx6TFh-dcAltrnNpLNo""}",18
rigetti-computing-rstock,RRGTI,Rigetti Computing Tokenized Stock (Reality),rigetti-computing-rstock,rigetti-computing-rstock6xO.png,2166,"{""arbitrum-one"":""0x57d62254c7d4d7aa78c4973bb709369b8f2e750f"",""morph-l2"":""0xf939e118b4d075e95ae7e2c00fc1b5e35292a1a4""}",18
keel-infrastructure-ondo-tokenized,KEELON,Keel Infrastructure (Ondo Tokenized),keel-infrastructure-ondo-tokenized,keel-infrastructure-ondo-tokenizedyp4.png,9178,"{""ethereum"":""0x96c662b152bec886facab388bd98470fd3aa9737"",""binance_smart"":""0x5e3ca19c533c8c0381eac5319624596557c279ed"",""solana"":""kSbeWEe64qpoVb1ZSVxgRnekZ1PwGNJkLyL5gJWondo""}",18
0x2dca79ad9909989e2081793961866ad6e7777777_x-layer,GOUT COIN,GOUT Coin,gout-coin,gout-coinmnn.png,210000000000,"{""x-layer"":""0x2dca79ad9909989e2081793961866ad6e7777777""}",18
HFw81sUUPBkNF5tKDanV8VCYTfVY4XbrEEPiwzyypump_solana,DCAI,Ducky Capital AI,duck-ai,HFw81sUUPBkNF5tKDanV8VCYTfVY4XbrEEPiwzyypump_solanajyC.png,999890202,"{""solana"":""DUCK4JNpgd6SziPDLKP7fogV5KQsAg6Hdx5MCwwYAYuF""}",18
vector-eth,VETH,Vector ETH,vector-eth,vector-ethYXM.png,11.66,"{""ethereum"":""0x38d64ce1bdf1a9f24e0ec469c9cade61236fb4a0""}",18
0x257723230c9cccf6a2df1e7cf67cffcfcf01eeb8_robinhood,VRAX,Commander Vrax,commander-vrax,0x257723230c9cccf6a2df1e7cf67cffcfcf01eeb8_robinhoodGgv.png,1000000000,"{""robinhood"":""0x257723230c9cccf6a2df1e7cf67cffcfcf01eeb8""}",18
panoverse,PANO,PanoVerse,panoverse,panoverseXKP.png,28000000,"{""ethereum"":""0x3850952491606a0e420eb929b1a2e1a450d013f1""}",18
0xdf006fa7fc1d09a93378e400fe920665412e9046_base,PUB,Pubhouse Dominance Index,pubhouse-dominance-index,pubhouse-dominance-indexQj8.png,974248083,"{""base"":""0xdf006fa7fc1d09a93378e400fe920665412e9046""}",18
fuci,FUCI,Fuci,fuci,fucire3.png,999964120,"{""arc"":""0xe66d5169c5d235209d74e976e594060c44c64420""}",18
3swKY5FN4ENQYYJTYqQzGbT7iEv8yD5UngCWfk3fEVA7_solana,ALAN,Alan the Alien,alan-the-alien,alan-the-alienTnR.png,43349998826,"{""solana"":""3swKY5FN4ENQYYJTYqQzGbT7iEv8yD5UngCWfk3fEVA7""}",18
0x362033a25b37603d4c99442501fa7b2852ddb435_ethereum,MATRIX,MATRIX,matrix-3,0x362033a25b37603d4c99442501fa7b2852ddb435_ethereumxN2.png,100000000000,"{""ethereum"":""0x362033a25b37603d4c99442501fa7b2852ddb435""}",18
seedworld,SWORLD,Seedworld,seedworld,seedworldJUC.png,20000000000,"{""avalanche"":""0x968be3f7bfef0f8edc3c1ad90232ebb0da0867aa"",""ethereum"":""0x968be3f7bfef0f8edc3c1ad90232ebb0da0867aa"",""base"":""0x968be3f7bfef0f8edc3c1ad90232ebb0da0867aa"",""binance_smart"":""0x968be3f7bfef0f8edc3c1ad90232ebb0da0867aa"",""arbitrum-one"":""0x968be3f7bfef0f8edc3c1ad90232ebb0da0867aa"",""solana"":""Es6h4XKewn9Mr7V44VqQ5cAUPRY6uV5hhD4vnEZhgoQ6""}",18
0x4972e029f2e1831d205b20d05833cc771feb2ba3_base,HARBOR,CLAW HARBOR,claw-harbor,0x4972e029f2e1831d205b20d05833cc771feb2ba3_basewMR.png,100000000000,"{""base"":""0x4972e029f2e1831d205b20d05833cc771feb2ba3""}",18
J7Dx5yPbPD5e5BmrSvJyi4n4XRUR2kWqWYaxaSWdpump_solana,BILLY,Shibetoshi Nakamoto,shibetoshi-nakamoto,J7Dx5yPbPD5e5BmrSvJyi4n4XRUR2kWqWYaxaSWdpump_solana7ol.png,959607278,"{""solana"":""J7Dx5yPbPD5e5BmrSvJyi4n4XRUR2kWqWYaxaSWdpump""}",18
E3oEF6TZb5DssCqwyXRt31AUEnGqvcHeVcyGvLiqpump_solana,ROY,ROY,roy,E3oEF6TZb5DssCqwyXRt31AUEnGqvcHeVcyGvLiqpump_solanaztC.png,999907026,"{""solana"":""E3oEF6TZb5DssCqwyXRt31AUEnGqvcHeVcyGvLiqpump""}",18
storm,STMX,StormX,storm,1676276015141.png,12500000000,"{""ethereum"":""0xa62cc35625b0c8dc1faea39d33625bb4c15bd71c""}",18
amelia,AMELIA,Amelia,amelia,ameliakkA.png,1000000000,"{""base"":""0x9b284910a0abaed70c9f0790bb50ce988f5316d6""}",18
the-virtua-kolect,TVK,Virtua,the-virtua-kolect,the-virtua-kolectr7d.png,1200000000,"{""ethereum"":""0xd084b83c305dafd76ae3e1b4e1f1fe2ecccb3988"",""harmony-shard-0"":""0xced019c13aec9dc2c641fc3bb0b24c7231f0fff1""}",18
rocky-the-dog,ROCKY,Rocky the dog,rocky-the-dog,rocky-the-dog9zd.png,999991611,"{""solana"":""4icEZCrEYNop2ZaMMCkRHaNzkt6xG9BpijMCQV7mpw6Z""}",18
hTRDn7zE5tDHRnjj6Qms2WG1zEGv9ii6AiwfgbFpump_solana,DEEPAI,Deep AI,deep-ai,hTRDn7zE5tDHRnjj6Qms2WG1zEGv9ii6AiwfgbFpump_solanaojT.png,995936688,"{""solana"":""hTRDn7zE5tDHRnjj6Qms2WG1zEGv9ii6AiwfgbFpump""}",18
state,STATE,STATE,state,state0Ui.png,100000000000,"{""base"":""0x961d7b43119067015c9dbd1dcef1e82f5b532ba3""}",18
mm72,MM72,MM72,mm72,mm72qXE.png,100000000000,"{""binance_smart"":""0xdf9e1a85db4f985d5bb5644ad07d9d7ee5673b5e""}",18
sun-tzu,TZU,Sun Tzu,sun-tzu,sun-tzuk0X.png,544496000000000,"{""ethereum"":""0x13dbd5394c2c7e4bdb85b1838286faa66532a262""}",18
0x948d07d30400518f2c57ba24bafbb1d71f9c2b07_base,CHATR,chatr,chatr,chatrQ50.png,100000000000,"{""base"":""0x948d07d30400518f2c57ba24bafbb1d71f9c2b07""}",18
nexcard,XCARD,NexCard,nexcard,nexcardoEO.png,964703994,"{""robinhood"":""0x41818c9696a46c4ee4e2b801d28ed98cdb2021aa""}",18
CDDybYjY6y7RBKXXaCKHRhUhb31y3rjGB7idTdeFpump_solana,FU,Farting Unicorn,farting-unicorn,CDDybYjY6y7RBKXXaCKHRhUhb31y3rjGB7idTdeFpump_solana9Rh.png,899473941,"{""solana"":""CDDybYjY6y7RBKXXaCKHRhUhb31y3rjGB7idTdeFpump""}",18
SENDdRQtYMWaQrBroBrJ2Q53fgVuq95CV9UPGEvpCxa_solana,SEND,Sendcoin,send-2,SENDdRQtYMWaQrBroBrJ2Q53fgVuq95CV9UPGEvpCxa_solana9hb.png,999999941,"{""solana"":""SENDdRQtYMWaQrBroBrJ2Q53fgVuq95CV9UPGEvpCxa""}",18
0x888c1a341ce9d9ae9c2d2a75a72a7f0d2551a2dc_ethereum,CSI,CSI888,csi888,0x888c1a341ce9d9ae9c2d2a75a72a7f0d2551a2dc_ethereumZh0.png,888000000,"{""ethereum"":""0x888c1a341ce9d9ae9c2d2a75a72a7f0d2551a2dc""}",18
FW1r2jQtFjc1dFUUYYZDkeQ62R6fWo4ucty8vpP7bonk_solana,FUNLESS,Funless,funless,FW1r2jQtFjc1dFUUYYZDkeQ62R6fWo4ucty8vpP7bonk_solanakiP.png,499387271,"{""solana"":""FW1r2jQtFjc1dFUUYYZDkeQ62R6fWo4ucty8vpP7bonk""}",18
0x0347d104f089225683f1a4998451cdcf72335ba3_base,SYNTH,BANKRSYNTH,bankrsynth,0x0347d104f089225683f1a4998451cdcf72335ba3_baseWAq.png,100000000000,"{""base"":""0x0347d104f089225683f1a4998451cdcf72335ba3""}",18
abrdn-palladium-etf-trust-rstock,RPALL,abrdn Physical Palladium Shares ETF Tokenized Stock (Reality),abrdn-palladium-etf-trust-rstock,abrdn-palladium-etf-trust-rstockR9Q.png,1538,"{""arbitrum-one"":""0xa03c3ebd2ee9e1ec9b8f83f5975fad0376492b4a"",""morph-l2"":""0xfae5a3bb172ef2afe77ce92df8f89c6a6be16ba5""}",18
0x69da011296a3a68d33bcfbca078e0be3b7d77b07_base,EMERGE,Emerge,emerge,emergeCm7.png,100000000000,"{""base"":""0x69da011296a3a68d33bcfbca078e0be3b7d77b07""}",18
0xc2704323a9f6b41b81a735cddd2ccb6273da1197_base,BAIBY,baibysitter,baibysitter,baibysitterHc9.png,1000000000,"{""base"":""0xc2704323a9f6b41b81a735cddd2ccb6273da1197""}",18
0x7dcffcb06b40344eeced2d1cbf096b299fe4b405_hyperevm,RUB,Reverse Unit Bias,reverse-unit-bias,0x7dcffcb06b40344eeced2d1cbf096b299fe4b405_hyperevmiZm.png,1,"{""hyperevm"":""0x7dcffcb06b40344eeced2d1cbf096b299fe4b405""}",18
0x88bf399d2bbbe7ba3c1ebef2ac83ae7571ff10d7_cronos,FROGS,FROGS,frogs-2,0x88bf399d2bbbe7ba3c1ebef2ac83ae7571ff10d7_cronosWuT.png,100000000000000,"{""cronos"":""0x88bf399d2bbbe7ba3c1ebef2ac83ae7571ff10d7""}",18
0x7eeab3de47a475fd2dec438aef05b128887c6105_ethereum,TROPPY,TROPPY,troppy,0x7eeab3de47a475fd2dec438aef05b128887c6105_ethereumg0n.png,420690000000,"{""ethereum"":""0x7eeab3de47a475fd2dec438aef05b128887c6105""}",18
0xc8db98437bed9943f11c5b31b645b07c0efc17e0_base,LEO,LEOONO by Virtuals,leoono,0xc8db98437bed9943f11c5b31b645b07c0efc17e0_basermg.png,1000000000,"{""base"":""0xc8db98437bed9943f11c5b31b645b07c0efc17e0""}",18
prcy-coin,PRCY,PRivaCY Coin,prcy-coin,prcy-coinU0f.png,62751140,"{""ethereum"":""0xdfc3829b127761a3218bfcee7fc92e1232c9d116"",""binance_smart"":""0xdfc3829b127761a3218bfcee7fc92e1232c9d116"",""polygon-pos"":""0xdfc3829b127761a3218bfcee7fc92e1232c9d116"",""tron"":""TYV5eu6UgSPtxVLkPD9YfxmUEcXhum35yS""}",18
0xbac3368b5110f3a3dda8b5a0f7b66edb37c47afe_polygon-pos,AIPEPE,AI PEPE KING,ai-pepe-king,ai-pepe-kinggeu.png,420689999999999,"{""polygon-pos"":""0xbac3368b5110f3a3dda8b5a0f7b66edb37c47afe""}",18
noruggies,NORUGGIES,NORUGGIES,noruggies,noruggieslYw.png,994970996,"{""solana"":""BwcamVymEARNdx2chNraY9CpJgKHUQk9Uj7m51tLpump""}",18
0x2c431766e48ec4a17dc052d9d3fef6b6a9ae8d62_ethereum,RBR,Robora,robora,0x2c431766e48ec4a17dc052d9d3fef6b6a9ae8d62_ethereumrCS.png,100000000,"{""ethereum"":""0x2c431766e48ec4a17dc052d9d3fef6b6a9ae8d62""}",18
copper-pot-of-wealth,COOKWARE,Copper pot of wealth,copper-pot-of-wealth,copper-pot-of-wealthFq1.png,878144107,"{""robinhood"":""0xdcc34bdd5d3c30237303b95d2f59cc29437b5c74""}",18
G7BJzg55Afx6Tn6J9CJfA444jMf6QJbVjgQAevNTpump_solana,GATO,EL GATO,el-gato-3,G7BJzg55Afx6Tn6J9CJfA444jMf6QJbVjgQAevNTpump_solana7tU.png,998249196,"{""solana"":""G7BJzg55Afx6Tn6J9CJfA444jMf6QJbVjgQAevNTpump""}",18
UbESBaztbkxJRWxPcfDeK8Fft15igTbrv3sed1bsegM_solana,GCATS,GoreCats,gorecats,gorecatsLvC.png,999778055,"{""solana"":""UbESBaztbkxJRWxPcfDeK8Fft15igTbrv3sed1bsegM""}",18
patience-is-undervalued,PATIENCE,Patience is Undervalued,patience-is-undervalued,patience-is-undervaluedpsi.png,1000000000,"{""robinhood"":""0x972d93a9c0567fea943ff233fb9d4293247bedcb""}",18
0x96a3b63701dbc6d40a1c4153734778443b0175ad_binance_smart,CAKEDOG,Cakedog,cakedog,0x96a3b63701dbc6d40a1c4153734778443b0175ad_binance_smartAcu.png,1000000000,"{""binance_smart"":""0x96a3b63701dbc6d40a1c4153734778443b0175ad""}",18
0x0a3a6eef246ed15dbf97f8a237e20a3bc091cba3_base,0XDP,0xDirectPing,0xdirectping,0x0a3a6eef246ed15dbf97f8a237e20a3bc091cba3_baseIFe.png,100000000000,"{""base"":""0x0a3a6eef246ed15dbf97f8a237e20a3bc091cba3""}",18
V5cCiSixPLAiEDX2zZquT5VuLm4prr5t35PWmjNpump_solana,KIND,KindnessCoin,kindnesscoin,V5cCiSixPLAiEDX2zZquT5VuLm4prr5t35PWmjNpump_solanaoOn.png,999693930,"{""solana"":""V5cCiSixPLAiEDX2zZquT5VuLm4prr5t35PWmjNpump""}",18
unit-fartcoin,UFART,Unit Fartcoin,unit-fartcoin,unit-fartcoinb3C.png,182937,"{""hyperevm"":""0x3b4575e689ded21caad31d64c4df1f10f3b2cedf""}",18
C3JX9TWLqHKmcoTDTppaJebX2U7DcUQDEHVSmJFz6K6S_solana,BAZINGA,Bazinga,bazinga-2,bazinga-2Nra.png,796994127,"{""solana"":""C3JX9TWLqHKmcoTDTppaJebX2U7DcUQDEHVSmJFz6K6S""}",18
wrapped-sei-universal,USEI,Wrapped SEI (Universal),wrapped-sei-universal,wrapped-sei-universalGhY.png,457115,"{""base"":""0x71a67215a2025f501f386a49858a9ced2fc0249d""}",18
0x97b84d9f8fa40656a142b434355c398b6b7afba3_base,MEMORIDE,memoride,memoride,memoride2rm.png,100000000000,"{""base"":""0x97b84d9f8fa40656a142b434355c398b6b7afba3""}",18
oscar-health-rstock,ROSCR,Oscar Health Tokenized Stock (Reality),oscar-health-rstock,oscar-health-rstocks4s.png,1056,"{""arbitrum-one"":""0xfbbbfd14d29b0abdf381033992a5d32f9213663f"",""morph-l2"":""0xf1b823ee38e2ccd27df8804559e4bcec410b2a10""}",18
Cpzvdx6pppc9TNArsGsqgShCsKC9NCCjA2gtzHvUpump_solana,SVMAI,opensvm.com,opensvm-com,Cpzvdx6pppc9TNArsGsqgShCsKC9NCCjA2gtzHvUpump_solanamwb.png,999576023,"{""solana"":""Cpzvdx6pppc9TNArsGsqgShCsKC9NCCjA2gtzHvUpump""}",18
green-planet,GAMMA,Green Planet,green-planet,green-planetVsy.png,100000000,"{""binance_smart"":""0xb3cb6d2f8f2fde203a022201c81a96c167607f15""}",18
hex-com-diamond,DMND,HEX.COM DIAMOND,hex-com-diamond,hex-com-diamond0dA.png,3965326581,"{""pulsechain"":""0xcf409c91b49dd3f796d20eec20535fdc79a08798""}",18
fESbUKjuMY6jzDH9VP8cy4p3pu2q5W2rK2XghVfNseP_solana,CATFROGDOGSHARK,CatFrogDogShark,catfrogdogshark,fESbUKjuMY6jzDH9VP8cy4p3pu2q5W2rK2XghVfNseP_solanaFUW.png,961831990,"{""solana"":""fESbUKjuMY6jzDH9VP8cy4p3pu2q5W2rK2XghVfNseP""}",18
rebirth-and-new-hope,REBIRTH,Rebirth and New Hope,rebirth-and-new-hope,rebirth-and-new-hopeMOl.png,994032068,"{""solana"":""8mgM8w9BDeZvL1pm86xPDvPw9XHL3vwXkFBqU693pump""}",18
cookmybots,BOTS,CookMyBots,cookmybots,cookmybotsrC6.png,1000000000,"{""binance_smart"":""0x52849e82da74b25977fd095988baca7adb307777""}",18
HK6hRLHB9orDKK5MffpCKxdLLRqiaqqUxN2vEoQQpump_solana,YEE,Yee,yee-2,yee-2WT8.png,965753442,"{""solana"":""HK6hRLHB9orDKK5MffpCKxdLLRqiaqqUxN2vEoQQpump""}",18
0xd9da0a693ea8057dcd97f02df6c98951acf92ef7_base,CPA,CPA by Virtuals,cpa-by-virtuals,0xd9da0a693ea8057dcd97f02df6c98951acf92ef7_baseiNO.png,1000000000,"{""base"":""0xd9da0a693ea8057dcd97f02df6c98951acf92ef7""}",18
pactus,PAC,Pactus,pactus,pactusHET.png,17435168,,
322bSL6UaDju2B4Nv1XAKJorRNRBFnW3pRkHxzMopump_solana,UFO,UFO Disclosure,ufo-disclosure-2,ufo-disclosure-2u7O.png,999981610,"{""solana"":""322bSL6UaDju2B4Nv1XAKJorRNRBFnW3pRkHxzMopump""}",18
0x7ff2b3a09755fb38bc8334c2c05173f75fd4dba3_base,BRAIN,Brain,brain-2,brain-2Lre.png,100000000000,"{""base"":""0x7ff2b3a09755fb38bc8334c2c05173f75fd4dba3""}",18
88dnPHaZDxwCm9xiDgB15uPwGdgE2y7ALcqsgRTopump_solana,NXR,Nexus Erebus,nexus-erebus,88dnPHaZDxwCm9xiDgB15uPwGdgE2y7ALcqsgRTopump_solanaTd0.png,999579143,"{""solana"":""88dnPHaZDxwCm9xiDgB15uPwGdgE2y7ALcqsgRTopump""}",18
0x7f890a4a575558307826c82e4cb6e671f3178bfc_binance_smart,CTD,Chain Talk Daily,chain-talk-daily,0x7f890a4a575558307826c82e4cb6e671f3178bfc_binance_smart8ID.png,1000000000,"{""binance_smart"":""0x7f890a4a575558307826c82e4cb6e671f3178bfc""}",18
0x03f64375f98aaafb617d18ca1e4a9a85a5c74476_base,ROCKETAI,launchbot,launchbot,0x03f64375f98aaafb617d18ca1e4a9a85a5c74476_baseFgh.png,100000000000,"{""base"":""0x03f64375f98aaafb617d18ca1e4a9a85a5c74476""}",18
archer-aviation-ondo-tokenized-stocks,ACHRON,Archer Aviation (Ondo Tokenized Stock),archer-aviation-ondo-tokenized-stocks,archer-aviation-ondo-tokenized-stocksubn.png,6620,"{""ethereum"":""0x9cfa08002d606e638fe91941be725e1b970b84a6"",""binance_smart"":""0x91c62325f901ee29da8e521cfe68980332a4ca06"",""solana"":""KcCVQxG9LhFYP5o9DWFKTFgFShPPQkDEemVbiFyondo""}",18
3HYx6a9whu5a4dnzE62WNXg46MrEmu9LFxutR2YBpump_solana,FLAVIA,Flavia Is Online,flavia-is-online,3HYx6a9whu5a4dnzE62WNXg46MrEmu9LFxutR2YBpump_solanaxBK.png,999132501,"{""solana"":""3HYx6a9whu5a4dnzE62WNXg46MrEmu9LFxutR2YBpump""}",18
64Xtqbivo92rDWQ7RruN6c4VkkfD3pNoZTHjMjyNBAGS_solana,SKS,SKS Cartoon,sks-cartoon,sks-cartoonkQN.png,999207175,"{""solana"":""64Xtqbivo92rDWQ7RruN6c4VkkfD3pNoZTHjMjyNBAGS""}",18
pump-the-bull,PUMPBULL,Pump the Bull,pump-the-bull,pump-the-bullqrA.png,963081623,"{""solana"":""BX961hMXPh7wzDxTJmGrgKbKXNns9bsLJdjr5wobpump""}",18
0x1d3c629ca5c1d0ab3bdf74600e81b4145615df8e_polygon-pos,PRNT,Imprnt,preprints-io,preprints-iovLe.png,50000000,"{""polygon-pos"":""0x1d3c629ca5c1d0ab3bdf74600e81b4145615df8e"",""base"":""0x00dfb58cf6e43ffdfb56a72f7fc6899134f2462b""}",18
0x76d8de471f54aaa87784119c60df1bbfc852c415_lisk,WSTETH,Lisk Bridged wstETH (Lisk),lisk-bridged-wsteth-lisk,lisk-bridged-wsteth-liskAyk.png,8.1965,"{""lisk"":""0x76d8de471f54aaa87784119c60df1bbfc852c415""}",18
0x43c5034469bce262d32f64c5e7f9f359f5b1495f_ethereum,DOPE,Department Of Propaganda Everywhere,department-of-propaganda-everywhere,0x43c5034469bce262d32f64c5e7f9f359f5b1495f_ethereumHmK.png,411758139261,"{""ethereum"":""0x43c5034469bce262d32f64c5e7f9f359f5b1495f""}",18
nest-institutional-core,NELIXIR,Nest Elixir Vault,nest-institutional-core,nest-institutional-coreaSL.png,30845,"{""ethereum"":""0x9fbc367b9bb966a2a537989817a088afcaffdc4c"",""plume-network"":""0x9fbc367b9bb966a2a537989817a088afcaffdc4c""}",18
flame-2,FLAME,Flame,flame-2,flame-2Q5K.png,1000000000,"{""arbitrum-one"":""0x4a7779abed707a9c7deadbbef5c15f3e52370a99""}",18
betbuinu,CRYPTO,BetbuInu,betbuinu,betbuinuQbS.png,10000000,"{""ethereum"":""0x586a7cfe21e55ec0e24f0bfb118f77fe4ca87bab""}",18
0xe0023e73aab4fe9a22f059a9d27e857e027ee3dc_base,RWAX,RWAX,rwax,rwax4sJ.png,50000000,"{""base"":""0xe0023e73aab4fe9a22f059a9d27e857e027ee3dc""}",18
0x4b6104755afb5da4581b81c552da3a25608c73b8_base,SKITTEN,$SKITTEN,skitten,0x4b6104755afb5da4581b81c552da3a25608c73b8_baseZUp.png,974194988,"{""base"":""0x4b6104755afb5da4581b81c552da3a25608c73b8""}",18
chill-town,CHILLTOWN,Chill Town,chill-town,chill-town6GK.png,855487131,"{""solana"":""FeoAtVjDcpkjJo6RZRcGY4Wysvn5odLEc29FvmR1vECB""}",18
space-nation-oikos,OIK,Space Nation Oikos,space-nation-oikos,space-nation-oikosEIE.png,1000000000,"{""ethereum"":""0x6e7f11641c1ec71591828e531334192d622703f7"",""binance_smart"":""0xb035723d62e0e2ea7499d76355c9d560f13ba404"",""immutable"":""0xda49591f442b8c7a5292c6aa07655746299d6f4c""}",18
0x02cb6968877a3a40a5d918af0aecc3481bfc0434_base,ASYNC,ASYNCHRONUS by Virtuals,asynchronus-by-virtuals,0x02cb6968877a3a40a5d918af0aecc3481bfc0434_baseDxa.png,1000000000,"{""base"":""0x02cb6968877a3a40a5d918af0aecc3481bfc0434""}",18
0x0a2c776e4f9017ca0679e6064d2f99cf397b6457_abstract,TYAG,Thank You Abstract God,thank-you-abstract-god,0x0a2c776e4f9017ca0679e6064d2f99cf397b6457_abstract6dD.png,991232278,"{""abstract"":""0x0a2c776e4f9017ca0679e6064d2f99cf397b6457""}",18
0xa7f63eb41779925803a3eec30890742571e63ba3_base,ECHO,Echo,echo,0xa7f63eb41779925803a3eec30890742571e63ba3_basevFF.png,100000000000,"{""base"":""0xa7f63eb41779925803a3eec30890742571e63ba3""}",18
chipi,CHIPI,CHIPI,chipi,chipibhV.png,999690485,"{""solana"":""chiPiQTvkQ7oPtAD7YLQaEeHmPqXCa2wcRQdwFNneTe""}",18
0x22cbee8a77611720da5fe2f1b1c8104dbc2f7b07_base,MOLTYPICS,MoltyPics,moltypics,0x22cbee8a77611720da5fe2f1b1c8104dbc2f7b07_basezhC.png,100000000000,"{""base"":""0x22cbee8a77611720da5fe2f1b1c8104dbc2f7b07""}",18
galaxy-digital-rstock,RGLXY,Galaxy Digital Tokenized Stock (Reality),galaxy-digital-rstock,galaxy-digital-rstock4qd.png,1421,"{""arbitrum-one"":""0xb5c9c0823d83103e6bcb83b3c68aa9afedc7306b"",""morph-l2"":""0x50dcd9306449b4b23b66e1698c939fd1fb4a65bd""}",18
0x559b4293e2f372774e1fa6dc0a38a2cef6e04a99_robinhood,UP,uplift,uplift-2,0x559b4293e2f372774e1fa6dc0a38a2cef6e04a99_robinhoodQm5.png,1000000000,"{""robinhood"":""0x559b4293e2f372774e1fa6dc0a38a2cef6e04a99""}",18
BfdVHnbt9LSNAFCZU9kvTjbrH3jX78sv2siLKGQ7pump_solana,KOTO,Koto,koto-2,BfdVHnbt9LSNAFCZU9kvTjbrH3jX78sv2siLKGQ7pump_solanaKnQ.png,994999986,"{""solana"":""BfdVHnbt9LSNAFCZU9kvTjbrH3jX78sv2siLKGQ7pump""}",18
deer-token,DEER,DEER TOKEN,deer-token,deer-tokenliT.png,990000000,"{""binance_smart"":""0x2442421fe1acc8a732251fc372892b5ff1fdd938""}",18
0xb623b95571087447f6b45a966f8720b1f196dba3_base,SMART,SmartCodedBot,smartcodedbot,smartcodedbot1uY.png,100000000000,"{""base"":""0xb623b95571087447f6b45a966f8720b1f196dba3""}",18
gravity-finance,GFI,Gravity Finance [OLD],gravity-finance,gravity-financegNx.png,1199999974,"{""polygon-pos"":""0x874e178a2f3f3f9d34db862453cd756e7eab0381""}",18
legend-2,LEGEND,Legend,legend-2,legend-2X00.png,999662144,"{""ethereum"":""0x1b1ff83ae0751ffb7ce0224e9c330e859e95dd16"",""base"":""0xc7837be3d71e00fcbe76d77602bcf353df859664""}",18
TPUZseUsV89tM157aLfkuKYEaRKzBirmRb_tron,ZAPO,ZAPO AI,zapo,TPUZseUsV89tM157aLfkuKYEaRKzBirmRb_tronuHy.png,1000000000,"{""tron"":""TPUZseUsV89tM157aLfkuKYEaRKzBirmRb""}",18
defina-finance,FINA,Defina Finance,defina-finance,defina-financetWH.png,58892469,"{""binance_smart"":""0x426c72701833fddbdfc06c944737c6031645c708""}",18
noooomeme,NOOOO,Noooomeme,noooomeme,noooomemeDs6.png,997758190,"{""solana"":""4E3CrfKrPWmnE2kFrdeRKyiovpUWpUXHtqXpXzZZsxZ2""}",18
fluence-energy-ondo-tokenized,FLNCON,Fluence Energy (Ondo Tokenized),fluence-energy-ondo-tokenized,fluence-energy-ondo-tokenizeda3s.png,4234,"{""ethereum"":""0xf6c9c6b33bd3df0d761702db7075f89e561a54d8"",""binance_smart"":""0xf1a96d4b591e446445600789d60c73dd636b357c"",""solana"":""bzoe1epsQLx65zmez4pWfBumYzpaFwRTvnmCjZVondo""}",18
0xcebc0cfbc5dd0893a9e3b9d0f75b211ddf5934a0_robinhood,CLAN,clan.tech,clan-tech,clan-techtbA.png,1000000000,"{""robinhood"":""0xcebc0cfbc5dd0893a9e3b9d0f75b211ddf5934a0""}",18
0x08a38caa631de329ff2dad1656ce789f31af3142_berachain,YEET,Yeet,yeet,0x08a38caa631de329ff2dad1656ce789f31af3142_berachainx0I.png,1000000000,"{""berachain"":""0x08a38caa631de329ff2dad1656ce789f31af3142""}",18
2yu92oYzBWLAdVpu8BoaLzmM1oxPsHoboay2BXmeDDZr_solana,FROINK,Froink,froink,froink9zP.png,961270237,"{""solana"":""2yu92oYzBWLAdVpu8BoaLzmM1oxPsHoboay2BXmeDDZr""}",18
0xb4589127a468f9fea9da3c8c9e39c48fdfd982fa_ethereum,VRTX,Vortex,vortex-3,vortex-3JyR.png,1000000,"{""ethereum"":""0xb4589127a468f9fea9da3c8c9e39c48fdfd982fa""}",18
0xc71852f5a92f00292b19ee632caf57f3cae5958a_base,SML,Sticky Monster Lab,sticky-monster-lab,sticky-monster-labPv5.png,1000000000,"{""base"":""0xc71852f5a92f00292b19ee632caf57f3cae5958a""}",18
0x373504da48418c67e6fcd071f33cb0b3b47613c7_base,WBASEDOGE,Wrapped BaseDOGE,wrapped-basedoge,wrapped-basedogesDQ.png,292380000000,"{""base"":""0x373504da48418c67e6fcd071f33cb0b3b47613c7""}",18
move-dollar,MOD,Move Dollar,move-dollar,move-dollar3Ev.png,32091,"{""aptos"":""0x6f986d146e4a90b828d8c12c14b6f4e003fdff11a8eecceceb63744363eaac01::mod_coin::MOD""}",18
0x43657652dbc7ce1c5432650153abde904e884b07_base,MOLTLINE,moltline,moltline,0x43657652dbc7ce1c5432650153abde904e884b07_baseLf0.png,100000000000,"{""base"":""0x43657652dbc7ce1c5432650153abde904e884b07""}",18
9YnfbEaXPaPmoXnKZFmNH8hzcLyjbRf56MQP7oqGpump_solana,GOLD,Physical Gold,physical-gold,9YnfbEaXPaPmoXnKZFmNH8hzcLyjbRf56MQP7oqGpump_solanaGru.png,998694585,"{""solana"":""9YnfbEaXPaPmoXnKZFmNH8hzcLyjbRf56MQP7oqGpump""}",18
6MAWnfagDCzqmHQh88FVt9F1zzLqXpwGJpaL7zUTpump_solana,EYE,EYE Am Watching You,eye-am-watching-you,6MAWnfagDCzqmHQh88FVt9F1zzLqXpwGJpaL7zUTpump_solanam39.png,955422106,"{""solana"":""6MAWnfagDCzqmHQh88FVt9F1zzLqXpwGJpaL7zUTpump""}",18
0xb5b7f828caed10db9582bed424ff79809ce766cb_binance_smart,MOO,Moo,moo,mooXuw.png,420000000000000,"{""binance_smart"":""0xb5b7f828caed10db9582bed424ff79809ce766cb""}",18
0x87d87671aefb97610390cd7fdbb4281c3f734444_binance_smart,CRYPTO WINTER,Crypto winter,crypto-winter,0x87d87671aefb97610390cd7fdbb4281c3f734444_binance_smart2HP.png,1000000000,"{""binance_smart"":""0x87d87671aefb97610390cd7fdbb4281c3f734444""}",18
0xca3ce24fb1a6e7db0003f9c785405a851e3f1e18_robinhood,KPOP,KPOP,kpop-2,kpop-2xX2.png,1000000000,"{""robinhood"":""0xca3ce24fb1a6e7db0003f9c785405a851e3f1e18""}",18
GavQxkBXLg9Qwvxgni8SLJAnxLL592j55jVS2fnFpump_solana,SRUN,Runfolio,runfolio,runfoliowAN.png,975433218,"{""solana"":""GavQxkBXLg9Qwvxgni8SLJAnxLL592j55jVS2fnFpump""}",18
eggmon,EGG,eggmon,eggmon,eggmonvBR.png,1000000000,"{""monad"":""0xd10cf12099f5fb424bc77401df49f0c785657777""}",18
8cVZCdP973kupdt1TktpD4jq3k7Jpr3FiaBAxN5Kpump_solana,ETF,Eat Trade Fart,eat-trade-fart,8cVZCdP973kupdt1TktpD4jq3k7Jpr3FiaBAxN5Kpump_solanaGnq.png,998297441,"{""solana"":""8cVZCdP973kupdt1TktpD4jq3k7Jpr3FiaBAxN5Kpump""}",18
nanopay,NANO,nanopay,nanopay,nanopaykkU.png,100000000000,"{""base"":""0x1a5f7931e5d450c666fd8706300b984fc4aeaba3""}",18
0x67c4d14861f9c975d004cfb3ac305bee673e996e_ethereum,LANDWU,Land Wu,land-wu,land-wub0W.png,420690000000000,"{""ethereum"":""0x67c4d14861f9c975d004cfb3ac305bee673e996e""}",18
glitch-2,GLITCH,GLITCH,glitch-2,glitch-2kaP.png,906627607,"{""arc"":""0x08adbf431569a1aacac2606d2adcd18f4ebf2a71""}",18
us-nerite-dollar,USND,US Nerite Dollar,us-nerite-dollar,us-nerite-dollarfM6.png,32102,"{""arbitrum-one"":""0x4ecf61a6c2fab8a047ceb3b3b263b401763e9d49""}",18
mixmob,MXM,MAXX AI,mixmob,mixmobvpL.png,988380350,"{""solana"":""H53UGEyBrB9easo9ego8yYk7o4Zq1G5cCtkxD3E3hZav""}",18
0x4b6d60361faebf0cfe06c442cd0eb151bc261a7a_ethereum,MSIA,Messiah,messiah,0x4b6d60361faebf0cfe06c442cd0eb151bc261a7a_ethereumOag.png,100000000,"{""ethereum"":""0x4b6d60361faebf0cfe06c442cd0eb151bc261a7a""}",18
gg-token,GGTK,GG,gg-token,gg-tokennNG.png,46800000,"{""ethereum"":""0xfa99a87b14b02e2240c79240c5a20f945ca5ef76"",""polygon-pos"":""0x49b1be61a8ca3f9a9f178d6550e41e00d9162159""}",18
revault,RVAULT,ReVault,revault,revaultZOf.png,100000000000,"{""base"":""0x64a3ebcb45fc74aa8a8e7a4579f14e85e3a0fba3""}",18
0xe4fcf2d991505089bbb36275570757c1f9800cb0_base,PURR,purrcoin,purrcoin,purrcoinpJe.png,1000000000,"{""base"":""0xe4fcf2d991505089bbb36275570757c1f9800cb0""}",18
0xef63b8f2ada83a968a68719266b74956d342eba3_base,FORGE,ForgeOracle,forgeoracle,forgeoracleFce.png,99000000000,"{""base"":""0xef63b8f2ada83a968a68719266b74956d342eba3""}",18
0xbabe3ce7835665464228df00b03246115c30730a_ethereum,BABYNEIRO,Baby Neiro Token,baby-neiro-token,0xbabe3ce7835665464228df00b03246115c30730a_ethereumCWV.png,420690000000,"{""ethereum"":""0xbabe3ce7835665464228df00b03246115c30730a""}",18
0x3f12d4607f9df527c3bccbd16a70636a69c8fcf5_base,VOLTX,VolatilityX,volatilityx,0x3f12d4607f9df527c3bccbd16a70636a69c8fcf5_baseaG7.png,1000000000,"{""base"":""0x3f12d4607f9df527c3bccbd16a70636a69c8fcf5""}",18
0x18a8d75f70eaead79b5a55903d036ce337f623a5_ethereum,SIGMA,SIGMA,sigma-2,0x18a8d75f70eaead79b5a55903d036ce337f623a5_ethereumXAk.png,1000000000,"{""ethereum"":""0x18a8d75f70eaead79b5a55903d036ce337f623a5""}",18
metamars-2,MARS,Metamars,metamars-2,metamars-2lXv.png,260000000,"{""binance_smart"":""0x07c15e4add8c23d2971380dde6c57b6f88902ec1""}",18
riot-platforms-rstock,RRIOT,Riot Platforms Tokenized Stock (Reality),riot-platforms-rstock,riot-platforms-rstock2F2.png,1605,"{""arbitrum-one"":""0xca4f6710a7ba251433162954d77dfb23ab5d7c1d"",""morph-l2"":""0x91696c4dbf944f5c4ef602fc66392518f61a05eb""}",18
britt,BRITT,Britt,britt,brittKUL.png,1000000000,"{""base"":""0x3b1228c3ede7e0898d57054cd9b8f812d24315c1""}",18
0x710eec215b3bb653d42fc6e70e0531ea13f51a7a_base,KEIRA,Keira,keira,0x710eec215b3bb653d42fc6e70e0531ea13f51a7a_baseHXR.png,1000000000,"{""base"":""0x710eec215b3bb653d42fc6e70e0531ea13f51a7a""}",18
wave-protocol,WAVE,Wave Protocol,wave-protocol,wave-protocoly5e.png,1000000000,"{""arc"":""0xf1b72b46e2364356c1d8343590e4c0deefb19c3b""}",18
C1mg2ddme7Hpwjmxngr1AfrwRSmLqL1CVHPzUmapEory_solana,FLKR,FalkorDB,falkordb,falkordbLtL.png,499970,"{""solana"":""C1mg2ddme7Hpwjmxngr1AfrwRSmLqL1CVHPzUmapEory""}",18
0x389e4cc15ace2f0993d61f0ff52c1f424915fb07_base,RELDO,ReldoTheScribe,reldothescribe,0x389e4cc15ace2f0993d61f0ff52c1f424915fb07_baseNV8.png,100000000000,"{""base"":""0x389e4cc15ace2f0993d61f0ff52c1f424915fb07""}",18
haram,$HARAM,Haram,haram,haramFQo.png,786000000000072,"{""ethereum"":""0xc961da88bb5e8ee2ba7dfd4c62a875ef80f7202f""}",18
0x3ec8a8174129d5cbecef67ee2af8621319c34c03_robinhood,DOGE-1,DOGE-1,doge-1-3,0x3ec8a8174129d5cbecef67ee2af8621319c34c03_robinhood86g.png,1000000000,"{""robinhood"":""0x3ec8a8174129d5cbecef67ee2af8621319c34c03""}",18
wrapped-flow,WFLOW,Wrapped Flow,wrapped-flow,wrapped-flowqqb.png,949630,"{""ethereum"":""0x5c147e74d63b1d31aa3fd78eb229b65161983b2b"",""flow-evm"":""0xd3bf53dac106a0290b0483ecbc89d40fcc961f3e""}",18
BgpZ9cXE2dRMTUPhroffbMQm3q8QTLpRorpHYeJspump_solana,FINE,This is fine,this-is-fine-2,BgpZ9cXE2dRMTUPhroffbMQm3q8QTLpRorpHYeJspump_solanaw6c.png,996955766,"{""solana"":""BgpZ9cXE2dRMTUPhroffbMQm3q8QTLpRorpHYeJspump""}",18
bookusd,BUD,BOOKUSD,bookusd,bookusdddD.png,31884,"{""binance_smart"":""0xc28957e946ac244612bcb205c899844cbbcb093d""}",18
0x283d480dfd6921055e9c335fc177bf8cb9c94184_ethereum,VIX,VIX777,vix777,0x283d480dfd6921055e9c335fc177bf8cb9c94184_ethereum10S.png,1000000000,"{""ethereum"":""0x283d480dfd6921055e9c335fc177bf8cb9c94184""}",18
pharaohs,PHRZ,Pharaohs,pharaohs,pharaohsHfS.png,6402486085,"{""solana"":""8fJCtfbuAaFzdwTnQP84nNhSpZdVy4Uc929eXZRBN8H4""}",18
2BAKjB47KpQD64m3nWGWrNjC2ZTwWpumYakJVgavdXQa_solana,QBS,QUANTUM CORE,quantum-core,quantum-core4cZ.png,999826170,"{""solana"":""2BAKjB47KpQD64m3nWGWrNjC2ZTwWpumYakJVgavdXQa""}",18
2G4i17fv5oCYbPVeEccV4ZZuM1VeJaxoRjRdmF85Lcef_solana,BOBUKI,Bobuki Neko,bobuki-neko,bobuki-nekobZO.png,450000000,"{""solana"":""2G4i17fv5oCYbPVeEccV4ZZuM1VeJaxoRjRdmF85Lcef""}",18
anju,ANJU,Anju,anju,anju4V6.png,356593089582,"{""ethereum"":""0xd588099529386028455ab8d91dc82552e9e5aaf0""}",18
thickquidity,TREE,Thickquidity,thickquidity,thickquidity3tB.png,1000000000,"{""sui"":""0x6c5a609f6d0288523ce4a6ed87d19ae127f62073ab75fd9b0b1c9b455d4895cf::tree::TREE""}",18
33rVymHHPxfMvg4EHKBRF3h8a37cG7Et3eQWZzAkpump_solana,BRO,Bro the cat,bro-the-cat,33rVymHHPxfMvg4EHKBRF3h8a37cG7Et3eQWZzAkpump_solanab8v.png,999123819,"{""solana"":""33rVymHHPxfMvg4EHKBRF3h8a37cG7Et3eQWZzAkpump""}",18
7VRvzb8XExciDb98kPcFC8v3P3ALbW9bhTUQQhBzCBPn_solana,OCN,Official Crypto Nostra,official-crypto-nostra,7VRvzb8XExciDb98kPcFC8v3P3ALbW9bhTUQQhBzCBPn_solanaVGg.png,2000000000,"{""solana"":""7VRvzb8XExciDb98kPcFC8v3P3ALbW9bhTUQQhBzCBPn""}",18
BAEXK4X6B3hkqmEkPuyyZQ5fZUb5iZ6SaJ7a9UDnpump_solana,AICMP,AI-Powered CMP,ai-powered-cmp,BAEXK4X6B3hkqmEkPuyyZQ5fZUb5iZ6SaJ7a9UDnpump_solana8ND.png,932936534,"{""solana"":""BAEXK4X6B3hkqmEkPuyyZQ5fZUb5iZ6SaJ7a9UDnpump""}",18
HAs8hvTB8ZH6dBG26KQGik4fxitNYi41jnYd49bvtime_solana,ANSEM,Ansem's minutes,ansem-s-minutes,HAs8hvTB8ZH6dBG26KQGik4fxitNYi41jnYd49bvtime_solanaaqP.png,97201,"{""solana"":""HAs8hvTB8ZH6dBG26KQGik4fxitNYi41jnYd49bvtime""}",18
multicycle-cockroach,COCKROACH,Multicycle Cockroach,multicycle-cockroach,multicycle-cockroachsWY.png,999137764,"{""solana"":""EuXmwrSj6rAPMwqdG7tM3wrJWwvS9yvxQNo2uHj2pump""}",18
solanacorn,CORN,Solanacorn,solanacorn,solanacorn6bq.png,694049020292,"{""solana"":""6DSqVXg9WLTWgz6LACqxN757QdHe1sCqkUfojWmxWtok""}",18
0xc5c4fcd6147e3bdaeeb5a0898a439aec1e1baba3_base,HAZZA,hazza,hazza-2,hazza-2K4i.png,100000000000,"{""base"":""0xc5c4fcd6147e3bdaeeb5a0898a439aec1e1baba3""}",18
0x6f49ee65d1f7953b8724c0c15e22ad189fecd579_ethereum,MIPRAMI,Mi Prami Le Kibro,mi-prami-le-kibro,0x6f49ee65d1f7953b8724c0c15e22ad189fecd579_ethereumozu.png,420690000000,"{""ethereum"":""0x6f49ee65d1f7953b8724c0c15e22ad189fecd579""}",18
EiKZAWphC65hFKz9kygWgKGcRZUGgdMmH2zSPtbGpump_solana,REMUS,New Ancient DNA Cloned Wolf,new-ancient-dna-cloned-wolf,EiKZAWphC65hFKz9kygWgKGcRZUGgdMmH2zSPtbGpump_solanav51.png,998897491,"{""solana"":""EiKZAWphC65hFKz9kygWgKGcRZUGgdMmH2zSPtbGpump""}",18
0x55f75fe8345db62fd30d57e0c60903a758484444_binance_smart,CHOW-CHOW,松狮犬 (Chow-chow),chow-chow-2,0x55f75fe8345db62fd30d57e0c60903a758484444_binance_smartVZW.png,1000000000,"{""binance_smart"":""0x55f75fe8345db62fd30d57e0c60903a758484444""}",18
0xf7e2a6226ffe0693dd85406ac3a8917cbea5dc40_base,OTX,Otonix,otonix,otonixozT.png,100000000000,"{""base"":""0xf7e2a6226ffe0693dd85406ac3a8917cbea5dc40""}",18
0x461ee40928677644b8195662ab91bcdaae6ef105_base,DOOK,Dook,dook,dookXNu.png,420690000000000,"{""base"":""0x461ee40928677644b8195662ab91bcdaae6ef105""}",18
warioxrpdumbledoreyugioh69inu,XRP,WarioXRPDumbledoreYugioh69Inu,warioxrpdumbledoreyugioh69inu,warioxrpdumbledoreyugioh69inuVY3.png,1000000000,"{""ethereum"":""0xb1c064c3f2908f741c9dea4afc5773238b53e6cc""}",18
EQA9VQKbj4MSB0k-7sK1UrYyIgn9UnUpGXpUckBe9-osl0dj_the-open-network,GIFTSTR,Gifts Strategy,gifts-strategy,gifts-strategybeY.png,70931431,"{""the-open-network"":""EQA9VQKbj4MSB0k-7sK1UrYyIgn9UnUpGXpUckBe9-osl0dj""}",18
trust-ai,TRT,TRUST AI,trust-ai,trust-aihyw.png,21000000,"{""arbitrum-one"":""0x63db244bc895b3accec6698ce11b0dbd1d3e1c44""}",18
0x3b39201ad639b559bdc7a493fda2272136935ba3_base,DEAL,dealign.ai,dealign-ai,0x3b39201ad639b559bdc7a493fda2272136935ba3_basevSm.png,100000000000,"{""base"":""0x3b39201ad639b559bdc7a493fda2272136935ba3""}",18
4M79Qjv2Jfjmcq19M41V8QFYohBv2KrgEn9dJhVtpump_solana,FUJI,Fujimoto,fujimoto,4M79Qjv2Jfjmcq19M41V8QFYohBv2KrgEn9dJhVtpump_solanaiCI.png,999896805,"{""solana"":""4M79Qjv2Jfjmcq19M41V8QFYohBv2KrgEn9dJhVtpump""}",18
AcV2T3mwLUqMiiqcsafVm35zwPQkmLrfRtaW3716Fzvi_solana,REXHAT,Rexwifhat,rexwifhat,rexwifhatbUQ.png,499929517,"{""solana"":""AcV2T3mwLUqMiiqcsafVm35zwPQkmLrfRtaW3716Fzvi""}",18
crypterium,CRPT,Crypterium,crypterium,CrypteriumuTPuo.png,94658157,"{""ethereum"":""0x08389495d7456e1951ddf7c3a1314a4bfb646d8b""}",18
Ffs23XgzXViCtB4Hhb9K1tHMi42RDbaaN8xVvP7YCggm_solana,KIETH,Invisible Cat,invisible-cat,Ffs23XgzXViCtB4Hhb9K1tHMi42RDbaaN8xVvP7YCggm_solanahtQ.png,899998899,"{""solana"":""Ffs23XgzXViCtB4Hhb9K1tHMi42RDbaaN8xVvP7YCggm""}",18
hyperlane-bridged-usdc-igra,USDC,Hyperlane Bridged USDC (Igra),hyperlane-bridged-usdc-igra,hyperlane-bridged-usdc-igraPes.png,31136,"{""igra"":""0xa5b8bf902b2844da17d4506cc827f7f1681735e7""}",18
0x0817b4bae4d153126405c2995cb94afa5987bc48_robinhood,ONGR,Onigiri,onigiri-3,0x0817b4bae4d153126405c2995cb94afa5987bc48_robinhoodi9V.png,1000000000,"{""robinhood"":""0x0817b4bae4d153126405c2995cb94afa5987bc48""}",18
grok-girl,GROKGIRL,Grok Girl,grok-girl,grok-girlA5s.png,0,"{""binance_smart"":""0x6d57f5c286e04850c2c085350f2e60aaa7b7c15b""}",18
EvPUFsBikS1B3GpbmVvUWAc4DXaBXD4zLDER9SVSEF27_solana,CHADCAT,CHAD CAT,chad-cat,chad-catIaF.png,1000000000,"{""solana"":""EvPUFsBikS1B3GpbmVvUWAc4DXaBXD4zLDER9SVSEF27"",""binance_smart"":""0x1ca5f369eac57cb54aa54136b9552f59a0a4050f""}",18
crowdstrike-rstock,RCRWD,CrowdStrike Tokenized Stock (Reality),crowdstrike-rstock,crowdstrike-rstockN58.png,113.759,"{""arbitrum-one"":""0x21fb5867d95eacac6836589425aa25c9d388dc1f"",""morph-l2"":""0x9b9fe426866aad1c6ef53a48339c473da92683f5""}",18
galaconnect-bridged-arb-galachain,GARB,GalaConnect Bridged ARB (GalaChain),galaconnect-bridged-arb-galachain,galaconnect-bridged-arb-galachainmAC.png,6493797,"{""galachain"":""E3bYsfjYxNjQpJcnfzTU69988t""}",18
Aq8Gocyvyyi8xk5EYxd6viUfVmVvs9T9R6mZFzZFpump_solana,$HYPER,Hyperpigmentation,hyperpigmentation,Aq8Gocyvyyi8xk5EYxd6viUfVmVvs9T9R6mZFzZFpump_solanautC.png,1000000000,"{""solana"":""Aq8Gocyvyyi8xk5EYxd6viUfVmVvs9T9R6mZFzZFpump""}",18
american-electric-power-rstock,RAEP,American Electric Power Tokenized Stock (Reality),american-electric-power-rstock,american-electric-power-rstockOCQ.png,259.933,"{""arbitrum-one"":""0xe132eab7ff8e11d5ecdd178f13356f4ca02b5c3a"",""morph-l2"":""0xaed9bed5623a1546f441068ade4542dad6ecacd0""}",18
robn,ROBN,robn,robn,robnjj0.png,1000000000,"{""robinhood"":""0x692dcca648e2e26baaf9da4aebf7cdd5ac2171d5""}",18
galaconnect-bridged-ondo-galachain,GONDO,GalaConnect Bridged ONDO (GalaChain),galaconnect-bridged-ondo-galachain,galaconnect-bridged-ondo-galachaingnX.png,1108071,"{""galachain"":""zd1yzeSLMaFfrnWitxsBpmCwosz""}",18
9vrGUHwsC8LyLjQoh3zJb9S53x7A88u49La63qPB6F5t_solana,LILPUMP,Lil Pump,lil-pump,lil-pumpjT2.png,989907593,"{""solana"":""9vrGUHwsC8LyLjQoh3zJb9S53x7A88u49La63qPB6F5t""}",18
DNMTk67urDBxEEVRx9HjVzCVu8en4Kgg5HfZy3E6pump_solana,ASYM,ASYM,asym,DNMTk67urDBxEEVRx9HjVzCVu8en4Kgg5HfZy3E6pump_solanaBbm.png,999839348,"{""solana"":""DNMTk67urDBxEEVRx9HjVzCVu8en4Kgg5HfZy3E6pump""}",18
0x228c673cae7aad0f4d9f309616d6b546356b7777_monad,BC,Black Currency,black-currency,0x228c673cae7aad0f4d9f309616d6b546356b7777_monadSFY.png,1000000000,"{""monad"":""0x228c673cae7aad0f4d9f309616d6b546356b7777""}",18
0x55c650b99529ebdda6f7199b64f94ad49316db07_base,CHIPS,King’s Casino,king-s-casino,0x55c650b99529ebdda6f7199b64f94ad49316db07_baseHTV.png,97613303600,"{""base"":""0x55c650b99529ebdda6f7199b64f94ad49316db07""}",18
0x381896019bb6f85747e114568488bb1c42ad4d8a_base,BUMSHAFT,Bumshaft,bumshaft,0x381896019bb6f85747e114568488bb1c42ad4d8a_baseamN.png,100000000000,"{""base"":""0x381896019bb6f85747e114568488bb1c42ad4d8a""}",18
0x7ba6b156c182bdedf3bf2ff645e04a68fb57fb07_base,CLAWBSTER,CLAWBSTER,clawbster,0x7ba6b156c182bdedf3bf2ff645e04a68fb57fb07_baseqRG.png,100000000000,"{""base"":""0x7ba6b156c182bdedf3bf2ff645e04a68fb57fb07""}",18
0x19222eb4bb885ad990d8df2a2ad3f6e64cbebf00_ethereum,AYYLIEN,Ayy Lmao,ayy-lmao-2,0x19222eb4bb885ad990d8df2a2ad3f6e64cbebf00_ethereum3Gg.png,420690000000,"{""ethereum"":""0x19222eb4bb885ad990d8df2a2ad3f6e64cbebf00""}",18
xdoge-4,XD,XDoge,xdoge-4,xdoge-4iGz.png,420690000000000,"{""ethereum"":""0x01eeffcd9a10266ed00946121df097eed173b43d""}",18
BAezfVmia8UYLt4rst6PCU4dvL2i2qHzqn4wGhytpNJW_solana,AINTI,AIntivirus,aintivirus-2,BAezfVmia8UYLt4rst6PCU4dvL2i2qHzqn4wGhytpNJW_solanawwZ.png,99999870,"{""solana"":""BAezfVmia8UYLt4rst6PCU4dvL2i2qHzqn4wGhytpNJW"",""ethereum"":""0x686c5961370db7f14f57f5a430e05deae64df504""}",18
sashimi,SASHIMI,Sashimi,sashimi,sashimiQHL.png,227751001,"{""ethereum"":""0xc28e27870558cf22add83540d2126da2e4b464c2""}",18
2rVgh6tcU1Hhk58XwD631E2D6iqLV28prSdpBXaLbonk_solana,RUDI,rudi,rudi,rudita4.png,999203792,"{""solana"":""2rVgh6tcU1Hhk58XwD631E2D6iqLV28prSdpBXaLbonk""}",18
marathon-petroleum-rstock,RMPC,Marathon Petroleum Tokenized Stock (Reality),marathon-petroleum-rstock,marathon-petroleum-rstockP9D.png,161.8573,"{""arbitrum-one"":""0xc535dc47a89474e3deb07b35d9ab15e65aaf2a54"",""morph-l2"":""0xf9d119ec48f8fd69efe117f3cfa00a40e18d5086""}",18
goon,GOON,GOON,goon,goon6pm.png,9983231159,"{""solana"":""8cyS5xMeWSCAKSe5QpQ5XMfvxRCcSj3mbHtbtyrqk7RA""}",18
CmXr8rZyqxbFKv44kk1u8ixQM9mZnUf625k56p27pump_solana,PPPP,pee pee poo poo,pee-pee-poo-poo,CmXr8rZyqxbFKv44kk1u8ixQM9mZnUf625k56p27pump_solanaMT2.png,999966659,"{""solana"":""CmXr8rZyqxbFKv44kk1u8ixQM9mZnUf625k56p27pump""}",18
brainedge,LEARN,Brainedge,brainedge,brainedgeArz.png,1000000000,"{""ethereum"":""0xf6ad4965f7779c6b8ae4d25bf2a2e009a47c3dae""}",18
0x7f6f6720a73c0f54f95ab343d7efeb1fa991f4f7_base,WIF,DogWifHat,dogwifhat-base,dogwifhat-baseIPW.png,1000000000,"{""base"":""0x7f6f6720a73c0f54f95ab343d7efeb1fa991f4f7""}",18
0x616b416f777e3dc904a44aa259a475bf26d06ef9_base,BLAI,blai,blai,blaiudI.png,1000000000,"{""base"":""0x616b416f777e3dc904a44aa259a475bf26d06ef9""}",18
maga-vp,MVP,MAGA VP,maga-vp,maga-vpVWe.png,47500000,"{""ethereum"":""0x766d2fcece1e3eef32aae8711ab886ee95fd5b2a"",""solana"":""55qMv1HtV8fqRjnFwDb9yDi9tBCeV8xwfgrPKgiJk5DN"",""binance_smart"":""0xa4e8e73c8be170528385bbce78172c891f1febd7"",""base"":""0x58cd93c4a91c3940109fa27d700f5013b18b5dc2""}",18
8J5e2FPmBJ1subEUeVkELpeBZv9aYUrMmfHys7sREeXr_solana,CHEXBACCA,CHEXBACCA,chexbacca,chexbaccaAOH.png,999808718,"{""solana"":""8J5e2FPmBJ1subEUeVkELpeBZv9aYUrMmfHys7sREeXr""}",18
68YY6KjfnmPuQubYkFTsmXGaF2FuwcxumWLFxb6cpump_solana,GEMXBT,gemxbt,gemxbt,68YY6KjfnmPuQubYkFTsmXGaF2FuwcxumWLFxb6cpump_solanas2q.png,949709680,"{""solana"":""68YY6KjfnmPuQubYkFTsmXGaF2FuwcxumWLFxb6cpump""}",18
aeon-city,AEONCITY,AEON CITY,aeon-city,aeon-cityltQ.png,100000000000,"{""base"":""0xfa6208973ebfaeeda0dd96fb4dc22fc177cd3ba3""}",18
hope-3,HOPE,hope,hope-3,hope-3tlF.png,999577209,"{""solana"":""2JVZ7LF7dPj8EfmKcGe6CPjXZRLRZqe3wE66jR4Bpump""}",18
meow-on-zora,MEOW,Meow on Zora,meow-on-zora,meow-on-zoratuM.png,982865093,"{""base"":""0xd91857eeb279922cc72b6b3f543aea6ca465f5a5""}",18
0x753f2af0f46361c9ae6fc347797f99b0c9e82ba3_base,GRANTR,grantr,grantr,grantr38g.png,100000000000,"{""base"":""0x753f2af0f46361c9ae6fc347797f99b0c9e82ba3""}",18
coca-cola-rstock,RKO,Coca-Cola Tokenized Stock (Reality),coca-cola-rstock,coca-cola-rstockdyM.png,357.3752,"{""arbitrum-one"":""0xb6521bda6d163ee13bdf0ab3c2c2b96bfd7848b6"",""morph-l2"":""0x115e7a6f0a07bb4181dadc9efa86b39c560fbf29""}",18
0xecca809227d43b895754382f1fd871628d7e51fb_ethereum,LANLAN,LanLan Cat,lanlan-cat,0xecca809227d43b895754382f1fd871628d7e51fb_ethereumKuX.png,8888888888,"{""ethereum"":""0xecca809227d43b895754382f1fd871628d7e51fb""}",18
E5vSaRkSUDe3ob3KTAzXa6gmCndknzutn4hNtf2Qmoon_solana,HELIO,Helio,helio-2,E5vSaRkSUDe3ob3KTAzXa6gmCndknzutn4hNtf2Qmoon_solana8lH.png,922371787,"{""solana"":""E5vSaRkSUDe3ob3KTAzXa6gmCndknzutn4hNtf2Qmoon""}",18
shockwaves,NEUROS,Shockwaves,shockwaves,shockwaveslpd.png,100000000,"{""binance_smart"":""0x95b0fffabd2817959ce410070600d77bce93d454""}",18
hodl-6,HODL,HODL,hodl-6,hodl-69Am.png,1000000000,"{""binance_smart"":""0x77d689c28b9a1661aa75451dcee6d3d3c0264444""}",18
the-chosen-frog,PEPE,THE CHOSEN FROG,the-chosen-frog,the-chosen-frog7S8.png,1000000000,"{""robinhood"":""0x9b09c435bc5da088722be47e97989fb1e3ed4eb9""}",18
E4wg8YF472u8oiLvSNKB84Y23gZhkSQ3PSCJaUj4pump_solana,LEXICON,Lexicon,lexicon,E4wg8YF472u8oiLvSNKB84Y23gZhkSQ3PSCJaUj4pump_solanavLG.png,999343943,"{""solana"":""E4wg8YF472u8oiLvSNKB84Y23gZhkSQ3PSCJaUj4pump""}",18
based-mog-coin,MOG,Based Mog Coin,based-mog-coin,based-mog-coinc1y.png,399690000000000,"{""base"":""0x0ba5ed329d073a847ec3d54ac767f7e099c29bb2""}",18
sherwood-exchange,SWOOD,Sherwood Exchange,sherwood-exchange,sherwood-exchangelcO.png,1000000000,"{""robinhood"":""0xb1cb27f78b7335df8c3d8ebf0881a15bed6beb60""}",18
3zJ7RxtzPahndBTEn5PGUyo9xBMv6MJP9J4TPqdFpump_solana,ESIM,encryptSIM,encryptsim,encryptsimYhg.png,1000000000,"{""solana"":""3zJ7RxtzPahndBTEn5PGUyo9xBMv6MJP9J4TPqdFpump""}",18
carnival-corporation-robinhood-tokenized-stock,CCL,Carnival Corporation • Robinhood Token,carnival-corporation-robinhood-tokenized-stock,carnival-corporation-robinhood-tokenized-stocknTR.png,1218,"{""robinhood"":""0x9651342cea770ae9a2969ba2a52611523146aef9""}",18
seedless-wallet,SEED,Seedless Wallet,seedless-wallet,seedless-wallet20F.png,999775612,"{""solana"":""FYt532fCsCuoHd9aaX5QN7pZLUTiSXwEjhBmZijgBAGS""}",18
9sjyR4GrozeV8a9xM3ykKPGPXJYASy9AuufzefCyaCnP_solana,GOL,Golazo.world,golazo-world,golazo-world5u5.png,1000000000,"{""solana"":""9sjyR4GrozeV8a9xM3ykKPGPXJYASy9AuufzefCyaCnP""}",18
DHkguUzSuKRAZQTQ394tfQpa8CqrFoKSGggBr7XsawJr_solana,PRONUT,The Nutting Professor,the-nutting-professor,DHkguUzSuKRAZQTQ394tfQpa8CqrFoKSGggBr7XsawJr_solana9WM.png,994523286,"{""solana"":""DHkguUzSuKRAZQTQ394tfQpa8CqrFoKSGggBr7XsawJr""}",18
centaur,CNTR,Centaur,centaur,centaurQNj.png,6000000000,"{""ethereum"":""0x03042482d64577a7bdb282260e2ea4c8a89c064b"",""polygon-pos"":""0xdae89da41a96956e9e70320ac9c0dd077070d3a5""}",18
bnb-pepe,BNBPEPE,BNB PEPE,bnb-pepe,bnb-pepeFsy.png,300000000,"{""binance_smart"":""0x31927a3d243b06e823407763f6940c62c4679ee5""}",18
patientory,PTOY,Patientory,patientory,PatientoryvQauI.png,100002000,"{""ethereum"":""0x8ae4bf2c33a8e667de34b54938b0ccd03eb8cc06""}",18
magic-internet-cash,MIC,Magic Internet Cash,magic-internet-cash,magic-internet-cash5KO.png,1000000000,"{""ethereum"":""0x285db79fa7e0e89e822786f48a7c98c6c1dc1c7d""}",18
dancing-baby,BABY,Dancing Baby,dancing-baby,dancing-baby2HI.png,100000000,"{""ethereum"":""0xff931a7946d2fa11cf9123ef0dc6f6c7c6cb60c4""}",18
AVyjco9j8vv7ZPkhCpEoPJ3bLEuw7G1wrrNt8DrApump_solana,FLOWER,FlowerAI,flowerai,AVyjco9j8vv7ZPkhCpEoPJ3bLEuw7G1wrrNt8DrApump_solanafjO.png,999677623,"{""solana"":""AVyjco9j8vv7ZPkhCpEoPJ3bLEuw7G1wrrNt8DrApump""}",18
0x7ac13be3939f75e28135097a1b6398fe024ecba3_base,HERALD,Herald Agent,herald-agent,0x7ac13be3939f75e28135097a1b6398fe024ecba3_base4Y8.png,100000000000,"{""base"":""0x7ac13be3939f75e28135097a1b6398fe024ecba3""}",18
one-unchill-gal,GAL,one unchill gal,one-unchill-gal,one-unchill-gal9Sk.png,989994520,"{""solana"":""7p2Rs9KkiWNKZkWNDFUCxG7EUBxbCByQC95fCNQ8pump""}",18
0xbc2ecbe2195114b82f03680ed4270fa7008f3be0_ethereum,BTC2,Bitcoin 2.0,bitcoin-2-0-2,0xbc2ecbe2195114b82f03680ed4270fa7008f3be0_ethereum0av.png,21000000,"{""ethereum"":""0xbc2ecbe2195114b82f03680ed4270fa7008f3be0""}",18
