id,symbol,name,slug,logo,total_supply,contract,decimals
abds-token,ABDS,ABDS Token,abds-token,abds-tokenIJH.png,100000000,"{""ethereum"":""0xb56aaac80c931161548a49181c9e000a19489c44""}",18
5qvPyRS7j1cBYgFuK1umYjqGCdP9qLwfYjHBCHwLbonk_solana,MOTION,Motion,motion-4,5qvPyRS7j1cBYgFuK1umYjqGCdP9qLwfYjHBCHwLbonk_solanaOye.png,999045299,"{""solana"":""5qvPyRS7j1cBYgFuK1umYjqGCdP9qLwfYjHBCHwLbonk""}",18
skibidi-dop-dop,SKIBIDI,Skibidi Dop Dop,skibidi-dop-dop,skibidi-dop-dopaEr.png,761512553,"{""solana"":""12MFXb5CGJ65S3mP3s4eMLaosGp6xGnQe3PxQD38nfJp"",""binance_smart"":""0x46deb1af1e93a3e5e9a277dcc4818d9e0ade242d"",""base"":""0xf09930625447d6a5f8e1217edb5649c7314e4e96"",""ethereum"":""0xfab13732ae25267a5f47f6f31660c9a82b5fa9f1""}",18
0x319c5b3f8e46b70cb00769bc8020b4c08ddbc182_robinhood,SCRIB,Scribble Network,scribble-network,0x319c5b3f8e46b70cb00769bc8020b4c08ddbc182_robinhoodvqg.png,1000000000,"{""robinhood"":""0x319c5b3f8e46b70cb00769bc8020b4c08ddbc182""}",18
bullbar,BULL,BullBar,bullbar,bullbargPZ.png,44000000000,"{""hedera-hashgraph"":""0.0.3155326""}",18
is-this-not-insane,HELLO?,IS THIS NOT INSANE?,is-this-not-insane,is-this-not-insanefOY.png,998452125,"{""solana"":""TjsmLrTMfXrkDjyZDAckp1P4GUvmC35okg7ztjSpump""}",18
0x70ee29c76b984c26e6f5f10ab6ec8f8a1b156600_abstract,ICY,Icy,icy-2,0x70ee29c76b984c26e6f5f10ab6ec8f8a1b156600_abstractahh.png,752255234,"{""abstract"":""0x70ee29c76b984c26e6f5f10ab6ec8f8a1b156600""}",18
powertrade-fuel,PTF,PowerTrade Fuel,powertrade-fuel,powertrade-fuelOpw.png,400000000,"{""ethereum"":""0xc57d533c50bc22247d49a368880fb49a1caa39f7""}",18
yoyo,YOYO,Yoyo,yoyo,yoyoIew.png,1000000000,"{""base"":""0xe31876c6a62a813f57b815d8d2d0f5c8aa06f49b""}",18
0xe4ad6e3a254d545215089c972056494dfc12406c_ethereum,KOLT,Kolytics,kolytics,0xe4ad6e3a254d545215089c972056494dfc12406c_ethereumf2S.png,10000000,"{""ethereum"":""0xe4ad6e3a254d545215089c972056494dfc12406c""}",18
abbvie-ondo-tokenized-stock,ABBVON,AbbVie (Ondo Tokenized Stock),abbvie-ondo-tokenized-stock,abbvie-ondo-tokenized-stockTbA.png,23.3808,"{""ethereum"":""0x7c7378143a9c8839e0502e2178f058f46c6ea504"",""binance_smart"":""0x8677abad7b458bf16a0fb2676dfc7d3f55ac202a"",""solana"":""MFerpBVGKZh2jXN7cbJdXRXQTp6j6pbSnSZrfWrondo""}",18
ATeTQcUkWGs7AZ15mCiFUWCW9EUL7KpDZEHCN1Y8pump_solana,WHINE,Whine Coin,whine-coin,whine-coinG9d.png,899790339,"{""solana"":""ATeTQcUkWGs7AZ15mCiFUWCW9EUL7KpDZEHCN1Y8pump""}",18
CowyrEtbMX5oT211m3u9ayaBcTknsP2wh2zMWghbpump_solana,DAD,DADCOIN,dadcoin,dadcoinDD7.png,999785204,"{""solana"":""CowyrEtbMX5oT211m3u9ayaBcTknsP2wh2zMWghbpump""}",18
flare-token,1FLR,Flare Token,flare-token,flare-token0cr.png,4000000000,"{""polygon-pos"":""0x5f0197ba06860dac7e31258bdf749f92b6a636d4""}",18
zRSBtynHT8gbBBmTfQBAEWMQiUorwwAtng7YFBfpump_solana,PEPPA,Peppa The Shiba,peppa-the-shiba,zRSBtynHT8gbBBmTfQBAEWMQiUorwwAtng7YFBfpump_solana5oS.png,998635729,"{""solana"":""zRSBtynHT8gbBBmTfQBAEWMQiUorwwAtng7YFBfpump""}",18
0xae9abf7172fcce37a3b423893018d3366a1f4444_binance_smart,WAVE,WaveFi,wavefi,wavefiUba.png,1000000000,"{""binance_smart"":""0xae9abf7172fcce37a3b423893018d3366a1f4444""}",18
5drB44YYwNVE6RyxZyRRLbDyEAHgdhkJVgsgc7P6pump_solana,NORDO,Greenland Rare Bear,greenland-rare-bear,5drB44YYwNVE6RyxZyRRLbDyEAHgdhkJVgsgc7P6pump_solanayox.png,999731685,"{""solana"":""5drB44YYwNVE6RyxZyRRLbDyEAHgdhkJVgsgc7P6pump""}",18
animals-in-crisis-2,XANIMALS,Animals In Crisis,animals-in-crisis-2,animals-in-crisis-25sB.png,999890316,"{""solana"":""FJtB7uHWLDJA92vv2zdTyGRzMDQ227vivWhEjaeEpump""}",18
cpbqtLWH8DkwuVYvKeVVjV9JowkFd8kkpo1vjCSopen_solana,OPEN,OpenFacilitator,openfacilitator,openfacilitatorjks.png,999987577,"{""solana"":""cpbqtLWH8DkwuVYvKeVVjV9JowkFd8kkpo1vjCSopen""}",18
Ez81MaRRsT8WSc4w1kmxZh9vSnyY5QySSoHy4yLrpump_solana,HUSBANT,Husbant,husbant-2,husbant-2PwD.png,990848493,"{""solana"":""Ez81MaRRsT8WSc4w1kmxZh9vSnyY5QySSoHy4yLrpump""}",18
5C8LMqZ9dbQ3RWoe5pFk5fJPhgiBQtBYdMnzekfJpump_solana,TOLI,Toli The Trencher,toli-the-trencher,5C8LMqZ9dbQ3RWoe5pFk5fJPhgiBQtBYdMnzekfJpump_solanamQL.png,998146415,"{""solana"":""5C8LMqZ9dbQ3RWoe5pFk5fJPhgiBQtBYdMnzekfJpump""}",18
0x3c06af089f1188c8357b29bdf9f98b36e51f7690_binance_smart,HAVEN,Haven,haven-2,0x3c06af089f1188c8357b29bdf9f98b36e51f7690_binance_smartPs1.png,10000000,"{""binance_smart"":""0x3c06af089f1188c8357b29bdf9f98b36e51f7690""}",18
analog-devices-ondo-tokenized-stocks,ADION,Analog Devices (Ondo Tokenized Stock),analog-devices-ondo-tokenized-stocks,analog-devices-ondo-tokenized-stocksliK.png,14.8929,"{""ethereum"":""0x2ddc2391cc89e3e716a938f089ae755174cfdf1f"",""binance_smart"":""0x0e246e05212dbbd78a354c072a92b4e5723b2fa0"",""solana"":""LmTMwmZLNZszn3qpjmnbhfP12U4qWDivaEBwSBSondo""}",18
pepe-brain-rot,PBR,Pepe Brain Rot,pepe-brain-rot,pepe-brain-rotqRP.png,999122685,"{""solana"":""9xtAfAmqnxUTEaSnA6QRVQFNrdDoR6QrCcmzZCwwpump""}",18
3HeUeL8ru8DFfRRQGnE11vGrDdNUzqVwBW8hyYHBbonk_solana,NYLA,Nyla AI,nyla-ai,3HeUeL8ru8DFfRRQGnE11vGrDdNUzqVwBW8hyYHBbonk_solana6Hk.png,999986790,"{""solana"":""7NgzCgQ8vrosdtxUonHvWETQ41mL9XQ5Z2JqJjhQpump""}",18
Bksfke6KWgpftafmbR3E9J4wHr4bBfKDrztXN6etpump_solana,LARRY,Crypto Bro,crypto-bro,Bksfke6KWgpftafmbR3E9J4wHr4bBfKDrztXN6etpump_solanahSH.png,594362502,"{""solana"":""Bksfke6KWgpftafmbR3E9J4wHr4bBfKDrztXN6etpump""}",18
6fHPh6b1WrfoS8f6ZhoziVhNBzTs5LCLnAEtnzfMbonk_solana,BONKHOUSE,BONKHOUSE,bonkhouse,bonkhousejpC.png,998602785,"{""solana"":""6fHPh6b1WrfoS8f6ZhoziVhNBzTs5LCLnAEtnzfMbonk""}",18
artifical-goblin-intelligence,AGI,artifical goblin intelligence,artifical-goblin-intelligence,artifical-goblin-intelligencejEd.png,671211855,"{""solana"":""3qwtMkiBc4uFSPmZeK7TMq8dVzmB4kCqnARXxAkmpump""}",18
CG13NMFvwJcDY5hzkpBDpGeB9HGRsLz21tk8vkA9pump_solana,SHITCOIN,shitcoin,shitcoin-4,shitcoin-416P.png,974125096,"{""solana"":""CG13NMFvwJcDY5hzkpBDpGeB9HGRsLz21tk8vkA9pump""}",18
0xaab3d2e25869dd9661e7a886b9a51c02ee6c7777_robinhood,PACKZ,StockPackz,stockpackz,stockpackz8WM.png,1000000000,"{""robinhood"":""0xaab3d2e25869dd9661e7a886b9a51c02ee6c7777""}",18
9bWCY9nEj7bGpaLU12RSEpBUKkuWTYatWakHVepJpump_solana,SQRL,Squirrel Swap,squirrel-swap,9bWCY9nEj7bGpaLU12RSEpBUKkuWTYatWakHVepJpump_solana7gW.png,999613697,"{""solana"":""9bWCY9nEj7bGpaLU12RSEpBUKkuWTYatWakHVepJpump""}",18
kona-pearl,PEARL,Kona Pearl,kona-pearl,kona-pearlrv0.png,15780341,"{""abstract"":""0x792cf0a64a46dbb48ca414dff20dcd341812579e""}",18
panda-academy,PANDA,Panda Academy,panda-academy,panda-academySdo.png,1000000000,"{""binance_smart"":""0xbaf17ff2e1b659e1124da41f4c336c73f5664444""}",18
netherlands-coin,NED,Netherlands Coin,netherlands-coin,netherlands-coinspm.png,1000000000,"{""solana"":""DH7HuYR54FNp49isrus6AdqREuQfWYV6qaVPg8xVnZQ9""}",18
hercules-token,TORCH,Hercules Token,hercules-token,hercules-token7Z7.png,9448909,"{""metis-andromeda"":""0xbb1676046c36bcd2f6fd08d8f60672c7087d9adf""}",18
3jSL5nnnYcRLmTqFmwvY1Mikh42fQsT7p7NvXPYzanon_solana,ARCANE,Arcane,arcane-2,arcane-2KM7.png,999999931,"{""solana"":""3jSL5nnnYcRLmTqFmwvY1Mikh42fQsT7p7NvXPYzanon""}",18
9gnq7qkXgKAsTwFCLrX76PvtYtRtrNaBYEVBBP7gjupx_solana,NEAN,NEANDERTHAL,neanderthal,neanderthal1Jn.png,999677819,"{""solana"":""9gnq7qkXgKAsTwFCLrX76PvtYtRtrNaBYEVBBP7gjupx""}",18
amgen-ondo-tokenized-stocks,AMGNON,Amgen (Ondo Tokenized Stock),amgen-ondo-tokenized-stocks,amgen-ondo-tokenized-stocksDLb.png,15.1188,"{""ethereum"":""0x1c5fa55eade69ae98571059332520f73733c2d82"",""binance_smart"":""0xfbdf0366f800cc79d6663da26bc0bf21fb455aa6"",""solana"":""SS6AEWhzRrxhL2cXzKKjhFt3rCzmHHGKmFyugDTondo""}",18
bwx-technologies-rstock,RBWXT,BWX Technologies Tokenized Stock (Reality),bwx-technologies-rstock,bwx-technologies-rstockcc1.png,45.684,"{""arbitrum-one"":""0xad38fb99662551cf0361dff1b38165bdcbfe31f6"",""morph-l2"":""0xa253e2753c39566ac3df6abec451211820aa5fcf""}",18
0xf3f780e892fbe10ff0cde02316246722e3954444_binance_smart,🤌,🤌 (Money Sign),money-sign,0xf3f780e892fbe10ff0cde02316246722e3954444_binance_smart3au.png,1000000000,"{""binance_smart"":""0xf3f780e892fbe10ff0cde02316246722e3954444""}",18
BivtZFQ5mVdjMM3DQ8vxzvhKKiVs27fz1YUF8bRFdKKc_solana,FLAME,Flame,flame-3,BivtZFQ5mVdjMM3DQ8vxzvhKKiVs27fz1YUF8bRFdKKc_solanaEdQ.png,999679935,"{""solana"":""BivtZFQ5mVdjMM3DQ8vxzvhKKiVs27fz1YUF8bRFdKKc""}",18
CkADK7xbwyyU4TUs2ExUbJcASUqawVB7ZKSr1pexbonk_solana,DEL,delegate.fun,delegate-fun,CkADK7xbwyyU4TUs2ExUbJcASUqawVB7ZKSr1pexbonk_solanaLSK.png,998626766,"{""solana"":""CkADK7xbwyyU4TUs2ExUbJcASUqawVB7ZKSr1pexbonk""}",18
EVULoNF4DeMBN4dGiZiDfpiiTfNZgoCvXWWgaV3epump_solana,TOKEN,Token,token-3,token-34pA.png,942138787,"{""solana"":""EVULoNF4DeMBN4dGiZiDfpiiTfNZgoCvXWWgaV3epump""}",18
BJ2ENyjuBGUQJr6CCDBcGAQNQDbayoNbDziDGrWSQQ4_solana,NEIROH,NeiroWifHat,neirowifhat,BJ2ENyjuBGUQJr6CCDBcGAQNQDbayoNbDziDGrWSQQ4_solanaqU5.png,778546442,"{""solana"":""BJ2ENyjuBGUQJr6CCDBcGAQNQDbayoNbDziDGrWSQQ4""}",18
9LjLmk78kDbpsR18kYcdbEJe9yWALwkkSWaXA76Epump_solana,CLIP,Clip Coin,clip-coin,9LjLmk78kDbpsR18kYcdbEJe9yWALwkkSWaXA76Epump_solananL5.png,997869021,"{""solana"":""9LjLmk78kDbpsR18kYcdbEJe9yWALwkkSWaXA76Epump""}",18
Dz6Pw2zMjXH4pY1bCkUeHvcTfrKGH5fHXZTgTUJZpump_solana,$HONEY,Justice For Honey,justice-for-honey,Dz6Pw2zMjXH4pY1bCkUeHvcTfrKGH5fHXZTgTUJZpump_solanax1k.png,998549041,"{""solana"":""Dz6Pw2zMjXH4pY1bCkUeHvcTfrKGH5fHXZTgTUJZpump""}",18
the-million-experiment,MILLION,The Million Experiment,the-million-experiment,the-million-experimentHKK.png,993210501,"{""solana"":""72yWLCSRPf1VyGpUy2DgcKow4u2go6AWcyQZuB8Wpump""}",18
pACMKYiCAygMH4UXfQbs86g2Yv5FidV8QytvVEhpump_solana,FLASH,Little Flash,little-flash,little-flashaVO.png,998794072,"{""solana"":""pACMKYiCAygMH4UXfQbs86g2Yv5FidV8QytvVEhpump""}",18
BmSjM7C7VRhznMMVzXidgyuE5ehvTHbRr1uGe2xFpump_solana,MOGDOG,mogdog,mogdog-2,mogdog-2hWR.png,999250738,"{""solana"":""BmSjM7C7VRhznMMVzXidgyuE5ehvTHbRr1uGe2xFpump""}",18
avaxlama,LAMA,Lama,avaxlama,avaxlamaH88.png,99181754074,"{""avalanche"":""0x89a8633bcad3af0951acc5137811ea21a17c37dc""}",18
celo-australian-dollar,AUDM,Mento Australian Dollar,celo-australian-dollar,celo-australian-dollar36X.png,8604,"{""celo"":""0x7175504c455076f15c04a2f90a8e352281f492f9""}",18
4QEFktCy1LzPyQyitkTSVEkd9m2AYr43ZJ598FDwbonk_solana,OONI,ooni,ooni,4QEFktCy1LzPyQyitkTSVEkd9m2AYr43ZJ598FDwbonk_solanaN6C.png,999106655,"{""solana"":""4QEFktCy1LzPyQyitkTSVEkd9m2AYr43ZJ598FDwbonk""}",18
91E4cACQcnWDf7wYmwwM81HjLvCe6FR6vDT518ospump_solana,DEADWHALE,DEADWHALE,deadwhale,deadwhalePDJ.png,999470015,"{""solana"":""91E4cACQcnWDf7wYmwwM81HjLvCe6FR6vDT518ospump""}",18
AEDEBKCEkxHvFx69vKD8EmZ7VqmhAqobubfgMt32pump_solana,MORE,Shoulda Bought More,shoulda-bought-more,AEDEBKCEkxHvFx69vKD8EmZ7VqmhAqobubfgMt32pump_solanaXw1.png,998598284,"{""solana"":""AEDEBKCEkxHvFx69vKD8EmZ7VqmhAqobubfgMt32pump""}",18
6uYAMiY8KwDsW9ome5AvadsnNUKF19Evz4QxQ43Dpump_solana,GLDS,Glades,glades,6uYAMiY8KwDsW9ome5AvadsnNUKF19Evz4QxQ43Dpump_solanalq6.png,999883986,"{""solana"":""6uYAMiY8KwDsW9ome5AvadsnNUKF19Evz4QxQ43Dpump""}",18
diemlibre,DLB,DiemLibre,diemlibre,diemlibrehpW.png,4878987373,"{""ethereum"":""0x87c22615435998d69aca34889d03155b694a94fc"",""binance_smart"":""0x87c22615435998d69aca34889d03155b694a94fc""}",18
uptober-2,UPTOBER,Uptober,uptober-2,uptober-2Yq7.png,1000000,"{""binance_smart"":""0x8d84f6a1b8ae5fa69e72c4252a3cfa519888689f""}",18
0xb33acd55ec34c22dc3c0f75be36e483d9a420314_base,TI,Titanium Finance,titanium-finance,titanium-financeYz3.png,1000000000,"{""base"":""0xb33acd55ec34c22dc3c0f75be36e483d9a420314""}",18
monkey-sol-inu,MSI,monkey sol inu,monkey-sol-inu,monkey-sol-inunxA.png,999836807,"{""solana"":""E3SPN9aQjT6yeCsQou5wKb5iaG68CbUE8ZnBaFBpump""}",18
7Gg6J1nkHLVV2TMqhVGHS1BrYycDmLoux9R3GSy2pump_solana,CMD,CLI.AI,cli-ai,7Gg6J1nkHLVV2TMqhVGHS1BrYycDmLoux9R3GSy2pump_solanaZ2f.png,999649155,"{""solana"":""7Gg6J1nkHLVV2TMqhVGHS1BrYycDmLoux9R3GSy2pump""}",18
pubhouse,PUB,Pubhouse,pubhouse,pubhouseqsP.png,999984129,"{""solana"":""HEpnawcnjTBKk1Vi5krT3S6C9waMJjp5g2rhJ2hYpump""}",18
9N9V585yTpmosZacAcXLZWxKJEK7PbaH4RJ8gEKLD9sc_solana,PROBITY,Probity,probity,9N9V585yTpmosZacAcXLZWxKJEK7PbaH4RJ8gEKLD9sc_solanaWYF.png,998597447,"{""solana"":""9N9V585yTpmosZacAcXLZWxKJEK7PbaH4RJ8gEKLD9sc""}",18
zecfi-capital,ZECFI,ZecFi Capital,zecfi-capital,zecfi-capitalbzG.png,882271896,"{""solana"":""6r7rgqYrdEXrYrTT3bUdefJE7woHBNsWF7c8gkmFqdev""}",18
Be1FLsZBPPkDi5yjtS9g9rLwPtWua4hrGuC9QyPNpump_solana,IKA,ika_xbt,ika_xbt,ika_xbtPM6.png,995439150,"{""solana"":""Be1FLsZBPPkDi5yjtS9g9rLwPtWua4hrGuC9QyPNpump""}",18
x314-2,X314,X314,x314-2,x314-2uPI.png,1000000000,"{""binance_smart"":""0x91e12e44512ce3fb245d616ae9baf98e41c34444""}",18
C2i8WUjvkpZPXEBumF6dwFJakaDA3hTYCcBpfLMgpump_solana,FAPGUY,Troll's Brother,troll-s-brother,troll-s-brotherKAl.png,999064367,"{""solana"":""C2i8WUjvkpZPXEBumF6dwFJakaDA3hTYCcBpfLMgpump""}",18
bomb-money,BOMB,Bomb Money,bomb-money,bomb-moneyvO9.png,6344593,"{""binance_smart"":""0x522348779dcb2911539e76a1042aa922f9c47ee3""}",18
57iaCFGwsfZYCurbrgmtrDnHggGP6B6oHSdWD4nNXo9T_solana,HYPT,HyperAGI,hyperdust,57iaCFGwsfZYCurbrgmtrDnHggGP6B6oHSdWD4nNXo9T_solana7Uj.png,72598508,"{""solana"":""57iaCFGwsfZYCurbrgmtrDnHggGP6B6oHSdWD4nNXo9T"",""arbitrum-one"":""0x74b1a2e85462a102509aee0ee899bd3f7aa69e1f""}",18
ATFnv2ftktxraPw4zDqCnWhQYKsiUFn5ZXXTqcQJ8jjD_solana,AATF,American Account Trust Fund,american-account-trust-fund,american-account-trust-fundjEr.png,999991404,"{""solana"":""ATFnv2ftktxraPw4zDqCnWhQYKsiUFn5ZXXTqcQJ8jjD""}",18
B2Lfe3mjgszhieS9QbZHHDNcSdMcjigqp8GtJrc2pump_solana,GSC,Girls Smoking Cigs,girls-smoking-cigs,B2Lfe3mjgszhieS9QbZHHDNcSdMcjigqp8GtJrc2pump_solanaNjq.png,999595237,"{""solana"":""B2Lfe3mjgszhieS9QbZHHDNcSdMcjigqp8GtJrc2pump""}",18
YN4U8xySzuyARUMTNCpMgkkek7nnh2VAkUMdMygpump_solana,ACID,Acid AI,acid-ai,YN4U8xySzuyARUMTNCpMgkkek7nnh2VAkUMdMygpump_solanaMtx.png,999724028,"{""solana"":""YN4U8xySzuyARUMTNCpMgkkek7nnh2VAkUMdMygpump""}",18
7LiXn3k8ZS2QYsHVJGdUudgrwiczo6iMtxUbt8e2j8ky_solana,TRASHCAN,trash can,trash-can,trash-canApn.png,999213976,"{""solana"":""7LiXn3k8ZS2QYsHVJGdUudgrwiczo6iMtxUbt8e2j8ky""}",18
9fLGtf1rRkYd6Dy93hvYh2r8T8Wy2EPa6WHC5ibgpump_solana,SPACECAT,Spacecat,spacecat,spacecat6eW.png,998491233,"{""solana"":""9fLGtf1rRkYd6Dy93hvYh2r8T8Wy2EPa6WHC5ibgpump""}",18
0x6439221d2b06a4cdf38f52a55294ddc28e1bed08_ethereum,GNOMY,Gnomy,gnomy,0x6439221d2b06a4cdf38f52a55294ddc28e1bed08_ethereumZqu.png,1000000000,"{""ethereum"":""0x6439221d2b06a4cdf38f52a55294ddc28e1bed08""}",18
digitalocean-holdings-inc-robinhood-token,DOCN,"DigitalOcean Holdings, Inc. • Robinhood Token",digitalocean-holdings-inc-robinhood-token,digitalocean-holdings-inc-robinhood-tokenYnq.png,43.084,"{""robinhood"":""0xc02f12b9fe9e707079ec0d546f3050d3f6c1f8bd""}",18
0xbf26cbe8f1d754f97ebe9a544a38dee692e75ef3_base,NORM,Norm,norm,normCvh.png,10000000000,"{""base"":""0xbf26cbe8f1d754f97ebe9a544a38dee692e75ef3""}",18
FnixeBNA3YXU3JUK9gTeHjDv9t36YGUyuf5Q9od7tTVV_solana,FEENIX,Feenix,feenix,FnixeBNA3YXU3JUK9gTeHjDv9t36YGUyuf5Q9od7tTVV_solanatwu.png,799772140,"{""solana"":""FnixeBNA3YXU3JUK9gTeHjDv9t36YGUyuf5Q9od7tTVV""}",18
ethpad,ETHPAD,ETHPad,ethpad,ethpadTgB.png,1000000000,"{""ethereum"":""0x8db1d28ee0d822367af8d220c0dc7cb6fe9dc442"",""binance_smart"":""0x8db1d28ee0d822367af8d220c0dc7cb6fe9dc442""}",18
9nR2fjDsbSpQPcWmK8zz1HhKA1hQ7Zj7Gvb5YoEppump_solana,ADDOG,Addog,addog,addog1l6.png,957126025,"{""solana"":""9nR2fjDsbSpQPcWmK8zz1HhKA1hQ7Zj7Gvb5YoEppump""}",18
6uRY9e8gMaogSQiQmzAWJbbEvVo2zyZMyypc9AGXpump_solana,DIVINER,DIVINER,diviner-2,6uRY9e8gMaogSQiQmzAWJbbEvVo2zyZMyypc9AGXpump_solanamEF.png,999794491,"{""solana"":""6uRY9e8gMaogSQiQmzAWJbbEvVo2zyZMyypc9AGXpump""}",18
0x3ce1f6bd6b0aa7520a14018dcc2261b1371d7c1a_ethereum,CORN,Corn,corn-2,0x3ce1f6bd6b0aa7520a14018dcc2261b1371d7c1a_ethereumY7w.png,999951579,"{""ethereum"":""0x3ce1f6bd6b0aa7520a14018dcc2261b1371d7c1a"",""solana"":""DbPCbgJ7a37VgUMb17DF9vRucoL1ZuG5YrqF7y5Gf7qJ""}",18
archer-aviation-rstock,RACHR,Archer Aviation Tokenized Stock (Reality),archer-aviation-rstock,archer-aviation-rstockIkG.png,1841,"{""arbitrum-one"":""0xaa7e74d816e6f8ff88fcaf68282d41bf47d0c0e7"",""morph-l2"":""0xca785b2c34e13b48c5bd6bfb808fc14cc59acfdd""}",18
BVdMM5Fd7MxcTExnokXZzmCtiLvd2Es5zZQqRLNmrzSy_solana,ROSCLAW,RosClaw,rosclaw,rosclawE4f.png,999801519,"{""solana"":""BVdMM5Fd7MxcTExnokXZzmCtiLvd2Es5zZQqRLNmrzSy""}",18
quanthood,QUANT,QuantHood,quanthood,quanthoodvBB.png,1000000000,"{""robinhood"":""0x5b58e24034bc052af010d6e863ae81acde261b1d""}",18
cyberpunk-city,CYBER,Cyberpunk City,cyberpunk-city,cyberpunk-cityi31.png,93910050,"{""elrond"":""CYBER-489c1c""}",18
meelo-the-pup,MEELO,Meelo The Pup,meelo-the-pup,meelo-the-pupZAT.png,999918974,"{""solana"":""55DtQ9ma7CBZNFtJD5vvd2yqqiT6BEQzZ6Nt7K48pump""}",18
0x776650808dda2ae08653dc70cdac45a9ce39e025_robinhood,MOSAIC,MOSAIC,mosaic-2,0x776650808dda2ae08653dc70cdac45a9ce39e025_robinhoodS5j.png,1000000000,"{""robinhood"":""0x776650808dda2ae08653dc70cdac45a9ce39e025""}",18
CNK4foXBWtyvNDyh5dk5DsNjsNouiFzdaKD4kHJdpump_solana,AGME,AgentMe,agentme,CNK4foXBWtyvNDyh5dk5DsNjsNouiFzdaKD4kHJdpump_solanaT1P.png,998854184,"{""solana"":""CNK4foXBWtyvNDyh5dk5DsNjsNouiFzdaKD4kHJdpump""}",18
91ACiGss1ZiszniTvqhGTqJPfk7YBSuLjrTTZcfPU7PH_solana,BRRR,PrintrBot Ultra,printrbot-ultra,printrbot-ultraZHQ.png,923310362,"{""solana"":""91ACiGss1ZiszniTvqhGTqJPfk7YBSuLjrTTZcfPU7PH""}",18
nemo-2,NEMO,NEMO,nemo-2,nemo-2Qwd.png,999150355,"{""solana"":""J4zQdwgyXq8PJwaK9MGyjyK2Zyigg36KVRuU6Qe5Bas8""}",18
0xee2b9b7e168b5b2d40c507b891c7cfb13a6aaf2b_ethereum,ZYGO,Zygo The Frog,zygo-the-frog,0xee2b9b7e168b5b2d40c507b891c7cfb13a6aaf2b_ethereumawx.png,1000000000,"{""ethereum"":""0xee2b9b7e168b5b2d40c507b891c7cfb13a6aaf2b"",""solana"":""HSgXgPqxxxpBV2QUANQPsKz9vrDcoGeoYsRsdUE2moon"",""base"":""0xaf4c1405aa8ab2a4f267a9700f9230ddc592f63f""}",18
diamond-hand-doge,DHD,Diamond hand Doge,diamond-hand-doge,diamond-hand-dogesnK.png,999828354,"{""solana"":""9GnXzTS4ik2CAfrkaoVZbdzZ98xQ2ehbHQVnnJp6pump""}",18
6tWuipcDv4CiHtXid7JctDbtLLA1VdkTwSDupK6UxzJL_solana,KOREA,South Korea Coin,south-korea-coin,south-korea-coinIgd.png,999585705,"{""solana"":""6tWuipcDv4CiHtXid7JctDbtLLA1VdkTwSDupK6UxzJL""}",18
6RFfHjBTgjK3VjDTH6GQ7FN3EsYjjxWcTdExaubzsx1W_solana,EARLY,i wasn't wrong i was just early,i-wasn-t-wrong-i-was-just-early,i-wasn-t-wrong-i-was-just-earlyuE3.png,981463596,"{""solana"":""6RFfHjBTgjK3VjDTH6GQ7FN3EsYjjxWcTdExaubzsx1W""}",18
fish-horse,FISHHORSE,Fish Horse,fish-horse,fish-horseAJd.png,964355835,"{""solana"":""74q9g2GxfG2JgNBz2mdLFFETYPDXBsVYr2F3RHZbpump""}",18
97PGWGgGJorRwwYgNqF5Z68SqwoyiuT2UjumzSjDpump_solana,49,7x7=49,7x7-49,7x7-49c7C.png,999520813,"{""solana"":""97PGWGgGJorRwwYgNqF5Z68SqwoyiuT2UjumzSjDpump""}",18
fluence-energy-robinhood-tokenized-stock,FLNC,Fluence Energy • Robinhood Token,fluence-energy-robinhood-tokenized-stock,fluence-energy-robinhood-tokenized-stockK71.png,749.563,"{""robinhood"":""0x282e87451e10fa6679bc7d76c69be44cd3fc777c""}",18
79cm2rFTnRSjJubaAx3V2anc7uKiCkvd58RkkDRFCUSA_solana,USD100,USD100,usd100,usd100XcM.png,999966951,"{""solana"":""79cm2rFTnRSjJubaAx3V2anc7uKiCkvd58RkkDRFCUSA""}",18
0x8d1dbdfb5d9716dda791e6a877e53d53ebfd7777_binance_smart,FFX,Flap Futures,flap-futures,flap-futuressz3.png,830765645,"{""binance_smart"":""0x8d1dbdfb5d9716dda791e6a877e53d53ebfd7777""}",18
0x2d61bbbe5ad9a8f18fef35940301fd24f143a72b_ethereum,SA1T,sa1t,sa1t,0x2d61bbbe5ad9a8f18fef35940301fd24f143a72b_ethereumOmO.png,917780946,"{""ethereum"":""0x2d61bbbe5ad9a8f18fef35940301fd24f143a72b""}",18
14bLBcB1iHUBGioLSwjbWBsP26nZKU16Qg44p5Vderp_solana,DERPY,Derpy,derpy,14bLBcB1iHUBGioLSwjbWBsP26nZKU16Qg44p5Vderp_solanaCJQ.png,999511103,"{""solana"":""14bLBcB1iHUBGioLSwjbWBsP26nZKU16Qg44p5Vderp""}",18
CPYrgdAYWFQD74ZtsR8mEBWW7qnrXnegcn7gDMobpump_solana,CHIKI,CHIKI MONSTERS,chiki-monsters,chiki-monstersJKW.png,998540738,"{""solana"":""CPYrgdAYWFQD74ZtsR8mEBWW7qnrXnegcn7gDMobpump""}",18
FDQ77aHDgV6ozbv1b4WM5oXuHGV1cMnjSXpxvgSzpump_solana,BAGWORKOOR,THE BAGWORKOOR,the-bagworkoor,the-bagworkoorp1d.png,774171055,"{""solana"":""FDQ77aHDgV6ozbv1b4WM5oXuHGV1cMnjSXpxvgSzpump""}",18
0x208eaf389b055ea165dd3f547423ab24ad2adb07_base,WLDR,weldr,weldr,0x208eaf389b055ea165dd3f547423ab24ad2adb07_baseKyZ.png,100000000000,"{""base"":""0x208eaf389b055ea165dd3f547423ab24ad2adb07""}",18
CraBDNXPbbJtfPKzmCnWt667pueqCEqSuWYaFNm8JSX8_solana,SNIBBU,Snibbu the Crab,snibbu-the-crab,CraBDNXPbbJtfPKzmCnWt667pueqCEqSuWYaFNm8JSX8_solanacVR.png,2329999955418,"{""solana"":""CraBDNXPbbJtfPKzmCnWt667pueqCEqSuWYaFNm8JSX8""}",18
Aj1mSpD4vJDN5r3xptnHsjHQgGWDLge8bRQi2W6pump_solana,VIBECODOOR,The Vibecodoor,the-vibecodoor,the-vibecodoorhAo.png,997735599,"{""solana"":""Aj1mSpD4vJDN5r3xptnHsjHQgGWDLge8bRQi2W6pump""}",18
BPJivqTmLmLDjfSn71gp8XaFYDXxNUuM85pMEWAcpump_solana,FSC,Flying Spinning Cat,flying-spinning-cat,flying-spinning-catrGC.png,999092794,"{""solana"":""BPJivqTmLmLDjfSn71gp8XaFYDXxNUuM85pMEWAcpump""}",18
0x7475fa4c36344f1d633964f02564f37162299194_base,SHIBUSSY,Shibussy,shibussy,0x7475fa4c36344f1d633964f02564f37162299194_basepwh.png,42852190479,"{""base"":""0x7475fa4c36344f1d633964f02564f37162299194""}",18
CujZ5W6GWYb5XYe3hsTJ6kjiaw5MdZjbKQEuGA6jpump_solana,GO,PumpGO,pumpgo,pumpgoB7j.png,998189359,"{""solana"":""CujZ5W6GWYb5XYe3hsTJ6kjiaw5MdZjbKQEuGA6jpump""}",18
6q6tqND6J8fPpAf2VNbFYLuXKVgbPC7BUbPjQTyrbonk_solana,SAVIOUR,Bonk Level Saviour,bonk-level-saviour,bonk-level-saviourfik.png,998217074,"{""solana"":""6q6tqND6J8fPpAf2VNbFYLuXKVgbPC7BUbPjQTyrbonk""}",18
BP95AFpABStmiAo5En9a9RXXQoqq5xKSfdaNu2ETbonk_solana,BNKK,Bonk Index,bonk-index,bonk-indexbQM.png,999634536,"{""solana"":""BP95AFpABStmiAo5En9a9RXXQoqq5xKSfdaNu2ETbonk""}",18
kalmar,KALM,KALM,kalmar,kalmariqS.png,10000000,"{""binance_smart"":""0x4ba0057f784858a48fe351445c672ff2a3d43515"",""avalanche"":""0x62aceea3e666c5706ce1c61055fac1a669d31d93"",""fantom"":""0x4f851750a3e6f80f1e1f89c67b56960bfc29a934""}",18
0xaccfd598ef801178ed6c816c234b16ec51ae9f32_ethereum,SATOSHIT,SatoshitCoin,satoshitcoin,satoshitcoinusC.png,1000000000,"{""ethereum"":""0xaccfd598ef801178ed6c816c234b16ec51ae9f32""}",18
9isJBF9KGWNGga6D4Hbz6H2Gj99ra9JYNxD6Csxppump_solana,RIZZ,Rizzcoin,rizzcoin,rizzcoinVga.png,998814593,"{""solana"":""9isJBF9KGWNGga6D4Hbz6H2Gj99ra9JYNxD6Csxppump""}",18
hash-hunter,HNTR,Hash Hunter,hash-hunter,hash-hunter0Y5.png,999842757,"{""solana"":""sh3nQze56RGQFBxr3FZidbbVNVh2oUctgt2sGP4pump""}",18
BfdzpiKdTJi81rVWo1gXjav48DUzo7hqxCY9nxRbpump_solana,CAPS,CAPSULE,capsule,BfdzpiKdTJi81rVWo1gXjav48DUzo7hqxCY9nxRbpump_solanaoT3.png,999888570,"{""solana"":""BfdzpiKdTJi81rVWo1gXjav48DUzo7hqxCY9nxRbpump""}",18
4cCyEZoBVPepCK3MUR1PahCgehF9n9dUDHPJenW4pump_solana,WASHED,WASHED,washed,washedScK.png,984165076,"{""solana"":""4cCyEZoBVPepCK3MUR1PahCgehF9n9dUDHPJenW4pump""}",18
pepewifhat-2,PWH,pepewifhat,pepewifhat-2,pepewifhat-2nS5.png,420676904,"{""solana"":""7So8nmhmAMNz7Sc618DPkpJaAy9VnfFvdy6WiBA27PnD""}",18
nft-stars,NFTS,NFT Stars,nft-stars,nft-starslXV.png,20000000,"{""ethereum"":""0x08037036451c768465369431da5c671ad9b37dbc"",""binance_smart"":""0x08037036451c768465369431da5c671ad9b37dbc""}",18
cognizant-technology-solutions-corporation-class-a-robinhood-token,CTSH,Cognizant Technology Solutions Corporation Class A • Robinhood Token,cognizant-technology-solutions-corporation-class-a-robinhood-token,cognizant-technology-solutions-corporation-class-a-robinhood-token2Hm.png,99.539,"{""robinhood"":""0x63d5a3b6939a33f1e75d8bcd85759858239600db""}",18
0xd9510867d59b84ff815d349759a64236f996ff4b_robinhood,PERPEX,Perpex,perpex-2,perpex-2qnO.png,954199194,"{""robinhood"":""0xd9510867d59b84ff815d349759a64236f996ff4b""}",18
GPXY56UALMCnKkbPnWKRdEeG6DWvbFafySsG48MRpump_solana,GKC,Green Kitten Crew,green-kitten-crew,green-kitten-crewxhp.png,970092186,"{""solana"":""GPXY56UALMCnKkbPnWKRdEeG6DWvbFafySsG48MRpump""}",18
AbBEjBdz31yCb9gTFfWgEi7uprCzjTEKL58xqHVbbjhu_solana,JU,ju rugan,ju-rugan,ju-ruganpC8.png,998133139,"{""solana"":""AbBEjBdz31yCb9gTFfWgEi7uprCzjTEKL58xqHVbbjhu""}",18
EmNFqmSi5DvwGjW57LJ7J5i8R6T155JrNf6GNFaupump_solana,JELLY,JELLY TIME,jelly-time,EmNFqmSi5DvwGjW57LJ7J5i8R6T155JrNf6GNFaupump_solanaWXV.png,998933590,"{""solana"":""EmNFqmSi5DvwGjW57LJ7J5i8R6T155JrNf6GNFaupump""}",18
BPhtSt3fXqL31hhwbX52iuhR9vSjoLFPVcMQCXfCUhXs_solana,MEMECYCLE,MEMECYCLE,memecycle,memecycleYXB.png,998539042,"{""solana"":""BPhtSt3fXqL31hhwbX52iuhR9vSjoLFPVcMQCXfCUhXs""}",18
ishares-s-p-small-cap-600-value-etf-ondo-tokenized,IJSON,iShares S&P Small-Cap 600 Value ETF (Ondo Tokenized),ishares-s-p-small-cap-600-value-etf-ondo-tokenized,ishares-s-p-small-cap-600-value-etf-ondo-tokenizedt3a.png,45.4847,"{""ethereum"":""0xc0e1f30e45da2dced2c35d89947c20bffba6f529"",""binance_smart"":""0x9609f804fd90440dd3f4afa1e0a4d57dfd580ce8"",""solana"":""v34vtrbcjDswpFDixpVFThmUWeM1RTZwtWcp5FBondo""}",18
bucky,BUCKY,Bucky,bucky,buckyZXc.png,69000000000,"{""solana"":""H7w7UWLkUs1pJG2tfr6pPz2eyxurga9NigidDk1Vnnzd""}",18
2eCVVZ4tomqn4eyuA9Gh5PSKrjNXGwgMhPALGtAkpump_solana,$MIHARU,Miharu The Smiling Dolphin,miharu-the-smiling-dolphin,2eCVVZ4tomqn4eyuA9Gh5PSKrjNXGwgMhPALGtAkpump_solanaAkQ.png,999047331,"{""solana"":""2eCVVZ4tomqn4eyuA9Gh5PSKrjNXGwgMhPALGtAkpump""}",18
5Zspimi8VD6LctJLtaSjLqaSUvmh3Rs849iPtGocpump_solana,MIZO,Mizo,mizo,mizojqn.png,970160630,"{""solana"":""5Zspimi8VD6LctJLtaSjLqaSUvmh3Rs849iPtGocpump""}",18
streamlock,LOCK,Streamlock,streamlock,streamlockUot.png,991530129,"{""solana"":""FNhcY1cwQvQqaM8CUjXSuoGKJniwC4maBRLqNRLipump""}",18
5xL15htnLsMN44DyUQyztEYSFBn6pgF41cngBkKMpump_solana,BEL,Bellscoin,bellscoin-3,bellscoin-3sRp.png,998471697,"{""solana"":""5xL15htnLsMN44DyUQyztEYSFBn6pgF41cngBkKMpump""}",18
919MM61rJb1KairDkbNoH8iCVkX1fGFn7w4Dj6Mapump_solana,KUUSOU,Kuusou,kuusou,919MM61rJb1KairDkbNoH8iCVkX1fGFn7w4Dj6Mapump_solanaVUp.png,973284722,"{""solana"":""919MM61rJb1KairDkbNoH8iCVkX1fGFn7w4Dj6Mapump""}",18
arista-networks-robinhood-token,ANET,Arista Networks • Robinhood Token,arista-networks-robinhood-token,arista-networks-robinhood-tokenDZJ.png,29.711,"{""robinhood"":""0x28babd556b60e53663b8615036479a29c2cdd1bf""}",18
AqXXe43MHms9HWH72S4zpogVX378nACELF5dVqiBpump_solana,YOSHI,Yoshi,yoshi,yoshiWCr.png,999751513,"{""solana"":""AqXXe43MHms9HWH72S4zpogVX378nACELF5dVqiBpump""}",18
0x85645b86243886b7c7c1da6288571f8bea6fc035_base,TYLER,Tyler,tyler-2,0x85645b86243886b7c7c1da6288571f8bea6fc035_baseVMY.png,89500000,"{""base"":""0x85645b86243886b7c7c1da6288571f8bea6fc035""}",18
0xfe6371682f58b610e7a2da97a0df2cfd45d60cf1_abstract,PRQT,Prediqt,prediqt-2,0xfe6371682f58b610e7a2da97a0df2cfd45d60cf1_abstractf4P.png,991844853,"{""abstract"":""0xfe6371682f58b610e7a2da97a0df2cfd45d60cf1""}",18
0xd60af69c2158c102a8912d43d45fac02546d4444_binance_smart,ASTEROIDBOT,Asteroid Bot,asteroid-bot,asteroid-botwBj.png,1000000000,"{""binance_smart"":""0xd60af69c2158c102a8912d43d45fac02546d4444""}",18
0x6a9540a84cd1a798a3b1a7cd74c7196cc3e24444_binance_smart,FIREHORSE,Fire Horse,fire-horse-2,fire-horse-24T7.png,1000000000,"{""binance_smart"":""0x6a9540a84cd1a798a3b1a7cd74c7196cc3e24444""}",18
goushi,狗屎,狗屎 (Goushi),goushi,goushiMo1.png,947431022,"{""binance_smart"":""0x1ecb85973aeb17f814e5bb4e79aeadb397177777""}",18
H9BkzwHKyBAnKmaxuLPKKRZGu8whbigdhhqQVkRapump_solana,FLASH,FlashScreener,flashscreener,H9BkzwHKyBAnKmaxuLPKKRZGu8whbigdhhqQVkRapump_solanaz7t.png,1000000000,"{""solana"":""H9BkzwHKyBAnKmaxuLPKKRZGu8whbigdhhqQVkRapump""}",18
0x1b3be8fcd2e7c5ce9c5c242e0066fdd9740220d0_ethereum,LICKER,Licker,licker,0x1b3be8fcd2e7c5ce9c5c242e0066fdd9740220d0_ethereum4JF.png,970000000,"{""ethereum"":""0x1b3be8fcd2e7c5ce9c5c242e0066fdd9740220d0""}",18
0x74ab072c91bf33479f959ce70561e785fd7391fd_ethereum,GBTC,GBTC6900,gbtc6900,0x74ab072c91bf33479f959ce70561e785fd7391fd_ethereumq2Y.png,100000000,"{""ethereum"":""0x74ab072c91bf33479f959ce70561e785fd7391fd""}",18
0xb2016f85a96a3ea5139b0a6e6ef762167bf99c8c_ethereum,NOODLE,Noodleface,noodleface,noodlefaceSeK.png,100000000000,"{""ethereum"":""0xb2016f85a96a3ea5139b0a6e6ef762167bf99c8c""}",18
7SYuU1Z6EKfpYQQ9VeTXfLW5ofhigdn8Y7iQsqoepump_solana,FEROCITER,Gradatim Ferociter,gradatim-ferociter,gradatim-ferociterQIc.png,999684760,"{""solana"":""7SYuU1Z6EKfpYQQ9VeTXfLW5ofhigdn8Y7iQsqoepump""}",18
D26ztC28zZf1QBhrY47NtvK7aeLfDvj41H5wgkUqpump_solana,WARDOGS,War Dogs,war-dogs,war-dogsUa6.png,999985274,"{""solana"":""D26ztC28zZf1QBhrY47NtvK7aeLfDvj41H5wgkUqpump""}",18
HD9imH98GRajpehqc82B72A8qnPgvzWSHAmvJRPepump_solana,LOOKS,Looks at you,looks-at-you,looks-at-youZEp.png,964104262,"{""solana"":""HD9imH98GRajpehqc82B72A8qnPgvzWSHAmvJRPepump""}",18
mr-puggles,PUGGLES,Mr Puggles,mr-puggles,mr-pugglesdRM.png,1000000000,"{""base"":""0x7fe0244a02630c7cf649c07339accecc6f2976b4""}",18
9g78Mv7JGsGCmnf7gJiEvVJNAn7fRLqjvJLMRMHbpump_solana,AGNS,Agenius,agenius,9g78Mv7JGsGCmnf7gJiEvVJNAn7fRLqjvJLMRMHbpump_solanabPd.png,999940589,"{""solana"":""9g78Mv7JGsGCmnf7gJiEvVJNAn7fRLqjvJLMRMHbpump""}",18
VJdpSDDLof7HuZiNmsRUSL4YCncsk1FGiVoHyAJpump_solana,BREAKING,Breaking,breaking,breakingftI.png,990736633,"{""solana"":""VJdpSDDLof7HuZiNmsRUSL4YCncsk1FGiVoHyAJpump""}",18
FgWto1nfArQTpg3o74sYkti753caPfHNXHG8CkedDpMg_solana,DORITO,El Dorito,el-dorito,FgWto1nfArQTpg3o74sYkti753caPfHNXHG8CkedDpMg_solanafJs.png,33315206,"{""solana"":""FgWto1nfArQTpg3o74sYkti753caPfHNXHG8CkedDpMg""}",18
spacefalcon,FCON,SpaceFalcon,spacefalcon,spacefalconzJ8.png,19000000000,"{""solana"":""HovGjrBGTfna4dvg6exkMxXuexB3tUfEZKcut8AWowXj""}",18
GJU3bXxNkNtYxgjkoFhAdq7VrXJAB2GW4Cpt6kLcbonk_solana,69420,hornyCoin,hornycoin,GJU3bXxNkNtYxgjkoFhAdq7VrXJAB2GW4Cpt6kLcbonk_solanaPgV.png,998796730,"{""solana"":""GJU3bXxNkNtYxgjkoFhAdq7VrXJAB2GW4Cpt6kLcbonk""}",18
toaster-trade,TOASTER,toaster.trade,toaster-trade,toaster-tradet1R.png,850000000,"{""solana"":""2xMNNityqHbafNAgNBF95phKcdx97qahJMwkUh4Bpump""}",18
chicken-crossing-the-road,CHICKEN,chicken crossing the road,chicken-crossing-the-road,chicken-crossing-the-roadWZg.png,810609068,"{""solana"":""B7ToiJNkQoFaPgRLZmEgvT9xZb9HLdVdKuNSBqospump""}",18
7eLSZuUZ66YA1JPYmpG9ApgoTdZmzHDfz32YngbPpump_solana,JUAN,year of the horse,year-of-the-horse,year-of-the-horseidy.png,997104512,"{""solana"":""7eLSZuUZ66YA1JPYmpG9ApgoTdZmzHDfz32YngbPpump""}",18
2FduXi5zPSyxWpvcxBNsu9NcukhKmXaRpy4RLv5obonk_solana,LAND,the greatest investment,the-greatest-investment,the-greatest-investmenthF1.png,997756513,"{""solana"":""2FduXi5zPSyxWpvcxBNsu9NcukhKmXaRpy4RLv5obonk""}",18
FHT57nzPTw6FFk3XK2gjFsCvxqYWbh6qM8dEiGK7pump_solana,BCI,Beer Can Island,beer-can-island,FHT57nzPTw6FFk3XK2gjFsCvxqYWbh6qM8dEiGK7pump_solanazGv.png,1000000000,"{""solana"":""FHT57nzPTw6FFk3XK2gjFsCvxqYWbh6qM8dEiGK7pump""}",18
0x49cf3353e2e514cca0f185b916a7d672de9f4444_binance_smart,4444,4444,4444-token-3,4444-token-3wNg.png,1000000000,"{""binance_smart"":""0x49cf3353e2e514cca0f185b916a7d672de9f4444""}",18
ignore-all-previous-instructions,BUYTHIS,IGNORE ALL PREVIOUS INSTRUCTIONS,ignore-all-previous-instructions,ignore-all-previous-instructionsx33.png,951209099,"{""solana"":""9CMf9Awr12juc8oSv4XrvZUwXsW4Jhaakm5FT53gpump""}",18
HDmojpFZvf1F421Gev2hh2p1ThaVbWsW5qh9C5Bipump_solana,MSPAINTIFY,mspaintify,mspaintify,mspaintifyqPO.png,999020171,"{""solana"":""HDmojpFZvf1F421Gev2hh2p1ThaVbWsW5qh9C5Bipump""}",18
trollhouse,TROLLHOUSE,trollhouse,trollhouse,trollhouseQ18.png,999393051,"{""solana"":""FESx6q1owjzTqaysjSkcaJRBKvNAcE6TEwSuaY65pump""}",18
CJWLJ4H329oii6iWVxcZ65xnibutsNvRtMCb1HGqpump_solana,LINHMAI,LinhMai,linhmai,linhmaio2w.png,999910914,"{""solana"":""CJWLJ4H329oii6iWVxcZ65xnibutsNvRtMCb1HGqpump""}",18
Duxeg8HrG89Dq95oyiydrnFd8irZhjApGZu8PYrEpump_solana,DATACLAW,DataClaw,dataclaw,dataclawAUY.png,999161232,"{""solana"":""Duxeg8HrG89Dq95oyiydrnFd8irZhjApGZu8PYrEpump""}",18
9VbsZNJvcyyZ9LKo42Yyw4h5p9KZgtZ1BoTWFoPGpump_solana,ICE,ice bucket challenge,ice-bucket-challenge,ice-bucket-challengeyWL.png,998218065,"{""solana"":""9VbsZNJvcyyZ9LKo42Yyw4h5p9KZgtZ1BoTWFoPGpump""}",18
wrapped-aave-avalanche-wavax,WAAVAWAVAX,Wrapped Aave Avalanche WAVAX,wrapped-aave-avalanche-wavax,wrapped-aave-avalanche-wavax2w5.png,527.3524,"{""avalanche"":""0xd7da0de6ef4f51d6206bf2a35fcd2030f54c3f7b""}",18
FyB8VxxYAaVVchAgbB1kvjWdw26ovaD4ipwV1j8epump_solana,RUNNER,live on treadmill till 100mill,live-on-treadmill-till-100mill,FyB8VxxYAaVVchAgbB1kvjWdw26ovaD4ipwV1j8epump_solanaIs6.png,998948998,"{""solana"":""FyB8VxxYAaVVchAgbB1kvjWdw26ovaD4ipwV1j8epump""}",18
superbid,SUPERBID,SuperBid,superbid,superbidcWf.png,88345486,"{""ethereum"":""0x0563dce613d559a47877ffd1593549fb9d3510d6""}",18
pulse-pastures-by-virtuals,PP,Pulse Pastures by Virtuals,pulse-pastures-by-virtuals,pulse-pastures-by-virtuals8HN.png,1000000000,"{""robinhood"":""0x6a4baa1927f37256017342dbd8fec0c12831b8e3""}",18
pepe-chain,PEPECHAIN,PEPE Chain,pepe-chain,pepe-chainjRA.png,420000000000000,"{""binance_smart"":""0x3d17e0abd8d2f023970d8df8b43776a1a2bd737c""}",18
0x586e10db93630a4d2da6c6a34ba715305b556f04_base,ZOOMER,Zoomer,zoomer-2,zoomer-2fP6.png,100000000,"{""base"":""0x586e10db93630a4d2da6c6a34ba715305b556f04""}",18
7u9kr8ZCHnkeS2n46jVuyq6tUegAtaCUM52AQ1iARKP3_solana,MARIE,Marie Rose AI,marie-rose-ai,7u9kr8ZCHnkeS2n46jVuyq6tUegAtaCUM52AQ1iARKP3_solanaVrr.png,999375175,"{""solana"":""7u9kr8ZCHnkeS2n46jVuyq6tUegAtaCUM52AQ1iARKP3""}",18
health-care-select-sector-spdr-fund-rstock,RXLV,Health Care Select Sector SPDR Fund Tokenized Stock (Reality),health-care-select-sector-spdr-fund-rstock,health-care-select-sector-spdr-fund-rstockSHz.png,37.9141,"{""arbitrum-one"":""0xda69cb94869f5a246cb7ef7eb239ca4cb6b9e893""}",18
0x6536cead649249cae42fc9bfb1f999429b3ec755_berachain,NAV,NAV,nav,0x6536cead649249cae42fc9bfb1f999429b3ec755_berachainUAV.png,1000000000,"{""berachain"":""0x6536cead649249cae42fc9bfb1f999429b3ec755"",""base"":""0xa15d5c95b7c0eecac06f673ad390ad6066705af7""}",18
DPTP4fUfWuwVTgCmttWBu6Sy5B9TeCTBjc2YKgpDpump_solana,DEFIANT,Defiant,defiant-2,defiant-2U2e.png,999732447,"{""solana"":""DPTP4fUfWuwVTgCmttWBu6Sy5B9TeCTBjc2YKgpDpump""}",18
clawvault,VAULT,ClawVault,clawvault,clawvaultkM8.png,999758296,"{""solana"":""77UrDzChDJmSQbQDEjBGLmaKqyxbWiEEzSTtEWwbpump""}",18
dog-of-wisdom,WISDM,Dog Of Wisdom,dog-of-wisdom,dog-of-wisdomFK7.png,917486111,"{""solana"":""53ctv3wwFXQbXruKWsbQcCe7sefowyu96pXK6FRLTjfv""}",18
EStrdGdFpZEv8nrMgmWddeEnY6EPf6hWN8yFfbUDpump_solana,NSAI,Node Sphere AI,node-sphere-ai,EStrdGdFpZEv8nrMgmWddeEnY6EPf6hWN8yFfbUDpump_solanalp0.png,999871420,"{""solana"":""EumKiGHzr894F731MV3heFQygNQ5qrYVBtvfQ483node""}",18
0x085e90d9d5c9e3540ee91f7e28c48fc8cb314444_binance_smart,KORICO,Korico,korico,0x085e90d9d5c9e3540ee91f7e28c48fc8cb314444_binance_smartx47.png,1000000000,"{""binance_smart"":""0x085e90d9d5c9e3540ee91f7e28c48fc8cb314444""}",18
Bx6XZrN7pjbDA5wkiKagbbyHSr1jai45m8peSSmJpump_solana,GREMLINAI,Glitch Gremlin AI,glitch-gremlin-ai,Bx6XZrN7pjbDA5wkiKagbbyHSr1jai45m8peSSmJpump_solana6vV.png,984205763,"{""solana"":""Bx6XZrN7pjbDA5wkiKagbbyHSr1jai45m8peSSmJpump""}",18
0xcd5d8cacd9222075a24f6e80ada93882202fe0f6_base,AGENT2025,Agent2025,agent2025,0xcd5d8cacd9222075a24f6e80ada93882202fe0f6_base1h4.png,21000000,"{""base"":""0xcd5d8cacd9222075a24f6e80ada93882202fe0f6""}",18
FUkQZqqYSx4rgCRJfMoTyeFGbvN89a7Q1iMz11K8pump_solana,CROWDCAM,AI Crowdcam,ai-crowdcam,ai-crowdcamvsy.png,999487363,"{""solana"":""FUkQZqqYSx4rgCRJfMoTyeFGbvN89a7Q1iMz11K8pump""}",18
865GVDdESzXiNvygSUt7yFeJLrXDyn5UpGNfYuxfpump_solana,HENRY,World's Tiniest Penguin,world-s-tiniest-penguin,world-s-tiniest-penguinVhE.png,991910316,"{""solana"":""865GVDdESzXiNvygSUt7yFeJLrXDyn5UpGNfYuxfpump""}",18
dogenerates,DOGEN,Dogenerates,dogenerates,dogeneratesxTy.png,420690000000,"{""ethereum"":""0x4207a81284dc4f114cbb391c3bcdc605cb7d2fbe""}",18
6w35ZYDQTrJwVPkuEBJG4QMjnBZceeW8QoerdEjRpump_solana,MAHUTA,The legacy bull,the-legacy-bull,the-legacy-bullSV9.png,599609177,"{""solana"":""6w35ZYDQTrJwVPkuEBJG4QMjnBZceeW8QoerdEjRpump""}",18
bonk-army,ARMY,Bonk Army,bonk-army,bonk-armyepU.png,998867275,"{""solana"":""GMLEFvNsZ8WgZuewxVqdT2reNgABdfVPnjWsjmm6bonk""}",18
post-nut-clarity,CLARITY,post nut clarity,post-nut-clarity,post-nut-clarity79k.png,999724939,"{""solana"":""DgWGrogsV8NYSV5iDBpb84bEW3Lx2eViPyS1iYu4pump""}",18
adobe-dinari-tokenized-stock,ADBE,Adobe (Dinari Tokenized Stock),adobe-dinari-tokenized-stock,adobe-dinari-tokenized-stockhFj.png,24.3851,"{""ethereum"":""0x5d7bb43885988eb8bfb9d854077e7ccfd6bf8c50"",""base"":""0xf20c96fffbda91b07f78592c1c887ba922ce9b7f"",""arbitrum-one"":""0x289594b223ab31832726eb99871fa99adac583e5"",""avalanche"":""0x09b787e54b4860fe33006dea526b42a8aaffb257""}",18
9SeCSdbPzz95KomGUGEV9Shn2zGXNmMJhE9J72Hipump_solana,IROHA,イロハ (Iroha),iroha,irohancI.png,999120037,"{""solana"":""9SeCSdbPzz95KomGUGEV9Shn2zGXNmMJhE9J72Hipump""}",18
lmeow-4,LMEOW,LMEOW,lmeow-4,lmeow-4i10.png,931451983,"{""robinhood"":""0x218eec7d0c6a26ba119063b3228b8d04085545d3""}",18
DueNdyyx5a1ZMeaZr5kSSK3BjM5ADnDmhnD8ya4R8pGE_solana,SHUFFLE,Trump Shuffle,trump-shuffle,DueNdyyx5a1ZMeaZr5kSSK3BjM5ADnDmhnD8ya4R8pGE_solanaiu7.png,988692206,"{""solana"":""DueNdyyx5a1ZMeaZr5kSSK3BjM5ADnDmhnD8ya4R8pGE""}",18
0x80b84b63c88d054d300d51e801c2a65e20d44b07_base,KNT,KayakNet,kayaknet,kayaknetj5P.png,96505451093,"{""base"":""0x80b84b63c88d054d300d51e801c2a65e20d44b07""}",18
7dsAXucdbXzhT8peJVfLvc7oWBjHqBUQZfc8VBZ3pump_solana,CRASHOUT,Generational Crashout,generational-crashout,generational-crashoutin2.png,999398519,"{""solana"":""7dsAXucdbXzhT8peJVfLvc7oWBjHqBUQZfc8VBZ3pump""}",18
syllaby,SYLLA,Syllaby,syllaby,syllabyvvf.png,499973,"{""solana"":""KeKx5gW6F6zWuDFfP4MXNdc3oARQ7Z53wmrUAq44ory""}",18
0xe507c2043ef812e95648d1454276387e3b39950b_ethereum,IYO,IYO-CHAN,iyo-chan,0xe507c2043ef812e95648d1454276387e3b39950b_ethereumwi8.png,100000000,"{""ethereum"":""0xe507c2043ef812e95648d1454276387e3b39950b""}",18
culo,CULO,CULO,culo,culohN4.png,1000000000000,"{""polygon-pos"":""0x74dd45dd579cad749f9381d6227e7e02277c944b""}",18
fortinet-inc-robinhood-token,FTNT,"Fortinet, Inc. • Robinhood Token",fortinet-inc-robinhood-token,fortinet-inc-robinhood-tokenU3c.png,32.551,"{""robinhood"":""0x3fb8976980d486084b2eb4a404bd12e72823958f""}",18
4xFcvQ46GNH47Rhetk9cUGHGzWiQENp4DQRhJEFMpump_solana,FINE999.9,fine max999.9,fine-max999-9,fine-max999-9sDX.png,999671566,"{""solana"":""4xFcvQ46GNH47Rhetk9cUGHGzWiQENp4DQRhJEFMpump""}",18
chibelon,CHIBELON,CHIBELON,chibelon,chibelony9S.png,999355923,"{""solana"":""DD2xUzFzrg7Hx2DymyoqMjyVqaXfRwocaZjSXEtbpump""}",18
pulsepad,PLSPAD,PulsePad,pulsepad,pulsepadHQH.png,5000000000,"{""binance_smart"":""0x8a74bc8c372bc7f0e9ca3f6ac0df51be15aec47a"",""velas"":""0x8a74bc8c372bc7f0e9ca3f6ac0df51be15aec47a""}",18
4zPrgVNqVgCw5FFHYsURnHboTjKgESXvuTbQGzzapump_solana,CLORD,CLORD-1,clord-1,clord-1Ab5.png,971936845,"{""solana"":""4zPrgVNqVgCw5FFHYsURnHboTjKgESXvuTbQGzzapump""}",18
GFSeaid3PrKr3agHd9dQt3qFEG4Rxosr7U8aLSsEpump_solana,NMF,NeuroMechFly,neuromechfly,neuromechflyE1o.png,998703743,"{""solana"":""GFSeaid3PrKr3agHd9dQt3qFEG4Rxosr7U8aLSsEpump""}",18
CQNZNo4bNVhsnwz8EfaYkq43xFjrQqXjPrYUo4V8LxU5_solana,FLOPI,Flopi,flopi,flopiIS7.png,9909953718,"{""solana"":""CQNZNo4bNVhsnwz8EfaYkq43xFjrQqXjPrYUo4V8LxU5""}",18
Hv69wUkD225TYq111eAar9CtjhNpzBTRFpHkpY3pbonk_solana,COMPANY,Company,company,Hv69wUkD225TYq111eAar9CtjhNpzBTRFpHkpY3pbonk_solanaqxO.png,999431967,"{""solana"":""Hv69wUkD225TYq111eAar9CtjhNpzBTRFpHkpY3pbonk""}",18
9dUKXKC5K6rWErKXbvCDhvnRaHR3zoFZYBqRLdFQpump_solana,GOONCOIN,gooncoin,gooncoin-3,9dUKXKC5K6rWErKXbvCDhvnRaHR3zoFZYBqRLdFQpump_solanaPJU.png,996635539,"{""solana"":""9dUKXKC5K6rWErKXbvCDhvnRaHR3zoFZYBqRLdFQpump""}",18
57KoEZXm2mJwFqbB7fvcgZmmjc9mivFmKhXA45H3pump_solana,PREGUNTALE,Preguntale,preguntale,preguntaleYxF.png,998900980,"{""solana"":""57KoEZXm2mJwFqbB7fvcgZmmjc9mivFmKhXA45H3pump""}",18
EQBEbKm5z-T5psz8iRtCRYjDH-OGbRAsfhQtdKf1ma2dqS7o_the-open-network,TRT,TryTON,tryton,EQBEbKm5z-T5psz8iRtCRYjDH-OGbRAsfhQtdKf1ma2dqS7o_the-open-network1kY.png,100000000,"{""the-open-network"":""EQBEbKm5z-T5psz8iRtCRYjDH-OGbRAsfhQtdKf1ma2dqS7o""}",18
exRqAuXs967fDkymNXo4eqZEQihEubstBCXPXxwpump_solana,CIG,cig,cig,exRqAuXs967fDkymNXo4eqZEQihEubstBCXPXxwpump_solanaes4.png,997894292,"{""solana"":""exRqAuXs967fDkymNXo4eqZEQihEubstBCXPXxwpump""}",18
Dzox5Ytp6ZU54h3uutcp4MXw3ZnBxR21H5Zx4r4qpump_solana,GEN,General Impressions,general-impressions,Dzox5Ytp6ZU54h3uutcp4MXw3ZnBxR21H5Zx4r4qpump_solanatVT.png,1000000000,"{""solana"":""Dzox5Ytp6ZU54h3uutcp4MXw3ZnBxR21H5Zx4r4qpump""}",18
3rSKhRtrjHnSZhRsgoAtrWRVM8rcf8DYv8Quea1epump_solana,WILL,Will,will,willHJr.png,1000000000,"{""solana"":""3rSKhRtrjHnSZhRsgoAtrWRVM8rcf8DYv8Quea1epump""}",18
bro-on-base,BRO,BRO on BASE,bro-on-base,bro-on-baseVGK.png,984028743,"{""base"":""0x02dd23668605ddc983bc2a2afa99f47d88a2f98b""}",18
4Bf3MmVBm94pMcXmnUfWrG95AApZHuEbGoztdGAxpump_solana,NOSE,nose,nose,noseS2y.png,996060149,"{""solana"":""4Bf3MmVBm94pMcXmnUfWrG95AApZHuEbGoztdGAxpump""}",18
0xe6c6a33935919dc46278121c0596e828691f8d6c_robinhood,SPORES,SPORES,spores,sporesH5J.png,999268491,"{""robinhood"":""0xe6c6a33935919dc46278121c0596e828691f8d6c""}",18
Be63Mpktk95oaSnYaWN5siPBoZDohpNGxc4WNLGupump_solana,DONKEE,Donkee,donkee,donkeexKM.png,999999933,"{""solana"":""Be63Mpktk95oaSnYaWN5siPBoZDohpNGxc4WNLGupump""}",18
51aXwxgrWKRXJGwWVVgE3Jrs2tWKhuNadfsEt6j2pump_solana,TARIFFCOIN,tariffcoin,tariffcoin,tariffcoinYEN.png,998359145,"{""solana"":""51aXwxgrWKRXJGwWVVgE3Jrs2tWKhuNadfsEt6j2pump""}",18
ciena-corporation-robinhood-token,CIEN,Ciena Corporation • Robinhood Token,ciena-corporation-robinhood-token,ciena-corporation-robinhood-tokenc39.png,15.478,"{""robinhood"":""0x44f6d488021f8233b9416294d1fe9b1fee28382d""}",18
8SZ4EsABY82RMNm3Ce2RtKFdA9BPfb4NaoMyCQ7Y3cYT_solana,STONKS,Roaring Kitty (Sol),roaring-kitty-sol,roaring-kitty-solPT2.png,1000000000,"{""solana"":""8SZ4EsABY82RMNm3Ce2RtKFdA9BPfb4NaoMyCQ7Y3cYT""}",18
0xabfd54934ca4535afa589346bf7938b8ce3f4444_binance_smart,SHIBY,Yellow Shib,yellow-shib,yellow-shibbap.png,1000000000,"{""binance_smart"":""0xabfd54934ca4535afa589346bf7938b8ce3f4444""}",18
4eiF6wayWkxe4Tp2FgAv76VMgzta3pgGdq4etubppump_solana,EMBRACE,Embrace The Wave,embrace-the-wave,embrace-the-waveQ1d.png,999494416,"{""solana"":""4eiF6wayWkxe4Tp2FgAv76VMgzta3pgGdq4etubppump""}",18
8snfTBHqzDEFpUuTjfibEnj5RnsAYUNh6o9tYHPAdjks_solana,INVESTOR,The “Investor”,the-investor,8snfTBHqzDEFpUuTjfibEnj5RnsAYUNh6o9tYHPAdjks_solanawoi.png,997601812,"{""solana"":""8snfTBHqzDEFpUuTjfibEnj5RnsAYUNh6o9tYHPAdjks""}",18
HFtLLofzSqJUP5Hk96jyrBjyZq6PcUjfSA8AbKoopump_solana,BENHAM,Benham,benham,HFtLLofzSqJUP5Hk96jyrBjyZq6PcUjfSA8AbKoopump_solanaaYC.png,998664550,"{""solana"":""HFtLLofzSqJUP5Hk96jyrBjyZq6PcUjfSA8AbKoopump""}",18
LFEJTxJ9yi6ojGDFpjbGfABLbH55Fc3oEK8syJJpump_solana,DPG,Dumb Phone Gang,dumb-phone-gang,dumb-phone-gangNM6.png,963711079,"{""solana"":""LFEJTxJ9yi6ojGDFpjbGfABLbH55Fc3oEK8syJJpump""}",18
phauntem,PHAUNTEM,Phauntem,phauntem,phauntemIoy.png,9993935,"{""solana"":""5veVHPNDsmSxDW4Abpb368wLHpo32LP3fqhfJHnkSSwo""}",18
0xe555853720737512e3f8ccf64159a087b4da51db_robinhood,BIH,Bull in Hood,bull-in-hood,bull-in-hoodfPU.png,955437259,"{""robinhood"":""0xe555853720737512e3f8ccf64159a087b4da51db""}",18
9VucGkAroxyVJzuVadJy2ErhxXxAnPCpyWhong2fSYdw_solana,MINT,Mintana,mintana,9VucGkAroxyVJzuVadJy2ErhxXxAnPCpyWhong2fSYdw_solana4aY.png,999491003,"{""solana"":""9VucGkAroxyVJzuVadJy2ErhxXxAnPCpyWhong2fSYdw""}",18
58ExX8TFqiDqUpr1ZGiAhhiUsKfT14gwTFykLoVCpump_solana,HOODRAT,hoodrat,hoodrat-3,hoodrat-3LHM.png,999409876,"{""solana"":""58ExX8TFqiDqUpr1ZGiAhhiUsKfT14gwTFykLoVCpump""}",18
the-bulldog,BULLDOG,THE BULLDOG,the-bulldog,the-bulldogpo2.png,998879116,"{""solana"":""4LjLUvg56sBrzstX6Cw9YYr3k31PdZGQg5u2mCM4pump""}",18
EhwhYhMJp434kqQeFRRBCwCVPkgdjrYFcBXGozxVpump_solana,GOLD,Digital Gold,digital-gold-2,EhwhYhMJp434kqQeFRRBCwCVPkgdjrYFcBXGozxVpump_solanahJT.png,1000000000,"{""solana"":""EhwhYhMJp434kqQeFRRBCwCVPkgdjrYFcBXGozxVpump""}",18
AvecKFxn8ihToR7gwgAVjfqV56N1rWhN7hv8joXQpump_solana,COGE,Cogecoin,cogecoin-2,cogecoin-22tk.png,949825614,"{""solana"":""AvecKFxn8ihToR7gwgAVjfqV56N1rWhN7hv8joXQpump""}",18
0x5f970c855c063df6b093e19bda889fdda3ca4444_binance_smart,LOL,LOL,lol-4,0x5f970c855c063df6b093e19bda889fdda3ca4444_binance_smartUC8.png,1000000000,"{""binance_smart"":""0x5f970c855c063df6b093e19bda889fdda3ca4444""}",18
EPpeesRbnZSpe6nJaWSQNyhqrwyjGJPh4GPrzBvkpump_solana,SLURP,slurp,slurp-2,EPpeesRbnZSpe6nJaWSQNyhqrwyjGJPh4GPrzBvkpump_solanaoNr.png,999999098,"{""solana"":""EPpeesRbnZSpe6nJaWSQNyhqrwyjGJPh4GPrzBvkpump""}",18
the-order-of-the-golden-bull,$GOLDEN,The Order of the Golden Bull,the-order-of-the-golden-bull,the-order-of-the-golden-bulltVU.png,999298990,"{""solana"":""9qY5Bu9qLnrddN8cx7jtQim2Sx8ywUszatUp3E4VJn6a""}",18
0x9f3bb51d5c14aaf53794fe5780c085967dacaf2d_base,BP,Blueprint,blueprint-2,blueprint-2yBU.png,718306673,"{""base"":""0x9f3bb51d5c14aaf53794fe5780c085967dacaf2d""}",18
0x77a719b0f3e7072fc80ed5d67f9aaa580b245462_robinhood,SHELLR,Shellr Packs,shellr-packs,0x77a719b0f3e7072fc80ed5d67f9aaa580b245462_robinhoodrL6.png,983375249,"{""robinhood"":""0x77a719b0f3e7072fc80ed5d67f9aaa580b245462""}",18
biohacking,BIOHACKING,biohacking,biohacking,biohackingg2l.png,999845352,"{""solana"":""BMSh8af8ZrQ1gHDZxCcpfVmfNHX8R5N8bsf7h4bdpump""}",18
9X2jTh2SPKBUBWD5wYuTBs1SsCJXbePYB8yfiVCvpump_solana,BUSTER,Splash Dog,splash-dog,9X2jTh2SPKBUBWD5wYuTBs1SsCJXbePYB8yfiVCvpump_solanaR7K.png,999764111,"{""solana"":""9X2jTh2SPKBUBWD5wYuTBs1SsCJXbePYB8yfiVCvpump""}",18
HacxkKvctUzgryZBi7g27RULqm98tH4se39dPeQepump_solana,CRYPTOCRAT,The Cryptocrats,the-cryptocrats,the-cryptocratsjo9.png,996611275,"{""solana"":""HacxkKvctUzgryZBi7g27RULqm98tH4se39dPeQepump""}",18
H3GtwGSrYRVqp7dtjkaDfjE2inydLkHwFkFJSPzrpump_solana,BNUT,Baseball Squirrel,baseball-squirrel,baseball-squirrelnen.png,966430904,"{""solana"":""H3GtwGSrYRVqp7dtjkaDfjE2inydLkHwFkFJSPzrpump""}",18
7soYuSPe1LaJ9V37W7ZGDB5Xwxi41LUWjRT3AEQGpump_solana,WOLVERINE,BPC-157 & TB-500,bpc-157-tb-500,bpc-157-tb-5004Lj.png,999854126,"{""solana"":""7soYuSPe1LaJ9V37W7ZGDB5Xwxi41LUWjRT3AEQGpump""}",18
birdsping,PING,BIRDSPING,birdsping,birdspingsrq.png,99999999999,"{""klay-token"":""0x608e8512d31cae43cd8058d81e6b56203a112539""}",18
9NyLK6MHjbaKd1bY3EnFPJQDmkDLvC2WajUCErp9pump_solana,OBEX,OBEX,obex,9NyLK6MHjbaKd1bY3EnFPJQDmkDLvC2WajUCErp9pump_solanaeeJ.png,999893247,"{""solana"":""9NyLK6MHjbaKd1bY3EnFPJQDmkDLvC2WajUCErp9pump""}",18
0x5cbfe0b628858e3aaae7dbc81b0ce09ff2c80550_ethereum,KOCHI,Kochi Inu,kochi-inu,0x5cbfe0b628858e3aaae7dbc81b0ce09ff2c80550_ethereum4yt.png,1000000000000,"{""ethereum"":""0x5cbfe0b628858e3aaae7dbc81b0ce09ff2c80550""}",18
yarrow,YARROW,Yarrow,yarrow,yarrowRrC.png,1000000000,"{""robinhood"":""0x5d6fa71583e40d6a40ab09cd071f24f6603b0970""}",18
5r6Acw8ms9VkFeaxrnFE9sxbh5AA2CG1k4edZmpcpump_solana,VIBECOIN,VIBECOIN,vibecoin-2,vibecoin-26x6.png,999519152,"{""solana"":""5r6Acw8ms9VkFeaxrnFE9sxbh5AA2CG1k4edZmpcpump""}",18
6WBynoJreWH4dfayG1Qzrq5PBUstDMUkR1c7mSemBAGS_solana,CJFT,cjft,cjft,cjftOJs.png,999960162,"{""solana"":""6WBynoJreWH4dfayG1Qzrq5PBUstDMUkR1c7mSemBAGS""}",18
Fc7tEqyfHPoWQXdiAqx62d7WeuH7Zq1DHwa2ihDpump_solana,CODE,EIGENCODE,eigencode,Fc7tEqyfHPoWQXdiAqx62d7WeuH7Zq1DHwa2ihDpump_solanaIqm.png,999904810,"{""solana"":""Fc7tEqyfHPoWQXdiAqx62d7WeuH7Zq1DHwa2ihDpump""}",18
0x7e96c5d2dd964bccf631dd6abd0750da4cf52daa_robinhood,LIGHT,Lightbringer,lightbringer,lightbringeruEN.png,1000000000,"{""robinhood"":""0x7e96c5d2dd964bccf631dd6abd0750da4cf52daa""}",18
walmart-dinari-tokenized-stock,WMT,Walmart (Dinari Tokenized Stock),walmart-dinari-tokenized-stock,walmart-dinari-tokenized-stockQjq.png,54.6006,"{""ethereum"":""0x75ab7f65f44c340ccac2fd80d4911130eb0b8e43"",""base"":""0xf4b9df3d24bde5db32e2ae8fa1ce5fbeb9432849"",""arbitrum-one"":""0x8339fb479ae6c920eb2dd8b8e259bb65100b86cf"",""avalanche"":""0x75ab7f65f44c340ccac2fd80d4911130eb0b8e43""}",18
CVNb8Bg7wCrtNTFniaJvxjyFW2cKcoRjKt71Af67pump_solana,GOOFY,GOOFY,goofy-2,CVNb8Bg7wCrtNTFniaJvxjyFW2cKcoRjKt71Af67pump_solanaH90.png,699965371,"{""solana"":""CVNb8Bg7wCrtNTFniaJvxjyFW2cKcoRjKt71Af67pump""}",18
ArRRiz4XsPbLXNCUWb2dqE85hPxD4MtMhec5jaJMcW5R_solana,BOBO,Bobo on SOL,bobo-on-sol,bobo-on-solp0J.png,888888888,"{""solana"":""ArRRiz4XsPbLXNCUWb2dqE85hPxD4MtMhec5jaJMcW5R""}",18
C9UM3Bf43GDHMi4wM3BkqpqQ3DovYn8hqTfx21zipump_solana,ALIENS,aliens.gov,aliens-gov-2,aliens-gov-2dHC.png,999135874,"{""solana"":""C9UM3Bf43GDHMi4wM3BkqpqQ3DovYn8hqTfx21zipump""}",18
neukgu,NEUKGU,늑구 (Neukgu),neukgu,neukgusbf.png,999477356,"{""solana"":""DFzeUzRnzbaVDziEhx8THxDD71GnBSpqUkuUnN2Qpump""}",18
dawae-2,DAWAE,Dawae,dawae-2,dawae-2EFd.png,991834521,"{""solana"":""DZSs9nHSr9BBunLNWd6PDstesJ4PBLMFVK1GbZ9urYNZ"",""base"":""0x0ed151c9749d39c3ca8e537125fb4053e0c9b55f"",""ethereum"":""0x2a897de60073e13c1f34f672033c1c1d08657fbb"",""binance_smart"":""0xb42fc163f95332552a824020f15ed81ee7f0ce78"",""sonic"":""0x7a5c61047ad8fa4a743c75eb46a01300c7c9dada""}",18
haedal-staked-wal,HAWAL,Haedal Staked WAL,haedal-staked-wal,haedal-staked-walE85.png,160000,"{""sui"":""0x8b4d553839b219c3fd47608a0cc3d5fcc572cb25d41b7df3833208586a8d2470::hawal::HAWAL""}",18
0x5ba31b25a1aa4b85d4402894602edd3f9c8e3d7a_robinhood,SAITAMA,Saitama in Hood,saitama-in-hood,0x5ba31b25a1aa4b85d4402894602edd3f9c8e3d7a_robinhoodOIl.png,1000000000,"{""robinhood"":""0x5ba31b25a1aa4b85d4402894602edd3f9c8e3d7a""}",18
defiance-ai-power-infrastructure-etf-rstock,RAIPO,Defiance AI & Power Infrastructure ETF Tokenized Stock (Reality),defiance-ai-power-infrastructure-etf-rstock,defiance-ai-power-infrastructure-etf-rstockm1U.png,195.4243,"{""arbitrum-one"":""0x1ac13aba08aa9d19098d80116ba5c227ac54fb43""}",18
6mgqeeGHE5GrVk9fYdeJSjKTFZV1TVNAQTMYdHjfpump_solana,PINHEADS,Fallenchungus pinheads,fallenchungus-pinheads,6mgqeeGHE5GrVk9fYdeJSjKTFZV1TVNAQTMYdHjfpump_solanaZ77.png,997068557,"{""solana"":""6mgqeeGHE5GrVk9fYdeJSjKTFZV1TVNAQTMYdHjfpump""}",18
baby-tomcat,BABYTOMCAT,Baby Tomcat,baby-tomcat,baby-tomcatCyz.png,0,"{""binance_smart"":""0xbfc89d2134053d15d277a01c2a1a1980e0a5dbcd""}",18
6CzvM95SQABhdjX4taXdpXYArz5daqcin4iM7CGjNwmW_solana,COIN,Coin on Solana,coin-on-solana,coin-on-solanahnC.png,998408190,"{""solana"":""6CzvM95SQABhdjX4taXdpXYArz5daqcin4iM7CGjNwmW""}",18
Cwq13pofafd7KNbWBabULgt7QC1w53NjiPgES49Ypump_solana,CLOUT,CLOUT,clout-3,clout-3mFR.png,972607677,"{""solana"":""Cwq13pofafd7KNbWBabULgt7QC1w53NjiPgES49Ypump""}",18
robinhoodcat,RHCAT,RobinhoodCat,robinhoodcat,robinhoodcatLC7.png,1000000000,"{""robinhood"":""0x1b26ed7d40c84a4d578251dfc4ecd5d42476e9a2""}",18
0x8feef9f0ffa554e51220a3391e7bb7560526a72a_base,SAGE,0xsim by Virtuals,0xsim-by-virtuals,0xsim-by-virtuals3Ia.png,1000000000,"{""base"":""0x8feef9f0ffa554e51220a3391e7bb7560526a72a""}",18
something-dumb,DUMB,Something Dumb,something-dumb,something-dumbNV1.png,988989206,"{""solana"":""8SCLpKVehUzuFBkqnF1qZu5LrodQDRCEoPVpCsrspump""}",18
vnst-stablecoin,VNST,VNST Stablecoin,vnst-stablecoin,vnst-stablecoinEW3.png,150012451,"{""binance_smart"":""0x3b26fb89eab263cc6cb1e91f611bae8793f927ef""}",18
ket-2,KET,ket,ket-2,ket-2pVZ.png,900197766,"{""solana"":""71vDdeajwpXGnj98kBvDZmVuuAYSPYiPbdeU5xGfbrrr""}",18
8Zk5n3pZotY83sZCMJ774HTyAfwpjueLHD3MrzoKpump_solana,KAIA,Illusive AI,illusive-ai,8Zk5n3pZotY83sZCMJ774HTyAfwpjueLHD3MrzoKpump_solanatzs.png,999999302,"{""solana"":""8Zk5n3pZotY83sZCMJ774HTyAfwpjueLHD3MrzoKpump""}",18
denison-mines-ondo-tokenized-stocks,DNNON,Denison Mines (Ondo Tokenized Stock),denison-mines-ondo-tokenized-stocks,denison-mines-ondo-tokenized-stocksnZJ.png,2208,"{""ethereum"":""0x7aa59a63d1d0c435a08bc96e11bef2e95ab66c40"",""binance_smart"":""0x70bd780076e25d087ed9c35f4e4a540522abe8cf"",""solana"":""12J2LD3tuLfdiVKnWZMHRMrbnXDY9rM4yqVLUa5yondo""}",18
2FCerziZbakcdDbuQNgEWPxGRPYGmBzMxEJKkqJEpump_solana,RUSS,The Nietzschean Dog,the-nietzschean-dog,the-nietzschean-dog3fg.png,964652525,"{""solana"":""2FCerziZbakcdDbuQNgEWPxGRPYGmBzMxEJKkqJEpump""}",18
0xb20568b5de8abe668062710d785d292f686541e6_binance_smart,MGTAI,Moongate Fun,moongate-fun,moongate-funZmG.png,4795903433,"{""binance_smart"":""0xb20568b5de8abe668062710d785d292f686541e6""}",18
mythic-2,MYTH,Mythic,mythic-2,mythic-2hlS.png,998758436,"{""solana"":""5UP2iL9DefXC3yovX9b4XG2EiCnyxuVo3S2F6ik5pump""}",18
3Wp5z1GtPqKwyiaicXa7nyXhBVJJ5JgAwzWXuPXqpump_solana,MONDO,mondo,mondo,3Wp5z1GtPqKwyiaicXa7nyXhBVJJ5JgAwzWXuPXqpump_solanaCS3.png,990161463,"{""solana"":""3Wp5z1GtPqKwyiaicXa7nyXhBVJJ5JgAwzWXuPXqpump""}",18
6HsMxxNDee1WsRzonNtEEu35Lti4CXey8wzueY7rpump_solana,PACE,PaceTerminal,paceterminal,6HsMxxNDee1WsRzonNtEEu35Lti4CXey8wzueY7rpump_solanaYOo.png,993943739,"{""solana"":""6HsMxxNDee1WsRzonNtEEu35Lti4CXey8wzueY7rpump""}",18
5NnL7oRMtVW3ZqAt95gJQs12Fbz2caCYh9rgy1kQpump_solana,USELESS,USELESS COIN,useless-coin,5NnL7oRMtVW3ZqAt95gJQs12Fbz2caCYh9rgy1kQpump_solanaJyc.png,998812920,"{""solana"":""5NnL7oRMtVW3ZqAt95gJQs12Fbz2caCYh9rgy1kQpump""}",18
adzilla,ADZILLA,AdZilla,adzilla,adzillaJk4.png,999845972,"{""solana"":""7h7FjNZGZ54KJzUtvx2eS9u61HbPX8XZS8WjyQtrpump""}",18
regard,REGARD,Regard,regard,regard84O.png,1000000000,"{""robinhood"":""0x8e08a4f781bb12abdc350f70bc8033364eee0b32""}",18
riot-platforms-dinari-tokenized-stock,RIOT,Riot Platforms (Dinari Tokenized Stock),riot-platforms-dinari-tokenized-stock,riot-platforms-dinari-tokenized-stockIBA.png,285.9583,"{""ethereum"":""0xcd7c6ed75151745c893dfc1dca1daa1d55034e67"",""base"":""0xbd042b930d40326f18fc19693adabc9457d4af7f"",""arbitrum-one"":""0x0b5ac0d7dcf6964609a12af4f6c6f3c257070193"",""avalanche"":""0xf65228bbc8b94bf46fd268b6128debf9a1cde2f8""}",18
bnb-goat,BGOAT,BNB GOAT,bnb-goat,bnb-goatGyc.png,1000000000,"{""binance_smart"":""0x88883075fb050f4199cf7b2011cc15f1c966403f""}",18
B3zWuNcVQK9YVHngeDH7UFwsmudWnNhFn89T1AQcpump_solana,RANDOM,Random Coin,random-coin,random-coinxjJ.png,999050037,"{""solana"":""B3zWuNcVQK9YVHngeDH7UFwsmudWnNhFn89T1AQcpump""}",18
mr-goxx,GOXX,Mr. Goxx,mr-goxx,mr-goxxNzt.png,1000000000,"{""robinhood"":""0x343a9c531acf28c4d9f4cd8ef2d6413ceba3c2df""}",18
solana-fire-horse,REKT,Solana Fire Horse,solana-fire-horse,solana-fire-horse41z.png,956945999,"{""solana"":""CxGSt4aa83QQcxjpP9oi3pc9roJYJCQcH6UEczkxREKT""}",18
xeno-2,XENO,Xeno,xeno-2,xeno-2FkZ.png,840000000,"{""robinhood"":""0xf11168ec379efd20a35006f1d44cc5f9e4e94e67""}",18
97AT7VzHTUYmGgYsKDx76fzNgibCy5keRoftBosKpump_solana,HOLYSHIT,holy shit,holy-shit,holy-shitKJG.png,999370649,"{""solana"":""97AT7VzHTUYmGgYsKDx76fzNgibCy5keRoftBosKpump""}",18
0x6fd2854cd1b05b8eb5f6d25c714184a92fedaf4f_binance_smart,O-MEGAX,O-megax,o-megax,0x6fd2854cd1b05b8eb5f6d25c714184a92fedaf4f_binance_smartmzx.png,1000000000,"{""binance_smart"":""0x6fd2854cd1b05b8eb5f6d25c714184a92fedaf4f""}",18
9h5y3WCqfeNt2fiAP7iM2ZRp9apFb58ipvTzcWi9pump_solana,AUSBAGWORK,AUSSIE BAG WORKERS,aussie-bag-workers,9h5y3WCqfeNt2fiAP7iM2ZRp9apFb58ipvTzcWi9pump_solanaHaT.png,999087855,"{""solana"":""9h5y3WCqfeNt2fiAP7iM2ZRp9apFb58ipvTzcWi9pump""}",18
0xf800a81b454c666390cf7b61462c9b18de23ada8_abstract,SMP,SMP7700,smp7700,0xf800a81b454c666390cf7b61462c9b18de23ada8_abstractuou.png,990046624,"{""abstract"":""0xf800a81b454c666390cf7b61462c9b18de23ada8""}",18
isometric,ISO,isometric,isometric,isometricrIU.png,999926802,"{""solana"":""DTkrpySU8LEQb6S9DUdxAdmv9hyqvgnSQ1YrDHoZpump""}",18
8mejbHqzKhPZvZ6j3vikLrbi4GsggZ3UJrBcYdGvpump_solana,FOREHEAD,BUY THE FOREHEAD,buy-the-forehead,buy-the-forehead0Ve.png,996085688,"{""solana"":""8mejbHqzKhPZvZ6j3vikLrbi4GsggZ3UJrBcYdGvpump""}",18
ouster-inc-robinhood-token,OUST,"Ouster, Inc. • Robinhood Token",ouster-inc-robinhood-token,ouster-inc-robinhood-tokendmH.png,131.73,"{""robinhood"":""0x40e7a279850e443f582059ae5dc1c3b6563e6395""}",18
0x3910210d206295ca14f30e493607c40abc0d90aa_ethereum,BURGLAR,Burglar,burglar,0x3910210d206295ca14f30e493607c40abc0d90aa_ethereumZWs.png,100000000000,"{""ethereum"":""0x3910210d206295ca14f30e493607c40abc0d90aa""}",18
aaon-ondo-tokenized,AAONON,AAON (Ondo Tokenized),aaon-ondo-tokenized,aaon-ondo-tokenizedvkr.png,67.1516,"{""ethereum"":""0x6e9c573e5b8a59cec47d8e317c148e4b0595fb39"",""binance_smart"":""0x0b61036b5182a29a228d8ed9e647a16f62bad1bc"",""solana"":""nwPWRVFCbU3cdXWdJsuwomC5u459xPFdP2vYsmVondo""}",18
H2PRkwsBnMnW8kL1NRiy53UVNysooDCXf2carZPXpump_solana,CONSENSUS-1,Consensus-1,consensus-1,consensus-1LJb.png,999336405,"{""solana"":""H2PRkwsBnMnW8kL1NRiy53UVNysooDCXf2carZPXpump""}",18
HN2n82rahixyTQ6LarLjSVRR7YX7GZTmmRL39Vvdpump_solana,ENERGY,More Passion,more-passion,more-passionzLt.png,1000000000,"{""solana"":""HN2n82rahixyTQ6LarLjSVRR7YX7GZTmmRL39Vvdpump""}",18
HrMp2mmpyDZJ65Mspzib7NJPXeZe2cvY5stfHG9nhWTH_solana,PUP,Wheelchair Pup,wheelchair-pup,wheelchair-pupyLq.png,999664130,"{""solana"":""HrMp2mmpyDZJ65Mspzib7NJPXeZe2cvY5stfHG9nhWTH""}",18
2d79yirWWZmzf249y7B4DMvgaSb7jgrCxrwTcweFpump_solana,STOCK,Stockenized,stockenized,stockenizedvUI.png,969533640,"{""solana"":""2d79yirWWZmzf249y7B4DMvgaSb7jgrCxrwTcweFpump""}",18
8m9fjYycXAFva1kScttQgsESVZT7yELhjZASqfHBuMa5_solana,JOWNES,Alux Jownes,alux-jownes,alux-jownes8fZ.png,1000000000,"{""solana"":""8m9fjYycXAFva1kScttQgsESVZT7yELhjZASqfHBuMa5""}",18
J5ZognFJEepsWsCQPmqVchvEvsUMomEkxd8LbMrH2J7_solana,BULLSCAN,Bullscan,bullscan,bullscanX4o.png,997762746,"{""solana"":""J5ZognFJEepsWsCQPmqVchvEvsUMomEkxd8LbMrH2J7""}",18
5Xc1AycwC2ENTDWwGV41twqCyKkeoAfjnqLGMKKd7ytX_solana,BTM,Bitcoin Treasury Machine,bitcoin-treasury-machine,5Xc1AycwC2ENTDWwGV41twqCyKkeoAfjnqLGMKKd7ytX_solanaRRn.png,997245302,"{""solana"":""5Xc1AycwC2ENTDWwGV41twqCyKkeoAfjnqLGMKKd7ytX""}",18
0x1754e5aadce9567a95f545b146a616ce34eead53_base,BONKE,Bonke (Base),bonke-base,bonke-basex2k.png,1000000000,"{""base"":""0x1754e5aadce9567a95f545b146a616ce34eead53""}",18
5mMrEEDRyFutXr7GB4NdJLkhRDQzrK5VC9Qc3Tr8bonk_solana,TROLLGE,TROLLGE,trollge,trollgeadO.png,999273577,"{""solana"":""5mMrEEDRyFutXr7GB4NdJLkhRDQzrK5VC9Qc3Tr8bonk""}",18
HS9MCtW3Q2R3GV2fjPTkSL66tGfNQaSMvjuSz4Hx5wCP_solana,FARTGOAT,FARTGOAT,fartgoat-2,HS9MCtW3Q2R3GV2fjPTkSL66tGfNQaSMvjuSz4Hx5wCP_solanacJO.png,999428123,"{""solana"":""HS9MCtW3Q2R3GV2fjPTkSL66tGfNQaSMvjuSz4Hx5wCP""}",18
lightspeed,SPEED,Lightspeed,lightspeed,lightspeedOXN.png,299792458,"{""base"":""0xb01cf1be9568f09449382a47cd5bf58e2a9d5922"",""arbitrum-one"":""0xb01cf1be9568f09449382a47cd5bf58e2a9d5922"",""binance_smart"":""0xb01cf1be9568f09449382a47cd5bf58e2a9d5922"",""ethereum"":""0xb01cf1be9568f09449382a47cd5bf58e2a9d5922"",""polygon-pos"":""0xb01cf1be9568f09449382a47cd5bf58e2a9d5922""}",18
listed-funds-trust-wahed-ftse-usa-shariah-etf-dinari-tokenized-etf,HLAL,Listed Funds Trust Wahed FTSE USA Shariah ETF (Dinari Tokenized ETF),listed-funds-trust-wahed-ftse-usa-shariah-etf-dinari-tokenized-etf,listed-funds-trust-wahed-ftse-usa-shariah-etf-dinari-tokenized-etf1tN.png,73.6471,"{""ethereum"":""0x61c50c0b84ec03f3435aeb363a0a811c510d16a2"",""base"":""0x8358276ae5f7bbf1d2497e8c3a4b95c95852afef"",""arbitrum-one"":""0x1f30a22503f29bdbc6b9f05db68afe003eeffe83"",""avalanche"":""0x282e10e2e85387c1f9214ecac11f0b27af3c4a36""}",18
99RtLpiXfU57Xoedwnxg2D6UKjk8BsG3ES876z2kpump_solana,BUDDY,Claude Buddy,claude-buddy,claude-buddyfbU.png,814128198,"{""solana"":""99RtLpiXfU57Xoedwnxg2D6UKjk8BsG3ES876z2kpump""}",18
5JkXrk1UV9xox6giRrFyELB9HnBv49QQXYUT5eHMpump_solana,QUIT,The Last Job,the-last-job,the-last-joblKa.png,989051970,"{""solana"":""5JkXrk1UV9xox6giRrFyELB9HnBv49QQXYUT5eHMpump""}",18
2k5o37XM59vQRmnnVnJAEspqfEG9VfoFNTywH49Jpump_solana,POLYPORT,PolyPort,polyport,2k5o37XM59vQRmnnVnJAEspqfEG9VfoFNTywH49Jpump_solanaloM.png,999728031,"{""solana"":""2k5o37XM59vQRmnnVnJAEspqfEG9VfoFNTywH49Jpump""}",18
DAAXmRU9KUEuyqF8VuddbcL5X4QhQ3tTDMYxDbNgpump_solana,PSYCARTOON,PsyopCartoon,psyopcartoon,psyopcartoon2cc.png,997889705,"{""solana"":""DAAXmRU9KUEuyqF8VuddbcL5X4QhQ3tTDMYxDbNgpump""}",18
squad,SQUAD,Superpower Squad,squad,squadhnm.png,1000000000,"{""binance_smart"":""0x724a32dfff9769a0a0e1f0515c0012d1fb14c3bd"",""arbitrum-one"":""0xd45e486a90ebb84e9336d371a35dcb021424b96c"",""arbitrum-nova"":""0x223fb0ceb2c6e5310264efe38151d7d083db91f1""}",18
3oaRkLHm94Y2fisjNPwkcHV7iUjTMdh5cSQyGarUpump_solana,CLARITY,CLARITY,clarity-3,clarity-3KTH.png,979315521,"{""solana"":""3oaRkLHm94Y2fisjNPwkcHV7iUjTMdh5cSQyGarUpump""}",18
8V29cUbz7MeF16rBJhkuGMxByZjfjDxcuqQsPb8AchmG_solana,BLACKSHEEP,The Black Sheep,the-black-sheep-2,the-black-sheep-2BVZ.png,998851229,"{""solana"":""8V29cUbz7MeF16rBJhkuGMxByZjfjDxcuqQsPb8AchmG""}",18
Hkp22BRjyvQQfHzA6t7ALUuU52gRetjS1xho23r4pump_solana,SHIKA-YAN,Shika-yan,shika-yan,shika-yanJDK.png,999915594,"{""solana"":""Hkp22BRjyvQQfHzA6t7ALUuU52gRetjS1xho23r4pump""}",18
0x3157874a7508fcf972379d24590c6806522b784f_ethereum,PFVS,Puffverse,puffverse,puffversebJp.png,1000000000,"{""ethereum"":""0x3157874a7508fcf972379d24590c6806522b784f"",""ronin"":""0xb4562fdefd5ed58f7705ce9386d54ee9b53831d1"",""binance_smart"":""0x57df399cace62f98a74bffdffbb264e6f31bd982""}",18
55KDFPScqeshiKrRENKvncD238n3k1SZqLd7ne1Upump_solana,SOK,shoki,shoki-2,55KDFPScqeshiKrRENKvncD238n3k1SZqLd7ne1Upump_solana6a3.png,998446780,"{""solana"":""55KDFPScqeshiKrRENKvncD238n3k1SZqLd7ne1Upump""}",18
quiver-depin,QUIVER,Quiver DePIN,quiver-depin,quiver-depinjsR.png,999206859,"{""solana"":""FPba1s2xs8M2nr7Sx71iPGDYyzt3uUV2bkFwqLrEpump""}",18
artificial-cat,AC,Artificial Cat,artificial-cat,artificial-catFGc.png,1000000000,"{""robinhood"":""0xfad40755de679b262337f8d964d75cac51f8c643""}",18
CVhWiQ2SBhpTJ3xAR3ekf3uf8Ns2tNzj3mEtzKSpump_solana,WINGIT,WINGIT,wingit,wingitnZX.png,999779944,"{""solana"":""CVhWiQ2SBhpTJ3xAR3ekf3uf8Ns2tNzj3mEtzKSpump""}",18
permian-resources-robinhood-tokenized-stock,PR,Permian Resources • Robinhood Token,permian-resources-robinhood-tokenized-stock,permian-resources-robinhood-tokenized-stockYVJ.png,239.0429,"{""robinhood"":""0x4189f0c66ebbb0bfef1c31f763131361ef32f77c""}",18
5WrhAdqrtaBqzjoPEQ4bVkukQGCmR9mrcKeeifCKpump_solana,CHATON,Le gros chaton,le-gros-chaton,le-gros-chatonQ3l.png,803575924,"{""solana"":""5WrhAdqrtaBqzjoPEQ4bVkukQGCmR9mrcKeeifCKpump""}",18
vaneck-steel-etf-dinari-tokenized-etf,SLX,VanEck Steel ETF (Dinari Tokenized ETF),vaneck-steel-etf-dinari-tokenized-etf,vaneck-steel-etf-dinari-tokenized-etfgoa.png,52.1882,"{""ethereum"":""0x0ecb3513ebf1e62be765452900608aa957dbd13d"",""base"":""0x0d794e3778fc6f5f0351c77a5c77bd21d26887f9"",""arbitrum-one"":""0x0a2919147b871a0fc90f04944e31fad56d9af666"",""avalanche"":""0xd68213853308644d016d0e120b3d2bb1f67c8126""}",18
wrapped-parasail-staked-peaq,WSTPEAQ,Wrapped Parasail Staked PEAQ,wrapped-parasail-staked-peaq,wrapped-parasail-staked-peaqxeZ.png,134290,"{""peaq"":""0xe5330a9fba99504c534127d39727729899c9a506""}",18
boe-2,BOE,Boe,boe-2,boe-2KUH.png,1000000000,"{""robinhood"":""0xbd8e0244791b67547b4ae8cfc9463ab19f6e9c08""}",18
9WyRszmxLf1e9nWAVf4p7j7S2ektkLu74PTLVVKLpump_solana,KAPIBALA,Ghibli Kapibala,ghibli-kapibala,ghibli-kapibalaiVu.png,999068513,"{""solana"":""9WyRszmxLf1e9nWAVf4p7j7S2ektkLu74PTLVVKLpump""}",18
49UseCTadQcTQNeqpKJHbZgBXRSiLGuJZRfePQkTbonk_solana,PLAI,PlayMind,playmind,49UseCTadQcTQNeqpKJHbZgBXRSiLGuJZRfePQkTbonk_solanaTKC.png,999924522,"{""solana"":""49UseCTadQcTQNeqpKJHbZgBXRSiLGuJZRfePQkTbonk""}",18
v5g2uxKKpSAUXkCw8d51A2r9jvBJLDJD7jFPkTSpump_solana,GERALD,Gerald The Dolphin,gerald-the-dolphin,gerald-the-dolphin4gH.png,999480942,"{""solana"":""v5g2uxKKpSAUXkCw8d51A2r9jvBJLDJD7jFPkTSpump""}",18
6Jj5vp8sMzj2SRAVRN9ZS2bqBUYDCvPxLGShXKMHpump_solana,PENNYSTOCK,penny stock,penny-stock,penny-stockxfv.png,996574324,"{""solana"":""6Jj5vp8sMzj2SRAVRN9ZS2bqBUYDCvPxLGShXKMHpump""}",18
hood6900,HOOD,HOOD6900,hood6900,hood6900Q38.png,981756624,"{""robinhood"":""0x25824447ed0e26b0741858b67065bb6bd0017b15""}",18
5dfHpiBxagAKGUMLpCM246qHb8i8gADE3xdpVnDKpump_solana,SHEEP,The Righteous Sheep,the-righteous-sheep,the-righteous-sheepVfS.png,999296697,"{""solana"":""5dfHpiBxagAKGUMLpCM246qHb8i8gADE3xdpVnDKpump""}",18
tema-photonics-optical-etf-rstock,RLAZR,Tema Photonics & Optical ETF Tokenized Stock (Reality),tema-photonics-optical-etf-rstock,tema-photonics-optical-etf-rstockquU.png,114.0806,"{""arbitrum-one"":""0x95cf393d4ad166f5a585461021ae42132e5fbccf""}",18
6gTqf9JFiCK3wPg5pTBzWY3iMkH8z9SbuJX8R2vxpump_solana,TOBY,Troll Dog,troll-dog,6gTqf9JFiCK3wPg5pTBzWY3iMkH8z9SbuJX8R2vxpump_solanaNbA.png,996401309,"{""solana"":""6gTqf9JFiCK3wPg5pTBzWY3iMkH8z9SbuJX8R2vxpump""}",18
0x75fdef6c412e22bd561f671d7c4d4899859f94ba_abstract,BEARY,BEARY,beary,0x75fdef6c412e22bd561f671d7c4d4899859f94ba_abstractEwE.png,989710457,"{""abstract"":""0x75fdef6c412e22bd561f671d7c4d4899859f94ba""}",18
CMx1EUTXhnUKYF5xYMCSkDmJfvRSD7a4iwayW1DVpump_solana,0X,0x,0x-2,0x-2GbC.png,998896238,"{""solana"":""CMx1EUTXhnUKYF5xYMCSkDmJfvRSD7a4iwayW1DVpump""}",18
F86LPriiF5mnqpvaX2UqtKeJAjjSD12EAFoBg4JRpump_solana,AGENT,AgentPad,agentpad,agentpads32.png,998515172,"{""solana"":""F86LPriiF5mnqpvaX2UqtKeJAjjSD12EAFoBg4JRpump""}",18
flnt,FLNT,FLNT,flnt,flntYmB.png,852606640,"{""binance_smart"":""0x90ac160a9597475e31c970ae71ff4863060f7777""}",18
DezaX4JqtoZ9TdUZ5eGbPtQtpzkQFDERuWUMFgnypump_solana,FLIPCOIN,Flip Coin,flip-coin,DezaX4JqtoZ9TdUZ5eGbPtQtpzkQFDERuWUMFgnypump_solanaNt2.png,999896767,"{""solana"":""DezaX4JqtoZ9TdUZ5eGbPtQtpzkQFDERuWUMFgnypump""}",18
0x64baa63f3eedf9661f736d8e4d42c6f8aa0cda71_base,GEKO,Geko Base,geko-base,0x64baa63f3eedf9661f736d8e4d42c6f8aa0cda71_baseZuF.png,1000000000,"{""base"":""0x64baa63f3eedf9661f736d8e4d42c6f8aa0cda71""}",18
sellas-life-sciences-group-dinari-tokenized-stock,SLS,Sellas Life Sciences Group (Dinari Tokenized Stock),sellas-life-sciences-group-dinari-tokenized-stock,sellas-life-sciences-group-dinari-tokenized-stockIpT.png,476,"{""ethereum"":""0x425d441366481c8cb57fcbab5b1487058f4b7789"",""base"":""0xeb5d81a49d798955c95345accfa063ba17071764"",""arbitrum-one"":""0x10a5f1b37067c8a43720ea2454cf9392966bffea"",""avalanche"":""0x2aa93be7b88708c87be469ab892691f5aded4db4""}",18
8Kpqq6791DvdomkV59DXMqRXvoh3k6wM6nbFNkcBpump_solana,DIAMOND,Diamond Hands,diamond-hands-5,diamond-hands-5cGx.png,998173622,"{""solana"":""8Kpqq6791DvdomkV59DXMqRXvoh3k6wM6nbFNkcBpump""}",18
0x220c6019203aaa7f14b5cd44a323446019609798_base,SPORT,Sports Analyst AI,sports-analyst-ai,sports-analyst-aiaoq.png,21000000,"{""base"":""0x220c6019203aaa7f14b5cd44a323446019609798""}",18
wrapped-nibiru,WNIBI,Wrapped Nibiru,wrapped-nibiru,wrapped-nibirubmm.png,10945425,"{""nibiru"":""0x0cacf669f8446beca826913a3c6b96acd4b02a97""}",18
water-5,WATER,Water,water-5,water-5gdo.png,999986177,"{""solana"":""WATERR4RJzjvDGZjuMhiy155f6uA9qbbjNFfRPvAKfP""}",18
79dGFnR8XUusyDiK3n8yZ6FXhJjWLFgzdsi2SkUpump_solana,LIA,Dog saved by Grok,dog-saved-by-grok,dog-saved-by-grokHer.png,999134672,"{""solana"":""79dGFnR8XUusyDiK3n8yZ6FXhJjWLFgzdsi2SkUpump""}",18
GwZvGvVzjWTL1mvpw55KQWztTQvWo3B6ew16N2aspump_solana,BISON,The Charging Bison,the-charging-bison,the-charging-bisonUL6.png,999306052,"{""solana"":""GwZvGvVzjWTL1mvpw55KQWztTQvWo3B6ew16N2aspump""}",18
0xbcc7ff0361f659b1437001f9593e6d638b7dfc37_base,BRISE,BaseRise,baserise,baseriseNjI.png,843223804,"{""base"":""0xbcc7ff0361f659b1437001f9593e6d638b7dfc37""}",18
SVdeWmHnXsSSeU6sE7tf6x8hwBG5jYuUW141pRapump_solana,ZEROCLAW,ZeroClaw,zeroclaw,zeroclawkLL.png,999672975,"{""solana"":""SVdeWmHnXsSSeU6sE7tf6x8hwBG5jYuUW141pRapump""}",18
61aNNrrRp81a3ZztDL69dNyrcshBsqWZdWVSrpYpump_solana,PEPTI,PEPTIDES,peptides-2,peptides-2slO.png,974336320,"{""solana"":""61aNNrrRp81a3ZztDL69dNyrcshBsqWZdWVSrpYpump""}",18
8ruqZuRQJDHoMxCiCSqm6P41YSxRL6JNNKYiigKePVnn_solana,BWE,The Best Website Ever,the-best-website-ever,8ruqZuRQJDHoMxCiCSqm6P41YSxRL6JNNKYiigKePVnn_solanaLi0.png,991685570,"{""solana"":""8ruqZuRQJDHoMxCiCSqm6P41YSxRL6JNNKYiigKePVnn""}",18
2etbhsr85QZEbVvpXeTtvvSuCeMt8FkX3dkYN4fqpump_solana,ANIMALTWT,#animaltwt,animaltwt,animaltwtI3B.png,999596236,"{""solana"":""2etbhsr85QZEbVvpXeTtvvSuCeMt8FkX3dkYN4fqpump""}",18
FRVCEaJuS8cuBTWR1JwVu35pBsKmHmt9n4LjSiF4pump_solana,SPRED,SPRED,spred,spredb1l.png,999488178,"{""solana"":""FRVCEaJuS8cuBTWR1JwVu35pBsKmHmt9n4LjSiF4pump""}",18
2KchKijPuwnwC92LPWVjFjRwB3WxKtzx9bbXZ7kRpump_solana,FUKU,Fuku,fuku-2,2KchKijPuwnwC92LPWVjFjRwB3WxKtzx9bbXZ7kRpump_solanazT1.png,999844590,"{""solana"":""2KchKijPuwnwC92LPWVjFjRwB3WxKtzx9bbXZ7kRpump""}",18
Gy55EJmheLyDXiZ7k7CW2FhunD1UgjQxQibuBn3Npump_solana,KAMIYO,KAMIYO,kamiyo,kamiyomZp.png,996939242,"{""solana"":""Gy55EJmheLyDXiZ7k7CW2FhunD1UgjQxQibuBn3Npump""}",18
G2sY22MDNmHHAz8PNfEjiZiwpasQoXpD6x3DokC4pump_solana,HIGHER,SO MUCH HIGHER,so-much-higher-2,so-much-higher-21YJ.png,989535899,"{""solana"":""G2sY22MDNmHHAz8PNfEjiZiwpasQoXpD6x3DokC4pump""}",18
0x814fe70e85025bec87d4ad3f3b713bdcaac0579b_base,BARIO,Based Bario,based-bario,0x814fe70e85025bec87d4ad3f3b713bdcaac0579b_baseT5H.png,1000000000,"{""base"":""0x814fe70e85025bec87d4ad3f3b713bdcaac0579b""}",18
91RxDpxbxVhBJV2Yn9P4SbVBgZitjtceFxn5dDtDbonk_solana,THICC,THICC,thicc,thiccFtB.png,999421956,"{""solana"":""91RxDpxbxVhBJV2Yn9P4SbVBgZitjtceFxn5dDtDbonk""}",18
abi,ABI,Abi,abi,abiVB8.png,999822063,"{""solana"":""F2w7z5sVe72SXnkj5qc48KXgXY2Pzj1fNtJXarmGpump""}",18
0x83094ecef16971cd09092aa7cdd7f90ded2e4444_binance_smart,ZKASTER,zkAster,zkaster,0x83094ecef16971cd09092aa7cdd7f90ded2e4444_binance_smart28W.png,1000000000,"{""binance_smart"":""0x83094ecef16971cd09092aa7cdd7f90ded2e4444""}",18
J5LugyRpwHi4TYB16UYWpDuSx6z5zsuJ7pMjU95Cpump_solana,XENO,XENOMORPH,xenomorph,J5LugyRpwHi4TYB16UYWpDuSx6z5zsuJ7pMjU95Cpump_solanad8y.png,996415749,"{""solana"":""J5LugyRpwHi4TYB16UYWpDuSx6z5zsuJ7pMjU95Cpump""}",18
archerautomates,ARCHER,ArcherAutomates,archerautomates,archerautomatesvL2.png,1000000000,"{""robinhood"":""0x3d0a2e4763eee58a7c631acf7ff13ad6398a5141""}",18
obscra,OBX,Obscra,obscra,obscranya.png,999832251,"{""solana"":""ttgtaonT9ncgPqgsgJxmLe4Ls1VuVaqJyDyvJJfpump""}",18
0x5f0ce6272c00e2632bce3216de92270714f7be74_ethereum,COD3R,cod3r.ai,cod3r-ai,cod3r-aibED.png,1000000000,"{""ethereum"":""0x5f0ce6272c00e2632bce3216de92270714f7be74""}",18
3T5gKSRQy6ZbUJwGEhDL6yg73nTaLVax6TagkcTDpump_solana,MUBARAK,Mubarak Sol,mubarak-sol,mubarak-solOQt.png,996522932,"{""solana"":""3T5gKSRQy6ZbUJwGEhDL6yg73nTaLVax6TagkcTDpump""}",18
0xe96184c99b3a3b89c907ea0753c5fde9e3c572ab_robinhood,SYNAPSE,Synapse Protocol,synapse-protocol,synapse-protocolCrD.png,989994382,"{""robinhood"":""0xe96184c99b3a3b89c907ea0753c5fde9e3c572ab""}",18
Dw5pFVAknixjKbs4RhpCVpqw77fwwauaZNTDUSWpump_solana,GOSLINGS,Justice for Goslings,justice-for-goslings,justice-for-goslingszv0.png,999258865,"{""solana"":""Dw5pFVAknixjKbs4RhpCVpqw77fwwauaZNTDUSWpump""}",18
the-shredded-whale,BELUCHAD,The Shredded Whale,the-shredded-whale,the-shredded-whalePsx.png,958664110,"{""solana"":""2zrHZZGwouwFtsh7KrGe2p9gi97Wb2ANtPKJbf4Wpump""}",18
huntington-ingalls-industries-inc-robinhood-token,HII,"Huntington Ingalls Industries, Inc. • Robinhood Token",huntington-ingalls-industries-inc-robinhood-token,huntington-ingalls-industries-inc-robinhood-tokenQNu.png,20.347,"{""robinhood"":""0xeb61c0ed490a367d4e3631ccf8a74b3bfc7e775d""}",18
0x9c3e837f8ae028ccb7220e0d91153922e323ffff_binance_smart,ELFIE,Elfie 精灵,elfie,elfieT84.png,1000000000,"{""binance_smart"":""0x9c3e837f8ae028ccb7220e0d91153922e323ffff""}",18
0x9eebc9d0162eab236ad4672caef8dba40dc06c24_robinhood,CREDITLINE,Credit Line,credit-line,credit-lineV1G.png,1000000000,"{""robinhood"":""0x9eebc9d0162eab236ad4672caef8dba40dc06c24""}",18
LoLLZBUGyTPNWyFF48KbcmkZGc1ajwaFdWoLhF2nBfQ_solana,CRINGE,CRINGE,cringe,LoLLZBUGyTPNWyFF48KbcmkZGc1ajwaFdWoLhF2nBfQ_solanaJJC.png,998544057,"{""solana"":""LoLLZBUGyTPNWyFF48KbcmkZGc1ajwaFdWoLhF2nBfQ""}",18
christmas-season,XMAS,Christmas Season,christmas-season,christmas-seasonJsP.png,999060112,"{""solana"":""BJkgs94YDeAhSjXRSMestfM4CgMQ8L1m55NSEKjrpump""}",18
vaneck-bitcoin-etf-dinari-tokenized-etf,HODL,VanEck Bitcoin ETF (Dinari Tokenized ETF),vaneck-bitcoin-etf-dinari-tokenized-etf,vaneck-bitcoin-etf-dinari-tokenized-etfrTK.png,251.6863,"{""ethereum"":""0xaedc5e1e05c2fb8840f6d6df4e8f63e983c32bd5"",""base"":""0x842d4a6d10e41eaae03b4df87e575be53b296fc6"",""arbitrum-one"":""0x0c59f6b96d3cac58240429c7659ec107f8b1efa7"",""avalanche"":""0x329afa0ab8e40c803f1206af8225f34261db5f85""}",18
0x465ac9ca56f340bc5b96b02c065ae80f3d893eec_ethereum,BOATKID,BoatKid ,boatkid,0x465ac9ca56f340bc5b96b02c065ae80f3d893eec_ethereumC5o.png,0,"{""ethereum"":""0x465ac9ca56f340bc5b96b02c065ae80f3d893eec""}",18
0x226676c9e15be689817f5ae44863f0811181a5ae_ethereum,DEWA,DEWA GO,dewa-go,0x226676c9e15be689817f5ae44863f0811181a5ae_ethereum2w2.png,1000000000,"{""ethereum"":""0x226676c9e15be689817f5ae44863f0811181a5ae""}",18
GNp2Vzrf5VfjA1vRF7MyzpcC3YfF8LEiJLY7rNsRpump_solana,ATNM,Autonoma Network,autonoma-network,GNp2Vzrf5VfjA1vRF7MyzpcC3YfF8LEiJLY7rNsRpump_solana72E.png,999547224,"{""solana"":""GNp2Vzrf5VfjA1vRF7MyzpcC3YfF8LEiJLY7rNsRpump""}",18
0xfd9fa4f785331ce88b5af8994a047ba087c705d8_base,$BLUE,blue on base,blue-on-base,blue-on-basePCm.png,1000000000000,"{""base"":""0xfd9fa4f785331ce88b5af8994a047ba087c705d8""}",18
the-loonies,LOON,The Loonies,the-loonies,the-looniesxlY.png,1000000000,"{""aptos"":""0x268d4a7a2ad93274edf6116f9f20ad8455223a7ab5fc73154f687e7dbc3e3ec6::LOON::LOON""}",18
7mM2D6brqpKSZ8ttuEehf1XCukQMJSHutQXBQxtypump_solana,SAVINGS,your new savings,your-new-savings,7mM2D6brqpKSZ8ttuEehf1XCukQMJSHutQXBQxtypump_solanaKan.png,999044811,"{""solana"":""7mM2D6brqpKSZ8ttuEehf1XCukQMJSHutQXBQxtypump""}",18
mute,MUTE,Mute,mute,mutep1a.png,40000000,"{""ethereum"":""0xa49d7499271ae71cd8ab9ac515e6694c755d400c"",""zksync"":""0x0e97c7a0f8b2c9885c8ac9fc6136e829cbc21d42""}",18
GTc5QQbZSf7W3CpvwqFkWXjPwRhYds8R8iJyR3e7pump_solana,CODED,soft shill,soft-shill,GTc5QQbZSf7W3CpvwqFkWXjPwRhYds8R8iJyR3e7pump_solanaJ3s.png,999184001,"{""solana"":""GTc5QQbZSf7W3CpvwqFkWXjPwRhYds8R8iJyR3e7pump""}",18
0xf8f259389c1f29769e0388579d458fb799489185_base,ASTA,Altariste by Virtuals,altariste-by-virtuals,0xf8f259389c1f29769e0388579d458fb799489185_basendm.png,1000000000,"{""base"":""0xf8f259389c1f29769e0388579d458fb799489185""}",18
manyufest,MFEST,Manyufest,manyufest,manyufestFuP.png,946600028,"{""ethereum"":""0x9df9b5a26a5b62a2090cd0ebc6df626e0d4ead09""}",18
worlds,WORLDS,Worlds,worlds,worldsE76.png,989654084,"{""solana"":""2NK1zUACYojPGdVESHwHT8shKHusNWxiMSAgMRcwpump""}",18
C4jMVM797K2FqzbwxJn4TdPyuVhso7kCUu7UXRfjpump_solana,WAA,WAA,waa,C4jMVM797K2FqzbwxJn4TdPyuVhso7kCUu7UXRfjpump_solanagl1.png,998961431,"{""solana"":""C4jMVM797K2FqzbwxJn4TdPyuVhso7kCUu7UXRfjpump""}",18
0x46d7b18f7c0a946298ce7ae400df5384bf5addef_robinhood,ENDAI,Let's End AI,let-s-end-ai,0x46d7b18f7c0a946298ce7ae400df5384bf5addef_robinhoodrhp.png,1000000000,"{""robinhood"":""0x46d7b18f7c0a946298ce7ae400df5384bf5addef""}",18
4KMGg8YFKFewZsNuRrfqgDLuR15iVtPxEPe9GyFzpump_solana,SSOL,SantaSol,santasol,4KMGg8YFKFewZsNuRrfqgDLuR15iVtPxEPe9GyFzpump_solanaQ2a.png,999097043,"{""solana"":""4KMGg8YFKFewZsNuRrfqgDLuR15iVtPxEPe9GyFzpump""}",18
B6CdHKLm1XRxxgTnK9cNvT3DA75hPc9WUjTkxVUupump_solana,ORAMAMA,ORA MAMA,ora-mama,ora-mama0nA.png,998146767,"{""solana"":""B6CdHKLm1XRxxgTnK9cNvT3DA75hPc9WUjTkxVUupump""}",18
De4ULouuU2cAQkhKuYrsrFtJGRRmcSwQD5esmnAUpump_solana,SOLANA,Solana The Pygmy Hippo,solana-the-pygmy-hippo,solana-the-pygmy-hippopnq.png,999771986,"{""solana"":""De4ULouuU2cAQkhKuYrsrFtJGRRmcSwQD5esmnAUpump""}",18
BiwQX15cvwpyyGa5SC8uEXCqE94yXKFuLFSj5WtBbonk_solana,PITAYA,Pitaya,pitaya,BiwQX15cvwpyyGa5SC8uEXCqE94yXKFuLFSj5WtBbonk_solana1fA.png,999377896,"{""solana"":""BiwQX15cvwpyyGa5SC8uEXCqE94yXKFuLFSj5WtBbonk""}",18
onto-innovation-inc-robinhood-token,ONTO,Onto Innovation Inc. • Robinhood Token,onto-innovation-inc-robinhood-token,onto-innovation-inc-robinhood-tokenNie.png,16.821,"{""robinhood"":""0x8ff63eaeee3fe54ba450c4f5538064ec5a893aef""}",18
0x729bcb002e38f415502596617cd52321acb4e681_robinhood,STOCK,Stocktopia,stocktopia,0x729bcb002e38f415502596617cd52321acb4e681_robinhoodta0.png,1000000000,"{""robinhood"":""0x729bcb002e38f415502596617cd52321acb4e681""}",18
0x50e0de39e80b55fe2a29464c105a2823c11e83d4_binance_smart,WR,White Rat,white-rat,white-ratZ3T.png,1000000000000000,"{""binance_smart"":""0x50e0de39e80b55fe2a29464c105a2823c11e83d4""}",18
0x312df46aaa8e8c8821e6fedccca237efa8f44444_binance_smart,WANGCAI,旺财 (Wealthy),wealthy,0x312df46aaa8e8c8821e6fedccca237efa8f44444_binance_smartckF.png,1000000000,"{""binance_smart"":""0x312df46aaa8e8c8821e6fedccca237efa8f44444""}",18
3bV6a2fBT9EzWBbXiphnLMmmAEQ1faYwppCY2Fnhpump_solana,TROLLBOY,NBA TROLLBOY,nba-trollboy,nba-trollboyCq1.png,983492050,"{""solana"":""3bV6a2fBT9EzWBbXiphnLMmmAEQ1faYwppCY2Fnhpump""}",18
6ofzqLnHhobh7cJ4C63rAf5qnKU8AoMxVBi7Kkm6n9wq_solana,ACTP,Act II: The Peanut Prophecy,act-ii-the-peanut-prophecy,6ofzqLnHhobh7cJ4C63rAf5qnKU8AoMxVBi7Kkm6n9wq_solana4Nu.png,996833036,"{""solana"":""6ofzqLnHhobh7cJ4C63rAf5qnKU8AoMxVBi7Kkm6n9wq""}",18
0x6dc9f6764f18a4a299c968653d1ad8ccdda04444_binance_smart,PDGN,Degen Perp Dex,degen-perp-dex,0x6dc9f6764f18a4a299c968653d1ad8ccdda04444_binance_smartMWV.png,1000000000,"{""binance_smart"":""0x6dc9f6764f18a4a299c968653d1ad8ccdda04444""}",18
BpRMSjbQqm26f51HYKeBLfKEs43yXUhaKA8DXvCxpump_solana,FRIED,Deep Fried Memes,deep-fried-memes,BpRMSjbQqm26f51HYKeBLfKEs43yXUhaKA8DXvCxpump_solananWK.png,997806766,"{""solana"":""BpRMSjbQqm26f51HYKeBLfKEs43yXUhaKA8DXvCxpump""}",18
AU1dQQhLho6M5YuyRvhvofPrQWt3sRiB9FmsXtW3pump_solana,PGC,Pumps Gone Crazy,pumps-gone-crazy,AU1dQQhLho6M5YuyRvhvofPrQWt3sRiB9FmsXtW3pump_solanaEtJ.png,999210442,"{""solana"":""AU1dQQhLho6M5YuyRvhvofPrQWt3sRiB9FmsXtW3pump""}",18
0x5c0033ce0029f709a51313e20615f74e1d00a549_robinhood,STOCKIMPALER,The Stock Impaler,the-stock-impaler,0x5c0033ce0029f709a51313e20615f74e1d00a549_robinhoodZVg.png,972041688,"{""robinhood"":""0x5c0033ce0029f709a51313e20615f74e1d00a549""}",18
LWPihkg8SWDiAzG5TXAsgQuJeSZ3cXem1VStNX8PLAY_solana,CAPYSIM,Capybara Simulator Playcoin,capybara-simulator-playcoin,capybara-simulator-playcoinsEF.png,867770300,"{""solana"":""LWPihkg8SWDiAzG5TXAsgQuJeSZ3cXem1VStNX8PLAY""}",18
tax-income-from-fees,TIFF,Tax Income From Fees,tax-income-from-fees,tax-income-from-feesCv3.png,928745488,"{""solana"":""8rLcHLi5UARNbWhKh6YNUB7NFuLph8Dv2qWXHxaHoPDq""}",18
9Y3fY1kwYUTgLwBU7DZKkEwCsZYj3BrXQNP74ZNEpump_solana,SMOLCAT,SMOLCAT,smolcat,smolcatLbM.png,979143758,"{""solana"":""9Y3fY1kwYUTgLwBU7DZKkEwCsZYj3BrXQNP74ZNEpump""}",18
smart-cashtags,CASHTAGS,Smart Cashtags,smart-cashtags,smart-cashtagsda1.png,875439332,"{""solana"":""55PbiW5TQ9QqcyJN4rUcZsigBhAkBwV1YcGfyAjSpump""}",18
4cvZwC17oMiUA7peKX5GhbaUWv4U5Lwrd8118xnFpump_solana,CATALORIAN,Elon's Space Cat,elon-s-space-cat,elon-s-space-catz40.png,996960500,"{""solana"":""4cvZwC17oMiUA7peKX5GhbaUWv4U5Lwrd8118xnFpump""}",18
3hPjuKcU2Bs2hGnwrkNnYFnmkUbJNsaPpM6MzRH7pump_solana,DUNALD,Dunald Tromp,dunald-tromp,dunald-trompKWs.png,1000000000,"{""solana"":""3hPjuKcU2Bs2hGnwrkNnYFnmkUbJNsaPpM6MzRH7pump""}",18
CrNchbhLnu4CzEjuc8uoxwFcaBgAYvY7RCf1vSm1pump_solana,UNICORN,the 1 billion horse,the-1-billion-horse,the-1-billion-horselrU.png,994962435,"{""solana"":""CrNchbhLnu4CzEjuc8uoxwFcaBgAYvY7RCf1vSm1pump""}",18
molting,MOLTING,Molting,molting,moltingPAq.png,999651554,"{""solana"":""5552z6Qp2xr596ox1UVN4ppDwwyjCfY8cXwzHMXgMcaS""}",18
ESAYabnPzfaZGcwNtTL5RL1RBaoW7vYUNx5n6QfTpump_solana,PIGEON,level941,level941-2,level941-2EmP.png,999741778,"{""solana"":""ESAYabnPzfaZGcwNtTL5RL1RBaoW7vYUNx5n6QfTpump""}",18
3MrwYcAvGNNtMcHwscSqFQJ3qhMpKwxZCbprYrz1RYWi_solana,BONER,boner,boner-2,boner-2gbl.png,997470417,"{""solana"":""3MrwYcAvGNNtMcHwscSqFQJ3qhMpKwxZCbprYrz1RYWi""}",18
hop,HOP,HOP,hop,hopeX8.png,918367347,"{""robinhood"":""0x5078b8a31ea44e9445f71b0ce6d68af63a6d78ef""}",18
VorF8e4oBGC3Pn9JgWHXEUbVU3ck3Fkvzr5y8B3Zq2h_solana,VORF,Vanguard Oil Retirement Fund,vanguard-oil-retirement-fund,vanguard-oil-retirement-fundLxA.png,399999048,"{""solana"":""VorF8e4oBGC3Pn9JgWHXEUbVU3ck3Fkvzr5y8B3Zq2h""}",18
A2vb8eA7HiRpb19fA2Dxz3XT8Mb1XxuNC6Su4aThVeLo_solana,PUMPATHON,THE LONGEST PUMPFUN STREAM,the-longest-pumpfun-stream,A2vb8eA7HiRpb19fA2Dxz3XT8Mb1XxuNC6Su4aThVeLo_solanawM3.png,998522395,"{""solana"":""A2vb8eA7HiRpb19fA2Dxz3XT8Mb1XxuNC6Su4aThVeLo""}",18
EU1q1FfzCPG9QHZZQvy1fL7vmisWtBApMcaiaWsVpump_solana,TRENCHES,Trenches,trenches,EU1q1FfzCPG9QHZZQvy1fL7vmisWtBApMcaiaWsVpump_solanaqVJ.png,999001544,"{""solana"":""EU1q1FfzCPG9QHZZQvy1fL7vmisWtBApMcaiaWsVpump""}",18
blood-crystal,BC,Blood Crystal,blood-crystal,blood-crystaloN6.png,844043746,"{""ethereum"":""0x4b6d036d0bc62a633acca6d10956e9dbbb16748f"",""polygon-pos"":""0xfe049f59963545bf5469f968e04c9646d6e2c2c5""}",18
Eme5T2s2HB7B8W4YgLG1eReQpnadEVUnQBRjaKTdBAGS_solana,CRM,Crypto Rug Muncher,crypto-rug-muncher,Eme5T2s2HB7B8W4YgLG1eReQpnadEVUnQBRjaKTdBAGS_solana3Ub.png,999772305,"{""solana"":""Eme5T2s2HB7B8W4YgLG1eReQpnadEVUnQBRjaKTdBAGS""}",18
CQDfbCK17ExoXA66nLS2XFrtwPVDhQJDdFRWErjx3Zba_solana,JUST,Justcoin,justcoin,justcoin3Gh.png,99898187301,"{""solana"":""CQDfbCK17ExoXA66nLS2XFrtwPVDhQJDdFRWErjx3Zba""}",18
jeff-the-groundhog,JEFF,Jeff The Groundhog,jeff-the-groundhog,jeff-the-groundhogBfe.png,983256968,"{""solana"":""7jFpDComUfCZnFrG65CR9wyDesFtA5oJPvUMdfuopump""}",18
EbtkxtLroYojLHZbpvnsd8A83FnMZD5cFyf2iZfxpump_solana,GARRY,The Internet's AI Punching Bag,the-internet-s-ai-punching-bag,the-internet-s-ai-punching-bagU7J.png,999123404,"{""solana"":""EbtkxtLroYojLHZbpvnsd8A83FnMZD5cFyf2iZfxpump""}",18
Dh5GKcPQFBJXw74yP4u7BCHYQzHoG6JX8dXQaNwvpump_solana,WAN,น้องวัน (Nong Wan),nong-wan,nong-wan6dG.png,797730762,"{""solana"":""Dh5GKcPQFBJXw74yP4u7BCHYQzHoG6JX8dXQaNwvpump""}",18
rh-otc,RHOTC,RH OTC,rh-otc,rh-otcO6n.png,1000000000,"{""robinhood"":""0x513e7a4375dd34d4c0a609b7003a1674056c863e""}",18
9VYUuSVZGw82Nz8rcSix4x4zurBmvkfiKtyvYCY4pump_solana,MINDVOID COIN,MINDVOID COIN,mindvoid-coin,mindvoid-coinsks.png,999565984,"{""solana"":""9VYUuSVZGw82Nz8rcSix4x4zurBmvkfiKtyvYCY4pump""}",18
GoPffEZ5yuWNnBuUCmwx9idbH9D63xATkrGa6E9kpump_solana,████,████,redacted-3,redacted-3229.png,999060222,"{""solana"":""GoPffEZ5yuWNnBuUCmwx9idbH9D63xATkrGa6E9kpump""}",18
alxai,ALXAI,alXAI,alxai,alxaiWzn.png,1875235,"{""arbitrum-one"":""0x4ac623237de0aa622b4fdf4da63cf97216371acf""}",18
tako-2,TAKO,TAKO,tako-2,tako-20sv.png,1000000000,"{""binance_smart"":""0x15b204919815b32fc8c6319d2f09d98a02c41111""}",18
zucchini,ZUCCHINI,Zucchini,zucchini,zucchiniRSQ.png,998506672,"{""solana"":""PcXXS4RGSnsDgqerxnqCWaMGyzvzcMnUzNvkHcCZUCC""}",18
4YuD8JVXFeyeowJacXMLY3QKhd6NwaJhto1Xqrnwpump_solana,比比拉布,bibilabu,bibilabu,bibilabuHmO.png,999936238,"{""solana"":""4YuD8JVXFeyeowJacXMLY3QKhd6NwaJhto1Xqrnwpump""}",18
0x95ff646bcf1603ca78ad1619ddcfef1a228c0366_base,NICO,Nico,nico-2,nico-21AN.png,1000000000,"{""base"":""0x95ff646bcf1603ca78ad1619ddcfef1a228c0366""}",18
wrapped-libertas-omnibus,LIBERTAS,Wrapped LIBERTAS OMNIBUS,wrapped-libertas-omnibus,wrapped-libertas-omnibusXKf.png,7107,"{""zksync"":""0xc6dac3a53d5d6de9d1d05aa6e28b8e9e41722601""}",18
0xaf79b22c0994b5e9188dea5b4321b3d99fadbee9_base,ROAR,Roarin,roarin,roarinsAu.png,1000000000,"{""base"":""0xaf79b22c0994b5e9188dea5b4321b3d99fadbee9""}",18
0x4f0a3bb884ac105d5e9f5ece437b05fc9a374444_binance_smart,SENDIT,Send It,send-it,0x4f0a3bb884ac105d5e9f5ece437b05fc9a374444_binance_smartS8P.png,1000000000,"{""binance_smart"":""0x4f0a3bb884ac105d5e9f5ece437b05fc9a374444""}",18
the-trade-desk-inc-robinhood-token,TTD,"The Trade Desk, Inc. • Robinhood Token",the-trade-desk-inc-robinhood-token,the-trade-desk-inc-robinhood-tokenRgm.png,442.269,"{""robinhood"":""0x0b5fb4031cae9163db10b169ee72685f0edc8545""}",18
grok-cat,GROKCAT,Grok Cat,grok-cat,grok-catlEp.png,4200000000,"{""binance_smart"":""0x4615c8e2db74517a34712c9bdea5c418d999014b""}",18
HNHNHcornzS5NsMegJA8wq2Ao68xVmKrHDRFif6pump_solana,WHITEDOG,The White Dog,the-white-dog,the-white-dogIuY.png,998825093,"{""solana"":""HNHNHcornzS5NsMegJA8wq2Ao68xVmKrHDRFif6pump""}",18
0x6948de89f535ed4a3b07122be0fe1ae65d527c03_base,ACTUAL,ACTUAL,actual,0x6948de89f535ed4a3b07122be0fe1ae65d527c03_basestR.png,1000000000,"{""base"":""0x6948de89f535ed4a3b07122be0fe1ae65d527c03""}",18
dev-wallet,DEV WALLET,Dev Wallet,dev-wallet,dev-wallettCw.png,891476953,"{""binance_smart"":""0xd4b0cd944463fe7a4a196de227465c7cc1e0ffff""}",18
Fxb2Spt5fxoRZNeiMro2RFvr5vDKAggJYdgZVvJvpump_solana,CLOUT,Clout,clout-2,Fxb2Spt5fxoRZNeiMro2RFvr5vDKAggJYdgZVvJvpump_solanaTvC.png,998504597,"{""solana"":""Fxb2Spt5fxoRZNeiMro2RFvr5vDKAggJYdgZVvJvpump""}",18
pepe-s-son-by-matt-furie,BEPE,PEPE’s Son By Matt Furie,pepe-s-son-by-matt-furie,pepe-s-son-by-matt-furieMuq.png,977990298,"{""solana"":""vPqxCA5pPv1nnWCPBJBLnBDTTthiV8dCD1YPx6Wpump""}",18
3oL99tu2qnxka3HnxY8g1cXNpgBJ5ojoSWWFiDMopump_solana,BOUTYWORK,BOUTYWORK,boutywork,boutyworkIvR.png,999999013,"{""solana"":""3oL99tu2qnxka3HnxY8g1cXNpgBJ5ojoSWWFiDMopump""}",18
Bx3REmoo2J4t4K6JF83AbQTkY8C6G6sc7TyyaCe8surg_solana,UNICORN,Unicorn,unicorn-6,unicorn-6BOn.png,999579602,"{""solana"":""Bx3REmoo2J4t4K6JF83AbQTkY8C6G6sc7TyyaCe8surg""}",18
4SXJJw2GKVTeoxqjrcrFNb3S59632wXjVRSJN8kFpump_solana,GGK,Ging Gong Kaew,ging-gong-kaew,4SXJJw2GKVTeoxqjrcrFNb3S59632wXjVRSJN8kFpump_solanaiVa.png,999793615,"{""solana"":""4SXJJw2GKVTeoxqjrcrFNb3S59632wXjVRSJN8kFpump""}",18
51Yc9NkkNKMbo31XePni6ZFKMFz4d6H273M8CRhCpump_solana,SMS,Stork,stork,51Yc9NkkNKMbo31XePni6ZFKMFz4d6H273M8CRhCpump_solana2gy.png,996105500,"{""solana"":""51Yc9NkkNKMbo31XePni6ZFKMFz4d6H273M8CRhCpump""}",18
0x14d4ce8b1729c67130bcd90339ea1f9b480a739f_base,AMARA,AMARA,amara,0x14d4ce8b1729c67130bcd90339ea1f9b480a739f_base6i6.png,1000000000,"{""base"":""0x14d4ce8b1729c67130bcd90339ea1f9b480a739f""}",18
BNsEiRYcktWVft8V1sgK9Achk1cLQ4fdZLAfHzWqbonk_solana,DOGCOIN,Dogcoin,dogcoin-3,BNsEiRYcktWVft8V1sgK9Achk1cLQ4fdZLAfHzWqbonk_solana3VO.png,997598085,"{""solana"":""BNsEiRYcktWVft8V1sgK9Achk1cLQ4fdZLAfHzWqbonk""}",18
midterm-elections,MIDTERMS,Midterm Elections,midterm-elections,midterm-electionsKfk.png,983177114,"{""solana"":""4tzmsD8EpQVPqHDdzSXWNHJnBLL3fNUFbLv3nufjpump""}",18
6ZUQAjQsAr3JQRRmbf5wXVgpCxD8vuq6jZGfRpTspump_solana,APED,i aped,i-aped,6ZUQAjQsAr3JQRRmbf5wXVgpCxD8vuq6jZGfRpTspump_solanaISv.png,997694396,"{""solana"":""6ZUQAjQsAr3JQRRmbf5wXVgpCxD8vuq6jZGfRpTspump""}",18
chumbai-valley,CHMB,Chumbi Valley,chumbai-valley,chumbai-valleyqRg.png,27317557426,"{""binance_smart"":""0x5492ef6aeeba1a3896357359ef039a8b11621b45""}",18
ponshare,PONSHARE,Ponshare,ponshare,ponshare5oo.png,987244001,"{""robinhood"":""0x2037e55cff7e635bd982689ff408f5aad97bbb9b""}",18
AX9D7Nqtu3enaeL4ELxoagsNV7AyEQEhK2ziwiyJpump_solana,PMPR,PmprBot,pmprbot,pmprbote6A.png,971392498,"{""solana"":""AX9D7Nqtu3enaeL4ELxoagsNV7AyEQEhK2ziwiyJpump""}",18
turbo-win,TURBO,TURBO.WIN,turbo-win,turbo-win8e9.png,482487464,"{""ethereum"":""0x109ba5f0230b7b39e4a8ab56e7361db89fa0e108""}",18
HegMoXeaVf8sUsHsqW8KEQtTzwHGZKuK5y8sMSCNpump_solana,WIZB,The Wizard of Buyback,the-wizard-of-buyback,HegMoXeaVf8sUsHsqW8KEQtTzwHGZKuK5y8sMSCNpump_solana2y8.png,998826697,"{""solana"":""HegMoXeaVf8sUsHsqW8KEQtTzwHGZKuK5y8sMSCNpump""}",18
0x384c3f978950a98523529a205163bf63a69e8dd5_robinhood,KERF,Kerf,kerf,0x384c3f978950a98523529a205163bf63a69e8dd5_robinhoodGJP.png,903261956,"{""robinhood"":""0x384c3f978950a98523529a205163bf63a69e8dd5""}",18
CkAuhMagnem2iukGwApsfw1ypWETWDdKFD1Xrrtspump_solana,BULLCAT,bullcat,bullcat-2,bullcat-2Zgm.png,999765315,"{""solana"":""CkAuhMagnem2iukGwApsfw1ypWETWDdKFD1Xrrtspump""}",18
darkstar,DARKSTAR,DarkStar,darkstar,darkstardP6.png,1000000000,"{""binance_smart"":""0xb05f4747eb3d18a3fa4aa3e5c627f02ccc70d005"",""klay-token"":""0x06053d778ea9200605bd3bcec374368fbcc0e3d6""}",18
2MBq3mrKSKf6NnG5x29rBK4B9f7CWR4N1EQJ18NsViRL_solana,TRALALERO,Tralalero Tralala,tralalero-tralala-3,tralalero-tralala-3Ze4.png,999548063,"{""solana"":""2MBq3mrKSKf6NnG5x29rBK4B9f7CWR4N1EQJ18NsViRL""}",18
orbryn,ORBRYN,ORBRYN,orbryn,orbrynsmj.png,999968230,"{""solana"":""DQjXSW2MrNqKfq2aLXTpw47atLnkdm877gRHPWMVpump""}",18
6d9PCh5ocA2v4S7E6G1Hn1dfd72XxE8HJu22r4Sspump_solana,01,Theodore Shellington,theodore-shellington,theodore-shellington89M.png,998277409,"{""solana"":""6d9PCh5ocA2v4S7E6G1Hn1dfd72XxE8HJu22r4Sspump""}",18
0xd0d5ff4c23f294f0b2f629dc1e2c57b09c374444_binance_smart,EGGPLANT,茄子 (Eggplant),eggplant-2,eggplant-22Za.png,1000000000,"{""binance_smart"":""0xd0d5ff4c23f294f0b2f629dc1e2c57b09c374444""}",18
885RTdvsovMYXpWAUDACqm2cjAka3USEdENpXv4Epump_solana,RETARDCOIN,retardcoin,retardcoin-2,retardcoin-2c2E.png,974314396,"{""solana"":""885RTdvsovMYXpWAUDACqm2cjAka3USEdENpXv4Epump""}",18
E3HaoVGnezn7M8D8zvBnim2zj45otSMtk1drakNMpump_solana,DIP,dog in pain,dog-in-pain,dog-in-painLcM.png,998368702,"{""solana"":""E3HaoVGnezn7M8D8zvBnim2zj45otSMtk1drakNMpump""}",18
Byb8WojwPWthyMm8iwtcd9CQhcZjnjQmhTRi5GN7BAGS_solana,MILADY.AI,Milady.AI,milady-ai,milady-aifUB.png,999976651,"{""solana"":""Byb8WojwPWthyMm8iwtcd9CQhcZjnjQmhTRi5GN7BAGS""}",18
optopia-ai,OPAI,Optopia AI,optopia-ai,optopia-aihHq.png,10000000000,"{""ethereum"":""0xf8e57ac2730d3088d98b79209739b0d5ba085a03"",""solana"":""BK5GJDHXs9Nhnn4fcJrTauZ4guii5oEw7Cyxr6Ecpnqc""}",18
0x39e58c9b8a539e007b4457a5dd1107b1434d278b_avalanche,BJUB,Baby JubJub,baby-jubjub,0x39e58c9b8a539e007b4457a5dd1107b1434d278b_avalanchehSY.png,10000000000,"{""avalanche"":""0x39e58c9b8a539e007b4457a5dd1107b1434d278b""}",18
0x0bc61768132aa1484e2b09301284b7def78a4444_binance_smart,BENJI,Benji Bean,benji-bean,benji-beanU4L.png,1000000000,"{""binance_smart"":""0x0bc61768132aa1484e2b09301284b7def78a4444""}",18
ASq6BSBLc9sj8eg33eDyhk8xssq4zSnetrM5zTtUpump_solana,BITBABY,Bitty Baby,bitty-baby,ASq6BSBLc9sj8eg33eDyhk8xssq4zSnetrM5zTtUpump_solanaOEt.png,999805145,"{""solana"":""ASq6BSBLc9sj8eg33eDyhk8xssq4zSnetrM5zTtUpump""}",18
0xa67b2080b0b9b8f458bef979ee56b706986f31aa_robinhood,QNTA,Quanta,quanta-2,quanta-29Pk.png,980000000,"{""robinhood"":""0xa67b2080b0b9b8f458bef979ee56b706986f31aa""}",18
0xcb5566e73bee5390c75df834d4727dcecc65fc87_robinhood,MAST,Mast Bond,mast-bond,mast-bondszN.png,1000000000,"{""robinhood"":""0xcb5566e73bee5390c75df834d4727dcecc65fc87""}",18
8KbB6b8uHV3bYd3AJA5nm5vNSqXf29veBVAm91Lpump_solana,MEEKO,Meekocoin,meekocoin,meekocoindlt.png,989111452,"{""solana"":""8KbB6b8uHV3bYd3AJA5nm5vNSqXf29veBVAm91Lpump""}",18
0x814bae70c5782f2a08b1893543fab49ceb77569f_ethereum,TOASTY,Toasty Coin,toasty-coin,toasty-coinRUv.png,420690000000,"{""ethereum"":""0x814bae70c5782f2a08b1893543fab49ceb77569f""}",18
the-white-alien,WHITEALIEN,The White Alien,the-white-alien,the-white-alienhAW.png,956045934,"{""solana"":""2Ci4XBmr67JFoS5YPrE8hmJPN9QgkcUab7xd8Vpipump""}",18
randy,RANDY,RANDY,randy,randyr2l.png,838561776,"{""robinhood"":""0x7f3d6b93809fd4534bf3c5b25deeaec0aab5a1d8""}",18
state-street-spdr-s-p-oil-gas-exploration-production-etf-dinari-tokenized-etf,XOP,State Street SPDR S&P Oil & Gas Exploration & Production ETF (Dinari Tokenized ETF),state-street-spdr-s-p-oil-gas-exploration-production-etf-dinari-tokenized-etf,state-street-spdr-s-p-oil-gas-exploration-production-etf-dinari-tokenized-etfNRr.png,28.1172,"{""ethereum"":""0x5682c94f8beb75b5e5cb57e41fe8c2429d9d84b5"",""base"":""0xb608e35515b22c05af465575f24cc2f56ca30066"",""arbitrum-one"":""0xdba23d9b8da7d449481a9b6bf95bd314d488db55"",""avalanche"":""0x5682c94f8beb75b5e5cb57e41fe8c2429d9d84b5""}",18
FfoqzbWHM2U3cuTWtJvPBfVSyYHFsaUVyLHriVBHwYN_solana,MORTGAGE,Mortgage Coin,mortgage-coin,mortgage-coingos.png,999072555,"{""solana"":""FfoqzbWHM2U3cuTWtJvPBfVSyYHFsaUVyLHriVBHwYN""}",18
0x31bacbd9c4f9dcc5bc7b59ba3a3b0ee5bee34444_binance_smart,FFJ,Fight For Justice,fight-for-justice,0x31bacbd9c4f9dcc5bc7b59ba3a3b0ee5bee34444_binance_smartWk6.png,1000000000,"{""binance_smart"":""0x31bacbd9c4f9dcc5bc7b59ba3a3b0ee5bee34444""}",18
irrawaddy-dolphin,IRRAWADDY,Irrawaddy dolphin,irrawaddy-dolphin,irrawaddy-dolphincme.png,999043654,"{""solana"":""EjR5wxxVmv3zKbhawpfJb2f1GeHWsQjGQX6JVDgLpump""}",18
3mecmcGqs4q9RMzFKZFZTBEcbtA7SPFKPKb9kDvxpump_solana,ONE,if memecoins have a million fans,if-memecoins-have-a-million-fans,if-memecoins-have-a-million-fansBgV.png,999090425,"{""solana"":""3mecmcGqs4q9RMzFKZFZTBEcbtA7SPFKPKb9kDvxpump""}",18
icat,ICAT,iCat,icat,icatMbx.png,1000000000,"{""robinhood"":""0xbe4a5bc82d8b6569a0a646cd5d4365c32d59cc89""}",18
could-be-the-move,CBTM,Could Be The Move,could-be-the-move,could-be-the-moveWiA.png,1000000000,"{""solana"":""FpZWLF31ymwJQNKwdhxAog9HwFEJGWjk6JqQUWYnuHry""}",18
0xed93a0bcbd7793b4dd6ca0033b813344512c106d_ethereum,TUGGIN,Tuggin,tuggin,0xed93a0bcbd7793b4dd6ca0033b813344512c106d_ethereumRBL.png,69000000000,"{""ethereum"":""0xed93a0bcbd7793b4dd6ca0033b813344512c106d""}",18
maow,MAOW,maow,maow,maowEq6.png,999364865,"{""solana"":""Fh4GcNpEhZJvDDdXhUCe7jxzhqQKZk2NGgDY9zjBbonk""}",18
0x9f235d23354857efe6c541db92a9ef1877689bcb_base,$GOODLE,Goodle,goodle,0x9f235d23354857efe6c541db92a9ef1877689bcb_base5hJ.png,100000000000,"{""base"":""0x9f235d23354857efe6c541db92a9ef1877689bcb""}",18
YXUpFaULqhrLJS79JmFtAsNZQ2JDTnPemmdVZEFpump_solana,TIGERSHARK,Tiger Shark,tiger-shark,tiger-sharkOV8.png,999999734,"{""solana"":""YXUpFaULqhrLJS79JmFtAsNZQ2JDTnPemmdVZEFpump""}",18
0x6c104b6b8f61236fda2b751ccdebcc00a11c7777_binance_smart,蝴蝶奇迹,Butterfly Miracle,butterfly-miracle,butterfly-miraclevCJ.png,669891154,"{""binance_smart"":""0x6c104b6b8f61236fda2b751ccdebcc00a11c7777""}",18
ricelabs,RICE,RiceLabs,ricelabs,ricelabsZ5x.png,1000000000,"{""robinhood"":""0x811624d7a62e5079052a9b4f8ec0a139ef389283""}",18
0xe10833de865ec804e29499278457b3a620dc6666_binance_smart,ALIEN,alien,alien-2,alien-2M2i.png,1000000000,"{""binance_smart"":""0xe10833de865ec804e29499278457b3a620dc6666""}",18
ASRNzwDpYWseimGQh3GootWLphpuMe3cUnpoH4mFbonk_solana,二哈,Erha,erha,ASRNzwDpYWseimGQh3GootWLphpuMe3cUnpoH4mFbonk_solanaF1g.png,1000000000,"{""solana"":""ASRNzwDpYWseimGQh3GootWLphpuMe3cUnpoH4mFbonk""}",18
8243mJtEQZSEYh5DBmvHSwrN8tmcYkAuG67CgoT2pump_solana,OOBE,Out of body experience,out-of-body-experience,8243mJtEQZSEYh5DBmvHSwrN8tmcYkAuG67CgoT2pump_solanaXQF.png,963759317,"{""solana"":""8243mJtEQZSEYh5DBmvHSwrN8tmcYkAuG67CgoT2pump""}",18
0x7849241ccff81511f26c2a86ef9d96624e948975_ethereum,ACORE,ACORE AI Token,acore-ai-token,acore-ai-token2do.png,100000000,"{""ethereum"":""0x7849241ccff81511f26c2a86ef9d96624e948975""}",18
E7vTVLLaxV3y68cpnDx2Q7ExeznhWgJKwPziKDsrpump_solana,HOMIE,Welcome Back Homie,welcome-back-homie,welcome-back-homieUxI.png,999563050,"{""solana"":""E7vTVLLaxV3y68cpnDx2Q7ExeznhWgJKwPziKDsrpump""}",18
greasycex,GCX,GreasyCEX,greasycex,greasycex0nU.png,69696969,"{""ergo"":""d1d2ae2ac0456aa43550dd4fda45e4f866d523be9170d3a3e4cab43a83926334""}",18
B5X3YLev9bUkLuBJsjA9vMkpRxSLDgStDwofBLvRBAGS_solana,FARTBOY,Fartboy OFFICIAL,fartboy-official,fartboy-officialJgl.png,999415653,"{""solana"":""B5X3YLev9bUkLuBJsjA9vMkpRxSLDgStDwofBLvRBAGS""}",18
A8YFC9X61bz9SCbmLkccitqM7mXqqHKN2hBZx1Y3pump_solana,SLOP,Slop,slop-2,slop-2kiR.png,995391768,"{""solana"":""A8YFC9X61bz9SCbmLkccitqM7mXqqHKN2hBZx1Y3pump""}",18
easycoin,EASY,easycoin,easycoin,easycoinwUj.png,999921072,"{""solana"":""FKshTXX4wUcirV9b4LhLrNP4cxAsA2VBAFdMEw5EASY""}",18
8zdFumGcK2iF8AcqfSEjaPX4NzPuP3Tyx7msnvcsBAGS_solana,UNBAGGED,Unbagging The Ocean,unbagging-the-ocean,8zdFumGcK2iF8AcqfSEjaPX4NzPuP3Tyx7msnvcsBAGS_solanaSn8.png,998244248,"{""solana"":""8zdFumGcK2iF8AcqfSEjaPX4NzPuP3Tyx7msnvcsBAGS""}",18
truthaiswarm,TRUTHAI,TruthAiSwarm,truthaiswarm,truthaiswarmold.png,979273932,"{""solana"":""FMzbxgGBQp2DTqzBE5KCpb3srd7oo4sUQLLoV3kzpump""}",18
AuPMJ2VqiJd6gd2e65ALYhpSctzCYancBYLG5usfBAGS_solana,BEL,bellscoin,bellscoin-2,bellscoin-2QTI.png,998893304,"{""solana"":""AuPMJ2VqiJd6gd2e65ALYhpSctzCYancBYLG5usfBAGS""}",18
6XNxPVyTAWGFEBauPMeVevq5qpszsagzuZzA5SSJpump_solana,ELGNT,ElizaAgentic,elizaagentic,elizaagenticV1P.png,984834918,"{""solana"":""6XNxPVyTAWGFEBauPMeVevq5qpszsagzuZzA5SSJpump""}",18
0x5a7b18ba78d2ec0fd1ef4cd196bc0d7564dc4444_binance_smart,GENESIS,Genesis Arena,genesis-arena,0x5a7b18ba78d2ec0fd1ef4cd196bc0d7564dc4444_binance_smartex3.png,1000000000,"{""binance_smart"":""0x5a7b18ba78d2ec0fd1ef4cd196bc0d7564dc4444""}",18
0x638a57267633b8bd9756de2e3a1e2de658b52b07_base,REPLY,Reply,reply,0x638a57267633b8bd9756de2e3a1e2de658b52b07_basevc6.png,100000000000,"{""base"":""0x638a57267633b8bd9756de2e3a1e2de658b52b07""}",18
FneWQD6Ycu4yn6gGGYK1BawrVu2Pf91B7Q8X5MUkpump_solana,SLEEPCOIN,buy and sleep,buy-and-sleep,FneWQD6Ycu4yn6gGGYK1BawrVu2Pf91B7Q8X5MUkpump_solana6Eh.png,999923300,"{""solana"":""FneWQD6Ycu4yn6gGGYK1BawrVu2Pf91B7Q8X5MUkpump""}",18
wrapstocks,WRS,WrapStocks,wrapstocks,wrapstocksMoc.png,972674375,"{""robinhood"":""0x89f0d6ce0be6b9dbffa5fcd1b163bb8215154acc""}",18
FW6R4QQeP4fzqRwDHbBkpjHx3ecvYwhd5g7chKg8pump_solana,WINNING,Official Winning Coin,official-winning-coin,official-winning-coinT1U.png,994900366,"{""solana"":""FW6R4QQeP4fzqRwDHbBkpjHx3ecvYwhd5g7chKg8pump""}",18
0x7e2734515b6da78182d8cad69e7f275ea28bd687_base,TRADED,traded,traded,traded3V4.png,1000000000,"{""base"":""0x7e2734515b6da78182d8cad69e7f275ea28bd687""}",18
mystery-5,MYSTERY,Mystery,mystery-5,mystery-5U7Z.png,1000000000,"{""robinhood"":""0xa5bac17a919a10ba0628cda5bcf273681e1a8d4e""}",18
2tgZJ6N7buMDq9HZWbzXvSPFq6MYWbrAGCoDD22Ypump_solana,AIKO,Aiko by ElizaOS,aiko-by-elizaos,aiko-by-elizaosbBn.png,999774000,"{""solana"":""2tgZJ6N7buMDq9HZWbzXvSPFq6MYWbrAGCoDD22Ypump""}",18
unknown0,UNK0,unknown0,unknown0,unknown0dxG.png,951205559,"{""robinhood"":""0x745c1c97551204f10cd5eb51c1b6902fece13b0e""}",18
3Ps2gVJpDyEM2NDPgQNWreVUUn45i3HiRFb9rjdXpump_solana,OVARY,ovary,ovary,ovary4Qw.png,999326607,"{""solana"":""3Ps2gVJpDyEM2NDPgQNWreVUUn45i3HiRFb9rjdXpump""}",18
4SkFDZZ1SxSw3M79ohRPfmdxYKKCd21hxQnhYeWNpump_solana,AF,America First,america-first,america-firsttnc.png,999312552,"{""solana"":""4SkFDZZ1SxSw3M79ohRPfmdxYKKCd21hxQnhYeWNpump""}",18
H57gd4TRhsmhg5brTe2bygibAKp2btwS1uEStoUrpump_solana,LAD,LAD,lad,H57gd4TRhsmhg5brTe2bygibAKp2btwS1uEStoUrpump_solanaXth.png,1000000000,"{""solana"":""H57gd4TRhsmhg5brTe2bygibAKp2btwS1uEStoUrpump""}",18
Fv73EXJBRfctJzLVC3P7uQP6er6JU8b4KtDr4LQFpump_solana,BRICK,brickcoin,brickcoin,brickcoinzeS.png,993158408,"{""solana"":""Fv73EXJBRfctJzLVC3P7uQP6er6JU8b4KtDr4LQFpump""}",18
0xbc7e5d630fc4ee095de2535d20e5af26958111a7_robinhood,BABYPONS,BabyPons,babypons,babyponsqlR.png,919828595,"{""robinhood"":""0xbc7e5d630fc4ee095de2535d20e5af26958111a7""}",18
FWMad1gzugDrifDTxUYFxkAH8SWWSoDT2BfZP8Pnpump_solana,CROW,Crow Computer,crow-computer,FWMad1gzugDrifDTxUYFxkAH8SWWSoDT2BfZP8Pnpump_solanaQWu.png,977628447,"{""solana"":""FWMad1gzugDrifDTxUYFxkAH8SWWSoDT2BfZP8Pnpump""}",18
4CmYCPDzU22ck8hT6AiPVk2iTHg9SeYtPCXZNuonpump_solana,AMURICAH,amuricah,amuricah,amuricahDt9.png,998790729,"{""solana"":""4CmYCPDzU22ck8hT6AiPVk2iTHg9SeYtPCXZNuonpump""}",18
FaBXnb7UFBY81hi1XgHcDxKeVkeiqaTxBbuXtsH3pump_solana,NEU,Neucoin,neucoin-2,neucoin-2HpK.png,999546804,"{""solana"":""FaBXnb7UFBY81hi1XgHcDxKeVkeiqaTxBbuXtsH3pump""}",18
0xb47efcc461d3cd6b270daf15388a77a3fae64ad1_robinhood,TRADOOR,THE TRADOOR,the-tradoor,the-tradoorYHZ.png,918367347,"{""robinhood"":""0xb47efcc461d3cd6b270daf15388a77a3fae64ad1""}",18
0xddec0170ceb4426ea05f2fbd485dffa4fafa6615_robinhood,CCC,Cashcat Chain,cashcat-chain,cashcat-chainj0i.png,1000000000,"{""robinhood"":""0xddec0170ceb4426ea05f2fbd485dffa4fafa6615""}",18
roundhill-magnificent-seven-etf-dinari-tokenized-etf,MAGS,Roundhill Magnificent Seven ETF (Dinari Tokenized ETF),roundhill-magnificent-seven-etf-dinari-tokenized-etf,roundhill-magnificent-seven-etf-dinari-tokenized-etfGAW.png,74.1273,"{""ethereum"":""0x4e2d5dbfc4bb837bda7a47ee04bf2c4a73e9ef84"",""base"":""0x9202818a13e0472e9db9fe7f8851e918b44e9b41"",""arbitrum-one"":""0x77aa0c05f6c632537e8609c9d1b0e5ed9cbd13ac"",""avalanche"":""0x6843cb79f3b44740d84c0203f61bad2d4c1f4ab2""}",18
Fi53jWrDo5uFf9CciJBw2CPdj6mbvP8oyi7PBMC7pump_solana,BUTTPLUG,buttplug coin,buttplug-coin,buttplug-coinFP0.png,999430379,"{""solana"":""Fi53jWrDo5uFf9CciJBw2CPdj6mbvP8oyi7PBMC7pump""}",18
WchjLJqbq8AY283hoYKLs7ikBVYbnxUD8aHZf5upump_solana,KRILL,The Krill,the-krill,WchjLJqbq8AY283hoYKLs7ikBVYbnxUD8aHZf5upump_solana6xD.png,986055349,"{""solana"":""WchjLJqbq8AY283hoYKLs7ikBVYbnxUD8aHZf5upump""}",18
zenko-2,ZOLANA,Zenko,zenko-2,zenko-2vKU.png,985696076,"{""solana"":""Ez6gPDiNK7VtGe5o9vnhDHJq9QPHvEYmSo8teu8mpump""}",18
0x0b2acaaf45fc201d239c5915572730f4bff1999f_ethereum,GOOSE,Goose,goose,0x0b2acaaf45fc201d239c5915572730f4bff1999f_ethereumXKF.png,888000000,"{""ethereum"":""0x0b2acaaf45fc201d239c5915572730f4bff1999f""}",18
locksleys-bank,LSBK,Locksleys Bank,locksleys-bank,locksleys-bankCxR.png,957814406,"{""robinhood"":""0xf50cef741082045dc8d15f82e8104f85744b24ea""}",18
0xac6708e83698d34cd5c09d48249b0239008d0ccf_ethereum,FORTKNOX,Fort Knox,fort-knox,0xac6708e83698d34cd5c09d48249b0239008d0ccf_ethereumXrD.png,1000000000,"{""ethereum"":""0xac6708e83698d34cd5c09d48249b0239008d0ccf""}",18
solaredge-technologies-ondo-tokenized,SEDGON,SolarEdge Technologies (Ondo Tokenized),solaredge-technologies-ondo-tokenized,solaredge-technologies-ondo-tokenizedpBf.png,152.5791,"{""ethereum"":""0x8e82a0d7347329703fb6c6a745b1c2b3abb1658c"",""binance_smart"":""0x8755c5c39b1aa9053a83ac731242a2cf4d04b0fe"",""solana"":""EAwP9LGNjTkQ2YeKE6CGKqBYtrJ6APFvRe7KCMmondo""}",18
muttski-2,WOOF,Muttski,muttski-2,muttski-2a2G.png,0,"{""sonic"":""0x7f883da3b0d77978075f7c9c03e1b9f461ca1b8d""}",18
AY1ZUqnLhrBwtrsKb2EJY4Hthaq9aaorifhFkQQPory_solana,XSAI,XScouter AI,xscouter-ai,xscouter-ainCF.png,499989,"{""solana"":""AY1ZUqnLhrBwtrsKb2EJY4Hthaq9aaorifhFkQQPory""}",18
urmom,URMOM,URMOM,urmom,urmomele.png,18000000000,"{""solana"":""GACxkcy9WDWHhB15oKLHp3PPzQV4zLt2m7dcGPoZLkZY""}",18
8rUHbf6cP8ufxqKQUuRhhM5yyDKPr4tN5e5ANz8Ppump_solana,JSS,Julia Swarm Syndicate,julia-swarm-syndicate,julia-swarm-syndicatetAy.png,964224016,"{""solana"":""8rUHbf6cP8ufxqKQUuRhhM5yyDKPr4tN5e5ANz8Ppump""}",18
0x3365b7833c78d8cd38027e10f3f32c2a42bd4444_binance_smart,POLYMIND,Polymind,polymind,0x3365b7833c78d8cd38027e10f3f32c2a42bd4444_binance_smartyF9.png,1000000000,"{""binance_smart"":""0x3365b7833c78d8cd38027e10f3f32c2a42bd4444""}",18
CdZuiJEgdwQVZBWZrd6MvYwZshsT5HvB6tJYAjzuUTAP_solana,TAPS,Tapestry AI,tapestry-ai,CdZuiJEgdwQVZBWZrd6MvYwZshsT5HvB6tJYAjzuUTAP_solanaI0n.png,999887026,"{""solana"":""CdZuiJEgdwQVZBWZrd6MvYwZshsT5HvB6tJYAjzuUTAP""}",18
F2hgieC18MeUWaWMoyaxLSQCzS7yAjRz1HgmbGAEpump_solana,KREDO,Kredo,kredo,F2hgieC18MeUWaWMoyaxLSQCzS7yAjRz1HgmbGAEpump_solanahax.png,999752272,"{""solana"":""F2hgieC18MeUWaWMoyaxLSQCzS7yAjRz1HgmbGAEpump""}",18
cleanspark-robinhood-tokenized-stock,CLSK,CleanSpark • Robinhood Token,cleanspark-robinhood-tokenized-stock,cleanspark-robinhood-tokenized-stock0yU.png,395.307,"{""robinhood"":""0xcbb95bbf36099d34da091dc6fa6f49efa257cee3""}",18
CTaQCjEs7UHscQmX4f5r3NqyiMFMxAHNgyNxxXhgpump_solana,ROBOBOOK,Robobook,robobook,robobookN9X.png,999380141,"{""solana"":""CTaQCjEs7UHscQmX4f5r3NqyiMFMxAHNgyNxxXhgpump""}",18
launchpost,LAUNCHPOST,launchpost,launchpost,launchpostagO.png,903128022,"{""robinhood"":""0x32a47bcfae323fcaa0d5b22cd0c67ca434ae4100""}",18
ADMiFUmFUz3tzLozh7yTy2zWe1soM61aE995TZqLpump_solana,ENGRAVE,Engrave Protocol,engrave-protocol,ADMiFUmFUz3tzLozh7yTy2zWe1soM61aE995TZqLpump_solanaPiu.png,998249644,"{""solana"":""ADMiFUmFUz3tzLozh7yTy2zWe1soM61aE995TZqLpump""}",18
bopdog,BOPDOG,bopdog,bopdog,bopdogili.png,999176042,"{""solana"":""BZ8SLQP9zCK93zUdYj7XzUKHgVj71PCBXVYKtVSLpump""}",18
multichain-bridged-usdc-dogechain,USDC,Multichain Bridged USDC (Dogechain),multichain-bridged-usdc-dogechain,multichain-bridged-usdc-dogechainoG9.png,400497,"{""dogechain"":""0x765277eebeca2e31912c9946eae1021199b39c61""}",18
EXdq6GgKTNGQiMyW3s61CwV9meTEdPM5Yd1EpdoXBAGS_solana,PAPER,Paper Bag,paper-bag,paper-bagMrc.png,998746465,"{""solana"":""EXdq6GgKTNGQiMyW3s61CwV9meTEdPM5Yd1EpdoXBAGS""}",18
cadence-design-systems-rstock,RCDNS,Cadence Design Systems Tokenized Stock (Reality),cadence-design-systems-rstock,cadence-design-systems-rstockwj0.png,14.2716,"{""arbitrum-one"":""0x216354363718e85825bca1cc2c3a0ae8414b397e"",""morph-l2"":""0xeedd12b282708b98932cacee0f74be3155928362""}",18
macom-technology-solutions-holdings-inc-robinhood-token,MTSI,"MACOM Technology Solutions Holdings, Inc. • Robinhood Token",macom-technology-solutions-holdings-inc-robinhood-token,macom-technology-solutions-holdings-inc-robinhood-tokenkke.png,17.383,"{""robinhood"":""0xc93f4d80e268ab922e871bd169156c3cc41894e6""}",18
9H6t1ao2XP2ZeNKRo2gQ3ckrxcUTXgjDmSY1ZB6fpump_solana,BWED,BWED,bwed,9H6t1ao2XP2ZeNKRo2gQ3ckrxcUTXgjDmSY1ZB6fpump_solanaVV4.png,961339558,"{""solana"":""9H6t1ao2XP2ZeNKRo2gQ3ckrxcUTXgjDmSY1ZB6fpump""}",18
5vXq6Pb2n91W243XLSARY7GtUMcomr7TwfKPRY31pump_solana,ZPAY,Solaire Privacy,solaire-privacy,solaire-privacyAw8.png,997831530,"{""solana"":""5vXq6Pb2n91W243XLSARY7GtUMcomr7TwfKPRY31pump""}",18
united-microelectronics-robinhood-tokenized-stock,UMC,United Microelectronics • Robinhood Token,united-microelectronics-robinhood-tokenized-stock,united-microelectronics-robinhood-tokenized-stockhkq.png,193.321,"{""robinhood"":""0x0e6e67ba88e7b5d9b67636a215c76779b948de79""}",18
pupnance,PUPX,Pupnance,pupnance,pupnancedmR.png,500000000000000,"{""binance_smart"":""0xe9ff81d70aa9319134748c1628b6768e8f281f19""}",18
2PrJoPoRzsm8DNuH6XPcTCtvt8XFzHBxqjwG5UC1pump_solana,PISS,liquid gold,liquid-gold,2PrJoPoRzsm8DNuH6XPcTCtvt8XFzHBxqjwG5UC1pump_solanaSGp.png,967191033,"{""solana"":""2PrJoPoRzsm8DNuH6XPcTCtvt8XFzHBxqjwG5UC1pump""}",18
0x5cdf61bef103d9b9fffe2b6edb6aab541ceec1ac_robinhood,FOMOBRAIN,FOMOBRAIN,fomobrain,0x5cdf61bef103d9b9fffe2b6edb6aab541ceec1ac_robinhoodfUY.png,1000000000,"{""robinhood"":""0x5cdf61bef103d9b9fffe2b6edb6aab541ceec1ac""}",18
FdpEvMwXM99WsCr5zwrQ5BqgQTSLULpewpXjfs7ABAGS_solana,DEGEN,Degen Social Media,degen-social-media,degen-social-mediaaFt.png,998719148,"{""solana"":""FdpEvMwXM99WsCr5zwrQ5BqgQTSLULpewpXjfs7ABAGS""}",18
0x39dc5d59771bd73f9e3658b0da27578ece2b783a_robinhood,HASHPAD,Hashpad,hashpad-3,0x39dc5d59771bd73f9e3658b0da27578ece2b783a_robinhoodnrw.png,982628531,"{""robinhood"":""0x39dc5d59771bd73f9e3658b0da27578ece2b783a""}",18
6kjzL6NBtwhzdhZJASqHMimfaxNBGqKd2h6JHnnbRuao_solana,MEMES,Memes Protocol,memes-protocol,6kjzL6NBtwhzdhZJASqHMimfaxNBGqKd2h6JHnnbRuao_solanaMYF.png,1000000000,"{""solana"":""6kjzL6NBtwhzdhZJASqHMimfaxNBGqKd2h6JHnnbRuao""}",18
0x7eb8f6a94cb6ffdf9f38c9d5b92e45de81474444_binance_smart,佩佩,Pepe on BnB,peipei-2,peipei-2i0U.png,1000000000,"{""binance_smart"":""0x7eb8f6a94cb6ffdf9f38c9d5b92e45de81474444""}",18
2kPoRJf9DTvcJPDBr1os49pGC1X3qSbJDLYPw12Rmoon_solana,PEWPEW,PewPew,pewpew-2,pewpew-2w0L.png,999533732,"{""solana"":""2kPoRJf9DTvcJPDBr1os49pGC1X3qSbJDLYPw12Rmoon""}",18
ge-vernova-inc-robinhood-token,GEV,GE Vernova Inc. • Robinhood Token,ge-vernova-inc-robinhood-token,ge-vernova-inc-robinhood-tokenSTz.png,4.719,"{""robinhood"":""0x94b8aae43a1ccc08aa64b7d1f29b4d920af4a0c9""}",18
instadapp-usdc,IUSDC,Instadapp USDC,instadapp-usdc,instadapp-usdcMpI.png,4207,"{""ethereum"":""0xc8871267e07408b89aa5aecc58adca5e574557f8""}",18
looks-good,SENDIT,looks good,looks-good,looks-goodUnP.png,998945723,"{""solana"":""8ztixkSGb1sdq4cBAA44NRAdkUZBuRz9snquq72Gpump""}",18
0x72d404ababfadf995519dda27ae9cdf3e5774444_binance_smart,PC,Peoples Culture,peoples-culture,0x72d404ababfadf995519dda27ae9cdf3e5774444_binance_smartotM.png,1000000000,"{""binance_smart"":""0x72d404ababfadf995519dda27ae9cdf3e5774444""}",18
Ey8GJs2xgXcGJXjanwzB7qcaHftCa7HwxFBNEHR9pump_solana,AIKA,AIKA,aika,aikaEU1.png,999706945,"{""solana"":""Ey8GJs2xgXcGJXjanwzB7qcaHftCa7HwxFBNEHR9pump""}",18
D3jYB29ZjSRwry6c266VNoeVkQWH8fqSsMCy2F8xBAGS_solana,TREES,TreesCoin,treescoin,treescoinOcL.png,996986428,"{""solana"":""D3jYB29ZjSRwry6c266VNoeVkQWH8fqSsMCy2F8xBAGS""}",18
moonshift,MNSHFT,Moonshift,moonshift,moonshiftSaO.png,499977,"{""solana"":""3Zvj3RpdPnuys3f4CkcFLZEDwESnP6X7gUoufzk6Wory""}",18
9tcChCm93yuM93GDiwnERZQrD7wgyU21pHPRFmnxpump_solana,CHONK,Chonk the Frog,chonk-the-frog,9tcChCm93yuM93GDiwnERZQrD7wgyU21pHPRFmnxpump_solanav6k.png,915995318,"{""solana"":""9tcChCm93yuM93GDiwnERZQrD7wgyU21pHPRFmnxpump""}",18
wrapped-massa,WMAS,Wrapped Massa,wrapped-massa,wrapped-massaTTA.png,2110304,"{""massa"":""AS12U4TZfNK7qoLyEERBBRDMu8nm5MKoRzPXDXans4v9wdATZedz9""}",18
7S2bVZJYAYQwN6iwwf2fMMWu15ajLveh2QDYhtJ3pump_solana,HORNY,Horny,horny-2,horny-24qs.png,976965576,"{""solana"":""7S2bVZJYAYQwN6iwwf2fMMWu15ajLveh2QDYhtJ3pump""}",18
5jYVapvGEnEBoWtAose6mtgryy9yeCk2TsTEgT4dA3oq_solana,COWGORITHM,cowgorithm,cowgorithm,cowgorithmNIo.png,791414703,"{""solana"":""5jYVapvGEnEBoWtAose6mtgryy9yeCk2TsTEgT4dA3oq""}",18
5CwpF2UsgWvNKeDQaKZPjQCd6jM4K32yNVRVCuh1pump_solana,KURO,Kuro,kuro-3,kuro-3Tss.png,1000000000,"{""solana"":""5CwpF2UsgWvNKeDQaKZPjQCd6jM4K32yNVRVCuh1pump""}",18
cbbtc-core-morpho-vault,GTCBBTCC,cbBTC Core Morpho Vault,cbbtc-core-morpho-vault,cbbtc-core-morpho-vaultG3N.png,0.057783,"{""ethereum"":""0xf587f2e8aff7d76618d3b6b4626621860fbd54e3""}",18
Dz7DKLAbAbzBXMDcLUFCVzd4PKKDtZCtvjKJ7Wykpump_solana,DOGEWLFI,Official DogeWLFI Coin,official-dogewlfi-coin,official-dogewlfi-coinPWn.png,998198977,"{""solana"":""Dz7DKLAbAbzBXMDcLUFCVzd4PKKDtZCtvjKJ7Wykpump""}",18
12vYRvkvnZnY9e3J2mzZgfuE5u5e134tqHCeMcMrpump_solana,EARS,Growing Ears,growing-ears,growing-earsZz7.png,999729264,"{""solana"":""12vYRvkvnZnY9e3J2mzZgfuE5u5e134tqHCeMcMrpump""}",18
describe-games,DSCRIBE,Describe Games,describe-games,describe-gameslAH.png,999840225,"{""solana"":""5iDAk3xqPCAupe7F9N38sF2S8iduFLv399LFH4Jzpump""}",18
FtgKs1pyNhgGZmhywZUmgwtKR9SQnQgD9L1cnqKFpump_solana,MRASTEROID,ASTEROID NEIRO,asteroid-neiro,asteroid-neirodAr.png,999915819,"{""solana"":""FtgKs1pyNhgGZmhywZUmgwtKR9SQnQgD9L1cnqKFpump""}",18
676k7xHRPBxEQ1NsjEKHBtGqRHr3gPev3JBje3VApump_solana,BLUECHIP,BLUECHIP,bluechip,bluechipo9D.png,999999638,"{""solana"":""676k7xHRPBxEQ1NsjEKHBtGqRHr3gPev3JBje3VApump""}",18
4WRh23cmLWCwLgNnDd3V6CLCcMXFDgTQciB9tNejpump_solana,AIRI,Airi Virtual Companion,airi-virtual-companion,airi-virtual-companionWi3.png,996469688,"{""solana"":""4WRh23cmLWCwLgNnDd3V6CLCcMXFDgTQciB9tNejpump""}",18
Gv7sW9pe9khuPjCYmRUTmHNAFm8yWDJVtDVyA1DExqr4_solana,PIGEON,Pigeon In Yellow Boots,pigeon-in-yellow-boots,pigeon-in-yellow-bootsxd7.png,997654524,"{""solana"":""Gv7sW9pe9khuPjCYmRUTmHNAFm8yWDJVtDVyA1DExqr4""}",18
rektofun,REKTO,RektoFun,rektofun,rektofunHdU.png,999998151,"{""solana"":""13QUwwFK5bMTrxZ9xhYpD8oEVizRSFk79nTQqtvFEASY""}",18
BfbbiwubeghyQbnosCbj9LM9A56yV4K8vYiGdEtqpump_solana,KEEF,AGENT Keef,agent-keef,agent-keeftMO.png,999691880,"{""solana"":""BfbbiwubeghyQbnosCbj9LM9A56yV4K8vYiGdEtqpump""}",18
charlie-4,CHARLIE,Charlie,charlie-4,charlie-4FIz.png,1000000000,"{""base"":""0x806b6f3d576744c6b05088e4e49e3aadbca110cc""}",18
DtTPiFFX5oNnozjfoyYfDRFcSdPDuJNkYaZeEvSCBAGS_solana,ZACK ON BAG,ZACK on BAG,zack-on-bag,zack-on-bagOP6.png,999628524,"{""solana"":""DtTPiFFX5oNnozjfoyYfDRFcSdPDuJNkYaZeEvSCBAGS""}",18
0x2075f6e2147d4ac26036c9b4084f8e28b324397d_base,CTO,BaseCTO,basecto,0x2075f6e2147d4ac26036c9b4084f8e28b324397d_baseG9V.png,956751317,"{""base"":""0x2075f6e2147d4ac26036c9b4084f8e28b324397d""}",18
0x214754207f18df2e2624f82b3a49904086024444_binance_smart,SPEED,Speedrun,speedrun-2,0x214754207f18df2e2624f82b3a49904086024444_binance_smartfMb.png,1000000000,"{""binance_smart"":""0x214754207f18df2e2624f82b3a49904086024444""}",18
leprecoin,LEPRECOIN,Leprecoin,leprecoin,leprecoin1vS.png,999845311,"{""solana"":""C9smdbQEsoZhnNCYhqeLDNE17aMGdBjJvqzk59DCpump""}",18
multichain-bridged-wavax-fantom,WAVAX,Multichain Bridged WAVAX (Fantom),multichain-bridged-wavax-fantom,multichain-bridged-wavax-fantomZio.png,35133,"{""fantom"":""0x511d35c52a3c244e7b8bd92c0c297755fbd89212""}",18
0x522ec96bced6dc26325120edf3931d34e417a620_ethereum,STLKR,Market Stalker,market-stalker,0x522ec96bced6dc26325120edf3931d34e417a620_ethereumGu8.png,100000000,"{""ethereum"":""0x522ec96bced6dc26325120edf3931d34e417a620""}",18
2UZ2GtUJkbGQa1SLJ8zsQznCQvb2z4EJ2g9ZxCT3pump_solana,YEP,YEP,yep,yepyK2.png,999526811,"{""solana"":""2UZ2GtUJkbGQa1SLJ8zsQznCQvb2z4EJ2g9ZxCT3pump""}",18
0x5b5c9ec5e88ddd6697b5b2f9f0a8e03eae1186c47fa4d934798632dc2987b249_aptos,GOAPT,Goblin Staked APT,goblin-staked-apt,goblin-staked-aptt9r.png,7863,"{""aptos"":""0x5b5c9ec5e88ddd6697b5b2f9f0a8e03eae1186c47fa4d934798632dc2987b249""}",18
0xd5520d9d777a42d85f94834fbea162b17a197cfb_robinhood,BYTE,Byte,byte-5,byte-5f7h.png,942643975,"{""robinhood"":""0xd5520d9d777a42d85f94834fbea162b17a197cfb""}",18
0x05a05fbaadcd3ee7b934c3e3a9540a9d85db9956_robinhood,INSIDERS,Insiders,insiders,0x05a05fbaadcd3ee7b934c3e3a9540a9d85db9956_robinhoodnyy.png,953874955,"{""robinhood"":""0x05a05fbaadcd3ee7b934c3e3a9540a9d85db9956""}",18
wrapped-aave-avalanche-usdt,WAAVAUSDT,Wrapped Aave Avalanche USDT,wrapped-aave-avalanche-usdt,wrapped-aave-avalanche-usdt22j.png,4880,"{""avalanche"":""0x59933c571d200dc6a7fd1cda22495db442082e34""}",18
0x78a5d1de296f351a4bc1316fed9db443381a80cd_base,AEGON,AEGON by Virtuals,aegon,aegonn3S.png,1000000000,"{""base"":""0x78a5d1de296f351a4bc1316fed9db443381a80cd""}",18
8kp7gVCTWVbNP257A7MHgsYheshqYGnqWbApS6f3pump_solana,BADGER,badger badger badger,badger-badger-badger,8kp7gVCTWVbNP257A7MHgsYheshqYGnqWbApS6f3pump_solanaItJ.png,997205216,"{""solana"":""8kp7gVCTWVbNP257A7MHgsYheshqYGnqWbApS6f3pump""}",18
peptoma,PEPT,Peptoma,peptoma,peptomaaVN.png,999474199,"{""solana"":""HopMHHPfSV2kWQLghKt6xR1oWbPRLA2UyxnKGoPpump""}",18
0xf9962329a1e9fa84836d2f37640d7012fb588e9d_ethereum,DOGS,We Love Dogs,we-love-dogs,we-love-dogscId.png,1000000000,"{""ethereum"":""0xf9962329a1e9fa84836d2f37640d7012fb588e9d""}",18
BTyjf4y7sLXgtahZCH6X7gGRnGgYqRFyBSDjL6u6pump_solana,GROUP7,Group7,group7-2,BTyjf4y7sLXgtahZCH6X7gGRnGgYqRFyBSDjL6u6pump_solanaxeL.png,998268289,"{""solana"":""BTyjf4y7sLXgtahZCH6X7gGRnGgYqRFyBSDjL6u6pump""}",18
eli-lilly-dinari-tokenized-stock,LLY,Eli Lilly (Dinari Tokenized Stock),eli-lilly-dinari-tokenized-stock,eli-lilly-dinari-tokenized-stockHFB.png,4.3059,"{""ethereum"":""0xe42f5dd2ab7f19b3f7285d86e77a85ac07176319"",""base"":""0xe819553d3c5fd4898e755997e36040a16c35b392"",""arbitrum-one"":""0xd244b70b90a7b1ac98a8b53a43a63f3c070b1141"",""avalanche"":""0xe42f5dd2ab7f19b3f7285d86e77a85ac07176319""}",18
85ioZLv1JYA7z8YxAQ7PXeSCFbQWfn7J5L1ftbxQpump_solana,EGG,the most watched egg,the-most-watched-egg,85ioZLv1JYA7z8YxAQ7PXeSCFbQWfn7J5L1ftbxQpump_solanayhr.png,968385566,"{""solana"":""85ioZLv1JYA7z8YxAQ7PXeSCFbQWfn7J5L1ftbxQpump""}",18
CZQe93LL4f8wuHmTzLABELgZHRwkPZAbHwN9BKerpump_solana,ELIZABAO,ElizaBAO,elizabao,CZQe93LL4f8wuHmTzLABELgZHRwkPZAbHwN9BKerpump_solanaf9G.png,998374559,"{""solana"":""CZQe93LL4f8wuHmTzLABELgZHRwkPZAbHwN9BKerpump""}",18
HhqF5NowD4qThZBNDbgYAFvChEpAexSk1Qmu1nCzpump_solana,PUMPKETS,pumpkets,pumpkets,pumpketskzn.png,938587837,"{""solana"":""HhqF5NowD4qThZBNDbgYAFvChEpAexSk1Qmu1nCzpump""}",18
ExocdWVMKbZBsMo21M6c6SCj7n4k4s7vmUVz3mGvpump_solana,∅,Emptiness Coin,emptiness-coin,ExocdWVMKbZBsMo21M6c6SCj7n4k4s7vmUVz3mGvpump_solanaiyw.png,998400449,"{""solana"":""ExocdWVMKbZBsMo21M6c6SCj7n4k4s7vmUVz3mGvpump""}",18
sui-bull,BULL,Sui Bull,sui-bull,sui-bullEW9.png,10000000000,"{""sui"":""0xb0b6d9fa117da4f47c4895c4216cd3cad37d3b2f4425c62dbd4f4638b44e3f93::bull::BULL""}",18
0xda53e57e9c8036a7fd8fbecb7f9cf4f335a17777_binance_smart,暴雪,暴雪 (Blizzard),blizzard-2,blizzard-2rTa.png,711984969,"{""binance_smart"":""0xda53e57e9c8036a7fd8fbecb7f9cf4f335a17777""}",18
dognus,DOGNUS,Dognus,dognus,dognuspym.png,51749986650,"{""base"":""0xf086206423f9e9686192bee98c042131d7bc1336""}",18
gpu-grid,GGRID,GPU Grid,gpu-grid,gpu-gridN7w.png,999990493,"{""solana"":""e4gi5NCxK3Eb7HqXV1Rskc3dZtH4hcHTF8dCfa5EASY""}",18
3F57ME7sgqaGnajTd5XZeAzsgmE1nxyZvkAUsvRgpump_solana,ALGO,Dear Algorithm,dear-algorithm,dear-algorithm5vQ.png,998185361,"{""solana"":""3F57ME7sgqaGnajTd5XZeAzsgmE1nxyZvkAUsvRgpump""}",18
vladhood-2,VHOOD,Vladhood,vladhood-2,vladhood-2xeb.png,985725419,"{""robinhood"":""0x601fda468bdd8096067dfc1c86654ce2d8d7ab03""}",18
C3Tqmrgp7oKE6x5TmZaig5nVV4EPnQcw2BZyVRXboop_solana,SLUB,SLUB,slub,slubHPk.png,996987683,"{""solana"":""C3Tqmrgp7oKE6x5TmZaig5nVV4EPnQcw2BZyVRXboop""}",18
GAefbsZef5zGjacXf65ioie8gzHEnS9xzSWNZsxFpump_solana,HORSERADISH,horseradish,horseradish,horseradishPe7.png,999496921,"{""solana"":""GAefbsZef5zGjacXf65ioie8gzHEnS9xzSWNZsxFpump""}",18
vanguard-dividend-appreciation-etf-dinari-tokenized-etf,VIG,Vanguard Dividend Appreciation ETF (Dinari Tokenized ETF),vanguard-dividend-appreciation-etf-dinari-tokenized-etf,vanguard-dividend-appreciation-etf-dinari-tokenized-etfCvK.png,20.8123,"{""ethereum"":""0x6d9053c8834e8124193dbbca37c0bb053e3e6f20"",""base"":""0x88a13bbbd39c141c54dabb89701213b134b00af6"",""arbitrum-one"":""0xbfc0f411e94dd2627577caa9084c86a378fae38f"",""avalanche"":""0x18a64b100fd50a0da9e0a9c88eb92320afdc719c""}",18
9ZDghDhVrJih39y98dADEPKL9o3WLwXcLoks4Gvqpump_solana,ATNA,atna,atna,9ZDghDhVrJih39y98dADEPKL9o3WLwXcLoks4Gvqpump_solanaySF.png,998972196,"{""solana"":""9ZDghDhVrJih39y98dADEPKL9o3WLwXcLoks4Gvqpump""}",18
agentx402,AGENTX402,agentx402,agentx402,agentx402Zt8.png,999518215,"{""solana"":""cEVB54GaMohQf8GwE79ckFbSMSZvWPL27Z2nj7apump""}",18
room-royale,ROOM,Room Royale,room-royale,room-royaleoBY.png,999996394,"{""solana"":""EUy3DCs1GjYmLx1QfVUHZzQH9q9USSHRgYkBKcoapump""}",18
DZq1fdJfGjv27Cev8hNFZXJwhApB3xHpo3KMTTRvpump_solana,FERGANI,Fergani,fergani,ferganiCZ5.png,965274924,"{""solana"":""DZq1fdJfGjv27Cev8hNFZXJwhApB3xHpo3KMTTRvpump""}",18
BuWe9Wd5XqCUUV1xZMtcpCPg7iqdYoyC8dBdSbEUpump_solana,SWIPE,Polyswipe,polyswipe,BuWe9Wd5XqCUUV1xZMtcpCPg7iqdYoyC8dBdSbEUpump_solanazMW.png,1000000000,"{""solana"":""BuWe9Wd5XqCUUV1xZMtcpCPg7iqdYoyC8dBdSbEUpump""}",18
tradetide,TTD,TradeTide,tradetide,tradetide2kI.png,1000000000,"{""binance_smart"":""0x169ec30125728bc7912da2df76ab5f97f3bab9cb""}",18
D12fZ1v9WK3VhpLGejb99GT6MzwPjGWLhjN8upQmpump_solana,GLEGLE,glegle,glegle,gleglelaZ.png,999375022,"{""solana"":""D12fZ1v9WK3VhpLGejb99GT6MzwPjGWLhjN8upQmpump""}",18
J3HZ1sxS2U8wK9wMuTujdv47PCfah4TzkWoFSEnzpump_solana,GREG,Greg,greg-2,greg-2lEa.png,997029862,"{""solana"":""J3HZ1sxS2U8wK9wMuTujdv47PCfah4TzkWoFSEnzpump""}",18
F5QMUBvNupauQScbyhc6WNcmMGRdw1bM3a6oAtxspump_solana,PBANK,PUMPBANK,pumpbank,pumpbank9sx.png,903068203,"{""solana"":""F5QMUBvNupauQScbyhc6WNcmMGRdw1bM3a6oAtxspump""}",18
C6ASDsxzqBvF5bCQFVAGMRWwfgZNhfozbb9DkgiKpump_solana,ORANGE,Orange Coin,orange-coin,orange-coinDnM.png,994916368,"{""solana"":""C6ASDsxzqBvF5bCQFVAGMRWwfgZNhfozbb9DkgiKpump""}",18
pixvL7orpc8AfVUmeQ3kJZ588EegnXSQd7UW4TcVzDk_solana,PIXELS,One Million Pixels,one-million-pixels,one-million-pixelsCjF.png,740451897,"{""solana"":""pixvL7orpc8AfVUmeQ3kJZ588EegnXSQd7UW4TcVzDk""}",18
31eo8y4rLj1AsYXjofkANu9hjavCDUiqLxuV6oxgpump_solana,73,73Coin,73coin,73coinRHx.png,757371857,"{""solana"":""31eo8y4rLj1AsYXjofkANu9hjavCDUiqLxuV6oxgpump""}",18
AeAYE1LytXEqX4L8SpLPmnHFePtwhAYSxex8f4gCmoon_solana,AGXBT,AgentXBT,agentxbt,AeAYE1LytXEqX4L8SpLPmnHFePtwhAYSxex8f4gCmoon_solanaYiT.png,989236156,"{""solana"":""AeAYE1LytXEqX4L8SpLPmnHFePtwhAYSxex8f4gCmoon""}",18
gitlab-rstock,RGTLB,Gitlab Tokenized Stock (Reality),gitlab-rstock,gitlab-rstockoid.png,97.7282,"{""arbitrum-one"":""0xf8cf20b6a835199a0b34a61233d88ea259d2222c""}",18
6XRFXWBrLmswPsJtiEdMataCKJfeD3vVVk7HygSpbonk_solana,YUCKY,Yucky,yucky,6XRFXWBrLmswPsJtiEdMataCKJfeD3vVVk7HygSpbonk_solanaH3T.png,999936068,"{""solana"":""6XRFXWBrLmswPsJtiEdMataCKJfeD3vVVk7HygSpbonk""}",18
BWdwwcAJarHt9JtgSgPgFJG1eEcd3vSn9j9DnQKqpump_solana,VCASH,Velyn Cash,velyn-cash,velyn-cashGN0.png,998928597,"{""solana"":""BWdwwcAJarHt9JtgSgPgFJG1eEcd3vSn9j9DnQKqpump""}",18
7qDrjF1zkDJA6LombCda3duwC1ABbAYancTiRHZwbonk_solana,XING,Xing Xing,xing-xing-2,xing-xing-25Mi.png,992938091,"{""solana"":""7qDrjF1zkDJA6LombCda3duwC1ABbAYancTiRHZwbonk""}",18
CKVZPWFPaJArEaPnk16CXpFtFXjuCxCh95vBcS3Ppump_solana,CRABFURIE,Naked Crab Man,naked-crab-man,CKVZPWFPaJArEaPnk16CXpFtFXjuCxCh95vBcS3Ppump_solanaxHt.png,999017605,"{""solana"":""CKVZPWFPaJArEaPnk16CXpFtFXjuCxCh95vBcS3Ppump""}",18
deeptics,DPTX,DEEPTICS,deeptics,deepticsS44.png,10000000,"{""binance_smart"":""0xf17ed7686e6a7096f962f90f00bdeabb45c7630d""}",18
AxpepaVHpjvemeUy1oTBwLnuELVWnZNpLwBj5cKtpump_solana,BEBE,Bebe The Parrot,bebe-the-parrot,bebe-the-parrotlhy.png,999724054,"{""solana"":""AxpepaVHpjvemeUy1oTBwLnuELVWnZNpLwBj5cKtpump""}",18
gF2fSfar4x1BiZ9n2MLMAVYVWQYzxpsrXC6hGV7pump_solana,CAGE,Future Colosseum,future-colosseum,future-colosseumzW8.png,999724872,"{""solana"":""gF2fSfar4x1BiZ9n2MLMAVYVWQYzxpsrXC6hGV7pump""}",18
0xed146fa6bf4755544d295d8dc4bc3e4eabab4444_binance_smart,SYBEX,Sybex Oracle,sybex-oracle,sybex-oracleyo2.png,1000000000,"{""binance_smart"":""0xed146fa6bf4755544d295d8dc4bc3e4eabab4444""}",18
GQnXYbbFTNJob7rzhFEFNgYMLghu4jLiK22xhrsRpump_solana,DOGWIFGUN,Dogwifgun,dogwifgun,dogwifgunobB.png,999289067,"{""solana"":""GQnXYbbFTNJob7rzhFEFNgYMLghu4jLiK22xhrsRpump""}",18
jabil-inc-robinhood-token,JBL,Jabil Inc. • Robinhood Token,jabil-inc-robinhood-token,jabil-inc-robinhood-token6TV.png,15.736,"{""robinhood"":""0xeaf2512dfc1beac608f8794b3793cd4e02894aa6""}",18
DEEu4U5JHY6KJtZZ9J6iSw6vwXTx4Rr9J3S3e1FBpump_solana,KALUPUTICS,Kalu Putik,kalu-putik,kalu-putik7lX.png,999784233,"{""solana"":""DEEu4U5JHY6KJtZZ9J6iSw6vwXTx4Rr9J3S3e1FBpump""}",18
4N5jkEmddTxtZQzjb4XowDJvHDzcxkByxMAf9Xa4bonk_solana,SIGMABOY,Sigma Boy,sigma-boy,sigma-boyrbV.png,998256521,"{""solana"":""4N5jkEmddTxtZQzjb4XowDJvHDzcxkByxMAf9Xa4bonk""}",18
5AgHPy5UojpGq6TdtQCNobCZ2tkYmZz4d5p1cqr6pump_solana,REL,REL,rel,relo7U.png,999985076,"{""solana"":""5AgHPy5UojpGq6TdtQCNobCZ2tkYmZz4d5p1cqr6pump""}",18
0xac5d77c76583a48d025ba1f01b0f544ea1294444_binance_smart,PREDIFY,Predify,predify,predifyCPa.png,982415907,"{""binance_smart"":""0xac5d77c76583a48d025ba1f01b0f544ea1294444""}",18
BWJ7zJauzatao4FsBnGdVsqdBi3k5NbgSY62noZApump_solana,NANA,ナナ,nana-beluga,nana-beluga7aL.png,998426929,"{""solana"":""BWJ7zJauzatao4FsBnGdVsqdBi3k5NbgSY62noZApump""}",18
6Hb2xgEhyN9iVVH3cgSxYjfN774ExzgiCftwiWdjpump_solana,WHISTLE,WHISTLE - Privacy Focused Utility and Cult,whistle-privacy-focused-utility-and-cult,6Hb2xgEhyN9iVVH3cgSxYjfN774ExzgiCftwiWdjpump_solana9rp.png,991203099,"{""solana"":""6Hb2xgEhyN9iVVH3cgSxYjfN774ExzgiCftwiWdjpump""}",18
o5XguNKkz71K37BJsAhyMJnatwwbJ9MdixSmDW6pump_solana,OIL,Oil Rig,oil-rig,oil-rigx9h.png,996833808,"{""solana"":""o5XguNKkz71K37BJsAhyMJnatwwbJ9MdixSmDW6pump""}",18
whally,WHALLY,WHALLY,whally,whally7tz.png,998594882,"{""solana"":""4rcN9Zpx6sAba39S722CwrVoA9BDmVZ5KdQDdVsSpump""}",18
DAMqxQRG5FKsnMNXEdBQMdTSiz86b5BziH4p6FS6pump_solana,$BROKIE,BROKIE AI,brokie-ai,DAMqxQRG5FKsnMNXEdBQMdTSiz86b5BziH4p6FS6pump_solana9kk.png,999758698,"{""solana"":""DAMqxQRG5FKsnMNXEdBQMdTSiz86b5BziH4p6FS6pump""}",18
crystalmine,CRYSTAL,CrystalMine,crystalmine,crystalmineSnX.png,1000000000,"{""binance_smart"":""0x4ade32598fe2caa549fd7c720bb91c0111314444""}",18
2RfXjaiepngcBuGgPLtdnH22g68eetpgzCDX44Hnpump_solana,SOLANIANS,SOLANIANS,solanians,2RfXjaiepngcBuGgPLtdnH22g68eetpgzCDX44Hnpump_solanaRim.png,995153800,"{""solana"":""2RfXjaiepngcBuGgPLtdnH22g68eetpgzCDX44Hnpump""}",18
E5UdugdLvgsccqe3pdq1ivNBTZhaxwthjvnE85Kzpump_solana,HORSE,horse in an air vent,horse-in-an-air-vent,E5UdugdLvgsccqe3pdq1ivNBTZhaxwthjvnE85Kzpump_solanarr4.png,993770969,"{""solana"":""E5UdugdLvgsccqe3pdq1ivNBTZhaxwthjvnE85Kzpump""}",18
CpP36fvZmbcDUH9tQihQZTcvH2ApwRzHh2pPojyWpump_solana,DAPANG,Dà Pàng,da-pang,da-pangp8n.png,994756766,"{""solana"":""CpP36fvZmbcDUH9tQihQZTcvH2ApwRzHh2pPojyWpump""}",18
CTkPYPMrehsREdzn2dBMCwNxbP9ExrEnoQHMgswYpump_solana,RELO,RE-LOADED,re-loaded,CTkPYPMrehsREdzn2dBMCwNxbP9ExrEnoQHMgswYpump_solanaNf9.png,999319578,"{""solana"":""CTkPYPMrehsREdzn2dBMCwNxbP9ExrEnoQHMgswYpump""}",18
FYdt8T5GXucuM8rTm72jNEk2iSpi74EcsmDKYQhppump_solana,501,501,501-token,FYdt8T5GXucuM8rTm72jNEk2iSpi74EcsmDKYQhppump_solanaN7P.png,998117215,"{""solana"":""FYdt8T5GXucuM8rTm72jNEk2iSpi74EcsmDKYQhppump""}",18
BGqXaVjjQy4h3qgqgzT9TrzyAGqHmBKhgQwW1VFmeme_solana,ZOO,Zoo World,zoo-world,BGqXaVjjQy4h3qgqgzT9TrzyAGqHmBKhgQwW1VFmeme_solanaNTq.png,999980560,"{""solana"":""BGqXaVjjQy4h3qgqgzT9TrzyAGqHmBKhgQwW1VFmeme""}",18
collies,COLLIES,Collies,collies,collies7Fe.png,999994149,"{""solana"":""A15y4AUrNwxZu9qSiXuZjVsMDLUGEEGaAc6mEAfSpump""}",18
5bbaacCy2L93SDzjujaDYnrNp4nbka3wu4Ne4Q8wpump_solana,BDC,Ballsack Dorkal Coin,ballsack-dorkal-coin,ballsack-dorkal-coin2II.png,999865253,"{""solana"":""5bbaacCy2L93SDzjujaDYnrNp4nbka3wu4Ne4Q8wpump""}",18
billi-2,BILLI,BILLI,billi-2,billi-2L5v.png,944335929,"{""solana"":""HrGqFD7jqZ3a41YvJXeQquzXwgsCR3Jv72wPzE9Dbrrr""}",18
4fJVpHzgaQ5F5BmFWpLrVf7zdmkYJccgcz6XMQo1pump_solana,INTROVERT,Introvert Coin,introvert-coin,4fJVpHzgaQ5F5BmFWpLrVf7zdmkYJccgcz6XMQo1pump_solanadJu.png,999266866,"{""solana"":""4fJVpHzgaQ5F5BmFWpLrVf7zdmkYJccgcz6XMQo1pump""}",18
veloce-vext,VEXT,Veloce,veloce-vext,veloce-vext0uH.png,300000000,"{""polygon-pos"":""0x27842334c55c01ddfe81bf687425f906816c5141"",""ethereum"":""0xb2492e97a68a6e4b9e9a11b99f6c42e5accd38c7""}",18
the-based-white-whale,WHITEWHALE,The Based White Whale,the-based-white-whale,the-based-white-whaleK6u.png,1000000000,"{""base"":""0x132b99d96d4ac9efc05f62f8aa4fc68a82121bc0""}",18
6DoRX8vRqH68Nxz5ZnErndHdpAeQy9pDahaKqvaJ59Fv_solana,LUMI,LUMI AGENT,lumi-agent,6DoRX8vRqH68Nxz5ZnErndHdpAeQy9pDahaKqvaJ59Fv_solana6lO.png,996855429,"{""solana"":""6DoRX8vRqH68Nxz5ZnErndHdpAeQy9pDahaKqvaJ59Fv""}",18
0x977c4f40742daca3f1a4c11b44938fc12d714444_binance_smart,2,2,2-token,2-tokenY8k.png,1000000000,"{""binance_smart"":""0x977c4f40742daca3f1a4c11b44938fc12d714444""}",18
6U932RLNzovLyi5rFpc1K72yRCSb2dtwMcqXK2svpump_solana,KOLBO,Kolbo AI,kolbo-ai,6U932RLNzovLyi5rFpc1K72yRCSb2dtwMcqXK2svpump_solanacGt.png,999918013,"{""solana"":""6U932RLNzovLyi5rFpc1K72yRCSb2dtwMcqXK2svpump""}",18
5uEduS1nkyE2QW1oEZei2pnCN3oym4ziaZ143A7Jbonk_solana,DREAM,dreamcoin,dreamcoin-2,5uEduS1nkyE2QW1oEZei2pnCN3oym4ziaZ143A7Jbonk_solanaV1a.png,998578269,"{""solana"":""5uEduS1nkyE2QW1oEZei2pnCN3oym4ziaZ143A7Jbonk""}",18
8WNzazee7WbPLDHi47vt3CdXVNXJnigLjBMmGmXgpump_solana,JIWA,Jiwa Lucky Frog | 吉蛙,jiwa-lucky-frog,jiwa-lucky-frogZ3A.png,966746932,"{""solana"":""8WNzazee7WbPLDHi47vt3CdXVNXJnigLjBMmGmXgpump""}",18
tapp,TAPP,TAPP,tapp,tappeLz.png,202621664,"{""aptos"":""0x7e464f3d2c1aed51cdcbdc653cc5c21526fe424bed2944bdd21dabb389dd7921""}",18
firechicken,FCKN,FireChicken,firechicken,firechickennoX.png,985590837,"{""solana"":""BHKVuBNfsK3Pre1bmfG76NbVt8xrx3Z5DdFtrsoVpump""}",18
0xabf185ecc71c9d19d0490b69ae7262ea71a66666_apechain,HOES,ApeChainHOES,apechainhoes,0xabf185ecc71c9d19d0490b69ae7262ea71a66666_apechainmR0.png,1000000000,"{""apechain"":""0xabf185ecc71c9d19d0490b69ae7262ea71a66666""}",18
DCgZjb2LN5r9Ck5VZAATh8x3sTUHyTzEguThGqh1pump_solana,ARC,Redemption Arc,redemption-arc,redemption-arc0X0.png,999767006,"{""solana"":""DCgZjb2LN5r9Ck5VZAATh8x3sTUHyTzEguThGqh1pump""}",18
alien-pepe,ALIENPEPE,Alien Pepe,alien-pepe,alien-pepeBe6.png,999559337,"{""solana"":""Ai9HeYDrjpJtrjpHfDwVXfVoCR5ja9Cmt9cHGg2kpump""}",18
baby-bull,BABYBULL,Baby Bull,baby-bull,baby-bulldNj.png,999083134,"{""solana"":""7tuPcPMUoDUxxb1j1NPjyjLXaqDwmxaW7mA2Y8Mbpump""}",18
oscar-the-walrus,OSCAR,Oscar the Walrus,oscar-the-walrus,oscar-the-walruso8n.png,972054638,"{""solana"":""8Y5WvnNevzBgiPpqgvAuVK2GAGDNYD7iPaUi8z9Rpump""}",18
HoBmCAQp75DHEPvhHqttPUuBTj29K5KRoM9naCkSBAGS_solana,BRNRT,Brainrot Research,brainrot-research,brainrot-research0ub.png,999169363,"{""solana"":""HoBmCAQp75DHEPvhHqttPUuBTj29K5KRoM9naCkSBAGS""}",18
0x9831e9ab89e6f15b9a072f200b78e0bed8b6c66c_binance_smart,HORSE,Horse,horse,horseBtE.png,8888888888,"{""binance_smart"":""0x9831e9ab89e6f15b9a072f200b78e0bed8b6c66c""}",18
4eKYoR1hBHnRaYyg2d57H36uUatRNyZr1NRP9ScNpump_solana,DONALT,The Duck Bull,the-duck-bull,the-duck-bullNJp.png,999888074,"{""solana"":""4eKYoR1hBHnRaYyg2d57H36uUatRNyZr1NRP9ScNpump""}",18
0x99956f143dcca77cddf4b4b2a0fa4d491703244d_base,LYRA,LYRA,lyra-3,0x99956f143dcca77cddf4b4b2a0fa4d491703244d_base3iP.png,1000000000,"{""base"":""0x99956f143dcca77cddf4b4b2a0fa4d491703244d"",""story"":""0xa4f5c615f72ddeb2220471694fff1c0c3de051e1""}",18
prett,PRETT,PRETT,prett,prettQ1k.png,1000000000,"{""robinhood"":""0x38a22a55fe0bb97428d1f145bc8bd0e2d4f12e2c""}",18
H9PPCeNYmUZVRQgDtBLnhGoSxCTB4CsJgKvyL32gpump_solana,SPT,Serpent,serpent,H9PPCeNYmUZVRQgDtBLnhGoSxCTB4CsJgKvyL32gpump_solanai4v.png,1000000000,"{""solana"":""H9PPCeNYmUZVRQgDtBLnhGoSxCTB4CsJgKvyL32gpump""}",18
EJRs2ephB8kZX1w196DBt7q3uvLAVqs6LEVgXEwhpump_solana,AGI,ArtificialGirlfriendIntelligence,artificial-girlfriend-intelligence,EJRs2ephB8kZX1w196DBt7q3uvLAVqs6LEVgXEwhpump_solanaYV5.png,998855814,"{""solana"":""EJRs2ephB8kZX1w196DBt7q3uvLAVqs6LEVgXEwhpump""}",18
l3harris-technologies-inc-robinhood-token,LHX,"L3Harris Technologies, Inc. • Robinhood Token",l3harris-technologies-inc-robinhood-token,l3harris-technologies-inc-robinhood-tokenVTt.png,19.3902,"{""robinhood"":""0x48d60243c66437c6ac3c2495be94747aed5dfe25""}",18
6zsNXPkpGHaf8p71wThVTxr5fhtG8yKHw2TrkiKqpump_solana,SIMP,SimpCoin,simpcoin,6zsNXPkpGHaf8p71wThVTxr5fhtG8yKHw2TrkiKqpump_solanaNuR.png,998440861,"{""solana"":""6zsNXPkpGHaf8p71wThVTxr5fhtG8yKHw2TrkiKqpump""}",18
HREUDWzLtmJrMjav48RY9iPRJr9r8KoTBLjWNjdPpump_solana,RIV,Riviera,riviera,rivieralat.png,998885909,"{""solana"":""HREUDWzLtmJrMjav48RY9iPRJr9r8KoTBLjWNjdPpump""}",18
0x3e9fc4f2acf5d6f7815cb9f38b2c69576088ffff_binance_smart,FORGAI,ForgAI,forgai,0x3e9fc4f2acf5d6f7815cb9f38b2c69576088ffff_binance_smartoRI.png,958993000,"{""binance_smart"":""0x3e9fc4f2acf5d6f7815cb9f38b2c69576088ffff""}",18
frog-cat,FROGCAT,frog cat,frog-cat,frog-catGcm.png,1000000000,"{""robinhood"":""0xa79e6db2549c541b6cae25e99021728425b9d0e9""}",18
0x320c99aeddf34721b8a566ba2540f8fb72400e88_base,FROST,Frost,frost-2,0x320c99aeddf34721b8a566ba2540f8fb72400e88_base1EU.png,1000000000,"{""base"":""0x320c99aeddf34721b8a566ba2540f8fb72400e88""}",18
nfgx-token,NFGX,NFGX Token,nfgx-token,nfgx-tokenCt1.png,68998008777,"{""solana"":""NFGgKCroEe2EucBJmFfCUNmU41MHv9Sc8qUhbceNTvy""}",18
mogul-productions,STARS,Mogul Productions [OLD],mogul-productions,mogul-productions3y8.png,400000000,"{""ethereum"":""0xc55c2175e90a46602fd42e931f62b3acc1a013ca"",""binance_smart"":""0xbd83010eb60f12112908774998f65761cf9f6f9a""}",18
0xc3e06bebc0c00d825f9c7a3b17db8b9a2eea4444_binance_smart,最暗黑马,最暗黑马 (Darkest Horse),darkest-horse,darkest-horse3aA.png,1000000000,"{""binance_smart"":""0xc3e06bebc0c00d825f9c7a3b17db8b9a2eea4444""}",18
GnkitxfvNLGGsXKGckU2Bw9uEnzwmVmJKzTaHpp1pump_solana,MOLTIC,Molt Agentic,molt-agentic,molt-agenticC0l.png,999513678,"{""solana"":""GnkitxfvNLGGsXKGckU2Bw9uEnzwmVmJKzTaHpp1pump""}",18
Asuu49BSxjz4Qj9hkdrwt3GpxdjvYUfbt5rXnsNWpump_solana,BUCKET,Bucket Hat,bucket-hat,Asuu49BSxjz4Qj9hkdrwt3GpxdjvYUfbt5rXnsNWpump_solanaafC.png,999044031,"{""solana"":""Asuu49BSxjz4Qj9hkdrwt3GpxdjvYUfbt5rXnsNWpump""}",18
cme-group-dinari-tokenized-stock,CME,CME Group (Dinari Tokenized Stock),cme-group-dinari-tokenized-stock,cme-group-dinari-tokenized-stocksbk.png,17.9951,"{""ethereum"":""0x1b71d09c0238a52cb5c9ef036fe85895931cb359"",""base"":""0x1b71d09c0238a52cb5c9ef036fe85895931cb359"",""arbitrum-one"":""0x1b71d09c0238a52cb5c9ef036fe85895931cb359"",""avalanche"":""0x1b71d09c0238a52cb5c9ef036fe85895931cb359""}",18
4gQznR57QoKXkeqMYB7HYqvCX9GECG5jCLams1GWpump_solana,SKIN,Claude's Skin,claude-s-skin,claude-s-skinUx3.png,999152044,"{""solana"":""4gQznR57QoKXkeqMYB7HYqvCX9GECG5jCLams1GWpump""}",18
leverage-shares-2x-short-spacex-daily-etf-rstock,RSSPC,Leverage Shares 2X Short SpaceX Daily ETF Tokenized Stock (Reality),leverage-shares-2x-short-spacex-daily-etf-rstock,leverage-shares-2x-short-spacex-daily-etf-rstockw9d.png,590.2237,"{""arbitrum-one"":""0xa8af3173cb3bf3aad0ebef0f273dec7303c7ab38""}",18
ABTZw146nJeRBbsxHqxtZasNnwMJBKaYrfxVk6zSJGip_solana,RABBIT,The Survivalist Rabbit,the-survivalist-rabbit,the-survivalist-rabbithw3.png,999675192,"{""solana"":""ABTZw146nJeRBbsxHqxtZasNnwMJBKaYrfxVk6zSJGip""}",18
7okHmAi1re834jSp2kAdduML9a1RfZ5fQJfQ878k8y7g_solana,SLINK,SLINKsol,slinksol,slinksol031.png,979964268,"{""solana"":""7okHmAi1re834jSp2kAdduML9a1RfZ5fQJfQ878k8y7g""}",18
compute-network-2,CPU,Compute Network,compute-network-2,compute-network-2Coa.png,999946809,"{""solana"":""B4Y82ba22eF5KLhaRBfGHkfnxAM2UzLxfHcLWH3epump""}",18
5su44fkvYNM1WnMCgteXu7HFUywQBtKZqjwgmCk9pump_solana,PENCIL,Annika's Pencil,annika-s-pencil,annika-s-pencilEqD.png,999418829,"{""solana"":""5su44fkvYNM1WnMCgteXu7HFUywQBtKZqjwgmCk9pump""}",18
mastec-ondo-tokenized,MTZON,MasTec (Ondo Tokenized),mastec-ondo-tokenized,mastec-ondo-tokenizedzBY.png,21.7667,"{""ethereum"":""0x5cb95099a2c7e3c8187fbca6efe5ba222b5ba820"",""binance_smart"":""0xf49046aae76eaeb7ffd3ef116ce0f7cd0f52d93e"",""solana"":""R3ywbVQ5t8LNmjQsn2Ngv43dSqyZscQwNag9G3Eondo""}",18
dexchart,CHART,DexChart,dexchart,dexchartFDW.png,1000000000,"{""robinhood"":""0x2112a316a2e56d7300092e5a41d2a84dd11d3bd6""}",18
0x5ec27c931fb49911128dddf7d914c1754da9f49f_robinhood,SPROUT,Sprout,sprout,sprout8Gm.png,918680573,"{""robinhood"":""0x5ec27c931fb49911128dddf7d914c1754da9f49f""}",18
BndKr3tLyEYvbarxrJNki72CnaFmPKYCSdLpDGuepump_solana,42,The Official 42 Coin,the-official-42-coin,the-official-42-coinpbS.png,999964338,"{""solana"":""BndKr3tLyEYvbarxrJNki72CnaFmPKYCSdLpDGuepump""}",18
medjed,MEDJED,Medjed,medjed,medjedmtB.png,988239323,"{""solana"":""5RyT8Yf32dbKMLqyKqTwv9zBHRz2cmgXhVCFj3jWpump""}",18
caspur-zoomies,CASPUR,Caspur Zoomies,caspur-zoomies,caspur-zoomiesG0O.png,1000000000,"{""binance_smart"":""0xd454ceab6f2fa934b4574d6ee61a04fdcaff4444""}",18
2tJU3pMh4HJjKa9HN6HngdopfNqqaeEytFqW98Kqpump_solana,WHALEQUEEN,The Whale Queen,the-whale-queen,2tJU3pMh4HJjKa9HN6HngdopfNqqaeEytFqW98Kqpump_solanaHgs.png,904588906,"{""solana"":""2tJU3pMh4HJjKa9HN6HngdopfNqqaeEytFqW98Kqpump""}",18
BMMWMuy1ZFBtDEzzdBvtrNvMZFetcGUfkrdDAYo3pump_solana,SPANKMAS,SPANKMAS,spankmas,spankmas5mE.png,998862039,"{""solana"":""BMMWMuy1ZFBtDEzzdBvtrNvMZFetcGUfkrdDAYo3pump""}",18
dmdrY5iZhmZNGVXsPqAXuAXJ2nP3U8LCfBHA8MGpump_solana,MEOW,meow meow,meow-meow,meow-meowA06.png,999429008,"{""solana"":""dmdrY5iZhmZNGVXsPqAXuAXJ2nP3U8LCfBHA8MGpump""}",18
EvDWFiEhRWxpJM1wJHFpe6sy8M14KLTV2bNAh7r6pump_solana,CAPITALISM,Capitalism,capitalism,capitalismBwT.png,997131969,"{""solana"":""EvDWFiEhRWxpJM1wJHFpe6sy8M14KLTV2bNAh7r6pump""}",18
2h6EQ8oYnDQK4ppwHqR3JgmfRVpL4L6ga7AhaPnxpump_solana,TWIN,twin,twin,twinkjA.png,997709183,"{""solana"":""2h6EQ8oYnDQK4ppwHqR3JgmfRVpL4L6ga7AhaPnxpump""}",18
BAAF8R9EBNAo2aCPQzYiP6hEx3TXKiNads2MrdDjpump_solana,SLOP,your AI slop bores me,your-ai-slop-bores-me,your-ai-slop-bores-meCuD.png,999805134,"{""solana"":""BAAF8R9EBNAo2aCPQzYiP6hEx3TXKiNads2MrdDjpump""}",18
deaton,DEATON,Deaton,deaton,deatonbBc.png,982787167,"{""solana"":""5QZDZtXwSHGfreiVwkLvhyLm9MN8APjEvEGzyArhpump""}",18
0xa554b1a8f352639fa1726a9f6f99d371576b13ed_robinhood,ASK,AskMuse,askmuse,askmuselCD.png,970000000,"{""robinhood"":""0xa554b1a8f352639fa1726a9f6f99d371576b13ed""}",18
advanced-energy-industries-inc-robinhood-token,AEIS,"Advanced Energy Industries, Inc. • Robinhood Token",advanced-energy-industries-inc-robinhood-token,advanced-energy-industries-inc-robinhood-token60v.png,16.169,"{""robinhood"":""0xfaf9cb261b5fcc1f404bb10cd39c5c6c1974e612""}",18
axon-enterprise-inc-robinhood-token,AXON,"Axon Enterprise, Inc. • Robinhood Token",axon-enterprise-inc-robinhood-token,axon-enterprise-inc-robinhood-tokenzDI.png,11.097,"{""robinhood"":""0xc27dbd474af5181c5a8777903690d8d262d12648""}",18
huckleberry,FINN,Huckleberry,huckleberry,huckleberryXBu.png,100000000,"{""moonriver"":""0x9a92b5ebf1f6f6f7d93696fcd44e5cf75035a756""}",18
AcfKwAf4UQLA5DLRQD2eQxW6pLv79VKzVso38WMfTxGZ_solana,WIFI,Spottie WiFi,spottie-wifi,spottie-wifi5TB.png,999991828,"{""solana"":""AcfKwAf4UQLA5DLRQD2eQxW6pLv79VKzVso38WMfTxGZ""}",18
FcUdd49bfuajzmVKxGDkyFWqZp7vXkh1fpsCmtYApump_solana,PUMPLIQUID,PumpLiquid,pumpliquid,pumpliquidNNX.png,999616425,"{""solana"":""FcUdd49bfuajzmVKxGDkyFWqZp7vXkh1fpsCmtYApump""}",18
popke,POPKE,popke,popke,popkeyfk.png,974335568,"{""solana"":""GC7bXNsDkg7rGDgbbihbMhfVwsipSigJVCFUK7Kcpump""}",18
mysticrSzUfD2pz4RayXF5oEHGfNNAFsSY3z5hTQZSN_solana,MYSTIC,MysticDAO,mysticdao,mysticrSzUfD2pz4RayXF5oEHGfNNAFsSY3z5hTQZSN_solanaqov.png,12496775,"{""solana"":""mysticrSzUfD2pz4RayXF5oEHGfNNAFsSY3z5hTQZSN""}",18
4EPRQUaecF5kvdcykiw3S3zXpuY5sdU7xyb9CUM7pump_solana,TRUTH,True Source,true-source,true-sourcekfo.png,1000000000,"{""solana"":""4EPRQUaecF5kvdcykiw3S3zXpuY5sdU7xyb9CUM7pump""}",18
youtopia,YTP,YOUTOPIA,youtopia,youtopiaRx7.png,1000000000,"{""binance_smart"":""0x07b174019675c333c000921fb80058f5bba928a6""}",18
coffeecoin-2,COFFEECOIN,coffeecoin,coffeecoin-2,coffeecoin-2wuW.png,999520827,"{""solana"":""8s5X3yLEx2rx8BxGT5uSwR9Z5FP5T64VLr4kkPStpump""}",18
empire-of-sight,SIGHT,Empire of Sight,empire-of-sight,empire-of-sight9Gu.png,1600000000,"{""binance_smart"":""0x107c9c954b19f69dec6ddeffff9a5745a05e86a3""}",18
0x517b41b73457f7befd5930b1807bdaf196bd4444_binance_smart,AKITAAI,AkitaAI,akitaai,akitaaiMLF.png,1000000000,"{""binance_smart"":""0x517b41b73457f7befd5930b1807bdaf196bd4444""}",18
zyberswap,ZYB,Zyberswap,zyberswap,zyberswapLFC.png,16340102,"{""arbitrum-one"":""0x3b475f6f2f41853706afc9fa6a6b8c5df1a2724c""}",18
8yeMPJGVVJKRyXdsRBne4ncJekcC5Bd8MtTmJ4j7pump_solana,VETTR,VETTR AI,vettr-ai,vettr-ail6B.png,989973503,"{""solana"":""8yeMPJGVVJKRyXdsRBne4ncJekcC5Bd8MtTmJ4j7pump""}",18
deere-ondo-tokenized-stocks,DEON,Deere (Ondo Tokenized Stock),deere-ondo-tokenized-stocks,deere-ondo-tokenized-stockso6J.png,6.7467,"{""ethereum"":""0x32d7c413fd3477e86b8ec6b0bb8f3ac510eafaae"",""binance_smart"":""0x90ccbb75d61cb65cd73a3abb5df04a75961612b7"",""solana"":""CqQyAZjB9LGFTG95eiadGTkfhd9QA12ProeKsQmondo""}",18
CmGsBfi3Zbsygpt1FcvFcQa3mD2drYGX6w5WdsWZpump_solana,BALLISH,ballish,ballish,ballishpxw.png,999396762,"{""solana"":""CmGsBfi3Zbsygpt1FcvFcQa3mD2drYGX6w5WdsWZpump""}",18
3GDrBbgzMfokcYChDqBZijXS3ppwhEEmosFQbgbPpump_solana,PEG,peg,peg-2,peg-2hGB.png,999432902,"{""solana"":""3GDrBbgzMfokcYChDqBZijXS3ppwhEEmosFQbgbPpump""}",18
0x17ce44b66dfd15c270dc24aca2e367adfed41620_base,BEMU,BEMU,bemu,bemu5kS.png,10000000000,"{""base"":""0x17ce44b66dfd15c270dc24aca2e367adfed41620""}",18
HxyAjioHtx3xL3ytxAMJg3AgWWXghXx2zgZFk59pump_solana,HOLI,Holi,holi,HxyAjioHtx3xL3ytxAMJg3AgWWXghXx2zgZFk59pump_solana2le.png,999146557,"{""solana"":""HxyAjioHtx3xL3ytxAMJg3AgWWXghXx2zgZFk59pump""}",18
0xe8c392861d675517fd4b078330cd175053c74444_binance_smart,招财猫,招财猫 (Lucky Cat),lucky-cat-2,lucky-cat-2F3u.png,1000000000,"{""binance_smart"":""0xe8c392861d675517fd4b078330cd175053c74444""}",18
qfAV15JCvquMYpjGGkhQGr8x2zTiw14pCpUCjXLpump_solana,YOWIE,YOWIE,yowie,qfAV15JCvquMYpjGGkhQGr8x2zTiw14pCpUCjXLpump_solanamXs.png,963445628,"{""solana"":""qfAV15JCvquMYpjGGkhQGr8x2zTiw14pCpUCjXLpump""}",18
o86kpPZy4Vo37Pdg3SBkmzgTNhkAM2sfghirvgSpump_solana,JOKECOIN,crypto is a joke,crypto-is-a-joke,crypto-is-a-jokeK6u.png,998075413,"{""solana"":""o86kpPZy4Vo37Pdg3SBkmzgTNhkAM2sfghirvgSpump""}",18
9HAZrXJx5QXzBfJynRQXkHr9DG4Kk8dzuuQnMfz6pump_solana,XCHANGE,XChange,xchange-2,9HAZrXJx5QXzBfJynRQXkHr9DG4Kk8dzuuQnMfz6pump_solanahzb.png,998226246,"{""solana"":""9HAZrXJx5QXzBfJynRQXkHr9DG4Kk8dzuuQnMfz6pump""}",18
hope-4,HOPE,HOPE,hope-4,hope-4H2m.png,999617628,"{""solana"":""8mHpWSLgPpYfRd2xq6nDsysB4ZMte17wns9mjkrNpump""}",18
avoid-ai-writing,AVOID,Avoid AI Writing,avoid-ai-writing,avoid-ai-writingtse.png,999132859,"{""solana"":""BsidWuYJnayqMXVsLGr34524vmZ1BrWFhPer3198pump""}",18
6FLqdVizDf1ESwCanSzAtysS8pQeqzDDmdieADgBpump_solana,FEC,Ferretcoin,ferretcoin,6FLqdVizDf1ESwCanSzAtysS8pQeqzDDmdieADgBpump_solanagWh.png,998868518,"{""solana"":""6FLqdVizDf1ESwCanSzAtysS8pQeqzDDmdieADgBpump""}",18
9rPoaV7XE1uCYYGrFmzEX8Fa8kEVP3xDsdwypC5qpump_solana,YN,yn,yn,ynl5f.png,999067466,"{""solana"":""9rPoaV7XE1uCYYGrFmzEX8Fa8kEVP3xDsdwypC5qpump""}",18
FFYLoYzPnD1CAVa8UeP9BeXhPPAykRkYiFLqVpxKbonk_solana,HEDGE,hedge,hedge-2,hedge-28Yy.png,999800998,"{""solana"":""FFYLoYzPnD1CAVa8UeP9BeXhPPAykRkYiFLqVpxKbonk""}",18
0xd356bf0061a129d8b5ac2ba3e947bae054d97777_robinhood,IMPRO,Impresio,impresio,impresiovVb.png,1000000000,"{""robinhood"":""0xd356bf0061a129d8b5ac2ba3e947bae054d97777""}",18
0x66d13dc0e8c2428c9ff4bc0bd93e934110d17fce_ethereum,SNARDLER,Snardler Wormfriend,snardler-wormfriend,0x66d13dc0e8c2428c9ff4bc0bd93e934110d17fce_ethereumH3K.png,378620964582,"{""ethereum"":""0x66d13dc0e8c2428c9ff4bc0bd93e934110d17fce""}",18
pink-2,PINK,PINK,pink-2,pink-2Xzo.png,1040802,"{""binance_smart"":""0xbc7b167807758195724a82bced178183430425ad""}",18
7jFfNTP8gBEaXjXoZt3ejJfiT1W87Z9e3mkeYNcEpump_solana,TOOTCOIN,small fartcoin,small-fartcoin,7jFfNTP8gBEaXjXoZt3ejJfiT1W87Z9e3mkeYNcEpump_solanaR28.png,997371779,"{""solana"":""7jFfNTP8gBEaXjXoZt3ejJfiT1W87Z9e3mkeYNcEpump""}",18
nZuEp76CPtVFy7SsRh9DhTin2uCEPceEnKbLaWcpump_solana,$SQUISH,Squish,squish,nZuEp76CPtVFy7SsRh9DhTin2uCEPceEnKbLaWcpump_solanaIAy.png,998627727,"{""solana"":""nZuEp76CPtVFy7SsRh9DhTin2uCEPceEnKbLaWcpump""}",18
B9QxfiMd6tjSGnJ8nzFK3XbtuQNPKCNkQeehMqgxpump_solana,SUPAI,SuperFruits AI,superfruits-ai,B9QxfiMd6tjSGnJ8nzFK3XbtuQNPKCNkQeehMqgxpump_solanaYAn.png,999409735,"{""solana"":""B9QxfiMd6tjSGnJ8nzFK3XbtuQNPKCNkQeehMqgxpump""}",18
8iMCGF8ynFMPj4z5QhYprgRDnuE2yk8KbMdZAScbbonk_solana,MARLEE,Justice for Marlee,justice-for-marlee,justice-for-marleeSrw.png,999652650,"{""solana"":""8iMCGF8ynFMPj4z5QhYprgRDnuE2yk8KbMdZAScbbonk""}",18
oivfZhbjZbGuH11ihim7dCRnUKi8tuj6gbQRqGMpump_solana,OPM,Ophanim,ophanim,ophanimK1N.png,999647661,"{""solana"":""oivfZhbjZbGuH11ihim7dCRnUKi8tuj6gbQRqGMpump""}",18
purple-troll,PTROLL,Purple Troll,purple-troll,purple-trollMwv.png,988012768,"{""solana"":""HbugFhaL4ijduGiHcY4uT6CNgX58Qac9djsAFo7Dpump""}",18
8RzLtzrucoKMoYAFUtfu6Tcg7LZSAGar78VWREeGpump_solana,ANSOM,ansom,ansom-2,ansom-2sWP.png,999575331,"{""solana"":""8RzLtzrucoKMoYAFUtfu6Tcg7LZSAGar78VWREeGpump""}",18
0xa9fcd15f315f5ffa918d3a767a980ee3dc019667_robinhood,BABYAI,Baby Artificial Inu,baby-artificial-inu,baby-artificial-inuQHT.png,1000000000,"{""robinhood"":""0xa9fcd15f315f5ffa918d3a767a980ee3dc019667""}",18
FLk6FKAN26m1FT4ucguwy3uHBMzLKcEu8KMTYD2Zpump_solana,STUNK,Stunk,stunk,stunkyTG.png,993748410,"{""solana"":""FLk6FKAN26m1FT4ucguwy3uHBMzLKcEu8KMTYD2Zpump""}",18
4TafVse4Sf35tLXQkKhJ8tTrAMCLWVBWvg6CK2xwjups_solana,$STEVE,Steve,steve-3,4TafVse4Sf35tLXQkKhJ8tTrAMCLWVBWvg6CK2xwjups_solanagIa.png,94951698,"{""solana"":""4TafVse4Sf35tLXQkKhJ8tTrAMCLWVBWvg6CK2xwjups""}",18
72Sp7QibTt8vWoHzvJQ6QA1Pp6UuNjCtRDBdioVSpump_solana,S100,Solify100,solify100,72Sp7QibTt8vWoHzvJQ6QA1Pp6UuNjCtRDBdioVSpump_solanaEyX.png,983437009,"{""solana"":""72Sp7QibTt8vWoHzvJQ6QA1Pp6UuNjCtRDBdioVSpump""}",18
4v2DRssbwaMbdMwqqN5EkSB9dCkKLorcg3ht9sHEpump_solana,POKI,POKI,poki,pokiICk.png,998926458,"{""solana"":""4v2DRssbwaMbdMwqqN5EkSB9dCkKLorcg3ht9sHEpump""}",18
EQBPAkuP3oZZRDwspQRN3tSjk06nwm6cqej57o-wH4e0vgnw_the-open-network,TONY,Tony McDuck,tony-mcduck-2,tony-mcduck-2kNH.png,1000000000,"{""the-open-network"":""EQBPAkuP3oZZRDwspQRN3tSjk06nwm6cqej57o-wH4e0vgnw""}",18
4C4uA2TRtoyPQLrXQ1itQawgDgCtW37N6cUpoYWopump_solana,SPAWN,Spawn,spawn-2,spawn-2sTJ.png,958722014,"{""solana"":""4C4uA2TRtoyPQLrXQ1itQawgDgCtW37N6cUpoYWopump""}",18
chic,CHIC,chic,chic,chic5sr.png,999672343,"{""solana"":""J4ozfGVtuDYYkWFpCV5n8LYZXpBp8hcpaXJcPeNDpump""}",18
bearifiedco,BEARCO,BearifiedCo,bearifiedco,bearifiedcoGLw.png,999829462,"{""solana"":""FdFUGJSzJXDCZemQbkBwYs3tZEvixyEc8cZfRqJrpump""}",18
evildogi,DOGI,Evildogi,evildogi,evildogiF9d.png,980528470,"{""solana"":""9LRi6EXPUebHqE2LHfmvioQKAKAUHEnhCRgpKDjepump""}",18
datagram-network,DGRAM,Datagram Network,datagram-network,datagram-networkSWk.png,10000000000,"{""binance_smart"":""0x49c6c91ec839a581de2b882e868494215250ee59""}",18
Gz7VJWyQW6Uqt1Py5S2ZvtYNEFbP4Thmi31n5mx1pump_solana,BIG,Something Big Is Happening,something-big-is-happening,something-big-is-happeningZoU.png,999372970,"{""solana"":""Gz7VJWyQW6Uqt1Py5S2ZvtYNEFbP4Thmi31n5mx1pump""}",18
delphinus-lab,ZKWASM,ZKWASM,delphinus-lab,delphinus-labUCm.png,1000000000,"{""binance_smart"":""0xa8d3dee6671c4fdac4743a1eb1f276eabd4ba302""}",18
buildr-3,BUILDR,BUILDR,buildr-3,buildr-3FuD.png,1000000000,"{""robinhood"":""0x22ea69b5a8a705f74ed3fa583d5561e8b99322c6""}",18
brolana,BROS,Brolana,brolana,brolanaMO3.png,419999084,"{""solana"":""4MPD7cGs9746SkZnqhfRigNmpNq17EgTt76YHKC6GEbN""}",18
vyygC9ojzrPKWbHZMCVg6xNiNTHAnXGmAgARfeopump_solana,WEEPI,Weepi,weepi,vyygC9ojzrPKWbHZMCVg6xNiNTHAnXGmAgARfeopump_solanagQm.png,1000000000,"{""solana"":""vyygC9ojzrPKWbHZMCVg6xNiNTHAnXGmAgARfeopump""}",18
wrapped-thunder-token,WTT,Wrapped Thunder Token,wrapped-thunder-token,wrapped-thunder-token2Av.png,44664286,"{""thundercore"":""0x413cefea29f2d07b8f2acfa69d92466b9535f717""}",18
0xfba805659e5050544e185cccdf592fd77f8c7210_katana,KITSU,Kitsu,kitsu,kitsuRkS.png,1000000000,"{""katana"":""0xfba805659e5050544e185cccdf592fd77f8c7210""}",18
GMbAink1cNVWGa8uH9k6t6Y44sn6doD3BVH2usCP7EZV_solana,GOOD,Feels Good,feels-good,GMbAink1cNVWGa8uH9k6t6Y44sn6doD3BVH2usCP7EZV_solana84x.png,999444672,"{""solana"":""GMbAink1cNVWGa8uH9k6t6Y44sn6doD3BVH2usCP7EZV""}",18
hewlett-packard-enterprise-ondo-tokenized,HPEON,Hewlett Packard Enterprise (Ondo Tokenized),hewlett-packard-enterprise-ondo-tokenized,hewlett-packard-enterprise-ondo-tokenizedqZy.png,65.7945,"{""ethereum"":""0xe67abca57e1504a26bd2ed209f2e0c09543fd7eb"",""binance_smart"":""0x492e678c1ea048c70edc635047cdbb87ff5362a2"",""solana"":""axbgKgUMscTJ34DjA69kBJuf6UYq4Pzb8B8numYondo""}",18
0x15ed9ae7f55b832988df1b6745afe209f380b5ff_robinhood,LARPY,Larping Cat,larping-cat,0x15ed9ae7f55b832988df1b6745afe209f380b5ff_robinhoodx3J.png,960000000,"{""robinhood"":""0x15ed9ae7f55b832988df1b6745afe209f380b5ff""}",18
DZpa4peCErsNzsYJ69XYYTSjZGDQhuexnzj7EiZ1pump_solana,KOMI,KOMI,komi,komiX3T.png,997667416,"{""solana"":""DZpa4peCErsNzsYJ69XYYTSjZGDQhuexnzj7EiZ1pump""}",18
baby-shark-2,BABYSHARK,Baby Shark,baby-shark-2,baby-shark-2Uah.png,0,"{""binance_smart"":""0x1225075c06b8e288953531e96f22490dd85b7f60""}",18
0x284c0a369613a83080cebdbf253e596a7fc7594c_ethereum,NOOB,Noob cult,noob-cult,0x284c0a369613a83080cebdbf253e596a7fc7594c_ethereumqTU.png,1000000000,"{""ethereum"":""0x284c0a369613a83080cebdbf253e596a7fc7594c""}",18
voxel-voyages,VOXEL,Voxel Voyages,voxel-voyages,voxel-voyagesRpj.png,999562834,"{""solana"":""6DEvB7wEj1iR4mMe4Yji7n1L7hiz9BCd4tBWiLVvpump""}",18
EmofuHSiLiuDasHV4eDKKP9LeoZkG7HmXYdn2FeqKHeC_solana,POSHI,Purple Toshi,purple-toshi,EmofuHSiLiuDasHV4eDKKP9LeoZkG7HmXYdn2FeqKHeC_solanaPrf.png,419302626483,"{""solana"":""EmofuHSiLiuDasHV4eDKKP9LeoZkG7HmXYdn2FeqKHeC""}",18
NjixGUrygRPWquTCgVzy2czJKzZ5pLCthafS675pump_solana,TERMINAL,I'm Officially A Trading,i-m-officially-a-trading,i-m-officially-a-tradingXLE.png,999327174,"{""solana"":""NjixGUrygRPWquTCgVzy2czJKzZ5pLCthafS675pump""}",18
GYyyeA8Pzp1Biyzp26fvFXaB3Qm43o8e5CfXseVjpump_solana,FREEBIRD,Free Bird,free-bird,free-birdGoE.png,942014101,"{""solana"":""GYyyeA8Pzp1Biyzp26fvFXaB3Qm43o8e5CfXseVjpump""}",18
crude-cat,CRUDECAT,Crude Cat,crude-cat,crude-catsQa.png,1000000000,"{""robinhood"":""0xbd957cc9f1e94617792f37bc40f2f299e78acf3e""}",18
0xb1a9214d25f61d5e68112703647bbe9b81be4444_binance_smart,阴阳,YinYang,yinyang-2,yinyang-2hEI.png,1000000000,"{""binance_smart"":""0xb1a9214d25f61d5e68112703647bbe9b81be4444""}",18
dephy-network,PHY,DePHY Network,dephy-network,dephy-networkkCf.png,1000000000,"{""binance_smart"":""0xd029b392580d555f35cca1987f27d248cf883716"",""solana"":""DEpHYkW6nEm3Sxhb2rwftatrSAV3AP3ac6MgAWBbnsS8""}",18
0xcbccebef2258e49add9ff60221e568069b6b4444_binance_smart,ZINTECH,Zintech,zintech,zintech11I.png,958132154,"{""binance_smart"":""0xcbccebef2258e49add9ff60221e568069b6b4444""}",18
pepe-on-solana,PEPE,Pepe on Solana,pepe-on-solana,pepe-on-solanaDX0.png,9994102957131,"{""solana"":""EdNiGWbkBwmmz7uhtdY3DqKZn1n5m1c61uLVgvXYZWGS""}",18
animals-in-crisis,ANIMALS,Animals In Crisis,animals-in-crisis,animals-in-crisismjo.png,999833041,"{""solana"":""wxALxzTqA4znNfx3tgvrW4uE8LgnEyTKQsenZoCey9x""}",18
nock,NOCK,Nock,nock,nockV0M.png,1000000000,"{""robinhood"":""0x05e6eae62791c92b66d2851c288cf51b8d4ca383""}",18
ai-virtual-agents,AIVIA,AI Virtual Agents,ai-virtual-agents,ai-virtual-agentsVt6.png,999710273,"{""solana"":""4ptXaGHy4CcCBfr5SPQZK5bcH9N4njv4LCf1RaJqpump""}",18
swA5DdNU2HC9Uab2SEeJ3etuDRz8LvVDPWCgRc3pump_solana,POPEYES,popeyes,popeyes,popeyesbAC.png,999678380,"{""solana"":""swA5DdNU2HC9Uab2SEeJ3etuDRz8LvVDPWCgRc3pump""}",18
FMpA3eQbHFEPkkb9EYkLAddfs8TXZfz1Xq6Kqkowdaos_solana,USAI,USAi,usai,usaiBc7.png,999630945,"{""solana"":""FMpA3eQbHFEPkkb9EYkLAddfs8TXZfz1Xq6Kqkowdaos""}",18
HtHknhf3sFPMnEyz8EszVvjGs4pU8fFZXuqTN5C5pump_solana,LARP,Larpcoin,larpcoin,larpcoinSO3.png,999776993,"{""solana"":""HtHknhf3sFPMnEyz8EszVvjGs4pU8fFZXuqTN5C5pump""}",18
F6EzAYsWQb53Zr2VEiU3EefCwydmhkJ5pn2RNxUJ6mGf_solana,PEPEMAGA,PEPE MAGA,pepe-maga,pepe-magacki.png,0,"{""solana"":""F6EzAYsWQb53Zr2VEiU3EefCwydmhkJ5pn2RNxUJ6mGf""}",18
6VHXipL9pSV5MCYuB9tMR4xkwojhc1gQ51ku2GR7pump_solana,MOMO,もも,momo-4,momo-4Xp9.png,998656324,"{""solana"":""6VHXipL9pSV5MCYuB9tMR4xkwojhc1gQ51ku2GR7pump""}",18
0x5b2ba38272125bd1dcde41f1a88d98c2f5c14444_binance_smart,HORIZON,Horizon Oracles,horizon-oracles,0x5b2ba38272125bd1dcde41f1a88d98c2f5c14444_binance_smartALv.png,1000000000,"{""binance_smart"":""0x5b2ba38272125bd1dcde41f1a88d98c2f5c14444""}",18
hawksight,HAWK,Hawksight,hawksight,hawksightogX.png,5000000000,"{""solana"":""BKipkearSqAUdNKa1WDstvcMjoPsSKBuNyvKDQDDu9WE""}",18
9AgTccePC4WyQQwJu9GYqAVUKyUyh1prgzkacMaCpump_solana,NEKO,First Ever Bitcoin Cat,first-ever-bitcoin-cat,first-ever-bitcoin-cataIl.png,998587731,"{""solana"":""9AgTccePC4WyQQwJu9GYqAVUKyUyh1prgzkacMaCpump""}",18
DNJ4zTzuLbt1wXZpkBNwbgS25RBNaqdKHdKzFsQCpump_solana,TRILLIONS,trillions,trillions-2,trillions-2kUO.png,998991764,"{""solana"":""DNJ4zTzuLbt1wXZpkBNwbgS25RBNaqdKHdKzFsQCpump""}",18
0x9708efb3ba2e5d23e973cae1a8599606333cd4ad_robinhood,EQUITY,EQUITY BROKERS,equity-brokers,0x9708efb3ba2e5d23e973cae1a8599606333cd4ad_robinhoodry7.png,955594534,"{""robinhood"":""0x9708efb3ba2e5d23e973cae1a8599606333cd4ad""}",18
solana-street-bets,SSB,Solana Street Bets,solana-street-bets,solana-street-betsNfq.png,999996451,"{""solana"":""C2KG3gB395WfE1P8ZhUvoT5ZUXzQEJst4FCgLAYTGACz""}",18
B1Ycj8Bqv5fjoNZJkzAvNiis4FVwTVeGWvrLd8ABEqT9_solana,MLMX,MLM X,mlm-x,mlm-xVTH.png,999763320,"{""solana"":""B1Ycj8Bqv5fjoNZJkzAvNiis4FVwTVeGWvrLd8ABEqT9""}",18
0x707056bcaf0cd3d2ffa148c5d5771da4efa174ca_cronos,ERIC,Eric,eric-2,0x707056bcaf0cd3d2ffa148c5d5771da4efa174ca_cronosGJN.png,989749499,"{""cronos"":""0x707056bcaf0cd3d2ffa148c5d5771da4efa174ca""}",18
CZJzsywCWkqZNa6CRW3Av6WVNCvTX3EuBwS2nar8bonk_solana,WHATRR,WHATRR,whatrr-2,CZJzsywCWkqZNa6CRW3Av6WVNCvTX3EuBwS2nar8bonk_solanauS3.png,19415673361,"{""solana"":""CZJzsywCWkqZNa6CRW3Av6WVNCvTX3EuBwS2nar8bonk""}",18
Gps4KFPSP9WckatkZK95SYbmH3m9EfnTYdj3pcCbpump_solana,UFO,UFO: Disclosure,ufo-disclosure,ufo-disclosureQ6O.png,999847811,"{""solana"":""Gps4KFPSP9WckatkZK95SYbmH3m9EfnTYdj3pcCbpump""}",18
CTNzPwk2cxh6dFUoysokKU6umNwmJobYx7SYgwJZpump_solana,REESCOIN,Rare Earth Elements (REEs),rare-earth-elements-rees,rare-earth-elements-rees1xJ.png,999197212,"{""solana"":""CTNzPwk2cxh6dFUoysokKU6umNwmJobYx7SYgwJZpump""}",18
CoHHdH1AKJQxcCjnTQ2XXtFeMMSG1iFgkysEwVw4pump_solana,ZAZU,ZAZU,zazu-3,zazu-31Er.png,999663080,"{""solana"":""CoHHdH1AKJQxcCjnTQ2XXtFeMMSG1iFgkysEwVw4pump""}",18
7NwukWynkZap56CRwPjxde2HY7z4nFNzzVYTQ96Lpump_solana,VIRUS,Virus Protocol,virus-protocol,7NwukWynkZap56CRwPjxde2HY7z4nFNzzVYTQ96Lpump_solanahun.png,991331787,"{""solana"":""7NwukWynkZap56CRwPjxde2HY7z4nFNzzVYTQ96Lpump""}",18
0x3664487e8a9b90662441aef57060486a5217704d_ethereum,IFO,Identified Flying Objects,identified-flying-objects,0x3664487e8a9b90662441aef57060486a5217704d_ethereumf7N.png,1000000000,"{""ethereum"":""0x3664487e8a9b90662441aef57060486a5217704d""}",18
57kFRAk9EH57rLcW3XoHa8ATr5zNahoQAS8NNAoKpump_solana,EVA,ELON VS ALTMAN,elon-vs-altman,elon-vs-altmanDV5.png,999978806,"{""solana"":""57kFRAk9EH57rLcW3XoHa8ATr5zNahoQAS8NNAoKpump""}",18
polkawar,PWAR,PolkaWar,polkawar,polkawart9P.png,88845848,"{""binance_smart"":""0x16153214e683018d5aa318864c8e692b66e16778""}",18
A8Z4uv53e6PS6CYNVNd7HceRCZMHecqpuyzuMWp9pump_solana,RECON,Recon Labs,recon-labs,A8Z4uv53e6PS6CYNVNd7HceRCZMHecqpuyzuMWp9pump_solanaihy.png,999056064,"{""solana"":""A8Z4uv53e6PS6CYNVNd7HceRCZMHecqpuyzuMWp9pump""}",18
wrapped-aave-avalanche-usdc,WAAVAUSDC,Wrapped Aave Avalanche USDC,wrapped-aave-avalanche-usdc,wrapped-aave-avalanche-usdcHf0.png,4512,"{""avalanche"":""0xe1bfc96d95badcb10ff013cb0c9c6c737ca07009""}",18
2xU5oEz6w8iHyLyarGiMdeVYTTyR3uJTgvZdzMYYBiok_solana,BIOK,Biokript PRO,biokript-pro,biokript-prorHH.png,999982082,"{""solana"":""2xU5oEz6w8iHyLyarGiMdeVYTTyR3uJTgvZdzMYYBiok""}",18
8oCRS5SYaf4t5PGnCeQfpV7rjxGCcGqNDGHmHJBooPhX_solana,SNAP,SnappedAI,snappedai,snappedaiktQ.png,999726133,"{""solana"":""8oCRS5SYaf4t5PGnCeQfpV7rjxGCcGqNDGHmHJBooPhX""}",18
foRgE7d5FRtvQ2jf9yhV9Cnd1LMB3rxk6dpE7HYdzGk_solana,FORGE,ForgeAI,forgeai,foRgE7d5FRtvQ2jf9yhV9Cnd1LMB3rxk6dpE7HYdzGk_solanafJo.png,99999468,"{""solana"":""foRgE7d5FRtvQ2jf9yhV9Cnd1LMB3rxk6dpE7HYdzGk""}",18
Cjo46uRW2yeF2uXLn2phrVZZyZ1sfnrMNutfrhZopump_solana,ETB,endless twap bid,endless-twap-bid,endless-twap-bid5oF.png,999779449,"{""solana"":""Cjo46uRW2yeF2uXLn2phrVZZyZ1sfnrMNutfrhZopump""}",18
91act8ejuXSvR1qEahRjziCPyupDMnUqcm5NL3NDpump_solana,SACHO,Sacho,sacho,sachosWG.png,998057705,"{""solana"":""91act8ejuXSvR1qEahRjziCPyupDMnUqcm5NL3NDpump""}",18
Dyfj1Cc6h9cunNq4YhV823vtiugGftm5f3nz8A8apump_solana,DCB,DEAD CAT BOUNCE,dead-cat-bounce,dead-cat-bounceKWy.png,997672749,"{""solana"":""Dyfj1Cc6h9cunNq4YhV823vtiugGftm5f3nz8A8apump""}",18
EAyvG3YKGsnHkQLcmY3R8YRSab3wu2rC288U8f8PVwND_solana,ZALPHA,ZALPHA,zalpha,EAyvG3YKGsnHkQLcmY3R8YRSab3wu2rC288U8f8PVwND_solana0gj.png,989051018,"{""solana"":""EAyvG3YKGsnHkQLcmY3R8YRSab3wu2rC288U8f8PVwND""}",18
0x7f2673ba3d0679224a65b70aefe84f9e6a3cc376_robinhood,CLUBY,Cluby Credit,cluby-credit,cluby-creditHEi.png,899971335,"{""robinhood"":""0x7f2673ba3d0679224a65b70aefe84f9e6a3cc376""}",18
8sbaCMtqUKHwmPkBfe1m4u738u4MjvTCDbRXLDjppump_solana,BEET,Back2EmploymentEducationTraining,back2employmenteducationtraining,8sbaCMtqUKHwmPkBfe1m4u738u4MjvTCDbRXLDjppump_solanaCdp.png,961161111,"{""solana"":""8sbaCMtqUKHwmPkBfe1m4u738u4MjvTCDbRXLDjppump""}",18
crazzers-ai,CRAZZERS,Crazzers AI,crazzers-ai,crazzers-aiqEg.png,1000000000,"{""base"":""0xd2626a8408e13a364130bf25495ce242d30f4721""}",18
Aih3sbAbu39Yn7jB2Qf4btZ5eWtDGQJH2gMfC4qdBAGS_solana,1LY,1ly,1ly,1ly01i.png,999427777,"{""solana"":""Aih3sbAbu39Yn7jB2Qf4btZ5eWtDGQJH2gMfC4qdBAGS""}",18
GBUxQFRXQjSPjkxymAUKPfbUbSpRY8Ui7az1HCxtpump_solana,MIR,Mirror Chain,mirror-chain,GBUxQFRXQjSPjkxymAUKPfbUbSpRY8Ui7az1HCxtpump_solanaNFf.png,988595562,"{""solana"":""GBUxQFRXQjSPjkxymAUKPfbUbSpRY8Ui7az1HCxtpump""}",18
american-express-rstock,RAXP,American Express Tokenized Stock (Reality),american-express-rstock,american-express-rstockDin.png,14.7835,"{""arbitrum-one"":""0x0b343dce5310f29164611562bde3895ebc24dfd6"",""morph-l2"":""0xce57dfaff0f501a2769c5777fa5657cec5526fda""}",18
0x7dc31152f557f0a21897cab58b0d2d213a6d4444_binance_smart,FLOW,STAKE FLOW,stake-flow,stake-flow2C3.png,1000000000,"{""binance_smart"":""0x7dc31152f557f0a21897cab58b0d2d213a6d4444""}",18
DiaXHsNJwvGXEjx1HN7phGL7YfHPtBuvzHoCk28Apump_solana,DBULL,Delusional Bull,delusional-bull,delusional-bullV50.png,999671783,"{""solana"":""DiaXHsNJwvGXEjx1HN7phGL7YfHPtBuvzHoCk28Apump""}",18
resveratrol-berberine,TROL,Resveratrol & Berberine,resveratrol-berberine,resveratrol-berberineY2X.png,968783166,"{""solana"":""FDXJWqqhdrKh6TmpVKGVmHk9qyLrizzVfYd6SB7drug""}",18
96zMCM9nALK2cDv5p2CiDkGrgbJX9McCnQkxyBaoBAGS_solana,HUGGI,Huggi,huggi,huggi85f.png,999772034,"{""solana"":""96zMCM9nALK2cDv5p2CiDkGrgbJX9McCnQkxyBaoBAGS""}",18
7ro7WwhwqgBh794AtHZJgj7HXU3ExgkeMCq2tB8pump_solana,NORMIE,Normie,normie-5,normie-5rQe.png,999511641,"{""solana"":""7ro7WwhwqgBh794AtHZJgj7HXU3ExgkeMCq2tB8pump""}",18
2FK2ZY4EYfeUtD7gnh4uNdWf2uQjqBJ5vwn5ja3gpump_solana,SOTER,Soter,soter,sotergpd.png,960042921,"{""solana"":""2FK2ZY4EYfeUtD7gnh4uNdWf2uQjqBJ5vwn5ja3gpump""}",18
0x82ec74e2ef378313565a883e0e21e5baeac8469c_ethereum,DOLL,Doll Face,doll-face,0x82ec74e2ef378313565a883e0e21e5baeac8469c_ethereumhhE.png,100000000,"{""ethereum"":""0x82ec74e2ef378313565a883e0e21e5baeac8469c""}",18
7Z1SttDgWt9UtcmSPnM9dmXztuiQS7oJS7NaYpJobonk_solana,COIN,a coin,a-coin,7Z1SttDgWt9UtcmSPnM9dmXztuiQS7oJS7NaYpJobonk_solanaA29.png,999365479,"{""solana"":""7Z1SttDgWt9UtcmSPnM9dmXztuiQS7oJS7NaYpJobonk""}",18
first-stonfi-on-gas-pump,STONCAT,first StonFi on gas pump,first-stonfi-on-gas-pump,first-stonfi-on-gas-pumpTyF.png,1000000000,"{""the-open-network"":""EQD6PO4MS83r-mcUuX-lQNMozS7SpFJUTeyh8K41kvZJI-2V""}",18
4Aar9R14YMbEie6yh8WcH1gWXrBtfucoFjw6SpjXpump_solana,OMEGAX,OmegaX Health,omegax-health-2,omegax-health-2VbL.png,999997871,"{""solana"":""4Aar9R14YMbEie6yh8WcH1gWXrBtfucoFjw6SpjXpump""}",18
4gfNpwo8LQtcgGrNmgWhuwfFhttgZ8Qb6QXN4Yz8BAGS_solana,EVA,Eva Everywhere,eva-everywhere,eva-everywhereQcJ.png,999599696,"{""solana"":""4gfNpwo8LQtcgGrNmgWhuwfFhttgZ8Qb6QXN4Yz8BAGS""}",18
the-animal-within-you,THERIAN,The animal within you,the-animal-within-you,the-animal-within-youZ6h.png,999961955,"{""solana"":""3We1AmjjZvNqvcL96zjyoQSNaWuejrbksaf7w4XXpump""}",18
pxPdoEVJADUP5WD6d7vRQbwZknEzUL7pcNMJmXjpump_solana,PITH,PithLabs,pithlabs,pithlabshFn.png,994040743,"{""solana"":""pxPdoEVJADUP5WD6d7vRQbwZknEzUL7pcNMJmXjpump""}",18
EAQWA7VgpMnj3A5bH83MMn1p6WqpEUZoe3d54UsU5uXc_solana,GILLIONS,GILLIONS,gillions,EAQWA7VgpMnj3A5bH83MMn1p6WqpEUZoe3d54UsU5uXc_solanaFNE.png,999047968,"{""solana"":""EAQWA7VgpMnj3A5bH83MMn1p6WqpEUZoe3d54UsU5uXc""}",18
0xb9e75a12de07c55c1496b36dcdac55764440b8c8_robinhood,PONSERS,Ponsers,ponsers,ponsersBB6.png,1000000000,"{""robinhood"":""0xb9e75a12de07c55c1496b36dcdac55764440b8c8""}",18
0x575abfc711d630189cfd048788519782a1914444_binance_smart,VISION,OcularAI,ocularai,ocularaiZB9.png,1000000000,"{""binance_smart"":""0x575abfc711d630189cfd048788519782a1914444""}",18
2dPkLQi1WLkrbQbBAS9d8GHARF4oWQXFXrUbMq7bstar_solana,STAR,Star,star,2dPkLQi1WLkrbQbBAS9d8GHARF4oWQXFXrUbMq7bstar_solana4Y0.png,999965329,"{""solana"":""2dPkLQi1WLkrbQbBAS9d8GHARF4oWQXFXrUbMq7bstar""}",18
8Zrbh9DJFgY5H6jqZb3CWeMF6wLGMHiDKvkK4qSTpump_solana,CAP,CAPCAT,capcat,capcateZK.png,999607467,"{""solana"":""8Zrbh9DJFgY5H6jqZb3CWeMF6wLGMHiDKvkK4qSTpump""}",18
0x968be0c1a394bf1ce239e3b40909ec0f9d4f5583_robinhood,NYMA,Anonyma,anonyma,anonymaev5.png,1000000000,"{""robinhood"":""0x968be0c1a394bf1ce239e3b40909ec0f9d4f5583""}",18
delphic-arena,DELPHIC,Delphic Arena,delphic-arena,delphic-arenaXRS.png,1000000000,"{""robinhood"":""0xaa730f8cca8a22600f92d854322c560390fcff87""}",18
rentnode,RNODE,Rentnode,rentnode,rentnode0N1.png,985360360,"{""robinhood"":""0x954f81c9bdce955619e8533bc5fdd9d0503cf8b4""}",18
6NhHMW7cXLJAhxXGfP3FAuvEdbrwguZY2tcPJfCPpump_solana,TFIA,The Future Is autonomous,the-future-is-autonomous,6NhHMW7cXLJAhxXGfP3FAuvEdbrwguZY2tcPJfCPpump_solanal4O.png,996850177,"{""solana"":""6NhHMW7cXLJAhxXGfP3FAuvEdbrwguZY2tcPJfCPpump""}",18
bingus,BINGUS,Bingus,bingus,binguskwP.png,998756677,"{""solana"":""ABc1BqTSZEwZoZr6kJUyUCMQTTxWSh18DyK5GM4Spump""}",18
jGFnKSMVw5EuGiTZj3nr9Xqrt5tBQ7PcRZVkv5Apump_solana,CWYPTO,CWYPTO,cwypto,jGFnKSMVw5EuGiTZj3nr9Xqrt5tBQ7PcRZVkv5Apump_solanaLKg.png,998571131,"{""solana"":""jGFnKSMVw5EuGiTZj3nr9Xqrt5tBQ7PcRZVkv5Apump""}",18
2TK6MgLTmHDhmdh4EtdnBkYKZPkcjMp6cj3gcWhqpump_solana,MMC,Magic Money Computers,magic-money-computers,2TK6MgLTmHDhmdh4EtdnBkYKZPkcjMp6cj3gcWhqpump_solanaqaA.png,998844996,"{""solana"":""2TK6MgLTmHDhmdh4EtdnBkYKZPkcjMp6cj3gcWhqpump""}",18
2vfBxPmHSW2YijUcFCRoMMkAWP9fp8FGWnKxVvJnpump_solana,XTRADE,X Trade AI,x-trade-ai,2vfBxPmHSW2YijUcFCRoMMkAWP9fp8FGWnKxVvJnpump_solana5FD.png,999582606,"{""solana"":""2vfBxPmHSW2YijUcFCRoMMkAWP9fp8FGWnKxVvJnpump""}",18
77rUTY78vqn1MAaWMFW2dFQ9fHNr2WubS8e6P3nhpump_solana,TARDIMALS,Tardimals,tardimals,tardimalsfLY.png,956885506,"{""solana"":""77rUTY78vqn1MAaWMFW2dFQ9fHNr2WubS8e6P3nhpump""}",18
0x268d46d09d59d555350701a5336dc0d516f80de3_base,ONLYUP,OnlyUp Token,onlyup-token,onlyup-token12i.png,1000000000,"{""base"":""0x268d46d09d59d555350701a5336dc0d516f80de3""}",18
wrapped-aave-avalanche-savax,WAAVASAVAX,Wrapped Aave Avalanche SAVAX,wrapped-aave-avalanche-savax,wrapped-aave-avalanche-savaxZG0.png,366.0748,"{""avalanche"":""0x7d0394f8898fba73836bf12bd606228887705895""}",18
FS6hF7mNdAid8E1FHyRNcw6CCDye3QVXHzfHcFiLpump_solana,ALIEN BOY,ALIEN BOY,alien-boy,alien-boyFDX.png,999456487,"{""solana"":""FS6hF7mNdAid8E1FHyRNcw6CCDye3QVXHzfHcFiLpump""}",18
nasdaq-rstock,RNDAQ,Nasdaq Inc. Tokenized Stock (Reality),nasdaq-rstock,nasdaq-rstockfFn.png,48.2574,"{""arbitrum-one"":""0xdaeb8da545d234110ac6217d037d1738d2e72c87"",""morph-l2"":""0xd95efdcdcca81d6a708047517b044742c1073148""}",18
4EyZeBHzExbXJTM6uVDiXyGVZVnf9Vi5rdBaBCFvBAGS_solana,DOGHOUSE,Doghouse Coin,doghouse-coin,doghouse-coinVEu.png,998350400,"{""solana"":""4EyZeBHzExbXJTM6uVDiXyGVZVnf9Vi5rdBaBCFvBAGS""}",18
yfi,YFI,YFI,yfi,yfi7iu.png,36000,"{""binance_smart"":""0x0affe50d637114656f6ba27fa94abf0de260f918""}",18
EA6jvQhjR2iMkRaVy9P9drM2ExowaFZWGn3Uo8FPpump_solana,USBC,US BLACKWHALE COIN,us-blackwhale-coin,us-blackwhale-coinwOG.png,999851864,"{""solana"":""EA6jvQhjR2iMkRaVy9P9drM2ExowaFZWGn3Uo8FPpump""}",18
4wNsn7WNtct8kAhRyPX1qTovYPjFBiJFfoktDWt4pump_solana,ALBERT,Albert the Monkey,albert-the-monkey,albert-the-monkeyb3w.png,999708030,"{""solana"":""4wNsn7WNtct8kAhRyPX1qTovYPjFBiJFfoktDWt4pump""}",18
BmjaULzZoEKnGpwGMfdCSEeTio3giS1qgbGBnU5Gbonk_solana,WUKONG,sun wukong,sun-wukong,sun-wukongUza.png,999235978,"{""solana"":""BmjaULzZoEKnGpwGMfdCSEeTio3giS1qgbGBnU5Gbonk""}",18
0x610a07435f5683a7eea1b9d8479c4ec34e284444_binance_smart,白马,白马 (White Horse),white-horse,white-horsem2P.png,1000000000,"{""binance_smart"":""0x610a07435f5683a7eea1b9d8479c4ec34e284444""}",18
4MhKUVWwjHHU9FwrBi85mDSSSxqwCgXDuExvpzkRpump_solana,RICHGUY,Just a Rich Guy,just-a-rich-guy,just-a-rich-guyrfI.png,998958612,"{""solana"":""4MhKUVWwjHHU9FwrBi85mDSSSxqwCgXDuExvpzkRpump""}",18
EbW1bx4NdjH4aTTUNAP9PRBYTu6qJE12d9vUhvHbpump_solana,GEEKED,geeked,geeked,EbW1bx4NdjH4aTTUNAP9PRBYTu6qJE12d9vUhvHbpump_solana6FZ.png,998510152,"{""solana"":""EbW1bx4NdjH4aTTUNAP9PRBYTu6qJE12d9vUhvHbpump""}",18
vanguard-value-etf-rstock,RVTV,Vanguard Value ETF Tokenized Stock (Reality),vanguard-value-etf-rstock,vanguard-value-etf-rstock9wO.png,23.2398,"{""arbitrum-one"":""0x118b7971b0ce54d32a284e2bcc0303a464c0e710"",""morph-l2"":""0xc48e14d19ed66e9242202b93d37abf4f1afa23ec""}",18
global-x-msci-argentina-etf-ondo-tokenized,ARGTON,Global X MSCI Argentina ETF (Ondo Tokenized),global-x-msci-argentina-etf-ondo-tokenized,global-x-msci-argentina-etf-ondo-tokenizedmvQ.png,51.6508,"{""ethereum"":""0xfb1b703b26957c344aab03bbe11ec9c23e9eddf5"",""binance_smart"":""0x2b08f1c28cb1ede3b11d397929f00215fa97ecfa"",""solana"":""rki25TZmDh94spjeoyyGWjkVEYSzcVvaAbddXGuondo""}",18
FuVJN8aHZrBJESbX5aq8tvNEWaBucxtq1e82ja1hpump_solana,JOY,Face with Tears of Joy,face-with-tears-of-joy,face-with-tears-of-joyInW.png,999801756,"{""solana"":""FuVJN8aHZrBJESbX5aq8tvNEWaBucxtq1e82ja1hpump""}",18
amplify-cwp-enhanced-dividend-income-etf-dinari-tokenized-etf,DIVO,Amplify CWP Enhanced Dividend Income ETF (Dinari Tokenized ETF),amplify-cwp-enhanced-dividend-income-etf-dinari-tokenized-etf,amplify-cwp-enhanced-dividend-income-etf-dinari-tokenized-etfcgK.png,90.6527,"{""ethereum"":""0xc5668c968f2fd3b56c190cb3abbbc7a6ad52ce06"",""base"":""0x812cded91dabfa948e2249fe137d14c1e81de386"",""arbitrum-one"":""0x02d53c7fc4339260f1db0548ade8d585ed391df2"",""avalanche"":""0xc5668c968f2fd3b56c190cb3abbbc7a6ad52ce06""}",18
LbvA6YcxnPcKXyc35TsZ5rH1Tz6P3E3SoFPSPTGpump_solana,MOVER,Mover,mover,moverFXn.png,950613099,"{""solana"":""LbvA6YcxnPcKXyc35TsZ5rH1Tz6P3E3SoFPSPTGpump""}",18
lama-trust-coin-v2,VLAMA,LAMA Trust Coin V2,lama-trust-coin-v2,lama-trust-coin-v2yBi.png,199225381,"{""binance_smart"":""0x53b873473b431a38fab50a51b9e37e7ff55bea3d""}",18
8tLbMZWuwB9oyXaJdAuPpL4ecVTdiNqGGR9n8m3bpump_solana,NARRATIVE,1 narrative can change your life,1-narrative-can-change-your-life,1-narrative-can-change-your-life4Ng.png,968733995,"{""solana"":""8tLbMZWuwB9oyXaJdAuPpL4ecVTdiNqGGR9n8m3bpump""}",18
7opAGer4hk78N7VtYjk2bVif6SzvPkBm8PzQAvzspump_solana,REPLACEMENT,The Great Replacement,the-great-replacement,the-great-replacementYAo.png,999464124,"{""solana"":""7opAGer4hk78N7VtYjk2bVif6SzvPkBm8PzQAvzspump""}",18
F9JkmcR9oXaV5kZJKbz75ZqiYRVnAwgcBJXj8JRzpump_solana,1234567891,01112131415161718192021222324252,01112131415161718192021222324252-token,F9JkmcR9oXaV5kZJKbz75ZqiYRVnAwgcBJXj8JRzpump_solanasRe.png,996175700,"{""solana"":""F9JkmcR9oXaV5kZJKbz75ZqiYRVnAwgcBJXj8JRzpump""}",18
pumpilians,PUMPI,Pumpilians,pumpilians,pumpiliansaMU.png,993233459,"{""solana"":""q2yC2PPhZqjru2c6UWZfKJqJUtG1xJGTJKx8oy2pump""}",18
6m1Au79gHDxBztJbne1yhj9QzUT3FMzzz7AK9fw6is5U_solana,MCP,MCP AI,mcp-ai,6m1Au79gHDxBztJbne1yhj9QzUT3FMzzz7AK9fw6is5U_solanaPcl.png,0,"{""solana"":""6m1Au79gHDxBztJbne1yhj9QzUT3FMzzz7AK9fw6is5U""}",18
7ea3ifsARjj2TeuPgScj5fNENpVodU4vXrA8yQcH8FK2_solana,AI,American Intelligence,american-intelligence,american-intelligenceBjF.png,990878511,"{""solana"":""7ea3ifsARjj2TeuPgScj5fNENpVodU4vXrA8yQcH8FK2""}",18
devious-mf,DEVIOUS,Devious MF,devious-mf,devious-mfWCO.png,999805049,"{""solana"":""CeoReCwAmt8iqjQoKQGEMqKERDWGxxDUED9zVYg3pump""}",18
2uER9DLE6qQKhPphmPtb1ZvuuvCRst3atmhC3qjLpump_solana,VISION,VISION,vision-5,vision-5dkx.png,990450157,"{""solana"":""2uER9DLE6qQKhPphmPtb1ZvuuvCRst3atmhC3qjLpump""}",18
DL7JgzgcJLudqJAVTXWyNizT9p9Rk5kxT4bWKUwcpump_solana,VER,Vernus,vernus,DL7JgzgcJLudqJAVTXWyNizT9p9Rk5kxT4bWKUwcpump_solanakWf.png,999874115,"{""solana"":""DL7JgzgcJLudqJAVTXWyNizT9p9Rk5kxT4bWKUwcpump""}",18
HEZTzupnyVebcpJ2PZem4DkStCdpdZCAENy7aUexpump_solana,FRED,Fred the Raccoon,fred-the-raccoon,fred-the-raccoonbOL.png,999692818,"{""solana"":""HEZTzupnyVebcpJ2PZem4DkStCdpdZCAENy7aUexpump""}",18
9z4EGSy2KBvUX3zb4pJSWdoFKs6nX4SNh32JepBTpump_solana,WISE,wise move,wise-move,9z4EGSy2KBvUX3zb4pJSWdoFKs6nX4SNh32JepBTpump_solanaaI8.png,999711314,"{""solana"":""9z4EGSy2KBvUX3zb4pJSWdoFKs6nX4SNh32JepBTpump""}",18
0x5b9957a7459347163881d19a87f6dc13291c2b07_base,JUMPBOX.ETH,JUMPBOX.ETH,jumpbox-eth,0x5b9957a7459347163881d19a87f6dc13291c2b07_basePh2.png,100000000000,"{""base"":""0x5b9957a7459347163881d19a87f6dc13291c2b07""}",18
0x89aca77d84616e89a7e4b201e95ba612ede0496b_base,BASEDBILL,Based Bill,based-bill,based-billYwu.png,1000000000,"{""base"":""0x89aca77d84616e89a7e4b201e95ba612ede0496b""}",18
ganbare,GANBARE,Ganbare,ganbare,ganbarexmE.png,999920698,"{""solana"":""2df9zvw1TSKz8YhTCaMR1Jc7mLUjBmGVuHkMZewppump""}",18
A9v1uzDFSon5X7TgGYqd2HFpcioJntkFfpozzLCdpump_solana,STARPAY,Starpay Cards,starpay-cards,A9v1uzDFSon5X7TgGYqd2HFpcioJntkFfpozzLCdpump_solanaPeR.png,999922652,"{""solana"":""A9v1uzDFSon5X7TgGYqd2HFpcioJntkFfpozzLCdpump""}",18
fortuna-protocol,FP,Fortuna Protocol,fortuna-protocol,fortuna-protocolvK3.png,999884863,"{""solana"":""DtgCVZ877swr93rHXhbfshcthnSK2Ds4dz3XC8GYpump""}",18
EV169nnxWHQGvDFiz999BUt8XDpcRLmwqkciytRQGFg2_solana,CONTRA,Contrapair,contrapair,contrapairjf2.png,961557959,"{""solana"":""EV169nnxWHQGvDFiz999BUt8XDpcRLmwqkciytRQGFg2""}",18
0x51e7bf39c6cf1a7f53ddfaa5db346c69994511f2_robinhood,GOONER,Purgy Pengoon,purgy-pengoon,0x51e7bf39c6cf1a7f53ddfaa5db346c69994511f2_robinhoodXlw.png,1000000000,"{""robinhood"":""0x51e7bf39c6cf1a7f53ddfaa5db346c69994511f2""}",18
8D9CZBsMocuJ8bdnpegGE8auHdFQ1Ez5F66wWAFv3WcN_solana,SNAKE,Snake,snake-5,8D9CZBsMocuJ8bdnpegGE8auHdFQ1Ez5F66wWAFv3WcN_solanaBhM.png,998244604,"{""solana"":""8D9CZBsMocuJ8bdnpegGE8auHdFQ1Ez5F66wWAFv3WcN""}",18
BPjiqnko1sooBvhrTnDxV4bKf7V5Qws9MbYRWDw8pump_solana,BID,BIDit,bidit,biditXy2.png,983754931,"{""solana"":""BPjiqnko1sooBvhrTnDxV4bKf7V5Qws9MbYRWDw8pump""}",18
0x1e339a1785b8114eef43e471c49c6ca327479aca_base,BINGO,Bingo,bingo-4,0x1e339a1785b8114eef43e471c49c6ca327479aca_baseb9R.png,10000000000,"{""base"":""0x1e339a1785b8114eef43e471c49c6ca327479aca""}",18
D7JzuyEnAKMp7uvnyXbzhtbinP5x8eJPT2gVrDwxpump_solana,PAIN,Pain,pain-2,pain-2tmx.png,998624130,"{""solana"":""D7JzuyEnAKMp7uvnyXbzhtbinP5x8eJPT2gVrDwxpump""}",18
2EH5Y18tw366g3VQvXKXKhr4zhYD6sC8X2Ktw3ocpump_solana,GABRIEL,Gabriel,gabriel,gabrieleQ3.png,983956554,"{""solana"":""2EH5Y18tw366g3VQvXKXKhr4zhYD6sC8X2Ktw3ocpump""}",18
monstro-usdc-vault,MUSDC,Monstro USDC Vault,monstro-usdc-vault,monstro-usdc-vaultYaU.png,4663,"{""base"":""0xfa68ac5ca298ab4b96bce6542ec74bb9516b0397""}",18
staked-vetro-btc,SVETBTC,Staked Vetro BTC,staked-vetro-btc,staked-vetro-btc1g7.png,0.05165692,"{""ethereum"":""0x0cb9d84d4bcec8d3d5b2d99a6f07f4605325987e""}",18
2Pah9ZUfpii27ABrWfQorzdW8FSJimxj6izFr4oGpump_solana,PLUMBER,how to become a plumber?,how-to-become-a-plumber,how-to-become-a-plumberafG.png,999366598,"{""solana"":""2Pah9ZUfpii27ABrWfQorzdW8FSJimxj6izFr4oGpump""}",18
0x128ec47d961e5ad39455ff071d7931195586f38c_ethereum,VIP,Viper Cash,viper-cash,0x128ec47d961e5ad39455ff071d7931195586f38c_ethereumSYq.png,21000000,"{""ethereum"":""0x128ec47d961e5ad39455ff071d7931195586f38c""}",18
9KrdYnHHrsWYpWMxyzbmmrjcXRr7ERWpB3byNeb1pump_solana,UNIPUMP,Unipump,unipump-2,9KrdYnHHrsWYpWMxyzbmmrjcXRr7ERWpB3byNeb1pump_solanazNc.png,999468822,"{""solana"":""9KrdYnHHrsWYpWMxyzbmmrjcXRr7ERWpB3byNeb1pump""}",18
arqit-quantum-ondo-tokenized,ARQQON,Arqit Quantum (Ondo Tokenized),arqit-quantum-ondo-tokenized,arqit-quantum-ondo-tokenizedAsU.png,176.1982,"{""ethereum"":""0x45583545be579cc96409903597c5e17b3fd7ceff"",""binance_smart"":""0x1161989389a991532dce453d04d6346c2581c907"",""solana"":""crakmaGKTuVRYqSBsFsuqio5CmpEQnpibDrVLbDondo""}",18
kita-2,$KITA,KITA,kita-2,kita-2RDV.png,943592741,"{""solana"":""JA8JfHs6v8ZXmz4MDFaqgEJHkxWxRnXfVbXidm1sTGCG""}",18
merv-the-cat,MERV,merv the cat,merv-the-cat,merv-the-catMa4.png,971730844,"{""solana"":""3spGNmo9SKtiHrUeXAjchoqUBNgGvRBdDpgcH7mSpump""}",18
F5RyYFSXMuTXPjcLBTDr9ihy7ZUw93f1b3gLn1U1pump_solana,PUSH,push to exit,push-to-exit,push-to-exitfAL.png,985812545,"{""solana"":""F5RyYFSXMuTXPjcLBTDr9ihy7ZUw93f1b3gLn1U1pump""}",18
B46q6AJ4xRwWtxuWtCu1sk5DVUiEhAeGLPPoTJbipump_solana,DAY1,Bullish Start,bullish-start,bullish-startjAl.png,987151267,"{""solana"":""B46q6AJ4xRwWtxuWtCu1sk5DVUiEhAeGLPPoTJbipump""}",18
Di4B2JSRykk27QcD9oe9sjqff1kTW4mf23bfDePwEKLu_solana,PXL,Pixel,pixel-3,Di4B2JSRykk27QcD9oe9sjqff1kTW4mf23bfDePwEKLu_solanautD.png,643650025,"{""solana"":""Di4B2JSRykk27QcD9oe9sjqff1kTW4mf23bfDePwEKLu""}",18
HephxhDavKo6joaqQe7ELo4cu7r636f8RXFgg7evBAGS_solana,SLOPCRAFT,slopcraft,slopcraft,HephxhDavKo6joaqQe7ELo4cu7r636f8RXFgg7evBAGS_solanaemI.png,999699856,"{""solana"":""HephxhDavKo6joaqQe7ELo4cu7r636f8RXFgg7evBAGS""}",18
krypto-cock,COCK,Krypto Cock,krypto-cock,krypto-cockr7J.png,1000000000,"{""base"":""0x290d4a2e227cced586895c3f78a03e4e9d4c3fb6""}",18
3AvXA85wtW4UdAk1mnJsncGKvfEngsTypC9nybZJbonk_solana,HANDGUY,Hand Guy,hand-guy,hand-guyiPU.png,998692992,"{""solana"":""3AvXA85wtW4UdAk1mnJsncGKvfEngsTypC9nybZJbonk""}",18
wrapped-aave-arbitrum-ezeth,WAARBEZETH,Wrapped Aave Arbitrum ezETH,wrapped-aave-arbitrum-ezeth,wrapped-aave-arbitrum-ezeth0s1.png,1.4646,"{""arbitrum-one"":""0x4ff50c17df0d1b788d021acd85039810a1aa68a1""}",18
catcoin-5,CATCOIN,CatCoin,catcoin-5,catcoin-53a6.png,1000000000,"{""robinhood"":""0x8bada99332848483995ef9c61f4bffced1bafeed""}",18
procter-gamble-rstock,RPG,Procter & Gamble Tokenized Stock (Reality),procter-gamble-rstock,procter-gamble-rstockCm3.png,32.0571,"{""arbitrum-one"":""0xb7d6e09894b0ebf6e52fc7cd231b9a372c8ac419"",""morph-l2"":""0x682f4b2ba0276a8a42eccec13d6a6245f7b6c166""}",18
1HE8MZKhpbJiNvjJTrXdV395qEmPEqJme6P5DLBboop_solana,RDMP,Roadmap Coin,roadmap-coin,roadmap-coin3ab.png,971137160,"{""solana"":""1HE8MZKhpbJiNvjJTrXdV395qEmPEqJme6P5DLBboop""}",18
0xbee455b5cd3a84b03871c779b018e7959be15bab_robinhood,500,Fortune 500,fortune-500,fortune-500vo5.png,918367347,"{""robinhood"":""0xbee455b5cd3a84b03871c779b018e7959be15bab""}",18
destable-coin,DESTABLE,destable coin,destable-coin,destable-coinQPX.png,1000000000,"{""binance_smart"":""0x3b2b271e7736db0f47ae4fb0c408c0c943d34444""}",18
0x277204675524b49d417bd0b374a1fb09465f7777_binance_smart,ASTHER,AstheraFi,astherafi,0x277204675524b49d417bd0b374a1fb09465f7777_binance_smartYDs.png,1000000000,"{""binance_smart"":""0x277204675524b49d417bd0b374a1fb09465f7777""}",18
0x92be8cb46473297b09ce6640843a75385057061c_robinhood,AQU,AQUIFER,aquifer,aquiferdnk.png,1000000000,"{""robinhood"":""0x92be8cb46473297b09ce6640843a75385057061c""}",18
pacoca,PACOCA,Pacoca,pacoca,pacocatkH.png,637438990,"{""binance_smart"":""0x55671114d774ee99d653d6c12460c780a67f1d18""}",18
roboos,ROS,RoboOS,roboos,roboosuWk.png,999731539,"{""solana"":""HEA4baiTauugXqWzSVVA43oaZhQf7zoUg1kuoSfqpump""}",18
silensio,SILEN,Silensio,silensio,silensiorLc.png,1000000000,"{""ethereum"":""0x9157e4b8b6b3b83297a6a7ecf2cdb486542c5136""}",18
4esMAXNgafXPLEgCNf6yKUdsWVs7DtdRoGJUv6Ubpump_solana,MEEP,Meep Bird,meep-bird,meep-birdMXB.png,999525108,"{""solana"":""4esMAXNgafXPLEgCNf6yKUdsWVs7DtdRoGJUv6Ubpump""}",18
ishares-bitcoin-trust-rstock,RIBIT,iShares Bitcoin Trust Tokenized Stock (Reality),ishares-bitcoin-trust-rstock,ishares-bitcoin-trust-rstockZls.png,116.1971,"{""arbitrum-one"":""0x105a23a21751215cd0f9bbb028a657cc63af3d6a"",""morph-l2"":""0x74c8c1c99f1688f52da248d440b8a066ac4ceb06""}",18
long-nose-dog,LONG,Long Nose Dog,long-nose-dog,long-nose-dogjey.png,996993885,"{""solana"":""AuYzLSUHCKiX4MTK21J2vDAqj6JX5Wa6BPSwugw7CoJA""}",18
HPgsCBk6gkTw5FFPYc9WeeBU8EU2Ye1AYmeTYq5apump_solana,ALINAINTEL,ALINA AI,alina-ai,HPgsCBk6gkTw5FFPYc9WeeBU8EU2Ye1AYmeTYq5apump_solanaywv.png,997200946,"{""solana"":""HPgsCBk6gkTw5FFPYc9WeeBU8EU2Ye1AYmeTYq5apump""}",18
E5BuPQkFkGMAvzB6fQCJyGZDVHkdNaYZuj1Kfz92pump_solana,PSYOPPEPE,PsyopPepe,psyoppepe,E5BuPQkFkGMAvzB6fQCJyGZDVHkdNaYZuj1Kfz92pump_solana7fK.png,999208325,"{""solana"":""E5BuPQkFkGMAvzB6fQCJyGZDVHkdNaYZuj1Kfz92pump""}",18
GgieLnjHjwYwSvscVNc2xB2qN1K3YhjYPngzY9c2bonk_solana,AIB,AMERICA IS BACK,america-is-back-2,america-is-back-2626.png,998027156,"{""solana"":""GgieLnjHjwYwSvscVNc2xB2qN1K3YhjYPngzY9c2bonk""}",18
918p2GRyDLkhsRvtAHaKZg8yrP5kXSe6CYustqTcpump_solana,CATSZN,Cat Season,cat-season,cat-seasona5N.png,995644477,"{""solana"":""918p2GRyDLkhsRvtAHaKZg8yrP5kXSe6CYustqTcpump""}",18
36CvCWVMgSgpZNFu2JVuaaJVEcKtqySpS9hD2kxUpump_solana,GATO,el gato,el-gato-4,el-gato-4OjJ.png,999739559,"{""solana"":""36CvCWVMgSgpZNFu2JVuaaJVEcKtqySpS9hD2kxUpump""}",18
FBjp6EWSurnP2JX1h59waGwdnukLn6kik7fkFotSpump_solana,GRIZZLY,The Mercy Of The Bear,the-mercy-of-the-bear,FBjp6EWSurnP2JX1h59waGwdnukLn6kik7fkFotSpump_solana1nr.png,999235572,"{""solana"":""FBjp6EWSurnP2JX1h59waGwdnukLn6kik7fkFotSpump""}",18
bing-wu,FIREHORSE,Bing wu 丙午,bing-wu,bing-wuW7i.png,999872274,"{""solana"":""9hfajwF4pPRtLG1psEq5s7yBCSieKkUXGSUrvJXXcmcH""}",18
rambo-kitten,RAMBO,Rambo Kitten,rambo-kitten,rambo-kittent5P.png,1000000000,"{""robinhood"":""0x67b953ac1d98f9dfe17ab1854bd54b180f95ae07""}",18
0x023fae553a61e6749d03e460848b33beddcc4444_binance_smart,金狗,金狗 (Golden Dog),golden-dog,0x023fae553a61e6749d03e460848b33beddcc4444_binance_smartNEt.png,1000000000,"{""binance_smart"":""0x023fae553a61e6749d03e460848b33beddcc4444""}",18
FQt7749yicQ9vZ2CA8r4ghq4MCPJpsVicT8gNkAjpump_solana,SKILL,ReadTheSkill,readtheskill,readtheskillAhp.png,999511437,"{""solana"":""FQt7749yicQ9vZ2CA8r4ghq4MCPJpsVicT8gNkAjpump""}",18
3aLhoQ8YuyeSfgGzrpnh9WGLozsgt5FNTJe596q3pump_solana,BURNCOIN,burncoin,burncoin-3,burncoin-3a0y.png,864213781,"{""solana"":""3aLhoQ8YuyeSfgGzrpnh9WGLozsgt5FNTJe596q3pump""}",18
spiny,SPINY,SPINY,spiny,spiny3aK.png,999893299,"{""solana"":""9Hoc6LmvUvEMUvNwp8qY8xv6uUSXz6ZupJkWQdeUpump""}",18
CwxXrctZ9cR4RzFy2vzZUcbCgG2TUncwwjS59Bymbonk_solana,CULT,Cult,cult-3,cult-3vy7.png,996046895,"{""solana"":""CwxXrctZ9cR4RzFy2vzZUcbCgG2TUncwwjS59Bymbonk""}",18
gen-z-social-team,GENZ,gen z social team,gen-z-social-team,gen-z-social-teamPWx.png,996660758,"{""solana"":""h8aN5bPGMxe1P9j4duNDwRHd4xfF22xren56BmZpump""}",18
CrFBNi3GHQ8boqivWUTbdwd1a3xwSMfkaxPzkocipump_solana,METAL,METAL,metal-3,CrFBNi3GHQ8boqivWUTbdwd1a3xwSMfkaxPzkocipump_solanavl5.png,999906808,"{""solana"":""CrFBNi3GHQ8boqivWUTbdwd1a3xwSMfkaxPzkocipump""}",18
savanna-survival,SVSA,Savanna Survival,savanna-survival,savanna-survivalePg.png,1000000000,"{""binance_smart"":""0x395603b95d721084c1917affdd06d78e559fa94d"",""klay-token"":""0x9947d29b1607ea6edb502d7c08d998fbf0ae0ab1""}",18
8SQkCjdA7E4xVyF1KTWcYJ727szoZGS9hyuHigLkpump_solana,MTLR,Metal Miner,metal-miner,metal-minerecU.png,828507075,"{""solana"":""8SQkCjdA7E4xVyF1KTWcYJ727szoZGS9hyuHigLkpump""}",18
BQnsQ7LrcKVUqB33cqkVmbN1GNvqCCVYqGLLG5fLpump_solana,CONDOR,Condor,condor,condormsL.png,999366216,"{""solana"":""BQnsQ7LrcKVUqB33cqkVmbN1GNvqCCVYqGLLG5fLpump""}",18
0x1862796e0cdffc1ff1d3fe200af251aef3ce43d8_robinhood,RESERVE,Reservoir,reservoir-2,0x1862796e0cdffc1ff1d3fe200af251aef3ce43d8_robinhoodHIc.png,1000000000,"{""robinhood"":""0x1862796e0cdffc1ff1d3fe200af251aef3ce43d8""}",18
4WECKfvfgEiojyZJq5Xm12Hvk76rhM4VHQAZGaELpump_solana,JEANCOIN,Official Jean Coin,official-jean-coin,official-jean-coinin3.png,985148088,"{""solana"":""4WECKfvfgEiojyZJq5Xm12Hvk76rhM4VHQAZGaELpump""}",18
robinwood,ROBINWOOD,Robinwood,robinwood,robinwood7Ph.png,1000000000,"{""robinhood"":""0xc7a5edbd6abcbc40790a9036956b6c9d72baace8""}",18
baby-broccoli,BABYBROCCOLI,Baby Broccoli,baby-broccoli,baby-broccoliqlH.png,936325205,"{""binance_smart"":""0x709a6bb090b8c4c72cb44533624f3df320a8ba80""}",18
Bv2AYefUcEe8StuRAAsvGLyeB8fkqVeEUVvYAiPApump_solana,BQC,BBQCoin,bbqcoin-2,bbqcoin-2wF2.png,979041383,"{""solana"":""Bv2AYefUcEe8StuRAAsvGLyeB8fkqVeEUVvYAiPApump""}",18
rune-2,RUNE,Rune,rune-2,rune-2ns2.png,999939908,"{""solana"":""9fAT1fVVEKMEL6rUeYxSYU8ZjQ5dSiTzAZYTdiPvpump""}",18
grayscale-ethereum-staking-etf-dinari-tokenized-etf,ETHE,Grayscale Ethereum Staking ETF (Dinari Tokenized ETF),grayscale-ethereum-staking-etf-dinari-tokenized-etf,grayscale-ethereum-staking-etf-dinari-tokenized-etfpUL.png,194.6053,"{""ethereum"":""0x4e4016eb5014468f3dba5883c70f9997026ea11e"",""base"":""0x5aa9bd9364cc3644bb7f35f092283dae7fd17e11"",""arbitrum-one"":""0x4cb894d1a5fc353ec18ba50cb087b88f6f73121f"",""avalanche"":""0x796f2ff606af9d6a6a83955bbf8936bfc7a83042""}",18
where-did-the-eth-go-pulsechain,WHETH,Where Did The ETH Go? (Pulsechain),where-did-the-eth-go-pulsechain,where-did-the-eth-go-pulsechaine2K.png,1000000,"{""pulsechain"":""0xde0220b69ce3e855a0124433a8e8d093f53a6be4""}",18
JC6NduxxLvvV7X5Pb9agHQTRpHTecB83HhGK4VZHpump_solana,SPRT,SproutAI,sproutai,sproutaiEtR.png,999065158,"{""solana"":""JC6NduxxLvvV7X5Pb9agHQTRpHTecB83HhGK4VZHpump""}",18
crypto-girls,CG,Crypto Girls,crypto-girls,crypto-girls5aA.png,999264911,"{""solana"":""9tqLggTCMQVwkFEuPp5Y1RJcdVS9MhaCLJtLy9Hipump""}",18
wrapped-aave-sonic-usdc,WASONUSDC,Wrapped Aave Sonic USDC,wrapped-aave-sonic-usdc,wrapped-aave-sonic-usdc65f.png,15442,"{""sonic"":""0x6646248971427b80ce531bdd793e2eb859347e55""}",18
DT5BdfBKRkyAE6NU5Towb578LNADT841P7yUzZbUpump_solana,NUDAENG,Nudaeng,nudaeng,nudaengSXv.png,999791729,"{""solana"":""DT5BdfBKRkyAE6NU5Towb578LNADT841P7yUzZbUpump""}",18
yuki-grok-companion,YUKI,Yuki Grok Companion,yuki-grok-companion,yuki-grok-companionhtx.png,999735033,"{""solana"":""3v2ekTxcn6voD4RDzhwaf5z1VXFxGBxoUKEWZRfBpump""}",18
GPqgnQ5xD8oPGT2aN3bZ467EHmDbEt7aRhJuUQGLpump_solana,SCF,Smoking Chicken Fish,smoking-chicken-fish-2,GPqgnQ5xD8oPGT2aN3bZ467EHmDbEt7aRhJuUQGLpump_solanaXxz.png,990936122,"{""solana"":""GPqgnQ5xD8oPGT2aN3bZ467EHmDbEt7aRhJuUQGLpump""}",18
Dp8fc49A73C1ycnTzRet8oEWNRSpUymqcCbYsse5pump_solana,GROKAN,GROKAN APP,grokan-app,Dp8fc49A73C1ycnTzRet8oEWNRSpUymqcCbYsse5pump_solanaDfL.png,998683456,"{""solana"":""Dp8fc49A73C1ycnTzRet8oEWNRSpUymqcCbYsse5pump""}",18
EQBTjR1nGlxTdRZGSSHeXYvckDkZc3eDwupzBFhz5cDx-eub_the-open-network,BOLGUR,Airina Bolgur,airina-bolgur,EQBTjR1nGlxTdRZGSSHeXYvckDkZc3eDwupzBFhz5cDx-eub_the-open-networkkwn.png,992398300,"{""the-open-network"":""EQBTjR1nGlxTdRZGSSHeXYvckDkZc3eDwupzBFhz5cDx-eub""}",18
GQsefQc5YPE12wkMnYMxD8Rq1wrRX7f9iFgpBjNpBAGS_solana,LAMBO,lambo,lambo-5,GQsefQc5YPE12wkMnYMxD8Rq1wrRX7f9iFgpBjNpBAGS_solanawW3.png,999603099,"{""solana"":""GQsefQc5YPE12wkMnYMxD8Rq1wrRX7f9iFgpBjNpBAGS""}",18
0xd50f5739a09f36c6f97cc9a4849c5462ba6129a3_cronos,CROGINAL,Croginal Cats,croginal-cats,0xd50f5739a09f36c6f97cc9a4849c5462ba6129a3_cronosbyB.png,938808085,"{""cronos"":""0xd50f5739a09f36c6f97cc9a4849c5462ba6129a3"",""base"":""0x56f6f2a23ae5ef82d8dc46934f7cf8d0b15ddedd""}",18
4sgCNP7ykejUaSvaGDhkq7JYqrLKB6M1Gq2X1rxSpump_solana,PUMPPERPS,PumpPerps,pumpperps,pumpperpspgx.png,994717236,"{""solana"":""4sgCNP7ykejUaSvaGDhkq7JYqrLKB6M1Gq2X1rxSpump""}",18
FmbmhYpjBzszfUxDju3g1qQzggXTT5yfMJ94rK7ypump_solana,COININI,Coinini,coinini,coininia9k.png,999656061,"{""solana"":""FmbmhYpjBzszfUxDju3g1qQzggXTT5yfMJ94rK7ypump""}",18
7ptr39shwummyaSku3i7nKkJtBT81CA1SYsvSYTyDUnQ_solana,TREASUREDAVID,treasure David,treasure-david,treasure-davidsog.png,999732600,"{""solana"":""7ptr39shwummyaSku3i7nKkJtBT81CA1SYsvSYTyDUnQ""}",18
93x67YtArpqdzmmyXQ7qxhvvoDTkC59dsHWXhD7Ypump_solana,POG,pog cult,pog-cult,pog-cultKku.png,999743301,"{""solana"":""93x67YtArpqdzmmyXQ7qxhvvoDTkC59dsHWXhD7Ypump""}",18
3Aufc1SPEq1TMDkeUYUbKiCp2s99Lt47CdPz5ka5pump_solana,GAM,Grown Ahh Man,grown-ahh-man,grown-ahh-manF5T.png,993763428,"{""solana"":""3Aufc1SPEq1TMDkeUYUbKiCp2s99Lt47CdPz5ka5pump""}",18
0x63cb9a22cbc00bf9159429e9dede4b88c3dba8ce_base,CAPO,LaunchTokenBot,launchtokenbot,0x63cb9a22cbc00bf9159429e9dede4b88c3dba8ce_baseVhX.png,969872320,"{""base"":""0x63cb9a22cbc00bf9159429e9dede4b88c3dba8ce""}",18
GPdJrAJa3Qrzwag5aKsM3bq6x3vFF3966QjTaSYXbonk_solana,USD2,USD2 (USD2),usd2-usd2,GPdJrAJa3Qrzwag5aKsM3bq6x3vFF3966QjTaSYXbonk_solanampm.png,999698811,"{""solana"":""GPdJrAJa3Qrzwag5aKsM3bq6x3vFF3966QjTaSYXbonk""}",18
82mTcMSHWs9UHggQgS5to46mbkiH8pmhjnArdyPyVCAT_solana,AGC,Alien Green Cat,alien-green-cat,alien-green-catXI6.png,999865249,"{""solana"":""82mTcMSHWs9UHggQgS5to46mbkiH8pmhjnArdyPyVCAT""}",18
498DeYRS7AtLdE5wbwXbpFtinMTDTJxuvfXMraDDpump_solana,FABLE,Fable The Degen,fable-the-degen,fable-the-degen1yl.png,997973133,"{""solana"":""498DeYRS7AtLdE5wbwXbpFtinMTDTJxuvfXMraDDpump""}",18
abrdn-physical-platinum-shares-etf-ondo-tokenized,PPLTON,abrdn Physical Platinum Shares ETF (Ondo Tokenized),abrdn-physical-platinum-shares-etf-ondo-tokenized,abrdn-physical-platinum-shares-etf-ondo-tokenizedkNF.png,27.2234,"{""ethereum"":""0xf1883461ec7bd883a3668749c5cf5f351080d059"",""binance_smart"":""0x3ec23f52f6573fc0587a0631dd8c3b107f6bcb35"",""solana"":""DwRtkbsaQMGAS3oMeEGYh6M5vH4X9WECsQgqHjAondo"",""hyperevm"":""0xb4c0eaf28ae7f667d9dabaa995f7a6e75e094770""}",18
3hrGWXzgQzAikcG6rerG45tK7KLYw2dZ84owWJ14bonk_solana,GREEN,GREEN,green-2,green-2qYI.png,998112839,"{""solana"":""3hrGWXzgQzAikcG6rerG45tK7KLYw2dZ84owWJ14bonk""}",18
DpFkEmSqYBd2vq1yPHa2awRGwYT55ksAczpF9YepBAGS_solana,BAGGED,Get Bagged,get-bagged,get-baggediz7.png,999487163,"{""solana"":""DpFkEmSqYBd2vq1yPHa2awRGwYT55ksAczpF9YepBAGS""}",18
AhdriVFckrSmt6xfXVdNcKA545bKvKgJQuk1LAnApump_solana,TILLY,first AI actress,first-ai-actress,first-ai-actress5m7.png,999179876,"{""solana"":""AhdriVFckrSmt6xfXVdNcKA545bKvKgJQuk1LAnApump""}",18
6FgPuEv5gNiHCTJqQeWiY6vu79fuSSqYJkHrpdompump_solana,OIL,OIL,oil,oilg7F.png,976545840,"{""solana"":""6FgPuEv5gNiHCTJqQeWiY6vu79fuSSqYJkHrpdompump""}",18
But5d7Vuhei96GBKC7quw3n7LpfCPcX63XNt5aXmf37N_solana,TOA,buttensor,buttensor,buttensor0Lw.png,999795395,"{""solana"":""But5d7Vuhei96GBKC7quw3n7LpfCPcX63XNt5aXmf37N""}",18
the-guardian-of-marado,NOORUNG,마라도의 파수꾼 (The Guardian of Marado),the-guardian-of-marado,the-guardian-of-marado5dj.png,100000000,"{""ethereum"":""0x2a49e6146fb9aad418943f77c79da6c371514889""}",18
chainleak,CHAINLEAK,ChainLeak,chainleak,chainleakc2z.png,1000000000,"{""base"":""0x4d54e4375b82fd22daa0d8f56e674f49727cdcde""}",18
loki,LOKI,Loki,loki,lokiN2M.png,999682554,"{""solana"":""BoaQpzy2d94gunwyVUPpvVPsR6CymahWg6GBqoXZpump""}",18
CoPRYLGHc7Qadere13xSPhRvgwwStCZn9dHpBZQ7pump_solana,CORVUS,Corvus Latimer,corvus-latimer,corvus-latimerTQc.png,999767528,"{""solana"":""CoPRYLGHc7Qadere13xSPhRvgwwStCZn9dHpBZQ7pump""}",18
vicor-corporation-robinhood-token,VICR,Vicor Corporation • Robinhood Token,vicor-corporation-robinhood-token,vicor-corporation-robinhood-tokenwjR.png,13.014,"{""robinhood"":""0x6006ed4b2f94110851ff7509d97d034f0eed9226""}",18
massa-bridged-usdt-massa,USDT.B,Massa Bridged USDT (Massa),massa-bridged-usdt-massa,massa-bridged-usdt-massa54H.png,4173,"{""massa"":""AS12LKs9txoSSy8JgFJgV96m8k5z9pgzjYMYSshwN67mFVuj3bdUV""}",18
EBsK6LyH8ZCF6aq2uD4fTkFHuPzA1DLUE7fLjMyJpump_solana,ANNOYED,The Annoyed Cat,the-annoyed-cat,the-annoyed-catJi9.png,956713493,"{""solana"":""EBsK6LyH8ZCF6aq2uD4fTkFHuPzA1DLUE7fLjMyJpump""}",18
AaoHhEyupbhaASkCCr7AgEvZh8AknSuDFwgw1nskpump_solana,KAILY,Kailith,kailith,AaoHhEyupbhaASkCCr7AgEvZh8AknSuDFwgw1nskpump_solana9kq.png,1000000000,"{""solana"":""AaoHhEyupbhaASkCCr7AgEvZh8AknSuDFwgw1nskpump""}",18
EwFTbdtH1FZQ2ZtDTgtYfzU2fBsxuGQC3nRHAFHpump_solana,DAT,Digital ASSet Treasury,digital-asset-treasury,EwFTbdtH1FZQ2ZtDTgtYfzU2fBsxuGQC3nRHAFHpump_solana5bF.png,998017785,"{""solana"":""EwFTbdtH1FZQ2ZtDTgtYfzU2fBsxuGQC3nRHAFHpump""}",18
2VBDM27xPCiqWrFab5oREF4UWJVVXpxGCaTrBgb4bQcq_solana,RUBYCOIN,RUBYCOIN,rubycoin-2,rubycoin-2Iwr.png,998401552,"{""solana"":""2VBDM27xPCiqWrFab5oREF4UWJVVXpxGCaTrBgb4bQcq""}",18
teBPKvR8PH4n58BCvHKVotLKaV9RAoB8taWTmkMpump_solana,ATH,High AF,high-af,teBPKvR8PH4n58BCvHKVotLKaV9RAoB8taWTmkMpump_solanaj0V.png,998500501,"{""solana"":""teBPKvR8PH4n58BCvHKVotLKaV9RAoB8taWTmkMpump""}",18
E514tLEAdmGFkxwnTA2WMxpMTpqmXASqgRRsrGwCpump_solana,SOS,ShadowOS,shadowos,shadowosrqx.png,999519321,"{""solana"":""E514tLEAdmGFkxwnTA2WMxpMTpqmXASqgRRsrGwCpump""}",18
0x1edf79e77693561e80072becbcce1e16dc356aca_avalanche,APIX,APIX,apix-2,0x1edf79e77693561e80072becbcce1e16dc356aca_avalancheT9x.png,8965000759,"{""avalanche"":""0x1edf79e77693561e80072becbcce1e16dc356aca""}",18
0x0271cc806b4bd0282abf8beb1dcb0e797fec2293_robinhood,LITE,Arclite,arclite,0x0271cc806b4bd0282abf8beb1dcb0e797fec2293_robinhoodzPM.png,965190913,"{""robinhood"":""0x0271cc806b4bd0282abf8beb1dcb0e797fec2293""}",18
CkSFj9MNEfWffXPuJxfcWRWdqHYUMAcvuUdJ7muSLCKJ_solana,DOGB,DogeBoy,dogeboy-2,dogeboy-2sQm.png,1200000000000,"{""solana"":""CkSFj9MNEfWffXPuJxfcWRWdqHYUMAcvuUdJ7muSLCKJ""}",18
57HrLUAXSrtjxkymZoMG57HeCUWU2Xgmy3BL18xB2vmh_solana,NORMOIDS,normoids,normoids,normoids9q5.png,954223327,"{""solana"":""57HrLUAXSrtjxkymZoMG57HeCUWU2Xgmy3BL18xB2vmh""}",18
0x01d430425a8a681ef26315e78a082fe744f8d0bbdbd1ab76b9fd78ada09bedca::Koi::KOI_sui,KOI,KOI,koi-5,0x01d430425a8a681ef26315e78a082fe744f8d0bbdbd1ab76b9fd78ada09bedca::Koi::KOI_suiV8G.png,1000000000,"{""sui"":""0x01d430425a8a681ef26315e78a082fe744f8d0bbdbd1ab76b9fd78ada09bedca::Koi::KOI""}",18
2Zvo6bnwJtyXhsPgbcfajTrEtB7NwrJhK8mMmtEXvHHc_solana,EDSE,Eddie Seal,eddie-seal,eddie-sealVGW.png,1000000000,"{""solana"":""2Zvo6bnwJtyXhsPgbcfajTrEtB7NwrJhK8mMmtEXvHHc""}",18
sDLRYc96bWkJCVgRaR8FTvokw2iSg8bSQrHR7vHpump_solana,CARICATURE,Ai Caricature,ai-caricature,ai-caricatureRuI.png,999797038,"{""solana"":""sDLRYc96bWkJCVgRaR8FTvokw2iSg8bSQrHR7vHpump""}",18
9Xi7yxDt5oxMG7b66nvbSiNvf7EaA4M3RGjzPmcRvgUk_solana,SIDELINER,Sideliner Coin,sideliner-coin,9Xi7yxDt5oxMG7b66nvbSiNvf7EaA4M3RGjzPmcRvgUk_solanaDKC.png,997310399,"{""solana"":""9Xi7yxDt5oxMG7b66nvbSiNvf7EaA4M3RGjzPmcRvgUk""}",18
81QY29ruZQSMcwNxh7WQTiny1pcvRbaenh7b36qpump_solana,MC,MarketCat,marketcat,marketcattj1.png,999134767,"{""solana"":""81QY29ruZQSMcwNxh7WQTiny1pcvRbaenh7b36qpump""}",18
D9cCcaA7ByHST1zj4KMLCXM4iZJgKfvYhsbYCvBfpump_solana,CHANGE,長押しで変化 (Long press to change),long-press-to-change,long-press-to-changeCWq.png,934788798,"{""solana"":""D9cCcaA7ByHST1zj4KMLCXM4iZJgKfvYhsbYCvBfpump""}",18
7TBD7QD9kyzwADErHusNtVWzSBdtG8j4aYJuXadNpump_solana,MWHALE,The Momma Whale,the-momma-whale,the-momma-whaleF8v.png,986862212,"{""solana"":""7TBD7QD9kyzwADErHusNtVWzSBdtG8j4aYJuXadNpump""}",18
sui-universe,SU,Sui Universe,sui-universe,sui-universe3c9.png,10000000000,"{""sui"":""0x53a63d7202fc83b39acb437e0f99aae0a73a96506ccfb1d1073710cdcefc26a2::su::SU""}",18
claim-your-red-envelope-now,马上领红包,马上领红包 (Claim Your Red Envelope Now),claim-your-red-envelope-now,claim-your-red-envelope-nowNtV.png,1000000000,"{""binance_smart"":""0x4f436232f4a21cef94c2b6d1a1dbedf675ac4444""}",18
3HxDM7xreHuop94zzzVP39fTKLvJCwHcSYgrSf8cyg5M_solana,KEK,Kek,kek-3,3HxDM7xreHuop94zzzVP39fTKLvJCwHcSYgrSf8cyg5M_solanagVD.png,917903327,"{""solana"":""3HxDM7xreHuop94zzzVP39fTKLvJCwHcSYgrSf8cyg5M""}",18
FdADAP27BApNGBx6uaMeK4CazFCUZgAkXgKPmHoYpump_solana,CAPYBARA,The survivor,the-survivor,the-survivorRNa.png,999374549,"{""solana"":""FdADAP27BApNGBx6uaMeK4CazFCUZgAkXgKPmHoYpump""}",18
reporank,REPO,RepoRank,reporank,reporankM5X.png,999976705,"{""solana"":""Gy9JHGYJP9eNByZtLkAMtzbzoTUPfkjqpuRD4BSpump""}",18
AVdsFsS45YjGEitb7yQy3XqnNsMVGL3o4cYA53bpump_solana,BURN,Burning till 10M mc,burning-till-10m-mc,burning-till-10m-mcrp7.png,898231624,"{""solana"":""AVdsFsS45YjGEitb7yQy3XqnNsMVGL3o4cYA53bpump""}",18
moon-bay-2,MOON,Moon Bay,moon-bay-2,moon-bay-2Oco.png,80000000,"{""sonic"":""0x486b6fa0419b33a0c7a6e4698c231d7e2f2d5299""}",18
FJSKRhn5ZGtv66HtgaqVY9oNsV2KeynngLTq6PX4pump_solana,棱角猫,A little cat worn down by life.,a-little-cat-worn-down-by-life,a-little-cat-worn-down-by-lifeogS.png,999438814,"{""solana"":""FJSKRhn5ZGtv66HtgaqVY9oNsV2KeynngLTq6PX4pump""}",18
seal-fund,SEAL,SEAL Fund,seal-fund,seal-fundXEv.png,1000000,"{""hyperevm"":""0xd7fc59133ae3a3dbc9b40f4c1ef2624983f29f44""}",18
2pL9J9mTD9RAGS9jnNeB2kKR62ar8pnQAV2sMgyrpump_solana,WASABICRAFT,WASABICRAFT,wasabicraft,wasabicraft1sz.png,999813237,"{""solana"":""2pL9J9mTD9RAGS9jnNeB2kKR62ar8pnQAV2sMgyrpump""}",18
icons,ICONS,ICONS,icons,iconsFAF.png,1000000000,"{""base"":""0xcde80e161dc8a3e5407dd0d25835cd68a6f39f05""}",18
wirebus,WIREBUS,Wirebus,wirebus,wirebusdMB.png,998035821,"{""solana"":""4BftRTrkgTjQL7ybTmuu7bRrN8cM6gX9aN25Kbfqpump""}",18
muntze,MUNTZE,MUNTZE,muntze,muntzenC6.png,999990614,"{""solana"":""8ovs151K45m77kWeDUYaRuNyKebpiNfwr7SrgFShpump""}",18
0xb6bdc0f422a901062ecd948c6d0d785acd131ce1_base,ELYS,Elysionyx by Virtuals,elysionyx-by-virtuals,elysionyx-by-virtualsIlg.png,1000000000,"{""base"":""0xb6bdc0f422a901062ecd948c6d0d785acd131ce1""}",18
FT5NxJxAabL48ya52yyPdggrrk2XFLSwZRWxLTDPpump_solana,OSKKPU,鬼勃起侍⭐︎,oskkpu,oskkpulaF.png,999504431,"{""solana"":""FT5NxJxAabL48ya52yyPdggrrk2XFLSwZRWxLTDPpump""}",18
0xaa648834ea4f3ec34a6ce22042b6def9aa534444_binance_smart,MBGA,MAKE BNB GREAT AGAIN,make-bnb-great-again,make-bnb-great-againwFR.png,1000000000,"{""binance_smart"":""0xaa648834ea4f3ec34a6ce22042b6def9aa534444""}",18
united-microelectronics-ondo-tokenized,UMCON,United Microelectronics (Ondo Tokenized),united-microelectronics-ondo-tokenized,united-microelectronics-ondo-tokenizednML.png,153.9678,"{""ethereum"":""0x9784508a0758cbb43ecb9b62f4cf4b1b3a36480c"",""binance_smart"":""0x318ddd4d03d84a40cf44772385a0cfb3d4394049"",""solana"":""ieocA48cBX3oiVECgosMGxG649wnf7R8EkVrA5fondo""}",18
the-knight,KNIGHT,The Knight,the-knight,the-knightHhF.png,998187863,"{""solana"":""D2ktFF1jxG52XgnoNL62veTvEHPkui5syBifjJeapump""}",18
0x0398ed3bfabe8334fd3f47a7115e7a4214ba5aa0_base,TRGT,Target,target,target5n8.png,1000000000,"{""base"":""0x0398ed3bfabe8334fd3f47a7115e7a4214ba5aa0""}",18
0xdbdbe061578bcb755a555b7fe1daa1d77ad54444_binance_smart,上上签,赛博求签,saibo-qiuqian,saibo-qiuqiandyM.png,1000000000,"{""binance_smart"":""0xdbdbe061578bcb755a555b7fe1daa1d77ad54444""}",18
swirl-chat,SWIRL,Swirl Chat,swirl-chat,swirl-chatOcC.png,859418573,"{""robinhood"":""0xff23d2eab1e714949afa26851855a0a70e51bff3""}",18
6eo3XXoxMBmgUZhELQQwzWwNLDGL4Tz75kKsRPp7pump_solana,齊藤洋孝,Hirotaka,hirotaka,hirotakaVby.png,998782000,"{""solana"":""6eo3XXoxMBmgUZhELQQwzWwNLDGL4Tz75kKsRPp7pump""}",18
CNraxbUfLJLbTPV7RuwZanygNN49vz1P3reNqyx9pump_solana,YUNC,yunc,yunc,yuncOtn.png,999049059,"{""solana"":""CNraxbUfLJLbTPV7RuwZanygNN49vz1P3reNqyx9pump""}",18
4Nc2EhF8vqXcjHpbUevYZv9Bv4aKb4fWi7cju7c2pump_solana,DEGEN,Degen the Otter,degen-the-otter-4,degen-the-otter-4WI8.png,998854874,"{""solana"":""4Nc2EhF8vqXcjHpbUevYZv9Bv4aKb4fWi7cju7c2pump""}",18
0x09b052085e9c6291fbf0dfb0918c861bcb47eb25_base,RICKY,Ricky The Raccoon,ricky-the-raccoon,0x09b052085e9c6291fbf0dfb0918c861bcb47eb25_baseaRd.png,1000000000,"{""base"":""0x09b052085e9c6291fbf0dfb0918c861bcb47eb25""}",18
