id,symbol,name,slug,logo,total_supply,contract,decimals
official-roaring-granny,$ORG,Official Roaring Granny,official-roaring-granny,official-roaring-grannyJQz.png,999699682,"{""solana"":""7XD1HNr265hKEo9UgzSMoTbc4pAxuQg4anrEoJ16pump""}",18
2PNQfRoZYwtLJJdoCy9TvwgTuUCJtn54bdEZJQcHoBLV_solana,AGOK,Agok,agok,2PNQfRoZYwtLJJdoCy9TvwgTuUCJtn54bdEZJQcHoBLV_solanaax1.png,999932196,"{""solana"":""HC1sJQuYAdsjrPeKXeNkJGP9yPpdjpNtngUGhuKMpump""}",18
hormuz-toll-fund,HTF,Hormuz Toll Fund,hormuz-toll-fund,hormuz-toll-fundxau.png,1000000000,"{""solana"":""HTFFftzrj1Ag8WEDVqHz4eD2Avz2v764dy4H5onga5F9""}",18
0xe94db607eba8f76a377d9bcc327c9856ed90fbde_binance_smart,NINA,Nina,nina,ninaUyV.png,100000000,"{""binance_smart"":""0xe94db607eba8f76a377d9bcc327c9856ed90fbde"",""base"":""0xe94db607eba8f76a377d9bcc327c9856ed90fbde"",""ethereum"":""0xe94db607eba8f76a377d9bcc327c9856ed90fbde""}",18
ceo-plankton,PLANKTON,CEO Plankton,ceo-plankton,ceo-plankton816.png,1000000000,"{""the-open-network"":""EQBLl2zeXFnwt2MsCw_LOEcgP5zC0VRWTeMA7NMNErLrOijA""}",18
starbucks-dinari-tokenized-stock,SBUX,Starbucks (Dinari Tokenized Stock),starbucks-dinari-tokenized-stock,starbucks-dinari-tokenized-stockOnQ.png,14.9152,"{""ethereum"":""0x86ccbf2471be7ebca2c2c92a12fcf7089a44b4df"",""base"":""0x9b42e4afcc2046070fa00ff8213d59eef6e4264e"",""arbitrum-one"":""0x4b72de2da8be112cad87773b47537cf550676ffa"",""avalanche"":""0xb79509f6407061cfcceeb94cbf699e7ea5a346f9""}",18
aL1UNC3fZpUSQHsQAe5id9A1Ga3UNCZsnxjgUiaFLiQ_solana,FLIQ,FeeLiq,feeliq,feeliqlOY.png,999399335690,"{""solana"":""aL1UNC3fZpUSQHsQAe5id9A1Ga3UNCZsnxjgUiaFLiQ""}",18
nullifier,NULL,nullifier,nullifier,nullifiernYT.png,998796743,"{""solana"":""D2jtkGU93qikXr2dpftsStLs3EXEZy62ww4VQpM7pump""}",18
state-street-spdr-dow-jones-industrial-average-etf-trust-dinari-tokenized-etf,DIA,State Street SPDR Dow Jones Industrial Average ETF Trust (Dinari Tokenized ETF),state-street-spdr-dow-jones-industrial-average-etf-trust-dinari-tokenized-etf,state-street-spdr-dow-jones-industrial-average-etf-trust-dinari-tokenized-etfXMu.png,2.9718,"{""ethereum"":""0xeac0b4e38c9af59ec3ad832e35bb0d33469d98d5"",""base"":""0x2ead43394e91dfb87c85867e4a967a17e19180f3"",""arbitrum-one"":""0xd735da0852d41d5b5a9cc4b7bf4685eb195cecb6"",""avalanche"":""0xeac0b4e38c9af59ec3ad832e35bb0d33469d98d5""}",18
3uZvNEKqXjLV8HYVNyiRtTpc2bvjQTCF6XaggxH2DXkW_solana,3LON,3lon,3lon,3lonC7Z.png,999577802,"{""solana"":""3uZvNEKqXjLV8HYVNyiRtTpc2bvjQTCF6XaggxH2DXkW""}",18
digi-power-x-ondo-tokenized,DGXXON,Digi Power X (Ondo Tokenized),digi-power-x-ondo-tokenized,digi-power-x-ondo-tokenizeduKf.png,352.3867,"{""ethereum"":""0xc76e008965b2f0e37896f52a2feee66ef2926ae8"",""binance_smart"":""0x09f5a6ee1b46787dd252827e40502c4980a0285d"",""solana"":""jwCKwGoJfx1p4K5XCwqPrq1xyJU1g26Tmf6UcDcondo""}",18
last-click,LASTCLICK,Last Click,last-click,last-clickeZo.png,999996248,"{""solana"":""6yJbrQLd3N5xKgz4PLjADwxnNZj7N1g5bWXjz46Dakhr""}",18
dot-dot-finance,DDD,Dot Dot Finance,dot-dot-finance,dot-dot-financeSXW.png,2423181930,"{""binance_smart"":""0x84c97300a190676a19d1e13115629a11f8482bd1""}",18
HHkUs6Sh6mE5LeLonpAX3VFvpR8h8EYzjKHrt52Mpump_solana,ZOPA,ZOPA,zopa,zopaHEu.png,854869643,"{""solana"":""HHkUs6Sh6mE5LeLonpAX3VFvpR8h8EYzjKHrt52Mpump""}",18
sui-booster-dao,BOOST,Sui Booster DAO,sui-booster-dao,sui-booster-daooPx.png,1000000000,"{""sui"":""0x7bd673d1b980fc2f1c922f91395c325561a675fc2f349c8ffcff7d03bdbeadc8::boost::BOOST""}",18
1MhvZzEe8gQ8Rb9CrT3Dn26Gkn9QRErzLMGkkTwveqm_solana,EQM,Equium,equium,equiumLdH.png,20778793,"{""solana"":""1MhvZzEe8gQ8Rb9CrT3Dn26Gkn9QRErzLMGkkTwveqm""}",18
metaverser,MTVT,Metaverser,metaverser,metaverserM7H.png,1008725606,"{""binance_smart"":""0xb92c5e0135a510a4a3a8803f143d2cb085bbaf73""}",18
stride-staked-stars,STSTARS,Stride Staked Stars,stride-staked-stars,stride-staked-starsSbY.png,14563643,"{""cosmos"":""ibc/5DD1F95ED336014D00CE2520977EC71566D282F9749170ADC83A392E0EA7426A"",""osmosis"":""ibc/5DD1F95ED336014D00CE2520977EC71566D282F9749170ADC83A392E0EA7426A""}",18
dan,DAN,DAN,dan,danK5l.png,100000000000,"{""radix"":""resource_rdx1tk4y4ct50fzgyjygm7j3y6r3cw5rgsatyfnwdz64yp5t388v0atw8w""}",18
midas-mevbtc,MEVBTC,Midas mevBTC,midas-mevbtc,midas-mevbtcPpE.png,0.01650579,"{""ethereum"":""0xb64c014307622eb15046c66ff71d04258f5963dc""}",18
0x5cd3da2892b4ad15f110d6ee3a8f635cc0abbb19_robinhood,KEP,Kepto,kepto,0x5cd3da2892b4ad15f110d6ee3a8f635cc0abbb19_robinhoodzMs.png,1000000000,"{""robinhood"":""0x5cd3da2892b4ad15f110d6ee3a8f635cc0abbb19""}",18
howmet-aerospace-rstock,RHWM,Howmet Aerospace Tokenized Stock (Reality),howmet-aerospace-rstock,howmet-aerospace-rstockrP4.png,11.1477,"{""arbitrum-one"":""0xa9d17d5f80625eefc41f12cdf1650c85e7862cfd"",""morph-l2"":""0xeaaeda05f037367ad9f2f2a58ff177322180e9a5""}",18
0x8d0e3818088277d981a6fd2839d5884fd88b40ca_base,CSTRAT,Card Strategy,card-strategy,card-strategy6bw.png,28930730,"{""base"":""0x8d0e3818088277d981a6fd2839d5884fd88b40ca""}",18
interactive-brokers-rstock,RIBKR,Interactive Brokers Group Tokenized Stock (Reality),interactive-brokers-rstock,interactive-brokers-rstockpzU.png,16.3619,"{""arbitrum-one"":""0x95a7b62e786df1fe2c8f3bde21070cfc0a48b265"",""morph-l2"":""0xeb90f28a58f7cb5be9ab301e0ae8c889c9c27d89""}",18
ENJpMVwQ5Cxi4SNtSmAX1ZTm7KBHPwQ3WaRWgRyvaLB8_solana,CITYBOY,City Boy,city-boy,city-boy4O7.png,1000000000,"{""solana"":""ENJpMVwQ5Cxi4SNtSmAX1ZTm7KBHPwQ3WaRWgRyvaLB8""}",18
direxion-daily-ftse-china-bear-3x-shares-etf-rstock,RYANG,Direxion Daily FTSE China Bear 3X ETF Tokenized Stock (Reality),direxion-daily-ftse-china-bear-3x-shares-etf-rstock,direxion-daily-ftse-china-bear-3x-shares-etf-rstockFzi.png,40.5308,"{""arbitrum-one"":""0x471fc3eae6e0ec60170aec0a25e81461efad114a"",""morph-l2"":""0xdbc60337ab49507c99f3dd15adc26a1eaa8dcebe""}",18
hive-digital-technologies-ondo-tokenized,HIVEON,HIVE Digital Technologies (Ondo Tokenized),hive-digital-technologies-ondo-tokenized,hive-digital-technologies-ondo-tokenizedRev.png,468.3183,"{""ethereum"":""0x823cf9cca5b8eae0ae08ff3c6cd5102d2859db4d"",""binance_smart"":""0x3f19a16a401a6af05150479ccb76ef2fb57b0df3"",""solana"":""kTMQKHhnWPTvZsfiZfcdeHdG6dMgZV27wXSiC3Yondo""}",18
layerzero-bridged-wbtc-aptos,ZWBTC,LayerZero Bridged WBTC (Aptos),layerzero-bridged-wbtc-aptos,layerzero-bridged-wbtc-aptosfzQ.png,0.020625,"{""aptos"":""0XF22BEDE237A07E121B56D91A491EB7BCDFD1F5907926A9E58338F964A01B17FA::ASSET::WBTC""}",18
devon-energy-rstock,RDVN,Devon Energy Tokenized Stock (Reality),devon-energy-rstock,devon-energy-rstock0BE.png,28.9087,"{""arbitrum-one"":""0x6b25e9cdec221c9a3a555af25fae68d5f15aa109"",""morph-l2"":""0x56958f185cde86c3d62fb578b8b562666ea8fe48""}",18
prologis-inc-dinari-tokenized-stock,PLD,Prologis Inc (Dinari Tokenized Stock),prologis-inc-dinari-tokenized-stock,prologis-inc-dinari-tokenized-stockrZe.png,10.2936,"{""ethereum"":""0x5cb380fa420c33ac896a7b1dc580188c24582917"",""base"":""0xbb7f33d8d0914fa9775ef778fc3193634290b9ca"",""arbitrum-one"":""0x118346c2bb9d24412ed58c53bf9bb6f61a20d7ec"",""avalanche"":""0xcaafa69e21c77e7f6b3b5e1f480c50037637ec41""}",18
ishares-core-s-p-mid-cap-etf-rstock,RIJH,iShares Core S&P MidCap ETF Tokenized Stock (Reality),ishares-core-s-p-mid-cap-etf-rstock,ishares-core-s-p-mid-cap-etf-rstocknGi.png,18.6652,"{""arbitrum-one"":""0x317893c539a98e7e7a2013bbdda067428b05508a"",""morph-l2"":""0xfbe6688110ab76b4d77348b04030717cf72ff75a""}",18
0x343c40d90298e132f4ad68b4aafeada3dabab300_hyperevm,VEUS,Locked UltraSolid,locked-ultrasolid,locked-ultrasolid4aM.png,21047425,"{""hyperevm"":""0x343c40d90298e132f4ad68b4aafeada3dabab300""}",18
the-toronto-dominion-bank-rstock,RTD,The Toronto-Dominion Bank Tokenized Stock (Reality),the-toronto-dominion-bank-rstock,the-toronto-dominion-bank-rstockZor.png,11.4938,"{""arbitrum-one"":""0x14244b4280f92a89f62c2b4d2b4957f9b58b3a25"",""morph-l2"":""0x488a7cb86142aadc07596ab3a291db2d112b6903""}",18
spdr-bloomberg-1-3-month-t-bill-etf-ondo-tokenized,BILON,SPDR Bloomberg 1-3 Month T-Bill ETF (Ondo Tokenized),spdr-bloomberg-1-3-month-t-bill-etf-ondo-tokenized,spdr-bloomberg-1-3-month-t-bill-etf-ondo-tokenized71V.png,14.5116,"{""ethereum"":""0x2710e30d84b376c34a3b3036aa196b26a83a321b"",""binance_smart"":""0x03f09e2ef6e64d804a5579e21e7b519db174cf54"",""solana"":""wtwpt5yJbButAhjpYhtg4uvUgCQN4LVgvLq2AxEondo""}",18
meorTkVY5rMjyzMu9ni2m1w2k85zLCf2AwXPcL8BpME_solana,MEOR,Middle Eastern Oil Reserve,middle-eastern-oil-reserve,middle-eastern-oil-reserveiiD.png,1000000000,"{""solana"":""meorTkVY5rMjyzMu9ni2m1w2k85zLCf2AwXPcL8BpME""}",18
robostrategy-inc-astock,ABOT,RoboStrategy Inc aStock,robostrategy-inc-astock,robostrategy-inc-astockH6a.png,45,"{""arbitrum-one"":""0x5f3b897deea4ea0cb6aefe50bd2ae556cf6f4b63"",""base"":""0x5f3b897deea4ea0cb6aefe50bd2ae556cf6f4b63"",""ethereum"":""0x5f3b897deea4ea0cb6aefe50bd2ae556cf6f4b63"",""monad"":""0x5f3b897deea4ea0cb6aefe50bd2ae556cf6f4b63"",""robinhood"":""0x5f3b897deea4ea0cb6aefe50bd2ae556cf6f4b63"",""binance_smart"":""0x5f3b897deea4ea0cb6aefe50bd2ae556cf6f4b63""}",18
ford-motor-dinari-tokenized-stock,F,Ford Motor (Dinari Tokenized Stock),ford-motor-dinari-tokenized-stock,ford-motor-dinari-tokenized-stockulw.png,104.0422,"{""ethereum"":""0x9ba08fa0428db35dde85d6c515184642c6301199"",""base"":""0xb9c229a7aac1c67c7468baf37ef056a91d7df118"",""arbitrum-one"":""0x7af89514dadd0a39b5e87f013b0f3fd2ed591c88"",""avalanche"":""0x49cfef3288d81ae2ca4956bd90f881dc7f662c38""}",18
cognex-rstock,RCGNX,Cognex Tokenized Stock (Reality),cognex-rstock,cognex-rstockOm2.png,20.1415,"{""arbitrum-one"":""0x36c293459ad342fa47bea0433adf55686bf7aa1f"",""morph-l2"":""0xe90cc5997c53bc391c47882da985a102b1372b20""}",18
teucrium-wheat-fund-dinari-tokenized-etf,WEAT,Teucrium Wheat Fund (Dinari Tokenized ETF),teucrium-wheat-fund-dinari-tokenized-etf,teucrium-wheat-fund-dinari-tokenized-etfyLN.png,88.8535,"{""ethereum"":""0xaf614642e58c65b71a3aaab2d3afc20e5cb93246"",""base"":""0xc6bbaf4d804327d84931310e49c863e63a2bd868"",""arbitrum-one"":""0xc20770116f2821d550574c2b9ce1b4baa7012377"",""avalanche"":""0x0d0325190a7f0d5c96c13c60f532dc3a47d4fdb1""}",18
ishares-core-us-aggregate-bond-etf-rstock,RAGG,iShares Core US Aggregate Bond ETF Tokenized Stock (Reality),ishares-core-us-aggregate-bond-etf-rstock,ishares-core-us-aggregate-bond-etf-rstockIuc.png,14.0456,"{""arbitrum-one"":""0xb508cbc03c18d037bf3b9ee746e8b2d2fbf6d913"",""morph-l2"":""0x89812c8a9ddcb35019519aad912d83948fa88b7a""}",18
invesco-optimum-yield-diversified-commodity-strategy-no-k-1-etf-rstock,RPDBC,Invesco Optimum Yld Dvsfd Cmd Str No K-1 ETF Tokenized Stock (Reality),invesco-optimum-yield-diversified-commodity-strategy-no-k-1-etf-rstock,invesco-optimum-yield-diversified-commodity-strategy-no-k-1-etf-rstocke1U.png,18602,"{""arbitrum-one"":""0x460be88524d86b4acb7195ae34ff5a457bb58be9"",""morph-l2"":""0x81b8e7b5923637977f475fd4ee75cbce930036b1""}",18
solaredge-technologies-rstock,RSEDG,SolarEdge Technologies Tokenized Stock (Reality),solaredge-technologies-rstock,solaredge-technologies-rstockgqB.png,44.1587,"{""arbitrum-one"":""0x1453fb331b4cfadd7ac5558e80a09712b3623837"",""morph-l2"":""0x37528aa61241a6174dd67256640b65a4453d49ba""}",18
mother-of-memes-2,HAHA,Mother of Memes,mother-of-memes-2,mother-of-memes-2PFP.png,97345609956685,"{""astar-zkevm"":""0xa84dbe4602cbacfe8cd858fe910b88ba0e8b8b18"",""soneium"":""0xa8feaae65c44b458a16ea4e709036a2ee85d073a""}",18
exodus-movement-dinari-tokenized-stock,EXOD,Exodus Movement (Dinari Tokenized Stock),exodus-movement-dinari-tokenized-stock,exodus-movement-dinari-tokenized-stockJ9V.png,194.0368,"{""ethereum"":""0x9201cae04274c282cbea9e0662735515eb29041a"",""base"":""0x9201cae04274c282cbea9e0662735515eb29041a"",""arbitrum-one"":""0x9201cae04274c282cbea9e0662735515eb29041a"",""avalanche"":""0x9201cae04274c282cbea9e0662735515eb29041a""}",18
delusional-bulls,BULLS,DELUSIONAL BULLS,delusional-bulls,delusional-bullsFNj.png,999773759,"{""solana"":""GBJpKgvZuEc3fzHZKoedJ14R8N5JwMd8MavfomNcpump""}",18
ishares-msci-india-index-etf-rstock,RINDA,iShares MSCI India ETF Tokenized Stock (Reality),ishares-msci-india-index-etf-rstock,ishares-msci-india-index-etf-rstockqeX.png,28.9011,"{""arbitrum-one"":""0x8b365c1afcb3dd64c2e4f859e441b4200f2b402f"",""morph-l2"":""0x967109af8d1455f1d63d49b077080bd803e4bbc3""}",18
ferrari-rstock,RRACE,Ferrari Tokenized Stock (Reality),ferrari-rstock,ferrari-rstockE77.png,4.0715,"{""arbitrum-one"":""0x5715386015da0d40ec0092d04d7b3268ad67672e"",""morph-l2"":""0x05c7855c6d1f862c58511c302844807348fb627e""}",18
us-brent-oil-fund-astock,ABNO,US Brent Oil Fund aStock,us-brent-oil-fund-astock,us-brent-oil-fund-astockFmE.png,20.3784,"{""arbitrum-one"":""0xc924b71a10c356c15e3d7cb76ac8efe8f5522347"",""monad"":""0xc924b71a10c356c15e3d7cb76ac8efe8f5522347"",""ethereum"":""0xc924b71a10c356c15e3d7cb76ac8efe8f5522347"",""base"":""0xc924b71a10c356c15e3d7cb76ac8efe8f5522347"",""robinhood"":""0xc924b71a10c356c15e3d7cb76ac8efe8f5522347"",""binance_smart"":""0xc924b71a10c356c15e3d7cb76ac8efe8f5522347""}",18
sitime-rstock,RSITM,SiTime Tokenized Stock (Reality),sitime-rstock,sitime-rstockwqD.png,1.9097,"{""arbitrum-one"":""0x1479bb3a2e2065762023873c21a22530383caf9d"",""morph-l2"":""0x59f0da85b0d15812a21e355aa42972d5c70798b2""}",18
united-states-antimony-ondo-tokenized,UAMYON,United States Antimony (Ondo Tokenized),united-states-antimony-ondo-tokenized,united-states-antimony-ondo-tokenizedE46.png,313.5558,"{""ethereum"":""0x084a613fed04b5d26672e38dc9c3aa13f3c1ae58"",""binance_smart"":""0xf8919fe7d586b11d0a900e987c4a41bc6c3195f5"",""solana"":""nbwNoPaFYNY2c3u4iK6U59ySC2ehFrpjdpfbyLDondo""}",18
bitwise-bitcoin-etf-dinari-tokenized-etf,BITB,Bitwise Bitcoin ETF (Dinari Tokenized ETF),bitwise-bitcoin-etf-dinari-tokenized-etf,bitwise-bitcoin-etf-dinari-tokenized-etfqSb.png,27.5844,"{""ethereum"":""0xc4a217a8b2cdf85eb8206391ae3723d72b3a4e04"",""base"":""0x5ea14145f62dbf26fc7b0eb8fa8c71e1af468207"",""arbitrum-one"":""0x769ff50fd49900a6c53b2af049eacb83dad52bdf"",""avalanche"":""0xcb6ee756b9df78c84c6bd380b5ac8b10c3843f1d""}",18
tencent-music-entertainment-group-rstock,RTME,Tencent Music Entertainment Group Tokenized Stock (Reality),tencent-music-entertainment-group-rstock,tencent-music-entertainment-group-rstockDyE.png,363.6154,"{""arbitrum-one"":""0x40ddd9715af58d56874750c792d8895a6d082ba0"",""morph-l2"":""0x18ebb8129a69d53bd6816b8c8050dfd0c16d2b19""}",18
dexshare,DEXSHARE,dexSHARE,dexshare,dexsharexYe.png,67155,"{""binance_smart"":""0xf4914e6d97a75f014acfcf4072f11be5cffc4ca6""}",18
eure-real-yield-morpho-vault,ERY,EURe Real Yield Morpho Vault,eure-real-yield-morpho-vault,eure-real-yield-morpho-vaultljz.png,943.6066,"{""ethereum"":""0xc21db71648b18c5b9e038d88393c9b254cf8eac8""}",18
0x1a9be8a692de04bcb7ce5cddd03afca97d732c62_base,YTRYB,Yield TRYB,yield-tryb,yield-trybpU9.png,26045,"{""base"":""0x1a9be8a692de04bcb7ce5cddd03afca97d732c62""}",18
hdfc-bank-rstock,RHDB,HDFC Bank Tokenized Stock (Reality),hdfc-bank-rstock,hdfc-bank-rstockuIU.png,57.9545,"{""arbitrum-one"":""0x780f1a7858cb3c86729d925594098deb86f5ac31"",""morph-l2"":""0x81c84f835356ea68e3e6c86966643db79f190fee""}",18
vaneck-gold-miners-etf-astock,AGDX,VanEck Gold Miners ETF aStock,vaneck-gold-miners-etf-astock,vaneck-gold-miners-etf-astock83D.png,14.2023,"{""arbitrum-one"":""0x7b17054c9621930f3cdd38177217c2b73956856a"",""monad"":""0x7b17054c9621930f3cdd38177217c2b73956856a"",""ethereum"":""0x7b17054c9621930f3cdd38177217c2b73956856a"",""base"":""0x7b17054c9621930f3cdd38177217c2b73956856a"",""robinhood"":""0x7b17054c9621930f3cdd38177217c2b73956856a"",""binance_smart"":""0x7b17054c9621930f3cdd38177217c2b73956856a""}",18
main-street-capital-dinari-tokenized-stock,MAIN,Main Street Capital (Dinari Tokenized Stock),main-street-capital-dinari-tokenized-stock,main-street-capital-dinari-tokenized-stock7PX.png,21.1262,"{""ethereum"":""0x562de1297b61365fc2857a723ac126782c0e184a"",""base"":""0x468e46f6bbe84a659a303f8060721e1f77da0d5f"",""arbitrum-one"":""0xf327bfb535b52bcf8a3b6555d50e3551114ccb3f"",""avalanche"":""0x562de1297b61365fc2857a723ac126782c0e184a""}",18
lightwave-logic-ondo-tokenized,LWLGON,Lightwave Logic (Ondo Tokenized),lightwave-logic-ondo-tokenized,lightwave-logic-ondo-tokenizednjs.png,213.7551,"{""ethereum"":""0x5bc56f5a324bb572b934ced4448055e30ec11c0c"",""binance_smart"":""0x8ac67002282eea816afa0160d22a8d27f05ba07b"",""solana"":""dKGNHXGsZL4GZ4UBTCjpPbaMerqe1EdZ7aFdCxHondo""}",18
vaneck-clo-etf-ondo-tokenized-stock,CLOION,VanEck CLO ETF (Ondo Tokenized Stock),vaneck-clo-etf-ondo-tokenized-stock,vaneck-clo-etf-ondo-tokenized-stocka4h.png,22.415,"{""ethereum"":""0xe8b09e8175aecb35a171fa059647434fe47f114c"",""binance_smart"":""0xd7e3317d54473dab04135fb0676623f237ff5ca9"",""solana"":""ucQ3VfWAx9pkCN4Kg84zE56FtB4FJN2kQH4ArYYondo""}",18
penguin-solutions-ondo-tokenized,PENGON,Penguin Solutions (Ondo Tokenized),penguin-solutions-ondo-tokenized,penguin-solutions-ondo-tokenized93f.png,22.2957,"{""ethereum"":""0x41fa6d32917e17cf29a5e93940471492d7c301c8"",""binance_smart"":""0x2144d620e3471441b12bf256e01a09eaa5ea7f12"",""solana"":""dWFwjcUKdc7bPH9GEebpJVmEmUjvQTgEWGVR9WYondo""}",18
sk-hynix-anchored-tokenized-stock,ASKHY,SK Hynix (Anchored Tokenized Stock),sk-hynix-anchored-tokenized-stock,sk-hynix-anchored-tokenized-stock5xF.png,6.2283,"{""arbitrum-one"":""0x6e8568ba7b43138d9210959a9523155e274550c9"",""base"":""0x6e8568ba7b43138d9210959a9523155e274550c9"",""ethereum"":""0x6e8568ba7b43138d9210959a9523155e274550c9"",""monad"":""0x6e8568ba7b43138d9210959a9523155e274550c9"",""robinhood"":""0x6e8568ba7b43138d9210959a9523155e274550c9"",""binance_smart"":""0x6e8568ba7b43138d9210959a9523155e274550c9""}",18
vaneck-oil-services-etf-ondo-tokenized,OIHON,VanEck Oil Services ETF (Ondo Tokenized),vaneck-oil-services-etf-ondo-tokenized,vaneck-oil-services-etf-ondo-tokenizedp40.png,3.0599,"{""ethereum"":""0xbca31049ab4782f0ffa9cffcb2cf48e8d6de4fb8"",""binance_smart"":""0x31d6011023d6c7695efc29bb016830f3f36de40a"",""solana"":""DnvbCqRuUYssmKVRBRNwkUnptHitH4ZZTt1KVuZondo""}",18
xpeng-dinari-tokenized-stock,XPEV,Xpeng (Dinari Tokenized Stock),xpeng-dinari-tokenized-stock,xpeng-dinari-tokenized-stockFoP.png,117.6885,"{""ethereum"":""0xb0c20cfd6fa4e621cacde5809d71361a8eabd63d"",""base"":""0x41a25c97cbe66d6045aacf44b0bcc5f9f4f5cd18"",""arbitrum-one"":""0x098caf220f99cf20416c49f848ae47e66d636009"",""avalanche"":""0xb0c20cfd6fa4e621cacde5809d71361a8eabd63d""}",18
strategy-astock,AMSTR,Strategy aStock,strategy-astock,strategy-astock3x3.png,7.4292,"{""arbitrum-one"":""0x294f40996134d067b56dcbacbf6a36396bbbea7a"",""monad"":""0x294f40996134d067b56dcbacbf6a36396bbbea7a"",""ethereum"":""0x294f40996134d067b56dcbacbf6a36396bbbea7a"",""base"":""0x294f40996134d067b56dcbacbf6a36396bbbea7a"",""robinhood"":""0x294f40996134d067b56dcbacbf6a36396bbbea7a"",""binance_smart"":""0x294f40996134d067b56dcbacbf6a36396bbbea7a""}",18
apollo-global-management-rstock,RAPO,Apollo Global Management Tokenized Stock (Reality),apollo-global-management-rstock,apollo-global-management-rstockRjq.png,10.3034,"{""arbitrum-one"":""0x5db9037b3486279fb91654cd9817dd1582add983"",""morph-l2"":""0x48a4ac8b21ace671050e5dbb486a17b8c2db7a0b""}",18
formfactor-ondo-tokenized,FORMON,FormFactor (Ondo Tokenized),formfactor-ondo-tokenized,formfactor-ondo-tokenizedfSQ.png,7.9074,"{""ethereum"":""0x6401365aa495ca96bcfcf9c6c47bd4a590336b00"",""binance_smart"":""0xd678f3f86436ee298d28a3c414c367adfed65337"",""solana"":""ZDnkXeN5awDioQjP691XFLdgZwDAv19g3fCr9KWondo""}",18
floof,FLOOF,FLOOF,floof,floofZRy.png,88201000880,"{""solana"":""3jzdrXXKxwkBk82u2eCWASZLCKoZs1LQTg87HBEAmBJw""}",18
vanguard-real-estate-etf-rstock,RVNQ,Vanguard Real Estate ETF Tokenized Stock (Reality),vanguard-real-estate-etf-rstock,vanguard-real-estate-etf-rstockz9l.png,36.0711,"{""arbitrum-one"":""0x145072491f1032bf73521b2e068428930f073c0d"",""morph-l2"":""0xb7268b0276f2698a1597b92a50e0aa7462f566b3""}",18
enkryptedai,KRAI,EnKryptedAI,enkryptedai,enkryptedaijkN.png,999991230,"{""solana"":""Kruj63Qx9EQX9QzukLCBgx5g9AGW69gPDsSK25FRZAi""}",18
fifth-third-bancorp-dinari-tokenized-stock,FITB,Fifth Third Bancorp (Dinari Tokenized Stock),fifth-third-bancorp-dinari-tokenized-stock,fifth-third-bancorp-dinari-tokenized-stock460.png,20.345,"{""ethereum"":""0xad1019c540b260d81caf464db9ada371d354710c"",""base"":""0xad1019c540b260d81caf464db9ada371d354710c"",""arbitrum-one"":""0x89cf1902032a084f8aa5e00c37bf6bdf19838ecf"",""avalanche"":""0xad1019c540b260d81caf464db9ada371d354710c""}",18
crazyfootball-token,FOOTBALL,CrazyFootball token,crazyfootball-token,crazyfootball-tokenvOP.png,100000000,"{""world-chain"":""0x6fb9df9530e302be9dc126363bd7529b807f7167""}",18
southern-ondo-tokenized-stock,SOON,Southern (Ondo Tokenized Stock),southern-ondo-tokenized-stock,southern-ondo-tokenized-stockvYu.png,13.5566,"{""ethereum"":""0x99aa107e55250a9fe52bb4b5541a59239eb6d974"",""binance_smart"":""0xd7a6353a23ed2c4fcac29a63cbbe3f65ffef41f5"",""solana"":""aKzjn2ZdWySSGPSSDTY2HUpcSCmemSahTXihrpyondo""}",18
hershey-rstock,RHSY,The Hershey Tokenized Stock (Reality),hershey-rstock,hershey-rstock9sZ.png,7.0567,"{""arbitrum-one"":""0x7b7ca6ad4e537fa39f304ad9442a82722a421928""}",18
ptokens-btc,PBTC,pTokens BTC [OLD],ptokens-btc,ptokens-btcTnZ.png,7.8752,"{""ethereum"":""0x5228a22e72ccc52d415ecfd199f99d0665e7733b"",""binance_smart"":""0xed28a457a5a76596ac48d87c0f577020f6ea1c4c""}",18
fidelity-total-bond-etf-dinari-tokenized-etf,FBND,Fidelity Total Bond ETF (Dinari Tokenized ETF),fidelity-total-bond-etf-dinari-tokenized-etf,fidelity-total-bond-etf-dinari-tokenized-etfp4p.png,26.6238,"{""ethereum"":""0x2c5c46fce70e366f8255ed2725b7f988b8433aec"",""base"":""0x2c5c46fce70e366f8255ed2725b7f988b8433aec"",""arbitrum-one"":""0x2c5c46fce70e366f8255ed2725b7f988b8433aec"",""avalanche"":""0x2c5c46fce70e366f8255ed2725b7f988b8433aec"",""hyperevm"":""0x2c5c46fce70e366f8255ed2725b7f988b8433aec""}",18
vici-properties-rstock,RVICI,VICI Properties Tokenized Stock (Reality),vici-properties-rstock,vici-properties-rstockj5P.png,47.9378,"{""arbitrum-one"":""0x0f673c2f5eddce7c9c9ec4aeb28a6da34a33ef38"",""morph-l2"":""0xa75816a0a5ce845293e08018317be0e1cbf11545""}",18
FnLsoqsoPckvPrSCVX3HZwN95jjRH4JSLnsPKyxhMhhT_solana,STOSHI,Sultanoshi,sultanoshi,FnLsoqsoPckvPrSCVX3HZwN95jjRH4JSLnsPKyxhMhhT_solanarKE.png,7447857,"{""solana"":""FnLsoqsoPckvPrSCVX3HZwN95jjRH4JSLnsPKyxhMhhT""}",18
invite-token,INVITE,INVITE Token,invite-token,invite-tokenrLz.png,500000000,"{""the-open-network"":""EQArj5fhHcPz-ljkMBNcduQhiO8Wl4JmFX_9a-25DfUMQhxK""}",18
i-like-it-stable-dao,ILIS,I Like It Stable DAO,i-like-it-stable-dao,i-like-it-stable-daoDUb.png,100000000,"{""radix"":""resource_rdx1t4r86qqjtzl8620ahvsxuxaf366s6rf6cpy24psdkmrlkdqvzn47c2""}",18
waggle-network,WAG,Waggle Network,waggle-network,waggle-networkqpC.png,100000000,"{""solana"":""5tN42n9vMi6ubp67Uy4NnmM5DMZYN8aS8GeB3bEDHr6E""}",18
american-airlines-rstock,RAAL,American Airlines Group Tokenized Stock (Reality),american-airlines-rstock,american-airlines-rstock9pw.png,85.5726,"{""arbitrum-one"":""0xdc4a86c24b8420b5cdc0fc834fc88fda2963230d"",""morph-l2"":""0x1a4797f6084170c4aca76db988eeebca84804d09""}",18
t-rex-2x-long-mstr-daily-target-etf-dinari-tokenized-etf,MSTU,T-Rex 2X Long MSTR Daily Target ETF (Dinari Tokenized ETF),t-rex-2x-long-mstr-daily-target-etf-dinari-tokenized-etf,t-rex-2x-long-mstr-daily-target-etf-dinari-tokenized-etfJNL.png,25.8441,"{""ethereum"":""0x997eabc01cac614e20fe8f658b5f82d84288a2d8"",""base"":""0x2de02593023b8f276d673146a9bee4586c7fd95c"",""arbitrum-one"":""0x3918d009d2157b37bb9806efdec941723b9efec5"",""avalanche"":""0x367cda8503bf1ef3f84cc54df3328954ff9d86fe""}",18
medtronic-rstock,RMDT,Medtronic Tokenized Stock (Reality),medtronic-rstock,medtronic-rstockzCm.png,12.5169,"{""arbitrum-one"":""0xfe68975c73148ca4f4b16ae18218ac98e679eb4a"",""morph-l2"":""0xeed3c7dab4687851456fcb41661be0a8823bd555""}",18
the-clorox-company-rstock,RCLX,Clorox Tokenized Stock (Reality),the-clorox-company-rstock,the-clorox-company-rstockORJ.png,25.7442,"{""arbitrum-one"":""0x9a7e696502332654a6895727346beef20f4d2d26"",""morph-l2"":""0x2210714fa3db805816b073dcbf0a58ba2c0aefad""}",18
lockheed-martin-dinari-tokenized-stock,LMT,Lockheed Martin (Dinari Tokenized Stock),lockheed-martin-dinari-tokenized-stock,lockheed-martin-dinari-tokenized-stock0ej.png,2.1109,"{""ethereum"":""0x4989436ac5e1fa6a34d8b071cd7aa14a84ba4918"",""base"":""0x8ca24504bf93d595b08d7336f0ec57305e57e9d2"",""arbitrum-one"":""0x893ff58cd1e34eac0c8ce4fa92b30adee4e14986"",""avalanche"":""0xfb2a3409f442638e6e0f4e7f88bcbcdd48659261""}",18
hyperlane-usd-coin,HUSDC,Hyperlane USD Coin,hyperlane-usd-coin,hyperlane-usd-coinRys.png,1093,"{""radix"":""resource_rdx1thxj9m87sn5cc9ehgp9qxp6vzeqxtce90xm5cp33373tclyp4et4gv""}",18
multichain-bridged-weth-moonriver,WETH,Multichain Bridged WETH (Moonriver),multichain-bridged-weth-moonriver,multichain-bridged-weth-moonriverfkP.png,666.2521,"{""moonriver"":""0x639a647fbe20b6c8ac19e48e2de44ea792c62c5c""}",18
nemesis-downfall,ND,Nemesis Downfall,nemesis-downfall,nemesis-downfallE4X.png,19304147310,"{""binance_smart"":""0x723000d0df87652387e737f5747ac9205bf9c213""}",18
shao,SHAO,SHAO,shao,shaoF4O.png,32217867,"{""ethereum"":""0xaf0db65b7296c02ab043f5cb17300c8ee949f247""}",18
rambus-rstock,RRMBS,Rambus Tokenized Stock (Reality),rambus-rstock,rambus-rstockdaW.png,19.3862,"{""arbitrum-one"":""0x2d2a35a4929a38282a6b46738dd339dd67c6d8cf"",""morph-l2"":""0xa05a6f23cc859c7b265753f5a89045a5674c7e1c""}",18
delta-air-lines-dinari-tokenized-stock,DAL,Delta Air Lines (Dinari Tokenized Stock),delta-air-lines-dinari-tokenized-stock,delta-air-lines-dinari-tokenized-stock1P7.png,12.7412,"{""ethereum"":""0xf373c3d96996ede40ea161f6929fd457cda8111c"",""base"":""0xd021ad9bc28dcbcb04801638937351f6b9045f33"",""arbitrum-one"":""0xcc603c6626408fbfe2c1fea3565acb5d10c85274"",""avalanche"":""0xb192ffaa9ce8c141a532ea24aeeb4794dbecddd6""}",18
wrapped-glq,WGLQ,Wrapped GLQ,wrapped-glq,wrapped-glqNjw.png,1590841,"{""graphlinq-chain"":""0xeb567ec41738c2bab2599a1070fc5b727721b3b6""}",18
tencent-holdings-dinari-tokenized-stock,TCEHY,Tencent Holdings (Dinari Tokenized Stock),tencent-holdings-dinari-tokenized-stock,tencent-holdings-dinari-tokenized-stockIIZ.png,18.0848,"{""ethereum"":""0xf80a35a7d34424ee69bacf167abdc9c83b888389"",""base"":""0xb34ad3a8d86a0fa484fc428b9b8ad8d2016d37a9"",""arbitrum-one"":""0x3862268fa81f8a747072e830e90bb4190843e459"",""avalanche"":""0xf80a35a7d34424ee69bacf167abdc9c83b888389""}",18
annaly-capital-management-dinari-tokenized-stock,NLY,Annaly Capital Management. (Dinari Tokenized Stock),annaly-capital-management-dinari-tokenized-stock,annaly-capital-management-dinari-tokenized-stock9fG.png,55.5964,"{""ethereum"":""0x2cad08360009226261ab4d32684aacdbbec3f8da"",""base"":""0xb3358ab71f784910de0ca766ebdab527323731b9"",""arbitrum-one"":""0x14297be295ab922458277be046e89f73382bdf8e"",""avalanche"":""0xd7022905b3398c30504f4ac0f9421b2d9c4df39a""}",18
0xdddf73c5535eec1d6aa7f41880cbe69a64066eb1_base,RING,Ringfence,ringfence,ringfencesQ5.png,1000000000,"{""base"":""0xdddf73c5535eec1d6aa7f41880cbe69a64066eb1""}",18
invesco-solar-etf-rstock,RTAN,Invesco Solar ETF Tokenized Stock (Reality),invesco-solar-etf-rstock,invesco-solar-etf-rstockqKM.png,27.011,"{""arbitrum-one"":""0xc06571300bb15630cbccb623510697a9ec743eb2"",""morph-l2"":""0xf378592a6a73dd2d7be770639b0ac7a6effc0f74""}",18
0xb6830e61aeba58e07884983451d26880b4078b07_base,SPOTLIGHT,Spotlight,spotlight,spotlightCaE.png,100000000000,"{""base"":""0xb6830e61aeba58e07884983451d26880b4078b07""}",18
EQAGYK08DaJaQpmZESz3y9gqi7rmpoBiyKQru-firOwqPzR4_the-open-network,TSWAP,TeleSwap,teleswap,EQAGYK08DaJaQpmZESz3y9gqi7rmpoBiyKQru-firOwqPzR4_the-open-networklYE.png,1000000000,"{""the-open-network"":""EQAGYK08DaJaQpmZESz3y9gqi7rmpoBiyKQru-firOwqPzR4""}",18
vertiv-astock,AVRT,Vertiv aStock,vertiv-astock,vertiv-astock1Y8.png,4.047,"{""arbitrum-one"":""0x0b45e5afea928030988704ef60995d8925b91cd6"",""monad"":""0x0b45e5afea928030988704ef60995d8925b91cd6"",""ethereum"":""0x0b45e5afea928030988704ef60995d8925b91cd6"",""base"":""0x0b45e5afea928030988704ef60995d8925b91cd6"",""robinhood"":""0x0b45e5afea928030988704ef60995d8925b91cd6"",""binance_smart"":""0x0b45e5afea928030988704ef60995d8925b91cd6""}",18
zebra-technologies-corporation-rstock,RZBRA,Zebra Technologies Tokenized Stock (Reality),zebra-technologies-corporation-rstock,zebra-technologies-corporation-rstockEUU.png,2.7165,"{""arbitrum-one"":""0x61348098440fb919f65d2849ae5cc538e88d49e3"",""morph-l2"":""0xc5347436d39177bd4b335b85357011dc9d387a53""}",18
chili,CHILI,CHILI,chili,chiliVEE.png,77777696817733,"{""solana"":""GPyzPHuFFGvN4yWWixt6TYUtDG49gfMdFFi2iniTmCkh""}",18
493AddQQYfn1i8fUN7QtMupfXuGHehzzTKVVQXZD25Y7_solana,FARTFUL,FARTFUL,fartful,fartfulZAJ.png,999966336,"{""solana"":""493AddQQYfn1i8fUN7QtMupfXuGHehzzTKVVQXZD25Y7""}",18
circle-astock,ACRCL,Circle aStock,circle-astock,circle-astockRMD.png,12.3544,"{""arbitrum-one"":""0x72e4f625b68f8d7a08dfb5a88065d6bb90052098"",""monad"":""0x72e4f625b68f8d7a08dfb5a88065d6bb90052098"",""ethereum"":""0x72e4f625b68f8d7a08dfb5a88065d6bb90052098"",""base"":""0x72e4f625b68f8d7a08dfb5a88065d6bb90052098"",""robinhood"":""0x72e4f625b68f8d7a08dfb5a88065d6bb90052098"",""binance_smart"":""0x72e4f625b68f8d7a08dfb5a88065d6bb90052098""}",18
0x384157027b1cdeac4e26e3709667bb28735379bb_citrea,SYBTC,Symbiosis BTC (Citrea),symbiosis-btc-citrea,symbiosis-btc-citreaV1p.png,0.01543425,"{""citrea"":""0x384157027b1cdeac4e26e3709667bb28735379bb""}",18
cipher-digital-dinari-tokenized-stock,CIFR,Cipher Digital (Dinari Tokenized Stock),cipher-digital-dinari-tokenized-stock,cipher-digital-dinari-tokenized-stockrRf.png,64.8011,"{""ethereum"":""0x827e42a9862645b7acfc932affbffcfb6f18d3b7"",""base"":""0x827e42a9862645b7acfc932affbffcfb6f18d3b7"",""arbitrum-one"":""0x827e42a9862645b7acfc932affbffcfb6f18d3b7"",""avalanche"":""0x827e42a9862645b7acfc932affbffcfb6f18d3b7""}",18
0x73454acfddb7a36a3cd8eb171fbea86c6a55e550_ethereum,BUILD,BuildAI,buildai,buildaiMIf.png,10000000,"{""ethereum"":""0xeff9cdb294872b6553f4e9631fb4d1fa4f9c5e6b""}",18
dexcom-rstock,RDXCM,DexCom Tokenized Stock (Reality),dexcom-rstock,dexcom-rstock0gj.png,11.0561,"{""arbitrum-one"":""0x6bad20fea56de1cd67e929a94f9f880cc54b7093""}",18
uniwhale,UNW,Uniwhale,uniwhale,uniwhaleMqZ.png,8912762,"{""binance_smart"":""0x5b65cd9feb54f1df3d0c60576003344079f8dc06""}",18
dastra-network,DAN,Dastra Network,dastra-network,dastra-networkabu.png,520000000,"{""binance_smart"":""0x09531ece451453d68f8c6399120f67f19fee4489""}",18
nest-payfi-vault,NPAYFI,Nest PayFi Vault,nest-payfi-vault,nest-payfi-vaultHrV.png,482.612,"{""ethereum"":""0xb52b090837a035f93a84487e5a7d3719c32aa8a9"",""plume-network"":""0xb52b090837a035f93a84487e5a7d3719c32aa8a9""}",18
abbvie-dinari-tokenized-stock,ABBV,AbbVie (Dinari Tokenized Stock),abbvie-dinari-tokenized-stock,abbvie-dinari-tokenized-stockL0M.png,3.6763,"{""ethereum"":""0x4d0d8aedfe8b90adc1aff16bc2dc7af36a33a5c7"",""base"":""0xa42a36d30fe345bc8fe36c404d82b26e094a5b29"",""arbitrum-one"":""0xfc440e7573b0950a5febd0dd4d93aac3122108ab"",""avalanche"":""0xfa05bffdcab614c1d308cb0c813edfa1f5a708c0""}",18
global-x-us-infrastructure-development-etf-ondo-tokenized,PAVEON,Global X US Infrastructure Development ETF (Ondo Tokenized),global-x-us-infrastructure-development-etf-ondo-tokenized,global-x-us-infrastructure-development-etf-ondo-tokenizedeDe.png,18.4166,"{""ethereum"":""0xd4c6cce0cadf2fe4c0af9ee6777989efd8fb7670"",""binance_smart"":""0x6f28cb07790c1049ecd7482d09fd13b977b47201"",""solana"":""DsLQ18ooPjiHYuiuQ5Jz8PNCpVaKe3FhAYpvMxWondo""}",18
ark-autonomous-technology-astock,AARKQ,ARK Autonomous Technology aStock,ark-autonomous-technology-astock,ark-autonomous-technology-astocks5u.png,7.7103,"{""arbitrum-one"":""0x4ebaf539fb82f35d09f24c709b4c7b9a56777c03"",""monad"":""0x4ebaf539fb82f35d09f24c709b4c7b9a56777c03"",""ethereum"":""0x4ebaf539fb82f35d09f24c709b4c7b9a56777c03"",""base"":""0x4ebaf539fb82f35d09f24c709b4c7b9a56777c03"",""robinhood"":""0x4ebaf539fb82f35d09f24c709b4c7b9a56777c03"",""binance_smart"":""0x4ebaf539fb82f35d09f24c709b4c7b9a56777c03""}",18
on-holding-ag-rstock,RONON,On Holding AG Tokenized Stock (Reality),on-holding-ag-rstock,on-holding-ag-rstockdZ1.png,47.5249,"{""arbitrum-one"":""0x24af015b071d0a7f047f73403681660a52a65328"",""morph-l2"":""0x2c1a50404e2afe3f2360afc0b93643302e77903d""}",18
ishares-msci-eafe-etf-rstock,REFA,iShares MSCI EAFE ETF Tokenized Stock (Reality),ishares-msci-eafe-etf-rstock,ishares-msci-eafe-etf-rstockYWy.png,9.0932,"{""arbitrum-one"":""0x94a77ba22e001603c8215292ab1307962314eb32"",""morph-l2"":""0x4d5ab7b3c7552ddb12c72c6118725cbb94e5888f""}",18
pulse-4,PULSE,PULSE,pulse-4,pulse-45rO.png,999961077,"{""solana"":""PuLSHCKeLRxaB4qCdwZAoZFj297oTSgVh8SzYZtUfQP""}",18
koban,KOBAN,KOBAN,koban,kobanZ6h.png,2500000000,"{""sui"":""0x8400e7044d360c28dd338111d2aa54ca5bdc960a8d6b60bf3b28e1ca503df3e2::koban::KOBAN""}",18
xpowermine-com-apow,APOW,XPowermine.com APOW [OLD],xpowermine-com-apow,xpowermine-com-apowLY9.png,1136358,"{""avalanche"":""0x7f9c841feadddb4bdbb2a161ca40bebc4f215a9a""}",18
Kkkhb2uaCYwXoTrWC7CMPLa7T5UsbVVeeiQXrTSuZUT_solana,ATTN,Attention Trade,attention-trade,Kkkhb2uaCYwXoTrWC7CMPLa7T5UsbVVeeiQXrTSuZUT_solanaQ8D.png,1220020330,"{""solana"":""Kkkhb2uaCYwXoTrWC7CMPLa7T5UsbVVeeiQXrTSuZUT""}",18
base-egg,BASEEGG,Base Egg,base-egg,base-egggTr.png,1000000000,"{""base"":""0x17bc667d17fcdd3bbaacbfdf0442d298a9b59f13""}",18
ke-holdings-inc-rstock,RBEKE,KE Holdings Inc. Tokenized Stock (Reality),ke-holdings-inc-rstock,ke-holdings-inc-rstockRnV.png,57.3875,"{""arbitrum-one"":""0x535f2be30651c651ce212f7d159e357f660d3f14"",""morph-l2"":""0x42221da7f664531fd74a14f2a90e05e11f51c572""}",18
trustpad-2-0,TPAD,TrustPad,trustpad-2-0,trustpad-2-0Nim.png,1000000000,"{""binance_smart"":""0x7029f86dc4634c5d59ee3f1578c193783505e2c1""}",18
re7-frax,RE7FRAX,Re7 FRAX,re7-frax,re7-frax9To.png,919.5776,"{""ethereum"":""0xbe40491f3261fd42724f1aeb465796eb11c06ddf""}",18
bitcos-pro,BOS,Bitcos Pro,bitcos-pro,bitcos-prodQF.png,10000000,"{""binance_smart"":""0xbcf2349b0092648073389e753d3e77bec9cef604""}",18
ishares-us-technology-etf-ondo-tokenized,IYWON,iShares US Technology ETF (Ondo Tokenized),ishares-us-technology-etf-ondo-tokenized,ishares-us-technology-etf-ondo-tokenized8op.png,3.4473,"{""ethereum"":""0x1577d4ae114b6f217453b754aeac164db44832da"",""binance_smart"":""0xbeeef4361f6603edacef5205b343c6bb6473a099"",""solana"":""vr8RQPDmYQBruiYsFSV3KZyoWFEsEejxzMCdWrBondo""}",18
eaton-astock,AETN,Eaton aStock,eaton-astock,eaton-astockrdI.png,2.1296,"{""arbitrum-one"":""0x678ed8ccc3f3d8ff2873d6beab5748e4321c1670"",""monad"":""0x678ed8ccc3f3d8ff2873d6beab5748e4321c1670"",""ethereum"":""0x678ed8ccc3f3d8ff2873d6beab5748e4321c1670"",""base"":""0x678ed8ccc3f3d8ff2873d6beab5748e4321c1670"",""robinhood"":""0x678ed8ccc3f3d8ff2873d6beab5748e4321c1670"",""binance_smart"":""0x678ed8ccc3f3d8ff2873d6beab5748e4321c1670""}",18
multiple-network,MTP,Multiple Network,multiple-network,multiple-networkCb3.png,1000000000,"{""binance_smart"":""0x83330d159c9a4b09e6717feefef7a634b70d216a""}",18
uncap-usd,USDU,Uncap USD,uncap-usd,uncap-usdrm6.png,915.007,"{""starknet"":""0x02F94539F80158f9a48a7acF3747718dfBec9B6f639E2742c1FB44aE7ab5AA04""}",18
hp-inc-rstock,RHPQ,HP Tokenized Stock (Reality),hp-inc-rstock,hp-inc-rstock8wa.png,39.1816,"{""arbitrum-one"":""0xf652e2f48a991eadfc5b6186c36a8751e32767d4""}",18
ishares-msci-south-korea-astock,AEWY,iShares MSCI South Korea aStock,ishares-msci-south-korea-astock,ishares-msci-south-korea-astockUMz.png,4.7364,"{""arbitrum-one"":""0xa01a050440b8d77fc868ff33d290a2dab5b79366"",""monad"":""0xa01a050440b8d77fc868ff33d290a2dab5b79366"",""ethereum"":""0xa01a050440b8d77fc868ff33d290a2dab5b79366"",""base"":""0xa01a050440b8d77fc868ff33d290a2dab5b79366"",""robinhood"":""0xa01a050440b8d77fc868ff33d290a2dab5b79366"",""binance_smart"":""0xa01a050440b8d77fc868ff33d290a2dab5b79366""}",18
us-diamond-reserve,USDR,US Diamond Reserve,us-diamond-reserve,us-diamond-reserveKB6.png,1023054203,"{""solana"":""EJvBDsre5a3DbLmHZBw1YUeUqETJ3X9UkgR6TLiipump""}",18
te-connectivity-ondo-tokenized,TELON,TE Connectivity (Ondo Tokenized),te-connectivity-ondo-tokenized,te-connectivity-ondo-tokenizedSun.png,4.3952,"{""ethereum"":""0x7c17a5423200246eafdd9fa0f5d70eade3067dd6"",""binance_smart"":""0x5c50ffd365c852f5e72bfbc2c1ae621e2aca5ece"",""solana"":""ZjYCwYeG85TbV5oXkCkvWQTNPh2PgTQ8X4nxpbyondo""}",18
0xf10d342c5aa57d917579a2e51f60ed2227e6e7f9_base,STUBBS,Cat Mayor,cat-mayor,cat-mayorXMr.png,1000000000,"{""base"":""0xf10d342c5aa57d917579a2e51f60ed2227e6e7f9""}",18
ipath-series-b-s-p-500-vix-short-term-futures-etn-dinari-tokenized-etf,VXX,iPath Series B S&P 500 VIX Short-Term Futures ETN (Dinari Tokenized ETF),ipath-series-b-s-p-500-vix-short-term-futures-etn-dinari-tokenized-etf,ipath-series-b-s-p-500-vix-short-term-futures-etn-dinari-tokenized-etfryp.png,51.038,"{""ethereum"":""0x0123b0a381348f3ba793091923daeb7356ec5862"",""base"":""0x0dbff26347082381f035ed54dea12edb6d9ed2f4"",""arbitrum-one"":""0x40914f6007da3fcee3c8a6db211b5797848f8882"",""avalanche"":""0x1afdfd981d9a4534b0f0cbf7a0e949ffa331343b""}",18
ark-space-defense-innovation-etf-dinari-tokenized-etf,ARKX,ARK Space & Defense Innovation ETF (Dinari Tokenized ETF),ark-space-defense-innovation-etf-dinari-tokenized-etf,ark-space-defense-innovation-etf-dinari-tokenized-etfr37.png,28.1528,"{""ethereum"":""0xf0d7ee633636bae1d502a96f1130b00deaf06dc4"",""base"":""0x32224be543fb8f338a9a6c337d84478e256ee219"",""arbitrum-one"":""0x10ddf4850c43de1bcab504f53becdcd66a53d5c4"",""avalanche"":""0xe7edd6453b9656603991bc32eec03ef22a963ec7""}",18
moody-s-rstock,RMCO,Moody's Tokenized Stock (Reality),moody-s-rstock,moody-s-rstockGf4.png,2.1139,"{""arbitrum-one"":""0xd3fbf6b35584b9b4d21fa879ff8e0b36c612517a"",""morph-l2"":""0x2694dabe7289ea4e755a14a674fa658229b73bf3""}",18
proshares-short-s-p500-dinari-tokenized-etf,SH,ProShares Short S&P500 (Dinari Tokenized ETF),proshares-short-s-p500-dinari-tokenized-etf,proshares-short-s-p500-dinari-tokenized-etfDb3.png,27.8715,"{""ethereum"":""0xb28c38133fd4b0ba213ed067b5bb542be0cd6629"",""base"":""0x24b0e7646e755bc9a413bc668f15681e271f9f3f"",""arbitrum-one"":""0x6d665e26b0cbf6264411e4a9b6498e5b538d6669"",""avalanche"":""0x6721472f4ed622d906c80f858320baa46c3337fb""}",18
terawulf-dinari-tokenized-stock,WULF,Terawulf (Dinari Tokenized Stock),terawulf-dinari-tokenized-stock,terawulf-dinari-tokenized-stockNCb.png,54.1778,"{""ethereum"":""0xc729ed87cc3e6cc8ff63e32239b4493242e28ce8"",""base"":""0xc729ed87cc3e6cc8ff63e32239b4493242e28ce8"",""arbitrum-one"":""0xc729ed87cc3e6cc8ff63e32239b4493242e28ce8"",""avalanche"":""0xc729ed87cc3e6cc8ff63e32239b4493242e28ce8""}",18
fidelity-national-information-services-dinari-tokenized-stock,FIS,Fidelity National Information Services (Dinari Tokenized Stock),fidelity-national-information-services-dinari-tokenized-stock,fidelity-national-information-services-dinari-tokenized-stock4jg.png,26.3666,"{""ethereum"":""0xc6cc91506b22d68437b1e5be4bdc1818a7fd74eb"",""base"":""0xc6cc91506b22d68437b1e5be4bdc1818a7fd74eb"",""arbitrum-one"":""0x04390c214d786806cf5b8db37294f6a30c69b3cd"",""avalanche"":""0xc6cc91506b22d68437b1e5be4bdc1818a7fd74eb""}",18
cockapoo,CPOO,Cockapoo,cockapoo,cockapook73.png,52553413234,"{""binance_smart"":""0x71809c4ff017ceade03038a8b597ecabb6519918""}",18
0x9c3bcc457862dd6d8907ba11f8c7fe7e43a8c08b_hyperevm,UPHL,Upheaval Finance,upheaval,upheavalGKw.png,876025814,"{""hyperevm"":""0x9c3bcc457862dd6d8907ba11f8c7fe7e43a8c08b"",""hyperliquid"":""0xca30bc8e4e2029e53d3a52867df2a7d1""}",18
palantir-astock,APLTR,Palantir aStock,palantir-astock,palantir-astockJWM.png,4.551,"{""arbitrum-one"":""0xb95956daace89226185fb696c2cc3f0d9bbfd4e3"",""monad"":""0xb95956daace89226185fb696c2cc3f0d9bbfd4e3"",""ethereum"":""0xb95956daace89226185fb696c2cc3f0d9bbfd4e3"",""base"":""0xb95956daace89226185fb696c2cc3f0d9bbfd4e3"",""robinhood"":""0xb95956daace89226185fb696c2cc3f0d9bbfd4e3"",""binance_smart"":""0xb95956daace89226185fb696c2cc3f0d9bbfd4e3""}",18
franklin-ftse-south-korea-astock,AFLKR,Franklin FTSE South Korea aStock,franklin-ftse-south-korea-astock,franklin-ftse-south-korea-astock06A.png,13.7256,"{""arbitrum-one"":""0x4f9b7d336b1972dd4c93ca250121aacaa6b083aa"",""monad"":""0x4f9b7d336b1972dd4c93ca250121aacaa6b083aa"",""ethereum"":""0x4f9b7d336b1972dd4c93ca250121aacaa6b083aa"",""base"":""0x4f9b7d336b1972dd4c93ca250121aacaa6b083aa"",""robinhood"":""0x4f9b7d336b1972dd4c93ca250121aacaa6b083aa"",""binance_smart"":""0x4f9b7d336b1972dd4c93ca250121aacaa6b083aa""}",18
arista-networks-astock,AANET,Arista Networks aStock,arista-networks-astock,arista-networks-astockpnG.png,4.1142,"{""arbitrum-one"":""0xb8e03ad48dddc2e415715f6dbefb51839e756c25"",""monad"":""0xb8e03ad48dddc2e415715f6dbefb51839e756c25"",""ethereum"":""0xb8e03ad48dddc2e415715f6dbefb51839e756c25"",""base"":""0xb8e03ad48dddc2e415715f6dbefb51839e756c25"",""robinhood"":""0xb8e03ad48dddc2e415715f6dbefb51839e756c25"",""binance_smart"":""0xb8e03ad48dddc2e415715f6dbefb51839e756c25""}",18
ishares-china-large-cap-etf-rstock,RFXI,iShares China Large-Cap ETF Tokenized Stock (Reality),ishares-china-large-cap-etf-rstock,ishares-china-large-cap-etf-rstockGdC.png,25.4644,"{""arbitrum-one"":""0x8c06297d543d076e1e086233b0f19ecce7420ba4"",""morph-l2"":""0x6247d8c1fc87111b6ea310d05eb4c3bba2f2a391""}",18
jabil-ondo-tokenized,JBLON,Jabil (Ondo Tokenized),jabil-ondo-tokenized,jabil-ondo-tokenized9gN.png,2.8016,"{""ethereum"":""0xd9584f80cce13afc96bfd0188fd5c81e08f18c85"",""binance_smart"":""0x8d941ebb4921f8d43cfa65233b14a547f96559fc"",""solana"":""igWFQo1W64cQN6QUWYRXhM1UvpPuYTYtLELbDYqqqon""}",18
advanced-micro-devices-astock,AAMD,Advanced Micro Devices aStock,advanced-micro-devices-astock,advanced-micro-devices-astock0UG.png,1.3281,"{""arbitrum-one"":""0xbdf82c0dafcf73834d10639c0f0bf14b84808c43"",""monad"":""0xbdf82c0dafcf73834d10639c0f0bf14b84808c43"",""ethereum"":""0xbdf82c0dafcf73834d10639c0f0bf14b84808c43"",""base"":""0xbdf82c0dafcf73834d10639c0f0bf14b84808c43"",""robinhood"":""0xbdf82c0dafcf73834d10639c0f0bf14b84808c43"",""binance_smart"":""0xbdf82c0dafcf73834d10639c0f0bf14b84808c43""}",18
carvana-ondo-tokenized-stocks,CVNAON,Carvana (Ondo Tokenized Stock),carvana-ondo-tokenized-stocks,carvana-ondo-tokenized-stockswGh.png,2.6001,"{""ethereum"":""0xfe4ec50e0413148021d2f50d114cc44de6ffbf23"",""solana"":""FGmUDXqA3AbWfo5b3NUcsvwoUFCF4tr9ea6uercondo"",""binance_smart"":""0xc145dc2ebdbe8ead1fecdebf46c76eb1fdd0104d""}",18
stryker-corp-rstock,RSYK,Stryker Tokenized Stock (Reality),stryker-corp-rstock,stryker-corp-rstockZg3.png,4.0924,"{""arbitrum-one"":""0x2524f62630c08bc6d134911549408e7ec9c3a470"",""morph-l2"":""0xc92738dab194157e7f485a98f395c6b51952d20b""}",18
tapestry-inc-rstock,RTPR,Tapestry Tokenized Stock (Reality),tapestry-inc-rstock,tapestry-inc-rstockcUv.png,7.1723,"{""arbitrum-one"":""0x302154f8ba133d6357c14e5d35446ca540f1444b""}",18
EQCdb8hvMDDZcqpPGH-cCj3iMuom9P57mMyrdoHNNyXHM9Fs_the-open-network,ESIM,EvoSimGame,evosimgame,evosimgameijm.png,50000000,"{""the-open-network"":""EQCdb8hvMDDZcqpPGH-cCj3iMuom9P57mMyrdoHNNyXHM9Fs""}",18
autozone-rstock,RAZO,AutoZone Tokenized Stock (Reality),autozone-rstock,autozone-rstock7A9.png,0.38972994,"{""arbitrum-one"":""0x40eeecb21f562d5ae942b2aea6f9b696aebbcbf4"",""morph-l2"":""0xf2c1749885dff2f19e736b83ebcfe8886944b6a6""}",18
figma-dinari-tokenized-stock,FIG,Figma (Dinari Tokenized Stock),figma-dinari-tokenized-stock,figma-dinari-tokenized-stockP35.png,33.0582,"{""ethereum"":""0x4a94cdeb7d958b1a6182c646059899964ecd5b66"",""base"":""0x499b346c0d8f1f4cdb8b335fa723bda19c690fb6"",""arbitrum-one"":""0xd78940db580d9e18bea4cc61512166c411950f04"",""avalanche"":""0x09a2b2e71dc7dcbab8d43d1efc09448c11896cc5""}",18
nlight-ondo-tokenized,LASRON,nLIGHT (Ondo Tokenized),nlight-ondo-tokenized,nlight-ondo-tokenizedEri.png,20.3208,"{""ethereum"":""0x62d5854e309e7f7fc27ff6ebefb54d2b235a0e9b"",""binance_smart"":""0x476a2cad3197df68186b61bc36296e8d3d2d1b85"",""solana"":""Z8aFb6uQJgwFJ4KYKrT8n53aP66xqihodfAu4AKondo""}",18
nova-ondo-tokenized,NVMION,Nova (Ondo Tokenized),nova-ondo-tokenized,nova-ondo-tokenizedKGZ.png,2.1002,"{""ethereum"":""0x80d04221ec124850c4b9ba8f625b9a12ad609200"",""binance_smart"":""0x8a5f83a4b3ad2b9604f53c4ddf8dce1329f9d433"",""solana"":""nupQ2BuCfoVeCHVLRDhTjLJanaf5cxZ81KVFqs6ondo""}",18
b2gold-rstock,RBTG,B2Gold Tokenized Stock (Reality),b2gold-rstock,b2gold-rstockyoP.png,152.652,"{""arbitrum-one"":""0x2a20cbca71a815413d9978f67a565afcbc014faf"",""morph-l2"":""0x26a39aaa40d8e1e911893fd33f6d45d837668ba3""}",18
invesco-galaxy-bitcoin-etf-dinari-tokenized-etf,BTCO,Invesco Galaxy Bitcoin ETF (Dinari Tokenized ETF),invesco-galaxy-bitcoin-etf-dinari-tokenized-etf,invesco-galaxy-bitcoin-etf-dinari-tokenized-etfaPg.png,10.0959,"{""ethereum"":""0x0c7ec64a7b3416bc3578e02d4b1e5763da756183"",""base"":""0x69bd04ab9290d2919f228b87f9dccf728e2675cd"",""arbitrum-one"":""0x2824efe5cedb3bc8730e412981997dac7c7640c2"",""avalanche"":""0xa10bbc04f00f01a879fe9dd77e618c91a43dd3bd""}",18
shell-rstock,RSHEL,Shell Tokenized Stock (Reality),shell-rstock,shell-rstockmn1.png,11.2337,"{""arbitrum-one"":""0xf589a0b24cf34935f5325dd5d751d66c00c738c9"",""morph-l2"":""0x9935f73f91f10334f5b87a5b066ba5788c79ca48""}",18
tsakos-energy-navigation-ondo-tokenized,TENON,Tsakos Energy Navigation (Ondo Tokenized),tsakos-energy-navigation-ondo-tokenized,tsakos-energy-navigation-ondo-tokenized7tC.png,15.4755,"{""ethereum"":""0xdb2e166f0c76b05bc07700cbf74cc36ae2603624"",""binance_smart"":""0x686f8264625fe4e51f520db856003a4dd52a49ff"",""solana"":""micfqeFfvD9iDKKzuqRHXerFxG8K5VfY8CgrcQoondo""}",18
sprott-physical-gold-and-silver-trust-dinari-tokenized-etf,CEF,Sprott Physical Gold and Silver Trust (Dinari Tokenized ETF),sprott-physical-gold-and-silver-trust-dinari-tokenized-etf,sprott-physical-gold-and-silver-trust-dinari-tokenized-etfmMX.png,17.4945,"{""ethereum"":""0x8895691e426819785cc40d33e69d23b7bf430f11"",""base"":""0xa9fc9685472009e2cfeb7db66f0bb616670ab442"",""arbitrum-one"":""0x6583f34709f11efca9b76b8a6a6dc745d09e2e41"",""avalanche"":""0x8895691e426819785cc40d33e69d23b7bf430f11""}",18
ishares-global-clean-energy-etf-rstock,RICLN,iShares Global Clean Energy ETF Tokenized Stock (Reality),ishares-global-clean-energy-etf-rstock,ishares-global-clean-energy-etf-rstockkNE.png,52.9402,"{""arbitrum-one"":""0x01caccdc8042c95bbbe9a730f7f19093018f15ba"",""morph-l2"":""0x6d8b6e181aaece4a23ee820ff6d4ff038eca61e1""}",18
micron-technology-astock,AMU,Micron Technology aStock,micron-technology-astock,micron-technology-astockaII.png,0.71701356,"{""arbitrum-one"":""0xc54ce75193a68602bc01ffd2b112da3948eb14a7"",""monad"":""0xc54ce75193a68602bc01ffd2b112da3948eb14a7"",""ethereum"":""0xc54ce75193a68602bc01ffd2b112da3948eb14a7"",""base"":""0xc54ce75193a68602bc01ffd2b112da3948eb14a7"",""robinhood"":""0xc54ce75193a68602bc01ffd2b112da3948eb14a7"",""binance_smart"":""0xc54ce75193a68602bc01ffd2b112da3948eb14a7""}",18
us-oil-fund-astock,AUSO,US Oil Fund aStock,us-oil-fund-astock,us-oil-fund-astockheV.png,5.1617,"{""arbitrum-one"":""0x7388ed3371407471d48637b4ad8445b8d4fc3f8f"",""monad"":""0x7388ed3371407471d48637b4ad8445b8d4fc3f8f"",""ethereum"":""0x7388ed3371407471d48637b4ad8445b8d4fc3f8f"",""base"":""0x7388ed3371407471d48637b4ad8445b8d4fc3f8f"",""robinhood"":""0x7388ed3371407471d48637b4ad8445b8d4fc3f8f"",""binance_smart"":""0x7388ed3371407471d48637b4ad8445b8d4fc3f8f""}",18
taskus-ondo-tokenized,TASKON,TaskUs (Ondo Tokenized),taskus-ondo-tokenized,taskus-ondo-tokenized90E.png,95.4997,"{""ethereum"":""0x85bd7b075a9e0f6d7099dd750cecd65ce57d4f44"",""binance_smart"":""0xdb69becc323fec440ca8eb0c3564802e77ce2827"",""solana"":""nQysX1ZsRJ8yTJg8smZTZ91rWcVBabDRqdUEKZHondo""}",18
super-micro-computer-astock,ASMCI,Super Micro Computer aStock,super-micro-computer-astock,super-micro-computer-astocknc0.png,16.9939,"{""arbitrum-one"":""0xfd38813a547b30155914383919cebe83a98435fa"",""monad"":""0xfd38813a547b30155914383919cebe83a98435fa"",""ethereum"":""0xfd38813a547b30155914383919cebe83a98435fa"",""base"":""0xfd38813a547b30155914383919cebe83a98435fa"",""robinhood"":""0xfd38813a547b30155914383919cebe83a98435fa"",""binance_smart"":""0xfd38813a547b30155914383919cebe83a98435fa""}",18
canadian-solar-rstock,RCSIQ,Canadian Solar Tokenized Stock (Reality),canadian-solar-rstock,canadian-solar-rstockylv.png,63.0344,"{""arbitrum-one"":""0x0af0534703b0868bb3b3043af495630782c658cf""}",18
keysight-technologies-ondo-tokenized,KEYSON,Keysight Technologies (Ondo Tokenized),keysight-technologies-ondo-tokenized,keysight-technologies-ondo-tokenizedjtX.png,2.0047,"{""ethereum"":""0x1e328bbcd67e1bbee198bb3f90e764812e6e0ac9"",""binance_smart"":""0x3de956d959726c448649354c6fbca92b82dc5ed7"",""solana"":""jYcn4hHgyq1fS46YgecQY9N1gLU3sAxKA3DZVAPondo""}",18
comfort-systems-usa-rstock,RFIX,Comfort Systems USA Tokenized Stock (Reality),comfort-systems-usa-rstock,comfort-systems-usa-rstockZ2C.png,0.46017536,"{""arbitrum-one"":""0x0d6cc022233a942ef7083f175d32cd18620ceacd"",""morph-l2"":""0xbe5cc6155145bcb2a05abfec245209ef78bae195""}",18
cicada-rtusq,RTUSQ,CICADA rtUSQ,cicada-rtusq,cicada-rtusquBj.png,4643789,"{""binance_smart"":""0xdeb27a3d1c0cc78a2a7d679b94a2bd9c122613e2""}",18
ttm-technologies-rstock,RTTMI,TTM Technologies Tokenized Stock (Reality),ttm-technologies-rstock,ttm-technologies-rstockOwg.png,5.73,"{""arbitrum-one"":""0x93bbd2c73e180f1e0142a1a4b19021faa0e3b056""}",18
intel-astock,AINTC,Intel aStock,intel-astock,intel-astockHy9.png,6.0023,"{""arbitrum-one"":""0x126250964e05b9e34d025e9d3b309349cf92402a"",""monad"":""0x126250964e05b9e34d025e9d3b309349cf92402a"",""ethereum"":""0x126250964e05b9e34d025e9d3b309349cf92402a"",""base"":""0x126250964e05b9e34d025e9d3b309349cf92402a"",""robinhood"":""0x126250964e05b9e34d025e9d3b309349cf92402a"",""binance_smart"":""0x126250964e05b9e34d025e9d3b309349cf92402a""}",18
servicenow-astock,ANOW,ServiceNow aStock,servicenow-astock,servicenow-astockmI2.png,5.3294,"{""arbitrum-one"":""0x6b97a52c6877faf6f3836377b37e4a0a27edde01"",""monad"":""0x6b97a52c6877faf6f3836377b37e4a0a27edde01"",""ethereum"":""0x6b97a52c6877faf6f3836377b37e4a0a27edde01"",""base"":""0x6b97a52c6877faf6f3836377b37e4a0a27edde01"",""robinhood"":""0x6b97a52c6877faf6f3836377b37e4a0a27edde01"",""binance_smart"":""0x6b97a52c6877faf6f3836377b37e4a0a27edde01""}",18
technology-select-sector-spdr-astock,AXLK,Technology Select Sector SPDR aStock,technology-select-sector-spdr-astock,technology-select-sector-spdr-astockOM1.png,3.5723,"{""arbitrum-one"":""0xf63ad58f1d4d1276ea0de2490689942303d2d446"",""monad"":""0xf63ad58f1d4d1276ea0de2490689942303d2d446"",""ethereum"":""0xf63ad58f1d4d1276ea0de2490689942303d2d446"",""base"":""0xf63ad58f1d4d1276ea0de2490689942303d2d446"",""robinhood"":""0xf63ad58f1d4d1276ea0de2490689942303d2d446"",""binance_smart"":""0xf63ad58f1d4d1276ea0de2490689942303d2d446""}",18
yourmom,YOURMOM,YourMom,yourmom,yourmomGOo.png,10000000000,"{""solana"":""By5XddQNE4SB2XbgvreFeMNHL5zqgGqypiN3Xor3XmvM""}",18
autodesk-rstock,RADSK,Autodesk Tokenized Stock (Reality),autodesk-rstock,autodesk-rstockiB7.png,3.3258,"{""arbitrum-one"":""0x283d9e47f36d172196ccee9aeb7589da8f7e01d8"",""morph-l2"":""0x4c66566a0f9ed269c1cce5067c3e4822309c5c3e""}",18
0xc5ba042bf8832999b17c9036e8212f49dce0501a_ethereum,YOURAI,YOUR AI,your-ai,your-aiMMU.png,1000000000,"{""ethereum"":""0xc5ba042bf8832999b17c9036e8212f49dce0501a"",""binance_smart"":""0x27f16d9a5095b763baeadd7dd78e83288af29cf4"",""solana"":""FjK6rqU6QzUeNtmK6QQ78cCuS5AHAhcm4HgJkdsvXaep""}",18
progressive-rstock,RPGR,Progressive Tokenized Stock (Reality),progressive-rstock,progressive-rstock19g.png,3.3629,"{""arbitrum-one"":""0xfb512de589144174e3b1988e905eca88575a4d12"",""morph-l2"":""0xb95ddd6ea356850af648c09b5a73b91ab4f2267b""}",18
a-hathor,AHTR,a-Hathor,a-hathor,a-hathorXwq.png,90391,"{""arbitrum-one"":""0x87ca1ac7697c1240518b464b02e92a856d81aee1""}",18
mastercard-dinari-tokenized-stock,MA,Mastercard (Dinari Tokenized Stock),mastercard-dinari-tokenized-stock,mastercard-dinari-tokenized-stockU2M.png,1.2479,"{""ethereum"":""0xf354829a49f08ede646aa9b6ba0cc08b3cb9f525"",""base"":""0x6a089fb3b1d5d0c22b34e6104a56c19b8d944562"",""arbitrum-one"":""0x919eacb804ef060c3270cc29c66e4d5ff1dfbd48"",""avalanche"":""0x48fae96733c9b511cfa14cb401ffc65cfd64a1cf""}",18
digitalocean-rstock,RDOCN,DigitalOcean Holdings Tokenized Stock (Reality),digitalocean-rstock,digitalocean-rstockmGK.png,4.9441,"{""arbitrum-one"":""0xc0c671c9dfe2279d0b2a84cb54fb9fdaa4397966"",""morph-l2"":""0x2552336a8043be06917196987d21efbbd69254d0""}",18
ark-innovation-etf-rstock,RARKK,ARK Innovation ETF Tokenized Stock (Reality),ark-innovation-etf-rstock,ark-innovation-etf-rstock6so.png,30.6802,"{""arbitrum-one"":""0x367b6dc77cd48b589af5645c852f33d8bdb64929"",""morph-l2"":""0x4a035e7f935205099015214f8ed91987de02db73""}",18
coinbase-global-astock,ACOIN,Coinbase Global aStock,coinbase-global-astock,coinbase-global-astockuXO.png,3.7792,"{""arbitrum-one"":""0xd8c1dae1c55b2fa349f78ce34553e075aad6b8a2"",""monad"":""0xd8c1dae1c55b2fa349f78ce34553e075aad6b8a2"",""ethereum"":""0xd8c1dae1c55b2fa349f78ce34553e075aad6b8a2"",""base"":""0xd8c1dae1c55b2fa349f78ce34553e075aad6b8a2"",""robinhood"":""0xd8c1dae1c55b2fa349f78ce34553e075aad6b8a2"",""binance_smart"":""0xd8c1dae1c55b2fa349f78ce34553e075aad6b8a2""}",18
vale-sa-rstock,RVALE,Vale SA Tokenized Stock (Reality),vale-sa-rstock,vale-sa-rstockTGB.png,574.1713,"{""arbitrum-one"":""0xe6d86b9dba5597e30cf56f40996a442c94d4560b"",""morph-l2"":""0x6aa32382084b4cbd1d0b278b3e9e2aa02afe69cf""}",18
celo-canadian-dollar,CADM,Mento Canadian Dollar,celo-canadian-dollar,celo-canadian-dollarll1.png,971.2733,"{""celo"":""0xff4ab19391af240c311c54200a492233052b6325""}",18
monster-beverage-rstock,RMNST,Monster Tokenized Stock (Reality),monster-beverage-rstock,monster-beverage-rstockZ8W.png,15.795,"{""arbitrum-one"":""0x3f5a8d1c894ec1fc6d61ec5e25f3a63f59d6105b""}",18
spdr-gold-shares-astock,AGLD,SPDR Gold Shares aStock,spdr-gold-shares-astock,spdr-gold-shares-astockhwX.png,1.775,"{""arbitrum-one"":""0x3e4a2f26fc4f92d92d7cd1e49ddade32869d00a4"",""monad"":""0x3e4a2f26fc4f92d92d7cd1e49ddade32869d00a4"",""ethereum"":""0x3e4a2f26fc4f92d92d7cd1e49ddade32869d00a4"",""base"":""0x3e4a2f26fc4f92d92d7cd1e49ddade32869d00a4"",""robinhood"":""0x3e4a2f26fc4f92d92d7cd1e49ddade32869d00a4"",""binance_smart"":""0x3e4a2f26fc4f92d92d7cd1e49ddade32869d00a4""}",18
celo-south-african-rand,ZARM,Mento South African Rand,celo-south-african-rand,celo-south-african-rands0Q.png,11107,"{""celo"":""0x4c35853a3b4e647fd266f4de678dcc8fec410bf6""}",18
ishares-silver-trust-astock,ASLV,iShares Silver Trust aStock,ishares-silver-trust-astock,ishares-silver-trust-astock3Xp.png,12.0457,"{""arbitrum-one"":""0xa6d6d48d778539103d379a66697acc22dd7b1d3c"",""monad"":""0xa6d6d48d778539103d379a66697acc22dd7b1d3c"",""ethereum"":""0xa6d6d48d778539103d379a66697acc22dd7b1d3c"",""base"":""0xa6d6d48d778539103d379a66697acc22dd7b1d3c"",""robinhood"":""0xa6d6d48d778539103d379a66697acc22dd7b1d3c"",""binance_smart"":""0xa6d6d48d778539103d379a66697acc22dd7b1d3c""}",18
d-wave-quantum-astock,AQBTS,D-Wave Quantum aStock,d-wave-quantum-astock,d-wave-quantum-astockYHu.png,41.2719,"{""arbitrum-one"":""0xdfa678fa8d208ed3125e84a184fb39f2a22817a4"",""monad"":""0xdfa678fa8d208ed3125e84a184fb39f2a22817a4"",""ethereum"":""0xdfa678fa8d208ed3125e84a184fb39f2a22817a4"",""base"":""0xdfa678fa8d208ed3125e84a184fb39f2a22817a4"",""robinhood"":""0xdfa678fa8d208ed3125e84a184fb39f2a22817a4"",""binance_smart"":""0xdfa678fa8d208ed3125e84a184fb39f2a22817a4""}",18
ishares-euro-high-yield-corporate-bond-usd-hedged-etf-ondo-tokenized,EUHYON,iShares Euro High Yield Corporate Bond USD Hedged ETF (Ondo Tokenized),ishares-euro-high-yield-corporate-bond-usd-hedged-etf-ondo-tokenized,ishares-euro-high-yield-corporate-bond-usd-hedged-etf-ondo-tokenizedeeq.png,12.4398,"{""ethereum"":""0x34b33399a629fed8edc216eeb76c8309024c8987"",""binance_smart"":""0x93eb8376ec73dd07f46ba7ae1ee9b0bbd937ad93"",""solana"":""teUYhoQUgqsFp9ZwYBUHfuUHdVvbNx9N8spESGqondo""}",18
global-x-ai-technology-astock,AAIQ,Global X AI & Technology aStock,global-x-ai-technology-astock,global-x-ai-technology-astock8Cx.png,9.9145,"{""arbitrum-one"":""0x1d236e2ef49bf8b425a5d81332230fdfdaa20aee"",""monad"":""0x1d236e2ef49bf8b425a5d81332230fdfdaa20aee"",""ethereum"":""0x1d236e2ef49bf8b425a5d81332230fdfdaa20aee"",""base"":""0x1d236e2ef49bf8b425a5d81332230fdfdaa20aee"",""robinhood"":""0x1d236e2ef49bf8b425a5d81332230fdfdaa20aee"",""binance_smart"":""0x1d236e2ef49bf8b425a5d81332230fdfdaa20aee""}",18
D3kLDyQRt1QcGi2RXchzKoBuZXm2L2MUjrmNueYGpump_solana,SCREENER,Shitcoinscreener,shitcoinscreener,D3kLDyQRt1QcGi2RXchzKoBuZXm2L2MUjrmNueYGpump_solanaHfL.png,999982713,"{""solana"":""D3kLDyQRt1QcGi2RXchzKoBuZXm2L2MUjrmNueYGpump""}",18
ionq-astock,AIONQ,IONQ aStock,ionq-astock,ionq-astockp78.png,14.7587,"{""arbitrum-one"":""0xc8c3bbd0af3f10293d75dd468c51f3f81fc22fee"",""monad"":""0xc8c3bbd0af3f10293d75dd468c51f3f81fc22fee"",""ethereum"":""0xc8c3bbd0af3f10293d75dd468c51f3f81fc22fee"",""base"":""0xc8c3bbd0af3f10293d75dd468c51f3f81fc22fee"",""robinhood"":""0xc8c3bbd0af3f10293d75dd468c51f3f81fc22fee"",""binance_smart"":""0xc8c3bbd0af3f10293d75dd468c51f3f81fc22fee""}",18
abbott-laboratories-rstock,RABT,Abbott Tokenized Stock (Reality),abbott-laboratories-rstock,abbott-laboratories-rstockl0l.png,6.5642,"{""arbitrum-one"":""0x8bc727c6b33bfe0d80cc114ca299dd48e5cd1ab8"",""morph-l2"":""0x8073f23a1cfb6f49fbd8d263fff235c1970bdd26""}",18
ge-vernova-astock,AGEV,GE Vernova aStock,ge-vernova-astock,ge-vernova-astockqNP.png,0.65391965,"{""arbitrum-one"":""0xdbd41398c970a1649c7eec1d72c9d50e0aa3b095"",""monad"":""0xdbd41398c970a1649c7eec1d72c9d50e0aa3b095"",""ethereum"":""0xdbd41398c970a1649c7eec1d72c9d50e0aa3b095"",""base"":""0xdbd41398c970a1649c7eec1d72c9d50e0aa3b095"",""robinhood"":""0xdbd41398c970a1649c7eec1d72c9d50e0aa3b095"",""binance_smart"":""0xdbd41398c970a1649c7eec1d72c9d50e0aa3b095""}",18
ishares-trust-ishares-core-high-dividend-rstock,RHDV,Ishares Trust Ishares Core High Dividend Tokenized Stock (Reality),ishares-trust-ishares-core-high-dividend-rstock,ishares-trust-ishares-core-high-dividend-rstock5iP.png,22.7399,"{""arbitrum-one"":""0x6f7d65fa96f87b08de7dd230cd741fbef00233bf""}",18
atkore-ondo-tokenized,ATKRON,Atkore (Ondo Tokenized),atkore-ondo-tokenized,atkore-ondo-tokenizedAsn.png,6.7142,"{""ethereum"":""0xb50a8bd8883dfe59eaf1a8b1130acd97ced9ac84"",""binance_smart"":""0xafaa2087093b7b396adab8216506d9066c6a6f13"",""solana"":""ZsCDHjWFyndwgbHMs4AHYwJZQMgmAn72ESQj2b5ondo""}",18
ametek-ondo-tokenized,AMEON,AMETEK (Ondo Tokenized),ametek-ondo-tokenized,ametek-ondo-tokenizedQrY.png,2.6978,"{""ethereum"":""0x113fae6e1103a4c09250c8697a6a4be6ca987d06"",""binance_smart"":""0x7a5bd36047a9d15c90fa79b0654de8dd9d6ebbb1"",""solana"":""ko48myqhBuXyL9WAp6pTzHWsdKsGKSditJVoGTSondo""}",18
salesforce-astock,ACRM,Salesforce aStock,salesforce-astock,salesforce-astockRm5.png,2.6915,"{""arbitrum-one"":""0x8339d77b003589cf90f17729595afe05ad951ac5"",""monad"":""0x8339d77b003589cf90f17729595afe05ad951ac5"",""ethereum"":""0x8339d77b003589cf90f17729595afe05ad951ac5"",""base"":""0x8339d77b003589cf90f17729595afe05ad951ac5"",""robinhood"":""0x8339d77b003589cf90f17729595afe05ad951ac5"",""binance_smart"":""0x8339d77b003589cf90f17729595afe05ad951ac5""}",18
deckers-outdoor-corporation-rstock,RDECK,Deckers Outdoor Tokenized Stock (Reality),deckers-outdoor-corporation-rstock,deckers-outdoor-corporation-rstockHA1.png,7.9449,"{""arbitrum-one"":""0x748c928dab43cc6cc9bc82c322a9c370dc9a07e1"",""morph-l2"":""0xea1e7574c5bb3d508b545fff3bf4b7964cd5c8ea""}",18
axcelis-technologies-ondo-tokenized,ACLSON,Axcelis Technologies (Ondo Tokenized),axcelis-technologies-ondo-tokenized,axcelis-technologies-ondo-tokenized2pN.png,4.205,"{""ethereum"":""0x6785ce8060655b1f4991c3893dc41814154a1808"",""binance_smart"":""0xf2e14fce9259c8a7903c4be5326058ae2d004fc7"",""solana"":""jDoTgDRKSgVzkKdkaHZL3DiVmDM4YtYWwRG6Tgfondo""}",18
eqt-corp-rstock,REQT,EQT Tokenized Stock (Reality),eqt-corp-rstock,eqt-corp-rstock8q1.png,12.6113,"{""arbitrum-one"":""0xe59194a6491d4c2f49c37aee53b400683d696e0e""}",18
nelore-coin,NLC,Nelore Coin,nelore-coin,nelore-coinz8Y.png,372701468,"{""binance_smart"":""0x5f320c3b8f82acfe8f2bb1c85d63aa66a7ff524f""}",18
vaneck-rare-earth-and-strategic-metals-etf-dinari-tokenized-etf,REMX,VanEck Rare Earth and Strategic Metals ETF (Dinari Tokenized ETF),vaneck-rare-earth-and-strategic-metals-etf-dinari-tokenized-etf,vaneck-rare-earth-and-strategic-metals-etf-dinari-tokenized-etfFhl.png,8.4919,"{""ethereum"":""0x7dd7c6ca4898d34bad15f3b8eb0f990809ec1b81"",""base"":""0x1ac5c148d237fb21dba28f5f381321e658790aa8"",""arbitrum-one"":""0xb32e091a32e2e5755e89230981215237f56145a4"",""avalanche"":""0x7dd7c6ca4898d34bad15f3b8eb0f990809ec1b81""}",18
costco-wholesale-dinari-tokenized-stock,COST,Costco Wholesale (Dinari Tokenized Stock),costco-wholesale-dinari-tokenized-stock,costco-wholesale-dinari-tokenized-stockS7r.png,0.66223328,"{""ethereum"":""0xe5ad37798daa0231279859d4699cf8f466e8b020"",""base"":""0x70e97cac0d4eb845872cd41ae848e47d070ef45c"",""arbitrum-one"":""0xd17aff8fcf7698aabfb5f8be90aa2692774fa810"",""avalanche"":""0xacb583f29cdf6906d81c7a3b28a05c409fec4973""}",18
qcdogbnRfbhadxEjAwRuBoMJXPPt7z2Csm8jjtbB1Po_solana,BIPO,Bipolar,bipolar,bipolarsjM.png,99756619769,"{""solana"":""qcdogbnRfbhadxEjAwRuBoMJXPPt7z2Csm8jjtbB1Po""}",18
nebius-group-astock,ANBIS,Nebius Group aStock,nebius-group-astock,nebius-group-astockXlI.png,2.4799,"{""arbitrum-one"":""0x822594e4bc4c8237e77e5620744d3f383e77d4fe"",""monad"":""0x822594e4bc4c8237e77e5620744d3f383e77d4fe"",""ethereum"":""0x822594e4bc4c8237e77e5620744d3f383e77d4fe"",""base"":""0x822594e4bc4c8237e77e5620744d3f383e77d4fe"",""robinhood"":""0x822594e4bc4c8237e77e5620744d3f383e77d4fe"",""binance_smart"":""0x822594e4bc4c8237e77e5620744d3f383e77d4fe""}",18
marvell-technology-astock,AMRVL,Marvell Technology aStock,marvell-technology-astock,marvell-technology-astockNn6.png,2.205,"{""arbitrum-one"":""0x870e3495f5d7f0872ad7c0fbdd163016ae9122b5"",""monad"":""0x870e3495f5d7f0872ad7c0fbdd163016ae9122b5"",""ethereum"":""0x870e3495f5d7f0872ad7c0fbdd163016ae9122b5"",""base"":""0x870e3495f5d7f0872ad7c0fbdd163016ae9122b5"",""robinhood"":""0x870e3495f5d7f0872ad7c0fbdd163016ae9122b5"",""binance_smart"":""0x870e3495f5d7f0872ad7c0fbdd163016ae9122b5""}",18
golff,GOF,Golff,golff,golffJp9.png,11940719,"{""ethereum"":""0x488e0369f9bc5c40c002ea7c1fe4fd01a198801c""}",18
spdr-bridgewater-all-weather-astock,AALLW,SPDR Bridgewater All Weather aStock,spdr-bridgewater-all-weather-astock,spdr-bridgewater-all-weather-astockpSL.png,20.8265,"{""arbitrum-one"":""0x057a4712d82d83909b149f6e4390e5298ffdeb3c"",""monad"":""0x057a4712d82d83909b149f6e4390e5298ffdeb3c"",""ethereum"":""0x057a4712d82d83909b149f6e4390e5298ffdeb3c"",""base"":""0x057a4712d82d83909b149f6e4390e5298ffdeb3c"",""robinhood"":""0x057a4712d82d83909b149f6e4390e5298ffdeb3c"",""binance_smart"":""0x057a4712d82d83909b149f6e4390e5298ffdeb3c""}",18
delta-air-lines-rstock,RDAL,Delta Air Lines Tokenized Stock (Reality),delta-air-lines-rstock,delta-air-lines-rstockMyw.png,7.2994,"{""arbitrum-one"":""0xe5beafc3a825c1e8cec4c6816a61fe97df2db5d5"",""morph-l2"":""0x6f56cc5bcd3f046a891ce2cae0b8c56c358be35d""}",18
workday-rstock,RWDAY,Workday Tokenized Stock (Reality),workday-rstock,workday-rstockmYJ.png,3.1203,"{""arbitrum-one"":""0xf6ad1b822a3d5bbaf2bca1d279ababe1bb3e9650"",""morph-l2"":""0x8d52c5ff20bd5d0fd68461740a4b07fde1a5f9df""}",18
sandisk-astock,ASNDK,SanDisk aStock,sandisk-astock,sandisk-astockmWM.png,0.34442049,"{""arbitrum-one"":""0x57e2613fa6193c11913299cbdc1c8cb4916c15e8"",""monad"":""0x57e2613fa6193c11913299cbdc1c8cb4916c15e8"",""ethereum"":""0x57e2613fa6193c11913299cbdc1c8cb4916c15e8"",""base"":""0x57e2613fa6193c11913299cbdc1c8cb4916c15e8"",""robinhood"":""0x57e2613fa6193c11913299cbdc1c8cb4916c15e8"",""binance_smart"":""0x57e2613fa6193c11913299cbdc1c8cb4916c15e8""}",18
bitmine-immersion-technologies-dinari-tokenized-stock,BMNR,Bitmine Immersion Technologies (Dinari Tokenized Stock),bitmine-immersion-technologies-dinari-tokenized-stock,bitmine-immersion-technologies-dinari-tokenized-stockAT5.png,31.8287,"{""ethereum"":""0xb7c153d774258588fbb978f3a2c4209dfd4944fb"",""base"":""0xb213153e6e96071cd990ba2462a30ba3f2387ae0"",""arbitrum-one"":""0x9d32f985bf0e46cb1bb98cb7647378653d543c1a"",""avalanche"":""0xb7c153d774258588fbb978f3a2c4209dfd4944fb""}",18
fiserv-inc-rstock,RFISV,Fiserv Tokenized Stock (Reality),fiserv-inc-rstock,fiserv-inc-rstockeqe.png,19.193,"{""arbitrum-one"":""0x98a159de8d3f9b5e2cd14c1dbbd2e123d871aa5a""}",18
applied-digital-dinari-tokenized-stock,APLD,Applied Digital (Dinari Tokenized Stock),applied-digital-dinari-tokenized-stock,applied-digital-dinari-tokenized-stockD5r.png,22.8575,"{""ethereum"":""0x005b3d7a44e5bab3bd4df66fd71cc7089af5c776"",""base"":""0x005b3d7a44e5bab3bd4df66fd71cc7089af5c776"",""arbitrum-one"":""0x005b3d7a44e5bab3bd4df66fd71cc7089af5c776"",""avalanche"":""0x005b3d7a44e5bab3bd4df66fd71cc7089af5c776""}",18
vistra-astock,AVST,Vistra aStock,vistra-astock,vistra-astockdrL.png,3.9996,"{""arbitrum-one"":""0x49cccd75b2b0fb9ccd8c1d2a5d313e050c52fa89"",""monad"":""0x49cccd75b2b0fb9ccd8c1d2a5d313e050c52fa89"",""ethereum"":""0x49cccd75b2b0fb9ccd8c1d2a5d313e050c52fa89"",""base"":""0x49cccd75b2b0fb9ccd8c1d2a5d313e050c52fa89"",""robinhood"":""0x49cccd75b2b0fb9ccd8c1d2a5d313e050c52fa89"",""binance_smart"":""0x49cccd75b2b0fb9ccd8c1d2a5d313e050c52fa89""}",18
rocket-lab-astock,ARKLB,Rocket Lab aStock,rocket-lab-astock,rocket-lab-astockbd5.png,7.6822,"{""arbitrum-one"":""0x8bce7712ca1efc613ce73f9471ad2388dac09413"",""monad"":""0x8bce7712ca1efc613ce73f9471ad2388dac09413"",""ethereum"":""0x8bce7712ca1efc613ce73f9471ad2388dac09413"",""base"":""0x8bce7712ca1efc613ce73f9471ad2388dac09413"",""robinhood"":""0x8bce7712ca1efc613ce73f9471ad2388dac09413"",""binance_smart"":""0x8bce7712ca1efc613ce73f9471ad2388dac09413""}",18
digital-realty-trust-dinari-tokenized-stock,DLR,Digital Realty Trust (Dinari Tokenized Stock),digital-realty-trust-dinari-tokenized-stock,digital-realty-trust-dinari-tokenized-stockRfs.png,2.867,"{""ethereum"":""0x13b251cf6b1eea8be9af267e9a5fe234d602120c"",""base"":""0x13b251cf6b1eea8be9af267e9a5fe234d602120c"",""arbitrum-one"":""0x13b251cf6b1eea8be9af267e9a5fe234d602120c"",""avalanche"":""0x13b251cf6b1eea8be9af267e9a5fe234d602120c""}",18
lowe-s-companies-rstock,RLOW,Lowe's Tokenized Stock (Reality),lowe-s-companies-rstock,lowe-s-companies-rstock1GN.png,3.6926,"{""arbitrum-one"":""0xe89524c4e80b76474624ca4dedc57f4485e8b3a1"",""morph-l2"":""0xb5fc1715b2cd4281e04cf0fc4ef94c065a44aa79""}",18
t-rex-2x-inverse-mstr-daily-target-etf-dinari-tokenized-etf,MSTZ,T-Rex 2X Inverse MSTR Daily Target ETF (Dinari Tokenized ETF),t-rex-2x-inverse-mstr-daily-target-etf-dinari-tokenized-etf,t-rex-2x-inverse-mstr-daily-target-etf-dinari-tokenized-etfvd9.png,224.6686,"{""ethereum"":""0x1abf70f54ceddaf54b5ed05ec02c529c1fa72f7e"",""base"":""0xda05409634fbfc7d86274d254f1d91c46f7c3ef9"",""arbitrum-one"":""0x07dfe1d0406846de8924550d04c125c8e3645fdb"",""avalanche"":""0x1abf70f54ceddaf54b5ed05ec02c529c1fa72f7e""}",18
sharplink-dinari-tokenized-stock,SBET,Sharplink (Dinari Tokenized Stock),sharplink-dinari-tokenized-stock,sharplink-dinari-tokenized-stockr7o.png,64.0656,"{""ethereum"":""0x9879405c9677e641e18f525b79e813a278e04a30"",""base"":""0x7062e6ece18316ea23773932f39c6b617dd7ba43"",""arbitrum-one"":""0x6d1150b045c495fc22406aa2420ea8214a78eb90"",""avalanche"":""0x5986a414da65d786c6ea7ee67cb325d3300f4cab""}",18
valkyrie-etf-trust-ii-coin-bitcoin-mining-etf-dinari-tokenized-etf,WGMI,Valkyrie ETF Trust II Coin Bitcoin Mining ETF (Dinari Tokenized ETF),valkyrie-etf-trust-ii-coin-bitcoin-mining-etf-dinari-tokenized-etf,valkyrie-etf-trust-ii-coin-bitcoin-mining-etf-dinari-tokenized-etfV5g.png,12.4884,"{""ethereum"":""0xe125520f2c36294f1dfc25e98838b2e64f549508"",""base"":""0xe125520f2c36294f1dfc25e98838b2e64f549508"",""arbitrum-one"":""0x1820872e193d48f59ec1b9383da6404b58e7b803"",""avalanche"":""0xe125520f2c36294f1dfc25e98838b2e64f549508""}",18
sprott-nickel-miners-etf-rstock,RNIKL,Sprott Nickel Miners ETF Tokenized Stock (Reality),sprott-nickel-miners-etf-rstock,sprott-nickel-miners-etf-rstockjFT.png,56.791,"{""arbitrum-one"":""0x82caf72f8d27edae0f6214ed7a974c5587f637c7"",""morph-l2"":""0xdf3dcea1a572ce0a0438f8430941715e3c1f66f9""}",18
tjx-companies-dinari-tokenized-stock,TJX,TJX Companies (Dinari Tokenized Stock),tjx-companies-dinari-tokenized-stock,tjx-companies-dinari-tokenized-stockQS6.png,4.0518,"{""ethereum"":""0x90fa6faf82ddcbbbd48f66ee70b8515a7a626ac3"",""base"":""0xf61558b2bc330c55ae85679be03a76dc0a8c9ed2"",""arbitrum-one"":""0x50f7b76a0b888e5d7196f1a472d2e567d425c761"",""avalanche"":""0x381e8b294e14725ce8792051a3aec68b60f7b678""}",18
ishares-securitized-income-active-etf-ondo-tokenized-etf,SECUON,iShares Securitized Income Active ETF (Ondo Tokenized ETF),ishares-securitized-income-active-etf-ondo-tokenized-etf,ishares-securitized-income-active-etf-ondo-tokenized-etfybb.png,11.1369,"{""ethereum"":""0x806adf5ef67ef4032bcc8444f96ec777d2f43f66"",""binance_smart"":""0xb0d7d4b65a654d43f91272bb94e011ce6812a2ef"",""solana"":""sDtEN5uwUJJCFJ95x2rPjPqNx5UWUbHQ2ucceUzondo""}",18
ichor-holdings-ondo-tokenized,ICHRON,Ichor Holdings (Ondo Tokenized),ichor-holdings-ondo-tokenized,ichor-holdings-ondo-tokenizedSOs.png,8.6654,"{""ethereum"":""0xdfca97fb2a3163011f3b5b3198f63d9ab8f04a98"",""binance_smart"":""0xfb836dc42ebdff6aa8db9339336899061d1c4f3f"",""solana"":""ZTABSukbFUFcuCYpMFHxN18aB4kPL2NkpZpgnXPondo""}",18
primoris-services-ondo-tokenized,PRIMON,Primoris Services (Ondo Tokenized),primoris-services-ondo-tokenized,primoris-services-ondo-tokenizedeVI.png,7.0116,"{""ethereum"":""0xba6ff85f4595a3e71f3a965e6b528bbcf51a2c79"",""binance_smart"":""0xd60b0276640a693ece55660afac0383ca6433882"",""solana"":""kcc5QzXDCQ61qQ5Nbpi2RppnRSzhG1XQNXkjXwoondo""}",18
nordic-american-tankers-ondo-tokenized,NATON,Nordic American Tankers (Ondo Tokenized),nordic-american-tankers-ondo-tokenized,nordic-american-tankers-ondo-tokenizedAgM.png,60.4627,"{""ethereum"":""0x64b84731cec441370c90c1b06d66a17eadfacd0f"",""binance_smart"":""0x33f3df3cea2a8c4828e88f30be932850cf749739"",""solana"":""mmy8WbFRNrjoDsPGqpYmzQAVu7PfGhMCdSRLxZLondo""}",18
arm-holdings-astock,AARM,Arm Holdings aStock,arm-holdings-astock,arm-holdings-astockv4L.png,1.747,"{""arbitrum-one"":""0x37bb22af99a6c2b23cfc2ea0ccb7151752a0fd5a"",""monad"":""0x37bb22af99a6c2b23cfc2ea0ccb7151752a0fd5a"",""ethereum"":""0x37bb22af99a6c2b23cfc2ea0ccb7151752a0fd5a"",""base"":""0x37bb22af99a6c2b23cfc2ea0ccb7151752a0fd5a"",""robinhood"":""0x37bb22af99a6c2b23cfc2ea0ccb7151752a0fd5a"",""binance_smart"":""0x37bb22af99a6c2b23cfc2ea0ccb7151752a0fd5a""}",18
spdr-s-p-500-astock,ASPY,SPDR S&P 500 aStock,spdr-s-p-500-astock,spdr-s-p-500-astockmEt.png,0.69315632,"{""arbitrum-one"":""0x4716cfb68c73bff797eea4f94ffad8d198aefc4b"",""monad"":""0x4716cfb68c73bff797eea4f94ffad8d198aefc4b"",""ethereum"":""0x4716cfb68c73bff797eea4f94ffad8d198aefc4b"",""base"":""0x4716cfb68c73bff797eea4f94ffad8d198aefc4b"",""robinhood"":""0x4716cfb68c73bff797eea4f94ffad8d198aefc4b"",""binance_smart"":""0x4716cfb68c73bff797eea4f94ffad8d198aefc4b""}",18
united-parcel-service-rstock,RUPS,UPS Tokenized Stock (Reality),united-parcel-service-rstock,united-parcel-service-rstockt1M.png,6.1047,"{""arbitrum-one"":""0x25eafa9f9832e068b3023458d3f1e259eaf9bbef"",""morph-l2"":""0xbf10d43e78b0ed31c8cee9a81bc69c4f4a60ecb1""}",18
netcapital-dinari-tokenized-stock,NCPL,Netcapital (Dinari Tokenized Stock),netcapital-dinari-tokenized-stock,netcapital-dinari-tokenized-stockkzh.png,385,"{""ethereum"":""0xe8f2b6b63d4d982412a3e373b51082112a0b95c5"",""base"":""0x59a96e5cb91baefbdb5c2a645209abb90cb3a97e"",""arbitrum-one"":""0xedb8291259e0703f36b085c1c19c2a95c032bc34"",""avalanche"":""0x6cf16148943b6f2d31a510885841925545a4f989""}",18
glaxosmithkline-rstock,RGSK,GlaxoSmithKline Tokenized Stock (Reality),glaxosmithkline-rstock,glaxosmithkline-rstockbdE.png,11.7571,"{""arbitrum-one"":""0x8bad27045cd80314aa8f29b4c051461e65eb8284"",""morph-l2"":""0xa86f9aee3a90d391fe268edac2947ccb33bc09aa""}",18
proshares-ultrapro-qqq-astock,ATQQQ,ProShares UltraPro QQQ aStock,proshares-ultrapro-qqq-astock,proshares-ultrapro-qqq-astockrjx.png,6.5106,"{""arbitrum-one"":""0xb57b6c37526cecdddbf92da1783b7f4b4b53d45f"",""monad"":""0xb57b6c37526cecdddbf92da1783b7f4b4b53d45f"",""ethereum"":""0xb57b6c37526cecdddbf92da1783b7f4b4b53d45f"",""base"":""0xb57b6c37526cecdddbf92da1783b7f4b4b53d45f"",""robinhood"":""0xb57b6c37526cecdddbf92da1783b7f4b4b53d45f"",""binance_smart"":""0xb57b6c37526cecdddbf92da1783b7f4b4b53d45f""}",18
lily,LIY,Lily,lily,lilyif0.png,3000000000,"{""polygon-pos"":""0x24fd25a49627ce2e4be711e76dc22234c83539fe""}",18
starbucks-rstock,RSBUX,Starbucks Tokenized Stock (Reality),starbucks-rstock,starbucks-rstockAbA.png,6.0031,"{""arbitrum-one"":""0x68d6af5db9549fa1d329234218b6bb1bd196d407"",""morph-l2"":""0x6d2167de76fa6a0a2fac18a7d89727c9ddcbdc97""}",18
american-express-dinari-tokenized-stock,AXP,American Express (Dinari Tokenized Stock),american-express-dinari-tokenized-stock,american-express-dinari-tokenized-stock9Ei.png,1.7069,"{""ethereum"":""0xecc2d44ee5cdcde5741b74d9ea180d5b0d79213c"",""base"":""0x48189ec3fa6bf32974cec740810493408fbd4e5f"",""arbitrum-one"":""0xc074f7406f36af6f11e481f7c3ff0d6612b52914"",""avalanche"":""0x1ed694e96424538fe8838cee64019a704b75c35c""}",18
grindr-dinari-tokenized-stock,GRND,Grindr (Dinari Tokenized Stock),grindr-dinari-tokenized-stock,grindr-dinari-tokenized-stocks6A.png,33.1342,"{""ethereum"":""0x03ccc50d1c44c4f023d4ea1abfe58197b1ada099"",""base"":""0x4be4005f1648a9bbfc718592f6a20d86ec92163e"",""arbitrum-one"":""0xa555bc73193820625e2624ada3184201b388a6cf"",""avalanche"":""0xe6eafc97af4f357d90a5e73fa47db63300c8b394""}",18
forgent-power-solutions-ondo-tokenized,FPSON,Forgent Power Solutions (Ondo Tokenized),forgent-power-solutions-ondo-tokenized,forgent-power-solutions-ondo-tokenizeduhN.png,13.2696,"{""ethereum"":""0x410e7d6b6303e531753d4fbe3e50e35efbcff53c"",""binance_smart"":""0xd8daffd168651470cd5397a5d670dd5f8e4b02f5"",""solana"":""m3XghfWMqmVE81LKLVxd1FVCKjqYAUxH8bMHGhzondo""}",18
direxion-daily-ftse-china-bear-3x-etf-dinari-tokenized-etf,YANG,Direxion Daily FTSE China Bear 3X ETF (Dinari Tokenized ETF),direxion-daily-ftse-china-bear-3x-etf-dinari-tokenized-etf,direxion-daily-ftse-china-bear-3x-etf-dinari-tokenized-etfLVX.png,17.7055,"{""ethereum"":""0xec6d237a7ffe8f3de609694d559d333307c4e4fe"",""base"":""0xf7424b6acb4528d8c7b81ef71c294b99c21a3604"",""arbitrum-one"":""0xefdc39cd87e0b2b0eac0582ec647f286f88722d5"",""avalanche"":""0x0fefbe6e5ee6d237aeff27f37b396144b5c5b7a9""}",18
defi-development-dinari-tokenized-stock,DFDV,DeFi Development (Dinari Tokenized Stock),defi-development-dinari-tokenized-stock,defi-development-dinari-tokenized-stock8Qh.png,94,"{""ethereum"":""0x8ee980d10a6ed77b99fb0564d6fb1aa213c7ab1f"",""base"":""0x8ee980d10a6ed77b99fb0564d6fb1aa213c7ab1f"",""arbitrum-one"":""0x8ee980d10a6ed77b99fb0564d6fb1aa213c7ab1f"",""avalanche"":""0x8ee980d10a6ed77b99fb0564d6fb1aa213c7ab1f""}",18
kinder-morgan-rstock,RKMI,Kinder Morgan Tokenized Stock (Reality),kinder-morgan-rstock,kinder-morgan-rstocksze.png,16.3763,"{""arbitrum-one"":""0xcf7eea8c6bb95999a1dfa732609d847501e1224b"",""morph-l2"":""0xae56c804bdfdc3368371a9dbfc71b184c8004db9""}",18
nest-etf-vault,NETF,Nest ETF Vault,nest-etf-vault,nest-etf-vault5Y3.png,510.3814,"{""ethereum"":""0xdea736937d464d288ec80138bcd1a2e109a200e3"",""plume-network"":""0xdea736937d464d288ec80138bcd1a2e109a200e3""}",18
blacksky-technology-rstock,RBKSY,BlackSky Technology Tokenized Stock (Reality),blacksky-technology-rstock,blacksky-technology-rstockwNY.png,22.7691,"{""arbitrum-one"":""0x9260782e7b8e3a391d1e8d777f7a33acb064072d"",""morph-l2"":""0x21d40f807d0af61dd96325c2b7d06bcb3b3f8418""}",18
refereum,RFR,Refereum,refereum,Refereumu8iOj.png,5000000000,"{""ethereum"":""0xd0929d411954c47438dc1d871dd6081f5c5e149c""}",18
ascendis-pharma-a-s-rstock,RASND,Ascendis Pharma A/S Tokenized Stock (Reality),ascendis-pharma-a-s-rstock,ascendis-pharma-a-s-rstock3FI.png,2.0982,"{""arbitrum-one"":""0xa1b39d1b7aed0a2c485f1a3d47bbd6e7d162b3ac"",""morph-l2"":""0xa47c36843d0ad417debcd79d105d2d5bf0bea778""}",18
cisco-astock,ACSCO,Cisco aStock,cisco-astock,cisco-astockRd4.png,4.3964,"{""arbitrum-one"":""0x991c1f370adbab08e1f7978b01cb1dc022b902bb"",""monad"":""0x991c1f370adbab08e1f7978b01cb1dc022b902bb"",""ethereum"":""0x991c1f370adbab08e1f7978b01cb1dc022b902bb"",""base"":""0x991c1f370adbab08e1f7978b01cb1dc022b902bb"",""robinhood"":""0x991c1f370adbab08e1f7978b01cb1dc022b902bb"",""binance_smart"":""0x991c1f370adbab08e1f7978b01cb1dc022b902bb""}",18
westlake-ondo-tokenized,WLKON,Westlake (Ondo Tokenized),westlake-ondo-tokenized,westlake-ondo-tokenizedh2a.png,7.1497,"{""ethereum"":""0xead51ee313a7187fc1a155c381270c764da42770"",""binance_smart"":""0xb3d1a5f9bf92f18da643f2ada2f2cdfdae67e9d1"",""solana"":""mrNSd1y72F7Dx2Uip4vidtsJKKd8iJatTKGX6Pvondo""}",18
quanta-services-rstock,RPWR,Quanta Services Tokenized Stock (Reality),quanta-services-rstock,quanta-services-rstockJ9d.png,0.72110428,"{""arbitrum-one"":""0x85aebd26841d61609d68529ba12788dbec222ff8"",""morph-l2"":""0xf31310d12b9c7e3f191c322ae51c80a7110714f6""}",18
crown-castle-rstock,RCCI,Crown Castle Tokenized Stock (Reality),crown-castle-rstock,crown-castle-rstockk9f.png,16.9831,"{""arbitrum-one"":""0xb7180728333545d04406e510687cd5a611fd820a""}",18
alnylam-pharmaceuticals-rstock,RALNY,Alnylam Pharmaceuticals Tokenized Stock (Reality),alnylam-pharmaceuticals-rstock,alnylam-pharmaceuticals-rstockLqA.png,2.1859,"{""arbitrum-one"":""0x1077823029d0664668e969b276fb989ae95bdc50""}",18
cf-industries-holdings-inc-rstock,RCF,CF Industries Tokenized Stock (Reality),cf-industries-holdings-inc-rstock,cf-industries-holdings-inc-rstock5Sw.png,3.6321,"{""arbitrum-one"":""0x0bd58a3def5b3ffae69e7d7304d159f1a7c37ff2"",""morph-l2"":""0xd59f9fda44b5022f170e3a753abdfb7cde3aa66f""}",18
netease-rstock,RNTES,NetEase Tokenized Stock (Reality),netease-rstock,netease-rstockUNS.png,4.1267,"{""arbitrum-one"":""0xed2dae9466a6cd539a67ecb73ff428ce76060903"",""morph-l2"":""0xf4ee8841472e1ad44ea17d0a50774f3b3418e7c7""}",18
hyperlane-bridged-wbtc-radix,HWBTC,Hyperlane Bridged WBTC (Radix),hyperlane-bridged-wbtc-radix,hyperlane-bridged-wbtc-radixMlk.png,0.00559963,"{""radix"":""resource_rdx1t58kkcqdz0mavfz98m98qh9m4jexyl9tacsvlhns6yxs4r6hrm5re5""}",18
waste-management-rstock,RWM,Waste Management Tokenized Stock (Reality),waste-management-rstock,waste-management-rstock5Kb.png,2.2946,"{""arbitrum-one"":""0xb8a79a5964ffaf52a8e6071c516d920ea2c11086"",""morph-l2"":""0x7e859bdaef30e1c249eadfc42a8d94b6a55443d9""}",18
anglogold-ashanti-rstock,RAU,AngloGold Ashanti Tokenized Stock (Reality),anglogold-ashanti-rstock,anglogold-ashanti-rstockJEI.png,4.7458,"{""arbitrum-one"":""0x7fd1c7a6eaae4744cc5599b6c966cfec9f6435cc"",""morph-l2"":""0x2933709f1aa9300ca3c02a36679cf01516177f41""}",18
lowe-s-ondo-tokenized,LOWON,Lowe's (Ondo Tokenized),lowe-s-ondo-tokenized,lowe-s-ondo-tokenizedEdB.png,2.4148,"{""ethereum"":""0x84328d8b85019fdcecf4c82fbe076bf350fc0cab"",""binance_smart"":""0x2ec46eed30c94caa5979e6a0395abe824138335f"",""solana"":""edLdFJVVR532qhcrNTJjLAmhmyV7NsctbWVokMBondo""}",18
fair-isaac-corporation-rstock,RFICO,Fair Isaac Tokenized Stock (Reality),fair-isaac-corporation-rstock,fair-isaac-corporation-rstockSQ1.png,4.8206,"{""arbitrum-one"":""0xc619db8e2f8fc787c3ea73d283e0987304d6b251""}",18
harmonic-ondo-tokenized,HLITON,Harmonic (Ondo Tokenized),harmonic-ondo-tokenized,harmonic-ondo-tokenized57x.png,41.7031,"{""ethereum"":""0xa4daa3f53405bea3b1e5701b6db2ddc0efc4c8b2"",""binance_smart"":""0xff6f45b2d761cde4dab7f5d7a1a5f691f52f3bc3"",""solana"":""o3pnLke4uti6hY3LTfb2wVBpHeWG7znjJHj6VXtondo""}",18
monday-com-rstock,RMNDY,monday.com Tokenized Stock (Reality),monday-com-rstock,monday-com-rstockM2W.png,7.8464,"{""arbitrum-one"":""0x08e0f51fe43b9b90451d1d76497fe09bd98ee16d"",""morph-l2"":""0x8d14c4cd53359c38b43438daa9a10a6a1fb754f7""}",18
seagate-technology-astock,ASTX,Seagate Technology aStock,seagate-technology-astock,seagate-technology-astockyND.png,0.54081237,"{""arbitrum-one"":""0xc060d393df9ca0e96fb5434ff3223c085c4b2e2a"",""monad"":""0xc060d393df9ca0e96fb5434ff3223c085c4b2e2a"",""ethereum"":""0xc060d393df9ca0e96fb5434ff3223c085c4b2e2a"",""base"":""0xc060d393df9ca0e96fb5434ff3223c085c4b2e2a"",""robinhood"":""0xc060d393df9ca0e96fb5434ff3223c085c4b2e2a"",""binance_smart"":""0xc060d393df9ca0e96fb5434ff3223c085c4b2e2a""}",18
fishing-verse,FSV,Fishing Verse,fishing-verse,fishing-verseCRf.png,1000000000,"{""binance_smart"":""0xbaf8ac7aacabbca50d77b2f215fb66c110213296""}",18
steakhouse-usdm-base-morpho-vault,STEAKUSDM,Steakhouse USDM (Base) Morpho Vault,steakhouse-usdm-base-morpho-vault,steakhouse-usdm-base-morpho-vaultf6I.png,403.5289,"{""base"":""0xbeef03f0bf3cb2e348393008a826538aadd7d183""}",18
western-digital-astock,AWDC,Western Digital aStock,western-digital-astock,western-digital-astockTTu.png,1.0759,"{""arbitrum-one"":""0x49e30f2d4a1b9a1766f0675adaf04f70681fbb63"",""monad"":""0x49e30f2d4a1b9a1766f0675adaf04f70681fbb63"",""ethereum"":""0x49e30f2d4a1b9a1766f0675adaf04f70681fbb63"",""base"":""0x49e30f2d4a1b9a1766f0675adaf04f70681fbb63"",""robinhood"":""0x49e30f2d4a1b9a1766f0675adaf04f70681fbb63"",""binance_smart"":""0x49e30f2d4a1b9a1766f0675adaf04f70681fbb63""}",18
cvs-health-rstock,RCVS,CVS Health Tokenized Stock (Reality),cvs-health-rstock,cvs-health-rstock7Rl.png,5.499,"{""arbitrum-one"":""0xa244ff83346f3336b442854526e41abd2b3332b5"",""morph-l2"":""0x055f9f1603a4d22b241f034a4418c97e2667a08e""}",18
alpha-and-omega-semiconductor-ondo-tokenized,AOSLON,Alpha and Omega Semiconductor (Ondo Tokenized),alpha-and-omega-semiconductor-ondo-tokenized,alpha-and-omega-semiconductor-ondo-tokenizedm2j.png,14.7054,"{""ethereum"":""0x55025c1e2acfe5a7092cf32f7a4f351a9fd21e1c"",""binance_smart"":""0x55b8cc618c4209a97250dff926d3d708814d36aa"",""solana"":""b98FynyBEkdhP4Y3QUvKG36nms4oMsxEZUrCBMvondo""}",18
fidelity-solana-fund-ondo-tokenized,FSOLON,Fidelity Solana Fund (Ondo Tokenized),fidelity-solana-fund-ondo-tokenized,fidelity-solana-fund-ondo-tokenizedIAR.png,31.3063,"{""ethereum"":""0x224b381cfae8ccaf2e4d32d827467c2331ce04be"",""binance_smart"":""0x54b92fd77229269ff6484942c123cca72f2d6fec"",""solana"":""BJhPr9SM7uZTZXHeSLYmUk7CjGQq1esFkVxPF5tondo""}",18
gemini-space-station-dinari-tokenized-stock,GEMI,Gemini Space Station (Dinari Tokenized Stock),gemini-space-station-dinari-tokenized-stock,gemini-space-station-dinari-tokenized-stockh5Z.png,98.7003,"{""ethereum"":""0xb6d5d730f447bf4cccb7894b67e2140acf9f35c7"",""base"":""0xb6d5d730f447bf4cccb7894b67e2140acf9f35c7"",""arbitrum-one"":""0xf0741fd7d7b55fdaf2cdcde5e13d09e2d1f18487"",""avalanche"":""0xb6d5d730f447bf4cccb7894b67e2140acf9f35c7""}",18
coinshares-bitcoin-etf-common-of-beneficial-interest-dinari-tokenized-etf,BRRR,Coinshares Bitcoin ETF Common of Beneficial Interest (Dinari Tokenized ETF),coinshares-bitcoin-etf-common-of-beneficial-interest-dinari-tokenized-etf,coinshares-bitcoin-etf-common-of-beneficial-interest-dinari-tokenized-etfcoG.png,20.2927,"{""ethereum"":""0xf12a38e6e51913ea04d70dba97d7420a13fd7941"",""base"":""0xc3c1bb150e48ca764fa9428339b63b21376fcafa"",""arbitrum-one"":""0x2b7c643b42409f352b936bf07e0538ba20979bff"",""avalanche"":""0xfaf72ac0e7cf6fa9f6c85c366f3943ad974472e2""}",18
wrapped-aave-gnosis-gno,WAGNOGNO,Wrapped Aave Gnosis GNO,wrapped-aave-gnosis-gno,wrapped-aave-gnosis-gno893.png,3.8622,"{""xdai"":""0x7c16f0185a26db0ae7a9377f23bc18ea7ce5d644""}",18
bit-digital-dinari-tokenized-stock,BTBT,Bit Digital (Dinari Tokenized Stock),bit-digital-dinari-tokenized-stock,bit-digital-dinari-tokenized-stock08f.png,252.0608,"{""ethereum"":""0xaaded2b650b542212df90baabb784435d9fcb1ae"",""base"":""0xaaded2b650b542212df90baabb784435d9fcb1ae"",""arbitrum-one"":""0xaaded2b650b542212df90baabb784435d9fcb1ae"",""avalanche"":""0xaaded2b650b542212df90baabb784435d9fcb1ae""}",18
bunge-rstock,RBG,Bunge Tokenized Stock (Reality),bunge-rstock,bunge-rstockmIc.png,22.6055,"{""arbitrum-one"":""0x7bc7cb9aa85e149be291e5787dede297af45125f""}",18
guardant-health-inc-rstock,RGH,Guardant Health Tokenized Stock (Reality),guardant-health-inc-rstock,guardant-health-inc-rstockQZo.png,2.4523,"{""arbitrum-one"":""0xed29c8f2430051905dbeb8538518048751c534e9"",""morph-l2"":""0xcdc4c2edcaebdcbc7ea55b550c5ca7b4d0043c15""}",18
degen-usdc,DEGENUSDC,Degen USDC,degen-usdc,degen-usdcc6Z.png,413,"{""base"":""0xdb90a4e973b7663ce0ccc32b6fbd37ffb19bfa83""}",18
shopify-dinari-tokenized-stock,SHOP,Shopify (Dinari Tokenized Stock),shopify-dinari-tokenized-stock,shopify-dinari-tokenized-stockUx3.png,2.9484,"{""ethereum"":""0x63d4b201e966a50086273b72464ae3e1faf6defc"",""base"":""0x471630dfda7582a200e0c5c990236c351bee4978"",""arbitrum-one"":""0x60596ff9ffb4c25d9fe78ff0361c41e5e3b2fd6b"",""avalanche"":""0x63d4b201e966a50086273b72464ae3e1faf6defc""}",18
veeva-systems-rstock,RVEEV,Veeva Systems Tokenized Stock (Reality),veeva-systems-rstock,veeva-systems-rstockkqG.png,1.4892,"{""arbitrum-one"":""0xb075458c0a3175cdd9982c938bc0fbb932afd0c7"",""morph-l2"":""0xc315945601c0f9066243f85181e28fe83cf77f4e""}",18
ebay-rstock,REBAY,eBay Tokenized Stock (Reality),ebay-rstock,ebay-rstockemk.png,3.9167,"{""arbitrum-one"":""0xdbdf2332ea27103ac019dd250a2c671826a0a9c6"",""morph-l2"":""0x2a9dd35f84e4334c37b4a9d66a87a66b67949eb3""}",18
nxp-semiconductors-rstock,RNXPI,NXP Semiconductors Tokenized Stock (Reality),nxp-semiconductors-rstock,nxp-semiconductors-rstockR7v.png,1.6716,"{""arbitrum-one"":""0x3500eb7ab0cb52e21ec124d12c4a121c63b604ad"",""morph-l2"":""0xf34d1f50373e09c730ba5d834eb3db0db3c08349""}",18
novartis-ag-rstock,RNVS,Novartis AG Tokenized Stock (Reality),novartis-ag-rstock,novartis-ag-rstockgG5.png,2.86,"{""arbitrum-one"":""0xb8f48aaa76fb43976e6eaafafa4a40c3b6b2b3c2"",""morph-l2"":""0xb143d734517983d948f1a44e5aad0c9de03a5a17""}",18
amprius-technologies-rstock,RAMPX,Amprius Technologies Tokenized Stock (Reality),amprius-technologies-rstock,amprius-technologies-rstockOhN.png,41.7888,"{""arbitrum-one"":""0xaf358f1d2cdc4d743c1d1dfa240a2ea3e00ff903""}",18
global-x-robotics-ai-astock,ABOTZ,Global X Robotics & AI aStock,global-x-robotics-ai-astock,global-x-robotics-ai-astock8kH.png,11.2163,"{""arbitrum-one"":""0xfd8ae3a6e660efdfce2ae9bdcdcb81c9a959a846"",""monad"":""0xfd8ae3a6e660efdfce2ae9bdcdcb81c9a959a846"",""ethereum"":""0xfd8ae3a6e660efdfce2ae9bdcdcb81c9a959a846"",""base"":""0xfd8ae3a6e660efdfce2ae9bdcdcb81c9a959a846"",""robinhood"":""0xfd8ae3a6e660efdfce2ae9bdcdcb81c9a959a846"",""binance_smart"":""0xfd8ae3a6e660efdfce2ae9bdcdcb81c9a959a846""}",18
chubb-ltd-rstock,RCB,Chubb Ltd Tokenized Stock (Reality),chubb-ltd-rstock,chubb-ltd-rstockMdt.png,1.2169,"{""arbitrum-one"":""0xb36ae5ebc56c1813d315087ea989595f716b190b"",""morph-l2"":""0x713f83117e09c3a142e47ed05ddd4961ad9bdb6a""}",18
ab-ultra-short-income-etf-ondo-tokenized,YEARON,AB Ultra Short Income ETF (Ondo Tokenized),ab-ultra-short-income-etf-ondo-tokenized,ab-ultra-short-income-etf-ondo-tokenizedTdo.png,7.9869,"{""ethereum"":""0x5f24dd5ddb74bfe2bfe592ad91dba09347031afd"",""binance_smart"":""0x4277d20430e901092e259ba9cf7164c37077aaf1"",""solana"":""wxPFbh4dVrTWPGHHbVVeTHH7GK2uQwnTm5C8X3Fondo""}",18
instadapp-dai,IDAI,Instadapp DAI,instadapp-dai,instadapp-daiIFS.png,346.6454,"{""ethereum"":""0x40a9d39aa50871df092538c5999b107f34409061""}",18
extreme-networks-ondo-tokenized,EXTRON,Extreme Networks (Ondo Tokenized),extreme-networks-ondo-tokenized,extreme-networks-ondo-tokenizedEXz.png,17.2284,"{""ethereum"":""0x04c8381e17b6a9245abbf2e62c544eaee4030d1b"",""binance_smart"":""0x1eada1306df72a5607827416c1a1307d7056dfff"",""solana"":""js1cCZRNx8ircYiQJuhBNMnsA9owr6ZLYx6z2uNondo""}",18
global-trust-coin,GTC,Global Trust Coin,global-trust-coin,global-trust-coinw2X.png,100000000100,"{""ethereum"":""0xe138fda441fc31b36171122397a8a11d6cd2c479"",""binance_smart"":""0x6cd871fb811224aa23b6bf1646177cdfe5106416""}",18
vaneck-semiconductor-astock,ASMH,VanEck Semiconductor aStock,vaneck-semiconductor-astock,vaneck-semiconductor-astockn0G.png,0.6144454,"{""arbitrum-one"":""0x74110fb3858d91418227007851362672514925ef"",""monad"":""0x74110fb3858d91418227007851362672514925ef"",""ethereum"":""0x74110fb3858d91418227007851362672514925ef"",""base"":""0x74110fb3858d91418227007851362672514925ef"",""robinhood"":""0x74110fb3858d91418227007851362672514925ef"",""binance_smart"":""0x74110fb3858d91418227007851362672514925ef""}",18
spotify-technology-dinari-tokenized-stock,SPOT,Spotify Technology (Dinari Tokenized Stock),spotify-technology-dinari-tokenized-stock,spotify-technology-dinari-tokenized-stock0eQ.png,0.81114016,"{""ethereum"":""0xf371a7aa27d0b6397d586377c4efffdfb7ecc864"",""base"":""0xd2c4df1294ba82d43352de3eca4f97cc7261e84d"",""arbitrum-one"":""0x2c092053f4db5d364d8809863edbd6153e5a439b"",""avalanche"":""0xf371a7aa27d0b6397d586377c4efffdfb7ecc864""}",18
jabil-rstock,RJBL,Jabil Tokenized Stock (Reality),jabil-rstock,jabil-rstockO6c.png,11.1591,"{""arbitrum-one"":""0x3a94c302634e67ba833e819ebb2b264a8073969b""}",18
constellation-brands-rstock,RSTZ,Constellation Brands Tokenized Stock (Reality),constellation-brands-rstock,constellation-brands-rstockxnJ.png,3.6421,"{""arbitrum-one"":""0x2e2cc8e3525bb2f93343b4c6fa08b64d8816cbcb""}",18
project-with,WIKEN,Project WITH,project-with,project-with4lT.png,1057574353,"{""ethereum"":""0xb7e77aebbe0687d2eff24cc90c41a3b6ea74bdab"",""klay-token"":""0x275f942985503d8ce9558f8377cc526a3aba3566""}",18
generac-holdings-ondo-tokenized,GNRCON,Generac Holdings (Ondo Tokenized),generac-holdings-ondo-tokenized,generac-holdings-ondo-tokenizedM3T.png,1.7818,"{""ethereum"":""0xd120f60fec8189ed4a2346e10107b0f1f61354cb"",""binance_smart"":""0x237c9f794edaaa0071cdf64a41c25eb76771754b"",""solana"":""eqzwohR9oCR6sravF4y5HyUwyvCDbnfSYqiiFrXondo""}",18
c-h-robinson-worldwide-rstock,RCHRW,C.H. Robinson Worldwide Tokenized Stock (Reality),c-h-robinson-worldwide-rstock,c-h-robinson-worldwide-rstockVZ2.png,2.3578,"{""arbitrum-one"":""0x7c5438b5dbf2f6a291ec7df423485ceab44840e9""}",18
dell-technologies-astock,ADELL,Dell Technologies aStock,dell-technologies-astock,dell-technologies-astockUUE.png,0.65991327,"{""arbitrum-one"":""0x87db2ceac8b2321443d0bfef67340096867c91ba"",""monad"":""0x87db2ceac8b2321443d0bfef67340096867c91ba"",""ethereum"":""0x87db2ceac8b2321443d0bfef67340096867c91ba"",""base"":""0x87db2ceac8b2321443d0bfef67340096867c91ba"",""robinhood"":""0x87db2ceac8b2321443d0bfef67340096867c91ba"",""binance_smart"":""0x87db2ceac8b2321443d0bfef67340096867c91ba""}",18
mondelez-international-rstock,RMDLZ,Mondelez International Tokenized Stock (Reality),mondelez-international-rstock,mondelez-international-rstock4WC.png,6.3696,"{""arbitrum-one"":""0x5442690a1a3e7571f8f702b6860fbdcb22733fb1"",""morph-l2"":""0xe094dfd5e1850a31b00e4ec58f48ca84e2440882""}",18
goldman-sachs-bdc-dinari-tokenized-stock,GSBD,Goldman Sachs BDC (Dinari Tokenized Stock),goldman-sachs-bdc-dinari-tokenized-stock,goldman-sachs-bdc-dinari-tokenized-stock1OP.png,39.7832,"{""ethereum"":""0x83cbda1ee1153e8ba5b7ef9d59235b8bf2e7e349"",""base"":""0x466fcda954f79258691a2912e508570f10294100"",""arbitrum-one"":""0x780325f2bf21701096257f54eebfc7360839480b"",""avalanche"":""0x83cbda1ee1153e8ba5b7ef9d59235b8bf2e7e349""}",18
bristol-myers-squibb-rstock,RBMY,Bristol-Myers Squibb Tokenized Stock (Reality),bristol-myers-squibb-rstock,bristol-myers-squibb-rstock1QW.png,5.8477,"{""arbitrum-one"":""0x13168ffcedc4d71d4668b7b1665713e446324c8e"",""morph-l2"":""0xa49a51bb080f0e2abc0d07baaa67558f8add5d96""}",18
defiance-quantum-astock,AQTUM,Defiance Quantum aStock,defiance-quantum-astock,defiance-quantum-astockvlU.png,2.3203,"{""arbitrum-one"":""0x472a83495b50ce62b124cabfef7a7c0db067c1e7"",""monad"":""0x472a83495b50ce62b124cabfef7a7c0db067c1e7"",""ethereum"":""0x472a83495b50ce62b124cabfef7a7c0db067c1e7"",""base"":""0x472a83495b50ce62b124cabfef7a7c0db067c1e7"",""robinhood"":""0x472a83495b50ce62b124cabfef7a7c0db067c1e7"",""binance_smart"":""0x472a83495b50ce62b124cabfef7a7c0db067c1e7""}",18
ishares-u-s-aerospace-defense-etf-dinari-tokenized-etf,ITA,iShares U.S. Aerospace & Defense ETF (Dinari Tokenized ETF),ishares-u-s-aerospace-defense-etf-dinari-tokenized-etf,ishares-u-s-aerospace-defense-etf-dinari-tokenized-etfWrP.png,1.6587,"{""ethereum"":""0x993d9ca16686746fef44e320e7f091578710cd18"",""base"":""0x116b3ad9ba8f4e6fb83a5bcad8ba2e97114f9568"",""arbitrum-one"":""0xf1f313acc8c65dc2e7eebeb166c7c30be634eb38"",""avalanche"":""0x4281aee5e40bf4275c8af50094568dac37abaa02""}",18
scorpio-tankers-ondo-tokenized,STNGON,Scorpio Tankers (Ondo Tokenized),scorpio-tankers-ondo-tokenized,scorpio-tankers-ondo-tokenizedYp5.png,4.2014,"{""ethereum"":""0xf25a149151033fcfaf069c1d007c3c2d2429be8e"",""binance_smart"":""0x4b1c9087a6fe265a36fbf2c591b0986fe1115f50"",""solana"":""mFyszXnJf8BFR8H4o33pCZS1T36BH9LjtG3gTpdondo""}",18
cameco-astock,ACCJ,Cameco aStock,cameco-astock,cameco-astockZs7.png,4.1967,"{""arbitrum-one"":""0xdaba319970c3502e152088e45e5a803e78cf51d8"",""monad"":""0xdaba319970c3502e152088e45e5a803e78cf51d8"",""ethereum"":""0xdaba319970c3502e152088e45e5a803e78cf51d8"",""base"":""0xdaba319970c3502e152088e45e5a803e78cf51d8"",""robinhood"":""0xdaba319970c3502e152088e45e5a803e78cf51d8"",""binance_smart"":""0xdaba319970c3502e152088e45e5a803e78cf51d8""}",18
ciena-astock,ACIEN,Ciena aStock,ciena-astock,ciena-astock6M1.png,0.89216538,"{""arbitrum-one"":""0xd90007e68aa0557e3e9fbf17140d00611dc793ec"",""monad"":""0xd90007e68aa0557e3e9fbf17140d00611dc793ec"",""ethereum"":""0xd90007e68aa0557e3e9fbf17140d00611dc793ec"",""base"":""0xd90007e68aa0557e3e9fbf17140d00611dc793ec"",""robinhood"":""0xd90007e68aa0557e3e9fbf17140d00611dc793ec"",""binance_smart"":""0xd90007e68aa0557e3e9fbf17140d00611dc793ec""}",18
cbre-group-rstock,RCBRE,CBRE Tokenized Stock (Reality),cbre-group-rstock,cbre-group-rstockT7B.png,2.6769,"{""arbitrum-one"":""0x4ecdfdcc726a6262b3ff303d94af70415ecb98c6""}",18
etherfuse-eurob,EUROB,Etherfuse EUROB,etherfuse-eurob,etherfuse-eurobbgk.png,335.4991,"{""solana"":""EuroszHk1AL7fHBBsxgeGHsamUqwBpb26oEyt9BcfZ6G""}",18
fidelity-national-information-services-rstock,RFIS,Fidelity National Information Services Tokenized Stock (Reality),fidelity-national-information-services-rstock,fidelity-national-information-services-rstockTHx.png,111.8923,"{""arbitrum-one"":""0xe7422d75cbb35f44ae86ab3e4b88b8bfa0a8a3ea""}",18
kopin-ondo-tokenized,KOPNON,Kopin (Ondo Tokenized),kopin-ondo-tokenized,kopin-ondo-tokenizedRvi.png,69.6293,"{""ethereum"":""0xd569ff7f1560f71874bc52d4728fb2921e3dce05"",""binance_smart"":""0xed5615c5280e897241b9e4f019562a581cd49390"",""solana"":""eSu547weHVErV8nax42PyJzPT8JodhBfXLDp5vyondo""}",18
block-dinari-tokenized-stock,XYZ,Block (Dinari Tokenized Stock),block-dinari-tokenized-stock,block-dinari-tokenized-stock7cy.png,4.286,"{""ethereum"":""0x9e6dbde4211e6853b33b8bcd5ce82144997c63ba"",""base"":""0xd5eab2d9e01442bfca720f6f15451555dd003f40"",""arbitrum-one"":""0xd883bcf80b2b085fa40cc3e2416b4ab1cbca649e"",""avalanche"":""0x687848229f39158dbe607179c98301500683bc99""}",18
rigetti-computing-astock,ARGTI,Rigetti Computing aStock,rigetti-computing-astock,rigetti-computing-astockhg4.png,21.4741,"{""arbitrum-one"":""0xc3b236fb3cd15e3d996f3b49c0ee034bc18accf9"",""monad"":""0xc3b236fb3cd15e3d996f3b49c0ee034bc18accf9"",""ethereum"":""0xc3b236fb3cd15e3d996f3b49c0ee034bc18accf9"",""base"":""0xc3b236fb3cd15e3d996f3b49c0ee034bc18accf9"",""robinhood"":""0xc3b236fb3cd15e3d996f3b49c0ee034bc18accf9"",""binance_smart"":""0xc3b236fb3cd15e3d996f3b49c0ee034bc18accf9""}",18
southwest-airlines-rstock,RLUV,Southwest Airlines Tokenized Stock (Reality),southwest-airlines-rstock,southwest-airlines-rstockaxg.png,8,"{""arbitrum-one"":""0x56dd37f9fcce2494d1aadcbe48d99191b3a66b2a""}",18
ishares-high-yield-active-etf-ondo-tokenized,BRHYON,iShares High Yield Active ETF (Ondo Tokenized),ishares-high-yield-active-etf-ondo-tokenized,ishares-high-yield-active-etf-ondo-tokenizedmNm.png,6.4851,"{""ethereum"":""0xaeb2c4f3540a162045cc3bd82d367ac38c2f4da6"",""binance_smart"":""0x6860a2f969a8133a23421ddce21397995139d7e8"",""solana"":""fznj92AnTcQ6mAFvt68JgLJS5pHag5uPmJ7LmSLondo""}",18
okeanis-eco-tankers-ondo-tokenized,ECOON,Okeanis Eco Tankers (Ondo Tokenized),okeanis-eco-tankers-ondo-tokenized,okeanis-eco-tankers-ondo-tokenizedvml.png,3.9186,"{""ethereum"":""0xd081b43e3c334b1a101981efc1d98f1e82df076e"",""binance_smart"":""0x660ab35be0f102a1d4d4b60a96ac3abfd345e038"",""solana"":""mnYetf4bWKX8HihNk1XLNYj8BPPy9PdkDFPV97Zondo""}",18
morpho-mai,MMAI,Morpho MAI,morpho-mai,morpho-maiKXP.png,311.5962,"{""base"":""0x30b8a2c8e7fa41e77b54b8faf45c610e7ad909e3""}",18
opera-ondo-tokenized,OPRAON,Opera (Ondo Tokenized),opera-ondo-tokenized,opera-ondo-tokenized1AA.png,17.1632,"{""ethereum"":""0xb40afd1d55ea61fc1a6fbe093b817b673c8e78d7"",""binance_smart"":""0x88672043905bdd272df55a5a7bb1b7e1e693cbc5"",""solana"":""gbHFTMkuMQUy5xrgoCBdaQ2XYvNyjWAYcnRPh9Condo""}",18
netapp-rstock,RNTAP,NetApp Tokenized Stock (Reality),netapp-rstock,netapp-rstockh9J.png,2.1433,"{""arbitrum-one"":""0x9cfca4c22830c4b9a166b688253973969ee43d59"",""morph-l2"":""0xcffcf2f5e7528874b45a4c6d0699b7d43f7ce391""}",18
pinterest-rstock,RPINS,Pinterest Tokenized Stock (Reality),pinterest-rstock,pinterest-rstockiTH.png,15.7426,"{""arbitrum-one"":""0xa3e516462143a8422fc626a61d3baa71e4b07808"",""morph-l2"":""0x15d6bed5dfa2dd2b391e1c32a1b064f14b260a87""}",18
greyhunt,HUNT,Greyhunt,greyhunt,greyhuntQO3.png,100000000,"{""base"":""0x0981209bd6a8b2439271156f73c1a7722f1c1347""}",18
woodward-rstock,RWWD,Woodward Tokenized Stock (Reality),woodward-rstock,woodward-rstockkNG.png,0.9465,"{""arbitrum-one"":""0xeb240ec2ee1c90cea22f6c1225cd8d62061e7b61""}",18
general-dynamics-rstock,RGD,General Dynamics Tokenized Stock (Reality),general-dynamics-rstock,general-dynamics-rstocksiH.png,0.86443452,"{""arbitrum-one"":""0x1bb46415b64a967802f61e72b6c91ca760d826fb"",""morph-l2"":""0xbea1e539a282ce135eb4e556028686e9b150f500""}",18
token-teknoloji-a-s-ons-silver,ONSS,Token Teknoloji A.Ş. ONS Silver,token-teknoloji-a-s-ons-silver,token-teknoloji-a-s-ons-silveryhQ.png,5,,
franklin-responsibly-sourced-gold-etf-rstock,RFGDL,Franklin Responsibly Sourced Gold ETF Tokenized Stock (Reality),franklin-responsibly-sourced-gold-etf-rstock,franklin-responsibly-sourced-gold-etf-rstockpT3.png,5.2555,"{""arbitrum-one"":""0x8ccddbe27b53adb75fe7490704ab3597036b3415"",""morph-l2"":""0x6e0f3a6daafa924ba995d2d7106d422eec6cadc4""}",18
wrapped-zenbtc,ZENBTC,Zenrock BTC,wrapped-zenbtc,wrapped-zenbtc8sH.png,29.7793,"{""solana"":""9hX59xHHnaZXLU6quvm5uGY2iDiT3jczaReHy6A6TYKw""}",18
galaxy-digital-dinari-tokenized-stock,GLXY,Galaxy Digital (Dinari Tokenized Stock),galaxy-digital-dinari-tokenized-stock,galaxy-digital-dinari-tokenized-stockm1Z.png,12.5854,"{""ethereum"":""0x174bd9752d7e444307fe1b40e731b94fa062a310"",""base"":""0x7b9323d68aaf7bd01748287badedc029db1ba628"",""arbitrum-one"":""0x299703a669b747ee27da0d941854a8c10e79f304"",""avalanche"":""0xe12712ec991dd6beb17c0e540c5634c9254fd81e""}",18
teekay-tankers-ondo-tokenized,TNKON,Teekay Tankers (Ondo Tokenized),teekay-tankers-ondo-tokenized,teekay-tankers-ondo-tokenizedNwr.png,3.0289,"{""ethereum"":""0x90c06bccb5bd20c5a84cbd59a43aa22ca96e588d"",""binance_smart"":""0x2bbf5ab85f9ceb595dd785db15cc9f2931c6ea64"",""solana"":""mPAqB3y5N7fWmEh1BoVtrLhZKBkQe7LjBCrYUNbondo""}",18
trane-technologies-ondo-tokenized,TTON,Trane Technologies (Ondo Tokenized),trane-technologies-ondo-tokenized,trane-technologies-ondo-tokenizedh5h.png,0.62207307,"{""ethereum"":""0x26e78f7170d8cc3bd3865d37ce4c554b65b1c9ba"",""binance_smart"":""0x0afa28a7ac4e44b1f771515c200f4d67b1f5e8d0"",""solana"":""erp2t2My8UoFgyRt39EmnnSiDUwUM5aNKw5piBKondo""}",18
west-pharmaceutical-services-inc-rstock,RWST,West Pharmaceutical Services Tokenized Stock (Reality),west-pharmaceutical-services-inc-rstock,west-pharmaceutical-services-inc-rstock4sZ.png,0.77492494,"{""arbitrum-one"":""0x402323282646e3e504807d4937fa7ecdd48d1734"",""morph-l2"":""0x249345cf255b63b06b99c9fadf02d12f01f4afac""}",18
akamai-rstock,RAKAM,Akamai Technologies Tokenized Stock (Reality),akamai-rstock,akamai-rstock8qV.png,2.6411,"{""arbitrum-one"":""0x5f0cd815b954d6edf2141cecb13dbe9c0ccf7ffc""}",18
echostar-corporation-rstock,RECHO,EchoStar Tokenized Stock (Reality),echostar-corporation-rstock,echostar-corporation-rstock55g.png,3.0029,"{""arbitrum-one"":""0x17995f023fd1af1697fb7d045af23ce24477f78e""}",18
project-merlin,MRLN,Project Merlin,project-merlin,project-merliniPU.png,10000000000,"{""binance_smart"":""0x79be2b20389a869476d183b1f42b9950eaf457d8"",""arbitrum-one"":""0x0b3547cd0e14e7d42f8921b0c370fdfd708bff6c""}",18
kyivstar-group-dinari-tokenized-stock,KYIV,Kyivstar Group (Dinari Tokenized Stock),kyivstar-group-dinari-tokenized-stock,kyivstar-group-dinari-tokenized-stock0Xf.png,20.8815,"{""ethereum"":""0x19355ac3c7e52f6def6dc76e4aeb8f94b0550a46"",""base"":""0x8c34cbad326298bf7c1ec546da532cd84e4f37e8"",""arbitrum-one"":""0xb9e3d1f27fe7992315aa25021404f1e2bd4100a1"",""avalanche"":""0xc44b1bfab656eaf5e6e6ff779d0d0837ea1f55ea""}",18
twilio-rstock,RTWLO,Twilio Tokenized Stock (Reality),twilio-rstock,twilio-rstockQ9g.png,0.92767197,"{""arbitrum-one"":""0x71308ce20489b364aa3031091c00bc419857f1ce""}",18
massa-bridged-weth-b-massa,WETH.B,Massa Bridged WETH.b (Massa),massa-bridged-weth-b-massa,massa-bridged-weth-b-massaD8k.png,0.09707235,"{""massa"":""AS125oPLYRTtfVjpWisPZVTLjBhCFfQ1jDsi75XNtRm1NZux54eCj""}",18
skyworks-solutions-ondo-tokenized,SWKSON,Skyworks Solutions (Ondo Tokenized),skyworks-solutions-ondo-tokenized,skyworks-solutions-ondo-tokenizedzA9.png,2.8346,"{""ethereum"":""0xc15f11599828b0afb0c071994679ef9e685f9e2e"",""binance_smart"":""0x7bd821eaad82cb92c1ea64dac1f3bb2e787e959a"",""solana"":""iJtKb1CWnWdgJhs7HgSZvLmSJABGGMc97QeuG7tondo""}",18
blackstone-secured-lending-fund-dinari-tokenized-stock,BXSL,Blackstone Secured Lending Fund (Dinari Tokenized Stock),blackstone-secured-lending-fund-dinari-tokenized-stock,blackstone-secured-lending-fund-dinari-tokenized-stockYYR.png,10.5015,"{""ethereum"":""0x7b009aa94261777347bd4677d2304ce0453f8e00"",""base"":""0xb96c664e124f5e5716b6e72af6167b2f5bdbf03e"",""arbitrum-one"":""0x40ef49cb09a4bb5a4fd946971dba1aa0ba35de0e"",""avalanche"":""0x7b009aa94261777347bd4677d2304ce0453f8e00""}",18
JDt9rRGaieF6aN1cJkXFeUmsy7ZE4yY3CZb8tVMXVroS_solana,ZENZEC,zenZEC,wrapped-zenzec,JDt9rRGaieF6aN1cJkXFeUmsy7ZE4yY3CZb8tVMXVroS_solana4YE.png,494.5144,"{""solana"":""JDt9rRGaieF6aN1cJkXFeUmsy7ZE4yY3CZb8tVMXVroS""}",18
fox-corporation-class-a-rstock,RFOXA,Fox Corporation (Class A) Tokenized Stock (Reality),fox-corporation-class-a-rstock,fox-corporation-class-a-rstock4d8.png,3.84,"{""arbitrum-one"":""0xfb55f7d0a589174e67356ecc8e082aff3a4fb294"",""morph-l2"":""0x99ea8b045d1af633881dcec0430cfa5454bffc44""}",18
carnival-rstock,RCCL,Carnival Corporation Tokenized Stock (Reality),carnival-rstock,carnival-rstockKJM.png,58.3278,"{""arbitrum-one"":""0x7cfbf6394c0243a92ba4a9d712ea4a77d5a423be""}",18
kurobi,KURO,Kurobi,kurobi,kurobiu4g.png,400000000,"{""solana"":""2Kc38rfQ49DFaKHQaWbijkE7fcymUMLY5guUiUsDmFfn""}",18
ppl-corporation-rstock,RPPL,PPL Tokenized Stock (Reality),ppl-corporation-rstock,ppl-corporation-rstockVKQ.png,7,"{""arbitrum-one"":""0x866c480d25f8320d95ba1eb013f93d0542e490e3""}",18
ishares-defense-industrials-active-etf-ondo-tokenized,IDEFON,iShares Defense Industrials Active ETF (Ondo Tokenized),ishares-defense-industrials-active-etf-ondo-tokenized,ishares-defense-industrials-active-etf-ondo-tokenizedKIm.png,7.2819,"{""ethereum"":""0x927db66cd5b55e9df22d1d2207fbf059915240bb"",""binance_smart"":""0x5fb339393773414039295ea97a92614fed85d556"",""solana"":""th3tot4SRq6jgEyJ568NEh42MM82RSJ3NkiWeNzondo""}",18
direxion-daily-s-p-biotech-bear-3x-shares-etf-rstock,RLABD,Direxion Daily S&P Biotech Bear 3x Shares ETF Tokenized Stock (Reality),direxion-daily-s-p-biotech-bear-3x-shares-etf-rstock,direxion-daily-s-p-biotech-bear-3x-shares-etf-rstockbcG.png,725.2801,"{""arbitrum-one"":""0x3bbbb2af376b878af37faddff988bf411d24112a"",""morph-l2"":""0x5fe383c6c0e68d8ad767d5e7a47b13352f3a0955""}",18
pan-american-silver-corp-rstock,RPAAS,Pan American Silver Corp. Tokenized Stock (Reality),pan-american-silver-corp-rstock,pan-american-silver-corp-rstockQkD.png,808.2565,"{""arbitrum-one"":""0x145df5514ee4a024e64075248a7f393069a9bebb"",""morph-l2"":""0x2f2038e8e7a1f1cfecc43d002c7f0d493392feff""}",18
warner-bros-discovery-dinari-tokenized-stock,WBD,Warner Bros Discovery (Dinari Tokenized Stock),warner-bros-discovery-dinari-tokenized-stock,warner-bros-discovery-dinari-tokenized-stockQLj.png,8.4875,"{""ethereum"":""0x5a1a7a8b26c1c236fc6f70728272f83385507945"",""base"":""0x64075ba579b7372c298767f66f05feb9fe043707"",""arbitrum-one"":""0xbc0e16313922d1035a9874d14a6c9c98bf9c5c02"",""avalanche"":""0x5a1a7a8b26c1c236fc6f70728272f83385507945""}",18
ishares-msci-eafe-value-etf-ondo-tokenized,EFVON,iShares MSCI EAFE Value ETF (Ondo Tokenized),ishares-msci-eafe-value-etf-ondo-tokenized,ishares-msci-eafe-value-etf-ondo-tokenizedXTd.png,2.8284,"{""ethereum"":""0x1252c5fa0a4031f6843d5cf8d4986ba99a8a9b42"",""binance_smart"":""0x40375e3dd70232eaf264706e5662b90a079e3d31"",""solana"":""uzQx2MnWr7drR5gdNXssJrFKQkLFSdw4EpfaQ5Nondo""}",18
0xb5fe77d323d69eb352a02006ea8ecc38d882620c_hyperevm,KEI,KEI Stablecoin,kei-stablecoin,kei-stablecoinbMz.png,362288,"{""hyperevm"":""0xb5fe77d323d69eb352a02006ea8ecc38d882620c""}",18
l3harris-technologies-rstock,RLHX,L3Harris Technologies Tokenized Stock (Reality),l3harris-technologies-rstock,l3harris-technologies-rstockifM.png,1.0091,"{""arbitrum-one"":""0x2a0326c5e4b62d2877506a778095fd213760cbf0"",""morph-l2"":""0x5e7a88c8a54221541362adb696eedaaede20cbc5""}",18
ishares-20-year-treasury-bond-astock,ATLT,iShares 20+ Year Treasury Bond aStock,ishares-20-year-treasury-bond-astock,ishares-20-year-treasury-bond-astockNzI.png,2.7673,"{""arbitrum-one"":""0x5da938ad48c46bd22ca362a91517ce2c16367d09"",""monad"":""0x5da938ad48c46bd22ca362a91517ce2c16367d09"",""ethereum"":""0x5da938ad48c46bd22ca362a91517ce2c16367d09"",""base"":""0x5da938ad48c46bd22ca362a91517ce2c16367d09"",""robinhood"":""0x5da938ad48c46bd22ca362a91517ce2c16367d09"",""binance_smart"":""0x5da938ad48c46bd22ca362a91517ce2c16367d09""}",18
aarna-atv111-arbitrum,ATV111,aarna atv111 (Arbitrum),aarna-atv111-arbitrum,aarna-atv111-arbitrumVbq.png,1.9979,"{""arbitrum-one"":""0xe1a6bda42fbafae38607598386a1050613c1a64b""}",18
rollins-rstock,RROL,Rollins Tokenized Stock (Reality),rollins-rstock,rollins-rstockvwD.png,11.1918,"{""arbitrum-one"":""0xd3be732981cceea790d48412f1c2ab313c2891eb""}",18
crh-plc-rstock,RCRH,CRH PLC Tokenized Stock (Reality),crh-plc-rstock,crh-plc-rstock3Y9.png,3.4745,"{""arbitrum-one"":""0x833db03afff2262e31d8789ccfbeb5ea29ff9596"",""morph-l2"":""0xcab8351bab85d7ee7a0b2db9134eb73cdcbbd6b5""}",18
wisdomtree-dinari-tokenized-stock,WT,WisdomTree (Dinari Tokenized Stock),wisdomtree-dinari-tokenized-stock,wisdomtree-dinari-tokenized-stockQiV.png,8.6613,"{""ethereum"":""0xd64cbdf4c7f0325b85252c12d43564c86add390b"",""base"":""0xd64cbdf4c7f0325b85252c12d43564c86add390b"",""arbitrum-one"":""0xd64cbdf4c7f0325b85252c12d43564c86add390b"",""avalanche"":""0xd64cbdf4c7f0325b85252c12d43564c86add390b""}",18
americafirst,AMERICAFIRST,AmericaFirst,americafirst,americafirstqZm.png,1000000000,"{""xrp"":""416D657269636146697273740000000000000000.r4GD2HMVKJWhfzvgHcUL6frneuUACAzqwo""}",18
agnico-eagle-rstock,RAEM,Agnico Eagle Tokenized Stock (Reality),agnico-eagle-rstock,agnico-eagle-rstockAT5.png,3.6571,"{""arbitrum-one"":""0x2dccbdacd566703a78bf7f638d1e848f30a6660f"",""morph-l2"":""0x7c77cf07de2beabef4737cbb3372a2fd6aea6d7a""}",18
global-x-uranium-astock,AURA,Global X Uranium aStock,global-x-uranium-astock,global-x-uranium-astockLX0.png,5.12,"{""arbitrum-one"":""0x7e952b8c28d855804c7fe8d64ecac30ace16c4da"",""monad"":""0x7e952b8c28d855804c7fe8d64ecac30ace16c4da"",""ethereum"":""0x7e952b8c28d855804c7fe8d64ecac30ace16c4da"",""base"":""0x7e952b8c28d855804c7fe8d64ecac30ace16c4da"",""robinhood"":""0x7e952b8c28d855804c7fe8d64ecac30ace16c4da"",""binance_smart"":""0x7e952b8c28d855804c7fe8d64ecac30ace16c4da""}",18
direxion-daily-small-cap-bear-3x-shares-etf-rstock,RTZA,Direxion Daily Small Cap Bear 3X Shares ETF Tokenized Stock (Reality),direxion-daily-small-cap-bear-3x-shares-etf-rstock,direxion-daily-small-cap-bear-3x-shares-etf-rstockNkP.png,4.3771,"{""arbitrum-one"":""0xa3f2c91656e373c207d59b0e7a2d43e12624d4ab""}",18
molt-armstrong,MOLTSTRONG,Molt Armstrong,molt-armstrong,molt-armstrongv7N.png,1000000000,"{""base"":""0xf9188a173a7d0cd607edbbc1240840311ae94b07""}",18
kanzhun-rstock,RBZ,Kanzhun Tokenized Stock (Reality),kanzhun-rstock,kanzhun-rstockhXP.png,22.418,"{""arbitrum-one"":""0xaeddb066615935a26a00df941ae36e94aa262b42"",""morph-l2"":""0xc3a09042ea7805983efe826232f71f056ea76ea7""}",18
natera-rstock,RNTRA,Natera Tokenized Stock (Reality),natera-rstock,natera-rstock3ET.png,0.65488761,"{""arbitrum-one"":""0x98f5c68932d7177c1683af17e2e64a4b9729a9a7""}",18
goldman-sachs-group-dinari-tokenized-stock,GS,Goldman Sachs Group (Dinari Tokenized Stock),goldman-sachs-group-dinari-tokenized-stock,goldman-sachs-group-dinari-tokenized-stockRI0.png,0.18994576,"{""ethereum"":""0xc5384fc7f79163b2133a4767c30b9fe916e1d4d4"",""base"":""0xc4190b8b18d6b1a8888272a64b9536cde884e41d"",""arbitrum-one"":""0x72fadfa9767fe47fde2650b64766abbc6639ff95"",""avalanche"":""0xed70ac7a22ae2f8417a5fc3a41fdff64f5c9cb52""}",18
methode-electronics-ondo-tokenized,MEION,Methode Electronics (Ondo Tokenized),methode-electronics-ondo-tokenized,methode-electronics-ondo-tokenized4o4.png,12.2393,"{""ethereum"":""0x84601fdb21e3e892104e1fe4a8269e7aca7c0e1a"",""binance_smart"":""0x89c37104afcee9a72187e05d960a1e09763a126e"",""solana"":""jiwgLgWJ8f6aEsM6hcSCrXLNnGpYfjmCVbqqAcwondo""}",18
equinix-dinari-tokenized-stock,EQIX,Equinix (Dinari Tokenized Stock),equinix-dinari-tokenized-stock,equinix-dinari-tokenized-stockHWO.png,0.19185006,"{""ethereum"":""0x4d01943119e4cc7db6de0f012d4a171a678f07d2"",""base"":""0x4d01943119e4cc7db6de0f012d4a171a678f07d2"",""arbitrum-one"":""0x4d01943119e4cc7db6de0f012d4a171a678f07d2"",""avalanche"":""0x4d01943119e4cc7db6de0f012d4a171a678f07d2""}",18
grindr-rstock,RGRND,Grindr Tokenized Stock (Reality),grindr-rstock,grindr-rstockJiM.png,12.2023,"{""arbitrum-one"":""0xba2217806475767486d4f86a1acc9d59a4da19a7"",""morph-l2"":""0x43ca50516fd5f69ec2121bfc5c1e86cb36331597""}",18
emerson-electric-ondo-tokenized,EMRON,Emerson Electric (Ondo Tokenized),emerson-electric-ondo-tokenized,emerson-electric-ondo-tokenizedxvq.png,1.1777,"{""ethereum"":""0x26719965000a3dcacc1451f836fbb9c883ccde85"",""binance_smart"":""0x60b273bdf00a9a52238ca706257f61efc55bdee0"",""solana"":""nNyVbs9Qty6wU2YcP5KFh4SUxNWTdPtL2W1bTMrondo""}",18
the-kraft-heinz-company-rstock,RKHC,The Kraft Heinz Tokenized Stock (Reality),the-kraft-heinz-company-rstock,the-kraft-heinz-company-rstockRCJ.png,7.8003,"{""arbitrum-one"":""0x32568ae3a74703534e054216cb9c7ba059d58fef""}",18
cleveland-cliffs-ondo-tokenized,CLFON,Cleveland-Cliffs (Ondo Tokenized),cleveland-cliffs-ondo-tokenized,cleveland-cliffs-ondo-tokenizedErz.png,16.0407,"{""ethereum"":""0xa95837130bcbc0ad99e188e22f674e4ec6925be2"",""binance_smart"":""0xac38a6608868e2f487d7993ea7339c69e5ab077b"",""solana"":""fTuoE9pWbVK7EUpUEENBn8Vu226T7kF3YJBTRLPondo""}",18
verisign-ondo-tokenized,VRSNON,VeriSign (Ondo Tokenized),verisign-ondo-tokenized,verisign-ondo-tokenizedIcX.png,0.64321874,"{""ethereum"":""0xc5a72b01cc9e2721dc6de1a35ab8d92a6aa273e6"",""binance_smart"":""0x37ff203ac221313b620d047eddd7bd6f68d656a6"",""solana"":""ja4bMvHL3Hw9Ey33VGWyDeXvrHvQWyBnK4GSmCUondo""}",18
formfactor-astock,AFORM,FormFactor aStock,formfactor-astock,formfactor-astockwem.png,1.2,"{""arbitrum-one"":""0xbe10e0c583e46ff8d9a5a6ab578a89b7e49ad005"",""monad"":""0xbe10e0c583e46ff8d9a5a6ab578a89b7e49ad005"",""ethereum"":""0xbe10e0c583e46ff8d9a5a6ab578a89b7e49ad005"",""base"":""0xbe10e0c583e46ff8d9a5a6ab578a89b7e49ad005"",""robinhood"":""0xbe10e0c583e46ff8d9a5a6ab578a89b7e49ad005"",""binance_smart"":""0xbe10e0c583e46ff8d9a5a6ab578a89b7e49ad005""}",18
trump-media-technology-group-dinari-tokenized-stock,DJT,Trump Media & Technology Group (Dinari Tokenized Stock),trump-media-technology-group-dinari-tokenized-stock,trump-media-technology-group-dinari-tokenized-stockQXI.png,19.4202,"{""ethereum"":""0x98951bd7f58cf53485b9a882f72d14b7c6bf4dda"",""base"":""0x780ea5b181232283f9092aa47f06c4e9404c61ad"",""arbitrum-one"":""0x49a890bff009aaccfd10f9c911b1806c4bc08c9e"",""avalanche"":""0x98951bd7f58cf53485b9a882f72d14b7c6bf4dda""}",18
mks-inc-rstock,RMKSI,MKS Tokenized Stock (Reality),mks-inc-rstock,mks-inc-rstockvzw.png,0.631,"{""arbitrum-one"":""0x4ed2543325adfe1372f397dc94b689ebc6eeaf37""}",18
draftkings-rstock,RDKNG,DraftKings Tokenized Stock (Reality),draftkings-rstock,draftkings-rstocknBt.png,9.0616,"{""arbitrum-one"":""0xa4a8e220cd8506661a302cf5bda0c5fc077b8fce"",""morph-l2"":""0xdce59b93805bd0c271901950281a8c59c50bc570""}",18
aurora-innovation-inc-rstock,RAUR,Aurora Innovation Tokenized Stock (Reality),aurora-innovation-inc-rstock,aurora-innovation-inc-rstockeXm.png,45.217,"{""arbitrum-one"":""0xc76132eb0f1fc915b01322a8a558f81f0acc00cb"",""morph-l2"":""0xb0c619c59970fb46a090b39b66d6f1914f7d80b3""}",18
ishares-ethereum-trust-etf-dinari-tokenized-etf,ETHA,iShares Ethereum Trust ETF (Dinari Tokenized ETF),ishares-ethereum-trust-etf-dinari-tokenized-etf,ishares-ethereum-trust-etf-dinari-tokenized-etfzO6.png,12.1892,"{""ethereum"":""0x56be37ff55b186c9be2dca186519c96425ba3bd6"",""base"":""0xab274df53b9ca19a9bf9d389fe63c71335fd6a52"",""arbitrum-one"":""0x37cad1518d70976245bb52aa4f34e0ba4aef6814"",""avalanche"":""0x56be37ff55b186c9be2dca186519c96425ba3bd6""}",18
worthington-steel-ondo-tokenized,WSON,Worthington Steel (Ondo Tokenized),worthington-steel-ondo-tokenized,worthington-steel-ondo-tokenizedLkN.png,4.7004,"{""ethereum"":""0x7f24e4f5dc9ce7d00170c91ce18326e01d702242"",""binance_smart"":""0x50e66edb7d0b79ee988f098754a27afaa643b4f5"",""solana"":""ZpJpMhWKCr4m9ZzxApJJwDc5cHiHp2hG1RZdJyvondo""}",18
trinity-capital-dinari-tokenized-stock,TRIN,Trinity Capital (Dinari Tokenized Stock),trinity-capital-dinari-tokenized-stock,trinity-capital-dinari-tokenized-stock69j.png,9.6231,"{""ethereum"":""0xcb11763ab17acecf7d5c29fcc0f1005ad8fb6c43"",""base"":""0xfd96662821248ddddb807d85eae3765962d28035"",""arbitrum-one"":""0x0617dc839132480c7a2ccedcd734ab97f348c7ee"",""avalanche"":""0xcb11763ab17acecf7d5c29fcc0f1005ad8fb6c43""}",18
proshares-ultrapro-short-s-p-500-dinari-tokenized-etf,SPXU,ProShares UltraPro Short S&P 500 (Dinari Tokenized ETF),proshares-ultrapro-short-s-p-500-dinari-tokenized-etf,proshares-ultrapro-short-s-p-500-dinari-tokenized-etfANh.png,4.9859,"{""ethereum"":""0x064f9eab7635452b3e4aaf0dd5072f5feda793a1"",""base"":""0x9d87f9b29a36e71b4994845526761d7ce4dabfe3"",""arbitrum-one"":""0x2e10e9b2fc67a21503d6f8530c51cdeeb3cc0e57"",""avalanche"":""0x064f9eab7635452b3e4aaf0dd5072f5feda793a1""}",18
global-x-lithium-battery-tech-etf-ondo-tokenized,LITON,Global X Lithium & Battery Tech ETF (Ondo Tokenized),global-x-lithium-battery-tech-etf-ondo-tokenized,global-x-lithium-battery-tech-etf-ondo-tokenizedaVF.png,2.329,"{""ethereum"":""0x3eb4293b73080214012def05244ec291094c6c14"",""binance_smart"":""0xfd7778d5d4e804b5b512471df36d60c465199a52"",""solana"":""syb82jXkHWbcWgxoRqrvAcoCdsAb3y1fnCYo561ondo""}",18
rackspace-technology-rstock,RRXT,Rackspace Technology Tokenized Stock (Reality),rackspace-technology-rstock,rackspace-technology-rstock8vT.png,2325,"{""arbitrum-one"":""0x344ffaa1ce405693b4ca2c934a3968c947ac3947""}",18
kpk-usdc-rwa-euler,KPK_RWA_USDC,kpk USDC RWA Euler Vault (Ethereum),kpk-usdc-rwa-euler,kpk-usdc-rwa-eulerIad.png,159.2581,"{""ethereum"":""0x2b47c128b35dddcb66ce2fa5b33c95314a7de245""}",18
0xbd072aba9cad9d573a5b3498f79b117dbefdc7f4_base,IRON,IronBridge,ironbridge,ironbridgesYD.png,1000000000,"{""base"":""0xbd072aba9cad9d573a5b3498f79b117dbefdc7f4""}",18
graniteshares-etf-trust-graniteshares-2x-short-nvda-daily-etf-dinari-tokenized-etf,NVD,GraniteShares ETF Trust GraniteShares 2x Short NVDA Daily ETF (Dinari Tokenized ETF),graniteshares-etf-trust-graniteshares-2x-short-nvda-daily-etf-dinari-tokenized-etf,graniteshares-etf-trust-graniteshares-2x-short-nvda-daily-etf-dinari-tokenized-etfbgO.png,41.8241,"{""ethereum"":""0x77eb61b64c333b11bfa69ac38cec99a0c38fa9d7"",""base"":""0x8fe3baaa586167ed328a76dc08214389f9cf1f5a"",""arbitrum-one"":""0x8d988b68c24e2f3a5e7a21021ed0858e1f2dbfaf"",""avalanche"":""0x77eb61b64c333b11bfa69ac38cec99a0c38fa9d7""}",18
oceaneering-international-ondo-tokenized,OIION,Oceaneering International (Ondo Tokenized),oceaneering-international-ondo-tokenized,oceaneering-international-ondo-tokenizedbZO.png,3.545,"{""ethereum"":""0x5673154dae5dab8ca6bd3ee42c3245dbfedc6611"",""binance_smart"":""0x4321366277d4a6e170f1f28148c93e8c47636c14"",""solana"":""gfTDvjLp8K5gNDFaLMvoTZWJJY6PmVQfdPaUU7eondo""}",18
cohu-ondo-tokenized,COHUON,Cohu (Ondo Tokenized),cohu-ondo-tokenized,cohu-ondo-tokenizedK7N.png,2.1099,"{""ethereum"":""0x948b03e4a1f1330d86ea3ade02482639b5cce720"",""binance_smart"":""0x58ce0de0ced164f2aeab5fcf81d67f3c61cb562c"",""solana"":""jYMxpcgARQCdvQ15H1vvRCnBUbUEEQgSnS6SsfTondo""}",18
general-motors-rstock,RGM,General Motors Tokenized Stock (Reality),general-motors-rstock,general-motors-rstockXkr.png,1.8746,"{""arbitrum-one"":""0xb7967a4df235f9168b03c1c47894aa25fb850df4"",""morph-l2"":""0x60afcf61e4f9f73a7d30537afef68ca2f0bc9e0e""}",18
danaher-rstock,RDHR,Danaher Tokenized Stock (Reality),danaher-rstock,danaher-rstockpAj.png,0.80982822,"{""arbitrum-one"":""0x97d129dfb605b223d42aff82f5df4835c6ace805"",""morph-l2"":""0xfc54d984e84be9677a5011141d4d624e471086b0""}",18
restaurant-brands-international-rstock,RQSR,Restaurant Brands International Tokenized Stock (Reality),restaurant-brands-international-rstock,restaurant-brands-international-rstock4n1.png,2.1326,"{""arbitrum-one"":""0x723faf66f4caa67caf8b6a10dcbe86e4645fc475""}",18
mineloot,LOOT,MineLoot,mineloot,minelootONf.png,70691,"{""base"":""0x00e701eff4f9dc647f1510f835c5d1ee7e41d28f""}",18
skyworks-solutions-inc-rstock,RSWKS,Skyworks Solutions Tokenized Stock (Reality),skyworks-solutions-inc-rstock,skyworks-solutions-inc-rstockfpS.png,1.7294,"{""arbitrum-one"":""0x1b6fc15e1c34b730f8ff1a154cbef81754871506"",""morph-l2"":""0x2d66a8c9b7e69daa378294528d1425db5abe303b""}",18
bp-plc-rstock,RBP,BP PLC Tokenized Stock (Reality),bp-plc-rstock,bp-plc-rstockZkr.png,3.4546,"{""arbitrum-one"":""0x8fa0e8677f4ee83153f75cbb7f795ec0041b4f25"",""morph-l2"":""0xae89a25ada06590b38ace0c1f0b35e53baeb5618""}",18
wisdomtree-bitcoin-fund-dinari-tokenized-etf,BTCW,WisdomTree Bitcoin Fund (Dinari Tokenized ETF),wisdomtree-bitcoin-fund-dinari-tokenized-etf,wisdomtree-bitcoin-fund-dinari-tokenized-etfTq0.png,2.2516,"{""ethereum"":""0x18c278edc2ed4ed9d23a8a73a3a6ed014094b784"",""base"":""0xe1338b131647a4d6123b6af912f295954067a766"",""arbitrum-one"":""0xc52915fe75dc8db9fb6306f43aaef1344e0837ab"",""avalanche"":""0x44217f3ce907ec0d43375a9a265877d656db6f21""}",18
wheaton-precious-metals-rstock,RWPM,Wheaton Precious Metals Tokenized Stock (Reality),wheaton-precious-metals-rstock,wheaton-precious-metals-rstockDDP.png,1.039,"{""arbitrum-one"":""0x39f90d9c0a9a108946f1777a46413867a616e142"",""morph-l2"":""0x5caf9260da9d1f303e4b270c36c7547c5ad3a6ad""}",18
vaneck-digital-transformation-etf-dinari-tokenized-etf,DAPP,VanEck Digital Transformation ETF (Dinari Tokenized ETF),vaneck-digital-transformation-etf-dinari-tokenized-etf,vaneck-digital-transformation-etf-dinari-tokenized-etfVj4.png,6.8081,"{""ethereum"":""0xddd62cbb590158700eddd11564ed59a42214c529"",""base"":""0x2da5fffb91ffca6c9a390cb93c689a8368014280"",""arbitrum-one"":""0x3946b92f71adecf855ee11aba14a243c1d006d79"",""avalanche"":""0xddd62cbb590158700eddd11564ed59a42214c529""}",18
usad,USAD,USAD,usad,usadjxY.png,146,,
ishares-floating-rate-loan-active-etf-ondo-tokenized,BRLNON,iShares Floating Rate Loan Active ETF (Ondo Tokenized),ishares-floating-rate-loan-active-etf-ondo-tokenized,ishares-floating-rate-loan-active-etf-ondo-tokenizedoKL.png,2.7544,"{""ethereum"":""0xfcba0eebbb946ff933c91d2ddb2991845a400f39"",""binance_smart"":""0xd41829dec8b51119176ee0a6b73bc8b2718546a9"",""solana"":""fcfpT8y5fpEBJjqmjKLpscZYzVjxR95ErJsb31jondo""}",18
iridium-communications-ondo-tokenized,IRDMON,Iridium Communications (Ondo Tokenized),iridium-communications-ondo-tokenized,iridium-communications-ondo-tokenizedBmq.png,2.8619,"{""ethereum"":""0xd0e60d2ef0841e49700772d9889123b9886194c7"",""binance_smart"":""0x3ce678692a60fb5f31963b05cb158f0ce0ff1736"",""solana"":""go6DXMdM5zHTC9G16BwAYA8rKwGRhy9M5uudNdBondo""}",18
international-seaways-ondo-tokenized,INSWON,International Seaways (Ondo Tokenized),international-seaways-ondo-tokenized,international-seaways-ondo-tokenizedRh8.png,1.2847,"{""ethereum"":""0x3f696db88aca815c150feb9baaa9870f85b77494"",""binance_smart"":""0xe3316f5372559768e14bc7ffe983891a742987e7"",""solana"":""mV5mof9x8nDirrHwT7g16MarvHbnRvz2zN2S4Cspyon""}",18
wesco-international-ondo-tokenized,WCCON,WESCO International (Ondo Tokenized),wesco-international-ondo-tokenized,wesco-international-ondo-tokenizedpsv.png,0.37631156,"{""ethereum"":""0xf87efca06f6af53cb096847ba092ccd04395a192"",""binance_smart"":""0x82436bae31ae373258ba567f32087eefc32189f2"",""solana"":""m3m2HAANsAf2Y3BkdBixDgtrrFHnZDp4NqVh9obondo""}",18
american-water-works-company-inc-rstock,RAWK,American Water Works Tokenized Stock (Reality),american-water-works-company-inc-rstock,american-water-works-company-inc-rstocksyB.png,1,"{""arbitrum-one"":""0xab59e47eb33c9f7c52e2470ca9552f24860e5f1b"",""morph-l2"":""0x90bfa9593b97938db3f5243283b9f0c548cd539a""}",18
prospect-capital-dinari-tokenized-stock,PSEC,Prospect Capital (Dinari Tokenized Stock),prospect-capital-dinari-tokenized-stock,prospect-capital-dinari-tokenized-stockGnH.png,59.9687,"{""ethereum"":""0x9e43e16b727630d765ae50d89198dc3192fa55d5"",""base"":""0x492c12d7da7b82644d22a89849fb77843f2465cb"",""arbitrum-one"":""0x236e09e5eac020a8f3ad5178ed6a57a9d2ad6043"",""avalanche"":""0x9e43e16b727630d765ae50d89198dc3192fa55d5""}",18
ishares-j-p-morgan-em-local-currency-bond-etf-ondo-tokenized,LEMBON,iShares J.P. Morgan EM Local Currency Bond ETF (Ondo Tokenized),ishares-j-p-morgan-em-local-currency-bond-etf-ondo-tokenized,ishares-j-p-morgan-em-local-currency-bond-etf-ondo-tokenizedNCn.png,3.0716,"{""ethereum"":""0xd9e7c53205048f83859815852616cd65d87aa83e"",""binance_smart"":""0x653156b9a46e21906dddc82414871bbdb0261319"",""solana"":""teZfcA6zpP476eKzED1daqBWDtuwbk9e2Ejk2cpondo""}",18
monolithic-power-systems-rstock,RMPWR,Monolithic Power Systems Tokenized Stock (Reality),monolithic-power-systems-rstock,monolithic-power-systems-rstockqmK.png,0.09917697,"{""arbitrum-one"":""0x14bb0339cfe7bee8605c48447d7ac6164eb89ba6"",""morph-l2"":""0x1a7dbda7934c3db378cf6f2ddbce2522e69f37aa""}",18
ishares-global-government-bond-usd-hedged-active-etf-ondo-tokenized,GGOVON,iShares Global Government Bond USD Hedged Active ETF (Ondo Tokenized),ishares-global-government-bond-usd-hedged-active-etf-ondo-tokenized,ishares-global-government-bond-usd-hedged-active-etf-ondo-tokenized6b1.png,2.6058,"{""ethereum"":""0xfbd7880ebc5c2b1b871a8ce188c05311015139f4"",""binance_smart"":""0x8dd51e233e2344498f876c231a3bd962e9750a6c"",""solana"":""tzuC3sZnHg7spuAFhdCqivx9qtJg15qUBUpCJx1ondo""}",18
gilead-sciences-rstock,RGILD,Gilead Sciences Tokenized Stock (Reality),gilead-sciences-rstock,gilead-sciences-rstockRUO.png,0.8508231,"{""arbitrum-one"":""0xf8f4cafed2141240d1c51ed791bf9c61e36d05c8"",""morph-l2"":""0xd53f90b1286329697815b4f2ebf6b9519f667a12""}",18
flex-ondo-tokenized,FLEXON,Flex (Ondo Tokenized),flex-ondo-tokenized,flex-ondo-tokenizedvbP.png,1.1813,"{""ethereum"":""0x4493e670f5a077d46eb3389ffa9af19999ea54ed"",""binance_smart"":""0x102138be022f8d142bcb817f7264921d65209608"",""solana"":""iicfp8Efr4WfGAP9gXmYzdxmNFi1LV3iVudAmCnondo""}",18
leonardo-drs-ondo-tokenized,DRSON,Leonardo DRS (Ondo Tokenized),leonardo-drs-ondo-tokenized,leonardo-drs-ondo-tokenizedOsT.png,3.3808,"{""ethereum"":""0x448550de96bcbef1d8ccd755b5bc842f58485b46"",""binance_smart"":""0x2a0a317660f497d4c4836d1ef5faf5970e69437b"",""solana"":""gtKc3PtKfUH7vbvYLJ1HCRXCpQK1Wpgevn8e6gUondo""}",18
symbotic-inc-rstock,RSYM,Symbotic Tokenized Stock (Reality),symbotic-inc-rstock,symbotic-inc-rstock484.png,5.1102,"{""arbitrum-one"":""0x13ec25cfac61bf0729dca7397d1eca205209fd70"",""morph-l2"":""0xe073926499857cc5285a5c8dc45c2577dafd0213""}",18
nucor-ondo-tokenized,NUEON,Nucor (Ondo Tokenized),nucor-ondo-tokenized,nucor-ondo-tokenizedR2D.png,0.51747789,"{""ethereum"":""0x167f8d6b357fa9fff9b1286e519bd32d4504757e"",""binance_smart"":""0x2155f5344ba7763f80420de617af41e56de0552b"",""solana"":""mvAUPvwKPW4rbbTXkqCvcZEG45XCeRHSVcLVym8ondo""}",18
ultra-clean-holdings-ondo-tokenized,UCTTON,Ultra Clean Holdings (Ondo Tokenized),ultra-clean-holdings-ondo-tokenized,ultra-clean-holdings-ondo-tokenizedgeI.png,1.5762,"{""ethereum"":""0x77adb9f3ff7aacba0eece50d1bbf51ada182d174"",""binance_smart"":""0xb78ccbcd9dce42d4fa5fdc835cb6a1aa1095a3b5"",""solana"":""jCPs1JpVKAwevND3jzeDGAUBBFkJ5TUtiu2SxLbondo""}",18
proshares-bitcoin-etf-rstock,RBITO,ProShares Bitcoin ETF Tokenized Stock (Reality),proshares-bitcoin-etf-rstock,proshares-bitcoin-etf-rstocksE0.png,19.5122,"{""arbitrum-one"":""0xc51e586296c90165b958e7753a061298d9788494"",""morph-l2"":""0x147909cfc5f4a4f33e93604997eb23b52710ecf5""}",18
lincoln-electric-ondo-tokenized,LECOON,Lincoln Electric (Ondo Tokenized),lincoln-electric-ondo-tokenized,lincoln-electric-ondo-tokenizedeOf.png,0.47102434,"{""ethereum"":""0xd62c0bf1e1dd6f4fee1b3d042a9e479ad1fb1bcb"",""binance_smart"":""0x43807bf4ce06f4fbb4fa8deac37bf274aea324da"",""solana"":""kmppRwWb2odH6D4JWj8Lq9WshMyyUeCYssWQFhiondo""}",18
eqt-ondo-tokenized,EQTON,EQT (Ondo Tokenized),eqt-ondo-tokenized,eqt-ondo-tokenizedfXR.png,2.3165,"{""ethereum"":""0x05d2d23398756821dc3de359ffce8ebbd50af8c5"",""binance_smart"":""0x9a1c88ac479906a7f03e76605b15b72df10d8e51"",""solana"":""bWrYATfytuRwGoDbpxy16aQbMbCZDv8DURuLCAhondo""}",18
jersey-mike-s-subs-rstock,RJMKE,Jersey Mike's Subs Tokenized Stock (Reality),jersey-mike-s-subs-rstock,jersey-mike-s-subs-rstockpBJ.png,6.9372,"{""arbitrum-one"":""0x79c6c7f1e88d40c598bce386549e83cea75c121f""}",18
msci-inc-rstock,RMSCI,MSCI Tokenized Stock (Reality),msci-inc-rstock,msci-inc-rstock3ZW.png,0.20892342,"{""arbitrum-one"":""0x5ce2469fdacda30ffba5c9ae8d132cd08f7ad772"",""morph-l2"":""0xba311b9e324ff7dff39ce6b5ded9d589dd3f0882""}",18
kunci-coin,KUNCI,Kunci Coin,kunci-coin,kunci-coineJw.png,3999999998,"{""binance_smart"":""0x6cf271270662be1c4fc1b7bb7d7d7fc60cc19125""}",18
ares-capital-dinari-tokenized-stock,ARCC,Ares Capital (Dinari Tokenized Stock),ares-capital-dinari-tokenized-stock,ares-capital-dinari-tokenized-stockOgM.png,5.7329,"{""ethereum"":""0x008c18cb86214b7d96a9cdbc23580e54bcfee3db"",""base"":""0xc3393969a7078a4bceb2c53f76a9271f8ffff044"",""arbitrum-one"":""0xedaaa08b77ade52199140c7cd9fe3bb873b7ab3a"",""avalanche"":""0x008c18cb86214b7d96a9cdbc23580e54bcfee3db""}",18
yum-brands-rstock,RYUM,Yum! Brands Tokenized Stock (Reality),yum-brands-rstock,yum-brands-rstockHPa.png,0.83159289,"{""arbitrum-one"":""0x97ee0779e2cb556fb7ec496424a39ab66af7a197""}",18
logitech-international-s-a-rstock,RLOGI,Logitech International S.A. Tokenized Stock (Reality),logitech-international-s-a-rstock,logitech-international-s-a-rstockvIT.png,1.09,"{""arbitrum-one"":""0x9ee2f6cd7d31badd246f707e3d25a812605e265c"",""morph-l2"":""0x6be4454d167f9fc16dabe0dac832bdc4746fffa1""}",18
nio-dinari-tokenized-stock,NIO,NIO (Dinari Tokenized Stock),nio-dinari-tokenized-stock,nio-dinari-tokenized-stockp5c.png,32.2435,"{""ethereum"":""0xcd42a53b950bbf45421c2403f7feb44c57065882"",""base"":""0xc26f177de30db16e50b8925b932ebdbfb571a465"",""arbitrum-one"":""0xdbbc0e07dd14f9e2a695a905684ffbbb678df7d6"",""avalanche"":""0xcd42a53b950bbf45421c2403f7feb44c57065882""}",18
eog-resources-rstock,REOG,EOG Resources Tokenized Stock (Reality),eog-resources-rstock,eog-resources-rstockd9X.png,24.8092,"{""arbitrum-one"":""0x9afe54bba01ea36a7c6767e44af17c301a52b107"",""morph-l2"":""0xfe227abf0f7f83336d75a5a07316f205ade3f0fc""}",18
aarna-atv-usdc,ATVUSDC,aarna atv USDC (Arbitrum),aarna-atv-usdc,aarna-atv-usdcdt4.png,1.0041,"{""arbitrum-one"":""0x15f7ad22caa786b1237b27d4324c7e4a93c5e66b""}",18
humana-rstock,RHUM,Humana Tokenized Stock (Reality),humana-rstock,humana-rstockriT.png,0.26440001,"{""arbitrum-one"":""0xdc02a7a3fd321fe092ade74b335825479bba2358"",""morph-l2"":""0x57a786e5c6b80d20d1adb631da7699a26acb7106""}",18
colgate-palmolive-rstock,RCL,Colgate-Palmolive Tokenized Stock (Reality),colgate-palmolive-rstock,colgate-palmolive-rstockU3L.png,1.16,"{""arbitrum-one"":""0xc59128e69125a44a252233bc3e145a640a36142e"",""morph-l2"":""0x5835fd284249c4dae4f93e2bbdfee6fa55425278""}",18
jpmorgan-equity-premium-income-etf-rstock,RJEPI,JPMorgan Equity Premium Income ETF Tokenized Stock (Reality),jpmorgan-equity-premium-income-etf-rstock,jpmorgan-equity-premium-income-etf-rstockOiU.png,37.0643,"{""arbitrum-one"":""0x0a902fa0be1e740955174be617058aea0780ad8a""}",18
strategy-strife-preferred-dinari-tokenized-stock,STRF,Strategy Strife Preferred (Dinari Tokenized Stock),strategy-strife-preferred-dinari-tokenized-stock,strategy-strife-preferred-dinari-tokenized-stock0bG.png,1,"{""ethereum"":""0x5eb9bfb2d152ca1b7af2979fbec625133e329417"",""base"":""0x8936145946e1b97eca9d9713f58e1a1721e77e14"",""arbitrum-one"":""0x6f00c3503368af730b9eef55e9f7feefae7ef9c2"",""avalanche"":""0xa940cad10eb6769bf09bfa569b5712690db3d446""}",18
philip-morris-international-rstock,RPM,Philip Morris Tokenized Stock (Reality),philip-morris-international-rstock,philip-morris-international-rstockrpf.png,57.7868,"{""arbitrum-one"":""0x4d75c1383c085c6e0d59a4227597d9b7a8735fe2"",""morph-l2"":""0x953ceedf796a4c8a125b4ea20e02ff9e09ee0278""}",18
simon-property-rstock,RSPG,Simon Property Tokenized Stock (Reality),simon-property-rstock,simon-property-rstocktIa.png,0.46455198,"{""arbitrum-one"":""0xdaa50eb27725eda341d22e9362139217d49d097e"",""morph-l2"":""0x768190d5b9b8ce15449db26d6c3f74b249f4cd28""}",18
emcor-group-rstock,REME,EMCOR Tokenized Stock (Reality),emcor-group-rstock,emcor-group-rstockCno.png,0.1824,"{""arbitrum-one"":""0x4c41d492fc269e5eb0c6015558bccb12a92b0b36""}",18
graniteshares-2x-short-nvda-daily-etf-rstock,RNVD,GraniteShares ETF Trust GraniteShares 2x Short NVDA Daily ETF Tokenized Stock (Reality),graniteshares-2x-short-nvda-daily-etf-rstock,graniteshares-2x-short-nvda-daily-etf-rstock9Od.png,26.6806,"{""arbitrum-one"":""0x3ad7d684839a14d61f7c6200bb07c42d86191c2a""}",18
digital-realty-trust-inc-rstock,RDLR,Digital Realty Trust Tokenized Stock (Reality),digital-realty-trust-inc-rstock,digital-realty-trust-inc-rstockA47.png,0.5004993,"{""arbitrum-one"":""0x29c6ce0c68b209250789af54d4b563a9c27d61d3"",""morph-l2"":""0x2e3c0fd2fcdc765a1f60756faee742b43845fdbf""}",18
myr-group-ondo-tokenized,MYRGON,MYR Group (Ondo Tokenized),myr-group-ondo-tokenized,myr-group-ondo-tokenized0tZ.png,0.30180069,"{""ethereum"":""0x1db23e5c0da6b960d0cf3d9939cbf50a2514bfc2"",""binance_smart"":""0x93b83111c54aa3993b2de5fccd4c70b26c522d5d"",""solana"":""auLvQAhUzPuy2SQBSq2T6AofPGNkR4nZ83P8pjuondo""}",18
power-integrations-ondo-tokenized,POWION,Power Integrations (Ondo Tokenized),power-integrations-ondo-tokenized,power-integrations-ondo-tokenizedCNt.png,1.6258,"{""ethereum"":""0xe172fb6b867f873db7cb2d7435b95a07e5defe81"",""binance_smart"":""0x5417b7cfdb8a187004067297ebf1491c8d6d5c09"",""solana"":""ZifkbVBh94FSETjAfoLw587nxmGsYtXayAAUQgzondo""}",18
steel-dynamics-ondo-tokenized,STLDON,Steel Dynamics (Ondo Tokenized),steel-dynamics-ondo-tokenized,steel-dynamics-ondo-tokenizedeOi.png,0.37337041,"{""ethereum"":""0xf9d5af26e1b96625dbc86609463a06602be42966"",""binance_smart"":""0x90eaa91af0b4559f1f270258bb5cddfafbb62da9"",""solana"":""n7DwzSkv1SBkcA9qj8LU9sZ9sRn72Z6spU2w2b9ondo""}",18
telus-corporation-rstock,RTU,TELUS Corporation Tokenized Stock (Reality),telus-corporation-rstock,telus-corporation-rstockUNT.png,10,"{""arbitrum-one"":""0xf6fed26c3d5149e58f146e452e532f41a219cb69"",""morph-l2"":""0xdae2745ce4cb4648cada0827c39f7b42e5019a3b""}",18
monji,MONJI,monji,monji,monjiCSa.png,150569,"{""solana"":""AeVzGq6z1RndB9Tk9dGT6RPADjZJpQwX6tudqSRkmAgp""}",18
hashdex-commodities-trust-dinari-tokenized-etf,DEFI,Hashdex Commodities Trust (Dinari Tokenized ETF),hashdex-commodities-trust-dinari-tokenized-etf,hashdex-commodities-trust-dinari-tokenized-etfTP5.png,1.1899,"{""ethereum"":""0x81b11d330d9af45599be0580b9bcba7f4e57bd35"",""base"":""0xac21cd6fe43240d90741d25858d0ff0940b11cc7"",""arbitrum-one"":""0xdd92f0723a7318e684a88532cac2421e3cc9968e"",""avalanche"":""0xfb725c1e59ffd42749afb2fd003ff8784ba49fb7""}",18
ishares-russell-2000-value-etf-rstock,RIWN,iShares Russell 2000 Value ETF Tokenized Stock (Reality),ishares-russell-2000-value-etf-rstock,ishares-russell-2000-value-etf-rstockWBo.png,0.74897176,"{""arbitrum-one"":""0x440d26ea7d1a07baf3de19926ba2cb3b6e8a2a3a"",""morph-l2"":""0x0e22ef7ef9cc30534f6eb6e63e009098394d645d""}",18
steakhouse-wbtc-morpho-vault,STEAKWBTC,Steakhouse WBTC Morpho Vault,steakhouse-wbtc-morpho-vault,steakhouse-wbtc-morpho-vault1gE.png,0.000998409,"{""ethereum"":""0xbeef094333aedd535c130958c204e84f681fd9fa""}",18
etoro-group-dinari-tokenized-stock,ETOR,eToro Group (Dinari Tokenized Stock),etoro-group-dinari-tokenized-stock,etoro-group-dinari-tokenized-stockoT0.png,2.7533,"{""ethereum"":""0x573127444623c4bab8831b74aff42d1d499d4243"",""base"":""0x0512a6afd4368d0a89d8473d032e7fb6e3c4b968"",""arbitrum-one"":""0x260077010af0aad032d32041e2e3b72919c49240"",""avalanche"":""0x573127444623c4bab8831b74aff42d1d499d4243""}",18
regeneron-pharmaceuticals-rstock,RREGN,Regeneron Pharmaceuticals Tokenized Stock (Reality),regeneron-pharmaceuticals-rstock,regeneron-pharmaceuticals-rstock5em.png,0.16897639,"{""arbitrum-one"":""0x8060e17e095c0d93d01778f4daff345cc5e1a53a"",""morph-l2"":""0xa304552105cb5083438a4875fe50b34b7645e635""}",18
woori-financial-group-inc-rstock,RWF,Woori Financial Group Inc. Tokenized Stock (Reality),woori-financial-group-inc-rstock,woori-financial-group-inc-rstock9kz.png,1,"{""arbitrum-one"":""0x7588292ac55d2bef5a5cfb16b31136233c444384"",""morph-l2"":""0xc09c337f21e99e04b4ec4b0ef03c80aa66ee3ac2""}",18
air-products-chemicals-rstock,RAPD,Air Products and Chemicals Tokenized Stock (Reality),air-products-chemicals-rstock,air-products-chemicals-rstockCPA.png,0.81686562,"{""arbitrum-one"":""0x601edbb7d79e8e3f44b4266630cdfd0cc98d131e"",""morph-l2"":""0x76cef68875bc1513df35fd51b414381683809514""}",18
tjx-companies-rstock,RTJX,TJX Companies Tokenized Stock (Reality),tjx-companies-rstock,tjx-companies-rstockX0U.png,0.58445364,"{""arbitrum-one"":""0xc59ac11321574d0aadb98611930051540ae9d6ae"",""morph-l2"":""0xb7dd67b25060799c2e69d6e71bd64e4744f5db8d""}",18
carvana-rstock,RCVNA,Carvana Tokenized Stock (Reality),carvana-rstock,carvana-rstockOhs.png,1.209,"{""arbitrum-one"":""0xbcea9294781b49fec82bd4bd5dcc8a8acc7dffc0"",""morph-l2"":""0xa44d78014c05f7e256e32d941288613043748f5e""}",18
pdd-holdings-dinari-tokenized-stock,PDD,PDD Holdings (Dinari Tokenized Stock),pdd-holdings-dinari-tokenized-stock,pdd-holdings-dinari-tokenized-stockDEA.png,0.95948719,"{""ethereum"":""0x3a14bc97983e585f90d9bde7653ad31cff21821c"",""base"":""0xd311c4e1ed03b65a6b4ce988ec3d1f8629c47a9c"",""arbitrum-one"":""0xfa3441e0485487835bacdb49bc5670f88de9623e"",""avalanche"":""0x3a14bc97983e585f90d9bde7653ad31cff21821c""}",18
welltower-rstock,RWELL,Welltower Tokenized Stock (Reality),welltower-rstock,welltower-rstockZIX.png,0.32752473,"{""arbitrum-one"":""0xab1476f7038ad170b022e19ff9689b3c243e3d75"",""morph-l2"":""0x81bd6451123d5196e3b630d32ce1ea388acef8d4""}",18
dick-s-sporting-goods-rstock,RDKS,Dick's Sporting Goods Tokenized Stock (Reality),dick-s-sporting-goods-rstock,dick-s-sporting-goods-rstockoJO.png,0.5478,"{""arbitrum-one"":""0xa4182510464b58386e5154bdf01f16e4f1303173""}",18
flex-ltd-rstock,RFLEX,Flex Tokenized Stock (Reality),flex-ltd-rstock,flex-ltd-rstockOjg.png,0.64898182,"{""arbitrum-one"":""0x007e112907c755e1b29bfe6269ac9f0f62229b02"",""morph-l2"":""0x590b34901b610768f6687887bd798d6455d38dd1""}",18
bakkt-dinari-tokenized-stock,BKKT,Bakkt (Dinari Tokenized Stock),bakkt-dinari-tokenized-stock,bakkt-dinari-tokenized-stockKHv.png,7.7515,"{""ethereum"":""0x6edc2bfd1a7a91abc520993ca52c98d9821e46d4"",""base"":""0x6edc2bfd1a7a91abc520993ca52c98d9821e46d4"",""arbitrum-one"":""0x6edc2bfd1a7a91abc520993ca52c98d9821e46d4"",""avalanche"":""0x6edc2bfd1a7a91abc520993ca52c98d9821e46d4""}",18
snap-dinari-tokenized-stock,SNAP,Snap (Dinari Tokenized Stock),snap-dinari-tokenized-stock,snap-dinari-tokenized-stockVGK.png,15.046,"{""ethereum"":""0x670e1c690d25f03ebc46a15b12fd5767b8c96a4b"",""base"":""0x55b6608e87e8656bbb62d1d93f61ab6d74f53a9a"",""arbitrum-one"":""0xc4490902039320f9e13f158697e1638f07a285a3"",""avalanche"":""0xdc9dcd3bf257705a6b414ed4592af7d42ae35201""}",18
bitgo-holdings-dinari-tokenized-stock,BTGO,BitGo Holdings (Dinari Tokenized Stock),bitgo-holdings-dinari-tokenized-stock,bitgo-holdings-dinari-tokenized-stockTGX.png,9.2173,"{""ethereum"":""0xa4ea4c2290532711fd79d02b67eae3b42ec1a17f"",""base"":""0x785c4d67f08c041c48c59272fec92dcde17514ad"",""arbitrum-one"":""0xcf3925b24b3d815f6d9234e01f4dcaaf8fd6ebb3"",""avalanche"":""0x230a397a78e32056a5deb54edfedc26e45810bb9""}",18
blind-boxes,BLES,Blind Boxes,blind-boxes,blind-boxesqCI.png,100000000,"{""ethereum"":""0xe796d6ca1ceb1b022ece5296226bf784110031cd"",""binance_smart"":""0x393d87e44c7b1f5ba521b351532c24ece253b849"",""polygon-pos"":""0x1b599beb7b1f50807dd58fd7e8ffcf073b435e71""}",18
doordash-rstock,RDASH,DoorDash Tokenized Stock (Reality),doordash-rstock,doordash-rstockFzX.png,0.36694199,"{""arbitrum-one"":""0x8087629ed1788a0fd032c3a893bfeb5e600a6cfb"",""morph-l2"":""0x511f898546e9a61343bf163122a1d76c1f555a79""}",18
vulcan-materials-rstock,RVMC,Vulcan Materials Tokenized Stock (Reality),vulcan-materials-rstock,vulcan-materials-rstockllK.png,0.2782,"{""arbitrum-one"":""0x001e4b7f8714fbe801531dfad0cd9fcfa3f95abf""}",18
united-states-oil-fund-dinari-tokenized-etf,USO,United States Oil Fund (Dinari Tokenized ETF),united-states-oil-fund-dinari-tokenized-etf,united-states-oil-fund-dinari-tokenized-etfLhy.png,0.44043914,"{""ethereum"":""0xac76798a813f592502f20c76817e369bf72889eb"",""base"":""0x0d253a9631b94f48f016db36fa9d73a03effd400"",""arbitrum-one"":""0xf4094c8998dd46efa0797d0e5a2cd21745363fed"",""avalanche"":""0xa79e5fd378f0f70fbfdbc1306a652a25d82772d3"",""hyperevm"":""0xa79e5fd378f0f70fbfdbc1306a652a25d82772d3""}",18
cognizant-rstock,RCTSH,Cognizant Technology Solutions Tokenized Stock (Reality),cognizant-rstock,cognizant-rstock9hx.png,1,"{""arbitrum-one"":""0x4d2bf68068f5f9c8e8df16b1789c5262e8f4c5c3""}",18
kraneshares-wahed-alternative-income-index-etf-dinari-tokenized-etf,KWIN,KraneShares Wahed Alternative Income Index ETF (Dinari Tokenized ETF),kraneshares-wahed-alternative-income-index-etf-dinari-tokenized-etf,kraneshares-wahed-alternative-income-index-etf-dinari-tokenized-etfuIc.png,2.4731,"{""ethereum"":""0xd30c46a630b3856f9e53628c384eeb39c91dbf82"",""base"":""0xf49e0a8749127e61f05dd6116545c2651ccd364d"",""arbitrum-one"":""0xfedeba79c8142ec3ccce3e74e7ea99f8fdf0271c"",""avalanche"":""0x7479032a974620385e5a0cb45e1ab4c02dc0af25""}",18
brookfield-renewable-corporation-rstock,RBEPC,Brookfield Renewable Corporation Tokenized Stock (Reality),brookfield-renewable-corporation-rstock,brookfield-renewable-corporation-rstockwry.png,2,"{""arbitrum-one"":""0x518fdf57b1259b856f1cdf569fc2259cd8b0eef2"",""morph-l2"":""0x897ca7eb75011b4db7607f8a93f7be22aa776625""}",18
honeywell-aerospace-rstock,RHONA,Honeywell Aerospace Tokenized Stock (Reality),honeywell-aerospace-rstock,rho.png,0.3762,"{""arbitrum-one"":""0xe9211f8ecb2b4832dc58015cd4b78710c31b82a8"",""morph-l2"":""0x2371c3066e172f78612d02442daa505ade325b06""}",18
plus-korea-defense-industry-index-etf-dinari-tokenized-etf,KDEF,PLUS Korea Defense Industry Index ETF (Dinari Tokenized ETF),plus-korea-defense-industry-index-etf-dinari-tokenized-etf,plus-korea-defense-industry-index-etf-dinari-tokenized-etfvZD.png,1.3555,"{""ethereum"":""0xfd14a7869ed12eb5c46d336dd23565d3af2b5551"",""base"":""0xfd14a7869ed12eb5c46d336dd23565d3af2b5551"",""arbitrum-one"":""0xfd14a7869ed12eb5c46d336dd23565d3af2b5551"",""avalanche"":""0xfd14a7869ed12eb5c46d336dd23565d3af2b5551"",""hyperevm"":""0xfd14a7869ed12eb5c46d336dd23565d3af2b5551""}",18
proshares-ultrapro-short-qqq-dinari-tokenized-etf,SQQQ,ProShares UltraPro Short QQQ (Dinari Tokenized ETF),proshares-ultrapro-short-qqq-dinari-tokenized-etf,proshares-ultrapro-short-qqq-dinari-tokenized-etfYCl.png,1.6573,"{""ethereum"":""0xd3787e0925f0703ffea59baa6a40295635d2db5b"",""base"":""0xa750907a7193695525e15141a61ab014a4ed93e9"",""arbitrum-one"":""0xa1a7493d94abd806912c7f2ca968ff4a067557df"",""avalanche"":""0x970d2552aa8efdc5b8ad6317832f3cbd411d331a""}",18
edwards-lifesciences-rstock,REW,Edwards Lifesciences Tokenized Stock (Reality),edwards-lifesciences-rstock,edwards-lifesciences-rstockLuH.png,0.66727589,"{""arbitrum-one"":""0x3be47bc9b6abb4f76c978c3f8c3b5ee3a65f7a87"",""morph-l2"":""0xf19a3073597c38b2889f04dbdb3f621008cf8de0""}",18
tidal-trust-ii-defiance-oil-enhanced-options-income-etf-dinari-tokenized-etf,USOY,Tidal Trust II Defiance Oil Enhanced Options Income ETF (Dinari Tokenized ETF),tidal-trust-ii-defiance-oil-enhanced-options-income-etf-dinari-tokenized-etf,tidal-trust-ii-defiance-oil-enhanced-options-income-etf-dinari-tokenized-etf6Xt.png,7.3756,"{""ethereum"":""0xb9ed2ebe38f0daaddf276908d79347525b84fa31"",""base"":""0x886f894f6bc8aee578aa8d5204bb9b6b4a5ef76b"",""arbitrum-one"":""0x537143d1c0ab158b6b76a26121fc8747b6c4308b"",""avalanche"":""0xb9ed2ebe38f0daaddf276908d79347525b84fa31""}",18
keurig-dr-pepper-rstock,RKDP,Keurig Dr Pepper Tokenized Stock (Reality),keurig-dr-pepper-rstock,keurig-dr-pepper-rstockUxt.png,1.786,"{""arbitrum-one"":""0xe4b1b4d6028ef2811f62b6a104a8d60b4ac9ff95"",""morph-l2"":""0x546631be57b797c74f18db579f6505edeacc4677""}",18
grindr-ondo-tokenized-stock,GRNDON,Grindr (Ondo Tokenized Stock),grindr-ondo-tokenized-stock,grindr-ondo-tokenized-stockm0z.png,3.8761,"{""ethereum"":""0xe5b26ba77e6a4d79a7c54a5296d81254269d9700"",""binance_smart"":""0x20cce48d767ed68cbba7727c4c504efe5bcb626c"",""solana"":""Gc1aT3ay7FXL3qdAW7cNSXYPDsGavy7qiACuxwxondo""}",18
ypf-sociedad-anonima-rstock,RYPF,YPF Sociedad Anónima Tokenized Stock (Reality),ypf-sociedad-anonima-rstock,ypf-sociedad-anonima-rstockP1k.png,1.0018,"{""arbitrum-one"":""0x5fdb38df894bac56439ec5a27fe48b1b8c0b8bc8"",""morph-l2"":""0xb978086a8c4475c0d4bd6591601101580a45ac4c""}",18
ishares-global-timber-forestry-etf-dinari-tokenized-etf,WOOD,iShares Global Timber & Forestry ETF (Dinari Tokenized ETF),ishares-global-timber-forestry-etf-dinari-tokenized-etf,ishares-global-timber-forestry-etf-dinari-tokenized-etfZO0.png,0.83939185,"{""ethereum"":""0xd2a64bb1776f02e6b2b5503fe6a8ca6bf1f46d07"",""base"":""0xb8ebc0fc2453a1be3ab48db2de6237ce56e00c48"",""arbitrum-one"":""0x13f950ee286a5be0254065d4b66420fc0e57adfc"",""avalanche"":""0xfb5122e28a366f4363fda11b9df65f91ff494c2f""}",18
british-american-tobacco-rstock,RBTI,British American Tobacco Tokenized Stock (Reality),british-american-tobacco-rstock,british-american-tobacco-rstocknbZ.png,1.0243,"{""arbitrum-one"":""0x44052ad98b6e6747c59e8dd20f5abbb091883890"",""morph-l2"":""0x7e8025eb5ed00cdfc31d8e2c505188051c3ade85""}",18
re7-cbbtc,RE7CBBTC,Re7 cbBTC,re7-cbbtc,re7-cbbtcN33.png,0.00060449,"{""ethereum"":""0xa02f5e93f783baf150aa1f8b341ae90fe0a772f7""}",18
ishares-systematic-bond-etf-ondo-tokenized,SYSBON,iShares Systematic Bond ETF (Ondo Tokenized ETF),ishares-systematic-bond-etf-ondo-tokenized,ishares-systematic-bond-etf-ondo-tokenized03J.png,5.7718,"{""ethereum"":""0x8c2fefb7a5c26d44aa66ae3023d96af2ebacaebd"",""binance_smart"":""0xebe1408a7cce4f38de15467e5139c3d82e4641f8"",""solana"":""5U9o49BoQNU6bBMswvmBs3R4GZmYSyrnTN4ncX4ondo""}",18
steel-2,STEEL,Steel,steel-2,steel-2SuS.png,490154,"{""robinhood"":""0x0af77e27f535256965944e617a386570f5c0432a""}",18
ametek-rstock,RAME,AMETEK Tokenized Stock (Reality),ametek-rstock,ametek-rstockBoV.png,0.20335734,"{""arbitrum-one"":""0xa9c8174eb63fe9a366886af2772c7f20cd8d5b0b"",""morph-l2"":""0xd2c9a16a8be6b72c5891545f5c7b071a37ad9635""}",18
rio-tinto-rstock,RRIO,Rio Tinto Tokenized Stock (Reality),rio-tinto-rstock,rio-tinto-rstock727.png,0.5316,"{""arbitrum-one"":""0x680a4e8752dde9859c7b981308d2085202fded65"",""morph-l2"":""0x83e3a714ec681c72ae7fa2f034e45f29ad350cfa""}",18
hca-healthcare-rstock,RHCA,HCA Healthcare Tokenized Stock (Reality),hca-healthcare-rstock,hca-healthcare-rstockUuq.png,0.11653887,"{""arbitrum-one"":""0x3792995bd3e0b99ecaba4b834d35f8c7c9f4ae82"",""morph-l2"":""0xafa49786ac2a07b2f969f75fc29a05d36e40988e""}",18
core-scientific-dinari-tokenized-stock,CORZ,Core Scientific (Dinari Tokenized Stock),core-scientific-dinari-tokenized-stock,core-scientific-dinari-tokenized-stockrLT.png,2.7897,"{""ethereum"":""0x14c7729439919ad384ea5547d30484242d73ff05"",""base"":""0xbe0cd23592261951602a17cbb414ead175563e7c"",""arbitrum-one"":""0x8473ada3bb03ee5f6cbf8b27d54481ec05ad3e1f"",""avalanche"":""0x1c0e7bb8003e1ff66dbc978aa3b36034aa8502f3""}",18
mastec-rstock,RMTZ,MasTec Tokenized Stock (Reality),mastec-rstock,mastec-rstockRHN.png,0.22996145,"{""arbitrum-one"":""0xb0929d60c3eb8871586cdb7529857a216a91355c"",""morph-l2"":""0x8071045999139b8302ec06250f797c41242ddd96""}",18
ishares-1-3-year-treasury-bond-etf-rstock,RSHY,iShares 1-3 Year Treasury Bond ETF Tokenized Stock (Reality),ishares-1-3-year-treasury-bond-etf-rstock,ishares-1-3-year-treasury-bond-etf-rstockGF6.png,0.70812566,"{""arbitrum-one"":""0x0451aee41e4c7c9e958f47219dc145f5442c28d0"",""morph-l2"":""0xea51e3276546dbb5ff215ad34f0dfeaf949000f7""}",18
atlassian-rstock,RTEAM,Atlassian Tokenized Stock (Reality),atlassian-rstock,atlassian-rstockLzj.png,10.0556,"{""arbitrum-one"":""0xe4daefbde7361c57d9f26e0a915707fdfc2cf096"",""morph-l2"":""0x0c21c92737fab62a1abf47653d65952153477527""}",18
rainbow-bridged-wbtc-near-protocol,WBTC,Rainbow Bridged WBTC (Near Protocol),rainbow-bridged-wbtc-near-protocol,rainbow-bridged-wbtc-near-protocolRRd.png,41.8917,"{""near-protocol"":""2260fac5e5542a773aa44fbcfedf7c193bc2c599.factory.bridge.near""}",18
yum-china-holdings-inc-rstock,RYUMC,Yum China Holdings Tokenized Stock (Reality),yum-china-holdings-inc-rstock,yum-china-holdings-inc-rstockwdN.png,0.97549369,"{""arbitrum-one"":""0x903f44a9ef4de4de738ffd5f75dac64176c3a526"",""morph-l2"":""0x3efa5d3b97525930e95c336af728b685c36aedc2""}",18
lightwave-logic-rstock,RLWLG,Lightwave Logic Tokenized Stock (Reality),lightwave-logic-rstock,lightwave-logic-rstockfTy.png,147.8119,"{""arbitrum-one"":""0x729c98828c35b23969afe798640fd5d543385185""}",18
rocket-rstock,RRKT,Rocket Tokenized Stock (Reality),rocket-rstock,rocket-rstockEjl.png,5.5623,"{""arbitrum-one"":""0x3c6600e38da4e28cd07a9796e7c3d40ff0eeaced""}",18
investment-managers-series-trust-ii-tradr-2x-short-tsla-daily-etf-dinari-tokenized-etf,TSLQ,Investment Managers Series Trust II Tradr 2X Short TSLA Daily ETF (Dinari Tokenized ETF),investment-managers-series-trust-ii-tradr-2x-short-tsla-daily-etf-dinari-tokenized-etf,investment-managers-series-trust-ii-tradr-2x-short-tsla-daily-etf-dinari-tokenized-etfA32.png,2.0224,"{""ethereum"":""0x29d861aeec3b1519d9c971aa658de63a4859b5d1"",""base"":""0x2349b839f9395af7feeda3444a4c9b3137784330"",""arbitrum-one"":""0xde23876cce50038d594749ebcf5bc17a557b705a"",""avalanche"":""0x3d2ecb25d3d348fadd002b27b97e6a24a1b07384""}",18
wrapped-ada-universal,UADA,Wrapped ADA (Universal),wrapped-ada-universal,wrapped-ada-universalAIn.png,142.7949,"{""base"":""0xa3a34a0d9a08ccddb6ed422ac0a28a06731335aa""}",18
marriott-international-rstock,RMAR,Marriott International Tokenized Stock (Reality),marriott-international-rstock,marriott-international-rstockTLd.png,0.09655239,"{""arbitrum-one"":""0xbd66eae9adfad36f1ce77a01a59adb1f9eba97a8"",""morph-l2"":""0xfed9b65574f57c21a2120785f2a26b10f3e731fc""}",18
chipotle-mexican-grill-rstock,RCMG,Chipotle Tokenized Stock (Reality),chipotle-mexican-grill-rstock,chipotle-mexican-grill-rstock8zN.png,1.009,"{""arbitrum-one"":""0x1ac387f7020605e561da781d95e693b37db52c68"",""morph-l2"":""0xdde222ada700138a9ff6ff84b6f4b248394a7cf0""}",18
wrapped-chainlink-universal,ULINK,Wrapped Chainlink (Universal),wrapped-chainlink-universal,wrapped-chainlink-universalCuo.png,2.3,"{""base"":""0xd403d1624daef243fbcbd4a80d8a6f36affe32b2""}",18
alpha-architect-1-3-month-box-etf-dinari-tokenized-etf,BOXX,Alpha Architect 1-3 Month Box ETF (Dinari Tokenized ETF),alpha-architect-1-3-month-box-etf-dinari-tokenized-etf,alpha-architect-1-3-month-box-etf-dinari-tokenized-etfg0a.png,0.26946901,"{""ethereum"":""0x088828f0a8e2dc8511e957230f4681371451fa1d"",""base"":""0xa70cc6f267e02a6e135fa2589432e6734a613eb3"",""arbitrum-one"":""0xcd3246f6173217dbecf63ffab83d477b266679da"",""avalanche"":""0x82167a3fafd08b9ea43e4ce3f67d5f5e4aef3b96""}",18
state-street-spdr-nuveen-ice-high-yield-municipal-bond-etf-dinari-tokenized-etf,HYMB,State Street SPDR Nuveen ICE High Yield Municipal Bond ETF (Dinari Tokenized ETF),state-street-spdr-nuveen-ice-high-yield-municipal-bond-etf-dinari-tokenized-etf,state-street-spdr-nuveen-ice-high-yield-municipal-bond-etf-dinari-tokenized-etfMbn.png,1.345,"{""ethereum"":""0x88cee7bf66435f6fdbb681a6a522f26598fe39a2"",""base"":""0x7d3b1a25d7ad1d8c5bc79a93cc03fb1900b9bc6f"",""arbitrum-one"":""0xef5713f65e32332b604e1096e68a6d78a0e927cf"",""avalanche"":""0xa70c0ff84a02348732106a29ebfd736bbcd49573""}",18
barings-bdc-dinari-tokenized-stock,BBDC,Barings BDC (Dinari Tokenized Stock),barings-bdc-dinari-tokenized-stock,barings-bdc-dinari-tokenized-stockD96.png,3.3814,"{""ethereum"":""0xbcbdb131c2b77c1d1a8e96143129a497d972f7b0"",""base"":""0x4ed69956ecc12ec7faf14020057e68474dbc3edf"",""arbitrum-one"":""0x985ece67eb9692c44fac25f2e22f64fe3e8d4db1"",""avalanche"":""0xbcbdb131c2b77c1d1a8e96143129a497d972f7b0""}",18
echostar-robinhood-tokenized-stock,SATS,EchoStar • Robinhood Token,echostar-robinhood-tokenized-stock,echostar-robinhood-tokenized-stock8PU.png,0.315,"{""robinhood"":""0x95052ddcd5dc25641657424a8cf04834997e1730""}",18
godaddy-inc-rstock,RGDDY,GoDaddy Inc. Tokenized Stock (Reality),godaddy-inc-rstock,godaddy-inc-rstock5QM.png,0.3085,"{""arbitrum-one"":""0x5326683a07dc50b52c26ceffce23ef6b5f012218"",""morph-l2"":""0x2612edc4919c12e5cb0e90c776ab9850e1e6f78c""}",18
exelon-rstock,REXC,Exelon Tokenized Stock (Reality),exelon-rstock,exelon-rstockcoC.png,0.73234082,"{""arbitrum-one"":""0xc0be06d7668bbb19bdb294937bceb4b7ea70bea4"",""morph-l2"":""0xba6446bea65da27c4c3dcc05a2ee474cc1d4be87""}",18
global-x-lithium-battery-tech-etf-rstock,RLIT,Global X Lithium & Battery Tech ETF Tokenized Stock (Reality),global-x-lithium-battery-tech-etf-rstock,global-x-lithium-battery-tech-etf-rstock6c5.png,0.40064044,"{""arbitrum-one"":""0x5f02ee60f8babcb4f7432731a2b8e719251618b2"",""morph-l2"":""0x2a8a7af61e2904504243cf81529d4f558632f455""}",18
bullish-dinari-tokenized-stock,BLSH,Bullish (Dinari Tokenized Stock),bullish-dinari-tokenized-stock,bullish-dinari-tokenized-stockuvV.png,0.91740294,"{""ethereum"":""0x5b584a9ab9fb12f5105ee90ce6fd55def0bf6751"",""base"":""0x09c431e1d1b1d00aab5a84fbcea90af80df2e862"",""arbitrum-one"":""0x03fc8d0765e922ed584f046cf07761417a269bad"",""avalanche"":""0xfc56be421dcedbb18078f9a0b6afeeb66bc3afb2""}",18
jd-com-dinari-tokenized-stock,JD,JD.com (Dinari Tokenized Stock),jd-com-dinari-tokenized-stock,jd-com-dinari-tokenized-stock6AC.png,1.365,"{""ethereum"":""0x6c46e3620c8540d462fae22157f1c81d3b842edf"",""base"":""0xe495869c1c7111a27c969ea4d59569cbd3c2aaed"",""arbitrum-one"":""0xa8687073db442b62ee4e4936529062f88b1ae008"",""avalanche"":""0x6c46e3620c8540d462fae22157f1c81d3b842edf""}",18
carlyle-secured-lending-dinari-tokenized-stock,CGBD,Carlyle Secured Lending (Dinari Tokenized Stock),carlyle-secured-lending-dinari-tokenized-stock,carlyle-secured-lending-dinari-tokenized-stockt9E.png,2.4652,"{""ethereum"":""0x90b28056c357276c0560a4a9fcb7f30b3e6c2acc"",""base"":""0x68661d4fc9d373fca0fba0c025af3a2a2123940d"",""arbitrum-one"":""0x67e097cd4f932ed3275eee812ed737b5dc882520"",""avalanche"":""0x90b28056c357276c0560a4a9fcb7f30b3e6c2acc""}",18
amer-sports-inc-rstock,RAS,Amer Sports Tokenized Stock (Reality),amer-sports-inc-rstock,amer-sports-inc-rstockP2r.png,1.76,"{""arbitrum-one"":""0xb0ee72312794809338879dc6581b42d3ec1ae9eb"",""morph-l2"":""0x4067657c956dd3a436108ec8260c34beac5dd83e""}",18
neurocrine-biosciences-inc-rstock,RNBIX,Neurocrine Biosciences Tokenized Stock (Reality),neurocrine-biosciences-inc-rstock,neurocrine-biosciences-inc-rstockPob.png,0.17,"{""arbitrum-one"":""0x031b40bda4157f478ddbc22387d81c3df74024ae"",""morph-l2"":""0x2c39e6b1888e1b3cda2ccd223e07623940d161f3""}",18
unity-software-rstock,RU,Unity Software Tokenized Stock (Reality),unity-software-rstock,unity-software-rstockHlZ.png,2.4628,"{""arbitrum-one"":""0x5cc7f889f46064153f2ec9d145488d86b5f1cce4"",""morph-l2"":""0xaf5748a0fa352242c4b49a7fd4e8e7bd5fe2544f""}",18
southern-copper-rstock,RSCCO,Southern Copper Tokenized Stock (Reality),southern-copper-rstock,southern-copper-rstocksYb.png,0.1305357,"{""arbitrum-one"":""0x0bd69366144749abeaf26534a8be3be905dc25a4"",""morph-l2"":""0x773f1fd627dd76f4c61fdafe143f51a155a4f335""}",18
truist-financial-rstock,RTFC,Truist Financial Tokenized Stock (Reality),truist-financial-rstock,truist-financial-rstock4Ja.png,0.50000001,"{""arbitrum-one"":""0x936ad0623a1c1912ed2ab8c69a7978f69d5aa98b"",""morph-l2"":""0xff5145dcc348620dbeb3a25279c6d12cc1c013c2""}",18
omni-consumer-protocol,OCP,Omni Consumer Protocol,omni-consumer-protocol,omni-consumer-protocol96m.png,100000000,"{""binance_smart"":""0x3c70260eee0a2bfc4b375feb810325801f289fbd""}",18
ishares-iboxx-high-yield-corporate-bond-etf-rstock,RHYG,iBoxx $ High Yield Corporate Bond ETF Tokenized Stock (Reality),ishares-iboxx-high-yield-corporate-bond-etf-rstock,ishares-iboxx-high-yield-corporate-bond-etf-rstock8xM.png,0.31693499,"{""arbitrum-one"":""0x4819cc7f41226adfcdf57a9a97c0d8832eda973f"",""morph-l2"":""0x9d255d3198e7e20c642cb68a8ff04399739d340d""}",18
ambev-s-a-rstock,RABEV,Ambev S.A. Tokenized Stock (Reality),ambev-s-a-rstock,ambev-s-a-rstock1lT.png,8,"{""arbitrum-one"":""0x7f92d6a61c6f16375ff49baf3617e519917fdbee"",""morph-l2"":""0xb45326c11909c5539bb56ba2bfad961fa6baea3c""}",18
entegris-rstock,RENTG,Entegris Tokenized Stock (Reality),entegris-rstock,entegris-rstock6ka.png,0.15699789,"{""arbitrum-one"":""0xa2b85f5c0d319a80064e13285da5eb7477ee40a9""}",18
gamestop-astock,AGME,GameStop aStock,gamestop-astock,gamestop-astockRH0.png,0.94604119,"{""arbitrum-one"":""0x8e18ac2b7ebdd781e7a15c333f3b80eed8de4a27"",""monad"":""0x8e18ac2b7ebdd781e7a15c333f3b80eed8de4a27"",""ethereum"":""0x8e18ac2b7ebdd781e7a15c333f3b80eed8de4a27"",""base"":""0x8e18ac2b7ebdd781e7a15c333f3b80eed8de4a27"",""robinhood"":""0x8e18ac2b7ebdd781e7a15c333f3b80eed8de4a27"",""binance_smart"":""0x8e18ac2b7ebdd781e7a15c333f3b80eed8de4a27""}",18
ghost-by-mcafee,GHOST,Ghost,ghost-by-mcafee,ghost-by-mcafeeKhB.png,29874900,"{""ethereum"":""0x4c327471c44b2dacd6e90525f9d629bd2e4f662c"",""polygon-pos"":""0xb5e0cfe1b4db501ac003b740665bf43192cc7853""}",18
kraneshares-csi-china-internet-etf-dinari-tokenized-etf,KWEB,KraneShares CSI China Internet ETF (Dinari Tokenized ETF),kraneshares-csi-china-internet-etf-dinari-tokenized-etf,kraneshares-csi-china-internet-etf-dinari-tokenized-etfmgN.png,0.80465301,"{""ethereum"":""0xf6a7e06b2ac7cf8a65200f370b277263c36c1dc5"",""base"":""0xe991c1c657dc47ee1d01135c1dad63f971b8d7ce"",""arbitrum-one"":""0xd7320c1bb67c7f9edab5bad536a7fbf0cb75dae3"",""avalanche"":""0xf6a7e06b2ac7cf8a65200f370b277263c36c1dc5""}",18
bending-spoons-s-p-a-rstock,RBSP,Bending Spoons Tokenized Stock (Reality),bending-spoons-s-p-a-rstock,bending-spoons-s-p-a-rstock0Fu.png,0.66510217,"{""arbitrum-one"":""0x1fc17e25729b6b4a5e5956370b040c333bef79fb"",""morph-l2"":""0x90d24a350d7f42dde0cb99b26665fe6cc4652f97""}",18
capital-southwest-dinari-tokenized-stock,CSWC,Capital Southwest (Dinari Tokenized Stock),capital-southwest-dinari-tokenized-stock,capital-southwest-dinari-tokenized-stockeHW.png,0.8491762,"{""ethereum"":""0x5ac30b0ff0dab87c7ac5e497bb58013f43bd59e5"",""base"":""0x58085c054d7155ad72e0e29e39c7c06d3951db4d"",""arbitrum-one"":""0x000421a97228fdfd6eed58e4d994672b62843b6c"",""avalanche"":""0x5ac30b0ff0dab87c7ac5e497bb58013f43bd59e5""}",18
carnival-dinari-tokenized-stock,CCL,Carnival (Dinari Tokenized Stock),carnival-dinari-tokenized-stock,carnival-dinari-tokenized-stock2mf.png,0.84621583,"{""ethereum"":""0x09de9c8fbe90271e8886b55d66e3b37130e3a3da"",""base"":""0xd5e8dc8ba0c459a97a79d8ee2b4fec186e4af078"",""arbitrum-one"":""0xa81323f79c4f3887e18cc2702b31635a56ec606e"",""avalanche"":""0x777277f82efaf7ace84b513f0713d5af47ca5864""}",18
steris-plc-rstock,RSTE,STERIS plc Tokenized Stock (Reality),steris-plc-rstock,steris-plc-rstockHuV.png,0.0984,"{""arbitrum-one"":""0x843cd460889866c6ab0434bfd13c6290c510fd2c"",""morph-l2"":""0xe0c527f75ed0fa024cc21c863809ef2fdd60e5fc""}",18
yieldfi-yhlp,YHLP,YieldFi yHLP,yieldfi-yhlp,yieldfi-yhlpFm5.png,20.4891,"{""ethereum"":""0x386e0983d0e05f5239fd029793ef3ba37b468e9c""}",18
yieldmax-universe-fund-of-option-income-etfs-dinari-tokenized-etf,YMAX,YieldMax Universe Fund of Option Income ETFs (Dinari Tokenized ETF),yieldmax-universe-fund-of-option-income-etfs-dinari-tokenized-etf,yieldmax-universe-fund-of-option-income-etfs-dinari-tokenized-etf2dw.png,2.6408,"{""ethereum"":""0xf6fc820f0a1ace4d56e36e7df17af2f21f6bfd1b"",""base"":""0x85ad8a04c21a2ed88dffc70981137e55233d7579"",""arbitrum-one"":""0x4e67cd54a712df5f19040acee7770f38c43f12ef"",""avalanche"":""0xf6fc820f0a1ace4d56e36e7df17af2f21f6bfd1b""}",18
0xbbbb2d4d765c1e455e4896a64ba3883e914abbbb_ethereum,BMP,BitmapPunks,bitmappunks,bitmappunksIuf.png,4200000,"{""ethereum"":""0xbbbb2d4d765c1e455e4896a64ba3883e914abbbb"",""binance_smart"":""0xbbbbbb163f835a334f2cc2dfc6bf51286db69fbb""}",18
bain-capital-specialty-finance-dinari-tokenized-stock,BCSF,Bain Capital Specialty Finance (Dinari Tokenized Stock),bain-capital-specialty-finance-dinari-tokenized-stock,bain-capital-specialty-finance-dinari-tokenized-stockvCt.png,1.6339,"{""ethereum"":""0xe443513c20ea2cbc5002dd410b707df877395b9c"",""base"":""0xbd816ff1578d178cea69c8d51418f2edbe673860"",""arbitrum-one"":""0xb173ea5a46224eb6ef54f7345624124bb39b2fcc"",""avalanche"":""0xe443513c20ea2cbc5002dd410b707df877395b9c""}",18
aci-worldwide-dinari-tokenized-stock,ACIW,ACI Worldwide (Dinari Tokenized Stock),aci-worldwide-dinari-tokenized-stock,aci-worldwide-dinari-tokenized-stockVkM.png,0.32966275,"{""ethereum"":""0x8ba7169694799c467ecee98dbb9e90448fd38c53"",""base"":""0x8ba7169694799c467ecee98dbb9e90448fd38c53"",""arbitrum-one"":""0x8ba7169694799c467ecee98dbb9e90448fd38c53"",""avalanche"":""0x8ba7169694799c467ecee98dbb9e90448fd38c53""}",18
iris-network,IRIS,IRISnet,iris-network,iris-networko4W.png,2149219140,"{""osmosis"":""ibc/7C4D60AA95E5A7558B0A364860979CA34B7FF8AAF255B87AF9E879374470CEC0""}",18
fedex-rstock,RFDX,FedEx Tokenized Stock (Reality),fedex-rstock,fedex-rstockoF6.png,0.38954728,"{""arbitrum-one"":""0x504de6997d283a9f7ed5c05e654eb10d672c251a"",""morph-l2"":""0x41e4fbb1a9297d6a6bb533727f6af14234be4911""}",18
nest-elixir-vault-lp,INELIXIR,Nest Elixir Vault (LP),nest-elixir-vault-lp,nest-elixir-vault-lpp3b.png,8.6767,"{""ethereum"":""0xd3bfd6e6187444170a1674c494e55171587b5641"",""plume-network"":""0xd3bfd6e6187444170a1674c494e55171587b5641""}",18
fidelity-solana-fund-etf-rstock,RFSOL,Fidelity Solana Fund Tokenized Stock (Reality),fidelity-solana-fund-etf-rstock,fidelity-solana-fund-etf-rstockder.png,1,"{""arbitrum-one"":""0x9229876cac7046bc9f34d74d3df88a04c125debd"",""morph-l2"":""0xfb6159c8861e2adac5dab7e63b2c6db28fd79c6a""}",18
janus-henderson-aaa-clo-etf-rstock,RJAAA,Janus Henderson AAA CLO ETF Tokenized Stock (Reality),janus-henderson-aaa-clo-etf-rstock,janus-henderson-aaa-clo-etf-rstockd8H.png,9.9425,"{""arbitrum-one"":""0x61a55e1c3c68346ddf522a7226da7a6cc593e910"",""morph-l2"":""0xda416df651a92fb5b159f7bd993e64f4fa99f9f7""}",18
aarna-atv111-base,ATV111,aarna atv111 (Base),aarna-atv111-base,aarna-atv111-baseVuo.png,0.1302037,"{""base"":""0xb56aa0cbee33c4b6b281027ebaa7697aad42a853""}",18
aarna-atv-usdc-base,ATVUSDC,aarna atv USDC (Base),aarna-atv-usdc-base,aarna-atv-usdc-baseh3z.png,0.1302037,"{""base"":""0x748d974d8c1d380da29db16d0840788949b99f63""}",18
iusd-2,IUSD,iUSD,iusd-2,iusd-2pog.png,12.1119,"{""initia"":""0x6c69733a9e722f3660afb524f89fce957801fa7e4408b8ef8fe89db9627b570e""}",18
hf-sinclair-corporation-rstock,RDINO,HF Sinclair Corporation Tokenized Stock (Reality),hf-sinclair-corporation-rstock,hf-sinclair-corporation-rstockdEQ.png,0.11002029,"{""arbitrum-one"":""0x9c0a3f6d749df687f5985ab24fa92dbc8882e1e5"",""morph-l2"":""0xe7a5166687317d1e0477fc403ee05e57f5bc31e8""}",18
rockwell-automation-rstock,RROK,Rockwell Automation Tokenized Stock (Reality),rockwell-automation-rstock,rockwell-automation-rstockyhc.png,0.02726538,"{""arbitrum-one"":""0xa86c344dcaf361a1799eb8e164fa5159e4eb9fce"",""morph-l2"":""0xd931aae0bc9e903db70dee006de6bbf7febf0fdf""}",18
interactive-brokers-group-dinari-tokenized-stock,IBKR,Interactive Brokers Group (Dinari Tokenized Stock),interactive-brokers-group-dinari-tokenized-stock,interactive-brokers-group-dinari-tokenized-stockUM3.png,0.12060449,"{""ethereum"":""0xcefa48c12a7a41076771f367cbab4b5fcba82e35"",""base"":""0xcefa48c12a7a41076771f367cbab4b5fcba82e35"",""arbitrum-one"":""0xcefa48c12a7a41076771f367cbab4b5fcba82e35"",""avalanche"":""0xcefa48c12a7a41076771f367cbab4b5fcba82e35""}",18
general-mills-rstock,RGIS,General Mills Tokenized Stock (Reality),general-mills-rstock,general-mills-rstock7mI.png,0.3342,"{""arbitrum-one"":""0x06f7b33a6cf5ae61c563fbd3b011b23507cb8e79"",""morph-l2"":""0x30a6b5f12d0b6c6f80f19bea2bbe1d427aa7013a""}",18
direxion-daily-ftse-china-bull-3x-etf-dinari-tokenized-etf,YINN,Direxion Daily FTSE China Bull 3X ETF (Dinari Tokenized ETF),direxion-daily-ftse-china-bull-3x-etf-dinari-tokenized-etf,direxion-daily-ftse-china-bull-3x-etf-dinari-tokenized-etf6YM.png,0.34784445,"{""ethereum"":""0xe372539e4891b11901137819b060c949bb554d31"",""base"":""0x7b6d358535ca7f375287b3db9addd24afc27088c"",""arbitrum-one"":""0xba3ef647e87e931152792345117dcc07899459b3"",""avalanche"":""0xa1bfe460200e1eb4b5773639000c9262461eda7c""}",18
cleanspark-dinari-tokenized-stock,CLSK,CleanSpark (Dinari Tokenized Stock),cleanspark-dinari-tokenized-stock,cleanspark-dinari-tokenized-stockS07.png,0.84109105,"{""ethereum"":""0x2a4bd933d140d2df4e134fa3eba91a762297030f"",""base"":""0x2a4bd933d140d2df4e134fa3eba91a762297030f"",""arbitrum-one"":""0x2a4bd933d140d2df4e134fa3eba91a762297030f"",""avalanche"":""0x2a4bd933d140d2df4e134fa3eba91a762297030f""}",18
wrapped-aave-ethereum-pyusd,WAETHPYUSD,Wrapped Aave Ethereum PYUSD,wrapped-aave-ethereum-pyusd,wrapped-aave-ethereum-pyusdNT0.png,10.016,"{""ethereum"":""0xb51edddd8c47856d81c8681ea71404cec93e92c6""}",18
hyperlane-bridged-weth-radix,HETH,Hyperlane Bridged WETH (Radix),hyperlane-bridged-weth-radix,hyperlane-bridged-weth-radixCqk.png,0.01027827,"{""radix"":""resource_rdx1th09yvv7tgsrv708ffsgqjjf2mhy84mscmj5jwu4g670fh3e5zgef0""}",18
kaspi-kz-jsc-rstock,RKSPI,Kaspi.kz JSC Tokenized Stock (Reality),kaspi-kz-jsc-rstock,rks.png,0.10740001,"{""arbitrum-one"":""0x0f3b8d51ff4412ec77b87a15a33a83b4c1752eb3"",""morph-l2"":""0xf680d622fed5f261501ce7f4b98a24abc57ebc9f""}",18
cummins-rstock,RCMI,Cummins Tokenized Stock (Reality),cummins-rstock,cummins-rstockuFc.png,0.01983093,"{""arbitrum-one"":""0xfc5c940ac9823b93fbd0ab486c4342ce56e4c17d"",""morph-l2"":""0x518200bacf5b61a0eaa9ca3815d64be7aa3264ac""}",18
woodside-energy-group-ltd-rstock,RWDS,Woodside Energy Group Ltd Tokenized Stock (Reality),woodside-energy-group-ltd-rstock,woodside-energy-group-ltd-rstock4Of.png,0.4784,"{""arbitrum-one"":""0xe6fa12cc3506585c19d663ea93f4db9301e25700"",""morph-l2"":""0x475ad74ad3bbf8ce7352eb2778d9a20334a50984""}",18
yieldfi-valos,YVALOS,YieldFi Valos,yieldfi-valos,yieldfi-valos58w.png,10,"{""ethereum"":""0xd04ae722b3fe56812e13bb212a79cea7c1b08ff0""}",18
american-tower-corp-rstock,RAMT,American Tower Tokenized Stock (Reality),american-tower-corp-rstock,american-tower-corp-rstockqnT.png,0.06055476,"{""arbitrum-one"":""0x33d5ae493f68dc4ed05ef6d6a616cb3ab6ad6334"",""morph-l2"":""0xe364d210e4464a63c67ce1d9de48dd61d8a5f6cf""}",18
cantor-equity-partners-i-dinari-tokenized-stock,CEPO,Cantor Equity Partners I (Dinari Tokenized Stock),cantor-equity-partners-i-dinari-tokenized-stock,cantor-equity-partners-i-dinari-tokenized-stockNIJ.png,0.91450328,"{""ethereum"":""0x004e6c2902e82038d683261f04ea955f47d2d66c"",""base"":""0xed0832d550a5174fed3e8c7abc3ddb9ce27dc265"",""arbitrum-one"":""0x2e98093f5757f7bd7485c58bae62c622e75dd047"",""avalanche"":""0x004e6c2902e82038d683261f04ea955f47d2d66c""}",18
proshares-ultrapro-short-qqq-astock,ASQQQ,ProShares UltraPro Short QQQ aStock,proshares-ultrapro-short-qqq-astock,proshares-ultrapro-short-qqq-astockrqb.png,0.28805156,"{""arbitrum-one"":""0x3d054231ed348b1c52684e2477f935fe06dafd85"",""monad"":""0x3d054231ed348b1c52684e2477f935fe06dafd85"",""ethereum"":""0x3d054231ed348b1c52684e2477f935fe06dafd85"",""base"":""0x3d054231ed348b1c52684e2477f935fe06dafd85"",""robinhood"":""0x3d054231ed348b1c52684e2477f935fe06dafd85"",""binance_smart"":""0x3d054231ed348b1c52684e2477f935fe06dafd85""}",18
boyd-gaming-dinari-tokenized-stock,BYD,Boyd Gaming (Dinari Tokenized Stock),boyd-gaming-dinari-tokenized-stock,boyd-gaming-dinari-tokenized-stockdSw.png,0.11328105,"{""ethereum"":""0x132b6a2b80c9f577f73483efab0c70285d14289a"",""base"":""0x35dbd02359c34776efbc3067722be37c54186cb5"",""arbitrum-one"":""0x90c0fc58cdcfbc5ebad37e7d613aa6d486fc163a"",""avalanche"":""0x132b6a2b80c9f577f73483efab0c70285d14289a""}",18
calamos-strategic-total-return-fund-dinari-tokenized-stock,CSQ,Calamos Strategic Total Return Fund (Dinari Tokenized Stock),calamos-strategic-total-return-fund-dinari-tokenized-stock,calamos-strategic-total-return-fund-dinari-tokenized-stock2Pj.png,0.45163501,"{""ethereum"":""0x1f1a8b19ba9ca36cc3bd2564597ac01927e94d44"",""base"":""0xe45ebec86468f79aa7f7ca39d135938450f8a835"",""arbitrum-one"":""0xeac7e3dae7c6ed3573b0df25b1b892d0296d1fab"",""avalanche"":""0x1f1a8b19ba9ca36cc3bd2564597ac01927e94d44""}",18
amentum-holdings-dinari-tokenized-stock,AMTM,Amentum Holdings (Dinari Tokenized Stock),amentum-holdings-dinari-tokenized-stock,amentum-holdings-dinari-tokenized-stockqEe.png,0.73973612,"{""ethereum"":""0x0583edfff1106dd843417b2e8fcffb64e02e96f9"",""base"":""0x3f4364a3b35df9df12a5fb84b7692ea3df283250"",""arbitrum-one"":""0x5a77defb2337f23e664469a09d77869c3baf2665"",""avalanche"":""0xb98f1826493b7888f9234fd0630247abfadf1eb1""}",18
cboe-global-markets-dinari-tokenized-stock,CBOE,Cboe Global Markets (Dinari Tokenized Stock),cboe-global-markets-dinari-tokenized-stock,cboe-global-markets-dinari-tokenized-stockDVz.png,0.0316451,"{""ethereum"":""0x480d1a08a9d76420d0f534f3195e6911453c83dc"",""base"":""0x480d1a08a9d76420d0f534f3195e6911453c83dc"",""arbitrum-one"":""0x480d1a08a9d76420d0f534f3195e6911453c83dc"",""avalanche"":""0x480d1a08a9d76420d0f534f3195e6911453c83dc""}",18
unagii-wrapped-bitcoin,UWBTC,Unagii Wrapped Bitcoin,unagii-wrapped-bitcoin,unagii-wrapped-bitcoinLSN.png,0.00008773,"{""ethereum"":""0x3af5ba94c29a8407785f5f6d90ef5d69a8eb2436""}",18
aerovironment-dinari-tokenized-stock,AVAV,AeroVironment (Dinari Tokenized Stock),aerovironment-dinari-tokenized-stock,aerovironment-dinari-tokenized-stock5Pl.png,0.10354088,"{""ethereum"":""0xba994f9e798e5b3ed2a368d196172e82a30b832b"",""base"":""0x6e67eb99defe7eff1345a71c27775848aa05605c"",""arbitrum-one"":""0xe9441e3b15d25d665c54061167945ff38e32c9d9"",""avalanche"":""0x2cd67cae57502d2c1ef0253815a8dd64d4fd917d""}",18
marqeta-dinari-tokenized-stock,MQ,Marqeta (Dinari Tokenized Stock),marqeta-dinari-tokenized-stock,marqeta-dinari-tokenized-stockrM1.png,0.38598058,"{""ethereum"":""0xd01df9d21aa4580761725b304e3a85ff80cbbd01"",""base"":""0xd01df9d21aa4580761725b304e3a85ff80cbbd01"",""arbitrum-one"":""0xd01df9d21aa4580761725b304e3a85ff80cbbd01"",""avalanche"":""0xd01df9d21aa4580761725b304e3a85ff80cbbd01""}",18
graniteshares-2x-short-sk-hynix-daily-etf-astock,ASKDD,GraniteShares 2x Short SK Hynix Daily ETF aStock,graniteshares-2x-short-sk-hynix-daily-etf-astock,graniteshares-2x-short-sk-hynix-daily-etf-astockI6q.png,1,"{""arbitrum-one"":""0x215cce3e783fc7fafbed758d55ef5b654fd69a34"",""monad"":""0x215cce3e783fc7fafbed758d55ef5b654fd69a34"",""ethereum"":""0x215cce3e783fc7fafbed758d55ef5b654fd69a34"",""base"":""0x215cce3e783fc7fafbed758d55ef5b654fd69a34"",""robinhood"":""0x215cce3e783fc7fafbed758d55ef5b654fd69a34"",""binance_smart"":""0x215cce3e783fc7fafbed758d55ef5b654fd69a34""}",18
vaneck-oil-services-etf-rstock,ROIH,VanEck Oil Services ETF Tokenized Stock (Reality),vaneck-oil-services-etf-rstock,vaneck-oil-services-etf-rstockaCY.png,1.8546,"{""arbitrum-one"":""0x488588ea726bceeb68eab048f12bf549c4bcca63"",""morph-l2"":""0x6a97640d2cab70b11da57feafe5404a4d59cdcec""}",18
new-mountain-finance-dinari-tokenized-stock,NMFC,New Mountain Finance (Dinari Tokenized Stock),new-mountain-finance-dinari-tokenized-stock,new-mountain-finance-dinari-tokenized-stockZ8d.png,0.81037675,"{""ethereum"":""0xe8802d382718e0c2076bb10830da2cddb7b199f5"",""base"":""0x92c81e1352a7f1e59c4df6f7a342b82d9d51b3b3"",""arbitrum-one"":""0xf50e312c0bf6ee02a639f2a25d06f7013e492665"",""avalanche"":""0xe8802d382718e0c2076bb10830da2cddb7b199f5""}",18
nest-mineral-vault,NMNRL,Nest Mineral Vault,nest-mineral-vault,nest-mineral-vaultd3P.png,5.5195,"{""ethereum"":""0x9d08946ca5856f882a56c29042fbedc5142663b9"",""plume-network"":""0x9d08946ca5856f882a56c29042fbedc5142663b9""}",18
hilton-worldwide-rstock,RHLT,Hilton Worldwide Tokenized Stock (Reality),hilton-worldwide-rstock,hilton-worldwide-rstockL6z.png,0.01582548,"{""arbitrum-one"":""0xcfd59e0b86c86e61fafc7fc3a62b72619b82c26c"",""morph-l2"":""0x1a9cbac4b2db1c89a00db19a7546dda95560c09b""}",18
nest-btc-vault,NBTC,Nest BTC Vault,nest-btc-vault,nest-btc-vault0Fn.png,0.00005291,"{""ethereum"":""0x02cdb5ccc97d5dc7ed2747831b516669eb635706"",""plume-network"":""0x02cdb5ccc97d5dc7ed2747831b516669eb635706""}",18
ralph-lauren-rstock,RRL,Ralph Lauren Tokenized Stock (Reality),ralph-lauren-rstock,ralph-lauren-rstocke2p.png,0.29233388,"{""arbitrum-one"":""0xb6d449e962ec81367aecb18448eb3389e76f5ea7""}",18
graniteshares-2x-short-nvda-daily-etf-astock,ANVD,GraniteShares 2x Short NVDA Daily ETF aStock,graniteshares-2x-short-nvda-daily-etf-astock,graniteshares-2x-short-nvda-daily-etf-astockGvg.png,1.2668,"{""arbitrum-one"":""0x9b4d9b20eac87c4da9912cdbdc111d991eef0681"",""monad"":""0x9b4d9b20eac87c4da9912cdbdc111d991eef0681"",""ethereum"":""0x9b4d9b20eac87c4da9912cdbdc111d991eef0681"",""base"":""0x9b4d9b20eac87c4da9912cdbdc111d991eef0681"",""robinhood"":""0x9b4d9b20eac87c4da9912cdbdc111d991eef0681"",""binance_smart"":""0x9b4d9b20eac87c4da9912cdbdc111d991eef0681""}",18
silver-rstock,SLVR,Silver rStock,silver-rstock,silver-rstockECS.png,3216,"{""solana"":""7C56WnJ94iEP7YeH2iKiYpvsS5zkcpP9rJBBEBoUGdzj""}",18
tradr-2x-short-tsla-daily-etf-astock,ATSLZ,Tradr 2X Short TSLA Daily ETF aStock,tradr-2x-short-tsla-daily-etf-astock,tradr-2x-short-tsla-daily-etf-astockM8T.png,0.3735934,"{""arbitrum-one"":""0x3f670133caa4d10cf726028a68602114c1a3f15c"",""monad"":""0x3f670133caa4d10cf726028a68602114c1a3f15c"",""ethereum"":""0x3f670133caa4d10cf726028a68602114c1a3f15c"",""base"":""0x3f670133caa4d10cf726028a68602114c1a3f15c"",""robinhood"":""0x3f670133caa4d10cf726028a68602114c1a3f15c"",""binance_smart"":""0x3f670133caa4d10cf726028a68602114c1a3f15c""}",18
kinross-gold-rstock,RKGC,Kinross Gold Tokenized Stock (Reality),kinross-gold-rstock,kinross-gold-rstockOfv.png,2.4824,"{""arbitrum-one"":""0x7256278c765e9d2a929045130bffeb8fa482694b""}",18
chaince-digital-holdings-inc-astock,ACD,Chaince Digital Holdings Inc aStock,chaince-digital-holdings-inc-astock,chaince-digital-holdings-inc-astocktIO.png,0.49875312,"{""arbitrum-one"":""0xa69b48373f8a34a6a53dbe188db3a664a4e6a7fc"",""base"":""0xa69b48373f8a34a6a53dbe188db3a664a4e6a7fc"",""ethereum"":""0xa69b48373f8a34a6a53dbe188db3a664a4e6a7fc"",""monad"":""0xa69b48373f8a34a6a53dbe188db3a664a4e6a7fc"",""robinhood"":""0xa69b48373f8a34a6a53dbe188db3a664a4e6a7fc"",""binance_smart"":""0xa69b48373f8a34a6a53dbe188db3a664a4e6a7fc""}",18
xen-crypto-pulsechain,PXEN,XEN Crypto (PulseChain),xen-crypto-pulsechain,xen-crypto-pulsechainSnU.png,117966797986,"{""pulsechain"":""0x8a7fdca264e87b6da72d000f22186b4403081a2a""}",18
marb,MARB,Midas Hyperithm Arbitrage,marb,marbzfj.png,3,"{""ethereum"":""0xee53ee4c6532cf81b63ea49be4bbdb0c2ab398be""}",18
amplitech-group-rstock,RAMPG,AmpliTech Group Tokenized Stock (Reality),amplitech-group-rstock,amplitech-group-rstocklxg.png,0.58525458,"{""arbitrum-one"":""0x2522ebd6ef3ce8189214a2ed420d39990be02d6d""}",18
floki-ceo,FLOKICEO,FLOKI CEO,floki-ceo,floki-ceo1Yf.png,0,"{""binance_smart"":""0x45289007706e7ee7b42b1fa506661d97740edfb4""}",18
nest-alpha-vault-lp,INALPHA,Nest Alpha Vault (LP),nest-alpha-vault-lp,nest-alpha-vault-lp4oW.png,10943892,"{""ethereum"":""0x64ab176c545bb85eca75d53c3ffcb361deafb855"",""plume-network"":""0x64ab176c545bb85eca75d53c3ffcb361deafb855""}",18
toast-rstock,RTOST,Toast Tokenized Stock (Reality),toast-rstock,toast-rstockaQN.png,10.057,"{""arbitrum-one"":""0x4711516b01a96c5f5aceaa353f3a3ba251ebe831""}",18
gpgi-dinari-tokenized-stock,GPGI,GPGI (Dinari Tokenized Stock),gpgi-dinari-tokenized-stock,gpgi-dinari-tokenized-stockOzO.png,0.12682675,"{""ethereum"":""0x2577f5d2253b6ae3eb5cac7b6b5a39964b5f209c"",""base"":""0x2577f5d2253b6ae3eb5cac7b6b5a39964b5f209c"",""arbitrum-one"":""0x2577f5d2253b6ae3eb5cac7b6b5a39964b5f209c"",""avalanche"":""0x2577f5d2253b6ae3eb5cac7b6b5a39964b5f209c""}",18
credicorp-rstock,RBAP,Credicorp Tokenized Stock (Reality),credicorp-rstock,credicorp-rstock3iT.png,2.5515,"{""arbitrum-one"":""0x9d193d9c573d307db03895e87d8cb9486c5979d5""}",18
purecycle-technologies-inc-astock,APCT,Purecycle Technologies Inc aStock,purecycle-technologies-inc-astock,purecycle-technologies-inc-astockmlw.png,0.2245827,"{""arbitrum-one"":""0x13077a525ae6ca771e04fc91871b2f8f55ecfe3a"",""base"":""0x13077a525ae6ca771e04fc91871b2f8f55ecfe3a"",""ethereum"":""0x13077a525ae6ca771e04fc91871b2f8f55ecfe3a"",""monad"":""0x13077a525ae6ca771e04fc91871b2f8f55ecfe3a"",""robinhood"":""0x13077a525ae6ca771e04fc91871b2f8f55ecfe3a"",""binance_smart"":""0x13077a525ae6ca771e04fc91871b2f8f55ecfe3a""}",18
teledyne-technologies-inc-rstock,RTDY,Teledyne Technologies Tokenized Stock (Reality),teledyne-technologies-inc-rstock,teledyne-technologies-inc-rstockdRb.png,0.00153692,"{""arbitrum-one"":""0x3561999c27fa46c8e3d606e9bdb75fb871476ac7""}",18
warner-bros-discovery-rstock,RWBD,Warner Bros. Discovery Tokenized Stock (Reality),warner-bros-discovery-rstock,warner-bros-discovery-rstockLY0.png,107.9669,"{""arbitrum-one"":""0x2361e19c9afda38584d5aa29f94d0bd63eee6c0b"",""morph-l2"":""0xef6d45b4a09e5ad580af67f5a3037f04443a3c00""}",18
affirm-holdings-rstock,RAFRM,Affirm Holdings Tokenized Stock (Reality),affirm-holdings-rstock,affirm-holdings-rstock2EK.png,0.01119946,"{""arbitrum-one"":""0xf533f1cd6b5750d383bd345d168cc5e828e1d007"",""morph-l2"":""0x11ee1cf4c02858f45ad852108a0456f34ffe1d56""}",18
agilent-technologies-rstock,RA,Agilent Technologies Tokenized Stock (Reality),agilent-technologies-rstock,agilent-technologies-rstockqVz.png,0.00503017,"{""arbitrum-one"":""0x461f750ed48c1cf21465173c665cc91b3265ea7a""}",18
return-finance-lido-steth,RFSTETH,Return Finance Lido stETH,return-finance-lido-steth,return-finance-lido-steth1m0.png,6.8537,"{""ethereum"":""0x2c2f0ffbfa1b8b9c85400f1726e1bc0892e63d9f""}",18
reliance-inc-rstock,RRS,Reliance Tokenized Stock (Reality),reliance-inc-rstock,reliance-inc-rstockDHp.png,0.00184556,"{""arbitrum-one"":""0x2f9aefc936b61959d73b1a5a86a6055cd9f77fef"",""morph-l2"":""0xece93f31744571f99e046aa4924d125a81ec8ecf""}",18
wisdomtree-floating-rate-treasury-fund-rstock,RUSFR,WisdomTree Floating Rate Treasury Fund Tokenized Stock (Reality),wisdomtree-floating-rate-treasury-fund-rstock,wisdomtree-floating-rate-treasury-fund-rstockesC.png,0.01399798,"{""arbitrum-one"":""0x106351f01562bfaf70a749545d39912a32457bea"",""morph-l2"":""0xd56dce694472f8e027e2bf56bd4cfe6da3d71aae""}",18
united-airlines-holdings-inc-rstock,RUAL,United Airlines Tokenized Stock (Reality),united-airlines-holdings-inc-rstock,united-airlines-holdings-inc-rstockWS4.png,0.11180814,"{""arbitrum-one"":""0x620e51d4bfb5b46a0b168e290bd9cff3fba2a91e""}",18
fastenal-rstock,RFAST,Fastenal Tokenized Stock (Reality),fastenal-rstock,fastenal-rstockiVZ.png,0.01118776,"{""arbitrum-one"":""0xdabe4508a0e7c0c979f6b32dd2e9bfb2d20c77e0"",""morph-l2"":""0x2d2c3b783415e6bd2e3154c682f7cb7564353090""}",18
docusign-rstock,RDOCU,DocuSign Tokenized Stock (Reality),docusign-rstock,docusign-rstockJh8.png,0.00704655,"{""arbitrum-one"":""0x47555afa4420d671af714461f2b6f12bc92a8b29"",""morph-l2"":""0x7f01c9ec0ca2a2636318def355c676a69ae398bd""}",18
liquidia-rstock,RLQDA,Liquidia Tokenized Stock (Reality),liquidia-rstock,liquidia-rstockkJL.png,254.3591,"{""arbitrum-one"":""0xb27abd21683c54c8dff5a38f281120ddd13f3cb6""}",18
0x7750741868cc4a865d9c0f619e6e642fd61f642f_base,MEM,Memory,memory,memoryLjv.png,1000000000,"{""base"":""0x7750741868cc4a865d9c0f619e6e642fd61f642f""}",18
illumina-inc-rstock,RILMN,Illumina Tokenized Stock (Reality),illumina-inc-rstock,illumina-inc-rstockDuH.png,0.83404443,"{""arbitrum-one"":""0x5174da28f9c19e929c4fdd3fba1ec72785cb0575"",""morph-l2"":""0xd3bcd9e75783492324984c4651c42794dc7776e3""}",18
ross-stores-rstock,RROST,Ross Stores Tokenized Stock (Reality),ross-stores-rstock,ross-stores-rstockWB6.png,0.00120769,"{""arbitrum-one"":""0xd9068c24ba024fea9381f42de7ab61edc228f764"",""morph-l2"":""0xc7e719388e0ad9ccdd047b2417e801467246483b""}",18
clearwater-paper-rstock,RCLW,Clearwater Paper Tokenized Stock (Reality),clearwater-paper-rstock,clearwater-paper-rstockLii.png,0.01456131,"{""arbitrum-one"":""0xed4cb1b0e4c0d05f41cb1897589664105a905c2f"",""morph-l2"":""0x9040a693466eec5f7633f32543f3057261ff9e35""}",18
wrapped-bnvda,WBNVDA,Wrapped bNVDA,wrapped-bnvda,wrapped-bnvdaVHB.png,0.00113672,"{""base"":""0x7e8101a1c322d394b3961498c7d40d2dfa94c392"",""xdai"":""0x7e8101a1c322d394b3961498c7d40d2dfa94c392"",""ethereum"":""0x7e8101a1c322d394b3961498c7d40d2dfa94c392"",""avalanche"":""0x7e8101a1c322d394b3961498c7d40d2dfa94c392"",""polygon-pos"":""0x7e8101a1c322d394b3961498c7d40d2dfa94c392""}",18
cat-inu,CAT,CAT INU,cat-inu,cat-inu69e.png,3100000000000,"{""binance_smart"":""0xaf8e0bce56615edf2810fab024c307de352a431f""}",18
brett-eth,BRETT,Brett ETH,brett-eth,brett-ethwsm.png,100,"{""ethereum"":""0x80ee5c641a8ffc607545219a3856562f56427fe9""}",18
westinghouse-air-brake-technologies-wabtec-rstock,RWAB,Westinghouse Air Brake Technologies Tokenized Stock (Reality),westinghouse-air-brake-technologies-wabtec-rstock,westinghouse-air-brake-technologies-wabtec-rstockh9U.png,0.00059765,"{""arbitrum-one"":""0x6723cc30a766ee85f7842788fa875cb7d38285df"",""morph-l2"":""0x069850563b576b68bb94cec962252d6ea013204c""}",18
medline-rstock,RMDLN,Medline Tokenized Stock (Reality),medline-rstock,medline-rstockQCV.png,0.0044,"{""arbitrum-one"":""0xda60849d611aab3ca4f6f1e96abd9235565cae7b"",""morph-l2"":""0xfb11acfac7fd08f80ce3cdd333be8ec2b97dc1b4""}",18
wrapped-bmstr,WBMSTR,Wrapped bMSTR,wrapped-bmstr,wrapped-bmstrdAg.png,0.000850664,"{""base"":""0x1a4f71b0ff3c22540887bcf83b50054a213c673d"",""avalanche"":""0x1a4f71b0ff3c22540887bcf83b50054a213c673d"",""ethereum"":""0x1a4f71b0ff3c22540887bcf83b50054a213c673d"",""polygon-pos"":""0x1a4f71b0ff3c22540887bcf83b50054a213c673d"",""xdai"":""0x1a4f71b0ff3c22540887bcf83b50054a213c673d""}",18
steel-dynamics-rstock,RSTLD,Steel Dynamics Tokenized Stock (Reality),steel-dynamics-rstock,steel-dynamics-rstockFpu.png,1.1151,"{""arbitrum-one"":""0xe7098600d4d2005cf0e4fae3e2b48c5d73186231""}",18
aarna-atvbtc,ATVBTC,aarna atvBTC,aarna-atvbtc,aarna-atvbtcVjU.png,0.000931759,"{""base"":""0x9dc3f0f25d793bee5eec75da3058b0c919f71166""}",18
roper-technologies-rstock,RROP,Roper Technologies Tokenized Stock (Reality),roper-technologies-rstock,roper-technologies-rstock9HT.png,0.0003,"{""arbitrum-one"":""0x367da70938176bd1621979ccfb0c22d041d3c5ea""}",18
kkr-co-rstock,RKKR,KKR Tokenized Stock (Reality),kkr-co-rstock,kkr-co-rstockE9s.png,0.000957982,"{""arbitrum-one"":""0xf67d8b7738b7c994de70a5b5c7a8a5fccdb0426f"",""morph-l2"":""0x47dbb1d15c6338cb112d7939beb6df55e3b85831""}",18
aflac-inc-rstock,RAFL,Aflac Tokenized Stock (Reality),aflac-inc-rstock,aflac-inc-rstockHSH.png,0.000800002,"{""arbitrum-one"":""0xffd0f6b26a64fc2e69cbde037fd5e81ff1b2405b"",""morph-l2"":""0xed81c5624b5608433271aaba0d00ecf264bce5b6""}",18
capital-one-financial-rstock,RCOF,Capital One Tokenized Stock (Reality),capital-one-financial-rstock,capital-one-financial-rstockhTi.png,0.000438449,"{""arbitrum-one"":""0xe027917fa9eddefbd9d324c2bd062d31c83b8cc0"",""morph-l2"":""0x0432e7290a394a83b3dafe77075ade5d73dcbbdd""}",18
wise-plc-rstock,RWSE,Wise plc Tokenized Stock (Reality),wise-plc-rstock,wise-plc-rstock59Q.png,0.00334928,"{""arbitrum-one"":""0xd4ee957cd78376e5914377542029dd58d4abd2b9"",""morph-l2"":""0xf60b7c027b2f29aa1e298c4e3741c81cd4b09583""}",18
hyperlane-bridged-usdt-radix,HUSDT,Hyperlane Bridged USDT (Radix),hyperlane-bridged-usdt-radix,hyperlane-bridged-usdt-radixHpN.png,0.036292,"{""radix"":""resource_rdx1th4v03gezwgzkuma6p38lnum8ww8t4ds9nvcrkr2p9ft6kxx3kxvhe""}",18
lpl-financial-rstock,RLPLA,LPL Financial Tokenized Stock (Reality),lpl-financial-rstock,lpl-financial-rstockQG0.png,0.60682212,"{""arbitrum-one"":""0xb5ef8776a9d21db0434bba31fdb368b05c1bbea2""}",18
fresenius-medical-care-ag-rstock,RFMS,Fresenius Medical Care AG Tokenized Stock (Reality),fresenius-medical-care-ag-rstock,fresenius-medical-care-ag-rstockOhq.png,0.00128306,"{""arbitrum-one"":""0xb60745d83e40b2eb7cebb69e65d9ec6272872d23"",""morph-l2"":""0xbd5d1c546f68cfab3da729e93f260e34f75b9878""}",18
te-connectivity-rstock,RTEL,TE Connectivity Tokenized Stock (Reality),te-connectivity-rstock,te-connectivity-rstockYyM.png,0.000065461,"{""arbitrum-one"":""0x0a95343d8e15de533017750fa6ca72078d32c32a"",""morph-l2"":""0xe37395129d45e507fbcfc6bc6d4b0ba050684bd8""}",18
ttaj,TTAJ,TTAJ [OLD],ttaj,ttajKiI.png,111000000,"{""polygon-pos"":""0x3c12f8829041bf99deaa2965014e01b750f87905""}",18
direxion-shares-etf-trust-direxion-daily-tsla-bull-2x-etf-dinari-tokenized-etf,TSLL,Direxion Shares ETF Trust Direxion Daily TSLA Bull 2X ETF (Dinari Tokenized ETF),direxion-shares-etf-trust-direxion-daily-tsla-bull-2x-etf-dinari-tokenized-etf,direxion-shares-etf-trust-direxion-daily-tsla-bull-2x-etf-dinari-tokenized-etfCMd.png,0.000999905,"{""ethereum"":""0x4c2545c920d75711d8978592916725afcde67da9"",""base"":""0x2ec4cfc684f9a3b74c5876058ffffd31bdea0464"",""arbitrum-one"":""0x263486cc3f4f17de3d82d923f24ffb55f7a0d805"",""avalanche"":""0x4c2545c920d75711d8978592916725afcde67da9""}",18
modine-manufacturing-company-rstock,RMOD,Modine Manufacturing Tokenized Stock (Reality),modine-manufacturing-company-rstock,modine-manufacturing-company-rstockLM3.png,6.1617,"{""arbitrum-one"":""0xa8111ae8f926a47bf2ae309e2880dddd72af5e84"",""morph-l2"":""0x32943a32b5ff9a8c83e312422594503b438f479e""}",18
cincinnati-financial-corporation-rstock,RCINF,Cincinnati Financial Tokenized Stock (Reality),cincinnati-financial-corporation-rstock,cincinnati-financial-corporation-rstockQPq.png,0.00003525,"{""arbitrum-one"":""0x8163627445635893b586db3717314a338591f1f4"",""morph-l2"":""0x06c8cb9dad2b2f4562c78f46ce515487c053fbf0""}",18
kimberly-clark-rstock,RKMB,Kimberly-Clark Tokenized Stock (Reality),kimberly-clark-rstock,kimberly-clark-rstock3NZ.png,0.00004548,"{""arbitrum-one"":""0x12349a387a313320ee4336a3fc01729f302f6adf""}",18
bridgebio-pharma-inc-rstock,RBBIO,BridgeBio Pharma Tokenized Stock (Reality),bridgebio-pharma-inc-rstock,bridgebio-pharma-inc-rstockO5p.png,0.00004343,"{""arbitrum-one"":""0x183e63f490ef108549890f6b8e3ddc351fe3cb7d"",""morph-l2"":""0x4ca7aaf29238095b4aa47d9857bca47a1012e24a""}",18
ally-financial-inc-rstock,RALLY,Ally Financial Tokenized Stock (Reality),ally-financial-inc-rstock,ally-financial-inc-rstockUlc.png,0.00002905,"{""arbitrum-one"":""0x53e699d03e66b5f51f02bf4d149b1c66dcdab3e5"",""morph-l2"":""0x1c428952e36f8c7d6d90ec6d2d02a2620cc0a81c""}",18
0xa835f70dd5f8b4f0023509f8f36c155785758db0_base,DAWG,Cheeky Dawg,cheeky-dawg,cheeky-dawg0If.png,1000,"{""base"":""0xa835f70dd5f8b4f0023509f8f36c155785758db0""}",18
ranger,RNGR,Ranger,ranger,ranger79i.png,4686858,"{""solana"":""RNGRtJMbCveqCp7AC6U95KmrdKecFckaJZiWbPGmeta""}",18
etherdoge,EDOGE,EtherDoge,etherdoge,etherdogeGtX.png,100000000000,"{""ethereum"":""0x8a7b7b9b2f7d0c63f66171721339705a6188a7d5""}",18
sybtc,SYBTC,Symbiosis SyBTC,sybtc,sybtc2eD.png,16,"{""binance_smart"":""0xa67c48f86fc6d0176dca38883ca8153c76a532c7"",""rootstock"":""0xb52e582263c1d0189b3cc1402c1b7205b7f2e9ba"",""ethereum"":""0x01a8b61e7b03891a736b5df865e0ef9c511850ad""}",18
blackrock-etf-trust-ii-ishares-aaa-clo-active-etf-dinari-tokenized-etf,CLOA,BlackRock ETF Trust II iShares AAA CLO Active ETF (Dinari Tokenized ETF),blackrock-etf-trust-ii-ishares-aaa-clo-active-etf-dinari-tokenized-etf,blackrock-etf-trust-ii-ishares-aaa-clo-active-etf-dinari-tokenized-etflSR.png,0.25170766,"{""ethereum"":""0x5fa77434c3d3664a66b121c26e06d54db61611ca"",""base"":""0x5fa77434c3d3664a66b121c26e06d54db61611ca"",""arbitrum-one"":""0x5fa77434c3d3664a66b121c26e06d54db61611ca"",""avalanche"":""0x5fa77434c3d3664a66b121c26e06d54db61611ca"",""hyperevm"":""0x5fa77434c3d3664a66b121c26e06d54db61611ca""}",18
markel-group-inc-rstock,RMKL,Markel Tokenized Stock (Reality),markel-group-inc-rstock,markel-group-inc-rstockxZ3.png,6e-9,"{""arbitrum-one"":""0x930b18c1373005747411e359d6b6864c4305350e"",""morph-l2"":""0xe9d8dd377e8c5ceb525572e02868e6463020d223""}",18
midcap-financial-investment-dinari-tokenized-stock,MFIC,MidCap Financial Investment (Dinari Tokenized Stock),midcap-financial-investment-dinari-tokenized-stock,midcap-financial-investment-dinari-tokenized-stockqlW.png,8.93e-7,"{""ethereum"":""0x77932854e78ea4ae4310a8d23a98d53ca182a310"",""base"":""0x96927746509a4bc8c51eae31d52c7a42d28c9225"",""arbitrum-one"":""0x4d44ec9cec499a2e070cb475d7f0cdfed97a842e"",""avalanche"":""0x77932854e78ea4ae4310a8d23a98d53ca182a310""}",18
mev-capital-usd0-morpho-vault,MC.USD0,MEV Capital USD0 Morpho Vault,mev-capital-usd0-morpho-vault,mev-capital-usd0-morpho-vaultPoM.png,0.00000782359,"{""ethereum"":""0xc0a14627d6a23f70c809777ced873238581c1032""}",18
ferguson-rstock,RFERG,Ferguson Enterprises Tokenized Stock (Reality),ferguson-rstock,ferguson-rstockBaE.png,8e-9,"{""arbitrum-one"":""0x2ef8258d2fcb6633cc53d86f1a87d1ac12e989c0"",""morph-l2"":""0xd0d71c2d93e115ef03e5db61554daaf97cd91945""}",18
becton-dickinson-co-rstock,RBDX,Becton Dickinson Tokenized Stock (Reality),becton-dickinson-co-rstock,becton-dickinson-co-rstock3zo.png,5e-9,"{""arbitrum-one"":""0x139c8884a2dc9d3ea435f6c0ed222252fa4aa446"",""morph-l2"":""0xf15665dd6fcc2996d5d0faf5f034e88a5878d979""}",18
international-flavors-fragrances-inc-rstock,RIFF,International Flavors & Fragrances Tokenized Stock (Reality),international-flavors-fragrances-inc-rstock,international-flavors-fragrances-inc-rstockyOR.png,1.457,"{""arbitrum-one"":""0x7df2bb6e260301e3b69da159f488ddf153a3206c"",""morph-l2"":""0xb0f0001be11e56addf1fc24fff0676b35f66d675""}",18
align-technology-inc-rstock,RALGN,Align Technology Tokenized Stock (Reality),align-technology-inc-rstock,align-technology-inc-rstockI0L.png,5e-9,"{""arbitrum-one"":""0x7ba97a0317ac8cb08f7bc99bff53ff3c3f8ec568"",""morph-l2"":""0x637e544c546462af4a68b4f811dce9abc702dc12""}",18
global-payments-inc-rstock,RGPN,Global Payments Tokenized Stock (Reality),global-payments-inc-rstock,global-payments-inc-rstock1oK.png,1.2144,"{""arbitrum-one"":""0x3003df0b3bc9518fc858a77cba2b2b988964fc21"",""morph-l2"":""0x5ce890e3e63ed4004b7cdab8be1fa1099b285e33""}",18
coca-cola-consolidated-inc-rstock,RCOKE,Coca-Cola Consolidated Tokenized Stock (Reality),coca-cola-consolidated-inc-rstock,coca-cola-consolidated-inc-rstockJKC.png,3e-9,"{""arbitrum-one"":""0x02d59dba8ee15cb637b467038e7decf8c8756277"",""morph-l2"":""0xd29cfb326b8ab08c999a1844ebdeeb02cd5924cd""}",18
bancolombia-s-a-rstock,RCIB,BanColombia S.A. Tokenized Stock (Reality),bancolombia-s-a-rstock,bancolombia-s-a-rstockTyj.png,24.9416,"{""arbitrum-one"":""0xcde98b2dce21c7bb9a6edb0ef34c9ca4fbc883df"",""morph-l2"":""0x0896a5d46d9de9e0e8b3d2196b8719d6c429652d""}",18
revvity-inc-rstock,RRVTY,Revvity Tokenized Stock (Reality),revvity-inc-rstock,revvity-inc-rstock1YO.png,0.07107734,"{""arbitrum-one"":""0x5e2d722e7c1d9f05339a7685275b5ce7ba82a4aa"",""morph-l2"":""0x8728dbc4cb44fb0b7ef70ba45bf0ad858539755c""}",18
gold-fields-limited-rstock,RGFI,Gold Fields Limited Tokenized Stock (Reality),gold-fields-limited-rstock,gold-fields-limited-rstockozK.png,1.1062,"{""arbitrum-one"":""0xf86875e7594f2f4c6a92b25307c2655105a3ab7c"",""morph-l2"":""0x85eb11043f6e9f5410e59d75d9e9eb4295b0dadc""}",18
moonchain,MCH,Moonchain,moonchain,moonchainHVp.png,999999999,"{""binance_smart"":""0xf8f331dfa811132c43c308757cd802ca982b7211""}",18
0x6b6f93a12705b6eb60490a8b8a9ac15b3b1ce0f2_binance_smart,SNR,StableNaira,stablenaira,0x6b6f93a12705b6eb60490a8b8a9ac15b3b1ce0f2_binance_smartjdR.png,199695,"{""binance_smart"":""0x6b6f93a12705b6eb60490a8b8a9ac15b3b1ce0f2"",""the-open-network"":""EQDuSCdKmIv2Uua6042I_69Ne4rIFPkR-_CVObYCuAmZfNqK"",""solana"":""2Je72EPqUXuyNGrM95D9RczAPjEarAgrKHQMu2xxrF5D""}",18
aave-eth-v1,AETH,Aave ETH v1,aave-eth-v1,aave-eth-v1SVO.png,3066,,
concrete,CT,Concrete,concrete,concreteDsU.png,1000000000,"{""ethereum"":""0x0a092e544da31150b439a1aaa1a3a2214a867f46"",""binance_smart"":""0x0a092e544da31150b439a1aaa1a3a2214a867f46""}",18
0x60042b65a0c0a90ba75d17879850b6f99d9422eb_robinhood,REVENUE,Revenue Family,revenue-family,revenue-family2LU.png,1000000000,"{""robinhood"":""0x60042b65a0c0a90ba75d17879850b6f99d9422eb""}",18
maya-preferred-223,MPRA,Maya Preferred PRA,maya-preferred-223,maya-preferred-223jZA.png,200000000,"{""ethereum"":""0xec1227bfb3e76d7a2a9bca24d9e98f68de8bf808""}",18
binance-bitcoin,BTCB,Binance Bitcoin,binance-bitcoin,binance-bitcoinbMu.png,65301,"{""binance_smart"":""0x7130d2a12b9bcbfae4f2634d864a1ee1ce3ead9c"",""harmony-shard-0"":""0x34224dcf981da7488fdd01c7fdd64e74cd55dcf7""}",18
bitsafe-bridged-wrapped-bitcoin-canton,CBTC,Bitsafe Bridged Wrapped Bitcoin (Canton),bitsafe-bridged-wrapped-bitcoin-canton,bitsafe-bridged-wrapped-bitcoin-cantonosa.png,0,"{""canton-network"":""cbtc""}",18
weex-token,WXT,WEEX Token,weex-token,weex-tokenbyB.png,5682889217,"{""ethereum"":""0x1b66474c8eca3827f16202907f41f63785579716""}",18
unifi-2,UNIFI,UNIFI,unifi-2,unifi-2TcN.png,21000000,"{""binance_smart"":""0xe8c6a28a9ed7c2b8358d41a7cf679fb5e7ba15a2""}",18
origin-lgns,LGNS,Origin LGNS,origin-lgns,origin-lgnshqZ.png,150375,"{""polygon-pos"":""0xeb51d9a39ad5eef215dc0bf39a8821ff804a0f01""}",18
c8ntinuum,CTM,c8ntinuum,c8ntinuum,c8ntinuumiWa.png,8888888888,"{""ethereum"":""0xc8fb80fcc03f699c70ff0cc08c09106288888888"",""binance_smart"":""0xc8Fb80fCc03f699C70ff0CC08C09106288888888"",""solana"":""C8fU5GdfAt5mnw2RK7HE6XJGFNxHpaskZMkXxdm88888""}",18
maya-preferred-mprd,MPRD,Maya Preferred   (MPRD),maya-preferred-mprd,maya-preferred-mprdOMi.png,200000000,"{""ethereum"":""0x3600aaae5f6f3f0cfd19cad2f067718cb59e1afe""}",18
HmMubgKx91Tpq3jmfcKQwsv5HrErqnCTTRJMB6afFR2u_solana,9BIT,The9bit,the9bit,the9bityId.png,9999974820,"{""solana"":""HmMubgKx91Tpq3jmfcKQwsv5HrErqnCTTRJMB6afFR2u""}",18
doppler-finance-2,XDP,Doppler Finance,doppler-finance-2,doppler-finance-2JOk.png,10000000000,,
websea,WBS,Websea,websea,webseaahV.png,132419761,"{""polygon-pos"":""0xee5bb31fdf28b5d64f5a5605085cc4e3649aa624""}",18
bridged-usdt,USDT,Bridged USDT,bridged-usdt,bridged-usdtGuI.png,0,"{""iotex"":""0x3cdb7c48e70b854ed2fa392e21687501d84b3afc"",""harmony-shard-0"":""0x3c2b8be99c50593081eaa2a724f0b8285f5aba8f"",""okex-chain"":""0x382bb369d343125bfb2117af9c149795c6c65c50"",""optimistic-ethereum"":""0x94b008aa00579c1307b0ef2c499ad98a8ce58e58"",""kardiachain"":""0x551a5dcac57c66aa010940c2dcff5da9c53aa53b"",""boba"":""0x5de1677344d3cb0d7d465c10b72a8f60699c062d"",""fuse"":""0xfadbbf8ce7d5b7041be672561bba99f79c532e10"",""meter"":""0x5fa41671c48e3c951afc30816947126ccc8c162e"",""velas"":""0xb44a9b6905af7c801311e8f4e76932ee959c663c"",""milkomeda-cardano"":""0x80a16016cc4a2e6a2caca8a4a498b1699ff0f844"",""canto"":""0xd567b3d7b8fe3c79a1ad8da978812cfc4fa05e75"",""bitgert"":""0xde14b85cf78f2add2e867fee40575437d5f10c06"",""ethereumpow"":""0x2ad7868ca212135c6119fd7ad1ce51cfc5702892"",""oasys"":""0xdc3af65ecbd339309ec55f109cb214e0325c5ed4"",""rollux"":""0x28c9c7fb3fe3104d2116af26cc8ef7905547349c"",""osmosis"":""ibc/4ABBEF4C8926DDDB320AE5188CFD63267ABBCEFC0583E4AE05D6E5AA2401DDAB"",""zksync"":""0x493257fd37edb34451f62edf8d2a0c418852ba4c""}",18
0x5dbde81fce337ff4bcaaee4ca3466c00aecae274_binance_smart,AGT,Alaya AI,alaya-ai,alaya-ai6kV.png,5000000000,"{""binance_smart"":""0x5dbde81fce337ff4bcaaee4ca3466c00aecae274""}",18
CbcyNo7m1amFWqEQm2m4PLv1UNvpcL3C1Ujm6AkzpKoU_solana,E/ACC,Effective Accelerationism,effective-accelerationism-3,effective-accelerationism-36dn.png,983387652,"{""solana"":""CbcyNo7m1amFWqEQm2m4PLv1UNvpcL3C1Ujm6AkzpKoU""}",18
wrapped-btc-wormhole,WBTC,Wrapped BTC (Wormhole),wrapped-btc-wormhole,wrapped-btc-wormholediM.png,0,"{""solana"":""3NZ9JMVBmGAqocybic2c7LQCJScmgsAZ6vQqTDzcqmJh"",""terra"":""terra1aa7upykmmqqc63l924l5qfap8mrmx5rfdm0v55"",""polygon-pos"":""0x5d49c278340655b56609fdf8976eb0612af3a0c3"",""oasis"":""0xd43ce0aa2a29dcb75bdb83085703dc589de6c7eb"",""sui"":""0x027792d9fed7f9844eb4839566001bb6f6cb4804f66aa2da6fe1ee242d896881::coin::COIN"",""neon-evm"":""0x16a3fe59080d6944a42b441e44450432c1445372""}",18
ethereum-wormhole,ETH,Ethereum (Wormhole),ethereum-wormhole,ethereum-wormholetCM.png,81448,"{""solana"":""7vfCXTUXx5WJV5JADk17DUJ4ksgau7utNKj4b963voxs"",""binance_smart"":""0x4db5a66e937a9f4473fa95b1caf1d1e1d62e29ea"",""terra"":""terra14tl83xcwqjy0ken9peu4pjjuu755lrry2uy25r"",""polygon-pos"":""0x11cd37bb86f65419713f30673a480ea33c826872"",""avalanche"":""0x8b82a291f83ca07af22120aba21632088fc92931"",""oasis"":""0x3223f17957ba502cbe71401d55a0db26e5f7c68f"",""aptos"":""0xcc8a89c8dce9693d354449f1f73e60e14e347417854f029db5bc8e7454008abb::coin::T"",""sui"":""0xaf8cd5edc19c4512f4259f0bee101a40d41ebed738ade5874359610ef8eeced5::coin::COIN""}",18
alchemy-pay,ACH,Alchemy Pay,alchemy-pay,1738224059280.png,15346246088,"{""ethereum"":""0xed04915c23f00a313a544955524eb7dbd823143d"",""binance_smart"":""0xbc7d6b50616989655afd682fb42743507003056d""}",18
0xcae117ca6bc8a341d2e7207f30e180f0e5618b9d_binance_smart,ARK,ARK,ark-3,ark-3Qob.png,34121993,"{""binance_smart"":""0xcae117ca6bc8a341d2e7207f30e180f0e5618b9d""}",18
HuAXPyDWDaMYFKuwQHpqL1oPnj93zdzWmtvFGzCeCUa7_solana,MASK,Nullmask,nullmask,nullmaskxdb.png,992040236,"{""solana"":""HuAXPyDWDaMYFKuwQHpqL1oPnj93zdzWmtvFGzCeCUa7""}",18
thetrumptoken,GREAT,TheTrumpToken,thetrumptoken,thetrumptokenIYR.png,20999995,"{""solana"":""8RR17XBRY8v9tA9vuuFwrFyFEK5Z5X55Yj7AfEjv7RzL""}",18
bouncebit,BB,BounceBit,bouncebit,bouncebitOIr.png,2100000000,"{""ethereum"":""0xd459eceddafcc1d876a3be7290a2e16e801073a3"",""solana"":""76SYfdi8jT84GqxuTqu7FuyA4GQbrto1pLDGQKsy8K12"",""binance_smart"":""0xe0620abea429a66ba69d9a0cde9ab93dc15bb9c4""}",18
p2p-solutions-foundation,P2PS,P2P solutions foundation,p2p-solutions-foundation,p2p-solutions-foundationQwP.png,10000000000,"{""ethereum"":""0x4527a3b4a8a150403090a99b87effc96f2195047""}",18
wpay,WPAY,WPAY,wpay,wpayP3k.png,10000000000,"{""polygon-pos"":""0x7abe9edf5c544a04da83e9110cf46dbc4759170c""}",18
alpha-quark-token,AQT,Alpha Quark,alpha-quark-token,alpha-quark-token1yo.png,30000000,"{""ethereum"":""0x2a9bdcff37ab68b95a53435adfd8892e86084f93""}",18
0x57aab42804434c4cb118ee7fe5865859483051f8_binance_smart,SWARM,SwarmBase,swarmbase,0x57aab42804434c4cb118ee7fe5865859483051f8_binance_smartgma.png,1000000000,"{""binance_smart"":""0x57aab42804434c4cb118ee7fe5865859483051f8""}",18
0xa4a2e2ca3fbfe21aed83471d28b6f65a233c6e00_base,TIBBIR,Ribbita by Virtuals [OLD],ribbita-by-virtuals,0xa4a2e2ca3fbfe21aed83471d28b6f65a233c6e00_basefpJ.png,949317147,"{""base"":""0xa4a2e2ca3fbfe21aed83471d28b6f65a233c6e00""}",18
blockchain-usd,USDB,Blockchain USD,blockchain-usd,blockchain-usd39a.png,10000000000,"{""robinhood"":""0x65f1f83dd8b702a195e24ea171f8136fb1888888"",""binance_smart"":""0xbe8d9ec5d3c9313e4af08d50b6f85af76a69a1f1"",""arc"":""0x9696b5e894afe749b3d4683b230e549f39678932"",""atlantischain"":""ACZDghSb25an1yfMQV3cdM5VvX9JDcUvePhksjCa92yf""}",18
atlantis-coin-2,ATC,Atlantis Coin,atlantis-coin-2,atlantis-coin-2Bat.png,100000000,"{""robinhood"":""0xbfaa6082d6c82e0752a2aa7558746fc5a5daaaaa"",""binance_smart"":""0xfc0cff733131614d02707741a4a74cdeb4b06eae"",""arc"":""0xd794ce63002c4ae9da4f373f1ecb856187b7a375""}",18
maal-chain,MAAL,Maal Chain,maal-chain,maal-chainftE.png,10000000000,,
riaspace,RIA,Riaspace,riaspace,riaspaceNFD.png,865786,"{""ethereum"":""0x2d8265881eaefa36c0673ec2f05f1ccdd865b8ab""}",18
highstreet,HIGH,Highstreet,highstreet,highstreetZlg.png,100000000,"{""ethereum"":""0x71ab77b7dbb4fa7e017bc15090b2163221420282"",""binance_smart"":""0x5f4bde007dc06b867f86ebfe4802e34a1ffeed63""}",18
lmgrouptoken,LMGX,LMGroupToken,lmgrouptoken,lmgrouptokendO5.png,100000000,"{""ethereum"":""0x6505f1cc7c08061c6d77a62f59cb501e7550cd50""}",18
catcoin-cash,CAT,Catcoin [OLD],catcoin-cash,catcoin-cashyBa.png,0,"{""binance_smart"":""0x59f4f336bf3d0c49dbfba4a74ebd2a6ace40539a"",""solana"":""7hWcHohzwtLddDUG81H2PkWq6KEkMtSDNkYXsso18Fy3""}",18
tolly,TOLLY,Tolly,tolly,tolly0zW.png,1000000000,"{""arc"":""0xbc43ce8dec648ea298c4275559b81d6261c90b67""}",18
ryo-coin,RYO,RYO Coin,ryo-coin,ryo-coinLI6.png,2000000000,"{""ethereum"":""0x4c7fe8f97db97cbccc76989ab742afc66ca6e75c""}",18
telcoin-2,TEL,Telcoin,telcoin-2,telcoin-2nTb.png,100000000000,"{""ethereum"":""0x7e13b43065380acdec1c2d138c579cbbbafa0731"",""base"":""0x7e13b43065380acdec1c2d138c579cbbbafa0731"",""polygon-pos"":""0x7e13b43065380acdec1c2d138c579cbbbafa0731""}",18
9aqmJjCnnMQv42TXLk921ceUkN35nea2QP969n1caqjj_solana,SI,Super Intelligence,super-intelligence-2,super-intelligence-2CCu.png,971021121,"{""solana"":""9aqmJjCnnMQv42TXLk921ceUkN35nea2QP969n1caqjj""}",18
mother-vegetable-token,MVT,MOTHER VEGETABLE Token,mother-vegetable-token,mother-vegetable-tokenUxw.png,10000000000,"{""ethereum"":""0x33a4bcb4e941dd13439a8f4f723580927c6d9800""}",18
usdc-is-cool,COOL,usdc is cool,usdc-is-cool,usdc-is-coolBQr.png,1000000000,"{""arc"":""0xeb64987643db71c76b2a2be7e723decc995e5b37""}",18
0x42afa2124ca5a2b83898e46b2da9a190995b1e18_robinhood,SCHIFFY,SCHIFFY,schiffy,0x42afa2124ca5a2b83898e46b2da9a190995b1e18_robinhoodm4X.png,989720986,"{""robinhood"":""0x42afa2124ca5a2b83898e46b2da9a190995b1e18""}",18
dacxi,DXI,Dacxi,dacxi,dacxikgI.png,10000000000,"{""ethereum"":""0x5e29cf3e3fed4df50acab95f8268e9ee26ea36f2""}",18
whitecoin,XWC,Whitecoin,whitecoin,Whitecoin3s5m4.png,899197660,,
dai-pulsechain,DAI,Bridged DAI (PulseChain),dai-pulsechain,dai-pulsechainjAk.png,12015501,"{""pulsechain"":""0xefd766ccb38eaf1dfd701853bfce31359239f305""}",18
rats,RATS,Rats,rats,ratsOPG.png,1000000000000,"{""ordinals"":""77df24c9f1bd1c6a606eb12eeae3e2a2db40774d54b839b5ae11f438353ddf47i0""}",18
vitalum,VAM,Vitalum,vitalum,vitalumgaK.png,1000000000,"{""binance_smart"":""0x009a0fbf4928362d79077b4f38da9b5fb2ce64e2""}",18
1000bonk,1000BONK,1000BONK,1000bonk,1000bonk31q.png,87994760149,,
tomatok,TOTT,TOMATOK,tomatok,tomatokCYI.png,9999998719,"{""solana"":""totuNukof5QgTjr6vW3pNUG669kSuEoh1zVf92eArmQ""}",18
0x4d14284afe559b7c6b9e6fad6ebaeaa0f6051818_robinhood,BLORB,BLORB,blorb,blorbFiA.png,1000000000,"{""robinhood"":""0x4d14284afe559b7c6b9e6fad6ebaeaa0f6051818""}",18
quantus,QTC,Quantus,quantus,quantusfgp.png,0,,
pdx-coin,PDX,PDX Coin,pdx-coin,pdx-coinINL.png,5000000000,"{""ethereum"":""0x6a8fee0e33cb65a7e8d21badca62e87639ef74b3""}",18
centrifuge,CFG,Centrifuge [OLD],centrifuge,centrifugeGs7.png,578423119,,
0x7a848a5a8169aa6a2f603d056a749f924f504444_binance_smart,CZ,The Final Form Bull,the-final-form-bull,0x7a848a5a8169aa6a2f603d056a749f924f504444_binance_smartLtm.png,1000000000,"{""binance_smart"":""0x7a848a5a8169aa6a2f603d056a749f924f504444""}",18
law-blocks,LBT,Law Blocks AI,law-blocks,law-blocks49I.png,1000000000,"{""xdc-network"":""0x05940b2df33d6371201e7ae099ced4c363855dfe""}",18
usd-coin-wormhole-from-ethereum,USDCET,Bridged USD Coin (Wormhole Ethereum),usd-coin-wormhole-from-ethereum,usd-coin-wormhole-from-ethereumaOQ.png,0,"{""solana"":""A9mUU4qviSctJVPJdBJWkb28deg915LYJKrzQ19ji3FM"",""aptos"":""0x5e156f1207d0ebfa19a9eeff00d62a282278fb8719f4fab3a586a0a2c0fffbea::coin::T"",""binance_smart"":""0xb04906e95ab5d797ada81508115611fee694c2b3"",""terra"":""terra1pepwcav40nvj3kh60qqgrk8k07ydmc00xyat06"",""polygon-pos"":""0x4318cb63a2b8edf2de971e2f17f77097e499459d"",""avalanche"":""0xb24ca28d4e2742907115fecda335b40dbda07a4c"",""oasis"":""0xe8a638b3b7565ee7c5eb9755e58552afc87b94dd"",""sui"":""0x5d4b302506645c37ff133b98c4b50a5ae14841659738d6d733d59d0d217a93bf::coin::COIN"",""celo"":""0x37f750b7cc259a2f741af45294f6a16572cf5cad""}",18
hex-pulsechain,HEX,HEX (PulseChain),hex-pulsechain,hex-pulsechainpfz.png,52587610015,"{""pulsechain"":""0x2b591e99afe9f32eaa6214f7b7629768c40eeb39""}",18
major,MAJOR,MAJOR,major,majorm3j.png,100000000,"{""the-open-network"":""EQCuPm01HldiduQ55xaBF_1kaW_WAUy5DHey8suqzU_MAJOR""}",18
eblockstock,EBSO,eBlockStock,eblockstock,eblockstockf6Q.png,8731894,"{""ethereum"":""0x866f8a50a64e68ca66e97e032c5da99538b3f942""}",18
bridged-usdc,USDC,Bridged USDC,bridged-usdc,bridged-usdcM3y.png,0,"{""okex-chain"":""0xc946daf81b08146b1c7a8da2a851ddf2b3eaaf85"",""osmosis"":""ibc/498A0751C798A0D9A389AA3691123DADA57DAA4FE165D5C75894505B876BA6E4"",""hedera-hashgraph"":""0x000000000000000000000000000000000006f89a"",""sora"":""0x00ef6658f79d8b560f77b7b20a5d7822f5bc22539c7b4056128258e5829da517"",""boba"":""0x66a2a913e447d6b4bf33efbec43aaef87890fbbc"",""fuse"":""0x620fd5fa44be6af63715ef4e65ddfa0387ad13f5"",""velas"":""0x80a16016cc4a2e6a2caca8a4a498b1699ff0f844"",""bitgert"":""0xcf2df9377a4e3c10e9ea29fdb8879d74c27fcde7"",""milkomeda-cardano"":""0xb44a9b6905af7c801311e8f4e76932ee959c663c"",""step-network"":""0xe3f5a90f9cb311505cd691a46596599aa1a0ad7d"",""planq-network"":""0xeceeefcee421d8062ef8d6b4d814efe4dc898265""}",18
axlusdc,AXLUSDC,Axelar Bridged USDC,axlusdc,axlusdcp9q.png,59300000,"{""fantom"":""0x1b6382dbdea11d97f24495c9a90b7c88469134a4"",""evmos"":""0x15c3eb3b621d1bff62cba1c9536b7c1ae9149b57"",""binance_smart"":""0x4268b8f0b87b6eae5d897996e6b845ddbd99adf3"",""celo"":""0xeb466342c4d449bc9f53a865d5cb90586f405215"",""arbitrum-one"":""0xeb466342c4d449bc9f53a865d5cb90586f405215"",""avalanche"":""0xfab550568c688d5d8a52c7d794cb93edc26ec0ec"",""polygon-pos"":""0x750e4c4984a9e0f12978ea6742bc1c5d248f40ed"",""moonbeam"":""0xca01a1d0993565291051daff390892518acfad3a"",""kava"":""0xeb466342c4d449bc9f53a865d5cb90586f405215"",""secret"":""secret1vkq022x4q8t8kx9de3r84u669l65xnwf2lg3e6"",""optimistic-ethereum"":""0xeb466342c4d449bc9f53a865d5cb90586f405215"",""base"":""0xeb466342c4d449bc9f53a865d5cb90586f405215"",""linea"":""0xeb466342c4d449bc9f53a865d5cb90586f405215"",""mantle"":""0xeb466342c4d449bc9f53a865d5cb90586f405215"",""fraxtal"":""0xeb466342c4d449bc9f53a865d5cb90586f405215"",""archway"":""ibc/b9e4fd154c92d3a23bea029906c4c5ff2fe74cb7e3a058290b77197a263cf88b"",""filecoin"":""0xeb466342c4d449bc9f53a865d5cb90586f405215"",""terra-2"":""ibc/B3504E092456BA618CC28AC671A71FB08C6CA0FD0BE7C8A5B5A3E2DD933CC9E4"",""scroll"":""0xeb466342c4d449bc9f53a865d5cb90586f405215"",""immutable"":""0xeb466342c4d449bc9f53a865d5cb90586f405215"",""blast"":""0xeb466342c4d449bc9f53a865d5cb90586f405215""}",18
jimmyboss-collective,JBC,JimmyBoss Collective,jimmyboss-collective,jimmyboss-collectiveYBZ.png,1000000000,"{""binance_smart"":""0x73cb7463fb02ef2ba258286356e2f45f250f85c9""}",18
0x63ee32ac3077d1fbd8a77ebba2a6ed4b8e9c1e18_robinhood,INU,iNu,inu-3,0x63ee32ac3077d1fbd8a77ebba2a6ed4b8e9c1e18_robinhoodrjk.png,998595471,"{""robinhood"":""0x63ee32ac3077d1fbd8a77ebba2a6ed4b8e9c1e18""}",18
MGMuubtUEirmkhfEQdmGUh4pr7HuUdMWcZXFtpPbVJD_solana,MGM,MGM Resorts International (Backpack Securities),mgm-resorts-international-backpack-securities,mgm-resorts-international-backpack-securitieslb1.png,0,"{""solana"":""MGMuubtUEirmkhfEQdmGUh4pr7HuUdMWcZXFtpPbVJD""}",18
wefi,WFI,WeFi,wefi,wefi451.png,1000000000,"{""binance_smart"":""0x90c48855bb69f9d2c261efd0d8c7f35990f2dd6f""}",18
jggl,JGGL,JGGL,jggl,jggl94r.png,1000000000,"{""ethereum"":""0x7d1bc77187d15c9b79ac2059fa1d262947379ec0""}",18
ftx-token,FTT,FTX,ftx-token,ftx-tokenwL9.png,328895104,"{""ethereum"":""0x50d1c9771902476076ecfc8b2a83ad6b9355a4c9"",""tomochain"":""0x33fa3c0c714638f12339f85dae89c42042a2d9af"",""solana"":""AGFEad2et2ZJif9jaGpdMixQqvW5i81aBdvKe7PHNfz3"",""sora"":""0x00019977e20516b9f7112cd8cfef1a5be2e5344d2ef1aa5bc92bbb503e81146e"",""energi"":""0xda79dcf81c948dfb85cbda738bc898195a2ba861""}",18
bee-trade-finance,BTF,Bee Trade Finance,bee-trade-finance,bee-trade-finance4M7.png,1080000000,"{""avalanche"":""0x66db035009efbcfe9a3decaeafe9fb4ebc5df812""}",18
turingbitchain,TBC,Turingbitchain,turingbitchain,turingbitchain8L8.png,150150000,,
helix-ai,HLX,Helix AI,helix-ai,helix-aisoS.png,100000000000,"{""ethereum"":""0x28d4e499c4cde621e1cea7c9cbf9d43bf75a9525""}",18
arc-bridged-weth-arc,WETH,Arc Bridged WETH (Arc),arc-bridged-weth-arc,arc-bridged-weth-arcKAf.png,5977,"{""arc"":""0x128cc466b61f542da60c70e3aa11c10e19b84edb""}",18
0x51250b135174ca09450ec01c4aff73cf69dbb590_robinhood,NOVAAI,NovaAI,novaai,novaaiatL.png,1000000000,"{""robinhood"":""0x51250b135174ca09450ec01c4aff73cf69dbb590""}",18
0x4db7374e966097be94c6680d49156d580f097bbf_robinhood,TIBBIR,Ribbita,ribbita-by-virtuals-2,ribbita-by-virtuals-2SLF.png,949317147,"{""robinhood"":""0x4db7374e966097be94c6680d49156d580f097bbf""}",18
orobit,XRB,OroBit,orobit,orobitUpU.png,500000000,,
maker,MKR,Maker,maker,Makerxxquk.png,84104,"{""ethereum"":""0x9f8f72aa9304c8b593d555f12ef6589cc3a579a2"",""polygon-pos"":""0x6f7c932e7684666c9fd1d44527765433e01ff61d"",""avalanche"":""0x88128fd4b259552a9a1d457f435a6527aab72d42"",""arbitrum-one"":""0x2e9a6df78e42a30712c10a9dc4b1c8656f8f2879"",""sora"":""0x00ec184ef0b4bd955db05eea5a8489ae72888ab6e63682a15beca1cd39344c8f"",""energi"":""0x050317d93f29d1ba5ff3eac3b8157fd4e345588d""}",18
whalebit,CES,Whalebit,whalebit,whalebitx1d.png,422375579,"{""polygon-pos"":""0x1bdf71ede1a4777db1eebe7232bcda20d6fc1610""}",18
edena,EDENA,EDENA,edena,edenaMzd.png,799999900,"{""ethereum"":""0x618e80a3f00a3907cc021187e9beb73ae4d658a6""}",18
8PzFWyLpCVEmbZmVJcaRTU5r69XKJx1rd7YGpWvnpump_solana,PERCOLATOR,Percolator,percolator,8PzFWyLpCVEmbZmVJcaRTU5r69XKJx1rd7YGpWvnpump_solanacv5.png,989226674,"{""solana"":""8PzFWyLpCVEmbZmVJcaRTU5r69XKJx1rd7YGpWvnpump""}",18
axelar-bridged-usdc-cosmos,USDC.ETH.AXL,Axelar Bridged USDC (Osmosis),axelar-bridged-usdc-cosmos,axelar-bridged-usdc-cosmosKGE.png,0,"{""cosmos"":""ibc/D189335C6E4A68B513C10AB227BF1C1D38C746766278BA3EEB4FB14124F1D858"",""osmosis"":""ibc/D189335C6E4A68B513C10AB227BF1C1D38C746766278BA3EEB4FB14124F1D858""}",18
0x848e2b1cb00dc439a15b03b8c3194e7d08917777_binance_smart,BAN,Break And Reclaim,break-and-reclaim,break-and-reclaimHjR.png,1000000000,"{""binance_smart"":""0x848e2b1cb00dc439a15b03b8c3194e7d08917777""}",18
uni-token,UNIC,UNI,uni-token,uni-tokenULP.png,500000000,"{""binance_smart"":""0xde9cb77fa1a0ed3b33d10379a822d7e3c7a4fffc""}",18
near-intents-bridged-xrp,XRP,NEAR Intents Bridged XRP,near-intents-bridged-xrp,near-intents-bridged-xrpUno.png,0,"{""near-protocol"":""xrp.omft.near""}",18
pulsex,PLSX,PulseX,pulsex,pulsexlPQ.png,143094505254530,"{""pulsechain"":""0x95b303987a60c71504d99aa1b13b4da07b0790ab""}",18
1mbabydoge,1MBABYDOGE,1MBABYDOGE,1mbabydoge,1mbabydoge565.png,420000000000,,
bazaars,BZR,Bazaars,bazaars,bazaarsysu.png,10000000,"{""ethereum"":""0xa0a675d08ca63066f48408136f8a71fc65be4afc"",""binance_smart"":""0xa0A675d08Ca63066f48408136F8A71Fc65BE4AfC"",""base"":""0xa0a675d08ca63066f48408136f8a71fc65be4afc"",""polygon-pos"":""0xa0a675d08ca63066f48408136f8a71fc65be4afc"",""arbitrum-one"":""0xa0a675d08ca63066f48408136f8a71fc65be4afc"",""avalanche"":""0xa0a675d08ca63066f48408136f8a71fc65be4afc"",""optimistic-ethereum"":""0xa0a675d08ca63066f48408136f8a71fc65be4afc"",""linea"":""0xa0a675d08ca63066f48408136f8a71fc65be4afc"",""zksync"":""0xa0a675d08ca63066f48408136f8a71fc65be4afc""}",18
ten-best-coins,TBC,Ten Best Coins,ten-best-coins,ten-best-coinsB77.png,25000000,"{""ethereum"":""0x03042ae6fcfd53e3a0baa1fab5ce70e0cb74e6fb""}",18
pulse-2,XPL,Pulse,pulse-2,pulse-2jRE.png,12000000000,"{""binance_smart"":""0xf84dd1ac34c0043d109f6600f98302cdd3e5a6eb""}",18
quantum-tse,TSE,Quantum TSE,quantum-tse,quantum-tse4ww.png,6000000000,"{""binance_smart"":""0x13096669fba1c6d10c57debac021ac053468c8bd""}",18
0x800d454a087fac862d6336e46136e95d6a074fe1_binance_smart,COD,CloudBank,cloudbank,cloudbankmhm.png,1000000000,"{""binance_smart"":""0x800d454a087fac862d6336e46136e95d6a074fe1""}",18
1000cat,1000CAT,1000CAT,1000cat,1000catrJc.png,0,,
coca,COCA,COCA,coca,cocaAYE.png,1000000000,"{""polygon-pos"":""0x7b12598e3616261df1c05ec28de0d2fb10c1f206"",""base"":""0x959fc04dbf97a27073f89237cd62605f4d1b906d""}",18
layerk,LYK,LayerK,layerk,layerkgIK.png,1000000000,"{""polygon-pos"":""0xf50441d584d435e5f917c8201f72ca2b1b7f1d04"",""arbitrum-one"":""0x83a32f2818b6754f7d58af0e559fa9d3fa99ce13""}",18
avocadocoin,AVDO,AvocadoCoin,avocadocoin,avocadocoinyCq.png,21000000,"{""solana"":""BP34pngxUAUGEYyWVQvwWhL7dx211otnegS5WeTQHLFd""}",18
parkcoin,METAKPK,Botchain,parkcoin,parkcoin9JQ.png,0,,
luna-wormhole,LUNC,Terra Classic (Wormhole),luna-wormhole,luna-wormhole7uf.png,0,"{""ethereum"":""0xbd31ea8212119f94a611fa969881cba3ea06fa3d"",""solana"":""F6v4wfAdJB8D8p77bMXZgYt8TDKsYxLYxH5AFhUkYx9W"",""binance_smart"":""0x156ab3346823b651294766e23e6cf87254d68962"",""polygon-pos"":""0x9cd6746665d9557e1b9a775819625711d0693439"",""avalanche"":""0x70928e5b188def72817b7775f0bf6325968e563b"",""oasis"":""0x4f43717b20ae319aa50bc5b2349b93af5f7ac823""}",18
1000sats-ordinals,1000SATS,1000SATS (Ordinals),1000sats-ordinals,1000sats-ordinalsDoY.png,2100000000000,,
1000chems,1000CHEEMS,1000CHEMS,1000chems,1000chems62u.png,203672952114,,
smart-blockchain,SMART,SMART BLOCKCHAIN,smart-blockchain,smart-blockchains02.png,9000010200000,,
jaseonmun,JSM,Joseon-Mun,jaseonmun,jaseonmuniM0.png,2400000000000,"{""ethereum"":""0x04c618cdbc1d59142dfeb4b9864835a06983ec2d""}",18
grantix,GRANT,GrantiX,grantix,grantixjSs.png,1000000000,"{""arbitrum-one"":""0x7ce42e8a5a42eb15f0c9a08ee9a079d99b1d83cf""}",18
temco,TEMCO,TEMCO,temco,TEMCOmmlAV.png,6000000000,"{""ethereum"":""0x2fc246aa66f0da5bb1368f688548ecbbe9bdee5d""}",18
haneplatform,HANEP,HANePlatform,haneplatform,haneplatformENs.png,225000000,"{""optimistic-ethereum"":""0xc3248a1bd9d72fa3da6e6ba701e58cbf818354eb"",""ethereum"":""0x5052fa4a2a147eaaa4c0242e9cc54a10a4f42070""}",18
pi-network-iou,PI,Pi Network [IOU],pi-network-iou,pi-network-iou70l.png,0,,
bitcoin-silver-ai,BSAI,Bitcoin Silver AI,bitcoin-silver-ai,bitcoin-silver-aigrU.png,1000000000,"{""binance_smart"":""0xfe020130ea312be3efe53ed11e9d4d254b165f49""}",18
sol-wormhole,WSOL,Wormhole Bridged WSOL,sol-wormhole,sol-wormholet2L.png,410546,"{""ethereum"":""0xd31a59c85ae9d8edefec411d448f90841571b89c"",""binance_smart"":""0xfa54ff1a158b5189ebba6ae130ced6bbd3aea76e"",""terra"":""terra190tqwgqx7s8qrknz6kckct7v607cu068gfujpk"",""polygon-pos"":""0xd93f7e271cb87c23aaa73edc008a79646d1f9912"",""avalanche"":""0xfe6b19286885a4f7f55adad09c3cd1f906d2478f"",""oasis"":""0xd17ddac91670274f7ba1590a06eca0f2fd2b12bc"",""osmosis"":""ibc/1E43D59E565D41FB4E54CA639B838FFD5BCFC20003D330A56CB1396231AA1CBA"",""hydration"":""asset_registry%2F1000752"",""arbitrum-one"":""0x2bcc6d6cdbbdc0a4071e48bb3b969b06b3330c07"",""unichain"":""0xbde8a5331e8ac4831cf8ea9e42e229219eafab97"",""fogo"":""HLc5hqihQGFU68488j7HkdyF6rywyJfV46BN6Dn8W5ug""}",18
digifinextoken,DFT,DigiFinex,digifinextoken,DigiFinexTokenjnZSd.png,2100000000,"{""ethereum"":""0xa2a54f1ec1f09316ef12c1770d32ed8f21b1fb6a""}",18
archloot,AL,ArchLoot,archloot,archlootUka.png,992464664,"{""binance_smart"":""0x1bd55090b8878630e57fae6ebd11fd61d16dfc9f"",""ethereum"":""0x046bad07658f3b6cad9a396cfcbc1243af452ec1""}",18
novem-pro,NVM,Novem Pro,novem-pro,novem-proDct.png,196550832,"{""binance_smart"":""0xbe2d8ac2a370972c4328bed520b224c3903a4941""}",18
cointel,COLS,Cointel,cointel,cointel9MM.png,10000000000,"{""avalanche"":""0x97f2624d5f99a953ae5574ea57d3268785941de4""}",18
capx-ai-2,CAPX,Capx AI,capx-ai-2,capx-ai-2fyD.png,1000000000,"{""solana"":""7AoBuYcGKQYadxc9wmGxpuu29bpC1EDQezkoXACWZRFF""}",18
okx-beth,BETH,OKX BETH,okx-beth,okx-bethufK.png,0,,
vicicoin,VCNT,ViciCoin,vicicoin,vicicoinow6.png,10000000,"{""polygon-pos"":""0x8a16d4bf8a0a716017e8d2262c4ac32927797a2f"",""base"":""0xdcf5130274753c8050ab061b1a1dcbf583f5bfd0"",""avalanche"":""0xc6bdfc4f2e90196738873e824a9efa03f7c64176"",""arbitrum-one"":""0x60bf4e7cf16ff34513514b968483b54beff42a81"",""optimistic-ethereum"":""0xc6bdfc4f2e90196738873e824a9efa03f7c64176"",""binance_smart"":""0xc6bdfc4f2e90196738873e824a9efa03f7c64176"",""ethereum"":""0x3be775b699fee916e7de117994358ff8f48e4569""}",18
freedom-2,FDM,Freedom,freedom-2,freedom-2whM.png,2250000000,"{""ethereum"":""0x60d91f6d394c5004a782e0d175e2b839e078fb83""}",18
supercells,SCT,SuperCells,supercells,supercellsqJL.png,5000000000,"{""binance_smart"":""0x405e7454e71aefe8897438adc08e3f3e6d49dfc1""}",18
c1usd,C1USD,Currency One USD,c1usd,c1usdRMX.png,2550000000,"{""ethereum"":""0x40caa7912437002ee2c8415d43e7f575c733674c"",""stellar"":""C1USD-GDCDFF6ZZP3HVODSVJYAN6IRNGWGPLVFKH23RY2OFHFGGVCGBXSDPKTU""}",18
0xfe99b2fe66c7725ce30730010a864740e7c39b26_ethereum,CONDO,CONDO,condo-ondo,condo-ondoKWT.png,1000000000,"{""ethereum"":""0xfe99b2fe66c7725ce30730010a864740e7c39b26""}",18
ovato,OVATO,Ovato,ovato,ovatoZZt.png,344400000,"{""polygon-pos"":""0xe1b0e0f0427af6f943cdeb6304eed259d152fc78""}",18
aga-rewards,EDC,Edcoin,aga-rewards,aga-rewardsp7j.png,800000000,"{""ethereum"":""0x9d5963ba32e877871dff3e2e697283dc64066271""}",18
natgold,NATG,NatGold,natgold,natgoldG7l.png,106800,"{""ethereum"":""0x59c323346f4f62ae18289f346501389392cf5939""}",18
0x4912e0e8be5cb1dea2fe903fb9e7476da298932c_base,BLAW,Blaw,blaw,blawjs0.png,1000000000,"{""base"":""0x4912e0e8be5cb1dea2fe903fb9e7476da298932c""}",18
love-earn-enjoy,LEE,Love Earn Enjoy,love-earn-enjoy,love-earn-enjoy7Dw.png,7000000000,"{""binance_smart"":""0xe37dbf20a4fff3b88233e456355dc49b76b6fe19""}",18
cheelee,CHEEL,Cheelee,cheelee,1683179784078.png,1000000000,"{""binance_smart"":""0x1f1c90aeb2fd13ea972f0a71e35c0753848e3db0""}",18
0x544028231562a43b106fbceca722b65cb5c861b0_binance_smart,OLY,OLY,oly,0x544028231562a43b106fbceca722b65cb5c861b0_binance_smartMl9.png,1132300,"{""binance_smart"":""0x544028231562a43b106fbceca722b65cb5c861b0""}",18
liquid-cro,LCRO,Liquid CRO,liquid-cro,liquid-cro9Qa.png,16314057,"{""cronos"":""0x9fae23a2700feecd5b93e43fdbc03c76aa7c08a6""}",18
blockchain-credit,BCC,Blockchain Credit,blockchain-credit,blockchain-credit3Db.png,467000000,"{""binance_smart"":""0xc1c970cd9e208f97a252e53523d79a87ead4e4dc""}",18
0x198dba421a7db566a90da5de7901abe3443b4444_binance_smart,富贵,富贵 (Wealth and Prosperity),wealth-and-prosperity,0x198dba421a7db566a90da5de7901abe3443b4444_binance_smartIPT.png,1000000000,"{""binance_smart"":""0x198dba421a7db566a90da5de7901abe3443b4444""}",18
pulsex-incentive-token,INC,PulseX Incentive Token,pulsex-incentive-token,pulsex-incentive-tokenZSQ.png,20815474,"{""pulsechain"":""0x2fa878ab3f87cc1c9737fc071108f904c0b0c95d""}",18
lumera-health,LUR,Lumera Health,lumera-health,lumera-health9UD.png,100000000,"{""binance_smart"":""0xc66b6f38ae5053a109cfd8639e0ee17ec69cf788""}",18
0x1a1e69f1e6182e2f8b9e8987e83c016ac9444444_binance_smart,人生K线,人生K线,ren-sheng-k-xian,0x1a1e69f1e6182e2f8b9e8987e83c016ac9444444_binance_smartZp1.png,1000000000,"{""binance_smart"":""0x1a1e69f1e6182e2f8b9e8987e83c016ac9444444""}",18
0x75d658f8101fbe6dc217fbba7e20a0312af5fa2e_arc,AF,Arcflow,arcflow,arcflowbva.png,1000000000,"{""arc"":""0x75d658f8101fbe6dc217fbba7e20a0312af5fa2e""}",18
hbarx,HBARX,HBARX,hbarx,hbarxdCG.png,355178758,"{""hedera-hashgraph"":""0.0.834116""}",18
griffin-ai-2,GAIN,Griffin AI,griffin-ai-2,griffin-ai-26tr.png,523491237,"{""binance_smart"":""0xa890f8ba60051ec8a5b528f056da362ba208a96f""}",18
soundsright,SN105,Beam,soundsright,soundsright97Y.png,2594440,"{""bittensor"":""105""}",18
0x57fde0a71132198bbec939b98976993d8d89d225_pulsechain,HEX,Pulsechain Bridged HEX (Pulsechain),pulsechain-bridged-hex-pulsechain,pulsechain-bridged-hex-pulsechainJUK.png,11911428442,"{""pulsechain"":""0x57fde0a71132198bbec939b98976993d8d89d225""}",18
isaac-coin,ISC,ISAAC Coin,isaac-coin,isaac-coin8SK.png,1000000000,"{""binance_smart"":""0xaf431f1c20e00bfc8fac4239c4cea5c760b1abe6""}",18
kanga-exchange,KNG,Kanga Exchange,kanga-exchange,kanga-exchangehAJ.png,21000000,"{""ethereum"":""0x471d113059324321749e097705197a2b44a070fc"",""polygon-pos"":""0x17d342b29f054030a455b4191f977c3b0aa62fd9""}",18
stake-link-staked-link,STLINK,Staked LINK,stake-link-staked-link,stake-link-staked-linkkxY.png,7053444,"{""ethereum"":""0xb8b295df2cd735b15be5eb419517aa626fc43cd5""}",18
Fe5c469ADZyvnZrB8gdDsYt5eLKodaVYhYJCdunVr1nA_solana,INC,Incrypt,incrypt,Fe5c469ADZyvnZrB8gdDsYt5eLKodaVYhYJCdunVr1nA_solanaEdd.png,20999998711,"{""solana"":""Fe5c469ADZyvnZrB8gdDsYt5eLKodaVYhYJCdunVr1nA""}",18
0x4eb990547bce4a982432ca88cf5fae7eed1a2d35_robinhood,FLYBRAIN,flybrain,flybrain,0x4eb990547bce4a982432ca88cf5fae7eed1a2d35_robinhood0Lg.png,1000000000,"{""robinhood"":""0x4eb990547bce4a982432ca88cf5fae7eed1a2d35""}",18
portuma,POR,Portuma,portuma,portuma9fP.png,10000000000,"{""binance_smart"":""0x9000cac49c3841926baac5b2e13c87d43e51b6a4""}",18
0xa92768863a55d8a0591709f7f5e594a249d36ea3_robinhood,ASKR,heyaskr,heyaskr,heyaskrkP5.png,1000000000,"{""robinhood"":""0xa92768863a55d8a0591709f7f5e594a249d36ea3""}",18
ctomorrow-platform,CTP,Ctomorrow Platform,ctomorrow-platform,ctomorrow-platformttC.png,9000000000,"{""binance_smart"":""0xb850cac12ab85d4400db61ac78dc5fc2418b6868""}",18
crypto-sustainable-token,CST,Crypto Sustainable Token,crypto-sustainable-token,crypto-sustainable-tokenGej.png,10000000,"{""ethereum"":""0x3c41c80b966b92d345dc8fc91e5508bc7248da6e""}",18
copy,COPY,COPY,copy,copyWzT.png,989147968,"{""robinhood"":""0x63ee90921eac3c3f87961c17556bb3ebdf2490a9""}",18
fdrive-coin,FDC,FDrive Coin,fdrive-coin,fdrive-coinLsI.png,2000000000,"{""polygon-pos"":""0x40445993b0122456ec9e5c679f4f0485e1a5b474""}",18
stellar-synthetic-usd,SUSD,Stellar Synthetic USD,stellar-synthetic-usd,stellar-synthetic-usdOlA.png,0,"{""stellar"":""sUSD-GCHW7CWI7GMIYQYFXMFJNJX5645XGWIINIAEQK3SABQO6CAYL5T7JYIH""}",18
dohrnii-2,DHN,Dohrnii,dohrnii-2,dohrnii-2j4u.png,372000000,"{""ethereum"":""0x3a54e9b53f32fd3441a87e1a95c853e595c8326f""}",18
sto-chain,STOC,STO Chain,sto-chain,sto-chainUNi.png,0,,
0x2766f02e9222a11a2630d4b2b6f2679d29398516_base,GITCLAW,Gitclaw,gitclaw,gitclawDol.png,1000000000,"{""base"":""0x2766f02e9222a11a2630d4b2b6f2679d29398516""}",18
fanc,FANC,fanC,fanc,fancPSa.png,2000000000,"{""ethereum"":""0xbb126042235e6bd38b17744cb31a8bf4a206c045""}",18
BYZ9CcZGKAXmN2uDsKcQMM9UnZacija4vWcns9Th69xb_solana,BOTIFY,BOTIFY,botify,BYZ9CcZGKAXmN2uDsKcQMM9UnZacija4vWcns9Th69xb_solanaFeC.png,998305038,"{""solana"":""7C94RweVKZtBhA291WpXW7pkYEnbqhGvCFTU8nPoBTFY""}",18
alphafi-staked-sui,STSUI,AlphaFi Staked SUI,alphafi-staked-sui,alphafi-staked-suiW1C.png,0,"{""sui"":""0xd1b72982e40348d069bb1ff701e634c117bb5f741f44dff91e472d3b01461e55::stsui::STSUI""}",18
electric-vehicle-direct-currency,EVDC,Electric Vehicle Direct Currency,electric-vehicle-direct-currency,electric-vehicle-direct-currencyViK.png,200000000000,"{""binance_smart"":""0x93749e69560efe1ad6661903e47df538492c50a4""}",18
0xed4715c47a67e3cd09d765babc4b9f0e44e65aff_binance_smart,LOUZI,LOUZI,louzi,louzi3H1.png,1000000000,"{""binance_smart"":""0xed4715c47a67e3cd09d765babc4b9f0e44e65aff""}",18
mars-6,MARS,Mars,mars-6,mars-6mZI.png,200000000000,,
ontact,ONTACT,OnTact,ontact,ontactmg5.png,3000000000,"{""ethereum"":""0x41b723c73fe13e8f979d5fa80229ce7f24ebedb8""}",18
trade-leaf,TLF,Tradeleaf,trade-leaf,trade-leafKvj.png,3000000000,"{""polygon-pos"":""0x0f8db146ec1288fc35c05e3b78c2f27d3fa7c4a5"",""binance_smart"":""0xbb25c03be85ca09662ecb599df0000b33c2c2c26""}",18
jusd,JUSD,JUSD,jusd,jusdey2.png,50000000000,"{""binance_smart"":""0xbf3950db0522a7f5caa107d4cbbbd84de9e047e2"",""polygon-pos"":""0x0ba8a6ce46d369d779299dedade864318097b703""}",18
fenerbahce-token,FB,Fenerbahçe,fenerbahce-token,fenerbahce-token2qp.png,28630000,"{""ethereum"":""0xfb19075d77a0f111796fb259819830f4780f1429""}",18
icrypex-token,ICPX,Icrypex Token,icrypex-token,icrypex-token7cg.png,25000000,,
nestree,EGG,Nestree,nestree,Nestree4DdP0.png,3000000000,"{""ethereum"":""0x65ccd72c0813ce6f2703593b633202a0f3ca6a0c""}",18
smartworld-global,SWGT,SmartWorld Global Token,smartworld-global,smartworld-globaluLu.png,1000000000,"{""ethereum"":""0xc8bf8bc34874e07f6a0d4abc8be22ba9e372631b""}",18
0x6249519883b8d7ccf915dfcd6c0442984dae9d24_robinhood,CASHED,Cashed Money,cashed-money,cashed-moneyaii.png,944382552,"{""robinhood"":""0x6249519883b8d7ccf915dfcd6c0442984dae9d24""}",18
tron-bsc,TRX,TRON (BSC),tron-bsc,tron-bscSzH.png,295585025,"{""binance_smart"":""0xce7de646e7208a4ef112cb6ed5038fa6cc6b12e3""}",18
E4Ap4icMLwKot8rkkTbq5JkS5kZxt5XCE3yfxbzYBjHx_solana,BTC,Buy The Cat,buy-the-cat,buy-the-catQpH.png,964582713,"{""solana"":""E4Ap4icMLwKot8rkkTbq5JkS5kZxt5XCE3yfxbzYBjHx""}",18
binance-coin-wormhole,WBNB,Wrapped BNB (Wormhole),binance-coin-wormhole,binance-coin-wormholenDE.png,2685,"{""ethereum"":""0x418d75f65a02b3d53b2418fb8e1fe493759c7605"",""solana"":""9gP2kCy3wA1ctvYWQk75guqXuHfrEomqydHLtcTCqiLa"",""terra"":""terra1cetg5wruw2wsdjp7j46rj44xdel00z006e9yg8"",""polygon-pos"":""0xecdcb5b88f8e3c15f95c720c51c71c9e2080525d"",""avalanche"":""0x442f7f22b1ee2c842beaff52880d4573e9201158"",""sui"":""0xb848cce11ef3a8f62eccea6eb5b35a12c4c2b1ee1af7755d02d7bd6218e8226f::coin::COIN""}",18
laika-bridged-wdoge-laika,WDOGE,Laika Bridged WDOGE (Laika),laika-bridged-wdoge-laika,laika-bridged-wdoge-laikaaCa.png,207447,"{""laikachain"":""0x0443c78b08e1d14fea8c12c01cab6f91b9b8bdfc""}",18
agri-future-token,AGRF,AGRI FUTURE TOKEN,agri-future-token,agri-future-tokenEzj.png,1000000000,"{""binance_smart"":""0x0c0ae048d2d0b50e7d8a2870556419d6b59b6a47""}",18
0x2164bb17a2d38c1b5170e987b2c0416df1efc752_arc,LONG,Long,long-supply,long-supplydgD.png,1000000000,"{""arc"":""0x2164bb17a2d38c1b5170e987b2c0416df1efc752""}",18
xcdot,DOT,xcDOT,xcdot,xcdotPbM.png,233452,"{""moonbeam"":""0xffffffff1fcacbd218edc0eba20fc2308c778080""}",18
ecoreal-estate,ECOREAL,Ecoreal Estate,ecoreal-estate,ecoreal-estateRtc.png,1000000000,"{""ethereum"":""0x7ecbb21346c501fd07eb165e406120fa32381c16""}",18
agro-global,AGRO,Agro Global Token,agro-global,agro-globalhlA.png,95000000000,"{""binance_smart"":""0x404f83279c36e3e0e2771b7ae9f9b0b2b50ee27c""}",18
symbol,XYM,Symbol,symbol,symboloon.png,8999999999,,
lecksis,LEKS,Lecksis,lecksis,lecksisJzA.png,1000000000,"{""polygon-pos"":""0x7ca601b0a7de5c086f265d76237b1d8a8b3194dc""}",18
solstice-eusx,EUSX,Solstice eUSX,solstice-eusx,solstice-eusxqlj.png,11651322,"{""solana"":""3ThdFZQKM6kRyVGLG48kaPg5TRMhYMKY1iCRa9xop1WC""}",18
0x98965474ecbec2f532f1f780ee37b0b05f77ca55_polygon-pos,SUT,Super Trust,super-trust,super-trustqiy.png,238403732,"{""polygon-pos"":""0x98965474EcBeC2F532F1f780ee37b0b05F77Ca55""}",18
undeads-games,UDS,Undeads Games,undeads-games,undeads-gamesqPP.png,250000000,"{""ethereum"":""0x712bd4beb54c6b958267d9db0259abdbb0bff606""}",18
mei-gu-ren-sheng,美股人生,美股人生,mei-gu-ren-sheng,mei-gu-ren-shengN3p.png,997131224,"{""binance_smart"":""0xbf5fadfeb8e3b60b0a7bac804d19159863f37777""}",18
project-ailey,ALE,Project Ailey,project-ailey,project-ailey7Jb.png,1000000000,"{""binance_smart"":""0x9dce13e71b11eb5df66ca269bd657696587fd4e2""}",18
hex,HEX,HEX,hex,hexIk0.png,58332867611,"{""ethereum"":""0x2b591e99afe9f32eaa6214f7b7629768c40eeb39"",""polygon-pos"":""0x23d29d30e35c5e8d321e1dc9a8a61bfd846d4c5c"",""harmony-shard-0"":""0xf26d8c787e66254ee8b7a500073da8fb1ab1992d""}",18
bitcoin-vault,BTCV,Bitcoin Vault,bitcoin-vault,bitcoin-vaultIpC.png,21000000,,
0x7ab8d02cbb51ff7223fde700eaaa2a91bf750314_binance_smart,TART,TartSwap,tartswap,0x7ab8d02cbb51ff7223fde700eaaa2a91bf750314_binance_smartflO.png,8198181741,"{""binance_smart"":""0x7ab8d02cbb51ff7223fde700eaaa2a91bf750314""}",18
0xa89e2871a850e0e6fd8f0018ec1fc62fa75440d4_binance_smart,RTF,Ready to Fight,ready-to-fight,ready-to-fightK19.png,400000000,"{""binance_smart"":""0xa89e2871a850e0e6fd8f0018ec1fc62fa75440d4"",""ethereum"":""0xa89e2871a850e0e6fd8f0018ec1fc62fa75440d4""}",18
6HU4CmRb15C2nQDx8Ld2f2W2wTdmog6aZiiXdrT5Pzi8_solana,GROK,Grokification,grokification,grokificationXiP.png,999105160,"{""solana"":""6HU4CmRb15C2nQDx8Ld2f2W2wTdmog6aZiiXdrT5Pzi8""}",18
locus-chain,LOCUS,Locus Chain,locus-chain,locus-chainWCb.png,7000000000,"{""ethereum"":""0xc64500dd7b0f1794807e67802f8abbf5f8ffb054""}",18
winklink-bsc,WIN,WINkLink BSC,winklink-bsc,winklink-bsc3kL.png,62720000000,"{""binance_smart"":""0xaef0d72a118ce24fee3cd1d43d383897d05b4e99""}",18
zetrix,ZETRIX,Zetrix,zetrix,zetrixoNX.png,1371959148,,
noxcat,NOX,Noxcat,noxcat,noxcatF4V.png,10000000000,"{""arbitrum-one"":""0xb23bb8c2c6cb9169eeac8f2bd42fcf333a1a8c55""}",18
meverse,MEV,MEVerse,meverse,meversea18.png,2000000000,"{""ethereum"":""0xb3cb8d5aeff0f4d1f432f353309f47b885e404e3""}",18
ooju,OOJU,OOJU,ooju,oojuRls.png,100000000000,"{""binance_smart"":""0x8532ad2d972f8e6cfdce4a90ff2d32e3fe1ca244""}",18
jupiter-meta-data-token,JMDT,Jupiter Meta Data Token,jupiter-meta-data-token,jupiter-meta-data-tokensXM.png,1000000000,,
0x707f0f4a39a4a26239f7d00463b15ab5656861f9_binance_smart,ASM,Ascensum Token,ascensum-token,ascensum-tokenQ8Z.png,153883,"{""binance_smart"":""0x707f0f4a39a4a26239f7d00463b15ab5656861f9""}",18
enegra,EGX,Enegra,enegra,enegrayYB.png,87000000,"{""polygon-pos"":""0xa8c557c7ac1626eacaa0e80fac7b6997346306e8""}",18
zeggai,ZEGGAI,ZEGGAI,zeggai,zeggailBB.png,3000000000,"{""binance_smart"":""0x1478673775ca1200806286fac09ccbe0dc1ca0e3""}",18
fognet,FOG,FOGnet,fognet,fognetGSQ.png,10000000000,"{""ethereum"":""0x33277c3ff3642c80a9d63daacecff87f1ce8d3e9""}",18
security-token-offering,STOOS,STO Operating System Token,security-token-offering,security-token-offeringPvq.png,1000000000,"{""klay-token"":""0x15512e654ddc92273dceac1399e09c7fb9def476"",""binance_smart"":""0xf96bf89ac671e0e3c931bcbfc12de00572f218e0""}",18
0x05ae9ac4878f18d9ae11f804079cfffd0844b455_binance_smart,MNTM,Momentum,momentum-4,0x05ae9ac4878f18d9ae11f804079cfffd0844b455_binance_smartIJ3.png,2000000,"{""binance_smart"":""0x05ae9ac4878f18d9ae11f804079cfffd0844b455""}",18
dohrnii,DHN,Dohrnii [OLD],dohrnii,dohrniiUNB.png,372000000,"{""ethereum"":""0x32462ba310e447ef34ff0d15bce8613aa8c4a244"",""vechain"":""0x8e57aadf0992afcc41f7843656c6c7129f738f7b"",""binance_smart"":""0xff8bbc599ea030aa69d0298035dfe263740a95bc""}",18
fruits,FRTS,Fruits,fruits,fruitsLUp.png,40000000000,"{""ethereum"":""0x229b239b7d00aa2a41c8b74b1db50a821f58d31a""}",18
convex-crv,CVXCRV,Convex CRV,convex-crv,convex-crvXqY.png,423810655,"{""ethereum"":""0x62b9c7356a2dc64a1969e19c23e4f579f9810aa7""}",18
pdd-holdings-bstocks-tokenized-stock,PDDB,PDD Holdings (bStocks Tokenized Stock),pdd-holdings-bstocks-tokenized-stock,pdd-holdings-bstocks-tokenized-stockD06.png,26197,"{""binance_smart"":""0x95b0409679b55c31772daa2fb4bee7b125b77521""}",18
leo-token,LEO,LEO Token,leo-token,1668930415378.png,0,"{""ethereum"":""0x2af5d2ad76741191d15dfe7bf6ac92d4bd912ca3"",""sora"":""0x009e199267a6a2c8ae075bb8d4c40ee8d05c1b769085ee59ce98e50c2b2d8756""}",18
web3frontier,W3F,Web3Frontier,web3frontier,web3frontierDFw.png,100000000,"{""binance_smart"":""0xc01444175ff3c39047f1548507cdf2183dc55e06""}",18
holdstation,HOLD,Holdstation [OLD],holdstation,holdstationlZQ.png,30000000,"{""zksync"":""0xed4040fd47629e7c8fbb7da76bb50b3e7695f0f2"",""berachain"":""0xff0a636dfc44bb0129b631cdd38d21b613290c98""}",18
axycoin,AXYC,AxyCoin,axycoin,axycoinfUS.png,300000000,"{""ethereum"":""0x66730c91e5c3132811b1dcad8becabbdec644394"",""solana"":""4TaBYbgQyErDQx67rJRnbABd2tqHCzBvMN1a2M4vY8fc"",""binance_smart"":""0x3ed26a333c6818113fc31b090175f00199a7078c""}",18
synclub-staked-bnb,SLISBNB,Lista Staked BNB,synclub-staked-bnb,synclub-staked-bnb2du.png,1040436,"{""binance_smart"":""0xb0b84d294e0c75a6abe60171b70edeb2efd14a1b""}",18
ultra,UOS,Ultra,ultra,UltraYxcWO.png,1000000000,"{""ethereum"":""0xd13c7342e1ef687c5ad21b27c2b65d772cab5c8c""}",18
globalchainz,GCZ,GlobalChainZ,globalchainz,globalchainzVJM.png,0,,
dongdaemun-token,DDMT,Dongdaemun Token,dongdaemun-token,dongdaemun-tokenuM1.png,1000000000,"{""polygon-pos"":""0x59536e645e5f394045049c38ea98ae45b4b0ded2""}",18
stacking-dao,STSTX,Stacking DAO Stacked Stacks,stacking-dao,stacking-daoF9U.png,58620000,"{""stacks"":""SP4SZE494VC2YC5JYG7AYFQ44F5Q4PYV7DVMDPBG.ststx-token""}",18
creta-world,CRETA,Creta World,creta-world,creta-worldlCy.png,10000000000,"{""polygon-pos"":""0x202655af326de310491cb54f120e02ee0da92b55""}",18
one,ONE,One,one,One3fWjD.png,12689379022,"{""ethereum"":""0x946551dd05c5abd7cc808927480225ce36d8c475"",""huobi-token"":""0x04baf95fd4c52fd09a56d840baee0ab8d7357bf0"",""binance_smart"":""0x04baf95fd4c52fd09a56d840baee0ab8d7357bf0""}",18
nthchain,NTH,NTHCHAIN,nthchain,nthchainq6N.png,0,"{""ethereum"":""0x671b710a006040cd82a8070abd497a7215ce6f67""}",18
senso,SENSO,SENSO,senso,sensoECZ.png,715280000,"{""ethereum"":""0xc19b6a4ac7c7cc24459f08984bbd09664af17bd1""}",18
pig-finance,PIG,Pig Finance,pig-finance,pig-financeqa0.png,1000000000000000,"{""binance_smart"":""0x8850d2c68c632e3b258e612abaa8fada7e6958e5""}",18
foru-ai,FORU,ForU AI,foru-ai,foru-aibjg.png,1000000000,"{""binance_smart"":""0x529edc4cd7d7ff773837ce0ff5492d1fd2d0eafd""}",18
plastichero,PTH,PlasticHero,plastichero,plasticherotn0.png,2003011093806,"{""ethereum"":""0x8ab98330473101309db94b625f9997366a518223""}",18
0x7adbfd873084db714a57ed648ee69aa4627cb998_ethereum,ALBRH,Alberich Token,alberich-token,0x7adbfd873084db714a57ed648ee69aa4627cb998_ethereumLIG.png,87600000000,"{""ethereum"":""0x7adbfd873084db714a57ed648ee69aa4627cb998""}",18
evervalue-coin,EVA,EverValue Coin,evervalue-coin,evervalue-coin7w4.png,17974229,"{""arbitrum-one"":""0x45d9831d8751b2325f3dbf48db748723726e1c8c""}",18
constellation-network-bridged-usdc-constellation-network,USDC.DAG,Constellation Network Bridged USDC (Constellation Network),constellation-network-bridged-usdc-constellation-network,constellation-network-bridged-usdc-constellation-networkwlG.png,0,"{""constellation-network"":""DAG0S16WDgdAvh8VvroR6MWLdjmHYdzAF5S181xh""}",18
aktionariat-realunit-schweiz-ag-tokenized-shares,REALU,Aktionariat RealUnit Schweiz AG Tokenized Shares,aktionariat-realunit-schweiz-ag-tokenized-shares,aktionariat-realunit-schweiz-ag-tokenized-sharesaoM.png,10650100,"{""ethereum"":""0x553c7f9c780316fc1d34b8e14ac2465ab22a090b""}",18
t-mac-dao,TMG,T-mac DAO,t-mac-dao,t-mac-daojVG.png,1000000000,"{""binance_smart"":""0x71b87be9ccbabe4f393e809dfc26df3c9720e0a2""}",18
ggez1,GGEZ1,GGEZ1,ggez1,ggez1sl0.png,1777777777,"{""binance_smart"":""0xec29c09208eb99e22c81b797679a69bcf55461cf"",""solana"":""5cerJBJD7q3xfi24JVxSoP8AqeavuUatJtrfrXVokZR3""}",18
giant-mammoth,GMMT,Giant Mammoth,giant-mammoth,giant-mammothtyU.png,0,,
upstarty,UPY,Upsmarty,upstarty,upstartyJpS.png,1000000000,"{""binance_smart"":""0xb849c4d843769d42812fb600b1bcc8a6ba843466""}",18
xbo-xom,XBO,$XBO Token,xbo-xom,xbo-xom6kL.png,1250000000,"{""ethereum"":""0x167e6fcd728cdd00d012d8862934c2c333cb0839""}",18
theo-usd,THUSD,Theo USD,theo-usd,theo-usdMOi.png,1000000000000,"{""ethereum"":""0xa3fe5c7596024e6811e14f029937d5bd8ae485b3""}",18
machina,MXNA,Machina,machina,machina4mW.png,1000000000,"{""ethereum"":""0x0a2a015a15a8e019abc386fee88b8a6d7a0d90df""}",18
din,DIN,DIN,din,dinvU5.png,100000000,"{""binance_smart"":""0x3ab1a5f76e12202d1ad1548a08a799501581da4e""}",18
anoa,ANOA,ANOA,anoa,anoaNho.png,10000000,"{""ethereum"":""0x44a8701fb5c8c22b90d839363e6c2b2c1a58a525""}",18
succession,SCCN,Succession,succession,succession9Yh.png,10000000000,"{""ethereum"":""0xdfddf7a69716124bc346ba556d4b9f9e74c4a8bc""}",18
akas,AS,AKAS,akas,akasj3z.png,262773383,"{""polygon-zkevm"":""0x6a92b1e99de09f71cd96bc91f934826d96b8b26e"",""polygon-pos"":""0x6a92b1e99de09f71cd96bc91f934826d96b8b26e""}",18
axe-compute-bstocks-tokenized-stock,AGPUB,Axe Compute (bStocks Tokenized Stock),axe-compute-bstocks-tokenized-stock,axe-compute-bstocks-tokenized-stockFZt.png,189561,"{""binance_smart"":""0xa455ae0f04a2b86eee47adca98985e61d14cbefb""}",18
jennyco,JCO,JennyCo,jennyco,jennyco3rz.png,250000000,"{""polygon-pos"":""0x8105f88e77a5d102099bf73db4469d3f1e3b0cd6""}",18
safemars-protocol,SMARS,Safemars Protocol,safemars-protocol,safemars-protocoltPZ.png,1000000000000000,"{""binance_smart"":""0xc0366a104b429f0806bfa98d0008daa9555b2bed""}",18
reef,REEF,Reef,reef,reefjgC.png,37930403865,"{""ethereum"":""0xfe3e6a25e6b192a42a44ecddcd13796471735acf"",""binance_smart"":""0xf21768ccbc73ea5b6fd3c687208a7c2def2d966e"",""harmony-shard-0"":""0x9ab0db833557d95aff98c09b560145ad34e681b8"",""sora"":""0x0004d3168f737e96b66b72fbb1949a2a23d4ef87182d1e8bf64096f1bb348e0b"",""energi"":""0x2c969b248144dc371b428705da84b413203d9e76""}",18
medieval-empires,MEE,Medieval Empires,medieval-empires,medieval-empires3qk.png,2824686940,"{""polygon-pos"":""0xeb7eab87837f4dad1bb80856db9e4506fc441f3d""}",18
ultrasafe,ULTRA,UltraSafe,ultrasafe,ultrasafeTpG.png,1000000000000000,"{""binance_smart"":""0x0b3f42481c228f70756dbfa0309d3ddc2a5e0f6a""}",18
phemex,PT,Phemex Token,phemex,phemexlCU.png,1000000000,"{""ethereum"":""0xbbb32f99e6f2cb29337eebaa43c5069386de6e6c"",""optimistic-ethereum"":""0x35b5a3bf31b67f832230da9424824edc9f7ad98c""}",18
bucket-usd,USDB,Bucket USD,bucket-usd,bucket-usdC9k.png,11767527,"{""sui"":""0xe14726c336e81b32328e92afc37345d159f5b550b09fa92bd43640cfdd0a0cfd::usdb::USDB""}",18
auxite-resrve,AUXR,Auxite Reserve,auxite-resrve,auxite-resrveLN1.png,26311,"{""base"":""0xb145b8e9c02193d55454f534f917cabe704fa042""}",18
neopin,MAY,Mayflower,neopin,neopinBh4.png,1000000000,"{""klay-token"":""0xe06597d02a2c3aa7a9708de2cfa587b128bd3815"",""polygon-pos"":""0x306ee01a6ba3b4a8e993fa2c1adc7ea24462000c"",""solana"":""FJz7ptUR1FwxSHbb8Sfd5Cn6Zt4TqucJZKLqU4n66gdq""}",18
sda-token,SDA,SDA Token,sda-token,sda-tokenkJF.png,100000000,"{""solana"":""SDAmxfpgaGmtxTqcTcvr4yi2kBwEFxTLF2XU4oLFw4b""}",18
truebit-protocol,TRU,Truebit Protocol,truebit-protocol,truebit-protocolSiZ.png,3332527201741,"{""ethereum"":""0xf65b5c5104c4fafd4b709d9d60a185eae063276c""}",18
hybridge-bridged-link-hyperevm,LINK0,Hybridge Bridged LINK,hybridge-bridged-link-hyperevm,hybridge-bridged-link-hyperevmtju.png,1000028495,"{""hyperevm"":""0x9a12cb8869498d8826567437abea27be1c2ba9ab"",""hyperliquid"":""0xb99e5be3b0a18c37940a7ab0c204b328""}",18
0xcdae63d95d6dd4f89f6e508c77bd4388b4e5c8ab_robinhood,HIVE,Project Hive,project-hive,project-hivefmb.png,1000000000,"{""robinhood"":""0xcdae63d95d6dd4f89f6e508c77bd4388b4e5c8ab""}",18
battle-bulls,BULL,Battle Bulls,battle-bulls,battle-bullsnOu.png,0,,
glidr,GLIDR,Glidr,glidr,glidrPjO.png,100000000,"{""binance_smart"":""0xc2b1ddb75046c4915c641cc0dc0d0f160ef82be5""}",18
9oXA1VWKNiYDYa6VKHBFFBBvZdvuhw1b2eD5Aka7YrVt_solana,FLAME,Flame,flame-5,flame-5SN8.png,999925578,"{""solana"":""9oXA1VWKNiYDYa6VKHBFFBBvZdvuhw1b2eD5Aka7YrVt""}",18
dagama-world,DGMA,DaGama World,dagama-world,dagama-worldpXY.png,700000000,"{""ethereum"":""0x4bdfa27ce379d7601da1d15bd637a1cf895ff8fb""}",18
0xf76b1d00bd3d63a37246b5f512074e864010e33d_arc,POLL,Polly,synthra,synthraZqC.png,0,"{""arc"":""0xf76b1d00bd3d63a37246b5f512074e864010e33d""}",18
usdf-global-fund-dollar,USDF,USDF - Global Fund Dollar,usdf-global-fund-dollar,usdf-global-fund-dollardk4.png,150000000,"{""ethereum"":""0x6033d631eb755de86cbd66c0e40eaea52c132515"",""binance_smart"":""0x6033d631eb755de86cbd66c0e40eaea52c132515""}",18
mumubit-token,MCTP,MUMUBIT TOKEN,mumubit-token,mumubit-tokenOTa.png,1000000000,"{""ethereum"":""0x98509e66fbf5a68d18ebb01dc4a52ce020fc8d1f""}",18
GodL6KZ9uuUoQwELggtVzQkKmU1LfqmDokPibPeDKkhF_solana,GODL,GODL,godl-2,GodL6KZ9uuUoQwELggtVzQkKmU1LfqmDokPibPeDKkhF_solanan5V.png,280000,"{""solana"":""GodL6KZ9uuUoQwELggtVzQkKmU1LfqmDokPibPeDKkhF""}",18
pumpmeme,PM,PumpMeme,pumpmeme,pumpmemej26.png,100000000,"{""binance_smart"":""0x652fcafea5a2da18e8947748b7849b72148b4543""}",18
gather-2,GAT,Gather,gather-2,gather-2rAd.png,100000000,,
play-to-create,DRN,Doran,play-to-create,play-to-createSmz.png,50000000,"{""clover"":""0xc09327a5976bfe6263078f3f67de39f3dab88205""}",18
fistbump,FIST,Fistbump,fistbump,fistbumpoMc.png,200000000,"{""binance_smart"":""0xc9882def23bc42d53895b8361d0b1edc7570bc6a""}",18
0x97e66d3c4d5bcd7c64e3e55af28544c9addf9281_arbitrum-one,CAPX,Capx AI [OLD],capx-ai,capx-aih1V.png,1000000000,"{""arbitrum-one"":""0x97e66d3c4d5bcd7c64e3e55af28544c9addf9281"",""binance_smart"":""0x71fb1795b084ff2b65eabf51cad22bbefd42ed5f"",""ethereum"":""0x833e53f1e2d320e0768671dee5cec88b2d93330f""}",18
6AUURRdHb9TrfPHv9AMofa8NEVoZDXcsbWKcUBpFSRXs_solana,CYPHERCAT,CypherCat,cyphercat,cyphercatyR9.png,999943864,"{""solana"":""6AUURRdHb9TrfPHv9AMofa8NEVoZDXcsbWKcUBpFSRXs""}",18
botxcoin,BOTX,BOTXCOIN,botxcoin,BOTXCOINI5urp.png,5000000000,"{""ethereum"":""0xef19f4e48830093ce5bc8b3ff7f903a0ae3e9fa1""}",18
snapmuse-io,SMX,Snapmuse.io,snapmuse-io,snapmuse-iovV2.png,500000000,"{""binance_smart"":""0x8c6149aaea8161e2015fa563040a916e90d16dca""}",18
sierra-3,SIERRA,Sierra,sierra-3,sierra-3VwO.png,68563895,"{""ethereum"":""0xbceb5f6877d979ec621ae694da1102cb95691ad3""}",18
goeddy,EDDY,GoEddy,goeddy,goeddyMZw.png,1000000000,"{""edu-chain"":""0xb193c5fb6133f50e530a8ab01d743a49a925400f""}",18
FtUEW73K6vEYHfbkfpdBZfWpxgQar2HipGdbutEhpump_solana,TITCOIN,titcoin,titcoin-2,FtUEW73K6vEYHfbkfpdBZfWpxgQar2HipGdbutEhpump_solanaNBs.png,996456162,"{""solana"":""2z1s9nrjhTdr26kpNYJrM29h3tyjAp6aKNofbkV9pump""}",18
sunrise-layer,RISE,Sunrise,sunrise-layer,sunrise-layerbt7.png,500000000,,
defigram,DFG,Defigram,defigram,defigramuJE.png,1000000000,"{""binance_smart"":""0xb661f4576d5e0b622fee6ab041fd5451fe02ba4c""}",18
staika,STIK,Staika,staika,staikacK5.png,250000000,"{""solana"":""8BMzMi2XxZn9afRaMx5Z6fauk9foHXqV5cLTCYWRcVje""}",18
lemon-2,LEMX,Lemon,lemon-2,lemon-2Jex.png,50000000,"{""binance_smart"":""0x2da91257961b87e69fa13b2e20931d517dc97597""}",18
k-pop-click-coin,KPC,K-POP CLICK COIN,k-pop-click-coin,k-pop-click-coinkKI.png,0,,
electric-cash,ELCASH,Electric Cash,electric-cash,electric-cashBPW.png,21000000,,
bot,BOT,BOT,bot,botPtQ.png,150000000,,
eiob,EIOB,EIOB,eiob,eiobUKn.png,10000000000,,
football-coin,XFC,Football Coin,football-coin,football-coinPog.png,1000000000,,
EQC98_qAmNEptUtPc7W6xdHh_ZHrBUFpw5Ft_IzNU20QAJav_the-open-network,TSTON,Tonstakers,tonstakers,tonstakersj2M.png,115799805,"{""the-open-network"":""EQC98_qAmNEptUtPc7W6xdHh_ZHrBUFpw5Ft_IzNU20QAJav""}",18
meta-games-coin,MGC,Meta Games Coin,meta-games-coin,meta-games-coinv3K.png,100000000000,"{""binance_smart"":""0xbb73bb2505ac4643d5c0a99c2a1f34b3dfd09d11""}",18
oracle-meta-technologies,OMT,Oracle Meta Technologies,oracle-meta-technologies,oracle-meta-technologiesXrz.png,23650000,"{""binance_smart"":""0x851da0bea7fe6db35c11c1d3a065a96e6b36acf1""}",18
bito-coin,BITO,BITO Coin,bito-coin,bito-coin7mT.png,500000000,"{""ethereum"":""0x93b1e78a3e652cd2e71c4a767595b77282344932""}",18
brics-chain,BRICS,BRICS Chain,brics-chain,brics-chainFpI.png,1000000000,"{""binance_smart"":""0xec9742f992acc615c4252060d896c845ca8fc086""}",18
25hAyBQfoDhfWx9ay6rarbgvWGwDdNqcHsXS3jQ3mTDJ_solana,MANEKI,MANEKI,maneki,manekinXA.png,8888887547,"{""solana"":""25hAyBQfoDhfWx9ay6rarbgvWGwDdNqcHsXS3jQ3mTDJ""}",18
allbridge-bridged-usdc-stacks,AEUSDC,Allbridge Bridged USDC (Stacks),allbridge-bridged-usdc-stacks,allbridge-bridged-usdc-stacksdPt.png,0,"{""stacks"":""SP3Y2ZSH8P7D50B0VBTSX11S7XSG24M1VB9YFQA4K.token-aeusdc""}",18
tour-billion-coin,TBC,Tour Billion Coin,tour-billion-coin,tour-billion-coinevY.png,1000000000,"{""binance_smart"":""0xda0f9f1204395c2481070c1d4dc1f996915527f2""}",18
utility-nexusmind,UNMD,Utility NexusMind,utility-nexusmind,utility-nexusmindRcn.png,1000000000,"{""binance_smart"":""0xd460546a74827580cd3321eec817d0b7b7094210""}",18
0x168661c52e5922288dfb2b3f323b6cf90eb21e18_robinhood,STRATEGY,Strategy Coin,strategy-coin,0x168661c52e5922288dfb2b3f323b6cf90eb21e18_robinhood8No.png,1000000000,"{""robinhood"":""0x168661c52e5922288dfb2b3f323b6cf90eb21e18""}",18
waves-exchange,WX,WX Network Token,waves-exchange,waves-exchangeer5.png,999999997,"{""waves"":""Atqv59EYzjFGuitKVnMRk6H8FukjoV3ktPorbEys25on""}",18
openai-gate-pre-ipo,OPENAI,OpenAI (Gate Pre-IPO),openai-gate-pre-ipo,openai-gate-pre-ipooP7.png,0,,
stake-dao-crv,SDCRV,Stake DAO CRV,stake-dao-crv,stake-dao-crvzJW.png,22975526,"{""ethereum"":""0xd1b5651e55d4ceed36251c61c50c889b36f6abb5""}",18
omnirail,RAIL,OmniRail,omnirail,omnirail3N2.png,1000000000,"{""robinhood"":""0xa4ddf100e3e0d3a9dd897e89d025622b794f0c08""}",18
creator-chain,CRTR,Creator Chain,creator-chain,creator-chainykd.png,10000000000,,
toyow-token,TTN,Toyow,toyow-token,toyow-tokenYLJ.png,33285394,"{""base"":""0x225530e4afcdb5eccb96af7a45d94452a10a3879""}",18
cryptoperformance-coin,CPC,CryptoPerformance Coin,cryptoperformance-coin,cryptoperformance-coin872.png,0,,
penpe,PENPE,PENPE,penpe,penpenvs.png,1000000000,"{""robinhood"":""0xb83fc6010c8dcf628abe787a161c619fcc543117""}",18
unicorn-token,UNI,UNICORN,unicorn-token,unicorn-tokenH1Z.png,10000000000,"{""ethereum"":""0x2730d6fdc86c95a74253beffaa8306b40fedecbb""}",18
0xf79b7db89c8ea7465fbbb1ac20eaf71755cd7777_binance_smart,财富人生,财富人生,cai-fu-ren-sheng,cai-fu-ren-shengLtV.png,1000000000,"{""binance_smart"":""0xf79b7db89c8ea7465fbbb1ac20eaf71755cd7777""}",18
webuy,WE,WeBuy,webuy,webuysni.png,2500000000,"{""klay-token"":""0xfaea8f7839f343a52c11a2d5395406eb2a87c55b""}",18
space-exploration-technologies-dinari-tokenized-stock,SPCX,Space Exploration Technologies (Dinari Tokenized Stock),space-exploration-technologies-dinari-tokenized-stock,space-exploration-technologies-dinari-tokenized-stockLGB.png,0,"{""ethereum"":""0x9b4db2271eb1fa0aee1aba7ed55e51c38ce514a3"",""base"":""0x9b4db2271eb1fa0aee1aba7ed55e51c38ce514a3"",""arbitrum-one"":""0x9b4db2271eb1fa0aee1aba7ed55e51c38ce514a3"",""avalanche"":""0x9b4db2271eb1fa0aee1aba7ed55e51c38ce514a3"",""hyperevm"":""0x9b4db2271eb1fa0aee1aba7ed55e51c38ce514a3"",""hyperliquid"":""0x4f49b5f025c969501c6a350f984e1725""}",18
blockchain-fx,BFX,BlockchainFX,blockchain-fx,blockchain-fxljR.png,3500000000,"{""ethereum"":""0x87ad29bc7a161d7ca644eb1db221d962e2d383d2""}",18
great-bounty-dealer,GBD,Great Bounty Dealer,great-bounty-dealer,great-bounty-dealerFKz.png,1000000000,"{""binance_smart"":""0xdf7434d15656809f56dd17371b2339baacd9b494""}",18
0x7325305929cb804d2fc394120622ae73afc804eb_robinhood,SW,Stonewatch,stonewatch,stonewatchNNs.png,930000000,"{""robinhood"":""0x7325305929cb804d2fc394120622ae73afc804eb""}",18
sun-minimeal,SOIL,SUN Minimeal,sun-minimeal,sun-minimealQsf.png,1481620239,"{""pulsechain"":""0xbd63fa573a120013804e51b46c56f9b3e490f53c""}",18
0x0a8b4763c71ac39101b3b8a97e62da0b81549a4f_robinhood,MONEY,own.money,own-money,0x0a8b4763c71ac39101b3b8a97e62da0b81549a4f_robinhoodkxu.png,980532292,"{""robinhood"":""0x0a8b4763c71ac39101b3b8a97e62da0b81549a4f""}",18
btcmobick,BMB,BTCMobick,btcmobick,btcmobick8vl.png,38114508,,
4-next-unicorn,NXTU,4 Next Unicorn,4-next-unicorn,4-next-unicorntRm.png,99999000,"{""binance_smart"":""0xac927db34e4648781a32a9a4b673cee28c4ec4fe""}",18
altava,TAVA,ALTAVA,altava,altavaqQp.png,1000000000,,
alvey-chain-2,WALV,Alvey Chain,alvey-chain-2,alvey-chain-20dm.png,1000000000,"{""robinhood"":""0x302dacc52492095fb054937112a5aac4617ecfb3""}",18
fgrs-figure-tokenized-stock,FGRS,FGRS (Figure Tokenized Stock),fgrs-figure-tokenized-stock,fgrs-figure-tokenized-stocklLv.png,6941665,"{""provenance"":""nfgrd""}",18
6kNNgyrdvjkRC8eRGQqx5sLfZG2jTmg3NCFmkX2hYP4j_solana,SOMETHING,SOMETHING THE CAT,something-the-cat,something-the-cat1Tu.png,999993249,"{""solana"":""6kNNgyrdvjkRC8eRGQqx5sLfZG2jTmg3NCFmkX2hYP4j""}",18
2pPPGoFjQtkFjGkwDDUfVofdgEUrFZEiU6D8SuedZupM_solana,BACKD,BACKD,backd,backd4ZT.png,993477773,"{""solana"":""2pPPGoFjQtkFjGkwDDUfVofdgEUrFZEiU6D8SuedZupM""}",18
canary,CNR,Canary,canary,canary0dy.png,570000000,"{""avalanche"":""0x8d88e48465f30acfb8dac0b3e35c9d6d7d36abaf""}",18
wrapped-microstrategy-xstock,WMSTRX,Wrapped MicroStrategy xStock,wrapped-microstrategy-xstock,wrapped-microstrategy-xstockeP2.png,518.8983,"{""arbitrum-one"":""0x266e5923f6118f8b340ca5a23ae7f71897361476"",""x-layer"":""0x30987adf0b11dc698438a99ba04ec3a1ab2c7eab""}",18
privateai,PGPT,PrivateAI,privateai,privateait11.png,33333333,"{""binance_smart"":""0x33a64943a0eaecc2b06b10f89686b797ba75ffad""}",18
qiswap,QI,QiSwap,qiswap,qiswapgR4.png,1000000000,"{""qtum"":""54fefdb5b31164f66ddb68becd7bdd864cacd65b""}",18
0x5ffe80c90a653e3ca056fd3926987bf3e8068ca21528bb4fdbc4d487cc152dad::jackson::JACKSON_sui,JACKSON,JACKSON,jackson,0x5ffe80c90a653e3ca056fd3926987bf3e8068ca21528bb4fdbc4d487cc152dad::jackson::JACKSON_suiizd.png,9999999999,"{""sui"":""0x5ffe80c90a653e3ca056fd3926987bf3e8068ca21528bb4fdbc4d487cc152dad::jackson::JACKSON""}",18
pepe-goblin,CACKLE,PEPE Goblin,pepe-goblin,pepe-goblinBZC.png,743820169,"{""solana"":""BQJfL1yiHbJQ8AciHLcKxaCbQrWP2ws8oZHHYgbBpump""}",18
orbler,ORBR,Orbler,orbler,orbleri3r.png,2000000000,"{""ethereum"":""0xda30f261a962d5aae94c9ecd170544600d193766""}",18
tetractys,TET10,TETRACTYS,tetractys,tetractysM7L.png,1000000000,"{""robinhood"":""0xeb19c7a4d956fc362ae1a22f296a1a7d4aa1e67b""}",18
uahg,UAHG,UAHg,uahg,uahgwXB.png,0,,
0x60b0c26ea34be7d8625526a6b18b3ad4c6b9f694_base,CLAWGUIN,Clawguin,clawguin,clawguin6um.png,1000000000,"{""base"":""0x60b0c26ea34be7d8625526a6b18b3ad4c6b9f694""}",18
hitbtc-token,HIT,HitBTC,hitbtc-token,hitbtc-tokencK4.png,2000000000,"{""ethereum"":""0x74b1af114274335598da72f5c6ed7b954a016eed""}",18
trinique,TNQ,TNQ,trinique,triniqueVvp.png,1000000000,"{""ethereum"":""0x47e5c76f155083f1aee39578311a2a5faa938a82""}",18
chimpzee-chmpz,CHMPZ,Chimpzee (CHMPZ）,chimpzee-chmpz,chimpzee-chmpzIr0.png,24999999999,"{""ethereum"":""0x1161ab556baa457994b1d6a6cca3a7a6891009fd""}",18
paladeum,PLB,Paladeum,paladeum,paladeumzlC.png,1000000000,,
layer-one-x-2,L1X,Layer One X,layer-one-x-2,layer-one-x-2ELw.png,542150537,"{""ethereum"":""0x399ef659fdead53b3e7f97e9491e727925667945"",""solana"":""HeFNBDauVZDD86dV8TmFGx39kGxmFLrVKqbYe6wXWcPT"",""binance_smart"":""0x64d1335b7b942385a60c50e57f647d1982f0c4c8""}",18
alif-coin,ALIF,AliF Coin,alif-coin,alif-coinaxN.png,2100000,"{""binance_smart"":""0x967784950655b8e74a2d3d3503933f0015660074""}",18
cryn,CRYN,CRYN,cryn,crynM0w.png,888888888,"{""ethereum"":""0xc31cebf8f9e825d1d1244d73d0a65e44bd5210db""}",18
luxury-travel-token,LTT,Luxury Travel Token,luxury-travel-token,luxury-travel-tokenYEm.png,100000000000,"{""ethereum"":""0x3f91ad19af450b44cf5176b4de719d77cb19eec7""}",18
shping,SHPING,Shping,shping,shpingFWV.png,10000000000,"{""ethereum"":""0x7c84e62859d0715eb77d1b1c4154ecd6abb21bec""}",18
siai-token,SIAI,SIAI TOKEN,siai-token,siai-token5Vk.png,100000000000,"{""binance_smart"":""0x6ea924e5b0c693310c32117788ffc556d07a66bf""}",18
mythical-gem,GEM,Mythical Gem,mythical-gem,mythical-gemQTE.png,10000000000,,
nexum,NEXM,Nexum,nexum,nexumoFH.png,5000000000,"{""ethereum"":""0xe831f96a7a1dce1aa2eb760b1e296c6a74caa9d5"",""binance_smart"":""0xfa37e513e6cd506c4694b992825a8b614c035581"",""polygon-pos"":""0xc88640b734fea3b35c132fe757aeb5ca6c8cdc66""}",18
bitmax,BMAX,BMAX,bitmax,bmaxkqB.png,650000,"{""ethereum"":""0x116c4b65e14449947bc6fa1bbe844cb16a162d53""}",18
0x3e12b9d6a4d12cd9b4a6d613872d0eb32f68b380_base,FLOWER,Flower,flower-2,flower-25QS.png,256000000,"{""base"":""0x3e12b9d6a4d12cd9b4a6d613872d0eb32f68b380"",""ronin"":""0x3e12b9d6a4d12cd9b4a6d613872d0eb32f68b380"",""polygon-pos"":""0x3e12b9d6a4d12cd9b4a6d613872d0eb32f68b380""}",18
zeloop-eco-reward,ERW,ZeLoop Eco Reward,zeloop-eco-reward,zeloop-eco-rewardmfn.png,80000000000,"{""binance_smart"":""0x77e5cce02139814e7eff377244cac8b802cddab8""}",18
mana3,MANA3,MANA3,mana3,mana3yVy.png,500000000,"{""binance_smart"":""0xd949902af904dc295d85cf8e9de0ece9d5699a8f""}",18
stakestone-ether,STONE,StakeStone ETH,stakestone-ether,stakestone-etherDTg.png,1000000000,"{""ethereum"":""0x7122985656e38bdc0302db86685bb972b145bd3c"",""linea"":""0x93f4d0ab6a8b4271f4a28db399b5e30612d21116"",""manta-pacific"":""0xec901da9c68e90798bbbb74c11406a32a70652c3"",""scroll"":""0x80137510979822322193fc997d400d5a6c747bf7"",""binance_smart"":""0x80137510979822322193fc997d400d5a6c747bf7"",""mode"":""0x80137510979822322193fc997d400d5a6c747bf7"",""astar-zkevm"":""0x80137510979822322193fc997d400d5a6c747bf7"",""x-layer"":""0x80137510979822322193fc997d400d5a6c747bf7"",""zircuit"":""0x80137510979822322193fc997d400d5a6c747bf7"",""aptos"":""0x543c5660aa4d496687e2068c11765f04607c4f4b639a83233a9333604fb8ce59::stakestone_ether::StakeStoneEther"",""mantle"":""0x2fde62942759d7c0aaf25952da4098423bc1264c"",""base"":""0xd2012fc1b913ce50732ebcaa7e601fe37ac728c6"",""metis-andromeda"":""0x80137510979822322193fc997d400d5a6c747bf7"",""optimistic-ethereum"":""0x80137510979822322193fc997d400d5a6c747bf7"",""arbitrum-one"":""0x80137510979822322193fc997d400d5a6c747bf7"",""meter"":""0x0978c36bcaa1887ad0335e76e184290baa6731d0"",""sei-network"":""0x80137510979822322193fc997d400d5a6c747bf7"",""merlin-chain"":""0xb5d8b1e73c79483d7750c5b8df8db45a0d24e2cf"",""sei-v2"":""0x80137510979822322193fc997d400d5a6c747bf7"",""berachain"":""0xec901da9c68e90798bbbb74c11406a32a70652c3""}",18
arena-of-faith,ACP,Arena Of Faith,arena-of-faith,arena-of-faithfaH.png,1000000000,"{""ethereum"":""0x104e363ac6521e55a24ae724855362acec3febe6""}",18
0xd79eb5d4edf7bd843eef5109f1a1ff5c96b17948_robinhood,KNIGHT,Knight,knight-2,knight-2mjC.png,1000000000,"{""robinhood"":""0xd79eb5d4edf7bd843eef5109f1a1ff5c96b17948""}",18
100xpad,XPD,100xPad,100xpad,100xpad9np.png,1000000000,"{""binance_smart"":""0xabb58792bb3ec9607dc90986b4e0621fbcf75c80""}",18
isiklar-coin,ISIKC,Isiklar Coin,isiklar-coin,isiklar-coinaQ7.png,100000000,"{""ethereum"":""0x42726d074bba68ccc15200442b72afa2d495a783""}",18
ozonechain,OZONE,Ozonechain,ozonechain,ozonechaineSu.png,50000,,
immutable-zkevm-bridged-eth,ETH,Immutable zkEVM Bridged ETH,immutable-zkevm-bridged-eth,immutable-zkevm-bridged-ethUGB.png,341.008,"{""immutable"":""0x52a6c53869ce09a731cd772f245b97a4401d3348""}",18
braintrust,BTRST,Braintrust,braintrust,braintrustKzT.png,250000000,"{""ethereum"":""0x799ebfabe77a6e34311eeee9825190b9ece32824"",""base"":""0xa7d68d155d17cb30e311367c2ef1e82ab6022b67""}",18
wecoown,WCX,WeCoOwn,wecoown,wecoownm86.png,100000000000,"{""ethereum"":""0xc014186cf1ba36032aaec7f96088f09eb3934347""}",18
voucher-dot,VDOT,Voucher DOT,voucher-dot,voucher-dotPSo.png,0,"{""base"":""0xbc33b4d48f76d17a1800afcb730e8a6aaada7fe5"",""arbitrum-one"":""0xbc33b4d48f76d17a1800afcb730e8a6aaada7fe5"",""optimistic-ethereum"":""0xbc33b4d48f76d17a1800afcb730e8a6aaada7fe5"",""binance_smart"":""0xbc33b4d48f76d17a1800afcb730e8a6aaada7fe5"",""ethereum"":""0xbc33b4d48f76d17a1800afcb730e8a6aaada7fe5""}",18
stakevault-network,SVN,StakeVault.Network,stakevault-network,stakevault-network9FJ.png,2100000000,"{""ethereum"":""0xce872db165d4f5623af9c29e03afd416bc5f67bc""}",18
crypto-sdg,SDG,Crypto SDG,crypto-sdg,crypto-sdgbcm.png,4040000000000,"{""ethereum"":""0x0f5def84ced3e9e295dae28df96d0b846de92c1a""}",18
xsauce,XSAUCE,xSAUCE,xsauce,xsaucelMY.png,140339954,"{""hedera-hashgraph"":""0.0.1460200""}",18
devvio,DEVVE,Devvio,devvio,devvio8Am.png,0,,
songbird-finance,SFIN,Songbird Finance,songbird-finance,songbird-financefrh.png,11000,"{""songbird"":""0x0d94e59332732d18cf3a3d457a8886a2ae29ea1b""}",18
biopassport,BIOT,Bio Passport,biopassport,biopassportsFt.png,8800000000,"{""ethereum"":""0xc07a150ecadf2cc352f5586396e344a6b17625eb""}",18
0x134c4fb13dc3c873d699957a8493e463b56f1e18_robinhood,WELOVECATS,We Love Cats,we-love-cats,0x134c4fb13dc3c873d699957a8493e463b56f1e18_robinhoodV5O.png,1000000000,"{""robinhood"":""0x134c4fb13dc3c873d699957a8493e463b56f1e18""}",18
rally-3,RALLY,RALLY,rally-3,rally-3tbP.png,33161223836,"{""ethereum"":""0x19640000000ba88d36206beb10d0e86011c8d08c"",""base"":""0x19640000000ba88d36206beb10d0e86011c8d08c"",""binance_smart"":""0x19640000000ba88d36206beb10d0e86011c8d08c""}",18
scarcity-2,SCARCITY,SCARCITY,scarcity-2,scarcity-2TkO.png,10000000000,"{""binance_smart"":""0x0d67d1bec77e562a73a65eef5ed92ac46744671c""}",18
0xe8729dc9dca85167e06b7e9c66a58b22457c5f30_robinhood,AEVA,Aeva,aeva,aevaHoD.png,1000000000,"{""robinhood"":""0xe8729dc9dca85167e06b7e9c66a58b22457c5f30""}",18
staked-near,STNEAR,Staked NEAR,staked-near,staked-nearSPn.png,0,"{""aurora"":""0x07f9f7f963c5cd2bbffd30ccfb964be114332e30"",""near-protocol"":""meta-pool.near""}",18
ripples-2,RIPPLES,Ripples,ripples-2,ripples-2sua.png,829509579,"{""robinhood"":""0xc465130ac047cc363d3839b4de1c8f35cf8ae9fd""}",18
0x7aaaa5b10f97321345acd76945083141be1c5631_binance_smart,COW,Cowcoin,cowcoin-2,cowcoin-2EJB.png,1000000000,"{""binance_smart"":""0x7aaaa5b10f97321345acd76945083141be1c5631""}",18
coinrobot-ai,COINROBOT,CoinRobot.AI,coinrobot-ai,coinrobot-aiFkI.png,777777777,"{""binance_smart"":""0x3fd230b77ad19aaf6330da7854ec76d5aeb49ead""}",18
ducky-3,DUCKY,DUCKY,ducky-3,ducky-3fbJ.png,50000000000,"{""binance_smart"":""0x804c3f94a9d693ec35afe8d140098e5046816495"",""solana"":""97TgtAnya3WC6fDRhzeeV7B5ngLnemP6YFjxnxYxY8ng""}",18
wendy-s-bstocks-tokenized-stock,WENB,Wendy’s (bStocks Tokenized Stock),wendy-s-bstocks-tokenized-stock,wendy-s-bstocks-tokenized-stock2x3.png,72007,"{""binance_smart"":""0xded1c5fb38c262beb9cff1e1116eff3c5bf278cd""}",18
titanx,TITANX,TitanX,titanx,titanxK8U.png,99154093416978,"{""ethereum"":""0xf19308f923582a6f7c465e5ce7a9dc1bec6665b1""}",18
salesforce-bstocks-tokenized-stock,CRMB,Salesforce (bStocks Tokenized Stock),salesforce-bstocks-tokenized-stock,salesforce-bstocks-tokenized-stockbtC.png,2083,"{""binance_smart"":""0x8c433eca1be0e2a357015602f63751c768f6f643""}",18
cryptopia-world,BCPI,Cryptopia,cryptopia-world,cryptopia-worldEB6.png,2160000,"{""binance_smart"":""0x557805bbe627ad81adecf4a94ef028141cebabdf""}",18
triad,TRD,Triad [OLD],triad,triadkpK.png,12119693,"{""solana"":""t3DohmswhKk94PPbPYwA6ZKACyY3y5kbcqeQerAJjmV""}",18
0xb8147ce9b0dac5f8165785dec6494e57748e4b78_base,DCAI,DCAI,dcai,0xb8147ce9b0dac5f8165785dec6494e57748e4b78_basexSu.png,100000000,"{""base"":""0xb8147ce9b0dac5f8165785dec6494e57748e4b78""}",18
ava-foundation-bridged-ava-bsc,AVA,AVA (Travala) Bridged AVA (BSC),ava-foundation-bridged-ava-bsc,ava-foundation-bridged-ava-bscaIe.png,4196907,"{""binance_smart"":""0xd9483ea7214fcfd89b4fb8f513b544920e315a52""}",18
6rHkNb7HCtkpvdnVJsBCZHH5dw3AndqEjfmbEGhooR7t_solana,SCRIBE,Scribe,scribe-2,scribe-2MNH.png,981136218,"{""solana"":""6rHkNb7HCtkpvdnVJsBCZHH5dw3AndqEjfmbEGhooR7t""}",18
xrun,XRUN,XRun,xrun,xrunKsa.png,2100000000,"{""ethereum"":""0x5833dbb0749887174b254ba4a5df747ff523a905""}",18
tonny-2,TONNY,Tonny,tonny-2,tonny-2n9o.png,20000000000,"{""the-open-network"":""EQC7ilfUj2egjitpNBgW86I3Zr1lJEnqf1MwscMc59HjaU_U""}",18
abel-finance,ABEL,ABEL Finance,abel-finance,abel-financeIFd.png,667844,"{""aptos"":""0x7c0322595a73b3fc53bb166f5783470afeb1ed9f46d1176db62139991505dc61::abel_coin::AbelCoin""}",18
ziowchain,ZIOW,ZIOWCHAIN,ziowchain,ziowchain2Ql.png,10000000000,,
klay-token,KLAY,Klaytn,klay-token,KlaytnmW9JF.png,6435572976,,
zik-coin,ZIK,ZIK coin,zik-coin,zik-coinyxY.png,10000000000000,"{""ethereum"":""0xd4419c2d3daa986dc30444fa333a846be44fd1eb""}",18
