id,symbol,name,slug,logo,total_supply,contract,decimals
snowflake-ondo-tokenized-stock,SNOWON,Snowflake (Ondo Tokenized Stock),snowflake-ondo-tokenized-stock,snowflake-ondo-tokenized-stockNSi.png,5836,"{""ethereum"":""0x5d1a9a9b118ff19721e0111f094f2360b6ef7a2f"",""binance_smart"":""0x138ed6833ff4e8811e1fea0d005e13726c8886f9"",""solana"":""JmFLCBwoNvcXy6B2VqABg6m784ubkXpaEx3p7S5ondo""}",18
0xdbff7c6d368904680706804645cafa4defa3c224_zksync,TEVA,Tevaera,tevaera,0xdbff7c6d368904680706804645cafa4defa3c224_zksyncCep.png,4000000000,"{""zksync"":""0xdbff7c6d368904680706804645cafa4defa3c224"",""base"":""0x00309d634d11541b857f927be91ad2f0bd78894c""}",18
sandisk-backpack-securities,SNDK,Sandisk (Backpack Securities),sandisk-backpack-securities,sandisk-backpack-securitiesdNn.png,1151,"{""solana"":""SNDKbwMUQvZhnLnxLduradgLHG5KrPuKwpnrkkGRhfH""}",18
0x86da4b72f0ce7a9d263263f521f37b3aa9a996d4_binance_smart,TDE,Trader,trader,0x86da4b72f0ce7a9d263263f521f37b3aa9a996d4_binance_smartE5a.png,937130,"{""binance_smart"":""0x86da4b72f0ce7a9d263263f521f37b3aa9a996d4""}",18
0xe2b1dc2d4a3b4e59fdf0c47b71a7a86391a8b35a_base,RWA,RWA Inc.,rwa-inc,rwa-inc7bZ.png,982937369,"{""base"":""0xe2b1dc2d4a3b4e59fdf0c47b71a7a86391a8b35a"",""binance_smart"":""0xe2b1dc2d4a3b4e59fdf0c47b71a7a86391a8b35a"",""arbitrum-one"":""0xe2b1dc2d4a3b4e59fdf0c47b71a7a86391a8b35a""}",18
quantoz-usdq,USDQ,Quantoz USDQ,quantoz-usdq,quantoz-usdqvuL.png,7000000,"{""ethereum"":""0xc83e27f270cce0a3a3a29521173a83f402c1768b"",""xrp"":""USDQ.rDk1xiArDMjDqnrR2yWypwQAKg4mKnQYvs"",""polygon-pos"":""0xb291996477504506bf5f583102b5b5ea5d1e40e0"",""algorand"":""2768603795""}",18
sipher,SIPHER,SIPHER,sipher,sipherP7t.png,410406611,"{""ethereum"":""0x9f52c8ecbee10e00d9faaac5ee9ba0ff6550f511"",""funki"":""0x7d8b6cec10165119c4ac7843a1e02184789585d8""}",18
3VW31dwix6k2EdzhDgZ2zB15J7FbHYQwAUqXgktRcJEX_solana,SOLPUMP,SOLPUMP,solpump,solpumpKdi.png,115300823,"{""solana"":""3VW31dwix6k2EdzhDgZ2zB15J7FbHYQwAUqXgktRcJEX""}",18
index-cooperative,INDEX,Index Cooperative,index-cooperative,index-cooperativeygt.png,9000000,"{""ethereum"":""0x0954906da0bf32d5479e25f46056d22f08464cab"",""polygon-pos"":""0xfbd8a3b908e764dbcd51e27992464b4432a1132b""}",18
visa-ondo-tokenized-stock,VON,Visa (Ondo Tokenized Stock),visa-ondo-tokenized-stock,visa-ondo-tokenized-stock20s.png,5411,"{""ethereum"":""0xac37c20c1d0e5285035e056101a64e263ff94a41"",""binance_smart"":""0x1cde419fae0ef7f7931ae3e29e5f411c8c5e5fa1"",""solana"":""kxEW4oJL75K37VeXaZF1ynbHQATQwhECQKN1374ondo""}",18
0x9f0c013016e8656bc256f948cd4b79ab25c7b94d_mantle,COOK,mETH Protocol,meth-protocol,meth-protocol3xM.png,5000000000,"{""mantle"":""0x9f0c013016e8656bc256f948cd4b79ab25c7b94d"",""ethereum"":""0x9f0c013016e8656bc256f948cd4b79ab25c7b94d""}",18
anduril-prestocks-2,ANDURIL,Anduril PreStocks,anduril-prestocks-2,anduril-prestocks-2YMM.png,11806,"{""solana"":""PresTj4Yc2bAR197Er7wz4UUKSfqt6FryBEdAriBoQB""}",18
acet-token,ACT,Acet,acet-token,acet-tokenEoM.png,2230797705,"{""binance_smart"":""0x9f3bcbe48e8b754f331dfc694a894e8e686ac31d""}",18
0xc2ff2e5aa9023b1bb688178a4a547212f4614bc0_base,PRXVT,PRXVT by Virtuals,prxvt-by-virtuals,prxvt-by-virtualsTal.png,1000000000,"{""base"":""0x4b5d32a07b8d3ec5d6928caa30196f8dd6a7c5a9""}",18
3BgwJ8b7b9hHX4sgfZ2KJhv9496CoVfsMK2YePevsBRw_solana,EPIK,TEH EPIK DUCK,teh-epik-duck,teh-epik-duckldB.png,846671664,"{""solana"":""3BgwJ8b7b9hHX4sgfZ2KJhv9496CoVfsMK2YePevsBRw""}",18
slippy-2,SLIPPY,SLIPPY,slippy-2,slippy-2ius.png,1000000000,"{""robinhood"":""0xf0568863195770965a6d8abb0aa87f4314b80320""}",18
mpoxP5wyoR3eRW8L9bZjGPFtCsmX8WcqU5BHxFW1xkn_solana,POX,Monkey Pox,monkey-pox,mpoxP5wyoR3eRW8L9bZjGPFtCsmX8WcqU5BHxFW1xkn_solanapf5.png,999940539,"{""solana"":""mpoxP5wyoR3eRW8L9bZjGPFtCsmX8WcqU5BHxFW1xkn""}",18
fluence-2,FLT,Fluence,fluence-2,fluence-21dn.png,1000000000,"{""ethereum"":""0x236501327e701692a281934230af0b6be8df3353""}",18
anubis-bridged-usdc-anubis,USDC,Anubis Bridged USDC (Anubis),anubis-bridged-usdc-anubis,anubis-bridged-usdc-anubismKp.png,1947236,"{""anubis"":""0x7dd9c7cbc32df500fa3c06fd60cd62c4e97b2eef""}",18
celer-bridged-usdt-conflux,USDT,Celer Bridged USDT (Conflux),celer-bridged-usdt-conflux,celer-bridged-usdt-confluxxwf.png,1947228,"{""conflux"":""0xfe97e85d13abd9c1c33384e796f10b73905637ce""}",18
0xbf8e8f0e8866a7052f948c16508644347c57aba3_base,AEON,aeon,aeon-2,0xbf8e8f0e8866a7052f948c16508644347c57aba3_baseWsG.png,100000000000,"{""base"":""0xbf8e8f0e8866a7052f948c16508644347c57aba3""}",18
wrapped-egas,WEGAS,Wrapped EGAS,wrapped-egas,wrapped-egasSRK.png,1936853,"{""eni"":""0x6d1e851446f4d004ae2a72f9afed85e8829a205e""}",18
likecoin-2,LIKE,LikeCoin,likecoin-2,likecoin-2PMx.png,1500000000,"{""base"":""0x1ee5dd1794c28f559f94d2cc642bae62dc3be5cf""}",18
0x96c6cbb6251ee1c257b2162ca0f39aa5fa44b1fb_hyperevm,HBHYPE,Hyperbeat Ultra HYPE,hyperbeat-ultra-hype,hyperbeat-ultra-hypeq1N.png,21029,"{""hyperevm"":""0x96c6cbb6251ee1c257b2162ca0f39aa5fa44b1fb""}",18
ULwSJmmpxmnRfpu6BjnK6rprKXqD5jXUmPpS1FxHXFy_solana,HEGE,Hege,hege,hegeYnB.png,1000000000,"{""solana"":""ULwSJmmpxmnRfpu6BjnK6rprKXqD5jXUmPpS1FxHXFy""}",18
superbridge-bridged-weth-soneium,WETH,Superbridge Bridged WETH (Soneium),superbridge-bridged-weth-soneium,superbridge-bridged-weth-soneiumc3n.png,719.6698,"{""soneium"":""0x4200000000000000000000000000000000000006""}",18
starbucks-ondo-tokenized-stock,SBUXON,Starbucks (Ondo Tokenized Stock),starbucks-ondo-tokenized-stock,starbucks-ondo-tokenized-stockM8S.png,19883,"{""ethereum"":""0xf15fbc1349ab99abad63db3f9a510bf413be3bef"",""binance_smart"":""0x94d7754541b829a87321d56121bc544167ac490d"",""solana"":""iPFqjcZQTNMNXA4kbShbMhfAVD8yr8Uq9UtXMV6ondo""}",18
kinka,XNK,Kinka,kinka,kinkavCw.png,482,"{""ethereum"":""0x722a89f1b925fe41883978219c2176aecc7d6699"",""cardano"":""2c5c6ca6f993e198bc9ac859ffb624dd291ec50b4d361544bd01e3ac""}",18
safe-coin-2,SAFE,SafeCoin,safe-coin-2,SafeCoinOSt3d.png,31214532,,
iqf,IQF,IQF,iqf,iqfrQW.png,268119409,"{""binance_smart"":""0xb1cc47ba39b81883cdf2ef9dcb3cdcb0304894f7""}",18
super-micro-computer-ondo-tokenized-stock,SMCION,Super Micro Computer (Ondo Tokenized Stock),super-micro-computer-ondo-tokenized-stock,super-micro-computer-ondo-tokenized-stockunz.png,44296,"{""ethereum"":""0x2ca12a3f9635fd69c21580def14f25c210ca9612"",""binance_smart"":""0xc142ba8ccd36d80c3a001342fb83e4c3d218a873"",""solana"":""jLca79XzcewRuBZyaJxVxuKpUHcEix1X4CP1RP9ondo""}",18
ceramicliberty-com,CL8Y,CeramicLiberty.com,ceramicliberty-com,ceramicliberty-comCde.png,2858050,"{""binance_smart"":""0x8f452a1fdd388a45e1080992eff051b4dd9048d2""}",18
xterio,XTER,Xterio,xterio,xterioK6S.png,1000000000,"{""binance_smart"":""0x103071da56e7cd95b415320760d6a0ddc4da1ca5""}",18
midas-medge,MEDGE,Midas mEDGE,midas-medge,midas-medget6z.png,1678814,"{""ethereum"":""0xbb51e2a15a9158ebe2b0ceb8678511e063ab7a55"",""plume-network"":""0x69020311836d29ba7d38c1d3578736fd3ded03ed"",""0g"":""0xa1027783fc183a150126b094037a5eb2f5db30ba"",""monad"":""0x1c8ee940b654bfced403f2a44c1603d5be0f50fa""}",18
airswap,AST,AirSwap,airswap,AirSwapd5Yuh.png,500000000,"{""ethereum"":""0x27054b13b1b798b345b591a4d22e6562d47ea75a""}",18
0xc72f232a6869e6cf34dc06129affd07f8a2a246a_robinhood,MANCER,Mancer,mancer,mancerWNj.png,2151691989,"{""robinhood"":""0xc72f232a6869e6cf34dc06129affd07f8a2a246a""}",18
0xcc4adb618253ed0d4d8a188fb901d70c54735e03_base,A0T,Agent Zero Token,agent-zero-token,0xcc4adb618253ed0d4d8a188fb901d70c54735e03_baser82.png,1000000,"{""base"":""0xcc4adb618253ed0d4d8a188fb901d70c54735e03""}",18
onocoy-token,ONO,Onocoy Token,onocoy-token,onocoy-token0iN.png,808229120,"{""solana"":""onoyC1ZjHNtT2tShqvVSg5WEcQDbu5zht6sdU9Nwjrc""}",18
onbuff,LWA,LumiWave,onbuff,onbuffom1.png,770075466,"{""ethereum"":""0x410e731c2970dce3add351064acf5ce9e33fdbf0"",""sui"":""0x3332b178c1513f32bca9cf711b0318c2bca4cb06f1a74211bac97a1eeb7f7259::LWA::LWA""}",18
wadzcoin,WCO,W Coin,wadzcoin,wadzcoinDKE.png,9999981391,,
dialectic-usd-vault,DUSD,Dialectic USD Vault,dialectic-usd-vault,dialectic-usd-vault3px.png,1834505,"{""ethereum"":""0x1e33e98af620f1d563fcd3cfd3c75ace841204ef""}",18
rings-scusd,SCUSD,Rings scUSD,rings-scusd,rings-scusdRlj.png,1916841,"{""ethereum"":""0xd3dce716f3ef535c5ff8d041c1a41c3bd89b97ae"",""sonic"":""0xd3dce716f3ef535c5ff8d041c1a41c3bd89b97ae""}",18
phoenixcoin,PXC,Phoenixcoin,phoenixcoin,Phoenixcoin7IqnX.png,93201631,,
0x9c5c365e764829876243d0b289733b9d2b729685_base,DESPXA,DeFi S&P 500,defi-janus-henderson-anemoy-s-p500-fund-token,defi-janus-henderson-anemoy-s-p500-fund-tokenG6i.png,2474,"{""base"":""0x9c5c365e764829876243d0b289733b9d2b729685""}",18
0x11fa1193743061591cbe47c9e0765eaebaa3a046_ethereum,NKP,NonKyotoProtocol,nonkyotoprotocol,0x11fa1193743061591cbe47c9e0765eaebaa3a046_ethereumOIB.png,1000000000,"{""ethereum"":""0x11fa1193743061591cbe47c9e0765eaebaa3a046""}",18
QdyjMr627PR7NtWdcEcgFmDm5haBVUWEcj4jdM4boop_solana,KUMA,Captain Kuma,captain-kuma,QdyjMr627PR7NtWdcEcgFmDm5haBVUWEcj4jdM4boop_solanaUyE.png,899989334,"{""solana"":""QdyjMr627PR7NtWdcEcgFmDm5haBVUWEcj4jdM4boop""}",18
robinhood-rstock,RHOOD,Robinhood Markets Tokenized Stock (Reality),robinhood-rstock,robinhood-rstockEyu.png,16861,"{""arbitrum-one"":""0x485cb1ed5662a911eba7f8547eb9e253cf43b8ae"",""morph-l2"":""0x47d1fba4f6cc82028382d66bc8155fa68a07b286""}",18
0x000000000d564d5be76f7f0d28fe52605afc7cf8_base,FLETH,flETH,fleth,fletha3Y.png,709.2337,"{""base"":""0x000000000d564d5be76f7f0d28fe52605afc7cf8"",""robinhood"":""0x00000000043c1117dafa3a3d0c7148eb48b30130""}",18
botto,BOTTO,Botto,botto,bottohEc.png,93767165,"{""ethereum"":""0x9dfad1b7102d46b1b197b90095b5c4e9f5845bba"",""base"":""0x24914cb6bd01e6a0cf2a9c0478e33c25926e6a0c""}",18
xswap-2,XSWAP,XSwap,xswap-2,xswap-2a9c.png,345192554,"{""ethereum"":""0x8fe815417913a93ea99049fc0718ee1647a2a07c"",""base"":""0x8fe815417913a93ea99049fc0718ee1647a2a07c""}",18
hahype,HAHYPE,haHYPE,hahype,hahypeU1U.png,20302,"{""hyperevm"":""0xfde5b0626fc80e36885e2fa9cd5ad9d7768d725c""}",18
africarare,UBU,Africarare,africarare,africarareAPW.png,1000000000,"{""polygon-pos"":""0x78445485a8d5b3be765e3027bc336e3c272a23c9""}",18
0xdeee8f25fe3b5c33aef78637278acbff23eebfa6_stable,FEFER,FEFER,fefer-2,fefer-2dnt.png,1000000000,"{""stable"":""0xdeee8f25fe3b5c33aef78637278acbff23eebfa6""}",18
krav,KRAV,Rave,krav,kraviP2.png,854164134,"{""base"":""0xbe3111856e4aca828593274ea6872f27968c8dd6""}",18
infinite-ai,IAI,Infinite AI,infinite-ai,infinite-aimqh.png,4927,"{""0g"":""0xc77fbd3824cc68e612b26114d176879addc29463""}",18
0x0-ai-ai-smart-contract,0X0,0x0,0x0-ai-ai-smart-contract,0x0-ai-ai-smart-contractiLF.png,891250000,"{""ethereum"":""0x5a3e6a77ba2f983ec0d371ea3b475f8bc0811ad5""}",18
gnosis-xdai-bridged-wbtc-gnosis-chain,WBTC,Gnosis xDai Bridged WBTC (Gnosis Chain),gnosis-xdai-bridged-wbtc-gnosis-chain,gnosis-xdai-bridged-wbtc-gnosis-chainP0z.png,22.285,"{""xdai"":""0x8e5bbbb09ed1ebde8674cda39a0c169401db4252""}",18
0xf09703969cf55aa8a05ee9c76ab3013477283666_hyperevm,SIGNAL,Signal,signal-2,signal-2oWm.png,1000000000,"{""hyperevm"":""0xf09703969cf55aa8a05ee9c76ab3013477283666""}",18
clore-ai,CLORE,Clore.ai,clore-ai,clore-aiXwl.png,635715821,,
bob-3,BOB,BOB,bob-3,bob-3N5a.png,21000000,"{""internet-computer"":""7pail-xaaaa-aaaas-aabmq-cai"",""ethereum"":""0xecc5f868add75f4ff9fd00bbbde12c35ba2c9c89"",""arbitrum-one"":""0xecc5f868add75f4ff9fd00bbbde12c35ba2c9c89"",""base"":""0xecc5f868add75f4ff9fd00bbbde12c35ba2c9c89""}",18
0x7cd7073a71eaf5f6e4febfa98460ee66cd97deb1_robinhood,BISCOTTI,Biscotti,biscotti,0x7cd7073a71eaf5f6e4febfa98460ee66cd97deb1_robinhoodRqc.png,1000000000,"{""robinhood"":""0x7cd7073a71eaf5f6e4febfa98460ee66cd97deb1""}",18
sogni-ai,SOGNI,Sogni AI,sogni-ai,sogni-aiRtU.png,9999040247,"{""base"":""0xe014d2a4da6e450f21b5050120d291e63c8940fd"",""etherlink"":""0x2767fc1048cd0ae4fd952eef09853301c9dc7173""}",18
toyota-ondo-tokenized-stock,TMON,Toyota (Ondo Tokenized Stock),toyota-ondo-tokenized-stock,toyota-ondo-tokenized-stockduz.png,10259,"{""ethereum"":""0xab02fc332e9278ebcbbc6b4a8038050c01d15f69"",""binance_smart"":""0xecc1299f183b6a720a6f4729bf24f82cd8d50828"",""solana"":""kbmF7ERJWMaaDswMprrH9gHSLya5D2RMBNgKqg3ondo""}",18
l2-standard-bridged-dai-base,DAI,L2 Standard Bridged DAI (Base),l2-standard-bridged-dai-base,l2-standard-bridged-dai-baseO5p.png,1885809,"{""base"":""0x50c5725949a6f0c72e6c4a641f24049a917db0cb""}",18
bridged-trueusd,TUSD,Bridged TrueUSD,bridged-trueusd,bridged-trueusdRL3.png,1885937,"{""binance_smart"":""0x14016e85a25aeb13065688cafb43044c2ef86784"",""polygon-pos"":""0x2e1ad108ff1d8c782fcbbb89aad783ac49586756"",""fantom"":""0x9879abdea01a879644185341f7af7d8343556b7a"",""arbitrum-one"":""0x4d15a3a2286d883af0aa1b3f21367843fac63e07"",""cronos"":""0x87efb3ec1576dec8ed47e58b832bedcd86ee186e"",""optimistic-ethereum"":""0xcb59a0a753fdb7491d5f3d794316f1ade197b21e""}",18
9UNqoPEXXxEnEphmyYsZYdL5dnmAUtdiKRUchpnUF5Ph_solana,WHISKEY,WHISKEY,whiskey,whiskeyZYs.png,997465566,"{""solana"":""9UNqoPEXXxEnEphmyYsZYdL5dnmAUtdiKRUchpnUF5Ph""}",18
hypergpt,HGPT,HyperGPT,hypergpt,hypergpthIv.png,997742373,"{""binance_smart"":""0x529c79f6918665ebe250f32eeeaa1d410a0798c6"",""the-open-network"":""EQAuw01klxL8qKe9cBioTfjst0d6Gdagg51_c73z8X2-zJmj""}",18
0x677f7e16c7dd57be1d4c8ad1244883214953dc47_chiliz,WCHZ,Wrapped Chiliz (Kayen),wrapped-chiliz-kayen,wrapped-chiliz-kayenLx5.png,108077882,"{""chiliz"":""0x677f7e16c7dd57be1d4c8ad1244883214953dc47""}",18
8J69rbLTzWWgUJziFY8jeu5tDwEPBwUz4pKBMr5rpump_solana,WOJAK,Wojak,wojak-4,8J69rbLTzWWgUJziFY8jeu5tDwEPBwUz4pKBMr5rpump_solanaOIq.png,999844828,"{""solana"":""8J69rbLTzWWgUJziFY8jeu5tDwEPBwUz4pKBMr5rpump""}",18
cakepie-xyz,CKP,Cakepie,cakepie-xyz,cakepie-xyzNf9.png,10000000,"{""binance_smart"":""0x2b5d9adea07b590b638ffc165792b2c610eda649""}",18
permacast,PWT,Permacast,permacast,permacast9kC.png,1000000000,"{""binance_smart"":""0x458cb0959b8fdc71ebbd92911777f8c9e814c29c""}",18
A13oRB9FFaiUjfi6LdCg6p9ka1u8SfGkUFs4SKvPpump_solana,TOAD,The Toad Pepe,the-toad-pepe,the-toad-pepediS.png,960537470,"{""solana"":""A13oRB9FFaiUjfi6LdCg6p9ka1u8SfGkUFs4SKvPpump""}",18
blackrock-inc-ondo-tokenized-stock,BLKON,"Blackrock, Inc. (Ondo Tokenized Stock)",blackrock-inc-ondo-tokenized-stock,blackrock-inc-ondo-tokenized-stockzme.png,1723,"{""ethereum"":""0x7a0f89c1606f71499950aa2590d547c3975b728e"",""binance_smart"":""0x24f5471183ea549987f245d6ce236b6108869c92"",""solana"":""5H1VpMzRuoNtRbPTRCz35ETtEUtnkt8hJuQb9v7ondo""}",18
stacy-staked-xtz,STXTZ,Stacy Staked XTZ,stacy-staked-xtz,stacy-staked-xtzDu2.png,7395544,"{""tezos"":""KT1KXKhkxDezoa8G3WvPtsrgNTs5ZQwhpYZN"",""etherlink"":""0x01f07f4d78d47a64f4c3b2b65f513f15be6e1854""}",18
lmeow-2,LMEOW,lmeow,lmeow-2,lmeow-2gXv.png,1000000000,"{""ethereum"":""0x1ae7e1d0ce06364ced9ad58225a1705b3e5db92b""}",18
0xcd94a87696fac69edae3a70fe5725307ae1c43f6_avalanche,BLACK,Blackhole,blackhole,blackholeeqi.png,295253880,"{""avalanche"":""0xcd94a87696fac69edae3a70fe5725307ae1c43f6""}",18
vanguard-xstock,VTIX,Vanguard xStock,vanguard-xstock,vanguard-xstockhGt.png,338722,"{""arbitrum-one"":""0xbd730e618bcd88c82ddee52e10275cf2f88a4777"",""solana"":""XsssYEQjzxBCFgvYFFNuhJFBeHNdLWYeUSP8F45cDr9"",""binance_smart"":""0xbd730e618bcd88c82ddee52e10275cf2f88a4777"",""ethereum"":""0xbd730e618bcd88c82ddee52e10275cf2f88a4777""}",18
aladdin-dao,ALD,Aladdin DAO,aladdin-dao,aladdin-daoXje.png,149991806,"{""ethereum"":""0xb26c4b3ca601136daf98593feaeff9e0ca702a8d""}",18
refund,RFD,Refund,refund,refundG9i.png,1000000000000,"{""ethereum"":""0x955d5c14c8d4944da1ea7836bd44d54a8ec35ba1""}",18
0x20c69c12abf2b6f8d8ca33604dd25c700c7e70a5_ink,CAT,Cat Call Agent,cat-call-agent,0x20c69c12abf2b6f8d8ca33604dd25c700c7e70a5_inkQ8z.png,1000000000,"{""ink"":""0x20c69c12abf2b6f8d8ca33604dd25c700c7e70a5""}",18
trump-media-technology-group-corp-robinhood-token,DJT,Trump Media & Technology Group Corp. • Robinhood Token,trump-media-technology-group-corp-robinhood-token,trump-media-technology-group-corp-robinhood-tokenp3n.png,206327,"{""robinhood"":""0x1d11f0496982706c5e14a514d4e79f2e6bde4516""}",18
0xae41b275aaaf484b541a5881a2dded9515184cca_ethereum,CSWAP,ChainSwap,chainswap-3,chainswap-39oh.png,960121607,"{""ethereum"":""0xae41b275aaaf484b541a5881a2dded9515184cca""}",18
beethoven-x,BEETS-LEGACY,Beethoven X (Legacy),beethoven-x,beethoven-xegT.png,239932024,"{""fantom"":""0xf24bcf4d1e507740041c9cfd2dddb29585adce1e"",""optimistic-ethereum"":""0xb4bc46bc6cb217b59ea8f4530bae26bf69f677f0""}",18
arbdoge-ai,AIDOGE,ArbDoge AI,arbdoge-ai,arbdoge-ai2OV.png,0,"{""arbitrum-one"":""0x09e18590e8f76b6cf471b3cd75fe1a1a9d2b2c2b""}",18
pup-doge,PUPDOGE,Pup Doge,pup-doge,pup-dogeRO3.png,1000000000000000,"{""binance_smart"":""0x3220ccbbc29d727bde85b7333d31b21e0d6bc6f4""}",18
enosys,HLN,Ēnosys,enosys,enosys5bs.png,150000000,"{""flare-network"":""0x140d8d3649ec605cf69018c627fb44ccc76ec89f""}",18
0x9d56c29e820dd13b0580b185d0e0dc301d27581d_base,AUBRAI,Aubrai by Bio,aubrai-by-bio,aubrai-by-bio9j0.png,2000000,"{""base"":""0x9d56c29e820dd13b0580b185d0e0dc301d27581d""}",18
0x4d52562386c7aa854c7e9331843c5aa2e5e07777_binance_smart,屎壳郎,屎壳郎 (Dung Beetle),shikelang,0x4d52562386c7aa854c7e9331843c5aa2e5e07777_binance_smartFDi.png,622720439,"{""binance_smart"":""0x4d52562386c7aa854c7e9331843c5aa2e5e07777""}",18
SATqS9DYpLQsM2z51P4QCoqJRHa5wboV4qjJerJRUSH_solana,RUSH,Sat Rush,sat-rush,sat-rushVEu.png,43098,"{""solana"":""SATqS9DYpLQsM2z51P4QCoqJRHa5wboV4qjJerJRUSH""}",18
gamee,GMEE,GAMEE,gamee,gamee5JM.png,3180000000,"{""ethereum"":""0xd9016a907dc0ecfa3ca425ab20b6b785b42f2373"",""polygon-pos"":""0xcf32822ff397ef82425153a9dcb726e5ff61dca7"",""binance_smart"":""0x84e9a6f9d240fdd33801f7135908bfa16866939a"",""the-open-network"":""EQCqnhZndBGbwjPpV8K_8WOK58ZkQPXlS_bshau9DKWnAF-p""}",18
plebbit,BSO,Bitsocial [OLD],plebbit,plebbitc8Z.png,210000000,"{""ethereum"":""0xea81dab2e0ecbc6b5c4172de4c22b6ef6e55bd8f""}",18
0x13d074303c95a34d304f29928dc8a16dec797e9e_ethereum,LAK3,LAKE,lake,0x13d074303c95a34d304f29928dc8a16dec797e9e_ethereumCdj.png,264752201,"{""ethereum"":""0x13d074303c95a34d304f29928dc8a16dec797e9e""}",18
salute,SLT,Salute,salute,saluteEXJ.png,100000000000,"{""xrp"":""SLT.rfGCeDUdtbzKbXfgvrpG745qdC1hcZBz8S""}",18
orion-protocol,ORN,Orion,orion-protocol,1702990284322.png,100000000,"{""ethereum"":""0x0258f474786ddfd37abce6df6bbb1dd5dfc4434a"",""energi"":""0x5e2d55bc07b63b18af6c9ed8da06cd33258ebb35"",""binance_smart"":""0xe4ca1f75eca6214393fce1c1b316c237664eaa8e""}",18
onyx-arches,OXA,Onyx Arches,onyx-arches,onyx-arches5du.png,999946978,"{""solana"":""4ZfitzW524FUvWrGuNTg3x7d7cfCuNZzUaNEiB2BT5Lj""}",18
yochi,YOCHI,Yochi,yochi,yochiNnU.png,180480203426,"{""eni"":""0xaa3b0c4527c3085251b2bf9e48bb4cf9a533f879""}",18
cere-network,CERE,Cere Network,cere-network,cere-networkSrn.png,10000000000,"{""ethereum"":""0x2da719db753dfa10a62e140f436e1d67f2ddb0d6"",""base"":""0x9886447ff4c350f4600e4bf95db756bdc629b1ca""}",18
0xea7ebde332834c636e788819d0dcdc94ec936200_binance_smart,PSP,Pre-SP,pre-sp,pre-spEyg.png,500000000,"{""binance_smart"":""0xea7ebde332834c636e788819d0dcdc94ec936200""}",18
kucoin-bridged-usdc-kucoin-community-chain,USDC,KCC Bridged USDC (KuCoin Community Chain),kucoin-bridged-usdc-kucoin-community-chain,kucoin-bridged-usdc-kucoin-community-chainbbH.png,1806150,"{""kucoin-community-chain"":""0x980a5afef3d17ad98635f6c5aebcbaeded3c3430""}",18
0xd438b82543fb109f34575c825edaeefc98f1f2b4_binance_smart,ICECREAM,IceCream AI,icecream-ai,0xd438b82543fb109f34575c825edaeefc98f1f2b4_binance_smart8IC.png,1000000000,"{""binance_smart"":""0xd438b82543fb109f34575c825edaeefc98f1f2b4""}",18
karencoin,KAREN,KarenCoin,karencoin,karencointIG.png,1000000000000000,"{""binance_smart"":""0xfd42728b76772a82ccad527e298dd15a55f4ddd6""}",18
hela-usd,HLUSD,HeLa USD,hela-usd,hela-usd2cs.png,1800000,,
samoyedcoin,SAMO,Samoyedcoin,samoyedcoin,samoyedcoin3nX.png,5736250241,"{""solana"":""7xKXtg2CW87d97TXJSDpbD5jBkheTqA83TZRuJosgAsU""}",18
paparazzi-token,PAPARAZZI,Paparazzi Token,paparazzi-token,paparazzi-tokenJLx.png,10000000000,"{""polygon-pos"":""0x7b43e83a5c5d60a7b8886b4205ace88d1f4e2803""}",18
wrapped-ncg,WNCG,Wrapped NCG,wrapped-ncg,wrapped-ncgJCv.png,415293854,"{""ethereum"":""0xf203ca1769ca8e9e8fe1da9d147db68b6c919817"",""binance_smart"":""0x52242cbab41e290e9e17ccc50cc437bb60020a9d""}",18
xfinance,XFI,Xfinance,xfinance,xfinanceEbr.png,50000,"{""ethereum"":""0x5befbb272290dd5b8521d4a938f6c4757742c430""}",18
contentos,COS,Contentos,contentos,ContentoshQXKR.png,9900474904,"{""ethereum"":""0x589891a198195061Cb8ad1a75357A3b7DbaDD7Bc"",""binance"":""COS-2E4""}",18
robostrategy-backpack-securities,BOT,RoboStrategy (Backpack Securities),robostrategy-backpack-securities,robostrategy-backpack-securitiesXgg.png,61528,"{""solana"":""BoTx8y9ynfdxf5ZjWtCoBVkff52qKA82ysaLU8ZM6d8T""}",18
pulsechain-tiger,PTIGER,PulseChain Tiger,pulsechain-tiger,pulsechain-tigerNQk.png,649111339,"{""pulsechain"":""0xc2acde27428d292c4e8e5a4a38148d6b7a2215f5""}",18
janus-henderson-aaa-clo-etf-dinari-tokenized-etf,JAAA,Janus Henderson AAA CLO ETF (Dinari Tokenized ETF),janus-henderson-aaa-clo-etf-dinari-tokenized-etf,janus-henderson-aaa-clo-etf-dinari-tokenized-etfQuM.png,35508,"{""ethereum"":""0x52f8e40d08feeb24d2d3521dd147cd9788d630ce"",""base"":""0x9e18093caf330b7aac61cf885909772dfb1cc566"",""arbitrum-one"":""0xb4c9a47952b6beaeb8e675d22c0f9547ff8f5326"",""avalanche"":""0x869d0329295c4a33076f2bbbd8147db44bc3356b""}",18
berkshire-hathaway-xstock,BRK.BX,Berkshire Hathaway xStock,berkshire-hathaway-xstock,berkshire-hathaway-xstock0r6.png,194980,"{""arbitrum-one"":""0x12992613fdd35abe95dec5a4964331b1ee23b50d"",""binance_smart"":""0x12992613fdd35abe95dec5a4964331b1ee23b50d"",""ethereum"":""0x12992613fdd35abe95dec5a4964331b1ee23b50d"",""solana"":""Xs6B6zawENwAbWVi7w92rjazLuAr5Az59qgWKcNb45x"",""the-open-network"":""EQDz62JH-T5q4wW6DpzuL-ROKScpOCcC1iIv8dXAnYVNIV7O"",""mantle"":""0x12992613fdd35abe95dec5a4964331b1ee23b50d""}",18
69kdRLyP5DTRkpHraaSZAQbWmAwzF9guKjZfzMXzcbAs_solana,USA,American Coin,american-coin,american-coin4Hh.png,11626556118981,"{""solana"":""69kdRLyP5DTRkpHraaSZAQbWmAwzF9guKjZfzMXzcbAs""}",18
compound-uniswap,CUNI,cUNI,compound-uniswap,compound-uniswapcfm.png,9667276,"{""ethereum"":""0x35a18000230da775cac24873d00ff85bccded550""}",18
reserve-ai-power-dtf,POWER,Reserve AI Power DTF,reserve-ai-power-dtf,reserve-ai-power-dtffn0.png,19244,"{""binance_smart"":""0x290bcc0fd5096cc3261ae2021841c7bc67cb0f51""}",18
tominet,TOMI,TOMI,tominet,tominetxXS.png,0,"{""ethereum"":""0x4385328cc4d643ca98dfea734360c0f596c83449""}",18
8k4sBtEeK4pf26noKqApv8NBTnuSJcbdwpKYknk5PbAA_solana,CALI,CALI,cali,caliw9S.png,990705015,"{""solana"":""8k4sBtEeK4pf26noKqApv8NBTnuSJcbdwpKYknk5PbAA""}",18
0x70737489dfdf1a29b7584d40500d3561bd4fe196_base,BORED,BORED,edison-bored,edison-boredPP9.png,3141592653,"{""base"":""0x70737489dfdf1a29b7584d40500d3561bd4fe196""}",18
reality-metaverse,RMV,Reality Metaverse,reality-metaverse,reality-metaversejr0.png,978867999,"{""ethereum"":""0x423352f2c6e0e72422b69af03aba259310146d90"",""polygon-pos"":""0xf0949dd87d2531d665010d6274f06a357669457a""}",18
edum,EDUM,EDUM,edum,edum9BU.png,500000000,"{""ethereum"":""0xac9518ba93eeb2336a03137d254d8cc2e4d0fa38""}",18
utrade,UTT,uTrade,utrade,utradezyJ.png,49300088,"{""solana"":""9gExMiURmgzKZyq5PhGnxaLcFrt4hYcca87HK8VSXe4g""}",18
cellframe,CELL,Cellframe,cellframe,1706012519511.png,37735000,"{""ethereum"":""0x26c8afbbfe1ebaca03c2bb082e69d0476bffe099"",""binance_smart"":""0xd98438889ae7364c7e2a3540547fad042fb24642"",""cellframe"":""0xB1F56F4BD0C8F3F99BE753F8F223C9754C116ED593A488E2D605593F8F4956E5""}",18
0x0d2a63e9a769cad5d881e182546c47743f400cce_binance_smart,LTS,Lotos,lotos,0x0d2a63e9a769cad5d881e182546c47743f400cce_binance_smartyRV.png,1000000000,"{""binance_smart"":""0x0d2a63e9a769cad5d881e182546c47743f400cce""}",18
trias-token,TRIAS,TriasLab,trias-token,trias-tokenBro.png,10000000,"{""ethereum"":""0x3a856d4effa670c54585a5d523e96513e148e95d"",""binance_smart"":""0x184cff0e719826b966025f93e05d8c8b0a79b3f9""}",18
0xf086c53f2780e601f0d005fabb3ee5a220336062_robinhood,COUPONS,Coupons,coupons,couponsDZC.png,785142830,"{""robinhood"":""0xf086c53f2780e601f0d005fabb3ee5a220336062""}",18
0x126f5ece91d971f8ad62fa4fc1054456b8bd1111_ethereum,FUSE,Fuse,fuse,0x126f5ece91d971f8ad62fa4fc1054456b8bd1111_ethereumKLd.png,956898308,"{""ethereum"":""0x126f5ece91d971f8ad62fa4fc1054456b8bd1111""}",18
midas-btc-yield-token,MBTC,Midas mBTC,midas-btc-yield-token,midas-btc-yield-tokenmgy.png,20.1505,"{""ethereum"":""0x007115416ab6c266329a03b09a8aa39ac2ef7d9d""}",18
blocktrader365,BT365,BlockTrader365,blocktrader365,blocktrader365ZIf.png,100000000,"{""base"":""0x706e1963ba410a548673b46d694104391fb7dca5"",""hyperevm"":""0x4cecb08bd796ba8b685208f6dd6cabf9628cafbb""}",18
graniteshares-2x-long-intc-etf-bstocks-tokenized-stock,INTWB,GraniteShares 2X Long INTC ETF (bStocks Tokenized Stock),graniteshares-2x-long-intc-etf-bstocks-tokenized-stock,graniteshares-2x-long-intc-etf-bstocks-tokenized-stock1ah.png,58617,"{""binance_smart"":""0x0735d9904b7e34e6fe39b0f66e00c111b3f2b681""}",18
0xb1a03eda10342529bbf8eb700a06c60441fef25d_base,MIGGLES,Mr. Miggles,mister-miggles,0xb1a03eda10342529bbf8eb700a06c60441fef25d_baselce.png,958764517,"{""base"":""0xb1a03eda10342529bbf8eb700a06c60441fef25d""}",18
xoxno-staked-egld,XEGLD,XOXNO Staked EGLD,xoxno-staked-egld,xoxno-staked-egld1JE.png,319464,"{""elrond"":""XEGLD-e413ed""}",18
metacade,MCADE,Metacade,metacade,1712346832570.png,2000000000,"{""ethereum"":""0xed328e9c1179a30ddc1e7595e036aed8760c22af"",""base"":""0xc48823ec67720a04a9dfd8c7d109b2c3d6622094""}",18
winr-protocol,WINR,WINR Protocol,winr-protocol,winr-protocol1Uy.png,879243578,"{""arbitrum-one"":""0xd77b108d4f6cefaa0cae9506a934e825becca46e"",""solana"":""CsxCtA8usvWKdRhe7KhLU5GgwzYaLkoHsz1MKBVZ4W3M""}",18
shibadoge,SHIBDOGE,ShibaDoge,shibadoge,shibadogeI51.png,0,"{""ethereum"":""0x6adb2e268de2aa1abf6578e4a8119b960e02928f""}",18
magic-internet-money,MIM,Magic Internet Money (Ethereum),magic-internet-money,magic-internet-moneyeL5.png,174877890,"{""ethereum"":""0x99d8a9c45b2eca8864373a26d1459e3dff1e17f3"",""kava"":""0x471EE749bAl270eb4c1165B5AD95E614947f6fCeb""}",18
0x7b10d50b5885be4c7985a88408265c109bd1eec8_ethereum,TRWA,Tharwa,tharwa,tharwa8BY.png,10000000000,"{""ethereum"":""0x7b10d50b5885be4c7985a88408265c109bd1eec8""}",18
sappy-seals-pixl,PIXL,PIXL,sappy-seals-pixl,sappy-seals-pixlGfg.png,500000000,"{""ethereum"":""0x427a03fb96d9a94a6727fbcfbba143444090dd64""}",18
sovryn,SOV,Sovryn,sovryn,sovryn34u.png,100000000,"{""ethereum"":""0xbdab72602e9ad40fc6a6852caf43258113b8f7a5"",""rootstock"":""0xefc78fc7d48b64958315949279ba181c2114abbd""}",18
yooldo-games,ESPORTS,Yooldo Games,yooldo-games,yooldo-gamesU49.png,900000000,"{""binance_smart"":""0xf39e4b21c84e737df08e2c3b32541d856f508e48""}",18
direxion-daily-semiconductor-bull-3x-shares-etf-rstock,RSOXL,Direxion Daily Semi Bull 3X ETF Tokenized Stock (Reality),direxion-daily-semiconductor-bull-3x-shares-etf-rstock,direxion-daily-semiconductor-bull-3x-shares-etf-rstockIob.png,10628,"{""arbitrum-one"":""0x25501fea0562fa74dab22dc09dd3f994d5558dce"",""morph-l2"":""0xcdbe7a06d2adf56c91d1cc432752d02305ba2450""}",18
0xb20000000000000000000070f6c1a66d7c1e4d01_base,SPIKE,SPIKE,spike-5,spike-5fHP.png,1000000000,"{""base"":""0xb20000000000000000000070f6c1a66d7c1e4d01""}",18
0x6952c5408b9822295ba4a7e694d0c5ffdb8fe320_binance_smart,FAIR3,Fair and Free,fair-and-free,fair-and-freemdt.png,935814213,"{""binance_smart"":""0x6952c5408b9822295ba4a7e694d0c5ffdb8fe320""}",18
CreiuhfwdWCN5mJbMJtA9bBpYQrQF2tCBuZwSPWfpump_solana,PYTHIA,PYTHIA,pythia,CreiuhfwdWCN5mJbMJtA9bBpYQrQF2tCBuZwSPWfpump_solanae0X.png,998133734,"{""solana"":""CreiuhfwdWCN5mJbMJtA9bBpYQrQF2tCBuZwSPWfpump""}",18
handl-pay,HANDL,HandlPay,handl-pay,handl-payf0S.png,1000000000,"{""base"":""0x3bbcb624cb9a1f73163a886f460f47603e5e4425"",""polygon-pos"":""0xf4c3fac9c98aa62474998e299495b699dfdb00eb"",""canton-network"":""handl-issuer::12207ac147ad3e95894e7a507da3f04a819e8996f0bdf31c084ab3b77e51746b03cf""}",18
karate-combat,KARATE,Karate Combat,karate-combat,karate-combat2aX.png,110000000000,"{""ethereum"":""0x80008bcd713c38af90a9930288d446bc3bd2e684"",""hedera-hashgraph"":""0.0.2283230""}",18
gram-2,GRM,Grm,gram-2,gram-2jFR.png,2433054330,"{""the-open-network"":""EQC47093oX5Xhb0xuk2lCr2RhS8rj-vul61u4W2UH5ORmG_O""}",18
microstrategy-coinbase-tokenized-stock,MSTRC,MicroStrategy (Coinbase Tokenized Stock),microstrategy-coinbase-tokenized-stock,microstrategy-coinbase-tokenized-stockNxU.png,10536,"{""base"":""0xb2000000000000000000004884b426556b92883d""}",18
black-dragon,BLACKDRAGON,Black Dragon,black-dragon,black-dragonsoE.png,77596600000000,"{""near-protocol"":""blackdragon.tkn.near""}",18
0xa3b6aee90017b72c0812dc1e013de70eb2917ba3_robinhood,EARN,EARN,earn,earnIYP.png,100000000000,"{""robinhood"":""0xa3b6aee90017b72c0812dc1e013de70eb2917ba3""}",18
cornucopias,COPI,Cornucopias,cornucopias,cornucopiasnV1.png,3840000000,"{""ethereum"":""0x42baf1f659d765c65ade5bb7e08eb2c680360d9d"",""binance_smart"":""0xfea292e5ea4510881bdb840e3cec63abd43f936f"",""cardano"":""asset1c6uau7pufsxhnm7eg0eerhu4snwfd9sn7kvvvz"",""base"":""0x0a953dd9fc813fefaf6015b804c9dfa0624690c0""}",18
0x7163ae1b5aea2f09ebc609c52b4dcac0a7a4bc2d_robinhood,GAGE,GAGE,gage,gageF3A.png,1000000000,"{""robinhood"":""0x7163ae1b5aea2f09ebc609c52b4dcac0a7a4bc2d""}",18
sandisk-corporation-robinhood-tokenized-stock,SNDK,Sandisk Corporation • Robinhood Token,sandisk-corporation-robinhood-tokenized-stock,sandisk-corporation-robinhood-tokenized-stockS1Y.png,1001,"{""robinhood"":""0xb90a19ff0af67f7779aff50a882a9cff42446400""}",18
0x52d0ac6a76da6e4a5168a60c423f7ff0285534b1_base,GOLDN,Goldn,goldn,goldnoi8.png,14000000000,"{""base"":""0x52d0ac6a76da6e4a5168a60c423f7ff0285534b1""}",18
corning-bstocks-tokenized-stock,GLWB,Corning (bStocks Tokenized Stock),corning-bstocks-tokenized-stock,corning-bstocks-tokenized-stockAKH.png,10633,"{""binance_smart"":""0x740e075cbbea22a082b9d6679e65e82767875b6a""}",18
web-3-dollar,USD3,Web 3 Dollar,web-3-dollar,web-3-dollarEta.png,1538656,"{""ethereum"":""0x0d86883faf4ffd7aeb116390af37746f45b6f378"",""base"":""0xefb97aaf77993922ac4be4da8fbc9a2425322677""}",18
spdr-s-p-500-etf-rstock,RSPY,SPDR S&P 500 ETF Trust Tokenized Stock (Reality),spdr-s-p-500-etf-rstock,spdr-s-p-500-etf-rstockCmM.png,2218,"{""arbitrum-one"":""0x9a0fda21276f245b89d2b7f1120f42e4466b1cb5"",""morph-l2"":""0xaf2e56d0b27e819d24a6d3638a609e5a129b2c63""}",18
meta,MTA,mStable Governance: Meta,meta,metaIWB.png,84561083,"{""ethereum"":""0xa3bed4e1c75d00fa6f4e5e6922db7261b5e9acd2"",""polygon-pos"":""0xf501dd45a1198c2e1b5aef5314a68b9006d842e0"",""optimistic-ethereum"":""0x929b939f8524c3be977af57a4a0ad3fb1e374b50""}",18
rovr-network,ROVR,ROVR Network,rovr-network,rovr-network8FM.png,9907849578,"{""solana"":""FgQ3sxj54SmVzttkxuK4bdiEnUNi6kF9Hyx3ezKW72hn""}",18
bridged-wrapped-bitcoin-scroll,WBTC,Bridged Wrapped Bitcoin (Scroll),bridged-wrapped-bitcoin-scroll,bridged-wrapped-bitcoin-scrollzSH.png,20.0796,"{""scroll"":""0x3c1bca5a656e69edcd0d4e36bebb3fcdaca60cf1""}",18
atari,ATRI,Atari,atari,atari4zL.png,7771000000,"{""ethereum"":""0xdacd69347de42babfaecd09dc88958378780fb62"",""binance_smart"":""0xc0c6e4c6e70c6231b20979bda581a66f062a7967"",""fantom"":""0x818ec0a7fe18ff94269904fced6ae3dae6d6dc0b"",""polygon-pos"":""0xb140665dde25c644c6b418e417c930de8a8a6ac9""}",18
soneium-bridged-usdc-soneium,USDC.E,Soneium Bridged USDC (Soneium),soneium-bridged-usdc-soneium,soneium-bridged-usdc-soneium8Fr.png,1704269,"{""soneium"":""0xba9986d2381edf1da03b0b9c1f8b00dc4aacc369""}",18
icy,IC,Icy,icy,icyABn.png,100000000000,"{""ethereum"":""0xa876f27f13a9eb6e621202cefdd5afc4a90e6457""}",18
direxion-mu-bull-2x-etf-bstocks-tokenized-stock,MUUB,Direxion MU Bull 2X ETF (bStocks Tokenized Stock),direxion-mu-bull-2x-etf-bstocks-tokenized-stock,direxion-mu-bull-2x-etf-bstocks-tokenized-stock2m5.png,46254,"{""binance_smart"":""0x0bb3fa77e0809f42948e435f04883c25415e8263""}",18
xswap-bridged-usdc-0g,USDC.E,XSwap Bridged USDC (0G),xswap-bridged-usdc-0g,xswap-bridged-usdc-0gOWK.png,1695960,"{""0g"":""0x1f3aa82227281ca364bfb3d253b0f1af1da6473e""}",18
grid-by-virtuals,GRID,GRID by Virtuals,grid-by-virtuals,grid-by-virtualssDB.png,1000000000,"{""robinhood"":""0x727701f88f09fed71eb217bcea88b3f314cf7079""}",18
cashbackpro,CBP,CashBackPro,cashbackpro,cashbackpro5VG.png,192207483,"{""ethereum"":""0x6f4ee03ca6c942c9397d2ba5f8f83ea58f918f47"",""binance_smart"":""0x15d1dafbcc97f606bd02120d170fdac33b1a4a86"",""tron"":""TL7RJPC7zqpj9B2F4RRc4mk4YpzuVrd4Ar""}",18
AUuCEHQ7sm2i5GmaHrpE961voWcTY8U6mgrkhcV7pump_solana,QST,QuStream,qustream,AUuCEHQ7sm2i5GmaHrpE961voWcTY8U6mgrkhcV7pump_solana0kq.png,999967535,"{""solana"":""AUuCEHQ7sm2i5GmaHrpE961voWcTY8U6mgrkhcV7pump""}",18
0x2cc0fac44b8252f6b10208b091aff2c94b4da77d_robinhood,INJOH,Sinjoh,sinjoh,0x2cc0fac44b8252f6b10208b091aff2c94b4da77d_robinhoodXsd.png,1000000000,"{""robinhood"":""0x2cc0fac44b8252f6b10208b091aff2c94b4da77d""}",18
equinix-ondo-tokenized-stock,EQIXON,Equinix (Ondo Tokenized Stock),equinix-ondo-tokenized-stock,equinix-ondo-tokenized-stockirn.png,1602,"{""ethereum"":""0x73d2ccee12c120e7da265a2de9d9f952a0101b4f"",""binance_smart"":""0xe4e12c9cec3e8cae405202a97f66afa695075fa0"",""solana"":""aheEdmuryJU8ymy8LjYheZH5i2BW1UMsfuWQKD2ondo""}",18
0xba3f535bbcccca2a154b573ca6c5a49baae0a3ea_ethereum,DEURO,Decentralized Euro,decentralized-euro,decentralized-euroW38.png,1492629,"{""ethereum"":""0xba3f535bbcccca2a154b573ca6c5a49baae0a3ea"",""polygon-pos"":""0xc2ff25dd99e467d2589b2c26edd270f220f14e47"",""arbitrum-one"":""0x5e85faf503621830ca857a5f38b982e0cc57d537"",""base"":""0x1b5f7fa46ed0f487f049c42f374ca4827d65a264"",""optimistic-ethereum"":""0x1b5f7fa46ed0f487f049c42f374ca4827d65a264""}",18
0x140007c65535aa9c3801ea3bbd3f83c378c7f457_ethereum,X,Free Speech,free-speech-2,0x140007c65535aa9c3801ea3bbd3f83c378c7f457_ethereumriV.png,939844941,"{""ethereum"":""0x140007c65535aa9c3801ea3bbd3f83c378c7f457""}",18
0x352b850b733ab8bab50aed1dab5d22e3186ce984_base,1000X,1000x by Virtuals,1000x-by-virtuals,0x352b850b733ab8bab50aed1dab5d22e3186ce984_baseQGh.png,992369487,"{""base"":""0x352b850b733ab8bab50aed1dab5d22e3186ce984""}",18
coinbase-rstock,RCOIN,Coinbase Tokenized Stock (Reality),coinbase-rstock,coinbase-rstockUJi.png,9083,"{""arbitrum-one"":""0x412ab56d122343de6abeaccec646699bacd85601"",""morph-l2"":""0xd78384a5cb05e90b3ef367f125b28929a56bcf78""}",18
trump-media-technology-group-cord-bstocks-tokenized-stock,DJTB,Trump Media & Technology Group Corp (bStocks Tokenized Stock),trump-media-technology-group-cord-bstocks-tokenized-stock,trump-media-technology-group-cord-bstocks-tokenized-stockwJ9.png,187373,"{""binance_smart"":""0xf2ec508422174ee564de98187db9359d318afb6b""}",18
genius-token,POCK,Genius Token,genius-token,genius-token5gH.png,997600717,"{""solana"":""76r29NpnRW8PAxpnSnVBFcZPUcukgvno1Kkiysg8pump""}",18
0x28561b8a2360f463011c16b6cc0b0cbef8dbbcad_ethereum,MOODENG,MOO DENG,moo-deng-2,0x28561b8a2360f463011c16b6cc0b0cbef8dbbcad_ethereumwYJ.png,420690000000,"{""ethereum"":""0x28561b8a2360f463011c16b6cc0b0cbef8dbbcad""}",18
CN162nCPpq3DxPCyKLbAvEJeB1aCxsnVTEG4ZU8vpump_solana,A47,AGENDA 47,agenda-47,CN162nCPpq3DxPCyKLbAvEJeB1aCxsnVTEG4ZU8vpump_solanaIE6.png,999963060,"{""solana"":""CN162nCPpq3DxPCyKLbAvEJeB1aCxsnVTEG4ZU8vpump""}",18
0x85e90a5430af45776548adb82ee4cd9e33b08077_base,DINO,Coding Dino,coding-dino,coding-dinopFm.png,10000000000,"{""base"":""0x85e90a5430af45776548adb82ee4cd9e33b08077""}",18
veno-finance,VNO,Veno Finance,veno-finance,veno-financeTzw.png,1912179013,"{""cronos"":""0xdb7d0a1ec37de1de924f8e8adac6ed338d4404e9"",""zksync"":""0xe75a17b4f5c4f844688d5670b684515d7c785e63""}",18
trabzonspor-fan-token,TRA,Trabzonspor Fan Token,trabzonspor-fan-token,trabzonspor-fan-token2zF.png,10000000,"{""chiliz"":""0xeff432433dd57adfa37004af00db148f9407e7bd"",""solana"":""AMnbxhGifp3gm2YsNwmfcF2ZCLsZN6iP3LdzBPZgGpzW"",""base"":""0x1c4be68787a4f186f2a3702c45ff6b13802646e4""}",18
0x19f46fddbac1ab00d203cc80515a44e320260419_binance_smart,CHAOS,CHAOS 太初,chaos-3,chaos-3bfu.png,94304061,"{""binance_smart"":""0x19f46fddbac1ab00d203cc80515a44e320260419""}",18
leopold,LEO,LEO,leopold,leopoldeLx.png,10000000000,"{""stacks"":""SP1AY6K3PQV5MRT6R4S671NWW2FRVPKM0BR162CT6.leo-token""}",18
0xa26992c4268a8a78a4d872fe4bdad2ed03ac287d_robinhood,MANY,Manyways Inference,manyways-inference,manyways-inferencei5z.png,1000000000,"{""robinhood"":""0xa26992c4268a8a78a4d872fe4bdad2ed03ac287d""}",18
0xcdbddbdefb0ee3ef03a89afcd714aa4ef310d567_ethereum,VERTAI,Vertical AI,vertical-ai,0xcdbddbdefb0ee3ef03a89afcd714aa4ef310d567_ethereumwbT.png,97998840,"{""ethereum"":""0xcdbddbdefb0ee3ef03a89afcd714aa4ef310d567"",""avalanche"":""0x6edac263561da41ade155a992759260fafb87b43"",""base"":""0x93402f62aeda632b9d768092b61887c4e9a13079""}",18
moe-3,MOE,MOE,moe-3,moe-3HN3.png,446596378,"{""mantle"":""0x4515a45337f461a11ff0fe8abf3c606ae5dc00c9""}",18
leash,LEASH,Doge Killer,leash,leashO2n.png,0,"{""ethereum"":""0x27c70cd1946795b66be9d954418546998b546634""}",18
0xcb76314c2540199f4b844d4ebbc7998c604880ca_ethereum,BERRY,Strawberry AI,strawberry-ai,0xcb76314c2540199f4b844d4ebbc7998c604880ca_ethereumzay.png,100000000,"{""ethereum"":""0xcb76314c2540199f4b844d4ebbc7998c604880ca"",""solana"":""D2tztvQKcmo7PUof8quQWAu3qXKwtiW1pLjvHLsUakv5"",""base"":""0xdf36186772a8fda4be100dbacc0b48ef00c53089""}",18
wojak,WOJAK,Wojak Coin,wojak,wojakWEQ.png,69420000000,"{""ethereum"":""0x5026f006b85729a8b14553fae6af249ad16c9aab"",""solana"":""6bn6rKWbTRAQwizwqEfcmpAtoAMnqzfG7F8DYMK5reYn""}",18
phantasma,SOUL,Phantasma Phoenix,phantasma,Phantasma3lD9d.png,138134855,"{""ethereum"":""0x75858677e27c930fb622759feaffee2b754af07f"",""binance_smart"":""0x298eff8af1ecebbb2c034eaa3b9a5d0cc56c59cd""}",18
deepstate,DEEP,Deepstate,deepstate,deepstatezSL.png,810318786,"{""robinhood"":""0x1da24f6bb623b9d1afeae3f3146659a2662d6d27""}",18
fluxbot,FLUXB,Fluxbot,fluxbot,fluxbotM6R.png,499978061,"{""solana"":""FLUXBmPhT3Fd1EDVFdg46YREqHBeNypn1h4EbnTzWERX""}",18
doge-kaki,KAKI,Doge KaKi,doge-kaki,doge-kakibUU.png,100000000000000,"{""binance_smart"":""0x42414624c55a9cba80789f47c8f9828a7974e40f""}",18
binance-peg-tezos-token,XTZ,Binance-Peg Tezos Token,binance-peg-tezos-token,binance-peg-tezos-tokenmcz.png,5050000,"{""binance_smart"":""0x16939ef78684453bfdfb47825f8a5f714f12623a""}",18
9wK8yN6iz1ie5kEJkvZCTxyN1x5sTdNfx8yeMY8Ebonk_solana,HOSICO,Hosico,hosico-cat,hosico-catFbm.png,999878178,"{""solana"":""Dx2bQe2UPv4k3BmcW8G2KhaL5oKsxduM5XxLSV3Sbonk"",""glue"":""0x8f799534708044e27ec8f834edca4e90a81a527d""}",18
incomrwa,IRWA,IncomRWA,incomrwa,incomrwaTKO.png,100000000,"{""base"":""0x833f973406e07830d494cbe5fabbc3ae9c750c1f""}",18
palantir-technologies-bstocks-tokenized-stock,PLTRB,Palantir Technologies (bStocks Tokenized Stock),palantir-technologies-bstocks-tokenized-stock,palantir-technologies-bstocks-tokenized-stockk7X.png,8692,"{""binance_smart"":""0x0ca5d51d0277bd006fd9607d3e560785ebad8222""}",18
byte,BYTE,Byte,byte,byte6ZV.png,964463630670,"{""ethereum"":""0xde342a3e269056fc3305f9e315f4c40d917ba521"",""binance_smart"":""0x840ef7e5f896be71d46df234c60898216fefcbe3"",""arbitrum-one"":""0x847503fbf003ce8b005546aa3c03b80b7c2f9771"",""solana"":""ArGfk9JJ72QETcmckxVjCZ9ApuATgP1mf9ysVHnPU4ut"",""base"":""0xe095780ba2a64a4efa7a74830f0b71656f0b0ad4""}",18
yom,YOM,YOM,yom,yomWB1.png,750000000,"{""avalanche"":""0xb6314518b61b4864162c7ae7fdc36261e0a14c4b""}",18
mansioncoin,MANSION,Mansioncoin,mansioncoin,mansioncoin8ND.png,963763892,"{""solana"":""3srdiFxca22oK1g7qdbGGe9qXy4aS9QGVdTETCBFpump""}",18
celo-euro,EURM,Mento Euro,celo-euro,celo-eurovVc.png,1461944,"{""celo"":""0xd8763cba276a3738e6de85b4b3bf5fded6d6ca73""}",18
vault-2,V,Vault,vault-2,vault-2A4g.png,99999722,"{""solana"":""VAULTVXqi93aaq9FsyPKgdgp6Ge1H1HoSvNC4ZbqFDs""}",18
troll-face,TROLL,Troll Face,troll-face,troll-faceQ0l.png,2008091900000000,"{""binance_smart"":""0x52721d159cd90dd76014f73c1440e4ff983420ac""}",18
0x5b81efe5e0ba2b31c0ed843b908a2c45fe6e14c5_robinhood,ASTRO,astronaut,astronaut-2,0x5b81efe5e0ba2b31c0ed843b908a2c45fe6e14c5_robinhood4Sm.png,1000000000,"{""robinhood"":""0x5b81efe5e0ba2b31c0ed843b908a2c45fe6e14c5""}",18
welsh-corgi-coin,WELSH,Welshcorgicoin,welsh-corgi-coin,welsh-corgi-coinb9i.png,10000000000,"{""stacks"":""SP3NE50GEXFG9SZGTT51P40X2CKYSZ5CC4ZTZ7A2G.welshcorgicoin-token""}",18
vouch,VOUCH,Vouch,vouch,vouch06L.png,96590948654,"{""pulsechain"":""0xd34f5adc24d8cc55c1e832bdf65fffdf80d1314f""}",18
rift-ai,RIFT,RIFT AI,rift-ai,rift-aiK2n.png,999995086,"{""solana"":""jUpa2aDCzvdR9EF4fqDXmuyMUkonPTohphABLmRkRFj""}",18
0xaff2565091e7207191dbe340b8528d02fa78d044_ethereum,ASTEROID,Asteroid,asteroid-2,1777361663966.png,1000000000,"{""ethereum"":""0xaff2565091e7207191dbe340b8528d02fa78d044""}",18
signum,SIGNA,Signum,signum,signumwBi.png,2198459162,"{""binance_smart"":""0x7b0e7e40ee4672599f7095d1ddd730b0805195ba""}",18
0xca18a528ea897040f715edc92e6e4572780c5ca1_base,KAI,Kairence,kairence,kairenceNcY.png,2834334799,"{""base"":""0xca18a528ea897040f715edc92e6e4572780c5ca1"",""robinhood"":""0xca18a528ea897040f715edc92e6e4572780c5ca1"",""arc"":""0xca18a528ea897040f715edc92e6e4572780c5ca1""}",18
nerva,XNV,Nerva,nerva,nervaYL2.png,17939660,,
auditchain,AUDT,Auditchain,auditchain,auditchain7Gp.png,67720979,"{""ethereum"":""0xb90cb79b72eb10c39cbdf86e50b1c89f6a235f2e"",""polygon-pos"":""0x91c5a5488c0decde1eacd8a4f10e0942fb925067"",""robinhood"":""0xbf7eb6679d1c833e6a58ac9a122c993c4e691b31""}",18
superfortune,GUA,Superfortune,superfortune,superfortuneMIE.png,1000000000,"{""binance_smart"":""0xa5c8e1513b6a08334b479fe4d71f1253259469be""}",18
0x8f08b70456eb22f6109f57b8fafe862ed28e6040_ethereum,KING,King Protocol,lrt-squared,lrt-squaredgQR.png,6058,"{""ethereum"":""0x8f08b70456eb22f6109f57b8fafe862ed28e6040"",""arbitrum-one"":""0x2e412435928efe43b156caa8f4b1068729fee275"",""base"":""0xe22c243c7559c667a1eb94b593369d192c5fbac0"",""swellchain"":""0xc2606aade4bdd978a4fa5a6edb3b66657acee6f8""}",18
EQBKRSNRkeP1-2jcg5T_f__0s5Hj-vrbfNLMQy8dnZs7xd_p_the-open-network,CHERRY,Hot Cherry,hot-cherry,hot-cherryGrB.png,100000000000,"{""the-open-network"":""EQBKRSNRkeP1-2jcg5T_f__0s5Hj-vrbfNLMQy8dnZs7xd_p""}",18
based-eth,BSDETH,Based ETH,based-eth,based-ethVJ9.png,553.0415,"{""base"":""0xcb327b99ff831bf8223cced12b1338ff3aa322ff""}",18
bitcoin-dollar,BTCD,Bitcoin Dollar,bitcoin-dollar,bitcoin-dollarDRW.png,1707998,"{""ethereum"":""0xc6694e05b750015f54ac646544a4a9d33cbe4086""}",18
nodle-network,NODL,Nodle Network,nodle-network,nodle-networkCg9.png,7468547432,"{""zksync"":""0xbd4372e44c5ee654dd838304006e1f0f69983154"",""ethereum"":""0x6dd0e17ec6fe56c5f58a0fe2bb813b9b5cc25990""}",18
roco-finance,ROCO,Roco Finance,roco-finance,roco-financee7r.png,100000000,"{""avalanche"":""0xb2a85c5ecea99187a977ac34303b80acbddfa208"",""skale"":""0xb2a85c5ecea99187a977ac34303b80acbddfa208""}",18
0x5f62c57e5c537887117eef828b7e3ad41c009feb_robinhood,GOOD,Good In The Hood,good-in-the-hood,0x5f62c57e5c537887117eef828b7e3ad41c009feb_robinhoodt5h.png,999999993,"{""robinhood"":""0x5f62c57e5c537887117eef828b7e3ad41c009feb""}",18
quantumcoin,Q,QuantumCoin,quantumcoin,quantumcoingk9.png,19058757783684,,
harambe,HARAMBE,Harambe,harambe,harambeqCL.png,100000000000,"{""ethereum"":""0xade6fdaba1643e4d1eef68da7170f234470938c6""}",18
symbiosis-finance,SIS,Symbiosis,symbiosis-finance,symbiosis-financeYJY.png,99489761,"{""ethereum"":""0xd38bb40815d2b0c2d2c866e0c72c5728ffc76dd9"",""binance_smart"":""0xf98b660adf2ed7d9d9d9daacc2fb0cace4f21835"",""arbitrum-one"":""0x9e758b8a98a42d612b3d38b66a22074dc03d7370"",""zksync"":""0xdd9f72afed3631a6c85b5369d84875e6c42f1827"",""linea"":""0x6ef95b6f3b0f39508e3e04054be96d5ee39ede0d"",""scroll"":""0x1467b62a6ae5cdcb10a6a8173cfe187dd2c5a136"",""robinhood"":""0x32807d54ee1570cba97e256c59426dd80dcd9fcf""}",18
rezor,RZR,Rezor,rezor,rezorAPL.png,50998789215,"{""binance_smart"":""0x9d0d41df4ca809dc16a9bff646d3c6cbc4ebc707""}",18
moew,MOEW,MOEW,moew,moewf9K.png,6632320448,"{""base"":""0x15ac90165f8b45a80534228bdcb124a011f62fee"",""the-open-network"":""EQAWsIGMoGlbjJJIsik-9_6A4Iiodb1M7LW3kmu05v8ujo9h"",""solana"":""C6Q5fMpuPjBPox84wbcE3Rn8HYJg11o4YHEmbQSuYs5L""}",18
0x4fec966f98d8530507787d947d1ab24fa145a999_x-layer,LAIKA,LAIKA Coin,laika-coin,laika-coinnvM.png,1000000000,"{""x-layer"":""0x4fec966f98d8530507787d947d1ab24fa145a999""}",18
yfii-finance,YFII,DFI.money,yfii-finance,yfii-financeFXK.png,40000,"{""ethereum"":""0xa1d0e215a23d7030842fc67ce582a6afa3ccab83"",""energi"":""0xba71e0c0b13e724bf2329ecb9bdf5775a2ce9e8d""}",18
ch7rTovcUK7C1zNFM7F93kXU2CByYUsJT4pwYx7pump_solana,PP,Official PPshow,official-ppshow,ch7rTovcUK7C1zNFM7F93kXU2CByYUsJT4pwYx7pump_solanajRf.png,684734140,"{""solana"":""ch7rTovcUK7C1zNFM7F93kXU2CByYUsJT4pwYx7pump""}",18
tenbin-brazilian-real,TBRL,Tenbin Brazilian Real,tenbin-brazilian-real,tenbin-brazilian-realgNd.png,8115489,"{""ethereum"":""0x4c1b46adb8877e389171ec6ef67b385094c0afad""}",18
holdstation-2,HOLD,Holdstation,holdstation-2,holdstation-2pPL.png,30000000,"{""binance_smart"":""0xff583dc5ddc7c0bb3625fff39a587a2000e78888""}",18
4chan,4CHAN,4Chan,4chan,4chanBy4.png,0,"{""ethereum"":""0xe0a458bf4acf353cb45e211281a334bb1d837885""}",18
67_bittensor,SN67,TENEX,tenex,tenexI8t.png,1466198,"{""bittensor"":""67""}",18
unit-virtual,UVIRT,Unit Virtual,unit-virtual,unit-virtual9TJ.png,2008344,"{""hyperliquid"":""0x85b8124314ae77b78b4b6f20ecd93149""}",18
0xca530408c3e552b020a2300debc7bd18820fb42f_ethereum,RYU,RyuJin,ryujin,ryujinhoX.png,1000000000000000,"{""ethereum"":""0xca530408c3e552b020a2300debc7bd18820fb42f""}",18
xmoney-2,XMN,xMoney,xmoney-2,xmoney-22N9.png,10000000000,"{""sui"":""0x97c7571f4406cdd7a95f3027075ab80d3e9c937c2a567690d31e14ab1872ccee::xmn::XMN""}",18
garden-2,SEED,Garden,garden-2,garden-2CIx.png,147000000,"{""ethereum"":""0x5eed99d066a8caf10f3e4327c1b3d8b673485eed"",""arbitrum-one"":""0x86f65121804d2cdbef79f9f072d4e0c2eebabc08""}",18
applovin-xstock,APPX,AppLovin xStock,applovin-xstock,applovin-xstock9gs.png,207894,"{""arbitrum-one"":""0x50a1291f69d9d3853def8209cfb1af0b46927be1"",""binance_smart"":""0x50a1291f69d9d3853def8209cfb1af0b46927be1"",""ethereum"":""0x50a1291f69d9d3853def8209cfb1af0b46927be1"",""solana"":""XsPdAVBi8Zc1xvv53k4JcMrQaEDTgkGqKYeh7AYgPHV""}",18
0x0f61edbfe6cd86024c0f210c0695b08df55fdfc9_base,BSTONK,BaseStonk,basestonk,0x0f61edbfe6cd86024c0f210c0695b08df55fdfc9_basebjq.png,879979892,"{""base"":""0x0f61edbfe6cd86024c0f210c0695b08df55fdfc9""}",18
mcncoin,MCN,MCNCOIN,mcncoin,mcncoinawH.png,12000000,"{""binance_smart"":""0xdd02bc212e79acdab476c9295cdea8a61099cb79""}",18
sandisk-coinbase-tokenized-stock,SNDKC,SanDisk (Coinbase Tokenized Stock),sandisk-coinbase-tokenized-stock,sandisk-coinbase-tokenized-stockw9q.png,921.1571,"{""base"":""0xb200000000000000000000397293cb8cda9a10c5""}",18
pendulum-chain,PEN,Pendulum,pendulum-chain,pendulum-chainE4b.png,149933229,,
rocket-lab-ondo-tokenized,RKLBON,Rocket Lab (Ondo Tokenized),rocket-lab-ondo-tokenized,rocket-lab-ondo-tokenizedf05.png,21407,"{""ethereum"":""0x36e3b8d9aad0e51ac08e56a75a8f6005bf68535b"",""binance_smart"":""0xb4d695569236273745b4cd54b539b1b9cc1513af"",""solana"":""E9VQY3VnrpVSekFByzRmfeK1kxgM3UiKCoVVbdUondo""}",18
cognify,SN115,Cognify,cognify,cognifycze.png,2211007,"{""bittensor"":""115""}",18
synapse-power,XNAP,Synapse Power,synapse-power,synapse-powerXei.png,999112110,"{""binance_smart"":""0xcf4ac66eb6f1b7c6d3800ae2479e2d6134108523""}",18
piratecash,PIRATE,PirateCash,piratecash,PirateCashGcyKD.png,105000000,"{""ethereum"":""0xb990d93c308a31c737aa91839e8ba8eaf4017d7a"",""binance_smart"":""0xafcc12e4040615e7afe9fb4330eb3d9120acac05"",""the-open-network"":""EQDCb2loMIB8YS53GEo2r2ggS9AW1Dz-zX_as4DtxXV1u8XY""}",18
0xf8584516b7d2c156c763c874d6813e06b57e4cb5_binance_smart,BNBTIGER,BNB Tiger Inu,bnb-tiger-inu,0xf8584516b7d2c156c763c874d6813e06b57e4cb5_binance_smartCi2.png,0,"{""binance_smart"":""0xf8584516b7d2c156c763c874d6813e06b57e4cb5""}",18
starlink,STARL,StarLink,starlink,starlink8ks.png,10000000000000,"{""ethereum"":""0x8e6cd950ad6ba651f6dd608dc70e5886b1aa6b24""}",18
linde-plc-ondo-tokenized-stock,LINON,Linde plc (Ondo Tokenized Stock),linde-plc-ondo-tokenized-stock,linde-plc-ondo-tokenized-stockWcM.png,3244,"{""ethereum"":""0x01b19c68f8a9ee3a480da788ba401cfabdf19b93"",""solana"":""Edik9MoFp8LAXS9HNu2gRFyihwYqDqv4ZmNmVT9ondo""}",18
microsoft-coinbase-tokenized-stock,MSFTC,Microsoft (Coinbase Tokenized Stock),microsoft-coinbase-tokenized-stock,microsoft-coinbase-tokenized-stockTZz.png,3030,"{""base"":""0xb200000000000000000000ab99cfa739e253872b""}",18
helium-iot,IOT,Helium IOT,helium-iot,helium-iotMMN.png,200000000000,"{""solana"":""iotEVVZLEywoTn1QdwNPddxPWszn3zFhEot3MfL9fns""}",18
0xffff003a6bad9b743d658048742935fffe2b6ed7_avalanche,KET,Ket,ket,0xffff003a6bad9b743d658048742935fffe2b6ed7_avalancheL5l.png,1000000000,"{""avalanche"":""0xffff003a6bad9b743d658048742935fffe2b6ed7""}",18
dTzEP9JU2NRDPuWtM32gaVKip2fTHBqjheU1APBpump_solana,BITTY,The Bitcoin Mascot,the-bitcoin-mascot,dTzEP9JU2NRDPuWtM32gaVKip2fTHBqjheU1APBpump_solanaVCG.png,999335812,"{""solana"":""dTzEP9JU2NRDPuWtM32gaVKip2fTHBqjheU1APBpump""}",18
myria,MYRIA,Myria,myria,myriaEhg.png,50000000000,"{""ethereum"":""0xa0ef786bf476fe0810408caba05e536ac800ff86""}",18
spacex-coinbase-tokenized-stock,SPCXC,SpaceX (Coinbase Tokenized Stock),spacex-coinbase-tokenized-stock,spacex-coinbase-tokenized-stockEMG.png,9849,"{""base"":""0xb2000000000000000000007b9fcbd005511acbd5""}",18
aura-finance,AURA,Aura Finance,aura-finance,aura-financehpK.png,86413431,"{""ethereum"":""0xc0c293ce456ff0ed870add98a0828dd4d2903dbf"",""xdai"":""0x1509706a6c66ca549ff0cb464de88231ddbe213b"",""base"":""0x1509706a6c66ca549ff0cb464de88231ddbe213b""}",18
sovryn-dollar,DLLR,Sovryn Dollar,sovryn-dollar,sovryn-dollarOll.png,1583928,"{""rootstock"":""0xc1411567d2670e24d9c4daaa7cda95686e1250aa""}",18
l2-standard-bridged-weth-modee,WETH,L2 Standard Bridged WETH (Mode),l2-standard-bridged-weth-modee,l2-standard-bridged-weth-modeevlW.png,580.3575,"{""mode"":""0x4200000000000000000000000000000000000006""}",18
0xef282b38d1ceab52134ca2cc653a569435744687_avalanche,WRP,Warp,warp-2,warp-2Sdy.png,5000000000,"{""avalanche"":""0xef282b38d1ceab52134ca2cc653a569435744687"",""base"":""0x1dd264855c7de0e2fe2cdd6e82bcc71bd86c4fe9""}",18
bearxrpl,BEAR,BEARXRPL,bearxrpl,bearxrplrAj.png,587706099,"{""xrp"":""4245415200000000000000000000000000000000.rBEARGUAsyu7tUw53rufQzFdWmJHpJEqFW""}",18
ronnie-2,RONNIE,RONNIE,ronnie-2,ronnie-2MGJ.png,999989651,"{""solana"":""FnYJv5yaNwiQAPmwXuiVtwCcRwNcVVWvbmujZXKUWray""}",18
sharering,SHR,ShareToken,sharering,ShareRingPFLKt.png,6739997133,"{""ethereum"":""0x192675d1e131b9e339f16603e21b01a845d8c21e"",""binance_smart"":""0x5fb4968fc85868df3ad2d6e59883a10570f01d18""}",18
arcana-3,ARCN,Arcana,arcana-3,arcana-3ly8.png,1000000000,"{""ethereum"":""0xe3e3fb2f07cfe382d480197a3c8ea0778cf51110""}",18
0x45443a4a7b58ab26a4b4d72616cf36d5aae7188c_robinhood,HOTDOG,hotdog,hotdog-3,0x45443a4a7b58ab26a4b4d72616cf36d5aae7188c_robinhoodIAu.png,1000000000,"{""robinhood"":""0x45443a4a7b58ab26a4b4d72616cf36d5aae7188c""}",18
unit-pump,UPUMP,Unit Pump,unit-pump,unit-pumpO7y.png,238295572,"{""hyperevm"":""0x27ec642013bcb3d80ca3706599d3cda04f6f4452"",""hyperliquid"":""0x544e60f98a36d7b22c0fb5824b84f795""}",18
servicenow-ondo-tokenized-stock,NOWON,ServiceNow (Ondo Tokenized Stock),servicenow-ondo-tokenized-stock,servicenow-ondo-tokenized-stockWHn.png,2311,"{""ethereum"":""0x8bcf9012f4b0c1c3d359edb7133c294f82f80790"",""binance_smart"":""0xeb19c13c54b1cd48afc62f6503375e92d5f1e856"",""solana"":""G7pTVoSECz5RQWubEnTP7AC83KHUsSyoiqYR1R2ondo""}",18
0x0606fc632ee812ba970af72f8489baaa443c4b98_ink,ANITA,ANITA,anita,0x0606fc632ee812ba970af72f8489baaa443c4b98_inkcrP.png,999922710,"{""ink"":""0x0606fc632ee812ba970af72f8489baaa443c4b98""}",18
boss,BOSS,Boss,boss,bosskzJ.png,1000000000000000,"{""binance_smart"":""0x49324d59327fb799813b902db55b2a118d601547""}",18
wirex,WXT,WXT Token,wirex,Wirex8xSJn.png,10000000000,"{""ethereum"":""0xa02120696c7b8fe16c09c749e4598819b2b0e915"",""stellar"":""WXT-GASBLVHS5FOABSDNW5SPPH3QRJYXY5JHA2AOA2QHH2FJLZBRXSG4SWXT"",""avalanche"":""0xfcde4a87b8b6fa58326bb462882f1778158b02f1""}",18
pawtato,TATO,Pawtato,pawtato,pawtatoyk2.png,987906593,"{""sui"":""0x04deb377c33bfced1ab81cde96918e2538fe78735777150b0064ccf7df5e1c81::tato::TATO"",""solana"":""pawTUoFAzJt2e6vuqyZ3MwaGKPLuVFDp2CctWAEtato""}",18
fusd-by-the-fedz,FUSD,The Fedz FUSD,fusd-by-the-fedz,fusd-by-the-fedz1xX.png,1610000,"{""arbitrum-one"":""0x894341be568eae3697408c420f1d0acfce6e55f9""}",18
goat-network,GOATED,GOAT Network,goat-network,goat-networkeDK.png,1000000000,"{""binance_smart"":""0x5d7909f951436d4e6974d841316057df3a622962"",""goat"":""0xbc10000000000000000000000000000000000001""}",18
LASocYgQAo8GfypSjedNQgLft8y8DVGg1kSqR3smeta_solana,LASO,Laso Finance,laso-finance,laso-financeJYs.png,29999942,"{""solana"":""LASocYgQAo8GfypSjedNQgLft8y8DVGg1kSqR3smeta""}",18
0x3ca20831ebea5c99aa6e574d83f0a7c733f7e4d0_ethereum,CHMPSTR,ChimpStrategy,chimpstrategy,chimpstrategyiHV.png,825329276,"{""ethereum"":""0x3ca20831ebea5c99aa6e574d83f0a7c733f7e4d0""}",18
camp-network,CAMP,Camp Network,camp-network,camp-networkH8T.png,10000000000,"{""ethereum"":""0x84eaac1b2dc3f84d92ff84c3ec205b1fa74671fc""}",18
pmx500,PMX,PMX500,pmx500,pmx5007sG.png,1000000000,"{""pulsechain"":""0xdc8d1cbdf7b6a2d5b503ff7bffd85a6002358050""}",18
0xe92f7fe3eaf61df28b7b75f3faab199333c42302_binance_smart,MAME,Mame Inu,mame-inu,mame-inueMs.png,1000000000,"{""binance_smart"":""0x39d9b36aa0e7a1fee97d6ff614420f7308ba7777""}",18
0x3054e8f8fba3055a42e5f5228a2a4e2ab1326933_base,ZUZALU,zuzalu,zuzalu,zuzaluDce.png,1000000000000000,"{""base"":""0x3054e8f8fba3055a42e5f5228a2a4e2ab1326933""}",18
harrypotterobamasonic10inu,BITCOIN,HarryPotterObamaSonic10Inu,harrypotterobamasonic10inu,harrypotterobamasonic10inuGsr.png,1000000000000000,"{""binance_smart"":""0x4c769928971548eb71a3392eaf66bedc8bef4b80""}",18
2d9db8a89f074aa045eab177f23a3395f62ced8b53499a9e4ad46c80464c4f57_cardano,SURF,Surf Lending,flow-lending,flow-lendingx0U.png,25000000,"{""cardano"":""2d9db8a89f074aa045eab177f23a3395f62ced8b53499a9e4ad46c80464c4f57""}",18
H8xQ6poBjB9DTPMDTKWzWPrnxu4bDEhybxiouF8Ppump_solana,TOKABU,The Spirit of Gambling,the-spirit-of-gambling,H8xQ6poBjB9DTPMDTKWzWPrnxu4bDEhybxiouF8Ppump_solanaubZ.png,998589088,"{""solana"":""H8xQ6poBjB9DTPMDTKWzWPrnxu4bDEhybxiouF8Ppump""}",18
0xfc6be825925b7a83d131e33b46efef9084f0e014_binance_smart,RIVER PTS,River Pts,river-pts,river-ptsURL.png,879438276,"{""binance_smart"":""0xfc6be825925b7a83d131e33b46efef9084f0e014""}",18
hefe,HEFE,HEFE,hefe,hefeKCu.png,444211203,"{""avalanche"":""0x18e3605b13f10016901eac609b9e188cf7c18973""}",18
0x3fb46c4db76d8e9f69f3f8388f43a7ca7e140807_xdc-network,DOPU,Dog With Purpose,dog-with-purpose,dog-with-purpose8z6.png,1000000000,"{""xdc-network"":""0x3fb46c4db76d8e9f69f3f8388f43a7ca7e140807""}",18
BBKPiLM9KjdJW7oQSKt99RVWcZdhF6sEHRKnwqeBGHST_solana,GHOST,GhostwareOS,ghostwareos,BBKPiLM9KjdJW7oQSKt99RVWcZdhF6sEHRKnwqeBGHST_solanayPl.png,999714471,"{""solana"":""BBKPiLM9KjdJW7oQSKt99RVWcZdhF6sEHRKnwqeBGHST""}",18
coreweave-ondo-tokenized,CRWVON,CoreWeave (Ondo Tokenized),coreweave-ondo-tokenized,coreweave-ondo-tokenizedCnd.png,17018,"{""ethereum"":""0x66908813cd7676269494b2c6f6dbab8b4f9e95df"",""binance_smart"":""0x76e39171cb665a35981e744e2ceb7012f76caeac"",""solana"":""BfPGpgNyxe6rjAru1EJarjSBAcCABuMF5L32v7nondo"",""hyperevm"":""0xd616ddc3a9e13e12533d7124d5bd94b53fb60a3f""}",18
richquack,QUACK,Rich Quack,richquack,richquackklf.png,0,"{""binance_smart"":""0xd74b782e05aa25c50e7330af541d46e18f36661c"",""solana"":""9HGziACBczM3VorD3B6ZYtj6BA595jq8erzsSVtUNo6N""}",18
0xa69f80524381275a7ffdb3ae01c54150644c8792_base,SUP,Superfluid,superfluid,superfluidGn3.png,1000000000,"{""base"":""0xa69f80524381275a7ffdb3ae01c54150644c8792"",""ethereum"":""0xd05001db979ff2f1a3b2105875d3454e90dd2961""}",18
pop-2,POP,Zypher Network,pop-2,pop-2dr3.png,10000000000,"{""binance_smart"":""0xa3cfb853339b77f385b994799b015cb04b208fe6""}",18
bnpl-pay-2,BNPL,BNPL Pay,bnpl-pay-2,bnpl-pay-2x70.png,1000000000,"{""ethereum"":""0x28a062b8cd62a219210211f2085281c0aca2b2b9""}",18
zksync-bridged-wbtc-zksync,WBTC,zkSync Bridged WBTC (zkSync),zksync-bridged-wbtc-zksync,zksync-bridged-wbtc-zksyncCUq.png,17.8933,"{""zksync"":""0xbbeb516fb02a01611cbbe0453fe3c580d7281011""}",18
ime-lab,LIME,iMe Lab,ime-lab,ime-labSEa.png,996079000,"{""ethereum"":""0x9d0b65a76274645b29e4cc41b8f23081fa09f4a3"",""binance_smart"":""0x7bc75e291e656e8658d66be1cc8154a3769a35dd"",""polygon-pos"":""0x7f67639ffc8c93dd558d452b8920b28815638c44"",""solana"":""LimeYH1PCoDMoUqfY1bUnp8ZdZrPN5nFTW3iofkdzCU""}",18
0xf0a28bddac9d3045c95bf57df033e80685d881c0_binance_smart,OOOO,oooo,oooo,ooooSKv.png,1000000000,"{""binance_smart"":""0xf0a28bddac9d3045c95bf57df033e80685d881c0""}",18
neuy,NEUY,NEUY,neuy,neuyQSR.png,71280000,"{""polygon-pos"":""0x62a872d9977db171d9e213a5dc2b782e72ca0033"",""ethereum"":""0xa80505c408c4defd9522981cd77e026f5a49fe63"",""base"":""0x3cf255a7a03d74b6f9d58456cbedbc0705626354""}",18
usd-2,USD+,USD+,usd-2,usd-2Zrr.png,1512613,"{""solana"":""usdsfJbX78ktZUnoRC7dwvvQz7xH3WdkpGne76gdUia""}",18
0x937a1cfaf0a3d9f5dc4d0927f72ee5e3e5f82a00_base,COCORO,Cocoro,cocoro,cocoroeXj.png,1000000000,"{""base"":""0x937a1cfaf0a3d9f5dc4d0927f72ee5e3e5f82a00""}",18
coreweave-bstocks-tokenized-stock,CRWVB,CoreWeave (bStocks Tokenized Stock),coreweave-bstocks-tokenized-stock,coreweave-bstocks-tokenized-stockIiY.png,16905,"{""binance_smart"":""0x33e7317e17838fee56b10fe8d0b9ca6ca3090c95""}",18
rebel-cars,RC,Rebel Cars,rebel-cars,rebel-carsGXn.png,1000000000,,
pooh,POOH,POOH,pooh,poohJFL.png,420690000000000,"{""ethereum"":""0xb69753c06bb5c366be51e73bfc0cc2e3dc07e371"",""solana"":""J8XFfJgS1cs5WVGxGwZb9Rt5rJZizdyzaLhidtvDnYjC""}",18
bonkearn,BERN,BonkEarn,bonkearn,bonkearnM1d.png,943864302,"{""solana"":""CKfatsPMUf8SkiURsDXs7eK6GWb4Jsd6UDbs7twMCWxo""}",18
milo-inu,MILO,Milo Inu,milo-inu,milo-inu7fR.png,690000000000000,"{""binance_smart"":""0xd9de2b1973e57dc9dba90c35d6cd940ae4a3cbe1""}",18
dogi,DOGI,dogi,dogi,dogi7Mx.png,21000000,,
USCRdwZP5UkKhJzhWuD7XjTUviHBtZJbLG7XpbKng9S_solana,USCR,USCR,uscr,USCRdwZP5UkKhJzhWuD7XjTUviHBtZJbLG7XpbKng9S_solanavw0.png,999860913,"{""solana"":""USCRdwZP5UkKhJzhWuD7XjTUviHBtZJbLG7XpbKng9S""}",18
0xe02c53d448a62067b2ac10ed70f5bc6c29471386_robinhood,NOSH,UseNosh,usenosh,usenoshFT7.png,935374117,"{""robinhood"":""0xe02c53d448a62067b2ac10ed70f5bc6c29471386""}",18
0x0c5142bc58f9a61ab8c3d2085dd2f4e550c5ce0b_base,RUSSELL,RUSSELL,russell,0x0c5142bc58f9a61ab8c3d2085dd2f4e550c5ce0b_base3yg.png,970983457,"{""base"":""0x0c5142bc58f9a61ab8c3d2085dd2f4e550c5ce0b""}",18
united-founders-group,UFG,United Founders Group,united-founders-group,united-founders-groupAXP.png,999669846,"{""robinhood"":""0xefab538cf3c29237a47c6afb145d50ddf204a0a3""}",18
Cy1GS2FqefgaMbi45UunrUzin1rfEmTUYnomddzBpump_solana,MOBY,Moby AI,moby-ai,Cy1GS2FqefgaMbi45UunrUzin1rfEmTUYnomddzBpump_solanaQuo.png,999943696,"{""solana"":""Cy1GS2FqefgaMbi45UunrUzin1rfEmTUYnomddzBpump""}",18
poocoin,POOCOIN,PooCoin,poocoin,poocoinXOa.png,6224790,"{""binance_smart"":""0xb27adaffb9fea1801459a1a81b17218288c097cc""}",18
mistery,MERY,Mistery,mistery,misteryPSc.png,420690271888,"{""cronos"":""0x3b41b27e74dd366ce27cb389dc7877d4e1516d4d""}",18
global-x-copper-miners-etf-ondo-tokenized-etf,COPXON,Global X Copper Miners ETF (Ondo Tokenized ETF),global-x-copper-miners-etf-ondo-tokenized-etf,global-x-copper-miners-etf-ondo-tokenized-etfowG.png,17285,"{""ethereum"":""0x423a63dfe8d82cd9c6568c92210aa537d8ef6885"",""binance_smart"":""0xec93fe7ff4b09ca3ccafbc4cc9615e62be412780"",""solana"":""X7j77hTmjZJbepkXXBcsEapM8qNgdfihkFj6CZ5ondo"",""hyperevm"":""0x86e33197369a3560cee2ab6bb12376ac7b29f3dd""}",18
stablecorp-qcad,QCAD,Stablecorp QCAD,stablecorp-qcad,stablecorp-qcadILJ.png,2124672,"{""ethereum"":""0x3fa142dd3f384414e05e71ad0939274edc82ec0a"",""base"":""0xa15705e6fc8b3e08e7253f3758de1a754baa0761"",""arc"":""0xd70c2fa4232e054b373efaea98e4138511c2a309""}",18
frontier-token,FRONT,Frontier,frontier-token,frontier-tokenxbe.png,90000000,"{""ethereum"":""0xf8c3527cc04340b208c854e985240c02f7b7793f"",""binance_smart"":""0x928e55dab735aa8260af3cedada18b5f70c72f1b"",""harmony-shard-0"":""0x1ee5839950fd7a227f91cf679b1931dd6f5798b3"",""polygon-pos"":""0xa3ed22eee92a3872709823a6970069e12a4540eb""}",18
rai,RAI,Rai Reflex Index,rai,raiByw.png,501261,"{""ethereum"":""0x03ab458634910aad20ef5f1c8ee96f1d6ac54919"",""polygon-pos"":""0x00e5646f60ac6fb446f621d146b6e1886f002905"",""avalanche"":""0x97cd1cfe2ed5712660bb6c14053c0ecb031bff7d"",""optimistic-ethereum"":""0x7fb688ccf682d58f86d7e38e03f9d22e7705448b""}",18
bitsocial,BSO,Bitsocial,bitsocial,bitsocialwal.png,210000000,"{""ethereum"":""0xb50cea4c109dc223a10d44c14f521caed91dab5a""}",18
eris-amplified-luna,AMPLUNA,Eris Amplified Luna,eris-amplified-luna,eris-amplified-lunaWRM.png,12535411,"{""terra-2"":""terra1ecgazyd0waaj3g7l9cmy5gulhxkps2gmxu9ghducvuypjq68mq2s5lvsct""}",18
amnis-staked-aptos-coin,STAPT,Amnis Staked Aptos Coin,amnis-staked-aptos-coin,amnis-staked-aptos-coinHnK.png,2016038,"{""aptos"":""0x111ae3e5bc816a5e63c2da97d0aa3886519e0cd5e4b046659fa35796bd11542a::stapt_token::StakedApt""}",18
reserve-robotics-dtf,ROBOTS,Reserve Robotics DTF,reserve-robotics-dtf,reserve-robotics-dtf5Jk.png,15439,"{""binance_smart"":""0x75617e7653f86f074cc30b9fd4ebf52ba9b62247""}",18
0x6b1d42927b1a84ec28fa88d4fc6fa7af404966be_robinhood,PAIR,PAIR,pair,0x6b1d42927b1a84ec28fa88d4fc6fa7af404966be_robinhoodhaY.png,876136398,"{""robinhood"":""0x6b1d42927b1a84ec28fa88d4fc6fa7af404966be""}",18
0xd5f1afea47b1a9eab414d2ee740cf1d6d039e725_robinhood,MICRODUCK,microduck,microduck,microduckycH.png,918367347,"{""robinhood"":""0xd5f1afea47b1a9eab414d2ee740cf1d6d039e725""}",18
the-original-doge,OGDOGE,The Original Doge,the-original-doge,the-original-dogeUIm.png,923854537,"{""solana"":""utLyQQCPvjuCc6zeaXdsFeEC3JNdxKS3vxaZWoGdoge""}",18
0xd95b9a5fa7c2708fd4fe0e07e59bde1ef35b194a_ink,BEAST,Beast,beast,beastye2.png,999759116,"{""ink"":""0xd95b9a5fa7c2708fd4fe0e07e59bde1ef35b194a""}",18
0x4a72b9702f991b790788f8afa9e7112541f4e8f8_robinhood,ROUTE,Route,route-2,0x4a72b9702f991b790788f8afa9e7112541f4e8f8_robinhoodIzG.png,1000000000,"{""robinhood"":""0x4a72b9702f991b790788f8afa9e7112541f4e8f8""}",18
ajna-protocol,AJNA,Ajna Protocol,ajna-protocol,ajna-protocol7Tt.png,979117823,"{""ethereum"":""0x9a96ec9b57fb64fbc60b423d1f4da7691bd35079"",""base"":""0x7f05a7a9af2f5a07d1e64877c8dc37a64a22508e""}",18
dynamic-crypto-index,DCI,Dynamic Crypto Index,dynamic-crypto-index,dynamic-crypto-index8pS.png,150,"{""polygon-pos"":""0xc91953e110ebb0039859304a0d1b64f8450763fc""}",18
wrapped-apecoin,WAPE,Wrapped ApeCoin,wrapped-apecoin,wrapped-apecoinyNh.png,8677122,"{""apechain"":""0x48b62137edfa95a428d35c09e44256a739f6b557""}",18
staked-inv,SINV,Staked INV,staked-inv,staked-invLwG.png,143765,"{""ethereum"":""0x08d23468a467d2bb86fae0e32f247a26c7e2e994""}",18
rubidium,RBD,Rubidium,rubidium,rubidiumOXn.png,1000000000,,
rhypurr,RHYPURR,rHYPURR,rhypurr,rhypurrVic.png,306793,"{""hyperevm"":""0x0df4f69cf9417b1817ab9579bf099537a694667b""}",18
general-electric-ondo-tokenized-stock,GEON,General Electric (Ondo Tokenized Stock),general-electric-ondo-tokenized-stock,general-electric-ondo-tokenized-stockROt.png,4716,"{""ethereum"":""0xd904bcf89b7cedf5c89f9df7e829191d695f847e"",""binance_smart"":""0x5151a22421ed4277f1e4ca4785a07b035d548a36"",""solana"":""aTBfDuLRqYHBiG82bHA7DzwjSDTFre2dRtGH3S5ondo""}",18
planet-ix,AIX,Planet IX,planet-ix,planet-ixOPj.png,306000000,"{""base"":""0x920e753d8d7d5b598063c89b6f06288803448d06""}",18
l2-standard-bridged-weth-megaeth,WETH,L2 Standard Bridged WETH (MegaETH),l2-standard-bridged-weth-megaeth,l2-standard-bridged-weth-megaethfhQ.png,543.0765,"{""megaeth"":""0x4200000000000000000000000000000000000006""}",18
airbnb-ondo-tokenized-stock,ABNBON,Airbnb (Ondo Tokenized Stock),airbnb-ondo-tokenized-stock,airbnb-ondo-tokenized-stockqmA.png,8933,"{""ethereum"":""0xb035c3d5083bdc80074f380aebc9fcb68aba0a28"",""binance_smart"":""0xef80743f78d98fc2b47a2253b293152ce8b879ba"",""solana"":""128qNYovdGv2YqayErcJgU7gDwbNVX1VuoxbtWz8ondo""}",18
9JK2U7aEkp3tWaFNuaJowWRgNys5DVaKGxWk73VT5ray_solana,NUMMUS,Nummus Aeternitas,nummus-aeternitas,9JK2U7aEkp3tWaFNuaJowWRgNys5DVaKGxWk73VT5ray_solanaRLG.png,100000000,"{""solana"":""9JK2U7aEkp3tWaFNuaJowWRgNys5DVaKGxWk73VT5ray""}",18
gauntlet-usdt-balanced,GTUSDTB,Gauntlet USDT Balanced,gauntlet-usdt-balanced,gauntlet-usdt-balancedzML.png,1416448,"{""ethereum"":""0xe571b648569619566cf6ce1060c97b621cb635d3""}",18
mint-token,MT,Mint Token,mint-token,mint-tokenKgD.png,645579724,"{""base"":""0xff45161474c39cb00699070dd49582e417b57a7e""}",18
hydrex,HYDX,Hydrex,hydrex,hydrexv3e.png,110532769,"{""base"":""0x00000e7efa313f4e11bfff432471ed9423ac6b30""}",18
0x1bf6634969eb3877759d31eefe60b974e57a8b28_polygon-pos,NODAL,NodalWaves,nodalwaves,nodalwavesM0z.png,10000000000,"{""polygon-pos"":""0x1bf6634969eb3877759d31eefe60b974e57a8b28""}",18
vouch-staked-pls,VPLS,Vouch Staked PLS,vouch-staked-pls,vouch-staked-pls0WC.png,137721115216,"{""pulsechain"":""0x79bb3a0ee435f957ce4f54ee8c3cfadc7278da0c""}",18
0x02e75d28a8aa2a0033b8cf866fcf0bb0e1ee4444_binance_smart,PALU,Palu,palu,0x02e75d28a8aa2a0033b8cf866fcf0bb0e1ee4444_binance_smartYfD.png,999999948,"{""binance_smart"":""0x02e75d28a8aa2a0033b8cf866fcf0bb0e1ee4444""}",18
0xe2512a2f19f0388ad3d7a5263eaa82acd564827b_ethereum,SHIDO,Shido Network,shido-2,shido-2xU6.png,18000000000,"{""ethereum"":""0x0e173Bfd28eF21bc460718bcd9b610b7Fcd7F041"",""osmosis"":""ibc/62B50BB1DAEAD2A92D6C6ACAC118F4ED8CBE54265DCF5688E8D0A0A978AA46E7""}",18
dill,DL,Dill,dill,dill1Dc.png,6000000000,"{""binance_smart"":""0xcd806d0eb9465020994c9e977cbe34fe430172ae""}",18
reserve-ai-infrastructure-dtf,BUILDOUT,Reserve AI Infrastructure DTF,reserve-ai-infrastructure-dtf,reserve-ai-infrastructure-dtfPey.png,14471,"{""binance_smart"":""0xd7ce7a841310982acd976d1a6fe7bb6063c5689d""}",18
119_bittensor,SN119,Satori,satori,satori8Mw.png,2107375,"{""bittensor"":""119""}",18
strata-junior-usdat,JRUSDAT,Strata Junior USDat,strata-junior-usdat,strata-junior-usdatGvW.png,2816702,"{""ethereum"":""0x011e55d2b28306458e37ca7e997c879bb25a455d""}",18
bouncebit-usd-2,BBUSD,BounceBit USD,bouncebit-usd-2,bouncebit-usd-2ttm.png,1446871,"{""bouncebit"":""0x733dc955db0a2de7f1f8780e0607e04a91bc0bc6""}",18
7HgfXftRBBqsYtAEYcqjGLQrNJLL6Tww9ek4rE3Apump_solana,RKC,Red Kitten Crew,red-kitten-crew,red-kitten-crew7K7.png,938407902,"{""solana"":""7HgfXftRBBqsYtAEYcqjGLQrNJLL6Tww9ek4rE3Apump""}",18
skill-stacker,STKR,Skill Stacker,skill-stacker,skill-stackerlze.png,953930658,"{""solana"":""3DFnwGLJUfxc4eMxDgQwW6oWaeKBrJ1iwA26YjTfpump""}",18
ageur,EURA,EURA,ageur,ageur2up.png,1284310,"{""ethereum"":""0x1a7e4e63778b4f12a199c062f3efdd288afcbce8"",""arbitrum-one"":""0xfa5ed56a203466cbbc2430a43c66b9d8723528e7"",""polygon-pos"":""0xe0b52e49357fd4daf2c15e02058dce6bc0057db4"",""xdai"":""0x4b1e2c2762667331bc91648052f646d1b0d35984"",""binance_smart"":""0x12f31b73d812c6bb0d735a218c086d44d5fe5f89"",""celo"":""0xc16b81af351ba9e64c1a069e3ab18c244a1e3049"",""base"":""0xa61beb4a3d02decb01039e378237032b351125b4""}",18
vaneck-semiconductor-etf-bstocks-tokenized-stock,SMHB,VanEck Semiconductor ETF (bStocks Tokenized Stock),vaneck-semiconductor-etf-bstocks-tokenized-stock,vaneck-semiconductor-etf-bstocks-tokenized-stockhqt.png,2283,"{""binance_smart"":""0xbe1fced7047fdce935f45700727845df2c76877a""}",18
netflix-xstock,NFLXX,Netflix xStock,netflix-xstock,netflix-xstockeoF.png,3489319,"{""arbitrum-one"":""0xa6a65ac27e76cd53cb790473e4345c46e5ebf961"",""solana"":""XsEH7wWfJJu2ZT3UCFeVfALnVA6CP5ur7Ee11KmzVpL"",""binance_smart"":""0xa6a65ac27e76cd53cb790473e4345c46e5ebf961"",""ethereum"":""0xa6a65ac27e76cd53cb790473e4345c46e5ebf961""}",18
trac-network,TNK,Trac Network,trac-network,trac-networki3D.png,15600000,,
finvesta,FINVESTA,Finvesta,finvesta,finvestagsS.png,856779,"{""pulsechain"":""0x1c81b4358246d3088ab4361ab755f3d8d4dd62d2""}",18
wrapped-klay,WKLAY,Wrapped KLAY,wrapped-klay,wrapped-klayFD5.png,37745800,"{""klay-token"":""0x19aac5f612f524b754ca7e7c41cbfa2e981a4432"",""wemix-network"":""0x461d52769884ca6235b685ef2040f47d30c94eb5""}",18
thales,THALES,Thales,thales,thalesIdj.png,100000000,"{""ethereum"":""0x8947da500eb47f82df21143d0c01a29862a8c3c5"",""optimistic-ethereum"":""0x217d47011b23bb961eb6d93ca9945b7501a5bb11"",""polygon-pos"":""0x692c44990e4f408ba0917f5c78a83160c1557237"",""arbitrum-one"":""0xe85b662fe97e8562f4099d8a1d5a92d4b453bf30"",""base"":""0xf34e0cff046e154cafcae502c7541b9e5fd8c249""}",18
maga,TRUMP,MAGA,maga,magasCa.png,45018469,"{""ethereum"":""0x576e2bed8f7b46d34016198911cdf9886f78bea7"",""binance_smart"":""0x4ea98c1999575aaadfb38237dd015c5e773f75a2"",""base"":""0x57f5fbd3de65dfc0bd3630f732969e5fb97e6d37""}",18
coherent-ondo-tokenized,COHRON,Coherent (Ondo Tokenized),coherent-ondo-tokenized,coherent-ondo-tokenizedNkA.png,4238,"{""ethereum"":""0x2b7727076b9c9b1834a2f95b81f12eedd30db9f1"",""binance_smart"":""0x0585756aafb241b0f8a9df62db26c566091bde0b"",""solana"":""BXMkru8ded26p71gJ3AMMwJmwZaYYfQjRo8vbZzondo""}",18
signata,SATA,Signata,signata,signataYDp.png,100000000,"{""ethereum"":""0x3ebb4a4e91ad83be51f8d596533818b246f4bee1"",""binance_smart"":""0x6b1c8765c7eff0b60706b0ae489eb9bb9667465a""}",18
the-big-five,BFT,The Big Five,the-big-five,the-big-fivecmA.png,100000000000,"{""binance_smart"":""0x4b87f578d6fabf381f43bd2197fbb2a877da6ef8""}",18
QUESTP8xKMfot3ErcdfWXsHbG3kN9mutieAqrVNw74s_solana,QUEST,QUEST,quest-2,quest-2G8W.png,3608462084,"{""solana"":""QUESTP8xKMfot3ErcdfWXsHbG3kN9mutieAqrVNw74s""}",18
Ey59PH7Z4BFU4HjyKnyMdWt5GGN76KazTAwQihoUXRnk_solana,BELIEVE,Believe,ben-pasternak,Ey59PH7Z4BFU4HjyKnyMdWt5GGN76KazTAwQihoUXRnk_solanaZf1.png,1279992681,"{""solana"":""BLVxek8YMXUQhcKmMvrFTrzh5FXg8ec88Crp6otEaCMf""}",18
0x2a92525fda8d3ab481f8e2a913b64b64bd1c9fdd_ethereum,WELF,WELF,welf,welfua8.png,49999000,"{""ethereum"":""0x2a92525fda8d3ab481f8e2a913b64b64bd1c9fdd""}",18
wanbtc,WANBTC,wanBTC,wanbtc,wanbtcotA.png,16.472,"{""wanchain"":""0x50c439b6d602297252505a6799d84ea5928bcfb6""}",18
six,SIX,SIX Network,six,six-networkwAQ.png,999999970,"{""stellar"":""SIX-GDMS6EECOH6MBMCP3FYRYEVRBIV3TQGLOFQIPVAITBRJUMTI6V7A2X6Z""}",18
scallop-2,SCA,Scallop,scallop-2,scallop-2Mqz.png,250000000,"{""sui"":""0x7016aae72cfc67f2fadf55769c0a7dd54291a583b63051a5ed71081cce836ac6::sca::SCA""}",18
0x2f733095b80a04b38b0d10cc884524a3d09b836a_fantom,USDC,Wormhole Bridged USDC (Fantom),wormhole-bridged-usdc-fantom,wormhole-bridged-usdc-fantomz5m.png,1415597,"{""fantom"":""0x2f733095b80a04b38b0d10cc884524a3d09b836a""}",18
iren-limited-bstocks-tokenized-stock,IRENB,IREN Limited (bStocks Tokenized Stock),iren-limited-bstocks-tokenized-stock,iren-limited-bstocks-tokenized-stock8Kf.png,33861,"{""binance_smart"":""0xfdc2f2cab77b28f7ef6c819a404706cfa9bca33b""}",18
STREAMribRwybYpMmSYoCsQUdr6MZNXEqHgm7p1gu9M_solana,STREAM,Streamflow,streamflow,streamflownt5.png,299999928,"{""solana"":""STREAMribRwybYpMmSYoCsQUdr6MZNXEqHgm7p1gu9M""}",18
0x9a70815dfb644a24b57358e1041f8d0324c8f6e1_binance_smart,BOOP,BOOP,boop-4,boop-4hug.png,999990951,"{""binance_smart"":""0x9a70815dfb644a24b57358e1041f8d0324c8f6e1"",""solana"":""boopkpWqe68MSxLqBGogs8ZbUDN4GXaLhFwNP7mpP1i""}",18
troll,TROLL,Troll,troll,trollH2M.png,960418978392123,"{""ethereum"":""0xf8ebf4849f1fa4faf0dff2106a173d3a6cb2eb3a""}",18
taboshi,TABOSHI,Taboshi,taboshi,taboshi1ue.png,185964,"{""base"":""0x3a1a33cf4553db61f0db2c1e1721cd480b02789f""}",18
rainbow-bridged-usdt-aurora,USDT.E,Rainbow Bridged USDT (Aurora),rainbow-bridged-usdt-aurora,rainbow-bridged-usdt-aurorajmE.png,1410150,"{""aurora"":""0x4988a896b1227218e4a686fde5eabdcabd91571f""}",18
crypto-asset-governance-alliance,CAGA,Crypto Asset Governance Alliance,crypto-asset-governance-alliance,crypto-asset-governance-allianced20.png,100000000000,"{""ethereum"":""0xbddc20ed7978b7d59ef190962f441cd18c14e19f""}",18
kodiak-finance,KDK,Kodiak Finance,kodiak-finance,kodiak-financerry.png,100000000,"{""berachain"":""0xc0d1ac00a30fa4e30e44afc7313d6312c87e21df""}",18
0x8185eaf46136a3f095c60facd97eca1bfc2f38f6_base,$OLIVIA2.0,Olivia AI 2.0,olivia-ai-2-0,olivia-ai-2-0Lon.png,1000000000,"{""base"":""0x8185eaf46136a3f095c60facd97eca1bfc2f38f6""}",18
GkyPYa7NnCFbduLknCfBfP7p8564X1VZhwZYJ6CZpump_solana,CHILLHOUSE,Chill House,chill-house,chill-house7AH.png,998538264,"{""solana"":""GkyPYa7NnCFbduLknCfBfP7p8564X1VZhwZYJ6CZpump""}",18
moochii,MOOCHII,Moochii,moochii,moochiiLNi.png,1000000000000000,"{""binance_smart"":""0xef032f652fce3a0effce3796a68eb978b465a336""}",18
mountain-protocol-usdm,USDM,Mountain Protocol USD,mountain-protocol-usdm,mountain-protocol-usdmGOO.png,1401306,"{""ethereum"":""0x59d9356e565ab3a36dd77763fc0d87feaf85508c"",""polygon-pos"":""0x59d9356e565ab3a36dd77763fc0d87feaf85508c"",""optimistic-ethereum"":""0x59d9356e565ab3a36dd77763fc0d87feaf85508c"",""base"":""0x59d9356e565ab3a36dd77763fc0d87feaf85508c"",""arbitrum-one"":""0x59d9356e565ab3a36dd77763fc0d87feaf85508c"",""zksync"":""0x7715c206a14ac93cb1a6c0316a6e5f8ad7c9dc31"",""avalanche"":""0x59d9356e565ab3a36dd77763fc0d87feaf85508c"",""celo"":""0x59d9356e565ab3a36dd77763fc0d87feaf85508c""}",18
xitcoin,XTC,Xitcoin,xitcoin,xitcoin5TZ.png,5250000000,"{""cronos"":""0xe45fe733bc8617fa6dac8437fc44b5fffa949991""}",18
bigshortbets,BIGSB,BigShortBets,bigshortbets,bigshortbetslzQ.png,29854323,"{""ethereum"":""0x131157c6760f78f7ddf877c0019eba175ba4b6f6""}",18
gamefi,GAFI,GameFi.org,gamefi,gamefiRJj.png,14954970,"{""binance_smart"":""0x89af13a10b32f1b2f8d1588f93027f69b6f4e27e""}",18
0xbc45647ea894030a4e9801ec03479739fa2485f0_base,BENJI,Basenji,basenji,basenjip9L.png,1000000000,"{""base"":""0xbc45647ea894030a4e9801ec03479739fa2485f0""}",18
chain-key-ethereum,CKETH,Chain-key Ethereum,chain-key-ethereum,chain-key-ethereumy9s.png,519.1438,"{""internet-computer"":""ss2fx-dyaaa-aaaar-qacoq-cai""}",18
0xf442ff10b8def89514560a66c0ad28777094636a_ethereum,WA7A5,Wrapped A7A5,wrapped-a7a5-2,wrapped-a7a5-2XtR.png,102612364,"{""ethereum"":""0xf442ff10b8def89514560a66c0ad28777094636a""}",18
leverup-usd,LVUSD,LeverUp USD,leverup-usd,leverup-usdXM9.png,1408423,"{""monad"":""0xfd44b35139ae53fff7d8f2a9869c503d987f00d1""}",18
the-earn-bull,TEB,The Earn Bull,the-earn-bull,the-earn-bullxUp.png,998463354,"{""solana"":""Dx68jydZnXJkp6Xngku8FbjFFovp9tZmXT66jrLXpump""}",18
invesco-qqq-trust-bstocks-tokenized-stock,QQQB,Invesco QQQ Trust (bStocks Tokenized Stock),invesco-qqq-trust-bstocks-tokenized-stock,invesco-qqq-trust-bstocks-tokenized-stockZhr.png,1861,"{""binance_smart"":""0x205812cdbed920aff76c6580abd681a46d11efc7""}",18
best-patent-token,BPT,Best Patent Token,best-patent-token,best-patent-tokenE8z.png,5000000000,"{""binance_smart"":""0x07cce0b93cde5e14a00e680fb39c189c7a2b7d93""}",18
0x0aeba21655185583367f19d0c882dfc654c6dd54_cronos,OBS,Obsidian,obsidian-2,0x0aeba21655185583367f19d0c882dfc654c6dd54_cronosM5u.png,9967955945,"{""cronos"":""0x0aeba21655185583367f19d0c882dfc654c6dd54""}",18
zyfi,ZFI,Zyfai,zyfi,zyfieXd.png,500000000,"{""zksync"":""0x5d0d7bca050e2e98fd4a5e8d3ba823b49f39868d"",""base"":""0xd080ed3c74a20250a2c9821885203034acd2d5ae""}",18
meditechx,MTX,MediTechX,meditechx,meditechxRqp.png,1000000000,"{""binance_smart"":""0x5d67d0efd22ab2aa718fa34a9b63330862b6482c""}",18
gauntlet-usd-alpha,GTUSDA,Gauntlet USD Alpha,gauntlet-usd-alpha,gauntlet-usd-alphadfx.png,1281682,"{""base"":""0x000000000001cdb57e58fa75fe420a0f4d6640d5"",""optimistic-ethereum"":""0x000000001dc8bd45d7e7829fb1c969cbe4d0d1ec"",""ethereum"":""0x3bd9248048df95db4fbd748c6cd99c1baa40bad0"",""arbitrum-one"":""0x000000001dc8bd45d7e7829fb1c969cbe4d0d1ec""}",18
GnFMf6JVRhAqPbA9r8yW16xycynKNkXfbaYbusLEpump_solana,ZREAL,Z李REAL SUPER COIN,zreal-super-coin,zreal-super-coinNo7.png,999999033,"{""solana"":""GnFMf6JVRhAqPbA9r8yW16xycynKNkXfbaYbusLEpump""}",18
zulu-network,ZULU,Zulu Network,zulu-network,zulu-networkC20.png,1000000000,"{""ethereum"":""0x7b67d8b4da0b17a9b98eddc21230b60c8ede69a4""}",18
bigwater,BIGW,BigWater,bigwater,bigwaterlen.png,10000000000,"{""xdc-network"":""0xc9b1b2842c60303a06f60fdd005654575d6ae466"",""binance_smart"":""0x66d6d7c20ec39e390ffd232818147957f2985ed3""}",18
ishares-silver-trust-xstock,SLVX,iShares Silver Trust xStock,ishares-silver-trust-xstock,ishares-silver-trust-xstock4fa.png,1122759,"{""ethereum"":""0x4833e7f4f0460f4b72a3a5879a6c9841bcc5b58b"",""solana"":""XsxAd6okt8y1RRK6gNg7iJaqiWNiq5Md5EDf3ZrF2dm"",""the-open-network"":""EQCSOAdQ-z0b73WkoIHKvsEW8ArnbVtRfOhPIumG5Ppt8Wm6""}",18
gt3-finance,GT3,GT3 Finance,gt3-finance,gt3-financeogq.png,170596502,"{""polygon-pos"":""0x06737d16ad9c1e41aa44fee2a952b26723b20673""}",18
layerzero-bridged-usdc-aptos,USDC,LayerZero Bridged USDC (Aptos),layerzero-bridged-usdc-aptos,layerzero-bridged-usdc-aptoseMo.png,1384552,"{""aptos"":""0xf22bede237a07e121b56d91a491eb7bcdfd1f5907926a9e58338f964a01b17fa::asset::USDC""}",18
0xa023316fa5c85dadf008c611790b3235433e781e_base,MUTE,MUTE SWAP by Virtuals,mute-swap-by-virtuals,mute-swap-by-virtualsScZ.png,1000000000,"{""base"":""0xa023316fa5c85dadf008c611790b3235433e781e""}",18
wrapped-mistcoin,WMC,Wrapped MistCoin,wrapped-mistcoin,wrapped-mistcoinGOa.png,598000,"{""ethereum"":""0x7fd4d7737597e7b4ee22acbf8d94362343ae0a79"",""base"":""0x3d2eba645c44bbd32a34b7c017667711eb5b173c""}",18
neoxa,NEOX,Neoxa,neoxa,neoxaWJe.png,10854481402,,
roundhill-memory-etf-rstock,RDRAM,Roundhill Memory ETF Tokenized Stock (Reality),roundhill-memory-etf-rstock,roundhill-memory-etf-rstockwLp.png,22517,"{""arbitrum-one"":""0xdaa61aa3d01ef52d71982b52b06dcc84479f8036"",""morph-l2"":""0xdbfb8c9036800db213f65fcf16a6e6194288bd54""}",18
netnet,NET,NetNet,netnet,netnetiRX.png,132782,"{""robinhood"":""0xca9c78dd337a67f6e0077f65f5e9218719d30edf""}",18
rails,RAILS,Rails,rails,railsWvu.png,65000000,"{""ethereum"":""0x19645c760affdd9cac0b805a80de227cbe506538""}",18
0x1f1c695f6b4a3f8b05f2492cef9474afb6d6ad69_base,A1C,Sally A1C,sally-a1c,0x1f1c695f6b4a3f8b05f2492cef9474afb6d6ad69_baseJIf.png,21000000,"{""base"":""0x1f1c695f6b4a3f8b05f2492cef9474afb6d6ad69""}",18
stamp-3,STAMP,STAMP,stamp-3,stamp-3VC6.png,1000000000,,
unit-ansem,UANSEM,Unit Ansem,unit-ansem,unit-ansempAa.png,1000000000,"{""hyperliquid"":""0xa7e941cbc468d48b99dc6002f8f5042b""}",18
gorbagana,GOR,Gorbagana,gorbagana,gorbaganaG2E.png,999807755,"{""solana"":""71Jvq4Epe2FCJ7JFSF7jLXdNk1Wy4Bhqd9iL6bEFELvg""}",18
0xca73ed1815e5915489570014e024b7ebe65de679_base,ODOS,Odos,odos,odosEms.png,10000000000,"{""base"":""0xca73ed1815e5915489570014e024b7ebe65de679""}",18
CGEDT9QZDvvH5GmVkWJH2BXiMJqMJySC9ihWyr7Spump_solana,BURNIE,Burnie Senders,burnie-senders,burnie-sendersmtU.png,969651998,"{""solana"":""CGEDT9QZDvvH5GmVkWJH2BXiMJqMJySC9ihWyr7Spump""}",18
dar-open-network,D,Dar Open Network,dar-open-network,dar-open-networkjDu.png,800000000,"{""ethereum"":""0x33b481cbbf3c24f2b3184ee7cb02daad1c4f49a8"",""binance_smart"":""0x8fb238058e71f828f505582e65b1d14f8cf52067""}",18
udao,UDAO,UDAO,udao,udaohnS.png,200000000,"{""polygon-pos"":""0x433ccebc95ad458e74d81837db0d4aa27e30e117""}",18
0x970a341b4e311a5c7248dc9c3d8d4f35fedfa73e_ethereum,HLS,Helios Blockchain,helios-blockchain,helios-blockchain4xP.png,2100000000,"{""ethereum"":""0x970a341b4e311a5c7248dc9c3d8d4f35fedfa73e"",""arbitrum-one"":""0x4267ac2b815664047855b6c64be5605af9d51304""}",18
voxies,VOXEL,Voxies,voxies,voxiesb0W.png,300000000,"{""polygon-pos"":""0xd0258a3fd00f38aa8090dfee343f10a9d4d30d3f""}",18
bankroll-vault,VLT,Bankroll Vault,bankroll-vault,bankroll-vaultvY0.png,1800000,"{""ethereum"":""0x6b785a0322126826d8226d77e173d75dafb84d11""}",18
solnic,SOLNIC,Solnic,solnic,solnicnWF.png,939829543,"{""solana"":""DeaKMzAeZja3Mh5okZE6WUvygLP3Lfuvm6Rg78HqXTz9""}",18
ondo-high-income-powered-by-blackrock,BLKHION,Ondo High Income Powered by BlackRock,ondo-high-income-powered-by-blackrock,ondo-high-income-powered-by-blackrock8o4.png,271593,"{""ethereum"":""0x787769d6fc857169f5243ef66d3f0a954149d3ba"",""binance_smart"":""0xf78155dc15b838b7577002bc53bbe1041ca48622""}",18
42-coin,42,42-coin,42-coin,42-coinI9kDX.png,42,"{""binance_smart"":""0x73cf73c2503154de4dc12067546aa9357dadaff2"",""solana"":""42c846hyuCL5vMfqWifNvddUqHSqAFeJX7rDQBEBpKmM""}",18
openvpp-2,OVPP,OpenVPP,openvpp-2,openvpp-22uG.png,1000000000,"{""base"":""0x8c0d3adcf8ce094e1ae437557ec90a6374dc9bdd""}",18
58_bittensor,SN58,Handshake,dippy-speech,dippy-speechs7a.png,683339,"{""bittensor"":""58""}",18
cream-2,CREAM,Cream,cream-2,cream-2YTa.png,2924546,"{""ethereum"":""0x2ba592f78db6436527729929aaf6c908497cb200"",""near-protocol"":""2ba592f78db6436527729929aaf6c908497cb200.factory.bridge.near"",""fantom"":""0x657a1861c15a3ded9af0b6799a195a249ebdcbc6"",""arbitrum-one"":""0xf4d48ce3ee1ac3651998971541badbb9a14d7234"",""sora"":""0x00521ad5caeadc2e3e04be4d4ebb0b7c8c9b71ba657c2362a3953490ebc81410"",""energi"":""0x1cca61099dcebe517f8cac58f27218e7aff2d3bf""}",18
yieldfi-ybtc,YBTC,YieldFi yBTC,yieldfi-ybtc,yieldfi-ybtck6C.png,15.7487,"{""ethereum"":""0xa01200b2e74de6489cf56864e3d76bbc06fc6c43""}",18
0x8993129d72e733985f7f1a00396cbd055bad6f817fee36576ce483c8bbb8b87b::sudeng::SUDENG_sui,HIPPO,sudeng,sudeng,0x8993129d72e733985f7f1a00396cbd055bad6f817fee36576ce483c8bbb8b87b::sudeng::SUDENG_suiF42.png,10000000000,"{""sui"":""0x8993129d72e733985f7f1a00396cbd055bad6f817fee36576ce483c8bbb8b87b::sudeng::SUDENG""}",18
bridged-usd-coin-manta-pacific,USDC,Bridged USD Coin (Manta Pacific),bridged-usd-coin-manta-pacific,bridged-usd-coin-manta-pacificDbn.png,1349929,"{""manta-pacific"":""0xb73603c5d87fa094b7314c74ace2e64d165016fb""}",18
EQBsosmcZrD6FHijA7qWGLw5wo_aH8UN435hi935jJ_STORM_the-open-network,STORM,Storm Trade,storm-trade,EQBsosmcZrD6FHijA7qWGLw5wo_aH8UN435hi935jJ_STORM_the-open-networkhX4.png,1000000000,"{""the-open-network"":""EQBsosmcZrD6FHijA7qWGLw5wo_aH8UN435hi935jJ_STORM""}",18
cortensor,COR,Cortensor,cortensor,cortensorsV0.png,1000000000,"{""ethereum"":""0x8e0eef788350f40255d86dfe8d91ec0ad3a4547f"",""base"":""0xe30c0801a516f0c67ebc0c4b45ffa7dcbd72ea9a""}",18
ast-spacemobile-bstocks-tokenized-stock,ASTSB,AST SpaceMobile (bStocks Tokenized Stock),ast-spacemobile-bstocks-tokenized-stock,ast-spacemobile-bstocks-tokenized-stockfGp.png,23075,"{""binance_smart"":""0x58b6f5feeb8436489f5bf4a56619092b1fa8e777""}",18
thunder-token,TT,ThunderCore,thunder-token,ThunderCoreXskla.png,14663209775,"{""ethereum"":""0x1e053d89e08c24aa2ce5c5b4206744dc2d7bd8f5""}",18
alienbase,ALB,Alien Base,alienbase,alienbase68P.png,482416301,"{""base"":""0x1dd2d631c92b1acdfcdd51a0f7145a50130050c4""}",18
AxriehR6Xw3adzHopnvMn7GcpRFcD41ddpiTWMg6pump_solana,JAILSTOOL,Stool Prisondente,stool-prisondente,AxriehR6Xw3adzHopnvMn7GcpRFcD41ddpiTWMg6pump_solana7gv.png,999853822,"{""solana"":""AxriehR6Xw3adzHopnvMn7GcpRFcD41ddpiTWMg6pump""}",18
synatra-staked-sol,YSOL,Synatra Staked SOL,synatra-staked-sol,synatra-staked-solTiB.png,5817,"{""solana"":""yso11zxLbHA3wBJ9HAtVu6wnesqz9A2qxnhxanasZ4N""}",18
GvUCjmWSXA5hrTh9smmNA1AU55YCtP9mDLQcrKA1pump_solana,WSOLP,WSOP Fantasy Poker,wsop-fantasy-poker,wsop-fantasy-poker5BS.png,999988604,"{""solana"":""GvUCjmWSXA5hrTh9smmNA1AU55YCtP9mDLQcrKA1pump""}",18
tontoken,TON,TON Community,tontoken,tontokenlhB.png,400000000,"{""ethereum"":""0x6a6c2ada3ce053561c2fbc3ee211f23d9b8c520a""}",18
ishares-silver-trust-robinhood-tokenized-stock,SLV,iShares Silver Trust • Robinhood Token,ishares-silver-trust-robinhood-tokenized-stock,ishares-silver-trust-robinhood-tokenized-stocksDz.png,24521,"{""robinhood"":""0x411efb0e7f985935daec3d4c3ebaea0d0ad7d89f""}",18
og-roaring-kitty,ROAR,Roaring Kitty,og-roaring-kitty,og-roaring-kittyUIo.png,1000000000,"{""ethereum"":""0xd8c978de79e12728e38aa952a6cb4166f891790f"",""shibarium"":""0xd1cb43c9d1859e57057770cb9ed0398736ad9d6f"",""solana"":""2nhStpBLy7umUR9NfhvurKoeTf4BJV5ui6Z5sHA3jaZf""}",18
6ogzHhzdrQr9Pgv6hZ2MNze7UrzBMAFyBBWUYp1Fhitx_solana,RETARDIO,RETARDIO,retardio,retardioYgp.png,999741586,"{""solana"":""6ogzHhzdrQr9Pgv6hZ2MNze7UrzBMAFyBBWUYp1Fhitx""}",18
blockdag,BDAG,BlockDAG,blockdag,blockdagFys.png,104896530573,,
abbott-ondo-tokenized-stock,ABTON,Abbott (Ondo Tokenized Stock),abbott-ondo-tokenized-stock,abbott-ondo-tokenized-stock6yh.png,13491,"{""ethereum"":""0x3859385363f7bb4dfe42811ccf3f294fcd41dd1d"",""binance_smart"":""0x5a20886b575058dd7299785f0ea9b1172942a3e0"",""solana"":""129gRoHKhVg7CvPMrqVsEB4uYZo6zV4yDZX6NBg9ondo""}",18
cypherium,CPH,Cypherium,cypherium,cypheriumwmd.png,6828000000,,
unichain-bridged-wbtc-unichain-2,WBTC,Unichain Bridged WBTC (Unichain),unichain-bridged-wbtc-unichain-2,unichain-bridged-wbtc-unichain-2HKQ.png,15.6618,"{""unichain"":""0x927b51f251480a681271180da4de28d44ec4afb8""}",18
layerzero-usdc,LZUSDC,LayerZero Bridged USDC (Fantom),layerzero-usdc,layerzero-usdc71a.png,1330274,"{""fantom"":""0x28a92dde19d9989f39a49905d7c9c2fac7799bdf""}",18
wall-street-pepe,WEPE,Wall Street Pepe,wall-street-pepe,wall-street-pepedBj.png,194708125999,"{""ethereum"":""0xccb365d2e11ae4d6d74715c680f56cf58bf4bf10""}",18
0xf1e9baa65d418a9025e1851dd2d37f1ad208bba3_base,RATSPEAK,Ratspeak,ratspeak,ratspeak2pQ.png,95999995238,"{""base"":""0xf1e9baa65d418a9025e1851dd2d37f1ad208bba3""}",18
alto-dusd,DUSD,Alto DUSD,alto-dusd,alto-dusdfuc.png,1323765,"{""ethereum"":""0x63d74d22e689c715a04f2c13962b1f77f443d35b""}",18
wrapped-hlp,WHLP,Wrapped HLP,wrapped-hlp,wrapped-hlpDW3.png,1235452,"{""hyperevm"":""0x1359b05241ca5076c9f59605214f4f84114c0de8""}",18
neemo-staked-astar,NSASTR,Neemo Staked Astar,neemo-staked-astar,neemo-staked-astarfNc.png,204345785,"{""soneium"":""0xc67476893c166c537afd9bc6bc87b3f228b44337""}",18
core-2,CORE,Core,core-2,core-23ja.png,997167247,"{""solana"":""4FdojUmXeaFMBG6yUaoufAC5Bz7u9AwnSAMizkx5pump""}",18
0xa7f7d14618271b720609c45e7ae9e09f7dea01ae_base,BETTER,BETTER,better,betteruyl.png,709001940,"{""base"":""0x396ffad9469e3d3e3fc4061b79acce2ad0ce4b9e""}",18
arai,AA,Arai,arai,araifMN.png,1000000000,"{""binance_smart"":""0x01bf3d77cd08b19bf3f2309972123a2cca0f6936""}",18
sk-hynix-ondo-tokenized,SKHYON,SK Hynix (Ondo Tokenized),sk-hynix-ondo-tokenized,sk-hynix-ondo-tokenizedtC5.png,6829,"{""ethereum"":""0xc0fe36f4ffbdf1b38e192215073590a68f9a2af7"",""binance_smart"":""0x4268f2bfb23a7496504aa5ed1ee325248586299f"",""solana"":""Huyb2fyDDjSuDKCRWsN9ci2rmcgPo6NFiLbx9ZDondo""}",18
saveplanetearth,SPE,SavePlanetEarth,saveplanetearth,saveplanetearthY9j.png,589507930,"{""ethereum"":""0x4b91dfa774acde7ed70e93a6438363feaaa40f54""}",18
ondo-magnificent-7-and-crypto-portfolio,MAG7XON,Ondo Magnificent 7 and Crypto Portfolio,ondo-magnificent-7-and-crypto-portfolio,ondo-magnificent-7-and-crypto-portfolioSWb.png,240400,"{""ethereum"":""0xee69f45715bfa6a4cffe2bb7e0d71093b9d58705"",""binance_smart"":""0x50436ec45316a98e72b03ead5752e8543f11ec09""}",18
H2c31USxu35MDkBrGph8pUDUnmzo2e4Rf4hnvL2Upump_solana,SHOGGOTH,Shoggoth,shoggoth,H2c31USxu35MDkBrGph8pUDUnmzo2e4Rf4hnvL2Upump_solanaiSq.png,999961763,"{""solana"":""H2c31USxu35MDkBrGph8pUDUnmzo2e4Rf4hnvL2Upump""}",18
blox-myrc,MYRC,Blox MYRC,blox-myrc,blox-myrcDMz.png,5310799,"{""arbitrum-one"":""0x3ed03e95dd894235090b3d4a49e0c3239edce59e"",""solana"":""myrcAs6bpP2g5oGHZ3qpgrfZQAFkbo9KUHdqYDXMjGv"",""base"":""0x3ed03e95dd894235090b3d4a49e0c3239edce59e""}",18
0x292fcdd1b104de5a00250febba9bc6a5092a0076_ethereum,HASHAI,HashAI,hashai,hashaiirc.png,89225330261,"{""ethereum"":""0x292fcdd1b104de5a00250febba9bc6a5092a0076""}",18
ember-earn,EEARN,Ember Earn,ember-earn,ember-earnt0u.png,1250000,"{""sui"":""0x34469c8accdd673df02600265cbbad3688577f0e716866e257f88d448d463492::eearn::EEARN""}",18
orcib,PALMO,ORCIB,orcib,orcibMYR.png,3124999774,"{""solana"":""4WtkHh1Gwgd5dc9cfqSY54U2fUZHbNzVLbrmrbvFMGhq""}",18
0x51fb76be80ab6daaa345d818f4e06441816b4fea_robinhood,NASDANQ,NASDANQ,nasdanq,0x51fb76be80ab6daaa345d818f4e06441816b4fea_robinhoodDvv.png,999999966,"{""robinhood"":""0x51fb76be80ab6daaa345d818f4e06441816b4fea""}",18
dogz,DOGZ,Dogz,dogz,Dogz2xbGJ.png,100000000000,"{""ethereum"":""0x82a77710495a35549d2add797412b4a4497d33ef""}",18
runecoin,RSIC,RSIC•GENESIS•RUNE,runecoin,runecoinfOx.png,21000000000,,
6yjNqPzTSanBWSa6dxVEgTjePXBrZ2FoHLDQwYwEsyM6_solana,CHUD,Chudjak,chudjak,chudjakEAI.png,926934675,"{""solana"":""6yjNqPzTSanBWSa6dxVEgTjePXBrZ2FoHLDQwYwEsyM6""}",18
argentine-football-association-fan-token,ARG,Argentine Football Association Fan Token,argentine-football-association-fan-token,argentine-football-association-fan-tokenW2V.png,19751219,"{""chiliz"":""0x4394886b1eec08fe88681462914702dc99d97eb7"",""solana"":""BX8VbHBf8DUHeGJjJsSW2HCviGyQSF5SVCEnN7vXUkwM"",""base"":""0xb2798c409e58db6be0998cd9bf8ab8081bc949a4""}",18
0xfd82d8db539b6ace0d50815845133767e24f1e18_robinhood,ASTEROID,ASTEROID,asteroid-3,asteroid-3L4h.png,1000000000,"{""robinhood"":""0xfd82d8db539b6ace0d50815845133767e24f1e18""}",18
vitarna,VITARNA,VitaRNA,vitarna,vitarnaUhO.png,5000000,"{""ethereum"":""0x7b66e84be78772a3afaf5ba8c1993a1b5d05f9c2"",""base"":""0x2b09be2a00cfc7787d0e3ec332d514f9a43a6469""}",18
mintlayer,ML,Mintlayer,mintlayer,mintlayerG0u.png,400000000,"{""ethereum"":""0x059956483753947536204e89bfad909e1a434cc6""}",18
adamant-messenger,ADM,ADAMANT Messenger,adamant-messenger,adamant-messengerhWh.png,114640365,,
napoli-fan-token,NAP,Napoli Fan Token,napoli-fan-token,napoli-fan-tokenwvz.png,9995000,"{""chiliz"":""0x90593e9602b38a0d5b63d9f34ac3560798cee7d4"",""solana"":""BjXGwMnWWUkS9JrXEkkamszu4oX8oqo3kNqFr3ifNk1F"",""base"":""0x91870860d41d51263255d93afcd6cb6a2c2d9cab""}",18
dogegf,DOGEGF,DogeGF,dogegf,dogegfCPP.png,0,"{""ethereum"":""0xfb130d93e49dca13264344966a611dc79a456bc5"",""polygon-pos"":""0x0e7252706393470ffb0629da2caa39fc9340f2d4"",""base"":""0x881ed0fcef78120a135ec6cc66cef2779fe95bba""}",18
5SVG3T9CNQsm2kEwzbRq6hASqh1oGfjqTtLXYUibpump_solana,SIGMA,Sigma,sigma,5SVG3T9CNQsm2kEwzbRq6hASqh1oGfjqTtLXYUibpump_solanaX8K.png,899682056,"{""solana"":""5SVG3T9CNQsm2kEwzbRq6hASqh1oGfjqTtLXYUibpump""}",18
gauntlet-weth-balanced,GTWETHB,Gauntlet WETH Balanced,gauntlet-weth-balanced,gauntlet-weth-balancedb4H.png,462.4188,"{""ethereum"":""0x5f342382d5f77f0f99e8f26161e689df6c7cded3""}",18
0xc0d3700000987c99b3c9009069e4f8413fd22330_base,CDXUSD,Cod3x USD,cod3x-usd,cod3x-usd8hK.png,6150000,"{""base"":""0xc0d3700000987c99b3c9009069e4f8413fd22330""}",18
hoppy-meme,HOPPY,Hoppy,hoppy-meme,hoppy-meme2WB.png,420690000000,"{""ethereum"":""0x6e79b51959cf968d87826592f46f819f92466615""}",18
eth0,ETH0,Usual ETH,eth0,eth0Mr7.png,736.9063,"{""ethereum"":""0x734eec7930bc84ec5732022b9eb949a81fb89abe""}",18
zauthx402,ZAUTH,Zauthx402,zauthx402,zauthx402Hmf.png,994498430,"{""solana"":""DNhQZ1CE9qZ2FNrVhsCXwQJ2vZG8ufZkcYakTS5Jpump""}",18
froth,FROTH,Froth,froth,frothP6u.png,978835413,"{""flow-evm"":""0xb73bf8e6a4477a952e0338e6cc00cc0ce5ad04ba"",""abstract"":""0x5e1f9a9bd16deb2a44c9723a72d99f759a30d907""}",18
gochain,GO,GoChain,gochain,GoChainEMKrj.png,1362946359,"{""base"":""0x845f4fbf04d03958be38ff91e43dfb5d40dd8241""}",18
stratovm,SVM,StratoVM,stratovm,stratovm6PG.png,100000000,"{""ethereum"":""0x2bc46eb4ae80ddd9c8a6e064c74327c8244d88e2"",""solana"":""9BpQUsVpGSBXX3fwi3U5Re12pufkiooxvVvoDCitFbJ5""}",18
stablr-euro,EURR,StablR Euro,stablr-euro,stablr-euroSix.png,17143033,"{""ethereum"":""0x50753cfaf86c094925bf976f218d043f8791e408""}",18
wrapped-spacex-xstock,WSPCXX,Wrapped SpaceX xStock,wrapped-spacex-xstock,wrapped-spacex-xstockX0a.png,8060,"{""x-layer"":""0x8e2eed8b8b5e13ea7bf38e50d7821d2c57309072""}",18
0x17d70172c7c4205bd39ce80f7f0ee660b7dc5a23_base,DIME,Dimes,dimes,0x17d70172c7c4205bd39ce80f7f0ee660b7dc5a23_basexrQ.png,100000000000,"{""base"":""0x17d70172c7c4205bd39ce80f7f0ee660b7dc5a23""}",18
0xd55210bb6898c021a19de1f58d27b71f095921ee_ethereum,CHKN,Chickencoin,chickencoin,chickencoinGIi.png,69000000000000,"{""ethereum"":""0xd55210bb6898c021a19de1f58d27b71f095921ee""}",18
8wxkvAfEns76yBzu4MnbV7VnXWjg3iDPA9uwAQ6cpump_solana,SOLANGELES,SolAngeles,solangeles,solangelesGe7.png,998790207,"{""solana"":""8wxkvAfEns76yBzu4MnbV7VnXWjg3iDPA9uwAQ6cpump""}",18
taiwan-semiconductor-manufacturing-robinhood-tokenized-stock,TSM,Taiwan Semiconductor Manufacturing • Robinhood Token,taiwan-semiconductor-manufacturing-robinhood-tokenized-stock,taiwan-semiconductor-manufacturing-robinhood-tokenized-stockuxf.png,2690,"{""robinhood"":""0x58ffe4a942d3885baa22d7520691f611ef09e7aa""}",18
lumentum-holdings-bstocks-tokenized-stock,LITEB,Lumentum Holdings (bStocks Tokenized Stock),lumentum-holdings-bstocks-tokenized-stock,lumentum-holdings-bstocks-tokenized-stockgUL.png,1166,"{""binance_smart"":""0x64748bea17b6d19e242adf20425de2440c656142""}",18
xbtc-2,XBTC,xBTC,xbtc-2,xbtc-2M9O.png,1239809,"{""hyperevm"":""0x97df58ce4489896f4ec7d16b59b64ad0a56243a8""}",18
staked-tenbin-brazilian-real,STBRL,Staked Tenbin Brazilian Real,staked-tenbin-brazilian-real,staked-tenbin-brazilian-realcaI.png,6235624,"{""ethereum"":""0xdab276f6e19ccc54ca5aaa2645a94087ca776a3f""}",18
base-god,TYBG,Base God,base-god,base-godSWk.png,122930346535,"{""base"":""0x0d97f261b1e88845184f678e2d1e7a98d9fd38de""}",18
tharwa-usd,THUSD,Tharwa USD,tharwa-usd,tharwa-usdD4F.png,3632210,"{""ethereum"":""0x76972f054ab43829064d31ff5f3acc5fabe57fe8""}",18
moon-tropica,CAH,Moon Tropica,moon-tropica,moon-tropicaupP.png,35000000,"{""ethereum"":""0x8e0e57dcb1ce8d9091df38ec1bfc3b224529754a""}",18
atehun,ATEHUN,ATEHUN,atehun,atehunqFp.png,907807,"{""hyperliquid"":""0xbebb35d03b83a302a2aa06dbaa67dd9f""}",18
wrapped-usdm,WUSDM,Wrapped USDM,wrapped-usdm,wrapped-usdmbgY.png,1166513,"{""ethereum"":""0x57f5e098cad7a3d1eed53991d4d66c45c9af7812"",""manta-pacific"":""0xbdad407f77f44f7da6684b416b1951eca461fb07"",""polygon-pos"":""0x57f5e098cad7a3d1eed53991d4d66c45c9af7812"",""optimistic-ethereum"":""0x57f5e098cad7a3d1eed53991d4d66c45c9af7812"",""arbitrum-one"":""0x57f5e098cad7a3d1eed53991d4d66c45c9af7812"",""base"":""0x57f5e098cad7a3d1eed53991d4d66c45c9af7812"",""zksync"":""0xa900cbe7739c96d2b153a273953620a701d5442b"",""avalanche"":""0x57f5e098cad7a3d1eed53991d4d66c45c9af7812"",""celo"":""0x57f5e098cad7a3d1eed53991d4d66c45c9af7812""}",18
0x767a739d1a152639e9ea1d8c1bd55fdc5b217d7f_base,VEIL,Veil Token,veil-token,0x767a739d1a152639e9ea1d8c1bd55fdc5b217d7f_baseifK.png,79999984,"{""base"":""0x767a739d1a152639e9ea1d8c1bd55fdc5b217d7f""}",18
0xc325b7e2736a5202bd860f5974d0aa375e57ede5_abstract,ABSTER,Abster,abster,0xc325b7e2736a5202bd860f5974d0aa375e57ede5_abstractgNS.png,990486748,"{""abstract"":""0xc325b7e2736a5202bd860f5974d0aa375e57ede5""}",18
gork,GORK,@gork,gork,gorkTOP.png,999937895,"{""solana"":""76EDL5qNcte2ZH29quTaFzagXjWAEY83CATEjyA6pump""}",18
hoge-finance,HOGE,Hoge Finance,hoge-finance,hoge-financeOgz.png,388754373442,"{""ethereum"":""0xfad45e47083e4607302aa43c65fb3106f1cd7607"",""binance_smart"":""0xa4fffc757e8c4f24e7b209c033c123d20983ad40"",""solana"":""74gUPK636nrieDT9kLSgF1peWg5BB7itNkjF2BkMDwZj"",""base"":""0xdf690c65d067035364a58369c26820d3696d7799""}",18
hyperchainx,HPX,HyperChainX,hyperchainx,hyperchainxTgj.png,1000000000,"{""binance_smart"":""0x5b3829ebdf126fadf69b829bbc000e5c749265af""}",18
0x3333b97138d4b086720b5ae8a7844b1345a33333_sonic,SHADOW,Shadow,shadow-2,0x3333b97138d4b086720b5ae8a7844b1345a33333_sonicONC.png,4085277,"{""sonic"":""0x3333b97138d4b086720b5ae8a7844b1345a33333""}",18
jd-com-ondo-tokenized-stock,JDON,JD.com (Ondo Tokenized Stock),jd-com-ondo-tokenized-stock,jd-com-ondo-tokenized-stock9fE.png,46977,"{""ethereum"":""0xdeb6b89088ca9b7d7756087c8a0f7c6df46f319c"",""binance_smart"":""0xe92be960ae64f6a914ca77014cac9e56de7f36c1"",""solana"":""E1aUS5nyv7kaBzdQzPVJW5zfaMgoUJpKYzdnFS2ondo""}",18
bombcrypto-coin,BCOIN,Bomb Crypto (POL),bombcrypto-coin,bombcrypto-coinXEx.png,96266327,"{""polygon-pos"":""0xb2c63830d4478cb331142fac075a39671a5541dc""}",18
binance-peg-firo,FIRO,Binance-Peg Firo,binance-peg-firo,binance-peg-firobjZ.png,707443,"{""binance_smart"":""0xd5d0322b6bab6a762c79f8c81a0b674778e13aed""}",18
EN2nnxrg8uUi6x2sJkzNPd2eT6rB9rdSoQNNaENA4RZA_solana,SQUIRE,Pod the Squire,pod-the-squire,pod-the-squire1nf.png,999816330,"{""solana"":""EN2nnxrg8uUi6x2sJkzNPd2eT6rB9rdSoQNNaENA4RZA""}",18
siaprime-coin,SCP,ScPrime,siaprime-coin,siaprime-coinrJ5.png,56747055,"{""solana"":""5sMyPtYRcrEVt27DW3xhGVVha3zCXLv4caVt88PXjBgV""}",18
0x9cb41fd9dc6891bae8187029461bfaadf6cc0c69_base,NOICE,noice,noice,0x9cb41fd9dc6891bae8187029461bfaadf6cc0c69_baseGk4.png,100000000000,"{""base"":""0x9cb41fd9dc6891bae8187029461bfaadf6cc0c69""}",18
401jk,401JK,401jK,401jk,401jksKi.png,999339601,"{""solana"":""Cz7LGKdZPpAxonXx23ZYPW3RtDQvjcf17ZDCZEzFpump""}",18
xtusd,XTUSD,XT Stablecoin XTUSD,xtusd,xtusduTa.png,32800030,,
0x0cbf291ba052174879d90bf781df1a5f2bc5bb07_base,BOAR,boar,boar,0x0cbf291ba052174879d90bf781df1a5f2bc5bb07_base2Xi.png,100000000000,"{""base"":""0x0cbf291ba052174879d90bf781df1a5f2bc5bb07""}",18
0x11b70d0243baf75e85ce03201a92b5b7c33beb59_robinhood,ROBIN,Robin the Frog,robin-the-frog,0x11b70d0243baf75e85ce03201a92b5b7c33beb59_robinhoodBbb.png,1000000000,"{""robinhood"":""0x11b70d0243baf75e85ce03201a92b5b7c33beb59""}",18
akita-inu-5,AKITA,Akita,akita-inu-5,akita-inu-5mNr.png,100000000,"{""ethereum"":""0x7def4573628021500c3207994935a51801fb56be""}",18
luckycoin,LKY,Luckycoin,luckycoin,luckycoinPhh.png,20000000,,
bomber-coin,BCOIN,Bomb Crypto (BNB),bomber-coin,bomber-coinq2j.png,99064205,"{""binance_smart"":""0x00e1656e45f18ec6747f5a8496fd39b50b38396d""}",18
shiba-inu-treat,TREAT,Shiba Inu Treat,shiba-inu-treat,shiba-inu-treat2ft.png,10000000000,"{""ethereum"":""0xa02c49da76a085e4e1ee60a6b920ddbc8db599f4""}",18
mastercard-ondo-tokenized-stock,MAON,Mastercard (Ondo Tokenized Stock),mastercard-ondo-tokenized-stock,mastercard-ondo-tokenized-stockRHU.png,2241,"{""ethereum"":""0xa29dc2102dfc2a0a4a5dcb84af984315567c9858"",""binance_smart"":""0x25ffda07f585c39848db6573e533d7585679c52d"",""solana"":""EsVHcyRxXFJCLMiuYLWhoDygrNe1BJGpYeZ17X7ondo""}",18
xxcoin,XX,XX Network,xxcoin,xxcoinKKA.png,950695222,"{""ethereum"":""0x171120219d3223e008558654ec3254a0f206edb2""}",18
0x0f7dc5d02cc1e1f5ee47854d534d332a1081ccc8_ethereum,ZEUS,Pepes Dog,pepes-dog,0x0f7dc5d02cc1e1f5ee47854d534d332a1081ccc8_ethereumT0N.png,420690000000000,"{""ethereum"":""0x0f7dc5d02cc1e1f5ee47854d534d332a1081ccc8""}",18
wells-fargo-ondo-tokenized-stock,WFCON,Wells Fargo (Ondo Tokenized Stock),wells-fargo-ondo-tokenized-stock,wells-fargo-ondo-tokenized-stock7IL.png,15041,"{""ethereum"":""0x4ad2118da8a65eaa81402a3d583fef6ee76bdf3f"",""binance_smart"":""0x629520dee1620def11596f84e85de9f1ff653012"",""solana"":""L6ZE5qCpVVSqLePz64CrwkgyWoPF9M7tB8BeFH4ondo""}",18
0xf49725118cb0707b8706ffffe895f3ab16da7777_binance_smart,B-MONEY,b-money,b-money-2,b-money-2Icc.png,1000000000,"{""binance_smart"":""0xf49725118cb0707b8706ffffe895f3ab16da7777""}",18
liquid-loans-usdl,USDL,Liquid Loans USDL,liquid-loans-usdl,liquid-loans-usdliyb.png,1231426,"{""pulsechain"":""0x0deed1486bc52aa0d3e6f8849cec5add6598a162""}",18
0x731814e491571a2e9ee3c5b1f7f3b962ee8f4870_base,VADER,Vader,vaderai-by-virtuals,vaderai-by-virtualsjaH.png,996739513,"{""base"":""0x731814e491571a2e9ee3c5b1f7f3b962ee8f4870""}",18
xdoge-2,XDOGE,XDOGE,xdoge-2,xdoge-2cZd.png,420000000000000,"{""ethereum"":""0xd2b274cfbf9534f56b59ad0fb7e645e0354f4941""}",18
0xc269d59a0d608ea0bd672f2f4616c372d8554444_binance_smart,CLIPX,ClipX,klipx-x-tips,0xc269d59a0d608ea0bd672f2f4616c372d8554444_binance_smart3DE.png,1000000000,"{""binance_smart"":""0xc269d59a0d608ea0bd672f2f4616c372d8554444""}",18
bitcoin-5,BTC.ℏ,Bitcoin.ℏ,bitcoin-5,bitcoin-5okh.png,21000000,"{""hedera-hashgraph"":""0.0.4873177"",""base"":""0x22833bd616fae02c369c40523c77f00ddeca5761"",""ethereum"":""0x1f7fd18926a9646f4ff62952706dfcaed7b544bb"",""arbitrum-one"":""0xed6c7a7b116876a4bf225cbf044681f070684fa5"",""avalanche"":""0x30c74769ea97c6454e2a4d4e9d2da947c64ca1e0"",""polygon-pos"":""0x79103b27fc21c81f7c6cb5caff78901b45a972d5"",""binance_smart"":""0x58b4591a3fd16041f28686098431b1374c3bb789""}",18
chateau-usd,CHUSD,Chateau USD,chateau-usd,chateau-usdhcg.png,1230459,"{""plasma"":""0x22222215d4edc5510d23d0886133e7ece7f5fdc1"",""hyperevm"":""0x2222227d90046f1483b3fb37990dea31fcabea02""}",18
0x0b3ae50babe7ffa4e1a50569cee6bdefd4ccaee0_base,WIRE,717ai by Virtuals,717ai-by-virtuals,0x0b3ae50babe7ffa4e1a50569cee6bdefd4ccaee0_baseDHT.png,957268693,"{""base"":""0x0b3ae50babe7ffa4e1a50569cee6bdefd4ccaee0""}",18
lookscoin,LOOK,LooksCoin,lookscoin,lookscoinOmS.png,1000000000,"{""binance_smart"":""0x73cba57ad8bc775a5345d9a0de2e90c74621d802""}",18
lit-protocol,LITKEY,Lit Protocol,lit-protocol,lit-protocol8Ih.png,1000000000,"{""ethereum"":""0x4d4eb0e8b160f6ebf63cc6d36060ffec09301b42"",""base"":""0xf732a566121fa6362e9e0fbdd6d66e5c8c925e49"",""binance_smart"":""0x0bbea6812fb3fcbca126edb558e551b3f1702026"",""arbitrum-one"":""0xc7603786470f04d33e35f9e9b56bd0ca8803fb95""}",18
human-protocol,HMT,HUMAN Protocol,human-protocol,human-protocolS7p.png,1000000000,"{""ethereum"":""0xd1ba9bac957322d6e8c07a160a3a8da11a0d2867"",""polygon-pos"":""0xc748b2a084f8efc47e086ccddd9b7e67aeb571bf"",""binance_smart"":""0x711fd6ab6d65a98904522d4e3586f492b989c527"",""hyperevm"":""0x2749bc3291ba74c01ff9f81de4dcb109ebfee7c7""}",18
xl1,XL1,XL1,xl1,xl1BuC.png,38000000000,"{""ethereum"":""0xf72ae3e0da743033abd7a407557d684c1ae66aed""}",18
0xea237441c92cae6fc17caaf9a7acb3f953be4bd1_plume-network,WPLUME,Wrapped Plume,wrapped-plume,wrapped-plumeg8z.png,67718499,"{""plume-network"":""0xea237441c92cae6fc17caaf9a7acb3f953be4bd1""}",18
up-token-2,UP,uP Token,up-token-2,up-token-2vDr.png,21000000,"{""pulsechain"":""0x6813abe7d5c6e9218da15fa760e6ff1fde1ead52""}",18
green-satoshi-token,GST-SOL,STEPN Green Satoshi Token on Solana,green-satoshi-token,green-satoshi-tokenAN4.png,1157161857,"{""solana"":""AFbX8oGjGpmVFywbVouvhQSRmiW2aR1mohfahi4Y2AdB""}",18
oPAiAikWTaFj9RYoRFD35ccfwhnMcB3ThgBZRHSkjTZ_solana,TOPENAI,OpenAI (Tessera Pre-IPO),openai-tessera-pre-ipo,openai-tessera-pre-ipoQir.png,684.4998,"{""solana"":""oPAiAikWTaFj9RYoRFD35ccfwhnMcB3ThgBZRHSkjTZ""}",18
idexo-token,IDO,Idexo,idexo-token,idexo-tokenhAe.png,100000000,"{""ethereum"":""0xf9c53268e9de692ae1b2ea5216e24e1c3ad7cb1e"",""zksync"":""0xdea6d5161978d36b5c0fa6a491faa754f4bc809c""}",18
0x57912720381af14b0e5c87aa4718ed5e527eab60b3801ebf702ab09139e38b_starknet,WSTETH,Starknet Bridged wstETH (Starknet),starnet-bridged-wsteth-starknet,starnet-bridged-wsteth-starknetLWA.png,3330,"{""starknet"":""0x0057912720381af14b0e5c87aa4718ed5e527eab60b3801ebf702ab09139e38b""}",18
0xe4eeb461ad1e4ef8b8ef71a33694ccd84af051c4_linea,REX33,Etherex Liquid Staking Token,etherex-liquid-staking-token,etherex-liquid-staking-tokenzEf.png,108265294,"{""linea"":""0xe4eeb461ad1e4ef8b8ef71a33694ccd84af051c4""}",18
sapling,SAPLING,Sapling,sapling,saplingNf8.png,804216641,"{""solana"":""BZFYNPeQAEW3HWQ4DNsTVahC1n4ZjTgn6jB2nnBbB96W""}",18
defactor,REAL,Defactor,defactor,defactor26D.png,267951335,"{""ethereum"":""0xe0bceef36f3a6efdd5eebfacd591423f8549b9d5"",""polygon-pos"":""0xe0bceef36f3a6efdd5eebfacd591423f8549b9d5"",""binance_smart"":""0xdefac16715671b7b6aeefe012125f1e19ee4b7d7"",""base"":""0x0b0e6e32e4d69cb418630163574959108edcb80e""}",18
eli-lilly-robinhood-tokenized-stock,LLY,Eli Lilly • Robinhood Token,eli-lilly-robinhood-tokenized-stock,eli-lilly-robinhood-tokenized-stock7uf.png,1062,"{""robinhood"":""0x8005d266423c7ea827372c9c864491e5786600ea""}",18
blackcardcoin,BCCOIN,BlackCardCoin,blackcardcoin,blackcardcoinoO1.png,70000000,"{""binance_smart"":""0x450593bf7f2d7e559e38496cfb06bdce5e963795""}",18
hunt-2,HUNT,HUNT,hunt-2,hunt-2Hgw.png,49998775,"{""axiome-chain"":""axm1cdup3cyz9c39c3gujmf02zkp2krr7ysxs2t6ev04kt2rw80vjf5s6l4ut7""}",18
gini,GINI,GINI,gini,giniV92.png,2000000000,"{""polygon-pos"":""0xa1a39558718d6fa57c699dc45981e5a1b2e25d08""}",18
one-life-its-worth-an-attempt-2,WORTH,"one life, its worth an attempt",one-life-its-worth-an-attempt-2,one-life-its-worth-an-attempt-2Fid.png,1000000000,"{""robinhood"":""0xfb1bcb6817f7b8fa86896d3253b16aeb7bd6a5a8""}",18
binance-peg-iotex,IOTX,Binance-Peg IoTeX,binance-peg-iotex,binance-peg-iotex3u5.png,334499600,"{""binance_smart"":""0x9678e42cebeb63f23197d726b29b1cb20d0064e5""}",18
73xsLcBnLnc9bh81cqVKqj8uEyiarXng5ZwJuTbnVebG_solana,WUF,WUFFI,wuffi,wuffiwQR.png,82554246718935,"{""solana"":""73xsLcBnLnc9bh81cqVKqj8uEyiarXng5ZwJuTbnVebG"",""base"":""0x4da78059d97f155e18b37765e2e042270f4e0fc4""}",18
treecle,TRCL,Treecle,treecle,treecleaEO.png,996547634,"{""ethereum"":""0x0a9d68886a0d7db83a30ec00d62512483e5ad437"",""klay-token"":""0x4b91c67a89d4c4b2a4ed9fcde6130d7495330972""}",18
juris-protocol,JURIS,Juris Protocol,juris-protocol,juris-protocolWli.png,999142070627,"{""terra"":""terra1vhgq25vwuhdhn9xjll0rhl2s67jzw78a4g2t78y5kz89q9lsdskq2pxcj2"",""osmosis"":""ibc/46579C587A0B8CF8B0A1FF6B0EFA2082F11876578E47FC81A9CAAD31F424AF98""}",18
ocicat-token,OCICAT,OciCat Token,ocicat-token,ocicat-tokenxu3.png,671045023251896,"{""binance_smart"":""0xe53d384cf33294c1882227ae4f90d64cf2a5db70""}",18
pyth-eth,PYTHETH,Pyth ETH,pyth-eth,pyth-eth8Mv.png,463.7,"{""base"":""0x80d9964feb4a507dd697b4437fc5b25b618ce446""}",18
digitalbits,XDB,XDB CHAIN,digitalbits,DigitalBitsoAXhh.png,18765762572,"{""ethereum"":""0xb9eefc4b0d472a44be93970254df4f4016569d27""}",18
azen,AZEN,aZen,azen,azenncr.png,10000000000,"{""arbitrum-one"":""0x8a23fa9ca68226a1ea9fb2df42b9e87a1728381e""}",18
vanguard-s-p-500-etf-rstock,RVOO,Vanguard S&P 500 ETF Tokenized Stock (Reality),vanguard-s-p-500-etf-rstock,vanguard-s-p-500-etf-rstockMI7.png,1697,"{""arbitrum-one"":""0xf22182a5197f66f60b835d2220a561a375b29cc1"",""morph-l2"":""0xfd0e87b8bcb4003d2c0f7097ebe7ebd40f4dffbf""}",18
rocket-lab-rstock,RRKLB,Rocket Lab Tokenized Stock (Reality),rocket-lab-rstock,rocket-lab-rstockIwR.png,16168,"{""arbitrum-one"":""0xc18cd51b629960a9c73405eead4939f5b529f43c"",""morph-l2"":""0x472bcedd59ca2a3360ef73eb102c594bb768ad52""}",18
rome-stablecoin,ROME,ROME Stablecoin,rome-stablecoin,rome-stablecoinUmm.png,415016,"{""waves"":""AP4Cb5xLYGH6ZigHreCZHoXpQTWDkPsG2BHqfDUx6taJ""}",18
fust-token,FUST,FUST Token,fust-token,fust-tokenzd6.png,33000000000,"{""binance_smart"":""0x14b792a2d8252cf8fbfa5b8f29e3388576c33a31""}",18
goldman-sachs-ondo-tokenized-stock,GSON,Goldman Sachs (Ondo Tokenized Stock),goldman-sachs-ondo-tokenized-stock,goldman-sachs-ondo-tokenized-stockxag.png,1305,"{""ethereum"":""0xdb57d9c14e357fc01e49035a808779df41e9b4e2"",""binance_smart"":""0x0d4f9b25f81163fb4840ba4f434672543823000c"",""solana"":""BchJRy2snmhJZf3rQ9LJ3ePs2BGfYgfvQNo31d2ondo""}",18
dream-machine-token,DMT,Dream Machine Token,dream-machine-token,dream-machine-tokenWMa.png,995297,"{""arbitrum-one"":""0x8b0e6f19ee57089f7649a455d89d7bc6314d04e8"",""ethereum"":""0x0b7f0e51cd1739d6c96982d55ad8fa634dd43a9c""}",18
0x0d0b4a6fc6e7f5635c2ff38de75af2e96d6d6804_cronos,PACK,Wolfies,moonflow-2,0x0d0b4a6fc6e7f5635c2ff38de75af2e96d6d6804_cronosKcB.png,11277056911,"{""cronos"":""0x0d0b4a6fc6e7f5635c2ff38de75af2e96d6d6804""}",18
microsoft-rstock,RMSFT,Microsoft Tokenized Stock (Reality),microsoft-rstock,microsoft-rstocksys.png,2304,"{""arbitrum-one"":""0xda7c9549e87d4f96585701970acdcc90e8d35024"",""morph-l2"":""0x11a4d42b7af39c7ba1f11ded8b64b93bc2ed5297""}",18
boeing-ondo-tokenized-stock,BAON,Boeing (Ondo Tokenized Stock),boeing-ondo-tokenized-stock,boeing-ondo-tokenized-stocksuH.png,6145,"{""ethereum"":""0x57270d35a840bc5c094da6fbeca033fb71ea6ab0"",""binance_smart"":""0xf21132a811ad1a878e21af60f64d4e690c9daa42"",""solana"":""1YVZ4LGpq8CAhpdpm3mgy7GgPb83gJczCpxLUQ3ondo""}",18
hackenai,HAI,Hacken,hackenai,hackenair9l.png,1000000000,"{""ethereum"":""0x6403af1267cacc0714c1bd916b12f80e179c0558"",""binance_smart"":""0x582a560b9f8eaa5b6c889d7674532bcd61f066ec"",""vechain"":""0xacc280010b2ee0efc770bce34774376656d8ce14"",""base"":""0x7002987e5f63716273e77b51e12a578143c222aa""}",18
zerotrust,ZERØ,ZeroTrust,zerotrust,zerotrust7oq.png,1000000000,"{""pulsechain"":""0xf6703dbff070f231eed966d33b1b6d7ef5207d26""}",18
costco-ondo-tokenized-stock,COSTON,Costco (Ondo Tokenized Stock),costco-ondo-tokenized-stock,costco-ondo-tokenized-stocknXS.png,1294,"{""ethereum"":""0x0c8276e4fec072cf7854be69c70f7773d1610857"",""binance_smart"":""0x34375f826fd3dd4e15f883d4f4786bb45eb705ac"",""solana"":""6btaz134wjHkR8sqhAYrtSM6tavftfxnRvnyMd8ondo""}",18
unitedhealth-ondo-tokenized-stock,UNHON,UnitedHealth (Ondo Tokenized Stock),unitedhealth-ondo-tokenized-stock,unitedhealth-ondo-tokenized-stockbqj.png,3157,"{""ethereum"":""0x075756f3b6381a79633438faa8964946bf40163d"",""binance_smart"":""0x3385cb29cca0ac66f5d2354d13ef977b49a2510f"",""solana"":""kPBGL8vAwKN3UGmr9cjkM2dU79SC3nzTC9yu7F8ondo""}",18
9dLuVbJMd4ZpTpFgmaFHAGSsFwVjtcnzFWaLAA1expHg_solana,HEEHEE,HeeeHeee,heeeheee,heeeheeeI4s.png,772608909,"{""solana"":""9dLuVbJMd4ZpTpFgmaFHAGSsFwVjtcnzFWaLAA1expHg""}",18
elizaos,ELIZAOS,ElizaOS,elizaos,elizaosjbO.png,9376331781,"{""solana"":""DuMbhu7mvQvqQHGcnikDgb4XegXJRyhUBfdU22uELiZA"",""ethereum"":""0xea17df5cf6d172224892b5477a16acb111182478"",""base"":""0xea17df5cf6d172224892b5477a16acb111182478"",""binance_smart"":""0xea17df5cf6d172224892b5477a16acb111182478""}",18
arianee,ARIA20,Arianee,arianee,arianeeOt2.png,200000000,"{""ethereum"":""0xedf6568618a00c6f0908bf7758a16f76b6e04af9"",""polygon-pos"":""0x46f48fbdedaa6f5500993bede9539ef85f4bee8e""}",18
ethy-ai,ETHY,Ethy AI,ethy-ai,ethy-ailh6.png,1000000000,"{""base"":""0xc44141a684f6aa4e36cd9264ab55550b03c88643""}",18
loyal,LOYAL,Loyal,loyal,loyaluOE.png,20571715,"{""solana"":""LYLikzBQtpa9ZgVrJsqYGQpR3cC1WMJrBHaXGrQmeta""}",18
0x788d96f655735f52c676a133f4dfc53cec614d4a_fraxtal,DUSD,dTRINITY USD,dtrinity-usd,dtrinity-usdUxJ.png,1181061,"{""fraxtal"":""0x788d96f655735f52c676a133f4dfc53cec614d4a"",""sonic"":""0x53a6abb52b2f968fa80df6a894e4f1b1020da975"",""katana"":""0xca52d08737e6af8763a2bf6034b3b03868f24dda"",""ronin"":""0x0043a403ada6b63045112d7e979a057c82714fe7"",""ethereum"":""0x07fff99e1664d9b116fbc158c0e99785f81ca236""}",18
0xfe7e19cbce2f896c6c528bc355baf5a768291e18_robinhood,SPACEHOOD,SPACEHOOD,spacehood,spacehoodbvc.png,1000000000,"{""robinhood"":""0xfe7e19cbce2f896c6c528bc355baf5a768291e18""}",18
tensorplex-staked-tao,STTAO,Tensorplex Staked TAO,tensorplex-staked-tao,tensorplex-staked-taoFlc.png,6276,"{""ethereum"":""0xb60acd2057067dc9ed8c083f5aa227a244044fd6""}",18
take-two-interactive-software-robinhood-tokenized-stock,TTWO,Take-Two Interactive Software • Robinhood Token,take-two-interactive-software-robinhood-tokenized-stock,take-two-interactive-software-robinhood-tokenized-stockBcd.png,5762,"{""robinhood"":""0x5e81213613b6b86eab4c6c50d718d34359459786""}",18
0x282a69142bac47855c3fbe1693fcc4ba3b4d5ed6_ethereum,CARROT,Carrot by Puffer,carrot-by-puffer,carrot-by-pufferGLv.png,100000000,"{""ethereum"":""0x282a69142bac47855c3fbe1693fcc4ba3b4d5ed6""}",18
kaspy,KASPY,Kaspy,kaspy,kaspyw2Q.png,330939237394,"{""kasplex"":""KASPY (the Kaspa blockchain does not have smart contracts like Ethereum, meaning there is no \""contract address\"" in the same way. Instead, the KRC-20 tokens are based on a unique ticker system that identifies them within the network.)""}",18
big-pump,PUMP,Big Pump,big-pump,big-pumpxW7.png,4444444444444,"{""binance_smart"":""0x22b4fa9a13a0d303ad258ee6d62a6ac60364b0c9""}",18
btc-2x-flexible-leverage-index,BTC2X-FLI,BTC 2x Flexible Leverage Index,btc-2x-flexible-leverage-index,btc-2x-flexible-leverage-indexrnt.png,53008,"{""ethereum"":""0x0b498ff89709d3838a063f1dfa463091f9801c2b""}",18
south-korea-bull-3x-etf-bstocks-tokenized-stock,KORUB,South Korea Bull 3X ETF (bStocks Tokenized Stock),south-korea-bull-3x-etf-bstocks-tokenized-stock,south-korea-bull-3x-etf-bstocks-tokenized-stock0uU.png,51611,"{""binance_smart"":""0x1ffad32d69c5fead99f88c25ca0191edc3757636""}",18
crypto-com-bridged-dai-cronos,DAI,Crypto.com Bridged DAI (Cronos),crypto-com-bridged-dai-cronos,crypto-com-bridged-dai-cronosTpu.png,1167560,"{""cronos"":""0xf2001b145b43032aaf5ee2884e456ccd805f677d""}",18
shitzu,SHITZU,Shitzu,shitzu,shitzukVs.png,306242069,"{""aurora"":""0x68e401b61ea53889505cc1366710f733a60c2d41"",""near-protocol"":""token.0xshitzu.near"",""solana"":""AFbJW5rdaGidnF6o8ZqTtkDBpq3fotSBdJN8fGRN3VRS"",""base"":""0x473c1656373b3715805f647911e75aaa49c39813""}",18
oracle-rstock,RORCL,Oracle Tokenized Stock (Reality),oracle-rstock,oracle-rstockaZv.png,8215,"{""arbitrum-one"":""0x6b45804a1996365f774e87da6fa2debf1eb026ab"",""morph-l2"":""0x8fdb963ef90e76b14648270b5bc844230f2d7a12""}",18
0xf04d220b8136e2d3d4be08081dbb565c3c302ffd_base,FREYA,Freya Protocol,freya-by-virtuals,0xf04d220b8136e2d3d4be08081dbb565c3c302ffd_baseGxJ.png,548599911,"{""solana"":""AzVCECC5zr21ikYQne4Xtoh3SVg848duPHUHb3M7bonk"",""base"":""0xf04d220b8136e2d3d4be08081dbb565c3c302ffd""}",18
windoge98,EXE,Windoge98,windoge98,windoge98g7t.png,9945058,"{""internet-computer"":""rh2pm-ryaaa-aaaan-qeniq-cai""}",18
0x85eac631c800af804476b140f87039f742c28ba3_base,WOON,Woon,woon,woonAH8.png,100000000000,"{""base"":""0x85eac631c800af804476b140f87039f742c28ba3""}",18
stonk-fi,STONKFI,Stonk.Fi,stonk-fi,stonk-fiwWQ.png,940472969,"{""robinhood"":""0xbd4802d70448fb1d776683bebea592d66b623e29""}",18
everrise,RISE,EverRise,everrise,everriseJdG.png,71618033988,"{""ethereum"":""0xc17c30e98541188614df99239cabd40280810ca3"",""binance_smart"":""0xc17c30e98541188614df99239cabd40280810ca3"",""polygon-pos"":""0xc17c30e98541188614df99239cabd40280810ca3"",""avalanche"":""0xc17c30e98541188614df99239cabd40280810ca3"",""fantom"":""0xc17c30e98541188614df99239cabd40280810ca3""}",18
qubitcoin-2,QTC,Qubitcoin,qubitcoin-2,qubitcoin-2OsS.png,2308250,,
shadow-liquid-staking-token,X33,Shadow Liquid Staking Token,shadow-liquid-staking-token,shadow-liquid-staking-token7J9.png,356030,"{""sonic"":""0x3333111a391cc08fa51353e9195526a70b333333""}",18
truefi,TRU,TrueFi,truefi,truefi16l.png,1257020975,"{""ethereum"":""0x4c19596f5aaff459fa38b0f7ed92f11ae6543784""}",18
strategy-dinari-tokenized-stock,MSTR,Strategy (Dinari Tokenized Stock),strategy-dinari-tokenized-stock,strategy-dinari-tokenized-stock0nj.png,7207,"{""ethereum"":""0xcd08eb87d94bdb0957541a86e2252c81c0c8a9d1"",""base"":""0x5de98c65a9a3c414550e6663666bc725c23c2e7b"",""arbitrum-one"":""0xdf7a6ce3b9087251f5859f42ca79ce34f4a88460"",""avalanche"":""0x7944e6f238f13740121323f837f2f1022b38525e""}",18
0x83a49b808f8d5e02cb2931cd2352988f498e5ba3_robinhood,AGRIPPA,Agrippa,agrippa,agrippagFR.png,100000000000,"{""robinhood"":""0x83a49b808f8d5e02cb2931cd2352988f498e5ba3""}",18
neos-credits,NCR,Neos Credits,neos-credits,neos-creditstQA.png,50000000,"{""ethereum"":""0xdb5c3c46e28b53a39c255aa39a411dd64e5fed9c""}",18
wrapped-peaq,WPEAQ,Wrapped Peaq,wrapped-peaq,wrapped-peaq9u6.png,26680653,"{""peaq"":""0x3cd66d2e1fac1751b0a20bebf6ca4c9699bb12d7""}",18
gaiai,GAIX,GaiAI,gaiai,gaiainYQ.png,1000000000,"{""binance_smart"":""0xc12efb9e4a1a753e7f6523482c569793c2271dbb""}",18
baidu-ondo-tokenized-stock,BIDUON,Baidu (Ondo Tokenized Stock),baidu-ondo-tokenized-stock,baidu-ondo-tokenized-stockmYe.png,13702,"{""ethereum"":""0x9d4c6ad12b55e4645b585209f90cc26614061e91"",""binance_smart"":""0x467e59ce5d5fe01686d4a80dd1e1dae13549aa6c"",""solana"":""54CoRF2FYMZNJg9tS36xq5BUcLZ7rju1r59jGc2ondo""}",18
TAt4ufXFaHZAEV44ev7onThjTnF61SEaEM_tron,BULL,Tron Bull,tron-bull,TAt4ufXFaHZAEV44ev7onThjTnF61SEaEM_tron1r3.png,1000000000,"{""tron"":""TAt4ufXFaHZAEV44ev7onThjTnF61SEaEM""}",18
8Ki8DpuWNxu9VsS3kQbarsCWMcFGWkzzA8pUPto9zBd5_solana,LOCKIN,LOCK IN,lock-in,lock-in5CX.png,994379877,"{""solana"":""8Ki8DpuWNxu9VsS3kQbarsCWMcFGWkzzA8pUPto9zBd5""}",18
0xd1f2586790a5bd6da1e443441df53af6ec213d83_ethereum,LEDGER,Ledger AI,ledger-ai,0xd1f2586790a5bd6da1e443441df53af6ec213d83_ethereumH6P.png,3141592654,"{""ethereum"":""0xd1f2586790a5bd6da1e443441df53af6ec213d83""}",18
0x2d2d8449ec0bb78c497c36ffaac583dff4bd4444_binance_smart,MVP,CrypstocksAI,crypstocksai,0x2d2d8449ec0bb78c497c36ffaac583dff4bd4444_binance_smartgIe.png,1000000000,"{""binance_smart"":""0x2d2d8449ec0bb78c497c36ffaac583dff4bd4444""}",18
xfund,XFUND,xFUND,xfund,xfundAXm.png,9971,"{""ethereum"":""0x892a6f9df0147e5f079b0993f486f9aca3c87881"",""sora"":""0x007e908e399cc73f3dad9f02f9c5c83a7adcd07e78dd91676ff3c002e245d8e9""}",18
nokia-ondo-tokenized,NOKON,Nokia (Ondo Tokenized),nokia-ondo-tokenized,nokia-ondo-tokenizedxge.png,106574,"{""ethereum"":""0x01e7eaf05be1d0c2d1834fc65080188376026d07"",""binance_smart"":""0xe9518cb0010c717db69001f1418eff9e97330137"",""solana"":""amE2ANm5dyG6RTkJHdtzvWcuR8ChBZCEm5Jiqwdondo""}",18
hi-dollar,HI,hi Dollar,hi-dollar,hi-dollarxhk.png,100000000000,"{""ethereum"":""0xc4f6e93aeddc11dc22268488465babcaf09399ac"",""binance_smart"":""0x77087ab5df23cfb52449a188e80e9096201c2097""}",18
stbl-usst,USST,STBL USST,stbl-usst,stbl-usstHOP.png,1150089,"{""ethereum"":""0xf9d82660828d8f5d121b14a9dc9c677d91f60065""}",18
monkeys-2,MONKEYS,monKEYS,monkeys-2,monkeys-2m1q.png,71999922265,"{""solana"":""7TSCoke2mSZzAtyuRmzANf9virrnyv4xSUeaxUrKkLqw""}",18
advanced-micro-devices-rstock,RAMD,AMD Tokenized Stock (Reality),advanced-micro-devices-rstock,advanced-micro-devices-rstock0ea.png,1809,"{""arbitrum-one"":""0x3fde83d2d577f21f1c0f61c7a53f4f578f8d800f"",""morph-l2"":""0x7d221afb07957a27e52b60d99dcac18822ba6b75""}",18
sk-hynix-robinhood-token,SKYHY,SK Hynix • Robinhood Token,sk-hynix-robinhood-token,sk-hynix-robinhood-tokenelT.png,5903,"{""robinhood"":""0x84cab63bc87912e71ad199ff14a0ba45de68fef8""}",18
yolo-2,YOLO,YOLO,yolo-2,yolo-2b5Z.png,1000000000,"{""robinhood"":""0x62c71cd34a52c30d894419cbcc55db2afa8032ea""}",18
0x32a976482bf4154961bf20bfa3567a80122fdf8e8f8b28d752b609d8640f7846::miu::MIU_sui,MIU,MIU,miu-2,0x32a976482bf4154961bf20bfa3567a80122fdf8e8f8b28d752b609d8640f7846::miu::MIU_suiTV4.png,900000000000000,"{""sui"":""0x32a976482bf4154961bf20bfa3567a80122fdf8e8f8b28d752b609d8640f7846::miu::MIU""}",18
upx,UPX,uPX,upx,upxulg.png,51869001054,"{""pulsechain"":""0x664e58570e5835b99d281f12dd14d350315d7e2a""}",18
109_bittensor,SN109,Taoillium,taoillium,taoilliumRIH.png,1475017,"{""bittensor"":""109""}",18
6D7NaB2xsLd7cauWu1wKk6KBsJohJmP2qZH9GEfVi5Ui_solana,SC,Shark Cat,shark-cat,shark-catZZq.png,990199162,"{""solana"":""6D7NaB2xsLd7cauWu1wKk6KBsJohJmP2qZH9GEfVi5Ui"",""base"":""0x49d803d2df2295185610f44961f2dcd40326f25c""}",18
metis-bridged-weth-metis-andromeda,WETH,Metis Bridged WETH (Metis Andromeda),metis-bridged-weth-metis-andromeda,metis-bridged-weth-metis-andromedaanC.png,422.823,"{""metis-andromeda"":""0x420000000000000000000000000000000000000a""}",18
meta-platforms-bstocks-tokenized-stock,METAB,Meta Platforms (bStocks Tokenized Stock),meta-platforms-bstocks-tokenized-stock,meta-platforms-bstocks-tokenized-stockG6z.png,1560,"{""binance_smart"":""0x7425889fe94f9d693e8daefe88bcced6acfef4c0""}",18
solo-coin,SOLO,Sologenic,solo-coin,1589986480326.png,151494979,"{""binance_smart"":""0xc2c28b58db223da89b567a0a98197fc17c115148"",""xrp"":""534F4C4F00000000000000000000000000000000.rsoLo2S1kiGeCcn6hCUXVrCpGMWLrRrLZz""}",18
contango,TANGO,Contango,contango,contango3PG.png,1000000000,"{""arbitrum-one"":""0xc760f9782f8cea5b06d862574464729537159966""}",18
0x4cb85e39d5622af604405077a589c3078f3a59b2_avalanche,CROC,Crocodile Finance,crocodile-finance,0x4cb85e39d5622af604405077a589c3078f3a59b2_avalancheYFG.png,113927,"{""avalanche"":""0x4cb85e39d5622af604405077a589c3078f3a59b2""}",18
kohenoor-2,KEN,Kohenoor,kohenoor-2,kohenoor-2DBq.png,101966,"{""ethereum"":""0x5f602133653237f362eb69826ba8237f4f7ab0c3""}",18
0x87669801a1fad6dad9db70d27ac752f452989667_x-layer,NIUMA,Niuma,niuma,niumaSlp.png,973093235,"{""x-layer"":""0x87669801a1fad6dad9db70d27ac752f452989667"",""binance_smart"":""0xc01a2e136f92772eecab15eb054e8f6fa06b7777""}",18
red-hare-coin,RHC,Red Hare Coin,red-hare-coin,red-hare-coinPwn.png,1000000000,"{""binance_smart"":""0x8ea350c0a5cd5247647b312515fe21e0fe597777""}",18
xido-finance,XIDO,Xido Finance,xido-finance,xido-financeU40.png,100000000,"{""ethereum"":""0xf6650117017ffd48b725b4ec5a00b414097108a7"",""binance_smart"":""0x3764bc0de9b6a68c67929130aaec16b6060cab8c""}",18
giant-token,GTAN,Giant Token,giant-token,giant-tokenmR6.png,370232637675868,"{""binance_smart"":""0xbd7909318b9ca4ff140b840f69bb310a785d1095""}",18
panther,ZKP,Panther Protocol,panther,pantheryHh.png,434505626,"{""ethereum"":""0x909e34d3f6124c324ac83dcca84b74398a6fa173"",""polygon-pos"":""0x9a06db14d639796b25a6cec6a1bf614fd98815ec"",""base"":""0x0a776c1c22b8b8e7eab346744daa33722b80fda4""}",18
trufin-staked-inj,TRUINJ,TruFin Staked INJ,trufin-staked-inj,trufin-staked-inj09y.png,125736,"{""injective"":""inj1x997dy6ka7y8u0r56yk2k83llspy33yet9zcnq""}",18
stake-dao-fxn,SDFXN,Stake DAO FXN,stake-dao-fxn,stake-dao-fxnVJr.png,33832,"{""ethereum"":""0xe19d1c837b8a1c83a56cd9165b2c0256d39653ad""}",18
0x13c0ff45d019a5888db92631f18556211001883d_cronos,EOP,EXCELLENCE,president-platy,president-platy2iO.png,1000000000,"{""cronos"":""0x13c0ff45d019a5888db92631f18556211001883d""}",18
anchored-coins-eur,AEUR,Anchored Coins AEUR,anchored-coins-eur,anchored-coins-eurCjH.png,983182,"{""ethereum"":""0xa40640458fbc27b6eefedea1e9c9e17d4cee7a21"",""binance_smart"":""0xa40640458fbc27b6eefedea1e9c9e17d4cee7a21""}",18
axiome,AXM,Axiome,axiome,axiomeTyM.png,985958235,,
uwon,UWON,UWON,uwon,uwonD70.png,10000000,"{""near-protocol"":""438e48ed4ce6beecf503d43b9dbd3c30d516e7fd.factory.bridge.near"",""ethereum"":""0x438e48ed4ce6beecf503d43b9dbd3c30d516e7fd"",""aurora"":""0x5172c657bcb6a8331cec033369b20c789acb9940""}",18
strive-series-a-preferred-dinari-tokenized-stock,SATA,Strive Series A Preferred (Dinari Tokenized Stock),strive-series-a-preferred-dinari-tokenized-stock,strive-series-a-preferred-dinari-tokenized-stockUbB.png,11218,"{""ethereum"":""0xc445d35f74f8cd24a596d4db8228840d0a938f6d"",""base"":""0xc445d35f74f8cd24a596d4db8228840d0a938f6d"",""arbitrum-one"":""0xc445d35f74f8cd24a596d4db8228840d0a938f6d"",""avalanche"":""0xc445d35f74f8cd24a596d4db8228840d0a938f6d""}",18
paypal-ondo-tokenized-stock,PYPLON,PayPal (Ondo Tokenized Stock),paypal-ondo-tokenized-stock,paypal-ondo-tokenized-stock3b0.png,20872,"{""ethereum"":""0x4efd92f372898b57f292de69fce377dd7d912bdd"",""binance_smart"":""0x374d03a6c0d5bd4be0a5117ebe1b49d52ac8a53f"",""solana"":""hM7B3UQTTR81mS27SxDDPzBbjejmo8fnpFjzgv9ondo""}",18
kompete,KOMPETE,KOMPETE,kompete,kompetea3u.png,850514610,"{""ethereum"":""0x1e0b2992079b620aa13a7c2e7c88d2e1e18e46e9"",""base"":""0x8f019931375454fe4ee353427eb94e2e0c9e0a8c""}",18
goldenboys,GOLD,GoldenBoys,goldenboys,goldenboyswpX.png,1000000,"{""base"":""0xbefd5c25a59ef2c1316c5a4944931171f30cd3e4"",""arbitrum-one"":""0x8b5e4c9a188b1a187f2d1e80b1c2fb17fa2922e1"",""ethereum"":""0x9deb0fc809955b79c85e82918e8586d3b7d2695a""}",18
0x0c41f1fc9022feb69af6dc666abfe73c9ffda7ce_base,BTCB,Bitcoin on Base,bitcoin-on-base,bitcoin-on-basehoI.png,15622877,"{""base"":""0x0c41f1fc9022feb69af6dc666abfe73c9ffda7ce""}",18
0xcab84bc21f9092167fcfe0ea60f5ce053ab39a1e_ethereum,BLOCK,Block,block-4,0xcab84bc21f9092167fcfe0ea60f5ce053ab39a1e_ethereum5ME.png,1000000000,"{""ethereum"":""0xcab84bc21f9092167fcfe0ea60f5ce053ab39a1e""}",18
dacat,DACAT,daCat,dacat,dacatBtK.png,403085515078811,"{""ethereum"":""0x814a870726edb7dfc4798300ae1ce3e5da0ac467""}",18
skey-network,SKEY,Skey Network,skey-network,skey-networkGh1.png,1000000000,"{""ethereum"":""0x06a01a4d579479dd5d884ebf61a31727a3d8d442""}",18
sigmadotmoney,SIGMA,SigmaDotMoney,sigmadotmoney,sigmadotmoneyPQS.png,1000000000,"{""binance_smart"":""0x85375d3e9c4a39350f1140280a8b0de6890a40e7""}",18
accenture-ondo-tokenized-stock,ACNON,Accenture (Ondo Tokenized Stock),accenture-ondo-tokenized-stock,accenture-ondo-tokenized-stockB2Z.png,5407,"{""ethereum"":""0xaba9ae731aad63335c604e5f6e6a5db2e05f549d"",""binance_smart"":""0x7af44d51d1fb88c5b74fc71d3cba649bb8099d14"",""solana"":""12LxMMJYVSf4LoeqjFE47BQQNRciaH9E3nbDfjH4ondo""}",18
costco-robinhood-tokenized-stock,COST,Costco • Robinhood Token,costco-robinhood-tokenized-stock,costco-robinhood-tokenized-stockRD6.png,1204,"{""robinhood"":""0x4ea005168d7f09a7a0ba9d1def21a479950e44c2""}",18
0x43a35c1425a0125ef8c171f1a75c6f31ef8648edcc8324b55ce1917db3f9b91_starknet,XTBTC,Endur.Fi Staked BTC,endur-fi-staked-btc,endur-fi-staked-btcprC.png,13.8725,"{""starknet"":""0x043a35c1425a0125ef8c171f1a75c6f31ef8648edcc8324b55ce1917db3f9b91""}",18
0xf107edabf59ba696e38de62ad5327415bd4d4236_ethereum,SLAP,CatSlap,catslap,0xf107edabf59ba696e38de62ad5327415bd4d4236_ethereumE4p.png,7547128958,"{""ethereum"":""0xf107edabf59ba696e38de62ad5327415bd4d4236""}",18
reflexer-ungovernance-token,FLX,Reflexer Ungovernance,reflexer-ungovernance-token,reflexer-ungovernance-token3P6.png,957122,"{""ethereum"":""0x6243d8cea23066d098a15582d81a598b4e8391f4""}",18
dejitaru-tsuka,TSUKA,Dejitaru Tsuka,dejitaru-tsuka,dejitaru-tsukaQmX.png,1000000000,"{""ethereum"":""0xc5fb36dd2fb59d3b98deff88425a3f425ee469ed""}",18
tenset,10SET,Tenset,tenset,tensetJ7t.png,156040550,"{""ethereum"":""0x7ff4169a6b5122b664c51c95727d87750ec07c84"",""binance_smart"":""0x1ae369a6ab222aff166325b7b87eb9af06c86e57""}",18
defi-tiger,DTG,Defi Tiger,defi-tiger,defi-tigerWBP.png,337387985677318,"{""binance_smart"":""0xb1957bdba889686ebde631df970ece6a7571a1b6""}",18
convertible-jpy-token,CJPY,Convertible JPY Token,convertible-jpy-token,convertible-jpy-tokenlm8.png,212623613,"{""ethereum"":""0x1cfa5641c01406ab8ac350ded7d735ec41298372""}",18
0x0e01e3afd147c7f079ea19d0eca166ad3a22e79d_hyperevm,HWAVE,Hyperwave,hyperwave,hyperwaveXUa.png,446911833,"{""hyperevm"":""0x0e01e3afd147c7f079ea19d0eca166ad3a22e79d"",""hyperliquid"":""0x0a036982bc089f1f9da1a664a698948d""}",18
bitvault-signal-2,BV7X,BV7X,bitvault-signal-2,bitvault-signal-2DFc.png,1000000000,"{""robinhood"":""0x459476869af797eb9061b41fa04de46a60fbedbd""}",18
0xbc7755a153e852cf76cccddb4c2e7c368f6259d8_base,HESTIA,Hestia,hestia,hestiaXsW.png,472602,"{""base"":""0xbc7755a153e852cf76cccddb4c2e7c368f6259d8""}",18
defi-ira,IRA,Defi-Ira,defi-ira,defi-iraT1b.png,219622939,"{""base"":""0x029c58a909fbe3d4be85a24f414dda923a3fde0f""}",18
26_bittensor,SN26,Storb,storb,storbZkF.png,1568614,"{""bittensor"":""26""}",18
saito,SAITO,Saito,saito,saitoKSn.png,3000000000,"{""ethereum"":""0xfa14fa6958401314851a17d6c5360ca29f74b57b"",""binance_smart"":""0x3c6dad0475d3a1696b359dc04c99fd401be134da""}",18
flux-token,FLX,Flux Protocol,flux-token,flux-tokenTSm.png,1000000000,"{""ethereum"":""0x3ea8ea4237344c9931214796d9417af1a1180770"",""aurora"":""0xea62791aa682d455614eaa2a12ba3d9a2fd197af""}",18
loxi-2,LOXI,LOXI,loxi-2,loxi-2Fks.png,1000000000,"{""robinhood"":""0x834a24d16bf56d692c2e5fff9428f9d01f2f1ca5""}",18
magpie,MGP,Magpie,magpie,magpies2k.png,1000000000,"{""binance_smart"":""0xd06716e1ff2e492cc5034c2e81805562dd3b45fa"",""arbitrum-one"":""0xa61f74247455a40b01b0559ff6274441fafa22a3""}",18
0xa4ddf89a40a35264e9d7f896a1ef01c59b1e977a_robinhood,ANYR,Anyroute,anyroute,anyrouteIAn.png,1000000000,"{""robinhood"":""0xa4ddf89a40a35264e9d7f896a1ef01c59b1e977a""}",18
shina-inu,SHI,Shina Inu,shina-inu,shina-inuPPA.png,14482056376677,"{""ethereum"":""0x243cacb4d5ff6814ad668c3e225246efa886ad5a""}",18
ishares-semiconductor-etf-ondo-tokenized,SOXXON,iShares Semiconductor ETF (Ondo Tokenized),ishares-semiconductor-etf-ondo-tokenized,ishares-semiconductor-etf-ondo-tokenizedeSI.png,1856,"{""ethereum"":""0x1fe2126bc05e4bb0468c4a198e930c889e1054a3"",""binance_smart"":""0x2a3cbf64c8181db4a25d41d4d7a7db9984c59dac"",""solana"":""EN5pHc1LccUSojxb7kkyQi7v7iJN5RpDq6qz3DHondo""}",18
AKEWE7Bgh87GPp171b4cJPSSZfmZwQ3KaqYqXoKLNAEE_eclipse,USDC,Eclipse Bridged USDC (Eclipse),eclipse-bridged-usdc-eclipse,eclipse-bridged-usdc-eclipseXQx.png,1093203,"{""eclipse"":""AKEWE7Bgh87GPp171b4cJPSSZfmZwQ3KaqYqXoKLNAEE""}",18
zkas,ZKAS,ZKas,zkas,zkasC1q.png,288710363,,
osmosis-alleth,ETH,Osmosis allETH,osmosis-alleth,osmosis-allethUnk.png,404.9196,"{""osmosis"":""factory/osmo1k6c8jln7ejuqwtqmay3yvzrg3kueaczl96pk067ldg8u835w0yhsw27twm/alloyed/allETH""}",18
0xfb69e2d3d673a8db9fa74ffc036a8cf641255769_binance_smart,BBFT,Baby BFT,baby-bft,baby-bft40g.png,10000000000,"{""binance_smart"":""0xfb69e2d3d673a8db9fa74ffc036a8cf641255769""}",18
0x34a1d2105dd1b658a48ead516a9ce3032082799c_avalanche,GLADIUS,GLADIUS,gladius,0x34a1d2105dd1b658a48ead516a9ce3032082799c_avalanche2DR.png,7999829234,"{""avalanche"":""0x34a1d2105dd1b658a48ead516a9ce3032082799c""}",18
bnq-global,BNQ,BNQ GLOBAL,bnq-global,bnq-globaleX4.png,1000000000,"{""binance_smart"":""0xbc9211717353498e19201d9040021872af7656d3""}",18
icpanda-dao,PANDA,ICPanda DAO,icpanda-dao,icpanda-daoSzL.png,1034818195,"{""internet-computer"":""druyg-tyaaa-aaaaq-aactq-cai""}",18
reth2,RETH2,rETH2,reth2,reth2gCs.png,407.5417,"{""ethereum"":""0x20bc832ca081b91433ff6c17f85701b6e92486c5""}",18
CwSNUU54NLJt4qbGg5S8TUzJYxjYAfL4VrPr7zvJpump_solana,SIGF,Superintelligence Gaming Factory,superintelligence-gaming-factory,superintelligence-gaming-factoryRRU.png,933490055,"{""solana"":""CwSNUU54NLJt4qbGg5S8TUzJYxjYAfL4VrPr7zvJpump""}",18
neutrino,XTN,Neutrino Index Token,neutrino,neutrinosne.png,68699810,"{""ethereum"":""0x674c6ad92fd080e4004b2312b45f796a192d27a0"",""polygon-pos"":""0x013f9c3fac3e2759d7e90aca4f9540f75194a0d7"",""waves"":""DG2xFkPdDwKUoBkzGAhQtLpSGzfXLiCYPEzeKH2Ad24p""}",18
blockchainspace,GUILD,BlockchainSpace,blockchainspace,blockchainspaceEOX.png,1000000000,"{""ethereum"":""0x83e9f223e1edb3486f876ee888d76bfba26c475a"",""binance_smart"":""0x0565805ca3a4105faee51983b0bd8ffb5ce1455c"",""polygon-pos"":""0xaff41da975501e5b71848c975834341777d1a473"",""abstract"":""0xcea652accfd9dab53fa1242294f4910708cc0cc2""}",18
the-abyss,ABYSS,Abyss,the-abyss,the-abyss1as.png,508628132,"{""ethereum"":""0x0e8d6b471e332f140e7d9dbb99e5e3822f728da6"",""harmony-shard-0"":""0xa52d0c7943cc1020a926b23dd1c64fc60b4fadde""}",18
orange-2,ORNG,ORANGE,orange-2,orange-2aiK.png,1000000000,"{""avalanche"":""0x6c14c1898c843ff66ca51e87244690bbc28df215""}",18
strategy-stretch-preferred-dinari-tokenized-stock,STRC,Strategy Stretch Preferred (Dinari Tokenized Stock),strategy-stretch-preferred-dinari-tokenized-stock,strategy-stretch-preferred-dinari-tokenized-stockOjN.png,10878,"{""ethereum"":""0xf583fbd1938f080ef0310e1a86ac42b50cad56d9"",""base"":""0xca47fa9f4c55a8c2c83bfb872fd18d3c656795cf"",""arbitrum-one"":""0x33075fa787ef4e319edd470cf00f2a3d04f3048f"",""avalanche"":""0xa0242929502ad4c953f8aab811440cefac99f9c8""}",18
openverse-network,BTG,Openverse Network,openverse-network,openverse-networkqeY.png,20000000,"{""binance_smart"":""0x4c9027e10c5271efca82379d3123917ae3f2374e""}",18
binance-peg-ontology,ONT,Binance-Peg Ontology,binance-peg-ontology,binance-peg-ontology3vN.png,17900000,"{""binance_smart"":""0xfd7b3a77848f1c2d67e05e54d78d174a0c850335""}",18
0x9fa1c5e90a11294f83a9f135b81ad1b537a5ffdc_robinhood,ZEAL,Zeal,zeal-2,zeal-20fm.png,1000000000,"{""robinhood"":""0x9fa1c5e90a11294f83a9f135b81ad1b537a5ffdc""}",18
wrapped-conflux,WCFX,Wrapped Conflux,wrapped-conflux,wrapped-confluxGKn.png,19827507,"{""conflux"":""0x14b2d3bc65e74dae1030eafd8ac30c533c976a9b""}",18
qubetics,TICS,Qubetics,qubetics,qubeticsNkY.png,1361867964,,
hello-labs,HELLO,HELLO,hello-labs,hello-labs9K0.png,1000000000,"{""binance_smart"":""0x0f1cbed8efa0e012adbccb1638d0ab0147d5ac00"",""ethereum"":""0x411099c0b413f4feddb10edf6a8be63bd321311c"",""solana"":""4h49hPGphLNJNDRyiBwzvKoasR3rw1WJCEv19PhUbSS4""}",18
jurassic-finance,RAWR,Jurassic Finance,jurassic-finance,jurassic-financeb19.png,25798530,"{""solana"":""4K1m7gAMDKzrxQn68yuZAd767w57Fw7Ykw69dG3umeta""}",18
eli-lilly-xstock,LLYX,Eli Lilly xStock,eli-lilly-xstock,eli-lilly-xstockPnj.png,113600,"{""arbitrum-one"":""0x19c41ea77b34bbdee61c3a87a75d1abda2ed0be4"",""binance_smart"":""0x19c41ea77b34bbdee61c3a87a75d1abda2ed0be4"",""solana"":""Xsnuv4omNoHozR6EEW5mXkw8Nrny5rB3jVfLqi6gKMH"",""ethereum"":""0x19c41ea77b34bbdee61c3a87a75d1abda2ed0be4"",""the-open-network"":""EQDexQFqhbyuy9VgK1eMdHXZAi5kC2WBbHe74mHWEdHVVwx2"",""mantle"":""0x19c41ea77b34bbdee61c3a87a75d1abda2ed0be4""}",18
coca-cola-xstock,KOX,Coca-Cola xStock,coca-cola-xstock,coca-cola-xstockHTC.png,1395801,"{""arbitrum-one"":""0xdcc1a2699441079da889b1f49e12b69cc791129b"",""binance_smart"":""0xdcc1a2699441079da889b1f49e12b69cc791129b"",""solana"":""XsaBXg8dU5cPM6ehmVctMkVqoiRG2ZjMo1cyBJ3AykQ"",""ethereum"":""0xdcc1a2699441079da889b1f49e12b69cc791129b"",""the-open-network"":""EQAD-iVmVKW8frDDYPd80N-7dy8m2LfU8nK_85TeHkXWEw-C"",""mantle"":""0xdcc1a2699441079da889b1f49e12b69cc791129b""}",18
top-network,TOP,TOP AI Network,top-network,top-networkyEs.png,15288821510,"{""ethereum"":""0xdcd85914b8ae28c1e62f1c488e1d968d5aaffe2b""}",18
real-token,REAL,RealBriefly,real-token,real-tokenqvL.png,1000000000,"{""xrp"":""5245414C00000000000000000000000000000000.rKVyXn1AhqMTvNA9hS6XkFjQNn2VE8Nz88""}",18
vertiv-ondo-tokenized,VRTON,Vertiv (Ondo Tokenized),vertiv-ondo-tokenized,vertiv-ondo-tokenizedeUP.png,4182,"{""ethereum"":""0x0752163d221d3d5d4b6e98bd616b22bd2b453964"",""binance_smart"":""0x9cea8a7be1ab0320b709d368ad60d8500f55995f"",""solana"":""MkN2TZSYTFBdMRLf9EVcfhstTwnazH8knd9hpepondo""}",18
dfdv-xstock,DFDVX,DFDV xStock,dfdv-xstock,dfdv-xstockSeW.png,196008,"{""solana"":""Xs2yquAgsHByNzx68WJC55WHjHBvG9JsMB7CWjTLyPy"",""arbitrum-one"":""0x521860bb5df5468358875266b89bfe90d990c6e7"",""ethereum"":""0x521860bb5df5468358875266b89bfe90d990c6e7"",""binance_smart"":""0x521860bb5df5468358875266b89bfe90d990c6e7""}",18
qbx,QBX,QBX,qbx,qbx05p.png,1380392157,"{""ethereum"":""0x72fdc31f4a9a1edf6b6132d3c1754f1cdcf5d9b1""}",18
solanahub-staked-sol,RASOL,Hubra staked SOL,solanahub-staked-sol,solanahub-staked-solVvp.png,8116,"{""solana"":""HUBsveNpjo5pWqNkH57QzxjQASdTVXcSK7bVKTSZtcSX""}",18
zmine,ZMN,ZMINE,zmine,ZMINEvelmt.png,30629567,"{""ethereum"":""0x554ffc77f4251a9fb3c0e3590a6a205f8d4e067d"",""binance_smart"":""0xfcb8a4b1a0b645e08064e05b98e9cc6f48d2aa57""}",18
dell-bstocks-tokenized-stock,DELLB,Dell (bStocks Tokenized Stock),dell-bstocks-tokenized-stock,dell-bstocks-tokenized-stockUoZ.png,1873,"{""binance_smart"":""0x0e7a51966c66648999d506e1372efdea1b78cb0b""}",18
bitcoinbam,BTCBAM,BitcoinBam,bitcoinbam,bitcoinbambil.png,21000000,"{""binance_smart"":""0xcf0990170a60da34ffcffa14ead4a3de27d0f4ce""}",18
otherworld,OWN,Otherworld,otherworld,otherworldPsN.png,1000000000,"{""ethereum"":""0x2d81f9460bd21e8578350a4f06e62848ed4bb27e""}",18
strata-junior-mm1-usd,JRMM1-USD,Strata Junior mM1-USD,strata-junior-mm1-usd,strata-junior-mm1-usdBQh.png,1011910,"{""ethereum"":""0xf7eb8dfec75c42d2d2247fe76ccaedc59f821688""}",18
adobe-bstocks-tokenized-stock,ADBEB,Adobe (bStocks Tokenized Stock),adobe-bstocks-tokenized-stock,adobe-bstocks-tokenized-stockp6c.png,4410,"{""binance_smart"":""0x65c0249d49e3231540fd0db0a1ae9259e6eaaf57""}",18
0x81a224f8a62f52bde942dbf23a56df77a10b7777_monad,EMO,emonad,emonad,0x81a224f8a62f52bde942dbf23a56df77a10b7777_monadj1k.png,1000000000,"{""monad"":""0x81a224f8a62f52bde942dbf23a56df77a10b7777""}",18
polygon-hermez-bridged-usdt-polygon-zkevm,USDT,Polygon Hermez Bridged USDT (Polygon zkEVM),polygon-hermez-bridged-usdt-polygon-zkevm,polygon-hermez-bridged-usdt-polygon-zkevmSK8.png,1042610,"{""polygon-zkevm"":""0x1e4a5963abfd975d8c9021ce480b42188849d41d""}",18
ducatus,DUCX,DucatusX,ducatus,ducatusW0s.png,777874205,,
shiba-predator,QOM,Shiba Predator,shiba-predator,shiba-predatormAW.png,599999999999999,"{""ethereum"":""0xa71d0588eaf47f12b13cf8ec750430d21df04974""}",18
nike-ondo-tokenized-stock,NKEON,Nike (Ondo Tokenized Stock),nike-ondo-tokenized-stock,nike-ondo-tokenized-stockVVd.png,30011,"{""ethereum"":""0xd8e26fcc879b30cb0a0b543925a2b3500f074d81"",""binance_smart"":""0x04b5e199f2ec84f78b111035f57b16bee448db6f"",""solana"":""g646pcdG2Rt5DH9WZzL7VVnVDWCCMTTrnktwE74ondo""}",18
vesper-finance,VSP,Vesper Finance,vesper-finance,vesper-finance5Cb.png,10000000,"{""ethereum"":""0x1b40183efb4dd766f11bda7a7c3ad8982e998421"",""fantom"":""0x461d52769884ca6235b685ef2040f47d30c94eb5"",""polygon-pos"":""0x09c5a4bca808bd1ba2b8e6b3aaf7442046b4ca5b""}",18
franklin-us-large-cap-multifactor-index-etf-ondo-tokenized,FLQLON,Franklin US Large Cap Multifactor Index ETF (Ondo Tokenized),franklin-us-large-cap-multifactor-index-etf-ondo-tokenized,franklin-us-large-cap-multifactor-index-etf-ondo-tokenizedhyv.png,13092,"{""ethereum"":""0xc53d2e7321ab83b28af2360559aa303676a23f98"",""binance_smart"":""0x48187890d16aee64798e02c5bed510f4db5694a9"",""solana"":""CZ9GBn1okotqKNUUqoxk4PF2JVi59bw5GWvVo6Dondo""}",18
nexira-daep,NEXI,Nexira DAEP,nexira-daep,nexira-daepXXI.png,500000000,"{""ethereum"":""0xe3872dd4eba50598c54b2aa21b04c71fc37b000b""}",18
unicrypt-2,UNCX,UNCX Network,unicrypt-2,unicrypt-2isu.png,47650,"{""ethereum"":""0xadb2437e6f65682b85f814fbc12fec0508a7b1d0"",""xdai"":""0x0116e28b43a358162b96f70b4de14c98a4465f25"",""binance_smart"":""0x09a6c44c3947b69e2b45f4d51b67e6a39acfb506""}",18
idrx,IDRX,IDRX,idrx,idrxSiE.png,18534124233,"{""polygon-pos"":""0x649a2da7b28e0d54c13d5eff95d3a660652742cc"",""solana"":""idrxZcP8xiKkYk6XGD4uz1dxEYCWSgKDHqgjsBbwDur"",""base"":""0x18bc5bcc660cf2b9ce3cd51a404afe1a0cbd3c22"",""binance_smart"":""0x649a2da7b28e0d54c13d5eff95d3a660652742cc"",""lisk"":""0x18bc5bcc660cf2b9ce3cd51a404afe1a0cbd3c22"",""world-chain"":""0x18bc5bcc660cf2b9ce3cd51a404afe1a0cbd3c22"",""etherlink"":""0x18bc5bcc660cf2b9ce3cd51a404afe1a0cbd3c22"",""klay-token"":""0x18bc5bcc660cf2b9ce3cd51a404afe1a0cbd3c22"",""xdai"":""0x18bc5bcc660cf2b9ce3cd51a404afe1a0cbd3c22"",""celo"":""0x18bc5bcc660cf2b9ce3cd51a404afe1a0cbd3c22""}",18
steam,STEAM,STEAM,steam,steamov4.png,1000000000,"{""hedera-hashgraph"":""0.0.3210123""}",18
docs-insight-tatsu,SN84,Docs-Insights (Taτsu),docs-insight-tatsu,docs-insight-tatsuZKG.png,1425825,"{""bittensor"":""84""}",18
salesforce-ondo-tokenized-stock,CRMON,Salesforce (Ondo Tokenized Stock),salesforce-ondo-tokenized-stock,salesforce-ondo-tokenized-stockGL1.png,4404,"{""ethereum"":""0x55720ef5b023fd043ae5f8d2e526030207978950"",""binance_smart"":""0xd04a2bb053277721a8321d7441eed5b42fdf7250"",""solana"":""7D7ukbcnUNYt7Et5vtsDZhAy28MKu9pkHka1Hp9ondo""}",18
usdm1,USDM1,USDM1,usdm1,usdm13Az.png,1020269,"{""ethereum"":""0x90a1717e0dabe37693f79afe43ae236dc3b65957"",""solana"":""BNgsQdjfWmjoy3cw8T3VXWswHfgCzEMyQzUno8gmzmRC"",""stellar"":""CAC743NYRBMS76L2DCPAXZTOEF6EJPKPVEC5OX2SXY7HOWNXISSLUE2C""}",18
qopro,QORPO,QORPO WORLD,qopro,qoproAPA.png,750000000,"{""ethereum"":""0x22514ffb0d7232a56f0c24090e7b68f179faa940"",""binance_smart"":""0x22514ffb0d7232a56f0c24090e7b68f179faa940""}",18
changer,CNG,Changer,changer,changervSB.png,200000000,"{""ethereum"":""0x5c1d9aa868a30795f92fae903edc9eff269044bf""}",18
international-business-machines-xstock,IBMX,International Business Machines xStock,international-business-machines-xstock,international-business-machines-xstock6go.png,332752,"{""arbitrum-one"":""0xd9913208647671fe0f48f7f260076b2c6f310aac"",""binance_smart"":""0xd9913208647671fe0f48f7f260076b2c6f310aac"",""ethereum"":""0xd9913208647671fe0f48f7f260076b2c6f310aac"",""solana"":""XspwhyYPdWVM8XBHZnpS9hgyag9MKjLRyE3tVfmCbSr""}",18
proximax,XPX,Sirius Chain,proximax,ProximaXDTrrH.png,9000000000,"{""binance_smart"":""0x6f3aaf802f57d045efdd2ac9c06d8879305542af""}",18
nvidia-dinari-tokenized-stock,NVDA,NVIDIA (Dinari Tokenized Stock),nvidia-dinari-tokenized-stock,nvidia-dinari-tokenized-stockACh.png,4422,"{""ethereum"":""0x62ec03c917face0e6841afdafc166bf571e55e4f"",""base"":""0x92ecf64fdb76e60b76d78a29ad4bf9d38b7b1b97"",""arbitrum-one"":""0x4dafffddea93ddf1e0e7b61e844331455053ce5c"",""avalanche"":""0x4b16f5251cd4c853f28998809dca61cccbcb898b"",""hyperevm"":""0x4b16f5251cd4c853f28998809dca61cccbcb898b""}",18
0x000000daa580e54635a043d2773f2c698593836a_blast,OHNO,Oh no,oh-no,oh-noLW6.png,10000000000,"{""blast"":""0x000000daa580e54635a043d2773f2c698593836a""}",18
0x3ba500f1ababbcf0f0247d06d1c56fd7e6c4c09d_robinhood,WORM,Agent Wormhole,agent-wormhole,0x3ba500f1ababbcf0f0247d06d1c56fd7e6c4c09d_robinhood2bN.png,962359667,"{""robinhood"":""0x3ba500f1ababbcf0f0247d06d1c56fd7e6c4c09d""}",18
sudoswap,SUDO,sudoswap,sudoswap,sudoswapePW.png,58056419,"{""ethereum"":""0x3446dd70b2d52a6bf4a5a192d9b0a161295ab7f9""}",18
iboxx-high-yield-corporate-bond-etf-ondo-tokenized-etf,HYGON,iBoxx $ High Yield Corporate Bond ETF (Ondo Tokenized ETF),iboxx-high-yield-corporate-bond-etf-ondo-tokenized-etf,iboxx-high-yield-corporate-bond-etf-ondo-tokenized-etfRIo.png,12609,"{""ethereum"":""0xed3618bb8778f8ebbe2f241da532227591771d04"",""binance_smart"":""0x0dae81a905b645a3d1e67129b89cd0acda224e9a"",""solana"":""c5ug15fwZRfQhhVa6LHscFY33ebVDHcVCezYpj7ondo""}",18
DtwN3PHiKEpK1MSekViVC8QifdRJCkML6HG16sXHpump_solana,VAL,Store of Value,store-of-value,DtwN3PHiKEpK1MSekViVC8QifdRJCkML6HG16sXHpump_solanaHa6.png,984029570,"{""solana"":""DtwN3PHiKEpK1MSekViVC8QifdRJCkML6HG16sXHpump""}",18
ar-io-network,ARIO,AR.IO Network,ar-io-network,ar-io-network8qf.png,1000000000,"{""base"":""0x138746adfa52909e5920def027f5a8dc1c7effb6"",""solana"":""DcNnMuFxwhgV4WY1HVSaSEgr92bv2b1vUvEKiNxWqHdF""}",18
xpack,XPACK,xPACK,xpack,xpackzxA.png,135360143,"{""hedera-hashgraph"":""0.0.7243470""}",18
bitcoin-2,BTC2,Bitcoin 2,bitcoin-2,bitcoin-2nQy.png,17954380,,
0xded852de9fe9ba9b6f27f39e8e81cf851a5c79cc_robinhood,ROBINCAT,ROBINCAT,robincat,robincateDu.png,1000000000,"{""robinhood"":""0xded852de9fe9ba9b6f27f39e8e81cf851a5c79cc""}",18
0x180b25beb6c84c2b3855e630d50c965425fb5de2_binance_smart,BABYBONK,BabyBonk,babybonk-3,0x180b25beb6c84c2b3855e630d50c965425fb5de2_binance_smartyQ6.png,360750000000,"{""binance_smart"":""0x180b25beb6c84c2b3855e630d50c965425fb5de2""}",18
disney-ondo-tokenized-stock,DISON,Disney (Ondo Tokenized Stock),disney-ondo-tokenized-stock,disney-ondo-tokenized-stockMH1.png,9891,"{""ethereum"":""0xc3d93b45249e8e06cfeb01d25a96337e8893265d"",""binance_smart"":""0xeee9eee593cb8f7946260b4066cba7907f40acfa"",""solana"":""mJf1xT3suXtkXBCfZcE9oUUuyxkvSgqYBWiX7v1ondo""}",18
zeny,ZENY,ZENY,zeny,zeny1A0.png,100000000,"{""polygon-pos"":""0x7b2d2732dccc1830aa63241dc13649b7861d9b54""}",18
slinky-layer,SLINKY,Slinky Layer,slinky-layer,slinky-layer2B2.png,1000000000,"{""base"":""0xbb3d6c47379abb4713acffffa27483b726ee67db""}",18
fiamma-btc,FIABTC,Fiamma BTC,fiamma-btc,fiamma-btckNF.png,16.6968,"{""ethereum"":""0x22f0e0a4c97ff43546dad16d43ef854c773f0e08"",""aptos"":""0x75de592a7e62e6224d13763c392190fda8635ebb79c798a5e9dd0840102f3f93"",""sei-v2"":""0x60c230c38af6d86b0277a98a1caeaa345a7b061f"",""base"":""0x60c230c38af6d86b0277a98a1caeaa345a7b061f"",""core"":""0x60c230c38af6d86b0277a98a1caeaa345a7b061f""}",18
turbos-finance,TURBOS,Turbos Finance,turbos-finance,turbos-financeSPN.png,10000000000,"{""sui"":""0x5d1f47ea69bb0de31c313d7acf89b890dbb8991ea8e03c6c355171f84bb1ba4a::turbos::TURBOS""}",18
0x4a88cf518ea6b7d1184184d6eab78df7252a74f1_robinhood,NINJACAT,NinjaCat,ninjacat,0x4a88cf518ea6b7d1184184d6eab78df7252a74f1_robinhoodSIe.png,1000000000,"{""robinhood"":""0x4a88cf518ea6b7d1184184d6eab78df7252a74f1""}",18
dagger,XDAG,XDAG,dagger,Daggerj1urB.png,1446294144,,
franklin-income-equity-focus-etf-ondo-tokenized,INCEON,Franklin Income Equity Focus ETF (Ondo Tokenized),franklin-income-equity-focus-etf-ondo-tokenized,franklin-income-equity-focus-etf-ondo-tokenizedGMG.png,14962,"{""ethereum"":""0xfa690b2b6f6b4da518035f1d0aa8b968c23341bb"",""binance_smart"":""0x5e24db6de4c21e2c8f9e81bacfcedfbac2dee4aa"",""solana"":""D8KT4Jd8qiKKTfkM8ejSKCpWGR1o3GFvnQGp5ERondo""}",18
galaconnect-bridged-ethfi-galachain,GETHFI,GalaConnect Bridged ETHFI (GalaChain),galaconnect-bridged-ethfi-galachain,galaconnect-bridged-ethfi-galachaingJi.png,1698839,"{""galachain"":""5PBun3z1Vr6BaULncHoc1Ua3fmQT6""}",18
0x8e62f281f282686fca6dcb39288069a93fc23f1c_robinhood,HOODRAT,Hoodrat,hoodrat-4,0x8e62f281f282686fca6dcb39288069a93fc23f1c_robinhoodqEm.png,1000000000,"{""robinhood"":""0x8e62f281f282686fca6dcb39288069a93fc23f1c""}",18
banxchange,BXE,BANX Network,banxchange,banxchangeQZF.png,500000000,"{""xrp"":""BXE.rM1J2Mc2eCSFpCz5QXxhDG2KWkGQWgy87r""}",18
dev-tommy-jingl,TOMMYJINGL,DEV TOMMY JINGL,dev-tommy-jingl,dev-tommy-jinglINs.png,1035975088,"{""solana"":""DVr62PSjVCrEwmWVRdKQABqJumb1jmJGKa8BkUG6pump""}",18
kardiachain,KAI,KardiaChain,kardiachain,kardiachainn25.png,5000000000,"{""kardiachain"":""0xaf984e23eaa3e7967f3c5e007fbe397d8566d23d"",""binance_smart"":""0x39ae8eefb05138f418bb27659c21632dc1ddab10"",""arbitrum-one"":""0xa891b374942cde9061e044c1d19c5b5de06a68e1""}",18
fluence-energy-bstocks-tokenized-stock,FLNCB,Fluence Energy (bStocks Tokenized Stock),fluence-energy-bstocks-tokenized-stock,fluence-energy-bstocks-tokenized-stock8oL.png,133412,"{""binance_smart"":""0x4af1d41cd9dd950dca43984b43aaa2a8702714ac""}",18
reddcoin,RDD,ReddCoin,reddcoin,1750749049130.png,34548467037,,
figure-technology-solutions-ondo-tokenized-stock,FIGRON,Figure Technology Solutions (Ondo Tokenized Stock),figure-technology-solutions-ondo-tokenized-stock,figure-technology-solutions-ondo-tokenized-stockEFv.png,35308,"{""ethereum"":""0xc2dbfe026f17e7bbc17a9e41f9b8d69531887d47"",""binance_smart"":""0x620477782cea4c4171165396f8014edef83a13da"",""solana"":""ZmHxc6Gt27RJKxD2ay6UL4n9yQ7mKAq4XZQUeVhondo""}",18
tagspace,TAGAI,tagSpace,tagspace,tagspaceFWl.png,100000000000,"{""base"":""0xa3c285b49fdc0a5498fddb629f975cb40aecabd4""}",18
starslax,SSLX,StarSlax,starslax,starslaxzYH.png,9997900373,"{""stellar"":""SSLX-GBHFGY3ZNEJWLNO4LBUKLYOCEK4V7ENEBJGPRHHX7JU47GWHBREH37UR"",""binance_smart"":""0xced4ad3e56fdbdd31cca3f76f4ffb1eadd920dcf""}",18
boop-2,BOOP,Boop,boop-2,boop-2Fat.png,99597435596,"{""arbitrum-one"":""0x13a7dedb7169a17be92b0e3c7c2315b46f4772b3"",""solana"":""2HrZ5R18H48b8ptL3n8N5zX65zDB4o2cMCHcP3QfSfye"",""robinhood"":""0x0025bd2fe04e3b64145d3af2bc865b8a3ff46ca0""}",18
hooked-protocol,HOOK,Hooked Protocol,hooked-protocol,hooked-protocolX8M.png,500000000,"{""binance_smart"":""0xa260e12d2b924cb899ae80bb58123ac3fee1e2f0""}",18
catwifmask,MASK,catwifmask,catwifmask,catwifmaskY7I.png,999973823,"{""solana"":""6MQpbiTC2YcogidTmKqMLK82qvE9z5QEm7EP3AEDpump""}",18
0x6ea8211a1e47dbd8b55c487c0b906ebc57b94444_binance_smart,LIBERTY,Torch of Liberty,torch-of-liberty,0x6ea8211a1e47dbd8b55c487c0b906ebc57b94444_binance_smartmgW.png,1000000000,"{""binance_smart"":""0x6ea8211a1e47dbd8b55c487c0b906ebc57b94444""}",18
pepons-2,PEPONS,Pepons,pepons-2,pepons-2dUO.png,817910067,"{""robinhood"":""0xfde368debe9e80f80785064a65719cec1f809dec""}",18
klima-dao-2,K2,Klima Protocol K2,klima-dao-2,klima-dao-2lXu.png,100000000,"{""base"":""0x59081d974a0c635fae3e8195f34f879b591b6519""}",18
gammaswap,GS,GammaSwap,gammaswap,gammaswapSKH.png,1600000000,"{""arbitrum-one"":""0xb08d8becab1bf76a9ce3d2d5fa946f65ec1d3e83"",""base"":""0xc4d44c155f95fd4e94600d191a4a01bb571df7df"",""ethereum"":""0x64d3cae387405d91f7b0d91fb1d824a281719500"",""sonic"":""0xf9f143705b2bbde9b4abfd0320f328ae59364f5e""}",18
6mJoQqcPEjiQ1hFya9oH6NBCQLhvS3mwVQWV9EcTHg9u_solana,TOMOCHI,tomochi,tomochi,tomochiAM2.png,999973169,"{""solana"":""6mJoQqcPEjiQ1hFya9oH6NBCQLhvS3mwVQWV9EcTHg9u""}",18
kima,KIMA,Kima Network,kima,kimaavP.png,210000000,"{""arbitrum-one"":""0x94fcd9c18f99538c0f7c61c5500ca79f0d5c4dab"",""cosmos"":""ibc/629B5691DE993DCD07AA1B0587AD52A7FA4E8F28B77DE15BCBDF936CA6F76E6C""}",18
bifrost-bridged-usdc-bifrost,USDC,Bifrost Bridged USDC (Bifrost),bifrost-bridged-usdc-bifrost,bifrost-bridged-usdc-bifrostuTF.png,1000533,"{""bifrost-network"":""0x640952e7984f2ecedead8fd97aa618ab1210a21c""}",18
bitmine-immersion-technologies-rstock,RBMNR,BitMine Immersion Technologies Tokenized Stock (Reality),bitmine-immersion-technologies-rstock,bitmine-immersion-technologies-rstockUeG.png,38089,"{""arbitrum-one"":""0x7e120a8ae6a6e14c13970adcf6fe8ad1df564900"",""morph-l2"":""0x3ac1693d9b7c0bcb76fe2443d25e2f7a5551fb3f""}",18
wax-bridged-usdc-wax,WAXUSDC,Wax Bridged USDC (Wax),wax-bridged-usdc-wax,wax-bridged-usdc-waxLr8.png,1000000,"{""wax"":""WAXUSDC-wax-eth.token""}",18
polymath,POLY,Polymath,polymath,polymathoWS.png,1000000000,"{""ethereum"":""0x9992ec3cf6a55b00978cddf2b27bc6882d88d1ec"",""energi"":""0xe99bbd3b25a014aac93127cf868d3de07386c4dd""}",18
areon-network,AREA,Areum,areon-network,areon-networkKWZ.png,245360866,"{""binance_smart"":""0x3cb26f04223e948b8d810a7bd170620afbd42e67""}",18
2JcXacFwt9mVAwBQ5nZkYwCyXQkRcdsYrDXn6hj22SbP_solana,MINI,mini,minimini,minimini2a0.png,875776421,"{""solana"":""2JcXacFwt9mVAwBQ5nZkYwCyXQkRcdsYrDXn6hj22SbP""}",18
whitebridge,WBAI,WhiteBridge Network,whitebridge,whitebridgeHHb.png,1000000000,"{""binance_smart"":""0x635d44f246156ed1080cb470877256c847673f19""}",18
portugal-national-team-fan-token,POR,Portugal National Team Fan Token,portugal-national-team-fan-token,portugal-national-team-fan-tokennB8.png,19722425,"{""chiliz"":""0x013f2407c6ef765f1199f8818b805121f269f5b8"",""solana"":""AiYi7HyVVXnDSuj8BoPirDsuuWgddeKkD5MQN35VpwNz"",""base"":""0x00a030340b89eea5dafeebc1da4fe76db374996e""}",18
chipotle-ondo-tokenized-stock,CMGON,Chipotle (Ondo Tokenized Stock),chipotle-ondo-tokenized-stock,chipotle-ondo-tokenized-stocktxN.png,30851,"{""ethereum"":""0x25018520138bbab60684ad7983d4432e8b8e926b"",""binance_smart"":""0xaed5985afc12aa09d87f55b4b1e6bc3b8f7b0208"",""solana"":""5owVsVFSHACQuippFYdLp3qWRobp2EGcwxMmsr6ondo""}",18
redfox-labs-2,RFOX,RFOX,redfox-labs-2,redfox-labs-2hoJ.png,1988838078,"{""ethereum"":""0xa1d6df714f91debf4e0802a542e13067f31b8262"",""binance_smart"":""0x0a3a21356793b49154fd3bbe91cbc2a16c0457f5"",""energi"":""0xaad4add9b6ed577f3fe9e6bccbbe3bdce596b062""}",18
riecoin,RIC,Riecoin,riecoin,Riecoinep1Y6.png,84000000,,
eggle-energy,ENG,Eggle Energy,eggle-energy,eggle-energyHu9.png,690436990,"{""base"":""0x8a0e751e5d7a2861ca7cf16d9720337e40604982""}",18
fidu,FIDU,Fidu,fidu,fiduAnv.png,36424874,"{""ethereum"":""0x6a445e9f40e0b97c92d0b8a3366cef1d67f700bf""}",18
million,MM,Million,million,million9c7.png,1000000,"{""ethereum"":""0x6b4c7a5e3f0b99fcd83e9c089bddd6c7fce5c611"",""binance_smart"":""0xbf05279f9bf1ce69bbfed670813b7e431142afa4"",""tomochain"":""0x0f320856fa4bc7e4030a6ab989d494c5e4d58308"",""solana"":""2PoF4gqWg97yjJk276yUYaGVkkASE7tqAU7H5faEBkeC""}",18
5tCju6YNxHq5zrA6tGndr6F7TK42mpUFmeE31cSFpump_solana,SWORDCAT,cat wif sword,cat-wif-sword-2,cat-wif-sword-2OPB.png,960029036,"{""solana"":""5tCju6YNxHq5zrA6tGndr6F7TK42mpUFmeE31cSFpump""}",18
7ga6rtE9qSb3wdEiDCpTu2kHqoGVfT52jD8ign1rYTvx_solana,XHYPE,Hylo 3x Leveraged HYPE,xhype-3,xhype-3tn1.png,418050,"{""solana"":""7ga6rtE9qSb3wdEiDCpTu2kHqoGVfT52jD8ign1rYTvx""}",18
C7heQqfNzdMbUFQwcHkL9FvdwsFsDRBnfwZDDyWYCLTZ_solana,COLLAT,Collaterize,collaterize,C7heQqfNzdMbUFQwcHkL9FvdwsFsDRBnfwZDDyWYCLTZ_solanahmO.png,999898806,"{""solana"":""C7heQqfNzdMbUFQwcHkL9FvdwsFsDRBnfwZDDyWYCLTZ""}",18
chevron-xstock,CVXX,Chevron xStock,chevron-xstock,chevron-xstockBV1.png,583911,"{""arbitrum-one"":""0xad5cdc3340904285b8159089974a99a1a09eb4c0"",""ethereum"":""0xad5cdc3340904285b8159089974a99a1a09eb4c0"",""binance_smart"":""0xad5cdc3340904285b8159089974a99a1a09eb4c0"",""solana"":""XsNNMt7WTNA2sV3jrb1NNfNgapxRF5i4i6GcnTRRHts"",""the-open-network"":""EQDO-mK2jHNAqQB5NlyZKAO-Cb4aZ5kf0R81TP1yqEUO6cuQ"",""mantle"":""0xad5cdc3340904285b8159089974a99a1a09eb4c0""}",18
68Nq68CrtLVpyvK5Un7UADiNczaGf39hBbj3diRsYj6D_solana,NEST,Nest,nest-3,nest-3cnX.png,998146631,"{""solana"":""68Nq68CrtLVpyvK5Un7UADiNczaGf39hBbj3diRsYj6D""}",18
imgn-labs,IMGN,IMGN Labs,imgn-labs,imgn-labsJBx.png,1000000000,"{""base"":""0x9bba915f036158582c20b51113b925f243a1a1a1""}",18
credo-technology-bstocks-tokenized-stock,CRDOB,Credo Technology (bStocks Tokenized Stock),credo-technology-bstocks-tokenized-stock,credo-technology-bstocks-tokenized-stockxpY.png,4545,"{""binance_smart"":""0x6e7d451f9d30327d32020f116fa79c23b24e9c8d""}",18
hyperwave-hype,HWHYPE,Hyperwave HYPE,hyperwave-hype,hyperwave-hypeDPC.png,10539,"{""hyperevm"":""0x4de03ca1f02591b717495cfa19913ad56a2f5858""}",18
faya,FAYA,FAYA,faya,fayaW8q.png,100000000000000,"{""binance_smart"":""0x04e3e226bedfd57252198443561b57c0a6456e9b""}",18
DJTu7vi8norVzdVAffgvb39VP7wjKeTsgaMBJrzfxvoF_solana,DJT,Trump Media & Technology Group Corp. Common Stock (Backpack Securities),trump-media-technology-group-corp-common-stock-backpack-securities,trump-media-technology-group-corp-common-stock-backpack-securitieso6a.png,110963,"{""solana"":""DJTu7vi8norVzdVAffgvb39VP7wjKeTsgaMBJrzfxvoF""}",18
8ncucXv6U6epZKHPbgaEBcEK399TpHGKCquSt4RnmX4f_solana,TRENCHER,Trencher,trencher,8ncucXv6U6epZKHPbgaEBcEK399TpHGKCquSt4RnmX4f_solanaHnf.png,999895239,"{""solana"":""8ncucXv6U6epZKHPbgaEBcEK399TpHGKCquSt4RnmX4f""}",18
prism,PRISM,Prism,prism,prismTVO.png,1834954710,"{""solana"":""PRSMNsEPqhGVCH1TtWiJqPjJyh2cKrLostPZTNy1o5x""}",18
guild-of-guardians,GOG,Guild of Guardians,guild-of-guardians,guild-of-guardiansdoV.png,1000000000,"{""ethereum"":""0x9ab7bb7fdc60f4357ecfef43986818a2a3569c62"",""immutable"":""0xb00ed913aaff8280c17bff33cce82fe6d79e85e8""}",18
meeds-dao,MEED,Meeds DAO,meeds-dao,meeds-daocJA.png,23603190,"{""ethereum"":""0x8503a7b00b4b52692cc6c14e5b96f142e30547b7"",""polygon-pos"":""0x6aca77cf3bab0c4e8210a09b57b07854a995289a"",""arbitrum-one"":""0xe4db3652ac7f88c5712717fd774676bf4aa56769"",""base"":""0xd9df947d2a8f9c28c37af7cb7c526022fb14efa2"",""optimistic-ethereum"":""0xdd462e9399624dfcf73018793bd50a7ef47940b9""}",18
crecoin,CREC,Crecoin,crecoin,crecoinn1A.png,9999999897,"{""solana"":""H94yBE9hRVFHEcyqtbP4tW7YGRqBUA6qFQrDHMZTe56J""}",18
Bo9jh3wsmcC2AjakLWzNmKJ3SgtZmXEcSaW7L2FAvUsU_solana,LIBRA,Libra,libra-5,Bo9jh3wsmcC2AjakLWzNmKJ3SgtZmXEcSaW7L2FAvUsU_solana0KE.png,999983136,"{""solana"":""Bo9jh3wsmcC2AjakLWzNmKJ3SgtZmXEcSaW7L2FAvUsU""}",18
wfca,WFCA,World Friendship Cash,wfca,wfcaTIb.png,1000000000,"{""ethereum"":""0xae4533189c7281501f04ba4b7c37e3aded402902""}",18
0x8d4dfaaa4198b6486e0293fec914c2b6a821d4dc_robinhood,KITSU,Kitsu,kitsu-2,0x8d4dfaaa4198b6486e0293fec914c2b6a821d4dc_robinhoodQFi.png,1000000000,"{""robinhood"":""0x8d4dfaaa4198b6486e0293fec914c2b6a821d4dc""}",18
glo-dollar,USDGLO,Glo Dollar,glo-dollar,glo-dollarAeB.png,977256,"{""ethereum"":""0x4f604735c1cf31399c6e711d5962b2b3e0225ad3"",""polygon-pos"":""0x4f604735c1cf31399c6e711d5962b2b3e0225ad3"",""celo"":""0x4f604735c1cf31399c6e711d5962b2b3e0225ad3"",""arbitrum-one"":""0x4f604735c1cf31399c6e711d5962b2b3e0225ad3"",""optimistic-ethereum"":""0x4f604735c1cf31399c6e711d5962b2b3e0225ad3"",""stellar"":""USDGLO-GBBS25EGYQPGEZCGCFBKG4OAGFXU6DSOQBGTHELLJT3HZXZJ34HWS6XV"",""base"":""0x4f604735c1cf31399c6e711d5962b2b3e0225ad3"",""vechain"":""0x29c630cce4ddb23900f5fe66ab55e488c15b9f5e""}",18
ethereum-push-notification-service,PUSH,Push Protocol,ethereum-push-notification-service,ethereum-push-notification-servicepzE.png,100000000,"{""ethereum"":""0xf418588522d5dd018b425e472991e52ebbeeeeee"",""polygon-pos"":""0x58001cc1a9e17a20935079ab40b1b8f4fc19efd1""}",18
cudos,CUDOS,Cudos,cudos,cudosMew.png,545846845,"{""ethereum"":""0x817bbdbc3e8a1204f3691d14bb44992841e3db35"",""archway"":""ibc/2AE1ECA44CAD0C933CE178742595CE6796530FA1983E4FA7F4E43FBB5854D505"",""osmosis"":""ibc/E09ED39F390EC51FA9F3F69BEA08B5BBE6A48B3057B2B1C3467FAAE9E58B021B""}",18
rizzmas-3,RIZZMAS,Rizzmas,rizzmas-3,rizzmas-3rhu.png,999999658,"{""solana"":""ADA9mtno4BVknoSefbqdh7aMPg4wwxZHKByRpJNTpump""}",18
us-sonic-dollar,USSD,US Sonic Dollar,us-sonic-dollar,us-sonic-dollarzIJ.png,970942,"{""sonic"":""0x000000000eccff26b795f73fb0a70d48da657fef""}",18
CJjraBaedPnKzjnag12i7PVo5pSP6cB9heV8zr89bonk_solana,PROJECT89,Project 89,project89-2,CJjraBaedPnKzjnag12i7PVo5pSP6cB9heV8zr89bonk_solanak5G.png,1346568460,"{""solana"":""CJjraBaedPnKzjnag12i7PVo5pSP6cB9heV8zr89bonk""}",18
66bHtzcXqmLgkn668EG4ETzHL3RLz5ybdckqvrPppump_solana,VANKEDISI,vankedisi,vankedisi,66bHtzcXqmLgkn668EG4ETzHL3RLz5ybdckqvrPppump_solanaMId.png,85217825,"{""solana"":""66bHtzcXqmLgkn668EG4ETzHL3RLz5ybdckqvrPppump""}",18
0xedaee44320107caa714baaec486261a87f27022d_robinhood,PONGO,PONGO,pongo-3,pongo-3iuB.png,1000000000,"{""robinhood"":""0xedaee44320107caa714baaec486261a87f27022d""}",18
tidecoin,TDC,Tidecoin,tidecoin,tidecoincK7.png,18968544,,
asml-bstocks-tokenized-stock,ASMLB,ASML (bStocks Tokenized Stock),asml-bstocks-tokenized-stock,asml-bstocks-tokenized-stock7uI.png,520.0013,"{""binance_smart"":""0xfbfb4f79cfb4c34dcd7c82bdee5a0fa199b2e7f9""}",18
kin,KIN,Kin,kin,1665639880704.png,2647295831876,"{""ethereum"":""0x818fc6c2ec5986bc6e2cbf00939d90556ab12ce5"",""solana"":""kinXdEcpDQeHPEuQnqmUgtYykqKGVFq6CeVX5iAHJq6""}",18
0xa1b644aec990ad6023811ced36e6a2d6d128c7c9_berachain,IR,Infrared Finance,infrared-finance,infrared-financewr6.png,1000000000,"{""berachain"":""0xa1b644aec990ad6023811ced36e6a2d6d128c7c9"",""binance_smart"":""0xace9de5af92eb82a97a5973b00eff85024bdcb39""}",18
ishares-msci-south-korea-etf-ondo-tokenized,EWYON,iShares MSCI South Korea ETF (Ondo Tokenized),ishares-msci-south-korea-etf-ondo-tokenized,ishares-msci-south-korea-etf-ondo-tokenizedRS7.png,5055,"{""ethereum"":""0xbd660e96d45e7c175512d1ed0ccc119cb980b81a"",""binance_smart"":""0x12b7adc48416a103f63e7e6210f62c81dfb91fd0"",""solana"":""C8pSaSgjkiTWixS3GM6Hxd6HKnKrgAbY9WDgfVeondo"",""hyperevm"":""0xed871e0d99369ab869fc38255a284361a137746b""}",18
0x0511df77e420c9c37b065ddb7973d0f81430a092_ethereum,ENX,Enigma,enigma-2,0x0511df77e420c9c37b065ddb7973d0f81430a092_ethereumu6Z.png,100000000,"{""ethereum"":""0x0511df77e420c9c37b065ddb7973d0f81430a092""}",18
moonThZEkkTVoNB7v6YVCQiT56JYDZ1oN185ba3WizL_solana,MF,Moonwalk Fitness,moonwalk-fitness,moonwalk-fitnessHsJ.png,999994739,"{""solana"":""moonThZEkkTVoNB7v6YVCQiT56JYDZ1oN185ba3WizL""}",18
ufo-gaming,UFO,UFO Gaming,ufo-gaming,ufo-gamingmAx.png,25757575757575,"{""ethereum"":""0x249e38ea4102d0cf8264d3701f1a0e39c4f2dc3b""}",18
AT13ipG8K4HDyEJm3H1ZVQV2Bw8sihewoLQReSMsYo3o_solana,AU79,AU79,au79,AT13ipG8K4HDyEJm3H1ZVQV2Bw8sihewoLQReSMsYo3o_solana5kJ.png,999865045,"{""solana"":""AT13ipG8K4HDyEJm3H1ZVQV2Bw8sihewoLQReSMsYo3o""}",18
draggin-karma-points,DKP,Draggin Karma Points,draggin-karma-points,draggin-karma-points637.png,7999999822,"{""internet-computer"":""zfcdd-tqaaa-aaaaq-aaaga-cai""}",18
0xb200000000000000000000fd2f87532b90095211_base,MUC,Micron Technology Inc. (Coinbase Tokenized Stock),micron-technology-inc-coinbase-tokenized-stock,micron-technology-inc-coinbase-tokenized-stockea3.png,901.4419,"{""base"":""0xb200000000000000000000fd2f87532b90095211""}",18
taonado,SN113,TensorUSD,taonado,taonadou4Q.png,1665781,"{""bittensor"":""113""}",18
0x043eb4b75d0805c43d7c834902e335621983cf03_base,CADC,CAD Coin,cad-coin,cad-coin0j4.png,1381966,"{""base"":""0x043eb4b75d0805c43d7c834902e335621983cf03"",""ethereum"":""0xcadc0acd4b445166f12d2c07eac6e2544fbe2eef"",""arbitrum-one"":""0x2b28e826b55e399f4d4699b85f68666ac51e6f70"",""polygon-pos"":""0x9de41aff9f55219d5bf4359f167d1d0c772a396d"",""linea"":""0xa0b18e70387ba72d1c7038bc0bd3a05e5a2287f6"",""solana"":""9ewjJpmD1ES83RDRFnHs7V2hUdH76WAVjdvu6UV6WNo7""}",18
0x3dc8e2d80b6215a1bccae4d38715c3520581e77c_binance_smart,EPT,Balance,balance,balancezwM.png,10000000000,"{""binance_smart"":""0x3dc8e2d80b6215a1bccae4d38715c3520581e77c""}",18
dola-borrowing-right,DBR,DOLA Borrowing Right,dola-borrowing-right,dola-borrowing-rightrdJ.png,36593747,"{""ethereum"":""0xad038eb671c44b853887a7e32528fab35dc5d710""}",18
bloom-energy-ondo-tokenized,BEON,Bloom Energy (Ondo Tokenized),bloom-energy-ondo-tokenized,bloom-energy-ondo-tokenizeduMn.png,3322,"{""ethereum"":""0x92e04b1fcc2b16347820241d226853cf01c9ebab"",""binance_smart"":""0x17d03ae104a9d12e9e5794efb109b817dd7f3404"",""solana"":""bBMTGF7atoCizHMT3KCeqJzqR2gXFSUXr53AEDgondo""}",18
play-solana-token,PLAY,Play Solana Token,play-solana-token,play-solana-token2bE.png,4999992833,"{""solana"":""PLAYs3GSSadH2q2JLS7djp7yzeT75NK78XgrE5YLrfq""}",18
pandora,PANDORA,Pandora,pandora,pandora3LT.png,10000,"{""ethereum"":""0x9e9fbde7c7a83c43913bddc8779158f1368f0413""}",18
real-world-services,RWS,Real World Services,real-world-services,real-world-servicesQWI.png,99092562,"{""binance_smart"":""0xa226dfdd0e2168676ba13889e93c07ce3a0b4e37""}",18
wrapped-astr,WASTR,Wrapped ASTR,wrapped-astr,wrapped-astrBSR.png,127719482,"{""astar"":""0x37795fdd8c165cab4d6c05771d564d80439cd093""}",18
3psH1Mj1f7yUfaD5gh6Zj7epE8hhrMkMETgv5TshQA4o_solana,BODEN,Jeo Boden,jeo-boden,jeo-bodenbxm.png,690325163,"{""solana"":""3psH1Mj1f7yUfaD5gh6Zj7epE8hhrMkMETgv5TshQA4o""}",18
rootstock-bridged-usdt-rootstock,RUSDT,Rootstock Bridged USDT (Rootstock),rootstock-bridged-usdt-rootstock,rootstock-bridged-usdt-rootstockepu.png,780771,"{""rootstock"":""0xef213441a85df4d7acbdae0cf78004e1e486bb96""}",18
azit,AZIT,azit,azit,azit6Au.png,500000000,"{""klay-token"":""0x6cef6dd9a3c4ad226b8b66effeea2c125df194f1""}",18
FDEF2U9geiWS7sdGPCUo2r1wGswkJr2mmVTECiH6pump_solana,IDRAWLINE,MITCH,mitch,FDEF2U9geiWS7sdGPCUo2r1wGswkJr2mmVTECiH6pump_solanapAX.png,999999923,"{""solana"":""FDEF2U9geiWS7sdGPCUo2r1wGswkJr2mmVTECiH6pump""}",18
v-systems,VSYS,V.SYSTEMS,v-systems,v-systemsvzk.png,7358199539,,
hakka-finance,HAKKA,Hakka Finance,hakka-finance,hakka-financesXa.png,418960491,"{""ethereum"":""0x0e29e5abbb5fd88e28b2d355774e73bd47de3bcd""}",18
tower,TOWER,Tower,tower,towerGct.png,10000000000,"{""ethereum"":""0x1c9922314ed1415c95b9fd453c3818fd41867d0b"",""binance_smart"":""0xe7c9c6bc87b86f9e5b57072f907ee6460b593924"",""polygon-pos"":""0x2bc07124d8dac638e290f401046ad584546bc47b"",""base"":""0xf7c1cefcf7e1dd8161e00099facd3e1db9e528ee"",""the-open-network"":""EQC47YfVLWo-U_z7s6iEOkYAAEKF_C0-gBiB8KJL6s5m4JOP"",""solana"":""5Ro9KjSUGYisjREz8K5uD1fMdXnu1Jfq3Ktqm4EQMc1R""}",18
usa-rare-earth-bstocks-tokenized-stock,USARB,USA Rare Earth (bStocks Tokenized Stock),usa-rare-earth-bstocks-tokenized-stock,usa-rare-earth-bstocks-tokenized-stockECC.png,68974,"{""binance_smart"":""0xcd345d4450e04cdef422a60b97d9265d24e0bcee""}",18
wrapped-bitcoin-sollet,SOBTC,Wrapped Bitcoin (Sollet),wrapped-bitcoin-sollet,wrapped-bitcoin-solletPpM.png,16149,"{""solana"":""9n4nbM75f5Ui33ZbPYXn59EwSgE8CGsHtAeTH5YFeJ9E""}",18
0x923d915ddf0fe60c04addac68e13f0d5af03164f_robinhood,HADES,Hades,hades-4,hades-4JCJ.png,1000000000,"{""robinhood"":""0x923d915ddf0fe60c04addac68e13f0d5af03164f""}",18
flarecat,FCAT,FlareCat,flarecat,flarecatxmI.png,1000000000,"{""flare-network"":""0xbf6d832350c5fb787d3822841dc930c5ebdbb888"",""solana"":""BgtTwkskEJ7Akt21eZvj153spm3SyDHysWPryw7w8888""}",18
0x352a746f58fd970358593b8f60d1283a46f90528_robinhood,DATFRONG,dat frong,dat-frong,0x352a746f58fd970358593b8f60d1283a46f90528_robinhood5tc.png,1000000000,"{""robinhood"":""0x352a746f58fd970358593b8f60d1283a46f90528""}",18
0x16391c40e85fb2246a2c8c17bfa2594c5d3ef84b_robinhood,GRASS,Touch Grass,touch-grass-2,0x16391c40e85fb2246a2c8c17bfa2594c5d3ef84b_robinhoodRoC.png,978586022,"{""robinhood"":""0x16391c40e85fb2246a2c8c17bfa2594c5d3ef84b""}",18
talex,X,TaleX,talex,talexC8y.png,1000000000,"{""binance_smart"":""0x0510101ec6c49d24ed911f0011e22a0d697ee776""}",18
puff-the-dragon,PUFF,Puff The Dragon,puff-the-dragon,puff-the-dragon79B.png,888888888,"{""mantle"":""0x26a6b0dcdcfb981362afa56d581e4a7dba3be140"",""ethereum"":""0x31b6100f5f4466e6daeb1edb2f2ce6e548cf8938""}",18
mochi-thecatcoin,MOCHI,Mochi,mochi-thecatcoin,mochi-thecatcoinVaE.png,1000000000000,"{""base"":""0xf6e932ca12afa26665dc4dde7e27be02a7c02e50""}",18
salt,SALT,SALT,salt,SALT7Mc6x.png,120000000,"{""ethereum"":""0x4156d3342d5c385a87d264f90653733592000581""}",18
crowdstrike-xstock,CRWDX,CrowdStrike xStock,crowdstrike-xstock,crowdstrike-xstockJEd.png,916081,"{""arbitrum-one"":""0x214151022c2a5e380ab80cdac31f23ae554a7345"",""solana"":""Xs7xXqkcK7K8urEqGg52SECi79dRp2cEKKuYjUePYDw"",""binance_smart"":""0x214151022c2a5e380ab80cdac31f23ae554a7345"",""ethereum"":""0x214151022c2a5e380ab80cdac31f23ae554a7345""}",18
blocklords,LRDS,BLOCKLORDS,blocklords,blocklordsjiA.png,100000000,"{""ethereum"":""0xd0a6053f087e87a25dc60701ba6e663b1a548e85"",""base"":""0xb676f87a6e701f0de8de5ab91b56b66109766db1""}",18
0x8e98a62a995a50eca9979bfa016f91bf36a8f9d9_arc,USDC,UpSideDownCat,upsidedowncat-3,upsidedowncat-3khW.png,1000000000,"{""arc"":""0x8e98a62a995a50eca9979bfa016f91bf36a8f9d9""}",18
waterneuron,WTN,WaterNeuron,waterneuron,waterneuronO2L.png,116467248,"{""internet-computer"":""jcmow-hyaaa-aaaaq-aadlq-cai""}",18
uber-ondo-tokenized-stock,UBERON,Uber (Ondo Tokenized Stock),uber-ondo-tokenized-stock,uber-ondo-tokenized-stockLhM.png,13751,"{""ethereum"":""0x5bcd8195e3ef58f677aef9ebc276b5087c027050"",""binance_smart"":""0xde9d6036fca870f7efc5a82722ae694c371ac909"",""solana"":""KJNeFW3kk3ycPjXpC6cbuyckjeYHacc2ekhtAi5ondo""}",18
levva-protocol,LVVA,Levva Protocol,levva-protocol,levva-protocolnjK.png,2000000000,"{""ethereum"":""0x6243558a24cc6116abe751f27e6d7ede50abfc76""}",18
0xceebf25b318201f1f949be2fabbfcee231737139_robinhood,富贵,富贵 (Wealth and Prosperity),wealth-and-prosperity-2,wealth-and-prosperity-2Cp9.png,1000000000,"{""robinhood"":""0xceebf25b318201f1f949be2fabbfcee231737139""}",18
chirp-token,CHIRP,Chirp Token,chirp-token,chirp-token08S.png,139969702,"{""sui"":""0x1ef4c0b20340b8c6a59438204467ca71e1e7cbe918526f9c2c6c5444517cd5ca::chirp::CHIRP""}",18
aurora-dao,IDEX,IDEX,aurora-dao,IDEXrcI8x.png,1000000000,"{""ethereum"":""0xb705268213d593b8fd88d3fdeff93aff5cbdcfae"",""sora"":""0x006cfd2fb06c15cd2c464d1830c0d247e32f36f34233a6a266d6581ea5677582"",""polygon-pos"":""0x9cb74c8032b007466865f060ad2c46145d45553d""}",18
rezerve-money,RZR,Rezerve Money,rezerve-money,rezerve-moneynp7.png,1469160,"{""sonic"":""0xb4444468e444f89e1c2cac2f1d3ee7e336cbd1f5"",""ethereum"":""0xb4444468e444f89e1c2cac2f1d3ee7e336cbd1f5"",""arbitrum-one"":""0xb4444468e444f89e1c2cac2f1d3ee7e336cbd1f5"",""base"":""0xb4444468e444f89e1c2cac2f1d3ee7e336cbd1f5""}",18
lobo-the-wolf-pup-runes,LOBO,LOBO•THE•WOLF•PUP,lobo-the-wolf-pup-runes,lobo-the-wolf-pup-runesNEB.png,21000000000,"{""ordinals"":""840000:35""}",18
strive-rstock,RASST,Strive Tokenized Stock (Reality),strive-rstock,strive-rstockYDW.png,30938,"{""arbitrum-one"":""0xa1dcfeb1a6747dfda294b915d2b7c5951b9af4b2""}",18
4MrsXQzaosYNyFd4wKDvgnC5xRtRqgXRrijFTGj9pump_solana,NORMIE,Normie,normie-6,normie-6QV4.png,999985263,"{""solana"":""4MrsXQzaosYNyFd4wKDvgnC5xRtRqgXRrijFTGj9pump""}",18
camelot-token,GRAIL,Camelot Token,camelot-token,camelot-tokenzk8.png,92341,"{""arbitrum-one"":""0x3d9907f9a368ad0a51be60f7da3b97cf940982d8""}",18
5eEJpwFtBJTn7n9f6ryWmHjkPUQQghHt4YjvtMSjEEwj_solana,SNORT,Snorter,snorter,snorterDPK.png,249999994,"{""solana"":""5eEJpwFtBJTn7n9f6ryWmHjkPUQQghHt4YjvtMSjEEwj"",""ethereum"":""0x21f5b2bacb67c94aa0982ce7428f7d1b3c9ceb53""}",18
corning-ondo-tokenized,GLWON,Corning (Ondo Tokenized),corning-ondo-tokenized,corning-ondo-tokenizedute.png,5642,"{""ethereum"":""0xe45575b8895664dedf7beffee98b078f2cf1a192"",""solana"":""YQzNQh2YSFQ6nh91E8Ja71U6JuZDLap5jJCsELGondo"",""binance_smart"":""0x25a4dbae9a0cd8c75656d6b50ffdf4900cc20d8f""}",18
0xef67e3064bef1a27e81925ec7132f23e533bd5f6_robinhood,GME,Greatest Meme Ever,greatest-meme-ever,greatest-meme-everWGf.png,1000000000,"{""robinhood"":""0xef67e3064bef1a27e81925ec7132f23e533bd5f6""}",18
crypto-clouds,CLOUD,CRYPTO CLOUD,crypto-clouds,crypto-cloudsXmC.png,398991500,"{""internet-computer"":""pcj6u-uaaaa-aaaak-aewnq-cai""}",18
4everland,4EVER,4EVERLAND,4everland,4everland6EB.png,10000000000,"{""ethereum"":""0xe355de6a6043b0580ff5a26b46051a4809b12793"",""binance_smart"":""0x63ec886286f30ad392749b9e8f24f67f5b8ac394""}",18
cad-digital,CADD,CAD Digital,cad-digital,cad-digitaloXC.png,1319558,"{""ethereum"":""0x16f93ebc5320c89efc8701577efe49d14a276a06"",""base"":""0x16f93ebc5320c89efc8701577efe49d14a276a06"",""solana"":""Az9eyxEaiZD9AX4j5nP19Cm79eyfNriTuddMSQmLNEBm""}",18
earnbet,EBET,EarnBet,earnbet,earnbett3m.png,6758993204,"{""ethereum"":""0x5fbc2ffe91ac74e3e286bd7504b233f0e5291c69""}",18
0x94641b97010608c3827fb058074889f19868ff33_robinhood,VRAX,Commander Vrax,commander-vrax-2,commander-vrax-2tOX.png,918367347,"{""robinhood"":""0x94641b97010608c3827fb058074889f19868ff33""}",18
celer-bridged-usdc-conflux,USDC,Celer Bridged USDC (Conflux),celer-bridged-usdc-conflux,celer-bridged-usdc-confluxmx3.png,925318,"{""conflux"":""0x6963efed0ab40f6c3d7bda44a05dcf1437c44372""}",18
caesar,CAESAR,Caesar,caesar,caesarWVx.png,997504436,"{""solana"":""G4uJcvo5UAJ3fU1gj96e5DjBJU2RDDPx9Txzbjw6Y3LA"",""base"":""0xab51a37ce3a3339fe5611c1a762eef952dd3d808""}",18
mu-digital-mubond,MUBOND,Mu Digital muBOND,mu-digital-mubond,mu-digital-mubondfOw.png,927146,"{""monad"":""0x336d414754967c6682b5a665c7daf6f1409e63e8""}",18
pepebrc,PEPE,PEPE (Ordinals),pepebrc,pepebrcqcC.png,42069000,"{""ordinals"":""54d5fe82f5d284363fec6ae6137d0e5263e237caf15211078252c0d95af8943ai0""}",18
0x797f214a2cd64a4963a91fa21c8c55ec3eba4714_base,SIBYL,SIBYL,sibyl,sibylRZc.png,1000000000,"{""base"":""0x797f214a2cd64a4963a91fa21c8c55ec3eba4714""}",18
forgive-me-father,$PURGE,Forgive Me Father,forgive-me-father,forgive-me-fatherx4n.png,799989992,"{""near-protocol"":""purge-558.meme-cooking.near"",""solana"":""GqcYoMUr1x4N3kU7ViFd3T3EUx3C2cWKRdWFjYxSkKuh""}",18
oracle-robinhood-tokenized-stock,ORCL,Oracle • Robinhood Token,oracle-robinhood-tokenized-stock,oracle-robinhood-tokenized-stockjKs.png,6451,"{""robinhood"":""0xb0992820e760d836549ba69bc7598b4af75dee03""}",18
0xb68a20b9e9b06fde873897e12ab3372ce48f1a8a_binance_smart,$PLAY,Playdoge,playdoge,playdogePs9.png,9400000000,"{""binance_smart"":""0xb68a20b9e9b06fde873897e12ab3372ce48f1a8a"",""ethereum"":""0x6551698ee65f5db726e49f9ab0ff1ce9419003a7""}",18
0x00000000000000000000000000000000007e545e_hedera-hashgraph,BONZO,Bonzo Finance,bonzo-finance,bonzo-financeAvS.png,400000000,"{""hedera-hashgraph"":""0x00000000000000000000000000000000007e545e""}",18
arteris-ondo-tokenized,AIPON,Arteris (Ondo Tokenized),arteris-ondo-tokenized,arteris-ondo-tokenizedMue.png,37636,"{""ethereum"":""0x0d8ef471a11036bc6dda1536069457f7e97dab66"",""binance_smart"":""0xae922b6cc2371b6dce592a82fac15ef890a7d467"",""solana"":""jmnrdSzu293vKTWyEx3A2ZRVxxytJKW1wD3CLzkondo""}",18
tokenomy,TEN,Tokenomy,tokenomy,TokenomyrhORW.png,200000000,"{""ethereum"":""0xdd16ec0f66e54d453e6756713e533355989040e4""}",18
singularitynet,AGIX,SingularityNET,singularitynet,SingularityNETgyUx9.png,1278607368,"{""ethereum"":""0x5b7533812759b45c2b44c19e320ba2cd2681b542"",""sora"":""0x005e152271f8816d76221c7a0b5c6cafcb54fdfb6954dd8812f0158bfeac900d"",""cardano"":""f43a62fdc3965df486de8a0d32fe800963589c41b38946602a0dc53541474958""}",18
why,WHY,WHY,why,whyAwh.png,420000000000000,"{""binance_smart"":""0x9ec02756a559700d8d9e79ece56809f7bcc5dc27""}",18
0x47bb061c0204af921f43dc73c7d7768d2672ddee_hyperevm,BUDDY,alright buddy,alright-buddy,0x47bb061c0204af921f43dc73c7d7768d2672ddee_hyperevmOAA.png,1000000000,"{""hyperevm"":""0x47bb061c0204af921f43dc73c7d7768d2672ddee"",""hyperliquid"":""0x84ecb2340931f6b153ff10bcfafb6726""}",18
vk-token,VK,VK Token,vk-token,vk-tokenrAY.png,28000000000,"{""binance_smart"":""0x6a43cb09fc6d16525f38ecfa27cc568282d86678""}",18
zkml,ZKML,zKML,zkml,zkmlO7O.png,100000000,"{""ethereum"":""0xe92344b4edf545f3209094b192e46600a19e7c2d""}",18
0x1121acc14c63f3c872bfca497d10926a6098aac5_ethereum,DOGE,Department Of Government Efficiency,department-of-government-efficiency,0x1121acc14c63f3c872bfca497d10926a6098aac5_ethereumj91.png,979119975,"{""ethereum"":""0x1121acc14c63f3c872bfca497d10926a6098aac5"",""solana"":""KQijDbNJ6rPCqhtXrfH6gKa5cH3a39At8vHq34nnPbF"",""base"":""0x67f0870bb897f5e1c369976b4a2962d527b9562c""}",18
amplifyworld,AMPS,AMPLIFYWORLD,amplifyworld,amplifyworldEds.png,25000000000,"{""base"":""0x1a074f116786248fc79b130e6379293c7ef604a4""}",18
0xd77552d3849ab4d8c3b189a9582d0ba4c1f4f912_berachain,WGBERA,Wrapped gBera,wrapped-gbera,0xd77552d3849ab4d8c3b189a9582d0ba4c1f4f912_berachainoaj.png,3967465,"{""berachain"":""0xd77552d3849ab4d8c3b189a9582d0ba4c1f4f912""}",18
28G7z3VyHDFNhrnvSTf1GssKoGrtCrdiguASQy2BsHiF_solana,ESX,EstateX,estatex,estatexP8b.png,7000000000,"{""solana"":""28G7z3VyHDFNhrnvSTf1GssKoGrtCrdiguASQy2BsHiF"",""binance_smart"":""0x4ad006e61d77453ce99f6e24ba45d59e1c194644"",""base"":""0x6a72d3a87f97a0fee2c2ee4233bdaebc32813d7a""}",18
wrapped-viction,WVIC,Wrapped Viction,wrapped-viction,wrapped-victionrcb.png,210000000,"{""tomochain"":""0xc054751bdbd24ae713ba3dc9bd9434abe2abc1ce""}",18
roundhill-memory-etf-backpack-securities,DRAM,Roundhill Memory ETF (Backpack Securities),roundhill-memory-etf-backpack-securities,roundhill-memory-etf-backpack-securitiesuWA.png,14798,"{""solana"":""DRAMjSWR7HRfJKjRkvQWYL2bcaejaVhuxEcjf4pAY4Cw""}",18
plugin,PLI,Plugin,plugin,pluginYM1.png,500000000,"{""iotex"":""xdcff7412ea7c8445c46a8254dfb557ac1e48094391"",""xdc-network"":""xdcff7412ea7c8445c46a8254dfb557ac1e48094391""}",18
autocompounding-voting-kat,AVKAT,Autocompounding Voting KAT,autocompounding-voting-kat,autocompounding-voting-katKXB.png,144721447,"{""katana"":""0x7231dbacdfc968e07656d12389ab20de82fbfceb""}",18
galvan,IZE,Galvan,galvan,galvanoj3.png,12512362085,"{""ethereum"":""0xf7e945fce8f19302aacc7e1418b0a0bdef89327b""}",18
9qriMjPPAJTMCtfQnz7Mo9BsV2jAWTr2ff7yc3JWpump_solana,"""　""","""　""",-6,9qriMjPPAJTMCtfQnz7Mo9BsV2jAWTr2ff7yc3JWpump_solana2Q9.png,629521111,"{""solana"":""9qriMjPPAJTMCtfQnz7Mo9BsV2jAWTr2ff7yc3JWpump""}",18
x2y2,X2Y2,X2Y2,x2y2,x2y26Qf.png,999944302,"{""ethereum"":""0x1e4ede388cbc9f4b5c79681b7f94d36a11abebc9""}",18
s-p-global-ondo-tokenized-stock,SPGION,S&P Global (Ondo Tokenized Stock),s-p-global-ondo-tokenized-stock,s-p-global-ondo-tokenized-stockAa1.png,2211,"{""ethereum"":""0xbc843b147db4c7e00721d76037b8b92e13afe13f"",""binance_smart"":""0x55b370b704240a914f42b5bbb3195431c031f9f8"",""solana"":""JrTYw7A9jihX5TwpRStYviEbsYf2X2VJpZ13719ondo""}",18
mxc,MXC,MXC,mxc,mxc366.png,3250845877,"{""ethereum"":""0x5ca381bbfb58f0092df149bd3d243b08b9a8386e"",""arbitrum-one"":""0xaedf7656fbb47c5b97dd529ac1d0e807e051f2dd""}",18
0x10c56f005a379f8eafc88ff5c3f40d30f0031ac9_base,SR,Strike Robot,strike-robot,strike-robotrzx.png,1000000000,"{""base"":""0x10c56f005a379f8eafc88ff5c3f40d30f0031ac9""}",18
8NCievmJCg2d9Vc2TWgz2HkE6ANeSX7kwvdq5AL7pump_solana,BUNKER,BunkerCoin,bunkercoin,8NCievmJCg2d9Vc2TWgz2HkE6ANeSX7kwvdq5AL7pump_solanakz3.png,999671670,"{""solana"":""8NCievmJCg2d9Vc2TWgz2HkE6ANeSX7kwvdq5AL7pump""}",18
polygon-hermez-bridged-usdc-polygon-zkevm,USDC,Polygon Hermez Bridged USDC (Polygon zkEVM),polygon-hermez-bridged-usdc-polygon-zkevm,polygon-hermez-bridged-usdc-polygon-zkevmxKL.png,868626,"{""polygon-zkevm"":""0xa8ce8aee21bc2a48a5ef670afcc9274c7bbbc035""}",18
bridged-wrapped-ether-x-layer,WETH,x Layer Bridged WETH (x Layer),bridged-wrapped-ether-x-layer,bridged-wrapped-ether-x-layere7T.png,332.707,"{""x-layer"":""0x5a77f1443d16ee5761d310e38b62f77f726bc71c""}",18
everid,ID,Everest,everid,everidHAF.png,800000000,"{""ethereum"":""0xebd9d99a3982d547c5bb4db7e3b1f9f14b67eb83"",""binance_smart"":""0x8ea2526c2373ba3fe1d0987f5db8ac770a42dd51""}",18
evereth,EVERETH,EverETH Reflect,evereth,everethueA.png,493236790028639,"{""binance_smart"":""0x16dcc0ec78e91e868dca64be86aec62bf7c61037""}",18
B5WTLaRwaUQpKk7ir1wniNB6m5o8GgMrimhKMYan2R6B_solana,PEPE,Pepe on SOL,pepe-sol,pepe-solHZM.png,1000000000,"{""solana"":""B5WTLaRwaUQpKk7ir1wniNB6m5o8GgMrimhKMYan2R6B""}",18
bridged-wrapped-ether-eclipse,ETH,Bridged Wrapped Ether (Eclipse),bridged-wrapped-ether-eclipse,bridged-wrapped-ether-eclipsef4S.png,464.07,"{""eclipse"":""So11111111111111111111111111111111111111112""}",18
rnt-token,RNT,RNT,rnt-token,rnt-token2sr.png,999362328,"{""solana"":""2fUFhZyd47Mapv9wcfXh5gnQwFXtqcYu9xAN4THBpump""}",18
artrade,ATR,Artrade,artrade,artradeSjL.png,1263995252,"{""binance_smart"":""0x7559c49c3aec50e763a486bb232fa8d0d76078e4"",""solana"":""ATRLuHph8dxnPny4WSNW7fxkhbeivBrtWbY6BfB4xpLj""}",18
node-sys,NYS,node.sys,node-sys,node-sysiHW.png,450000000,"{""binance_smart"":""0x279960f9cb21965b33ad3f3ced07349363cb2030""}",18
alibaba-robinhood-tokenized-stock,BABA,Alibaba • Robinhood Token,alibaba-robinhood-tokenized-stock,alibaba-robinhood-tokenized-stockbGw.png,8340,"{""robinhood"":""0xad25ac6c84d497db898fa1e8387bf6af3532a1c4""}",18
meta-platforms-rstock,RMETA,Meta Platforms Tokenized Stock (Reality),meta-platforms-rstock,meta-platforms-rstockczn.png,1214,"{""arbitrum-one"":""0xb65f3005ab2aeede3707f56223c7c45f68cca008"",""morph-l2"":""0xb1dd9d126821b578bfc2505ad23cc9f0cf3ee47b""}",18
ceylon,RS,Ceylon,ceylon,ceylonrlK.png,3999999046274,"{""solana"":""13SAQgT5yMz163pfbNBVNSEs2iU3j5goJJCafa64iqbx""}",18
motion-6,MOTION,MOTION,motion-6,motion-6ju1.png,1000000000,"{""injective"":""factory/inj13j2rpnlwl30c02d4pzukykwfeyyhelvry9cqte/shroom_0_3b4d31d5571b97db""}",18
paraswap,PSP,ParaSwap,paraswap,paraswap6q6.png,968766740,"{""ethereum"":""0xcafe001067cdef266afb7eb5a286dcfd277f3de5"",""binance_smart"":""0xcafe001067cdef266afb7eb5a286dcfd277f3de5"",""polygon-pos"":""0x42d61d766b85431666b39b89c43011f24451bff6"",""optimistic-ethereum"":""0xd3594e879b358f430e20f82bea61e83562d49d48""}",18
cellar,CLR,INTERCELLAR,cellar,cellarvM5.png,460848728,"{""solana"":""CE11ARyXsqrw5ncLfPf6ZVbsqKjofF3CmUnoKNo2giia""}",18
D1YZZg9dBZ7AbfknZVbaeVLto36eySwoFYEVhZrD4F4n_solana,GO,LESGO,lesgo,lesgo1Zu.png,913392267,"{""solana"":""D1YZZg9dBZ7AbfknZVbaeVLto36eySwoFYEVhZrD4F4n""}",18
BreuhVohXX5fv6q41uyb3sojtAuGoGaiAhKBMtcrpump_solana,HEHE,hehe,hehecat,BreuhVohXX5fv6q41uyb3sojtAuGoGaiAhKBMtcrpump_solanatKE.png,840705210,"{""solana"":""BreuhVohXX5fv6q41uyb3sojtAuGoGaiAhKBMtcrpump""}",18
0x7a224b67aaa360e48402aab4ff12d89eef9b4cf8_chiliz,SPAIN,Spain,spain,spainTlv.png,29012176,"{""chiliz"":""0x7a224b67aaa360e48402aab4ff12d89eef9b4cf8"",""solana"":""5J66Ept1vhnkdWy96SFGRFkABJLu6372NoGQ4Jvnm1QF"",""base"":""0x6751b1a8b117dd02a212e46f208079f0328e60e3""}",18
0xf8b1b47aa748f5c7b5d0e80c726a843913eb573a_base,LTAI,LibertAI,libertai,libertai4P9.png,27304376,"{""base"":""0xf8b1b47aa748f5c7b5d0e80c726a843913eb573a"",""solana"":""mntpN8z1d29f3MWhMD7VqZFpeYmbD88MgwS3Bkz8y7u""}",18
orbit-bridge-klaytn-usdc,OUSDC,Bridged USD Coin (Orbit Bridge),orbit-bridge-klaytn-usdc,orbit-bridge-klaytn-usdcJXE.png,2888544,"{""klay-token"":""0x754288077d0ff82af7a5317c7cb8c444d421d103""}",18
solarba,SOLARBA,SolARBa,solarba,solarbaRy4.png,226697,"{""solana"":""6Qd6mmFR84jzg24S3851TWNGeTTFrfPko76UiHyRMDMT""}",18
kizuna,KIZUNA,Kizuna,kizuna,kizunaBCj.png,960934712324249,"{""ethereum"":""0x470c8950c0c3aa4b09654bc73b004615119a44b5""}",18
minidoge-5,MINIDOGE,Minidoge,minidoge-5,minidoge-5Zva.png,1000000000000000,"{""binance_smart"":""0xc76979538aad5c50ede8fe561830e35ab49c8888""}",18
energi,NRG,Energi,energi,EnergiDeNC4.png,105285044,"{""ethereum"":""0x1416946162b1c2c871a73b07e932d2fb6c932069""}",18
0x844c03892863b0e3e00e805e41b34527044d5c72_base,$PANANA,Panana,panana,0x844c03892863b0e3e00e805e41b34527044d5c72_baseA5H.png,412819396524,"{""base"":""0x844c03892863b0e3e00e805e41b34527044d5c72""}",18
asml-xstock,ASMLX,ASML xStock,asml-xstock,asml-xstockxYR.png,74366,"{""ethereum"":""0xc0b417e7f83db438631eb5e096684dd742e5294f"",""solana"":""XshuHQ6o6SVpUNawvnnTMxsZ4tacZsNgVCLorv7TkFq""}",18
flute,FLUT,Flute,flute,fluteHC4.png,9997800000,"{""ethereum"":""0x4f08705fb8f33affc231ed66e626b40e84a71870""}",18
0x90ec58ef4cc9f37b96de1e203b65bd4e6e79580e_base,AMETA,Alpha City,alpha-city,0x90ec58ef4cc9f37b96de1e203b65bd4e6e79580e_baseK9F.png,10000000000,"{""base"":""0x90ec58ef4cc9f37b96de1e203b65bd4e6e79580e""}",18
x95HN3DWvbfCBtTjGm587z8suK3ec6cwQwgZNLbWKyp_solana,HACHI,Hachiko,hachiko-3,x95HN3DWvbfCBtTjGm587z8suK3ec6cwQwgZNLbWKyp_solanaN1q.png,964397601362135,"{""solana"":""x95HN3DWvbfCBtTjGm587z8suK3ec6cwQwgZNLbWKyp""}",18
wagmi-2,WAGMI,Wagmi,wagmi-2,wagmi-2XeL.png,5089672107,"{""ethereum"":""0x92cc36d66e9d739d50673d1f27929a371fb83a67"",""fantom"":""0xb1f795776cb9ddac6e7e162f31c7419dd3d48297"",""kava"":""0xaf20f5f19698f1d19351028cd7103b63d30de7d7"",""arbitrum-one"":""0xaf20f5f19698f1d19351028cd7103b63d30de7d7"",""avalanche"":""0xaf20f5f19698f1d19351028cd7103b63d30de7d7"",""binance_smart"":""0xaf20f5f19698f1d19351028cd7103b63d30de7d7"",""polygon-pos"":""0x07ed33a242bd9c08ca3c198e01189e35265024da"",""optimistic-ethereum"":""0xaf20f5f19698f1d19351028cd7103b63d30de7d7"",""zksync"":""0x3613ad277df1d5935d41400a181aa9ec1dc2dc9e"",""metis-andromeda"":""0xaf20f5f19698f1d19351028cd7103b63d30de7d7"",""base"":""0xaf20f5f19698f1d19351028cd7103b63d30de7d7"",""iota-evm"":""0xaf20f5f19698f1d19351028cd7103b63d30de7d7"",""solana"":""Hb4m5r21uoA1rWiNFBJgWN8W52QYbw6UV9jAQDbGNsqH"",""sonic"":""0x0e0ce4d450c705f8a0b6dd9d5123e3df2787d16b""}",18
rt-pool-cc-token-v2,RTPLV2,RT-Pool.cc Token V2,rt-pool-cc-token-v2,rt-pool-cc-token-v2iY7.png,99999324,"{""solana"":""EFuksA43CLhwjPERsMxB1Mg33kg9QuhumiZQ7ihBEGca""}",18
0xa6e3eacdf8e6a1ea02052693838f3653fa3bffff_binance_smart,GRIOT,GRIOT,griot,griotPDe.png,994491433,"{""binance_smart"":""0xa6e3eacdf8e6a1ea02052693838f3653fa3bffff""}",18
DmxDBXTxEnNXVNNVVZe9QhgoKnr8anjE1b49dpZapump_solana,XPT,XPT,xpt,xptnm5.png,999993489,"{""solana"":""DmxDBXTxEnNXVNNVVZe9QhgoKnr8anjE1b49dpZapump""}",18
0x3b991130eae3cca364406d718da22fa1c3e7c256_ethereum,SHRUB,Shrub,shrub,shrubMeT.png,950000000,"{""ethereum"":""0x3b991130eae3cca364406d718da22fa1c3e7c256"",""solana"":""Em8WF6pg9FmKDy1dXkWhXxpgmfhj5Bes3ZCE8PCCJSHt"",""base"":""0x1eefd52f6e218f262da7b0089b9e343a1eb5c9f4""}",18
chain-key-usdt,CKUSDT,Chain-key USDT,chain-key-usdt,chain-key-usdtiXr.png,868553,"{""internet-computer"":""cngnf-vqaaa-aaaar-qag4q-cai""}",18
0x3b005fefc63ca7c8d25ee21fba3787229ba4cf03_scroll,USX,USX,usx-2,usx-2Xso.png,869021,"{""scroll"":""0x3b005fefc63ca7c8d25ee21fba3787229ba4cf03""}",18
0x03c7054bcb39f7b2e5b2c7acb37583e32d70cfa3_bob-network,WBTC,Bridged Wrapped Bitcoin (BOB Network),bridged-wrapped-bitcoin-bob-network,bridged-wrapped-bitcoin-bob-networksFY.png,10.1886,"{""bob-network"":""0x03c7054bcb39f7b2e5b2c7acb37583e32d70cfa3""}",18
0xe1ab61f7b093435204df32f5b3a405de55445ea8_binance_smart,ION,Ice Open Network,ice-open-network,ice-open-networkbn9.png,21126741774,"{""binance_smart"":""0xe1ab61f7b093435204df32f5b3a405de55445ea8""}",18
obol-2,OBOL,Obol,obol-2,obol-2bKv.png,500000000,"{""ethereum"":""0x0b010000b7624eb9b3dfbc279673c76e9d29d5f7""}",18
cypherpunk-technologies-bstocks-tokenized-stock,CYPHB,Cypherpunk Technologies (bStocks Tokenized Stock),cypherpunk-technologies-bstocks-tokenized-stock,cypherpunk-technologies-bstocks-tokenized-stock8wt.png,286781,"{""binance_smart"":""0x0393c28065c54e48b45bdb05eff5c401cf891da1""}",18
iousdc,IOUSDC,Bridged USD Coin (IoTeX),iousdc,iousdcqAd.png,1363546,"{""iotex"":""0x3b2bf2b523f54c4e454f08aa286d03115aff326c""}",18
netflix-ondo-tokenized-stock,NFLXON,Netflix (Ondo Tokenized Stock),netflix-ondo-tokenized-stock,netflix-ondo-tokenized-stockZw8.png,1270,"{""ethereum"":""0x032dec3372f25c41ea8054b4987a7c4832cdb338"",""binance_smart"":""0x7048f5227b032326cc8dbc53cf3fddd947a2c757"",""solana"":""g4KnPrxPLeeKkwvDmZFMtYQPM64eHeShbD55vK6ondo"",""hyperevm"":""0x81ebb420a81855f1bf1b0ff95eca9d3bd736ea89""}",18
roko-network,ROKO,Roko Network,roko-network,roko-networkWRO.png,369369369369,"{""ethereum"":""0x6f222e04f6c53cc688ffb0abe7206aac66a8ff98""}",18
american-express-ondo-tokenized-stock,AXPON,American Express (Ondo Tokenized Stock),american-express-ondo-tokenized-stock,american-express-ondo-tokenized-stockWXj.png,2819,"{""ethereum"":""0x2bc7ff0c5da9f1a4a51f96e77c5b0f7165dc06d2"",""binance_smart"":""0xd803f8777187d6dee1ea57854aeb957043fb1675"",""solana"":""1WxT6NdK7uqpfXuKpALxL2n3f7Rq61XXeHA8UM4ondo""}",18
spdr-bloomberg-1-3-month-t-bill-etf-anchored-tokenized-etf,ABIL,SPDR Bloomberg 1-3 Month T-Bill ETF (Anchored Tokenized ETF),spdr-bloomberg-1-3-month-t-bill-etf-anchored-tokenized-etf,spdr-bloomberg-1-3-month-t-bill-etf-anchored-tokenized-etfEZS.png,9425,"{""monad"":""0x4fc5b9f8933597d3ecf84d0611687e1dc8dd576f"",""ethereum"":""0x4fc5b9f8933597d3ecf84d0611687e1dc8dd576f"",""base"":""0x4fc5b9f8933597d3ecf84d0611687e1dc8dd576f"",""arbitrum-one"":""0x4fc5b9f8933597d3ecf84d0611687e1dc8dd576f"",""robinhood"":""0x4fc5b9f8933597d3ecf84d0611687e1dc8dd576f"",""binance_smart"":""0x4fc5b9f8933597d3ecf84d0611687e1dc8dd576f""}",18
0xb235cf255b48500df4459475e054e7beb25cb772_base,NEMESIS,Nemesis,nemesis-2,nemesis-2lrw.png,1000000000,"{""base"":""0xb235cf255b48500df4459475e054e7beb25cb772""}",18
pussy-financial,PUSSY,Pussy Financial,pussy-financial,pussy-financialMGt.png,420000000000,"{""ethereum"":""0x9196e18bc349b1f64bc08784eae259525329a1ad"",""binance_smart"":""0xd9e8d20bde081600fac0d94b88eafaddce55aa43"",""solana"":""HptE1m1U5DanCEhhttTmPpG32KepPoaC4AfdkBiC6UZG""}",18
adobe-ondo-tokenized-stock,ADBEON,Adobe (Ondo Tokenized Stock),adobe-ondo-tokenized-stock,adobe-ondo-tokenized-stockACt.png,3613,"{""ethereum"":""0x7042a8ffc7c7049684bfbc2fcb41b72380755a43"",""binance_smart"":""0xcb22db0ecb6fe58b7b47db443dcfdfdfbf729cef"",""solana"":""12Rh6JhfW4X5fKP16bbUdb4pcVCKDHFB48x8GG33ondo""}",18
for-sale,SN47,For Sale,for-sale,for-sale6Ce.png,1440629,"{""bittensor"":""47""}",18
0xcbf4d5efa82e32a9187385480a7c74cb062b956c_ethereum,SATOSHI,Satoshi Nakamoto,satoshi-nakamoto,satoshi-nakamotodDq.png,2100000,"{""ethereum"":""0xcbf4d5efa82e32a9187385480a7c74cb062b956c"",""base"":""0x45e7eaedb8e3360f850c963c5419a5236e451217"",""solana"":""E8Cn4QEmZSvr55ZeAJwyo2r8kAX79qzdtQdFudDaZJCV""}",18
doordash-ondo-tokenized-stock,DASHON,DoorDash (Ondo Tokenized Stock),doordash-ondo-tokenized-stock,doordash-ondo-tokenized-stockH2k.png,4726,"{""ethereum"":""0x241958c86c7744d15d5f6314ba1ea4c81dda2896"",""binance_smart"":""0x7567c2a46bce46373b454682f3d95e6535bde144"",""solana"":""83P1gCFBZfGRCwJuBt9juxJKEsZwejJoG66eTZ6ondo""}",18
pyth-usdc,PYTHUSDC,Pyth USDC,pyth-usdc,pyth-usdcNys.png,796994,"{""base"":""0x0fabfeacedf47e890c50c8120177fff69c6a1d9b""}",18
DitHyRMQiSDhn5cnKMJV2CDDt6sVct96YrECiM49pump_solana,HOUSE,Housecoin,housecoin-2,housecoin-2iZj.png,997336820,"{""solana"":""DitHyRMQiSDhn5cnKMJV2CDDt6sVct96YrECiM49pump""}",18
0xc6405d7a226e1c18e559be2f335f74c01ad07bf5_base,STFY,Stockify,stockify-2,199a36132b0a3dc4005a313ca0986263.png,1000000000,"{""base"":""0xc6405d7a226e1c18e559be2f335f74c01ad07bf5""}",18
catcoin,CAT,Catcoin,catcoin,catcoinzTk.png,21000000,,
syfu-excavation-token,EVT,SyFu Excavation Token,syfu-excavation-token,syfu-excavation-token8cN.png,3039478,"{""binance_smart"":""0x73b895da1197403b8fbbb179633ec3fd526b2fd5""}",18
krwt,KRWQ,KRWQ,krwt,krwtptC.png,1222188104,"{""ethereum"":""0xc00db6b41473d065027f5ed6fada20fde75f142e"",""base"":""0x370923d39f139c64813f173a1bf0b4f9ba36a24f""}",18
coin-capsule,CAPS,Ternoa,coin-capsule,coin-capsuleh7m.png,2495986190,"{""ethereum"":""0x03be5c903c727ee2c8c4e9bc0acc860cca4715e2"",""binance_smart"":""0xffba7529ac181c2ee1844548e6d7061c9a597df4""}",18
0xab964f7b7b6391bd6c4e8512ef00d01f255d9c0d_base,CONVO,Prefrontal Cortex Convo Agent by Virtuals,prefrontal-cortex-convo-agent-by-virtuals,prefrontal-cortex-convo-agent-by-virtualshwX.png,1000000000,"{""base"":""0xab964f7b7b6391bd6c4e8512ef00d01f255d9c0d""}",18
0xd0cc2b0efb168bfe1f94a948d8df70fa10257196_ethereum,VIBESTR,VibeStrategy,vibestrategy,vibestrategyMVO.png,724755403,"{""ethereum"":""0xd0cc2b0efb168bfe1f94a948d8df70fa10257196""}",18
BeFtLwLtS9Rva12KrHKRMY1H5WoeM1Y2ULMnNJKopump_solana,BINDER,BINDER,binder,binder1dj.png,999959306,"{""solana"":""BeFtLwLtS9Rva12KrHKRMY1H5WoeM1Y2ULMnNJKopump""}",18
roblox-rstock,RRBLX,Roblox Tokenized Stock (Reality),roblox-rstock,roblox-rstockyIy.png,19845,"{""arbitrum-one"":""0x93c1fd913ece21efe1dd353072a2a4403382c921"",""morph-l2"":""0x204aca82ff67de933c0cecde51c9d4c4681e5586""}",18
ether-fi-staked-eigen,EEIGEN,ether.fi Staked EIGEN,ether-fi-staked-eigen,ether-fi-staked-eigenFvo.png,3105874,"{""ethereum"":""0xe77076518a813616315eaaba6ca8e595e845eee9""}",18
super-micro-computer-bstocks-tokenized-stock,SMCIB,Super Micro Computer (bStocks Tokenized Stock),super-micro-computer-bstocks-tokenized-stock,super-micro-computer-bstocks-tokenized-stockAoC.png,19485,"{""binance_smart"":""0x387dea1d2772d716d081a29116f3effa0ffe1f36""}",18
qi-dao,QI,Qi Dao,qi-dao,qi-daoaQC.png,200000000,"{""ethereum"":""0x559b7bfc48a5274754b08819f75c5f27af53d53b"",""base"":""0xd3fdcb837dafdb7c9c3ebd48fe22a53f6dd3d7d7""}",18
near-intents-bridged-sol,SOL,NEAR Intents Bridged SOL,near-intents-bridged-sol,near-intents-bridged-solqcK.png,7017,"{""near-protocol"":""sol.omft.near""}",18
banano,BAN,Banano,banano,BananoNzHPZ.png,1918844374,,
xfee,XFEE,XFee,xfee,xfeergK.png,986591,"{""solana"":""96egraTCizRpzNx4WvMMhPJf7TKS7W5kUHeenmd1XfuN""}",18
CFNRDaxFcvRwRSNnA5cHrCCr6AHhk9dNkHWpRUjNupFL_solana,RAYCAT,Raydium Cat,raydium-cat,raydium-cat8fk.png,962509755,"{""solana"":""CFNRDaxFcvRwRSNnA5cHrCCr6AHhk9dNkHWpRUjNupFL""}",18
0x0709f39376deee2a2dfc94a58edeb2eb9df012bd_abstract,USDT,Abstract Bridged USDT (Abstract),abstract-bridged-usdt-abstract,abstract-bridged-usdt-abstractm3F.png,847628,"{""abstract"":""0x0709f39376deee2a2dfc94a58edeb2eb9df012bd""}",18
lumentum-holdings-ondo-tokenized,LITEON,Lumentum Holdings (Ondo Tokenized),lumentum-holdings-ondo-tokenized,lumentum-holdings-ondo-tokenizedPYd.png,776.6827,"{""ethereum"":""0xbf5ab848efff75d897a3dbe4647b939c59d3cdb0"",""binance_smart"":""0x0facafb97ffdba3cae88512070af49bd30674cd9"",""solana"":""YrquZHx3f6sXsnZZAQiVsyQfvHwLmn2XTkDiZ1uondo""}",18
0x16332535e2c27da578bc2e82beb09ce9d3c8eb07_base,$CLAWBANK,ClawBank,clawbank,0x16332535e2c27da578bc2e82beb09ce9d3c8eb07_base03a.png,100000000000,"{""base"":""0x16332535e2c27da578bc2e82beb09ce9d3c8eb07"",""robinhood"":""0x65b445518b1ad0d9c597731494f5bd2991b7ec08""}",18
0x6ff45323817d1d53bbb8a8dfba9245ae74057777_binance_smart,MEMESTOCK,memestock,memestock-3,0x6ff45323817d1d53bbb8a8dfba9245ae74057777_binance_smartXUb.png,1000000000,"{""binance_smart"":""0x6ff45323817d1d53bbb8a8dfba9245ae74057777""}",18
ishares-silver-trust-rstock,RSLV,iShares Silver Trust Tokenized Stock (Reality),ishares-silver-trust-rstock,ishares-silver-trust-rstockfEq.png,15366,"{""arbitrum-one"":""0xc3820f3a9fd36885a0a5e1a9a54aa201b0383d93"",""morph-l2"":""0xc43ae09f24903da0bfa84b043b90ff4f80c89705""}",18
ethos-3,ETHOS,Ethos,ethos-3,ethos-32pE.png,5000000000,"{""ethereum"":""0xcdb8fc4ef27dfeaba9b31899a9d165398bf97b9e""}",18
graniteshares-2x-long-mrvl-etf-bstocks-tokenized-stock,MVLLB,GraniteShares 2X Long MRVL ETF (bStocks Tokenized Stock),graniteshares-2x-long-mrvl-etf-bstocks-tokenized-stock,graniteshares-2x-long-mrvl-etf-bstocks-tokenized-stock5SE.png,22097,"{""binance_smart"":""0x7c26a12f20507e2cee22ceebed9e88fda47f866c""}",18
merchant-token,MTO,Merchant,merchant-token,merchant-tokenWAq.png,92498216,"{""ethereum"":""0xe66b3aa360bb78468c00bebe163630269db3324f""}",18
water-rabbit,WAR,Water Rabbit,water-rabbit,water-rabbitBp1.png,844525699,"{""binance_smart"":""0x57bfe2af99aeb7a3de3bc0c42c22353742bfd20d""}",18
rizzmas,RIZZMAS,Rizzmas [OLD],rizzmas,rizzmasKNB.png,496416563892,"{""solana"":""85cQsFgbi8mBZxiPppbpPXuV7j1hA8tBwhjF4gKW6mHg""}",18
celer-bridged-usdc-astar,USDC,Celer Bridged USDC (Astar),celer-bridged-usdc-astar,celer-bridged-usdc-astar06i.png,839203,"{""astar"":""0x6a2d262d56735dba19dd70682b39f6be9a931d98""}",18
jetton,JETTON,JetTon Games,jetton,jettonDg0.png,71000001,"{""the-open-network"":""EQAQXlWJvGbbFfE8F3oS8s87lIgdovS455IsWFaRdmJetTon""}",18
blocksquare,BST,Blocksquare,blocksquare,blocksquareYkV.png,69263162,"{""ethereum"":""0x509a38b7a1cc0dcd83aa9d06214663d9ec7c7f4a""}",18
0x64da67a12a46f1ddf337393e2da12ed0a507ad3d_binance_smart,BNBFROG,BNB Frog Inu,bnb-frog-inu,0x64da67a12a46f1ddf337393e2da12ed0a507ad3d_binance_smartFhQ.png,0,"{""binance_smart"":""0x64da67a12a46f1ddf337393e2da12ed0a507ad3d""}",18
0x36f2fd027f5f27c59b8c6d64df64bcc8e8c97777_binance_smart,雪球,雪球 (Snowball),xuequi,0x36f2fd027f5f27c59b8c6d64df64bcc8e8c97777_binance_smart472.png,172213743,"{""binance_smart"":""0x36f2fd027f5f27c59b8c6d64df64bcc8e8c97777""}",18
metal-dollar,XMD,Metal Dollar,metal-dollar,metal-dollarAe5.png,836561,"{""ethereum"":""0xa6707a8a00e94d1834ccda2856c9cf948941078d""}",18
0xf988f63bf26c3ed3fbf39922149e3e7b1e5c27cb_ronin,RONKE,RONKE,ronke,ronke36L.png,1000000000,"{""ronin"":""0xf988f63bf26c3ed3fbf39922149e3e7b1e5c27cb""}",18
0xfad8cb754230dbfd249db0e8eccb5142dd675a0d_base,AEROBUD,AEROBUD,aerobud,aerobudCEn.png,1000000000,"{""base"":""0xfad8cb754230dbfd249db0e8eccb5142dd675a0d""}",18
cigarette-token,CIG,Cigarette,cigarette-token,cigarette-token0SD.png,2230340994,"{""ethereum"":""0xcb56b52316041a62b6b5d0583dce4a8ae7a3c629""}",18
EpXtn6xGoZ4Y45vRjiDUHSCGbBoJD5FaEqZbF98YswH1_solana,MADE,SelfMade by SP3ND,selfmade-by-sp3nd,selfmade-by-sp3ndz0g.png,980109133,"{""solana"":""EpXtn6xGoZ4Y45vRjiDUHSCGbBoJD5FaEqZbF98YswH1""}",18
0xf1c599e9a5fbdea408a7409c0176a2fe42c64444_binance_smart,HACHIKO,Hachiko Inu,hachiko-inu-2,hachiko-inu-2Mag.png,1000000000,"{""binance_smart"":""0xf1c599e9a5fbdea408a7409c0176a2fe42c64444""}",18
0xf477ac7719e2e659001455cdda0cc8f3ad10b604_ethereum,AUTOS,CryptoAutos,cryptoautos,0xf477ac7719e2e659001455cdda0cc8f3ad10b604_ethereumty0.png,1000000000,"{""ethereum"":""0xf477ac7719e2e659001455cdda0cc8f3ad10b604""}",18
cetes,CETES,Etherfuse CETES,cetes,cetesLa9.png,12844895,"{""solana"":""CETES7CKqqKQizuSN6iWQwmTeFRjbJR6Vw2XRKfEDR8f"",""stellar"":""CETES-GCRYUGD5NVARGXT56XEZI5CIFCQETYHAPQQTHO2O3IQZTHDH4LATMYWC"",""base"":""0x834df4c1d8f51be24322e39e4766697be015512f"",""polygon-pos"":""0x834df4c1d8f51be24322e39e4766697be015512f"",""monad"":""0x834df4c1d8f51be24322e39e4766697be015512f""}",18
iFoGoY5nMWpuMJogR7xjUAWDJtygHDF17zREeP4MKuD_fogo,IFOGO,Ignition Staked FOGO,ignition-staked-fogo,ignition-staked-fogofV3.png,138210784,"{""fogo"":""iFoGoY5nMWpuMJogR7xjUAWDJtygHDF17zREeP4MKuD""}",18
solberg,SLB,Solberg,solberg,solbergIeu.png,99999303,"{""solana"":""2uRFEWRBQLEKpLmF8mohFZGDcFQmrkQEEZmHQvMUBvY7""}",18
vita-inu,VINU,Vita Inu,vita-inu,vita-inuL7T.png,894230593020082,"{""ethereum"":""0xafcdd4f666c84fed1d8bd825aa762e3714f652c9"",""binance_smart"":""0xfebe8c1ed424dbf688551d4e2267e7a53698f0aa"",""vite"":""tti_541b25bd5e5db35166864096"",""polygon-pos"":""0xafcdd4f666c84fed1d8bd825aa762e3714f652c9"",""base"":""0x72ccf64ee5e2c7629ee4eee3e6ad6990289178ae"",""solana"":""HECZgs7unJtJ2626a1FV4BnmVr5BphuZWobVavdmpYnY""}",18
fold,FLD,Fold,fold,foldvHM.png,2652000000,"{""avalanche"":""0x88f89be3e9b1dc1c5f208696fb9cabfcc684bd5f""}",18
npro,NPRO,NPRO,npro,nproFTK.png,10000000,"{""near-protocol"":""npro.nearmobile.near""}",18
ApZuxdpzMrbEYTGEzeY9afh5pj9d6qPRJCTgQYiipbKg_solana,CYBERLEEK,CyberLeek,cyberleek,cyberleekxY1.png,729895024,"{""solana"":""ApZuxdpzMrbEYTGEzeY9afh5pj9d6qPRJCTgQYiipbKg""}",18
wanusdt,WANUSDT,WanBridge Bridged USDT (Wanchain),wanusdt,wanusdtB8m.png,831535,"{""wanchain"":""0x11e77e27af5539872efed10abaa0b408cfd9fbbd""}",18
usdfi-stable,STABLE,Stable,usdfi-stable,usdfi-stable6YW.png,1000000,"{""binance_smart"":""0x8bf75bc68fd337dfd8186d731df8b3c2cb14b9e6"",""arbitrum-one"":""0x666966ef3925b1c92fa355fda9722899f3e73451"",""ethereum"":""0x60b9c41d99fe3eb64ecc1344bad31d87f1bced6d""}",18
apriori-monad-lst,APRMON,aPriori Monad LST,apriori-monad-lst,apriori-monad-lst8FG.png,22088230,"{""monad"":""0x0c65a0bc65a5d819235b71f554d210d3f80e0852""}",18
8lends,8LNDS,8lends,8lends,8lendsSsc.png,100000000,"{""base"":""0x55f9c8992fc4abce5aca585bf8f18284a2379d4c""}",18
0xdfa208bb0b811cfbb5fa3ea98ec37aa86180e668_ethereum,W🍖,Unicorn Meat,unicorn-meat,0xdfa208bb0b811cfbb5fa3ea98ec37aa86180e668_ethereumNk7.png,99990775,"{""ethereum"":""0xdfa208bb0b811cfbb5fa3ea98ec37aa86180e668"",""base"":""0xa0ff877e3d4f3a108b1b3d5eb3e4369301d2b2d7""}",18
2z1p8xCEjRzpBHjXWrx4tJnz7BFL6z7NnvbCxH7bpump_solana,SAN,San Chan,san-chan,2z1p8xCEjRzpBHjXWrx4tJnz7BFL6z7NnvbCxH7bpump_solanacH5.png,999995924,"{""solana"":""GQz5ThKHNcuAvMKA8rCPSdoFUoApk9Fi8qB9m3Gqpump""}",18
arbidoge,ADOGE,ArbiDoge,arbidoge,arbidogeGuq.png,8000000000000,"{""arbitrum-one"":""0x155f0dd04424939368972f4e1838687d6a831151""}",18
wrapped-pokt,WPOKT,Wrapped POKT,wrapped-pokt,wrapped-poktI6w.png,93383450,"{""ethereum"":""0x67f4c72a50f8df6487720261e188f2abe83f57d7""}",18
cypher-tempre,CPHY,Cypher Tempre,cypher-tempre,cypher-tempreTIy.png,1000000000,"{""base"":""0x08df470d41c11ba5cb60242747d76c65ca52c94c""}",18
0x7636d8722fdf7cd34232a915e48e96aa3eb386bf_ethereum,SFI,Singularity Finance,singularity-finance,singularity-financeybZ.png,500000000,"{""ethereum"":""0x7636d8722fdf7cd34232a915e48e96aa3eb386bf"",""binance_smart"":""0x7636d8722fdf7cd34232a915e48e96aa3eb386bf"",""base"":""0x863b7364a29daa23c9fcbd02e27d129a8b185891""}",18
empyreal,EMP,Empyreal,empyreal,empyrealVHa.png,300000,"{""arbitrum-one"":""0x772598e9e62155d7fdfe65fdf01eb5a53a8465be"",""ethereum"":""0x39d5313c3750140e5042887413ba8aa6145a9bd2"",""base"":""0x39d5313c3750140e5042887413ba8aa6145a9bd2""}",18
egoS1kE1g4JuExTcvG6bB6cg5LWpACQ469uk6DTMuJq_solana,EGO,Ego Ego,ego-ego,egoS1kE1g4JuExTcvG6bB6cg5LWpACQ469uk6DTMuJq_solanaLdB.png,999987356,"{""solana"":""egoS1kE1g4JuExTcvG6bB6cg5LWpACQ469uk6DTMuJq""}",18
proshares-ultrapro-qqq-etf-rstock,RTQQQ,ProShares UltraPro QQQ Tokenized Stock (Reality),proshares-ultrapro-qqq-etf-rstock,proshares-ultrapro-qqq-etf-rstockJf0.png,10090,"{""arbitrum-one"":""0x947f0803216092d13c9a5a27b8baf66538699965"",""morph-l2"":""0xea5c86538737d6f1dd024999398c302a4a64e22a""}",18
anome,ANOME,Anome,anome,anomeU7l.png,1000000000,"{""binance_smart"":""0x6bc3855827fa6ee1229c937a26bb9fca1a0ffbf0""}",18
synapse-bridged-usdc-elastos,USDC,Synapse Bridged USDC (Elastos),synapse-bridged-usdc-elastos,synapse-bridged-usdc-elastoscBR.png,790818,"{""defi-kingdoms-blockchain"":""0x3ad9dfe640e1a9cc1d9b0948620820d975c3803a""}",18
toto-3,TOTO,Toto Finance,toto-3,toto-3GKu.png,1000000000,"{""ethereum"":""0xc214a0b73ce4c30594b4173219e885691254801b""}",18
ansem-cat,ANSEMCAT,Ansem Cat,ansem-cat,ansem-catEdU.png,420690000000,"{""robinhood"":""0x67c51c928d5d8383f3a58fc591a4e6f6463949ed"",""ethereum"":""0x67c51c928d5d8383f3a58fc591a4e6f6463949ed""}",18
beets,BEETS,Beets,beets,beetsPgw.png,259270611,"{""sonic"":""0x2d0e0814e62d80056181f5cd932274405966e4f0""}",18
mecca,MEA,MECCA,mecca,meccaNrr.png,3999991439,"{""solana"":""mecySk7eSawDNfAXvW3CquhLyxyKaXExFXgUUbEZE1T""}",18
ibm-bstocks-tokenized-stock,IBMB,IBM (bStocks Tokenized Stock),ibm-bstocks-tokenized-stock,ibm-bstocks-tokenized-stockBR5.png,3647,"{""binance_smart"":""0xfa273b076feb8c0fb34e554ae341082323d016a3""}",18
GCa9TZMK9Q3VUSkhZgX76YAQBjqQd1dPxkBnZojFpump_solana,PLUMBER,Plumber,plumber,plumber9vC.png,955319865,"{""solana"":""GCa9TZMK9Q3VUSkhZgX76YAQBjqQd1dPxkBnZojFpump""}",18
unibot,UNIBOT,Unibot,unibot,unibotDfL.png,1000000,"{""ethereum"":""0xf819d9cb1c2a819fd991781a822de3ca8607c3c9""}",18
wrapped-ikas-zealous-swap,WIKAS,Wrapped iKAS (Zealous Swap),wrapped-ikas-zealous-swap,wrapped-ikas-zealous-swapmgT.png,29915922,,
netflix-robinhood-tokenized-stock,NFLX,Netflix • Robinhood Token,netflix-robinhood-tokenized-stock,netflix-robinhood-tokenized-stockCjz.png,12029,"{""robinhood"":""0xe0444ef8bf4ed74f74fd73686e2ddf4c1c5591e8""}",18
robinhood-markets-backpack-securities,HOOD,Robinhood Markets (Backpack Securities),robinhood-markets-backpack-securities,robinhood-markets-backpack-securities7CC.png,7179,"{""solana"":""HooDYv5RewLRiMLnEVq3VJqdqxhuE6c5eYvqejMC3e9A""}",18
0xe9a97b0798b1649045c1d7114f8c432846828404_ethereum,FROGE,Froge,frogevip,frogevipG8J.png,649675271791612,"{""ethereum"":""0xcab254f1a32343f11ab41fbde90ecb410cde348a""}",18
0x2e45bed32903ea421edd9f53f4b895683bf84444_binance_smart,FB,FourBook,fourbook,0x2e45bed32903ea421edd9f53f4b895683bf84444_binance_smartX4S.png,100000000000,"{""binance_smart"":""0x2e45bed32903ea421edd9f53f4b895683bf84444""}",18
EmcxFTNVDqyLHp11NvwvLZ4D7LKGbG9i7B8RF7dwpump_solana,ZERO,c0mpute,c0mpute,c0mputehl2.png,974578609,"{""solana"":""EmcxFTNVDqyLHp11NvwvLZ4D7LKGbG9i7B8RF7dwpump""}",18
0xb3d6e9e142a785ea8a4f0050fee73bcc3438c5c5_ethereum,PUDGYSTR,PudgyStrategy,pudgystrategy,pudgystrategyJhV.png,966271550,"{""ethereum"":""0xb3d6e9e142a785ea8a4f0050fee73bcc3438c5c5""}",18
