id,symbol,name,slug,logo,total_supply,contract,decimals
guzzler,GZLR,Guzzler,guzzler,guzzlerPzR.png,100000000000,"{""ethereum"":""0x9f4909cc95fb870bf48c128c1fdbb5f482797632""}",18
0x61527cd3667243b0a80d41cb690237444e42a8d0_base,DONNA,Prima Donna,prima-donna,prima-donnaIWV.png,1000000,"{""base"":""0x61527cd3667243b0a80d41cb690237444e42a8d0""}",18
vee-finance,VEE,Vee Finance,vee-finance,vee-finance7fZ.png,10000000000,"{""avalanche"":""0x3709e8615e02c15b096f8a9b460ccb8ca8194e86""}",18
0x0b1594b0e896bf165d925956e0df733b8443af6a_base,MORK,MORK,mork-2,0x0b1594b0e896bf165d925956e0df733b8443af6a_baseRBQ.png,0,"{""base"":""0x0b1594b0e896bf165d925956e0df733b8443af6a"",""solana"":""ATo5zfoTpUSa2PqNCn54uGD5UDCBtc5QT2Svqm283XcH""}",18
bull-market,$BULL,Bull Market,bull-market,bull-marketF0u.png,1000000000,"{""ethereum"":""0x9be776559fed779cabd67042a7b8987aae592541""}",18
1000mog,1000MOG,1000MOG,1000mog,1000mogE7h.png,0,,
how-to-fly,PUFF,HOW TO FLY,how-to-fly,how-to-flyUCG.png,118477599,"{""x-layer"":""0x4d87750a795b0ae310a24349fa9108585100a90e""}",18
hedera-liquity,HLQT,Hedera Liquity,hedera-liquity,hedera-liquityiGy.png,100000000,"{""hedera-hashgraph"":""0.0.6070128""}",18
medicalveda,MVEDA,MedicalVeda,medicalveda,medicalvedaAF8.png,88000000,"{""ethereum"":""0xcbe7142f5c16755d8683ba329efa1abf7b54482d"",""binance_smart"":""0x23316e6b09e8f4f67b95d53b4f1e59d1fb518f29""}",18
1million-nfts,1MIL,1MillionNFTs,1million-nfts,1million-nftsvkJ.png,2196660,"{""ethereum"":""0xa4ef4b0b23c1fc81d3f9ecf93510e64f58a4a016"",""near-protocol"":""a4ef4b0b23c1fc81d3f9ecf93510e64f58a4a016.factory.bridge.near""}",18
DTEqTxxGFn3SZ4C8tNP35X8iegCCgCBrX974WFSuYVZh_solana,CROX,Crox,crox,croxOsp.png,999715506,"{""solana"":""DTEqTxxGFn3SZ4C8tNP35X8iegCCgCBrX974WFSuYVZh""}",18
srune,SRUNE,sRUNE,srune,srunerXk.png,24377,"{""ethereum"":""0x0352557b007a4aae1511c114409b932f06f9e2f4""}",18
0x0e66ed8e8646472ab98a7acd38e7bdcb86da456f_cronos,BAD,BAD TOKEN,bad-token,bad-tokenlxc.png,333000000000000,"{""cronos"":""0x0e66ed8e8646472ab98a7acd38e7bdcb86da456f""}",18
pulsebitcoin,PLSB,PulseBitcoin,pulsebitcoin,pulsebitcoinR1B.png,19939153,"{""ethereum"":""0x5ee84583f67d5ecea5420dbb42b462896e7f8d06""}",18
public-service-enterprise-group-rstock,RPEG,Public Service Enterprise Tokenized Stock (Reality),public-service-enterprise-group-rstock,public-service-enterprise-group-rstockho2.png,0.5,"{""arbitrum-one"":""0x72777339acc393aeb881fd8c744068993daaed2b""}",18
visiongame,VISION,VisionGame,visiongame,visiongameHR5.png,1000000000,"{""solana"":""hvkfqcmhevvpb4xkrf4xowjeavvsboqj2u1eg59dfk5j"",""binance_smart"":""0x332e78c687c3fcd91494c6b13f0fc685b2a57434""}",18
saturna,SAT,Saturna,saturna,saturnaDgU.png,1000000000000000,"{""binance_smart"":""0x1e446cbea52badeb614fbe4ab7610f737995fb44""}",18
f-x-protocol-leveraged-eth,XETH,f(x) Protocol Leveraged ETH,f-x-protocol-leveraged-eth,f-x-protocol-leveraged-ethyW3.png,560431,"{""ethereum"":""0xe063f04f280c60aeca68b38341c2eecbec703ae2""}",18
fredenergy,FRED,FRED Energy,fredenergy,FredenergyzaETF.png,808000000,"{""stellar"":""FRED-GCA73U2PZFWAXJSNVMEVPNPPJCZGETWPWZC6E4DJAIWP3ZW3BAGYZLV6""}",18
riverex-welle,WELLE,Welle,riverex-welle,riverex-wellerGe.png,20000000000,"{""ethereum"":""0x1376a81fe3ee7d0e431f1ac24286b00f3ccf44e7"",""moonbeam"":""0x8389cf5be8f1e56211d226668a8b8f6cade61ee4"",""binance_smart"":""0x71cb7ef7980c44dfbbe5744973c0587764116d26""}",18
vbswap,VBSWAP,vBSWAP,vbswap,vbswapEl4.png,9617,"{""binance_smart"":""0x4f0ed527e8a95ecaa132af214dfd41f30b361600""}",18
decloud,CLOUD,DeCloud,decloud,decloudYvw.png,1000000000,"{""ethereum"":""0xf2dfdbe1ea71bbdcb5a4662a16dbf5e487be3ebe""}",18
GMEhF4sFXd9PRR9KJo7hyPjeHdcdg5yxTNP22KKNyWvZ_solana,BOGGY,Boggy Coin,boggy-coin,boggy-coinjRn.png,1000000000,"{""solana"":""GMEhF4sFXd9PRR9KJo7hyPjeHdcdg5yxTNP22KKNyWvZ""}",18
thunderhead-staked-flip,STFLIP,Thunderhead Staked FLIP,thunderhead-staked-flip,thunderhead-staked-flipur2.png,1728671,"{""ethereum"":""0x961d4921e1718e633bac8ded88c4a1cae44b785a""}",18
infosys-limited-rstock,RINFY,Infosys Limited Tokenized Stock (Reality),infosys-limited-rstock,infosys-limited-rstock04V.png,7.606,"{""arbitrum-one"":""0x9571fb58f41b7184370c3cd3783f29490b464b30"",""morph-l2"":""0x297a633479885193f47af7881cc4179ad40dea70""}",18
hyperdao,HDAO,HyperDAO,hyperdao,1582713101208.png,5000000000,"{""ethereum"":""0x74faab6986560fd1140508e4266d8a7b87274ffd""}",18
defi-shopping-stake,DSS,Defi Shopping Stake,defi-shopping-stake,defi-shopping-stakevdW.png,22300119,"{""ethereum"":""0x213c53c96a01a89e6dcc5683cf16473203e17513""}",18
batic,BAT,Batic,batic,baticvVA.png,900000000,"{""polygon-pos"":""0xd9a1070f832cc02ff9d839500eef6e8c64983726""}",18
jcztDWkrkxyMorbBVd4Amm7PbGHafCLMN94aAKZdrug_solana,VENOM,Blue Scorpion Venom,blue-scorpion-venom,jcztDWkrkxyMorbBVd4Amm7PbGHafCLMN94aAKZdrug_solana6kc.png,1000000000,"{""solana"":""jcztDWkrkxyMorbBVd4Amm7PbGHafCLMN94aAKZdrug""}",18
0x3bbbb6a231d0a1a12c6b79ba5bc2ed6358db5160_ethereum,ZEN,Zenith,zenith-2,zenith-2Nbo.png,50000000,"{""ethereum"":""0x3bbbb6a231d0a1a12c6b79ba5bc2ed6358db5160""}",18
uerii,UERII,UERII,uerii,ueriihwd.png,31000000000,"{""ethereum"":""0xc1abb8c93be6811affc70675b0432926c4bfbb5d"",""polygon-pos"":""0xd566c529b33ecf15170f600d4b1ab12468c8efc6""}",18
ifarm,IFARM,iFARM,ifarm,ifarmscE.png,25649,"{""ethereum"":""0x1571ed0bed4d987fe2b498ddbae7dfa19519f651"",""polygon-pos"":""0xab0b2ddb9c7e440fac8e140a89c0dbcbf2d7bbff"",""arbitrum-one"":""0x9dca587dc65ac0a043828b0acd946d71eb8d46c1"",""base"":""0xe7798f023fc62146e8aa1b36da45fb70855a77ea""}",18
0x3300b02efa180c99a2f61f4731665b51e4e254c4_ethereum,HMKR,Hitmakr,hitmakr,hitmakrGkB.png,300000000,"{""ethereum"":""0x3300b02efa180c99a2f61f4731665b51e4e254c4"",""skale"":""0x57a3d5faa172f5984cdcd4885fd4f0baac88e558""}",18
zo-perpetuals-lp-token,ZLP,ZO Perpetuals LP Token,zo-perpetuals-lp-token,zo-perpetuals-lp-tokenGod.png,430906,"{""sui"":""0xf7fade57462e56e2eff1d7adef32e4fd285b21fd81f983f407bb7110ca766cda::zlp::ZLP""}",18
rena-finance,RENA,RENA Finance,rena-finance,rena-financepji.png,11000000,"{""ethereum"":""0x56de8bc61346321d4f2211e3ac3c0a7f00db9b76""}",18
bridged-wrapped-bitcoin-hashport,WBTC[HTS],Bridged Wrapped Bitcoin (Hashport),bridged-wrapped-bitcoin-hashport,bridged-wrapped-bitcoin-hashportZkQ.png,0,"{""hedera-hashgraph"":""0x0000000000000000000000000000000000101afb""}",18
pumpopoly,PUMPOPOLY,Pumpopoly,pumpopoly,pumpopolyRc0.png,0,"{""near-protocol"":""token.pumpopoly.near""}",18
tipn,TIPN,Tipn,tipn,tipn5vi.png,1000000000,"{""base"":""0x5ba8d32579a4497c12d327289a103c3ad5b64eb1""}",18
infinitee,INFTEE,Infinitee,infinitee,infinitee6IA.png,48698035,"{""binance_smart"":""0xc350caa89eb963d5d6b964324a0a7736d8d65533""}",18
peepa,PEEPA,Peepa,peepa,peepaDJq.png,420690000000000,"{""ethereum"":""0x88417754ff7062c10f4e3a4ab7e9f9d9cbda6023""}",18
base-street,STREET,Base Street,base-street,base-streetQRo.png,10000000000,"{""base"":""0xb661933d9f24ec34dc0fd6862f086079f864b26f""}",18
yield-yak-avax,YYAVAX,Yield Yak AVAX,yield-yak-avax,yield-yak-avaxA4v.png,41305,"{""avalanche"":""0xf7d9281e8e363584973f946201b82ba72c965d27""}",18
royal-finance-coin,RFC,Royal Finance Coin,royal-finance-coin,royal-finance-coin4mG.png,5000000000,"{""base"":""0x357655df177fb0229dc8aca977114a420bf81799""}",18
kedoobK2qe2f1V8ee5vDXFr3H7gKnhQVNJXA3Ltcyai_solana,U1,Umbra [OLD],umbra-2,kedoobK2qe2f1V8ee5vDXFr3H7gKnhQVNJXA3Ltcyai_solana2lU.png,4995732,"{""solana"":""kedoobK2qe2f1V8ee5vDXFr3H7gKnhQVNJXA3Ltcyai""}",18
neonpass-bridged-sol-neon-evm,SOL,NeonPass Bridged SOL (Neon EVM),neonpass-bridged-sol-neon-evm,neonpass-bridged-sol-neon-evmNpA.png,0,"{""neon-evm"":""0x5f38248f339bf4e84a2caf4e4c0552862dc9f82a""}",18
0xb818ddfa44aad2157b0f7058aebcb52d4733d4c4_robinhood,MAD,MAD,mad-3,mad-3P1U.png,1000000000,"{""robinhood"":""0xb818ddfa44aad2157b0f7058aebcb52d4733d4c4""}",18
ryoshis-vision,RYOSHI,Ryoshis Vision,ryoshis-vision,ryoshis-visioniNW.png,978355940610671,"{""ethereum"":""0x777e2ae845272a2f540ebf6a3d03734a5a8f618e""}",18
bonsai,BONSAI,Bonsai,bonsai,bonsaibEw.png,10000000,"{""arbitrum-one"":""0x79ead7a012d97ed8deece279f9bc39e264d7eef9""}",18
meblox-protocol,MEB,Meblox Protocol,meblox-protocol,meblox-protocol9la.png,54000000,"{""binance_smart"":""0x7268b479eb7ce8d1b37ef1ffc3b82d7383a1162d""}",18
cyberlife,LIFE,Cyberlife,cyberlife,cyberlifeyy1.png,100000000,"{""base"":""0x151ccc74972a6f85690afe997d0fdd69efdc71fe""}",18
dino,DINO,Dino,dino,dinotzo.png,500000000,"{""solana"":""6Y7LbYB3tfGBG6CSkyssoxdtHb77AEMTRVXe8JUJRwZ7""}",18
esco-coin,ESCO,Esco Coin,esco-coin,esco-coin4Zr.png,330000000000000,"{""ethereum"":""0x7163436b8efffb469f6bb81cc908b1661d4795e6""}",18
RAPRz9fd87y9qcBGj1VVqUbbUM6DaBggSDA58zc3N2b_solana,RAPR,RetardedAPR,retardedapr,RAPRz9fd87y9qcBGj1VVqUbbUM6DaBggSDA58zc3N2b_solananVl.png,419997,"{""solana"":""RAPRz9fd87y9qcBGj1VVqUbbUM6DaBggSDA58zc3N2b""}",18
polycat-finance,FISH,Polycat Finance,polycat-finance,polycat-financeh69.png,2621623,"{""polygon-pos"":""0x3a3df212b7aa91aa0402b9035b098891d276572b""}",18
ligo-ordinals,LIGO,Ligo (Ordinals),ligo-ordinals,ligo-ordinalsie8.png,1000000000000,"{""ordinals"":""ba5ed36117cb044135f6d480234653735607fcb59d35674a7c01a5af6efb20c7i0""}",18
rekt-04bbe51a-e290-450a-afb5-b2b43b80b20e,REKT,REKT,rekt-04bbe51a-e290-450a-afb5-b2b43b80b20e,rekt-04bbe51a-e290-450a-afb5-b2b43b80b20eGeQ.png,420000000000000,"{""arbitrum-one"":""0x1d987200df3b744cfa9c14f713f5334cb4bc4d5d""}",18
vanar-chain,VANRY,Vanar Chain [OLD],vanar-chain,vanar-chaingbB.png,2377565576,"{""ethereum"":""0x8de5b80a0c1b02fe4976851d030b36122dbb8624"",""polygon-pos"":""0x8de5b80a0c1b02fe4976851d030b36122dbb8624"",""vanar-chain"":""0x8de5b80a0c1b02fe4976851d030b36122dbb8624""}",18
genesis-shards,GS,Genesis Shards,genesis-shards,genesis-shards7Zs.png,208969354,"{""ethereum"":""0xe0b9a2c3e9f40cf74b2c7f591b2b0cca055c3112"",""binance_smart"":""0x9ba4c78b048eeed69f4ed3cfddeda7b51baf7ca8""}",18
sowaka,SWK,Sowaka,sowaka,sowakaGv9.png,313199036,"{""ethereum"":""0xddfbe9173c90deb428fdd494cb16125653172919"",""polygon-pos"":""0xe3c8f0d7f978aadf1929cbbfb116419175844f04""}",18
kongswap,KONG,KongSwap,kongswap,kongswapnPc.png,1001581814,"{""internet-computer"":""o7oak-iyaaa-aaaaq-aadzq-cai""}",18
equalizer-base,SCALE,Equalizer (BASE),equalizer-base,equalizer-base0LA.png,24253362,"{""base"":""0x54016a4848a38f257b6e96331f7404073fd9c32c""}",18
glide-finance,GLIDE,Glide Finance,glide-finance,glide-financeCT3.png,50000000,"{""elastos"":""0xd39ec832ff1caafab2729c76ddeac967abca8f27""}",18
bunicorn,BUNI,Bunicorn,bunicorn,bunicornGwg.png,106338166,"{""binance_smart"":""0x0e7beec376099429b85639eb3abe7cf22694ed49""}",18
royal,ROYAL,ROYAL,royal,royalQ6N.png,50000000000,"{""solana"":""D7rcV8SPxbv94s3kJETkrfMrWqHFs6qrmtbiu6saaany""}",18
waku,WAKU,Waku,waku,waku8fA.png,1000000000,"{""ethereum"":""0x93f014930d90a0d0f17b079f71d9aa5f3adf2b27"",""base"":""0x4d6b62861d1f60e864fd7c913f840d70b2713d0c""}",18
bugs-bunny,BUGS,Bugs Bunny,bugs-bunny,bugs-bunnyGIE.png,60548000,"{""ethereum"":""0x490bd60a5d3e1207fba9b699017561434cc8c675""}",18
0xd32e9ddd968b18e8429f2d1da7efb2cc1f01d42d_monad,MOLANDAK,MOLANDAK,molandak-2,molandak-2mhs.png,1000000000,"{""monad"":""0xd32e9ddd968b18e8429f2d1da7efb2cc1f01d42d""}",18
wendy-s-ondo-tokenized-stock,WENON,Wendy's (Ondo Tokenized Stock),wendy-s-ondo-tokenized-stock,wendy-s-ondo-tokenized-stockVXw.png,0,"{""ethereum"":""0x613518b520241f90c3e023bb6006c63a5019ca7b"",""binance_smart"":""0x79ed7f4d9668e8e7aaadd12a711d19064840b9a5"",""solana"":""QwJ619MuDRvT1f29RH7tMdaqsUnaSNcvBEJAZkHondo""}",18
hoichi,HOICHI,Hoichi,hoichi,hoichiywX.png,369369369369,"{""ethereum"":""0xc4ee0aa2d993ca7c9263ecfa26c6f7e13009d2b6""}",18
DzN1qkcRdsxQRFb9yVvz73Fnu6SbD3f5oJgArVdx7Nzc_solana,UNICORN,Unicorn,unicorn-5,DzN1qkcRdsxQRFb9yVvz73Fnu6SbD3f5oJgArVdx7Nzc_solanamd3.png,999996556,"{""solana"":""DzN1qkcRdsxQRFb9yVvz73Fnu6SbD3f5oJgArVdx7Nzc""}",18
kimchi-finance,KIMCHI,KIMCHI.finance,kimchi-finance,kimchi-financeUqL.png,1053450,"{""ethereum"":""0x1e18821e69b9faa8e6e75dffe54e7e25754beda0""}",18
7aWQoyfAxXUD5Not1Fc48TJAWs876NUvKh6Vp8WSXcNR_solana,SOLX,Sol X,sol-x,sol-x1o5.png,1000000000,"{""solana"":""7aWQoyfAxXUD5Not1Fc48TJAWs876NUvKh6Vp8WSXcNR""}",18
vyfinance,VYFI,VyFinance,vyfinance,vyfinanceUD8.png,450000000,"{""cardano"":""804f5544c1962a40546827cab750a88404dc7108c0f588b72964754f""}",18
gibx-swap,X,GIBX Swap,gibx-swap,gibx-swapN11.png,520056047,"{""binance_smart"":""0xae28714390e95b8df1ef847c58aeac23ed457702""}",18
eggs,EGGS,Eggs,eggs,eggsjj0.png,197425907983,"{""ethereum"":""0x2e516ba5bf3b7ee47fb99b09eadb60bde80a82e0""}",18
0x0ace816a5336d8bdf8dece69cf084a03e36c4444_binance_smart,TIMELESS,Timeless,timeless-2,0x0ace816a5336d8bdf8dece69cf084a03e36c4444_binance_smartufm.png,1000000000,"{""binance_smart"":""0x0ace816a5336d8bdf8dece69cf084a03e36c4444""}",18
adobe-xstock,ADBEX,Adobe xStock,adobe-xstock,adobe-xstockmRr.png,78300,"{""ethereum"":""0x16e0b579be45baae54ceddd52e742b6457a7fe12"",""solana"":""XsDZMGEU8zadWFCkTtPBoPWYcUX3JHVmghnwf2Mve2q""}",18
eth2-staking-by-poolx,ETH2,Eth 2.0 Staking by Pool-X,eth2-staking-by-poolx,eth2-staking-by-poolxfkf.png,0,,
manga-token,$MANGA,Manga [OLD],manga-token,manga-tokenIQL.png,20000000000,"{""binance_smart"":""0xc2cb89bbb5bba6e21db1dfe13493dfd7dcbabd68""}",18
0x4cb8382b9daf7992d3b27d32f7db650c57881daa_arc,BUILDOG,BUILDOG,buildog,0x4cb8382b9daf7992d3b27d32f7db650c57881daa_arca8f.png,1000000000,"{""arc"":""0x4cb8382b9daf7992d3b27d32f7db650c57881daa""}",18
smarty-pay,SPY,Smarty Pay,smarty-pay,smarty-paygJf.png,100000000,"{""binance_smart"":""0x17fd3caa66502c6f1cbd5600d8448f3af8f2aba1""}",18
camly-coin,CAMLY,CAMLY COIN,camly-coin,camly-coinSdo.png,999999999999,"{""binance_smart"":""0x0910320181889fefde0bb1ca63962b0a8882e413""}",18
0xfef2d7b013b88fec2bfe4d2fee0aeb719af73481_base,ONCHAIN,/onchain,onchain,onchaingyy.png,9000000000,"{""base"":""0xfef2d7b013b88fec2bfe4d2fee0aeb719af73481""}",18
bridge-oracle,BRG,Bridge AI,bridge-oracle,bridge-oraclenMi.png,10000000000,"{""binance_smart"":""0xac45475abe6f9516e233a824aa013933b61bbb5c"",""nuls"":""NULSd6Hgu5DRgAg11zwyq1C1NGpKBGYUm3Uhu"",""arbitrum-one"":""0xc9c4fd7579133701fa2769b6955e7e56bb386db1"",""ethereum"":""0xc9c4fd7579133701fa2769b6955e7e56bb386db1""}",18
devour-2,FUELX,Fuel,devour-2,devour-2K84.png,5000000000,"{""ethereum"":""0xcc54ac31164b5b3c39db4eef26d89275c468ec9d"",""solana"":""9nD29a6TMDFHqAXS3iJ6nwLByLBS1gx2664ieQf7Zo7H"",""base"":""0x0c76e9c9e391055e75eb2413d718a4bc7a037972""}",18
0x1f3ba804efb9cfe17d595e7262cea4782dbf6e4e_base,HPC,Happy Puppy Club,happy-puppy-club,happy-puppy-clubdhE.png,1000000000,"{""base"":""0x1f3ba804efb9cfe17d595e7262cea4782dbf6e4e""}",18
james-hardie-industries-plc-rstock,RJHX,James Hardie Industries plc Tokenized Stock (Reality),james-hardie-industries-plc-rstock,james-hardie-industries-plc-rstockUHf.png,0,"{""arbitrum-one"":""0xb388573a381ed5a4f53f44461ad5e9fc5c8aab97"",""morph-l2"":""0xf3f3286206d0a192858f52d22f1f5b59711b7d5c""}",18
mound-token,MND,Mound,mound-token,mound-tokeneCR.png,2717604,"{""binance_smart"":""0x4c97c901b5147f8c1c7ce3c5cf3eb83b44f244fe""}",18
itt-inc-rstock,RITT,ITT Tokenized Stock (Reality),itt-inc-rstock,itt-inc-rstockf8V.png,0.1221,"{""arbitrum-one"":""0x7aadb43a73c152f708f232d056d69aed4eb00d51"",""morph-l2"":""0xe6cecd58a0c0efc38b54849c0c04f694396042dd""}",18
justus,JTT,Justus,justus,justuszjA.png,22700000,"{""binance_smart"":""0xcdb3d3642fb4d48d2b5e4fb4a014448a2761c063""}",18
neorbit,SAFO,SAFEONE CHAIN,neorbit,neorbitcbJ.png,252996184,"{""binance_smart"":""0x9320bdb3c8f3d0b1313726efbb0f0061ebf149ad""}",18
gptplus,GPTPLUS,GPTPlus,gptplus,gptplus1bx.png,600000000,"{""ethereum"":""0xed9f6aa6532869576211fd6367e3c328810fbeb3""}",18
ownershipcoin,OC,OwnershipCoin,ownershipcoin,ownershipcoinf5T.png,21000000000,"{""the-open-network"":""EQC5Dj4AfQaDl40ex6E0WyUDdMBJHbqTXnxNkn8HuQZNzpZt""}",18
0x642e993fa91ffe9fb24d39a8eb0e0663145f8e92_base,RABBIT,BASED RABBIT,based-rabbit,based-rabbitIIF.png,1000000000,"{""base"":""0x642e993fa91ffe9fb24d39a8eb0e0663145f8e92""}",18
cartium,CRM,CARTIUM,cartium,cartiumIn9.png,100000000,"{""tron"":""TNCPsw51SvnPX685jda8UubzFX6sDYVMkk""}",18
AZjYk1DqGnLWZzGyyNzYTC5xqUyNRHLhiHXhZdGKUhiu_solana,DROID,Droid Dynamics,droid-dynamics,AZjYk1DqGnLWZzGyyNzYTC5xqUyNRHLhiHXhZdGKUhiu_solana1iD.png,999999779,"{""solana"":""AZjYk1DqGnLWZzGyyNzYTC5xqUyNRHLhiHXhZdGKUhiu""}",18
staked-ageur,STEUR,Angle Staked EURA,staked-ageur,staked-ageuro3P.png,0,"{""ethereum"":""0x004626a008b1acdc4c74ab51644093b155e59a23"",""arbitrum-one"":""0x004626a008b1acdc4c74ab51644093b155e59a23"",""xdai"":""0x004626a008b1acdc4c74ab51644093b155e59a23""}",18
tonhydra,HYDRA,Hydra,tonhydra,tonhydraAUs.png,9999896,"{""the-open-network"":""EQD4P32U10snNoIavoq6cYPTQR82ewAjO20epigrWRAup54_""}",18
ninapumps,NINA,NinaPumps,ninapumps,ninapumps3A3.png,0,"{""ethereum"":""0x697a79af2de4af9e9aa0d08905374556ad1353bb""}",18
greenenvironmentalcoins,GEC,GreenEnvironmentalCoins,greenenvironmentalcoins,greenenvironmentalcoinsM10.png,550000000,"{""binance_smart"":""0x124123c7af9efd2a86f4d41daa88ac164d02a3d5""}",18
casinocoin,CSC,Casinocoin,casinocoin,1623312071171.png,65000000000,"{""solana"":""CSCojiafv6WLUtT2AGTHgcfnYiGoTZpGgBRwhvfuWQFY""}",18
FkqvTmDNgxgcdS7fPbZoQhPVuaYJPwSsP8mm4p7oNgf6_solana,DTR,dextoro [OLD],dextoro-2,FkqvTmDNgxgcdS7fPbZoQhPVuaYJPwSsP8mm4p7oNgf6_solana40Q.png,998110444,"{""solana"":""FkqvTmDNgxgcdS7fPbZoQhPVuaYJPwSsP8mm4p7oNgf6""}",18
0x571d9b73dc04ed88b4e273e048c8d4848f83b779_ethereum,CLOSEDAI,Super Closed Source,super-closed-source,super-closed-source6MS.png,10000000000,"{""ethereum"":""0x571d9b73dc04ed88b4e273e048c8d4848f83b779""}",18
0x5b1fb849f1f76217246b8aaac053b5c7b15b7dc3_core,SOLVBTC.B,Free Bridged SolvBTC.b (Core),free-bridged-solvbtcb-core,free-bridged-solvbtcb-coreNhm.png,1.1182,"{""core"":""0x5b1fb849f1f76217246b8aaac053b5c7b15b7dc3""}",18
vestige,VEST,Vestige,vestige,vestigeHl4.png,100000000,"{""algorand"":""700965019""}",18
agent-gecko-tv,GECKO,Agent Gecko TV,agent-gecko-tv,agent-gecko-tv4I6.png,10000000,"{""base"":""0x452867ec20dc5061056c1613db2801f512dda1c1""}",18
maximus-lucky,LUCKY,Maximus LUCKY,maximus-lucky,maximus-luckyTJx.png,74985502,"{""ethereum"":""0x6b0956258ff7bd7645aa35369b55b61b8e6d6140"",""pulsechain"":""0x6b0956258ff7bd7645aa35369b55b61b8e6d6140""}",18
onchain-coin,ONCHAIN,Onchain Coin,onchain-coin,onchain-coin3xl.png,100000000,"{""onchain"":""0xde31521cc76810d2b4f41c38f2a5d6b498217145"",""base"":""0x1c22374032e7e5a1bbde3d943f5deb310db060dd""}",18
wipro-limited-rstock,RWIT,Wipro Limited Tokenized Stock (Reality),wipro-limited-rstock,wipro-limited-rstockBZ3.png,13.7209,"{""arbitrum-one"":""0x1e9cb0248a0df982a8e02694a3539c48ad9db726"",""morph-l2"":""0xd4d351c4c4bb6518a777aeaa6078c645d150a48c""}",18
betero,BTE,Betero,betero,beteronVs.png,2356405405,"{""ethereum"":""0x73b708e84837ffccde2933e3a1531fe61d5e80ef"",""binance_smart"":""0x7c33d9c9685408645486497c708ab491402e0886"",""cronos"":""0x3d632d9e1a60a0880dd45e61f279d919b5748377""}",18
bitpro,BPRO,BitPRO,bitpro,bitprocAj.png,0,"{""arbitrum-one"":""0xdbae615958708c0bc61234d2624b95077b017eb7"",""rootstock"":""0x440cd83c160de5c96ddb20246815ea44c7abbca8""}",18
encrypgen,DNA,EncrypGen,encrypgen,EncrypGenIEmpv.png,70938084,"{""ethereum"":""0xef6344de1fcfc5f48c30234c16c1389e8cdc572c""}",18
butter-2,BUTTER,Butter,butter-2,butter-2T6O.png,6247990268,,
0x456548a9b56efbbd89ca0309edd17a9e20b04018_pulsechain,UFO,UFO Token [OLD],ufo-token,0x456548a9b56efbbd89ca0309edd17a9e20b04018_pulsechainEVV.png,878146061689,"{""pulsechain"":""0x456548a9b56efbbd89ca0309edd17a9e20b04018""}",18
skytrade-pro,SUSDT,SkyTrade Pro,skytrade-pro,skytrade-proRyW.png,5999999008996524,"{""binance_smart"":""0x1f891d25a386e6f67ead37d9bfaf5c444213a134""}",18
pornrocket,PORNROCKET,PornRocket,pornrocket,pornrocket4zN.png,1000000000000000,"{""binance_smart"":""0xcf9f991b14620f5ad144eec11f9bc7bf08987622""}",18
bnv,FASH,BNV,bnv,bnvnnf.png,139290000,"{""ethereum"":""0x7d3ce1265d5ea5848dc1c96aadbf754e2bad33b1"",""optimistic-ethereum"":""0x7d3ce1265d5ea5848dc1c96aadbf754e2bad33b1""}",18
diamond-boyz-coin,DBZ,Diamond Boyz Coin,diamond-boyz-coin,diamond-boyz-coinGIf.png,1000000000,"{""binance_smart"":""0x7a983559e130723b70e45bd637773dbdfd3f71db""}",18
cryptomines-reborn,CRUX,CryptoMines Reborn,cryptomines-reborn,cryptomines-rebornjG0.png,5000000,"{""binance_smart"":""0xe0191fefdd0d2b39b1a2e4e029ccda8a481b7995""}",18
qtoken,QTO,Qtoken,qtoken,qtokenNxJ.png,100000000,"{""ethereum"":""0xea01906843ea8d910658a2c485ffce7c104ab2b6""}",18
squirrel-wallet,NUTS,Squirrel Wallet,squirrel-wallet,squirrel-walletEis.png,1000000000,"{""ethereum"":""0x195f5c217b96cd3dd75d39327161b8911a42e509""}",18
viper-energy-inc-rstock,RVNOM,Viper Energy Tokenized Stock (Reality),viper-energy-inc-rstock,viper-energy-inc-rstockhjc.png,0,"{""arbitrum-one"":""0x26148ab1dca032485317f3818ab9a4c9a21188fd"",""morph-l2"":""0x70f7ebcc189038d4b6a71e0209766fb745aac090""}",18
storm-warfare,JAN,Storm Warfare,storm-warfare,storm-warfareujP.png,1000000000,"{""ethereum"":""0x5a9261b023692405f2f680240c6b010638e416dd""}",18
0x67446a5746b5f1ce62d78f40f8c83dba03ae3e15_base,DUCK,AppDuck by Virtuals,appduck-by-virtuals,0x67446a5746b5f1ce62d78f40f8c83dba03ae3e15_baseD2q.png,1000000000,"{""base"":""0x67446a5746b5f1ce62d78f40f8c83dba03ae3e15""}",18
krown,KRW,KROWN,krown,krownJrx.png,9999999000,"{""ethereum"":""0x499568c250ab2a42292261d6121525d70691894b"",""binance_smart"":""0x1446f3cedf4d86a9399e49f7937766e6de2a3aab"",""huobi-token"":""0xa83e2a7bbfaeb064c7cfee416cdf5cf89507dd1a"",""polygon-pos"":""0x6c3b2f402cd7d22ae2c319b9d2f16f57927a4a17"",""solana"":""Gw7M5dqZJ6B6a8dYkDry6z9t9FuUA2xPUokjV2cortoq"",""avalanche"":""0xa5acfeca5270bc9768633fbc86caa959b85ec8b7"",""celo"":""0xd252e98c5b6ea1e29a7e2789a9ec0493707a60b9""}",18
gatenet,GATE,GATENet,gatenet,gatenetmeH.png,900000000,"{""ethereum"":""0x9d7630adf7ab0b0cb00af747db76864df0ec82e4""}",18
marnotaur,TAUR,Marnotaur,marnotaur,marnotaur0Dw.png,150000000,"{""binance_smart"":""0x19b99162adaab85134e781ac0048c275c31b205a""}",18
0xa0385e7283c83e2871e9af49eec0966088421ddd_ethereum,APE,Ape,ape-3,ape-39mA.png,1000000000000,"{""ethereum"":""0xa0385e7283c83e2871e9af49eec0966088421ddd""}",18
oasis-metaverse,OASIS,Oasis Metaverse,oasis-metaverse,oasis-metaverseSYp.png,99951280,"{""ethereum"":""0xf0dc9fc0669f068e04ad79f7d70618d3f9aad439"",""solana"":""G5oL8AR1pd4t4xxGheZjS1DBxTBLJYsT9ukjcrKc5vJH""}",18
lfgswap-finance-core,LFG,LFGSwap Finance(CORE),lfgswap-finance-core,lfgswap-finance-coreYJn.png,315371825,"{""core"":""0xf7a0b80681ec935d6dd9f3af9826e68b99897d6d""}",18
dydx-wormhole,DYDX,dYdX (Wormhole),dydx-wormhole,dydx-wormholefrE.png,37128,"{""solana"":""4Hx6Bj56eGyw8EJrrheM6LBQAvVYRikYCWsALeTrwyRU""}",18
advanced-united-continent,AUC,Advanced United Continent,advanced-united-continent,advanced-united-continentJ2z.png,6000000000,"{""ethereum"":""0x87a92428bbc876d463c21c8e51b903f127d9a9f4""}",18
soroosh-smart-ecosystem,SSE,Soroosh Smart Ecosystem,soroosh-smart-ecosystem,soroosh-smart-ecosystemgtN.png,6000000000,"{""binance_smart"":""0x6a1225c87f15da91e2fa5ee7b2075e2e3a9dbc39""}",18
alkimi,$ADS,Alkimi [OLD],alkimi,alkimih9i.png,250000000,"{""ethereum"":""0x3106a0a076bedae847652f42ef07fd58589e001f""}",18
lyptus-token,LYPTUS,Lyptus,lyptus-token,lyptus-tokenlbc.png,3116184,"{""binance_smart"":""0xba26397cdff25f0d26e815d218ef3c77609ae7f1""}",18
polkabridge,PBR,PolkaBridge,polkabridge,polkabridge7ve.png,74896939,"{""ethereum"":""0x298d492e8c1d909d3f63bc4a36c66c64acb3d695"",""polygon-pos"":""0x0d6ae2a429df13e44a07cd2969e085e4833f64a0"",""binance_smart"":""0x3c1b057cb7aceb4f2c4d889a29febec30a6a3146""}",18
decentralized-mining-exchange,DMC,Decentralized Mining Exchange,decentralized-mining-exchange,decentralized-mining-exchangeLqe.png,52000902,"{""huobi-token"":""0x854bb58fdda85f20b5ab20b20d888f0554c02560"",""binance_smart"":""0xa5342d72d04c133180f376753f90a4b2eee29bb3""}",18
vader-protocol,VADER,Vader Protocol,vader-protocol,vader-protocolI5M.png,24999962662,"{""ethereum"":""0x2602278ee1882889b946eb11dc0e810075650983""}",18
the-protocol,THE,The Protocol,the-protocol,the-protocolyDV.png,1000000000,"{""ethereum"":""0x0cba60ca5ef4d42f92a5070a8fedd13be93e2861""}",18
xcarnival,XCV,XCarnival,xcarnival,xcarnivalzRw.png,1000000000,"{""binance_smart"":""0x4be63a9b26ee89b9a3a13fd0aa1d0b2427c135f8""}",18
amaterasufi-izanagi,IZA,AmaterasuFi Izanagi,amaterasufi-izanagi,amaterasufi-izanagiS5l.png,205362,"{""aurora"":""0x0017be3e7e36abf49fe67a78d08bf465bb755120""}",18
the-word,TWD,THE WORD,the-word,the-wordmbS.png,100000000000,"{""binance_smart"":""0xf00cd9366a13e725ab6764ee6fc8bd21da22786e""}",18
0x9f04c2bd696a6191246144ba762456a24c457520_ethereum,AITAX,AITaxBot,aitaxbot,aitaxbot25n.png,100000000,"{""ethereum"":""0x9f04c2bd696a6191246144ba762456a24c457520""}",18
oraclex,OEX,OracleX,oraclex,oraclexjC8.png,10000000000,"{""binance_smart"":""0xb1a3810fce5678128b6a61a41871ea344b938e76""}",18
strip-finance,STRIP,Strip Finance,strip-finance,strip-financek6J.png,50000000,"{""binance_smart"":""0x0fe178b9a471b3698cb6fcb4625df9a756a2c55c""}",18
0xa0d445dc147f598d63518b5783ca97cd8bd9f5bc_cronos,STUCK,Mouse In Pasta,mouse-in-pasta,mouse-in-pastaWAB.png,6666666666,"{""cronos"":""0xa0d445dc147f598d63518b5783ca97cd8bd9f5bc""}",18
jp,JP,JP,jp,jpnx0.png,3000000000,"{""binance_smart"":""0x86cd1faf05abbb705842ec3c98ef5006173fb4d6""}",18
tokencard,TKN,Monolith,tokencard,TokenCardQvFrP.png,16276239,"{""ethereum"":""0xaaaf91d9b90df800df4f55c205fd6989c977e73a""}",18
0x1814b8a33446549ed5766ab3250b670498699bd6_ethereum,INVAAI,Innovia AI,innoviatrust,innoviatrustUvu.png,100000000,"{""ethereum"":""0x4950c46d503441da68d1c76a917cfa241aaf4d38""}",18
7y1TrdzE1cEeCgBvgdNB9DViMYdQ7UU2FKhnPDLYa7ae_solana,BUNI,bunicoin,bunicoin,bunicoinQIp.png,1000000000,"{""solana"":""7y1TrdzE1cEeCgBvgdNB9DViMYdQ7UU2FKhnPDLYa7ae""}",18
hut-8-xstock,HUTX,Hut 8 xStock,hut-8-xstock,hut-8-xstockxrO.png,394000,"{""ethereum"":""0x560deb3d70ac90064ff809349cdf9a771a06fd36"",""solana"":""XsG5QyZTQnVSpsXRpD92K5ZGoxXjsmfTyx7fW7r18DV""}",18
gen-digital-inc-rstock,RGEN,Gen Digital Tokenized Stock (Reality),gen-digital-inc-rstock,gen-digital-inc-rstock5Mg.png,0.8643,"{""arbitrum-one"":""0xa208174e880df0355a8223fc231b1f877160484d"",""morph-l2"":""0x42d99a56ead5225ca2091f4bf05046070fda1d2b""}",18
tabtrader,TTT,TabTrader,tabtrader,tabtraderC1S.png,1000000000,"{""solana"":""FNFKRV3V8DtA3gVJN6UshMiLGYA8izxFwkNWmJbFjmRj""}",18
palo-alto-networks-xstock,PANWX,Palo Alto Networks xStock,palo-alto-networks-xstock,palo-alto-networks-xstockDYX.png,106500,"{""ethereum"":""0xe12bb32d77be4db10ddc82088b230d35d097e9c5"",""solana"":""XsQ6NfzzLH8nspjrB9X8R2K64Zz7Tnxqu12juDiMPMW""}",18
0xe8f802b0cb13adf1a4333b541d4d3f703b8a69fa_base,VITAFOXO,VitaFOXO,vitafoxo,vitafoxoRyx.png,10000000,"{""base"":""0xe8f802b0cb13adf1a4333b541d4d3f703b8a69fa""}",18
blink-galaxy-2,BG,Blink Galaxy,blink-galaxy-2,blink-galaxy-2Wtn.png,898902460,"{""base"":""0x701c8c09fe9f081f9be69ab9af8291c84c09389b""}",18
fantom,FTM,Fantom,fantom,FantomQxjPf.png,3175000000,,
bincentive,BCNT,Bincentive,bincentive,BincentiveRAEVs.png,1000000000,"{""ethereum"":""0x9669890e48f330acd88b78d63e1a6b3482652cd9""}",18
0x23fa3aa82858e7ad1f0f04352f4bb7f5e1bbfb68_ethereum,FRIC,Frictionless,frictionless,frictionlessbXm.png,500000000,"{""ethereum"":""0x23fa3aa82858e7ad1f0f04352f4bb7f5e1bbfb68""}",18
0xdc7ac5d5d4a9c3b5d8f3183058a92776dc12f4f3_ethereum,MONKAS,Monkas,monkas,monkasZ4c.png,420690000000,"{""ethereum"":""0xdc7ac5d5d4a9c3b5d8f3183058a92776dc12f4f3""}",18
0x8c8d2a7d8d9cf26f5ee1bbfc0ba56e93f4a4a7ac_avalanche,AVAXAI,AIvalanche DeFAI Agents,aivalanche-defai-agents,aivalanche-defai-agentsdSq.png,1000000000,"{""avalanche"":""0x8c8d2a7d8d9cf26f5ee1bbfc0ba56e93f4a4a7ac"",""binance_smart"":""0x8c8d2a7d8d9cf26f5ee1bbfc0ba56e93f4a4a7ac""}",18
HXkbUADfocGyz2WrzJpjEfry8qyNDm5Kwiiq3Mz3tTi1_solana,$RETIRE,Retire on Sol,retire-on-sol,retire-on-solV1E.png,10000000000,"{""solana"":""HXkbUADfocGyz2WrzJpjEfry8qyNDm5Kwiiq3Mz3tTi1""}",18
lavandos,LAVE,Lavandos,lavandos,lavandosYB0.png,4600000000,"{""the-open-network"":""EQBl3gg6AAdjgjO2ZoNU5Q5EzUIl8XMNZrix8Z5dJmkHUfxI""}",18
ceranos,CRS,CERANOS,ceranos,ceranosO6K.png,100000000000,"{""binance_smart"":""0x3e51783fef3cb3e807cff7fcb660d3e51c6127f6""}",18
hippopotamus,HPO,Hippo Wallet,hippopotamus,hippopotamusRzT.png,29999952487,"{""ethereum"":""0xa0ed3c520dc0632657ad2eaaf19e26c4fd431a84"",""binance_smart"":""0xa0ed3c520dc0632657ad2eaaf19e26c4fd431a84"",""moonbeam"":""0x823d826d3ab6956ba934893f325e7c323faaf6ca""}",18
gigaswap,GIGA,GigaSwap,gigaswap,gigaswap2us.png,100000000000,"{""ethereum"":""0x83249c6794bca5a77eb8c0af9f1a86e055459cea""}",18
fketh,FKETH,Fketh,fketh,fkethtcs.png,4200000000,"{""solana"":""GWkA9fwAtJDb8BfBAabRY3w7x4jQrboLZd9iWH1v7yuB""}",18
dean-s-list,ISLAND,IslandDAO,dean-s-list,dean-s-listj9f.png,100000000,"{""solana"":""Ds52CDgqdWbTWsua1hgT3AuSSy4FNx2Ezge1br3jQ14a""}",18
waste-coin,WACO,Waste Digital Coin,waste-coin,waste-coinx2M.png,20000000,"{""ethereum"":""0x910c4da718caf4ee38ce5c2490cddaeca689204e""}",18
timmi,TIMMI,TIMMI,timmi,timmi3dH.png,1000000000,"{""solana"":""BxXmDhM8sTF3QG4foaVM2v1EUvg9DLSVUsDRTjR8tMyS""}",18
meshswap-protocol,MESH,Meshswap Protocol,meshswap-protocol,meshswap-protocoluh5.png,3728603,"{""polygon-pos"":""0x82362ec182db3cf7829014bc61e9be8a2e82868a""}",18
icon-x-world,ICNX,Icon.X World,icon-x-world,icon-x-worldxwZ.png,100000000,"{""polygon-pos"":""0x91f3b9366801c1fca6184c3bd99d5ab0c43a9033""}",18
GU7NS9xCwgNPiAdJ69iusFrRfawjDDPjeMBovhV1d4kn_eclipse,TETH,Turbo ETH,turbo-eth,turbo-ethitj.png,3121,"{""eclipse"":""GU7NS9xCwgNPiAdJ69iusFrRfawjDDPjeMBovhV1d4kn""}",18
abble,AABL,Abble,abble,abbleZVr.png,999924464,"{""solana"":""ENoD8J2J6wNHkcJkvVBkwq5JMiR1oNBfBZRkoHCQogyT""}",18
adamant,ADDY,Adamant,adamant,adamantY5V.png,4250616,"{""polygon-pos"":""0xc3fdbadc7c795ef1d6ba111e06ff8f16a20ea539""}",18
boysclub,BOYSCLUB,BoysClub,boysclub,boysclublCx.png,420690000000,"{""ethereum"":""0x2d9996f3b9d2e73540fdbfdfe81d71e9e08cbf03""}",18
vapornodes,VPND,VaporNodes,vapornodes,vapornodes9eT.png,1000000000,"{""avalanche"":""0x83a283641c6b4df383bcddf807193284c84c5342""}",18
spatial-computing,CMPT,Spatial Computing,spatial-computing,spatial-computingR7U.png,1000000,"{""ethereum"":""0x3d000462fb9826804a45c0ea869b83b69587f2db""}",18
vopo,VOPO,VOPO,vopo,vopo7ol.png,21000000000000,"{""binance_smart"":""0xee81ca267b8357ba30049d679027ebf65fcf7458""}",18
shuts-wave,SWAVE,shuts Wave,shuts-wave,shuts-waveHGl.png,7092,"{""polygon-pos"":""0xd14d1e501b2b52d6134db1ad0857aa91f9bfe2dd""}",18
coincollect,COLLECT,CoinCollect,coincollect,coincollecta6K.png,313593348,"{""polygon-pos"":""0x56633733fc8baf9f730ad2b6b9956ae22c6d4148""}",18
vmpx-erc20,VMPX,VMPX,vmpx-erc20,vmpx-erc20QYp.png,108624000,"{""ethereum"":""0xb48eb8368c9c6e9b0734de1ef4ceb9f484b80b9c""}",18
EQDol2oVpmBznAL6vQpF51QW3p0PKV7ag4VEtex8_MeMHASH_the-open-network,MEMHASH,Memhash,memhash,memhashzYw.png,1250000000,"{""the-open-network"":""EQDol2oVpmBznAL6vQpF51QW3p0PKV7ag4VEtex8_MeMHASH""}",18
sonarwatch,SONAR,SonarWatch,sonarwatch,sonarwatchJKN.png,100000000,"{""solana"":""sonarX4VtVkQemriJeLm6CKeW3GDMyiBnnAEMw1MRAE""}",18
iron-finance,ICE,Iron Finance,iron-finance,iron-financeWEC.png,1144390869,"{""polygon-pos"":""0x4a81f8796e0c6ad4877a51c86693b0de8093f2ef""}",18
cubiswap,CUBI,CUBISWAP,cubiswap,cubiswapBHu.png,5880000,"{""opbnb"":""0xb01d49c26416a352fac4fbb3d555d5f2543e3247""}",18
caniverse-digital-gold,CDG,Caniverse Digital Gold,caniverse-digital-gold,caniverse-digital-goldtoV.png,500000,"{""solana"":""3nCkzXUKY5eqbeJ3RAx3rmqqbnJHqMc2WFhvXqSJjRQi""}",18
pando,PANDO,Pando,pando,pandoV57.png,2000000000,"{""ethereum"":""0x252b9f56359901a0bde52d0675b1f1130d86f471""}",18
calcium,CAL,Calcium,calcium,calciumW0C.png,420690000,"{""ethereum"":""0x20561172f791f915323241e885b4f7d5187c36e1""}",18
bancor-governance-token,VBNT,Bancor Governance,bancor-governance-token,bancor-governance-tokenih2.png,55505930,"{""ethereum"":""0x48fb253446873234f2febbf9bdeaa72d9d387f94""}",18
heroes-td,HTD,Heroes TD,heroes-td,heroes-tdCfX.png,468000000,"{""binance_smart"":""0x5e2689412fae5c29bd575fbe1d5c1cd1e0622a8f"",""kardiachain"":""0xe58ea819a98c87ab1a763133a234c3954bb15901""}",18
cropto-corn-token,CROC,Cropto Corn Token,cropto-corn-token,cropto-corn-tokenFGj.png,202000,"{""polygon-pos"":""0x0735fa49eb7d9ddf3e4d9a9f01229627f67632a1""}",18
doginal-kabosu-drc-20,DOSU,Doginal Kabosu (DRC-20),doginal-kabosu-drc-20,doginal-kabosu-drc-20THt.png,420690000000000,"{""drc-20"":""731f1aae3de86b78788e40cfeccac137b7434247bc46a1af7ad8705d95931c9fi0""}",18
satoshi-stablecoin,SATUSD,Satoshi Stablecoin,satoshi-stablecoin,satoshi-stablecoinds5.png,133324156,"{""bevm"":""0x2031c8848775a5efb7cff2a4edbe3f04c50a1478"",""bob-network"":""0xecf21b335b41f9d5a89f6186a99c19a3c467871f"",""binance_smart"":""0xb4818bb69478730ef4e33cc068dd94278e2766cb"",""bsquared-network"":""0x8dd8b12d55c73c08294664a5915475ed1c8b1f6f"",""bitlayer"":""0xba50ddac6b2f5482ca064efac621e0c7c0f6a783"",""hemi"":""0xb4818bb69478730ef4e33cc068dd94278e2766cb"",""base"":""0x70654aad8b7734dc319d0c3608ec7b32e03fa162"",""sonic"":""0xb4818bb69478730ef4e33cc068dd94278e2766cb"",""arbitrum-one"":""0xb4818bb69478730ef4e33cc068dd94278e2766cb"",""ethereum"":""0x1958853a8be062dc4f401750eb233f5850f0d0d2"",""x-layer"":""0xcef6c74ce218c0e1f48ca2430635d0a65cd3737a""}",18
zeus-ai,ZEUS,Zeus AI,zeus-ai,zeus-aiYtE.png,100000000,"{""ethereum"":""0x6ef460eb3563cfcc73f8147b0a77daffee71f867""}",18
veltrixa,VELT,Veltrixa,veltrixa,veltrixaG0j.png,10000000000,"{""binance_smart"":""0xb26df3cadef9f4b771d98d20a7f05e055173f90a""}",18
mvs-multiverse,MVS,MVS Multiverse,mvs-multiverse,mvs-multiverseAec.png,20000000000,"{""binance_smart"":""0x98afac3b663113d29dc2cd8c2d1d14793692f110""}",18
algostable,STBL,AlgoStable,algostable,algostableVcZ.png,1000000000000,"{""algorand"":""465865291""}",18
binary-holdings,BNRY,Binary Holdings,binary-holdings,binary-holdingssK8.png,10000000000,"{""optimistic-ethereum"":""0xb5090d514bcaca7dafb7e52763658844121f346d""}",18
BUfMXdTHqKGVztQjYRB2b4v7EKAv4cheMg8Uu16Npump_solana,STEALTH,StealthSDK,stealth-sdk,BUfMXdTHqKGVztQjYRB2b4v7EKAv4cheMg8Uu16Npump_solanaxfq.png,999999363,"{""solana"":""BUfMXdTHqKGVztQjYRB2b4v7EKAv4cheMg8Uu16Npump""}",18
book-of-bitcoin,BOOB,Book Of Bitcoin,book-of-bitcoin,book-of-bitcoin07a.png,10000000000,"{""ethereum"":""0xf5d791eebfc229c4fe976e8328ed2c261690cb34""}",18
wienerai,WAI,WienerAI,wienerai,wieneraiH6W.png,69000000000,"{""ethereum"":""0xfe8526a77a2c3590e5973ba81308b90bea21fbff""}",18
muesliswap-milk,MILK,MuesliSwap MILK,muesliswap-milk,muesliswap-milklSO.png,10000000,"{""milkomeda-cardano"":""0x386e685b5cbaa7bc06e3dd2eecdc56105076e4fa"",""cardano"":""afbe91c0b44b3040e360057bf8354ead8c49c4979ae6ab7c4fbdc9EB""}",18
anon-ton,ANON,ANON,anon-ton,anon-tonoDW.png,888888888,"{""the-open-network"":""EQDv-yr41_CZ2urg2gfegVfa44PDPjIK9F-MilEDKDUIhlwZ""}",18
0x9cdf242ef7975d8c68d5c1f5b6905801699b1940_ethereum,WHITE,WhiteRock,whiterock,whiterockuwB.png,1000000000000,"{""ethereum"":""0x9cdf242ef7975d8c68d5c1f5b6905801699b1940"",""solana"":""ENWC66tsY6cyqSrd8a7S9ETc712xCcSAuGcRUwSMWhyo""}",18
0x6a1d85c9876ea93ee460ca1d36ae7d95d0cd8f05_ronin,MGT,MGold,mgold,mgoldzG4.png,500000000,"{""ronin"":""0x6a1d85c9876ea93ee460ca1d36ae7d95d0cd8f05""}",18
0xbd32bec7c76d28aa054fc0c907d601b9263e22c7_ethereum,PE,PE,pe,pe2E8.png,307103700,"{""ethereum"":""0xbd32bec7c76d28aa054fc0c907d601b9263e22c7""}",18
internet-of-energy-network,IOEN,Internet of Energy Network,internet-of-energy-network,internet-of-energy-networkypF.png,110400000,"{""ethereum"":""0x1e4e46b7bf03ece908c88ff7cc4975560010893a"",""polygon-pos"":""0xd0e9c8f5fae381459cf07ec506c1d2896e8b5df6""}",18
zetachain-bridged-bnb-bsc-zetachain,BNB.BSC,ZetaChain Bridged BNB.BSC (ZetaChain),zetachain-bridged-bnb-bsc-zetachain,zetachain-bridged-bnb-bsc-zetachainQ8e.png,280.543,"{""zetachain"":""0x48f80608b672dc30dc7e3dbbd0343c5f02c738eb""}",18
astrovault-xjkl,XJKL,xJKL_Astrovault,astrovault-xjkl,astrovault-xjklOMU.png,0,"{""archway"":""archway1yjdgfut7jkq5xwzyp6p5hs7hdkmszn34zkhun6mglu3falq3yh8sdkaj7j""}",18
wrapped-memory,WMEMO,Wonderful Memories,wrapped-memory,wrapped-memorytHr.png,20100,"{""ethereum"":""0x3b79a28264fc52c7b4cea90558aa0b162f7faf57"",""avalanche"":""0x0da67235dd5787d67955420c84ca1cecd4e5bb3b"",""fantom"":""0xddc0385169797937066bbd8ef409b5b3c0dfeb52"",""arbitrum-one"":""0xecf2adaff1de8a512f6e8bfe67a2c836edb25da3""}",18
staked-kcs,SKCS,Staked KCS,staked-kcs,staked-kcsMex.png,9107,"{""kucoin-community-chain"":""0x00ee2d494258d6c5a30d6b6472a09b27121ef451""}",18
multichain-bsc,MULTI,Multichain (BSC),multichain-bsc,multichain-bscGZr.png,4651166,"{""binance_smart"":""0x9fb9a33956351cf4fa040f65a13b835a3c8764e3""}",18
HH8bchogQD71iuLghP4cuvSU7vsGJoMJDBxvWTFu7MpA_solana,UCIT,UCIT,ucit,ucitRjj.png,923126775485,"{""solana"":""HH8bchogQD71iuLghP4cuvSU7vsGJoMJDBxvWTFu7MpA""}",18
constitutiondao-wormhole,PEOPLE,ConstitutionDAO (Wormhole),constitutiondao-wormhole,constitutiondao-wormholeHan.png,771345,"{""solana"":""CobcsUrt3p91FwvULYKorQejgsm5HoQdv5T8RUZ6PnLA""}",18
crypto-one,ONE,Crypto One,crypto-one,crypto-one6Hr.png,100000000,"{""binance_smart"":""0x30f5d258e9d1323c05b185ced2d9b2ead9ac10a4""}",18
coinbidex,CBE,Coinbidex,coinbidex,1706258550832.png,200000000000,"{""binance_smart"":""0xd16cb89f621820bc19dae1c29c9db6d22813b01d"",""base"":""0xb7750e425e86e9ab57bc570a1c89737a56cf4322"",""ethereum"":""0x8d37c86805905b4404aed7f74d95c1c1dc051ea2""}",18
optim-oada,OADA,Optim OADA,optim-oada,optim-oadaheW.png,4023448,"{""cardano"":""f6099832f9563e4cf59602b3351c3c5a8a7dda2d44575ef69b82cf8d""}",18
stabl-fi,CASH,Stabl.fi CASH,stabl-fi,stabl-fivOL.png,166829,"{""polygon-pos"":""0x5d066d022ede10efa2717ed3d79f22f949f8c175""}",18
booty,BOOTY,BOOTY,booty,bootyMC1.png,258908462,"{""solana"":""bootyAfCh1eSQeKhFaDjN9Pu6zwPmAoQPoJWVuPasjJ""}",18
0x5e432eecd01c12ee7071ee9219c2477a347da192_base,ARQX,ARQx AI,arqx-ai,arqx-aiabN.png,1000000000,"{""base"":""0x5e432eecd01c12ee7071ee9219c2477a347da192"",""ethereum"":""0x5e432eecd01c12ee7071ee9219c2477a347da192""}",18
cosmic-champs,COSG,Cosmic Champs,cosmic-champs,cosmic-champsbsc.png,270000000,"{""algorand"":""1065092715""}",18
0xd88fd4a11255e51f64f78b4a7d74456325c2d8dc_base,BV7X,BitVault Signal [OLD],bitvault-signal,bitvault-signalrrK.png,92723598775,"{""base"":""0xd88fd4a11255e51f64f78b4a7d74456325c2d8dc""}",18
interbtc,IBTC,interBTC,interbtc,interbtccMZ.png,0,"{""moonbeam"":""0xffffffff5ac1f9a51a93f5c527385edf7fe98a52"",""astar"":""0xffffffff00000000000000010000000000000004""}",18
kyte-one,KTE,Kyte.One,kyte-one,kyte-oneQhM.png,4280414,"{""binance_smart"":""0x61fa01129ac0bb124d1c60dc9f735c6c579a858b"",""avalanche"":""0x056d114ff1e01de3bca30f0efa3655df42880e5b""}",18
chikincoin,CKC,ChikinCoin,chikincoin,chikincoinTXA.png,999999800,"{""solana"":""8s9FCz99Wcr3dHpiauFRi6bLXzshXfcGTfgQE7UEopVx""}",18
multichain,MULTI,Multichain,multichain,multichainMap.png,100000000,"{""ethereum"":""0x65ef703f5594d2573eb71aaf55bc0cb548492df4"",""polygon-pos"":""0x9fb9a33956351cf4fa040f65a13b835a3c8764e3"",""avalanche"":""0x9fb9a33956351cf4fa040f65a13b835a3c8764e3"",""arbitrum-one"":""0x9fb9a33956351cf4fa040f65a13b835a3c8764e3"",""moonriver"":""0x9fb9a33956351cf4fa040f65a13b835a3c8764e3""}",18
bitcoiva,BCA,Bitcoiva,bitcoiva,bitcoivaK6h.png,21000000,"{""ethereum"":""0xc222e5b89309fab5faf55a3b3bd9082be834916c"",""binance_smart"":""0xddae5f343b7768eadaad88a7f520fff54f198211""}",18
puzzle-swap,PUZZLE,Puzzle Swap,puzzle-swap,puzzle-swapsF1.png,471276,"{""waves"":""HEB8Qaw9xrWpWs8tHsiATYGBWDBtP2S7kcPALrMu43AS""}",18
bitdao,BIT,BitDAO,bitdao,bitdaozw2.png,113850274,"{""ethereum"":""0x1a4b46696b2bb4794eb3d4c26f1c55f9170fa4c5""}",18
ibg-token,IBG,iBG Finance (BSC),ibg-token,ibg-tokenExH.png,535053,"{""binance_smart"":""0x5c46c55a699a6359e451b2c99344138420c87261""}",18
interest-bearing-eth,IBETH,Interest Bearing ETH,interest-bearing-eth,interest-bearing-ethMTh.png,38.6819,"{""ethereum"":""0x67b66c99d3eb37fa76aa3ed1ff33e8e39f0b9c7a""}",18
aiville-governance-token,AIV,AIVille Governance Token,aiville-governance-token,aiville-governance-tokenegR.png,10000000000,"{""binance_smart"":""0xadf7335da0e77339f2d69841f79b0aa6c14d187d""}",18
suia,SUIA,SUIA,suia,suiaANJ.png,100000000,"{""sui"":""0x1d58e26e85fbf9ee8596872686da75544342487f95b1773be3c9a49ab1061b19::suia_token::SUIA_TOKEN""}",18
stkatom,STKATOM,pSTAKE Staked ATOM,stkatom,stkatom5wX.png,2726,"{""cosmos"":""ibc/CAA179E40F0266B0B29FB5EAA288FB9212E628822265D4141EBD1C47C3CBFCBC"",""osmosis"":""ibc/CAA179E40F0266B0B29FB5EAA288FB9212E628822265D4141EBD1C47C3CBFCBC""}",18
0x8e0e798966382e53bfb145d474254cbe065c17dc_base,GAME,Game of Memes (ETH),game-of-memes-eth,game-of-memes-ethZTO.png,420690000000,"{""base"":""0x8e0e798966382e53bfb145d474254cbe065c17dc""}",18
bho-network,BHO,BHO Network,bho-network,bho-networkeSu.png,10000000000,"{""binance_smart"":""0x8717e80eff08f53a45b4a925009957e14860a8a8""}",18
labradorbitcoin,LABI,LabradorBitcoin,labradorbitcoin,labradorbitcoinq2u.png,209977798,"{""solana"":""E5MBirnq71DthjqwsAsgvCtgCAzShoWqnrzkmVQKviJc""}",18
shita-kiri-suzume,SUZUME,Shita-kiri Suzume,shita-kiri-suzume,shita-kiri-suzumeTa1.png,1000000000000,"{""ethereum"":""0x0b452278223d3954f4ac050949d7998e373e7e43""}",18
ccqkl,CC,CCQKL,ccqkl,ccqklyqA.png,550000000,"{""binance_smart"":""0xddb341e88bb2dd7cb56e3c62991c5ad3911518cc""}",18
cryptozoo,ZOO,CryptoZoo,cryptozoo,cryptozookfJ.png,1998500000000,"{""binance_smart"":""0x7ffc1243232da3ac001994208e2002816b57c669""}",18
hashport-bridged-qnt,QNT[HTS],Hashport Bridged QNT,hashport-bridged-qnt,hashport-bridged-qnts6S.png,5280,"{""hedera-hashgraph"":""0x000000000000000000000000000000000013e8b5""}",18
0xffc3776650cd2c9641ce72838f85c0a535cc440b_robinhood,STEP,Stepper CPU,stepper-cpu,stepper-cpuV0Z.png,1000000000,"{""robinhood"":""0xffc3776650cd2c9641ce72838f85c0a535cc440b""}",18
alita,ALI,Alita,alita,alitaYhi.png,5514535,"{""binance_smart"":""0x557233e794d1a5fbcc6d26dca49147379ea5073c""}",18
hygt,HYGT,HYGT,hygt,hygt9Kk.png,200607641,"{""binance_smart"":""0x100995a7e5ffd8ee60cc18a10c75cee8c572c59b""}",18
spring,SPRING,Spring Token,spring,springyn9.png,27245568,"{""ethereum"":""0xf04af3f4e4929f7cd25a751e6149a3318373d4fe"",""polygon-pos"":""0x70d59baa5ab360b2723dd561415bdbcd4435e1c4""}",18
iowbtc,IOWBTC,ioWBTC,iowbtc,iowbtc6J7.png,7,"{""iotex"":""0xc7b93720f73b037394ce00f954f849ed484a3dea""}",18
magnum-2,MAG,Magnum,magnum-2,magnum-2jrE.png,3380000,"{""ethereum"":""0xb9d4b6dc1e1ee3577cc442de015cc11f238b35ed"",""solana"":""Gi2ce3Eu6dt8iAS2pa8hLsoudSEvew477SVJkHUipump""}",18
validao,VDO,ValiDAO,validao,validaoftH.png,8060205,"{""ethereum"":""0x2ef8a2ccb058915e00e16aa13cc6e36f19d8893b"",""hyperevm"":""0xb5ee887259f792e613edbd20dde8970c10fefda1""}",18
pcm,PCM,PCM,pcm,pcm1Fc.png,500000000,"{""optimistic-ethereum"":""0xd0cf4de352ac8dcce00bd6b93ee73d3cb272edc3""}",18
the-monopolist,MONO,The Monopolist,the-monopolist,the-monopolist3ES.png,1000000000,"{""binance_smart"":""0xd4099a517f2fbe8a730d2ecaad1d0824b75e084a""}",18
addickted,DIC,adDICted,addickted,addickted6Mk.png,97500000,"{""the-open-network"":""EQAOLOJ9jhS1RmzEQwayCcD_8glZhI3m7lNOfoNTUhP4Ta8n""}",18
goku,GOKU,Goku,goku,gokuuGU.png,0,"{""ethereum"":""0xa64dfe8d86963151e6496bee513e366f6e42ed79""}",18
new-world-order,STATE,New World Order,new-world-order,new-world-orderE1b.png,0,"{""ethereum"":""0x00c2999c8b2adf4abc835cc63209533973718eb1"",""solana"":""2Ar2n5DJSiQuMhY4XeSzg7C5AGMezZPoLUt98VmmjsAR""}",18
powercity-watt,WATT,POWERCITY WATT,powercity-watt,powercity-watthye.png,2782363744,"{""pulsechain"":""0xdfdc2836fd2e63bba9f0ee07901ad465bff4de71""}",18
gold8,GOLD8,GOLD8,gold8,gold8X89.png,500000,"{""binance_smart"":""0x066aee69d93dee28b32a57febd1878a2d94f6b0c""}",18
starlaunch,STARS,StarLaunch,starlaunch,starlauncheuh.png,100000000,"{""solana"":""HCgybxq5Upy8Mccihrp7EsmwwFqYZtrHrsmsKwtGXLgW""}",18
hashpanda,PANDA,HashPanda,hashpanda,hashpanda9hD.png,1000000000000000,"{""binance_smart"":""0x8578eb576e126f67913a8bc0622e0a22eba0989a""}",18
0x3e985250cb137fc1ff55922116934c5982d29f85_ethereum,ZENT,ZENTU,zentu,zentupkp.png,106047536,"{""ethereum"":""0x3e985250cb137fc1ff55922116934c5982d29f85""}",18
reaktor,RKR,Reaktor,reaktor,reaktorW8b.png,390067218828,"{""ethereum"":""0xb970e14df2161c0a2f32eba35901f2446581b482""}",18
seek-tiger,STI,Seek Tiger,seek-tiger,seek-tiger0Sm.png,785500000,"{""binance_smart"":""0x4f5f7a7dca8ba0a7983381d23dfc5eaf4be9c79a""}",18
finanx-ai,FNXAI,Finanx AI,finanx-ai,finanx-aixOj.png,1000000000,"{""ethereum"":""0x939069722d568b5498ccba4356e800eaefefd2a5"",""arbitrum-one"":""0x3088e120b220e67a2e092f5da8cdf02ea0170f6a"",""binance_smart"":""0xd26889f63094ba5a9d32666cdf5ba381acfad6a6""}",18
caica-coin,CICC,CAICA Coin,caica-coin,caica-coinztw.png,300000000,,
dragonmaster-token,DMT,DragonMaster,dragonmaster-token,dragonmaster-token8Wj.png,1000000000,"{""polygon-pos"":""0x04f177fcacf6fb4d2f95d41d7d3fee8e565ca1d0""}",18
arker-2,ARKER,Arker,arker-2,arker-2o3I.png,2000000000,"{""binance_smart"":""0x9c67638c4fa06fd47fb8900fc7f932f7eab589de""}",18
0xbdcd291c32e06bbf2d7b1ffc823959e3258e3583_ethereum,WASD,WASD Studios,wasd-studios,wasd-studiosSBV.png,1000000000,"{""ethereum"":""0xbdcd291c32e06bbf2d7b1ffc823959e3258e3583""}",18
decentralized-music-chain,DMCC,Decentralized Music Chain,decentralized-music-chain,decentralized-music-chainrzU.png,2000000000,"{""ethereum"":""0xce629ad753a774062d389198117352c44726d105""}",18
deez-nuts-sol,NUTS,Deez Nuts,deez-nuts-sol,deez-nuts-solnay.png,21000000,"{""solana"":""DEEZgP19ZPovNeWRJZw7KuNbkLH6xjNjZ4HsUJnmZv7J""}",18
webmind-network,WMN,WebMind Network,webmind-network,webmind-networkbcJ.png,160000000,"{""binance_smart"":""0xb51d09b75193c35c1eb72d5714453a04051a80bc""}",18
3T9mBXQzfAn8Rf1LKDutvGMTd1EruJbFh3cM7MSMq3Py_solana,CHIPPY,Chippy,chippy,chippyNNd.png,999999999,"{""solana"":""3T9mBXQzfAn8Rf1LKDutvGMTd1EruJbFh3cM7MSMq3Py""}",18
tezos-domains,TED,Tezos Domains,tezos-domains,tezos-domains4jX.png,91826365,"{""tezos"":""KT1GY5qCWwmESfTv9dgjYyTYs2T5XGDSvRp1""}",18
3fcZGkXf7xK4pBAxiyK13DXTC9x3cPxHE998YUbGuS85_solana,HIVE,SolHive,solhive,solhivejmo.png,100000000,"{""solana"":""3fcZGkXf7xK4pBAxiyK13DXTC9x3cPxHE998YUbGuS85""}",18
weusd,WEUSD,WEUSD,weusd,weusdEyk.png,1083006,"{""binance_smart"":""0xdd73ea766b80417c0607a3f08e34a0c415d89d56"",""arbitrum-one"":""0xdd73ea766b80417c0607a3f08e34a0c415d89d56"",""base"":""0xdd73ea766b80417c0607a3f08e34a0c415d89d56"",""movement"":""0xf39c2674014dc3b3af9fd77f31ac69aa9398d8031f2c13a73fccbaca65641ff6"",""plume-network"":""0xdd73ea766b80417c0607a3f08e34a0c415d89d56""}",18
baby-peipei,BABYPEIPEI,Baby PeiPei,baby-peipei,baby-peipeiDRI.png,420690000000000,"{""binance_smart"":""0x04c6f12e06ffe8a79935accf3d3068a4581a7e95""}",18
revolotto,RVL,Revolotto,revolotto,revolottoCDc.png,209914200,"{""binance_smart"":""0x6dc3d0d6ec970bf5522611d8eff127145d02b675""}",18
0x0318206d6949f91dde089fa5f2819383fa44c226_robinhood,WMR,WMR,wmr,0x0318206d6949f91dde089fa5f2819383fa44c226_robinhoodgfQ.png,1000000000,"{""robinhood"":""0x0318206d6949f91dde089fa5f2819383fa44c226""}",18
qowatt,QWT,QoWatt,qowatt,qowattXDQ.png,444000000,"{""elrond"":""QWT-46ac01""}",18
plutus-rdnt,PLSRDNT,Plutus RDNT,plutus-rdnt,plutus-rdntrDh.png,1406706,"{""arbitrum-one"":""0x6dbf2155b0636cb3fd5359fccefb8a2c02b6cb51""}",18
zhc-zero-hour-cash,ZHC,ZHC : Zero Hour Cash,zhc-zero-hour-cash,zhc-zero-hour-cashota.png,300000000,,
simracer-coin,SRC,Simracer Coin,simracer-coin,simracer-coinToL.png,200000000,"{""ethereum"":""0x16587cf43f044aba0165ffa00acf412631194e4b""}",18
dojo,DOJO,DOJO,dojo,dojowby.png,197162800000000,"{""ethereum"":""0x180dae91d6d56235453a892d2e56a3e40ba81df8"",""huobi-token"":""0x180dae91d6d56235453a892d2e56a3e40ba81df8"",""binance_smart"":""0x180dae91d6d56235453a892d2e56a3e40ba81df8""}",18
nero-token,NERO,Nero Token,nero-token,nero-token01X.png,1000000000,"{""binance_smart"":""0x624b9b1ac0fb350aed8389a51b26e36147e158c3""}",18
0x9eec1a4814323a7396c938bc86aec46b97f1bd82_ethereum,TOKU,Toku,toku,tokuTX6.png,1000000000000,"{""ethereum"":""0x9eec1a4814323a7396c938bc86aec46b97f1bd82""}",18
nitro-network,NCASH,Nitro Network,nitro-network,nitro-networkfNf.png,10618283384,"{""avalanche"":""0xc69eba65e87889f0805db717af06797055a0ba07""}",18
0xd2d6c666a888c71a5c8071684ea1f05299e6f846_robinhood,COOK,Cook.market,cook-market,cook-marketvlu.png,1000000000,"{""robinhood"":""0xd2d6c666a888c71a5c8071684ea1f05299e6f846""}",18
route,ROUTE,Router Protocol [OLD],route,routetHA.png,20000000,"{""ethereum"":""0x16eccfdbb4ee1a85a33f3a9b21175cd7ae753db4"",""polygon-pos"":""0x16eccfdbb4ee1a85a33f3a9b21175cd7ae753db4"",""binance_smart"":""0xfd2700c51812753215754de9ec51cdd42bf725b9"",""arbitrum-one"":""0x11bbf12363dc8375b78d2719395d505f52a02f68"",""avalanche"":""0xf44ff799ea2bbfec96f9a50498209aac3c2b3b8b"",""fantom"":""0x11bbf12363dc8375b78d2719395d505f52a02f68"",""optimistic-ethereum"":""0x8413041a7702603d9d991f2c4add29e4e8a241f8"",""aurora"":""0xa1fc14bc890a98142443b7abc0eeccae6186cd9a""}",18
xen-crypto-bsc,BXEN,XEN Crypto (BSC),xen-crypto-bsc,xen-crypto-bsciof.png,580142801733055,"{""binance_smart"":""0x2ab0e9e4ee70fff1fb9d67031e44f6410170d00e""}",18
0xca4569949699d56e1834efe9f58747ca0f151b01_base,TMAI,Token Metrics AI [OLD],token-metrics-ai,0xca4569949699d56e1834efe9f58747ca0f151b01_baseDw0.png,10000000000,"{""base"":""0xca4569949699d56e1834efe9f58747ca0f151b01""}",18
nihao,NIHAO,Nihao,nihao,nihaoEHP.png,888000000000000,"{""ethereum"":""0xc3681a720605bd6f8fe9a2fabff6a7cdecdc605d""}",18
metahub-finance,MEN,DAC Platform,metahub-finance,metahub-financeUBs.png,467347183,"{""polygon-pos"":""0x94b959c93761835f634b8d6e655070c58e2caa12""}",18
0x01c8a5ccad23a4d3764ef71c403862160aa2913a_berachain,WIZZ,Wizzwoods Token,wizzwoods-token,wizzwoods-token5Am.png,1800000000,"{""berachain"":""0x01c8a5ccad23a4d3764ef71c403862160aa2913a""}",18
beluga-fi,BELUGA,Beluga.fi,beluga-fi,beluga-fi6A4.png,4000,"{""binance_smart"":""0x181de8c57c4f25eba9fd27757bbd11cc66a55d31"",""polygon-pos"":""0x47536f17f4ff30e64a96a7555826b8f9e66ec468"",""harmony-shard-0"":""0x2f20a4022bf71daf47ec43972b6ecf56e0db0609"",""fantom"":""0x4a13a2cf881f5378def61e430139ed26d843df9a""}",18
icecream,ICE,IceCreamSwap,icecream,icecreamQdP.png,10000000,"{""bitgert"":""0xb999ea90607a826a3e6e6646b404c3c7d11fa39d"",""fuse"":""0x867f08a3ab824b42e8058a1b48e32e1df205b092"",""xdc-network"":""xdc54051d9dbe99687867090d95fe15c3d3e35512ba"",""binance_smart"":""0xce6c9c70f91c6797873efc80505f972290a88f5d"",""dogechain"":""0x81bcea03678d1cef4830942227720d542aa15817""}",18
governance-algo,GALGO,Governance Algo,governance-algo,governance-algo4Qe.png,10000000000,"{""algorand"":""793124631""}",18
fishy,$FISHY,$FISHY,fishy,fishy5x6.png,793277913,"{""solana"":""Fishy64jCaa3ooqXw7BHtKvYD8BTkSyAPh6RNE3xZpcN""}",18
crafting-finance,CRF,Crafting Finance,crafting-finance,crafting-finance1Nb.png,2000000000,"{""ethereum"":""0x508df5aa4746be37b5b6a69684dfd8bdc322219d""}",18
hocus-pocus-finance,HOC,Hocus Pocus Finance,hocus-pocus-finance,hocus-pocus-finance3LE.png,253843927697,"{""pulsechain"":""0xd22e78c22d7e77229d60cc9fc57b0e294f54488e""}",18
toto,TOTO,TOTO,toto,totocmt.png,120000000000000,"{""ethereum"":""0x973e00eee6d180b5a0eb08ce3047ac4ea7a45cd5""}",18
yieldly,YLDY,Yieldly,yieldly,yieldlyAwi.png,10000000000,"{""ethereum"":""0x88cb253d4c8cab8cdf7948a9251db85a13669e23"",""harmony-shard-0"":""0xf498a433819a5db3dfcc110100527cf4bfcafe47"",""algorand"":""226701642""}",18
smart-coin-smrtr,SMRTR,SmarterCoin,smart-coin-smrtr,smart-coin-smrtrC4u.png,3099547428,"{""avalanche"":""0x6d923f688c7ff287dc3a5943caeefc994f97b290""}",18
8hN217wBBgRkDiyzabLmSuS95pxX5PFcv3HEM5Ha4ZEv_solana,ROGER,Roger,roger,rogerCmn.png,1000000000,"{""solana"":""8hN217wBBgRkDiyzabLmSuS95pxX5PFcv3HEM5Ha4ZEv""}",18
republic-credits,RPC,Republic Credits,republic-credits,republic-creditsYqB.png,35000000000,"{""solana"":""EAefyXw6E8sny1cX3LTH6RSvtzH6E5EFy1XsE2AiH1f3""}",18
green-beli,GRBE,Green Beli,green-beli,green-beliAgl.png,1000000000,"{""binance_smart"":""0x5ca4e7294b14ea5745ee2a688990e0cb68503219""}",18
bright-token,BRIGHT,BrightID,bright-token,bright-tokenCjg.png,25000000,"{""ethereum"":""0x5dd57da40e6866c9fcc34f4b6ddc89f1ba740dfe"",""xdai"":""0x83ff60e2f93f8edd0637ef669c69d5fb4f64ca8e""}",18
goldminer,GM,GoldMiner,goldminer,goldminergoQ.png,100000000000,"{""binance_smart"":""0xe2604c9561d490624aa35e156e65e590eb749519""}",18
0xdabb040c428436d41cecd0fb06bcfdbaad3a9aa8_hyperevm,MHYPE,SpinUp Staked mHYPE,hyperpie-staked-mhype,hyperpie-staked-mhypexhV.png,1000000000,"{""hyperevm"":""0xdabb040c428436d41cecd0fb06bcfdbaad3a9aa8""}",18
orbitedge,ORBD,OrbitEdge,orbitedge,orbitedgecxZ.png,1000000000,"{""binance_smart"":""0x4e24c684a90f2c1f9030a5608a6c3a6fa4e854f5"",""polygon-pos"":""0x4e24c684a90f2c1f9030a5608a6c3a6fa4e854f5""}",18
0x808c16ace7404777fe24a6777a9cb2335aa82451_ethereum,JOTCHUA,PERRO DINERO,perro-dinero,perro-dineroVkh.png,1000000000,"{""ethereum"":""0x808c16ace7404777fe24a6777a9cb2335aa82451""}",18
0x80f6bcedd3d4fa1035285affa30e38f464db3895_base,BET,BetBase,betbase,betbaseg45.png,100000000,"{""base"":""0x80f6bcedd3d4fa1035285affa30e38f464db3895""}",18
tetra,TETRAP,TETRA,tetra,tetrahIQ.png,12504861107,"{""pulsechain"":""0xaec4c07537b03e3e62fc066ec62401aed5fdd361""}",18
fisco,FSCC,FISCO Coin,fisco,FiscoCiHsq.png,50000000,"{""ethereum"":""0x0789dbae94fb18e5789b8e4489bcb7a1adb58622""}",18
FprQaYuyA4CN1f7UtLd7Vd1NR9vyACBy91cE8tiGpump_solana,MARIO,MarioNawfal on X,marionawfal-on-x,FprQaYuyA4CN1f7UtLd7Vd1NR9vyACBy91cE8tiGpump_solanapuP.png,299965266,"{""solana"":""FprQaYuyA4CN1f7UtLd7Vd1NR9vyACBy91cE8tiGpump""}",18
Zc4uJVrHC2APe9qKwBD11Gg4BbvQr3naM8f7Wiopump_solana,PEP,smol pepe [OLD],smol-pep,Zc4uJVrHC2APe9qKwBD11Gg4BbvQr3naM8f7Wiopump_solana59D.png,999707716,"{""solana"":""Zc4uJVrHC2APe9qKwBD11Gg4BbvQr3naM8f7Wiopump""}",18
0x07ddacf367f0d40bd68b4b80b4709a37bdc9f847_ethereum,MOJO,Mojo,mojo,0x07ddacf367f0d40bd68b4b80b4709a37bdc9f847_ethereumkn9.png,420690000000000,"{""ethereum"":""0x07ddacf367f0d40bd68b4b80b4709a37bdc9f847""}",18
cropto-barley-token,CROB,Cropto Barley Token,cropto-barley-token,cropto-barley-tokenxfx.png,202000,"{""polygon-pos"":""0xc3211f7eb806e916d54a2a166fc36188cffde25b""}",18
ai-x,X,AI-X,ai-x,ai-x1WD.png,0,"{""ethereum"":""0x5f5166c4fdb9055efb24a7e75cc1a21ca8ca61a3""}",18
xv,XV,XV,xv,xv0XB.png,100000000,"{""ethereum"":""0x34dce75a3d1910cc9d188aa5a75fb9addcae0fcc"",""binance_smart"":""0x34dce75a3d1910cc9d188aa5a75fb9addcae0fcc""}",18
axion,AXN,Axion,axion,1616154246899.png,210561947578,"{""polygon-pos"":""0x839f1a22a59eaaf26c85958712ab32f80fea23d9""}",18
aqualibre,AQLA,Aqualibre,aqualibre,aqualibre9X8.png,280000000,"{""kujira"":""kujira1xe0awk5planmtsmjel5xtx2hzhqdw5p8z66yqd/uaqla"",""base"":""0xdbe125089d0752ef458c0685436ace93a7f1f8ca""}",18
milady-vault-nftx,MILADY,Milady Vault (NFTX),milady-vault-nftx,milady-vault-nftxRTY.png,30,"{""ethereum"":""0x227c7df69d3ed1ae7574a1a7685fded90292eb48""}",18
intiva-health,TIVA,Intiva Health,intiva-health,intiva-health3wf.png,1000000000,"{""binance_smart"":""0x57b13a7e18d7382f2ce754ff112b2f552230b83e""}",18
sierra-2,SIERRA,Sierra [OLD],sierra-2,sierra-2LbQ.png,68563895,"{""avalanche"":""0x6e6080e15f8c0010d333d8caeead29292adb78f7"",""ethereum"":""0x6bf7788eaa948d9ffba7e9bb386e2d3c9810e0fc""}",18
felix,FLX,Felix,felix,felixtZs.png,1000000000000,"{""binance_smart"":""0x34e4a7454cae15990850166a8771cb8408b62a26""}",18
edison-international-rstock,REIX,Edison International Tokenized Stock (Reality),edison-international-rstock,edison-international-rstockI6H.png,2.6721,"{""arbitrum-one"":""0xa6d647b9dd3df517a10261dccc80a85b94273d6b"",""morph-l2"":""0x5a80e52383079ebbeaadc38e22d0b1fbc4aed350""}",18
0x2039bb4116b4efc145ec4f0e2ea75012d6c0f181_zksync,BUSD,Celer Bridged BUSD (zkSync),celer-bridged-busd-zksync,celer-bridged-busd-zksyncY9Y.png,161906,"{""zksync"":""0x2039bb4116b4efc145ec4f0e2ea75012d6c0f181""}",18
winter,WINTER,Winter,winter,winter1Bf.png,27219675,"{""ethereum"":""0xccba0b2bc4babe4cbfb6bd2f1edc2a9e86b7845f"",""polygon-pos"":""0x51540d15957bdc0fdb87d32616c8d658d59f77c6""}",18
dubcat,DUBCAT,Dubcat,dubcat,dubcatGh4.png,99995387,"{""solana"":""7woCERDM7WV4XaBLfdGwvHBX3EJHQqp8XjArrgSFKkpL""}",18
sonic-the-goat,GOAT,Sonic The Goat,sonic-the-goat,sonic-the-goatMyn.png,1000600098975,"{""solana"":""59u8qAD2S2gEtsY5Vs7dJ95YspnHavyHEtRfzCEb9F7G""}",18
philcoin,PHL,Philcoin,philcoin,philcoinAKq.png,5000000000,"{""binance_smart"":""0x68dd887d012abdf99d3492621e4d576a3f75019d"",""ethereum"":""0x723bd1f87a327e94ceabf68d8f022e0f54b9cc1a"",""polygon-pos"":""0x24c80d7f032bc8d308f10d59e20d5a65b90b7334""}",18
godzilla,GODZ,Godzilla,godzilla,godzillax1X.png,1000000000000000,"{""binance_smart"":""0xda4714fee90ad7de50bc185ccd06b175d23906c1""}",18
unitedcoin,UNITS,UnitedCoin,unitedcoin,unitedcoinZwi.png,18000000000,"{""stellar"":""UNITS-GAB3EDZFT2MBSDPZ5LMB6RSHQ5FMZGQRM3RHQB7Q7WXXXZX2SJMDDMEW""}",18
iflux-global,IFLUX,iFlux Global,iflux-global,iflux-globaliEZ.png,4444444,"{""binance_smart"":""0x96024fb0260d8d3cb5b7087ee3ac0907173b3417""}",18
riky-the-raccoon,RIKY,Riky The Raccoon,riky-the-raccoon,riky-the-raccoonvcf.png,1000000000,"{""base"":""0x729031b3995538ddf6b6bce6e68d5d6fdeb3ccb5""}",18
hela-usdc,HUSDC,Hela USDC,hela-usdc,hela-usdcVf2.png,22664,"{""hela"":""0xf5b85320a772b436cb8105441a3db9ba29437b4a""}",18
0x653a143b8d15c565c6623d1f168cfbec1056d872_base,KURBI,kurbi,kurbi,kurbiRHa.png,100000000,"{""base"":""0x653a143b8d15c565c6623d1f168cfbec1056d872""}",18
agii,AGII,AGII,agii,agii0Lt.png,990000000,"{""binance_smart"":""0x328fd053c4bb968875afd9ad0af36fcf4a0bdda9"",""ethereum"":""0x75d86078625d1e2f612de2627d34c7bc411c18b8""}",18
xlink-bridged-btc-stacks,ABTC,XLink Bridged BTC,xlink-bridged-btc-stacks,xlink-bridged-btc-stackswvu.png,0.14301152,"{""stacks"":""SP2XD7417HGPRTREMKF748VNEQPDRR0RMANB7X1NK.token-abtc"",""core"":""0x70727228db8c7491bf0ad42c180dbf8d95b257e2"",""bsquared-network"":""0x7a087e75807f2e5143c161a817e64df6dc5eafe0"",""bob-network"":""0x7a087e75807f2e5143c161a817e64df6dc5eafe0"",""merlin-chain"":""0x858d1dbd14a023a905535823a77925082507d38b"",""bitlayer"":""0xdfd0660032c2d0d38a9092a43d1669d6568caf71"",""linea"":""0x7a087e75807f2e5143c161a817e64df6dc5eafe0""}",18
droid,DROID,Droid,droid,droidbvA.png,1000000000,"{""stacks"":""SP2EEV5QBZA454MSMW9W3WJNRXVJF36VPV17FFKYH.DROID""}",18
Co4692bPPQXAqqxSLAeTTvF1bnhY26FUWt2YuWQPBgfU_solana,BANANA,Banana Chain,banana-chain,Co4692bPPQXAqqxSLAeTTvF1bnhY26FUWt2YuWQPBgfU_solanaMo3.png,809767503,"{""solana"":""Co4692bPPQXAqqxSLAeTTvF1bnhY26FUWt2YuWQPBgfU""}",18
ishares-high-yield-systematic-bond-etf-ondo-tokenized-etf,HYDBON,iShares High Yield Systematic Bond ETF (Ondo Tokenized ETF),ishares-high-yield-systematic-bond-etf-ondo-tokenized-etf,ishares-high-yield-systematic-bond-etf-ondo-tokenized-etfdqr.png,0,"{""ethereum"":""0xe109dfbf450ec2b9944900830b8da22eaa59f1a3"",""binance_smart"":""0x97b2fd5fc2f3e0dfd72d45734e360961528b6c63"",""solana"":""71VH3YQkjqqGxzwYvGhsCsJNQYzkMo9Rg72aVxqondo""}",18
bookiebot,BB,BookieBot,bookiebot,bookiebotYLg.png,1000000,"{""ethereum"":""0x562e12e1e792643d168c1fa01c1b7198a0f83c9f""}",18
pangolin-flare,PFL,Pangolin Flare,pangolin-flare,pangolin-flareind.png,230000000,"{""flare-network"":""0xb5010d5eb31aa8776b52c7394b76d6d627501c73""}",18
hybrid-2,HYB,Hybrid,hybrid-2,hybrid-26ii.png,1000000000,"{""base"":""0x4ed9c2cb1c0331afd73fef1be5dea4866d8ea5f9"",""binance_smart"":""0xb37194e8b99020ae0b8b6861d4217a9f016706a4"",""arbitrum-one"":""0xb37194e8b99020ae0b8b6861d4217a9f016706a4""}",18
BeRUj3h7BqkbdfFU7FBNYbodgf8GCHodzKvF9aVjNNfL_eclipse,SOL,Hyperlane Bridged SOL (Eclipse),hyperlane-bridged-sol-eclipse,hyperlane-bridged-sol-eclipse14F.png,3785,"{""eclipse"":""BeRUj3h7BqkbdfFU7FBNYbodgf8GCHodzKvF9aVjNNfL""}",18
minato,MNTO,Minato,minato,minatoo03.png,1000000,"{""ethereum"":""0x97a9bac06f90940bce9caec2b880ff17707519e4"",""polygon-pos"":""0x4c9f66b2806538cf00ef596e09fb05bcb0d17dc8"",""binance_smart"":""0x854a63b35b70a7becbed508ff0b6ff5038d0c917"",""arbitrum-one"":""0xf0dfad1817b5ba73726b02ab34dd4b4b00bcd392"",""optimistic-ethereum"":""0xc04fb38f10ad352c5f16bd4546f7456e7f1a2d9e"",""harmony-shard-0"":""0xcad5937a790541ba912542d81fcf36d75fbf7dd7""}",18
lightning-protocol,LIGHT,Lightning Protocol,lightning-protocol,1670845138665.png,100000000,"{""binance_smart"":""0x037838b556d9c9d654148a284682c55bb5f56ef4""}",18
bnb-diamond,BNBD,BNB Diamond,bnb-diamond,bnb-diamondmtt.png,1000000000000000,"{""binance_smart"":""0x3c730718c97a77562866b5d29b33228c019eac68""}",18
3RfQPYVJgJbwyB3BzqqypCEWWryxjTfFDAcXQsckpump_solana,SOLARIS,Solaris AI [OLD],solaris-ai,3RfQPYVJgJbwyB3BzqqypCEWWryxjTfFDAcXQsckpump_solanantV.png,999935597,"{""solana"":""3RfQPYVJgJbwyB3BzqqypCEWWryxjTfFDAcXQsckpump""}",18
penjamin-blinkerton,PEN,Penjamin Blinkerton,penjamin-blinkerton,penjamin-blinkertoniQ4.png,1000000000000,"{""base"":""0xd7d919ea0c33a97ad6e7bd4f510498e2ec98cb78""}",18
daoversal,DAOT,Daoversal,daoversal,daoversalkpD.png,100000000,"{""solana"":""nQ1qgSpXWi71twnWPFjyfCtcbUXbVyQb64RfHKwRpKE""}",18
brazil-carbon-asset,BRCA,Brazil Carbon Asset,brazil-carbon-asset,brazil-carbon-asset7U8.png,1000000000,"{""solana"":""BCAxFqs3VJGTmVsBsyYxWL2zZG6xR1kAynCKkhBKEkxx""}",18
micro-ai,MAI,Micro AI,micro-ai,micro-aitDo.png,1000000,"{""ethereum"":""0x24d73bca2bd9c3a61e99dfc7cb86d3c379ebded7""}",18
speed-star-speed,SPEED,Speed Star SPEED,speed-star-speed,speed-star-speedlIU.png,247883760,"{""harmony-shard-0"":""0x2dae9ac8e3195715f308b59e7e9326f115ab4d98""}",18
raidsharksbot,SHARX,RaidSharksBot,raidsharksbot,raidsharksbotQth.png,500000000,"{""ethereum"":""0x64d3c2817a22b78cacabe4baa2525065ebdf4012""}",18
0x54e7780089aee73ef98b8238b0866a517914254e_blast,ASO,Aso Finance,aso-finance,aso-finance123.png,45000000,"{""blast"":""0x54e7780089aee73ef98b8238b0866a517914254e""}",18
ton-mixer,MIXER,$TON Mixer,ton-mixer,ton-mixerslb.png,90000000,"{""the-open-network"":""EQAdFbynSUlzIlh_I4fXuYaer3rvY0TG0BK-NQZ-Y871pZoM""}",18
astra-protocol-2,ASTRA,Astra Protocol,astra-protocol-2,astra-protocol-22Fy.png,1000000000,"{""ethereum"":""0x201332bd45c8628d814f870bfb584b385a7c351e""}",18
plgnet,PLUG,PL^Gnet,plgnet,plgnetSbk.png,10000000000,"{""ethereum"":""0x47da5456bc2e1ce391b645ce80f2e97192e4976a""}",18
defly,DEFLY,Defly,defly,deflycYv.png,1000000000,"{""algorand"":""470842789""}",18
0x3afeae00a594fbf2e4049f924e3c6ac93296b6e8_base,MAMBA,Mamba,mamba,mambasB2.png,2488888000,"{""base"":""0x3afeae00a594fbf2e4049f924e3c6ac93296b6e8""}",18
muratiai,MURATIAI,MuratiAI,muratiai,muratiaii1w.png,100000000000,"{""binance_smart"":""0x69c2fcae7e30b429166bd616a322e32bec036bcf"",""ethereum"":""0x69c2fcae7e30b429166bd616a322e32bec036bcf""}",18
venus-reward-token,VRT,Venus Reward,venus-reward-token,venus-reward-tokenIYm.png,24332704321,"{""binance_smart"":""0x5f84ce30dc3cf7909101c69086c50de191895883""}",18
dfs-mafia,DFSM,DFS Mafia V2,dfs-mafia,dfs-mafiaLZt.png,407634399855,"{""binance_smart"":""0x350494bcc94efb5c6080f6a6f0043da27be2ad2c""}",18
5evN2exivZXJfLaA1KhHfiJKWfwH8znqyH36w1SFz89Y_solana,MIRAI,Project MIRAI,project-mirai,5evN2exivZXJfLaA1KhHfiJKWfwH8znqyH36w1SFz89Y_solanaFZO.png,999999908,"{""solana"":""5evN2exivZXJfLaA1KhHfiJKWfwH8znqyH36w1SFz89Y""}",18
goldilocks-dao,LOCKS,Goldilocks DAO,goldilocks-dao,goldilocks-dao0ER.png,226505431,"{""berachain"":""0xb7e448e5677d212b8c8da7d6312e8afc49800466""}",18
231Qq1ZzBRXeSmwa1HJCFrm7v5cNUhyYuz8va42vtdQY_solana,HANK,Hank,hank,hankEbC.png,999938312,"{""solana"":""231Qq1ZzBRXeSmwa1HJCFrm7v5cNUhyYuz8va42vtdQY""}",18
centcex,CENX,Centcex,centcex,centcexpJT.png,10000000000,"{""binance_smart"":""0x739e81bcd49854d7bdf526302989f14a2e7994b2""}",18
0xeb2ceed77147893ba8b250c796c2d4ef02a72b68_pulsechain,PDRIP,Pulse Drip,pulse-drip,pulse-dripDN3.png,5000000,"{""pulsechain"":""0xeb2ceed77147893ba8b250c796c2d4ef02a72b68""}",18
xrp20,XRP20,XRP20,xrp20,xrp20nu2.png,89673802757,"{""ethereum"":""0xe4ab0be415e277d82c38625b72bd7dea232c2e7d""}",18
biochar,CHAR,Biochar,biochar,biocharEDu.png,692,"{""base"":""0x20b048fa035d5763685d695e66adf62c5d9f5055"",""celo"":""0x50e85c754929840b58614f48e29c64bc78c58345""}",18
B5PucY1LAe9WA6Tsp8ACnqw2ofWbDxyKZxiin11ha1QU_solana,SOLO,Solomon (Defina),solomon-defina,solomon-definaGMC.png,202399919197,"{""solana"":""B5PucY1LAe9WA6Tsp8ACnqw2ofWbDxyKZxiin11ha1QU""}",18
0x6ce4dba6b54d4995654c94bd48ea3b94836ea144_base,SPIX,spιxfι,sp-xf,0x6ce4dba6b54d4995654c94bd48ea3b94836ea144_baseCR1.png,10000000,"{""base"":""0x6ce4dba6b54d4995654c94bd48ea3b94836ea144""}",18
claimswap,CLA,ClaimSwap,claimswap,claimswapcV6.png,186624000,"{""klay-token"":""0xcf87f94fd8f6b6f0b479771f10df672f99eada63""}",18
commander,CMDR,Commander,commander,commandertpl.png,80000000,"{""ronin"":""0x60b65d6f275ce54a34a5bacad7a170fee55e8577""}",18
satoshi-island,STC,Satoshi Island,satoshi-island,satoshi-islandQjJ.png,21000000,"{""binance_smart"":""0x340724464cf51a551106cc6657606ee7d87b28b9""}",18
orbital7,ORBI,Orbital7,orbital7,orbital7oJ3.png,2000000000,"{""binance_smart"":""0xefa4cda666c6a1c03a38e4885266b019dec57662""}",18
farlaunch,FAR,FarLaunch,farlaunch,farlaunchQKV.png,1000000000,"{""base"":""0x93e6407554b2f02640ab806cd57bd83e848ec65d""}",18
silver-2,AG,Silver,silver-2,silver-2UVX.png,9793172,"{""sonic"":""0x005851f943ee2957b1748957f26319e4f9edebc1""}",18
promote,PRO,Promote,promote,promoteGpC.png,3507,"{""wemix-network"":""0xd1445bcbe14ce5edf7ae887e3f3f82f7bda12af3""}",18
cdao,CDAO,cDAO,cdao,cdaoSq7.png,10000000,"{""core"":""0x42077e348702f13ea80ce6a6a38b8b60fbb37b5d""}",18
cdk,CDK,CDK,cdk,cdkqpv.png,10000000000,"{""avalanche"":""0x108468885eba2932901d409af6bf97bf9c3eda50""}",18
smog,SMOG,Smog,smog,smogIWZ.png,1400000000,"{""solana"":""FS66v5XYtJAFo14LiPz5HT93EUMAHmYipCfQhLpU4ss8"",""ethereum"":""0x89e8e084cc60e6988527f0904b4be71656e8bfa9""}",18
balance-ai,BAI,Balance AI,balance-ai,balance-aiWG3.png,2967382,"{""ethereum"":""0x8ccd897ca6160ed76755383b201c1948394328c7""}",18
share-on-crypto,SHARE,SHARE,share-on-crypto,share-on-cryptoFof.png,9997927015,"{""solana"":""E6Eg7Esj5tfSwkbDGdrzhrotqptv7ghJNarLZ9rbHDSG""}",18
summer-2,SUMR,Summer,summer-2,summer-2YU8.png,1000000000,"{""base"":""0x194f360d130f2393a5e9f3117a6a1b78abea1624""}",18
solend,SLND,Solend,solend,solendXc7.png,100000000,"{""solana"":""SLNDpmoWTVADgEdndyvWzroNL7zSi1dF9PC3xHGtPwp""}",18
psyop,PSYOP,PSYOP,psyop,psyop74w.png,550000000000,"{""ethereum"":""0x3007083eaa95497cd6b2b809fb97b6a30bdf53d3""}",18
functionland,FULA,Functionland,functionland,functionlandTEk.png,0,"{""base"":""0x9e12735d77c72c5c3670636d428f2f3815d8a4cb"",""ethereum"":""0x92217ccaedbdbc54c76c15fea18823db1558fdc9""}",18
molten-2,MOLTEN,Molten,molten-2,molten-2mQq.png,4063752,"{""ethereum"":""0x66e535e8d2ebf13f49f3d49e5c50395a97c137b1"",""fantom"":""0x66e535e8d2ebf13f49f3d49e5c50395a97c137b1"",""optimistic-ethereum"":""0x66e535e8d2ebf13f49f3d49e5c50395a97c137b1"",""arbitrum-one"":""0x66e535e8d2ebf13f49f3d49e5c50395a97c137b1"",""base"":""0x66e535e8d2ebf13f49f3d49e5c50395a97c137b1""}",18
lfit,LFIT,LFIT,lfit,lfit3j9.png,3000000000,"{""polygon-pos"":""0x5b901182b9b2820a713ff5d88519999c550d40e8""}",18
burger-swap,BURGER,BurgerCities,burger-swap,burger-swapBHI.png,43035828,"{""binance_smart"":""0xae9269f27437f0fcbc232d39ec814844a51d6b8f""}",18
planet-sandbox,PSB,Planet Sandbox,planet-sandbox,planet-sandbox6jB.png,4309125,"{""binance_smart"":""0x36bfbb1d5b3c9b336f3d64976599b6020ca805f1""}",18
ginza-network,GINZA,Ginza Network,ginza-network,ginza-networkgRU.png,660633971,"{""binance_smart"":""0x32d7da6a7cf25ed1b86e1b0ee9a62b0252d46b16""}",18
3VTXWW93L1WRfQ7QDPjvfBQgzFRVqDgHPnc8vwQmEpUi_solana,99CENTS,Arizona Iced Tea,arizona-iced-tea,arizona-iced-tea4Gl.png,999996532,"{""solana"":""3VTXWW93L1WRfQ7QDPjvfBQgzFRVqDgHPnc8vwQmEpUi""}",18
zetachain-bridged-btc-btc-zetachain,BTC.BTC,ZetaChain Bridged BTC.BTC (ZetaChain),zetachain-bridged-btc-btc-zetachain,zetachain-bridged-btc-btc-zetachainXzb.png,1.827,"{""zetachain"":""0x13a0c5930c028511dc02665e7285134b6d11a5f4""}",18
0xd9812f24f34e0d727bbf6ea7caaee05b7f7a2603_ethereum,TPU,TensorSpace,tensorspace,tensorspaceJls.png,1000000000,"{""ethereum"":""0xd9812f24f34e0d727bbf6ea7caaee05b7f7a2603""}",18
nulink-2,NLK,NuLink,nulink-2,nulink-2EL0.png,1000000000,"{""ethereum"":""0x744030ad4e6c10faf5483b62473d88a254d62261""}",18
wrapped-busd,WBUSD,Wrapped BUSD,wrapped-busd,wrapped-busdaI9.png,0,"{""tezos"":""KT18fp5rcTW7mbWDmzFwjLDUhs5MeJmagDSZ""}",18
0x137ffd84025c582482e03d3a0b9f74c26dddfbad_binance_smart,HODL,HODL,hodl-meme,hodl-meme44c.png,0,"{""binance_smart"":""0x137ffd84025c582482e03d3a0b9f74c26dddfbad""}",18
cyberblast-token,CBR,Cyberblast Token,cyberblast-token,cyberblast-tokenhmL.png,14100000,"{""blast"":""0xe070b87c4d88826d4cd1b85babe186fdb14cd321""}",18
single-finance,SINGLE,Single Finance,single-finance,single-financejFG.png,1000000000,"{""cronos"":""0x0804702a4e749d39a35fde73d1df0b1f1d6b8347""}",18
staked-celo,STCELO,Staked Celo,staked-celo,staked-celolFD.png,17127012,"{""celo"":""0xc668583dcbdc9ae6fa3ce46462758188adfdfc24""}",18
secured-moonrat-token,SMRAT,Secured MoonRat,secured-moonrat-token,secured-moonrat-tokenwdR.png,1000000000000000,"{""binance_smart"":""0x68590a47578e5060a29fd99654f4556dbfa05d10""}",18
h2o-securities,H2ON,H2O Securities,h2o-securities,h2o-securitiesDew.png,10000000000,"{""binance_smart"":""0xe0e81c29a68bfdd7c48072fd94e7c58f1f0146c1""}",18
kton-staked-kton,KTON,KTON,kton-staked-kton,kton-staked-ktonQKM.png,1200000000,"{""the-open-network"":""EQBuIhXNNkWf9AW9miNGNTSO_uFZ23ejfIWrieXge5f733mw""}",18
aspo-world,ASPO,ASPO World,aspo-world,aspo-worldFA1.png,500000000,"{""binance_smart"":""0x1a9b49e9f075c37fe5f86c916bac9deb33556d7e""}",18
memepad,MEPAD,MemePad,memepad,memepadHrj.png,400000000,"{""binance_smart"":""0x9d70a3ee3079a6fa2bb16591414678b7ad91f0b5""}",18
hyper-pay,HPY,Hyper Pay,hyper-pay,hyper-pay8ZP.png,2650000000,,
fidira,FID,Fidira,fidira,fidirab8E.png,100000000,"{""polygon-pos"":""0x9a4eb698e5de3d3df0a68f681789072de1e50222""}",18
0x5a7a15f8d5daeae4e5ba880451cddf64fa2fae6d_binance_smart,PROMISE,Promise,promise,promise3sf.png,0,"{""binance_smart"":""0x5a7a15f8d5daeae4e5ba880451cddf64fa2fae6d""}",18
liberty-square-filth,FLTH,Liberty Square Filth,liberty-square-filth,liberty-square-filthM6o.png,8466371,"{""solana"":""FLTHudk5B5zag7JmGXqrYrFfey6otevLQA6jm1UHHLEE""}",18
vaporfi,VAPE,VAPE,vaporfi,vaporfilkh.png,21000000,"{""avalanche"":""0x7bddaf6dbab30224aa2116c4291521c7a60d5f55""}",18
csr,CSR,CSR,csr,csrkaG.png,10000000000,"{""ethereum"":""0x75ecb52e403c617679fbd3e77a50f9d10a842387""}",18
0xb9d09bc374577dac1ab853de412a903408204ea8_ethereum,SHEI,SheiShei,sheishei,0xb9d09bc374577dac1ab853de412a903408204ea8_ethereum5Kn.png,420690000000000,"{""ethereum"":""0xb9d09bc374577dac1ab853de412a903408204ea8""}",18
boop,BOOP,Boop,boop,boopn5r.png,12753104,"{""ethereum"":""0x8013266cb5c9dd48be3ad7d1ce832874d64b3ce1""}",18
defi-land-gold,GOLDY,DeFi Land Gold,defi-land-gold,defi-land-goldiYt.png,250000010,"{""solana"":""GoLDYyyiVeXnVf9qgoK712N5esm1cCbHEK9aNJFx47Sx""}",18
vibrantx,VIBE,VibrantX,vibrantx,vibrantxxcH.png,1000000000,"{""aptos"":""0xeedba439a4ab8987a995cf5cfefebd713000b3365718a29dfbc36bc214445fb8""}",18
0xf6ccfd6ef2850e84b73adeace9a075526c5910d4_ethereum,RUNIX,THE•RUNIX•TOKEN,the-runix-token,the-runix-tokenQAD.png,878401947,"{""ethereum"":""0xf6ccfd6ef2850e84b73adeace9a075526c5910d4""}",18
polly-defi-nest,NDEFI,Polly DeFi Nest,polly-defi-nest,polly-defi-nestknH.png,199132,"{""polygon-pos"":""0xd3f07ea86ddf7baebefd49731d7bbd207fedc53b""}",18
bitcoin-pay,BTCPAY,Bitcoin Pay,bitcoin-pay,bitcoin-payKIS.png,21000000,"{""binance_smart"":""0x9f5c37e0fd9bf729b1f0a6f39ce57be5e9bfd435""}",18
capital-dao-starter-token,CDS,Capital DAO Starter,capital-dao-starter-token,capital-dao-starter-tokenyDh.png,8318169955,"{""ethereum"":""0x3c48ca59bf2699e51d4974d4b6d284ae52076e5e""}",18
howl-city,HWL,Howl City,howl-city,howl-city71N.png,540000000,"{""binance_smart"":""0x549cc5df432cdbaebc8b9158a6bdfe1cbd0ba16d""}",18
vikto,VIKTO,Vikto,vikto,vikto9Aq.png,1000000000,"{""tomochain"":""0x1f4e8d4da48bf094565092eae0004b82d420304b""}",18
0xb316e2469e32e4c782533d8dace9f70b2ad88557_base,AETHR,Aether AI,aether-ai,aether-aidhh.png,21000000,"{""base"":""0xb316e2469e32e4c782533d8dace9f70b2ad88557""}",18
ruby-play-network,RUBY,Ruby Play Network,ruby-play-network,ruby-play-networkK1e.png,9000000000,"{""binance_smart"":""0xf7722aa0714096f1fb5ef83e6041cebb4d58a08e""}",18
bunny-token-polygon,POLYBUNNY,Pancake Bunny Polygon,bunny-token-polygon,bunny-token-polygonknx.png,2644893,"{""polygon-pos"":""0x4c16f69302ccb511c5fac682c7626b9ef0dc126a""}",18
magic-token,MAGIC,MagicLand,magic-token,magic-tokenU9n.png,908748,"{""arbitrum-one"":""0x2c852d3334188be136bfc540ef2bb8c37b590bad""}",18
gonnamakeit,GMI,GonnaMakeIt,gonnamakeit,gonnamakeitc3Q.png,200000000,"{""ethereum"":""0x044e874f23f9a7e5dad696554a116c4bb62fecb7"",""energi"":""0x044e874f23f9a7e5dad696554a116c4bb62fecb7""}",18
cryptoblades-kingdoms,KING,CryptoBlades Kingdoms,cryptoblades-kingdoms,cryptoblades-kingdomsPs2.png,1000000000,"{""binance_smart"":""0x0ccd575bf9378c06f6dca82f8122f570769f00c2""}",18
usdc-plus-overnight,USDC+,Overnight.fi USDC+,usdc-plus-overnight,usdc-plus-overnightWef.png,0,"{""base"":""0x85483696cc9970ad9edd786b2c5ef735f38d156f"",""blast"":""0x870a8f46b62b8bdeda4c02530c1750cddf2ed32e""}",18
ushi,USHI,Ushi,ushi,ushiF48.png,21000000000,"{""ethereum"":""0x6dca182ac5e3f99985bc4ee0f726d6472ab1ec55""}",18
polygonfarm-finance,SPADE,PolygonFarm Finance,polygonfarm-finance,polygonfarm-financen7w.png,15655,"{""polygon-pos"":""0xf5ea626334037a2cf0155d49ea6462fddc6eff19""}",18
blastup,BLASTUP,BlastUP,blastup,blastupWww.png,1000000000,"{""blast"":""0x59c159e5a4f4d1c86f7abdc94b7907b7473477f6"",""ethereum"":""0x901a020915bc3577d85d29f68024b4c5e240b8cd""}",18
mai-fantom,MIMATIC,MAI (Fantom),mai-fantom,mai-fantomVS7.png,150000,"{""fantom"":""0xfb98b335551a418cd0737375a2ea0ded62ea213b""}",18
nftpunk-finance,NFTPUNK,NFTPunk.Finance,nftpunk-finance,nftpunk-financeEDI.png,0,"{""binance_smart"":""0x31de61d9a39cb9f479570bd3dc3ac93bc0402cdb""}",18
flux-point-studios-shards,SHARDS,Flux Point Studios SHARDS,flux-point-studios-shards,flux-point-studios-shardseLu.png,525000,"{""cardano"":""ea153b5d4864af15a1079a94a0e2486d6376fa28aafad272d15b243a"",""polygon-pos"":""0xe156987a81a9b841c1def6f111ea69bf817fb272"",""avalanche"":""0xb1f19e492401545c1b060c4b18688f9178325b4d""}",18
atomic-wallet-coin,AWC,Atomic Wallet Coin,atomic-wallet-coin,atomic-wallet-coinb8T.png,100000000,"{""ethereum"":""0xad22f63404f7305e4713ccbd4f296f34770513f4""}",18
tools,TOOLS,TOOLS,tools,toolsoOX.png,25000000,"{""binance_smart"":""0x1311b352467d2b5c296881badea82850bcd8f886""}",18
alcor-ibc-bridged-usdt-wax,USDT,Alcor IBC Bridged USDT (WAX),alcor-ibc-bridged-usdt-wax,alcor-ibc-bridged-usdt-wax6Mt.png,0,"{""wax"":""WAXUSDT-wax-eth.token""}",18
lander,TCL,Lander,lander,landery30.png,1000000000,"{""elrond"":""TCL-fe459d""}",18
keyoflife,KOL,KeyOfLife,keyoflife,keyoflife64Q.png,5434220,"{""binance_smart"":""0x5569edd2e1535be2003470b2663f2ff77e83d27e""}",18
libra-protocol,LBR,Libra Protocol,libra-protocol,libra-protocolPxk.png,500000,"{""binance_smart"":""0x566a9eeac9a589bf0825222bca083ecdb9c86c82""}",18
brix-gaming,BRIX,Brix Gaming,brix-gaming,brix-gamingbua.png,1741773098,"{""solana"":""BriXYhFVy3aXLiuVUfeG6ZMwHvifJLtxSuS5zgozDnAJ""}",18
chikn-egg,EGG,Chikn Egg,chikn-egg,chikn-eggqBY.png,1231334,"{""avalanche"":""0x7761e2338b35bceb6bda6ce477ef012bde7ae611""}",18
0x0aff507ac29b8cea2fb10d2ad14408c2d79a35ad_ethereum,TALK,CrypTalk,cryptalk-2,0x0aff507ac29b8cea2fb10d2ad14408c2d79a35ad_ethereumwtH.png,10000000,"{""ethereum"":""0x0aff507ac29b8cea2fb10d2ad14408c2d79a35ad""}",18
sklay,SKLAY,sKLAY,sklay,sklayNbw.png,189081340,"{""klay-token"":""0xa323d7386b671e8799dca3582d6658fdcdcd940a""}",18
nucleon-space,NUT,Nucleon,nucleon-space,nucleon-spacejZI.png,9691,"{""conflux"":""0xfe197e7968807b311d476915db585831b43a7e3b""}",18
kingshit,KINGSHIT,Kingshit,kingshit,kingshitAOZ.png,2222,"{""avalanche"":""0x0cd741f007b417088ca7f4392e8d6b49b4f7a975""}",18
friend3,F3,Friend3,friend3,friend3Zr1.png,1000000000,"{""binance_smart"":""0x9e57e83ad79ac5312ba82940ba037ed30600e167""}",18
sir,SIR,Sir,sir,sirSYg.png,1000000,"{""binance_smart"":""0x94498055eaf906aacdf939c53bfad73ea1a57edf""}",18
0xb36cf340a35f9860d0bb59afb0355580f0000dad_ethereum,PADRE,Terminal,padre,padreMkr.png,37500000,"{""ethereum"":""0xb36cf340a35f9860d0bb59afb0355580f0000dad""}",18
plums,PLUMS,PLUMS,plums,plumsNxx.png,69420420420069,"{""ethereum"":""0x666cbfaa3baa2faccfac8854fea1e5db140fb104""}",18
cypress,CP,Cypress,cypress,cypressvyv.png,100000000,"{""moonbeam"":""0x6021d2c27b6fbd6e7608d1f39b41398caee2f824"",""base"":""0x934ef4bfffdce191ac4bcc351b2fe7892865b440""}",18
gm-machine,GM,GM Machine,gm-machine,gm-machine1E6.png,68878927919502,"{""solana"":""3acxNNmfdKKZj9i35P4VDBFm74Ufdt8ojKWceVGynwC5""}",18
gambex,GBE,Gambex,gambex,gambexckl.png,280000,"{""ethereum"":""0x176bc22e1855cd5cf5a840081c6c5b92b55e2210""}",18
superrarebears-hype,HYPE,SuperRareBears HYPE,superrarebears-hype,superrarebears-hypeLgv.png,100000000000,"{""elrond"":""HYPE-619661""}",18
crodie,CRODIE,Crodie,crodie,crodieIej.png,999858725,"{""solana"":""GvcNXdSehfNSNyhDVDj27kc459LzFqWozt9CSJywMy6r""}",18
decentralized-community-investment-protocol,DCIP,Decentralized Community Investment Protocol,decentralized-community-investment-protocol,decentralized-community-investment-protocolcs9.png,1000000000000000,"{""binance_smart"":""0x308fc5cdd559be5cb62b08a26a4699bbef4a888f""}",18
gary,GARY,Gary,gary,garyDMC.png,24478812,"{""solana"":""8c71AvjQeKKeWRe8jtTGG1bJ2WiYXQdbjqFbUfhHgSVk""}",18
aid,AID,AID,aid,aidX2X.png,100000000,"{""binance_smart"":""0xaa9f209c295437c31bde75eee1aa8453f2acabcd""}",18
gloom,GLOOM,Gloom,gloom,gloomjBd.png,1000000000,"{""base"":""0xbb5d04c40fa063faf213c4e0b8086655164269ef""}",18
ugold-inc-2,UGOLD,UGOLD Inc.,ugold-inc-2,ugold-inc-2m99.png,4000000,"{""ethereum"":""0x6abbf52276856dab63c5dee566965aa1a5fae664""}",18
0x5d942f9872863645bcb181aba66c7d9646a91378_ethereum,ASI,AltSignals,altsignals,altsignals6Vq.png,221200000,"{""ethereum"":""0x5d942f9872863645bcb181aba66c7d9646a91378""}",18
modex,MODEX,Modex,modex,ModexHeUVL.png,266399993,"{""ethereum"":""0x4bcea5e4d0f6ed53cf45e7a28febb2d3621d7438""}",18
nftreasure,TRESR,NFTREASURE,nftreasure,nftreasure4pj.png,445033953,"{""avalanche"":""0x9913ba363073ca3e9ea0cd296e36b75af9e40bef""}",18
unilab-network,ULAB,Unilab,unilab-network,unilab-networkAbh.png,100000000,"{""binance_smart"":""0x7111e5c9b01ffa18957b1aa27e9cb0e8fba214f5""}",18
naka-bodhi-token,NBOT,Naka Bodhi,naka-bodhi-token,naka-bodhi-tokenmia.png,100000000,,
shelling,SHL,Shelling,shelling,shellingmLC.png,1000000000000,"{""binance_smart"":""0xbb689057fe1c4bfc573a54c0679ae1a7a1982f26""}",18
qubit,QBT,Qubit,qubit,qubitGox.png,1000000000,"{""binance_smart"":""0x17b7163cf1dbd286e262ddc68b553d899b93f526""}",18
pomerium-ecosystem,PMG,Pomerium Ecosystem Token,pomerium-ecosystem,pomerium-ecosystemcyP.png,999395721,"{""binance_smart"":""0x0733618ab62eeec815f2d1739b7a50bf9e74d8a2""}",18
3a-lending-protocol,A3A,3A,3a-lending-protocol,3a-lending-protocolG36.png,1000000000,"{""ethereum"":""0x3f817b28da4940f018c6b5c0a11c555ebb1264f9"",""polygon-pos"":""0x58c7b2828e7f2b2caa0cc7feef242fa3196d03df"",""linea"":""0x3d4b2132ed4ea0aa93903713a4de9f98e625a5c7""}",18
minu-the-manta,MNU,Minu the Manta,minu-the-manta,minu-the-mantad2G.png,1000000000,"{""manta-pacific"":""0x0d613b80f9afb3cef99fe26702227d74b0178740""}",18
boo-2,$BOO,BOO,boo-2,boo-22qm.png,5000000000,"{""ethereum"":""0x32e7c8a6e920a3cf224b678112ac78fdc0fb09d1"",""arbitrum-one"":""0x28514bd097d5f9ecea778cc7a4ca4bac5fedb0b6"",""base"":""0xec1df7edfcdc2e2042c63252c1cef480f64f9189"",""optimistic-ethereum"":""0x135c78d7f52aab6e9f17bcf4a9e8627aa233d050"",""solana"":""booe3XGMztBMB9RhCgNodhJQeaaMmhdGehMCVPMGza2""}",18
light-defi,LIGHT,Light Defi,light-defi,light-defiyxB.png,10000000000,"{""binance_smart"":""0x842668e2b9a73240abf6532dedc89c9c3e050c98""}",18
merlins-seal-usdc,M-USDC,Merlin Bridged USDC (Merlin),merlins-seal-usdc,merlins-seal-usdcS3v.png,8128986,"{""merlin-chain"":""0x6b4ecada640f1b30dbdb68f77821a03a5f282ebe""}",18
horizon-5,HORIZON,Horizon,horizon-5,horizon-5l5h.png,1000000000,"{""xrp"":""486F72697A6F6E00000000000000000000000000.rDKJWtrPqKiMBzK9FTVvebMVec7FJtJLx6""}",18
agusto,AGUSTO,Agusto,agusto,agustowYJ.png,1000000000000,"{""binance_smart"":""0x59506187c2b67dd49b38f5589b1db114868d63e7""}",18
oCToFrqzfrsXQ2qEG3FF4wjR2pCm3HKC8ra81XYWyoz_solana,OCTOAI,Octopus,octopus-2,octopus-2iun.png,999995301,"{""solana"":""oCToFrqzfrsXQ2qEG3FF4wjR2pCm3HKC8ra81XYWyoz""}",18
ishares-broad-usd-high-yield-corporate-bond-etf-ondo-tokenized-etf,USHYON,iShares Broad USD High Yield Corporate Bond ETF (Ondo Tokenized ETF),ishares-broad-usd-high-yield-corporate-bond-etf-ondo-tokenized-etf,ishares-broad-usd-high-yield-corporate-bond-etf-ondo-tokenized-etfp0O.png,0,"{""ethereum"":""0x6830f7bbfd274e393a32846918da9de210879ae4"",""binance_smart"":""0xc992e5f8da1b99cb941b0a259be9014cffe89ccf"",""solana"":""aau4XCAZR6p9uC4vgdHdh4ip3oW5pr5PrNs3FJ8ondo""}",18
catge-coin,CATGE,Catge Coin,catge-coin,catge-coinFhx.png,1000000000000000,"{""binance_smart"":""0x3e07a8a8f260edeeca24139b6767a073918e8674""}",18
duckdao,DD,DuckDAO,duckdao,duckdaoLmt.png,13000000,"{""ethereum"":""0x7d51888c5abb7cdfa9cdd6a50673c7f8afaccd7f""}",18
content-bitcoin,CTB,Content Bitcoin,content-bitcoin,content-bitcoinOFe.png,1000000000,"{""ethereum"":""0x435f6a29b100123ae46a3e8bf0541ab402949243""}",18
0xc797fc5ca8ef5502aaa0307b9bfc45e877d6caf5_base,SUPER,Super Connector,super-connector,super-connectorky1.png,1000000000,"{""base"":""0xc797fc5ca8ef5502aaa0307b9bfc45e877d6caf5""}",18
GorvUUSkJGSzJUebM5W6berUkZ5pG8nmnn7tmk74pump_solana,ZAILGO,Zailgo,zailgo,GorvUUSkJGSzJUebM5W6berUkZ5pG8nmnn7tmk74pump_solanaA9x.png,970322140,"{""solana"":""GorvUUSkJGSzJUebM5W6berUkZ5pG8nmnn7tmk74pump""}",18
fido,FIDO,Fido,fido,fidokIJ.png,10000000000,"{""ethereum"":""0x6b985d38b1fc891bb57bff59573626b1896d4aa1""}",18
hyruleswap,RUPEE,HyruleSwap,hyruleswap,hyruleswapO1V.png,1185333,"{""binance_smart"":""0x7b0409a3a3f79baa284035d48e1dfd581d7d7654""}",18
frame-token,FRAME,Frame Token,frame-token,frame-tokenxfn.png,1000000000000,"{""base"":""0x91f45aa2bde7393e0af1cc674ffe75d746b93567""}",18
mxmboxceus-token,MBE,MxmBoxcEus Token,mxmboxceus-token,mxmboxceus-tokenKdu.png,10000000,"{""binance_smart"":""0x086ddd008e20dd74c4fb216170349853f8ca8289""}",18
ivipcoin,IVIP,iVipCoin,ivipcoin,ivipcoinNMS.png,12000000000,"{""binance_smart"":""0xbdc87a65e0b6bfb631847b7de815d2b07dec8ee7""}",18
0xa7f6e8a35d83228cc6c241c8dd0fb687552f75d1_base,DNODE,Dealer Node,dealer-node,dealer-nodelox.png,1000000000,"{""base"":""0xa7f6e8a35d83228cc6c241c8dd0fb687552f75d1""}",18
core-id,CID,CORE ID,core-id,core-idRka.png,50000000,"{""core"":""0x000000000e1d682cc39abe9b32285fdea1255374""}",18
corex,CORX,COREX,corex,corex2IL.png,1000000000,"{""binance_smart"":""0xf9a2e332b1ecd3d6ab51618432d68c8d5995c992""}",18
flappy-bird-evolution,FEVO,Flappy Bird Evolution,flappy-bird-evolution,flappy-bird-evolutionho0.png,100000000000000,"{""polygon-pos"":""0xaa1e97614eaf8d85dbf58f7f0b3080b2affcfefc""}",18
wwemix,WWEMIX,WWEMIX,wwemix,wwemixrEA.png,9018186,"{""wemix-network"":""0x7d72b22a74a216af4a002a1095c8c707d6ec1c5f""}",18
larry,LARRY,Larry,larry,larryWZj.png,44000000000,"{""ethereum"":""0xd08623fb2a1f044025eec65886011cf5d0f06b01""}",18
0x6d5d854063114c18dadc54fe052d75c1c4f34b46_base,NEMESIS,Nemesis AI Trader,nemesis-ai-trader,0x6d5d854063114c18dadc54fe052d75c1c4f34b46_baseSmR.png,1000000000,"{""base"":""0x6d5d854063114c18dadc54fe052d75c1c4f34b46""}",18
shopnext-loyalty-token,NEXT,ShopNext Loyalty Token,shopnext-loyalty-token,shopnext-loyalty-tokenZ9t.png,99995525,"{""binance_smart"":""0xa6c59de838f1eeb82d86f5af0750f5f656439999""}",18
orca-avai,AVAI,Orca AVAI,orca-avai,orca-avai5MV.png,2196316,"{""avalanche"":""0x346a59146b9b4a77100d369a3d18e8007a9f46a6""}",18
0x420b879b0d18cc182e7e82ad16a13877c3a88420_ethereum,$BUD,Big Bud,big-bud,big-budDOB.png,420690000000000,"{""ethereum"":""0x420b879b0d18cc182e7e82ad16a13877c3a88420""}",18
recursion-pharmaceuticals-ondo-tokenized-stock,RXRXON,Recursion Pharmaceuticals (Ondo Tokenized Stock),recursion-pharmaceuticals-ondo-tokenized-stock,recursion-pharmaceuticals-ondo-tokenized-stockyto.png,0,"{""ethereum"":""0xdaa3b81a3acfcb60b875eba1d26852376bc38486"",""binance_smart"":""0xcb6d74aff24afc94514727ee0fcda6bb6b64f3f9"",""solana"":""q16ZLSbANUhpcq15pRUXRxNFfEqgpde9mSBwRcyondo""}",18
vetter-skylabs,VSL,Vetter Skylabs,vetter-skylabs,vetter-skylabsB3n.png,25000000000,"{""binance_smart"":""0x78b2425fc305c0266143eaa527b01b043af83fb8""}",18
shimmer,SMR,Shimmer,shimmer,shimmerhsG.png,1450896407,"{""shimmer_evm"":""0x1074010000000000000000000000000000000000""}",18
oreoswap,OREO,OreoSwap,oreoswap,oreoswap6Tp.png,1020831,"{""arbitrum-one"":""0x319e222de462ac959baf2aec848697aec2bbd770""}",18
magic-carpet-ride,MAGIC,Magic Carpet Ride,magic-carpet-ride,magic-carpet-ridecAi.png,100000000,"{""pulsechain"":""0xc42945a98eaaae8fafbc76bace473c90d8100967""}",18
0x901f1d2bf312e6fa1716df603df8f86315bcb355_base,LINKS,Links,links-2,0x901f1d2bf312e6fa1716df603df8f86315bcb355_basemDR.png,18000000000,"{""base"":""0x901f1d2bf312e6fa1716df603df8f86315bcb355""}",18
nfinityai,NFNT,nfinityAI,nfinityai,nfinityaib7J.png,100000000,"{""ethereum"":""0x82d36570842fc1ac2a3b4dbe0e7c5c0e2e665090""}",18
4GFe6MBDorSy5bLbiUMrgETr6pZcjyfxMDm5ehSgpump_solana,HAWKTUAH,Hawk Tuah,hawk-tuah,hawk-tuahF9N.png,913988751,"{""solana"":""4GFe6MBDorSy5bLbiUMrgETr6pZcjyfxMDm5ehSgpump""}",18
aevum-ore,AEVUM,Aevum,aevum-ore,aevum-oreEcn.png,5000000,"{""solana"":""EsirN3orp85uyvZyDrZnbe9cyo7N1114ynLFdwMPCQce""}",18
izumi-bond-usd,IUSD,iZUMi Bond USD,izumi-bond-usd,izumi-bond-usd9p9.png,30000000,"{""ethereum"":""0x0a3bb08b3a15a19b4de82f8acfc862606fb69a2d"",""polygon-pos"":""0x0a3bb08b3a15a19b4de82f8acfc862606fb69a2d"",""arbitrum-one"":""0x0a3bb08b3a15a19b4de82f8acfc862606fb69a2d"",""scroll"":""0x0a3bb08b3a15a19b4de82f8acfc862606fb69a2d"",""merlin-chain"":""0x0a3bb08b3a15a19b4de82f8acfc862606fb69a2d"",""manta-pacific"":""0x078f712f038a95beea94f036cadb49188a90604b""}",18
satoshis-vision,SATS,Satoshis Vision,satoshis-vision,satoshis-visionQhA.png,21000000,"{""ethereum"":""0x6c22910c6f75f828b305e57c6a54855d8adeabf8""}",18
duet-protocol,DUET,Duet Protocol,duet-protocol,duet-protocolVkK.png,411599999,"{""ethereum"":""0xd69ae79b01c4af7f19b9a824e5643363b202b3a1"",""binance_smart"":""0x95ee03e1e2c5c4877f9a298f1c0d6c98698fab7b""}",18
shimmersea-lum,LUM,ShimmerSea Lum,shimmersea-lum,shimmersea-lumEU1.png,3774071,"{""shimmer_evm"":""0x4794aeafa5efe2fc1f6f5eb745798aaf39a81d3e"",""iota-evm"":""0x34a85ddc4e30818e44e6f4a8ee39d8cba9a60fb3""}",18
0x388e543a5a491e7b42e3fbcd127dd6812ea02d0d_base,$PILL,Pill,pill,pill5WT.png,1000000000,"{""base"":""0x388e543a5a491e7b42e3fbcd127dd6812ea02d0d""}",18
turbodex,TURBO,TurboDEX,turbodex,turbodexvZc.png,25000000,"{""binance_smart"":""0x9d0211c1b1a217a574cb55b0e9c367e56debeae0""}",18
ai-nexus,A1X,AI Nexus,ai-nexus,ai-nexusXcD.png,1000000000,,
gocryptome,GCME,GoCryptoMe,gocryptome,gocryptomePWy.png,100000000,"{""binance_smart"":""0x9528cceb678b90daf02ca5ca45622d5cbaf58a30""}",18
ultracapital-yeth,YETH,Ultracapital yETH,ultracapital-yeth,ultracapital-yethQEO.png,0,"{""stellar"":""yETH-GDYQNEF2UWTK4L6HITMT53MZ6F5QWO3Q4UVE6SCGC4OMEQIZQQDERQFD""}",18
0x4a0aaf171446dda0ed95295c46820e2015a28b07_base,QE,QuantumCoin [OLD],quantumcoin-2,0x4a0aaf171446dda0ed95295c46820e2015a28b07_baseROJ.png,100000000000,"{""base"":""0x4a0aaf171446dda0ed95295c46820e2015a28b07""}",18
0xeb09e61726922ec613567a63761339dad49d5d3a_binance_smart,RTX,OrbitX DAO,orbitx-dao,orbitx-daoPGZ.png,209762808,"{""binance_smart"":""0xeb09e61726922ec613567a63761339dad49d5d3a""}",18
artificial-bull,ABULL,Artificial Bull,artificial-bull,artificial-bullnGC.png,1000000000,"{""robinhood"":""0xa8a9b0ff0838af00f0ae21bc3a5c37ecedea69bc""}",18
0x3e05d37cfbd8caaad9e3322d35cc727afaff63e3_base,BENG,Based Peng,based-peng,based-pengO8c.png,10000000000,"{""base"":""0x3e05d37cfbd8caaad9e3322d35cc727afaff63e3""}",18
cheesecakeswap,CCAKE,CheesecakeSwap,cheesecakeswap,cheesecakeswapcwC.png,0,"{""binance_smart"":""0xc7091aa18598b87588e37501b6ce865263cd67ce"",""polygon-pos"":""0xbc2597d3f1f9565100582cde02e3712d03b8b0f6""}",18
galaxy-digital-xstock,GLXYX,Galaxy Digital xStock,galaxy-digital-xstock,galaxy-digital-xstock1Ph.png,1005000,"{""ethereum"":""0xf7f4fac56f012de7dd6adff54c761986b9e0655a"",""solana"":""Xs3c2aZenyRQwXjki5MDxJEJ2km27ef2rWQMFWx7QKJ""}",18
iris-chain,IRC,IRIS Chain,iris-chain,iris-chaineDc.png,2000000000,"{""binance_smart"":""0x5838bb6e87d7777dcff809befb696103326f1634""}",18
toucan-protocol-nature-carbon-tonne,NCT,Toucan Protocol: Nature Carbon Tonne,toucan-protocol-nature-carbon-tonne,toucan-protocol-nature-carbon-tonneyn8.png,1426461,"{""polygon-pos"":""0xd838290e877e0188a4a44700463419ed96c16107"",""osmosis"":""ibc/A76EB6ECF4E3E2D4A23C526FD1B48FDD42F171B206C9D2758EF778A7826ADD68""}",18
defispot,SPOT,Defispot,defispot,defispot90q.png,454991130,"{""ethereum"":""0xe635efcfac44c5f44508f4d17c3a96cb4ce421dd""}",18
ben-s-finale,FINALE,Ben's Finale,ben-s-finale,ben-s-finalerX9.png,55000000000,"{""ethereum"":""0xc7a2572fa8fdb0f7e81d6d3c4e3ccf78fb0dc374""}",18
dragonmaster-totem,TOTEM,DragonMaster Totem,dragonmaster-totem,dragonmaster-totem2Dn.png,210507741,"{""polygon-pos"":""0x1adcef5c780d8895ac77e6ee9239b4b3ecb76da2""}",18
0xb887cac66cf5eaaa0bf0cdb5d76905e19bc391a5_base,SHARP,Sharp AI,sharp-ai-2,0xb887cac66cf5eaaa0bf0cdb5d76905e19bc391a5_basemCj.png,1077777777,"{""base"":""0xb887cac66cf5eaaa0bf0cdb5d76905e19bc391a5""}",18
kuswap,KUS,KuSwap,kuswap,kuswapMRq.png,337316064,"{""kucoin-community-chain"":""0x4a81704d8c16d9fb0d7f61b747d0b5a272badf14""}",18
reward-protocol,REWD,Reward Protocol,reward-protocol,reward-protocolJsi.png,10000000000,"{""solana"":""2eu1K3wvfPC7gVj1CK8ohv4ggusdN6qxyxpjHyTCkjZT""}",18
0x36a947baa2492c72bf9d3307117237e79145a87d_base,TONY,TONY,tony-2,0x36a947baa2492c72bf9d3307117237e79145a87d_baseUDF.png,1000000000,"{""base"":""0x36a947baa2492c72bf9d3307117237e79145a87d""}",18
secret-erc20,WSCRT,Secret (ERC20),secret-erc20,secret-erc20Xu2.png,1166382,"{""ethereum"":""0x2b89bf8ba858cd2fcee1fada378d5cd6936968be""}",18
lion-scrub-money-2,LION,Lion Scrub Money,lion-scrub-money-2,lion-scrub-money-2NTS.png,10197401,"{""kava"":""0x990e157fc8a492c28f5b50022f000183131b9026""}",18
6QztfmSoxygymjzKwGHiWBcVEUxJEkXVQedKycYyyQHS_solana,CYLA,CYLA,cyla,cylaGjA.png,1000000000,"{""solana"":""6QztfmSoxygymjzKwGHiWBcVEUxJEkXVQedKycYyyQHS""}",18
lisk-bridged-wbtc-lisk,WBTC,Lisk Bridged Wrapped Bitcoin (Lisk),lisk-bridged-wbtc-lisk,lisk-bridged-wbtc-lisk9IK.png,4,"{""lisk"":""0x03c7054bcb39f7b2e5b2c7acb37583e32d70cfa3""}",18
mybricks,BRICKS,MyBricks,mybricks,mybricksxTR.png,1000000000,"{""binance_smart"":""0x13e1070e3a388e53ec35480ff494538f9ffc5b8d""}",18
lucia,LUCIA,LUCIA,lucia,luciabrv.png,1000000000,"{""base"":""0x3c86129b990876ea63751fa7a27deba91fc5bfad""}",18
nodewaves,NWS,Nodewaves,nodewaves,nodewavespTY.png,100000000,"{""polygon-pos"":""0x13646e0e2d768d31b75d1a1e375e3e17f18567f2""}",18
0xb3621cd34803cf7065dcb0d5bfb0f56c1834a063_base,DEFAI,DeFi Agents AI,defi-agents-ai,0xb3621cd34803cf7065dcb0d5bfb0f56c1834a063_base3ch.png,1000000000,"{""base"":""0xb3621cd34803cf7065dcb0d5bfb0f56c1834a063""}",18
0x431469ce9d70a5879e959bf15cffad003dc7f69f_cronos,DAMOON,Damoon,damoon,damoonmOa.png,100000000,"{""cronos"":""0x431469ce9d70a5879e959bf15cffad003dc7f69f""}",18
ailayer-token,AIL,AILayer Token,ailayer-token,ailayer-tokenrXk.png,1000000000,"{""binance_smart"":""0x66e3daa0c86e0ad56302d36af0e7c1ba24442244""}",18
uraniumx,URX,UraniumX,uraniumx,UraniumXI0GYX.png,235000,,
apeiron-anima,ANIMA,Anima,apeiron-anima,apeiron-animazSf.png,130000000,"{""ronin"":""0xf80132fc0a86add011bffce3aedd60a86e3d704d""}",18
0xba5b9b2d2d06a9021eb3190ea5fb0e02160839a4_base,SENDIT,Sendit,sendit,senditED8.png,11111111111,"{""base"":""0xba5b9b2d2d06a9021eb3190ea5fb0e02160839a4""}",18
65svCEvM4HdBHXKDxfhjm3yw1A6mKXkdS6HXWXDQTSNA_solana,BUDDY,Creator Buddy,creator-buddy,65svCEvM4HdBHXKDxfhjm3yw1A6mKXkdS6HXWXDQTSNA_solana2Rf.png,999989896,"{""solana"":""65svCEvM4HdBHXKDxfhjm3yw1A6mKXkdS6HXWXDQTSNA""}",18
0x34acea6cc02578af041a5e976b7289ca23ccb7a8_cronos,RIP,skull with ripped hood,skull-with-ripped-hood,skull-with-ripped-hoodb8f.png,666666666666666,"{""cronos"":""0x34acea6cc02578af041a5e976b7289ca23ccb7a8""}",18
kolibri-usd,KUSD,Kolibri USD,kolibri-usd,kolibri-usdHKG.png,1051267,"{""tezos"":""KT1K9gCRgaLRFKTErYt1wVxA3Frb9FjasjTV""}",18
0x15eda1086c54c148037597e9dc60e5a87b618aa1_base,BLUE,BluePay,bluepay,0x15eda1086c54c148037597e9dc60e5a87b618aa1_base6HK.png,1000000000,"{""base"":""0x15eda1086c54c148037597e9dc60e5a87b618aa1""}",18
0x46b6995b02b1e3afa39033243999e00d739615f1_robinhood,RUFUS,RUFUS,rufus,0x46b6995b02b1e3afa39033243999e00d739615f1_robinhoodZfO.png,1000000000,"{""robinhood"":""0x46b6995b02b1e3afa39033243999e00d739615f1""}",18
EQBKyWOOFXlJpzYO8e44JG6uf6L3v4bYbbBBnKj9OHwBXjzm_the-open-network,WOOF,Woof,woof-2,woof-2PSg.png,17123429596,"{""the-open-network"":""EQBKyWOOFXlJpzYO8e44JG6uf6L3v4bYbbBBnKj9OHwBXjzm""}",18
exeedme,XED,Exeedme [OLD],exeedme,exeedmeH8b.png,100000000,"{""ethereum"":""0xee573a945b01b788b9287ce062a0cfc15be9fd86"",""binance_smart"":""0x5621b5a3f4a8008c4ccdd1b942b121c8b1944f1f"",""polygon-pos"":""0x2fe8733dcb25bfbba79292294347415417510067""}",18
hashport-bridged-link,LINK[HTS],Hashport Bridged LINK,hashport-bridged-link,hashport-bridged-linkVf4.png,14690,"{""hedera-hashgraph"":""0.0.1055495""}",18
augury-finance,OMEN,Augury Finance,augury-finance,augury-financeJCh.png,16336205,"{""polygon-pos"":""0x76e63a3e7ba1e2e61d3da86a87479f983de89a7e""}",18
usd0-liquid-bond,BUSD0,Bond USD0,usd0-liquid-bond,usd0-liquid-bondNyn.png,518391992,"{""ethereum"":""0x35d8949372d46b7a3d5a56006ae77b215fc69bc0"",""arbitrum-one"":""0x2b65f9d2e4b84a2df6ff0525741b75d1276a9c2f""}",18
rubix,RBT,Rubix,rubix,rubixV6B.png,6155753,,
aquarius-loan,ARS,Aquarius Loan,aquarius-loan,aquarius-loanHHd.png,1000000000,"{""core"":""0x204e2d49b7cda6d93301bcf667a2da28fb0e5780""}",18
ogzclub,OGZ,OGzClub,ogzclub,ogzclubZoZ.png,118000000000,"{""ethereum"":""0xb7bda6a89e724f63572ce68fddc1a6d1d5d24bcf"",""binance_smart"":""0xb7bda6a89e724f63572ce68fddc1a6d1d5d24bcf""}",18
deepr,DEEPR,DEEPR,deepr,deeprwhQ.png,1000000000,"{""shimmer_evm"":""0x326f23422ce22ee5fbb5f37f9fa1092d095546f8"",""iota-evm"":""0x4eb8e03461360c2acbb4b5963a18b8f9faee8221""}",18
icosa-eth,ICSA,Icosa (ETH),icosa-eth,icosa-ethG7e.png,36297928,"{""ethereum"":""0xfc4913214444af5c715cc9f7b52655e788a569ed""}",18
sunrise,SUNC,Sunrise,sunrise,sunrisexqV.png,8000000000,"{""ethereum"":""0x692accdd8b86692427e0aa4752ae917df01cc56f""}",18
mojitoswap,MJT,MojitoSwap,mojitoswap,mojitoswap7bg.png,100000000,"{""kucoin-community-chain"":""0x2ca48b4eea5a731c2b54e7c3944dbdb87c0cfb6f""}",18
0x8a9430e92153c026092544444cbb38077e6688d1_base,KEPT,KeptChain,keptchain,keptchain4TZ.png,100000000,"{""base"":""0x8a9430e92153c026092544444cbb38077e6688d1""}",18
pancake-games,GCAKE,Pancake Games,pancake-games,pancake-gamesKys.png,10000000000000,"{""ethereum"":""0x5f944b0c4315cb7c3a846b025ab4045da44abf6c"",""binance_smart"":""0x61d5822dd7b3ed495108733e6550d4529480c8f6""}",18
beg,BEG,Beg,beg,begJ5a.png,525600,"{""ethereum"":""0xbe6be64e9e5042b6e84e4c27956cce6353efa5f5""}",18
punkswap,PUNK,PunkSwap,punkswap,punkswapvr4.png,0,"{""shibarium"":""0x1bf3f5b633800e6047deb14cf14c4b49118a3570"",""scroll"":""0xddeb23905f6987d5f786a93c00bbed3d97af1ccc""}",18
stabledoc-token,SDT,Stabledoc,stabledoc-token,stabledoc-tokenYAo.png,100000000,"{""binance_smart"":""0x543c7ebb52d56985f63f246a5b3558aff79037d7""}",18
step,STEP,Step,step,stepAKQ.png,1000000000,"{""binance_smart"":""0x465707181acba42ed01268a33f0507e320a154bd""}",18
snowman,SNOW,Snowman,snowman,snowmanMSM.png,888888888888888,,
all-inx,ANT,All InX,all-inx,all-inxfMd.png,1000000000,"{""base"":""0x6557207175c770cb441ae9a476e67586b0737773""}",18
binemon,BIN,Binemon,binemon,binemon5hb.png,999000000,"{""binance_smart"":""0xe56842ed550ff2794f010738554db45e60730371""}",18
game-coin,GMEX,Game Coin,game-coin,game-coinhx9.png,100000000000,"{""binance_smart"":""0xe9d78bf51ae04c7e1263a76ed89a65537b9ca903""}",18
graphite-network,@G,Graphite Network,graphite-network,graphite-networkEY2.png,10500000,"{""ethereum"":""0x440017a1b021006d556d7fc06a54c32e42eb745b"",""polygon-pos"":""0x440017a1b021006d556d7fc06a54c32e42eb745b"",""arbitrum-one"":""0x440017a1b021006d556d7fc06a54c32e42eb745b"",""binance_smart"":""0x440017a1b021006d556d7fc06a54c32e42eb745b""}",18
equilibrium,EQ,Equilibrium Games,equilibrium,equilibriumHph.png,100000000,"{""xrp"":""Equilibrium.rpakCr61Q92abPXJnVboKENmpKssWyHpwu""}",18
enrex,ENRX,Enrex,enrex,enrexeha.png,3380520661,"{""solana"":""5s4BYUXLuvs9ZcVDTxkTpKhThWFSpaU8GG55q2iySe2N""}",18
sol-killer,DAMN,Sol Killer,sol-killer,sol-killer2Ny.png,69000000000,"{""shibarium"":""0xece898edcc0af91430603175f945d8de75291c70""}",18
cyb3rgam3r420,GAMER,cyb3rgam3r420,cyb3rgam3r420,cyb3rgam3r420GTV.png,100000000000,"{""ethereum"":""0xf89674f18309a2e97843c6e9b19c07c22caef6d5""}",18
eligma-token,GOC,GoCrypto,eligma-token,ELIGMAne1bv.png,327902034,"{""ethereum"":""0xc7c03b8a3fc5719066e185ea616e87b88eba44a3"",""bitcoin-cash"":""3f83fa9f168f01d68933ef5fdb77143b2376ba7bf3a78175258861982d90d500"",""binance_smart"":""0x4b85a666dec7c959e88b97814e46113601b07e57"",""polygon-pos"":""0x4b85a666dec7c959e88b97814e46113601b07e57""}",18
there-will-be-signs,SIGNS,There Will Be Signs [OLD],there-will-be-signs,there-will-be-signsWxW.png,964587888,"{""solana"":""GUxKzvR7QmvA5M5j2LufNynVMa6hxjWkERDM7Vnpvvii""}",18
krw1,KRW1,KRW1,krw1,krw1sPa.png,100000000,"{""ethereum"":""0xb83fc84df7028251066c25f5d61d12fd9d9c8be4""}",18
polkapet-world,PETS,PolkaPet World,polkapet-world,polkapet-worldNuk.png,100000000,"{""ethereum"":""0x6afcff9189e8ed3fcc1cffa184feb1276f6a82a5"",""moonriver"":""0x1e0f2a75be02c025bd84177765f89200c04337da""}",18
curve-fi-usdc-usdt,2CRV,Curve.fi USDC/USDT,curve-fi-usdc-usdt,curve-fi-usdc-usdtnJH.png,21133315,"{""arbitrum-one"":""0x7f90122bf0700f9e7e1f688fe926940e8839f353""}",18
nezuko,NEZUKO,Nezuko,nezuko,nezukoD5y.png,110000000000,"{""ethereum"":""0x049715c70fdbdd2be4814f76a53dc3d6f4367756""}",18
kaijuno8,KAIJU,KAIJUNO8,kaijuno8,kaijuno8RAl.png,66000000000000,"{""ethereum"":""0x4fe8d4775b7cb2546b9ee86182081cdf8f77b053""}",18
JD3S1oqnjG5trRTZXpLmKnS7LsKsppyFa51rPBBMWogv_solana,CAPRI,Caprisun Monkey,caprisun-monkey,caprisun-monkeydgs.png,949987079,"{""solana"":""JD3S1oqnjG5trRTZXpLmKnS7LsKsppyFa51rPBBMWogv""}",18
ape-lol,APE,Ape.lol,ape-lol,ape-lolWBs.png,998645830,"{""solana"":""DF5yCVTfhVwvS1VRfHETNzEeh1n6DjAqEBs3kj9frdAr""}",18
0x035098c2a3bea5e03b1e08e7140a5369d47bd349_base,SPN,Sapiens AI,sapiens,sapiensSaM.png,1000000000,"{""base"":""0x035098c2a3bea5e03b1e08e7140a5369d47bd349""}",18
hamster,HAM,Hamster,hamster,hamster4Z8.png,0,"{""binance_smart"":""0x679d5b2d94f454c950d683d159b87aa8eae37c9e""}",18
wanswap-2,WASP,WanSwap,wanswap-2,wanswap-2748.png,217889101,"{""wanchain"":""0x924fd608bf30db9b099927492fda5997d7cfcb02""}",18
fomofi,FOMO,FomoFi,fomofi,fomofij8h.png,21000000,"{""binance_smart"":""0x296d1836658344e4257ec4c9d3c0fcb8312de87c""}",18
piku-utility-token,PIKU,Piku Utility Token,piku-utility-token,piku-utility-tokenCcR.png,500000000,"{""ethereum"":""0x2e4039e8e31475d65dc00293c366fdbfbbc02dc3""}",18
zkhive,ZKHIVE,zkHive,zkhive,zkhive1Nh.png,100000000,"{""ethereum"":""0x750c3a0a0ce9984eeb8c5d146dff024b584e5e33""}",18
cbdc,CBDC,CBDC,cbdc,cbdcfOj.png,1000000000,"{""ethereum"":""0xe07c41e9cdf7e0a7800e4bbf90d414654fd6413d""}",18
0x89deb6c8918a42457bd6ddbcaaf979216c4d774c_ethereum,HAI,HapticAI,hapticai,hapticai1Ql.png,1000000000,"{""ethereum"":""0x89deb6c8918a42457bd6ddbcaaf979216c4d774c""}",18
0x59338a639ec0c8489995258a5052e5c42bfabe9a_binance_smart,BTE,BitEqual,bitequal,0x59338a639ec0c8489995258a5052e5c42bfabe9a_binance_smartAxT.png,21000000,"{""binance_smart"":""0x59338a639ec0c8489995258a5052e5c42bfabe9a""}",18
0x4229c271c19ca5f319fb67b4bc8a40761a6d6299_base,NEGED,Neged,neged,negedsjg.png,1000000000,"{""base"":""0x4229c271c19ca5f319fb67b4bc8a40761a6d6299""}",18
meme-kombat,MK,Meme Kombat,meme-kombat,meme-kombatV7f.png,120000000,"{""ethereum"":""0x9fdfb933ee990955d3219d4f892fd1f786b47c9b""}",18
legacy-ichi,ICHI,Legacy ICHI,legacy-ichi,legacy-ichi2YX.png,5000000,"{""ethereum"":""0x903bef1736cddf2a537176cf3c64579c3867a881""}",18
besa-gaming-company,BESA,Besa Gaming Company,besa-gaming-company,besa-gaming-companyYmL.png,1000000000,"{""binance_smart"":""0x3e45b22622b19c1eced632d8fe1ed708f9d471c3"",""solana"":""FQMoiNiQGLngizBVdhxqD1o2k6rvcX9ComxjKucgBByH"",""base"":""0x8c1851488f2daceae46d815dd204d5f6d946666a""}",18
prnt,PRNT,PRNT,prnt,prntqtV.png,3732952507,"{""solana"":""4TUNzcgp2fPD48fcW4seRjyqyDZMrPj4ZubnXFEsKeYk""}",18
pico,PICO,PiCO Coin,pico,pico6JL.png,21000000,"{""flare-network"":""0x5ef135f575d215ae5a09e7b30885e866db138af6""}",18
gictrade,GICT,GICTrade,gictrade,gictradeoIV.png,100000000,,
poly-peg-mdex,HMDX,Poly-Peg Mdex,poly-peg-mdex,poly-peg-mdexuhE.png,1000000000,"{""binance_smart"":""0xaee4164c1ee46ed0bbc34790f1a3d1fc87796668""}",18
long,LONG,LOONG,long,longPWT.png,10000,"{""binance_smart"":""0xfc8774321ee4586af183baca95a8793530056353""}",18
jax-network,WJXN,Jax.Network,jax-network,jax-networkq2j.png,40002164,"{""ethereum"":""0xca1262e77fb25c0a4112cfc9bad3ff54f617f2e6"",""binance_smart"":""0xca1262e77fb25c0a4112cfc9bad3ff54f617f2e6""}",18
0x0a455245148fa54129d8266f5d8742dd0d05f0c6_base,ARTS,ARTSTED,artsted,artsted2M4.png,1000000000,"{""base"":""0x0a455245148fa54129d8266f5d8742dd0d05f0c6""}",18
0xf43d7ae57fecda841fd6335eb96b3351c04916cf_base,LURKY,Lurky,lurky,lurkyLrN.png,1000000000,"{""base"":""0xf43d7ae57fecda841fd6335eb96b3351c04916cf""}",18
athena-dexfi,ATHX,Athena DexFi,athena-dexfi,athena-dexfig5T.png,10000000,"{""binance_smart"":""0xe52a85f67d5a55a77d35193d963b7e1d94d1f2eb""}",18
crazy-tiger,CRAZYTIGER,Crazy Tiger,crazy-tiger,crazy-tigerGY7.png,0,"{""binance_smart"":""0xedd52d44de950ccc3b2e6abdf0da8e99bb0ec480""}",18
safememe,SME,SafeMeme,safememe,safememeoUH.png,1000000000000,"{""binance_smart"":""0x36dbcbca106353d49e1e0e8974492ffb862a0c92""}",18
brightpool,BRI,Brightpool,brightpool,brightpooldj5.png,67108864,"{""arbitrum-one"":""0x51f6ee60108cbcb3b613093bd3f224cb49aa1610""}",18
artificial-intelligence,AI,Artificial Intelligence,artificial-intelligence,artificial-intelligenceJOH.png,1000000000000,"{""binance_smart"":""0x4c403b1879aa6a79ba9c599a393ccc5d9fd2e788""}",18
evermoon-erc,EVERMOON,EverMoon ERC,evermoon-erc,evermoon-erc2Rv.png,1000000000,"{""ethereum"":""0x4ad434b8cdc3aa5ac97932d6bd18b5d313ab0f6f""}",18
voidz,VDZ,Voidz,voidz,voidzWlx.png,100000000,"{""ethereum"":""0x93c5a00b41fb5f3906b421b2399ac64b79fdbd42""}",18
envi-foundation,ENVI,Envi Coin,envi-foundation,envi-foundationtGb.png,10000000000,"{""ethereum"":""0xc8020985a6b30773d866cbef65a7a11f96773413""}",18
krees,KREES,Krees,krees,kreeswTF.png,272272272272272,"{""cronos"":""0x181cc996eea445212e61bd45ff742b88c3907287""}",18
0x9124577428c5bd73ad7636cbc5014081384f29d6_base,$MONKY,Monky,monky,monkyzLG.png,100000000000,"{""base"":""0x9124577428c5bd73ad7636cbc5014081384f29d6""}",18
0x3eea5eed99dd064c0629f18b8eea51270d5910eb_base,RIZZY,Rizzy,rizzy,0x3eea5eed99dd064c0629f18b8eea51270d5910eb_base6CP.png,21000000,"{""base"":""0x3eea5eed99dd064c0629f18b8eea51270d5910eb""}",18
lither-coin,LTH,Lither Coin,lither-coin,lither-coinb92.png,2100000000,,
iobusd,IOBUSD,ioBUSD,iobusd,iobusdk4E.png,833103,"{""iotex"":""0xacee9b11cd4b3f57e58880277ac72c8c41abe4e4""}",18
0x67009eb16ff64d06b4f782b3c552b924b1d1bb93_binance_smart,MTC,Matrix Chain,matrix-chain,matrix-chainrpf.png,2088999999,"{""binance_smart"":""0x67009eb16ff64d06b4f782b3c552b924b1d1bb93""}",18
jpg-store,JPG,JPG,jpg-store,jpg-storeMpB.png,1000000000,"{""cardano"":""681b5d0383ac3b457e1bcc453223c90ccef26b234328f45fa10fd276""}",18
gaj,GAJ,Gaj Finance,gaj,gajnrL.png,1943396,"{""ethereum"":""0x9fda7ceec4c18008096c2fe2b85f05dc300f94d0"",""avalanche"":""0x595c8481c48894771ce8fade54ac6bf59093f9e8"",""polygon-pos"":""0xf4b0903774532aee5ee567c02aab681a81539e92""}",18
colle-ai,COLLE,Colle AI,colle-ai,colle-ai802.png,5000000000,"{""solana"":""AFDzaLz3cQZNWjnWbyq2q81TLVTPbHTbfkj8qKqTk74e"",""ethereum"":""0xc36983d3d9d379ddfb306dfb919099cb6730e355"",""binance_smart"":""0xaeb63742f2c7dd1538bbe2285b6789017a06b58b""}",18
7bXRKw7pkr4SNgeSyJyVQNaMDYvnCgCr2NwRcWJNsAaM_solana,FASH,FashAI,fashai,7bXRKw7pkr4SNgeSyJyVQNaMDYvnCgCr2NwRcWJNsAaM_solanawra.png,999969986,"{""solana"":""7bXRKw7pkr4SNgeSyJyVQNaMDYvnCgCr2NwRcWJNsAaM""}",18
GVvPZpC6ymCoiHzYJ7CWZ8LhVn9tL2AUpRjSAsLh6jZC_solana,ZC,Z Combinator,z-combinator,GVvPZpC6ymCoiHzYJ7CWZ8LhVn9tL2AUpRjSAsLh6jZC_solanaCv3.png,1000000000,"{""solana"":""GVvPZpC6ymCoiHzYJ7CWZ8LhVn9tL2AUpRjSAsLh6jZC""}",18
multiverse,AI,Multiverse,multiverse,multiverseQ9d.png,25000000000,"{""ethereum"":""0xc91b523a59acc63a64f61fc7bbfb4bfc82dd25f2""}",18
duckydefi,DEGG,DuckyDefi,duckydefi,duckydefiAmf.png,8431455,"{""cronos"":""0xfd71fc52d34ed1cfc8363e5528285b12b6b942c2""}",18
pilot3-2,PILT,Pilot3,pilot3-2,pilot3-27Wl.png,1000000000,"{""base"":""0x43e74d30443b5e7661ac077ce626a6b134e803c4""}",18
bela,AQUA,Bela Aqua,bela,belaInE.png,1000000000000000,"{""binance_smart"":""0x9fb677928dd244befcd0bbebdf6068dd4bef559c""}",18
zorobotics,ZORO,ZoRobotics,zorobotics,zoroboticsK5L.png,100000000,"{""binance_smart"":""0x0d4d3c739e2fdf82c7ce2a9e450e208e5330a237""}",18
guarded-ether,GETH,Guarded Ether,guarded-ether,guarded-ether5Mj.png,4771,"{""ethereum"":""0x3802c218221390025bceabbad5d8c59f40eb74b8""}",18
nextype-finance,NT,NEXTYPE Finance,nextype-finance,nextype-financeuMx.png,1000000000,"{""huobi-token"":""0x8b70512b5248e7c1f0f6996e2fde2e952708c4c9"",""binance_smart"":""0xfbcf80ed90856af0d6d9655f746331763efdb22c""}",18
2xP43MawHfU7pwPUmvkc6AUWg4GX8xPQLTGMkSZfCEJT_solana,NINJA,Shinobi,shinobi-2,shinobi-2Dr9.png,1000000000,"{""solana"":""2xP43MawHfU7pwPUmvkc6AUWg4GX8xPQLTGMkSZfCEJT""}",18
kong,KONG,KONG,kong,kong7o0.png,19330000000000,"{""avalanche"":""0xebb5d4959b2fba6318fbda7d03cd44ae771fc999""}",18
roll,ROLL,ROLL,roll,rollotB.png,567200000,"{""cardano"":""9d05077f2e6dcb17915f9b99bc443726939dd2047aafd6cb4a6fe017""}",18
mad-usd,MUSD,Mad USD,mad-usd,mad-usda2l.png,84700000,"{""cronos"":""0x95aeaf383e2e86a47c11cffde1f7944ecb2c38c2""}",18
bdtcoin,BDTC,BDTCOIN,bdtcoin,bdtcoinGOA.png,42232552,,
majin,MAJIN,Majin,majin,majinRqD.png,420000000000000,"{""avalanche"":""0x73f49d00ac1b520f94d11248808c40774aeb0802""}",18
plutonian-dao,PLD,Plutonian DAO,plutonian-dao,plutonian-dao7uS.png,350000000,"{""solana"":""2cJgFtnqjaoiu9fKVX3fny4Z4pRzuaqfJ3PBTMk2D9ur""}",18
mdbl,MDBL,MDBL,mdbl,mdblqG3.png,2100000000,"{""merlin-chain"":""0x8aed42735027aa6d97023d8196b084ecfba701af""}",18
papyrus-2,PAP,PAPYRUS,papyrus-2,papyrus-2cqn.png,30227,"{""wemix-network"":""0xc50a55ca9d4b7804471de1e44f3c3ce8216d8ea0""}",18
aiccelerate,AICC,Aiccelerate,aiccelerate,aiccelerateCMJ.png,0,"{""solana"":""3zQ1XAcbSejFZNdbTBGvFGQatvViYbcwgXZ5pQ3KRRaw""}",18
averra-finance,AVR,Averra Finance,averra-finance,averra-financeCfC.png,15000000,"{""polygon-pos"":""0xcc0643b786d8b566a98e85dde48077239eaa8598""}",18
cryptomines-eternal,ETERNAL,CryptoMines Eternal,cryptomines-eternal,cryptomines-eternalUeP.png,5000000,"{""binance_smart"":""0xd44fd09d74cd13838f137b590497595d6b3feea4""}",18
0xfadb26be94c1f959f900bf88cd396b3e803481d6_base,ESMX,ESM X,esm-x,esm-x3H6.png,3000000000,"{""base"":""0xfadb26be94c1f959f900bf88cd396b3e803481d6""}",18
vetter-token,VETTER,Vetter,vetter-token,vetter-tokendkn.png,4000000000,"{""binance_smart"":""0x6169b3b23e57de79a6146a2170980ceb1f83b9e0""}",18
solice,SLC,Solice,solice,solice0Tc.png,400000000,"{""solana"":""METAmTMXwdb8gYzyCPfXXFmZZw4rUsXX58PNsDg7zjL""}",18
basket,BSKT,Basket,basket,basketPfG.png,1000000000000,"{""solana"":""6gnCPhXtLnUD76HjQuSYPENLSZdG8RvDB1pTLM5aLSJA"",""ethereum"":""0xbc0899e527007f1b8ced694508fcb7a2b9a46f53"",""avalanche"":""0x6ac048ae05e7e015acca2aa7abd0ec013e8e3a59"",""base"":""0x7ccdba6198db389cf37b714fd6573b73f3670236"",""arbitrum-one"":""0xa3210cd727fe6daf8386af5623ba51a367e46263"",""polygon-pos"":""0x9a6a40cdf21a0af417f1b815223fd92c85636c58"",""sui"":""0xd4d52a6bf452401c0c70a1d19ff6cec2933f22a548eae552f3e514f64f61703a::coin::COIN"",""binance_smart"":""0xaf42a5df3c1c1427da8fc0326bd7b030a9367e78"",""injective"":""inj193340xxv49hkug7r65xzc0l40tze44pee4fj94"",""acala"":""0xdd10e83916878aa18e26e0ad6d3432f0df7d310e"",""algorand"":""1595607242"",""aptos"":""0x38d486f4257fb7861a527bc848acb749b3fa8bea9113799a30a2e17467316202::coin::T"",""fantom"":""0x646481dbd76264f817d6588e289bf08da38a571e""}",18
teddy-dollar,TSD,Teddy Dollar,teddy-dollar,teddy-dollarHsO.png,28934886,"{""avalanche"":""0x4fbf0429599460d327bd5f55625e30e4fc066095""}",18
duckie-land-multi-metaverse,MMETA,Duckie Land Multi Metaverse,duckie-land-multi-metaverse,duckie-land-multi-metaverserMB.png,100000000,"{""binance_smart"":""0x7a9c8d33963aecca9a821802adfaf5bd9392351f""}",18
mandala-chain,KPG,Mandala,mandala-chain,mandala-chaincKq.png,1000000000,"{""ethereum"":""0x5a30ed2d3650c99e9b0de9063982495e9818bbe2""}",18
meter-governance-mapped-by-meter-io,EMTRG,Meter Governance mapped by Meter.io,meter-governance-mapped-by-meter-io,meter-governance-mapped-by-meter-ioKpy.png,3000000,"{""ethereum"":""0xbd2949f67dcdc549c6ebe98696449fa79d988a9f""}",18
EBGaJP7srpUUN8eRdta1MsojrNtweuHYsdP3P1TRpump_solana,REALIS,Realis Worlds [OLD],realis-worlds,EBGaJP7srpUUN8eRdta1MsojrNtweuHYsdP3P1TRpump_solanaCwE.png,998864070,"{""solana"":""EBGaJP7srpUUN8eRdta1MsojrNtweuHYsdP3P1TRpump""}",18
0x56fa5f7bf457454be33d8b978c86a5f5b9dd84c2_binance_smart,LTP,Listapie,listapie,listapieEAu.png,10000000,"{""binance_smart"":""0x56fa5f7bf457454be33d8b978c86a5f5b9dd84c2""}",18
lockness,LKN,Lockness,lockness,locknessOcw.png,1000000000,"{""binance_smart"":""0x31acfce536b824ad0739e8d7b27cefaa4b8e4673""}",18
falcon-nine,F9,Falcon Nine,falcon-nine,falcon-nineBoa.png,999999999,"{""ethereum"":""0x38a94e92a19e970c144ded0b2dd47278ca11cc1f""}",18
exohood,EXO,Exohood,exohood,exohoodFJz.png,1000000000,"{""polygon-pos"":""0xbd8005612124dc30601e22d8b5d188a89767c640""}",18
zaif-token,ZAIF,Zaif,zaif-token,zaif-tokenhkL.png,0,,
ducky-4,DUCKY,Ducky,ducky-4,ducky-4T2Z.png,300000000000,,
xakt_astrovault,XAKT,xAKT_Astrovault,xakt_astrovault,xakt_astrovault88A.png,0,"{""cosmos"":""archway1tl8l2gt9dncdu6huds39dsg366ctllvtnm078qkkad2mnv28erss98tl2n"",""archway"":""archway1tl8l2gt9dncdu6huds39dsg366ctllvtnm078qkkad2mnv28erss98tl2n""}",18
polis,POLIS,Polis,polis,1600078243259.png,21997867,"{""binance_smart"":""0xb5bea8a26d587cf665f2d78f077cca3c7f6341bd""}",18
wrapped-lyx-universalswaps,WLYX,Wrapped Lyx (UniversalSwaps),wrapped-lyx-universalswaps,wrapped-lyx-universalswapsWWT.png,0,"{""lukso"":""0x2db41674f2b882889e5e1bd09a3f3613952bc472""}",18
vabble-2,VFX,Vabble,vabble-2,vabble-2Q1Z.png,145625000,"{""base"":""0xbe58fda3bcf03b6bbc821d1f0e6b764c86709227""}",18
tangible,TNGBL,Tangible,tangible,tangibleXM3.png,33333333,"{""polygon-pos"":""0x49e6a20f1bbdfeec2a8222e052000bbb14ee6007""}",18
cyrus,CRS,CYRUS,cyrus,cyrusYsB.png,3000000000,"{""polygon-pos"":""0xb853f7852aa780831f165899ccbaf5db0882b0d6""}",18
vemate,VMT,Vemate,vemate,vemate6yg.png,150000000,"{""binance_smart"":""0xe615c5e7219f9801c3b75bc76e45a4dab3c38e51""}",18
9S4gfoHfA9Tt7tJka4dqKDRDS42uQDMAQMLDraCb4mfE_solana,AMERICA,America Party,america-party-3,america-party-3Uub.png,999357506,"{""solana"":""9S4gfoHfA9Tt7tJka4dqKDRDS42uQDMAQMLDraCb4mfE""}",18
magic-lum,MLUM,Magic LUM,magic-lum,magic-lum7dA.png,606282,"{""shimmer_evm"":""0xf21bc150f4d08dce61bd16cdbfcb3d212b575b26"",""iota-evm"":""0xa87666b0cb3631c49f96cbf1e6a52ebac79a6143""}",18
rcar,RCAR,RCAR,rcar,rcara5q.png,100000000,"{""ronin"":""0x40633d8a33dcf144eea5780bd9e203aeae4b8f5d""}",18
0x1c1a858432ab8b6d44dfa95f68a534f931d17777_binance_smart,MARSCAT,火星仿生猫,huo-xing-fang-shen-mao,0x1c1a858432ab8b6d44dfa95f68a534f931d17777_binance_smartThq.png,1000000000,"{""binance_smart"":""0x1c1a858432ab8b6d44dfa95f68a534f931d17777""}",18
usd-dwin,USDW,USD DWIN,usd-dwin,usd-dwinAft.png,62000000000,"{""binance_smart"":""0xed75ad08f416d4e53e4d45dd5140a4c8b84f39fb"",""polygon-pos"":""0x3dEb0c60F0Be9D9b99DA83A2b6B2eE790F5Af37A"",""arbitrum-one"":""0x08ebF126f903e76d22869b5CB8C54D1dB55e2e84""}",18
predictasiax,PAX,PredictAsiaX,predictasiax,predictasiaxWpL.png,100100000,"{""polygon-pos"":""0x63de49a3c952ca35957d03741ec62e7a19af67a3""}",18
fomosfi,FOMOS,FomosFi,fomosfi,fomosfiFYz.png,21000000,"{""binance_smart"":""0xf8ccea8707cfc155ef595fc25cb77696d4445fcc""}",18
magic-crystal,MC,Magic Crystal,magic-crystal,magic-crystalN7T.png,1000000,"{""the-open-network"":""EQCbKMTmEAdSnzsK85LOpaDkDH3HjujEbTePMSeirvEaNq-U""}",18
cosmicswap,COSMIC,CosmicSwap,cosmicswap,cosmicswap3W3.png,121371,"{""binance_smart"":""0x960cc8f437165b7362a34d95d1ec62dd2a940f00"",""polygon-pos"":""0xa5eb60ca85898f8b26e18ff7c7e43623ccba772c""}",18
realy-metaverse,REAL,Realy Metaverse,realy-metaverse,realy-metaverseN5m.png,100000000,"{""solana"":""AD27ov5fVU2XzwsbvnFvb1JpCBaCB5dRXrczV9CqSVGb""}",18
solidlizard,SLIZ,SolidLizard,solidlizard,solidlizard9TI.png,765537823,"{""arbitrum-one"":""0x463913d3a3d3d291667d53b8325c598eb88d3b0e""}",18
nexus-2,NEX,NEXUS,nexus-2,nexus-2vRB.png,500000000,"{""ethereum"":""0xc01154b4ccb518232d6bbfc9b9e6c5068b766f82""}",18
spacepi-token,SPACEPI,SpacePi Token,spacepi-token,spacepi-tokenS4x.png,1000000000000000,"{""ethereum"":""0x69b14e8d3cebfdd8196bfe530954a0c226e5008e""}",18
amazy,AZY,Amazy,amazy,amazyuMu.png,1000000000,"{""binance_smart"":""0x7b665b2f633d9363b89a98b094b1f9e732bd8f86""}",18
aviator,AVI,Aviator [OLD],aviator,aviatorgS1.png,9243042235,"{""ethereum"":""0xd2bdaaf2b9cc6981fd273dcb7c04023bfbe0a7fe"",""base"":""0xEA11FD3aacF901c95E5e7bF24d245a1d8b661FA7"",""polygon-pos"":""0xea11fd3aacf901c95e5e7bf24d245a1d8b661fa7""}",18
0x6d22d3ed82c947be8860a86a69c4b0cb0f65589e_base,CHONK,Chonk,chonk-on-base,chonk-on-base4JB.png,416815445100,"{""base"":""0x6d22d3ed82c947be8860a86a69c4b0cb0f65589e""}",18
generic-usd,GUSD,Generic USD,generic-usd,generic-usdBXy.png,7237,"{""ethereum"":""0xece811d35f79c4868a2b911e55d9aa0821399edf"",""citrea"":""0xac8c1aeb584765db16ac3e08d4736cfce198589b""}",18
ink-finance,QUILL,Ink Finance,ink-finance,ink-financeKUC.png,100000000,"{""avalanche"":""0xf3e5914ca1f678e0a3a38031b5514682e3450919""}",18
xflix_astrovault,XFLIX,xFLIX_Astrovault,xflix_astrovault,xflix_astrovaultgoz.png,0,"{""cosmos"":""archway1asgu5g79cdjcdd40lgefplszehykpwzcunx30ca4456a4tddmwcsrmtvx8"",""archway"":""archway1asgu5g79cdjcdd40lgefplszehykpwzcunx30ca4456a4tddmwcsrmtvx8""}",18
0x78d403a0044ef6d987791fafda8deab0efd18888_binance_smart,CAOCAO,CaoCao [OLD],caocao,caocaoxMb.png,30312703,"{""binance_smart"":""0x78d403a0044ef6d987791fafda8deab0efd18888""}",18
pikachu,PIKA,Pika,pikachu,pikachuJRo.png,46556023134206,"{""ethereum"":""0x60f5672a271c7e39e787427a18353ba59a4a3578"",""polygon-pos"":""0xffb89d7637cf4860884ed48b57ae5562bf64e10f""}",18
metawear,WEAR,MetaWear,metawear,metawearPaS.png,5000000000,"{""binance_smart"":""0x9d39ef3bbca5927909dde44476656b81bbe4ee75""}",18
brcstarter,BRCST,BRCStarter,brcstarter,brcstarter7E3.png,21000000,"{""binance_smart"":""0x22830be0954ff3bf7929405c488b1bba54a7e0d3""}",18
nomad-exiles,PRIDE,Nomad Exiles,nomad-exiles,nomad-exilesN8V.png,100000000,"{""binance_smart"":""0x085d15db9c7cd3df188422f88ec41ec573d691b9""}",18
hebeblock,HEBE,HebeBlock,hebeblock,hebeblockQvk.png,77165160,"{""ethereum-classic"":""0x88d8c3dc6b5324f34e8cf229a93e197048671abd""}",18
spookyswap,BOO,SpookySwap [Old],spookyswap,spookyswapopo.png,13665996,"{""ethereum"":""0x55af5865807b196bd0197e0902746f31fbccfa58"",""fantom"":""0x841fad6eae12c286d1fd18d1d525dffa75c7effe"",""avalanche"":""0xbd83010eb60f12112908774998f65761cf9f6f9a""}",18
wetc-hebeswap,WETC,Wrapped ETC,wetc-hebeswap,wetc-hebeswap2PA.png,0,"{""ethereum-classic"":""0x82a618305706b14e7bcf2592d4b9324a366b6dad"",""callisto"":""0xccc766f97629a4e14b3af8c91ec54f0b5664a69f""}",18
bambi,BAM,Bambi,bambi,bambifa1.png,100000000000000,"{""ethereum"":""0x9db0fb0aebe6a925b7838d16e3993a3976a64aab""}",18
unit,$UNIT,UNIT,unit,unitMxt.png,250000000,"{""ethereum"":""0xbc4c5dff630a86b864bebf48f55faa626ef12323""}",18
white-lotus,LOTUS,White Lotus,white-lotus,white-lotus6r1.png,29910731,"{""arbitrum-one"":""0xef261714f7e5ba6b86f4780eb6e3bf26b10729cf""}",18
ramifi,RAM,Ramifi Protocol,ramifi,ramifit8x.png,7213000,"{""binance_smart"":""0x63290fc683d11ea077aba09596ff7387d49df912""}",18
tangoswap,TANGO,TangoSwap,tangoswap,tangoswapvml.png,26587643,"{""smartbch"":""0x73be9c8edf5e951c9a0762ea2b1de8c8f38b5e91""}",18
2miHpQbYLPvXxC2V234jrrrtnJdejd5xW883a5ToNW3g_solana,POGAI,POGAI (SOL),pogai-sol,pogai-solPQV.png,100000000000,"{""solana"":""2miHpQbYLPvXxC2V234jrrrtnJdejd5xW883a5ToNW3g""}",18
0xd1d4bbe54fdeafc83693420c5ade4a2abe6a90da_robinhood,DARK,Dark Arena,dark-arena,dark-arenaXlH.png,1000000000,"{""robinhood"":""0xd1d4bbe54fdeafc83693420c5ade4a2abe6a90da""}",18
0xe75f2acafba1ad56c5ed712ffbc1d31910e74396_ethereum,KAI,Komputai,komputai,komputai09y.png,4600000,"{""ethereum"":""0xe75f2acafba1ad56c5ed712ffbc1d31910e74396""}",18
digitex-futures,DGTX,Digitex,digitex-futures,digitex-futures-exchangegxi.png,9200000000,"{""ethereum"":""0xc666081073e8dff8d3d1c2292a29ae1a2153ec09"",""polygon-pos"":""0xe749ea14a2d18e361ed092ebefba64d77a8b4eac""}",18
gmonad-2,GMONAD,Gmonad,gmonad-2,gmonad-2qqo.png,1000000000,"{""monad"":""0x1f80c65cc2c37af84abbe1ea03183a624a6f8888""}",18
arena-token,ARENA,ArenaSwap,arena-token,arena-tokenzbL.png,571368,"{""binance_smart"":""0x2a17dc11a1828725cdb318e0036acf12727d27a2""}",18
thoreum-v2,THOREUM,Thoreum V3,thoreum-v2,thoreum-v2wTf.png,50000107,"{""binance_smart"":""0xce1b3e5087e8215876af976032382dd338cf8401""}",18
arcadeum,ARC,Arcadeum,arcadeum,arcadeumhTq.png,10000000,"{""arbitrum-one"":""0x7f465507f058e17ad21623927a120ac05ca32741""}",18
thetan-arena,THG,Thetan World,thetan-arena,thetan-arenaLYp.png,420000000,"{""binance_smart"":""0x9fd87aefe02441b123c3c32466cd9db4c578618f"",""kardiachain"":""0xf0051fd4758147f1749d1696c9266d047b4c43fa""}",18
astrovault-xarch,XARCH,xARCH_Astrovault,astrovault-xarch,astrovault-xarchXPO.png,0,"{""archway"":""archway1cutfh7m87cyq5qgqqw49f289qha7vhsg6wtr6rl5fvm28ulnl9ssg0vk0n""}",18
bull-token-2,BULL,Bull Token,bull-token-2,bull-token-2Tpq.png,1000000000000000,"{""binance_smart"":""0x2243267f01efc579871eca055027e5214bbe5f14""}",18
wrapped-staked-link,WSTLINK,Wrapped Staked LINK,wrapped-staked-link,wrapped-staked-linkXde.png,0,"{""arbitrum-one"":""0x3106e2e148525b3db36795b04691d444c24972fb"",""ethereum"":""0x911d86c72155c33993d594b0ec7e6206b4c803da""}",18
pocoland,POCO,Pocoland,pocoland,pocoland8MS.png,180000000,"{""binance_smart"":""0x394bba8f309f3462b31238b3fd04b83f71a98848""}",18
chronos-finance,CHR,Chronos Finance,chronos-finance,chronos-financeQ6Z.png,134701512,"{""arbitrum-one"":""0x15b2fb8f08e4ac1ce019eadae02ee92aedf06851""}",18
HZ32SiTtw3kYyaHTtTfpHVF8EyXFcy7MBQXeFpnNvQ9c_solana,FROG,ForRealOG,forrealog,forrealogKmc.png,419999994093,"{""solana"":""HZ32SiTtw3kYyaHTtTfpHVF8EyXFcy7MBQXeFpnNvQ9c""}",18
sugar-kingdom-odyssey,SKO,Sugar Kingdom Odyssey,sugar-kingdom-odyssey,sugar-kingdom-odysseyjCH.png,100000000,"{""binance_smart"":""0x9bf543d8460583ff8a669aae01d9cdbee4defe3c""}",18
0x6abaf438f098f75c5892e1fabf08b1896c805967_ethereum,BLOOD,Bloodboy,bloodboy,bloodboyBD7.png,1000000000,"{""ethereum"":""0x6abaf438f098f75c5892e1fabf08b1896c805967""}",18
snowcrash-token,NORA,SnowCrash,snowcrash-token,snowcrash-tokenDAe.png,102400000,"{""binance_smart"":""0x1f39dd2bf5a27e2d4ed691dcf933077371777cb0""}",18
etuktuk,TUK,eTukTuk,etuktuk,etuktuku65.png,2000000000,"{""binance_smart"":""0xef433ebb8ba7a486ce21b854f093b9a3f4e696bc""}",18
0x7159cc276d7d17ab4b3beb19959e1f39368a45ba_ethereum,YND,YieldNest,yieldnest,yieldnestqit.png,1000000000,"{""ethereum"":""0x7159cc276d7d17ab4b3beb19959e1f39368a45ba"",""binance_smart"":""0xdb8e54f39aff243b25a41e4747957ed517af0511""}",18
polypup,PUP,PolyPup,polypup,polypupgTr.png,6489,"{""polygon-pos"":""0xcfe2cf35d2bdde84967e67d00ad74237e234ce59""}",18
bonded-cronos,BCRO,Bonded Cronos,bonded-cronos,bonded-cronosyLD.png,13628983,"{""cronos"":""0xebaceb7f193955b946cc5dd8f8724a80671a1f2f""}",18
wrapped-bitcorn,WBTCN,Wrapped Bitcorn,wrapped-bitcorn,wrapped-bitcornIfY.png,0,"{""corn"":""0xda5ddd7270381a7c2717ad10d1c0ecb19e3cdfb2""}",18
cropto-wheat-token,CROW,Cropto Wheat Token,cropto-wheat-token,cropto-wheat-tokengok.png,404000,"{""polygon-pos"":""0x0da0bd2f57a27a70665d53db4ea71e1f26f77a46""}",18
helpkidz-coin,HKC,HelpKidz Coin,helpkidz-coin,helpkidz-coinFLW.png,999843859,"{""binance_smart"":""0xd48d639f72ef29458b72cdc9a47a95fa46101529""}",18
0x92072f045d0904e9a0cdfd48519f54c83bf41e82_binance_smart,MOCHI,Mochi DeFi,mochi-defi,mochi-defianP.png,0,"{""binance_smart"":""0x92072f045d0904e9a0cdfd48519f54c83bf41e82""}",18
kilt-protocol-2,KILT,KILT Protocol [OLD],kilt-protocol-2,kilt-protocol-2oxG.png,290560000,"{""base"":""0x5d0dd05bb095fdd6af4865a1adf97c39c85ad2d8""}",18
exit-designer-token,EXIT,EXIT Designer Token,exit-designer-token,exit-designer-tokenmsx.png,1000000000,"{""binance_smart"":""0xdebd6e2da378784a69dc6ec99fe254223b312287""}",18
pavia,PAVIA,Pavia,pavia,paviaTk0.png,2000000000,"{""cardano"":""884892bcdc360bcef87d6b3f806e7f9cd5ac30d999d49970e7a903ae""}",18
gem-dex,GEM,Gem DEX,gem-dex,gem-dexaYd.png,1000000000000,"{""the-open-network"":""EQB8O0JJ-hqeDAqDC1OG6zPYBfpV-QzwPed0kpcbILXsmAxG""}",18
archerswap-hunter,HUNT,ArcherSwap Hunter,archerswap-hunter,archerswap-hunterEDq.png,1000000,"{""core"":""0x962d45c91e2e4f29ddc96c626976ece600908ba6""}",18
62mETtNRaVY5iNsJr5YexsbVg1uyyoLwtoWLSnjApump_solana,STOIC,Modern Stoic [OLD],modern-stoic,62mETtNRaVY5iNsJr5YexsbVg1uyyoLwtoWLSnjApump_solanamiJ.png,999465667,"{""solana"":""62mETtNRaVY5iNsJr5YexsbVg1uyyoLwtoWLSnjApump""}",18
ecochain-token,ECT,Ecochain Finance,ecochain-token,ecochain-tokenOkY.png,100000000000000,"{""binance_smart"":""0x6bfd4ca8ec078d613ed6a5248eb2c7a0d5c38b7b""}",18
nexai,NEX,NexAI,nexai,nexaiOp2.png,1000000000,"{""ethereum"":""0x2c623d3cc9a2cc158951b8093cb94e80cf56deea""}",18
wrapped-zil,WZIL,Wrapped ZIL,wrapped-zil,wrapped-zilf7Y.png,0,"{""zilliqa-evm"":""0x94e18ae7dd5ee57b55f30c4b63e2760c09efb192""}",18
bns-token,BNS,BNS,bns-token,bns-tokenUmM.png,250000000000,"{""ethereum"":""0x19e2a43fbbc643c3b2d9667d858d49cad17bc2b5""}",18
dreams-quest,DREAMS,Dreams Quest,dreams-quest,dreams-questIaq.png,3757551798,"{""binance_smart"":""0x54523d5fb56803bac758e8b10b321748a77ae9e9""}",18
leemonhead,LEEMON,LeemonHead,leemonhead,leemonheadwN7.png,1000000000,"{""hedera-hashgraph"":""0x000000000000000000000000000000000079add2""}",18
liquid-finance,LIQD,Liquid Finance,liquid-finance,liquid-financeZUF.png,815.772,"{""arbitrum-one"":""0x93c15cd7de26f07265f0272e0b831c5d7fab174f""}",18
big-defi-energy,BDE,Big Defi Energy,big-defi-energy,big-defi-energyklm.png,40000000,"{""solana"":""H5gczCNbrtso6BqGKihF97RaWaxpUEZnFuFUKK4YX3s2""}",18
GWdFcYSbpQLywCe5qQkBPeojHGQHmX3L16SQM9mq9fCt_solana,STUDY,Study,study,studyP52.png,1000000000,"{""solana"":""GWdFcYSbpQLywCe5qQkBPeojHGQHmX3L16SQM9mq9fCt""}",18
renq-finance,RENQ,Renq Finance,renq-finance,renq-financeOtL.png,1000000000,"{""ethereum"":""0xff8c479134a18918059493243943150776cf8cf2""}",18
wen-2,$WEN,WEN,wen-2,wen-22qx.png,1525855941193,"{""solana"":""3J5QaP1zJN9yXE7jr5XJa3Lq2TyGHSHu2wssK7N1Aw4p""}",18
bitstable-finance,$BSSB,BitStable Finance,bitstable-finance,bitstable-financeI4g.png,17850000,"{""ethereum"":""0xda31d0d1bc934fc34f7189e38a413ca0a5e8b44f"",""bouncebit"":""0xda31d0d1bc934fc34f7189e38a413ca0a5e8b44f"",""binance_smart"":""0xda31d0d1bc934fc34f7189e38a413ca0a5e8b44f""}",18
nop-app,NOP,Nop App,nop-app,nop-app6A7.png,1650000000,"{""zksync"":""0x941fc398d9faebdd9f311011541045a1d66c748e""}",18
0xb214b79eac9378a56d14d6e6d452150c80d6ad79_ethereum,MEMEX,Meme Index,meme-index,meme-index2jo.png,15000000000,"{""ethereum"":""0xb214b79eac9378a56d14d6e6d452150c80d6ad79""}",18
polygod,GULL,PolyGod,polygod,polygod5k8.png,38900000,"{""binance_smart"":""0xca830317146bfdde71e7c0b880e2ec1f66e273ee""}",18
0xe9db0a36877de86efd134f87caf3db29f90b275c_ethereum,TCT,Tectum Cash Token,tectum-cash-token,tectum-cash-tokendrY.png,100000000,"{""ethereum"":""0xe9db0a36877de86efd134f87caf3db29f90b275c""}",18
internet-money,IM,Internet Money (ETH),internet-money,internet-moneyl0G.png,9846560365627,"{""ethereum"":""0x0a58153a0cd1cfaea94ce1f7fdc5d7e679eca936""}",18
metaxy,MXY,Metaxy,metaxy,metaxyiqZ.png,1500000000,"{""binance_smart"":""0x965d3704de812f5e1e7eef1ac22fe92174258bd9""}",18
0x25fbfff98d07fe586ea91953a5106e612c8b9e03_base,BABYSATO,Baby Sato,baby-sato,baby-satoFie.png,1000000000,"{""base"":""0x25fbfff98d07fe586ea91953a5106e612c8b9e03""}",18
8npbXTu4oTNw3xrMGY1aTm4CtB7cMPVuRUCh3Wqj3fSW_solana,STACKS,STACKS,slap-city,slap-citylHl.png,966756022,"{""solana"":""8npbXTu4oTNw3xrMGY1aTm4CtB7cMPVuRUCh3Wqj3fSW""}",18
E1R4RF89GcKxz62DVfojxDJteLFFs8rtiXcGcrx5HbTj_solana,MATRIX,Matrix One,matrix-one,matrix-oneHqp.png,10000000000,"{""solana"":""E1R4RF89GcKxz62DVfojxDJteLFFs8rtiXcGcrx5HbTj""}",18
dexlab,DXL,Dexlab [Old],dexlab,dexlabguw.png,1000000000,"{""solana"":""GsNzxJfFn6zQdJGeYsupJWzUAm57Ba7335mfhWvFiE9Z""}",18
wrapped-ace,WACE,Wrapped ACE,wrapped-ace,wrapped-aceh8T.png,0,"{""endurance"":""0x85119527cf38f6ccf7b1b8f8fad05145358aaa81""}",18
0xfe51aaf6af1ec2eb9286e0bdc3c9dc39240cb8f5_robinhood,DRAFT,Draft,draft-2,draft-2S57.png,1000000000,"{""robinhood"":""0xfe51aaf6af1ec2eb9286e0bdc3c9dc39240cb8f5""}",18
boneswap,BONE,BoneSwap,boneswap,boneswapBXq.png,942044,"{""polygon-pos"":""0x80244c2441779361f35803b8c711c6c8fc6054a3""}",18
parabolic-ai,PAI,Parabolic AI,parabolic-ai,parabolic-aiCaC.png,10000000000,"{""solana"":""HrkKngiUavecwte1ZMrdt4H5Qet3cecNUzMoEAgjTAX8""}",18
4P6gQYnZ2AvwmAr37GCeUq1vyk1PQJmXnuA1QFRKGHkz_solana,FUACK,FUACK,fuack,fuackUsN.png,999999927,"{""solana"":""4P6gQYnZ2AvwmAr37GCeUq1vyk1PQJmXnuA1QFRKGHkz""}",18
aave-stkgho,STKGHO,Aave stkGHO,aave-stkgho,aave-stkghoebG.png,30786421,"{""ethereum"":""0x1a88df1cfe15af22b3c4c783d4e6f7f9e0c1885d""}",18
aada-finance,LENFI,Lenfi,aada-finance,aada-financeYgl.png,29500000,"{""cardano"":""8fef2d34078659493ce161a6c7fba4b56afefa8535296a5743f6958741414441""}",18
4nFwuKievw5wcpcXtUDdfxWLyXsEdvgkpENzC9M9Y5me_solana,BOOK,SolBook,solbook,solbookkLJ.png,10000000,"{""solana"":""4nFwuKievw5wcpcXtUDdfxWLyXsEdvgkpENzC9M9Y5me""}",18
0xabd834a7823567673e1ac07635d5d9857b34a8d3_binance_smart,AFT,AIFlow Token,aiflow-token,0xabd834a7823567673e1ac07635d5d9857b34a8d3_binance_smartURr.png,1000000000,"{""binance_smart"":""0xabd834a7823567673e1ac07635d5d9857b34a8d3""}",18
xfit,XFIT,XFai,xfit,xfitxtI.png,400000000,"{""ethereum"":""0x4aa41bc1649c9c3177ed16caaa11482295fc7441"",""linea"":""0x8c56017b172226fe024dea197748fc1eaccc82b1""}",18
tren,TREN,TREN,tren,trenHAL.png,1000000000,"{""solana"":""HLnTNCG5RD7jYVduFc1pMCHiuApoWGn9LveqEFanQFZb""}",18
0x4e496c0256fb9d4cc7ba2fdf931bc9cbb7731660_base,BOGE,BOGE,boge,bogesUZ.png,1000000000,"{""base"":""0xef553b6914dbd17567393f7e55fbd773fff7d0cb""}",18
skpanax,SKX,SKPANAX,skpanax,skpanaxQjD.png,100000000,"{""polygon-pos"":""0xa9a8eed4c7b91de6d6d2a6b2d21300ec162b1375""}",18
0x915c135d2cbcad68e5c30f1cea0ee7129f57fd03_base,UFX,UFX Project,ufx-project,ufx-projectYcn.png,1000000000,"{""base"":""0x915c135d2cbcad68e5c30f1cea0ee7129f57fd03""}",18
0xfdc944fb59201fb163596ee5e209ebc8fa4dcdc5_base,AMC,AMC,amc-2,amc-2EsS.png,690420000,"{""base"":""0xfdc944fb59201fb163596ee5e209ebc8fa4dcdc5""}",18
staked-iota,STIOTA,Staked IOTA,staked-iota,staked-iotaGhs.png,0,"{""iota"":""0x346778989a9f57480ec3fee15f2cd68409c73a62112d40a3efd13987997be68c::cert::CERT""}",18
piratecoin,PIRATECOIN☠,PirateCoin,piratecoin,piratecoinjAo.png,0,"{""binance_smart"":""0x041640ea980e3fe61e9c4ca26d9007bc70094c15""}",18
adacash,ADACASH,ADAcash,adacash,adacashqn7.png,100000000000000,"{""binance_smart"":""0x651a89fed302227d41425235f8e934502fb94c48""}",18
gursonavax,GURS,GursOnAVAX,gursonavax,gursonavaxSpV.png,68999175959,"{""avalanche"":""0x223a368ad0e7396165fc629976d77596a51f155c""}",18
checoin,CHECOIN,CheCoin,checoin,checoinCmR.png,100000000000,"{""binance_smart"":""0x54626300818e5c5b44db0fcf45ba4943ca89a9e2""}",18
catcoin-token,CATS,CatCoin Token,catcoin-token,catcoin-tokenC89.png,1000000000000000,"{""binance_smart"":""0x2f0c6e147974bfbf7da557b88643d74c324053a2"",""ethereum"":""0xd4b92b1700615afae333b9d16d28eb55e8e689b8""}",18
woop,WOOP,WOOP,woop,woopdmU.png,100000000,"{""solana"":""A3HyGZqe451CBesNqieNPfJ4A9Mu332ui8ni6dobVSLB""}",18
99ouK5YUK3JPGCPX9joNtHsMU7NPpU7w91JN4kdQ97po_solana,AI,AI Community,ai-community,ai-communityQXv.png,999846955,"{""solana"":""99ouK5YUK3JPGCPX9joNtHsMU7NPpU7w91JN4kdQ97po""}",18
zoo-token,ZOOT,Zoo,zoo-token,zoo-tokenYYL.png,0,"{""ethereum"":""0x1341a2257fa7b770420ef70616f888056f90926c"",""binance_smart"":""0xb3d691125514db7a5be3326af86a72ecdc2cde16""}",18
pirate-dice,BOOTY,Pirate Dice,pirate-dice,pirate-diceGvo.png,166559,,
ari10,ARI10,Ari10,ari10,ari10HiP.png,556665739,"{""binance_smart"":""0x80262f604acac839724f66846f290a2cc8b48662""}",18
phantom-of-the-kill-alternative-imitation-oshi,OSHI,OSHI3,phantom-of-the-kill-alternative-imitation-oshi,phantom-of-the-kill-alternative-imitation-oshiS6O.png,1000000000,"{""polygon-pos"":""0x09cad96bc28f55e9253cfb9a84a3a1ab79061e54"",""sui"":""0xf16656c7d417654680c9e6a67f626c2c99a7a91011c88bc50d9ccaffdc53081b::oshi::OSHI""}",18
firsthare,FIRSTHARE,FirstHare,firsthare,firstharenMe.png,0,"{""binance_smart"":""0x432b4f994760ea0c5f48baab6217e82a2b7f2c55""}",18
sx-network,SX,SX Network (OLD),sx-network,sx-networkgmx.png,1000000000,"{""ethereum"":""0x99fe3b1391503a1bc1788051347a1324bff41452"",""polygon-pos"":""0x840195888db4d6a99ed9f73fcd3b225bb3cb1a79""}",18
animal-concerts-token,ANML,Animal Concerts,animal-concerts-token,animal-concerts-token7nt.png,12500000000,"{""ethereum"":""0x38b0e3a59183814957d83df2a97492aed1f003e2"",""binance_smart"":""0x06fda0758c17416726f77cb11305eac94c074ec0""}",18
betswirl,BETS,BetSwirl,betswirl,betswirlD44.png,7395537317,"{""polygon-pos"":""0x94025780a1ab58868d9b2dbbb775f44b32e8e6e5"",""binance_smart"":""0x94025780a1ab58868d9b2dbbb775f44b32e8e6e5"",""avalanche"":""0x94025780a1ab58868d9b2dbbb775f44b32e8e6e5"",""arbitrum-one"":""0x94025780a1ab58868d9b2dbbb775f44b32e8e6e5"",""ethereum"":""0x94025780a1ab58868d9b2dbbb775f44b32e8e6e5"",""optimistic-ethereum"":""0x94025780a1ab58868d9b2dbbb775f44b32e8e6e5"",""unichain"":""0x94025780a1ab58868d9b2dbbb775f44b32e8e6e5"",""base"":""0x94025780a1ab58868d9b2dbbb775f44b32e8e6e5""}",18
0xf7ccb8a6e3400eb8eb0c47619134f7516e025215_base,SUMMER,Onchain Summer,onchain-summer,onchain-summerNmD.png,980000000,"{""base"":""0xf7ccb8a6e3400eb8eb0c47619134f7516e025215""}",18
topmanager,TMT,TopManager,topmanager,topmanagerjz0.png,100000000,"{""binance_smart"":""0x4803ac6b79f9582f69c4fa23c72cb76dd1e46d8d""}",18
pawzone,PAW,PAWZONE,pawzone,pawzone7LL.png,500000000000,"{""ethereum"":""0x1aa51bc7eb181ce48ce626bf62f8956fa9555136""}",18
coinxpad,CXPAD,CoinxPad,coinxpad,coinxpad59d.png,100000000000,"{""binance_smart"":""0xe90d1567ecef9282cc1ab348d9e9e2ac95659b99""}",18
bamboo-coin,BMBO,Bamboo Coin,bamboo-coin,bamboo-coinM3p.png,17777777777,"{""solana"":""5sM9xxcBTM9rWza6nEgq2cShA87JjTBx1Cu82LjgmaEg""}",18
dpex,DPEX,DPEX,dpex,dpexMrp.png,1250000000,"{""polygon-pos"":""0x3ed4c2d63def617f436eb031bacae16f478f3b00""}",18
momo-2,MOMO,momo,momo-2,momo-2QdG.png,980429987,"{""solana"":""CHVggq5Bu2UKLB1MQtLciDV3UKv5hwLkJwA14egApump""}",18
auroratoken,AURORA,AuroraToken,auroratoken,auroratokenbX2.png,5566722,"{""polygon-pos"":""0x0c8c8ae8bc3a69dc8482c01ceacfb588bb516b01""}",18
skydrome,SKY,Skydrome,skydrome,skydromexBE.png,100000000,"{""scroll"":""0x95a52ec1d60e74cd3eb002fe54a2c74b185a4c16""}",18
0xc2eeca228ebac45c339cc5e522dd3a10638155f1_base,PEACE,PeacePal AI,peacepal-ai,0xc2eeca228ebac45c339cc5e522dd3a10638155f1_baseFXz.png,1000000000,"{""base"":""0xc2eeca228ebac45c339cc5e522dd3a10638155f1""}",18
polly,POLLY,Polly Finance,polly,pollypLl.png,138107139,"{""polygon-pos"":""0x4c392822d4be8494b798cea17b43d48b2308109c""}",18
anarchy,ANARCHY,Anarchy,anarchy,anarchynmX.png,5000000,"{""ethereum"":""0x53fd2342b43ecd24aef1535bc3797f509616ce8c""}",18
berally-token,BRLY,Berally Token,berally-token,berally-tokenSDH.png,6942000000,"{""berachain"":""0xab7e0f3d69de8061aa46d7c9964dbc11878468eb""}",18
neta,NETA,NETA,neta,netanlp.png,31887,"{""cosmos"":""ibc/297C64CC42B5A8D8F82FE2EBE208A6FE8F94B86037FA28C4529A23701C228F7A"",""osmosis"":""ibc/297C64CC42B5A8D8F82FE2EBE208A6FE8F94B86037FA28C4529A23701C228F7A""}",18
gainx,GNX,GainX,gainx,gainx5XU.png,200000000000,"{""ethereum"":""0xc2080cd951fe95093b6e77fd0578455cbd638ae4""}",18
bridged-tether-hashport,USDT[HTS],Hashport Bridged USDT (Hedera),bridged-tether-hashport,bridged-tether-hashportbXa.png,278799,"{""hedera-hashgraph"":""0x0000000000000000000000000000000000101af0""}",18
fluid-usdc,FUSDC,Fluid USDC,fluid-usdc,fluid-usdcjzA.png,0,"{""ethereum"":""0x9d1089802ee608ba84c5c98211afe5f37f96b36c"",""solana"":""Ez2zVjw85tZan1ycnJ5PywNNxR6Gm4jbXQtZKyQNu3Lv"",""arbitrum-one"":""0x4cfa50b7ce747e2d61724fcac57f24b748ff2b2a""}",18
bad-coin,BADAI,BAD Coin [OLD],bad-coin,bad-coinHip.png,1000000000,"{""binance_smart"":""0x36f5675029e129b5fcabb29ec750ed268520acf7""}",18
9YZZtRDqd9kiJMqgZ8XmFaE1mfK2T4kNpYgW1Nfn9rYV_solana,CRYPTIC,Cryptic,cryptic,crypticx2B.png,99999998,"{""solana"":""A1y4iVpLaLutTYaG13UANr8VK5F8z8oTVtNuGMjSBjL4""}",18
soltradingbot,STBOT,SolTradingBot,soltradingbot,soltradingbotPkw.png,999998724,"{""solana"":""2x8o3hA5S5fBxCSE9hzVTf3RohcMWHqkDNKNEPuzprD5""}",18
storyfire,BLAZE,StoryFire,storyfire,storyfireYcN.png,19999999998,"{""binance_smart"":""0xef7a4dd703d074974b7240c74b5ce938aa8983d3""}",18
hobbes-new,HOBBES,Hobbes,hobbes-new,hobbes-newhvS.png,5000000000000,"{""ethereum"":""0xb475332d25d34b59176f5c1d94cb9bc9b5e3954a""}",18
momoji,EMOJI,MOMOJI,momoji,momojiW3V.png,360000000000,"{""binance_smart"":""0xcb3ae3099dc997616b907cefc9af5c850a067a4b""}",18
attra,ATTRA,ATTRA,attra,attraQOR.png,500000000,"{""ethereum"":""0xa5ea28c216e24168c1610ede3c6200a23d3ef3ef""}",18
colossusxt,COLX,ColossusXT,colossusxt,ColossusXTefems.png,0,"{""binance_smart"":""0xf8acf86194443dcde55fc5b9e448e183c290d8cb"",""arbitrum-one"":""0xe5cca68b9e1d5575b7e3062fa34b0c725b003a69""}",18
sokuswap,SOKU,SokuSwap,sokuswap,sokuswaphtc.png,222222222,"{""ethereum"":""0x4c3a8eceb656ec63eae80a4ebd565e4887db6160"",""binance_smart"":""0x0e4b5ea0259eb3d66e6fcb7cc8785817f8490a53""}",18
not-meme,MEM,Not Meme,not-meme,not-memesV4.png,5000000000,"{""the-open-network"":""EQAWpz2_G0NKxlG2VvgFbgZGPt8Y1qe0cGj-4Yw5BfmYR5iF""}",18
definder-capital,DFC,DeFinder Capital,definder-capital,definder-capital5Xs.png,199999998,"{""the-open-network"":""EQD26zcd6Cqpz7WyLKVH8x_cD6D7tBrom6hKcycv8L8hV0GP""}",18
hertz-global-holdings-ondo-tokenized-stock,HTZON,Hertz Global Holdings (Ondo Tokenized Stock),hertz-global-holdings-ondo-tokenized-stock,hertz-global-holdings-ondo-tokenized-stockeOd.png,0,"{""ethereum"":""0x7e95779d2d7b4a654a4ac80cb6423ae8998cf1e7"",""binance_smart"":""0xb18c6a83490dddbc9a83b011173b5b2fb5dc1272"",""solana"":""QApMAZTHvfhX2dTDzM8AMyAHVyhmPVwj4oY8Jveondo""}",18
lendle,LEND,Lendle,lendle,lendleuFj.png,100000000,"{""mantle"":""0x25356aeca4210ef7553140edb9b8026089e49396""}",18
0xbd97693278f1948c59f65f130fd87e7ff7c61d11_base,NOGWAI,Nogwai,nogwai,nogwaihOb.png,1000000000,"{""base"":""0xbd97693278f1948c59f65f130fd87e7ff7c61d11""}",18
waifuai,WFAI,WaifuAI,waifuai,waifuaiYis.png,777000000000000,"{""ethereum"":""0x8a001303158670e284950565164933372807cd48""}",18
kogecoin,KOGECOIN,KogeCoin,kogecoin,kogecoin6bJ.png,50000000,"{""polygon-pos"":""0x13748d548d95d78a3c83fe3f32604b4796cffa23""}",18
novadex,NVX,NovaDEX,novadex,novadexnNJ.png,100000000,"{""solana"":""GtMtXoJiqSf8Gfp83cuunnDTiJTeTmv7cniVtJ6UAMWH""}",18
tcg-verse,TCGC,TCG Verse,tcg-verse,tcg-verseAGj.png,100000000,"{""oasys"":""0xddb07cc0f2f9fb7899dba5a21964f3c6d2740e44"",""polygon-pos"":""0x44acd96620b708162af4a90524f29a6839675533""}",18
sustainable-energy-token,SET,Sustainable Energy,sustainable-energy-token,sustainable-energy-token8CI.png,1000000000000000,"{""binance_smart"":""0x1b391f9d0fffa86a6088a73ac4ac28d12c9ccfbd""}",18
raptor-finance-2,RPTR,Raptor Finance,raptor-finance-2,raptor-finance-2g7N.png,572326246,"{""binance_smart"":""0x44c99ca267c2b2646ceec72e898273085ab87ca5""}",18
moros-net,MOROS,MOROS NET,moros-net,moros-netZzo.png,1000000000,"{""ethereum"":""0xab85fc558d722a2b7c040ffb77db676bd9e7d322""}",18
member,MEMBER,member,member,membergel.png,4025000000,"{""base"":""0x7d89e05c0b93b24b5cb23a073e60d008fed1acf9""}",18
yesorno-2,YON,YESorNO,yesorno-2,yesorno-2oFy.png,4500000000,"{""binance_smart"":""0x68355e342ff81633ccd0395cc77c83e266ca548e""}",18
novaex-ai,NEX,Novaex AI,novaex-ai,novaex-aix4r.png,6000000000,"{""binance_smart"":""0x57b39f81547cc9f2e599472aab9131bba74a5166""}",18
5qsZAnWuR7vMJbiznrJEY2ddVqZXjNYmFvR3eXSxpump_solana,FOCAI,Focai.fun,focai-fun,5qsZAnWuR7vMJbiznrJEY2ddVqZXjNYmFvR3eXSxpump_solanaOvA.png,999999973,"{""solana"":""5qsZAnWuR7vMJbiznrJEY2ddVqZXjNYmFvR3eXSxpump""}",18
acryptos-2,ACS,ACryptoS,acryptos-2,acryptos-2C9Y.png,721702,"{""binance_smart"":""0x8888888888f004100c0353d657be6300587a6ccd"",""arbitrum-one"":""0x8888888888f004100c0353d657be6300587a6ccd"",""kava"":""0x8888888888f004100c0353d657be6300587a6ccd"",""avalanche"":""0x8888888888f004100c0353d657be6300587a6ccd"",""base"":""0x8888888888f004100c0353d657be6300587a6ccd""}",18
reflecto,RTO,Reflecto,reflecto,reflectogrD.png,1000000000000000,"{""binance_smart"":""0x5a341dcf49e161cc73591f02e5f8cde8a29733fb""}",18
perlin,PERL,PERL.eco,perlin,PerlinhIQwU.png,693165034,"{""ethereum"":""0xeca82185adce47f39c684352b0439f030f860318"",""binance_smart"":""0x0f9e4d49f25de22c2202af916b681fbb3790497b"",""polygon-pos"":""0xb121fcd122daaa153bb8a102754127b2682645cb""}",18
metacash,META,MetaCash,metacash,metacashu86.png,1000000000000000,"{""binance_smart"":""0x2e42c9eac96833c6e16dc71c743cecc114ccd7e3""}",18
0x0000000000ca73a6df4c58b84c5b4b847fe8ff39_ethereum,ASTX,Asterix,asterix,asterixH1g.png,10000,"{""ethereum"":""0x0000000000ca73a6df4c58b84c5b4b847fe8ff39""}",18
haust,HAUST,Haust,haust,hausttwW.png,10000000000,"{""ethereum"":""0xec3502a9f98f151af52ee6cb423a0afe7bbf5a19""}",18
the-killbox-game,KBOX,The Killbox Game,the-killbox-game,the-killbox-gameLQY.png,6400000000,"{""binance_smart"":""0x3523d58d8036b1c5c9a13493143c97aefc5ad422""}",18
redfeg,REDFEG,RedFeg,redfeg,redfegIBO.png,0,"{""binance_smart"":""0x25574cad6f03ffacd9d08b288e8d5d88997fb2f3""}",18
keys-token,KEYS,Keys,keys-token,keys-token7P8.png,1000000000,"{""ethereum"":""0xe0a189c975e4928222978a74517442239a0b86ff""}",18
0xc64dd458016302156323e724e94187b22a614444_binance_smart,LIMITIESS,Limitless Coin,limitless-coin,limitless-coinrqn.png,1000000000,"{""binance_smart"":""0xc64dd458016302156323e724e94187b22a614444""}",18
cyclone-protocol,CYC,Cyclone Protocol,cyclone-protocol,cyclone-protocoleAS.png,5726,"{""ethereum"":""0x8861cff2366c1128fd699b68304ad99a0764ef9a"",""iotex"":""io1f4acssp65t6s90egjkzpvrdsrjjyysnvxgqjrh"",""binance_smart"":""0x810ee35443639348adbbc467b33310d2ab43c168"",""polygon-pos"":""0xcfb54a6d2da14abecd231174fc5735b4436965d8""}",18
digital-bank-of-africa,DBA,Digital Bank of Africa,digital-bank-of-africa,digital-bank-of-africaIZg.png,98999399,"{""binance_smart"":""0x1006ea3289b833b6720aaa82746990ec77de8c36""}",18
fadewallet-token,FWT,FadeWallet Token,fadewallet-token,fadewallet-tokenZQo.png,1000000000,"{""solana"":""FaDErpochTz2uCFo3ZSGxEfrXaHoK1kzjTRYFaegG4Lu""}",18
titan-4,TITAN,TITAN,titan-4,titan-4XZR.png,20090103,"{""x-layer"":""0xfdc4a45a4bf53957b2c73b1ff323d8cbe39118dd""}",18
0x2156006a207a793b4069a2b72be58dc2bd759232_base,COIN,SwapBased COIN,swapbased-coin,swapbased-coinhXV.png,600000,"{""base"":""0x2156006a207a793b4069a2b72be58dc2bd759232""}",18
zetachain-bridged-pol-pol-zetachain,POL.POL,ZetaChain Bridged POL.POL (ZetaChain),zetachain-bridged-pol-pol-zetachain,zetachain-bridged-pol-pol-zetachain7gH.png,1000000,"{""zetachain"":""0xadf73eba3ebaa7254e859549a44c74ef7cff7501""}",18
xcel-swap,XLD,Xcel Defi,xcel-swap,xcel-swapcga.png,111000000,"{""binance_smart"":""0xc79d1fd14f514cd713b5ca43d288a782ae53eab2""}",18
jojo,JOJO,JOJO,jojo,jojoVB8.png,1000000000000,"{""binance_smart"":""0x78a499a998bdd5a84cf8b5abe49100d82de12f1c""}",18
aelin,AELIN,Aelin,aelin,aelinUep.png,5000,"{""optimistic-ethereum"":""0x61baadcf22d2565b0f471b291c475db5555e0b76""}",18
crazy-bunny-equity-token,CBUNNY,Crazy Bunny Equity,crazy-bunny-equity-token,crazy-bunny-equity-tokenBfI.png,1000000000000,"{""binance_smart"":""0xaec23008b1098e39c0f8de90bf7431d185efe8b3""}",18
topshelf-finance,LIQR,Topshelf Finance,topshelf-finance,topshelf-financeUHU.png,1000000000,"{""binance_smart"":""0x33333ee26a7d02e41c33828b42fb1e0889143477"",""fantom"":""0x33333ee26a7d02e41c33828b42fb1e0889143477"",""avalanche"":""0x33333ee26a7d02e41c33828b42fb1e0889143477""}",18
waxfusion-staked-wax,LSWAX,WaxFusion Staked WAX,waxfusion-staked-wax,waxfusion-staked-wax9OY.png,5319389,"{""wax"":""LSWAX-wax-token.fusion""}",18
speed-star-joc,JOC,Speed Star JOC,speed-star-joc,speed-star-joc5MO.png,30000000,"{""harmony-shard-0"":""0x22fb638a010e922d53fd2671a598a3334c228b62""}",18
pstake-staked-bnb,STKBNB,pSTAKE Staked BNB,pstake-staked-bnb,pstake-staked-bnbdSn.png,62.6422,"{""binance_smart"":""0xc2e9d07f66a89c44062459a47a0d2dc038e4fb16""}",18
solareum-3,SOLAREUM,SOLAREUM,solareum-3,solareum-3OVx.png,10000000000,"{""solana"":""7rhhtc2DTTAsPr9P3ZRqUjYZESRj2B29L6qrEXG4VLkh""}",18
bit-hotel,BTH,Bit Hotel,bit-hotel,bit-hotelyfS.png,1000000000,"{""binance_smart"":""0x57bc18f6177cdaffb34ace048745bc913a1b1b54""}",18
chaincade,CHAINCADE,ChainCade,chaincade,chaincadeoqQ.png,1000000000000000,"{""binance_smart"":""0x2ffee7b4df74f7c6508a4af4d6d91058da5420d0""}",18
argo-finance,ARGO,Argo Finance,argo-finance,argo-financeZVt.png,1000000000,"{""cronos"":""0x47a9d630dc5b28f75d3af3be3aaa982512cd89aa""}",18
0x777be1c6075c20184c4fd76344b7b0b7c858fe6b_ethereum,BAR,Gold Standard,gold-standard,0x777be1c6075c20184c4fd76344b7b0b7c858fe6b_ethereumpcz.png,999999,"{""ethereum"":""0x777be1c6075c20184c4fd76344b7b0b7c858fe6b""}",18
lessfngas,LFG,LessFnGas,lessfngas,lessfngasQg3.png,999998363429,"{""solana"":""LFG1ezantSY2LPX8jRz2qa31pPEhpwN9msFDzZw4T9Q""}",18
bep20-leo,BLEO,BEP20 LEO,bep20-leo,bep20-leoL7N.png,10000000,"{""binance_smart"":""0x6421531af54c7b14ea805719035ebf1e3661c44a""}",18
davincigraph,DAVINCI,Davincigraph,davincigraph,davincigraphjzR.png,90000000,"{""hedera-hashgraph"":""0.0.3706639""}",18
newyork-exchange,NYE,NewYork Exchange,newyork-exchange,1609164905961.png,600000000,,
fanzee-token,FNZ,Fanzee Token,fanzee-token,fanzee-tokenXkj.png,2100000000,,
continuum-world,UM,Continuum World,continuum-world,continuum-worldAkm.png,183237878,"{""ethereum"":""0xb19dd661f076998e3b0456935092a233e12c2280"",""polygon-pos"":""0x3b1a0c9252ee7403093ff55b4a5886d49a3d837a""}",18
sta-token,STA,STA,sta-token,sta-tokenTvl.png,210000000,"{""binance_smart"":""0x4d1e90ab966ae26c778b2f9f365aa40abb13f53c""}",18
BNT4uhSStq1beFADv3cq4wQAVfWB392PjAaxTBpNeWxu_solana,MEDIA,Solmedia,solmedia,solmediaQFX.png,100000000,"{""solana"":""BNT4uhSStq1beFADv3cq4wQAVfWB392PjAaxTBpNeWxu""}",18
wrapped-gho-lens,WGHO,Wrapped GHO (Lens),wrapped-gho-lens,wrapped-gho-lensO3V.png,0,"{""lens"":""0x6bdc36e20d267ff0dd6097799f82e78907105e2f""}",18
lens-bridged-usdc-lens,USDC,Lens Bridged USDC (Lens),lens-bridged-usdc-lens,lens-bridged-usdc-lenscjE.png,0,"{""lens"":""0x88f08e304ec4f90d644cec3fb69b8ad414acf884""}",18
fuse-dollar,FUSD,Fuse Dollar V3,fuse-dollar,fuse-dollarWda.png,82421,"{""fuse"":""0xce86a1cf3cff48139598de6bf9b1df2e0f79f86f""}",18
xcusdt,XCUSDT,xcUSDT,xcusdt,xcusdtahM.png,174248,"{""moonbeam"":""0xffffffffea09fb06d082fd1275cd48b191cbcd1d""}",18
azbit,AZ,Azbit,azbit,azbitSHd.png,138888888888,"{""binance_smart"":""0xaaaafdc2e08371b956be515b3f3ff735ab9c9d74""}",18
lends,LENDS,Lends,lends,lendsqmp.png,625000000,"{""ethereum"":""0x2c06ba9e7f0daccbc1f6a33ea67e85bb68fbee3a""}",18
basedswap,BSW,BasedSwap,basedswap,basedswapGrE.png,100000000,"{""base"":""0x314da69de85145fdd5b7580971e9db0388a2cdc4""}",18
bridged-dog-go-to-the-moon,DOG•GO•TO•THE•MOON,Bridged DOG•GO•TO•THE•MOON (Merlin Chain),bridged-dog-go-to-the-moon,bridged-dog-go-to-the-moonLsk.png,6653079462,"{""merlin-chain"":""0x32a4b8b10222f85301874837f27f4c416117b811""}",18
0x37f24b26bcefbfac7f261b97f8036da98f81a299_base,BRISH,Brish,brish,brishuhx.png,1000000000,"{""base"":""0x37f24b26bcefbfac7f261b97f8036da98f81a299"",""ethereum"":""0x37f24b26bcefbfac7f261b97f8036da98f81a299""}",18
rollium,RLM,MarbleVerse,rollium,rolliumbEh.png,100000000,"{""cronos"":""0x19258a1df9e929d02b34621cf52797998ae1aa27""}",18
ajuna-network-2,AJUN,Ajuna Network,ajuna-network-2,ajuna-network-2bjF.png,500000000,"{""hydration"":""asset_registry%2F32""}",18
tenna-by-virtuals,TENNA,Tenna by Virtuals,tenna-by-virtuals,tenna-by-virtualszeE.png,1000000000,"{""base"":""0xc54ffa55a3fd03381aa86cf178b60dfaf827b61c""}",18
0x664e4b17ea045fe92868821f3ee0a76a5db38166_cronos,ROBIN,Robin on Cronos,robin-on-cronos,robin-on-cronos7qK.png,100000000000,"{""cronos"":""0x664e4b17ea045fe92868821f3ee0a76a5db38166""}",18
refinable,FINE,Refinable,refinable,refinable7mq.png,500000000,"{""binance_smart"":""0x4e6415a5727ea08aae4580057187923aec331227""}",18
0xacf5a368ec5bb9e804c8ac0b508daa5a21c92e13_binance_smart,GAIN,Griffin AI [OLD],griffin-ai,griffin-ai7CJ.png,1000000000,"{""binance_smart"":""0xacf5a368ec5bb9e804c8ac0b508daa5a21c92e13""}",18
ioeth,IOETH,ioETH,ioeth,ioethiP9.png,480,"{""iotex"":""0x0258866edaf84d6081df17660357ab20a07d0c80""}",18
x314,X314,X314 [OLD],x314,x314QRJ.png,69573750,"{""binance_smart"":""0x40ba01da634a189d248fb1ee47141a4e11cd94bd""}",18
paw-v2,PAW,Paw V2,paw-v2,paw-v2q8A.png,52384509,"{""polygon-pos"":""0xbc5b59ea1b6f8da8258615ee38d40e999ec5d74f""}",18
0x77f8fbccd9995d1a00ae94badaa293e7eafc4a4d_base,MIU,Miu,miu,miuau4.png,1000000000,"{""base"":""0x77f8fbccd9995d1a00ae94badaa293e7eafc4a4d""}",18
r-games,RGAME,R Games,r-games,r-gamesTxj.png,1000000000,"{""binance_smart"":""0xcbd9f6d748dd3d19416f8914528a65c7838e27d8""}",18
ifunbox,FUN,IFUNBOX,ifunbox,ifunbox6k1.png,100000000,"{""polygon-pos"":""0xaf95ca99aedb29d6bcba20246c98b852efce16b8""}",18
polyyeld-token,YELD,PolyYeld,polyyeld-token,polyyeld-tokenGVc.png,20957,"{""polygon-pos"":""0x1fd6cf265fd3428f655378a803658942095b4c4e""}",18
neat,NEAT,NEAT,neat,neatSzx.png,42000000,"{""near-protocol"":""neat.nrc-20.near""}",18
dekbox,DEK,DekBox,dekbox,dekboxI9a.png,90000000,"{""binance_smart"":""0xe52c5a3590952f3ed6fccf89a0bd7f38e11c5b98""}",18
dubbz,DUBBZ,Dubbz,dubbz,dubbzBcy.png,10000000,"{""ethereum"":""0x38029c62dfa30d9fd3cadf4c64e9b2ab21dbda17"",""polygon-pos"":""0x38029c62dfa30d9fd3cadf4c64e9b2ab21dbda17"",""base"":""0x38029c62dfa30d9fd3cadf4c64e9b2ab21dbda17""}",18
hashport-bridged-wavax,WAVAX[HTS],Hashport Bridged wAVAX,hashport-bridged-wavax,hashport-bridged-wavaxf5c.png,6334,"{""hedera-hashgraph"":""0x000000000000000000000000000000000011a79c""}",18
ucf-finance,UCF,UCF Finance,ucf-finance,ucf-financeTTq.png,100000,"{""solana"":""5JkQBPrYdRK7JsC39KPPbZi7r6uLx3ZuL7jjMf4zN4c""}",18
dragoma,DMA,Dragoma,dragoma,dragomadO2.png,42000000,"{""polygon-pos"":""0x16dfb898cf7029303c2376031392cb9bac450f94""}",18
vibecoding,VICO,VibeCoding,vibecoding,vibecodingJqt.png,1000000000,"{""binance_smart"":""0x46ddc776226a32289794680c3e56cf6e7d4d4444""}",18
lum-network,LUM,Lum Network,lum-network,lum-networkDZx.png,0,"{""cosmos"":""ibc/8A34AF0C1943FD0DFCDE9ADBF0B2C9959C45E87E6088EA2FC6ADACD59261B8A2"",""osmosis"":""ibc/8A34AF0C1943FD0DFCDE9ADBF0B2C9959C45E87E6088EA2FC6ADACD59261B8A2""}",18
trust-trading-group,TTG,Trust Trading Group,trust-trading-group,trust-trading-grouprbZ.png,126000000,"{""elrond"":""TTG-1abcec""}",18
bytecoin-bcn,BCN,Bytecoin,bytecoin-bcn,BytecoinTfJvT.png,184066828814,,
bridged-busd,BUSD,Bridged BUSD,bridged-busd,bridged-busduyk.png,0,"{""cronos"":""0xc74d59a548ecf7fc1754bb7810d716e9ac3e3ae5"",""fuse"":""0x6a5f6a8121592becd6747a38d67451b310f7f156"",""meter"":""0x24aa189dfaa76c671c279262f94434770f557c35"",""velas"":""0xc9baa8cfdde8e328787e29b4b078abf2dadc2055"",""elastos"":""0x9f1d0ed4e041c503bd487e5dc9fc935ab57f9a57"",""astar"":""0x4bf769b05e832fcdc9053fffbc78ca889acb5e1e"",""aptos"":""0xccc9620d38c4f3991fa68a03ad98ef3735f18d04717cb75d7a1300dd8a7eed75::coin::T"",""xdai"":""0xdd96b45877d0e8361a4ddb732da741e97f3191ff"",""milkomeda-cardano"":""0x218c3c3d49d0e7b37aff0d8bb079de36ae61a4c0"",""sora"":""0x00567d096a736f33bf78cad7b01e33463923b9c933ee13ab7e3fb7b23f5f953a""}",18
3DH8WZ6C2HdDR4J9ekYnTfai8Tx8mxn92mW8zcYmP4px_solana,HM,Holdium,holdium,3DH8WZ6C2HdDR4J9ekYnTfai8Tx8mxn92mW8zcYmP4px_solanaJq3.png,1000000000,"{""solana"":""3DH8WZ6C2HdDR4J9ekYnTfai8Tx8mxn92mW8zcYmP4px""}",18
0x252d223d0550bc6c137b003d90bc74f5341a2818_base,BITBOT,Bitbot,bitbot,0x252d223d0550bc6c137b003d90bc74f5341a2818_base6ul.png,1000000000,"{""base"":""0x252d223d0550bc6c137b003d90bc74f5341a2818""}",18
helichain,HELI,HeliChain,helichain,helichainYUb.png,0,,
red-token,RED,RED TOKEN,red-token,red-tokendt0.png,100000000000,"{""ethereum"":""0xc744df3419a8c9bd4d6b9852a503eb1c5308a326""}",18
0x33b7f6225b4cbe5d368b7bb4807d6375b18b8c2b_base,CANDY,Candy,candy-on-base,candy-on-baseDsD.png,420690000000,"{""base"":""0x33b7f6225b4cbe5d368b7bb4807d6375b18b8c2b""}",18
0x7022fe5fedbd54b40fdc52be30c1c578fb55c2bf_ethereum,SKULL,WOLF SKULL,wolf-skull,0x7022fe5fedbd54b40fdc52be30c1c578fb55c2bf_ethereumGPc.png,420690000000,"{""ethereum"":""0x7022fe5fedbd54b40fdc52be30c1c578fb55c2bf""}",18
moneymon,MON,Moneymon,moneymon,moneymonLgL.png,500000,"{""binance_smart"":""0xa1c1a7341a1713f174d59926e49e4a1228924100""}",18
knob,KNOB,KNOB$,knob,knobbm3.png,10000000000,"{""solana"":""5ritAPtFPqQtEFHcHVqNjR5oFNUJqcmgKtZyPd2AyLLy""}",18
zetaearn-staked-zeta,STZETA,ZetaEarn Staked ZETA,zetaearn-staked-zeta,zetaearn-staked-zeta4JW.png,621711,"{""zetachain"":""0x45334a5b0a01ce6c260f2b570ec941c680ea62c0""}",18
0x6dfa5cfb15a439f78b118a14780e7c07a14148af_binance_smart,BLUP,Bluwhale Points Token,bluwhale-points-token,bluwhale-points-tokenrhU.png,1000000000,"{""binance_smart"":""0x6dfa5cfb15a439f78b118a14780e7c07a14148af""}",18
vndc,VNDC,VNDC,vndc,VNDCkxsy2.png,2798932778878,"{""ethereum"":""0x1f3f677ecc58f6a1f9e2cf410df4776a8546b5de"",""onus"":""0xa6b9579563a48a0540bb53853ae0947972371169"",""binance_smart"":""0xA276DC434A366C62ef010585b3885D0C85154389"",""kardiachain"":""0xeff34b63f55200a9d635b8abbbfcc719b4977864"",""polygon-pos"":""0xd0076d7e57aac42ec3f9d6e7c604d04a5b7030fa""}",18
mcelo,MCELO,mCELO,mcelo,mcelo0oA.png,9783754,"{""celo"":""0x7d00cd74ff385c955ea3d79e47bf06bd7386387d""}",18
cola-token-2,COLA,Cola Token,cola-token-2,cola-token-2oJJ.png,650000,"{""pulsechain"":""0x02dff78fdedaf86d9dfbe9b3132aa3ea72ed1680""}",18
0x76b2a23f2a94c894fa9eb6c60688e8e38bd95e9a_binance_smart,CSTAR,CoinStar,coinstar,0x76b2a23f2a94c894fa9eb6c60688e8e38bd95e9a_binance_smart8ny.png,0,"{""binance_smart"":""0x76b2a23f2a94c894fa9eb6c60688e8e38bd95e9a""}",18
fomo-2,FOMO,FOMO,fomo-2,fomo-2EM5.png,100000000,"{""solana"":""Cx9oLynYgC3RrgXzin7U417hNY9D6YB1eMGw4ZMbWJgw""}",18
megapix,MPIX,Megapix,megapix,megapixMvP.png,1000000000,"{""solana"":""GEdBv2DnES89DvasmZ35TaxP9kBibznYKbacXpoGTEBU""}",18
collector-coin,AGS,Collector Coin,collector-coin,collector-coinGeN.png,100000000,"{""ethereum"":""0x667fd83e24ca1d935d36717d305d54fa0cac991c"",""binance_smart"":""0x73ffdf2d2afb3def5b10bf967da743f2306a51db""}",18
0xa67a6023939088a569f8f8fe838e1b167e13382f_robinhood,GHST,Gh0stCompute,gh0stcompute,gh0stcomputeV2t.png,1000000000,"{""robinhood"":""0xa67a6023939088a569f8f8fe838e1b167e13382f""}",18
sunnysideup,SSU,SunnySideUp,sunnysideup,sunnysideupOde.png,993600,"{""solana"":""AGkFkKgXUEP7ZXazza5a25bSKbz5dDpgafPhqywuQnpf""}",18
abtc,ABTC,aBTC,abtc,abtcarS.png,951.3064,"{""aptos"":""0xf599112bc3a5b6092469890d6a2f353f485a6193c9d36626b480704467d3f4c8""}",18
ninja-turtles,$NINJA,NINJA TURTLES,ninja-turtles,ninja-turtleslIa.png,88986774096,"{""solana"":""DFrJxDoLMYt6bNYeNe8Wrjzj2UPUSLZLEMMYBLuTKcTk""}",18
apeswap-finance,BANANA,ApeSwap,apeswap-finance,apeswap-finance4Sf.png,650000000,"{""ethereum"":""0x92df60c51c710a1b1c20e42d85e221f3a1bfc7f2"",""binance_smart"":""0x603c7f932ed1fc6575303d8fb018fdcbb0f39a95"",""telos"":""0x667fd83e24ca1d935d36717d305d54fa0cac991c"",""polygon-pos"":""0x5d47baba0d66083c52009271faf3f50dcc01023c"",""arbitrum-one"":""0xd978f8489e1245568704407a479a71fcce2afe8f""}",18
ball-token,BALL,Ball,ball-token,ball-tokenUdW.png,4000,"{""polygon-pos"":""0x883abe4168705d2e5da925d28538b7a6aa9d8419""}",18
photonswap,PHOTON,PhotonSwap,photonswap,photonswapvn4.png,100000000,"{""cronos"":""0xbdd4e5660839a088573191a9889a262c0efc0983""}",18
bridged-wbtc,WBTC,Bridged WBTC,bridged-wbtc,bridged-wbtcply.png,0,"{""astar"":""0xad543f18cff85c77e140e3e5e3c3392f6ba9d5ca"",""velas"":""0x639a647fbe20b6c8ac19e48e2de44ea792c62c5c"",""cube"":""0x040ea5c10e6ba4badb6c433a365ccc4968697230"",""klay-token"":""0xdcbacf3f7a069922e677912998c8d57423c37dfa"",""meter"":""0xc1f6c86abee8e2e0b6fd5bd80f0b51fef783635c"",""celo"":""0xd629eb00deced2a080b7ec630ef6ac117e614f1b"",""sora"":""0x002c48630dcb8c75cc36162cbdbc8ff27b843973b951ba9b6e260f869d45bcdc""}",18
0x4225658360c731a2b4c34555e45fea3b4b0181d5_base,PORT,DataPort Navigator by Virtuals,dataport-navigator-by-virtuals,0x4225658360c731a2b4c34555e45fea3b4b0181d5_basetuQ.png,1000000000,"{""base"":""0x4225658360c731a2b4c34555e45fea3b4b0181d5""}",18
RufNMBEbKJr6CM1t3nwakZ3BaE9csF2AR15s32VWcRE_solana,MIRA,Mira,mira-2,RufNMBEbKJr6CM1t3nwakZ3BaE9csF2AR15s32VWcRE_solanaktD.png,999935995,"{""solana"":""RufNMBEbKJr6CM1t3nwakZ3BaE9csF2AR15s32VWcRE""}",18
jaiho-crypto,JAIHO,Jaiho Crypto,jaiho-crypto,jaiho-cryptoz0l.png,500000000,"{""binance_smart"":""0x2fd2799e83a723b19026a979899dfb70bbf6bf6b""}",18
inery,$INR,Inery,inery,ineryr6w.png,800000000,"{""binance_smart"":""0xab725d0a10c3f24725c89f5765ae5794a26c1336""}",18
autominingtoken,AMT,AutoMiningToken,autominingtoken,autominingtokenYJE.png,53535732,"{""binance_smart"":""0x6ae0a238a6f51df8eee084b1756a54dd8a8e85d3""}",18
donk,DONK,DONK,donk,donkK4W.png,100000000000000,"{""solana"":""xABfKiG2KCHi6keTeLycW1iK7B52wJmchSWXu3YrsDp""}",18
paideia,PAI,Paideia,paideia,paideiay3T.png,40000000,"{""ergo"":""1fd6e032e8476c4aa54c18c1a308dce83940e8f4a28f576440513ed7326ad489""}",18
phase-labs-staked-sol,PHASESOL,Phase Labs Staked SOL,phase-labs-staked-sol,phase-labs-staked-solN21.png,21121,"{""solana"":""phaseZSfPxTDBpiVb96H4XFSD8xHeHxZre5HerehBJG""}",18
E1jCTXdkMRoawoWoqfbhiNkkLbxcSHPssMo36U84pump_solana,GFM,GoFundMeme,gofundmeme,E1jCTXdkMRoawoWoqfbhiNkkLbxcSHPssMo36U84pump_solanaJa3.png,999420161,"{""solana"":""E1jCTXdkMRoawoWoqfbhiNkkLbxcSHPssMo36U84pump""}",18
wen-token,WEN,WEN Token,wen-token,wen-token11O.png,420000000000,"{""ethereum"":""0x830a8512db4f6fca51968593e2667156c2c483a8"",""polygon-pos"":""0x11a88f949c0592238959142653bb6847c6523d81""}",18
maker-flip,MKF,Maker Flip,maker-flip,maker-flipQiU.png,50000000,"{""polygon-pos"":""0x66f364f908c662772f5b7ecd58488f372c584833""}",18
idngold,IDNG,IDNGold,idngold,idngoldI8h.png,100000000,"{""sui"":""0xde1c9987ec0bb412593ba96977b08879a050ac5b0229bd1e776a596f4be5bfb2::idng::IDNG""}",18
xpansion-game,XPS,Xpansion Game,xpansion-game,xpansion-gamedwR.png,1000000000,"{""binance_smart"":""0x4f745c0c7da552a348c384da1a5baeb28f2c607c""}",18
0x2ae21de576e0fe0367651ddcf76e04dd0608c076_ethereum,GAMBIT,Gambit,gambit-2,gambit-2k82.png,100000000000,"{""ethereum"":""0x2ae21de576e0fe0367651ddcf76e04dd0608c076""}",18
azadi-coin,AC,Azadi Coin,azadi-coin,azadi-coinEJL.png,34999797,"{""solana"":""CCEDUV4wfDUog2Lb4o1vA9Wpzz4WXn7fqf5zsW46XuS9""}",18
1move-token,1MT,1Move Token,1move-token,1move-tokenrCB.png,18957668,"{""binance_smart"":""0x7c56d81ecb5e1d287a1e22b89b01348f07be3541""}",18
polygold,POLYGOLD,PolyGold,polygold,polygoldTUD.png,9037,"{""polygon-pos"":""0x0184316f58b9a44acdd3e683257259dc0cf2202a""}",18
immutable,DARA,Immutable,immutable,immutableNg0.png,42000000,"{""binance_smart"":""0x0255af6c9f86f6b0543357bacefa262a2664f80f""}",18
gitopia,LORE,Gitopia,gitopia,gitopia04X.png,500000000,"{""osmosis"":""ibc/B1C1806A540B3E165A2D42222C59946FB85BA325596FC85662D7047649F419F3""}",18
food-token-2,FOOD,Food Token,food-token-2,food-token-2uhZ.png,202000000,"{""solana"":""EcK2evV2cDECVsmvY2FxU51eu3fp4w48zrZxuA92AAAN""}",18
ammyi-coin,AMI,AMMYI Coin,ammyi-coin,ammyi-coinBM1.png,100000000,"{""ethereum"":""0x72c14bc8e28f18e91a2e9551802d3fb2cb80e712"",""binance_smart"":""0x1ef72a1df5e4d165f84fc43b20d56caa7dad46e1""}",18
dnaxcat,DXCT,DNAxCAT,dnaxcat,dnaxcatjAZ.png,100000000,"{""binance_smart"":""0x5b1baec64af6dc54e6e04349315919129a6d3c23""}",18
polyshield,SHI3LD,PolyShield,polyshield,polyshieldtgu.png,8926,"{""polygon-pos"":""0xf239e69ce434c7fb408b05a0da416b14917d934e""}",18
the-big-red,$TD,The Big Red,the-big-red,the-big-redQj6.png,1000000000000,"{""avalanche"":""0x87bbfc9dcb66caa8ce7582a3f17b60a25cd8a248""}",18
icecreamswap-wcore,WCORE,IceCreamSwap WCORE,icecreamswap-wcore,icecreamswap-wcore8KO.png,58094,"{""core"":""0xb0788b601c0d712702bc829b52771199ad8e33ff""}",18
imov,IMT,IMOV,imov,imovmbb.png,100000000,"{""binance_smart"":""0x7b8779e01d117ec7e220f8299a6f93672e8eae23""}",18
nix,NIX,NIX,nix,nixrpj.png,200000000,"{""binance_smart"":""0xbe96fcf736ad906b1821ef74a0e4e346c74e6221""}",18
xpad-pro,XPP,Xpad.pro,xpad-pro,xpad-proT2r.png,152000000,"{""binance_smart"":""0x6f46a74ca99bc39249af47fb5101552f5b5c55d9""}",18
cope-token,COPE,Cope Token,cope-token,cope-tokene5C.png,64424627150074,"{""solana"":""o1Mw5Y3n68o8TakZFuGKLZMGjm72qv4JeoZvGiCLEvK""}",18
64GhPSS8P8wNaGWH2uysASxp9XYsqS3An3eJ3w5YNJK9_solana,HERO,Hero,hero-meme,hero-memertk.png,987999708,"{""solana"":""64GhPSS8P8wNaGWH2uysASxp9XYsqS3An3eJ3w5YNJK9""}",18
dot-finance,PINK,Dot Finance,dot-finance,dot-financeUF2.png,128690476,"{""binance_smart"":""0x9133049fb1fddc110c92bf5b7df635abb70c89dc""}",18
posthuman,PHMN,POSTHUMAN,posthuman,posthumanNpq.png,131072,"{""cosmos"":""factory/cosmos146s5j3t7gh2g37ywm47dp8avhesu2htvjjaxq7z55e7xj0rq0k8q5qnjjy/PHMN"",""osmosis"":""ibc/243B3934C4462EE254C84AA31AF42E34F1869418194D3E4161E4A659A01AC6E6"",""neutron"":""ibc/0D72F33FDA6B029A6F84A6A0A502922349AE63D4F261EC523E2D5A65B08DC87B""}",18
iotube-bridged-xnet-iotex,XNET,ioTube Bridged XNET (IoTeX),iotube-bridged-xnet-iotex,iotube-bridged-xnet-iotexd5u.png,569804,"{""iotex"":""0x52df59be0be8abdabba9e3862c8c0f1f8b3fe9ca""}",18
tochi-base,TOCHI,Tochi Base,tochi-base,tochi-basePJc.png,100000000000000,"{""base"":""0x295243647f3efe3bea315d548dcc3d25864ba265""}",18
qusd-q-protocol,QUSD,QUSD,qusd-q-protocol,qusd-q-protocolUPr.png,9527,"{""q-mainnet"":""0xe31dd093a2a0adc80053bf2b929e56abfe1b1632""}",18
pooled,POOLED,POOLED,pooled,pooledr8R.png,856679018,"{""robinhood"":""0x2c52c606dc2750593290b15683f7af08e6984288""}",18
polywhale,KRILL,Polywhale,polywhale,polywhalecdh.png,127341,"{""polygon-pos"":""0x05089c9ebffa4f0aca269e32056b1b36b37ed71b""}",18
able-finance,ABLE,Able Finance,able-finance,able-financeQBg.png,487451810,"{""binance_smart"":""0x2136cd209bb3d8e4c008ec2791b5d6790b5e33a9""}",18
solarx-2,SXCH,SolarX,solarx-2,solarx-2rXe.png,400000000,"{""binance_smart"":""0xe58c3a44b74362048e202cb7c8036d4b0b28af50""}",18
helicopter-finance,COPTER,Helicopter Finance,helicopter-finance,helicopter-financeqKo.png,500000000000000,"{""binance_smart"":""0xbc12ad556581ff7162e595e5956f5f3845fdb38c""}",18
pitch-fxs,PITCHFXS,Pitch FXS,pitch-fxs,pitch-fxsdKp.png,451977,"{""ethereum"":""0x11ebe21e9d7bf541a18e1e3ac94939018ce88f0b""}",18
dackieswap,DACKIE,DackieSwap [OLD],dackieswap,dackieswapFZX.png,132043721,"{""base"":""0xc2bc7a73613b9bd5f373fe10b55c59a69f4d617b"",""optimistic-ethereum"":""0x47c337bd5b9344a6f3d6f58c474d9d8cd419d8ca"",""arbitrum-one"":""0x47c337bd5b9344a6f3d6f58c474d9d8cd419d8ca"",""linea"":""0x757cd583004400ee67e5cc3c7a60c6a62e3f6d30"",""scroll"":""0xb9010964301326160173da694c0697a2fce82f39"",""blast"":""0x47c337bd5b9344a6f3d6f58c474d9d8cd419d8ca"",""x-layer"":""0xd564276f9dc4201fbc8a836e70874ab1b769bf2a"",""tomochain"":""0xaedc38bd52b0380b2af4980948925734fd54fbf4"",""mode"":""0xf15578bcdb3ccba8585c563af9aae200c1413bca"",""inevm"":""0x2243eef144c3914642eee7694c5a0a2c9126a893""}",18
solfiles,FILES,Solfiles,solfiles,solfilesaZF.png,9999989,"{""solana"":""948H4FquubpPQxgeYxoo8kiKU12qtRuon8ccnD9r222a""}",18
0x1b1514c76c54ce8807d7fdedf85c664eee734ece_base,$PURP,Purp,purp,purpaEy.png,1000000000,"{""base"":""0x1b1514c76c54ce8807d7fdedf85c664eee734ece""}",18
superbridge-bridged-scrvusd,SCRVUSD,Superbridge Bridged scrvUSD,superbridge-bridged-scrvusd,superbridge-bridged-scrvusdGxo.png,545904,"{""base"":""0x646a737b9b6024e49f5908762b3ff73e65b5160c""}",18
iguverse,IGUP,IguVerse IGUP,iguverse,iguverseikQ.png,16000000,"{""binance_smart"":""0x522d0f9f3eff479a5b256bb1c1108f47b8e1a153""}",18
lucky-coin,LUCKY,Lucky Coin,lucky-coin,lucky-coinTfV.png,777,"{""avalanche"":""0xb5cc2ce99b3f98a969dbe458b96a117680ae0fa1""}",18
siamese,SIAM,Siamese,siamese,siamesePMn.png,9999999999999,"{""base"":""0xba71cb8ef2d59de7399745793657838829e0b147""}",18
fofo,FOFO,FOFO,fofo,fofo4q6.png,100000000000,"{""klay-token"":""0x45f320aadf2e0fec3b852db12e633e3e70d48ebc""}",18
layer2dao,L2DAO,Layer2DAO,layer2dao,layer2daoa2i.png,1000000000,"{""arbitrum-one"":""0x2cab3abfc1670d1a452df502e216a66883cdf079"",""optimistic-ethereum"":""0xd52f94df742a6f4b4c8b033369fe13a41782bf44""}",18
12You7a9CKuEH6QMdjqX2Wuvxo8bkGjK4YEDngmiGsub_solana,CRYPTOAI,Crypto AI,crypto-ai-2,crypto-ai-2QNh.png,999420502,"{""solana"":""12You7a9CKuEH6QMdjqX2Wuvxo8bkGjK4YEDngmiGsub""}",18
pulsereflections,PRS,PulseReflections,pulsereflections,pulsereflectionsSsB.png,1555369000000,"{""pulsechain"":""0xb6b57227150a7097723e0c013752001aad01248f""}",18
dorado-finance,$DORAB,Dorado Finance,dorado-finance,dorado-financenSS.png,100000000,"{""arbitrum-one"":""0x6612ce012ba5574a2ecea3a825c1ddf641f78623""}",18
paybandcoin,PYBC,PaybandCoin,paybandcoin,paybandcoinr3D.png,1499979455,"{""stellar"":""PYBC-GBVB43NLVIP2USHXSKI7QQCZKZU2Z6U6A5PAHMIW7LLNVMQJTOX2BZI5""}",18
analysoor,ZERO,Analysoor,analysoor,analysoorppk.png,20999080,"{""solana"":""93RC484oMK5T9H89rzT5qiAXKHGP9jscXfFfrihNbe57""}",18
halo-network,HO,HALO Network,halo-network,halo-networkq2t.png,21000000,"{""binance_smart"":""0x41515885251e724233c6ca94530d6dcf3a20dec7""}",18
sonik,SONIK,SONIK,sonik,sonik5XJ.png,299792458000,"{""ethereum"":""0x9f891b5ecbd89dd8a5ee4d1d80efc3fe78b306cb""}",18
wigger,WIGGER,Wigger,wigger,wiggerPb9.png,1000000000,"{""ethereum"":""0x170dec83c7753aaad20c01a0016b5a2e143990d4""}",18
Bfc22mwh26GfKymx9unPwgqQU8dZMnYuwv8cxeCo13pW_solana,TAPS,TapSwapToken,tapswaptoken,tapswaptokendjz.png,1000000000,"{""solana"":""Bfc22mwh26GfKymx9unPwgqQU8dZMnYuwv8cxeCo13pW"",""the-open-network"":""EQD3r1oCVcarXV7yENw6PQC2Y7Yd29enyseEIlARRC4-HtAp""}",18
itam-games,ITAM,ITAM Games,itam-games,itam-gamesktb.png,501430609,"{""binance_smart"":""0x04c747b40be4d535fc83d09939fb0f626f32800b""}",18
0x822b906e74d493d07223cf6858620ccda66b2154_avalanche,RLOOP,rLoop,rloop,rloopM3w.png,57701094,"{""avalanche"":""0x822b906e74d493d07223cf6858620ccda66b2154""}",18
attila,ATT,Attila,attila,attilarkG.png,3000000000,"{""ethereum"":""0x89fb927240750c1b15d4743cd58440fc5f14a11c""}",18
mai-optimism,MIMATIC,MAI (Optimism),mai-optimism,mai-optimismRfe.png,19380012,"{""optimistic-ethereum"":""0xdfa46478f9e5ea86d57387849598dbfb2e964b02""}",18
phecda,PCD,Phecda,phecda,phecda8ay.png,500000000,"{""binance_smart"":""0xceb24c99579e6140517d59c8dd4f5b36d84ed6de""}",18
mai-cronos,MIMATIC,MAI (Cronos),mai-cronos,mai-cronos3j4.png,2000000,"{""cronos"":""0x2ae35c8e3d4bd57e8898ff7cd2bbff87166ef8cb""}",18
gnft,GNFT,GNFT,gnft,gnft0gx.png,100000,"{""ethereum"":""0xc502002aeb1b9309fccb016adf50507987fc6c2b"",""polygon-pos"":""0xe58e8391ba17731c5671f9c6e00e420608dca10e""}",18
wrapped-hydra,WHYDRA,Wrapped Hydra,wrapped-hydra,wrapped-hydra6fX.png,0,"{""hydra"":""0x900e563a74be93807e8a4a3b52d72a351badd6bf"",""ethereum"":""0x43A488315ad6d670a360D27d68E71F39F6a06CA7""}",18
hydra-bridged-susde-hydra,HYUSD,Hydra Bridged sUSDe (Hydra),hydra-bridged-susde-hydra,hydra-bridged-susde-hydraKli.png,170502,"{""hydra"":""0x71f16bcb805566f322a0904885d6147a76c249c5""}",18
aura-network-old,AURA,Aura Network [OLD],aura-network-old,aura-network-oldVN2.png,413200000,"{""binance_smart"":""0x23c5d1164662758b3799103effe19cc064d897d6""}",18
makerx,MKX,MakerX,makerx,makerxjIE.png,997638432,"{""polygon-pos"":""0x1ed02954d60ba14e26c230eec40cbac55fa3aeea""}",18
0xc8388e437031b09b2c61fc4277469091382a1b13_ethereum,SHOG,SHOG,shog,0xc8388e437031b09b2c61fc4277469091382a1b13_ethereumW0r.png,100000000,"{""ethereum"":""0xc8388e437031b09b2c61fc4277469091382a1b13"",""base"":""0x6a4f69da1e2fb2a9b11d1aad60d03163fe567732""}",18
0x8300e8e6b258147972972dbcf87719da7b817a9c_base,PAT,Pat,pat,patB7u.png,1000000000,"{""base"":""0x8300e8e6b258147972972dbcf87719da7b817a9c""}",18
beleaf,LEAF,BELEAF,beleaf,beleafCD2.png,1000000000,"{""solana"":""GT9SetU8UWKJeCQsmMcNHH4pGPVSKrxgQsgu2wtYmZHW""}",18
pusd,PUSD,PUSD_Polyquity,pusd,pusdwci.png,24120942,"{""polygon-pos"":""0x9af3b7dc29d3c4b1a5731408b6a9656fa7ac3b72""}",18
marvin-2,MARVIN,Marvin,marvin-2,marvin-2oiQ.png,100000000,"{""solana"":""GmcjrrHrJ9v2dAYzPYVFBm2CrwLbX2ZvYzJC8Khg9E13""}",18
0x4581af35199bbde87a89941220e04e27ce4b0099_ethereum,PARTY,Maximus Pool Party,maximus-pool-party,maximus-pool-party7ds.png,55960342,"{""ethereum"":""0x4581af35199bbde87a89941220e04e27ce4b0099"",""pulsechain"":""0x4581af35199bbde87a89941220e04e27ce4b0099""}",18
xcrx,XCRX,xCRX,xcrx,xcrxgyO.png,161014073,"{""cronos"":""0x9315054f01bf8c13ee67c8498af09a1933cbf24c""}",18
option-room,ROOM,OptionRoom,option-room,option-roomf2r.png,100000000,"{""ethereum"":""0xad4f86a25bbc20ffb751f2fac312a0b4d8f88c64"",""binance_smart"":""0x3c45a24d36ab6fc1925533c1f57bc7e1b6fba8a4""}",18
0xcfc8e8a4d2246dec68115ae24abbca0d2b1e6bf2_base,$BILLY,Billy Bets by Virtuals,billy-bets-by-virtuals-2,0xcfc8e8a4d2246dec68115ae24abbca0d2b1e6bf2_baseGB1.png,1500000000,"{""base"":""0xcfc8e8a4d2246dec68115ae24abbca0d2b1e6bf2""}",18
